season,week,offense,defense,startYard,result,points,plays,firstDowns
2022,1,NYJ,BAL,78,Punt,0,4,1
2022,1,BAL,NYJ,72,Punt,0,6,1
2022,1,NYJ,BAL,89,Punt,0,5,1
2022,1,BAL,NYJ,66,Punt,0,3,0
2022,1,NYJ,BAL,83,Turnover,0,3,1
2022,1,BAL,NYJ,13,Field goal,3,4,0
2022,1,NYJ,BAL,75,Punt,0,3,0
2022,1,BAL,NYJ,84,Punt,0,4,1
2022,1,NYJ,BAL,71,Missed field goal,0,8,3
2022,1,BAL,NYJ,65,Punt,0,5,1
2022,1,NYJ,BAL,89,Punt,0,6,2
2022,1,BAL,NYJ,62,Touchdown,7,3,2
2022,1,NYJ,BAL,75,Field goal,3,8,2
2022,1,BAL,NYJ,75,End of half,0,1,0
2022,1,BAL,NYJ,75,Punt,0,6,1
2022,1,NYJ,BAL,80,Punt,0,3,0
2022,1,BAL,NYJ,44,Touchdown,7,6,3
2022,1,NYJ,BAL,75,Punt,0,5,1
2022,1,BAL,NYJ,88,Touchdown,7,5,3
2022,1,NYJ,BAL,91,Turnover,0,9,5
2022,1,BAL,NYJ,85,Punt,0,6,1
2022,1,NYJ,BAL,68,Turnover on downs,0,16,4
2022,1,BAL,NYJ,93,Turnover,0,3,0
2022,1,NYJ,BAL,43,Touchdown,7,11,4
2022,1,BAL,NYJ,42,End of half,0,2,0
2022,1,BUF,LA,75,Touchdown,7,9,4
2022,1,LA,BUF,83,Punt,0,8,2
2022,1,BUF,LA,91,Turnover,0,8,4
2022,1,LA,BUF,76,Punt,0,3,0
2022,1,BUF,LA,68,Turnover,0,2,0
2022,1,LA,BUF,36,Turnover,0,2,0
2022,1,BUF,LA,68,Field goal,3,8,2
2022,1,LA,BUF,60,Touchdown,7,11,5
2022,1,BUF,LA,75,Turnover,0,4,1
2022,1,LA,BUF,45,Field goal,3,8,2
2022,1,LA,BUF,89,Punt,0,3,0
2022,1,BUF,LA,58,Touchdown,7,8,5
2022,1,LA,BUF,75,Punt,0,6,2
2022,1,BUF,LA,89,Touchdown,7,13,5
2022,1,LA,BUF,78,Turnover,0,5,2
2022,1,BUF,LA,59,Touchdown,7,3,1
2022,1,LA,BUF,76,Turnover,0,7,2
2022,1,BUF,LA,37,Turnover,0,3,1
2022,1,LA,BUF,82,Turnover on downs,0,14,4
2022,1,BUF,LA,84,End of half,0,1,0
2022,1,CAR,CLE,78,Punt,0,3,0
2022,1,CLE,CAR,65,Turnover on downs,0,8,2
2022,1,CAR,CLE,64,Punt,0,3,0
2022,1,CLE,CAR,65,Punt,0,8,2
2022,1,CAR,CLE,95,Punt,0,5,1
2022,1,CLE,CAR,56,Punt,0,3,0
2022,1,CAR,CLE,92,Turnover,0,5,1
2022,1,CLE,CAR,42,Touchdown,7,3,2
2022,1,CAR,CLE,75,Punt,0,3,0
2022,1,CLE,CAR,78,Touchdown,7,8,3
2022,1,CAR,CLE,75,Touchdown,7,6,3
2022,1,CLE,CAR,60,Field goal,3,9,3
2022,1,CAR,CLE,75,End of half,0,2,0
2022,1,CLE,CAR,74,Field goal,3,13,4
2022,1,CAR,CLE,82,Punt,0,4,1
2022,1,CLE,CAR,67,Punt,0,3,0
2022,1,CAR,CLE,75,Touchdown,7,11,5
2022,1,CLE,CAR,75,Field goal,3,10,3
2022,1,CAR,CLE,75,Touchdown,7,1,1
2022,1,CLE,CAR,75,Punt,0,7,2
2022,1,CAR,CLE,80,Field goal,3,7,3
2022,1,CLE,CAR,75,Field goal,3,6,2
2022,1,CAR,CLE,75,End of half,0,1,0
2022,1,SEA,DEN,70,Touchdown,7,6,2
2022,1,DEN,SEA,89,Field goal,3,9,3
2022,1,SEA,DEN,79,Turnover on downs,0,7,4
2022,1,DEN,SEA,93,Punt,0,7,3
2022,1,SEA,DEN,81,Field goal,3,9,4
2022,1,DEN,SEA,75,Touchdown,7,3,1
2022,1,SEA,DEN,75,Touchdown,7,7,4
2022,1,DEN,SEA,79,Field goal,3,9,3
2022,1,DEN,SEA,80,Turnover,0,10,3
2022,1,SEA,DEN,90,Turnover,0,6,3
2022,1,DEN,SEA,32,Turnover,0,5,1
2022,1,SEA,DEN,80,Punt,0,9,2
2022,1,DEN,SEA,80,Field goal,3,15,4
2022,1,SEA,DEN,70,Punt,0,3,0
2022,1,DEN,SEA,78,Missed field goal,0,10,2
2022,1,SEA,DEN,46,End of half,0,3,0
2022,1,MIN,GB,78,Touchdown,7,10,4
2022,1,GB,MIN,75,Punt,0,5,1
2022,1,MIN,GB,85,Punt,0,3,0
2022,1,GB,MIN,54,Punt,0,6,1
2022,1,MIN,GB,85,Punt,0,5,1
2022,1,GB,MIN,80,Turnover on downs,0,10,4
2022,1,MIN,GB,99,Field goal,3,8,3
2022,1,GB,MIN,75,Punt,0,3,0
2022,1,MIN,GB,74,Touchdown,7,7,4
2022,1,GB,MIN,75,Turnover,0,1,0
2022,1,MIN,GB,70,Punt,0,3,0
2022,1,GB,MIN,84,End of half,0,1,0
2022,1,GB,MIN,82,Turnover,0,5,2
2022,1,MIN,GB,33,Field goal,3,4,0
2022,1,GB,MIN,75,Touchdown,7,7,4
2022,1,MIN,GB,75,Punt,0,5,1
2022,1,GB,MIN,83,Punt,0,7,2
2022,1,MIN,GB,84,Field goal,3,12,4
2022,1,GB,MIN,75,Turnover on downs,0,11,3
2022,1,MIN,GB,82,Punt,0,7,2
2022,1,GB,MIN,92,End of half,0,5,4
2022,1,IND,HOU,75,Punt,0,3,0
2022,1,HOU,IND,78,Punt,0,3,0
2022,1,IND,HOU,74,Field goal,3,12,3
2022,1,HOU,IND,75,Punt,0,3,0
2022,1,IND,HOU,70,Turnover on downs,0,10,4
2022,1,HOU,IND,96,Field goal,3,14,5
2022,1,IND,HOU,75,Turnover,0,6,2
2022,1,HOU,IND,58,Touchdown,7,4,3
2022,1,IND,HOU,75,Punt,0,8,2
2022,1,HOU,IND,86,End of half,0,6,2
2022,1,HOU,IND,75,Field goal,3,5,1
2022,1,IND,HOU,75,Turnover,0,7,3
2022,1,HOU,IND,58,Touchdown,7,4,3
2022,1,IND,HOU,75,Punt,0,3,0
2022,1,HOU,IND,99,Punt,0,12,4
2022,1,IND,HOU,85,Field goal,3,11,5
2022,1,HOU,IND,75,Turnover,0,2,0
2022,1,IND,HOU,20,Touchdown,7,4,2
2022,1,HOU,IND,75,Punt,0,5,1
2022,1,IND,HOU,80,Touchdown,7,7,5
2022,1,HOU,IND,60,Punt,0,3,0
2022,1,IND,HOU,91,Punt,0,7,2
2022,1,HOU,IND,81,End of half,0,1,0
2022,1,HOU,IND,60,Punt,0,3,0
2022,1,IND,HOU,69,Missed field goal,0,13,4
2022,1,HOU,IND,68,Punt,0,5,1
2022,1,IND,HOU,94,End of half,0,2,1
2022,1,JAX,WAS,75,Field goal,3,7,4
2022,1,WAS,JAX,74,Touchdown,7,8,4
2022,1,JAX,WAS,75,Punt,0,6,1
2022,1,WAS,JAX,71,Touchdown,7,14,6
2022,1,JAX,WAS,75,Punt,0,3,0
2022,1,WAS,JAX,72,Punt,0,3,0
2022,1,JAX,WAS,71,Turnover on downs,0,8,4
2022,1,WAS,JAX,97,Turnover,0,8,3
2022,1,JAX,WAS,66,Missed field goal,0,10,3
2022,1,WAS,JAX,73,End of half,0,1,0
2022,1,WAS,JAX,75,Punt,0,5,1
2022,1,JAX,WAS,80,Touchdown,7,6,4
2022,1,WAS,JAX,75,Punt,0,5,1
2022,1,JAX,WAS,80,Field goal,3,11,4
2022,1,WAS,JAX,75,Turnover,0,4,1
2022,1,JAX,WAS,45,Field goal,3,6,1
2022,1,WAS,JAX,75,Turnover,0,1,0
2022,1,JAX,WAS,11,Touchdown,7,1,1
2022,1,WAS,JAX,78,Touchdown,7,4,2
2022,1,JAX,WAS,75,Punt,0,4,1
2022,1,WAS,JAX,90,Touchdown,7,13,7
2022,1,JAX,WAS,75,Turnover,0,4,1
2022,1,WAS,JAX,74,End of half,0,4,1
2022,1,KC,ARI,75,Touchdown,7,11,5
2022,1,ARI,KC,75,Punt,0,3,0
2022,1,KC,ARI,86,Touchdown,7,7,6
2022,1,ARI,KC,75,Touchdown,7,11,6
2022,1,KC,ARI,75,Touchdown,7,11,5
2022,1,ARI,KC,75,Punt,0,3,0
2022,1,KC,ARI,75,Punt,0,5,1
2022,1,ARI,KC,80,Punt,0,5,1
2022,1,KC,ARI,80,Turnover,0,1,0
2022,1,ARI,KC,42,Turnover on downs,0,4,0
2022,1,KC,ARI,66,Field goal,3,6,2
2022,1,ARI,KC,75,End of half,0,1,0
2022,1,ARI,KC,74,Punt,0,5,1
2022,1,KC,ARI,75,Touchdown,7,4,4
2022,1,ARI,KC,75,Punt,0,3,0
2022,1,KC,ARI,66,Touchdown,7,8,4
2022,1,ARI,KC,75,Touchdown,7,14,5
2022,1,KC,ARI,66,Touchdown,7,9,5
2022,1,ARI,KC,48,Touchdown,7,6,3
2022,1,KC,ARI,90,Punt,0,5,1
2022,1,ARI,KC,79,End of half,0,8,2
2022,1,LAC,LV,75,Field goal,3,12,3
2022,1,LV,LAC,75,Field goal,3,14,4
2022,1,LAC,LV,60,Punt,0,3,0
2022,1,LV,LAC,98,Punt,0,3,0
2022,1,LAC,LV,67,Touchdown,7,9,4
2022,1,LV,LAC,75,Punt,0,5,1
2022,1,LAC,LV,91,Turnover on downs,0,9,3
2022,1,LV,LAC,72,Turnover,0,2,0
2022,1,LAC,LV,31,Touchdown,7,2,1
2022,1,LV,LAC,75,End of half,0,1,0
2022,1,LV,LAC,75,Touchdown,7,5,3
2022,1,LAC,LV,73,Touchdown,7,11,5
2022,1,LV,LAC,75,Field goal,3,11,3
2022,1,LAC,LV,75,Punt,0,3,0
2022,1,LV,LAC,77,Turnover,0,3,2
2022,1,LAC,LV,98,Punt,0,3,0
2022,1,LV,LAC,60,Turnover,0,2,0
2022,1,LAC,LV,49,Missed field goal,0,7,1
2022,1,LV,LAC,61,Touchdown,7,7,4
2022,1,LAC,LV,75,Punt,0,3,0
2022,1,LV,LAC,79,Turnover on downs,0,5,1
2022,1,LAC,LV,28,End of half,0,5,1
2022,1,NE,MIA,75,Turnover,0,8,4
2022,1,MIA,NE,72,Field goal,3,11,3
2022,1,NE,MIA,75,Punt,0,8,2
2022,1,MIA,NE,94,Punt,0,10,3
2022,1,NE,MIA,85,Opp touchdown,0,2,0
2022,1,NE,MIA,74,Punt,0,6,1
2022,1,MIA,NE,92,Touchdown,7,10,4
2022,1,NE,MIA,75,End of half,0,1,0
2022,1,MIA,NE,74,Punt,0,3,0
2022,1,NE,MIA,92,Touchdown,7,15,7
2022,1,MIA,NE,81,Field goal,3,8,3
2022,1,NE,MIA,75,Punt,0,5,1
2022,1,MIA,NE,90,Punt,0,3,0
2022,1,NE,MIA,57,Turnover on downs,0,4,0
2022,1,NE,MIA,95,Turnover,0,5,2
2022,1,MIA,NE,63,End of half,0,10,4
2022,1,ATL,NO,75,Field goal,3,10,3
2022,1,NO,ATL,75,Punt,0,3,0
2022,1,ATL,NO,79,Punt,0,3,0
2022,1,NO,ATL,77,Touchdown,7,5,2
2022,1,ATL,NO,75,Turnover,0,1,0
2022,1,NO,ATL,43,Missed field goal,0,7,1
2022,1,ATL,NO,66,Touchdown,7,9,6
2022,1,NO,ATL,75,Punt,0,3,0
2022,1,ATL,NO,79,Punt,0,5,1
2022,1,NO,ATL,78,Punt,0,4,1
2022,1,ATL,NO,82,Field goal,3,7,2
2022,1,NO,ATL,75,Punt,0,3,0
2022,1,ATL,NO,61,Field goal,3,4,1
2022,1,NO,ATL,75,Field goal,3,11,3
2022,1,ATL,NO,75,Touchdown,7,5,4
2022,1,NO,ATL,75,Turnover,0,4,1
2022,1,ATL,NO,36,Turnover,0,5,1
2022,1,NO,ATL,95,Punt,0,3,0
2022,1,NO,ATL,75,Touchdown,7,4,4
2022,1,ATL,NO,75,Punt,0,6,1
2022,1,NO,ATL,86,Touchdown,7,8,5
2022,1,ATL,NO,75,Punt,0,7,2
2022,1,NO,ATL,80,Field goal,3,5,1
2022,1,ATL,NO,75,Missed field goal,0,5,2
2022,1,NYG,TEN,78,Punt,0,3,0
2022,1,TEN,NYG,45,Touchdown,7,5,3
2022,1,NYG,TEN,75,Punt,0,6,1
2022,1,TEN,NYG,82,Punt,0,3,0
2022,1,NYG,TEN,60,Punt,0,3,0
2022,1,TEN,NYG,93,Field goal,3,10,3
2022,1,NYG,TEN,75,Turnover,0,6,2
2022,1,TEN,NYG,42,Field goal,3,7,2
2022,1,NYG,TEN,83,Punt,0,5,1
2022,1,TEN,NYG,82,Punt,0,7,2
2022,1,NYG,TEN,91,End of half,0,4,3
2022,1,TEN,NYG,76,Punt,0,3,0
2022,1,NYG,TEN,90,Touchdown,7,4,4
2022,1,TEN,NYG,90,Punt,0,3,0
2022,1,NYG,TEN,64,Touchdown,7,2,1
2022,1,TEN,NYG,75,Touchdown,7,9,5
2022,1,NYG,TEN,75,Punt,0,3,0
2022,1,TEN,NYG,86,Punt,0,3,0
2022,1,NYG,TEN,85,Punt,0,7,2
2022,1,NYG,TEN,11,Turnover,0,3,0
2022,1,TEN,NYG,80,Punt,0,5,1
2022,1,NYG,TEN,73,Touchdown,7,12,5
2022,1,TEN,NYG,70,Missed field goal,0,8,3
2022,1,DET,PHI,75,Touchdown,7,9,4
2022,1,PHI,DET,75,Turnover on downs,0,9,2
2022,1,DET,PHI,59,Punt,0,3,0
2022,1,PHI,DET,82,Touchdown,7,13,5
2022,1,DET,PHI,75,Punt,0,3,0
2022,1,PHI,DET,71,Punt,0,4,1
2022,1,DET,PHI,78,Punt,0,3,0
2022,1,PHI,DET,66,Touchdown,7,8,4
2022,1,DET,PHI,75,Opp touchdown,0,2,0
2022,1,DET,PHI,75,Touchdown,7,10,4
2022,1,PHI,DET,78,Field goal,3,9,2
2022,1,DET,PHI,75,End of half,0,1,0
2022,1,PHI,DET,82,Touchdown,7,10,6
2022,1,DET,PHI,75,Touchdown,7,14,5
2022,1,PHI,DET,49,Touchdown,7,5,4
2022,1,DET,PHI,75,Touchdown,7,6,5
2022,1,PHI,DET,75,Punt,0,4,1
2022,1,DET,PHI,80,Punt,0,4,1
2022,1,PHI,DET,83,Punt,0,3,0
2022,1,DET,PHI,72,Touchdown,7,11,4
2022,1,PHI,DET,81,End of half,0,8,2
2022,1,PIT,CIN,75,Punt,0,3,0
2022,1,CIN,PIT,78,Opp touchdown,0,2,0
2022,1,CIN,PIT,75,Field goal,3,10,3
2022,1,PIT,CIN,75,Punt,0,3,0
2022,1,CIN,PIT,65,Turnover,0,3,1
2022,1,PIT,CIN,34,Field goal,3,5,1
2022,1,CIN,PIT,75,Turnover,0,9,3
2022,1,PIT,CIN,59,Touchdown,7,7,4
2022,1,CIN,PIT,75,Turnover,0,6,2
2022,1,PIT,CIN,92,Punt,0,3,0
2022,1,CIN,PIT,65,Field goal,3,9,2
2022,1,PIT,CIN,75,End of half,0,1,0
2022,1,CIN,PIT,75,Punt,0,3,0
2022,1,PIT,CIN,91,Punt,0,6,1
2022,1,CIN,PIT,46,Touchdown,7,9,4
2022,1,PIT,CIN,75,Punt,0,6,1
2022,1,CIN,PIT,91,Punt,0,3,0
2022,1,PIT,CIN,45,Field goal,3,7,1
2022,1,CIN,PIT,75,Turnover,0,8,2
2022,1,PIT,CIN,77,Punt,0,4,1
2022,1,CIN,PIT,70,Turnover on downs,0,12,5
2022,1,PIT,CIN,83,Punt,0,3,0
2022,1,CIN,PIT,60,Touchdown,7,9,5
2022,1,PIT,CIN,75,Punt,0,3,0
2022,1,CIN,PIT,75,Missed field goal,0,9,4
2022,1,PIT,CIN,80,Missed field goal,0,6,2
2022,1,CIN,PIT,55,Punt,0,5,1
2022,1,PIT,CIN,80,Field goal,3,8,2
2022,1,CHI,SF,77,Punt,0,3,0
2022,1,SF,CHI,57,Turnover,0,5,2
2022,1,CHI,SF,88,Turnover,0,6,1
2022,1,SF,CHI,48,Punt,0,4,1
2022,1,CHI,SF,92,Punt,0,5,1
2022,1,SF,CHI,64,Punt,0,3,0
2022,1,CHI,SF,94,Punt,0,3,0
2022,1,SF,CHI,52,Touchdown,7,7,4
2022,1,CHI,SF,75,Punt,0,3,0
2022,1,SF,CHI,76,Punt,0,6,1
2022,1,CHI,SF,76,Punt,0,10,3
2022,1,SF,CHI,91,End of half,0,4,1
2022,1,SF,CHI,75,Field goal,3,11,3
2022,1,CHI,SF,72,Touchdown,7,5,2
2022,1,SF,CHI,80,Punt,0,6,1
2022,1,CHI,SF,84,Touchdown,7,10,5
2022,1,SF,CHI,75,Turnover,0,6,1
2022,1,CHI,SF,21,Touchdown,7,5,3
2022,1,SF,CHI,90,Turnover on downs,0,12,3
2022,1,CHI,SF,45,Punt,0,3,0
2022,1,SF,CHI,80,Turnover on downs,0,4,0
2022,1,CHI,SF,20,End of half,0,3,0
2022,1,DAL,TB,86,Field goal,3,14,4
2022,1,TB,DAL,75,Field goal,3,7,2
2022,1,DAL,TB,75,Punt,0,3,0
2022,1,TB,DAL,69,Field goal,3,7,2
2022,1,DAL,TB,90,Punt,0,3,0
2022,1,TB,DAL,61,Missed field goal,0,12,3
2022,1,DAL,TB,74,Turnover,0,3,0
2022,1,TB,DAL,23,Field goal,3,5,1
2022,1,DAL,TB,76,Punt,0,5,1
2022,1,TB,DAL,90,Field goal,3,8,2
2022,1,DAL,TB,85,End of half,0,1,0
2022,1,TB,DAL,75,Punt,0,4,1
2022,1,DAL,TB,80,Punt,0,5,1
2022,1,TB,DAL,79,Touchdown,7,9,5
2022,1,DAL,TB,75,Turnover on downs,0,9,2
2022,1,TB,DAL,59,Turnover,0,3,0
2022,1,DAL,TB,52,Punt,0,3,0
2022,1,TB,DAL,87,Punt,0,7,2
2022,1,DAL,TB,86,Turnover on downs,0,11,3
2022,1,TB,DAL,58,Punt,0,3,0
2022,1,DAL,TB,81,Turnover on downs,0,8,1
2022,2,LV,ARI,75,Touchdown,7,15,6
2022,2,ARI,LV,75,Punt,0,6,1
2022,2,LV,ARI,80,Field goal,3,9,3
2022,2,ARI,LV,75,Punt,0,5,1
2022,2,LV,ARI,59,Touchdown,7,7,4
2022,2,ARI,LV,90,Turnover,0,8,3
2022,2,LV,ARI,73,Field goal,3,9,2
2022,2,ARI,LV,75,Punt,0,4,1
2022,2,LV,ARI,92,Punt,0,3,0
2022,2,ARI,LV,79,Touchdown,7,11,5
2022,2,LV,ARI,75,Field goal,3,8,3
2022,2,ARI,LV,75,Turnover on downs,0,9,3
2022,2,LV,ARI,89,Punt,0,3,0
2022,2,ARI,LV,54,Touchdown,7,9,4
2022,2,LV,ARI,75,Punt,0,5,1
2022,2,ARI,LV,73,Touchdown,7,18,8
2022,2,ARI,LV,75,Turnover on downs,0,8,2
2022,2,LV,ARI,63,Opp touchdown,0,5,1
2022,2,ATL,LA,75,Missed field goal,0,13,4
2022,2,LA,ATL,66,Touchdown,7,9,5
2022,2,ATL,LA,75,Turnover on downs,0,6,1
2022,2,ATL,LA,75,Field goal,3,11,3
2022,2,LA,ATL,75,Turnover,0,6,3
2022,2,ATL,LA,80,Turnover,0,3,1
2022,2,LA,ATL,9,Touchdown,7,3,2
2022,2,ATL,LA,75,End of half,0,3,1
2022,2,LA,ATL,75,Touchdown,7,10,5
2022,2,ATL,LA,75,Punt,0,3,0
2022,2,LA,ATL,70,Turnover,0,2,0
2022,2,ATL,LA,20,Touchdown,7,5,2
2022,2,LA,ATL,79,Field goal,3,13,4
2022,2,ATL,LA,72,Touchdown,7,8,4
2022,2,LA,ATL,75,Opp touchdown,0,6,1
2022,2,LA,ATL,75,Turnover,0,3,0
2022,2,ATL,LA,37,Turnover,0,5,1
2022,2,LA,ATL,77,Safety,0,4,0
2022,2,NYG,CAR,22,Field goal,3,4,0
2022,2,CAR,NYG,75,Turnover,0,5,1
2022,2,NYG,CAR,40,Field goal,3,13,3
2022,2,CAR,NYG,71,Field goal,3,13,4
2022,2,NYG,CAR,75,Punt,0,5,1
2022,2,CAR,NYG,80,Punt,0,6,1
2022,2,NYG,CAR,89,Punt,0,3,0
2022,2,CAR,NYG,48,Field goal,3,10,3
2022,2,NYG,CAR,75,End of half,0,3,0
2022,2,NYG,CAR,75,Punt,0,3,0
2022,2,CAR,NYG,67,Touchdown,7,3,4
2022,2,NYG,CAR,75,Touchdown,7,8,5
2022,2,CAR,NYG,61,Punt,0,5,1
2022,2,NYG,CAR,85,Punt,0,5,1
2022,2,CAR,NYG,65,Punt,0,3,0
2022,2,NYG,CAR,90,Punt,0,3,0
2022,2,CAR,NYG,59,Punt,0,3,0
2022,2,NYG,CAR,91,Field goal,3,9,3
2022,2,CAR,NYG,75,Field goal,3,5,2
2022,2,NYG,CAR,75,Field goal,3,11,3
2022,2,CAR,NYG,75,Punt,0,4,2
2022,2,NYG,CAR,75,End of half,0,7,2
2022,2,GB,CHI,75,Field goal,3,13,4
2022,2,CHI,GB,71,Touchdown,7,7,4
2022,2,GB,CHI,75,Touchdown,7,9,5
2022,2,CHI,GB,80,Punt,0,3,0
2022,2,GB,CHI,61,Punt,0,3,0
2022,2,CHI,GB,80,Punt,0,3,0
2022,2,GB,CHI,54,Touchdown,7,9,4
2022,2,CHI,GB,85,Punt,0,3,0
2022,2,GB,CHI,67,Touchdown,7,7,4
2022,2,CHI,GB,75,End of half,0,1,0
2022,2,CHI,GB,78,Punt,0,3,0
2022,2,GB,CHI,86,Turnover,0,6,3
2022,2,CHI,GB,69,Field goal,3,7,2
2022,2,GB,CHI,76,Punt,0,7,2
2022,2,CHI,GB,90,Turnover on downs,0,13,5
2022,2,GB,CHI,99,Field goal,3,10,3
2022,2,CHI,GB,81,Turnover,0,2,0
2022,2,GB,CHI,39,End of half,0,4,1
2022,2,DAL,CIN,75,Touchdown,7,12,5
2022,2,CIN,DAL,75,Field goal,3,9,3
2022,2,DAL,CIN,75,Touchdown,7,6,3
2022,2,CIN,DAL,75,Punt,0,3,0
2022,2,DAL,CIN,75,Punt,0,6,1
2022,2,CIN,DAL,85,Punt,0,9,3
2022,2,DAL,CIN,89,Punt,0,7,2
2022,2,CIN,DAL,87,Punt,0,5,1
2022,2,DAL,CIN,49,Field goal,3,6,1
2022,2,CIN,DAL,75,End of half,0,1,0
2022,2,CIN,DAL,75,Field goal,3,11,3
2022,2,DAL,CIN,75,Punt,0,3,0
2022,2,CIN,DAL,59,Field goal,3,7,2
2022,2,DAL,CIN,75,Turnover,0,7,3
2022,2,CIN,DAL,74,Punt,0,3,0
2022,2,DAL,CIN,74,Punt,0,4,1
2022,2,CIN,DAL,83,Touchdown,7,19,7
2022,2,DAL,CIN,75,Punt,0,4,1
2022,2,CIN,DAL,92,Punt,0,3,0
2022,2,DAL,CIN,65,Field goal,3,6,2
2022,2,HOU,DEN,75,Punt,0,3,0
2022,2,DEN,HOU,92,Punt,0,6,2
2022,2,HOU,DEN,80,Punt,0,6,1
2022,2,DEN,HOU,65,Field goal,3,8,3
2022,2,HOU,DEN,76,Field goal,3,10,3
2022,2,DEN,HOU,75,Punt,0,8,2
2022,2,HOU,DEN,80,Field goal,3,10,3
2022,2,DEN,HOU,82,Punt,0,5,1
2022,2,HOU,DEN,67,Punt,0,3,0
2022,2,DEN,HOU,76,Field goal,3,9,3
2022,2,HOU,DEN,75,End of half,0,1,0
2022,2,DEN,HOU,75,Turnover,0,2,0
2022,2,HOU,DEN,45,Field goal,3,11,4
2022,2,DEN,HOU,75,Punt,0,8,2
2022,2,HOU,DEN,91,Punt,0,3,0
2022,2,DEN,HOU,62,Touchdown,7,6,3
2022,2,HOU,DEN,75,Punt,0,5,2
2022,2,DEN,HOU,86,Field goal,3,12,4
2022,2,HOU,DEN,75,Turnover on downs,0,6,2
2022,2,DEN,HOU,62,Punt,0,3,0
2022,2,HOU,DEN,75,Turnover on downs,0,4,0
2022,2,DEN,HOU,24,End of half,0,1,0
2022,2,IND,JAX,75,Turnover,0,7,2
2022,2,JAX,IND,68,Touchdown,7,15,5
2022,2,IND,JAX,62,Punt,0,3,0
2022,2,JAX,IND,84,Punt,0,3,0
2022,2,IND,JAX,56,Punt,0,3,0
2022,2,JAX,IND,79,Touchdown,7,6,4
2022,2,IND,JAX,78,Punt,0,3,0
2022,2,JAX,IND,75,Field goal,3,10,3
2022,2,IND,JAX,75,Punt,0,5,1
2022,2,JAX,IND,83,End of half,0,1,0
2022,2,JAX,IND,75,Punt,0,8,2
2022,2,IND,JAX,80,Punt,0,5,1
2022,2,JAX,IND,92,Touchdown,7,12,7
2022,2,IND,JAX,77,Turnover on downs,0,10,3
2022,2,JAX,IND,87,Punt,0,3,0
2022,2,IND,JAX,67,Turnover on downs,0,7,2
2022,2,JAX,IND,91,Punt,0,3,0
2022,2,IND,JAX,42,Turnover,0,2,0
2022,2,JAX,IND,54,Punt,0,3,0
2022,2,IND,JAX,87,Turnover,0,1,0
2022,2,JAX,IND,34,Turnover on downs,0,4,0
2022,2,IND,JAX,75,End of half,0,2,0
2022,2,KC,LAC,75,Punt,0,7,2
2022,2,LAC,KC,80,Field goal,3,11,3
2022,2,KC,LAC,75,Punt,0,3,0
2022,2,LAC,KC,58,Touchdown,7,8,3
2022,2,KC,LAC,75,Touchdown,7,7,4
2022,2,LAC,KC,67,Punt,0,6,1
2022,2,KC,LAC,92,Punt,0,5,1
2022,2,LAC,KC,77,Punt,0,6,2
2022,2,KC,LAC,87,Punt,0,3,0
2022,2,LAC,KC,91,End of half,0,1,0
2022,2,LAC,KC,75,Touchdown,7,11,5
2022,2,KC,LAC,75,Touchdown,7,7,3
2022,2,LAC,KC,75,Punt,0,3,0
2022,2,KC,LAC,71,Punt,0,3,0
2022,2,LAC,KC,91,Punt,0,3,0
2022,2,KC,LAC,36,Field goal,3,9,2
2022,2,LAC,KC,60,Opp touchdown,0,8,3
2022,2,LAC,KC,75,Punt,0,3,0
2022,2,KC,LAC,85,Punt,0,5,1
2022,2,LAC,KC,86,Punt,0,6,1
2022,2,KC,LAC,85,Field goal,3,5,2
2022,2,LAC,KC,73,Touchdown,7,9,3
2022,2,KC,LAC,44,End of half,0,2,0
2022,2,MIA,BAL,75,Turnover,0,8,3
2022,2,BAL,MIA,80,Turnover on downs,0,18,6
2022,2,MIA,BAL,94,Touchdown,7,6,4
2022,2,BAL,MIA,75,Touchdown,7,1,1
2022,2,MIA,BAL,75,Punt,0,7,1
2022,2,BAL,MIA,66,Touchdown,7,6,5
2022,2,MIA,BAL,75,Turnover,0,8,2
2022,2,BAL,MIA,80,Touchdown,7,6,4
2022,2,MIA,BAL,75,End of half,0,1,0
2022,2,MIA,BAL,75,Touchdown,7,12,6
2022,2,BAL,MIA,75,Punt,0,3,0
2022,2,MIA,BAL,71,Punt,0,6,1
2022,2,BAL,MIA,87,Touchdown,7,3,1
2022,2,MIA,BAL,75,Touchdown,7,7,4
2022,2,BAL,MIA,75,Turnover on downs,0,5,1
2022,2,MIA,BAL,59,Touchdown,7,5,2
2022,2,BAL,MIA,75,Punt,0,3,1
2022,2,MIA,BAL,64,Touchdown,7,3,1
2022,2,BAL,MIA,75,Field goal,3,6,3
2022,2,MIA,BAL,68,Touchdown,7,6,3
2022,2,BAL,MIA,75,End of half,0,4,1
2022,2,PHI,MIN,82,Touchdown,7,11,6
2022,2,MIN,PHI,75,Punt,0,3,0
2022,2,PHI,MIN,77,Punt,0,3,0
2022,2,MIN,PHI,61,Punt,0,3,0
2022,2,PHI,MIN,82,Touchdown,7,7,3
2022,2,MIN,PHI,75,Touchdown,7,9,5
2022,2,PHI,MIN,84,Punt,0,6,1
2022,2,MIN,PHI,74,Punt,0,3,0
2022,2,PHI,MIN,85,Touchdown,7,7,4
2022,2,MIN,PHI,78,Punt,0,3,1
2022,2,PHI,MIN,95,Field goal,3,8,4
2022,2,MIN,PHI,79,Turnover,0,9,5
2022,2,PHI,MIN,81,Missed field goal,0,11,3
2022,2,MIN,PHI,30,Turnover,0,3,0
2022,2,PHI,MIN,85,Punt,0,8,2
2022,2,MIN,PHI,90,Punt,0,11,3
2022,2,PHI,MIN,75,Turnover,0,2,0
2022,2,MIN,PHI,9,Turnover,0,3,0
2022,2,PHI,MIN,80,Punt,0,7,2
2022,2,MIN,PHI,89,End of half,0,12,6
2022,2,PIT,NE,75,Punt,0,3,0
2022,2,NE,PIT,80,Field goal,3,13,4
2022,2,PIT,NE,75,Turnover,0,9,3
2022,2,NE,PIT,61,Turnover,0,3,0
2022,2,PIT,NE,66,Field goal,3,16,4
2022,2,NE,PIT,66,Punt,0,3,0
2022,2,PIT,NE,80,Punt,0,6,1
2022,2,NE,PIT,74,Touchdown,7,8,3
2022,2,PIT,NE,75,End of half,0,4,1
2022,2,NE,PIT,75,Missed field goal,0,11,3
2022,2,PIT,NE,58,Field goal,3,7,2
2022,2,NE,PIT,83,Punt,0,4,1
2022,2,NE,PIT,10,Touchdown,7,3,1
2022,2,PIT,NE,75,Touchdown,7,9,5
2022,2,NE,PIT,72,Punt,0,7,2
2022,2,PIT,NE,89,Punt,0,3,0
2022,2,PIT,NE,80,Punt,0,3,0
2022,2,NE,PIT,70,End of half,0,13,4
2022,2,NYJ,CLE,69,Punt,0,3,0
2022,2,CLE,NYJ,90,Touchdown,7,14,6
2022,2,NYJ,CLE,75,Touchdown,7,13,4
2022,2,CLE,NYJ,61,Touchdown,7,10,4
2022,2,NYJ,CLE,70,Turnover,0,8,3
2022,2,CLE,NYJ,79,Punt,0,3,0
2022,2,NYJ,CLE,54,Touchdown,7,8,3
2022,2,CLE,NYJ,75,End of half,0,1,0
2022,2,CLE,NYJ,80,Field goal,3,11,5
2022,2,NYJ,CLE,75,Punt,0,9,2
2022,2,CLE,NYJ,95,Punt,0,4,1
2022,2,NYJ,CLE,90,Field goal,3,9,3
2022,2,CLE,NYJ,75,Touchdown,7,9,6
2022,2,NYJ,CLE,68,Punt,0,3,0
2022,2,CLE,NYJ,69,Punt,0,6,3
2022,2,NYJ,CLE,92,Punt,0,3,0
2022,2,CLE,NYJ,42,Touchdown,7,6,3
2022,2,NYJ,CLE,75,Touchdown,7,2,1
2022,2,CLE,NYJ,47,Touchdown,7,9,4
2022,2,NYJ,CLE,53,Touchdown,7,9,4
2022,2,CLE,NYJ,75,Turnover,0,2,1
2022,2,SF,SEA,75,Field goal,3,11,4
2022,2,SEA,SF,81,Punt,0,6,1
2022,2,SF,SEA,89,Field goal,3,7,2
2022,2,SEA,SF,75,Punt,0,5,1
2022,2,SF,SEA,78,Touchdown,7,4,3
2022,2,SEA,SF,75,Turnover,0,3,1
2022,2,SEA,SF,61,Turnover,0,6,2
2022,2,SF,SEA,93,Punt,0,4,1
2022,2,SF,SEA,22,Touchdown,7,4,2
2022,2,SEA,SF,84,End of half,0,8,4
2022,2,SEA,SF,84,Punt,0,3,0
2022,2,SF,SEA,71,Opp touchdown,0,12,4
2022,2,SF,SEA,75,Punt,0,8,2
2022,2,SEA,SF,87,Punt,0,3,0
2022,2,SF,SEA,75,Punt,0,5,1
2022,2,SEA,SF,92,Punt,0,6,2
2022,2,SF,SEA,63,Touchdown,7,13,5
2022,2,SEA,SF,75,End of half,0,7,3
2022,2,NO,TB,75,Field goal,3,11,4
2022,2,TB,NO,75,Turnover,0,9,2
2022,2,NO,TB,75,Punt,0,6,1
2022,2,TB,NO,77,Turnover on downs,0,8,2
2022,2,NO,TB,91,Punt,0,3,0
2022,2,NO,TB,93,Punt,0,9,2
2022,2,TB,NO,87,Punt,0,3,0
2022,2,NO,TB,69,Punt,0,6,1
2022,2,TB,NO,86,End of half,0,1,0
2022,2,TB,NO,74,Punt,0,8,2
2022,2,NO,TB,84,Punt,0,3,0
2022,2,TB,NO,57,Field goal,3,9,2
2022,2,NO,TB,75,Turnover,0,9,4
2022,2,TB,NO,90,Punt,0,6,1
2022,2,NO,TB,55,Turnover,0,2,0
2022,2,TB,NO,80,Touchdown,7,9,4
2022,2,NO,TB,67,Turnover,0,2,0
2022,2,TB,NO,29,Field goal,3,4,0
2022,2,NO,TB,70,Opp touchdown,0,5,2
2022,2,NO,TB,75,Touchdown,7,6,4
2022,2,TB,NO,43,Punt,0,3,0
2022,2,NO,TB,90,Turnover,0,1,0
2022,2,TB,NO,66,Punt,0,3,0
2022,2,NO,TB,77,Turnover on downs,0,4,0
2022,2,TB,NO,32,End of half,0,1,0
2022,2,BUF,TEN,75,Touchdown,7,12,5
2022,2,TEN,BUF,75,Touchdown,7,9,4
2022,2,BUF,TEN,75,Turnover on downs,0,7,2
2022,2,TEN,BUF,69,Punt,0,9,2
2022,2,BUF,TEN,82,Field goal,3,6,3
2022,2,TEN,BUF,75,Punt,0,3,0
2022,2,BUF,TEN,77,Touchdown,7,8,4
2022,2,TEN,BUF,75,End of half,0,3,1
2022,2,TEN,BUF,75,Punt,0,5,1
2022,2,BUF,TEN,80,Touchdown,7,7,3
2022,2,TEN,BUF,76,Punt,0,3,0
2022,2,BUF,TEN,56,Punt,0,3,0
2022,2,BUF,TEN,20,Field goal,3,4,0
2022,2,TEN,BUF,75,Turnover,0,2,0
2022,2,BUF,TEN,51,Touchdown,7,4,3
2022,2,TEN,BUF,71,Opp touchdown,0,3,1
2022,2,TEN,BUF,75,Punt,0,6,1
2022,2,BUF,TEN,96,Punt,0,3,0
2022,2,TEN,BUF,64,Turnover,0,7,2
2022,2,BUF,TEN,64,Punt,0,3,0
2022,2,TEN,BUF,89,Punt,0,3,0
2022,2,BUF,TEN,67,End of half,0,10,3
2022,2,DET,WAS,75,Punt,0,3,0
2022,2,WAS,DET,68,Punt,0,3,0
2022,2,DET,WAS,80,Field goal,3,7,1
2022,2,WAS,DET,84,Punt,0,3,0
2022,2,DET,WAS,57,Turnover on downs,0,5,1
2022,2,WAS,DET,97,Safety,0,2,0
2022,2,DET,WAS,31,Touchdown,7,4,2
2022,2,WAS,DET,84,Punt,0,3,0
2022,2,DET,WAS,58,Field goal,3,5,1
2022,2,WAS,DET,75,Punt,0,3,0
2022,2,DET,WAS,77,Touchdown,7,9,6
2022,2,WAS,DET,73,Punt,0,6,1
2022,2,DET,WAS,82,Punt,0,3,0
2022,2,WAS,DET,80,Punt,0,6,1
2022,2,DET,WAS,80,Punt,0,3,0
2022,2,WAS,DET,54,End of half,0,1,0
2022,2,WAS,DET,64,Touchdown,7,5,2
2022,2,DET,WAS,75,Punt,0,3,0
2022,2,WAS,DET,73,Turnover,0,3,1
2022,2,DET,WAS,80,Punt,0,5,1
2022,2,WAS,DET,94,Touchdown,7,7,4
2022,2,DET,WAS,75,Touchdown,7,4,2
2022,2,WAS,DET,83,Touchdown,7,12,6
2022,2,DET,WAS,70,Touchdown,7,6,3
2022,2,WAS,DET,76,Touchdown,7,14,6
2022,2,DET,WAS,40,Turnover on downs,0,4,0
2022,2,WAS,DET,67,Turnover on downs,0,4,0
2022,2,DET,WAS,30,End of half,0,2,0
2022,3,SEA,ATL,75,Field goal,3,11,4
2022,3,ATL,SEA,75,Touchdown,7,7,6
2022,3,SEA,ATL,74,Touchdown,7,6,3
2022,3,ATL,SEA,75,Field goal,3,9,3
2022,3,SEA,ATL,67,Punt,0,3,0
2022,3,ATL,SEA,89,Touchdown,7,9,4
2022,3,SEA,ATL,75,Touchdown,7,9,4
2022,3,ATL,SEA,75,Punt,0,3,0
2022,3,SEA,ATL,80,Field goal,3,12,4
2022,3,ATL,SEA,75,Turnover,0,1,0
2022,3,ATL,SEA,75,Field goal,3,9,3
2022,3,SEA,ATL,75,Field goal,3,13,4
2022,3,ATL,SEA,75,Touchdown,7,5,3
2022,3,SEA,ATL,75,Punt,0,9,2
2022,3,ATL,SEA,90,Turnover,0,9,4
2022,3,SEA,ATL,63,Turnover,0,9,2
2022,3,ATL,SEA,82,End of half,0,4,1
2022,3,BAL,NE,75,Punt,0,3,0
2022,3,NE,BAL,89,Punt,0,4,1
2022,3,BAL,NE,69,Touchdown,7,11,5
2022,3,NE,BAL,78,Field goal,3,7,2
2022,3,BAL,NE,75,Punt,0,3,0
2022,3,NE,BAL,59,Turnover on downs,0,7,1
2022,3,BAL,NE,67,Turnover,0,3,0
2022,3,NE,BAL,32,Touchdown,7,6,3
2022,3,BAL,NE,75,Touchdown,7,9,5
2022,3,NE,BAL,75,Field goal,3,5,3
2022,3,NE,BAL,75,Touchdown,7,7,4
2022,3,BAL,NE,75,Touchdown,7,7,3
2022,3,NE,BAL,79,Punt,0,5,1
2022,3,BAL,NE,44,Touchdown,7,4,2
2022,3,NE,BAL,75,Turnover,0,2,0
2022,3,BAL,NE,43,Field goal,3,4,0
2022,3,NE,BAL,75,Touchdown,7,9,4
2022,3,BAL,NE,75,Turnover,0,1,0
2022,3,NE,BAL,39,Turnover,0,6,2
2022,3,BAL,NE,80,Punt,0,5,1
2022,3,NE,BAL,71,Turnover,0,3,0
2022,3,BAL,NE,73,Touchdown,7,7,3
2022,3,NE,BAL,75,Turnover,0,4,1
2022,3,BAL,NE,56,End of half,0,3,0
2022,3,BUF,MIA,75,Touchdown,7,10,5
2022,3,MIA,BUF,78,Punt,0,5,1
2022,3,BUF,MIA,88,Turnover,0,3,0
2022,3,MIA,BUF,6,Touchdown,7,3,1
2022,3,BUF,MIA,75,Touchdown,7,14,6
2022,3,MIA,BUF,83,Touchdown,7,9,6
2022,3,BUF,MIA,75,Punt,0,7,2
2022,3,MIA,BUF,86,Punt,0,6,2
2022,3,BUF,MIA,70,End of half,0,8,3
2022,3,MIA,BUF,75,Punt,0,4,1
2022,3,BUF,MIA,98,Field goal,3,20,6
2022,3,MIA,BUF,76,Punt,0,3,0
2022,3,BUF,MIA,80,Missed field goal,0,6,2
2022,3,MIA,BUF,72,Touchdown,7,6,4
2022,3,BUF,MIA,75,Turnover on downs,0,17,5
2022,3,MIA,BUF,98,Safety,0,3,0
2022,3,BUF,MIA,77,End of half,0,7,2
2022,3,CIN,NYJ,75,Touchdown,7,11,5
2022,3,NYJ,CIN,75,Field goal,3,9,3
2022,3,CIN,NYJ,75,Turnover,0,3,1
2022,3,NYJ,CIN,43,Field goal,3,5,1
2022,3,CIN,NYJ,75,Touchdown,7,5,2
2022,3,NYJ,CIN,85,Punt,0,8,2
2022,3,CIN,NYJ,75,Field goal,3,7,3
2022,3,NYJ,CIN,75,Turnover,0,4,1
2022,3,CIN,NYJ,25,Field goal,3,4,0
2022,3,NYJ,CIN,75,Punt,0,3,0
2022,3,CIN,NYJ,66,Punt,0,3,0
2022,3,NYJ,CIN,81,Punt,0,6,1
2022,3,CIN,NYJ,88,Punt,0,3,0
2022,3,NYJ,CIN,47,Field goal,3,6,1
2022,3,NYJ,CIN,75,Turnover,0,3,0
2022,3,CIN,NYJ,24,Touchdown,7,4,2
2022,3,NYJ,CIN,75,Turnover on downs,0,6,2
2022,3,CIN,NYJ,59,Turnover on downs,0,11,3
2022,3,NYJ,CIN,80,Field goal,3,12,3
2022,3,CIN,NYJ,75,Punt,0,3,0
2022,3,NYJ,CIN,64,Turnover,0,11,3
2022,3,CIN,NYJ,75,Missed field goal,0,13,4
2022,3,NYJ,CIN,69,Turnover,0,7,2
2022,3,CIN,NYJ,96,End of half,0,2,0
2022,3,DAL,NYG,75,Punt,0,5,2
2022,3,NYG,DAL,88,Missed field goal,0,11,3
2022,3,DAL,NYG,63,Field goal,3,10,4
2022,3,NYG,DAL,75,Field goal,3,14,4
2022,3,DAL,NYG,63,Field goal,3,5,1
2022,3,NYG,DAL,75,Punt,0,4,0
2022,3,DAL,NYG,77,Punt,0,9,2
2022,3,NYG,DAL,80,Turnover on downs,0,7,2
2022,3,DAL,NYG,53,Missed field goal,0,2,1
2022,3,NYG,DAL,75,Field goal,3,10,3
2022,3,DAL,NYG,75,Punt,0,3,0
2022,3,NYG,DAL,77,Touchdown,7,6,4
2022,3,DAL,NYG,75,Touchdown,7,9,5
2022,3,NYG,DAL,75,Punt,0,4,1
2022,3,DAL,NYG,89,Touchdown,7,11,7
2022,3,NYG,DAL,75,Punt,0,3,0
2022,3,DAL,NYG,35,Field goal,3,4,0
2022,3,NYG,DAL,75,Field goal,3,9,4
2022,3,DAL,NYG,75,Punt,0,5,1
2022,3,NYG,DAL,91,Turnover,0,3,1
2022,3,DAL,NYG,29,End of half,0,2,0
2022,3,DET,MIN,80,Missed field goal,0,7,2
2022,3,MIN,DET,62,Missed field goal,0,7,2
2022,3,DET,MIN,54,Touchdown,7,6,3
2022,3,MIN,DET,81,Punt,0,5,1
2022,3,DET,MIN,70,Touchdown,7,12,4
2022,3,MIN,DET,80,Touchdown,7,11,7
2022,3,DET,MIN,86,Turnover on downs,0,8,2
2022,3,MIN,DET,49,Touchdown,7,9,4
2022,3,DET,MIN,75,Punt,0,4,1
2022,3,MIN,DET,92,End of half,0,4,3
2022,3,MIN,DET,74,Punt,0,3,0
2022,3,DET,MIN,68,Field goal,3,10,2
2022,3,MIN,DET,77,Missed field goal,0,9,3
2022,3,DET,MIN,54,Touchdown,7,5,3
2022,3,MIN,DET,64,Turnover,0,3,1
2022,3,DET,MIN,58,Punt,0,3,0
2022,3,MIN,DET,74,Punt,0,3,0
2022,3,DET,MIN,91,Punt,0,4,1
2022,3,MIN,DET,57,Touchdown,7,6,6
2022,3,DET,MIN,78,Turnover on downs,0,10,3
2022,3,MIN,DET,70,Turnover on downs,0,5,1
2022,3,DET,MIN,47,Missed field goal,0,5,1
2022,3,MIN,DET,56,Touchdown,7,3,2
2022,3,DET,MIN,75,Turnover,0,5,1
2022,3,MIN,DET,95,End of half,0,1,0
2022,3,TB,GB,75,Field goal,3,10,3
2022,3,GB,TB,75,Touchdown,7,10,4
2022,3,TB,GB,77,Punt,0,3,0
2022,3,GB,TB,71,Touchdown,7,12,5
2022,3,TB,GB,75,Punt,0,3,0
2022,3,GB,TB,62,Turnover,0,6,2
2022,3,TB,GB,80,Turnover,0,6,4
2022,3,GB,TB,73,Punt,0,3,0
2022,3,TB,GB,87,End of half,0,1,0
2022,3,GB,TB,75,Punt,0,4,0
2022,3,TB,GB,79,Turnover,0,5,2
2022,3,TB,GB,98,Punt,0,3,0
2022,3,GB,TB,65,Turnover,0,3,0
2022,3,TB,GB,47,Field goal,3,5,1
2022,3,GB,TB,75,Punt,0,4,1
2022,3,TB,GB,89,Punt,0,5,1
2022,3,GB,TB,56,Punt,0,3,0
2022,3,TB,GB,86,Punt,0,3,0
2022,3,GB,TB,80,Punt,0,4,0
2022,3,TB,GB,75,Punt,0,4,1
2022,3,GB,TB,86,Punt,0,8,2
2022,3,TB,GB,89,Touchdown,7,13,7
2022,3,GB,TB,45,End of half,0,1,0
2022,3,CHI,HOU,75,Field goal,3,9,2
2022,3,HOU,CHI,75,Punt,0,3,0
2022,3,CHI,HOU,81,Touchdown,7,6,4
2022,3,HOU,CHI,75,Touchdown,7,7,3
2022,3,CHI,HOU,80,Turnover,0,2,0
2022,3,HOU,CHI,41,Turnover,0,4,2
2022,3,CHI,HOU,80,Punt,0,3,0
2022,3,HOU,CHI,69,Punt,0,5,1
2022,3,CHI,HOU,90,Punt,0,3,0
2022,3,HOU,CHI,41,Touchdown,7,4,3
2022,3,CHI,HOU,82,Field goal,3,12,3
2022,3,HOU,CHI,75,Punt,0,3,0
2022,3,CHI,HOU,90,End of half,0,5,1
2022,3,HOU,CHI,75,Field goal,3,7,3
2022,3,CHI,HOU,75,Touchdown,7,5,3
2022,3,HOU,CHI,75,Field goal,3,14,4
2022,3,CHI,HOU,78,Turnover,0,3,0
2022,3,HOU,CHI,39,Punt,0,3,0
2022,3,CHI,HOU,92,Punt,0,9,3
2022,3,HOU,CHI,91,Punt,0,6,1
2022,3,CHI,HOU,88,Punt,0,4,1
2022,3,HOU,CHI,83,Turnover,0,3,0
2022,3,CHI,HOU,12,Field goal,3,4,0
2022,3,JAX,LAC,75,Turnover on downs,0,6,2
2022,3,LAC,JAX,60,Punt,0,3,0
2022,3,JAX,LAC,85,Punt,0,5,1
2022,3,LAC,JAX,85,Punt,0,3,0
2022,3,JAX,LAC,67,Field goal,3,12,4
2022,3,LAC,JAX,91,Turnover,0,1,0
2022,3,JAX,LAC,5,Field goal,3,4,0
2022,3,LAC,JAX,75,Turnover,0,5,1
2022,3,JAX,LAC,28,Touchdown,7,5,2
2022,3,LAC,JAX,75,Touchdown,7,9,5
2022,3,JAX,LAC,75,Field goal,3,11,3
2022,3,LAC,JAX,75,Punt,0,4,1
2022,3,JAX,LAC,79,End of half,0,1,0
2022,3,LAC,JAX,75,Field goal,3,10,2
2022,3,JAX,LAC,75,Touchdown,7,5,2
2022,3,LAC,JAX,75,Punt,0,3,0
2022,3,JAX,LAC,60,Touchdown,7,14,6
2022,3,LAC,JAX,75,Turnover on downs,0,7,1
2022,3,JAX,LAC,68,Touchdown,7,14,5
2022,3,LAC,JAX,75,Turnover on downs,0,14,6
2022,3,JAX,LAC,89,End of half,0,1,0
2022,3,IND,KC,66,Punt,0,3,0
2022,3,IND,KC,4,Touchdown,7,3,1
2022,3,KC,IND,79,Punt,0,3,0
2022,3,IND,KC,89,Punt,0,8,2
2022,3,KC,IND,99,Punt,0,3,0
2022,3,IND,KC,58,Turnover on downs,0,4,0
2022,3,KC,IND,35,Touchdown,7,4,2
2022,3,IND,KC,71,Field goal,3,11,3
2022,3,KC,IND,85,Punt,0,10,4
2022,3,IND,KC,99,Turnover,0,3,1
2022,3,KC,IND,21,Touchdown,7,5,4
2022,3,IND,KC,70,Punt,0,5,1
2022,3,KC,IND,54,End of half,0,2,0
2022,3,KC,IND,69,Field goal,3,15,5
2022,3,IND,KC,75,Field goal,3,10,3
2022,3,KC,IND,88,Turnover on downs,0,10,3
2022,3,IND,KC,76,Turnover on downs,0,7,2
2022,3,KC,IND,69,Missed field goal,0,7,1
2022,3,IND,KC,76,Touchdown,7,16,6
2022,3,KC,IND,70,Turnover,0,3,1
2022,3,IND,KC,64,End of half,0,1,0
2022,3,ARI,LA,75,Punt,0,3,0
2022,3,LA,ARI,35,Field goal,3,8,2
2022,3,ARI,LA,75,Punt,0,3,0
2022,3,LA,ARI,58,Touchdown,7,7,4
2022,3,ARI,LA,75,Punt,0,4,1
2022,3,LA,ARI,80,Field goal,3,6,2
2022,3,ARI,LA,75,Punt,0,3,0
2022,3,LA,ARI,65,Punt,0,3,0
2022,3,ARI,LA,70,Field goal,3,19,5
2022,3,LA,ARI,75,Punt,0,3,0
2022,3,ARI,LA,72,Field goal,3,8,3
2022,3,LA,ARI,75,Punt,0,3,0
2022,3,ARI,LA,89,Field goal,3,16,4
2022,3,LA,ARI,75,Touchdown,7,8,4
2022,3,ARI,LA,75,Turnover on downs,0,12,4
2022,3,LA,ARI,74,Turnover,0,8,3
2022,3,ARI,LA,97,Field goal,3,17,6
2022,3,LA,ARI,47,End of half,0,2,0
2022,3,TEN,LV,75,Touchdown,7,12,5
2022,3,LV,TEN,75,Field goal,3,9,3
2022,3,TEN,LV,75,Touchdown,7,6,4
2022,3,LV,TEN,75,Touchdown,7,7,5
2022,3,TEN,LV,79,Touchdown,7,8,5
2022,3,LV,TEN,76,Punt,0,5,1
2022,3,TEN,LV,87,Punt,0,4,1
2022,3,LV,TEN,87,Punt,0,3,0
2022,3,TEN,LV,49,Field goal,3,3,1
2022,3,LV,TEN,75,Field goal,3,14,5
2022,3,TEN,LV,75,Turnover,0,3,0
2022,3,LV,TEN,31,Punt,0,3,0
2022,3,TEN,LV,98,Turnover on downs,0,9,2
2022,3,LV,TEN,56,Turnover,0,6,3
2022,3,TEN,LV,80,Punt,0,6,1
2022,3,LV,TEN,80,Field goal,3,7,2
2022,3,TEN,LV,75,Punt,0,3,0
2022,3,LV,TEN,81,Touchdown,7,14,5
2022,3,TEN,LV,42,End of half,0,2,0
2022,3,CAR,NO,73,Punt,0,4,1
2022,3,NO,CAR,89,Punt,0,8,2
2022,3,CAR,NO,80,Punt,0,3,0
2022,3,NO,CAR,70,Opp touchdown,0,2,1
2022,3,NO,CAR,75,Punt,0,3,0
2022,3,CAR,NO,67,Field goal,3,10,3
2022,3,NO,CAR,75,Punt,0,3,0
2022,3,CAR,NO,71,Punt,0,3,0
2022,3,NO,CAR,65,Punt,0,3,0
2022,3,CAR,NO,82,Field goal,3,10,3
2022,3,NO,CAR,81,Missed field goal,0,10,2
2022,3,CAR,NO,76,End of half,0,2,0
2022,3,NO,CAR,92,Missed field goal,0,14,5
2022,3,CAR,NO,62,Turnover on downs,0,5,1
2022,3,NO,CAR,62,Punt,0,3,0
2022,3,CAR,NO,81,Punt,0,6,1
2022,3,NO,CAR,89,Touchdown,7,10,5
2022,3,CAR,NO,67,Touchdown,7,2,1
2022,3,NO,CAR,75,Turnover,0,3,1
2022,3,CAR,NO,35,Field goal,3,7,1
2022,3,NO,CAR,75,Punt,0,3,0
2022,3,CAR,NO,86,Punt,0,6,1
2022,3,NO,CAR,90,Touchdown,7,3,3
2022,3,CAR,NO,54,Punt,0,3,0
2022,3,NO,CAR,99,Turnover,0,1,0
2022,3,WAS,PHI,75,Punt,0,4,1
2022,3,PHI,WAS,88,Punt,0,6,2
2022,3,WAS,PHI,80,Punt,0,3,0
2022,3,PHI,WAS,56,Punt,0,3,0
2022,3,WAS,PHI,84,Punt,0,6,2
2022,3,PHI,WAS,78,Field goal,3,8,2
2022,3,WAS,PHI,75,Turnover,0,2,0
2022,3,PHI,WAS,24,Touchdown,7,2,1
2022,3,WAS,PHI,75,Punt,0,6,1
2022,3,PHI,WAS,94,Turnover on downs,0,8,4
2022,3,WAS,PHI,91,Punt,0,4,1
2022,3,PHI,WAS,64,Touchdown,7,6,3
2022,3,WAS,PHI,75,Punt,0,3,0
2022,3,PHI,WAS,88,Touchdown,7,11,5
2022,3,PHI,WAS,75,Punt,0,4,1
2022,3,WAS,PHI,80,Punt,0,3,0
2022,3,PHI,WAS,79,Punt,0,5,1
2022,3,WAS,PHI,89,Punt,0,3,0
2022,3,PHI,WAS,59,Punt,0,3,0
2022,3,WAS,PHI,94,Turnover on downs,0,15,5
2022,3,PHI,WAS,99,Safety,0,1,0
2022,3,WAS,PHI,61,Turnover on downs,0,13,4
2022,3,PHI,WAS,68,Punt,0,6,1
2022,3,WAS,PHI,87,Touchdown,7,12,6
2022,3,PHI,WAS,45,End of half,0,6,1
2022,3,CLE,PIT,75,Punt,0,5,1
2022,3,PIT,CLE,80,Punt,0,4,1
2022,3,CLE,PIT,77,Punt,0,3,0
2022,3,PIT,CLE,48,Missed field goal,0,5,1
2022,3,CLE,PIT,60,Touchdown,7,7,3
2022,3,PIT,CLE,75,Touchdown,7,7,4
2022,3,CLE,PIT,79,Touchdown,7,12,6
2022,3,PIT,CLE,75,Touchdown,7,10,6
2022,3,CLE,PIT,88,Turnover on downs,0,9,3
2022,3,PIT,CLE,68,End of half,0,4,2
2022,3,PIT,CLE,84,Punt,0,10,3
2022,3,CLE,PIT,86,Field goal,3,14,4
2022,3,PIT,CLE,75,Punt,0,3,0
2022,3,CLE,PIT,80,Touchdown,7,11,4
2022,3,PIT,CLE,75,Punt,0,3,0
2022,3,CLE,PIT,61,Punt,0,5,1
2022,3,PIT,CLE,94,Punt,0,3,0
2022,3,CLE,PIT,51,Punt,0,3,0
2022,3,PIT,CLE,80,Field goal,3,7,3
2022,3,CLE,PIT,46,Punt,0,3,0
2022,3,PIT,CLE,96,Opp touchdown,0,1,0
2022,3,SF,DEN,90,Punt,0,5,1
2022,3,DEN,SF,71,Punt,0,3,0
2022,3,SF,DEN,75,Touchdown,7,6,4
2022,3,DEN,SF,75,Punt,0,3,0
2022,3,SF,DEN,81,Punt,0,4,1
2022,3,DEN,SF,80,Punt,0,3,0
2022,3,SF,DEN,75,Punt,0,5,1
2022,3,DEN,SF,94,Field goal,3,8,2
2022,3,SF,DEN,85,Punt,0,4,1
2022,3,DEN,SF,99,Punt,0,11,4
2022,3,SF,DEN,97,Punt,0,3,0
2022,3,SF,DEN,89,End of half,0,3,0
2022,3,DEN,SF,75,Punt,0,3,0
2022,3,SF,DEN,57,Turnover,0,2,1
2022,3,SF,DEN,98,Safety,0,2,0
2022,3,DEN,SF,81,Missed field goal,0,11,3
2022,3,SF,DEN,57,Punt,0,4,1
2022,3,DEN,SF,94,Punt,0,3,0
2022,3,SF,DEN,41,Field goal,3,4,0
2022,3,DEN,SF,75,Punt,0,3,0
2022,3,SF,DEN,87,Punt,0,4,1
2022,3,DEN,SF,80,Touchdown,7,12,5
2022,3,SF,DEN,75,Turnover,0,5,2
2022,3,DEN,SF,58,Punt,0,3,0
2022,3,SF,DEN,85,Turnover,0,2,0
2022,3,DEN,SF,24,End of half,0,3,0
2022,4,ARI,CAR,76,Punt,0,3,0
2022,4,CAR,ARI,70,Turnover on downs,0,4,0
2022,4,ARI,CAR,39,Turnover on downs,0,6,1
2022,4,CAR,ARI,86,Punt,0,3,0
2022,4,ARI,CAR,66,Punt,0,3,0
2022,4,CAR,ARI,90,Punt,0,8,3
2022,4,ARI,CAR,84,Opp touchdown,0,5,1
2022,4,ARI,CAR,82,Turnover on downs,0,7,1
2022,4,CAR,ARI,42,Turnover,0,4,1
2022,4,ARI,CAR,65,Field goal,3,8,2
2022,4,CAR,ARI,76,Turnover,0,7,2
2022,4,ARI,CAR,82,Punt,0,3,0
2022,4,CAR,ARI,65,Field goal,3,5,1
2022,4,CAR,ARI,75,Punt,0,3,0
2022,4,ARI,CAR,89,Touchdown,7,9,5
2022,4,CAR,ARI,75,Punt,0,4,1
2022,4,ARI,CAR,78,Field goal,3,15,6
2022,4,CAR,ARI,75,Turnover,0,1,0
2022,4,ARI,CAR,5,Touchdown,7,2,1
2022,4,CAR,ARI,78,Turnover on downs,0,4,0
2022,4,ARI,CAR,31,Touchdown,7,3,1
2022,4,CAR,ARI,74,Touchdown,7,9,3
2022,4,ARI,CAR,49,End of half,0,8,2
2022,4,BUF,BAL,75,Turnover,0,3,0
2022,4,BAL,BUF,4,Touchdown,7,2,1
2022,4,BUF,BAL,57,Field goal,3,8,2
2022,4,BAL,BUF,81,Touchdown,7,15,7
2022,4,BUF,BAL,78,Turnover,0,3,1
2022,4,BAL,BUF,36,Field goal,3,5,1
2022,4,BUF,BAL,75,Punt,0,3,0
2022,4,BAL,BUF,71,Field goal,3,11,3
2022,4,BUF,BAL,75,Punt,0,3,0
2022,4,BAL,BUF,75,Punt,0,3,0
2022,4,BUF,BAL,76,Touchdown,7,11,6
2022,4,BAL,BUF,75,End of half,0,1,0
2022,4,BAL,BUF,65,Punt,0,3,0
2022,4,BUF,BAL,72,Field goal,3,10,3
2022,4,BAL,BUF,75,Punt,0,5,1
2022,4,BUF,BAL,80,Touchdown,7,9,5
2022,4,BAL,BUF,75,Turnover,0,7,2
2022,4,BAL,BUF,95,Turnover,0,14,7
2022,4,BUF,BAL,80,Field goal,3,12,5
2022,4,NYG,CHI,75,Punt,0,3,0
2022,4,CHI,NYG,76,Field goal,3,10,4
2022,4,NYG,CHI,75,Touchdown,7,6,4
2022,4,CHI,NYG,81,Field goal,3,6,2
2022,4,NYG,CHI,75,Punt,0,6,2
2022,4,CHI,NYG,80,Turnover,0,10,4
2022,4,NYG,CHI,75,Touchdown,7,7,4
2022,4,CHI,NYG,75,Punt,0,3,0
2022,4,CHI,NYG,35,Field goal,3,7,1
2022,4,NYG,CHI,82,Punt,0,6,1
2022,4,CHI,NYG,80,End of half,0,3,1
2022,4,CHI,NYG,75,Field goal,3,9,3
2022,4,NYG,CHI,87,Punt,0,6,1
2022,4,CHI,NYG,61,Punt,0,3,0
2022,4,NYG,CHI,86,Field goal,3,5,3
2022,4,CHI,NYG,76,Punt,0,3,0
2022,4,NYG,CHI,86,Turnover,0,4,1
2022,4,CHI,NYG,96,Punt,0,3,0
2022,4,NYG,CHI,79,Field goal,3,13,4
2022,4,CHI,NYG,75,Punt,0,4,1
2022,4,NYG,CHI,97,Punt,0,3,0
2022,4,NYG,CHI,37,Missed field goal,0,5,1
2022,4,CHI,NYG,73,Turnover,0,3,0
2022,4,CLE,ATL,75,Turnover on downs,0,8,4
2022,4,ATL,CLE,96,Field goal,3,14,5
2022,4,CLE,ATL,92,Turnover,0,2,0
2022,4,ATL,CLE,31,Touchdown,7,3,2
2022,4,CLE,ATL,75,Touchdown,7,16,6
2022,4,ATL,CLE,75,Punt,0,3,0
2022,4,CLE,ATL,80,Field goal,3,13,3
2022,4,ATL,CLE,75,End of half,0,1,0
2022,4,ATL,CLE,75,Punt,0,3,0
2022,4,CLE,ATL,78,Punt,0,3,0
2022,4,ATL,CLE,69,Punt,0,4,0
2022,4,CLE,ATL,63,Punt,0,3,0
2022,4,ATL,CLE,86,Turnover,0,5,1
2022,4,CLE,ATL,43,Field goal,3,7,1
2022,4,ATL,CLE,75,Touchdown,7,10,6
2022,4,CLE,ATL,75,Touchdown,7,6,4
2022,4,ATL,CLE,75,Field goal,3,7,3
2022,4,CLE,ATL,75,Punt,0,7,2
2022,4,ATL,CLE,91,Field goal,3,6,2
2022,4,CLE,ATL,75,Turnover,0,8,2
2022,4,ATL,CLE,74,End of half,0,2,0
2022,4,LV,DEN,68,Field goal,3,11,3
2022,4,DEN,LV,75,Punt,0,4,1
2022,4,LV,DEN,87,Punt,0,3,0
2022,4,DEN,LV,34,Touchdown,7,4,2
2022,4,LV,DEN,75,Touchdown,7,11,6
2022,4,DEN,LV,48,Field goal,3,7,1
2022,4,LV,DEN,80,Punt,0,3,0
2022,4,DEN,LV,52,Opp touchdown,0,5,1
2022,4,DEN,LV,75,Touchdown,7,5,3
2022,4,LV,DEN,75,Field goal,3,10,4
2022,4,DEN,LV,75,Punt,0,5,1
2022,4,LV,DEN,81,Punt,0,6,1
2022,4,DEN,LV,51,Punt,0,3,0
2022,4,LV,DEN,80,Field goal,3,10,3
2022,4,DEN,LV,75,Punt,0,3,0
2022,4,LV,DEN,68,Punt,0,3,0
2022,4,DEN,LV,99,Punt,0,3,0
2022,4,LV,DEN,51,Field goal,3,6,2
2022,4,DEN,LV,75,Touchdown,7,6,3
2022,4,LV,DEN,75,Touchdown,7,10,5
2022,4,DEN,LV,75,Turnover on downs,0,4,0
2022,4,LV,DEN,30,End of half,0,5,1
2022,4,JAX,PHI,77,Punt,0,3,0
2022,4,PHI,JAX,79,Opp touchdown,0,6,1
2022,4,PHI,JAX,71,Punt,0,5,1
2022,4,JAX,PHI,80,Touchdown,7,8,4
2022,4,PHI,JAX,78,Turnover on downs,0,5,1
2022,4,JAX,PHI,60,Turnover,0,6,1
2022,4,PHI,JAX,57,Touchdown,7,7,4
2022,4,JAX,PHI,75,Punt,0,3,0
2022,4,PHI,JAX,71,Touchdown,7,9,5
2022,4,JAX,PHI,75,Turnover,0,3,0
2022,4,PHI,JAX,35,Touchdown,7,8,3
2022,4,JAX,PHI,75,End of half,0,1,0
2022,4,PHI,JAX,70,Punt,0,4,1
2022,4,JAX,PHI,83,Punt,0,3,0
2022,4,PHI,JAX,78,Punt,0,3,0
2022,4,JAX,PHI,72,Turnover,0,9,4
2022,4,PHI,JAX,88,Field goal,3,11,4
2022,4,JAX,PHI,80,Turnover,0,3,1
2022,4,PHI,JAX,24,Touchdown,7,6,2
2022,4,JAX,PHI,68,Touchdown,7,6,3
2022,4,PHI,JAX,75,Turnover on downs,0,11,3
2022,4,JAX,PHI,79,Turnover,0,1,0
2022,4,PHI,JAX,13,End of half,0,3,0
2022,4,KC,TB,21,Touchdown,7,2,1
2022,4,TB,KC,72,Field goal,3,7,2
2022,4,KC,TB,79,Touchdown,7,12,5
2022,4,TB,KC,75,Punt,0,3,0
2022,4,KC,TB,82,Touchdown,7,11,6
2022,4,TB,KC,75,Touchdown,7,6,5
2022,4,KC,TB,74,Turnover on downs,0,8,2
2022,4,TB,KC,66,Turnover,0,1,0
2022,4,KC,TB,20,Touchdown,7,6,2
2022,4,TB,KC,75,Touchdown,7,12,6
2022,4,KC,TB,58,End of half,0,1,0
2022,4,KC,TB,75,Field goal,3,10,3
2022,4,TB,KC,75,Punt,0,5,1
2022,4,KC,TB,65,Touchdown,7,9,4
2022,4,TB,KC,75,Touchdown,7,11,6
2022,4,KC,TB,60,Field goal,3,9,2
2022,4,TB,KC,75,Punt,0,5,1
2022,4,KC,TB,66,Turnover,0,5,1
2022,4,TB,KC,34,Touchdown,7,5,3
2022,4,KC,TB,75,Punt,0,6,1
2022,4,TB,KC,79,End of half,0,5,3
2022,4,HOU,LAC,75,Turnover,0,3,0
2022,4,LAC,HOU,25,Touchdown,7,3,1
2022,4,HOU,LAC,72,Punt,0,5,2
2022,4,LAC,HOU,73,Punt,0,3,0
2022,4,HOU,LAC,70,Missed field goal,0,8,2
2022,4,LAC,HOU,64,Touchdown,7,9,4
2022,4,HOU,LAC,75,Punt,0,3,0
2022,4,LAC,HOU,73,Touchdown,7,3,2
2022,4,HOU,LAC,75,Touchdown,7,1,1
2022,4,LAC,HOU,82,Field goal,3,10,4
2022,4,HOU,LAC,75,Turnover on downs,0,7,3
2022,4,LAC,HOU,68,Field goal,3,9,2
2022,4,LAC,HOU,79,Punt,0,3,0
2022,4,HOU,LAC,73,Punt,0,6,1
2022,4,LAC,HOU,81,Punt,0,7,2
2022,4,HOU,LAC,87,Touchdown,7,8,4
2022,4,LAC,HOU,75,Punt,0,6,2
2022,4,HOU,LAC,93,Touchdown,7,5,3
2022,4,HOU,LAC,16,Field goal,3,4,0
2022,4,LAC,HOU,84,Touchdown,7,12,5
2022,4,HOU,LAC,75,Turnover,0,4,0
2022,4,LAC,HOU,22,Turnover on downs,0,4,0
2022,4,HOU,LAC,68,End of half,0,1,0
2022,4,LA,SF,75,Field goal,3,14,4
2022,4,SF,LA,75,Touchdown,7,8,4
2022,4,LA,SF,75,Punt,0,3,0
2022,4,SF,LA,74,Punt,0,6,2
2022,4,LA,SF,80,Punt,0,3,0
2022,4,SF,LA,78,Punt,0,3,0
2022,4,LA,SF,65,Field goal,3,10,4
2022,4,SF,LA,75,Touchdown,7,6,2
2022,4,LA,SF,79,Punt,0,6,1
2022,4,SF,LA,69,Turnover on downs,0,4,0
2022,4,SF,LA,75,Punt,0,5,1
2022,4,LA,SF,82,Field goal,3,16,6
2022,4,SF,LA,73,Field goal,3,9,3
2022,4,LA,SF,79,Punt,0,3,0
2022,4,SF,LA,55,Missed field goal,0,7,1
2022,4,LA,SF,67,Opp touchdown,0,5,2
2022,4,LA,SF,74,Turnover,0,13,3
2022,4,SF,LA,84,Punt,0,3,0
2022,4,LA,SF,58,End of half,0,3,1
2022,4,CIN,MIA,75,Touchdown,7,9,4
2022,4,MIA,CIN,75,Field goal,3,9,3
2022,4,CIN,MIA,75,Punt,0,6,1
2022,4,MIA,CIN,87,Turnover,0,4,1
2022,4,CIN,MIA,71,Turnover on downs,0,10,2
2022,4,MIA,CIN,76,Field goal,3,8,2
2022,4,CIN,MIA,75,Punt,0,3,0
2022,4,MIA,CIN,58,Missed field goal,0,4,1
2022,4,CIN,MIA,58,Touchdown,7,3,1
2022,4,MIA,CIN,75,Touchdown,7,9,5
2022,4,CIN,MIA,75,End of half,0,1,0
2022,4,MIA,CIN,76,Punt,0,3,0
2022,4,CIN,MIA,64,Punt,0,5,1
2022,4,MIA,CIN,86,Punt,0,3,0
2022,4,CIN,MIA,65,Punt,0,4,1
2022,4,MIA,CIN,90,Field goal,3,7,2
2022,4,CIN,MIA,75,Field goal,3,9,2
2022,4,MIA,CIN,75,Punt,0,3,0
2022,4,CIN,MIA,72,Field goal,3,8,2
2022,4,MIA,CIN,78,Turnover,0,8,4
2022,4,CIN,MIA,45,Touchdown,7,5,2
2022,4,MIA,CIN,75,Turnover on downs,0,6,2
2022,4,CIN,MIA,55,End of half,0,2,0
2022,4,MIN,NO,75,Touchdown,7,13,7
2022,4,NO,MIN,75,Punt,0,3,0
2022,4,MIN,NO,78,Punt,0,6,2
2022,4,NO,MIN,88,Punt,0,3,0
2022,4,MIN,NO,55,Turnover,0,2,0
2022,4,NO,MIN,60,Touchdown,7,12,5
2022,4,MIN,NO,75,Punt,0,5,1
2022,4,NO,MIN,94,Punt,0,3,0
2022,4,MIN,NO,56,Field goal,3,9,3
2022,4,NO,MIN,75,Turnover,0,1,0
2022,4,MIN,NO,20,Field goal,3,4,0
2022,4,NO,MIN,80,Punt,0,4,1
2022,4,MIN,NO,85,Punt,0,3,0
2022,4,MIN,NO,44,Field goal,3,5,1
2022,4,NO,MIN,78,Touchdown,7,12,5
2022,4,MIN,NO,55,Field goal,3,9,2
2022,4,NO,MIN,75,Touchdown,7,9,5
2022,4,MIN,NO,75,Touchdown,7,10,5
2022,4,NO,MIN,75,Field goal,3,8,2
2022,4,MIN,NO,82,Field goal,3,6,2
2022,4,NO,MIN,75,Missed field goal,0,4,1
2022,4,NE,GB,75,Field goal,3,10,3
2022,4,GB,NE,75,Turnover,0,2,1
2022,4,NE,GB,49,Punt,0,6,1
2022,4,GB,NE,80,Punt,0,5,2
2022,4,NE,GB,92,Punt,0,3,0
2022,4,NE,GB,73,Punt,0,6,1
2022,4,GB,NE,80,Punt,0,3,0
2022,4,NE,GB,75,Punt,0,5,1
2022,4,GB,NE,91,Punt,0,5,1
2022,4,GB,NE,69,Opp touchdown,0,3,0
2022,4,GB,NE,65,End of half,0,1,0
2022,4,GB,NE,81,Touchdown,7,10,4
2022,4,NE,GB,75,Touchdown,7,7,5
2022,4,GB,NE,79,Field goal,3,8,3
2022,4,NE,GB,66,Touchdown,7,7,4
2022,4,GB,NE,75,Touchdown,7,9,4
2022,4,NE,GB,75,Punt,0,3,0
2022,4,GB,NE,57,Punt,0,5,1
2022,4,NE,GB,98,Punt,0,3,0
2022,4,GB,NE,58,End of half,0,1,0
2022,4,GB,NE,75,Punt,0,3,0
2022,4,NE,GB,51,Punt,0,3,0
2022,4,GB,NE,90,Field goal,3,12,4
2022,4,PIT,NYJ,75,Punt,0,8,2
2022,4,NYJ,PIT,91,Punt,0,3,0
2022,4,PIT,NYJ,77,Turnover,0,1,0
2022,4,NYJ,PIT,36,Field goal,3,7,1
2022,4,PIT,NYJ,75,Punt,0,3,0
2022,4,NYJ,PIT,70,Touchdown,7,9,4
2022,4,PIT,NYJ,75,Field goal,3,10,3
2022,4,NYJ,PIT,60,Punt,0,3,0
2022,4,PIT,NYJ,85,Punt,0,4,1
2022,4,NYJ,PIT,91,Punt,0,5,1
2022,4,PIT,NYJ,66,Punt,0,3,0
2022,4,NYJ,PIT,54,Turnover,0,7,2
2022,4,PIT,NYJ,70,Field goal,3,3,2
2022,4,NYJ,PIT,75,Punt,0,3,0
2022,4,PIT,NYJ,78,Turnover,0,6,2
2022,4,NYJ,PIT,89,Turnover,0,4,1
2022,4,PIT,NYJ,4,Touchdown,7,3,1
2022,4,NYJ,PIT,75,Punt,0,6,1
2022,4,PIT,NYJ,82,Touchdown,7,12,6
2022,4,NYJ,PIT,81,Touchdown,7,11,4
2022,4,PIT,NYJ,75,Turnover,0,7,2
2022,4,NYJ,PIT,65,Touchdown,7,10,5
2022,4,PIT,NYJ,75,Turnover,0,2,1
2022,4,SEA,DET,75,Touchdown,7,11,5
2022,4,DET,SEA,74,Punt,0,3,0
2022,4,DET,SEA,32,Touchdown,7,1,1
2022,4,SEA,DET,75,Touchdown,7,5,5
2022,4,DET,SEA,72,Field goal,3,12,3
2022,4,SEA,DET,60,Field goal,3,8,2
2022,4,DET,SEA,84,Turnover,0,5,1
2022,4,SEA,DET,52,Touchdown,7,3,2
2022,4,DET,SEA,75,Touchdown,7,12,6
2022,4,DET,SEA,75,Opp touchdown,0,1,0
2022,4,DET,SEA,75,Punt,0,6,1
2022,4,SEA,DET,78,Missed field goal,0,6,2
2022,4,DET,SEA,71,Touchdown,7,3,2
2022,4,SEA,DET,75,Touchdown,7,11,4
2022,4,DET,SEA,75,Touchdown,7,3,2
2022,4,SEA,DET,75,Field goal,3,10,3
2022,4,DET,SEA,75,Touchdown,7,12,6
2022,4,SEA,DET,75,Touchdown,7,7,3
2022,4,DET,SEA,75,Touchdown,7,9,5
2022,4,SEA,DET,46,End of half,0,5,1
2022,4,IND,TEN,75,Turnover,0,10,3
2022,4,TEN,IND,32,Touchdown,7,5,3
2022,4,IND,TEN,75,Punt,0,3,0
2022,4,TEN,IND,75,Touchdown,7,6,4
2022,4,IND,TEN,75,Field goal,3,11,4
2022,4,TEN,IND,67,Field goal,3,9,3
2022,4,IND,TEN,75,Turnover,0,1,0
2022,4,TEN,IND,28,Touchdown,7,5,3
2022,4,IND,TEN,75,Touchdown,7,9,4
2022,4,TEN,IND,74,End of half,0,8,3
2022,4,TEN,IND,76,Punt,0,3,0
2022,4,IND,TEN,67,Touchdown,7,8,4
2022,4,TEN,IND,75,Punt,0,3,0
2022,4,IND,TEN,79,Punt,0,10,3
2022,4,TEN,IND,80,Punt,0,3,0
2022,4,IND,TEN,78,Turnover,0,7,2
2022,4,TEN,IND,78,Punt,0,5,2
2022,4,IND,TEN,66,Missed field goal,0,6,1
2022,4,TEN,IND,59,End of half,0,6,1
2022,4,DAL,WAS,75,Field goal,3,7,1
2022,4,WAS,DAL,75,Punt,0,7,2
2022,4,DAL,WAS,90,Punt,0,3,0
2022,4,WAS,DAL,62,Punt,0,3,0
2022,4,DAL,WAS,87,Field goal,3,7,3
2022,4,WAS,DAL,75,Punt,0,7,2
2022,4,DAL,WAS,84,Punt,0,3,0
2022,4,WAS,DAL,65,Touchdown,7,7,3
2022,4,DAL,WAS,75,Touchdown,7,15,6
2022,4,WAS,DAL,75,Turnover,0,4,1
2022,4,DAL,WAS,83,End of half,0,1,0
2022,4,WAS,DAL,75,Punt,0,6,1
2022,4,DAL,WAS,85,Punt,0,4,1
2022,4,WAS,DAL,61,Punt,0,3,0
2022,4,DAL,WAS,62,Field goal,3,5,1
2022,4,WAS,DAL,75,Field goal,3,8,2
2022,4,DAL,WAS,75,Touchdown,7,3,2
2022,4,WAS,DAL,82,Punt,0,4,1
2022,4,DAL,WAS,91,Punt,0,3,0
2022,4,WAS,DAL,30,Turnover on downs,0,7,2
2022,4,DAL,WAS,84,Punt,0,3,1
2022,4,WAS,DAL,89,Turnover,0,3,0
2022,4,DAL,WAS,20,Field goal,3,4,0
2022,4,WAS,DAL,75,Turnover on downs,0,6,1
2022,4,DAL,WAS,44,Punt,0,3,0
2022,4,WAS,DAL,93,End of half,0,7,2
2022,5,TB,ATL,81,Punt,0,5,1
2022,5,ATL,TB,80,Punt,0,6,1
2022,5,TB,ATL,77,Turnover on downs,0,11,3
2022,5,ATL,TB,85,Punt,0,8,2
2022,5,TB,ATL,88,Touchdown,7,13,6
2022,5,ATL,TB,75,Punt,0,8,2
2022,5,TB,ATL,87,Field goal,3,13,5
2022,5,ATL,TB,68,Missed field goal,0,6,2
2022,5,TB,ATL,58,Field goal,3,4,2
2022,5,ATL,TB,82,Punt,0,7,1
2022,5,TB,ATL,74,Touchdown,7,11,5
2022,5,ATL,TB,80,Punt,0,4,1
2022,5,TB,ATL,87,Punt,0,3,0
2022,5,ATL,TB,43,Touchdown,7,6,3
2022,5,TB,ATL,75,Punt,0,3,0
2022,5,ATL,TB,69,Punt,0,5,1
2022,5,TB,ATL,75,Punt,0,3,0
2022,5,ATL,TB,70,Touchdown,7,12,6
2022,5,TB,ATL,75,End of half,0,11,4
2022,5,MIN,CHI,86,Touchdown,7,12,6
2022,5,CHI,MIN,75,Field goal,3,6,2
2022,5,MIN,CHI,75,Touchdown,7,11,6
2022,5,CHI,MIN,86,Punt,0,3,0
2022,5,MIN,CHI,71,Touchdown,7,9,3
2022,5,CHI,MIN,75,Punt,0,6,1
2022,5,MIN,CHI,80,Punt,0,5,2
2022,5,MIN,CHI,76,Missed field goal,0,8,2
2022,5,CHI,MIN,67,Touchdown,7,8,4
2022,5,MIN,CHI,48,Missed field goal,0,7,1
2022,5,CHI,MIN,59,Field goal,3,11,2
2022,5,MIN,CHI,66,Turnover,0,5,2
2022,5,CHI,MIN,52,Field goal,3,7,1
2022,5,MIN,CHI,75,Touchdown,7,17,7
2022,5,CHI,MIN,75,Turnover,0,5,2
2022,5,MIN,CHI,45,End of half,0,2,0
2022,5,CIN,BAL,75,Punt,0,4,1
2022,5,BAL,CIN,70,Field goal,3,10,4
2022,5,CIN,BAL,69,Punt,0,3,0
2022,5,BAL,CIN,68,Punt,0,6,2
2022,5,CIN,BAL,91,Punt,0,3,0
2022,5,CIN,BAL,78,Punt,0,3,0
2022,5,BAL,CIN,71,Turnover,0,4,2
2022,5,CIN,BAL,83,Touchdown,7,7,5
2022,5,BAL,CIN,75,Punt,0,5,1
2022,5,CIN,BAL,84,Field goal,3,11,3
2022,5,BAL,CIN,76,End of half,0,1,0
2022,5,BAL,CIN,60,Turnover on downs,0,6,1
2022,5,CIN,BAL,59,Turnover,0,1,0
2022,5,BAL,CIN,46,Field goal,3,4,0
2022,5,CIN,BAL,75,Turnover on downs,0,15,5
2022,5,BAL,CIN,98,Field goal,3,15,6
2022,5,CIN,BAL,75,Touchdown,7,13,6
2022,5,BAL,CIN,75,Field goal,3,7,3
2022,5,LA,DAL,75,Opp touchdown,0,3,0
2022,5,LA,DAL,75,Punt,0,8,2
2022,5,DAL,LA,20,Field goal,3,4,0
2022,5,LA,DAL,75,Field goal,3,7,2
2022,5,DAL,LA,75,Punt,0,6,1
2022,5,LA,DAL,95,Punt,0,6,1
2022,5,DAL,LA,74,Punt,0,4,1
2022,5,LA,DAL,83,Touchdown,7,3,1
2022,5,DAL,LA,75,Touchdown,7,3,2
2022,5,LA,DAL,75,Punt,0,3,0
2022,5,DAL,LA,77,Punt,0,4,1
2022,5,LA,DAL,80,Punt,0,10,2
2022,5,DAL,LA,88,End of half,0,1,0
2022,5,DAL,LA,75,Field goal,3,13,3
2022,5,LA,DAL,75,Punt,0,9,2
2022,5,DAL,LA,95,Punt,0,3,0
2022,5,LA,DAL,29,Missed field goal,0,4,0
2022,5,DAL,LA,59,Punt,0,3,0
2022,5,LA,DAL,90,Punt,0,3,0
2022,5,DAL,LA,52,Field goal,3,9,2
2022,5,LA,DAL,75,Turnover,0,6,3
2022,5,DAL,LA,96,Punt,0,3,0
2022,5,LA,DAL,54,Turnover,0,4,1
2022,5,DAL,LA,61,End of half,0,3,0
2022,5,DET,NE,75,Turnover on downs,0,7,1
2022,5,NE,DET,45,Field goal,3,6,1
2022,5,DET,NE,75,Turnover,0,6,3
2022,5,NE,DET,97,Field goal,3,11,3
2022,5,DET,NE,53,Punt,0,7,2
2022,5,NE,DET,87,Turnover,0,4,2
2022,5,DET,NE,75,Punt,0,3,0
2022,5,NE,DET,87,Field goal,3,6,4
2022,5,NE,DET,75,Field goal,3,9,3
2022,5,DET,NE,75,Turnover on downs,0,8,3
2022,5,NE,DET,66,Touchdown,7,8,4
2022,5,DET,NE,77,Turnover on downs,0,11,4
2022,5,NE,DET,94,Punt,0,4,1
2022,5,DET,NE,65,Turnover on downs,0,6,1
2022,5,NE,DET,68,Field goal,3,7,2
2022,5,DET,NE,75,Turnover on downs,0,7,2
2022,5,NE,DET,82,Punt,0,6,2
2022,5,DET,NE,70,End of half,0,1,0
2022,5,HOU,JAX,75,Punt,0,3,0
2022,5,JAX,HOU,80,Punt,0,3,0
2022,5,HOU,JAX,69,Punt,0,4,1
2022,5,JAX,HOU,97,Punt,0,6,2
2022,5,HOU,JAX,96,Punt,0,4,1
2022,5,JAX,HOU,68,Field goal,3,11,4
2022,5,HOU,JAX,75,Field goal,3,8,2
2022,5,JAX,HOU,92,Turnover on downs,0,8,2
2022,5,HOU,JAX,63,Field goal,3,8,3
2022,5,JAX,HOU,77,Field goal,3,9,3
2022,5,HOU,JAX,75,End of half,0,1,0
2022,5,JAX,HOU,75,Turnover,0,9,3
2022,5,HOU,JAX,98,Punt,0,12,3
2022,5,JAX,HOU,91,Turnover on downs,0,10,3
2022,5,HOU,JAX,62,Punt,0,3,0
2022,5,JAX,HOU,80,Punt,0,3,0
2022,5,HOU,JAX,74,Touchdown,7,12,5
2022,5,JAX,HOU,86,Turnover on downs,0,9,2
2022,5,JAX,HOU,87,Turnover,0,7,3
2022,5,IND,DEN,75,Punt,0,3,0
2022,5,DEN,IND,64,Field goal,3,10,3
2022,5,IND,DEN,75,Punt,0,4,1
2022,5,DEN,IND,86,Punt,0,3,0
2022,5,IND,DEN,60,Punt,0,3,0
2022,5,DEN,IND,87,Punt,0,3,0
2022,5,IND,DEN,68,Punt,0,3,0
2022,5,DEN,IND,66,Field goal,3,10,3
2022,5,IND,DEN,75,Turnover,0,9,3
2022,5,DEN,IND,62,Punt,0,4,1
2022,5,IND,DEN,85,Field goal,3,14,5
2022,5,DEN,IND,87,End of half,0,1,0
2022,5,DEN,IND,75,Punt,0,4,1
2022,5,IND,DEN,66,Field goal,3,9,2
2022,5,DEN,IND,75,Missed field goal,0,8,2
2022,5,IND,DEN,76,Turnover,0,3,0
2022,5,DEN,IND,27,Field goal,3,4,0
2022,5,IND,DEN,75,Punt,0,3,0
2022,5,DEN,IND,78,Turnover,0,7,2
2022,5,IND,DEN,61,Punt,0,5,2
2022,5,DEN,IND,80,Punt,0,3,0
2022,5,IND,DEN,71,Punt,0,3,0
2022,5,DEN,IND,85,Turnover,0,11,4
2022,5,IND,DEN,80,Field goal,3,10,4
2022,5,DEN,IND,75,End of half,0,1,0
2022,5,IND,DEN,75,Field goal,3,8,2
2022,5,DEN,IND,75,Turnover on downs,0,6,2
2022,5,CLE,LAC,75,Touchdown,7,5,3
2022,5,LAC,CLE,83,Turnover on downs,0,10,3
2022,5,CLE,LAC,72,Touchdown,7,9,5
2022,5,LAC,CLE,75,Field goal,3,5,1
2022,5,CLE,LAC,75,Punt,0,3,0
2022,5,LAC,CLE,75,Touchdown,7,5,4
2022,5,CLE,LAC,68,Punt,0,3,0
2022,5,LAC,CLE,99,Touchdown,7,12,7
2022,5,CLE,LAC,75,Touchdown,7,6,4
2022,5,LAC,CLE,74,Punt,0,3,0
2022,5,CLE,LAC,72,Missed field goal,0,8,3
2022,5,LAC,CLE,65,End of half,0,1,0
2022,5,LAC,CLE,75,Touchdown,7,9,5
2022,5,CLE,LAC,75,Turnover on downs,0,4,0
2022,5,LAC,CLE,30,Field goal,3,7,1
2022,5,CLE,LAC,75,Touchdown,7,11,6
2022,5,LAC,CLE,75,Field goal,3,13,4
2022,5,CLE,LAC,82,Turnover,0,12,5
2022,5,LAC,CLE,83,Turnover on downs,0,6,1
2022,5,CLE,LAC,45,Missed field goal,0,6,1
2022,5,LAC,CLE,56,End of half,0,1,0
2022,5,LV,KC,75,Punt,0,3,0
2022,5,KC,LV,79,Punt,0,3,0
2022,5,LV,KC,67,Touchdown,7,4,1
2022,5,KC,LV,75,Missed field goal,0,11,4
2022,5,LV,KC,69,Touchdown,7,10,5
2022,5,KC,LV,75,Punt,0,3,0
2022,5,LV,KC,77,Field goal,3,6,2
2022,5,KC,LV,75,Touchdown,7,11,5
2022,5,LV,KC,75,Field goal,3,9,2
2022,5,KC,LV,75,Field goal,3,4,2
2022,5,KC,LV,75,Touchdown,7,12,6
2022,5,LV,KC,75,Punt,0,3,0
2022,5,KC,LV,57,Touchdown,7,8,5
2022,5,LV,KC,84,Field goal,3,8,3
2022,5,KC,LV,75,Touchdown,7,13,6
2022,5,LV,KC,75,Touchdown,7,7,3
2022,5,KC,LV,69,Punt,0,5,1
2022,5,LV,KC,93,Turnover on downs,0,9,2
2022,5,KC,LV,45,End of half,0,1,0
2022,5,NYJ,MIA,75,Punt,0,4,1
2022,5,MIA,NYJ,92,Safety,0,1,0
2022,5,NYJ,MIA,51,Punt,0,4,1
2022,5,MIA,NYJ,97,Punt,0,5,1
2022,5,NYJ,MIA,72,Field goal,3,7,3
2022,5,MIA,NYJ,75,Punt,0,3,0
2022,5,NYJ,MIA,80,Touchdown,7,2,2
2022,5,MIA,NYJ,75,Touchdown,7,8,5
2022,5,NYJ,MIA,76,Punt,0,3,0
2022,5,MIA,NYJ,71,Turnover,0,2,1
2022,5,NYJ,MIA,53,Touchdown,7,9,4
2022,5,MIA,NYJ,75,Touchdown,7,11,5
2022,5,NYJ,MIA,69,End of half,0,1,0
2022,5,MIA,NYJ,75,Field goal,3,11,3
2022,5,NYJ,MIA,75,Turnover on downs,0,6,2
2022,5,MIA,NYJ,55,Punt,0,3,0
2022,5,NYJ,MIA,93,Punt,0,6,1
2022,5,MIA,NYJ,79,Missed field goal,0,6,1
2022,5,NYJ,MIA,56,Touchdown,7,7,4
2022,5,MIA,NYJ,75,Turnover,0,1,0
2022,5,NYJ,MIA,5,Touchdown,7,1,1
2022,5,MIA,NYJ,75,Turnover on downs,0,4,0
2022,5,NYJ,MIA,30,Touchdown,7,5,2
2022,5,MIA,NYJ,75,Turnover on downs,0,9,3
2022,5,NYJ,MIA,85,End of half,0,2,0
2022,5,GB,NYG,76,Field goal,3,9,2
2022,5,NYG,GB,76,Punt,0,3,0
2022,5,GB,NYG,72,Punt,0,3,0
2022,5,NYG,GB,77,Punt,0,3,0
2022,5,GB,NYG,60,Touchdown,7,5,3
2022,5,NYG,GB,76,Field goal,3,8,2
2022,5,GB,NYG,75,Touchdown,7,13,6
2022,5,NYG,GB,86,Touchdown,7,11,6
2022,5,GB,NYG,75,Field goal,3,8,3
2022,5,NYG,GB,75,Field goal,3,11,4
2022,5,GB,NYG,88,Punt,0,7,4
2022,5,NYG,GB,91,Touchdown,7,15,8
2022,5,GB,NYG,75,Punt,0,3,0
2022,5,NYG,GB,60,Touchdown,7,6,4
2022,5,GB,NYG,75,Turnover on downs,0,14,4
2022,5,NYG,GB,93,Safety,0,4,0
2022,5,GB,NYG,59,End of half,0,1,0
2022,5,ARI,PHI,83,Punt,0,5,1
2022,5,PHI,ARI,64,Touchdown,7,11,6
2022,5,ARI,PHI,75,Turnover,0,1,0
2022,5,PHI,ARI,65,Punt,0,3,0
2022,5,ARI,PHI,88,Punt,0,9,3
2022,5,PHI,ARI,87,Touchdown,7,16,6
2022,5,ARI,PHI,75,Punt,0,3,0
2022,5,PHI,ARI,76,Punt,0,3,0
2022,5,ARI,PHI,57,Touchdown,7,6,3
2022,5,PHI,ARI,75,Punt,0,5,1
2022,5,ARI,PHI,93,Field goal,3,16,5
2022,5,PHI,ARI,75,Field goal,3,10,4
2022,5,ARI,PHI,75,Punt,0,9,2
2022,5,PHI,ARI,86,Punt,0,7,2
2022,5,ARI,PHI,90,Touchdown,7,12,6
2022,5,PHI,ARI,75,Field goal,3,17,5
2022,5,ARI,PHI,75,Missed field goal,0,10,3
2022,5,PHI,ARI,67,End of half,0,1,0
2022,5,BUF,PIT,98,Touchdown,7,3,1
2022,5,PIT,BUF,79,Missed field goal,0,4,0
2022,5,BUF,PIT,21,Missed field goal,0,4,0
2022,5,PIT,BUF,61,Field goal,3,12,4
2022,5,BUF,PIT,65,Field goal,3,7,2
2022,5,PIT,BUF,75,Punt,0,3,0
2022,5,BUF,PIT,98,Turnover,0,9,3
2022,5,PIT,BUF,80,Punt,0,3,0
2022,5,BUF,PIT,62,Touchdown,7,1,1
2022,5,PIT,BUF,75,Punt,0,3,0
2022,5,BUF,PIT,53,Touchdown,7,2,3
2022,5,PIT,BUF,75,Missed field goal,0,9,3
2022,5,BUF,PIT,77,Touchdown,7,8,4
2022,5,PIT,BUF,73,Turnover,0,2,1
2022,5,BUF,PIT,62,End of half,0,2,0
2022,5,PIT,BUF,75,Turnover on downs,0,8,3
2022,5,BUF,PIT,80,Turnover,0,10,5
2022,5,PIT,BUF,80,Missed field goal,0,10,4
2022,5,BUF,PIT,65,Touchdown,7,2,2
2022,5,PIT,BUF,75,Turnover on downs,0,10,4
2022,5,BUF,PIT,70,Punt,0,3,0
2022,5,PIT,BUF,80,Punt,0,3,0
2022,5,BUF,PIT,54,Punt,0,3,0
2022,5,PIT,BUF,80,Turnover on downs,0,12,4
2022,5,BUF,PIT,74,End of half,0,2,0
2022,5,NO,SEA,78,Field goal,3,10,3
2022,5,SEA,NO,75,Touchdown,7,5,2
2022,5,NO,SEA,89,Punt,0,4,1
2022,5,SEA,NO,74,Field goal,3,6,1
2022,5,NO,SEA,69,Touchdown,7,10,6
2022,5,SEA,NO,75,Punt,0,3,0
2022,5,NO,SEA,64,Punt,0,3,0
2022,5,SEA,NO,80,Turnover on downs,0,4,0
2022,5,NO,SEA,13,Touchdown,7,2,1
2022,5,SEA,NO,75,Field goal,3,9,3
2022,5,NO,SEA,75,Turnover,0,6,3
2022,5,NO,SEA,75,End of half,0,1,0
2022,5,SEA,NO,77,Turnover,0,1,0
2022,5,NO,SEA,31,Touchdown,7,6,2
2022,5,SEA,NO,75,Punt,0,5,2
2022,5,NO,SEA,79,Punt,0,5,1
2022,5,SEA,NO,80,Punt,0,3,0
2022,5,NO,SEA,61,Turnover,0,2,0
2022,5,SEA,NO,48,Punt,0,4,1
2022,5,NO,SEA,79,Touchdown,7,4,2
2022,5,SEA,NO,75,Touchdown,7,3,3
2022,5,NO,SEA,77,Punt,0,10,3
2022,5,SEA,NO,78,Touchdown,7,2,1
2022,5,NO,SEA,69,Touchdown,7,3,1
2022,5,SEA,NO,75,Punt,0,3,0
2022,5,NO,SEA,68,End of half,0,9,3
2022,5,SF,CAR,75,Touchdown,7,7,3
2022,5,CAR,SF,84,Punt,0,3,0
2022,5,SF,CAR,85,Turnover,0,6,2
2022,5,CAR,SF,56,Missed field goal,0,10,2
2022,5,SF,CAR,69,Field goal,3,8,2
2022,5,CAR,SF,78,Field goal,3,9,3
2022,5,SF,CAR,75,Punt,0,5,1
2022,5,CAR,SF,93,Punt,0,3,0
2022,5,SF,CAR,54,Missed field goal,0,7,2
2022,5,CAR,SF,78,Opp touchdown,0,4,1
2022,5,CAR,SF,69,Punt,0,3,0
2022,5,SF,CAR,85,End of half,0,1,0
2022,5,CAR,SF,51,Touchdown,7,7,2
2022,5,SF,CAR,75,Touchdown,7,10,5
2022,5,SF,CAR,75,Touchdown,7,12,5
2022,5,CAR,SF,75,Field goal,3,12,3
2022,5,SF,CAR,74,Punt,0,4,1
2022,5,CAR,SF,90,Turnover on downs,0,4,0
2022,5,SF,CAR,3,Touchdown,7,2,1
2022,5,CAR,SF,75,Turnover on downs,0,8,3
2022,5,SF,CAR,70,End of half,0,1,0
2022,5,TEN,WAS,75,Punt,0,3,0
2022,5,WAS,TEN,67,Punt,0,3,0
2022,5,TEN,WAS,80,Punt,0,5,1
2022,5,WAS,TEN,81,Punt,0,3,0
2022,5,TEN,WAS,52,Touchdown,7,6,3
2022,5,WAS,TEN,75,Field goal,3,7,2
2022,5,TEN,WAS,75,Punt,0,3,0
2022,5,WAS,TEN,75,Touchdown,7,1,1
2022,5,TEN,WAS,75,Punt,0,6,1
2022,5,WAS,TEN,92,Punt,0,5,1
2022,5,TEN,WAS,81,Touchdown,7,15,6
2022,5,WAS,TEN,66,End of half,0,1,0
2022,5,WAS,TEN,84,Punt,0,4,1
2022,5,TEN,WAS,96,Punt,0,3,0
2022,5,WAS,TEN,46,Turnover on downs,0,4,0
2022,5,TEN,WAS,59,Punt,0,3,0
2022,5,WAS,TEN,80,Touchdown,7,6,4
2022,5,TEN,WAS,75,Touchdown,7,7,3
2022,5,WAS,TEN,77,Punt,0,3,0
2022,5,WAS,TEN,90,Punt,0,4,1
2022,5,TEN,WAS,75,Punt,0,3,0
2022,5,WAS,TEN,89,Turnover,0,18,7
2022,5,TEN,WAS,99,End of half,0,1,0
2022,6,ARI,SEA,81,Field goal,3,10,2
2022,6,SEA,ARI,75,Field goal,3,8,2
2022,6,ARI,SEA,75,Turnover on downs,0,14,4
2022,6,SEA,ARI,80,Punt,0,3,0
2022,6,ARI,SEA,76,Punt,0,3,0
2022,6,SEA,ARI,60,Field goal,3,10,3
2022,6,ARI,SEA,75,Punt,0,4,1
2022,6,SEA,ARI,82,Punt,0,6,1
2022,6,ARI,SEA,64,Punt,0,3,0
2022,6,SEA,ARI,68,Field goal,3,7,3
2022,6,SEA,ARI,75,Punt,0,3,0
2022,6,ARI,SEA,60,Turnover on downs,0,9,2
2022,6,SEA,ARI,72,Field goal,3,9,4
2022,6,ARI,SEA,75,Turnover,0,4,1
2022,6,SEA,ARI,81,Opp touchdown,0,4,0
2022,6,SEA,ARI,75,Touchdown,7,7,5
2022,6,ARI,SEA,75,Turnover on downs,0,8,2
2022,6,SEA,ARI,65,Punt,0,3,0
2022,6,ARI,SEA,83,Punt,0,3,0
2022,6,SEA,ARI,48,Punt,0,3,0
2022,6,ARI,SEA,93,Turnover,0,11,3
2022,6,SEA,ARI,75,Punt,0,7,1
2022,6,ARI,SEA,70,End of half,0,3,0
2022,6,BAL,NYG,75,Punt,0,8,2
2022,6,NYG,BAL,80,Punt,0,6,1
2022,6,BAL,NYG,84,Missed field goal,0,11,3
2022,6,NYG,BAL,54,Punt,0,3,0
2022,6,BAL,NYG,89,Touchdown,7,8,5
2022,6,NYG,BAL,53,Touchdown,7,10,4
2022,6,BAL,NYG,75,Field goal,3,8,3
2022,6,NYG,BAL,75,Punt,0,3,0
2022,6,BAL,NYG,88,Punt,0,3,0
2022,6,NYG,BAL,51,Turnover,0,2,0
2022,6,NYG,BAL,75,Punt,0,5,1
2022,6,BAL,NYG,69,Field goal,3,8,4
2022,6,NYG,BAL,75,Field goal,3,14,4
2022,6,BAL,NYG,75,Touchdown,7,8,5
2022,6,NYG,BAL,75,Touchdown,7,12,5
2022,6,BAL,NYG,75,Turnover,0,5,1
2022,6,NYG,BAL,13,Touchdown,7,3,2
2022,6,BAL,NYG,75,Turnover,0,2,0
2022,6,NYG,BAL,13,End of half,0,5,1
2022,6,BUF,KC,75,Turnover,0,9,4
2022,6,KC,BUF,89,Turnover,0,14,5
2022,6,BUF,KC,80,Field goal,3,11,3
2022,6,KC,BUF,79,Touchdown,7,6,3
2022,6,BUF,KC,75,Turnover on downs,0,11,4
2022,6,KC,BUF,97,Punt,0,3,0
2022,6,BUF,KC,69,Punt,0,3,0
2022,6,KC,BUF,73,Punt,0,8,4
2022,6,BUF,KC,96,Touchdown,7,7,4
2022,6,KC,BUF,72,Field goal,3,3,1
2022,6,KC,BUF,84,Missed field goal,0,11,3
2022,6,BUF,KC,59,Touchdown,7,6,3
2022,6,KC,BUF,83,Touchdown,7,7,4
2022,6,BUF,KC,75,Turnover on downs,0,7,2
2022,6,KC,BUF,54,Field goal,3,8,2
2022,6,BUF,KC,76,Punt,0,4,1
2022,6,KC,BUF,77,Punt,0,3,0
2022,6,BUF,KC,76,Touchdown,7,12,5
2022,6,KC,BUF,75,Turnover,0,1,1
2022,6,BUF,KC,30,End of half,0,3,0
2022,6,CAR,LA,75,Field goal,3,12,3
2022,6,LA,CAR,65,Punt,0,5,1
2022,6,CAR,LA,87,Punt,0,7,2
2022,6,LA,CAR,93,Punt,0,3,0
2022,6,CAR,LA,76,Punt,0,3,0
2022,6,LA,CAR,73,Touchdown,7,13,6
2022,6,CAR,LA,75,Punt,0,3,0
2022,6,LA,CAR,80,Opp touchdown,0,2,0
2022,6,LA,CAR,75,Punt,0,3,0
2022,6,CAR,LA,65,End of half,0,1,0
2022,6,LA,CAR,75,Punt,0,3,0
2022,6,CAR,LA,63,Punt,0,3,0
2022,6,LA,CAR,90,Field goal,3,12,5
2022,6,CAR,LA,75,Punt,0,3,0
2022,6,LA,CAR,80,Touchdown,7,5,4
2022,6,CAR,LA,80,Punt,0,3,0
2022,6,LA,CAR,61,Touchdown,7,10,5
2022,6,CAR,LA,75,Punt,0,4,1
2022,6,LA,CAR,86,Punt,0,3,0
2022,6,CAR,LA,67,Turnover,0,6,2
2022,6,LA,CAR,80,End of half,0,5,1
2022,6,CIN,NO,75,Punt,0,3,0
2022,6,NO,CIN,68,Punt,0,3,0
2022,6,NO,CIN,32,Touchdown,7,3,2
2022,6,CIN,NO,78,Punt,0,5,1
2022,6,NO,CIN,82,Punt,0,4,1
2022,6,CIN,NO,75,Touchdown,7,12,6
2022,6,NO,CIN,75,Touchdown,7,5,3
2022,6,CIN,NO,75,Punt,0,3,0
2022,6,NO,CIN,75,Field goal,3,6,2
2022,6,CIN,NO,75,Touchdown,7,10,4
2022,6,NO,CIN,75,Field goal,3,14,4
2022,6,NO,CIN,75,Field goal,3,14,4
2022,6,CIN,NO,74,Touchdown,7,7,5
2022,6,NO,CIN,79,Field goal,3,14,4
2022,6,CIN,NO,75,Field goal,3,13,4
2022,6,NO,CIN,75,Punt,0,3,0
2022,6,CIN,NO,60,Touchdown,7,1,1
2022,6,NO,CIN,70,Turnover on downs,0,9,2
2022,6,CIN,NO,52,End of half,0,1,0
2022,6,DAL,PHI,84,Punt,0,3,0
2022,6,PHI,DAL,71,Punt,0,5,1
2022,6,DAL,PHI,76,Punt,0,5,1
2022,6,PHI,DAL,80,Touchdown,7,15,6
2022,6,DAL,PHI,75,Turnover,0,1,0
2022,6,PHI,DAL,44,Touchdown,7,7,3
2022,6,DAL,PHI,75,Turnover on downs,0,4,0
2022,6,PHI,DAL,34,Field goal,3,4,0
2022,6,DAL,PHI,91,Turnover,0,5,1
2022,6,PHI,DAL,46,Field goal,3,8,2
2022,6,DAL,PHI,41,Field goal,3,9,2
2022,6,PHI,DAL,75,End of half,0,1,0
2022,6,PHI,DAL,75,Punt,0,4,1
2022,6,DAL,PHI,79,Touchdown,7,9,6
2022,6,PHI,DAL,70,Punt,0,5,1
2022,6,DAL,PHI,93,Touchdown,7,15,7
2022,6,PHI,DAL,75,Touchdown,7,13,6
2022,6,DAL,PHI,75,Turnover,0,4,1
2022,6,PHI,DAL,53,Punt,0,4,1
2022,6,DAL,PHI,88,Missed field goal,0,11,3
2022,6,PHI,DAL,51,End of half,0,4,1
2022,6,LAC,DEN,75,Punt,0,7,2
2022,6,DEN,LAC,79,Field goal,3,8,2
2022,6,LAC,DEN,71,Punt,0,3,0
2022,6,DEN,LAC,84,Touchdown,7,7,3
2022,6,LAC,DEN,82,Touchdown,7,15,6
2022,6,DEN,LAC,71,Punt,0,3,0
2022,6,LAC,DEN,88,Field goal,3,14,4
2022,6,DEN,LAC,75,Field goal,3,7,3
2022,6,DEN,LAC,75,Punt,0,3,0
2022,6,LAC,DEN,72,Field goal,3,9,4
2022,6,DEN,LAC,75,Punt,0,8,2
2022,6,LAC,DEN,70,Turnover on downs,0,11,3
2022,6,DEN,LAC,71,Punt,0,8,2
2022,6,LAC,DEN,83,Turnover,0,1,0
2022,6,DEN,LAC,30,Field goal,3,4,0
2022,6,LAC,DEN,75,Field goal,3,10,4
2022,6,DEN,LAC,75,Punt,0,4,1
2022,6,LAC,DEN,75,Turnover on downs,0,7,1
2022,6,DEN,LAC,75,Punt,0,3,0
2022,6,LAC,DEN,81,Punt,0,3,0
2022,6,DEN,LAC,69,Punt,0,3,0
2022,6,LAC,DEN,81,Punt,0,3,0
2022,6,LAC,DEN,28,Field goal,3,4,0
2022,6,IND,JAX,86,Punt,0,7,2
2022,6,JAX,IND,85,Punt,0,6,2
2022,6,IND,JAX,90,Punt,0,3,0
2022,6,JAX,IND,56,Touchdown,7,6,4
2022,6,IND,JAX,77,Field goal,3,13,4
2022,6,JAX,IND,75,Touchdown,7,4,2
2022,6,IND,JAX,75,Punt,0,6,2
2022,6,JAX,IND,88,Punt,0,3,0
2022,6,IND,JAX,54,Touchdown,7,8,4
2022,6,JAX,IND,77,Punt,0,3,0
2022,6,IND,JAX,61,Field goal,3,9,2
2022,6,JAX,IND,75,End of half,0,1,0
2022,6,JAX,IND,75,Touchdown,7,7,5
2022,6,IND,JAX,75,Touchdown,7,10,6
2022,6,JAX,IND,81,Turnover on downs,0,9,3
2022,6,IND,JAX,66,Touchdown,7,9,5
2022,6,JAX,IND,84,Touchdown,7,18,8
2022,6,IND,JAX,66,Touchdown,7,11,4
2022,6,JAX,IND,75,Turnover,0,2,1
2022,6,MIN,MIA,75,Punt,0,3,0
2022,6,MIA,MIN,75,Punt,0,10,3
2022,6,MIN,MIA,94,Punt,0,3,0
2022,6,MIA,MIN,82,Punt,0,8,3
2022,6,MIN,MIA,80,Punt,0,3,0
2022,6,MIA,MIN,72,Punt,0,3,0
2022,6,MIN,MIA,84,Punt,0,3,0
2022,6,MIA,MIN,62,Field goal,3,9,2
2022,6,MIN,MIA,75,Touchdown,7,7,6
2022,6,MIA,MIN,53,Missed field goal,0,7,1
2022,6,MIN,MIA,58,Punt,0,3,0
2022,6,MIA,MIN,89,Turnover,0,2,1
2022,6,MIN,MIA,41,Field goal,3,3,1
2022,6,MIA,MIN,75,Turnover on downs,0,4,0
2022,6,MIN,MIA,33,Punt,0,3,0
2022,6,MIA,MIN,90,Punt,0,3,0
2022,6,MIN,MIA,59,Punt,0,3,0
2022,6,MIA,MIN,88,Punt,0,3,0
2022,6,MIN,MIA,49,Punt,0,3,0
2022,6,MIA,MIN,86,Punt,0,4,1
2022,6,MIN,MIA,73,Touchdown,7,7,3
2022,6,MIA,MIN,75,Touchdown,7,7,5
2022,6,MIN,MIA,75,Punt,0,3,0
2022,6,MIA,MIN,80,Turnover,0,7,2
2022,6,MIN,MIA,59,Touchdown,7,2,1
2022,6,MIA,MIN,75,Turnover,0,2,1
2022,6,MIN,MIA,48,Punt,0,3,0
2022,6,MIA,MIN,83,Touchdown,7,6,4
2022,6,MIN,MIA,45,End of half,0,2,0
2022,6,CLE,NE,75,Turnover,0,2,0
2022,6,NE,CLE,64,Field goal,3,12,3
2022,6,CLE,NE,75,Field goal,3,9,2
2022,6,NE,CLE,78,Turnover,0,3,1
2022,6,CLE,NE,38,Turnover on downs,0,5,1
2022,6,NE,CLE,82,Punt,0,5,1
2022,6,CLE,NE,87,Punt,0,7,3
2022,6,NE,CLE,87,Touchdown,7,9,5
2022,6,CLE,NE,71,Field goal,3,9,2
2022,6,NE,CLE,75,End of half,0,1,0
2022,6,NE,CLE,75,Touchdown,7,7,3
2022,6,CLE,NE,75,Punt,0,6,1
2022,6,NE,CLE,61,Punt,0,3,0
2022,6,CLE,NE,72,Turnover,0,1,0
2022,6,NE,CLE,40,Touchdown,7,3,1
2022,6,CLE,NE,74,Punt,0,3,0
2022,6,NE,CLE,57,Punt,0,3,0
2022,6,CLE,NE,81,Field goal,3,9,3
2022,6,NE,CLE,77,Missed field goal,0,11,4
2022,6,CLE,NE,65,Touchdown,7,8,2
2022,6,NE,CLE,47,Punt,0,3,0
2022,6,NE,CLE,19,Touchdown,7,1,1
2022,6,CLE,NE,83,Turnover,0,2,0
2022,6,NE,CLE,8,Touchdown,7,3,1
2022,6,CLE,NE,83,Turnover on downs,0,9,2
2022,6,NE,CLE,63,End of half,0,3,0
2022,6,GB,NYJ,75,Punt,0,3,0
2022,6,NYJ,GB,77,Punt,0,3,0
2022,6,GB,NYJ,79,Punt,0,3,0
2022,6,NYJ,GB,76,Punt,0,5,1
2022,6,GB,NYJ,79,Punt,0,5,1
2022,6,NYJ,GB,85,Punt,0,3,0
2022,6,GB,NYJ,73,Missed field goal,0,7,1
2022,6,NYJ,GB,63,Punt,0,3,0
2022,6,GB,NYJ,36,Punt,0,4,0
2022,6,NYJ,GB,92,Punt,0,3,0
2022,6,GB,NYJ,76,Turnover,0,3,0
2022,6,NYJ,GB,34,Field goal,3,6,1
2022,6,GB,NYJ,75,Turnover on downs,0,7,1
2022,6,NYJ,GB,54,Missed field goal,0,5,1
2022,6,GB,NYJ,57,Field goal,3,6,3
2022,6,NYJ,GB,75,Punt,0,3,0
2022,6,GB,NYJ,72,Punt,0,6,1
2022,6,NYJ,GB,74,Touchdown,7,4,3
2022,6,GB,NYJ,70,Opp touchdown,0,5,1
2022,6,GB,NYJ,75,Touchdown,7,6,4
2022,6,NYJ,GB,66,Touchdown,7,5,3
2022,6,GB,NYJ,75,Turnover on downs,0,12,3
2022,6,NYJ,GB,63,Field goal,3,13,5
2022,6,GB,NYJ,75,Turnover on downs,0,4,0
2022,6,NYJ,GB,32,End of half,0,3,0
2022,6,ATL,SF,74,Touchdown,7,11,4
2022,6,SF,ATL,72,Punt,0,3,0
2022,6,ATL,SF,68,Punt,0,5,1
2022,6,SF,ATL,89,Opp touchdown,0,3,0
2022,6,SF,ATL,79,Touchdown,7,8,5
2022,6,ATL,SF,75,Punt,0,3,0
2022,6,SF,ATL,32,Touchdown,7,4,2
2022,6,ATL,SF,75,Touchdown,7,11,6
2022,6,SF,ATL,75,Turnover,0,5,3
2022,6,SF,ATL,70,Punt,0,3,0
2022,6,ATL,SF,65,Touchdown,7,9,4
2022,6,SF,ATL,75,Punt,0,5,1
2022,6,ATL,SF,90,Punt,0,6,1
2022,6,SF,ATL,80,Turnover,0,6,2
2022,6,ATL,SF,55,Punt,0,6,1
2022,6,SF,ATL,99,Turnover on downs,0,16,5
2022,6,ATL,SF,81,Punt,0,5,1
2022,6,SF,ATL,81,End of half,0,4,3
2022,6,TB,PIT,75,Punt,0,3,0
2022,6,PIT,TB,66,Touchdown,7,11,5
2022,6,TB,PIT,72,Field goal,3,12,4
2022,6,PIT,TB,87,Punt,0,3,0
2022,6,TB,PIT,54,Field goal,3,11,4
2022,6,PIT,TB,81,Field goal,3,12,3
2022,6,TB,PIT,75,Punt,0,3,0
2022,6,PIT,TB,74,Punt,0,3,0
2022,6,TB,PIT,75,Punt,0,5,1
2022,6,PIT,TB,86,Punt,0,3,0
2022,6,TB,PIT,51,Field goal,3,4,1
2022,6,PIT,TB,12,Field goal,3,4,0
2022,6,TB,PIT,75,Field goal,3,14,5
2022,6,PIT,TB,75,Punt,0,6,1
2022,6,TB,PIT,85,Punt,0,3,0
2022,6,PIT,TB,52,Punt,0,3,0
2022,6,TB,PIT,83,Punt,0,3,0
2022,6,PIT,TB,71,Touchdown,7,8,3
2022,6,TB,PIT,73,Touchdown,7,14,5
2022,6,PIT,TB,75,End of half,0,10,3
2022,6,CHI,WAS,75,Punt,0,7,2
2022,6,WAS,CHI,77,Punt,0,3,0
2022,6,CHI,WAS,66,Turnover,0,11,4
2022,6,WAS,CHI,94,Punt,0,5,1
2022,6,CHI,WAS,69,Turnover on downs,0,5,1
2022,6,WAS,CHI,99,Punt,0,6,1
2022,6,CHI,WAS,77,Punt,0,4,1
2022,6,WAS,CHI,83,Punt,0,4,1
2022,6,CHI,WAS,79,Punt,0,3,0
2022,6,WAS,CHI,77,Field goal,3,9,3
2022,6,CHI,WAS,75,End of half,0,6,2
2022,6,WAS,CHI,75,Punt,0,5,1
2022,6,CHI,WAS,94,Touchdown,7,9,4
2022,6,WAS,CHI,75,Field goal,3,13,5
2022,6,CHI,WAS,78,Punt,0,6,1
2022,6,WAS,CHI,67,Punt,0,3,0
2022,6,WAS,CHI,6,Touchdown,7,2,1
2022,6,CHI,WAS,75,Turnover on downs,0,10,3
2022,6,WAS,CHI,52,Missed field goal,0,5,1
2022,6,CHI,WAS,62,Turnover on downs,0,8,2
2022,6,WAS,CHI,99,End of half,0,1,0
2022,7,CIN,ATL,84,Touchdown,7,4,3
2022,7,ATL,CIN,75,Punt,0,5,1
2022,7,CIN,ATL,71,Touchdown,7,11,5
2022,7,ATL,CIN,75,Punt,0,3,0
2022,7,CIN,ATL,75,Touchdown,7,6,4
2022,7,ATL,CIN,75,Touchdown,7,16,8
2022,7,CIN,ATL,84,Touchdown,7,7,4
2022,7,ATL,CIN,75,Touchdown,7,1,1
2022,7,CIN,ATL,75,Punt,0,4,1
2022,7,ATL,CIN,25,Field goal,3,1,0
2022,7,ATL,CIN,75,Punt,0,3,0
2022,7,CIN,ATL,57,Turnover on downs,0,5,1
2022,7,ATL,CIN,73,Punt,0,3,0
2022,7,CIN,ATL,62,Touchdown,7,7,4
2022,7,ATL,CIN,75,Punt,0,5,1
2022,7,CIN,ATL,79,Punt,0,5,1
2022,7,ATL,CIN,80,Punt,0,9,2
2022,7,CIN,ATL,97,End of half,0,17,6
2022,7,NE,CHI,83,Punt,0,3,0
2022,7,CHI,NE,66,Field goal,3,8,2
2022,7,NE,CHI,79,Punt,0,3,0
2022,7,CHI,NE,56,Touchdown,7,7,4
2022,7,NE,CHI,77,Turnover,0,10,3
2022,7,CHI,NE,73,Punt,0,3,0
2022,7,NE,CHI,55,Touchdown,7,4,2
2022,7,CHI,NE,70,Turnover,0,4,1
2022,7,CHI,NE,75,Touchdown,7,9,5
2022,7,NE,CHI,73,Turnover,0,3,1
2022,7,CHI,NE,37,Field goal,3,7,3
2022,7,CHI,NE,76,Field goal,3,10,3
2022,7,NE,CHI,75,Punt,0,3,0
2022,7,CHI,NE,78,Field goal,3,10,2
2022,7,NE,CHI,75,Punt,0,3,0
2022,7,CHI,NE,39,Touchdown,7,8,3
2022,7,NE,CHI,82,Turnover,0,8,3
2022,7,CHI,NE,63,Punt,0,4,1
2022,7,NE,CHI,86,Turnover,0,7,1
2022,7,CHI,NE,10,Turnover on downs,0,4,0
2022,7,NE,CHI,97,End of half,0,1,0
2022,7,CLE,BAL,75,Touchdown,7,11,5
2022,7,BAL,CLE,75,Field goal,3,9,2
2022,7,CLE,BAL,75,Field goal,3,5,1
2022,7,BAL,CLE,75,Punt,0,3,0
2022,7,CLE,BAL,88,Punt,0,3,0
2022,7,BAL,CLE,21,Field goal,3,4,0
2022,7,CLE,BAL,75,Punt,0,3,0
2022,7,BAL,CLE,80,Touchdown,7,10,5
2022,7,CLE,BAL,88,Punt,0,7,2
2022,7,BAL,CLE,92,End of half,0,1,0
2022,7,BAL,CLE,75,Punt,0,3,0
2022,7,CLE,BAL,60,Turnover,0,3,0
2022,7,BAL,CLE,25,Touchdown,7,8,3
2022,7,CLE,BAL,75,Field goal,3,10,3
2022,7,BAL,CLE,75,Field goal,3,13,3
2022,7,CLE,BAL,75,Touchdown,7,7,6
2022,7,BAL,CLE,75,Turnover,0,12,4
2022,7,CLE,BAL,84,Missed field goal,0,7,1
2022,7,CLE,BAL,80,Turnover,0,3,0
2022,7,DAL,DET,75,Punt,0,3,0
2022,7,DET,DAL,61,Punt,0,4,1
2022,7,DAL,DET,80,Punt,0,3,0
2022,7,DET,DAL,70,Field goal,3,10,4
2022,7,DAL,DET,75,Field goal,3,12,4
2022,7,DET,DAL,75,Field goal,3,8,3
2022,7,DAL,DET,75,Punt,0,4,0
2022,7,DET,DAL,64,Punt,0,3,0
2022,7,DAL,DET,76,Turnover,0,7,4
2022,7,DET,DAL,97,End of half,0,3,2
2022,7,DET,DAL,75,Turnover,0,3,1
2022,7,DAL,DET,82,Touchdown,7,7,5
2022,7,DET,DAL,75,Punt,0,4,1
2022,7,DAL,DET,41,Punt,0,3,0
2022,7,DET,DAL,80,Turnover,0,12,4
2022,7,DAL,DET,99,Punt,0,4,1
2022,7,DET,DAL,79,Turnover,0,4,1
2022,7,DAL,DET,54,Touchdown,7,11,5
2022,7,DET,DAL,75,Turnover,0,2,0
2022,7,DAL,DET,24,Touchdown,7,4,2
2022,7,DET,DAL,75,Turnover,0,5,1
2022,7,DAL,DET,41,End of half,0,2,0
2022,7,GB,WAS,75,Punt,0,5,1
2022,7,WAS,GB,97,Punt,0,3,0
2022,7,GB,WAS,42,Touchdown,7,7,4
2022,7,WAS,GB,70,Punt,0,3,0
2022,7,WAS,GB,17,Field goal,3,6,1
2022,7,GB,WAS,75,Punt,0,3,0
2022,7,WAS,GB,64,Opp touchdown,0,5,1
2022,7,WAS,GB,83,Touchdown,7,12,5
2022,7,GB,WAS,75,Punt,0,3,0
2022,7,WAS,GB,43,Missed field goal,0,6,1
2022,7,GB,WAS,63,Punt,0,5,1
2022,7,WAS,GB,69,Punt,0,3,0
2022,7,GB,WAS,99,End of half,0,1,0
2022,7,WAS,GB,74,Touchdown,7,5,4
2022,7,GB,WAS,75,Punt,0,5,1
2022,7,WAS,GB,85,Field goal,3,16,5
2022,7,GB,WAS,75,Turnover on downs,0,7,2
2022,7,WAS,GB,63,Field goal,3,9,3
2022,7,GB,WAS,75,Touchdown,7,8,5
2022,7,WAS,GB,75,Punt,0,8,2
2022,7,GB,WAS,82,End of half,0,3,2
2022,7,LV,HOU,76,Field goal,3,11,3
2022,7,HOU,LV,75,Missed field goal,0,9,3
2022,7,LV,HOU,71,Punt,0,3,0
2022,7,HOU,LV,62,Touchdown,7,13,5
2022,7,LV,HOU,91,Punt,0,6,2
2022,7,HOU,LV,80,Field goal,3,7,2
2022,7,LV,HOU,82,Touchdown,7,10,4
2022,7,HOU,LV,75,End of half,0,1,0
2022,7,HOU,LV,84,Field goal,3,8,2
2022,7,LV,HOU,75,Touchdown,7,10,6
2022,7,HOU,LV,74,Touchdown,7,6,3
2022,7,LV,HOU,76,Touchdown,7,7,5
2022,7,HOU,LV,76,Punt,0,3,0
2022,7,LV,HOU,81,Touchdown,7,7,5
2022,7,HOU,LV,75,Opp touchdown,0,10,3
2022,7,HOU,LV,80,Turnover on downs,0,11,3
2022,7,LV,HOU,86,End of half,0,2,0
2022,7,TEN,IND,83,Punt,0,5,1
2022,7,IND,TEN,67,Punt,0,3,0
2022,7,TEN,IND,72,Field goal,3,11,3
2022,7,IND,TEN,75,Punt,0,6,1
2022,7,TEN,IND,80,Punt,0,5,1
2022,7,IND,TEN,77,Opp touchdown,0,9,3
2022,7,IND,TEN,80,Turnover,0,8,3
2022,7,TEN,IND,62,Field goal,3,8,3
2022,7,IND,TEN,84,Punt,0,7,2
2022,7,TEN,IND,72,End of half,0,1,0
2022,7,IND,TEN,83,Punt,0,6,2
2022,7,TEN,IND,80,Punt,0,3,0
2022,7,IND,TEN,58,Touchdown,7,12,4
2022,7,TEN,IND,75,Field goal,3,11,3
2022,7,IND,TEN,75,Punt,0,3,0
2022,7,TEN,IND,55,Turnover,0,3,1
2022,7,IND,TEN,55,Field goal,3,6,1
2022,7,TEN,IND,71,Field goal,3,9,2
2022,7,IND,TEN,75,Turnover,0,5,1
2022,7,TEN,IND,57,End of half,0,5,2
2022,7,SF,KC,75,Field goal,3,10,3
2022,7,KC,SF,75,Turnover,0,3,0
2022,7,SF,KC,34,Touchdown,7,4,2
2022,7,KC,SF,73,Touchdown,7,9,4
2022,7,SF,KC,78,Field goal,3,10,3
2022,7,KC,SF,90,Touchdown,7,10,6
2022,7,SF,KC,86,Punt,0,8,3
2022,7,SF,KC,12,Turnover,0,3,0
2022,7,KC,SF,94,Missed field goal,0,8,3
2022,7,SF,KC,71,End of half,0,1,0
2022,7,KC,SF,33,Touchdown,7,3,2
2022,7,SF,KC,83,Field goal,3,11,3
2022,7,KC,SF,75,Touchdown,7,9,4
2022,7,SF,KC,75,Touchdown,7,8,5
2022,7,KC,SF,80,Touchdown,7,6,3
2022,7,SF,KC,95,Safety,0,3,0
2022,7,KC,SF,72,Touchdown,7,5,2
2022,7,SF,KC,75,Turnover,0,7,2
2022,7,KC,SF,51,Punt,0,3,0
2022,7,SF,KC,85,Turnover,0,10,4
2022,7,KC,SF,80,End of half,0,3,0
2022,7,NO,ARI,75,Touchdown,7,4,2
2022,7,ARI,NO,75,Field goal,3,6,1
2022,7,NO,ARI,75,Turnover,0,15,5
2022,7,ARI,NO,80,Field goal,3,9,3
2022,7,NO,ARI,75,Touchdown,7,5,2
2022,7,ARI,NO,75,Touchdown,7,13,6
2022,7,NO,ARI,75,Opp touchdown,0,2,1
2022,7,NO,ARI,75,Opp touchdown,0,5,1
2022,7,NO,ARI,91,End of half,0,1,0
2022,7,ARI,NO,75,Punt,0,3,0
2022,7,NO,ARI,61,Field goal,3,9,2
2022,7,ARI,NO,75,Punt,0,3,0
2022,7,NO,ARI,54,Punt,0,3,0
2022,7,ARI,NO,85,Touchdown,7,12,6
2022,7,NO,ARI,75,Punt,0,3,0
2022,7,ARI,NO,90,Punt,0,4,1
2022,7,NO,ARI,46,Touchdown,7,5,3
2022,7,ARI,NO,64,Touchdown,7,8,4
2022,7,NO,ARI,75,Touchdown,7,11,6
2022,7,ARI,NO,48,Punt,0,3,0
2022,7,NO,ARI,80,Field goal,3,10,3
2022,7,ARI,NO,48,End of half,0,1,0
2022,7,NYG,JAX,75,Touchdown,7,9,4
2022,7,JAX,NYG,70,Touchdown,7,6,5
2022,7,NYG,JAX,75,Punt,0,7,2
2022,7,JAX,NYG,79,Field goal,3,12,4
2022,7,NYG,JAX,75,Field goal,3,10,3
2022,7,JAX,NYG,81,Turnover,0,8,4
2022,7,NYG,JAX,80,Field goal,3,12,4
2022,7,JAX,NYG,75,Turnover on downs,0,5,1
2022,7,JAX,NYG,73,Touchdown,7,7,4
2022,7,NYG,JAX,75,Turnover on downs,0,11,4
2022,7,JAX,NYG,96,Punt,0,3,0
2022,7,NYG,JAX,67,Punt,0,5,1
2022,7,JAX,NYG,80,Turnover on downs,0,12,3
2022,7,NYG,JAX,79,Touchdown,7,10,6
2022,7,JAX,NYG,75,Punt,0,3,0
2022,7,NYG,JAX,77,Field goal,3,9,3
2022,7,JAX,NYG,75,End of half,0,10,6
2022,7,NYJ,DEN,75,Punt,0,3,0
2022,7,DEN,NYJ,83,Punt,0,6,1
2022,7,NYJ,DEN,87,Punt,0,3,0
2022,7,DEN,NYJ,61,Punt,0,3,0
2022,7,NYJ,DEN,73,Touchdown,7,3,2
2022,7,DEN,NYJ,75,Touchdown,7,13,6
2022,7,NYJ,DEN,75,Punt,0,3,0
2022,7,DEN,NYJ,52,Missed field goal,0,8,1
2022,7,NYJ,DEN,54,Punt,0,3,0
2022,7,DEN,NYJ,99,Field goal,3,11,4
2022,7,NYJ,DEN,75,Field goal,3,10,3
2022,7,DEN,NYJ,75,Punt,0,6,1
2022,7,NYJ,DEN,87,Punt,0,4,1
2022,7,DEN,NYJ,80,Punt,0,4,1
2022,7,NYJ,DEN,68,Punt,0,3,0
2022,7,DEN,NYJ,80,Punt,0,4,1
2022,7,NYJ,DEN,86,Punt,0,3,0
2022,7,DEN,NYJ,72,Turnover,0,2,1
2022,7,NYJ,DEN,37,Field goal,3,7,1
2022,7,DEN,NYJ,75,Punt,0,3,0
2022,7,NYJ,DEN,72,Field goal,3,10,3
2022,7,DEN,NYJ,75,Turnover on downs,0,10,3
2022,7,NYJ,DEN,75,Punt,0,3,0
2022,7,DEN,NYJ,80,Turnover on downs,0,7,2
2022,7,NYJ,DEN,51,End of half,0,1,0
2022,7,MIA,PIT,71,Touchdown,7,9,5
2022,7,PIT,MIA,75,Punt,0,3,0
2022,7,MIA,PIT,65,Field goal,3,8,3
2022,7,PIT,MIA,75,Turnover,0,2,0
2022,7,MIA,PIT,53,Field goal,3,7,2
2022,7,PIT,MIA,75,Field goal,3,12,3
2022,7,MIA,PIT,75,Punt,0,6,1
2022,7,PIT,MIA,86,Touchdown,7,13,6
2022,7,MIA,PIT,85,Field goal,3,8,2
2022,7,PIT,MIA,73,Punt,0,3,0
2022,7,MIA,PIT,72,Turnover on downs,0,8,2
2022,7,PIT,MIA,85,Punt,0,5,1
2022,7,MIA,PIT,79,Punt,0,3,0
2022,7,PIT,MIA,61,Punt,0,3,0
2022,7,MIA,PIT,70,Punt,0,3,0
2022,7,PIT,MIA,82,Punt,0,4,1
2022,7,MIA,PIT,88,Punt,0,4,1
2022,7,PIT,MIA,77,Punt,0,3,0
2022,7,MIA,PIT,85,Punt,0,5,1
2022,7,PIT,MIA,82,Turnover,0,12,5
2022,7,MIA,PIT,49,Punt,0,3,0
2022,7,PIT,MIA,87,Turnover,0,10,3
2022,7,MIA,PIT,80,End of half,0,1,0
2022,7,SEA,LAC,81,Turnover,0,4,2
2022,7,LAC,SEA,41,Turnover on downs,0,4,0
2022,7,SEA,LAC,68,Touchdown,7,8,4
2022,7,LAC,SEA,75,Turnover,0,4,1
2022,7,SEA,LAC,43,Touchdown,7,4,3
2022,7,LAC,SEA,75,Turnover,0,5,1
2022,7,SEA,LAC,19,Field goal,3,4,0
2022,7,LAC,SEA,75,Touchdown,7,8,5
2022,7,SEA,LAC,70,Turnover,0,2,0
2022,7,LAC,SEA,33,Touchdown,7,6,2
2022,7,SEA,LAC,75,Punt,0,5,1
2022,7,LAC,SEA,73,Punt,0,3,0
2022,7,SEA,LAC,73,Touchdown,7,7,4
2022,7,LAC,SEA,75,Punt,0,6,2
2022,7,SEA,LAC,91,End of half,0,1,0
2022,7,LAC,SEA,77,Punt,0,6,2
2022,7,SEA,LAC,93,Field goal,3,17,6
2022,7,LAC,SEA,75,Punt,0,6,1
2022,7,SEA,LAC,98,Safety,0,1,0
2022,7,LAC,SEA,71,Punt,0,3,0
2022,7,SEA,LAC,63,Field goal,3,7,2
2022,7,LAC,SEA,75,Turnover on downs,0,7,2
2022,7,SEA,LAC,74,Touchdown,7,1,1
2022,7,LAC,SEA,75,Touchdown,7,11,5
2022,7,SEA,LAC,45,End of half,0,5,1
2022,7,TB,CAR,75,Punt,0,5,1
2022,7,CAR,TB,90,Punt,0,3,0
2022,7,TB,CAR,73,Punt,0,7,2
2022,7,CAR,TB,80,Punt,0,3,0
2022,7,TB,CAR,78,Punt,0,7,2
2022,7,CAR,TB,90,Punt,0,11,3
2022,7,TB,CAR,80,Punt,0,8,2
2022,7,CAR,TB,80,Touchdown,7,6,4
2022,7,TB,CAR,77,End of half,0,4,2
2022,7,CAR,TB,75,Punt,0,3,0
2022,7,TB,CAR,72,Punt,0,5,1
2022,7,CAR,TB,80,Punt,0,3,0
2022,7,TB,CAR,70,Turnover on downs,0,7,2
2022,7,CAR,TB,75,Punt,0,3,0
2022,7,TB,CAR,83,Punt,0,3,0
2022,7,CAR,TB,77,Touchdown,7,3,2
2022,7,TB,CAR,75,Field goal,3,14,4
2022,7,CAR,TB,75,Touchdown,7,7,3
2022,7,TB,CAR,66,Turnover on downs,0,5,1
2022,7,CAR,TB,72,Punt,0,8,2
2022,7,TB,CAR,87,End of half,0,2,0
2022,8,MIN,ARI,75,Touchdown,7,10,4
2022,8,ARI,MIN,75,Field goal,3,8,3
2022,8,MIN,ARI,75,Turnover on downs,0,7,2
2022,8,ARI,MIN,61,Punt,0,5,1
2022,8,MIN,ARI,83,Touchdown,7,9,7
2022,8,ARI,MIN,75,Punt,0,7,2
2022,8,MIN,ARI,96,Punt,0,5,1
2022,8,ARI,MIN,72,Touchdown,7,10,5
2022,8,MIN,ARI,75,Missed field goal,0,7,2
2022,8,ARI,MIN,75,Punt,0,3,0
2022,8,MIN,ARI,75,Punt,0,3,0
2022,8,ARI,MIN,52,Touchdown,7,5,3
2022,8,MIN,ARI,75,Touchdown,7,8,4
2022,8,ARI,MIN,91,Turnover,0,1,0
2022,8,MIN,ARI,31,Touchdown,7,4,3
2022,8,ARI,MIN,70,Touchdown,7,4,2
2022,8,MIN,ARI,75,Turnover,0,3,0
2022,8,ARI,MIN,24,Field goal,3,7,1
2022,8,MIN,ARI,75,Punt,0,3,0
2022,8,MIN,ARI,25,Touchdown,7,4,2
2022,8,ARI,MIN,75,Turnover,0,5,2
2022,8,MIN,ARI,64,Punt,0,3,0
2022,8,ARI,MIN,81,Turnover on downs,0,8,2
2022,8,MIN,ARI,59,Punt,0,3,0
2022,8,ARI,MIN,87,End of half,0,9,4
2022,8,BAL,TB,79,Punt,0,4,1
2022,8,BAL,TB,6,Field goal,3,4,0
2022,8,TB,BAL,75,Touchdown,7,8,4
2022,8,BAL,TB,75,Punt,0,3,0
2022,8,TB,BAL,63,Field goal,3,10,3
2022,8,BAL,TB,75,Punt,0,3,0
2022,8,TB,BAL,55,Punt,0,3,0
2022,8,BAL,TB,94,Punt,0,12,4
2022,8,TB,BAL,86,Punt,0,3,0
2022,8,BAL,TB,60,Turnover on downs,0,9,3
2022,8,TB,BAL,90,Punt,0,6,1
2022,8,BAL,TB,87,Missed field goal,0,6,3
2022,8,TB,BAL,75,Punt,0,3,0
2022,8,BAL,TB,77,Touchdown,7,9,5
2022,8,TB,BAL,75,Punt,0,4,1
2022,8,BAL,TB,80,Touchdown,7,11,5
2022,8,TB,BAL,75,Field goal,3,8,2
2022,8,BAL,TB,83,Touchdown,7,9,5
2022,8,TB,BAL,75,Field goal,3,9,3
2022,8,BAL,TB,61,Field goal,3,5,1
2022,8,TB,BAL,75,Touchdown,7,11,6
2022,8,BAL,TB,46,End of half,0,2,0
2022,8,ATL,CAR,75,Turnover,0,2,0
2022,8,CAR,ATL,80,Punt,0,5,1
2022,8,ATL,CAR,88,Punt,0,4,1
2022,8,CAR,ATL,37,Field goal,3,6,1
2022,8,ATL,CAR,92,Punt,0,7,2
2022,8,CAR,ATL,81,Punt,0,3,0
2022,8,ATL,CAR,69,Touchdown,7,10,5
2022,8,CAR,ATL,75,Touchdown,7,12,5
2022,8,ATL,CAR,86,Punt,0,5,1
2022,8,CAR,ATL,90,Opp touchdown,0,4,2
2022,8,CAR,ATL,75,End of half,0,4,2
2022,8,CAR,ATL,75,Field goal,3,9,2
2022,8,ATL,CAR,75,Punt,0,3,0
2022,8,CAR,ATL,83,Punt,0,5,1
2022,8,ATL,CAR,62,Touchdown,7,8,4
2022,8,CAR,ATL,75,Touchdown,7,10,4
2022,8,ATL,CAR,80,Field goal,3,8,2
2022,8,CAR,ATL,60,Touchdown,7,7,3
2022,8,ATL,CAR,75,Touchdown,7,4,3
2022,8,CAR,ATL,75,Turnover on downs,0,4,0
2022,8,ATL,CAR,18,Field goal,3,4,0
2022,8,CAR,ATL,75,Touchdown,7,3,2
2022,8,ATL,CAR,75,End of half,0,2,0
2022,8,ATL,CAR,86,Turnover,0,5,1
2022,8,CAR,ATL,20,Missed field goal,0,4,0
2022,8,ATL,CAR,78,Field goal,3,8,2
2022,8,DAL,CHI,75,Touchdown,7,11,5
2022,8,CHI,DAL,75,Punt,0,3,0
2022,8,DAL,CHI,69,Touchdown,7,8,4
2022,8,CHI,DAL,75,Touchdown,7,12,5
2022,8,DAL,CHI,75,Touchdown,7,6,3
2022,8,CHI,DAL,75,Punt,0,3,0
2022,8,DAL,CHI,54,Touchdown,7,8,4
2022,8,CHI,DAL,75,Touchdown,7,12,6
2022,8,DAL,CHI,75,Turnover,0,1,0
2022,8,CHI,DAL,24,Field goal,3,4,0
2022,8,CHI,DAL,75,Punt,0,3,0
2022,8,DAL,CHI,94,Punt,0,3,0
2022,8,CHI,DAL,62,Touchdown,7,5,3
2022,8,DAL,CHI,75,Touchdown,7,7,5
2022,8,CHI,DAL,75,Opp touchdown,0,3,0
2022,8,CHI,DAL,75,Touchdown,7,13,5
2022,8,DAL,CHI,79,Touchdown,7,5,2
2022,8,CHI,DAL,76,Turnover on downs,0,11,3
2022,8,DAL,CHI,84,Punt,0,6,1
2022,8,CHI,DAL,80,Punt,0,3,0
2022,8,DAL,CHI,63,End of half,0,2,0
2022,8,CIN,CLE,86,Turnover,0,9,3
2022,8,CLE,CIN,84,Missed field goal,0,7,2
2022,8,CIN,CLE,57,Punt,0,6,1
2022,8,CLE,CIN,69,Turnover,0,2,1
2022,8,CIN,CLE,52,Punt,0,3,0
2022,8,CLE,CIN,87,Punt,0,5,1
2022,8,CIN,CLE,70,Punt,0,3,0
2022,8,CLE,CIN,78,Touchdown,7,10,4
2022,8,CIN,CLE,72,Turnover,0,3,2
2022,8,CLE,CIN,47,Turnover,0,4,1
2022,8,CIN,CLE,51,Missed field goal,0,6,1
2022,8,CLE,CIN,63,Field goal,3,6,2
2022,8,CLE,CIN,75,Touchdown,7,11,4
2022,8,CIN,CLE,75,Punt,0,3,0
2022,8,CLE,CIN,60,Touchdown,7,8,4
2022,8,CIN,CLE,73,Touchdown,7,9,5
2022,8,CLE,CIN,83,Touchdown,7,8,3
2022,8,CIN,CLE,75,Touchdown,7,5,3
2022,8,CLE,CIN,45,Punt,0,3,0
2022,8,CIN,CLE,70,Turnover on downs,0,4,0
2022,8,CLE,CIN,36,End of half,0,7,2
2022,8,DEN,JAX,78,Punt,0,3,0
2022,8,JAX,DEN,73,Punt,0,4,1
2022,8,DEN,JAX,83,Turnover,0,2,0
2022,8,JAX,DEN,37,Touchdown,7,5,2
2022,8,DEN,JAX,75,Punt,0,4,0
2022,8,JAX,DEN,81,Turnover,0,13,8
2022,8,DEN,JAX,80,Punt,0,3,0
2022,8,JAX,DEN,73,Field goal,3,6,1
2022,8,DEN,JAX,75,Touchdown,7,11,5
2022,8,JAX,DEN,67,Punt,0,7,2
2022,8,DEN,JAX,91,Turnover on downs,0,9,3
2022,8,JAX,DEN,76,Punt,0,8,2
2022,8,DEN,JAX,98,Touchdown,7,9,5
2022,8,JAX,DEN,75,Punt,0,5,2
2022,8,DEN,JAX,75,Punt,0,3,0
2022,8,JAX,DEN,61,Punt,0,3,0
2022,8,DEN,JAX,80,Punt,0,3,0
2022,8,JAX,DEN,71,Punt,0,8,2
2022,8,DEN,JAX,93,Punt,0,3,0
2022,8,JAX,DEN,47,Touchdown,7,6,4
2022,8,DEN,JAX,80,Touchdown,7,7,4
2022,8,JAX,DEN,75,Turnover,0,1,0
2022,8,DEN,JAX,35,End of half,0,4,1
2022,8,BUF,GB,75,Punt,0,3,0
2022,8,GB,BUF,72,Turnover on downs,0,9,2
2022,8,BUF,GB,61,Touchdown,7,8,4
2022,8,GB,BUF,80,Punt,0,3,0
2022,8,BUF,GB,51,Touchdown,7,4,2
2022,8,GB,BUF,80,Touchdown,7,12,6
2022,8,BUF,GB,80,Touchdown,7,8,5
2022,8,GB,BUF,79,Punt,0,4,1
2022,8,BUF,GB,80,Field goal,3,4,1
2022,8,GB,BUF,92,Field goal,3,8,3
2022,8,BUF,GB,70,Field goal,3,8,3
2022,8,GB,BUF,75,Turnover on downs,0,11,3
2022,8,BUF,GB,73,Turnover,0,5,1
2022,8,GB,BUF,53,Turnover,0,1,0
2022,8,BUF,GB,44,Turnover,0,5,1
2022,8,GB,BUF,95,Touchdown,7,8,4
2022,8,BUF,GB,74,Punt,0,10,3
2022,8,GB,BUF,83,Missed field goal,0,9,2
2022,8,BUF,GB,55,End of half,0,1,0
2022,8,LV,NO,75,Punt,0,3,0
2022,8,NO,LV,67,Punt,0,3,0
2022,8,LV,NO,84,Punt,0,8,2
2022,8,NO,LV,84,Touchdown,7,11,5
2022,8,LV,NO,75,Turnover on downs,0,5,1
2022,8,NO,LV,27,Field goal,3,4,0
2022,8,LV,NO,78,Turnover,0,3,0
2022,8,NO,LV,45,Touchdown,7,6,4
2022,8,LV,NO,75,Punt,0,8,2
2022,8,NO,LV,74,Missed field goal,0,12,3
2022,8,LV,NO,72,End of half,0,1,0
2022,8,NO,LV,75,Touchdown,7,7,4
2022,8,LV,NO,75,Punt,0,5,2
2022,8,NO,LV,82,Punt,0,7,2
2022,8,LV,NO,87,Punt,0,9,2
2022,8,NO,LV,93,Turnover on downs,0,15,4
2022,8,LV,NO,68,End of half,0,14,4
2022,8,DET,MIA,75,Touchdown,7,5,5
2022,8,MIA,DET,75,Turnover,0,8,3
2022,8,DET,MIA,78,Touchdown,7,6,2
2022,8,MIA,DET,80,Touchdown,7,9,5
2022,8,DET,MIA,75,Touchdown,7,6,3
2022,8,MIA,DET,75,Touchdown,7,4,2
2022,8,DET,MIA,75,Field goal,3,11,3
2022,8,MIA,DET,75,Field goal,3,11,3
2022,8,DET,MIA,75,Field goal,3,11,4
2022,8,MIA,DET,75,Touchdown,7,9,5
2022,8,DET,MIA,75,Punt,0,5,1
2022,8,MIA,DET,67,Touchdown,7,9,4
2022,8,DET,MIA,84,Punt,0,5,1
2022,8,MIA,DET,76,Punt,0,6,2
2022,8,DET,MIA,88,Turnover on downs,0,10,3
2022,8,MIA,DET,64,End of half,0,9,3
2022,8,NYJ,NE,82,Punt,0,3,0
2022,8,NE,NYJ,45,Punt,0,3,0
2022,8,NYJ,NE,92,Field goal,3,10,2
2022,8,NE,NYJ,75,Field goal,3,15,5
2022,8,NYJ,NE,75,Touchdown,7,6,5
2022,8,NE,NYJ,75,Turnover,0,6,1
2022,8,NYJ,NE,76,Punt,0,3,0
2022,8,NE,NYJ,91,Turnover on downs,0,13,4
2022,8,NYJ,NE,79,Turnover,0,5,1
2022,8,NE,NYJ,40,Field goal,3,5,2
2022,8,NE,NYJ,62,Touchdown,7,6,3
2022,8,NYJ,NE,75,Missed field goal,0,7,2
2022,8,NE,NYJ,65,Field goal,3,10,3
2022,8,NYJ,NE,83,Punt,0,3,0
2022,8,NE,NYJ,27,Field goal,3,4,0
2022,8,NYJ,NE,75,Turnover,0,1,0
2022,8,NE,NYJ,40,Punt,0,3,0
2022,8,NYJ,NE,80,Turnover,0,7,2
2022,8,NE,NYJ,37,Field goal,3,4,0
2022,8,NYJ,NE,75,Turnover on downs,0,6,2
2022,8,NE,NYJ,70,Punt,0,3,0
2022,8,NYJ,NE,79,Punt,0,3,0
2022,8,NE,NYJ,70,Punt,0,5,1
2022,8,NYJ,NE,88,Touchdown,7,6,3
2022,8,NE,NYJ,43,End of half,0,3,0
2022,8,SEA,NYG,71,Punt,0,6,1
2022,8,NYG,SEA,72,Punt,0,3,0
2022,8,SEA,NYG,86,Punt,0,5,1
2022,8,NYG,SEA,80,Punt,0,3,0
2022,8,SEA,NYG,59,Punt,0,4,1
2022,8,NYG,SEA,80,Punt,0,3,0
2022,8,SEA,NYG,69,Touchdown,7,15,6
2022,8,NYG,SEA,75,Punt,0,8,2
2022,8,SEA,NYG,98,Turnover,0,1,0
2022,8,NYG,SEA,2,Touchdown,7,2,1
2022,8,SEA,NYG,75,Punt,0,5,1
2022,8,SEA,NYG,19,Field goal,3,4,0
2022,8,NYG,SEA,77,Punt,0,3,0
2022,8,SEA,NYG,75,End of half,0,1,0
2022,8,NYG,SEA,92,Field goal,3,14,5
2022,8,SEA,NYG,75,Field goal,3,7,2
2022,8,NYG,SEA,72,Field goal,3,12,3
2022,8,SEA,NYG,75,Touchdown,7,5,4
2022,8,NYG,SEA,75,Punt,0,3,0
2022,8,SEA,NYG,80,Punt,0,3,0
2022,8,SEA,NYG,32,Touchdown,7,2,2
2022,8,NYG,SEA,75,Turnover on downs,0,9,2
2022,8,SEA,NYG,71,Punt,0,6,1
2022,8,NYG,SEA,87,End of half,0,6,1
2022,8,PIT,PHI,75,Punt,0,3,0
2022,8,PHI,PIT,68,Touchdown,7,9,3
2022,8,PIT,PHI,75,Touchdown,7,13,6
2022,8,PHI,PIT,79,Touchdown,7,11,4
2022,8,PIT,PHI,83,Punt,0,3,0
2022,8,PHI,PIT,61,Punt,0,3,0
2022,8,PIT,PHI,78,Punt,0,3,0
2022,8,PHI,PIT,60,Touchdown,7,3,3
2022,8,PIT,PHI,65,Field goal,3,12,3
2022,8,PHI,PIT,65,Punt,0,4,1
2022,8,PIT,PHI,78,End of half,0,2,0
2022,8,PHI,PIT,75,Touchdown,7,5,4
2022,8,PIT,PHI,75,Field goal,3,15,4
2022,8,PHI,PIT,60,Punt,0,6,1
2022,8,PIT,PHI,99,Turnover,0,8,4
2022,8,PHI,PIT,54,Touchdown,7,2,2
2022,8,PIT,PHI,75,Punt,0,7,2
2022,8,PHI,PIT,90,Punt,0,3,0
2022,8,PIT,PHI,51,Turnover,0,6,2
2022,8,PHI,PIT,88,End of half,0,7,2
2022,8,LA,SF,71,Punt,0,3,0
2022,8,SF,LA,73,Punt,0,7,2
2022,8,LA,SF,88,Touchdown,7,17,8
2022,8,SF,LA,71,Touchdown,7,6,3
2022,8,LA,SF,75,Touchdown,7,9,4
2022,8,SF,LA,64,Field goal,3,11,4
2022,8,LA,SF,75,End of half,0,2,0
2022,8,SF,LA,75,Punt,0,4,1
2022,8,LA,SF,90,Punt,0,8,2
2022,8,SF,LA,88,Touchdown,7,11,6
2022,8,LA,SF,75,Punt,0,3,0
2022,8,SF,LA,58,Touchdown,7,6,4
2022,8,LA,SF,75,Punt,0,6,1
2022,8,SF,LA,73,Touchdown,7,5,2
2022,8,LA,SF,79,Punt,0,3,0
2022,8,SF,LA,64,Punt,0,3,0
2022,8,LA,SF,91,End of half,0,5,1
2022,8,TEN,HOU,75,Missed field goal,0,6,1
2022,8,HOU,TEN,62,Turnover,0,8,2
2022,8,TEN,HOU,69,Punt,0,3,0
2022,8,HOU,TEN,94,Punt,0,3,0
2022,8,HOU,TEN,42,Punt,0,3,0
2022,8,TEN,HOU,93,Turnover,0,7,2
2022,8,HOU,TEN,11,Field goal,3,4,0
2022,8,TEN,HOU,82,Punt,0,5,1
2022,8,HOU,TEN,90,Punt,0,3,0
2022,8,TEN,HOU,37,Touchdown,7,3,1
2022,8,HOU,TEN,82,Punt,0,4,1
2022,8,TEN,HOU,83,Punt,0,8,3
2022,8,HOU,TEN,80,End of half,0,1,0
2022,8,HOU,TEN,75,Punt,0,4,1
2022,8,TEN,HOU,65,Touchdown,7,9,3
2022,8,HOU,TEN,75,Punt,0,4,2
2022,8,TEN,HOU,91,Field goal,3,12,5
2022,8,HOU,TEN,75,Punt,0,3,0
2022,8,TEN,HOU,69,Punt,0,3,0
2022,8,HOU,TEN,81,Punt,0,3,0
2022,8,HOU,TEN,90,Touchdown,7,12,4
2022,8,IND,WAS,75,Punt,0,3,0
2022,8,WAS,IND,83,Punt,0,4,1
2022,8,IND,WAS,86,Punt,0,3,0
2022,8,WAS,IND,70,Punt,0,7,2
2022,8,IND,WAS,92,Field goal,3,11,3
2022,8,WAS,IND,75,Touchdown,7,6,4
2022,8,IND,WAS,75,Punt,0,4,1
2022,8,WAS,IND,90,Punt,0,5,1
2022,8,IND,WAS,81,Turnover,0,6,3
2022,8,WAS,IND,78,Punt,0,6,1
2022,8,IND,WAS,86,End of half,0,1,0
2022,8,WAS,IND,75,Turnover on downs,0,6,1
2022,8,WAS,IND,76,Punt,0,3,0
2022,8,IND,WAS,77,Turnover,0,4,1
2022,8,WAS,IND,85,Punt,0,3,0
2022,8,IND,WAS,62,Field goal,3,7,2
2022,8,WAS,IND,75,Turnover,0,1,0
2022,8,IND,WAS,24,Touchdown,7,2,2
2022,8,WAS,IND,92,Field goal,3,12,5
2022,8,IND,WAS,75,Punt,0,3,0
2022,8,WAS,IND,89,Touchdown,7,9,5
2022,8,IND,WAS,75,End of half,0,3,1
2022,9,NO,BAL,75,Punt,0,4,1
2022,9,BAL,NO,89,Punt,0,4,1
2022,9,NO,BAL,84,Punt,0,3,1
2022,9,BAL,NO,76,Touchdown,7,11,5
2022,9,NO,BAL,80,Punt,0,3,0
2022,9,BAL,NO,67,Punt,0,6,1
2022,9,NO,BAL,78,Punt,0,3,0
2022,9,BAL,NO,81,Touchdown,7,12,6
2022,9,NO,BAL,75,Field goal,3,12,4
2022,9,BAL,NO,75,Field goal,3,12,4
2022,9,NO,BAL,75,Field goal,3,12,4
2022,9,BAL,NO,75,Punt,0,3,0
2022,9,NO,BAL,69,Punt,0,3,0
2022,9,BAL,NO,63,Field goal,3,8,2
2022,9,NO,BAL,75,Turnover,0,1,0
2022,9,BAL,NO,17,Touchdown,7,3,2
2022,9,NO,BAL,83,Touchdown,7,9,3
2022,9,BAL,NO,78,Punt,0,8,2
2022,9,NO,BAL,89,End of half,0,1,0
2022,9,BUF,NYJ,55,Turnover,0,3,1
2022,9,NYJ,BUF,86,Punt,0,3,0
2022,9,BUF,NYJ,67,Touchdown,7,14,6
2022,9,NYJ,BUF,84,Field goal,3,7,3
2022,9,BUF,NYJ,75,Punt,0,5,1
2022,9,NYJ,BUF,80,Punt,0,5,1
2022,9,BUF,NYJ,93,Touchdown,7,9,4
2022,9,NYJ,BUF,75,Touchdown,7,13,6
2022,9,BUF,NYJ,75,Missed field goal,0,6,2
2022,9,NYJ,BUF,80,Turnover,0,14,4
2022,9,BUF,NYJ,71,Turnover,0,2,0
2022,9,NYJ,BUF,19,Touchdown,7,4,2
2022,9,BUF,NYJ,75,Field goal,3,12,3
2022,9,NYJ,BUF,60,Punt,0,3,0
2022,9,BUF,NYJ,73,Punt,0,8,2
2022,9,NYJ,BUF,96,Field goal,3,13,5
2022,9,BUF,NYJ,75,Turnover on downs,0,4,0
2022,9,NYJ,BUF,14,End of half,0,1,0
2022,9,CIN,CAR,90,Touchdown,7,9,5
2022,9,CAR,CIN,75,Punt,0,3,0
2022,9,CIN,CAR,70,Punt,0,3,0
2022,9,CAR,CIN,74,Punt,0,3,0
2022,9,CIN,CAR,71,Touchdown,7,10,5
2022,9,CAR,CIN,75,Punt,0,3,0
2022,9,CIN,CAR,59,Touchdown,7,9,5
2022,9,CAR,CIN,79,Turnover,0,2,0
2022,9,CIN,CAR,42,Touchdown,7,5,3
2022,9,CAR,CIN,75,Punt,0,4,1
2022,9,CIN,CAR,85,Punt,0,4,1
2022,9,CAR,CIN,89,Turnover,0,2,0
2022,9,CIN,CAR,23,Touchdown,7,5,2
2022,9,CAR,CIN,37,Touchdown,7,8,3
2022,9,CIN,CAR,75,Touchdown,7,11,5
2022,9,CAR,CIN,75,Punt,0,3,0
2022,9,CIN,CAR,81,Punt,0,9,2
2022,9,CAR,CIN,86,Touchdown,7,10,5
2022,9,CIN,CAR,77,Missed field goal,0,6,2
2022,9,CAR,CIN,62,Touchdown,7,10,4
2022,9,CIN,CAR,84,End of half,0,2,0
2022,9,DET,GB,62,Turnover on downs,0,9,3
2022,9,GB,DET,93,Turnover,0,13,5
2022,9,DET,GB,80,Punt,0,3,0
2022,9,GB,DET,48,Turnover,0,7,1
2022,9,DET,GB,80,Punt,0,8,2
2022,9,GB,DET,99,Turnover on downs,0,12,3
2022,9,DET,GB,61,Touchdown,7,8,5
2022,9,GB,DET,75,End of half,0,1,0
2022,9,GB,DET,67,Punt,0,6,1
2022,9,DET,GB,87,Turnover,0,3,1
2022,9,GB,DET,23,Turnover,0,2,0
2022,9,DET,GB,88,Punt,0,3,0
2022,9,GB,DET,54,Touchdown,7,7,3
2022,9,DET,GB,70,Touchdown,7,13,6
2022,9,GB,DET,75,Field goal,3,14,5
2022,9,DET,GB,77,Turnover on downs,0,9,2
2022,9,GB,DET,57,Turnover on downs,0,8,1
2022,9,DET,GB,83,End of half,0,1,0
2022,9,NE,IND,75,Punt,0,3,0
2022,9,IND,NE,69,Punt,0,5,1
2022,9,NE,IND,91,Punt,0,3,0
2022,9,IND,NE,42,Punt,0,3,0
2022,9,NE,IND,81,Punt,0,6,1
2022,9,IND,NE,76,Punt,0,3,0
2022,9,NE,IND,73,Field goal,3,6,2
2022,9,IND,NE,75,Punt,0,3,0
2022,9,NE,IND,43,Field goal,3,7,1
2022,9,IND,NE,75,Punt,0,3,0
2022,9,NE,IND,2,Touchdown,7,2,1
2022,9,IND,NE,77,Punt,0,5,1
2022,9,NE,IND,76,Punt,0,5,1
2022,9,IND,NE,70,Missed field goal,0,9,3
2022,9,NE,IND,71,End of half,0,1,0
2022,9,IND,NE,75,Punt,0,3,0
2022,9,NE,IND,66,Turnover,0,2,0
2022,9,IND,NE,40,Field goal,3,8,2
2022,9,NE,IND,67,Field goal,3,9,2
2022,9,IND,NE,76,Punt,0,3,0
2022,9,NE,IND,78,Punt,0,3,0
2022,9,IND,NE,64,Turnover on downs,0,4,0
2022,9,NE,IND,45,Field goal,3,10,2
2022,9,IND,NE,75,Punt,0,3,0
2022,9,NE,IND,68,Punt,0,6,1
2022,9,IND,NE,89,Opp touchdown,0,3,0
2022,9,IND,NE,75,Turnover on downs,0,6,1
2022,9,NE,IND,52,Punt,0,3,0
2022,9,IND,NE,60,End of half,0,1,0
2022,9,ATL,LAC,75,Touchdown,7,8,4
2022,9,LAC,ATL,75,Punt,0,3,0
2022,9,ATL,LAC,81,Field goal,3,14,5
2022,9,LAC,ATL,75,Punt,0,3,0
2022,9,ATL,LAC,69,Punt,0,3,0
2022,9,LAC,ATL,83,Touchdown,7,15,6
2022,9,ATL,LAC,75,Punt,0,3,0
2022,9,LAC,ATL,63,Touchdown,7,10,5
2022,9,ATL,LAC,75,Punt,0,3,0
2022,9,LAC,ATL,79,Punt,0,3,0
2022,9,ATL,LAC,68,Turnover,0,9,3
2022,9,ATL,LAC,53,Touchdown,7,10,4
2022,9,LAC,ATL,75,Punt,0,5,1
2022,9,ATL,LAC,80,Missed field goal,0,9,3
2022,9,LAC,ATL,60,Field goal,3,14,3
2022,9,ATL,LAC,75,Punt,0,3,0
2022,9,LAC,ATL,68,Turnover,0,10,3
2022,9,LAC,ATL,43,Field goal,3,3,1
2022,9,LA,TB,73,Punt,0,3,0
2022,9,TB,LA,56,Field goal,3,12,3
2022,9,LA,TB,75,Punt,0,6,1
2022,9,TB,LA,82,Punt,0,3,0
2022,9,LA,TB,91,Touchdown,7,8,3
2022,9,TB,LA,75,Punt,0,3,0
2022,9,LA,TB,81,Punt,0,3,0
2022,9,TB,LA,65,Punt,0,3,0
2022,9,LA,TB,89,Punt,0,3,0
2022,9,TB,LA,66,Missed field goal,0,10,2
2022,9,LA,TB,60,Punt,0,3,0
2022,9,TB,LA,90,Field goal,3,9,3
2022,9,LA,TB,85,End of half,0,1,0
2022,9,TB,LA,75,Punt,0,3,0
2022,9,LA,TB,75,Field goal,3,11,4
2022,9,TB,LA,75,Punt,0,3,0
2022,9,LA,TB,89,Punt,0,3,0
2022,9,TB,LA,53,Turnover on downs,0,4,0
2022,9,LA,TB,47,Field goal,3,6,1
2022,9,TB,LA,75,Punt,0,6,1
2022,9,LA,TB,80,Punt,0,3,0
2022,9,TB,LA,62,Field goal,3,9,2
2022,9,LA,TB,78,Punt,0,3,0
2022,9,TB,LA,59,Turnover on downs,0,12,3
2022,9,LA,TB,93,Punt,0,3,0
2022,9,TB,LA,60,Touchdown,7,6,4
2022,9,LA,TB,75,End of half,0,1,0
2022,9,LV,JAX,75,Punt,0,3,0
2022,9,JAX,LV,70,Turnover,0,7,2
2022,9,LV,JAX,71,Touchdown,7,10,4
2022,9,JAX,LV,92,Punt,0,3,0
2022,9,LV,JAX,55,Field goal,3,8,2
2022,9,JAX,LV,75,Punt,0,3,0
2022,9,LV,JAX,69,Touchdown,7,3,2
2022,9,JAX,LV,75,Touchdown,7,10,5
2022,9,LV,JAX,75,Field goal,3,10,4
2022,9,JAX,LV,75,Field goal,3,8,2
2022,9,JAX,LV,45,Touchdown,7,9,4
2022,9,LV,JAX,82,Punt,0,5,1
2022,9,JAX,LV,82,Touchdown,7,12,5
2022,9,LV,JAX,82,Punt,0,9,3
2022,9,JAX,LV,91,Punt,0,5,1
2022,9,LV,JAX,73,Punt,0,3,0
2022,9,JAX,LV,82,Missed field goal,0,9,3
2022,9,LV,JAX,69,Turnover on downs,0,4,0
2022,9,JAX,LV,39,Field goal,3,4,0
2022,9,LV,JAX,75,Turnover,0,4,0
2022,9,JAX,LV,14,End of half,0,1,0
2022,9,CHI,MIA,75,Field goal,3,8,2
2022,9,MIA,CHI,75,Touchdown,7,6,4
2022,9,CHI,MIA,75,Touchdown,7,15,6
2022,9,MIA,CHI,75,Touchdown,7,7,5
2022,9,CHI,MIA,75,Opp touchdown,0,4,1
2022,9,CHI,MIA,75,Touchdown,7,12,5
2022,9,MIA,CHI,75,Missed field goal,0,8,2
2022,9,CHI,MIA,80,End of half,0,1,0
2022,9,MIA,CHI,75,Touchdown,7,4,3
2022,9,CHI,MIA,66,Touchdown,7,3,1
2022,9,MIA,CHI,75,Touchdown,7,11,4
2022,9,CHI,MIA,75,Punt,0,3,0
2022,9,MIA,CHI,55,Turnover on downs,0,5,1
2022,9,CHI,MIA,65,Touchdown,7,10,5
2022,9,MIA,CHI,82,Turnover on downs,0,7,2
2022,9,CHI,MIA,85,Punt,0,9,2
2022,9,MIA,CHI,76,Punt,0,3,0
2022,9,CHI,MIA,72,Turnover on downs,0,6,1
2022,9,MIA,CHI,42,End of half,0,3,0
2022,9,MIN,WAS,78,Touchdown,7,9,4
2022,9,WAS,MIN,75,Punt,0,5,1
2022,9,MIN,WAS,84,Punt,0,3,0
2022,9,WAS,MIN,65,Punt,0,4,1
2022,9,MIN,WAS,80,Punt,0,6,1
2022,9,WAS,MIN,79,Punt,0,4,1
2022,9,MIN,WAS,89,Punt,0,6,2
2022,9,WAS,MIN,89,Punt,0,7,2
2022,9,MIN,WAS,94,Punt,0,3,0
2022,9,WAS,MIN,63,Field goal,3,11,3
2022,9,MIN,WAS,75,Turnover,0,5,2
2022,9,WAS,MIN,80,End of half,0,1,0
2022,9,WAS,MIN,52,Touchdown,7,2,1
2022,9,MIN,WAS,75,Punt,0,6,1
2022,9,WAS,MIN,82,Turnover on downs,0,10,3
2022,9,MIN,WAS,62,Punt,0,3,0
2022,9,WAS,MIN,78,Touchdown,7,10,4
2022,9,MIN,WAS,75,Field goal,3,9,2
2022,9,WAS,MIN,75,Turnover,0,4,1
2022,9,MIN,WAS,12,Touchdown,7,2,1
2022,9,WAS,MIN,75,Punt,0,3,0
2022,9,MIN,WAS,54,Field goal,3,15,4
2022,9,WAS,MIN,75,End of half,0,1,1
2022,9,HOU,PHI,75,Touchdown,7,9,5
2022,9,PHI,HOU,91,Touchdown,7,18,7
2022,9,HOU,PHI,75,Punt,0,5,1
2022,9,PHI,HOU,80,Turnover,0,3,2
2022,9,HOU,PHI,65,Punt,0,4,1
2022,9,PHI,HOU,79,Touchdown,7,10,5
2022,9,HOU,PHI,75,Touchdown,7,7,4
2022,9,PHI,HOU,75,Missed field goal,0,5,2
2022,9,PHI,HOU,83,Punt,0,3,0
2022,9,HOU,PHI,64,Punt,0,3,0
2022,9,PHI,HOU,80,Punt,0,3,0
2022,9,HOU,PHI,80,Turnover,0,3,0
2022,9,PHI,HOU,17,Touchdown,7,2,1
2022,9,HOU,PHI,75,Field goal,3,12,4
2022,9,PHI,HOU,75,Touchdown,7,10,6
2022,9,HOU,PHI,75,Punt,0,6,2
2022,9,PHI,HOU,90,Punt,0,3,0
2022,9,HOU,PHI,62,Turnover,0,9,3
2022,9,PHI,HOU,75,End of half,0,6,1
2022,9,SEA,ARI,65,Field goal,3,8,2
2022,9,ARI,SEA,83,Touchdown,7,9,4
2022,9,SEA,ARI,75,Punt,0,3,0
2022,9,ARI,SEA,80,Punt,0,3,0
2022,9,SEA,ARI,79,Touchdown,7,12,6
2022,9,ARI,SEA,90,Punt,0,5,1
2022,9,SEA,ARI,44,Turnover on downs,0,4,0
2022,9,ARI,SEA,60,Punt,0,3,0
2022,9,SEA,ARI,79,Punt,0,4,1
2022,9,ARI,SEA,97,Turnover,0,11,3
2022,9,SEA,ARI,77,End of half,0,3,2
2022,9,ARI,SEA,74,Punt,0,3,0
2022,9,SEA,ARI,73,Punt,0,3,0
2022,9,ARI,SEA,69,Punt,0,3,0
2022,9,SEA,ARI,60,Opp touchdown,0,1,0
2022,9,SEA,ARI,75,Touchdown,7,13,6
2022,9,ARI,SEA,70,Punt,0,6,1
2022,9,SEA,ARI,81,Touchdown,7,13,6
2022,9,ARI,SEA,75,Touchdown,7,14,6
2022,9,SEA,ARI,85,Touchdown,7,5,4
2022,9,ARI,SEA,74,Turnover on downs,0,4,0
2022,9,SEA,ARI,21,End of half,0,2,0
2022,9,KC,TEN,74,Field goal,3,15,5
2022,9,TEN,KC,82,Punt,0,4,1
2022,9,KC,TEN,79,Touchdown,7,9,4
2022,9,TEN,KC,74,Touchdown,7,7,4
2022,9,KC,TEN,75,Punt,0,5,1
2022,9,TEN,KC,79,Touchdown,7,5,3
2022,9,KC,TEN,75,Punt,0,3,0
2022,9,TEN,KC,61,Punt,0,4,0
2022,9,KC,TEN,98,Punt,0,7,2
2022,9,TEN,KC,91,End of half,0,1,0
2022,9,TEN,KC,84,Punt,0,3,0
2022,9,KC,TEN,75,Turnover,0,3,1
2022,9,TEN,KC,34,Field goal,3,4,0
2022,9,KC,TEN,84,Missed field goal,0,10,3
2022,9,TEN,KC,63,Punt,0,3,0
2022,9,KC,TEN,60,Punt,0,4,1
2022,9,TEN,KC,90,Punt,0,3,0
2022,9,KC,TEN,89,Punt,0,3,0
2022,9,KC,TEN,93,Touchdown,7,13,7
2022,9,TEN,KC,83,Punt,0,3,0
2022,9,KC,TEN,64,Punt,0,7,1
2022,9,TEN,KC,70,Punt,0,3,0
2022,9,KC,TEN,60,End of half,0,2,1
2022,9,KC,TEN,75,Field goal,3,13,3
2022,9,TEN,KC,75,Turnover on downs,0,4,0
2022,10,LA,ARI,75,Field goal,3,14,4
2022,10,ARI,LA,75,Field goal,3,14,3
2022,10,LA,ARI,76,Punt,0,3,0
2022,10,ARI,LA,72,Punt,0,3,0
2022,10,LA,ARI,67,Punt,0,3,0
2022,10,ARI,LA,67,Punt,0,3,0
2022,10,LA,ARI,80,Punt,0,3,0
2022,10,ARI,LA,66,Touchdown,7,13,6
2022,10,LA,ARI,75,Turnover,0,4,1
2022,10,ARI,LA,30,Touchdown,7,5,3
2022,10,LA,ARI,94,End of half,0,1,0
2022,10,ARI,LA,75,Punt,0,5,1
2022,10,LA,ARI,74,Punt,0,4,1
2022,10,ARI,LA,80,Punt,0,3,0
2022,10,LA,ARI,59,Touchdown,7,7,4
2022,10,ARI,LA,85,Punt,0,7,2
2022,10,LA,ARI,88,Punt,0,5,1
2022,10,ARI,LA,60,Touchdown,7,9,3
2022,10,LA,ARI,75,Turnover,0,6,2
2022,10,ARI,LA,25,Field goal,3,4,0
2022,10,LA,ARI,75,Touchdown,7,11,5
2022,10,ARI,LA,76,End of half,0,1,0
2022,10,ATL,CAR,83,Punt,0,6,1
2022,10,CAR,ATL,69,Field goal,3,10,3
2022,10,ATL,CAR,66,Punt,0,8,2
2022,10,CAR,ATL,91,Punt,0,15,5
2022,10,ATL,CAR,97,Punt,0,3,0
2022,10,CAR,ATL,43,Touchdown,7,2,1
2022,10,ATL,CAR,75,Turnover,0,2,0
2022,10,CAR,ATL,45,Field goal,3,7,1
2022,10,ATL,CAR,75,Field goal,3,8,4
2022,10,CAR,ATL,75,Punt,0,3,0
2022,10,ATL,CAR,71,Punt,0,5,2
2022,10,CAR,ATL,98,Punt,0,3,0
2022,10,ATL,CAR,42,Touchdown,7,6,4
2022,10,CAR,ATL,84,Touchdown,7,7,4
2022,10,ATL,CAR,75,Punt,0,4,1
2022,10,CAR,ATL,76,Field goal,3,11,4
2022,10,ATL,CAR,73,Turnover on downs,0,6,1
2022,10,CAR,ATL,40,Punt,0,3,0
2022,10,ATL,CAR,97,Touchdown,7,8,5
2022,10,CAR,ATL,75,Punt,0,3,0
2022,10,ATL,CAR,66,Turnover on downs,0,4,0
2022,10,CAR,ATL,19,Field goal,3,4,0
2022,10,ATL,CAR,80,End of half,0,1,0
2022,10,CLE,MIA,53,Touchdown,7,4,4
2022,10,MIA,CLE,84,Touchdown,7,10,6
2022,10,CLE,MIA,75,Turnover,0,12,3
2022,10,MIA,CLE,71,Field goal,3,9,2
2022,10,CLE,MIA,75,Turnover on downs,0,9,2
2022,10,MIA,CLE,58,Turnover on downs,0,7,2
2022,10,CLE,MIA,85,Punt,0,4,1
2022,10,MIA,CLE,53,Touchdown,7,7,3
2022,10,CLE,MIA,83,End of half,0,1,0
2022,10,MIA,CLE,70,Touchdown,7,6,4
2022,10,CLE,MIA,75,Field goal,3,11,3
2022,10,MIA,CLE,77,Touchdown,7,13,6
2022,10,CLE,MIA,76,Touchdown,7,7,4
2022,10,MIA,CLE,75,Field goal,3,9,3
2022,10,CLE,MIA,75,Turnover on downs,0,4,0
2022,10,MIA,CLE,20,Touchdown,7,1,1
2022,10,CLE,MIA,75,Turnover on downs,0,11,3
2022,10,MIA,CLE,64,End of half,0,7,2
2022,10,DAL,GB,61,Punt,0,3,0
2022,10,GB,DAL,84,Missed field goal,0,10,3
2022,10,DAL,GB,56,Punt,0,3,0
2022,10,GB,DAL,83,Punt,0,7,2
2022,10,DAL,GB,83,Touchdown,7,17,7
2022,10,GB,DAL,90,Turnover,0,3,0
2022,10,DAL,GB,10,Turnover,0,3,0
2022,10,GB,DAL,67,Touchdown,7,3,1
2022,10,DAL,GB,75,Turnover,0,8,2
2022,10,GB,DAL,24,Touchdown,7,3,2
2022,10,DAL,GB,66,Touchdown,7,8,4
2022,10,GB,DAL,70,Punt,0,6,2
2022,10,DAL,GB,95,Punt,0,3,0
2022,10,DAL,GB,45,Touchdown,7,4,2
2022,10,GB,DAL,67,Punt,0,3,0
2022,10,DAL,GB,86,Touchdown,7,7,4
2022,10,GB,DAL,76,Touchdown,7,9,3
2022,10,DAL,GB,88,Punt,0,8,2
2022,10,GB,DAL,89,Touchdown,7,10,5
2022,10,DAL,GB,75,Punt,0,3,0
2022,10,GB,DAL,67,Punt,0,3,0
2022,10,DAL,GB,81,End of half,0,3,1
2022,10,DAL,GB,75,Turnover on downs,0,9,2
2022,10,GB,DAL,65,Field goal,3,6,2
2022,10,TEN,DEN,75,Punt,0,3,0
2022,10,DEN,TEN,96,Punt,0,6,1
2022,10,TEN,DEN,75,Punt,0,6,1
2022,10,DEN,TEN,79,Punt,0,3,0
2022,10,TEN,DEN,72,Punt,0,4,1
2022,10,DEN,TEN,94,Punt,0,7,2
2022,10,TEN,DEN,58,Punt,0,3,0
2022,10,DEN,TEN,92,Punt,0,6,2
2022,10,TEN,DEN,80,Punt,0,3,0
2022,10,DEN,TEN,80,Touchdown,7,6,2
2022,10,TEN,DEN,71,Punt,0,3,0
2022,10,DEN,TEN,62,Field goal,3,9,3
2022,10,TEN,DEN,75,Touchdown,7,13,7
2022,10,DEN,TEN,74,End of half,0,1,0
2022,10,DEN,TEN,75,Punt,0,3,0
2022,10,TEN,DEN,70,Punt,0,3,0
2022,10,DEN,TEN,80,Punt,0,6,2
2022,10,TEN,DEN,80,Touchdown,7,3,2
2022,10,DEN,TEN,75,Punt,0,9,2
2022,10,TEN,DEN,80,Punt,0,3,0
2022,10,DEN,TEN,82,Punt,0,5,1
2022,10,TEN,DEN,58,Turnover,0,6,1
2022,10,DEN,TEN,62,Punt,0,3,0
2022,10,TEN,DEN,80,Field goal,3,10,2
2022,10,DEN,TEN,75,Turnover,0,10,3
2022,10,TEN,DEN,99,End of half,0,1,0
2022,10,CHI,DET,75,Field goal,3,8,3
2022,10,DET,CHI,75,Field goal,3,14,5
2022,10,CHI,DET,51,Punt,0,6,1
2022,10,DET,CHI,80,Touchdown,7,13,6
2022,10,CHI,DET,75,Touchdown,7,15,6
2022,10,DET,CHI,56,End of half,0,1,0
2022,10,DET,CHI,75,Punt,0,3,0
2022,10,CHI,DET,76,Touchdown,7,10,5
2022,10,DET,CHI,75,Punt,0,5,1
2022,10,CHI,DET,71,Touchdown,7,3,2
2022,10,DET,CHI,60,Punt,0,5,1
2022,10,CHI,DET,79,Punt,0,3,0
2022,10,DET,CHI,55,Touchdown,7,4,6
2022,10,CHI,DET,75,Opp touchdown,0,2,0
2022,10,CHI,DET,75,Touchdown,7,3,1
2022,10,DET,CHI,75,Punt,0,3,0
2022,10,CHI,DET,60,Punt,0,3,0
2022,10,DET,CHI,91,Touchdown,7,8,5
2022,10,CHI,DET,80,Turnover on downs,0,6,1
2022,10,DET,CHI,22,End of half,0,4,1
2022,10,HOU,NYG,62,Punt,0,3,0
2022,10,NYG,HOU,68,Touchdown,7,10,4
2022,10,HOU,NYG,75,Punt,0,3,0
2022,10,NYG,HOU,76,Punt,0,3,0
2022,10,HOU,NYG,80,Punt,0,3,0
2022,10,NYG,HOU,70,Punt,0,7,2
2022,10,HOU,NYG,80,Field goal,3,7,2
2022,10,NYG,HOU,75,Punt,0,8,2
2022,10,HOU,NYG,74,Punt,0,6,1
2022,10,NYG,HOU,97,Punt,0,5,1
2022,10,HOU,NYG,67,Punt,0,5,1
2022,10,NYG,HOU,83,End of half,0,3,1
2022,10,NYG,HOU,75,Touchdown,7,5,2
2022,10,HOU,NYG,75,Touchdown,7,7,5
2022,10,NYG,HOU,74,Touchdown,7,12,5
2022,10,HOU,NYG,75,Turnover,0,8,3
2022,10,NYG,HOU,89,Punt,0,3,0
2022,10,HOU,NYG,52,Turnover,0,4,2
2022,10,NYG,HOU,80,Punt,0,7,2
2022,10,HOU,NYG,92,Field goal,3,12,5
2022,10,NYG,HOU,39,Field goal,3,4,0
2022,10,HOU,NYG,75,Field goal,3,5,3
2022,10,NYG,HOU,48,End of half,0,1,0
2022,10,LV,IND,70,Punt,0,3,0
2022,10,IND,LV,82,Punt,0,3,0
2022,10,LV,IND,64,Punt,0,3,0
2022,10,IND,LV,70,Touchdown,7,11,5
2022,10,LV,IND,75,Punt,0,3,0
2022,10,IND,LV,80,Field goal,3,10,3
2022,10,LV,IND,75,Turnover on downs,0,8,2
2022,10,IND,LV,53,Turnover,0,4,1
2022,10,LV,IND,79,Touchdown,7,12,5
2022,10,IND,LV,75,Field goal,3,7,4
2022,10,IND,LV,75,Missed field goal,0,11,3
2022,10,LV,IND,62,Touchdown,7,12,6
2022,10,IND,LV,70,Touchdown,7,2,1
2022,10,LV,IND,62,Punt,0,3,0
2022,10,IND,LV,95,Punt,0,3,0
2022,10,LV,IND,48,Touchdown,7,3,1
2022,10,IND,LV,75,Punt,0,4,1
2022,10,LV,IND,75,Punt,0,3,0
2022,10,IND,LV,82,Touchdown,7,5,2
2022,10,LV,IND,75,Turnover on downs,0,14,4
2022,10,IND,LV,84,End of half,0,2,0
2022,10,KC,JAX,46,Punt,0,5,1
2022,10,JAX,KC,54,Punt,0,5,1
2022,10,KC,JAX,80,Turnover,0,9,3
2022,10,JAX,KC,76,Punt,0,4,1
2022,10,KC,JAX,80,Touchdown,7,5,4
2022,10,JAX,KC,67,Punt,0,3,0
2022,10,KC,JAX,79,Punt,0,5,1
2022,10,JAX,KC,54,Missed field goal,0,7,1
2022,10,KC,JAX,59,Touchdown,7,3,2
2022,10,JAX,KC,75,Punt,0,3,0
2022,10,KC,JAX,63,Punt,0,3,0
2022,10,JAX,KC,94,Punt,0,4,1
2022,10,KC,JAX,86,Touchdown,7,8,6
2022,10,JAX,KC,61,Touchdown,7,5,3
2022,10,JAX,KC,32,Turnover,0,2,0
2022,10,JAX,KC,75,Field goal,3,17,5
2022,10,KC,JAX,75,Touchdown,7,10,4
2022,10,JAX,KC,75,Punt,0,6,2
2022,10,KC,JAX,93,Turnover,0,8,3
2022,10,JAX,KC,54,Touchdown,7,8,3
2022,10,KC,JAX,90,End of half,0,11,3
2022,10,LAC,SF,75,Touchdown,7,7,3
2022,10,SF,LAC,69,Field goal,3,14,4
2022,10,LAC,SF,87,Punt,0,6,1
2022,10,SF,LAC,83,Turnover,0,1,0
2022,10,LAC,SF,32,Field goal,3,4,0
2022,10,SF,LAC,75,Punt,0,3,0
2022,10,LAC,SF,70,Punt,0,3,0
2022,10,SF,LAC,76,Punt,0,3,0
2022,10,LAC,SF,46,Field goal,3,9,2
2022,10,SF,LAC,75,Touchdown,7,9,4
2022,10,LAC,SF,75,Field goal,3,11,3
2022,10,SF,LAC,75,Field goal,3,12,5
2022,10,LAC,SF,75,Punt,0,5,2
2022,10,SF,LAC,80,Punt,0,5,1
2022,10,LAC,SF,79,Punt,0,6,1
2022,10,SF,LAC,77,Touchdown,7,14,6
2022,10,LAC,SF,75,Punt,0,3,0
2022,10,SF,LAC,70,Punt,0,7,2
2022,10,LAC,SF,99,Turnover on downs,0,4,0
2022,10,SF,LAC,8,Field goal,3,4,0
2022,10,LAC,SF,77,Turnover,0,1,0
2022,10,SF,LAC,42,End of half,0,1,0
2022,10,BUF,MIN,76,Punt,0,3,0
2022,10,MIN,BUF,74,Touchdown,7,6,2
2022,10,BUF,MIN,47,Touchdown,7,4,3
2022,10,MIN,BUF,75,Punt,0,3,0
2022,10,BUF,MIN,70,Touchdown,7,10,5
2022,10,MIN,BUF,75,Turnover,0,2,1
2022,10,BUF,MIN,27,Field goal,3,7,1
2022,10,MIN,BUF,55,Field goal,3,12,3
2022,10,BUF,MIN,90,Turnover,0,7,3
2022,10,MIN,BUF,37,Turnover on downs,0,4,0
2022,10,BUF,MIN,71,Touchdown,7,5,4
2022,10,MIN,BUF,75,Punt,0,3,0
2022,10,MIN,BUF,78,Turnover,0,6,2
2022,10,BUF,MIN,58,Punt,0,3,0
2022,10,MIN,BUF,77,Punt,0,6,1
2022,10,BUF,MIN,73,Field goal,3,8,3
2022,10,MIN,BUF,81,Touchdown,7,1,1
2022,10,BUF,MIN,74,Turnover,0,13,3
2022,10,MIN,BUF,66,Touchdown,7,13,5
2022,10,BUF,MIN,72,Punt,0,3,0
2022,10,MIN,BUF,76,Turnover on downs,0,12,4
2022,10,BUF,MIN,99,Opp touchdown,0,1,0
2022,10,BUF,MIN,80,Field goal,3,5,4
2022,10,MIN,BUF,75,End of half,0,1,0
2022,10,MIN,BUF,75,Field goal,3,12,5
2022,10,BUF,MIN,72,Turnover,0,6,3
2022,10,PIT,NO,75,Punt,0,6,1
2022,10,NO,PIT,91,Punt,0,3,0
2022,10,PIT,NO,57,Touchdown,7,12,5
2022,10,NO,PIT,90,Punt,0,5,1
2022,10,PIT,NO,80,Field goal,3,8,2
2022,10,NO,PIT,72,Punt,0,4,1
2022,10,PIT,NO,89,Punt,0,3,0
2022,10,NO,PIT,66,Field goal,3,9,3
2022,10,PIT,NO,75,Punt,0,9,3
2022,10,NO,PIT,71,Touchdown,7,6,4
2022,10,PIT,NO,71,End of half,0,2,1
2022,10,NO,PIT,65,Punt,0,3,0
2022,10,PIT,NO,85,Missed field goal,0,10,4
2022,10,NO,PIT,71,Punt,0,6,1
2022,10,PIT,NO,98,Field goal,3,11,5
2022,10,NO,PIT,75,Turnover,0,3,0
2022,10,PIT,NO,44,Touchdown,7,8,4
2022,10,NO,PIT,75,Turnover on downs,0,4,0
2022,10,PIT,NO,34,Missed field goal,0,4,0
2022,10,NO,PIT,62,Turnover,0,3,0
2022,10,PIT,NO,74,End of half,0,10,3
2022,10,TB,SEA,84,Punt,0,3,0
2022,10,SEA,TB,75,Punt,0,4,1
2022,10,TB,SEA,59,Missed field goal,0,6,1
2022,10,SEA,TB,58,Punt,0,5,1
2022,10,TB,SEA,88,Touchdown,7,13,5
2022,10,SEA,TB,73,Punt,0,3,0
2022,10,TB,SEA,86,Touchdown,7,13,7
2022,10,SEA,TB,79,Punt,0,5,1
2022,10,TB,SEA,96,Punt,0,3,0
2022,10,SEA,TB,70,Punt,0,3,0
2022,10,TB,SEA,98,End of half,0,3,0
2022,10,SEA,TB,75,Field goal,3,8,4
2022,10,TB,SEA,71,Turnover,0,9,3
2022,10,SEA,TB,84,Turnover,0,10,5
2022,10,TB,SEA,87,Touchdown,7,11,5
2022,10,SEA,TB,77,Touchdown,7,5,5
2022,10,TB,SEA,77,Turnover,0,5,1
2022,10,SEA,TB,45,Touchdown,7,8,2
2022,10,TB,SEA,83,End of half,0,9,4
2022,10,WAS,PHI,92,Turnover,0,4,1
2022,10,PHI,WAS,18,Touchdown,7,3,2
2022,10,WAS,PHI,75,Touchdown,7,13,5
2022,10,PHI,WAS,78,Touchdown,7,9,6
2022,10,WAS,PHI,75,Field goal,3,12,4
2022,10,PHI,WAS,75,Turnover,0,4,1
2022,10,WAS,PHI,86,Touchdown,7,16,6
2022,10,PHI,WAS,75,Punt,0,3,0
2022,10,WAS,PHI,70,Field goal,3,8,2
2022,10,PHI,WAS,75,Punt,0,3,0
2022,10,WAS,PHI,80,Field goal,3,14,4
2022,10,PHI,WAS,80,Touchdown,7,12,6
2022,10,WAS,PHI,75,Turnover,0,5,2
2022,10,PHI,WAS,93,Turnover,0,6,2
2022,10,WAS,PHI,34,Field goal,3,4,0
2022,10,PHI,WAS,75,Turnover,0,3,1
2022,10,WAS,PHI,73,Punt,0,3,0
2022,10,PHI,WAS,80,Punt,0,3,0
2022,10,WAS,PHI,53,Punt,0,6,1
2022,10,PHI,WAS,90,Opp touchdown,0,1,0
2022,11,BAL,CAR,75,Punt,0,5,2
2022,11,CAR,BAL,80,Punt,0,7,2
2022,11,BAL,CAR,83,Punt,0,3,0
2022,11,CAR,BAL,75,Punt,0,3,0
2022,11,BAL,CAR,71,Punt,0,6,1
2022,11,CAR,BAL,83,Punt,0,3,0
2022,11,BAL,CAR,51,Turnover,0,6,2
2022,11,CAR,BAL,65,Punt,0,8,2
2022,11,BAL,CAR,90,Field goal,3,15,5
2022,11,CAR,BAL,69,Punt,0,3,0
2022,11,BAL,CAR,94,Punt,0,3,0
2022,11,CAR,BAL,54,Field goal,3,9,2
2022,11,BAL,CAR,75,Punt,0,8,3
2022,11,CAR,BAL,94,Punt,0,6,3
2022,11,BAL,CAR,86,Field goal,3,12,4
2022,11,CAR,BAL,75,Turnover,0,2,0
2022,11,BAL,CAR,31,Touchdown,7,2,2
2022,11,CAR,BAL,60,Turnover on downs,0,4,0
2022,11,BAL,CAR,35,Punt,0,4,0
2022,11,CAR,BAL,87,Turnover,0,4,2
2022,11,BAL,CAR,41,Punt,0,3,0
2022,11,CAR,BAL,81,Turnover,0,6,2
2022,11,BAL,CAR,56,End of half,0,1,0
2022,11,ATL,CHI,75,Touchdown,7,10,6
2022,11,CHI,ATL,44,Touchdown,7,7,3
2022,11,ATL,CHI,81,Punt,0,6,1
2022,11,CHI,ATL,84,Punt,0,5,1
2022,11,CHI,ATL,41,Punt,0,5,1
2022,11,ATL,CHI,90,Punt,0,4,1
2022,11,CHI,ATL,70,Field goal,3,7,2
2022,11,ATL,CHI,79,Turnover,0,1,0
2022,11,CHI,ATL,29,Touchdown,7,7,3
2022,11,CHI,ATL,75,Missed field goal,0,10,2
2022,11,ATL,CHI,54,Field goal,3,7,1
2022,11,CHI,ATL,75,Punt,0,3,0
2022,11,ATL,CHI,58,Punt,0,4,1
2022,11,CHI,ATL,80,Punt,0,8,2
2022,11,ATL,CHI,61,Touchdown,7,6,4
2022,11,CHI,ATL,75,Touchdown,7,13,6
2022,11,ATL,CHI,75,Field goal,3,12,3
2022,11,CHI,ATL,75,Turnover,0,3,0
2022,11,ATL,CHI,40,End of half,0,5,1
2022,11,CIN,PIT,62,Punt,0,3,0
2022,11,PIT,CIN,95,Punt,0,3,0
2022,11,CIN,PIT,57,Field goal,3,5,1
2022,11,PIT,CIN,65,Field goal,3,9,2
2022,11,CIN,PIT,79,Touchdown,7,6,3
2022,11,PIT,CIN,56,Touchdown,7,8,3
2022,11,CIN,PIT,92,Touchdown,7,10,5
2022,11,PIT,CIN,65,Touchdown,7,10,4
2022,11,CIN,PIT,76,Turnover,0,6,2
2022,11,PIT,CIN,56,Field goal,3,5,2
2022,11,PIT,CIN,75,Punt,0,3,0
2022,11,CIN,PIT,70,Punt,0,4,1
2022,11,PIT,CIN,91,Punt,0,3,0
2022,11,CIN,PIT,59,Touchdown,7,7,3
2022,11,PIT,CIN,76,Punt,0,3,0
2022,11,CIN,PIT,77,Turnover,0,1,0
2022,11,PIT,CIN,21,Field goal,3,4,0
2022,11,CIN,PIT,58,Field goal,3,9,2
2022,11,PIT,CIN,78,Punt,0,6,1
2022,11,CIN,PIT,90,Punt,0,3,0
2022,11,PIT,CIN,47,Punt,0,4,1
2022,11,CIN,PIT,93,Touchdown,7,8,5
2022,11,PIT,CIN,73,Turnover on downs,0,4,0
2022,11,CIN,PIT,28,Field goal,3,4,0
2022,11,PIT,CIN,72,Touchdown,7,9,4
2022,11,CIN,PIT,38,End of half,0,2,0
2022,11,CLE,BUF,75,Touchdown,7,9,4
2022,11,BUF,CLE,65,Punt,0,3,0
2022,11,CLE,BUF,89,Punt,0,3,0
2022,11,BUF,CLE,32,Field goal,3,4,0
2022,11,CLE,BUF,65,Field goal,3,9,3
2022,11,BUF,CLE,69,Punt,0,3,0
2022,11,CLE,BUF,90,Turnover,0,8,3
2022,11,BUF,CLE,52,Field goal,3,11,3
2022,11,CLE,BUF,75,Punt,0,6,1
2022,11,BUF,CLE,78,Touchdown,7,11,5
2022,11,CLE,BUF,75,End of half,0,1,0
2022,11,BUF,CLE,74,Field goal,3,8,2
2022,11,CLE,BUF,75,Turnover on downs,0,8,3
2022,11,BUF,CLE,73,Touchdown,7,4,5
2022,11,CLE,BUF,75,Missed field goal,0,6,2
2022,11,BUF,CLE,76,Field goal,3,7,2
2022,11,CLE,BUF,75,Punt,0,3,0
2022,11,BUF,CLE,64,Field goal,3,9,3
2022,11,CLE,BUF,75,Touchdown,7,9,5
2022,11,BUF,CLE,42,Field goal,3,7,2
2022,11,CLE,BUF,75,Touchdown,7,8,6
2022,11,BUF,CLE,62,End of half,0,1,0
2022,11,MIN,DAL,75,Turnover,0,3,0
2022,11,DAL,MIN,27,Field goal,3,7,1
2022,11,MIN,DAL,75,Field goal,3,10,5
2022,11,DAL,MIN,75,Touchdown,7,10,5
2022,11,MIN,DAL,79,Punt,0,5,1
2022,11,DAL,MIN,83,Field goal,3,14,4
2022,11,MIN,DAL,75,Punt,0,3,0
2022,11,DAL,MIN,59,Touchdown,7,8,3
2022,11,MIN,DAL,75,Punt,0,7,2
2022,11,DAL,MIN,86,Field goal,3,5,2
2022,11,DAL,MIN,75,Touchdown,7,5,2
2022,11,MIN,DAL,75,Punt,0,3,0
2022,11,DAL,MIN,41,Touchdown,7,5,2
2022,11,MIN,DAL,79,Punt,0,6,2
2022,11,DAL,MIN,66,Punt,0,3,0
2022,11,MIN,DAL,83,Punt,0,6,3
2022,11,DAL,MIN,76,Field goal,3,9,2
2022,11,MIN,DAL,75,Punt,0,5,1
2022,11,DAL,MIN,90,Punt,0,8,2
2022,11,MIN,DAL,98,End of half,0,7,2
2022,11,NYG,DET,77,Punt,0,3,0
2022,11,DET,NYG,70,Field goal,3,11,4
2022,11,NYG,DET,75,Touchdown,7,11,5
2022,11,DET,NYG,71,Punt,0,6,1
2022,11,NYG,DET,72,Punt,0,8,2
2022,11,DET,NYG,92,Punt,0,3,0
2022,11,NYG,DET,73,Turnover,0,2,0
2022,11,DET,NYG,18,Touchdown,7,3,3
2022,11,NYG,DET,94,Punt,0,6,2
2022,11,DET,NYG,68,Touchdown,7,7,4
2022,11,NYG,DET,83,End of half,0,7,2
2022,11,DET,NYG,56,Touchdown,7,9,5
2022,11,NYG,DET,75,Turnover,0,7,1
2022,11,DET,NYG,41,Punt,0,3,0
2022,11,NYG,DET,93,Punt,0,9,3
2022,11,DET,NYG,91,Punt,0,3,0
2022,11,NYG,DET,67,Touchdown,7,9,4
2022,11,DET,NYG,75,Punt,0,7,2
2022,11,NYG,DET,80,Turnover,0,4,1
2022,11,DET,NYG,33,Touchdown,7,4,2
2022,11,NYG,DET,75,Touchdown,7,6,5
2022,11,DET,NYG,48,End of half,0,8,2
2022,11,KC,LAC,75,Field goal,3,11,3
2022,11,LAC,KC,75,Touchdown,7,3,2
2022,11,KC,LAC,75,Field goal,3,7,2
2022,11,LAC,KC,75,Field goal,3,9,2
2022,11,KC,LAC,75,Touchdown,7,7,3
2022,11,LAC,KC,67,Punt,0,5,1
2022,11,KC,LAC,79,Punt,0,3,0
2022,11,LAC,KC,70,Touchdown,7,13,6
2022,11,KC,LAC,94,Punt,0,3,0
2022,11,LAC,KC,61,Field goal,3,9,3
2022,11,KC,LAC,63,End of half,0,2,1
2022,11,LAC,KC,89,Punt,0,5,1
2022,11,KC,LAC,67,Field goal,3,9,3
2022,11,LAC,KC,75,Punt,0,3,0
2022,11,KC,LAC,86,Touchdown,7,10,4
2022,11,LAC,KC,75,Turnover,0,8,3
2022,11,KC,LAC,78,Turnover,0,6,2
2022,11,LAC,KC,64,Touchdown,7,10,4
2022,11,KC,LAC,75,Touchdown,7,6,5
2022,11,LAC,KC,75,Turnover,0,2,0
2022,11,KC,LAC,42,End of half,0,1,0
2022,11,LA,NO,75,Punt,0,3,0
2022,11,NO,LA,77,Punt,0,3,0
2022,11,LA,NO,85,Punt,0,5,1
2022,11,NO,LA,59,Field goal,3,9,2
2022,11,LA,NO,62,Touchdown,7,1,1
2022,11,NO,LA,75,Punt,0,5,1
2022,11,LA,NO,97,Punt,0,3,0
2022,11,NO,LA,49,Touchdown,7,7,4
2022,11,LA,NO,75,Turnover on downs,0,11,2
2022,11,NO,LA,64,Punt,0,3,0
2022,11,LA,NO,87,Touchdown,7,11,6
2022,11,NO,LA,75,End of half,0,1,0
2022,11,NO,LA,75,Touchdown,7,9,5
2022,11,LA,NO,75,Punt,0,3,0
2022,11,NO,LA,68,Touchdown,7,5,2
2022,11,LA,NO,75,Field goal,3,12,3
2022,11,NO,LA,75,Field goal,3,9,5
2022,11,LA,NO,75,Punt,0,6,2
2022,11,NO,LA,92,Punt,0,3,0
2022,11,LA,NO,78,Punt,0,3,0
2022,11,NO,LA,49,Punt,0,3,0
2022,11,LA,NO,74,Field goal,3,6,2
2022,11,NO,LA,44,End of half,0,1,0
2022,11,LV,DEN,74,Punt,0,8,2
2022,11,DEN,LV,92,Touchdown,7,7,5
2022,11,LV,DEN,85,Missed field goal,0,13,5
2022,11,DEN,LV,64,Field goal,3,8,2
2022,11,LV,DEN,75,Touchdown,7,8,4
2022,11,DEN,LV,86,Missed field goal,0,14,4
2022,11,DEN,LV,87,Punt,0,3,0
2022,11,LV,DEN,53,Field goal,3,5,1
2022,11,DEN,LV,75,Punt,0,6,1
2022,11,LV,DEN,67,Punt,0,6,1
2022,11,DEN,LV,72,Field goal,3,9,2
2022,11,LV,DEN,75,Punt,0,3,0
2022,11,DEN,LV,76,Punt,0,3,0
2022,11,LV,DEN,65,Field goal,3,10,3
2022,11,DEN,LV,82,Field goal,3,8,3
2022,11,LV,DEN,75,Punt,0,3,0
2022,11,DEN,LV,80,Punt,0,5,1
2022,11,LV,DEN,78,Field goal,3,7,2
2022,11,DEN,LV,75,End of half,0,3,1
2022,11,LV,DEN,67,Touchdown,7,3,2
2022,11,NE,NYJ,75,Punt,0,3,0
2022,11,NYJ,NE,75,Punt,0,3,0
2022,11,NE,NYJ,74,Punt,0,3,0
2022,11,NYJ,NE,77,Punt,0,5,1
2022,11,NE,NYJ,80,Field goal,3,14,4
2022,11,NYJ,NE,73,Field goal,3,9,2
2022,11,NE,NYJ,70,Missed field goal,0,11,3
2022,11,NYJ,NE,66,Punt,0,6,1
2022,11,NE,NYJ,86,Punt,0,3,0
2022,11,NYJ,NE,58,End of half,0,1,0
2022,11,NYJ,NE,66,Punt,0,3,0
2022,11,NE,NYJ,72,Missed field goal,0,7,2
2022,11,NYJ,NE,67,Punt,0,3,0
2022,11,NE,NYJ,85,Punt,0,5,2
2022,11,NYJ,NE,95,Punt,0,3,0
2022,11,NE,NYJ,56,Turnover on downs,0,5,1
2022,11,NYJ,NE,64,Punt,0,3,0
2022,11,NE,NYJ,72,Punt,0,5,1
2022,11,NYJ,NE,82,Punt,0,3,0
2022,11,NE,NYJ,55,Punt,0,3,0
2022,11,NYJ,NE,80,Punt,0,6,1
2022,11,NE,NYJ,66,Punt,0,3,0
2022,11,NYJ,NE,80,Opp touchdown,0,5,1
2022,11,IND,PHI,75,Touchdown,7,10,4
2022,11,PHI,IND,75,Punt,0,4,1
2022,11,IND,PHI,72,Punt,0,3,0
2022,11,PHI,IND,84,Punt,0,6,2
2022,11,IND,PHI,90,Punt,0,5,1
2022,11,PHI,IND,58,Field goal,3,15,5
2022,11,IND,PHI,75,Punt,0,5,1
2022,11,PHI,IND,80,Punt,0,3,0
2022,11,IND,PHI,55,Field goal,3,5,1
2022,11,PHI,IND,75,End of half,0,1,0
2022,11,PHI,IND,75,Turnover,0,1,0
2022,11,IND,PHI,22,Field goal,3,4,0
2022,11,PHI,IND,75,Turnover on downs,0,9,2
2022,11,IND,PHI,53,Punt,0,4,0
2022,11,PHI,IND,95,Punt,0,3,0
2022,11,IND,PHI,55,Missed field goal,0,8,2
2022,11,PHI,IND,60,Touchdown,7,5,3
2022,11,IND,PHI,75,Turnover,0,5,1
2022,11,PHI,IND,57,Turnover,0,3,1
2022,11,IND,PHI,66,Field goal,3,11,3
2022,11,PHI,IND,75,Touchdown,7,11,4
2022,11,IND,PHI,75,Turnover on downs,0,6,1
2022,11,PHI,IND,33,End of half,0,1,0
2022,11,ARI,SF,75,Punt,0,3,0
2022,11,SF,ARI,63,Punt,0,3,0
2022,11,ARI,SF,80,Field goal,3,11,3
2022,11,SF,ARI,75,Punt,0,4,1
2022,11,ARI,SF,96,Punt,0,6,1
2022,11,SF,ARI,82,Touchdown,7,9,5
2022,11,ARI,SF,75,Turnover,0,8,2
2022,11,SF,ARI,46,Touchdown,7,3,1
2022,11,ARI,SF,75,Touchdown,7,9,4
2022,11,SF,ARI,75,Field goal,3,10,4
2022,11,ARI,SF,75,End of half,0,3,1
2022,11,SF,ARI,75,Touchdown,7,8,4
2022,11,ARI,SF,75,Turnover on downs,0,8,2
2022,11,SF,ARI,58,Punt,0,3,0
2022,11,ARI,SF,88,Punt,0,3,0
2022,11,SF,ARI,47,Touchdown,7,6,3
2022,11,ARI,SF,75,Turnover on downs,0,6,1
2022,11,ARI,SF,75,Punt,0,5,1
2022,11,SF,ARI,89,Punt,0,3,0
2022,11,ARI,SF,66,Turnover,0,10,4
2022,11,SF,ARI,80,End of half,0,4,1
2022,11,TEN,GB,83,Touchdown,7,8,4
2022,11,GB,TEN,88,Punt,0,3,0
2022,11,TEN,GB,61,Punt,0,3,0
2022,11,GB,TEN,78,Touchdown,7,11,5
2022,11,TEN,GB,67,Turnover on downs,0,18,5
2022,11,GB,TEN,94,Punt,0,3,0
2022,11,TEN,GB,41,Touchdown,7,9,4
2022,11,GB,TEN,78,End of half,0,3,1
2022,11,GB,TEN,72,Field goal,3,13,4
2022,11,TEN,GB,91,Touchdown,7,6,3
2022,11,GB,TEN,69,Touchdown,7,7,3
2022,11,TEN,GB,63,Touchdown,7,5,3
2022,11,GB,TEN,77,Punt,0,3,0
2022,11,TEN,GB,63,Turnover,0,5,1
2022,11,GB,TEN,66,Punt,0,3,0
2022,11,TEN,GB,87,Punt,0,3,0
2022,11,GB,TEN,44,Turnover on downs,0,4,0
2022,11,TEN,GB,62,Punt,0,3,0
2022,11,GB,TEN,81,Turnover on downs,0,10,2
2022,11,TEN,GB,56,End of half,0,4,1
2022,11,WAS,HOU,76,Punt,0,3,0
2022,11,HOU,WAS,68,Opp touchdown,0,2,0
2022,11,HOU,WAS,75,Punt,0,3,0
2022,11,WAS,HOU,58,Punt,0,3,0
2022,11,HOU,WAS,75,Punt,0,3,0
2022,11,WAS,HOU,82,Punt,0,7,2
2022,11,HOU,WAS,80,Punt,0,6,1
2022,11,WAS,HOU,85,Touchdown,7,9,6
2022,11,HOU,WAS,75,Punt,0,3,0
2022,11,WAS,HOU,61,Field goal,3,10,3
2022,11,HOU,WAS,75,Punt,0,3,0
2022,11,WAS,HOU,67,Field goal,3,11,3
2022,11,HOU,WAS,75,End of half,0,1,0
2022,11,HOU,WAS,75,Field goal,3,11,4
2022,11,WAS,HOU,69,Punt,0,6,1
2022,11,HOU,WAS,94,Punt,0,6,1
2022,11,WAS,HOU,46,Field goal,3,10,2
2022,11,HOU,WAS,75,Turnover,0,6,1
2022,11,WAS,HOU,97,Punt,0,4,1
2022,11,HOU,WAS,55,Touchdown,7,11,4
2022,11,WAS,HOU,42,End of half,0,7,2
2022,12,ATL,WAS,75,Field goal,3,11,3
2022,12,WAS,ATL,74,Touchdown,7,7,4
2022,12,ATL,WAS,79,Punt,0,4,1
2022,12,WAS,ATL,82,Punt,0,5,1
2022,12,ATL,WAS,77,Touchdown,7,11,6
2022,12,WAS,ATL,71,Field goal,3,14,4
2022,12,ATL,WAS,85,Turnover on downs,0,5,1
2022,12,WAS,ATL,47,Turnover,0,1,0
2022,12,ATL,WAS,56,Missed field goal,0,3,1
2022,12,WAS,ATL,75,Punt,0,6,1
2022,12,ATL,WAS,95,Punt,0,3,0
2022,12,WAS,ATL,60,Touchdown,7,11,5
2022,12,ATL,WAS,75,Field goal,3,8,2
2022,12,WAS,ATL,75,Field goal,3,11,4
2022,12,ATL,WAS,75,Punt,0,3,0
2022,12,WAS,ATL,60,Punt,0,3,0
2022,12,ATL,WAS,84,Turnover,0,10,4
2022,12,WAS,ATL,80,End of half,0,4,1
2022,12,BAL,JAX,75,Field goal,3,11,3
2022,12,JAX,BAL,75,Turnover on downs,0,6,1
2022,12,JAX,BAL,75,Punt,0,3,0
2022,12,BAL,JAX,80,Turnover,0,7,1
2022,12,BAL,JAX,75,Field goal,3,12,3
2022,12,JAX,BAL,75,Field goal,3,12,4
2022,12,BAL,JAX,71,End of half,0,1,0
2022,12,JAX,BAL,75,Punt,0,3,0
2022,12,BAL,JAX,80,Field goal,3,10,4
2022,12,JAX,BAL,75,Punt,0,3,0
2022,12,BAL,JAX,98,Punt,0,8,4
2022,12,JAX,BAL,80,Turnover,0,4,1
2022,12,BAL,JAX,25,Touchdown,7,7,3
2022,12,JAX,BAL,75,Touchdown,7,14,5
2022,12,BAL,JAX,94,Turnover,0,1,0
2022,12,JAX,BAL,16,Field goal,3,4,0
2022,12,BAL,JAX,75,Touchdown,7,6,3
2022,12,JAX,BAL,75,Touchdown,7,10,4
2022,12,BAL,JAX,61,Missed field goal,0,2,1
2022,12,DET,BUF,76,Punt,0,3,0
2022,12,BUF,DET,81,Punt,0,3,0
2022,12,DET,BUF,61,Touchdown,7,12,5
2022,12,BUF,DET,75,Touchdown,7,10,4
2022,12,DET,BUF,72,Turnover,0,7,2
2022,12,BUF,DET,58,Touchdown,7,10,4
2022,12,DET,BUF,76,Touchdown,7,15,5
2022,12,BUF,DET,75,Field goal,3,10,3
2022,12,BUF,DET,75,Turnover,0,10,4
2022,12,DET,BUF,92,Safety,0,3,0
2022,12,BUF,DET,65,Punt,0,4,1
2022,12,DET,BUF,86,Missed field goal,0,9,3
2022,12,BUF,DET,80,Punt,0,3,0
2022,12,DET,BUF,35,Touchdown,7,5,3
2022,12,BUF,DET,75,Punt,0,8,2
2022,12,DET,BUF,91,Punt,0,5,2
2022,12,BUF,DET,90,Touchdown,7,14,8
2022,12,DET,BUF,75,Field goal,3,10,2
2022,12,BUF,DET,75,Field goal,3,4,2
2022,12,NYJ,CHI,75,Touchdown,7,9,5
2022,12,CHI,NYJ,75,Field goal,3,9,2
2022,12,NYJ,CHI,84,Punt,0,3,0
2022,12,CHI,NYJ,71,Touchdown,7,9,4
2022,12,NYJ,CHI,75,Turnover on downs,0,10,2
2022,12,CHI,NYJ,82,Punt,0,3,0
2022,12,NYJ,CHI,78,Touchdown,7,4,2
2022,12,CHI,NYJ,75,Punt,0,3,0
2022,12,NYJ,CHI,73,Field goal,3,9,2
2022,12,CHI,NYJ,75,End of half,0,1,0
2022,12,CHI,NYJ,75,Punt,0,3,0
2022,12,NYJ,CHI,63,Punt,0,3,0
2022,12,CHI,NYJ,99,Punt,0,4,1
2022,12,NYJ,CHI,53,Touchdown,7,6,3
2022,12,CHI,NYJ,75,Punt,0,4,1
2022,12,NYJ,CHI,79,Touchdown,7,4,3
2022,12,CHI,NYJ,75,Turnover on downs,0,13,3
2022,12,NYJ,CHI,73,Missed field goal,0,7,2
2022,12,CHI,NYJ,57,Turnover,0,8,3
2022,12,NYJ,CHI,97,End of half,0,9,3
2022,12,CIN,TEN,75,Punt,0,7,2
2022,12,TEN,CIN,82,Punt,0,7,2
2022,12,CIN,TEN,96,Punt,0,3,0
2022,12,TEN,CIN,60,Punt,0,3,0
2022,12,CIN,TEN,90,Punt,0,3,0
2022,12,TEN,CIN,54,Field goal,3,10,2
2022,12,CIN,TEN,75,Field goal,3,7,2
2022,12,TEN,CIN,75,Touchdown,7,1,1
2022,12,CIN,TEN,76,Punt,0,3,0
2022,12,TEN,CIN,69,Punt,0,3,0
2022,12,CIN,TEN,92,Touchdown,7,9,5
2022,12,TEN,CIN,75,Missed field goal,0,10,4
2022,12,CIN,TEN,75,End of half,0,1,0
2022,12,TEN,CIN,82,Punt,0,3,0
2022,12,CIN,TEN,45,Punt,0,3,0
2022,12,TEN,CIN,90,Punt,0,6,1
2022,12,CIN,TEN,80,Field goal,3,14,4
2022,12,TEN,CIN,75,Field goal,3,5,2
2022,12,CIN,TEN,75,Touchdown,7,6,4
2022,12,TEN,CIN,75,Field goal,3,12,3
2022,12,CIN,TEN,75,End of half,0,12,4
2022,12,CAR,DEN,75,Punt,0,4,1
2022,12,DEN,CAR,95,Punt,0,3,0
2022,12,CAR,DEN,41,Punt,0,3,0
2022,12,DEN,CAR,88,Punt,0,3,0
2022,12,CAR,DEN,71,Touchdown,7,11,5
2022,12,DEN,CAR,75,Punt,0,5,1
2022,12,DEN,CAR,27,Field goal,3,5,1
2022,12,CAR,DEN,75,Field goal,3,10,3
2022,12,DEN,CAR,75,Turnover,0,3,1
2022,12,CAR,DEN,79,Punt,0,3,0
2022,12,DEN,CAR,85,Punt,0,5,1
2022,12,CAR,DEN,83,Punt,0,3,0
2022,12,DEN,CAR,71,Missed field goal,0,5,2
2022,12,DEN,CAR,75,Punt,0,3,0
2022,12,CAR,DEN,72,Touchdown,7,10,5
2022,12,DEN,CAR,72,Punt,0,6,1
2022,12,CAR,DEN,85,Punt,0,3,0
2022,12,DEN,CAR,91,Punt,0,3,0
2022,12,CAR,DEN,75,Field goal,3,7,2
2022,12,CAR,DEN,35,Field goal,3,7,1
2022,12,DEN,CAR,77,Touchdown,7,14,7
2022,12,CAR,DEN,43,Turnover on downs,0,4,0
2022,12,DEN,CAR,57,Turnover on downs,0,4,0
2022,12,CAR,DEN,43,End of half,0,7,2
2022,12,PHI,GB,75,Touchdown,7,10,4
2022,12,GB,PHI,91,Turnover,0,3,0
2022,12,PHI,GB,29,Touchdown,7,3,2
2022,12,GB,PHI,59,Touchdown,7,4,3
2022,12,PHI,GB,72,Turnover on downs,0,4,0
2022,12,GB,PHI,37,Touchdown,7,5,2
2022,12,PHI,GB,75,Touchdown,7,7,3
2022,12,GB,PHI,75,Turnover,0,6,3
2022,12,PHI,GB,78,Turnover,0,6,3
2022,12,GB,PHI,13,Touchdown,7,3,1
2022,12,PHI,GB,72,Punt,0,3,0
2022,12,GB,PHI,82,Punt,0,5,1
2022,12,PHI,GB,71,Touchdown,7,9,4
2022,12,GB,PHI,75,End of half,0,1,0
2022,12,GB,PHI,53,Punt,0,3,0
2022,12,PHI,GB,86,Touchdown,7,11,5
2022,12,GB,PHI,75,Field goal,3,10,5
2022,12,PHI,GB,74,Field goal,3,14,4
2022,12,GB,PHI,75,Touchdown,7,4,2
2022,12,PHI,GB,79,Field goal,3,10,3
2022,12,GB,PHI,53,Field goal,3,7,2
2022,12,PHI,GB,44,End of half,0,4,1
2022,12,HOU,MIA,75,Punt,0,3,0
2022,12,MIA,HOU,66,Field goal,3,9,3
2022,12,HOU,MIA,90,Punt,0,4,1
2022,12,MIA,HOU,59,Touchdown,7,8,4
2022,12,HOU,MIA,75,Punt,0,5,1
2022,12,MIA,HOU,91,Punt,0,7,2
2022,12,HOU,MIA,80,Turnover,0,2,0
2022,12,MIA,HOU,3,Touchdown,7,1,1
2022,12,HOU,MIA,75,Punt,0,3,0
2022,12,MIA,HOU,77,Field goal,3,10,4
2022,12,HOU,MIA,75,Opp touchdown,0,3,0
2022,12,HOU,MIA,84,Punt,0,5,1
2022,12,MIA,HOU,88,Field goal,3,11,5
2022,12,MIA,HOU,75,Punt,0,6,2
2022,12,HOU,MIA,74,Punt,0,3,0
2022,12,MIA,HOU,70,Punt,0,3,0
2022,12,HOU,MIA,64,Touchdown,7,6,5
2022,12,MIA,HOU,75,Turnover,0,6,2
2022,12,MIA,HOU,75,Punt,0,3,1
2022,12,HOU,MIA,67,Field goal,3,8,2
2022,12,MIA,HOU,75,Punt,0,3,0
2022,12,HOU,MIA,59,Punt,0,4,0
2022,12,MIA,HOU,79,Punt,0,3,0
2022,12,HOU,MIA,60,Turnover,0,7,1
2022,12,MIA,HOU,64,End of half,0,5,1
2022,12,LAC,ARI,75,Punt,0,6,1
2022,12,ARI,LAC,88,Turnover,0,3,2
2022,12,LAC,ARI,47,Punt,0,3,0
2022,12,ARI,LAC,82,Touchdown,7,10,4
2022,12,LAC,ARI,75,Punt,0,3,0
2022,12,ARI,LAC,44,Field goal,3,7,1
2022,12,LAC,ARI,75,Touchdown,7,11,6
2022,12,ARI,LAC,75,Turnover,0,4,0
2022,12,LAC,ARI,56,Touchdown,7,5,3
2022,12,ARI,LAC,75,Touchdown,7,14,6
2022,12,LAC,ARI,75,End of half,0,1,0
2022,12,ARI,LAC,75,Missed field goal,0,6,2
2022,12,LAC,ARI,61,Field goal,3,14,4
2022,12,ARI,LAC,75,Touchdown,7,11,5
2022,12,LAC,ARI,75,Punt,0,4,1
2022,12,ARI,LAC,94,Punt,0,3,0
2022,12,LAC,ARI,61,Punt,0,3,0
2022,12,ARI,LAC,75,Punt,0,3,0
2022,12,LAC,ARI,78,Punt,0,8,3
2022,12,ARI,LAC,90,Punt,0,3,0
2022,12,LAC,ARI,38,Touchdown,7,7,4
2022,12,ARI,LAC,68,End of half,0,2,0
2022,12,KC,LA,75,Punt,0,5,1
2022,12,LA,KC,96,Punt,0,3,0
2022,12,LA,KC,43,Punt,0,3,0
2022,12,KC,LA,90,Touchdown,7,9,5
2022,12,LA,KC,75,Field goal,3,10,3
2022,12,KC,LA,75,Field goal,3,12,5
2022,12,LA,KC,75,Punt,0,10,2
2022,12,KC,LA,96,Field goal,3,13,5
2022,12,LA,KC,77,End of half,0,1,0
2022,12,LA,KC,75,Punt,0,3,0
2022,12,KC,LA,71,Touchdown,7,12,6
2022,12,LA,KC,75,Touchdown,7,14,5
2022,12,KC,LA,75,Turnover,0,12,5
2022,12,LA,KC,80,Turnover,0,2,0
2022,12,KC,LA,9,Field goal,3,4,0
2022,12,LA,KC,73,Turnover,0,4,1
2022,12,KC,LA,27,Field goal,3,9,2
2022,12,LA,KC,84,End of half,0,6,2
2022,12,LV,SEA,80,Turnover,0,1,0
2022,12,SEA,LV,12,Touchdown,7,2,1
2022,12,LV,SEA,75,Touchdown,7,11,4
2022,12,SEA,LV,64,Punt,0,5,1
2022,12,LV,SEA,76,Turnover,0,2,0
2022,12,SEA,LV,35,Field goal,3,5,1
2022,12,LV,SEA,76,Punt,0,3,0
2022,12,SEA,LV,63,Field goal,3,8,2
2022,12,LV,SEA,61,Touchdown,7,6,3
2022,12,SEA,LV,75,Turnover,0,3,1
2022,12,LV,SEA,30,Touchdown,7,1,1
2022,12,SEA,LV,75,Touchdown,7,7,4
2022,12,LV,SEA,75,Field goal,3,13,4
2022,12,SEA,LV,75,End of half,0,1,0
2022,12,SEA,LV,75,Touchdown,7,7,4
2022,12,LV,SEA,75,Field goal,3,11,4
2022,12,SEA,LV,75,Punt,0,3,0
2022,12,LV,SEA,82,Punt,0,5,1
2022,12,SEA,LV,91,Turnover,0,9,4
2022,12,LV,SEA,73,Turnover on downs,0,6,1
2022,12,SEA,LV,47,Touchdown,7,7,3
2022,12,LV,SEA,75,Touchdown,7,10,5
2022,12,SEA,LV,75,Punt,0,5,1
2022,12,LV,SEA,91,End of half,0,2,1
2022,12,LV,SEA,75,Missed field goal,0,8,2
2022,12,SEA,LV,54,Punt,0,3,0
2022,12,LV,SEA,86,Touchdown,7,1,1
2022,12,MIN,NE,80,Touchdown,7,8,5
2022,12,NE,MIN,75,Touchdown,7,5,3
2022,12,MIN,NE,79,Punt,0,3,0
2022,12,NE,MIN,86,Punt,0,3,0
2022,12,MIN,NE,57,Turnover,0,4,1
2022,12,NE,MIN,17,Field goal,3,4,0
2022,12,MIN,NE,84,Field goal,3,14,4
2022,12,NE,MIN,51,Field goal,3,5,1
2022,12,MIN,NE,75,Touchdown,7,9,4
2022,12,NE,MIN,75,Field goal,3,9,4
2022,12,MIN,NE,75,End of half,0,1,0
2022,12,NE,MIN,75,Touchdown,7,8,3
2022,12,NE,MIN,75,Field goal,3,9,3
2022,12,MIN,NE,83,Field goal,3,14,5
2022,12,NE,MIN,75,Punt,0,3,0
2022,12,MIN,NE,71,Touchdown,7,6,3
2022,12,NE,MIN,75,Punt,0,3,0
2022,12,MIN,NE,65,Punt,0,6,1
2022,12,NE,MIN,87,Turnover on downs,0,7,2
2022,12,MIN,NE,61,Punt,0,3,0
2022,12,NE,MIN,89,End of half,0,3,1
2022,12,NO,SF,72,Turnover,0,4,1
2022,12,SF,NO,43,Field goal,3,11,2
2022,12,NO,SF,81,Punt,0,4,1
2022,12,SF,NO,83,Punt,0,6,2
2022,12,NO,SF,89,Punt,0,5,1
2022,12,SF,NO,96,Punt,0,6,1
2022,12,NO,SF,38,Punt,0,3,0
2022,12,SF,NO,80,Turnover on downs,0,11,4
2022,12,NO,SF,98,Punt,0,3,0
2022,12,SF,NO,57,Touchdown,7,9,5
2022,12,NO,SF,69,End of half,0,2,1
2022,12,SF,NO,75,Field goal,3,9,3
2022,12,NO,SF,75,Missed field goal,0,12,4
2022,12,SF,NO,62,Punt,0,3,0
2022,12,NO,SF,88,Turnover,0,12,4
2022,12,SF,NO,99,Punt,0,3,0
2022,12,NO,SF,39,Turnover on downs,0,9,2
2022,12,SF,NO,89,End of half,0,11,4
2022,12,NYG,DAL,75,Punt,0,4,1
2022,12,DAL,NYG,80,Turnover on downs,0,5,1
2022,12,NYG,DAL,40,Field goal,3,5,1
2022,12,DAL,NYG,75,Turnover,0,5,2
2022,12,NYG,DAL,69,Punt,0,3,0
2022,12,DAL,NYG,93,Touchdown,7,11,5
2022,12,NYG,DAL,75,Touchdown,7,9,4
2022,12,DAL,NYG,75,Punt,0,3,0
2022,12,NYG,DAL,75,Punt,0,3,0
2022,12,DAL,NYG,75,Turnover,0,9,3
2022,12,NYG,DAL,73,Field goal,3,8,4
2022,12,DAL,NYG,75,Touchdown,7,14,6
2022,12,NYG,DAL,75,Turnover on downs,0,6,1
2022,12,DAL,NYG,44,Touchdown,7,6,3
2022,12,NYG,DAL,75,Punt,0,5,2
2022,12,DAL,NYG,80,Touchdown,7,10,5
2022,12,NYG,DAL,75,Turnover on downs,0,11,3
2022,12,DAL,NYG,63,Missed field goal,0,6,1
2022,12,NYG,DAL,64,Touchdown,7,7,5
2022,12,DAL,NYG,49,End of half,0,1,0
2022,12,PIT,IND,75,Field goal,3,10,3
2022,12,IND,PIT,66,Turnover,0,2,0
2022,12,PIT,IND,38,Punt,0,6,1
2022,12,IND,PIT,80,Punt,0,3,0
2022,12,PIT,IND,61,Field goal,3,8,2
2022,12,IND,PIT,70,Punt,0,3,0
2022,12,PIT,IND,79,Touchdown,7,10,5
2022,12,IND,PIT,75,Field goal,3,10,3
2022,12,PIT,IND,75,Field goal,3,12,5
2022,12,IND,PIT,59,Missed field goal,0,6,1
2022,12,IND,PIT,19,Touchdown,7,4,2
2022,12,PIT,IND,75,Punt,0,3,0
2022,12,IND,PIT,88,Turnover,0,16,7
2022,12,PIT,IND,93,Punt,0,3,0
2022,12,IND,PIT,55,Touchdown,7,6,3
2022,12,PIT,IND,75,Touchdown,7,11,5
2022,12,IND,PIT,75,Punt,0,3,0
2022,12,PIT,IND,73,Punt,0,6,1
2022,12,IND,PIT,93,Turnover on downs,0,11,3
2022,12,PIT,IND,73,End of half,0,1,0
2022,12,CLE,TB,78,Touchdown,7,7,4
2022,12,TB,CLE,75,Touchdown,7,9,4
2022,12,CLE,TB,75,Field goal,3,7,3
2022,12,TB,CLE,75,Punt,0,3,0
2022,12,CLE,TB,68,Punt,0,7,1
2022,12,TB,CLE,80,Punt,0,3,0
2022,12,CLE,TB,70,Missed field goal,0,10,3
2022,12,TB,CLE,71,Field goal,3,10,2
2022,12,CLE,TB,57,Turnover,0,4,0
2022,12,TB,CLE,75,Punt,0,3,0
2022,12,CLE,TB,58,Punt,0,3,0
2022,12,TB,CLE,80,Touchdown,7,7,4
2022,12,CLE,TB,75,Punt,0,5,1
2022,12,TB,CLE,89,Punt,0,3,0
2022,12,CLE,TB,62,Punt,0,3,0
2022,12,TB,CLE,70,Punt,0,6,2
2022,12,CLE,TB,80,Turnover on downs,0,7,2
2022,12,TB,CLE,55,Punt,0,3,0
2022,12,CLE,TB,95,Punt,0,9,3
2022,12,TB,CLE,80,Punt,0,3,0
2022,12,CLE,TB,46,Touchdown,7,6,2
2022,12,TB,CLE,75,End of half,0,4,1
2022,12,TB,CLE,75,Punt,0,8,2
2022,12,CLE,TB,79,Punt,0,3,0
2022,12,TB,CLE,81,Punt,0,5,1
2022,12,CLE,TB,71,Touchdown,7,6,3
2022,13,NE,BUF,80,Punt,0,3,0
2022,13,BUF,NE,67,Field goal,3,9,2
2022,13,NE,BUF,75,Touchdown,7,5,3
2022,13,BUF,NE,82,Touchdown,7,9,5
2022,13,NE,BUF,91,Punt,0,3,0
2022,13,BUF,NE,56,Touchdown,7,14,5
2022,13,NE,BUF,75,Punt,0,3,0
2022,13,BUF,NE,71,Punt,0,3,0
2022,13,NE,BUF,85,Punt,0,3,0
2022,13,BUF,NE,57,Turnover,0,5,1
2022,13,NE,BUF,58,Missed field goal,0,8,2
2022,13,BUF,NE,62,End of half,0,2,0
2022,13,BUF,NE,75,Punt,0,7,2
2022,13,NE,BUF,80,Punt,0,7,3
2022,13,BUF,NE,94,Touchdown,7,15,6
2022,13,NE,BUF,72,Punt,0,4,1
2022,13,BUF,NE,88,Punt,0,6,1
2022,13,NE,BUF,78,Field goal,3,17,5
2022,13,BUF,NE,45,End of half,0,3,0
2022,13,HOU,CLE,75,Turnover,0,1,0
2022,13,CLE,HOU,57,Punt,0,3,0
2022,13,HOU,CLE,90,Punt,0,4,1
2022,13,CLE,HOU,70,Turnover,0,2,0
2022,13,HOU,CLE,38,Field goal,3,8,2
2022,13,CLE,HOU,84,Turnover,0,9,4
2022,13,HOU,CLE,74,Turnover on downs,0,12,5
2022,13,CLE,HOU,99,Safety,0,2,0
2022,13,HOU,CLE,49,Punt,0,3,0
2022,13,CLE,HOU,99,Punt,0,7,2
2022,13,HOU,CLE,92,Opp touchdown,0,3,0
2022,13,HOU,CLE,68,Punt,0,4,1
2022,13,CLE,HOU,91,Punt,0,4,1
2022,13,HOU,CLE,74,Punt,0,3,0
2022,13,CLE,HOU,80,End of half,0,2,1
2022,13,CLE,HOU,87,Punt,0,8,2
2022,13,HOU,CLE,99,Opp touchdown,0,2,0
2022,13,HOU,CLE,76,Field goal,3,7,3
2022,13,CLE,HOU,79,Punt,0,5,1
2022,13,HOU,CLE,81,Punt,0,3,0
2022,13,CLE,HOU,67,Field goal,3,11,3
2022,13,HOU,CLE,75,Opp touchdown,0,1,0
2022,13,HOU,CLE,75,Punt,0,5,1
2022,13,CLE,HOU,80,Punt,0,3,0
2022,13,CLE,HOU,32,Field goal,3,4,0
2022,13,HOU,CLE,75,Touchdown,7,7,3
2022,13,CLE,HOU,46,End of half,0,3,0
2022,13,DEN,BAL,83,Field goal,3,11,3
2022,13,BAL,DEN,77,Punt,0,3,0
2022,13,DEN,BAL,80,Punt,0,3,0
2022,13,BAL,DEN,68,Punt,0,5,1
2022,13,DEN,BAL,81,Punt,0,3,0
2022,13,BAL,DEN,70,Punt,0,3,0
2022,13,DEN,BAL,86,Punt,0,5,1
2022,13,BAL,DEN,70,Field goal,3,10,3
2022,13,DEN,BAL,76,Punt,0,3,0
2022,13,BAL,DEN,71,Punt,0,3,0
2022,13,DEN,BAL,93,Field goal,3,8,2
2022,13,BAL,DEN,75,End of half,0,6,2
2022,13,BAL,DEN,84,Punt,0,6,1
2022,13,DEN,BAL,82,Punt,0,5,2
2022,13,BAL,DEN,88,Turnover,0,4,2
2022,13,DEN,BAL,40,Field goal,3,4,0
2022,13,BAL,DEN,78,Turnover,0,11,4
2022,13,DEN,BAL,80,Punt,0,5,1
2022,13,BAL,DEN,69,Punt,0,3,0
2022,13,DEN,BAL,81,Punt,0,5,1
2022,13,BAL,DEN,91,Touchdown,7,16,7
2022,13,DEN,BAL,82,Missed field goal,0,4,2
2022,13,CHI,GB,75,Field goal,3,11,3
2022,13,GB,CHI,82,Punt,0,6,1
2022,13,CHI,GB,70,Touchdown,7,5,2
2022,13,GB,CHI,70,Field goal,3,13,4
2022,13,CHI,GB,74,Turnover,0,4,1
2022,13,GB,CHI,60,Turnover on downs,0,5,1
2022,13,CHI,GB,63,Touchdown,7,2,2
2022,13,GB,CHI,75,Touchdown,7,13,5
2022,13,CHI,GB,63,End of half,0,1,0
2022,13,GB,CHI,80,Punt,0,3,0
2022,13,CHI,GB,58,Punt,0,3,0
2022,13,GB,CHI,67,Punt,0,3,0
2022,13,CHI,GB,72,Field goal,3,12,3
2022,13,GB,CHI,82,Touchdown,7,4,4
2022,13,CHI,GB,77,Missed field goal,0,5,1
2022,13,GB,CHI,70,Field goal,3,13,4
2022,13,CHI,GB,69,Turnover,0,5,2
2022,13,GB,CHI,68,Touchdown,7,3,2
2022,13,CHI,GB,53,Turnover,0,5,1
2022,13,GB,CHI,94,End of half,0,2,0
2022,13,DAL,IND,82,Punt,0,3,0
2022,13,IND,DAL,53,Field goal,3,6,1
2022,13,DAL,IND,73,Touchdown,7,12,5
2022,13,IND,DAL,79,Touchdown,7,5,3
2022,13,DAL,IND,84,Punt,0,6,1
2022,13,IND,DAL,80,Punt,0,3,0
2022,13,DAL,IND,56,Touchdown,7,6,3
2022,13,IND,DAL,77,Punt,0,9,2
2022,13,DAL,IND,88,Turnover,0,6,1
2022,13,IND,DAL,19,Field goal,3,4,0
2022,13,DAL,IND,75,Punt,0,3,0
2022,13,IND,DAL,73,Turnover,0,5,1
2022,13,DAL,IND,26,Touchdown,7,5,2
2022,13,IND,DAL,90,End of half,0,1,0
2022,13,IND,DAL,91,Punt,0,3,0
2022,13,DAL,IND,49,Punt,0,3,0
2022,13,IND,DAL,90,Touchdown,7,15,6
2022,13,DAL,IND,75,Touchdown,7,10,5
2022,13,IND,DAL,73,Opp touchdown,0,1,0
2022,13,IND,DAL,78,Turnover,0,7,1
2022,13,DAL,IND,53,Touchdown,7,3,2
2022,13,IND,DAL,75,Turnover,0,3,2
2022,13,DAL,IND,72,Touchdown,7,5,3
2022,13,IND,DAL,77,Turnover,0,6,1
2022,13,DAL,IND,29,Touchdown,7,3,1
2022,13,IND,DAL,68,End of half,0,4,1
2022,13,JAX,DET,79,Turnover,0,2,0
2022,13,DET,JAX,38,Touchdown,7,7,4
2022,13,JAX,DET,75,Field goal,3,10,3
2022,13,DET,JAX,75,Touchdown,7,7,4
2022,13,JAX,DET,75,Punt,0,7,2
2022,13,DET,JAX,85,Field goal,3,9,3
2022,13,JAX,DET,75,Punt,0,3,0
2022,13,DET,JAX,70,Field goal,3,8,2
2022,13,JAX,DET,75,Field goal,3,9,2
2022,13,DET,JAX,67,Field goal,3,11,3
2022,13,JAX,DET,75,End of half,0,3,1
2022,13,DET,JAX,61,Touchdown,7,10,5
2022,13,JAX,DET,75,Touchdown,7,16,6
2022,13,DET,JAX,75,Field goal,3,12,4
2022,13,JAX,DET,75,Punt,0,3,0
2022,13,DET,JAX,68,Touchdown,7,12,6
2022,13,JAX,DET,77,Turnover on downs,0,4,0
2022,13,DET,JAX,31,End of half,0,2,0
2022,13,CIN,KC,75,Touchdown,7,11,6
2022,13,KC,CIN,73,Field goal,3,10,3
2022,13,CIN,KC,74,Touchdown,7,9,5
2022,13,KC,CIN,70,Punt,0,3,0
2022,13,CIN,KC,65,Punt,0,3,0
2022,13,KC,CIN,81,Touchdown,7,14,7
2022,13,CIN,KC,77,Turnover on downs,0,8,2
2022,13,KC,CIN,93,End of half,0,2,1
2022,13,KC,CIN,77,Touchdown,7,7,3
2022,13,CIN,KC,75,Field goal,3,9,3
2022,13,KC,CIN,53,Touchdown,7,8,3
2022,13,CIN,KC,75,Field goal,3,8,3
2022,13,KC,CIN,76,Turnover,0,2,0
2022,13,CIN,KC,53,Touchdown,7,10,4
2022,13,KC,CIN,75,Missed field goal,0,10,3
2022,13,CIN,KC,55,End of half,0,10,3
2022,13,LV,LAC,75,Punt,0,3,0
2022,13,LAC,LV,68,Punt,0,7,1
2022,13,LV,LAC,94,Turnover,0,3,2
2022,13,LAC,LV,25,Turnover on downs,0,4,0
2022,13,LV,LAC,84,Opp touchdown,0,3,0
2022,13,LV,LAC,75,Punt,0,4,1
2022,13,LAC,LV,80,Field goal,3,13,4
2022,13,LV,LAC,75,Touchdown,7,8,4
2022,13,LAC,LV,78,Punt,0,3,0
2022,13,LV,LAC,79,Field goal,3,8,2
2022,13,LAC,LV,75,Field goal,3,12,4
2022,13,LV,LAC,75,Missed field goal,0,4,1
2022,13,LAC,LV,58,End of half,0,1,0
2022,13,LAC,LV,79,Turnover,0,2,0
2022,13,LV,LAC,31,Touchdown,7,1,1
2022,13,LAC,LV,81,Missed field goal,0,8,3
2022,13,LV,LAC,58,Touchdown,7,2,2
2022,13,LAC,LV,80,Punt,0,4,1
2022,13,LV,LAC,80,Field goal,3,14,5
2022,13,LAC,LV,78,Touchdown,7,12,5
2022,13,LV,LAC,75,Punt,0,7,2
2022,13,LAC,LV,91,Turnover on downs,0,8,2
2022,13,LV,LAC,58,Punt,0,5,1
2022,13,LAC,LV,90,End of half,0,3,2
2022,13,MIA,SF,75,Touchdown,7,1,1
2022,13,SF,MIA,83,Field goal,3,9,2
2022,13,MIA,SF,76,Punt,0,3,0
2022,13,SF,MIA,54,Touchdown,7,9,5
2022,13,MIA,SF,75,Punt,0,3,0
2022,13,SF,MIA,72,Punt,0,4,1
2022,13,MIA,SF,90,Field goal,3,12,4
2022,13,SF,MIA,75,Punt,0,3,0
2022,13,MIA,SF,72,Punt,0,3,0
2022,13,SF,MIA,78,Turnover,0,6,2
2022,13,MIA,SF,81,Punt,0,4,1
2022,13,SF,MIA,76,Touchdown,7,11,6
2022,13,SF,MIA,75,Punt,0,6,1
2022,13,MIA,SF,62,Turnover,0,2,2
2022,13,SF,MIA,64,Field goal,3,12,3
2022,13,MIA,SF,75,Turnover,0,1,0
2022,13,SF,MIA,25,Field goal,3,4,0
2022,13,MIA,SF,75,Touchdown,7,4,3
2022,13,SF,MIA,70,Punt,0,6,1
2022,13,MIA,SF,90,Turnover on downs,0,11,3
2022,13,SF,MIA,64,Field goal,3,10,3
2022,13,MIA,SF,75,Opp touchdown,0,1,0
2022,13,MIA,SF,75,Turnover,0,1,0
2022,13,SF,MIA,27,End of half,0,3,0
2022,13,TB,NO,75,Field goal,3,16,5
2022,13,NO,TB,71,Punt,0,3,0
2022,13,TB,NO,76,Punt,0,4,1
2022,13,NO,TB,87,Punt,0,5,1
2022,13,TB,NO,87,Punt,0,6,2
2022,13,NO,TB,80,Touchdown,7,8,3
2022,13,TB,NO,75,Punt,0,5,1
2022,13,NO,TB,40,Punt,0,3,0
2022,13,TB,NO,89,Turnover,0,7,2
2022,13,NO,TB,49,Field goal,3,6,2
2022,13,TB,NO,77,End of half,0,1,0
2022,13,NO,TB,75,Punt,0,3,0
2022,13,TB,NO,74,Turnover,0,5,1
2022,13,NO,TB,68,Field goal,3,12,4
2022,13,TB,NO,75,Punt,0,8,2
2022,13,NO,TB,80,Field goal,3,12,3
2022,13,TB,NO,75,Punt,0,3,0
2022,13,NO,TB,53,Punt,0,3,0
2022,13,TB,NO,91,Touchdown,7,10,6
2022,13,NO,TB,75,Punt,0,3,0
2022,13,TB,NO,63,Touchdown,7,11,5
2022,13,NO,TB,75,End of half,0,1,1
2022,13,NYJ,MIN,75,Turnover,0,4,0
2022,13,MIN,NYJ,34,Field goal,3,4,0
2022,13,NYJ,MIN,75,Field goal,3,12,3
2022,13,MIN,NYJ,75,Punt,0,5,1
2022,13,NYJ,MIN,92,Punt,0,5,2
2022,13,MIN,NYJ,74,Touchdown,7,14,8
2022,13,NYJ,MIN,75,Punt,0,5,1
2022,13,MIN,NYJ,86,Touchdown,7,11,5
2022,13,NYJ,MIN,75,Turnover on downs,0,6,1
2022,13,MIN,NYJ,43,Field goal,3,7,1
2022,13,NYJ,MIN,75,Field goal,3,6,1
2022,13,MIN,NYJ,75,End of half,0,1,0
2022,13,MIN,NYJ,75,Punt,0,3,0
2022,13,NYJ,MIN,61,Field goal,3,8,2
2022,13,MIN,NYJ,75,Punt,0,6,1
2022,13,NYJ,MIN,74,Field goal,3,12,4
2022,13,MIN,NYJ,75,Punt,0,3,0
2022,13,NYJ,MIN,71,Field goal,3,5,1
2022,13,MIN,NYJ,75,Touchdown,7,7,5
2022,13,NYJ,MIN,75,Touchdown,7,5,3
2022,13,MIN,NYJ,75,Punt,0,3,0
2022,13,NYJ,MIN,84,Turnover on downs,0,14,4
2022,13,MIN,NYJ,98,Punt,0,3,0
2022,13,NYJ,MIN,43,Turnover,0,6,1
2022,13,MIN,NYJ,94,End of half,0,1,0
2022,13,PIT,ATL,75,Field goal,3,16,4
2022,13,ATL,PIT,79,Punt,0,7,2
2022,13,PIT,ATL,86,Field goal,3,12,4
2022,13,ATL,PIT,74,Field goal,3,8,3
2022,13,PIT,ATL,75,Touchdown,7,4,2
2022,13,ATL,PIT,75,Field goal,3,5,1
2022,13,PIT,ATL,75,Field goal,3,9,3
2022,13,ATL,PIT,75,Punt,0,5,2
2022,13,PIT,ATL,86,End of half,0,1,0
2022,13,ATL,PIT,74,Punt,0,6,1
2022,13,PIT,ATL,90,Field goal,3,14,6
2022,13,ATL,PIT,75,Touchdown,7,8,5
2022,13,PIT,ATL,75,Punt,0,3,0
2022,13,ATL,PIT,74,Field goal,3,16,4
2022,13,PIT,ATL,75,Punt,0,9,3
2022,13,ATL,PIT,98,Turnover,0,1,0
2022,13,PIT,ATL,4,End of half,0,1,0
2022,13,LA,SEA,77,Touchdown,7,10,5
2022,13,SEA,LA,75,Touchdown,7,6,3
2022,13,LA,SEA,75,Field goal,3,7,2
2022,13,SEA,LA,75,Punt,0,3,0
2022,13,LA,SEA,86,Punt,0,5,1
2022,13,SEA,LA,91,Touchdown,7,11,5
2022,13,LA,SEA,75,Turnover,0,9,3
2022,13,SEA,LA,84,Punt,0,3,0
2022,13,LA,SEA,63,Field goal,3,7,2
2022,13,SEA,LA,75,End of half,0,3,0
2022,13,SEA,LA,75,Turnover,0,4,2
2022,13,LA,SEA,71,Punt,0,3,0
2022,13,SEA,LA,83,Field goal,3,8,3
2022,13,LA,SEA,75,Punt,0,3,0
2022,13,SEA,LA,78,Turnover,0,7,2
2022,13,LA,SEA,55,Field goal,3,9,3
2022,13,SEA,LA,75,Field goal,3,11,4
2022,13,LA,SEA,75,Touchdown,7,9,4
2022,13,SEA,LA,75,Touchdown,7,10,6
2022,13,LA,SEA,75,Turnover,0,4,0
2022,13,SEA,LA,31,End of half,0,1,0
2022,13,PHI,TEN,75,Touchdown,7,7,3
2022,13,TEN,PHI,75,Punt,0,3,0
2022,13,PHI,TEN,72,Punt,0,3,0
2022,13,TEN,PHI,71,Touchdown,7,10,4
2022,13,PHI,TEN,85,Touchdown,7,7,4
2022,13,TEN,PHI,77,Punt,0,3,0
2022,13,PHI,TEN,57,Punt,0,6,2
2022,13,TEN,PHI,87,Field goal,3,10,3
2022,13,PHI,TEN,75,Touchdown,7,7,5
2022,13,TEN,PHI,75,Punt,0,3,0
2022,13,PHI,TEN,74,End of half,0,5,2
2022,13,TEN,PHI,78,Punt,0,3,0
2022,13,TEN,PHI,77,Punt,0,4,1
2022,13,PHI,TEN,63,Punt,0,3,0
2022,13,TEN,PHI,71,Punt,0,4,0
2022,13,PHI,TEN,68,Touchdown,7,16,7
2022,13,TEN,PHI,75,Punt,0,4,1
2022,13,PHI,TEN,96,Punt,0,3,0
2022,13,TEN,PHI,32,Turnover on downs,0,7,1
2022,13,PHI,TEN,91,Punt,0,6,1
2022,13,TEN,PHI,73,End of half,0,3,1
2022,13,NYG,WAS,75,Turnover,0,4,1
2022,13,WAS,NYG,48,Field goal,3,10,3
2022,13,NYG,WAS,75,Punt,0,3,0
2022,13,WAS,NYG,62,Touchdown,7,8,4
2022,13,NYG,WAS,75,Field goal,3,8,3
2022,13,WAS,NYG,75,Punt,0,3,0
2022,13,NYG,WAS,81,Touchdown,7,5,3
2022,13,WAS,NYG,75,Field goal,3,12,4
2022,13,NYG,WAS,75,Field goal,3,13,5
2022,13,WAS,NYG,75,End of half,0,1,0
2022,13,WAS,NYG,77,Turnover,0,3,0
2022,13,NYG,WAS,20,Touchdown,7,5,2
2022,13,WAS,NYG,95,Punt,0,11,3
2022,13,NYG,WAS,85,Punt,0,3,0
2022,13,WAS,NYG,74,Missed field goal,0,12,4
2022,13,NYG,WAS,58,Punt,0,3,0
2022,13,WAS,NYG,91,Punt,0,3,0
2022,13,NYG,WAS,47,Punt,0,4,1
2022,13,WAS,NYG,90,Touchdown,7,8,4
2022,13,NYG,WAS,75,Punt,0,3,0
2022,13,WAS,NYG,88,Punt,0,6,2
2022,13,NYG,WAS,84,End of half,0,1,0
2022,13,NYG,WAS,73,Punt,0,4,1
2022,13,WAS,NYG,67,Punt,0,5,1
2022,13,NYG,WAS,86,Punt,0,7,3
2022,13,WAS,NYG,90,Punt,0,3,0
2022,13,NYG,WAS,57,Missed field goal,0,5,1
2022,14,BAL,PIT,75,Punt,0,3,0
2022,14,PIT,BAL,77,Punt,0,5,1
2022,14,BAL,PIT,75,Field goal,3,11,3
2022,14,PIT,BAL,75,Punt,0,3,0
2022,14,BAL,PIT,48,Touchdown,7,2,2
2022,14,PIT,BAL,64,Touchdown,7,5,4
2022,14,BAL,PIT,77,Turnover on downs,0,7,2
2022,14,PIT,BAL,64,Turnover,0,9,3
2022,14,BAL,PIT,71,Field goal,3,10,3
2022,14,PIT,BAL,75,Turnover,0,5,3
2022,14,BAL,PIT,92,End of half,0,1,0
2022,14,PIT,BAL,75,Punt,0,6,1
2022,14,BAL,PIT,80,Punt,0,6,2
2022,14,PIT,BAL,89,Turnover,0,7,4
2022,14,BAL,PIT,99,Punt,0,5,1
2022,14,PIT,BAL,68,Missed field goal,0,9,3
2022,14,BAL,PIT,70,Field goal,3,13,4
2022,14,PIT,BAL,75,Touchdown,7,5,4
2022,14,BAL,PIT,79,End of half,0,6,1
2022,14,CAR,SEA,72,Field goal,3,13,3
2022,14,SEA,CAR,75,Turnover,0,1,0
2022,14,CAR,SEA,13,Touchdown,7,1,1
2022,14,SEA,CAR,75,Punt,0,5,1
2022,14,CAR,SEA,74,Touchdown,7,12,6
2022,14,SEA,CAR,67,Touchdown,7,7,3
2022,14,CAR,SEA,75,Punt,0,3,0
2022,14,SEA,CAR,58,Turnover,0,3,0
2022,14,CAR,SEA,39,Field goal,3,8,2
2022,14,SEA,CAR,46,Touchdown,7,9,3
2022,14,CAR,SEA,75,End of half,0,1,0
2022,14,SEA,CAR,60,Field goal,3,9,3
2022,14,CAR,SEA,75,Punt,0,3,0
2022,14,SEA,CAR,80,Punt,0,3,0
2022,14,CAR,SEA,69,Turnover on downs,0,14,4
2022,14,SEA,CAR,96,Punt,0,8,3
2022,14,CAR,SEA,74,Touchdown,7,10,5
2022,14,SEA,CAR,75,Punt,0,3,0
2022,14,CAR,SEA,65,Field goal,3,9,3
2022,14,SEA,CAR,75,Touchdown,7,6,3
2022,14,CAR,SEA,41,End of half,0,1,0
2022,14,CIN,CLE,75,Punt,0,3,0
2022,14,CLE,CIN,76,Turnover on downs,0,8,3
2022,14,CIN,CLE,74,Punt,0,6,1
2022,14,CLE,CIN,81,Punt,0,3,0
2022,14,CIN,CLE,90,Punt,0,6,1
2022,14,CLE,CIN,70,Punt,0,4,0
2022,14,CIN,CLE,85,Touchdown,7,9,6
2022,14,CLE,CIN,71,Field goal,3,13,4
2022,14,CIN,CLE,75,Touchdown,7,9,4
2022,14,CLE,CIN,75,End of half,0,4,1
2022,14,CLE,CIN,81,Punt,0,3,0
2022,14,CIN,CLE,85,Punt,0,6,3
2022,14,CLE,CIN,83,Punt,0,3,0
2022,14,CIN,CLE,56,Touchdown,7,2,2
2022,14,CLE,CIN,71,Touchdown,7,10,5
2022,14,CIN,CLE,75,Field goal,3,6,2
2022,14,CLE,CIN,76,Turnover,0,4,1
2022,14,CIN,CLE,56,Turnover,0,5,2
2022,14,CLE,CIN,71,Turnover on downs,0,15,4
2022,14,CIN,CLE,94,Punt,0,4,1
2022,14,CLE,CIN,48,Turnover on downs,0,4,0
2022,14,CIN,CLE,58,End of half,0,6,1
2022,14,DAL,HOU,76,Touchdown,7,9,4
2022,14,HOU,DAL,75,Punt,0,3,0
2022,14,HOU,DAL,24,Touchdown,7,6,2
2022,14,DAL,HOU,75,Punt,0,3,0
2022,14,HOU,DAL,72,Field goal,3,6,1
2022,14,DAL,HOU,75,Touchdown,7,7,3
2022,14,HOU,DAL,75,Turnover on downs,0,10,2
2022,14,DAL,HOU,60,Punt,0,3,0
2022,14,HOU,DAL,79,Punt,0,3,0
2022,14,DAL,HOU,64,Turnover,0,2,0
2022,14,HOU,DAL,27,Touchdown,7,2,1
2022,14,DAL,HOU,75,Field goal,3,11,3
2022,14,HOU,DAL,75,Field goal,3,5,3
2022,14,HOU,DAL,75,Turnover,0,4,1
2022,14,DAL,HOU,28,Turnover on downs,0,9,2
2022,14,HOU,DAL,98,Field goal,3,10,3
2022,14,DAL,HOU,75,Field goal,3,9,2
2022,14,HOU,DAL,75,Punt,0,3,0
2022,14,DAL,HOU,88,Punt,0,3,0
2022,14,HOU,DAL,75,Punt,0,7,2
2022,14,DAL,HOU,99,Turnover,0,5,1
2022,14,HOU,DAL,4,Turnover on downs,0,4,0
2022,14,DAL,HOU,98,Touchdown,7,11,6
2022,14,HOU,DAL,75,Turnover,0,4,1
2022,14,DAL,HOU,80,End of half,0,1,0
2022,14,TEN,JAX,76,Touchdown,7,10,6
2022,14,JAX,TEN,75,Punt,0,3,0
2022,14,TEN,JAX,76,Turnover,0,3,0
2022,14,JAX,TEN,20,Touchdown,7,3,1
2022,14,TEN,JAX,75,Touchdown,7,6,3
2022,14,JAX,TEN,75,Punt,0,5,1
2022,14,TEN,JAX,71,Turnover,0,5,2
2022,14,JAX,TEN,54,Field goal,3,7,2
2022,14,TEN,JAX,75,Punt,0,3,0
2022,14,JAX,TEN,71,Field goal,3,10,3
2022,14,TEN,JAX,60,Turnover,0,3,1
2022,14,JAX,TEN,78,Touchdown,7,6,3
2022,14,TEN,JAX,60,End of half,0,2,1
2022,14,JAX,TEN,72,Touchdown,7,12,5
2022,14,TEN,JAX,75,Punt,0,3,0
2022,14,JAX,TEN,63,Touchdown,7,5,3
2022,14,TEN,JAX,77,Punt,0,3,0
2022,14,JAX,TEN,65,Turnover on downs,0,5,1
2022,14,TEN,JAX,64,Turnover,0,1,0
2022,14,JAX,TEN,30,Field goal,3,6,1
2022,14,TEN,JAX,64,Touchdown,7,10,5
2022,14,JAX,TEN,86,Punt,0,4,1
2022,14,TEN,JAX,91,Turnover on downs,0,13,4
2022,14,JAX,TEN,72,End of half,0,4,1
2022,14,KC,DEN,75,Field goal,3,8,3
2022,14,DEN,KC,75,Punt,0,12,3
2022,14,KC,DEN,80,Field goal,3,6,1
2022,14,DEN,KC,75,Punt,0,3,0
2022,14,KC,DEN,78,Touchdown,7,4,2
2022,14,DEN,KC,71,Punt,0,3,0
2022,14,KC,DEN,76,Touchdown,7,12,5
2022,14,DEN,KC,75,Opp touchdown,0,6,1
2022,14,DEN,KC,75,Punt,0,3,0
2022,14,KC,DEN,69,Turnover,0,2,0
2022,14,DEN,KC,42,Touchdown,7,4,2
2022,14,KC,DEN,75,Turnover,0,5,1
2022,14,DEN,KC,60,Touchdown,7,7,4
2022,14,KC,DEN,75,End of half,0,1,0
2022,14,DEN,KC,75,Touchdown,7,5,2
2022,14,KC,DEN,75,Punt,0,3,0
2022,14,DEN,KC,80,Punt,0,3,0
2022,14,KC,DEN,77,Punt,0,3,0
2022,14,DEN,KC,73,Punt,0,5,1
2022,14,KC,DEN,72,Touchdown,7,9,4
2022,14,DEN,KC,75,Touchdown,7,12,4
2022,14,KC,DEN,75,Punt,0,3,0
2022,14,DEN,KC,95,Punt,0,3,0
2022,14,KC,DEN,41,Turnover,0,3,0
2022,14,DEN,KC,54,Turnover,0,3,0
2022,14,KC,DEN,85,End of half,0,10,4
2022,14,LV,LA,75,Touchdown,7,12,5
2022,14,LA,LV,68,Punt,0,3,0
2022,14,LV,LA,80,Field goal,3,8,3
2022,14,LA,LV,66,Field goal,3,5,1
2022,14,LV,LA,69,Field goal,3,10,4
2022,14,LA,LV,78,Turnover,0,8,3
2022,14,LV,LA,83,Turnover,0,10,3
2022,14,LA,LV,80,End of half,0,3,0
2022,14,LA,LV,82,Punt,0,6,1
2022,14,LV,LA,58,Punt,0,3,0
2022,14,LA,LV,87,Punt,0,5,1
2022,14,LV,LA,83,Punt,0,3,0
2022,14,LA,LV,83,Missed field goal,0,7,2
2022,14,LV,LA,49,Field goal,3,11,2
2022,14,LA,LV,75,Touchdown,7,17,7
2022,14,LV,LA,75,Punt,0,3,0
2022,14,LA,LV,98,Touchdown,7,8,5
2022,14,LV,LA,75,Turnover,0,1,0
2022,14,LA,LV,49,End of half,0,1,0
2022,14,MIA,LAC,75,Punt,0,3,0
2022,14,LAC,MIA,80,Turnover on downs,0,15,6
2022,14,MIA,LAC,98,Punt,0,6,1
2022,14,LAC,MIA,57,Field goal,3,8,2
2022,14,MIA,LAC,75,Punt,0,3,0
2022,14,LAC,MIA,43,Touchdown,7,5,2
2022,14,MIA,LAC,75,Touchdown,7,3,2
2022,14,LAC,MIA,75,Punt,0,3,0
2022,14,MIA,LAC,86,Punt,0,7,2
2022,14,LAC,MIA,90,Touchdown,7,13,6
2022,14,MIA,LAC,75,End of half,0,2,0
2022,14,LAC,MIA,75,Punt,0,3,0
2022,14,MIA,LAC,65,Punt,0,3,0
2022,14,LAC,MIA,83,Punt,0,6,1
2022,14,MIA,LAC,76,Touchdown,7,5,2
2022,14,LAC,MIA,75,Field goal,3,6,1
2022,14,MIA,LAC,75,Punt,0,5,2
2022,14,LAC,MIA,87,Punt,0,3,0
2022,14,MIA,LAC,74,Punt,0,6,2
2022,14,LAC,MIA,89,Field goal,3,17,6
2022,14,MIA,LAC,75,Field goal,3,7,3
2022,14,LAC,MIA,51,End of half,0,2,0
2022,14,DET,MIN,79,Punt,0,3,0
2022,14,MIN,DET,79,Turnover on downs,0,6,1
2022,14,DET,MIN,46,Touchdown,7,2,1
2022,14,MIN,DET,75,Touchdown,7,10,8
2022,14,DET,MIN,75,Turnover on downs,0,10,2
2022,14,MIN,DET,61,Punt,0,5,1
2022,14,DET,MIN,87,Punt,0,9,3
2022,14,MIN,DET,90,Punt,0,3,0
2022,14,DET,MIN,48,Touchdown,7,1,1
2022,14,MIN,DET,75,Turnover,0,12,4
2022,14,DET,MIN,78,Missed field goal,0,6,2
2022,14,MIN,DET,63,End of half,0,2,1
2022,14,MIN,DET,75,Punt,0,3,0
2022,14,DET,MIN,76,Touchdown,7,12,5
2022,14,MIN,DET,75,Touchdown,7,7,3
2022,14,DET,MIN,75,Touchdown,7,10,5
2022,14,MIN,DET,75,Field goal,3,7,2
2022,14,DET,MIN,75,Field goal,3,12,3
2022,14,MIN,DET,75,Touchdown,7,6,3
2022,14,DET,MIN,44,Field goal,3,7,1
2022,14,MIN,DET,75,Turnover,0,2,0
2022,14,ARI,NE,74,Missed field goal,0,9,2
2022,14,NE,ARI,60,Punt,0,4,1
2022,14,ARI,NE,96,Punt,0,5,2
2022,14,NE,ARI,97,Turnover,0,6,2
2022,14,ARI,NE,36,Field goal,3,7,1
2022,14,NE,ARI,75,Touchdown,7,8,5
2022,14,ARI,NE,70,Field goal,3,6,2
2022,14,NE,ARI,79,Punt,0,6,1
2022,14,ARI,NE,63,Touchdown,7,7,4
2022,14,NE,ARI,77,Punt,0,3,0
2022,14,ARI,NE,41,Turnover on downs,0,4,0
2022,14,NE,ARI,68,Field goal,3,6,2
2022,14,NE,ARI,75,Field goal,3,8,3
2022,14,ARI,NE,75,Turnover on downs,0,6,1
2022,14,NE,ARI,59,Punt,0,3,0
2022,14,ARI,NE,94,Opp touchdown,0,2,1
2022,14,ARI,NE,76,Turnover,0,7,3
2022,14,NE,ARI,63,Touchdown,7,5,3
2022,14,ARI,NE,76,Punt,0,3,0
2022,14,NE,ARI,51,Punt,0,3,0
2022,14,ARI,NE,80,Turnover on downs,0,10,2
2022,14,NE,ARI,41,Punt,0,3,0
2022,14,ARI,NE,80,Turnover on downs,0,6,1
2022,14,NE,ARI,37,End of half,0,4,1
2022,14,BUF,NYJ,77,Punt,0,3,0
2022,14,NYJ,BUF,98,Punt,0,7,2
2022,14,BUF,NYJ,67,Punt,0,5,1
2022,14,NYJ,BUF,80,Punt,0,6,1
2022,14,BUF,NYJ,82,Punt,0,3,0
2022,14,NYJ,BUF,48,Punt,0,3,0
2022,14,BUF,NYJ,80,Punt,0,9,2
2022,14,NYJ,BUF,94,Punt,0,5,1
2022,14,NYJ,BUF,74,Punt,0,7,2
2022,14,BUF,NYJ,70,Touchdown,7,7,5
2022,14,NYJ,BUF,76,End of half,0,1,0
2022,14,NYJ,BUF,72,Touchdown,7,10,5
2022,14,BUF,NYJ,75,Touchdown,7,6,4
2022,14,NYJ,BUF,75,Turnover,0,6,2
2022,14,BUF,NYJ,44,Field goal,3,5,1
2022,14,NYJ,BUF,75,Punt,0,3,0
2022,14,BUF,NYJ,52,Field goal,3,5,1
2022,14,NYJ,BUF,75,Punt,0,8,2
2022,14,BUF,NYJ,92,Safety,0,3,0
2022,14,NYJ,BUF,63,Turnover,0,5,2
2022,14,BUF,NYJ,78,Punt,0,3,0
2022,14,NYJ,BUF,64,Field goal,3,9,2
2022,14,BUF,NYJ,71,Punt,0,3,0
2022,14,NYJ,BUF,79,Turnover on downs,0,4,0
2022,14,BUF,NYJ,21,End of half,0,1,0
2022,14,NYG,PHI,76,Punt,0,5,1
2022,14,PHI,NYG,84,Touchdown,7,14,7
2022,14,NYG,PHI,79,Punt,0,4,1
2022,14,PHI,NYG,91,Touchdown,7,12,5
2022,14,NYG,PHI,75,Turnover on downs,0,7,1
2022,14,PHI,NYG,33,Touchdown,7,1,1
2022,14,NYG,PHI,80,Punt,0,6,2
2022,14,PHI,NYG,92,Punt,0,3,0
2022,14,NYG,PHI,15,Touchdown,7,3,2
2022,14,PHI,NYG,35,Field goal,3,6,1
2022,14,NYG,PHI,75,Punt,0,3,0
2022,14,PHI,NYG,68,End of half,0,1,0
2022,14,PHI,NYG,84,Field goal,3,8,3
2022,14,NYG,PHI,75,Touchdown,7,11,5
2022,14,PHI,NYG,63,Touchdown,7,8,4
2022,14,NYG,PHI,75,Punt,0,3,0
2022,14,PHI,NYG,56,Punt,0,3,0
2022,14,NYG,PHI,75,Turnover on downs,0,10,2
2022,14,PHI,NYG,76,Touchdown,7,7,4
2022,14,NYG,PHI,75,Turnover,0,2,0
2022,14,PHI,NYG,23,Touchdown,7,4,2
2022,14,NYG,PHI,75,Touchdown,7,9,4
2022,14,PHI,NYG,46,End of half,0,1,0
2022,14,SF,TB,67,Touchdown,7,5,4
2022,14,TB,SF,77,Missed field goal,0,10,3
2022,14,SF,TB,55,Punt,0,3,0
2022,14,TB,SF,70,Punt,0,3,0
2022,14,SF,TB,62,Touchdown,7,8,5
2022,14,TB,SF,82,Punt,0,3,0
2022,14,SF,TB,71,Touchdown,7,9,4
2022,14,TB,SF,74,Punt,0,3,0
2022,14,SF,TB,66,Turnover,0,5,1
2022,14,TB,SF,60,Turnover on downs,0,8,2
2022,14,SF,TB,91,Touchdown,7,7,5
2022,14,TB,SF,70,End of half,0,1,0
2022,14,TB,SF,44,Turnover,0,3,0
2022,14,SF,TB,38,Touchdown,7,2,1
2022,14,TB,SF,79,Turnover,0,12,4
2022,14,SF,TB,76,Punt,0,3,0
2022,14,TB,SF,74,Touchdown,7,13,5
2022,14,SF,TB,69,Punt,0,6,2
2022,14,TB,SF,92,Turnover on downs,0,15,4
2022,14,SF,TB,65,Turnover on downs,0,6,1
2022,14,TB,SF,66,Turnover,0,4,0
2022,14,SF,TB,32,End of half,0,5,1
2022,15,DEN,ARI,75,Field goal,3,10,3
2022,15,ARI,DEN,75,Punt,0,3,0
2022,15,DEN,ARI,69,Punt,0,7,2
2022,15,ARI,DEN,88,Turnover,0,5,1
2022,15,DEN,ARI,24,Missed field goal,0,4,0
2022,15,ARI,DEN,72,Field goal,3,11,3
2022,15,DEN,ARI,75,Punt,0,3,0
2022,15,ARI,DEN,55,Punt,0,3,0
2022,15,DEN,ARI,89,Punt,0,3,0
2022,15,ARI,DEN,61,Punt,0,3,0
2022,15,DEN,ARI,96,Punt,0,4,1
2022,15,ARI,DEN,81,Punt,0,3,0
2022,15,DEN,ARI,75,Turnover,0,4,2
2022,15,ARI,DEN,51,Field goal,3,4,1
2022,15,ARI,DEN,75,Field goal,3,11,3
2022,15,DEN,ARI,80,Touchdown,7,7,5
2022,15,ARI,DEN,75,Punt,0,3,0
2022,15,DEN,ARI,66,Turnover,0,9,3
2022,15,ARI,DEN,98,Punt,0,3,0
2022,15,DEN,ARI,56,Touchdown,7,6,4
2022,15,ARI,DEN,75,Turnover,0,3,0
2022,15,DEN,ARI,5,Touchdown,7,2,1
2022,15,ARI,DEN,78,Touchdown,7,7,4
2022,15,DEN,ARI,75,Punt,0,8,2
2022,15,ARI,DEN,97,Turnover,0,3,1
2022,15,DEN,ARI,37,End of half,0,2,0
2022,15,NO,ATL,75,Touchdown,7,10,4
2022,15,ATL,NO,75,Punt,0,3,0
2022,15,NO,ATL,73,Touchdown,7,2,1
2022,15,ATL,NO,75,Punt,0,4,1
2022,15,NO,ATL,91,Punt,0,6,1
2022,15,ATL,NO,62,Field goal,3,12,3
2022,15,NO,ATL,75,Turnover,0,7,3
2022,15,ATL,NO,85,Punt,0,3,0
2022,15,NO,ATL,63,Punt,0,5,1
2022,15,ATL,NO,98,Punt,0,13,4
2022,15,NO,ATL,87,End of half,0,1,0
2022,15,ATL,NO,75,Touchdown,7,8,3
2022,15,NO,ATL,75,Touchdown,7,11,5
2022,15,ATL,NO,86,Punt,0,8,3
2022,15,NO,ATL,89,Punt,0,3,0
2022,15,ATL,NO,32,Touchdown,7,8,3
2022,15,NO,ATL,75,Punt,0,3,0
2022,15,ATL,NO,90,Turnover,0,9,3
2022,15,NO,ATL,61,Turnover on downs,0,7,2
2022,15,ATL,NO,73,End of half,0,2,1
2022,15,CLE,BAL,89,Punt,0,3,0
2022,15,BAL,CLE,78,Turnover on downs,0,10,3
2022,15,CLE,BAL,93,Field goal,3,14,5
2022,15,BAL,CLE,82,Punt,0,7,2
2022,15,CLE,BAL,87,Punt,0,3,0
2022,15,BAL,CLE,62,Field goal,3,9,2
2022,15,CLE,BAL,75,Field goal,3,11,4
2022,15,BAL,CLE,80,Missed field goal,0,10,3
2022,15,BAL,CLE,75,Turnover,0,11,4
2022,15,CLE,BAL,91,Touchdown,7,12,6
2022,15,BAL,CLE,75,Turnover,0,1,0
2022,15,CLE,BAL,40,Punt,0,3,0
2022,15,BAL,CLE,91,Missed field goal,0,6,2
2022,15,CLE,BAL,48,Missed field goal,0,7,1
2022,15,BAL,CLE,72,Turnover on downs,0,6,1
2022,15,CLE,BAL,46,Missed field goal,0,10,2
2022,15,BAL,CLE,64,Turnover on downs,0,4,0
2022,15,CLE,BAL,33,End of half,0,5,1
2022,15,CIN,TB,75,Turnover,0,5,3
2022,15,TB,CIN,70,Field goal,3,13,4
2022,15,CIN,TB,75,Punt,0,3,0
2022,15,TB,CIN,59,Touchdown,7,11,4
2022,15,CIN,TB,78,Punt,0,3,0
2022,15,TB,CIN,64,Missed field goal,0,8,2
2022,15,CIN,TB,60,Punt,0,3,0
2022,15,TB,CIN,85,Touchdown,7,10,6
2022,15,CIN,TB,70,Field goal,3,7,3
2022,15,TB,CIN,83,Turnover on downs,0,4,0
2022,15,CIN,TB,16,Field goal,3,5,1
2022,15,TB,CIN,92,Turnover,0,5,1
2022,15,CIN,TB,31,Touchdown,7,7,3
2022,15,TB,CIN,79,Turnover,0,3,0
2022,15,CIN,TB,13,Touchdown,7,5,2
2022,15,TB,CIN,75,Turnover,0,3,1
2022,15,CIN,TB,39,Touchdown,7,8,3
2022,15,TB,CIN,75,Turnover,0,3,2
2022,15,CIN,TB,53,Punt,0,3,0
2022,15,TB,CIN,98,Punt,0,3,0
2022,15,CIN,TB,62,Touchdown,7,13,5
2022,15,TB,CIN,75,Touchdown,7,9,5
2022,15,CIN,TB,47,End of half,0,2,0
2022,15,DAL,JAX,75,Punt,0,8,2
2022,15,JAX,DAL,91,Turnover,0,7,2
2022,15,DAL,JAX,41,Touchdown,7,6,3
2022,15,JAX,DAL,75,Punt,0,3,0
2022,15,DAL,JAX,86,Touchdown,7,10,5
2022,15,JAX,DAL,75,Touchdown,7,9,6
2022,15,DAL,JAX,66,Touchdown,7,11,5
2022,15,JAX,DAL,75,Punt,0,3,0
2022,15,DAL,JAX,77,Punt,0,4,1
2022,15,JAX,DAL,86,End of half,0,5,2
2022,15,JAX,DAL,75,Field goal,3,10,3
2022,15,DAL,JAX,75,Field goal,3,8,2
2022,15,JAX,DAL,75,Turnover,0,4,1
2022,15,DAL,JAX,42,Field goal,3,4,0
2022,15,JAX,DAL,75,Touchdown,7,3,2
2022,15,DAL,JAX,84,Turnover,0,2,0
2022,15,JAX,DAL,39,Touchdown,7,4,2
2022,15,DAL,JAX,81,Punt,0,3,0
2022,15,JAX,DAL,75,Touchdown,7,8,4
2022,15,DAL,JAX,75,Touchdown,7,13,5
2022,15,JAX,DAL,75,Turnover,0,6,2
2022,15,DAL,JAX,62,Punt,0,3,0
2022,15,JAX,DAL,71,Field goal,3,7,2
2022,15,JAX,DAL,75,Punt,0,3,0
2022,15,DAL,JAX,80,Opp touchdown,0,4,1
2022,15,DET,NYJ,75,Turnover on downs,0,14,4
2022,15,NYJ,DET,98,Opp touchdown,0,3,0
2022,15,NYJ,DET,80,Punt,0,6,2
2022,15,DET,NYJ,80,Punt,0,5,1
2022,15,NYJ,DET,78,Touchdown,7,3,2
2022,15,DET,NYJ,75,Field goal,3,15,4
2022,15,NYJ,DET,77,Punt,0,10,3
2022,15,DET,NYJ,80,Punt,0,4,1
2022,15,NYJ,DET,81,Field goal,3,5,2
2022,15,NYJ,DET,76,Turnover,0,4,1
2022,15,DET,NYJ,15,Field goal,3,4,0
2022,15,NYJ,DET,75,Punt,0,3,0
2022,15,DET,NYJ,66,Punt,0,5,1
2022,15,NYJ,DET,80,Punt,0,9,2
2022,15,DET,NYJ,80,Punt,0,5,1
2022,15,NYJ,DET,69,Punt,0,3,0
2022,15,DET,NYJ,91,Missed field goal,0,10,3
2022,15,NYJ,DET,56,Touchdown,7,7,3
2022,15,DET,NYJ,78,Touchdown,7,7,2
2022,15,NYJ,DET,75,Missed field goal,0,10,3
2022,15,IND,MIN,52,Field goal,3,11,3
2022,15,MIN,IND,75,Opp touchdown,0,3,1
2022,15,MIN,IND,75,Turnover,0,2,1
2022,15,IND,MIN,66,Touchdown,7,7,4
2022,15,MIN,IND,78,Turnover on downs,0,4,0
2022,15,IND,MIN,31,Field goal,3,6,1
2022,15,MIN,IND,78,Turnover on downs,0,4,0
2022,15,IND,MIN,31,Field goal,3,4,0
2022,15,MIN,IND,77,Punt,0,3,0
2022,15,IND,MIN,73,Punt,0,6,1
2022,15,MIN,IND,95,Opp touchdown,0,3,0
2022,15,MIN,IND,75,Punt,0,5,1
2022,15,IND,MIN,74,Field goal,3,9,3
2022,15,MIN,IND,73,End of half,0,1,0
2022,15,MIN,IND,77,Punt,0,3,0
2022,15,IND,MIN,66,Punt,0,4,1
2022,15,MIN,IND,88,Touchdown,7,7,4
2022,15,IND,MIN,60,Field goal,3,6,2
2022,15,MIN,IND,75,Touchdown,7,8,6
2022,15,IND,MIN,67,Punt,0,3,0
2022,15,MIN,IND,61,Touchdown,7,6,4
2022,15,IND,MIN,83,Punt,0,4,1
2022,15,MIN,IND,87,Turnover,0,8,3
2022,15,IND,MIN,98,Punt,0,3,0
2022,15,IND,MIN,75,Turnover,0,4,1
2022,15,MIN,IND,54,Turnover on downs,0,7,1
2022,15,IND,MIN,56,Turnover on downs,0,5,1
2022,15,MIN,IND,64,Touchdown,7,1,1
2022,15,IND,MIN,75,Punt,0,3,0
2022,15,MIN,IND,74,Punt,0,3,0
2022,15,IND,MIN,98,End of half,0,1,0
2022,15,MIN,IND,83,Punt,0,8,3
2022,15,IND,MIN,87,Punt,0,8,2
2022,15,MIN,IND,82,Field goal,3,6,3
2022,15,HOU,KC,75,Punt,0,4,1
2022,15,KC,HOU,81,Punt,0,7,2
2022,15,HOU,KC,85,Punt,0,3,0
2022,15,KC,HOU,60,Punt,0,3,0
2022,15,HOU,KC,80,Touchdown,7,11,5
2022,15,KC,HOU,75,Touchdown,7,7,5
2022,15,HOU,KC,75,Punt,0,6,1
2022,15,KC,HOU,78,Turnover,0,1,0
2022,15,HOU,KC,17,Touchdown,7,2,1
2022,15,KC,HOU,75,Punt,0,3,0
2022,15,HOU,KC,78,Punt,0,5,1
2022,15,KC,HOU,97,Touchdown,7,13,7
2022,15,HOU,KC,75,End of half,0,1,0
2022,15,KC,HOU,75,Field goal,3,10,4
2022,15,HOU,KC,75,Punt,0,3,0
2022,15,KC,HOU,77,Turnover,0,6,2
2022,15,HOU,KC,49,Touchdown,7,7,4
2022,15,KC,HOU,84,Touchdown,7,9,7
2022,15,HOU,KC,75,Field goal,3,15,5
2022,15,KC,HOU,77,Missed field goal,0,11,3
2022,15,HOU,KC,59,End of half,0,1,0
2022,15,KC,HOU,91,Punt,0,7,2
2022,15,HOU,KC,87,Turnover,0,1,0
2022,15,KC,HOU,26,Touchdown,7,1,1
2022,15,LA,GB,80,Punt,0,7,2
2022,15,GB,LA,68,Field goal,3,12,4
2022,15,LA,GB,74,Punt,0,3,0
2022,15,GB,LA,56,Turnover,0,4,1
2022,15,LA,GB,68,Field goal,3,9,4
2022,15,GB,LA,74,Touchdown,7,11,5
2022,15,LA,GB,65,Field goal,3,10,2
2022,15,GB,LA,87,End of half,0,4,1
2022,15,GB,LA,68,Touchdown,7,11,7
2022,15,LA,GB,74,Punt,0,3,0
2022,15,GB,LA,35,Touchdown,7,6,3
2022,15,LA,GB,70,Touchdown,7,6,4
2022,15,GB,LA,47,Punt,0,4,1
2022,15,LA,GB,87,Turnover,0,3,0
2022,15,GB,LA,34,Turnover,0,2,0
2022,15,LA,GB,85,Punt,0,4,1
2022,15,GB,LA,86,End of half,0,15,5
2022,15,MIA,BUF,64,Punt,0,4,1
2022,15,BUF,MIA,93,Punt,0,5,2
2022,15,MIA,BUF,73,Field goal,3,14,4
2022,15,BUF,MIA,75,Touchdown,7,4,3
2022,15,MIA,BUF,75,Field goal,3,5,2
2022,15,BUF,MIA,75,Touchdown,7,12,5
2022,15,MIA,BUF,75,Touchdown,7,10,4
2022,15,BUF,MIA,82,Touchdown,7,12,7
2022,15,BUF,MIA,82,Punt,0,3,0
2022,15,MIA,BUF,73,Touchdown,7,3,1
2022,15,BUF,MIA,75,Punt,0,5,2
2022,15,MIA,BUF,89,Punt,0,5,2
2022,15,BUF,MIA,98,Punt,0,3,0
2022,15,BUF,MIA,65,Punt,0,5,1
2022,15,MIA,BUF,90,Punt,0,3,0
2022,15,BUF,MIA,51,Turnover,0,1,0
2022,15,MIA,BUF,47,Field goal,3,5,1
2022,15,BUF,MIA,75,Touchdown,7,7,4
2022,15,MIA,BUF,75,Punt,0,5,2
2022,15,BUF,MIA,93,Field goal,3,15,5
2022,15,LV,NE,73,Field goal,3,12,3
2022,15,NE,LV,75,Punt,0,4,1
2022,15,LV,NE,70,Punt,0,5,1
2022,15,NE,LV,88,Field goal,3,14,6
2022,15,LV,NE,76,Touchdown,7,11,5
2022,15,NE,LV,75,Punt,0,3,0
2022,15,LV,NE,61,Punt,0,3,0
2022,15,NE,LV,74,Punt,0,4,1
2022,15,LV,NE,20,Touchdown,7,2,3
2022,15,NE,LV,75,End of half,0,1,0
2022,15,NE,LV,75,Punt,0,6,2
2022,15,LV,NE,87,Opp touchdown,0,2,0
2022,15,LV,NE,67,Punt,0,6,1
2022,15,NE,LV,98,Field goal,3,12,5
2022,15,LV,NE,91,Punt,0,3,0
2022,15,LV,NE,74,Punt,0,6,1
2022,15,NE,LV,78,Punt,0,3,0
2022,15,LV,NE,81,Punt,0,3,0
2022,15,NE,LV,76,Touchdown,7,3,2
2022,15,LV,NE,69,Punt,0,3,0
2022,15,NE,LV,72,Punt,0,3,0
2022,15,LV,NE,81,Touchdown,7,9,4
2022,15,NE,LV,75,Opp touchdown,0,6,1
2022,15,WAS,NYG,75,Punt,0,10,3
2022,15,NYG,WAS,70,Punt,0,3,0
2022,15,WAS,NYG,70,Field goal,3,9,3
2022,15,NYG,WAS,75,Punt,0,5,1
2022,15,WAS,NYG,82,Opp touchdown,0,2,0
2022,15,WAS,NYG,68,Punt,0,6,2
2022,15,NYG,WAS,97,Touchdown,7,18,8
2022,15,WAS,NYG,79,Punt,0,5,1
2022,15,NYG,WAS,75,End of half,0,1,0
2022,15,NYG,WAS,75,Punt,0,5,1
2022,15,WAS,NYG,91,Touchdown,7,6,6
2022,15,NYG,WAS,75,Field goal,3,10,3
2022,15,WAS,NYG,75,Punt,0,3,0
2022,15,NYG,WAS,99,Punt,0,3,0
2022,15,WAS,NYG,58,Field goal,3,7,1
2022,15,NYG,WAS,75,Punt,0,8,2
2022,15,WAS,NYG,91,Turnover,0,5,2
2022,15,NYG,WAS,86,Field goal,3,9,4
2022,15,WAS,NYG,57,Turnover on downs,0,7,2
2022,15,NYG,WAS,94,End of half,0,2,0
2022,15,CHI,PHI,75,Turnover on downs,0,10,2
2022,15,PHI,CHI,68,Turnover,0,4,1
2022,15,CHI,PHI,83,Punt,0,7,2
2022,15,PHI,CHI,65,Punt,0,3,0
2022,15,CHI,PHI,71,Punt,0,4,1
2022,15,PHI,CHI,81,Field goal,3,9,2
2022,15,CHI,PHI,75,Touchdown,7,8,4
2022,15,PHI,CHI,82,Turnover,0,3,0
2022,15,CHI,PHI,25,Punt,0,5,1
2022,15,PHI,CHI,91,Touchdown,7,9,4
2022,15,CHI,PHI,74,End of half,0,3,0
2022,15,PHI,CHI,42,Touchdown,7,6,3
2022,15,CHI,PHI,75,Punt,0,3,0
2022,15,PHI,CHI,60,Turnover,0,1,0
2022,15,CHI,PHI,15,Touchdown,7,3,1
2022,15,PHI,CHI,78,Punt,0,3,0
2022,15,CHI,PHI,60,Turnover,0,3,1
2022,15,PHI,CHI,57,Turnover on downs,0,5,1
2022,15,CHI,PHI,67,Punt,0,3,0
2022,15,PHI,CHI,96,Missed field goal,0,19,6
2022,15,CHI,PHI,72,Punt,0,3,0
2022,15,PHI,CHI,75,Touchdown,7,6,2
2022,15,CHI,PHI,60,Touchdown,7,6,3
2022,15,PHI,CHI,44,End of half,0,5,1
2022,15,CAR,PIT,75,Punt,0,3,0
2022,15,PIT,CAR,67,Touchdown,7,12,6
2022,15,CAR,PIT,85,Touchdown,7,11,5
2022,15,PIT,CAR,75,Touchdown,7,10,4
2022,15,CAR,PIT,75,Punt,0,3,0
2022,15,PIT,CAR,70,Punt,0,3,0
2022,15,CAR,PIT,73,Punt,0,3,0
2022,15,PIT,CAR,67,Punt,0,5,1
2022,15,CAR,PIT,80,Punt,0,3,0
2022,15,PIT,CAR,91,End of half,0,1,0
2022,15,PIT,CAR,91,Touchdown,7,21,8
2022,15,CAR,PIT,75,Field goal,3,11,3
2022,15,PIT,CAR,75,Punt,0,3,0
2022,15,CAR,PIT,73,Field goal,3,7,3
2022,15,PIT,CAR,75,Field goal,3,13,3
2022,15,CAR,PIT,63,Field goal,3,5,1
2022,15,PIT,CAR,43,End of half,0,1,0
2022,15,SEA,SF,65,Punt,0,5,1
2022,15,SF,SEA,90,Punt,0,3,0
2022,15,SEA,SF,65,Punt,0,3,0
2022,15,SF,SEA,86,Touchdown,7,9,4
2022,15,SEA,SF,68,Punt,0,3,0
2022,15,SEA,SF,75,Punt,0,3,0
2022,15,SF,SEA,76,Punt,0,6,1
2022,15,SEA,SF,82,Field goal,3,12,4
2022,15,SF,SEA,75,Punt,0,6,1
2022,15,SEA,SF,81,Turnover,0,4,1
2022,15,SF,SEA,6,Touchdown,7,2,1
2022,15,SEA,SF,70,Punt,0,3,0
2022,15,SF,SEA,80,End of half,0,1,0
2022,15,SF,SEA,59,Touchdown,7,2,1
2022,15,SEA,SF,75,Field goal,3,10,3
2022,15,SF,SEA,72,Punt,0,8,2
2022,15,SEA,SF,96,Punt,0,10,3
2022,15,SF,SEA,99,Punt,0,6,1
2022,15,SEA,SF,54,Punt,0,3,0
2022,15,SF,SEA,78,Missed field goal,0,8,2
2022,15,SEA,SF,67,Touchdown,7,7,4
2022,15,SF,SEA,75,End of half,0,8,2
2022,15,TEN,LAC,75,Punt,0,3,0
2022,15,LAC,TEN,68,Touchdown,7,14,6
2022,15,TEN,LAC,75,Punt,0,8,2
2022,15,LAC,TEN,88,Punt,0,3,0
2022,15,TEN,LAC,63,Touchdown,7,6,4
2022,15,LAC,TEN,75,Punt,0,7,1
2022,15,TEN,LAC,82,Punt,0,6,2
2022,15,LAC,TEN,80,Turnover,0,8,4
2022,15,TEN,LAC,80,End of half,0,1,0
2022,15,LAC,TEN,75,Punt,0,5,2
2022,15,TEN,LAC,79,Punt,0,3,0
2022,15,LAC,TEN,82,Punt,0,6,2
2022,15,TEN,LAC,87,Turnover,0,2,0
2022,15,LAC,TEN,48,Turnover,0,5,1
2022,15,TEN,LAC,80,Punt,0,4,1
2022,15,LAC,TEN,88,Punt,0,3,0
2022,15,TEN,LAC,54,Missed field goal,0,6,2
2022,15,LAC,TEN,59,Touchdown,7,6,4
2022,15,TEN,LAC,75,Punt,0,3,0
2022,15,LAC,TEN,68,Punt,0,4,1
2022,15,TEN,LAC,80,Punt,0,5,1
2022,15,LAC,TEN,85,Punt,0,3,0
2022,15,TEN,LAC,74,Touchdown,7,11,5
2022,15,LAC,TEN,77,Field goal,3,6,2
2022,16,BAL,ATL,72,Punt,0,4,1
2022,16,ATL,BAL,88,Punt,0,3,0
2022,16,ATL,BAL,70,Punt,0,3,0
2022,16,BAL,ATL,57,Missed field goal,0,6,1
2022,16,ATL,BAL,60,Turnover on downs,0,6,1
2022,16,BAL,ATL,56,Field goal,3,7,1
2022,16,ATL,BAL,67,Turnover,0,6,1
2022,16,BAL,ATL,70,Touchdown,7,13,6
2022,16,ATL,BAL,68,Field goal,3,11,4
2022,16,ATL,BAL,79,Field goal,3,17,5
2022,16,BAL,ATL,77,Punt,0,5,1
2022,16,ATL,BAL,78,Punt,0,3,0
2022,16,BAL,ATL,58,Field goal,3,6,2
2022,16,ATL,BAL,75,Turnover on downs,0,13,4
2022,16,BAL,ATL,98,Punt,0,4,1
2022,16,ATL,BAL,53,Field goal,3,9,2
2022,16,BAL,ATL,72,End of half,0,5,1
2022,16,CHI,BUF,64,Touchdown,7,8,4
2022,16,BUF,CHI,71,Touchdown,7,6,4
2022,16,CHI,BUF,58,Turnover on downs,0,7,1
2022,16,BUF,CHI,66,Turnover,0,7,3
2022,16,CHI,BUF,66,Punt,0,5,1
2022,16,BUF,CHI,98,Punt,0,3,0
2022,16,CHI,BUF,38,Field goal,3,8,1
2022,16,BUF,CHI,66,Missed field goal,0,8,3
2022,16,CHI,BUF,72,End of half,0,2,0
2022,16,BUF,CHI,86,Touchdown,7,8,4
2022,16,CHI,BUF,75,Turnover,0,4,1
2022,16,BUF,CHI,35,Touchdown,7,3,1
2022,16,CHI,BUF,75,Punt,0,3,0
2022,16,BUF,CHI,67,Punt,0,3,0
2022,16,CHI,BUF,89,Punt,0,3,0
2022,16,BUF,CHI,62,Turnover,0,4,1
2022,16,CHI,BUF,67,Turnover on downs,0,5,1
2022,16,BUF,CHI,86,Turnover,0,2,0
2022,16,CHI,BUF,18,Field goal,3,4,0
2022,16,BUF,CHI,84,Punt,0,3,0
2022,16,CHI,BUF,79,Punt,0,3,0
2022,16,BUF,CHI,56,Touchdown,7,8,3
2022,16,CHI,BUF,75,Turnover on downs,0,4,0
2022,16,BUF,CHI,20,Touchdown,7,4,1
2022,16,CHI,BUF,75,Turnover,0,5,2
2022,16,CIN,NE,78,Touchdown,7,5,3
2022,16,NE,CIN,74,Punt,0,3,0
2022,16,CIN,NE,59,Touchdown,7,9,4
2022,16,NE,CIN,70,Punt,0,3,0
2022,16,CIN,NE,51,Field goal,3,10,3
2022,16,NE,CIN,82,Punt,0,5,1
2022,16,CIN,NE,76,Turnover,0,13,6
2022,16,NE,CIN,85,Punt,0,4,1
2022,16,CIN,NE,80,Touchdown,7,12,6
2022,16,NE,CIN,75,End of half,0,2,1
2022,16,NE,CIN,76,Punt,0,4,1
2022,16,CIN,NE,81,Punt,0,6,2
2022,16,NE,CIN,88,Punt,0,3,0
2022,16,CIN,NE,55,Opp touchdown,0,5,1
2022,16,CIN,NE,60,Punt,0,3,0
2022,16,NE,CIN,77,Touchdown,7,11,4
2022,16,CIN,NE,73,Missed field goal,0,8,2
2022,16,NE,CIN,67,Touchdown,7,7,3
2022,16,CIN,NE,75,Turnover,0,5,1
2022,16,NE,CIN,43,Turnover,0,6,3
2022,16,CIN,NE,77,Punt,0,3,0
2022,16,NE,CIN,76,Turnover on downs,0,5,1
2022,16,CIN,NE,34,End of half,0,1,0
2022,16,LA,DEN,75,Field goal,3,11,3
2022,16,DEN,LA,75,Turnover,0,3,0
2022,16,LA,DEN,34,Touchdown,7,3,2
2022,16,DEN,LA,75,Turnover,0,2,0
2022,16,LA,DEN,11,Touchdown,7,2,1
2022,16,DEN,LA,75,Field goal,3,8,2
2022,16,LA,DEN,75,Touchdown,7,11,5
2022,16,DEN,LA,66,Punt,0,6,2
2022,16,LA,DEN,90,Touchdown,7,12,6
2022,16,DEN,LA,75,Field goal,3,7,3
2022,16,DEN,LA,75,Turnover,0,5,2
2022,16,LA,DEN,80,Field goal,3,15,5
2022,16,DEN,LA,75,Punt,0,3,0
2022,16,LA,DEN,60,Touchdown,7,8,4
2022,16,DEN,LA,75,Touchdown,7,12,4
2022,16,LA,DEN,41,Field goal,3,4,0
2022,16,DEN,LA,75,Opp touchdown,0,9,3
2022,16,DEN,LA,75,Turnover on downs,0,8,2
2022,16,LA,DEN,73,End of half,0,1,0
2022,16,CAR,DET,78,Touchdown,7,5,4
2022,16,DET,CAR,60,Touchdown,7,8,3
2022,16,CAR,DET,75,Punt,0,4,1
2022,16,DET,CAR,91,Turnover,0,13,6
2022,16,CAR,DET,91,Touchdown,7,8,5
2022,16,DET,CAR,72,Punt,0,3,0
2022,16,CAR,DET,92,Touchdown,7,11,6
2022,16,DET,CAR,75,Punt,0,3,0
2022,16,CAR,DET,86,Field goal,3,7,4
2022,16,DET,CAR,70,Punt,0,3,0
2022,16,CAR,DET,74,Touchdown,7,7,4
2022,16,DET,CAR,79,Punt,0,3,0
2022,16,CAR,DET,55,Punt,0,3,0
2022,16,DET,CAR,80,Touchdown,7,7,2
2022,16,CAR,DET,69,Field goal,3,10,3
2022,16,DET,CAR,52,Turnover on downs,0,6,2
2022,16,CAR,DET,93,Punt,0,6,2
2022,16,DET,CAR,87,Touchdown,7,8,5
2022,16,DET,CAR,78,Field goal,3,8,4
2022,16,CAR,DET,38,End of half,0,1,0
2022,16,MIA,GB,80,Field goal,3,8,3
2022,16,GB,MIA,9,Field goal,3,4,0
2022,16,MIA,GB,84,Touchdown,7,1,1
2022,16,GB,MIA,54,Touchdown,7,10,4
2022,16,MIA,GB,75,Punt,0,5,2
2022,16,GB,MIA,88,Turnover on downs,0,5,1
2022,16,MIA,GB,62,Touchdown,7,3,3
2022,16,GB,MIA,88,Turnover on downs,0,4,0
2022,16,MIA,GB,20,Field goal,3,7,1
2022,16,GB,MIA,87,Punt,0,3,0
2022,16,MIA,GB,59,Turnover,0,2,0
2022,16,GB,MIA,49,Field goal,3,8,1
2022,16,GB,MIA,78,Touchdown,7,11,5
2022,16,MIA,GB,75,Missed field goal,0,10,2
2022,16,GB,MIA,62,Turnover,0,6,2
2022,16,MIA,GB,80,Turnover,0,1,0
2022,16,GB,MIA,14,Field goal,3,6,1
2022,16,MIA,GB,82,Turnover,0,9,3
2022,16,GB,MIA,64,Field goal,3,9,3
2022,16,MIA,GB,72,Turnover,0,2,0
2022,16,GB,MIA,39,End of half,0,3,0
2022,16,TEN,HOU,73,Punt,0,3,0
2022,16,HOU,TEN,74,Punt,0,3,0
2022,16,TEN,HOU,60,Touchdown,7,5,2
2022,16,HOU,TEN,75,Touchdown,7,11,4
2022,16,TEN,HOU,75,Punt,0,3,0
2022,16,HOU,TEN,59,Field goal,3,13,4
2022,16,TEN,HOU,73,Punt,0,4,1
2022,16,HOU,TEN,77,Punt,0,3,0
2022,16,TEN,HOU,75,Punt,0,10,3
2022,16,HOU,TEN,91,End of half,0,1,0
2022,16,HOU,TEN,72,Turnover on downs,0,7,1
2022,16,TEN,HOU,52,Touchdown,7,6,3
2022,16,HOU,TEN,63,Turnover,0,3,0
2022,16,TEN,HOU,40,Turnover on downs,0,4,0
2022,16,HOU,TEN,62,Punt,0,3,0
2022,16,TEN,HOU,90,Punt,0,3,0
2022,16,HOU,TEN,69,Punt,0,3,0
2022,16,TEN,HOU,69,Turnover,0,5,2
2022,16,HOU,TEN,58,Field goal,3,10,3
2022,16,TEN,HOU,79,Punt,0,3,0
2022,16,HOU,TEN,73,Touchdown,7,5,3
2022,16,TEN,HOU,75,Turnover,0,6,2
2022,16,HOU,TEN,38,Punt,0,3,0
2022,16,TEN,HOU,96,Turnover,0,6,3
2022,16,JAX,NYJ,75,Turnover,0,3,0
2022,16,NYJ,JAX,16,Field goal,3,4,0
2022,16,JAX,NYJ,75,Field goal,3,10,2
2022,16,NYJ,JAX,75,Punt,0,6,1
2022,16,JAX,NYJ,96,Touchdown,7,16,8
2022,16,NYJ,JAX,67,Punt,0,5,2
2022,16,JAX,NYJ,88,Field goal,3,8,2
2022,16,NYJ,JAX,75,Punt,0,3,0
2022,16,JAX,NYJ,67,Missed field goal,0,7,1
2022,16,NYJ,JAX,66,Turnover,0,4,0
2022,16,NYJ,JAX,83,Punt,0,3,0
2022,16,JAX,NYJ,72,Field goal,3,12,3
2022,16,NYJ,JAX,60,Punt,0,3,0
2022,16,JAX,NYJ,45,Punt,0,3,0
2022,16,NYJ,JAX,86,Turnover on downs,0,16,4
2022,16,JAX,NYJ,87,Punt,0,10,3
2022,16,NYJ,JAX,99,Turnover,0,5,1
2022,16,JAX,NYJ,24,Field goal,3,4,0
2022,16,NYJ,JAX,74,Turnover on downs,0,8,2
2022,16,JAX,NYJ,66,End of half,0,3,0
2022,16,IND,LAC,72,Punt,0,3,0
2022,16,LAC,IND,66,Punt,0,3,0
2022,16,IND,LAC,85,Turnover,0,8,3
2022,16,LAC,IND,59,Turnover,0,3,0
2022,16,IND,LAC,53,Turnover,0,5,1
2022,16,LAC,IND,67,Punt,0,3,0
2022,16,IND,LAC,70,Punt,0,3,0
2022,16,LAC,IND,70,Touchdown,7,13,6
2022,16,IND,LAC,87,Field goal,3,8,3
2022,16,LAC,IND,75,Field goal,3,13,3
2022,16,LAC,IND,75,Punt,0,5,1
2022,16,IND,LAC,78,Turnover,0,3,0
2022,16,LAC,IND,26,Field goal,3,8,1
2022,16,IND,LAC,75,Punt,0,5,1
2022,16,LAC,IND,82,Turnover,0,3,0
2022,16,IND,LAC,21,Turnover on downs,0,4,0
2022,16,LAC,IND,88,Touchdown,7,12,6
2022,16,IND,LAC,74,Turnover on downs,0,6,1
2022,16,LAC,IND,48,Punt,0,3,0
2022,16,IND,LAC,80,Turnover on downs,0,6,1
2022,16,LAC,IND,52,End of half,0,3,0
2022,16,LV,PIT,72,Touchdown,7,14,6
2022,16,PIT,LV,75,Punt,0,6,1
2022,16,LV,PIT,82,Punt,0,4,1
2022,16,PIT,LV,75,Missed field goal,0,9,3
2022,16,LV,PIT,67,Punt,0,4,1
2022,16,PIT,LV,88,Field goal,3,15,4
2022,16,LV,PIT,75,Field goal,3,9,2
2022,16,PIT,LV,75,Turnover,0,6,2
2022,16,LV,PIT,47,Turnover,0,1,0
2022,16,PIT,LV,56,Missed field goal,0,7,1
2022,16,LV,PIT,58,Turnover,0,5,1
2022,16,PIT,LV,71,Punt,0,3,0
2022,16,LV,PIT,71,Punt,0,6,1
2022,16,PIT,LV,55,Field goal,3,9,2
2022,16,LV,PIT,71,Punt,0,5,1
2022,16,PIT,LV,79,Punt,0,3,0
2022,16,LV,PIT,76,Punt,0,3,0
2022,16,PIT,LV,76,Touchdown,7,10,5
2022,16,LV,PIT,71,Turnover,0,2,0
2022,16,PIT,LV,81,End of half,0,2,1
2022,16,CLE,NO,60,Punt,0,3,0
2022,16,NO,CLE,99,Punt,0,3,0
2022,16,CLE,NO,49,Punt,0,3,0
2022,16,NO,CLE,80,Punt,0,10,3
2022,16,CLE,NO,97,Punt,0,3,0
2022,16,NO,CLE,45,Turnover,0,3,0
2022,16,CLE,NO,30,Touchdown,7,5,2
2022,16,NO,CLE,75,Punt,0,3,0
2022,16,CLE,NO,72,Field goal,3,17,4
2022,16,NO,CLE,73,Field goal,3,10,4
2022,16,NO,CLE,67,Touchdown,7,9,4
2022,16,CLE,NO,71,Punt,0,5,1
2022,16,NO,CLE,91,Punt,0,3,0
2022,16,CLE,NO,57,Turnover,0,2,0
2022,16,NO,CLE,15,Touchdown,7,4,2
2022,16,CLE,NO,59,Punt,0,6,1
2022,16,NO,CLE,90,Punt,0,6,1
2022,16,CLE,NO,90,Turnover on downs,0,6,1
2022,16,NO,CLE,39,Punt,0,3,0
2022,16,CLE,NO,80,Turnover on downs,0,18,6
2022,16,NO,CLE,78,End of half,0,1,0
2022,16,MIN,NYG,75,Punt,0,5,1
2022,16,NYG,MIN,76,Punt,0,6,1
2022,16,MIN,NYG,88,Punt,0,5,1
2022,16,NYG,MIN,67,Punt,0,3,0
2022,16,MIN,NYG,84,Touchdown,7,8,5
2022,16,NYG,MIN,75,Turnover,0,6,3
2022,16,MIN,NYG,64,Field goal,3,10,3
2022,16,NYG,MIN,69,Touchdown,7,10,6
2022,16,MIN,NYG,75,Punt,0,3,0
2022,16,NYG,MIN,91,Punt,0,7,2
2022,16,MIN,NYG,84,End of half,0,3,2
2022,16,NYG,MIN,75,Field goal,3,8,3
2022,16,MIN,NYG,75,Punt,0,5,1
2022,16,NYG,MIN,80,Field goal,3,8,2
2022,16,MIN,NYG,75,Touchdown,7,12,5
2022,16,NYG,MIN,75,Turnover,0,5,3
2022,16,MIN,NYG,71,Turnover on downs,0,6,1
2022,16,NYG,MIN,55,Field goal,3,6,1
2022,16,MIN,NYG,75,Punt,0,3,0
2022,16,NYG,MIN,75,Punt,0,3,0
2022,16,MIN,NYG,29,Touchdown,7,5,2
2022,16,NYG,MIN,75,Touchdown,7,7,2
2022,16,MIN,NYG,75,Field goal,3,8,2
2022,16,PHI,DAL,75,Field goal,3,7,2
2022,16,DAL,PHI,75,Opp touchdown,0,5,2
2022,16,DAL,PHI,75,Touchdown,7,14,6
2022,16,PHI,DAL,75,Turnover,0,4,1
2022,16,DAL,PHI,47,Touchdown,7,6,2
2022,16,PHI,DAL,74,Touchdown,7,10,5
2022,16,DAL,PHI,75,Field goal,3,13,4
2022,16,PHI,DAL,75,Field goal,3,10,3
2022,16,DAL,PHI,75,End of half,0,1,0
2022,16,DAL,PHI,86,Punt,0,3,0
2022,16,PHI,DAL,77,Touchdown,7,10,4
2022,16,DAL,PHI,75,Field goal,3,9,2
2022,16,PHI,DAL,75,Turnover,0,2,1
2022,16,DAL,PHI,31,Touchdown,7,5,2
2022,16,PHI,DAL,75,Touchdown,7,13,5
2022,16,DAL,PHI,75,Touchdown,7,8,4
2022,16,PHI,DAL,78,Turnover,0,5,1
2022,16,DAL,PHI,60,Field goal,3,6,2
2022,16,PHI,DAL,75,Turnover,0,1,0
2022,16,DAL,PHI,21,Field goal,3,5,1
2022,16,PHI,DAL,75,Turnover on downs,0,9,3
2022,16,DAL,PHI,81,End of half,0,1,0
2022,16,KC,SEA,71,Punt,0,3,0
2022,16,SEA,KC,93,Punt,0,4,0
2022,16,KC,SEA,63,Touchdown,7,9,5
2022,16,SEA,KC,48,Turnover on downs,0,4,0
2022,16,KC,SEA,59,Punt,0,4,1
2022,16,SEA,KC,80,Punt,0,3,0
2022,16,KC,SEA,70,Punt,0,3,0
2022,16,SEA,KC,84,Punt,0,3,0
2022,16,KC,SEA,53,Touchdown,7,7,3
2022,16,SEA,KC,72,Punt,0,6,1
2022,16,KC,SEA,72,Field goal,3,6,1
2022,16,SEA,KC,93,Field goal,3,11,5
2022,16,SEA,KC,75,Punt,0,3,0
2022,16,KC,SEA,67,Punt,0,3,0
2022,16,SEA,KC,82,Turnover on downs,0,10,3
2022,16,KC,SEA,66,Punt,0,5,1
2022,16,SEA,KC,74,Turnover on downs,0,7,2
2022,16,KC,SEA,78,Punt,0,3,0
2022,16,SEA,KC,55,Turnover,0,9,3
2022,16,KC,SEA,80,Touchdown,7,5,3
2022,16,SEA,KC,75,Touchdown,7,10,4
2022,16,KC,SEA,44,Turnover on downs,0,4,0
2022,16,SEA,KC,64,End of half,0,4,1
2022,16,TB,ARI,75,Field goal,3,5,2
2022,16,ARI,TB,75,Turnover,0,12,4
2022,16,TB,ARI,57,Turnover on downs,0,4,0
2022,16,ARI,TB,51,Punt,0,3,0
2022,16,TB,ARI,90,Punt,0,4,1
2022,16,ARI,TB,61,Field goal,3,5,1
2022,16,TB,ARI,75,Field goal,3,15,4
2022,16,ARI,TB,86,Punt,0,3,0
2022,16,TB,ARI,52,Turnover,0,4,1
2022,16,ARI,TB,59,Punt,0,5,1
2022,16,TB,ARI,91,Punt,0,5,1
2022,16,ARI,TB,70,Field goal,3,9,2
2022,16,TB,ARI,83,End of half,0,1,0
2022,16,ARI,TB,75,Punt,0,3,0
2022,16,TB,ARI,91,Punt,0,3,0
2022,16,ARI,TB,82,Punt,0,3,0
2022,16,TB,ARI,70,Turnover,0,10,3
2022,16,ARI,TB,81,Field goal,3,9,2
2022,16,TB,ARI,83,Punt,0,3,0
2022,16,ARI,TB,33,Touchdown,7,5,2
2022,16,TB,ARI,67,Touchdown,7,7,3
2022,16,ARI,TB,75,Turnover,0,6,2
2022,16,TB,ARI,55,Field goal,3,9,2
2022,16,ARI,TB,75,Punt,0,3,0
2022,16,TB,ARI,66,Punt,0,3,0
2022,16,ARI,TB,80,Turnover,0,5,1
2022,16,ARI,TB,75,Punt,0,6,1
2022,16,TB,ARI,88,Field goal,3,9,4
2022,16,WAS,SF,83,Punt,0,3,0
2022,16,SF,WAS,65,Turnover on downs,0,9,2
2022,16,WAS,SF,85,Punt,0,3,0
2022,16,WAS,SF,85,Turnover on downs,0,17,6
2022,16,SF,WAS,99,Touchdown,7,7,3
2022,16,WAS,SF,60,Punt,0,5,1
2022,16,SF,WAS,86,Turnover,0,1,0
2022,16,WAS,SF,31,Touchdown,7,8,3
2022,16,SF,WAS,75,End of half,0,1,0
2022,16,SF,WAS,76,Touchdown,7,7,4
2022,16,WAS,SF,89,Punt,0,3,0
2022,16,SF,WAS,57,Punt,0,3,0
2022,16,WAS,SF,75,Turnover on downs,0,4,0
2022,16,SF,WAS,34,Touchdown,7,2,1
2022,16,WAS,SF,75,Touchdown,7,4,3
2022,16,SF,WAS,60,Field goal,3,5,1
2022,16,WAS,SF,81,Turnover,0,2,0
2022,16,SF,WAS,11,Field goal,3,4,0
2022,16,WAS,SF,81,Turnover,0,2,0
2022,16,SF,WAS,25,Field goal,3,4,0
2022,16,WAS,SF,82,Touchdown,7,11,5
2022,16,SF,WAS,33,Touchdown,7,8,3
2022,16,WAS,SF,82,End of half,0,7,3
2022,17,ARI,ATL,75,Field goal,3,14,4
2022,17,ATL,ARI,75,Touchdown,7,16,6
2022,17,ARI,ATL,75,Punt,0,7,2
2022,17,ATL,ARI,89,Turnover,0,1,0
2022,17,ARI,ATL,8,Touchdown,7,2,1
2022,17,ATL,ARI,75,Turnover on downs,0,12,4
2022,17,ARI,ATL,90,Punt,0,3,0
2022,17,ATL,ARI,5,Touchdown,7,1,1
2022,17,ARI,ATL,80,Field goal,3,10,5
2022,17,ATL,ARI,75,Punt,0,4,1
2022,17,ARI,ATL,99,Field goal,3,11,3
2022,17,ATL,ARI,75,Punt,0,5,1
2022,17,ARI,ATL,62,Missed field goal,0,8,2
2022,17,ATL,ARI,67,Punt,0,3,0
2022,17,ARI,ATL,85,Turnover on downs,0,8,2
2022,17,ATL,ARI,55,Field goal,3,9,3
2022,17,ARI,ATL,75,Field goal,3,11,3
2022,17,ATL,ARI,75,Field goal,3,12,4
2022,17,CAR,TB,75,Touchdown,7,6,5
2022,17,TB,CAR,75,Turnover,0,5,2
2022,17,CAR,TB,67,Punt,0,3,0
2022,17,TB,CAR,83,Punt,0,4,1
2022,17,CAR,TB,76,Punt,0,3,0
2022,17,TB,CAR,81,Missed field goal,0,14,4
2022,17,CAR,TB,57,Touchdown,7,8,3
2022,17,TB,CAR,75,Punt,0,3,0
2022,17,CAR,TB,67,Punt,0,3,0
2022,17,TB,CAR,80,Touchdown,7,4,2
2022,17,CAR,TB,75,Turnover,0,2,0
2022,17,TB,CAR,13,Field goal,3,4,0
2022,17,CAR,TB,62,Turnover on downs,0,4,0
2022,17,TB,CAR,75,Punt,0,5,1
2022,17,CAR,TB,84,Turnover,0,5,2
2022,17,TB,CAR,98,Missed field goal,0,15,6
2022,17,CAR,TB,91,Touchdown,7,7,5
2022,17,TB,CAR,75,Touchdown,7,3,2
2022,17,CAR,TB,75,Punt,0,6,1
2022,17,TB,CAR,92,Touchdown,7,8,5
2022,17,CAR,TB,75,Punt,0,3,0
2022,17,TB,CAR,71,Punt,0,6,1
2022,17,CAR,TB,87,Turnover,0,1,0
2022,17,TB,CAR,6,Touchdown,7,2,1
2022,17,CAR,TB,75,Field goal,3,8,4
2022,17,TB,CAR,44,Punt,0,3,0
2022,17,CAR,TB,92,End of half,0,3,2
2022,17,CHI,DET,75,Touchdown,7,9,3
2022,17,DET,CHI,75,Touchdown,7,9,3
2022,17,CHI,DET,75,Field goal,3,7,1
2022,17,DET,CHI,75,Touchdown,7,6,4
2022,17,CHI,DET,75,Punt,0,5,1
2022,17,DET,CHI,87,Punt,0,3,0
2022,17,CHI,DET,70,Punt,0,3,0
2022,17,DET,CHI,63,Touchdown,7,9,5
2022,17,CHI,DET,75,Turnover,0,3,1
2022,17,CHI,DET,45,Turnover,0,1,0
2022,17,DET,CHI,75,Touchdown,7,6,3
2022,17,CHI,DET,75,Punt,0,3,0
2022,17,DET,CHI,92,Touchdown,7,7,5
2022,17,CHI,DET,75,Punt,0,3,0
2022,17,DET,CHI,81,Punt,0,3,0
2022,17,CHI,DET,73,Punt,0,3,0
2022,17,DET,CHI,69,Punt,0,9,2
2022,17,CHI,DET,95,Punt,0,3,0
2022,17,DET,CHI,47,Turnover on downs,0,4,0
2022,17,CHI,DET,60,Turnover on downs,0,8,3
2022,17,DET,CHI,70,Field goal,3,5,1
2022,17,CHI,DET,75,Punt,0,3,0
2022,17,DET,CHI,61,End of half,0,3,0
2022,17,CLE,WAS,75,Punt,0,6,2
2022,17,WAS,CLE,80,Turnover,0,3,0
2022,17,CLE,WAS,36,Field goal,3,5,1
2022,17,WAS,CLE,78,Turnover on downs,0,9,2
2022,17,CLE,WAS,58,Turnover on downs,0,6,2
2022,17,WAS,CLE,98,Turnover,0,5,1
2022,17,CLE,WAS,53,Punt,0,3,0
2022,17,WAS,CLE,96,Touchdown,7,21,7
2022,17,CLE,WAS,77,End of half,0,1,0
2022,17,WAS,CLE,73,Punt,0,3,0
2022,17,CLE,WAS,63,Touchdown,7,6,2
2022,17,WAS,CLE,78,Punt,0,6,2
2022,17,CLE,WAS,84,Touchdown,7,12,5
2022,17,WAS,CLE,75,Field goal,3,9,3
2022,17,CLE,WAS,75,Touchdown,7,9,4
2022,17,WAS,CLE,75,Turnover,0,8,2
2022,17,CLE,WAS,80,Punt,0,3,0
2022,17,WAS,CLE,64,Turnover on downs,0,4,0
2022,17,CLE,WAS,35,Punt,0,3,0
2022,17,WAS,CLE,95,End of half,0,1,0
2022,17,DAL,TEN,75,Punt,0,5,1
2022,17,TEN,DAL,87,Punt,0,5,1
2022,17,DAL,TEN,60,Touchdown,7,10,5
2022,17,TEN,DAL,75,Punt,0,3,0
2022,17,DAL,TEN,65,Field goal,3,8,2
2022,17,TEN,DAL,75,Turnover,0,9,2
2022,17,DAL,TEN,69,Turnover,0,5,1
2022,17,TEN,DAL,52,Punt,0,3,0
2022,17,DAL,TEN,92,Turnover,0,8,3
2022,17,TEN,DAL,64,Field goal,3,8,2
2022,17,DAL,TEN,75,Turnover,0,7,3
2022,17,TEN,DAL,41,Field goal,3,2,1
2022,17,TEN,DAL,75,Punt,0,3,0
2022,17,DAL,TEN,89,Touchdown,7,10,5
2022,17,TEN,DAL,71,Touchdown,7,14,5
2022,17,DAL,TEN,75,Touchdown,7,10,4
2022,17,TEN,DAL,75,Punt,0,6,2
2022,17,DAL,TEN,80,Field goal,3,7,2
2022,17,TEN,DAL,60,Turnover,0,2,0
2022,17,DAL,TEN,60,Punt,0,3,0
2022,17,TEN,DAL,67,Turnover on downs,0,8,2
2022,17,DAL,TEN,53,Punt,0,3,0
2022,17,TEN,DAL,91,End of half,0,4,2
2022,17,DEN,KC,83,Punt,0,3,0
2022,17,KC,DEN,65,Touchdown,7,10,5
2022,17,DEN,KC,75,Punt,0,5,1
2022,17,KC,DEN,91,Punt,0,5,1
2022,17,DEN,KC,79,Field goal,3,14,4
2022,17,KC,DEN,75,Turnover,0,7,3
2022,17,DEN,KC,80,Punt,0,6,1
2022,17,DEN,KC,16,Touchdown,7,1,1
2022,17,KC,DEN,75,Touchdown,7,7,4
2022,17,DEN,KC,75,Turnover,0,6,2
2022,17,KC,DEN,60,Missed field goal,0,2,1
2022,17,KC,DEN,75,Punt,0,3,0
2022,17,DEN,KC,76,Punt,0,5,1
2022,17,KC,DEN,80,Punt,0,3,0
2022,17,DEN,KC,63,Touchdown,7,6,3
2022,17,KC,DEN,75,Punt,0,3,0
2022,17,DEN,KC,83,Punt,0,3,0
2022,17,KC,DEN,65,Touchdown,7,6,4
2022,17,DEN,KC,75,Turnover,0,1,0
2022,17,KC,DEN,17,Touchdown,7,4,2
2022,17,DEN,KC,75,Touchdown,7,12,7
2022,17,KC,DEN,75,Punt,0,5,1
2022,17,DEN,KC,74,Turnover on downs,0,5,1
2022,17,KC,DEN,36,End of half,0,4,1
2022,17,IND,NYG,75,Punt,0,5,1
2022,17,NYG,IND,79,Punt,0,8,2
2022,17,IND,NYG,80,Field goal,3,9,2
2022,17,NYG,IND,71,Touchdown,7,11,5
2022,17,IND,NYG,75,Punt,0,4,0
2022,17,NYG,IND,64,Touchdown,7,9,5
2022,17,IND,NYG,75,Opp touchdown,0,6,2
2022,17,IND,NYG,69,Punt,0,4,1
2022,17,NYG,IND,61,Field goal,3,9,3
2022,17,NYG,IND,75,Turnover,0,1,0
2022,17,IND,NYG,30,Missed field goal,0,4,0
2022,17,NYG,IND,62,Touchdown,7,6,3
2022,17,IND,NYG,68,Touchdown,7,16,5
2022,17,NYG,IND,70,Touchdown,7,8,5
2022,17,IND,NYG,88,Punt,0,7,2
2022,17,NYG,IND,86,Turnover on downs,0,10,3
2022,17,IND,NYG,71,End of half,0,3,1
2022,17,HOU,JAX,74,Turnover on downs,0,7,1
2022,17,JAX,HOU,45,Touchdown,7,8,4
2022,17,HOU,JAX,74,Punt,0,3,0
2022,17,JAX,HOU,77,Punt,0,5,2
2022,17,HOU,JAX,99,Punt,0,4,1
2022,17,JAX,HOU,65,Punt,0,5,1
2022,17,HOU,JAX,89,Punt,0,3,0
2022,17,JAX,HOU,62,Touchdown,7,1,1
2022,17,HOU,JAX,77,Opp touchdown,0,2,0
2022,17,HOU,JAX,75,Punt,0,3,0
2022,17,JAX,HOU,91,Turnover,0,2,0
2022,17,HOU,JAX,41,Turnover on downs,0,5,1
2022,17,JAX,HOU,90,Punt,0,3,0
2022,17,HOU,JAX,58,Punt,0,6,1
2022,17,JAX,HOU,90,End of half,0,6,1
2022,17,JAX,HOU,75,Touchdown,7,11,7
2022,17,HOU,JAX,75,Field goal,3,7,2
2022,17,JAX,HOU,79,Turnover,0,10,4
2022,17,HOU,JAX,90,Turnover on downs,0,11,3
2022,17,JAX,HOU,48,Punt,0,3,0
2022,17,HOU,JAX,90,Punt,0,3,0
2022,17,JAX,HOU,40,Field goal,3,4,0
2022,17,HOU,JAX,69,Turnover on downs,0,7,1
2022,17,JAX,HOU,59,Punt,0,3,0
2022,17,HOU,JAX,89,End of half,0,7,3
2022,17,LA,LAC,75,Punt,0,5,1
2022,17,LAC,LA,76,Punt,0,5,1
2022,17,LA,LAC,86,Field goal,3,13,4
2022,17,LAC,LA,75,Touchdown,7,5,4
2022,17,LA,LAC,75,Punt,0,5,1
2022,17,LAC,LA,90,Touchdown,7,5,2
2022,17,LA,LAC,75,Touchdown,7,7,3
2022,17,LAC,LA,75,Field goal,3,13,4
2022,17,LA,LAC,75,End of half,0,1,0
2022,17,LAC,LA,75,Touchdown,7,11,5
2022,17,LA,LAC,75,Turnover,0,5,2
2022,17,LAC,LA,61,Punt,0,3,0
2022,17,LA,LAC,77,Punt,0,5,1
2022,17,LAC,LA,70,Touchdown,7,9,4
2022,17,LA,LAC,75,Punt,0,3,0
2022,17,LAC,LA,74,Punt,0,6,1
2022,17,LA,LAC,88,Punt,0,3,0
2022,17,LAC,LA,54,Punt,0,6,1
2022,17,LA,LAC,94,End of half,0,2,0
2022,17,MIA,NE,77,Punt,0,5,1
2022,17,NE,MIA,81,Touchdown,7,10,5
2022,17,MIA,NE,75,Touchdown,7,13,5
2022,17,NE,MIA,75,Punt,0,6,1
2022,17,MIA,NE,80,Missed field goal,0,9,2
2022,17,NE,MIA,59,Punt,0,3,0
2022,17,MIA,NE,86,Punt,0,7,2
2022,17,NE,MIA,98,End of half,0,4,1
2022,17,NE,MIA,75,Punt,0,3,0
2022,17,MIA,NE,60,Punt,0,3,0
2022,17,NE,MIA,90,Punt,0,3,0
2022,17,MIA,NE,41,Touchdown,7,5,3
2022,17,NE,MIA,82,Field goal,3,9,2
2022,17,MIA,NE,71,Opp touchdown,0,3,0
2022,17,MIA,NE,75,Turnover,0,6,2
2022,17,NE,MIA,63,Punt,0,3,0
2022,17,MIA,NE,80,Punt,0,6,1
2022,17,NE,MIA,89,Touchdown,7,11,5
2022,17,MIA,NE,68,Turnover on downs,0,4,0
2022,17,NE,MIA,35,Turnover on downs,0,4,0
2022,17,MIA,NE,61,Touchdown,7,9,5
2022,17,NE,MIA,45,End of half,0,2,0
2022,17,MIN,GB,67,Punt,0,3,0
2022,17,GB,MIN,79,Punt,0,3,0
2022,17,MIN,GB,1,Field goal,3,4,0
2022,17,MIN,GB,75,Punt,0,3,0
2022,17,GB,MIN,62,Turnover on downs,0,5,1
2022,17,MIN,GB,45,Opp touchdown,0,4,0
2022,17,MIN,GB,62,Missed field goal,0,8,2
2022,17,GB,MIN,64,Field goal,3,14,4
2022,17,MIN,GB,71,Turnover,0,6,3
2022,17,GB,MIN,60,Touchdown,7,5,2
2022,17,MIN,GB,78,Missed field goal,0,10,3
2022,17,GB,MIN,60,Field goal,3,4,1
2022,17,GB,MIN,75,Punt,0,5,1
2022,17,MIN,GB,84,Turnover,0,9,4
2022,17,GB,MIN,76,Touchdown,7,12,7
2022,17,MIN,GB,75,Turnover,0,1,0
2022,17,GB,MIN,45,Touchdown,7,8,3
2022,17,MIN,GB,59,Touchdown,7,4,2
2022,17,GB,MIN,75,Punt,0,6,1
2022,17,MIN,GB,79,Touchdown,7,8,4
2022,17,GB,MIN,75,End of half,0,1,0
2022,17,NO,PHI,75,Touchdown,7,15,6
2022,17,PHI,NO,75,Punt,0,3,0
2022,17,NO,PHI,71,Punt,0,9,2
2022,17,PHI,NO,90,Punt,0,3,0
2022,17,NO,PHI,58,Field goal,3,5,1
2022,17,PHI,NO,75,Punt,0,3,0
2022,17,NO,PHI,70,Field goal,3,7,1
2022,17,PHI,NO,75,Punt,0,3,0
2022,17,NO,PHI,70,Turnover,0,5,3
2022,17,PHI,NO,75,End of half,0,5,2
2022,17,PHI,NO,91,Field goal,3,9,3
2022,17,NO,PHI,75,Punt,0,3,0
2022,17,PHI,NO,86,Punt,0,8,2
2022,17,NO,PHI,60,Punt,0,4,1
2022,17,PHI,NO,96,Touchdown,7,3,2
2022,17,NO,PHI,75,Punt,0,4,1
2022,17,PHI,NO,86,Punt,0,4,1
2022,17,NO,PHI,68,Punt,0,3,0
2022,17,PHI,NO,59,Turnover on downs,0,4,0
2022,17,PHI,NO,91,Opp touchdown,0,2,0
2022,17,PHI,NO,75,Turnover on downs,0,7,1
2022,17,NO,PHI,52,End of half,0,8,3
2022,17,SEA,NYJ,73,Touchdown,7,3,2
2022,17,NYJ,SEA,75,Turnover,0,6,2
2022,17,SEA,NYJ,63,Field goal,3,9,3
2022,17,NYJ,SEA,75,Field goal,3,9,3
2022,17,SEA,NYJ,75,Touchdown,7,7,4
2022,17,NYJ,SEA,75,Field goal,3,11,4
2022,17,SEA,NYJ,75,Punt,0,3,0
2022,17,NYJ,SEA,56,Turnover on downs,0,5,1
2022,17,SEA,NYJ,61,Punt,0,8,2
2022,17,NYJ,SEA,99,Turnover,0,7,4
2022,17,NYJ,SEA,72,Missed field goal,0,7,1
2022,17,SEA,NYJ,53,Field goal,3,13,3
2022,17,NYJ,SEA,75,Punt,0,3,0
2022,17,SEA,NYJ,49,Punt,0,3,0
2022,17,NYJ,SEA,87,Punt,0,3,0
2022,17,SEA,NYJ,68,Missed field goal,0,10,3
2022,17,NYJ,SEA,69,Punt,0,3,0
2022,17,SEA,NYJ,86,Punt,0,5,1
2022,17,NYJ,SEA,71,Turnover,0,1,0
2022,17,SEA,NYJ,24,Field goal,3,7,1
2022,17,NYJ,SEA,75,Turnover on downs,0,5,1
2022,17,SEA,NYJ,35,Turnover on downs,0,7,1
2022,17,NYJ,SEA,82,End of half,0,10,4
2022,17,PIT,BAL,75,Field goal,3,15,4
2022,17,BAL,PIT,73,Field goal,3,15,5
2022,17,PIT,BAL,75,Punt,0,5,1
2022,17,BAL,PIT,94,Punt,0,3,0
2022,17,PIT,BAL,74,Missed field goal,0,11,3
2022,17,BAL,PIT,62,Touchdown,7,11,6
2022,17,PIT,BAL,76,End of half,0,1,0
2022,17,BAL,PIT,75,Field goal,3,8,2
2022,17,PIT,BAL,75,Field goal,3,12,3
2022,17,BAL,PIT,75,Punt,0,4,1
2022,17,PIT,BAL,95,Field goal,3,13,5
2022,17,BAL,PIT,40,Punt,0,3,0
2022,17,PIT,BAL,92,Punt,0,5,1
2022,17,BAL,PIT,64,Punt,0,3,0
2022,17,PIT,BAL,80,Touchdown,7,11,5
2022,17,BAL,PIT,75,Turnover,0,5,1
2022,17,PIT,BAL,75,End of half,0,1,0
2022,17,LV,SF,70,Touchdown,7,6,3
2022,17,SF,LV,67,Touchdown,7,8,4
2022,17,LV,SF,75,Field goal,3,10,5
2022,17,SF,LV,75,Touchdown,7,13,6
2022,17,LV,SF,75,Turnover on downs,0,10,5
2022,17,SF,LV,98,Punt,0,3,0
2022,17,LV,SF,44,Touchdown,7,8,4
2022,17,SF,LV,75,End of half,0,1,0
2022,17,SF,LV,75,Punt,0,3,0
2022,17,LV,SF,84,Touchdown,7,6,2
2022,17,SF,LV,75,Touchdown,7,8,5
2022,17,LV,SF,75,Punt,0,3,0
2022,17,SF,LV,86,Turnover,0,3,2
2022,17,LV,SF,82,Turnover,0,6,2
2022,17,SF,LV,42,Field goal,3,6,1
2022,17,LV,SF,75,Punt,0,5,1
2022,17,SF,LV,65,Field goal,3,7,2
2022,17,LV,SF,75,Field goal,3,7,2
2022,17,SF,LV,75,Touchdown,7,5,3
2022,17,LV,SF,75,Touchdown,7,3,4
2022,17,SF,LV,75,Missed field goal,0,7,4
2022,17,LV,SF,75,Turnover,0,4,1
2022,17,SF,LV,3,Field goal,3,2,0
2022,18,ARI,SF,80,Touchdown,7,2,1
2022,18,SF,ARI,75,Touchdown,7,6,3
2022,18,ARI,SF,75,Punt,0,3,0
2022,18,SF,ARI,62,Punt,0,3,0
2022,18,ARI,SF,70,Turnover on downs,0,5,0
2022,18,SF,ARI,39,Punt,0,3,0
2022,18,ARI,SF,74,Punt,0,3,0
2022,18,SF,ARI,70,Punt,0,6,2
2022,18,ARI,SF,87,Turnover,0,1,0
2022,18,SF,ARI,18,Touchdown,7,3,2
2022,18,ARI,SF,75,Touchdown,7,12,6
2022,18,SF,ARI,66,Touchdown,7,9,5
2022,18,ARI,SF,75,End of half,0,1,0
2022,18,SF,ARI,75,Touchdown,7,7,4
2022,18,ARI,SF,85,Turnover,0,3,0
2022,18,SF,ARI,34,Field goal,3,8,2
2022,18,ARI,SF,86,Turnover,0,3,1
2022,18,SF,ARI,28,Touchdown,7,6,2
2022,18,ARI,SF,67,Turnover on downs,0,9,2
2022,18,SF,ARI,66,Punt,0,3,0
2022,18,ARI,SF,88,Punt,0,3,0
2022,18,SF,ARI,71,Punt,0,4,1
2022,18,ARI,SF,97,Turnover,0,4,1
2022,18,SF,ARI,13,Turnover on downs,0,4,0
2022,18,ARI,SF,93,End of half,0,1,0
2022,18,BAL,CIN,71,Punt,0,4,1
2022,18,CIN,BAL,79,Field goal,3,17,5
2022,18,BAL,CIN,75,Turnover,0,1,0
2022,18,CIN,BAL,48,Touchdown,7,8,4
2022,18,BAL,CIN,75,Turnover,0,3,0
2022,18,CIN,BAL,32,Touchdown,7,3,1
2022,18,BAL,CIN,76,Turnover on downs,0,8,2
2022,18,CIN,BAL,71,Punt,0,5,1
2022,18,BAL,CIN,76,Touchdown,7,10,5
2022,18,CIN,BAL,73,Punt,0,4,1
2022,18,BAL,CIN,95,Opp touchdown,0,3,0
2022,18,BAL,CIN,75,End of half,0,6,2
2022,18,CIN,BAL,75,Punt,0,3,0
2022,18,BAL,CIN,60,Punt,0,3,0
2022,18,CIN,BAL,91,Turnover,0,2,0
2022,18,BAL,CIN,9,Field goal,3,4,0
2022,18,CIN,BAL,75,Field goal,3,8,3
2022,18,BAL,CIN,75,Field goal,3,11,3
2022,18,CIN,BAL,75,Punt,0,3,0
2022,18,BAL,CIN,82,Field goal,3,9,3
2022,18,CIN,BAL,60,Punt,0,3,0
2022,18,BAL,CIN,89,Punt,0,3,0
2022,18,BAL,CIN,59,Turnover on downs,0,5,1
2022,18,CIN,BAL,55,Punt,0,3,0
2022,18,BAL,CIN,80,Turnover,0,1,0
2022,18,CIN,BAL,68,Punt,0,3,0
2022,18,BAL,CIN,80,End of half,0,7,3
2022,18,NO,CAR,75,Touchdown,7,8,4
2022,18,CAR,NO,75,Punt,0,5,1
2022,18,NO,CAR,82,Punt,0,6,1
2022,18,CAR,NO,87,Punt,0,3,0
2022,18,NO,CAR,76,Missed field goal,0,7,2
2022,18,CAR,NO,66,Punt,0,3,0
2022,18,NO,CAR,85,Turnover on downs,0,11,4
2022,18,CAR,NO,76,Turnover,0,14,4
2022,18,NO,CAR,57,Turnover,0,3,1
2022,18,CAR,NO,51,End of half,0,1,0
2022,18,CAR,NO,82,Touchdown,7,14,6
2022,18,NO,CAR,75,Punt,0,3,0
2022,18,CAR,NO,80,Punt,0,3,0
2022,18,NO,CAR,73,Punt,0,9,2
2022,18,CAR,NO,80,Punt,0,6,1
2022,18,NO,CAR,85,Punt,0,3,0
2022,18,CAR,NO,59,Punt,0,3,0
2022,18,NO,CAR,90,Punt,0,6,2
2022,18,CAR,NO,87,Turnover,0,1,0
2022,18,NO,CAR,35,Missed field goal,0,4,0
2022,18,CAR,NO,55,Field goal,3,6,2
2022,18,CLE,PIT,76,Punt,0,4,1
2022,18,PIT,CLE,67,Turnover,0,11,3
2022,18,CLE,PIT,95,Punt,0,4,1
2022,18,PIT,CLE,71,Punt,0,5,2
2022,18,CLE,PIT,94,Punt,0,4,1
2022,18,PIT,CLE,80,Punt,0,3,0
2022,18,CLE,PIT,71,Touchdown,7,10,5
2022,18,PIT,CLE,75,Touchdown,7,9,4
2022,18,CLE,PIT,68,Turnover,0,2,0
2022,18,PIT,CLE,56,Field goal,3,6,1
2022,18,CLE,PIT,75,End of half,0,5,1
2022,18,PIT,CLE,75,Field goal,3,12,4
2022,18,CLE,PIT,80,Turnover,0,6,1
2022,18,PIT,CLE,25,Touchdown,7,6,3
2022,18,CLE,PIT,75,Punt,0,3,0
2022,18,PIT,CLE,68,Punt,0,3,0
2022,18,CLE,PIT,77,Touchdown,7,7,5
2022,18,PIT,CLE,75,Touchdown,7,14,6
2022,18,CLE,PIT,85,Turnover on downs,0,13,3
2022,18,DAL,WAS,90,Turnover on downs,0,7,1
2022,18,WAS,DAL,20,Touchdown,7,2,1
2022,18,DAL,WAS,75,Punt,0,3,0
2022,18,WAS,DAL,62,Punt,0,3,0
2022,18,WAS,DAL,15,Missed field goal,0,4,0
2022,18,DAL,WAS,79,Punt,0,3,0
2022,18,WAS,DAL,67,Turnover,0,11,5
2022,18,DAL,WAS,80,Opp touchdown,0,3,0
2022,18,DAL,WAS,75,Punt,0,3,0
2022,18,WAS,DAL,82,Missed field goal,0,8,2
2022,18,DAL,WAS,58,Punt,0,3,0
2022,18,WAS,DAL,83,Punt,0,6,1
2022,18,DAL,WAS,77,Touchdown,7,14,6
2022,18,WAS,DAL,75,End of half,0,1,0
2022,18,WAS,DAL,71,Punt,0,3,0
2022,18,DAL,WAS,77,Punt,0,3,0
2022,18,WAS,DAL,51,Punt,0,3,0
2022,18,DAL,WAS,80,Punt,0,3,0
2022,18,WAS,DAL,66,Punt,0,3,0
2022,18,DAL,WAS,86,Punt,0,3,0
2022,18,WAS,DAL,59,Touchdown,7,6,4
2022,18,DAL,WAS,72,Punt,0,3,0
2022,18,WAS,DAL,67,Field goal,3,5,1
2022,18,DAL,WAS,75,Turnover on downs,0,9,2
2022,18,WAS,DAL,55,Punt,0,3,0
2022,18,DAL,WAS,91,Punt,0,3,0
2022,18,WAS,DAL,45,Field goal,3,6,2
2022,18,DAL,WAS,75,Punt,0,3,0
2022,18,WAS,DAL,87,Punt,0,3,0
2022,18,DAL,WAS,71,End of half,0,3,1
2022,18,GB,DET,79,Field goal,3,7,3
2022,18,DET,GB,75,Punt,0,3,0
2022,18,GB,DET,77,Turnover on downs,0,4,0
2022,18,DET,GB,31,Field goal,3,5,1
2022,18,GB,DET,67,Field goal,3,8,2
2022,18,DET,GB,76,Punt,0,3,0
2022,18,GB,DET,55,Field goal,3,7,1
2022,18,DET,GB,75,Missed field goal,0,12,3
2022,18,GB,DET,64,Turnover,0,7,2
2022,18,DET,GB,85,Field goal,3,10,4
2022,18,DET,GB,74,Punt,0,3,0
2022,18,GB,DET,75,Missed field goal,0,8,2
2022,18,DET,GB,57,Touchdown,7,3,3
2022,18,GB,DET,83,Touchdown,7,9,4
2022,18,DET,GB,68,Punt,0,3,0
2022,18,GB,DET,74,Punt,0,5,2
2022,18,DET,GB,75,Touchdown,7,13,7
2022,18,GB,DET,79,Turnover,0,6,1
2022,18,DET,GB,45,End of half,0,8,3
2022,18,HOU,IND,75,Touchdown,7,7,4
2022,18,HOU,IND,18,Field goal,3,4,0
2022,18,IND,HOU,75,Touchdown,7,11,5
2022,18,HOU,IND,75,Punt,0,6,1
2022,18,IND,HOU,91,Punt,0,3,0
2022,18,HOU,IND,46,Turnover,0,6,2
2022,18,IND,HOU,58,Opp touchdown,0,1,0
2022,18,IND,HOU,78,Turnover,0,10,3
2022,18,HOU,IND,80,Punt,0,8,3
2022,18,IND,HOU,93,End of half,0,7,2
2022,18,IND,HOU,83,Turnover on downs,0,7,3
2022,18,HOU,IND,97,Punt,0,6,1
2022,18,IND,HOU,49,Touchdown,7,5,3
2022,18,HOU,IND,75,Touchdown,7,5,2
2022,18,IND,HOU,84,Punt,0,3,0
2022,18,HOU,IND,81,Opp touchdown,0,3,0
2022,18,HOU,IND,75,Turnover,0,3,0
2022,18,IND,HOU,58,Touchdown,7,7,4
2022,18,HOU,IND,75,Punt,0,3,0
2022,18,IND,HOU,76,Field goal,3,10,3
2022,18,HOU,IND,83,Touchdown,7,14,5
2022,18,IND,HOU,75,End of half,0,7,2
2022,18,KC,LV,75,Touchdown,7,5,2
2022,18,LV,KC,75,Field goal,3,10,3
2022,18,KC,LV,75,Punt,0,8,2
2022,18,LV,KC,95,Turnover,0,4,1
2022,18,KC,LV,44,Touchdown,7,3,3
2022,18,LV,KC,76,Turnover on downs,0,14,5
2022,18,KC,LV,98,Touchdown,7,12,6
2022,18,LV,KC,75,Turnover,0,4,2
2022,18,KC,LV,30,Field goal,3,2,0
2022,18,LV,KC,75,Field goal,3,13,3
2022,18,KC,LV,75,Punt,0,3,0
2022,18,LV,KC,72,Punt,0,3,0
2022,18,KC,LV,98,Punt,0,7,2
2022,18,LV,KC,96,Punt,0,3,0
2022,18,KC,LV,62,Touchdown,7,7,4
2022,18,LV,KC,75,Touchdown,7,10,5
2022,18,KC,LV,43,Punt,0,3,0
2022,18,LV,KC,82,Turnover on downs,0,8,2
2022,18,KC,LV,34,End of half,0,7,2
2022,18,LAC,DEN,75,Touchdown,7,8,4
2022,18,DEN,LAC,75,Touchdown,7,13,7
2022,18,LAC,DEN,75,Punt,0,3,0
2022,18,DEN,LAC,87,Punt,0,3,0
2022,18,LAC,DEN,53,Touchdown,7,12,4
2022,18,DEN,LAC,75,Punt,0,3,0
2022,18,LAC,DEN,73,Turnover,0,4,2
2022,18,DEN,LAC,49,Field goal,3,7,1
2022,18,LAC,DEN,75,Punt,0,5,1
2022,18,DEN,LAC,80,Punt,0,3,0
2022,18,LAC,DEN,63,Field goal,3,6,2
2022,18,DEN,LAC,75,Touchdown,7,3,3
2022,18,LAC,DEN,75,End of half,0,1,0
2022,18,DEN,LAC,75,Touchdown,7,6,3
2022,18,LAC,DEN,75,Punt,0,4,1
2022,18,DEN,LAC,95,Turnover,0,3,1
2022,18,LAC,DEN,46,Field goal,3,5,1
2022,18,DEN,LAC,75,Punt,0,4,1
2022,18,LAC,DEN,88,Turnover,0,9,3
2022,18,DEN,LAC,89,Touchdown,7,8,3
2022,18,LAC,DEN,75,Punt,0,3,0
2022,18,LAC,DEN,29,Touchdown,7,6,3
2022,18,DEN,LAC,75,Punt,0,3,0
2022,18,LAC,DEN,60,Punt,0,3,0
2022,18,DEN,LAC,96,End of half,0,7,3
2022,18,SEA,LA,75,Turnover,0,1,0
2022,18,LA,SEA,11,Field goal,3,4,0
2022,18,SEA,LA,75,Field goal,3,11,3
2022,18,LA,SEA,75,Punt,0,3,0
2022,18,SEA,LA,49,Field goal,3,8,2
2022,18,LA,SEA,75,Field goal,3,7,1
2022,18,SEA,LA,75,Punt,0,3,0
2022,18,LA,SEA,68,Punt,0,6,2
2022,18,SEA,LA,80,Punt,0,5,1
2022,18,LA,SEA,87,Touchdown,7,9,4
2022,18,SEA,LA,60,Punt,0,3,0
2022,18,LA,SEA,74,End of half,0,1,0
2022,18,LA,SEA,75,Punt,0,7,1
2022,18,SEA,LA,88,Touchdown,7,5,4
2022,18,LA,SEA,81,Field goal,3,9,4
2022,18,SEA,LA,75,Turnover,0,4,1
2022,18,LA,SEA,59,Punt,0,5,1
2022,18,SEA,LA,83,Punt,0,3,0
2022,18,LA,SEA,65,Punt,0,6,1
2022,18,SEA,LA,86,Field goal,3,16,5
2022,18,LA,SEA,75,Punt,0,3,0
2022,18,SEA,LA,80,Missed field goal,0,5,3
2022,18,SEA,LA,75,Punt,0,3,0
2022,18,LA,SEA,74,Turnover,0,2,0
2022,18,SEA,LA,64,Field goal,3,8,3
2022,18,CHI,MIN,79,Punt,0,3,0
2022,18,MIN,CHI,73,Touchdown,7,4,2
2022,18,CHI,MIN,66,Punt,0,5,1
2022,18,MIN,CHI,86,Turnover,0,7,3
2022,18,CHI,MIN,71,Turnover on downs,0,8,2
2022,18,MIN,CHI,66,Touchdown,7,12,6
2022,18,CHI,MIN,72,Turnover,0,3,0
2022,18,MIN,CHI,35,Field goal,3,6,1
2022,18,CHI,MIN,75,Touchdown,7,3,3
2022,18,MIN,CHI,75,End of half,0,10,4
2022,18,MIN,CHI,75,Touchdown,7,11,6
2022,18,CHI,MIN,75,Touchdown,7,10,5
2022,18,MIN,CHI,75,Field goal,3,8,2
2022,18,CHI,MIN,75,Punt,0,5,1
2022,18,MIN,CHI,82,Turnover,0,4,2
2022,18,CHI,MIN,53,Turnover on downs,0,7,1
2022,18,MIN,CHI,59,Field goal,3,9,2
2022,18,CHI,MIN,76,Turnover,0,4,0
2022,18,MIN,CHI,64,Punt,0,3,0
2022,18,CHI,MIN,76,End of half,0,2,0
2022,18,NE,BUF,74,Punt,0,3,0
2022,18,BUF,NE,68,Punt,0,5,1
2022,18,NE,BUF,74,Touchdown,7,9,5
2022,18,BUF,NE,75,Touchdown,7,13,5
2022,18,NE,BUF,75,Punt,0,3,0
2022,18,BUF,NE,66,Punt,0,6,1
2022,18,NE,BUF,74,Touchdown,7,9,4
2022,18,BUF,NE,72,Turnover,0,11,4
2022,18,NE,BUF,67,End of half,0,2,0
2022,18,NE,BUF,81,Turnover,0,10,4
2022,18,BUF,NE,98,Turnover,0,2,0
2022,18,NE,BUF,11,Field goal,3,4,0
2022,18,NE,BUF,61,Punt,0,5,1
2022,18,BUF,NE,81,Touchdown,7,7,3
2022,18,NE,BUF,85,Touchdown,7,8,5
2022,18,BUF,NE,60,Touchdown,7,4,2
2022,18,NE,BUF,75,Punt,0,3,0
2022,18,NE,BUF,35,Turnover,0,6,1
2022,18,BUF,NE,61,Punt,0,5,1
2022,18,NE,BUF,81,Turnover,0,3,0
2022,18,BUF,NE,31,End of half,0,5,1
2022,18,NYG,PHI,74,Punt,0,3,0
2022,18,PHI,NYG,65,Field goal,3,7,2
2022,18,NYG,PHI,75,Punt,0,3,0
2022,18,PHI,NYG,80,Touchdown,7,12,5
2022,18,NYG,PHI,75,Turnover on downs,0,9,2
2022,18,PHI,NYG,60,Punt,0,3,0
2022,18,NYG,PHI,86,Punt,0,3,0
2022,18,PHI,NYG,39,Field goal,3,4,0
2022,18,NYG,PHI,75,Punt,0,10,3
2022,18,PHI,NYG,80,Field goal,3,14,6
2022,18,NYG,PHI,75,Punt,0,5,1
2022,18,PHI,NYG,74,End of half,0,1,0
2022,18,PHI,NYG,48,Turnover,0,8,3
2022,18,NYG,PHI,80,Punt,0,5,1
2022,18,PHI,NYG,72,Field goal,3,7,2
2022,18,NYG,PHI,75,Field goal,3,9,4
2022,18,PHI,NYG,75,Punt,0,3,0
2022,18,NYG,PHI,59,Touchdown,7,10,4
2022,18,PHI,NYG,75,Field goal,3,15,5
2022,18,NYG,PHI,54,Touchdown,7,7,3
2022,18,PHI,NYG,43,End of half,0,3,0
2022,18,MIA,NYJ,75,Turnover on downs,0,9,2
2022,18,NYJ,MIA,56,Punt,0,6,1
2022,18,MIA,NYJ,98,Punt,0,8,3
2022,18,NYJ,MIA,88,Punt,0,3,0
2022,18,MIA,NYJ,82,Punt,0,3,0
2022,18,NYJ,MIA,55,Missed field goal,0,6,1
2022,18,MIA,NYJ,55,Field goal,3,10,2
2022,18,NYJ,MIA,75,Field goal,3,11,3
2022,18,MIA,NYJ,75,End of half,0,4,1
2022,18,NYJ,MIA,75,Punt,0,3,0
2022,18,MIA,NYJ,91,Field goal,3,15,5
2022,18,NYJ,MIA,75,Field goal,3,14,4
2022,18,MIA,NYJ,75,Punt,0,5,1
2022,18,NYJ,MIA,89,Punt,0,7,2
2022,18,MIA,NYJ,90,Punt,0,5,1
2022,18,NYJ,MIA,72,Punt,0,3,0
2022,18,MIA,NYJ,68,Field goal,3,8,2
2022,18,NYJ,MIA,75,Safety,0,3,0
2022,18,TB,ATL,70,Touchdown,7,10,5
2022,18,ATL,TB,75,Punt,0,3,0
2022,18,TB,ATL,55,Punt,0,3,0
2022,18,ATL,TB,91,Touchdown,7,9,5
2022,18,TB,ATL,75,Turnover,0,2,0
2022,18,ATL,TB,34,Field goal,3,4,0
2022,18,TB,ATL,75,Field goal,3,14,3
2022,18,ATL,TB,80,Punt,0,3,0
2022,18,TB,ATL,81,Punt,0,3,0
2022,18,ATL,TB,64,Turnover,0,2,0
2022,18,TB,ATL,22,Touchdown,7,5,2
2022,18,ATL,TB,75,Punt,0,3,0
2022,18,TB,ATL,80,End of half,0,2,1
2022,18,ATL,TB,75,Field goal,3,9,4
2022,18,TB,ATL,75,Punt,0,3,0
2022,18,ATL,TB,80,Touchdown,7,14,6
2022,18,TB,ATL,75,Punt,0,3,0
2022,18,ATL,TB,83,Touchdown,7,9,4
2022,18,TB,ATL,75,Punt,0,3,0
2022,18,ATL,TB,75,Field goal,3,10,2
2022,18,TB,ATL,75,Turnover on downs,0,7,1
2022,18,ATL,TB,48,End of half,0,4,1
2022,18,TEN,JAX,75,Punt,0,3,0
2022,18,JAX,TEN,80,Punt,0,3,1
2022,18,TEN,JAX,84,Field goal,3,17,4
2022,18,JAX,TEN,72,Turnover,0,11,4
2022,18,TEN,JAX,69,Touchdown,7,7,4
2022,18,TEN,JAX,71,Field goal,3,11,3
2022,18,JAX,TEN,72,Field goal,3,12,4
2022,18,TEN,JAX,68,Field goal,3,10,3
2022,18,JAX,TEN,86,Punt,0,5,1
2022,18,TEN,JAX,91,Turnover,0,5,1
2022,18,JAX,TEN,25,Field goal,3,4,0
2022,18,TEN,JAX,74,Punt,0,3,0
2022,18,JAX,TEN,57,Punt,0,3,0
2022,18,TEN,JAX,94,Punt,0,3,0
2022,18,JAX,TEN,66,Punt,0,3,0
2022,18,TEN,JAX,90,Opp touchdown,0,9,2
2022,18,TEN,JAX,75,Turnover on downs,0,7,2
2022,18,JAX,TEN,56,End of half,0,2,0
2022,19,CIN,BAL,75,Field goal,3,14,4
2022,19,BAL,CIN,71,Turnover,0,5,2
2022,19,CIN,BAL,60,Touchdown,7,10,5
2022,19,BAL,CIN,75,Touchdown,7,17,7
2022,19,CIN,BAL,70,Turnover,0,6,1
2022,19,BAL,CIN,44,Field goal,3,9,3
2022,19,CIN,BAL,75,End of half,0,1,0
2022,19,BAL,CIN,80,Punt,0,4,1
2022,19,CIN,BAL,83,Touchdown,7,12,7
2022,19,BAL,CIN,81,Touchdown,7,5,3
2022,19,CIN,BAL,75,Punt,0,3,0
2022,19,BAL,CIN,82,Opp touchdown,0,9,3
2022,19,BAL,CIN,75,Punt,0,3,0
2022,19,CIN,BAL,75,Punt,0,6,1
2022,19,BAL,CIN,81,Punt,0,5,1
2022,19,CIN,BAL,81,Punt,0,3,0
2022,19,BAL,CIN,46,Turnover on downs,0,10,3
2022,19,DAL,TB,75,Punt,0,3,0
2022,19,TB,DAL,65,Punt,0,3,0
2022,19,DAL,TB,71,Punt,0,3,0
2022,19,TB,DAL,59,Punt,0,3,0
2022,19,DAL,TB,80,Touchdown,7,7,4
2022,19,TB,DAL,75,Turnover,0,14,5
2022,19,DAL,TB,80,Touchdown,7,15,5
2022,19,TB,DAL,75,Punt,0,5,1
2022,19,DAL,TB,91,Touchdown,7,11,6
2022,19,TB,DAL,75,End of half,0,5,1
2022,19,TB,DAL,73,Punt,0,3,0
2022,19,DAL,TB,86,Touchdown,7,8,5
2022,19,TB,DAL,81,Punt,0,8,2
2022,19,DAL,TB,78,Punt,0,8,2
2022,19,TB,DAL,95,Touchdown,7,10,5
2022,19,DAL,TB,66,Touchdown,7,9,4
2022,19,TB,DAL,84,Turnover on downs,0,12,5
2022,19,DAL,TB,88,Punt,0,3,0
2022,19,TB,DAL,52,Touchdown,7,11,4
2022,19,DAL,TB,49,Turnover on downs,0,6,1
2022,19,TB,DAL,51,Turnover on downs,0,6,1
2022,19,DAL,TB,65,End of half,0,2,0
2022,19,JAX,LAC,76,Turnover,0,2,0
2022,19,LAC,JAX,18,Touchdown,7,2,1
2022,19,JAX,LAC,75,Turnover,0,9,3
2022,19,LAC,JAX,61,Field goal,3,12,3
2022,19,JAX,LAC,75,Punt,0,3,0
2022,19,LAC,JAX,58,Punt,0,3,0
2022,19,JAX,LAC,86,Turnover,0,3,0
2022,19,LAC,JAX,16,Touchdown,7,3,2
2022,19,JAX,LAC,85,Punt,0,3,0
2022,19,LAC,JAX,62,Touchdown,7,11,4
2022,19,LAC,JAX,68,Punt,0,3,0
2022,19,LAC,JAX,6,Field goal,3,4,0
2022,19,JAX,LAC,72,Punt,0,3,0
2022,19,LAC,JAX,82,Punt,0,3,0
2022,19,JAX,LAC,47,Touchdown,7,7,3
2022,19,LAC,JAX,85,End of half,0,1,0
2022,19,LAC,JAX,75,Punt,0,7,2
2022,19,JAX,LAC,89,Touchdown,7,14,6
2022,19,LAC,JAX,77,Field goal,3,7,2
2022,19,JAX,LAC,68,Touchdown,7,5,3
2022,19,LAC,JAX,80,Missed field goal,0,14,4
2022,19,JAX,LAC,70,Touchdown,7,9,6
2022,19,LAC,JAX,75,Punt,0,3,0
2022,19,JAX,LAC,79,Field goal,3,10,3
2022,19,BUF,MIA,75,Turnover on downs,0,6,3
2022,19,MIA,BUF,68,Punt,0,3,0
2022,19,BUF,MIA,73,Touchdown,7,5,3
2022,19,MIA,BUF,75,Turnover,0,2,0
2022,19,BUF,MIA,23,Touchdown,7,4,2
2022,19,MIA,BUF,75,Punt,0,6,1
2022,19,BUF,MIA,67,Field goal,3,11,3
2022,19,MIA,BUF,60,Field goal,3,10,3
2022,19,BUF,MIA,75,Turnover,0,3,1
2022,19,MIA,BUF,48,Field goal,3,8,1
2022,19,BUF,MIA,72,Punt,0,3,0
2022,19,MIA,BUF,27,Field goal,3,4,0
2022,19,BUF,MIA,75,Turnover,0,3,1
2022,19,MIA,BUF,18,Touchdown,7,4,2
2022,19,BUF,MIA,75,Field goal,3,6,2
2022,19,MIA,BUF,75,End of half,0,1,0
2022,19,MIA,BUF,75,Punt,0,3,0
2022,19,BUF,MIA,70,Opp touchdown,0,1,0
2022,19,BUF,MIA,76,Punt,0,6,2
2022,19,MIA,BUF,80,Punt,0,3,0
2022,19,BUF,MIA,68,Punt,0,3,0
2022,19,MIA,BUF,83,Turnover,0,3,0
2022,19,BUF,MIA,33,Touchdown,7,5,3
2022,19,MIA,BUF,76,Punt,0,4,1
2022,19,BUF,MIA,68,Touchdown,7,5,3
2022,19,MIA,BUF,75,Touchdown,7,11,7
2022,19,BUF,MIA,75,Punt,0,3,0
2022,19,MIA,BUF,67,Punt,0,3,0
2022,19,BUF,MIA,90,Punt,0,6,1
2022,19,MIA,BUF,86,Turnover on downs,0,7,1
2022,19,BUF,MIA,43,End of half,0,4,1
2022,19,MIN,NYG,75,Touchdown,7,12,7
2022,19,NYG,MIN,75,Touchdown,7,5,4
2022,19,MIN,NYG,75,Punt,0,3,0
2022,19,NYG,MIN,81,Touchdown,7,4,3
2022,19,MIN,NYG,75,Punt,0,5,1
2022,19,NYG,MIN,91,Field goal,3,20,6
2022,19,MIN,NYG,75,Touchdown,7,8,4
2022,19,NYG,MIN,90,End of half,0,4,1
2022,19,NYG,MIN,75,Touchdown,7,6,3
2022,19,MIN,NYG,75,Touchdown,7,8,4
2022,19,NYG,MIN,75,Punt,0,6,1
2022,19,MIN,NYG,76,Field goal,3,12,3
2022,19,NYG,MIN,75,Touchdown,7,12,8
2022,19,MIN,NYG,77,Punt,0,3,0
2022,19,NYG,MIN,76,Punt,0,9,2
2022,19,MIN,NYG,88,Turnover on downs,0,6,2
2022,19,NYG,MIN,51,End of half,0,3,0
2022,19,SEA,SF,80,Punt,0,3,0
2022,19,SF,SEA,64,Field goal,3,7,2
2022,19,SEA,SF,62,Punt,0,3,0
2022,19,SF,SEA,85,Touchdown,7,5,3
2022,19,SEA,SF,78,Touchdown,7,14,6
2022,19,SF,SEA,75,Field goal,3,10,4
2022,19,SEA,SF,71,Touchdown,7,5,2
2022,19,SF,SEA,75,Punt,0,3,0
2022,19,SEA,SF,84,Punt,0,5,1
2022,19,SF,SEA,77,Field goal,3,8,2
2022,19,SEA,SF,62,Field goal,3,2,1
2022,19,SF,SEA,75,Touchdown,7,13,5
2022,19,SEA,SF,75,Turnover,0,12,4
2022,19,SF,SEA,70,Touchdown,7,7,4
2022,19,SEA,SF,81,Punt,0,4,1
2022,19,SF,SEA,76,Touchdown,7,2,1
2022,19,SEA,SF,75,Turnover,0,1,0
2022,19,SF,SEA,37,Field goal,3,10,2
2022,19,SEA,SF,76,Touchdown,7,15,7
2022,19,SF,SEA,47,End of half,0,3,1
2022,20,CIN,BUF,79,Touchdown,7,6,4
2022,20,BUF,CIN,76,Punt,0,3,0
2022,20,CIN,BUF,72,Touchdown,7,10,5
2022,20,BUF,CIN,75,Punt,0,3,0
2022,20,CIN,BUF,67,Punt,0,6,1
2022,20,BUF,CIN,75,Touchdown,7,15,6
2022,20,CIN,BUF,75,Field goal,3,14,5
2022,20,BUF,CIN,80,Punt,0,7,2
2022,20,CIN,BUF,91,End of half,0,6,3
2022,20,BUF,CIN,72,Field goal,3,14,5
2022,20,CIN,BUF,75,Touchdown,7,12,7
2022,20,BUF,CIN,88,Punt,0,3,0
2022,20,CIN,BUF,63,Field goal,3,9,3
2022,20,BUF,CIN,75,Turnover on downs,0,10,3
2022,20,CIN,BUF,84,Punt,0,8,2
2022,20,BUF,CIN,90,Turnover,0,8,3
2022,20,CIN,BUF,98,End of half,0,2,0
2022,20,SF,DAL,75,Punt,0,3,0
2022,20,DAL,SF,74,Punt,0,5,1
2022,20,SF,DAL,82,Punt,0,7,2
2022,20,DAL,SF,80,Turnover,0,3,0
2022,20,SF,DAL,21,Field goal,3,7,1
2022,20,DAL,SF,74,Touchdown,7,14,6
2022,20,SF,DAL,75,Field goal,3,10,3
2022,20,DAL,SF,65,Turnover,0,7,2
2022,20,SF,DAL,72,Field goal,3,8,2
2022,20,DAL,SF,75,Punt,0,6,1
2022,20,DAL,SF,21,Field goal,3,6,1
2022,20,SF,DAL,47,Punt,0,3,0
2022,20,DAL,SF,91,Punt,0,4,1
2022,20,SF,DAL,91,Touchdown,7,10,7
2022,20,DAL,SF,57,Field goal,3,8,2
2022,20,SF,DAL,75,Field goal,3,13,4
2022,20,DAL,SF,82,Punt,0,3,0
2022,20,SF,DAL,74,Punt,0,6,2
2022,20,DAL,SF,94,End of half,0,6,1
2022,20,JAX,KC,75,Punt,0,3,0
2022,20,KC,JAX,83,Touchdown,7,12,6
2022,20,JAX,KC,39,Touchdown,7,5,2
2022,20,KC,JAX,75,Field goal,3,11,3
2022,20,JAX,KC,75,Punt,0,7,3
2022,20,KC,JAX,98,Touchdown,7,12,6
2022,20,JAX,KC,75,Field goal,3,11,3
2022,20,KC,JAX,75,End of half,0,1,0
2022,20,KC,JAX,75,Punt,0,6,1
2022,20,JAX,KC,85,Punt,0,7,2
2022,20,KC,JAX,80,Punt,0,3,0
2022,20,JAX,KC,89,Punt,0,6,1
2022,20,KC,JAX,61,Field goal,3,5,1
2022,20,JAX,KC,75,Touchdown,7,7,4
2022,20,KC,JAX,75,Touchdown,7,10,5
2022,20,JAX,KC,55,Turnover,0,8,3
2022,20,KC,JAX,97,Punt,0,3,0
2022,20,JAX,KC,54,Turnover,0,2,0
2022,20,KC,JAX,84,Punt,0,5,1
2022,20,JAX,KC,67,Field goal,3,6,2
2022,20,KC,JAX,46,End of half,0,1,0
2022,20,PHI,NYG,75,Touchdown,7,8,3
2022,20,NYG,PHI,76,Turnover on downs,0,8,2
2022,20,PHI,NYG,52,Touchdown,7,8,4
2022,20,NYG,PHI,68,Turnover,0,2,1
2022,20,PHI,NYG,46,Punt,0,3,0
2022,20,NYG,PHI,91,Punt,0,3,0
2022,20,PHI,NYG,63,Touchdown,7,9,5
2022,20,NYG,PHI,75,Punt,0,3,0
2022,20,PHI,NYG,72,Touchdown,7,14,6
2022,20,NYG,PHI,75,Punt,0,3,0
2022,20,PHI,NYG,79,End of half,0,1,0
2022,20,NYG,PHI,74,Punt,0,3,0
2022,20,PHI,NYG,68,Punt,0,3,0
2022,20,NYG,PHI,88,Touchdown,7,10,5
2022,20,PHI,NYG,75,Punt,0,6,2
2022,20,NYG,PHI,93,Punt,0,7,2
2022,20,PHI,NYG,82,Field goal,3,15,5
2022,20,NYG,PHI,77,Turnover on downs,0,8,1
2022,20,PHI,NYG,36,Touchdown,7,3,1
2022,20,NYG,PHI,72,End of half,0,5,2
2022,21,CIN,KC,81,Punt,0,5,1
2022,21,KC,CIN,64,Field goal,3,7,2
2022,21,CIN,KC,62,Punt,0,3,0
2022,21,KC,CIN,67,Field goal,3,12,4
2022,21,CIN,KC,75,Field goal,3,13,4
2022,21,KC,CIN,75,Touchdown,7,8,4
2022,21,CIN,KC,75,Turnover,0,3,0
2022,21,KC,CIN,39,Punt,0,3,0
2022,21,CIN,KC,95,Field goal,3,12,5
2022,21,KC,CIN,79,Punt,0,3,0
2022,21,CIN,KC,62,Touchdown,7,8,3
2022,21,KC,CIN,77,Touchdown,7,11,4
2022,21,CIN,KC,75,Punt,0,3,0
2022,21,KC,CIN,69,Turnover,0,6,2
2022,21,CIN,KC,45,Touchdown,7,6,2
2022,21,KC,CIN,78,Punt,0,8,2
2022,21,CIN,KC,82,Turnover,0,5,1
2022,21,KC,CIN,86,Punt,0,7,3
2022,21,CIN,KC,94,Punt,0,7,2
2022,21,KC,CIN,53,Field goal,3,4,2
2022,21,PHI,SF,66,Touchdown,7,11,4
2022,21,SF,PHI,75,Turnover,0,6,2
2022,21,PHI,SF,56,Punt,0,3,0
2022,21,SF,PHI,80,Punt,0,3,0
2022,21,PHI,SF,85,Punt,0,4,1
2022,21,PHI,SF,94,Punt,0,3,0
2022,21,SF,PHI,46,Touchdown,7,6,3
2022,21,PHI,SF,75,Touchdown,7,14,7
2022,21,SF,PHI,75,Turnover,0,2,1
2022,21,PHI,SF,30,Touchdown,7,3,3
2022,21,SF,PHI,61,End of half,0,2,1
2022,21,SF,PHI,75,Punt,0,6,1
2022,21,PHI,SF,83,Punt,0,3,0
2022,21,SF,PHI,55,Punt,0,3,0
2022,21,PHI,SF,91,Touchdown,7,15,7
2022,21,SF,PHI,85,Turnover on downs,0,8,2
2022,21,PHI,SF,43,Field goal,3,9,2
2022,21,SF,PHI,69,Turnover,0,4,0
2022,21,PHI,SF,31,End of half,0,6,1
2022,22,PHI,KC,75,Touchdown,7,11,6
2022,22,KC,PHI,75,Touchdown,7,6,3
2022,22,PHI,KC,75,Punt,0,3,0
2022,22,KC,PHI,66,Missed field goal,0,7,2
2022,22,PHI,KC,68,Touchdown,7,5,3
2022,22,KC,PHI,75,Punt,0,3,0
2022,22,PHI,KC,67,Opp touchdown,0,6,1
2022,22,PHI,KC,75,Touchdown,7,12,5
2022,22,KC,PHI,75,Punt,0,5,1
2022,22,PHI,KC,57,Field goal,3,8,2
2022,22,KC,PHI,75,Touchdown,7,10,5
2022,22,PHI,KC,75,Field goal,3,17,4
2022,22,KC,PHI,75,Touchdown,7,9,5
2022,22,PHI,KC,75,Punt,0,3,0
2022,22,KC,PHI,5,Touchdown,7,3,1
2022,22,PHI,KC,75,Touchdown,7,8,4
2022,22,KC,PHI,75,Field goal,3,12,4
2022,22,PHI,KC,64,End of half,0,1,0
2023,1,WAS,ARI,75,Punt,0,8,2
2023,1,ARI,WAS,83,Punt,0,6,1
2023,1,WAS,ARI,91,Touchdown,7,6,5
2023,1,ARI,WAS,75,Field goal,3,8,2
2023,1,WAS,ARI,75,Turnover,0,2,1
2023,1,ARI,WAS,37,Field goal,3,4,0
2023,1,WAS,ARI,75,Turnover,0,8,3
2023,1,ARI,WAS,84,Punt,0,3,0
2023,1,WAS,ARI,49,Punt,0,4,1
2023,1,ARI,WAS,88,Punt,0,6,2
2023,1,WAS,ARI,88,Opp touchdown,0,4,1
2023,1,WAS,ARI,81,Field goal,3,7,3
2023,1,ARI,WAS,75,Field goal,3,11,4
2023,1,WAS,ARI,75,Punt,0,7,2
2023,1,ARI,WAS,75,Punt,0,4,1
2023,1,WAS,ARI,75,Punt,0,3,0
2023,1,ARI,WAS,60,Turnover,0,3,0
2023,1,WAS,ARI,29,Touchdown,7,7,3
2023,1,ARI,WAS,75,Punt,0,3,0
2023,1,WAS,ARI,76,Punt,0,3,0
2023,1,ARI,WAS,79,Turnover,0,7,2
2023,1,WAS,ARI,22,Field goal,3,4,0
2023,1,ARI,WAS,75,Turnover on downs,0,6,1
2023,1,WAS,ARI,36,Punt,0,4,0
2023,1,BUF,NYJ,75,Punt,0,5,1
2023,1,NYJ,BUF,88,Punt,0,5,2
2023,1,BUF,NYJ,77,Field goal,3,11,3
2023,1,NYJ,BUF,78,Punt,0,6,1
2023,1,BUF,NYJ,71,Turnover,0,3,0
2023,1,NYJ,BUF,96,Field goal,3,5,1
2023,1,BUF,NYJ,75,Touchdown,7,11,5
2023,1,NYJ,BUF,74,Turnover,0,3,1
2023,1,NYJ,BUF,75,End of half,0,1,0
2023,1,NYJ,BUF,75,Field goal,3,12,3
2023,1,BUF,NYJ,75,Turnover,0,8,3
2023,1,NYJ,BUF,80,Punt,0,4,1
2023,1,BUF,NYJ,85,Punt,0,3,0
2023,1,NYJ,BUF,75,Punt,0,3,0
2023,1,BUF,NYJ,85,Turnover,0,8,2
2023,1,NYJ,BUF,57,Touchdown,7,8,3
2023,1,BUF,NYJ,75,Turnover,0,1,0
2023,1,NYJ,BUF,27,Field goal,3,8,1
2023,1,BUF,NYJ,75,Field goal,3,9,3
2023,1,NYJ,BUF,75,End of half,0,1,0
2023,1,BUF,NYJ,75,Opp touchdown,0,3,0
2023,1,ATL,CAR,75,Punt,0,3,0
2023,1,CAR,ATL,60,Turnover on downs,0,11,3
2023,1,ATL,CAR,88,Punt,0,5,2
2023,1,CAR,ATL,86,Turnover,0,2,0
2023,1,ATL,CAR,17,Touchdown,7,3,1
2023,1,CAR,ATL,75,Punt,0,3,0
2023,1,ATL,CAR,85,Punt,0,3,0
2023,1,CAR,ATL,75,Touchdown,7,12,6
2023,1,ATL,CAR,75,Punt,0,4,1
2023,1,CAR,ATL,83,Punt,0,3,0
2023,1,ATL,CAR,72,End of half,0,4,1
2023,1,CAR,ATL,75,Field goal,3,9,3
2023,1,ATL,CAR,75,Punt,0,3,0
2023,1,CAR,ATL,79,Turnover,0,5,1
2023,1,ATL,CAR,36,Field goal,3,4,0
2023,1,CAR,ATL,75,Turnover,0,4,2
2023,1,ATL,CAR,61,Touchdown,7,7,5
2023,1,CAR,ATL,75,Punt,0,6,1
2023,1,ATL,CAR,65,Punt,0,3,0
2023,1,CAR,ATL,99,Punt,0,3,0
2023,1,ATL,CAR,56,Touchdown,7,6,3
2023,1,CAR,ATL,75,Punt,0,3,0
2023,1,ATL,CAR,78,Punt,0,3,0
2023,1,CAR,ATL,70,Turnover on downs,0,12,4
2023,1,ATL,CAR,70,End of half,0,1,0
2023,1,CIN,CLE,65,Punt,0,6,1
2023,1,CLE,CIN,86,Punt,0,6,1
2023,1,CIN,CLE,86,Punt,0,3,0
2023,1,CLE,CIN,59,Turnover,0,7,2
2023,1,CIN,CLE,87,Punt,0,3,0
2023,1,CLE,CIN,57,Field goal,3,7,2
2023,1,CIN,CLE,83,Punt,0,3,0
2023,1,CLE,CIN,56,Punt,0,4,0
2023,1,CIN,CLE,79,Punt,0,5,2
2023,1,CLE,CIN,80,Punt,0,5,1
2023,1,CIN,CLE,95,Punt,0,3,0
2023,1,CLE,CIN,68,Punt,0,4,1
2023,1,CIN,CLE,79,Punt,0,3,0
2023,1,CLE,CIN,67,Touchdown,7,9,5
2023,1,CIN,CLE,75,End of half,0,1,0
2023,1,CLE,CIN,75,Punt,0,3,0
2023,1,CIN,CLE,54,Field goal,3,6,1
2023,1,CLE,CIN,75,Turnover,0,3,1
2023,1,CLE,CIN,59,Field goal,3,9,3
2023,1,CIN,CLE,75,Punt,0,5,1
2023,1,CLE,CIN,64,Field goal,3,6,2
2023,1,CIN,CLE,75,Turnover on downs,0,4,0
2023,1,CLE,CIN,18,Touchdown,7,3,2
2023,1,CIN,CLE,75,Punt,0,3,0
2023,1,CLE,CIN,77,Punt,0,3,0
2023,1,CIN,CLE,62,Punt,0,3,0
2023,1,CLE,CIN,81,Punt,0,6,1
2023,1,CIN,CLE,82,End of half,0,1,0
2023,1,NYG,DAL,75,Opp touchdown,0,11,4
2023,1,NYG,DAL,75,Punt,0,3,0
2023,1,DAL,NYG,74,Field goal,3,9,2
2023,1,NYG,DAL,75,Opp touchdown,0,3,0
2023,1,NYG,DAL,75,Punt,0,3,0
2023,1,DAL,NYG,80,Field goal,3,11,3
2023,1,NYG,DAL,75,Turnover,0,1,0
2023,1,DAL,NYG,38,Touchdown,7,5,3
2023,1,NYG,DAL,75,Missed field goal,0,15,4
2023,1,DAL,NYG,74,Punt,0,3,0
2023,1,NYG,DAL,71,End of half,0,2,0
2023,1,DAL,NYG,75,Touchdown,7,10,5
2023,1,NYG,DAL,75,Punt,0,7,1
2023,1,DAL,NYG,64,Punt,0,4,1
2023,1,NYG,DAL,80,Turnover on downs,0,9,2
2023,1,NYG,DAL,75,Turnover,0,1,0
2023,1,DAL,NYG,63,Punt,0,3,0
2023,1,NYG,DAL,81,Turnover on downs,0,10,3
2023,1,DAL,NYG,38,Turnover on downs,0,4,0
2023,1,NYG,DAL,68,End of half,0,2,0
2023,1,DET,KC,75,Punt,0,3,0
2023,1,KC,DET,87,Punt,0,6,1
2023,1,DET,KC,91,Touchdown,7,14,6
2023,1,KC,DET,75,Touchdown,7,13,5
2023,1,DET,KC,75,Turnover,0,11,4
2023,1,KC,DET,93,Punt,0,3,0
2023,1,DET,KC,59,Punt,0,3,0
2023,1,KC,DET,82,Touchdown,7,6,4
2023,1,DET,KC,75,Turnover on downs,0,7,1
2023,1,KC,DET,75,Punt,0,5,1
2023,1,DET,KC,93,Punt,0,3,0
2023,1,KC,DET,58,Opp touchdown,0,3,0
2023,1,KC,DET,75,Punt,0,5,1
2023,1,DET,KC,83,Punt,0,6,2
2023,1,KC,DET,90,Field goal,3,8,3
2023,1,DET,KC,75,Punt,0,3,0
2023,1,KC,DET,68,Field goal,3,8,2
2023,1,DET,KC,75,Touchdown,7,9,4
2023,1,KC,DET,75,Punt,0,3,0
2023,1,DET,KC,66,Turnover on downs,0,5,1
2023,1,KC,DET,55,Turnover on downs,0,4,0
2023,1,DET,KC,30,End of half,0,6,1
2023,1,CHI,GB,88,Turnover on downs,0,6,1
2023,1,GB,CHI,40,Touchdown,7,11,4
2023,1,CHI,GB,66,Field goal,3,7,2
2023,1,GB,CHI,75,Punt,0,3,0
2023,1,CHI,GB,63,Field goal,3,12,5
2023,1,GB,CHI,76,Punt,0,3,0
2023,1,CHI,GB,80,Punt,0,3,0
2023,1,GB,CHI,69,Punt,0,6,1
2023,1,CHI,GB,94,Punt,0,5,1
2023,1,GB,CHI,56,Field goal,3,6,1
2023,1,GB,CHI,75,Touchdown,7,8,3
2023,1,CHI,GB,75,Punt,0,3,0
2023,1,GB,CHI,42,Touchdown,7,4,1
2023,1,CHI,GB,89,Turnover,0,3,0
2023,1,GB,CHI,43,Punt,0,3,0
2023,1,CHI,GB,65,Touchdown,7,6,4
2023,1,GB,CHI,61,Touchdown,7,5,3
2023,1,CHI,GB,75,Opp touchdown,0,3,0
2023,1,CHI,GB,70,Punt,0,5,1
2023,1,GB,CHI,93,Punt,0,7,1
2023,1,CHI,GB,69,Touchdown,7,14,6
2023,1,GB,CHI,44,Turnover on downs,0,5,1
2023,1,CHI,GB,75,End of half,0,5,2
2023,1,BAL,HOU,92,Punt,0,3,0
2023,1,HOU,BAL,62,Turnover on downs,0,4,0
2023,1,BAL,HOU,36,Turnover,0,6,1
2023,1,HOU,BAL,85,Punt,0,3,0
2023,1,BAL,HOU,58,Touchdown,7,9,5
2023,1,HOU,BAL,75,Punt,0,3,0
2023,1,BAL,HOU,68,Punt,0,3,1
2023,1,HOU,BAL,84,Field goal,3,15,4
2023,1,BAL,HOU,75,Punt,0,5,1
2023,1,HOU,BAL,88,Field goal,3,11,4
2023,1,HOU,BAL,75,Punt,0,3,0
2023,1,BAL,HOU,71,Touchdown,7,8,4
2023,1,HOU,BAL,75,Turnover on downs,0,5,1
2023,1,BAL,HOU,42,Touchdown,7,5,3
2023,1,HOU,BAL,75,Punt,0,7,2
2023,1,BAL,HOU,80,Turnover,0,4,1
2023,1,HOU,BAL,32,Field goal,3,6,2
2023,1,BAL,HOU,75,Punt,0,6,1
2023,1,HOU,BAL,80,Turnover,0,4,1
2023,1,BAL,HOU,42,Field goal,3,7,1
2023,1,HOU,BAL,75,Turnover on downs,0,8,2
2023,1,BAL,HOU,52,Punt,0,3,0
2023,1,HOU,BAL,90,End of half,0,6,2
2023,1,IND,JAX,75,Punt,0,3,0
2023,1,JAX,IND,63,Punt,0,3,0
2023,1,IND,JAX,94,Punt,0,3,0
2023,1,JAX,IND,61,Touchdown,7,9,4
2023,1,IND,JAX,75,Touchdown,7,11,6
2023,1,JAX,IND,75,Turnover,0,4,2
2023,1,IND,JAX,25,Turnover on downs,0,4,0
2023,1,JAX,IND,84,Punt,0,3,0
2023,1,IND,JAX,48,Turnover on downs,0,4,0
2023,1,JAX,IND,57,Touchdown,7,7,3
2023,1,IND,JAX,76,Turnover,0,3,2
2023,1,JAX,IND,68,Punt,0,6,2
2023,1,IND,JAX,92,End of half,0,3,1
2023,1,JAX,IND,84,Punt,0,3,0
2023,1,IND,JAX,63,Touchdown,7,6,4
2023,1,JAX,IND,75,Field goal,3,8,2
2023,1,IND,JAX,75,Punt,0,3,0
2023,1,JAX,IND,58,Turnover on downs,0,4,0
2023,1,IND,JAX,51,Turnover,0,4,0
2023,1,JAX,IND,54,Opp touchdown,0,1,0
2023,1,JAX,IND,75,Punt,0,3,0
2023,1,IND,JAX,73,Punt,0,3,0
2023,1,JAX,IND,57,Turnover on downs,0,4,0
2023,1,IND,JAX,52,Punt,0,3,0
2023,1,JAX,IND,46,Touchdown,7,10,5
2023,1,IND,JAX,75,Turnover,0,2,0
2023,1,JAX,IND,44,Touchdown,7,3,2
2023,1,IND,JAX,75,Turnover on downs,0,17,5
2023,1,JAX,IND,99,End of half,0,2,0
2023,1,SEA,LA,75,Field goal,3,12,3
2023,1,LA,SEA,75,Touchdown,7,16,6
2023,1,SEA,LA,75,Touchdown,7,12,6
2023,1,LA,SEA,70,Punt,0,3,0
2023,1,SEA,LA,51,Field goal,3,6,1
2023,1,LA,SEA,75,Missed field goal,0,7,2
2023,1,SEA,LA,42,Missed field goal,0,5,2
2023,1,LA,SEA,71,Missed field goal,0,6,2
2023,1,LA,SEA,76,Touchdown,7,10,4
2023,1,SEA,LA,70,Punt,0,3,0
2023,1,LA,SEA,80,Field goal,3,9,3
2023,1,SEA,LA,75,Punt,0,4,1
2023,1,LA,SEA,79,Touchdown,7,14,6
2023,1,SEA,LA,75,Punt,0,3,0
2023,1,LA,SEA,75,Field goal,3,9,2
2023,1,SEA,LA,65,Punt,0,3,0
2023,1,LA,SEA,58,Field goal,3,9,2
2023,1,SEA,LA,65,End of half,0,1,0
2023,1,LV,DEN,44,Touchdown,7,10,4
2023,1,DEN,LV,86,Touchdown,7,14,6
2023,1,LV,DEN,75,Field goal,3,10,4
2023,1,DEN,LV,75,Punt,0,8,3
2023,1,LV,DEN,95,Punt,0,5,1
2023,1,DEN,LV,75,Touchdown,7,9,5
2023,1,LV,DEN,75,End of half,0,1,0
2023,1,DEN,LV,74,Missed field goal,0,10,3
2023,1,LV,DEN,55,Turnover,0,13,5
2023,1,DEN,LV,80,Field goal,3,16,5
2023,1,LV,DEN,75,Touchdown,7,6,5
2023,1,DEN,LV,75,Punt,0,3,0
2023,1,LV,DEN,69,End of half,0,11,3
2023,1,MIA,LAC,75,Turnover,0,5,3
2023,1,LAC,MIA,94,Touchdown,7,14,6
2023,1,MIA,LAC,75,Touchdown,7,9,6
2023,1,LAC,MIA,75,Punt,0,3,0
2023,1,MIA,LAC,77,Field goal,3,8,3
2023,1,LAC,MIA,75,Touchdown,7,6,3
2023,1,MIA,LAC,75,Punt,0,3,0
2023,1,LAC,MIA,68,Punt,0,3,0
2023,1,MIA,LAC,80,Touchdown,7,12,6
2023,1,LAC,MIA,75,Field goal,3,10,3
2023,1,MIA,LAC,75,Field goal,3,2,2
2023,1,LAC,MIA,75,Touchdown,7,11,7
2023,1,MIA,LAC,75,Turnover,0,9,3
2023,1,LAC,MIA,96,Punt,0,3,0
2023,1,MIA,LAC,35,Touchdown,7,1,1
2023,1,LAC,MIA,75,Touchdown,7,10,5
2023,1,MIA,LAC,75,Field goal,3,9,3
2023,1,LAC,MIA,75,Field goal,3,13,5
2023,1,MIA,LAC,75,Touchdown,7,8,3
2023,1,LAC,MIA,75,Turnover on downs,0,5,1
2023,1,MIA,LAC,24,End of half,0,2,0
2023,1,PHI,NE,75,Field goal,3,14,5
2023,1,NE,PHI,76,Opp touchdown,0,7,2
2023,1,NE,PHI,75,Turnover,0,1,0
2023,1,PHI,NE,26,Touchdown,7,4,3
2023,1,NE,PHI,56,Punt,0,3,0
2023,1,PHI,NE,84,Punt,0,3,0
2023,1,NE,PHI,47,Punt,0,3,0
2023,1,PHI,NE,92,Punt,0,3,0
2023,1,NE,PHI,57,Punt,0,3,0
2023,1,PHI,NE,86,Punt,0,3,0
2023,1,NE,PHI,71,Touchdown,7,10,5
2023,1,PHI,NE,75,Punt,0,3,0
2023,1,NE,PHI,63,Touchdown,7,6,4
2023,1,PHI,NE,75,End of half,0,1,0
2023,1,NE,PHI,75,Punt,0,3,0
2023,1,PHI,NE,71,Field goal,3,10,3
2023,1,NE,PHI,75,Punt,0,13,3
2023,1,PHI,NE,80,Field goal,3,11,3
2023,1,NE,PHI,75,Turnover on downs,0,10,4
2023,1,PHI,NE,83,Field goal,3,7,3
2023,1,NE,PHI,75,Touchdown,7,6,4
2023,1,PHI,NE,73,Turnover,0,1,0
2023,1,NE,PHI,41,Turnover on downs,0,4,0
2023,1,PHI,NE,52,Turnover on downs,0,4,0
2023,1,NE,PHI,56,Turnover on downs,0,9,2
2023,1,PHI,NE,80,End of half,0,1,0
2023,1,PIT,SF,75,Punt,0,3,0
2023,1,SF,PIT,54,Touchdown,7,7,3
2023,1,PIT,SF,73,Turnover,0,3,0
2023,1,SF,PIT,48,Field goal,3,6,1
2023,1,PIT,SF,68,Punt,0,3,0
2023,1,SF,PIT,68,Touchdown,7,9,5
2023,1,PIT,SF,75,Punt,0,3,0
2023,1,PIT,SF,64,Punt,0,3,0
2023,1,SF,PIT,76,Punt,0,11,3
2023,1,PIT,SF,95,Touchdown,7,12,6
2023,1,SF,PIT,75,End of half,0,1,0
2023,1,SF,PIT,75,Touchdown,7,2,2
2023,1,PIT,SF,75,Punt,0,4,1
2023,1,SF,PIT,83,Punt,0,7,2
2023,1,PIT,SF,94,Punt,0,3,0
2023,1,SF,PIT,38,Turnover,0,1,0
2023,1,PIT,SF,39,Turnover on downs,0,8,2
2023,1,SF,PIT,92,Punt,0,7,2
2023,1,PIT,SF,96,Turnover,0,7,3
2023,1,SF,PIT,51,Field goal,3,9,2
2023,1,PIT,SF,75,Turnover on downs,0,12,3
2023,1,SF,PIT,68,End of half,0,2,0
2023,1,MIN,TB,75,Punt,0,3,0
2023,1,TB,MIN,67,Punt,0,3,0
2023,1,MIN,TB,87,Turnover,0,9,3
2023,1,TB,MIN,75,Punt,0,5,1
2023,1,MIN,TB,74,Turnover,0,3,0
2023,1,TB,MIN,18,Field goal,3,4,0
2023,1,MIN,TB,83,Punt,0,3,0
2023,1,TB,MIN,90,Punt,0,3,0
2023,1,MIN,TB,83,Touchdown,7,6,3
2023,1,TB,MIN,82,Punt,0,3,0
2023,1,MIN,TB,69,Field goal,3,9,3
2023,1,TB,MIN,75,Punt,0,3,0
2023,1,MIN,TB,86,Punt,0,3,0
2023,1,TB,MIN,61,Touchdown,7,7,3
2023,1,MIN,TB,75,Turnover,0,6,2
2023,1,TB,MIN,84,End of half,0,1,0
2023,1,TB,MIN,75,Touchdown,7,16,6
2023,1,MIN,TB,75,Touchdown,7,16,7
2023,1,TB,MIN,75,Punt,0,5,1
2023,1,MIN,TB,80,Punt,0,3,0
2023,1,TB,MIN,77,Field goal,3,10,2
2023,1,MIN,TB,75,Punt,0,3,0
2023,1,TB,MIN,70,End of half,0,10,3
2023,1,TEN,NO,24,Field goal,3,4,0
2023,1,NO,TEN,75,Field goal,3,9,3
2023,1,TEN,NO,75,Field goal,3,11,4
2023,1,NO,TEN,72,Punt,0,3,0
2023,1,TEN,NO,77,Punt,0,3,0
2023,1,NO,TEN,87,Punt,0,5,1
2023,1,TEN,NO,77,Punt,0,3,0
2023,1,NO,TEN,28,Field goal,3,7,1
2023,1,TEN,NO,75,Turnover,0,3,0
2023,1,NO,TEN,59,Punt,0,3,0
2023,1,TEN,NO,70,Field goal,3,7,2
2023,1,NO,TEN,75,Turnover,0,6,2
2023,1,TEN,NO,78,End of half,0,1,0
2023,1,TEN,NO,75,Turnover,0,4,2
2023,1,NO,TEN,94,Field goal,3,7,1
2023,1,TEN,NO,75,Punt,0,4,1
2023,1,NO,TEN,82,Punt,0,5,1
2023,1,TEN,NO,89,Turnover,0,3,0
2023,1,NO,TEN,33,Touchdown,7,5,2
2023,1,TEN,NO,75,Field goal,3,12,4
2023,1,NO,TEN,87,Punt,0,8,2
2023,1,TEN,NO,73,Field goal,3,9,3
2023,1,NO,TEN,71,End of half,0,9,2
2023,2,BAL,CIN,75,Touchdown,7,13,6
2023,2,CIN,BAL,75,Punt,0,3,0
2023,2,BAL,CIN,67,Missed field goal,0,7,2
2023,2,CIN,BAL,51,Punt,0,3,0
2023,2,BAL,CIN,90,Opp touchdown,0,5,1
2023,2,BAL,CIN,75,Field goal,3,10,3
2023,2,CIN,BAL,75,Field goal,3,12,4
2023,2,BAL,CIN,75,Field goal,3,12,5
2023,2,CIN,BAL,75,Turnover,0,8,3
2023,2,BAL,CIN,62,Touchdown,7,4,2
2023,2,CIN,BAL,75,Touchdown,7,13,6
2023,2,BAL,CIN,75,Touchdown,7,12,5
2023,2,CIN,BAL,75,Punt,0,3,0
2023,2,BAL,CIN,69,Punt,0,3,0
2023,2,CIN,BAL,80,Touchdown,7,16,6
2023,2,BAL,CIN,75,End of half,0,7,2
2023,2,TB,CHI,75,Field goal,3,12,4
2023,2,CHI,TB,75,Touchdown,7,6,3
2023,2,TB,CHI,75,Missed field goal,0,11,3
2023,2,TB,CHI,77,Touchdown,7,4,2
2023,2,CHI,TB,75,Punt,0,3,0
2023,2,TB,CHI,81,Punt,0,3,0
2023,2,CHI,TB,80,Field goal,3,10,3
2023,2,TB,CHI,75,Field goal,3,12,4
2023,2,CHI,TB,75,Punt,0,6,1
2023,2,TB,CHI,89,Touchdown,7,12,4
2023,2,CHI,TB,75,Punt,0,9,2
2023,2,TB,CHI,80,Punt,0,3,0
2023,2,CHI,TB,84,Punt,0,3,0
2023,2,TB,CHI,65,Punt,0,4,0
2023,2,CHI,TB,90,Touchdown,7,8,5
2023,2,TB,CHI,75,Punt,0,8,2
2023,2,CHI,TB,93,Opp touchdown,0,1,0
2023,2,CHI,TB,75,Turnover,0,3,0
2023,2,TB,CHI,25,End of half,0,2,0
2023,2,CLE,PIT,75,Opp touchdown,0,1,0
2023,2,CLE,PIT,75,Field goal,3,11,3
2023,2,PIT,CLE,91,Turnover,0,3,0
2023,2,CLE,PIT,19,Missed field goal,0,4,0
2023,2,PIT,CLE,67,Punt,0,3,0
2023,2,CLE,PIT,95,Turnover,0,8,2
2023,2,PIT,CLE,58,Turnover,0,1,0
2023,2,CLE,PIT,23,Touchdown,7,4,2
2023,2,PIT,CLE,75,Punt,0,6,1
2023,2,CLE,PIT,91,Punt,0,3,0
2023,2,PIT,CLE,39,Field goal,3,4,0
2023,2,CLE,PIT,75,Punt,0,3,0
2023,2,PIT,CLE,82,Touchdown,7,4,2
2023,2,CLE,PIT,75,Punt,0,3,0
2023,2,PIT,CLE,53,Punt,0,6,1
2023,2,CLE,PIT,75,Field goal,3,7,2
2023,2,PIT,CLE,75,End of half,0,1,0
2023,2,PIT,CLE,75,Field goal,3,9,2
2023,2,CLE,PIT,75,Touchdown,7,4,2
2023,2,PIT,CLE,75,Punt,0,5,1
2023,2,CLE,PIT,80,Punt,0,8,2
2023,2,PIT,CLE,80,Punt,0,5,2
2023,2,CLE,PIT,99,Turnover,0,11,3
2023,2,PIT,CLE,56,Punt,0,3,0
2023,2,CLE,PIT,94,Opp touchdown,0,5,1
2023,2,CLE,PIT,75,Punt,0,5,1
2023,2,PIT,CLE,75,Punt,0,3,0
2023,2,CLE,PIT,75,Turnover on downs,0,7,2
2023,2,GB,ATL,75,Punt,0,3,1
2023,2,ATL,GB,80,Turnover,0,3,1
2023,2,GB,ATL,60,Punt,0,3,0
2023,2,ATL,GB,73,Field goal,3,15,5
2023,2,GB,ATL,84,Touchdown,7,11,5
2023,2,ATL,GB,83,Turnover on downs,0,8,2
2023,2,GB,ATL,59,Field goal,3,10,3
2023,2,ATL,GB,75,Touchdown,7,11,6
2023,2,GB,ATL,75,End of half,0,1,0
2023,2,ATL,GB,75,Punt,0,3,0
2023,2,GB,ATL,65,Touchdown,7,6,4
2023,2,ATL,GB,75,Field goal,3,13,5
2023,2,GB,ATL,78,Touchdown,7,4,4
2023,2,ATL,GB,75,Touchdown,7,8,3
2023,2,GB,ATL,75,Punt,0,3,0
2023,2,ATL,GB,65,Field goal,3,8,2
2023,2,GB,ATL,75,Punt,0,3,0
2023,2,ATL,GB,73,Field goal,3,12,3
2023,2,GB,ATL,75,Turnover on downs,0,4,0
2023,2,ATL,GB,25,End of half,0,1,0
2023,2,IND,HOU,75,Touchdown,7,10,5
2023,2,HOU,IND,82,Turnover,0,3,0
2023,2,IND,HOU,15,Touchdown,7,1,1
2023,2,HOU,IND,68,Touchdown,7,13,4
2023,2,IND,HOU,75,Punt,0,3,0
2023,2,HOU,IND,66,Punt,0,3,0
2023,2,IND,HOU,68,Punt,0,3,0
2023,2,HOU,IND,72,Punt,0,4,1
2023,2,IND,HOU,76,Touchdown,7,6,3
2023,2,HOU,IND,75,Field goal,3,9,3
2023,2,IND,HOU,75,Touchdown,7,14,6
2023,2,HOU,IND,75,End of half,0,1,0
2023,2,HOU,IND,75,Punt,0,9,2
2023,2,IND,HOU,80,Field goal,3,9,3
2023,2,HOU,IND,75,Field goal,3,13,5
2023,2,IND,HOU,75,Punt,0,3,0
2023,2,HOU,IND,67,Touchdown,7,5,3
2023,2,IND,HOU,75,Punt,0,5,1
2023,2,HOU,IND,88,Missed field goal,0,12,3
2023,2,IND,HOU,59,Punt,0,3,0
2023,2,HOU,IND,91,End of half,0,10,3
2023,2,JAX,KC,75,Punt,0,7,2
2023,2,KC,JAX,90,Punt,0,3,0
2023,2,JAX,KC,69,Punt,0,3,0
2023,2,KC,JAX,86,Punt,0,9,3
2023,2,JAX,KC,98,Punt,0,7,2
2023,2,JAX,KC,17,Field goal,3,4,0
2023,2,KC,JAX,75,Turnover,0,5,1
2023,2,JAX,KC,37,Turnover,0,1,0
2023,2,KC,JAX,57,Turnover,0,2,0
2023,2,JAX,KC,88,Turnover on downs,0,11,3
2023,2,JAX,KC,75,Field goal,3,5,2
2023,2,KC,JAX,81,Touchdown,7,7,3
2023,2,JAX,KC,75,Punt,0,5,1
2023,2,KC,JAX,91,Punt,0,6,1
2023,2,JAX,KC,65,Punt,0,3,0
2023,2,KC,JAX,77,Punt,0,3,0
2023,2,JAX,KC,77,Field goal,3,9,3
2023,2,KC,JAX,75,Field goal,3,13,5
2023,2,JAX,KC,75,Turnover on downs,0,12,5
2023,2,KC,JAX,84,End of half,0,10,3
2023,2,LAC,TEN,75,Punt,0,3,0
2023,2,TEN,LAC,75,Turnover on downs,0,9,2
2023,2,LAC,TEN,48,Field goal,3,11,2
2023,2,TEN,LAC,75,Punt,0,3,0
2023,2,LAC,TEN,64,Punt,0,5,1
2023,2,TEN,LAC,85,Punt,0,3,0
2023,2,LAC,TEN,47,Touchdown,7,8,3
2023,2,TEN,LAC,75,Touchdown,7,3,2
2023,2,LAC,TEN,75,Field goal,3,7,2
2023,2,TEN,LAC,75,Field goal,3,9,3
2023,2,TEN,LAC,75,Touchdown,7,9,5
2023,2,LAC,TEN,75,Punt,0,5,2
2023,2,TEN,LAC,87,Punt,0,8,3
2023,2,LAC,TEN,80,Touchdown,7,7,4
2023,2,TEN,LAC,75,Punt,0,3,0
2023,2,LAC,TEN,66,Punt,0,3,0
2023,2,TEN,LAC,86,Punt,0,3,0
2023,2,LAC,TEN,65,Punt,0,6,1
2023,2,TEN,LAC,82,Touchdown,7,7,4
2023,2,LAC,TEN,75,Field goal,3,10,4
2023,2,LAC,TEN,75,Punt,0,3,0
2023,2,TEN,LAC,61,Field goal,3,8,3
2023,2,LV,BUF,75,Touchdown,7,5,3
2023,2,BUF,LV,75,Punt,0,3,0
2023,2,LV,BUF,84,Turnover,0,4,1
2023,2,BUF,LV,28,Touchdown,7,7,3
2023,2,LV,BUF,69,Punt,0,3,0
2023,2,BUF,LV,84,Touchdown,7,11,6
2023,2,LV,BUF,75,Field goal,3,10,3
2023,2,BUF,LV,53,Turnover on downs,0,7,2
2023,2,LV,BUF,98,Punt,0,3,0
2023,2,BUF,LV,57,Touchdown,7,8,4
2023,2,LV,BUF,75,End of half,0,2,1
2023,2,BUF,LV,75,Touchdown,7,15,5
2023,2,LV,BUF,75,Turnover,0,4,1
2023,2,BUF,LV,48,Field goal,3,9,2
2023,2,LV,BUF,75,Punt,0,4,1
2023,2,BUF,LV,95,Touchdown,7,11,6
2023,2,LV,BUF,75,Turnover,0,5,3
2023,2,BUF,LV,81,End of half,0,4,1
2023,2,NE,MIA,75,Punt,0,8,2
2023,2,MIA,NE,85,Field goal,3,13,5
2023,2,NE,MIA,75,Turnover,0,8,2
2023,2,MIA,NE,73,Touchdown,7,11,5
2023,2,NE,MIA,75,Punt,0,6,1
2023,2,MIA,NE,84,Punt,0,3,0
2023,2,NE,MIA,66,Field goal,3,10,3
2023,2,MIA,NE,75,Touchdown,7,8,5
2023,2,NE,MIA,75,End of half,0,1,0
2023,2,MIA,NE,75,Punt,0,3,0
2023,2,NE,MIA,64,Punt,0,5,1
2023,2,MIA,NE,92,Missed field goal,0,11,3
2023,2,NE,MIA,49,Turnover,0,8,2
2023,2,MIA,NE,97,Punt,0,3,0
2023,2,NE,MIA,58,Touchdown,7,8,5
2023,2,MIA,NE,70,Turnover,0,3,1
2023,2,NE,MIA,86,Punt,0,3,0
2023,2,MIA,NE,43,Touchdown,7,1,1
2023,2,NE,MIA,75,Touchdown,7,9,6
2023,2,MIA,NE,75,Missed field goal,0,6,2
2023,2,NE,MIA,55,Turnover on downs,0,6,1
2023,2,MIA,NE,70,End of half,0,2,0
2023,2,PHI,MIN,75,Field goal,3,9,2
2023,2,MIN,PHI,75,Punt,0,4,1
2023,2,PHI,MIN,90,Punt,0,3,0
2023,2,PHI,MIN,73,Turnover,0,6,2
2023,2,MIN,PHI,65,Turnover,0,1,0
2023,2,PHI,MIN,39,Missed field goal,0,4,0
2023,2,MIN,PHI,55,Touchdown,7,9,4
2023,2,PHI,MIN,75,Touchdown,7,16,7
2023,2,MIN,PHI,75,Turnover,0,8,3
2023,2,PHI,MIN,80,Field goal,3,6,2
2023,2,MIN,PHI,75,Turnover,0,2,0
2023,2,PHI,MIN,7,Touchdown,7,2,1
2023,2,MIN,PHI,75,Punt,0,3,0
2023,2,PHI,MIN,69,Touchdown,7,3,1
2023,2,MIN,PHI,75,Touchdown,7,5,2
2023,2,PHI,MIN,75,Punt,0,3,0
2023,2,MIN,PHI,70,Punt,0,3,0
2023,2,PHI,MIN,93,Punt,0,15,5
2023,2,MIN,PHI,86,Touchdown,7,9,4
2023,2,PHI,MIN,75,Touchdown,7,8,4
2023,2,MIN,PHI,75,Touchdown,7,10,5
2023,2,PHI,MIN,49,Punt,0,3,0
2023,2,MIN,PHI,83,End of half,0,1,0
2023,2,NO,CAR,75,Punt,0,6,1
2023,2,CAR,NO,65,Field goal,3,9,2
2023,2,NO,CAR,75,Field goal,3,15,5
2023,2,CAR,NO,75,Punt,0,3,0
2023,2,NO,CAR,56,Field goal,3,12,4
2023,2,CAR,NO,75,Punt,0,3,0
2023,2,NO,CAR,69,Punt,0,4,1
2023,2,CAR,NO,90,Punt,0,4,1
2023,2,NO,CAR,79,Turnover,0,3,0
2023,2,CAR,NO,37,Turnover,0,4,1
2023,2,NO,CAR,59,Punt,0,6,1
2023,2,CAR,NO,81,End of half,0,1,0
2023,2,CAR,NO,75,Punt,0,6,2
2023,2,NO,CAR,97,Punt,0,3,0
2023,2,CAR,NO,41,Field goal,3,4,0
2023,2,NO,CAR,75,Touchdown,7,10,4
2023,2,CAR,NO,75,Punt,0,3,0
2023,2,NO,CAR,82,Punt,0,7,2
2023,2,CAR,NO,80,Field goal,3,11,3
2023,2,NO,CAR,79,Touchdown,7,6,4
2023,2,CAR,NO,75,Touchdown,7,11,5
2023,2,NO,CAR,45,End of half,0,4,1
2023,2,ARI,NYG,75,Missed field goal,0,7,2
2023,2,NYG,ARI,55,Punt,0,3,0
2023,2,ARI,NYG,86,Touchdown,7,9,6
2023,2,NYG,ARI,75,Punt,0,5,1
2023,2,ARI,NYG,80,Touchdown,7,7,4
2023,2,NYG,ARI,75,Punt,0,3,0
2023,2,ARI,NYG,73,Field goal,3,9,3
2023,2,NYG,ARI,75,Turnover,0,10,3
2023,2,ARI,NYG,34,Field goal,3,6,1
2023,2,NYG,ARI,75,End of half,0,5,1
2023,2,NYG,ARI,75,Touchdown,7,3,2
2023,2,ARI,NYG,75,Touchdown,7,8,5
2023,2,NYG,ARI,75,Touchdown,7,12,6
2023,2,ARI,NYG,75,Punt,0,8,2
2023,2,NYG,ARI,80,Touchdown,7,13,6
2023,2,ARI,NYG,75,Punt,0,3,0
2023,2,NYG,ARI,64,Touchdown,7,6,4
2023,2,ARI,NYG,75,Punt,0,3,0
2023,2,NYG,ARI,72,Field goal,3,8,3
2023,2,ARI,NYG,80,End of half,0,3,1
2023,2,DAL,NYJ,75,Touchdown,7,12,5
2023,2,NYJ,DAL,75,Punt,0,3,0
2023,2,DAL,NYJ,69,Punt,0,3,0
2023,2,NYJ,DAL,90,Punt,0,7,1
2023,2,DAL,NYJ,95,Field goal,3,14,4
2023,2,NYJ,DAL,75,Punt,0,3,0
2023,2,DAL,NYJ,77,Punt,0,3,0
2023,2,NYJ,DAL,68,Touchdown,7,1,1
2023,2,DAL,NYJ,75,Touchdown,7,13,7
2023,2,NYJ,DAL,75,Field goal,3,11,4
2023,2,DAL,NYJ,76,End of half,0,1,0
2023,2,NYJ,DAL,75,Punt,0,3,0
2023,2,DAL,NYJ,58,Field goal,3,12,4
2023,2,NYJ,DAL,75,Turnover,0,2,1
2023,2,DAL,NYJ,37,Field goal,3,4,0
2023,2,NYJ,DAL,75,Punt,0,3,0
2023,2,DAL,NYJ,79,Field goal,3,12,4
2023,2,NYJ,DAL,75,Turnover,0,3,1
2023,2,DAL,NYJ,17,Field goal,3,6,1
2023,2,NYJ,DAL,75,Turnover,0,6,2
2023,2,DAL,NYJ,92,Punt,0,3,0
2023,2,NYJ,DAL,69,Turnover,0,5,2
2023,2,DAL,NYJ,47,End of half,0,5,1
2023,2,SEA,DET,75,Touchdown,7,12,8
2023,2,DET,SEA,75,Touchdown,7,7,4
2023,2,SEA,DET,77,Punt,0,5,1
2023,2,DET,SEA,88,Turnover on downs,0,12,3
2023,2,SEA,DET,69,Missed field goal,0,6,2
2023,2,DET,SEA,65,Touchdown,7,5,3
2023,2,SEA,DET,75,Punt,0,6,1
2023,2,DET,SEA,94,Punt,0,3,0
2023,2,SEA,DET,64,Missed field goal,0,6,2
2023,2,DET,SEA,54,Turnover,0,1,0
2023,2,DET,SEA,75,Turnover,0,1,0
2023,2,SEA,DET,23,Touchdown,7,2,2
2023,2,DET,SEA,75,Touchdown,7,9,5
2023,2,SEA,DET,68,Field goal,3,12,4
2023,2,DET,SEA,75,Turnover on downs,0,6,1
2023,2,SEA,DET,45,Touchdown,7,9,4
2023,2,DET,SEA,75,Opp touchdown,0,5,1
2023,2,DET,SEA,75,Touchdown,7,10,6
2023,2,SEA,DET,72,Punt,0,3,0
2023,2,SEA,DET,75,Touchdown,7,9,4
2023,2,SF,LA,75,Touchdown,7,11,5
2023,2,LA,SF,75,Field goal,3,11,4
2023,2,SF,LA,75,Field goal,3,7,2
2023,2,LA,SF,60,Touchdown,7,8,5
2023,2,SF,LA,75,Punt,0,5,2
2023,2,LA,SF,88,Touchdown,7,13,7
2023,2,SF,LA,75,Touchdown,7,7,6
2023,2,LA,SF,79,Punt,0,7,2
2023,2,SF,LA,82,Punt,0,3,0
2023,2,LA,SF,72,Turnover,0,7,3
2023,2,SF,LA,72,Field goal,3,6,2
2023,2,LA,SF,75,Punt,0,3,0
2023,2,SF,LA,74,Touchdown,7,7,4
2023,2,LA,SF,75,Field goal,3,14,4
2023,2,SF,LA,75,Punt,0,3,0
2023,2,LA,SF,80,Turnover,0,3,0
2023,2,SF,LA,15,Field goal,3,4,0
2023,2,LA,SF,70,Turnover on downs,0,4,0
2023,2,SF,LA,38,Punt,0,4,0
2023,2,LA,SF,70,Field goal,3,11,3
2023,2,WAS,DEN,75,Missed field goal,0,9,2
2023,2,DEN,WAS,61,Touchdown,7,7,4
2023,2,WAS,DEN,75,Field goal,3,11,4
2023,2,DEN,WAS,75,Touchdown,7,1,2
2023,2,WAS,DEN,75,Punt,0,3,0
2023,2,DEN,WAS,90,Touchdown,7,9,3
2023,2,WAS,DEN,75,Punt,0,3,0
2023,2,DEN,WAS,40,Turnover,0,2,0
2023,2,WAS,DEN,49,Touchdown,7,9,4
2023,2,DEN,WAS,75,Punt,0,3,0
2023,2,WAS,DEN,77,Field goal,3,8,2
2023,2,DEN,WAS,75,Punt,0,3,0
2023,2,WAS,DEN,57,Touchdown,7,5,4
2023,2,DEN,WAS,75,Turnover,0,5,1
2023,2,WAS,DEN,44,Missed field goal,0,5,1
2023,2,DEN,WAS,51,Field goal,3,9,2
2023,2,WAS,DEN,75,Touchdown,7,6,5
2023,2,DEN,WAS,75,Punt,0,3,1
2023,2,WAS,DEN,64,Touchdown,7,8,4
2023,2,DEN,WAS,75,Field goal,3,15,5
2023,2,WAS,DEN,57,Punt,0,3,0
2023,2,DEN,WAS,87,Touchdown,7,7,3
2023,3,ATL,DET,79,Punt,0,3,0
2023,3,DET,ATL,86,Punt,0,3,0
2023,3,ATL,DET,88,Punt,0,6,1
2023,3,DET,ATL,66,Field goal,3,11,4
2023,3,ATL,DET,75,Field goal,3,10,4
2023,3,DET,ATL,75,Touchdown,7,5,3
2023,3,ATL,DET,75,Punt,0,3,0
2023,3,DET,ATL,73,Field goal,3,13,4
2023,3,ATL,DET,75,Punt,0,3,0
2023,3,DET,ATL,83,Punt,0,4,1
2023,3,ATL,DET,80,End of half,0,4,1
2023,3,DET,ATL,75,Punt,0,3,0
2023,3,ATL,DET,81,Missed field goal,0,8,3
2023,3,DET,ATL,63,Punt,0,6,1
2023,3,ATL,DET,83,Punt,0,4,1
2023,3,DET,ATL,75,Punt,0,3,0
2023,3,ATL,DET,65,Punt,0,3,0
2023,3,DET,ATL,82,Turnover,0,3,0
2023,3,ATL,DET,43,Turnover on downs,0,4,0
2023,3,DET,ATL,62,Touchdown,7,7,4
2023,3,ATL,DET,82,Field goal,3,17,5
2023,3,DET,ATL,75,Punt,0,5,1
2023,3,ATL,DET,92,Turnover,0,3,1
2023,3,DET,ATL,11,End of half,0,3,0
2023,3,BUF,WAS,75,Field goal,3,11,3
2023,3,WAS,BUF,73,Turnover,0,8,3
2023,3,BUF,WAS,84,Punt,0,6,1
2023,3,WAS,BUF,80,Punt,0,3,0
2023,3,BUF,WAS,35,Touchdown,7,1,1
2023,3,WAS,BUF,75,Turnover on downs,0,7,3
2023,3,BUF,WAS,98,Field goal,3,15,4
2023,3,WAS,BUF,75,Turnover,0,3,0
2023,3,BUF,WAS,33,Field goal,3,6,1
2023,3,WAS,BUF,75,End of half,0,1,1
2023,3,WAS,BUF,83,Turnover,0,10,4
2023,3,BUF,WAS,99,Turnover,0,6,2
2023,3,WAS,BUF,81,Punt,0,5,1
2023,3,BUF,WAS,69,Turnover on downs,0,6,1
2023,3,WAS,BUF,63,Turnover,0,1,0
2023,3,BUF,WAS,31,Touchdown,7,6,3
2023,3,WAS,BUF,75,Opp touchdown,0,3,0
2023,3,WAS,BUF,75,Punt,0,3,0
2023,3,BUF,WAS,64,Touchdown,7,9,4
2023,3,WAS,BUF,75,Field goal,3,8,3
2023,3,BUF,WAS,75,End of half,0,2,0
2023,3,SEA,CAR,75,Punt,0,3,0
2023,3,CAR,SEA,79,Field goal,3,11,3
2023,3,SEA,CAR,75,Field goal,3,10,3
2023,3,CAR,SEA,75,Punt,0,4,1
2023,3,SEA,CAR,81,Field goal,3,8,3
2023,3,CAR,SEA,75,Punt,0,3,0
2023,3,SEA,CAR,61,Field goal,3,6,1
2023,3,CAR,SEA,75,Touchdown,7,8,3
2023,3,SEA,CAR,75,Turnover,0,3,0
2023,3,CAR,SEA,28,Field goal,3,4,0
2023,3,SEA,CAR,73,Field goal,3,11,3
2023,3,CAR,SEA,75,Punt,0,5,2
2023,3,SEA,CAR,97,End of half,0,1,0
2023,3,CAR,SEA,69,Punt,0,3,0
2023,3,SEA,CAR,76,Field goal,3,9,4
2023,3,CAR,SEA,75,Missed field goal,0,7,2
2023,3,SEA,CAR,55,Touchdown,7,8,4
2023,3,CAR,SEA,75,Touchdown,7,9,4
2023,3,SEA,CAR,69,Touchdown,7,6,6
2023,3,CAR,SEA,75,Punt,0,9,2
2023,3,SEA,CAR,81,Punt,0,3,0
2023,3,CAR,SEA,68,Turnover on downs,0,4,0
2023,3,SEA,CAR,27,Touchdown,7,5,3
2023,3,CAR,SEA,75,Touchdown,7,11,6
2023,3,SEA,CAR,42,End of half,0,3,0
2023,3,KC,CHI,75,Punt,0,6,1
2023,3,CHI,KC,97,Punt,0,4,1
2023,3,KC,CHI,59,Touchdown,7,6,5
2023,3,CHI,KC,75,Punt,0,7,2
2023,3,KC,CHI,80,Touchdown,7,11,6
2023,3,CHI,KC,75,Punt,0,5,1
2023,3,KC,CHI,88,Touchdown,7,11,5
2023,3,CHI,KC,75,Turnover,0,1,0
2023,3,KC,CHI,26,Field goal,3,4,0
2023,3,CHI,KC,75,Turnover,0,2,0
2023,3,KC,CHI,26,Touchdown,7,3,3
2023,3,CHI,KC,75,Punt,0,3,0
2023,3,KC,CHI,65,Field goal,3,5,2
2023,3,CHI,KC,75,Punt,0,3,0
2023,3,KC,CHI,64,Touchdown,7,11,4
2023,3,CHI,KC,75,Turnover on downs,0,7,1
2023,3,KC,CHI,41,Turnover,0,3,0
2023,3,CHI,KC,28,Field goal,3,11,2
2023,3,KC,CHI,75,Turnover,0,10,3
2023,3,CHI,KC,75,Touchdown,7,9,4
2023,3,KC,CHI,75,End of half,0,7,2
2023,3,ARI,DAL,75,Field goal,3,6,1
2023,3,DAL,ARI,75,Punt,0,3,0
2023,3,ARI,DAL,82,Touchdown,7,7,5
2023,3,DAL,ARI,75,Field goal,3,10,4
2023,3,ARI,DAL,75,Touchdown,7,7,3
2023,3,DAL,ARI,75,Touchdown,7,13,6
2023,3,ARI,DAL,75,Field goal,3,10,3
2023,3,DAL,ARI,75,Punt,0,6,1
2023,3,ARI,DAL,71,Field goal,3,5,2
2023,3,DAL,ARI,75,Field goal,3,13,3
2023,3,ARI,DAL,75,Punt,0,3,0
2023,3,DAL,ARI,84,Turnover on downs,0,8,3
2023,3,ARI,DAL,95,Punt,0,6,1
2023,3,DAL,ARI,64,Field goal,3,12,4
2023,3,ARI,DAL,76,Touchdown,7,4,2
2023,3,DAL,ARI,75,Turnover,0,13,5
2023,3,ARI,DAL,80,End of half,0,8,3
2023,3,MIA,DEN,75,Touchdown,7,3,2
2023,3,DEN,MIA,75,Punt,0,3,0
2023,3,MIA,DEN,81,Touchdown,7,9,5
2023,3,DEN,MIA,75,Touchdown,7,10,5
2023,3,MIA,DEN,75,Touchdown,7,11,5
2023,3,DEN,MIA,75,Field goal,3,8,3
2023,3,MIA,DEN,75,Turnover on downs,0,4,0
2023,3,DEN,MIA,33,Punt,0,3,0
2023,3,MIA,DEN,86,Touchdown,7,6,5
2023,3,DEN,MIA,75,Turnover,0,2,0
2023,3,MIA,DEN,3,Touchdown,7,1,1
2023,3,DEN,MIA,75,Field goal,3,9,3
2023,3,MIA,DEN,75,End of half,0,1,0
2023,3,DEN,MIA,75,Punt,0,4,1
2023,3,MIA,DEN,90,Touchdown,7,11,4
2023,3,DEN,MIA,75,Turnover,0,7,2
2023,3,MIA,DEN,77,Touchdown,7,9,4
2023,3,DEN,MIA,82,Turnover,0,1,0
2023,3,MIA,DEN,8,Touchdown,7,2,1
2023,3,DEN,MIA,75,Punt,0,3,0
2023,3,MIA,DEN,81,Punt,0,3,0
2023,3,DEN,MIA,75,Punt,0,3,0
2023,3,MIA,DEN,68,Touchdown,7,3,1
2023,3,MIA,DEN,75,Touchdown,7,2,1
2023,3,DEN,MIA,75,Turnover on downs,0,7,2
2023,3,MIA,DEN,79,Turnover on downs,0,6,1
2023,3,DEN,MIA,72,End of half,0,1,0
2023,3,HOU,JAX,87,Punt,0,3,0
2023,3,JAX,HOU,48,Missed field goal,0,6,1
2023,3,HOU,JAX,62,Touchdown,7,7,3
2023,3,JAX,HOU,75,Punt,0,5,1
2023,3,HOU,JAX,80,Punt,0,6,2
2023,3,JAX,HOU,83,Missed field goal,0,11,3
2023,3,HOU,JAX,41,Touchdown,7,7,3
2023,3,JAX,HOU,77,Punt,0,4,1
2023,3,HOU,JAX,85,Punt,0,3,0
2023,3,JAX,HOU,69,Turnover,0,7,2
2023,3,HOU,JAX,66,Field goal,3,9,3
2023,3,JAX,HOU,67,Touchdown,7,7,5
2023,3,HOU,JAX,75,Punt,0,4,0
2023,3,JAX,HOU,68,Field goal,3,8,2
2023,3,JAX,HOU,75,Turnover,0,5,1
2023,3,HOU,JAX,49,Field goal,3,10,2
2023,3,JAX,HOU,75,Touchdown,7,6,3
2023,3,HOU,JAX,75,Touchdown,7,3,1
2023,3,JAX,HOU,75,Turnover on downs,0,8,2
2023,3,HOU,JAX,44,Field goal,3,7,1
2023,3,JAX,HOU,87,End of half,0,5,1
2023,3,IND,BAL,75,Punt,0,4,1
2023,3,BAL,IND,80,Touchdown,7,12,6
2023,3,IND,BAL,75,Punt,0,6,1
2023,3,BAL,IND,75,Turnover,0,3,1
2023,3,IND,BAL,80,Punt,0,8,2
2023,3,BAL,IND,93,Punt,0,3,0
2023,3,IND,BAL,73,Touchdown,7,9,4
2023,3,BAL,IND,76,Turnover,0,1,0
2023,3,IND,BAL,19,Field goal,3,7,1
2023,3,BAL,IND,75,Punt,0,3,0
2023,3,IND,BAL,54,Punt,0,6,1
2023,3,BAL,IND,88,End of half,0,1,1
2023,3,BAL,IND,75,Punt,0,6,1
2023,3,IND,BAL,55,Field goal,3,6,1
2023,3,BAL,IND,75,Punt,0,3,0
2023,3,IND,BAL,88,Punt,0,6,1
2023,3,BAL,IND,81,Touchdown,7,10,5
2023,3,IND,BAL,75,Field goal,3,8,2
2023,3,BAL,IND,75,Field goal,3,8,2
2023,3,IND,BAL,75,Punt,0,5,1
2023,3,BAL,IND,79,Punt,0,6,2
2023,3,IND,BAL,98,Safety,0,3,0
2023,3,BAL,IND,75,Punt,0,3,0
2023,3,IND,BAL,62,Field goal,3,6,2
2023,3,BAL,IND,75,Missed field goal,0,8,2
2023,3,IND,BAL,49,End of half,0,1,0
2023,3,IND,BAL,75,Punt,0,3,0
2023,3,BAL,IND,48,Punt,0,3,0
2023,3,IND,BAL,89,Turnover on downs,0,6,1
2023,3,BAL,IND,54,Turnover on downs,0,4,0
2023,3,IND,BAL,53,Field goal,3,5,1
2023,3,LAC,MIN,75,Punt,0,3,0
2023,3,MIN,LAC,57,Turnover,0,7,2
2023,3,LAC,MIN,79,Touchdown,7,12,6
2023,3,MIN,LAC,75,Punt,0,6,2
2023,3,LAC,MIN,80,Punt,0,9,2
2023,3,MIN,LAC,75,Touchdown,7,5,4
2023,3,LAC,MIN,75,Turnover,0,3,1
2023,3,MIN,LAC,45,Field goal,3,11,4
2023,3,LAC,MIN,75,Touchdown,7,10,5
2023,3,MIN,LAC,75,End of half,0,4,1
2023,3,MIN,LAC,75,Punt,0,4,1
2023,3,LAC,MIN,94,Missed field goal,0,7,2
2023,3,MIN,LAC,57,Punt,0,6,1
2023,3,LAC,MIN,80,Touchdown,7,3,2
2023,3,MIN,LAC,75,Touchdown,7,8,3
2023,3,LAC,MIN,75,Punt,0,5,1
2023,3,MIN,LAC,83,Touchdown,7,8,4
2023,3,LAC,MIN,75,Touchdown,7,7,4
2023,3,MIN,LAC,75,Turnover on downs,0,13,5
2023,3,LAC,MIN,98,Turnover on downs,0,5,1
2023,3,MIN,LAC,24,Turnover,0,7,2
2023,3,LAC,MIN,80,End of half,0,1,0
2023,3,CIN,LA,75,Missed field goal,0,9,2
2023,3,LA,CIN,54,Field goal,3,8,3
2023,3,CIN,LA,75,Punt,0,3,0
2023,3,LA,CIN,74,Punt,0,3,0
2023,3,CIN,LA,79,Field goal,3,12,4
2023,3,LA,CIN,75,Field goal,3,7,3
2023,3,CIN,LA,75,Punt,0,6,1
2023,3,LA,CIN,64,Punt,0,3,0
2023,3,CIN,LA,89,Punt,0,4,1
2023,3,LA,CIN,70,Turnover,0,1,0
2023,3,CIN,LA,41,Punt,0,3,0
2023,3,LA,CIN,92,Punt,0,5,1
2023,3,CIN,LA,60,Field goal,3,6,1
2023,3,LA,CIN,75,Field goal,3,7,3
2023,3,CIN,LA,75,Touchdown,7,10,5
2023,3,LA,CIN,76,Turnover,0,2,1
2023,3,CIN,LA,78,Field goal,3,6,2
2023,3,LA,CIN,75,Punt,0,3,0
2023,3,CIN,LA,72,Turnover,0,10,3
2023,3,LA,CIN,80,Punt,0,3,0
2023,3,CIN,LA,40,Field goal,3,4,0
2023,3,LA,CIN,75,Punt,0,3,0
2023,3,CIN,LA,76,Punt,0,3,0
2023,3,LA,CIN,61,Touchdown,7,10,4
2023,3,CIN,LA,45,End of half,0,3,0
2023,3,NYJ,NE,75,Punt,0,3,0
2023,3,NE,NYJ,58,Field goal,3,7,1
2023,3,NYJ,NE,75,Punt,0,6,1
2023,3,NE,NYJ,64,Punt,0,4,1
2023,3,NYJ,NE,94,Punt,0,3,0
2023,3,NE,NYJ,57,Missed field goal,0,8,2
2023,3,NYJ,NE,62,Punt,0,3,0
2023,3,NE,NYJ,78,Touchdown,7,4,2
2023,3,NYJ,NE,69,Punt,0,3,0
2023,3,NE,NYJ,92,Punt,0,6,1
2023,3,NYJ,NE,67,Field goal,3,10,2
2023,3,NE,NYJ,75,Missed field goal,0,8,3
2023,3,NE,NYJ,75,Field goal,3,10,3
2023,3,NYJ,NE,73,Punt,0,5,1
2023,3,NE,NYJ,80,Punt,0,3,0
2023,3,NYJ,NE,51,Punt,0,3,0
2023,3,NE,NYJ,80,Punt,0,6,1
2023,3,NYJ,NE,69,Punt,0,3,0
2023,3,NE,NYJ,77,Punt,0,6,2
2023,3,NYJ,NE,87,Touchdown,7,13,7
2023,3,NE,NYJ,75,Punt,0,5,1
2023,3,NYJ,NE,90,Safety,0,3,0
2023,3,NE,NYJ,84,Punt,0,3,0
2023,3,NYJ,NE,55,Turnover on downs,0,4,0
2023,3,NE,NYJ,46,Punt,0,3,0
2023,3,NYJ,NE,83,End of half,0,3,1
2023,3,NO,GB,75,Punt,0,3,0
2023,3,GB,NO,52,Turnover on downs,0,4,0
2023,3,NO,GB,56,Touchdown,7,9,4
2023,3,GB,NO,75,Punt,0,7,2
2023,3,NO,GB,90,Punt,0,6,1
2023,3,GB,NO,74,Opp touchdown,0,6,1
2023,3,GB,NO,82,Punt,0,10,4
2023,3,NO,GB,89,Field goal,3,14,5
2023,3,GB,NO,75,End of half,0,1,0
2023,3,GB,NO,75,Turnover,0,3,0
2023,3,NO,GB,62,Punt,0,5,1
2023,3,GB,NO,90,Punt,0,3,0
2023,3,NO,GB,56,Punt,0,6,1
2023,3,GB,NO,95,Turnover on downs,0,12,4
2023,3,NO,GB,87,Punt,0,3,0
2023,3,GB,NO,66,Field goal,3,7,2
2023,3,NO,GB,81,Punt,0,5,1
2023,3,GB,NO,80,Touchdown,7,7,4
2023,3,NO,GB,83,Punt,0,3,0
2023,3,GB,NO,80,Touchdown,7,9,4
2023,3,NO,GB,75,Missed field goal,0,8,2
2023,3,GB,NO,64,End of half,0,3,0
2023,3,SF,NYG,75,Field goal,3,15,4
2023,3,NYG,SF,75,Field goal,3,12,3
2023,3,SF,NYG,75,Punt,0,5,1
2023,3,NYG,SF,90,Punt,0,3,0
2023,3,SF,NYG,72,Touchdown,7,11,4
2023,3,NYG,SF,75,Punt,0,3,0
2023,3,SF,NYG,73,Touchdown,7,11,5
2023,3,NYG,SF,75,Field goal,3,8,2
2023,3,SF,NYG,75,End of half,0,2,0
2023,3,NYG,SF,75,Punt,0,5,1
2023,3,SF,NYG,96,Punt,0,3,0
2023,3,NYG,SF,37,Touchdown,7,2,2
2023,3,SF,NYG,75,Field goal,3,11,4
2023,3,NYG,SF,81,Punt,0,3,0
2023,3,SF,NYG,69,Field goal,3,8,3
2023,3,NYG,SF,75,Punt,0,3,0
2023,3,SF,NYG,70,Touchdown,7,8,4
2023,3,NYG,SF,75,Turnover,0,6,2
2023,3,SF,NYG,52,Punt,0,3,0
2023,3,NYG,SF,95,Punt,0,3,0
2023,3,SF,NYG,51,End of half,0,4,1
2023,3,TB,PHI,75,Punt,0,6,1
2023,3,PHI,TB,75,Turnover on downs,0,7,2
2023,3,TB,PHI,85,Punt,0,4,1
2023,3,PHI,TB,44,Field goal,3,8,2
2023,3,TB,PHI,75,Punt,0,3,0
2023,3,PHI,TB,81,Punt,0,5,2
2023,3,TB,PHI,84,Field goal,3,13,4
2023,3,PHI,TB,84,Touchdown,7,8,3
2023,3,TB,PHI,75,Turnover,0,2,0
2023,3,PHI,TB,37,Turnover,0,4,2
2023,3,TB,PHI,57,Turnover,0,2,0
2023,3,PHI,TB,36,Field goal,3,5,1
2023,3,PHI,TB,75,Touchdown,7,13,5
2023,3,TB,PHI,75,Punt,0,5,1
2023,3,PHI,TB,87,Turnover,0,6,2
2023,3,TB,PHI,99,Safety,0,1,0
2023,3,PHI,TB,63,Field goal,3,10,3
2023,3,TB,PHI,75,Touchdown,7,9,5
2023,3,PHI,TB,75,End of half,0,15,5
2023,3,PIT,LV,75,Punt,0,3,0
2023,3,LV,PIT,88,Punt,0,3,0
2023,3,PIT,LV,77,Punt,0,3,0
2023,3,LV,PIT,74,Touchdown,7,7,3
2023,3,PIT,LV,75,Touchdown,7,3,1
2023,3,LV,PIT,75,Punt,0,3,0
2023,3,PIT,LV,75,Punt,0,6,1
2023,3,LV,PIT,86,Turnover,0,8,2
2023,3,PIT,LV,69,Field goal,3,8,3
2023,3,LV,PIT,75,Punt,0,3,0
2023,3,PIT,LV,77,Field goal,3,11,4
2023,3,LV,PIT,75,Punt,0,5,1
2023,3,PIT,LV,80,End of half,0,1,0
2023,3,LV,PIT,75,Punt,0,3,0
2023,3,PIT,LV,91,Field goal,3,9,2
2023,3,LV,PIT,75,Turnover,0,5,1
2023,3,PIT,LV,81,Touchdown,7,6,5
2023,3,LV,PIT,75,Turnover on downs,0,10,3
2023,3,PIT,LV,78,Punt,0,3,0
2023,3,LV,PIT,80,Touchdown,7,11,7
2023,3,PIT,LV,75,Punt,0,3,0
2023,3,LV,PIT,52,Field goal,3,9,2
2023,3,PIT,LV,75,Punt,0,6,1
2023,3,LV,PIT,85,Turnover,0,1,0
2023,3,PIT,LV,31,End of half,0,1,0
2023,3,CLE,TEN,78,Field goal,3,12,3
2023,3,TEN,CLE,75,Punt,0,3,0
2023,3,CLE,TEN,81,Punt,0,3,0
2023,3,TEN,CLE,61,Punt,0,3,0
2023,3,CLE,TEN,88,Turnover,0,4,1
2023,3,TEN,CLE,17,Field goal,3,4,0
2023,3,CLE,TEN,75,Touchdown,7,9,5
2023,3,TEN,CLE,80,Punt,0,7,2
2023,3,CLE,TEN,80,Field goal,3,7,2
2023,3,TEN,CLE,75,End of half,0,10,2
2023,3,TEN,CLE,75,Punt,0,6,1
2023,3,CLE,TEN,85,Touchdown,7,11,5
2023,3,TEN,CLE,75,Punt,0,3,0
2023,3,CLE,TEN,81,Punt,0,8,2
2023,3,TEN,CLE,90,Punt,0,3,0
2023,3,CLE,TEN,64,Touchdown,7,10,4
2023,3,TEN,CLE,75,Punt,0,5,1
2023,3,CLE,TEN,80,Punt,0,5,1
2023,3,TEN,CLE,95,End of half,0,2,0
2023,4,ARI,SF,75,Punt,0,3,0
2023,4,SF,ARI,62,Touchdown,7,8,7
2023,4,ARI,SF,84,Punt,0,7,2
2023,4,SF,ARI,75,Touchdown,7,9,5
2023,4,ARI,SF,60,Field goal,3,13,3
2023,4,SF,ARI,75,Touchdown,7,5,4
2023,4,ARI,SF,87,Touchdown,7,13,5
2023,4,SF,ARI,75,End of half,0,1,0
2023,4,SF,ARI,87,Punt,0,7,3
2023,4,ARI,SF,99,Touchdown,7,11,6
2023,4,SF,ARI,75,Touchdown,7,8,5
2023,4,ARI,SF,75,Punt,0,10,3
2023,4,SF,ARI,77,Touchdown,7,14,6
2023,4,ARI,SF,75,Turnover on downs,0,11,4
2023,4,SF,ARI,85,End of half,0,1,0
2023,4,JAX,ATL,75,Punt,0,6,1
2023,4,ATL,JAX,93,Punt,0,3,0
2023,4,JAX,ATL,72,Touchdown,7,8,3
2023,4,ATL,JAX,75,Punt,0,3,0
2023,4,JAX,ATL,84,Field goal,3,8,2
2023,4,ATL,JAX,75,Punt,0,6,1
2023,4,JAX,ATL,81,Punt,0,3,0
2023,4,ATL,JAX,87,Opp touchdown,0,9,4
2023,4,ATL,JAX,75,Turnover,0,1,0
2023,4,JAX,ATL,16,Turnover on downs,0,4,0
2023,4,ATL,JAX,88,Punt,0,6,1
2023,4,JAX,ATL,80,End of half,0,5,1
2023,4,ATL,JAX,75,Touchdown,7,8,3
2023,4,JAX,ATL,75,Punt,0,7,2
2023,4,ATL,JAX,93,Punt,0,8,3
2023,4,JAX,ATL,90,Field goal,3,13,4
2023,4,ATL,JAX,75,Turnover on downs,0,10,3
2023,4,JAX,ATL,94,Field goal,3,10,3
2023,4,ATL,JAX,75,Turnover,0,3,2
2023,4,JAX,ATL,44,End of half,0,3,0
2023,4,BAL,CLE,76,Punt,0,3,0
2023,4,CLE,BAL,75,Punt,0,7,1
2023,4,BAL,CLE,80,Punt,0,3,0
2023,4,CLE,BAL,62,Turnover,0,3,0
2023,4,BAL,CLE,10,Touchdown,7,1,1
2023,4,CLE,BAL,75,Field goal,3,8,2
2023,4,BAL,CLE,74,Punt,0,3,0
2023,4,CLE,BAL,72,Punt,0,3,0
2023,4,BAL,CLE,78,Turnover,0,5,3
2023,4,CLE,BAL,61,Punt,0,6,1
2023,4,BAL,CLE,93,Touchdown,7,8,5
2023,4,CLE,BAL,75,Punt,0,3,0
2023,4,BAL,CLE,74,Touchdown,7,10,4
2023,4,CLE,BAL,75,End of half,0,1,0
2023,4,CLE,BAL,75,Punt,0,5,1
2023,4,BAL,CLE,46,Punt,0,7,1
2023,4,CLE,BAL,92,Punt,0,8,2
2023,4,BAL,CLE,64,Punt,0,3,0
2023,4,CLE,BAL,96,Punt,0,6,1
2023,4,BAL,CLE,63,Punt,0,3,0
2023,4,CLE,BAL,85,Turnover,0,7,3
2023,4,BAL,CLE,38,Touchdown,7,6,2
2023,4,CLE,BAL,75,Punt,0,3,0
2023,4,BAL,CLE,65,Punt,0,3,0
2023,4,CLE,BAL,71,Turnover,0,6,2
2023,4,CIN,TEN,75,Field goal,3,11,4
2023,4,TEN,CIN,75,Field goal,3,15,4
2023,4,CIN,TEN,75,Punt,0,7,2
2023,4,TEN,CIN,59,Punt,0,3,0
2023,4,CIN,TEN,91,Punt,0,4,1
2023,4,TEN,CIN,78,Touchdown,7,5,3
2023,4,CIN,TEN,75,Punt,0,3,0
2023,4,TEN,CIN,73,Touchdown,7,4,3
2023,4,CIN,TEN,75,Punt,0,5,1
2023,4,TEN,CIN,80,Touchdown,7,7,4
2023,4,CIN,TEN,64,End of half,0,1,0
2023,4,TEN,CIN,82,Field goal,3,15,5
2023,4,CIN,TEN,75,Turnover,0,6,3
2023,4,TEN,CIN,55,Punt,0,3,0
2023,4,CIN,TEN,87,Punt,0,3,0
2023,4,TEN,CIN,59,Turnover,0,5,1
2023,4,CIN,TEN,91,Turnover on downs,0,12,3
2023,4,TEN,CIN,64,End of half,0,7,3
2023,4,CHI,DEN,75,Punt,0,5,1
2023,4,DEN,CHI,84,Touchdown,7,11,5
2023,4,CHI,DEN,75,Touchdown,7,9,4
2023,4,DEN,CHI,96,Punt,0,3,0
2023,4,CHI,DEN,44,Touchdown,7,3,2
2023,4,DEN,CHI,75,Punt,0,4,1
2023,4,CHI,DEN,85,Touchdown,7,5,5
2023,4,DEN,CHI,75,Punt,0,5,1
2023,4,CHI,DEN,84,Turnover on downs,0,7,2
2023,4,DEN,CHI,75,Punt,0,3,0
2023,4,CHI,DEN,66,Touchdown,7,15,5
2023,4,DEN,CHI,75,Touchdown,7,7,5
2023,4,CHI,DEN,75,Punt,0,3,1
2023,4,DEN,CHI,66,Touchdown,7,10,4
2023,4,CHI,DEN,75,Opp touchdown,0,5,2
2023,4,CHI,DEN,75,Turnover on downs,0,11,2
2023,4,DEN,CHI,81,Field goal,3,5,1
2023,4,CHI,DEN,75,Turnover,0,7,2
2023,4,DEN,CHI,59,End of half,0,1,0
2023,4,DET,GB,75,Turnover,0,3,0
2023,4,GB,DET,16,Field goal,3,4,0
2023,4,DET,GB,75,Touchdown,7,7,3
2023,4,GB,DET,80,Punt,0,3,0
2023,4,DET,GB,55,Touchdown,7,8,4
2023,4,GB,DET,79,Punt,0,3,0
2023,4,DET,GB,75,Field goal,3,6,2
2023,4,GB,DET,90,Turnover,0,1,0
2023,4,DET,GB,7,Touchdown,7,2,1
2023,4,GB,DET,75,Punt,0,3,0
2023,4,DET,GB,70,Punt,0,4,1
2023,4,GB,DET,92,Punt,0,5,1
2023,4,DET,GB,76,Field goal,3,12,4
2023,4,GB,DET,75,End of half,0,4,2
2023,4,GB,DET,86,Touchdown,7,12,6
2023,4,DET,GB,73,Punt,0,3,0
2023,4,GB,DET,70,Punt,0,3,0
2023,4,DET,GB,89,Punt,0,6,1
2023,4,GB,DET,66,Touchdown,7,5,3
2023,4,DET,GB,75,Touchdown,7,14,6
2023,4,GB,DET,83,Turnover,0,8,3
2023,4,DET,GB,82,Punt,0,4,1
2023,4,GB,DET,35,Field goal,3,4,0
2023,4,DET,GB,47,End of half,0,6,2
2023,4,KC,NYJ,75,Field goal,3,8,3
2023,4,NYJ,KC,75,Punt,0,3,0
2023,4,KC,NYJ,69,Touchdown,7,5,2
2023,4,NYJ,KC,79,Punt,0,4,1
2023,4,KC,NYJ,89,Touchdown,7,6,3
2023,4,NYJ,KC,75,Punt,0,6,1
2023,4,KC,NYJ,96,Safety,0,2,0
2023,4,NYJ,KC,75,Field goal,3,7,2
2023,4,KC,NYJ,75,Turnover,0,1,0
2023,4,NYJ,KC,41,Touchdown,7,7,4
2023,4,KC,NYJ,75,Field goal,3,10,3
2023,4,NYJ,KC,75,Missed field goal,0,9,2
2023,4,KC,NYJ,58,Turnover,0,1,0
2023,4,NYJ,KC,65,End of half,0,3,1
2023,4,NYJ,KC,75,Touchdown,7,7,4
2023,4,KC,NYJ,75,Punt,0,3,0
2023,4,NYJ,KC,53,Punt,0,3,0
2023,4,KC,NYJ,88,Punt,0,4,1
2023,4,NYJ,KC,85,Punt,0,4,1
2023,4,KC,NYJ,88,Field goal,3,14,5
2023,4,NYJ,KC,75,Turnover,0,6,2
2023,4,KC,NYJ,47,End of half,0,15,7
2023,4,LA,IND,75,Touchdown,7,9,5
2023,4,IND,LA,75,Punt,0,6,1
2023,4,LA,IND,94,Touchdown,7,10,6
2023,4,IND,LA,75,Turnover,0,3,1
2023,4,LA,IND,60,Field goal,3,7,2
2023,4,IND,LA,75,Punt,0,3,0
2023,4,LA,IND,86,Field goal,3,10,3
2023,4,IND,LA,75,Missed field goal,0,10,3
2023,4,LA,IND,63,Missed field goal,0,6,1
2023,4,IND,LA,75,Punt,0,4,1
2023,4,LA,IND,70,Field goal,3,9,2
2023,4,IND,LA,75,Touchdown,7,4,3
2023,4,LA,IND,75,Turnover,0,2,0
2023,4,IND,LA,42,Turnover on downs,0,6,1
2023,4,LA,IND,69,Missed field goal,0,8,2
2023,4,IND,LA,62,Touchdown,7,6,4
2023,4,LA,IND,75,Punt,0,6,1
2023,4,IND,LA,83,Touchdown,7,13,5
2023,4,LA,IND,75,Punt,0,3,0
2023,4,IND,LA,65,Punt,0,3,0
2023,4,LA,IND,72,Punt,0,5,1
2023,4,IND,LA,82,End of half,0,1,0
2023,4,LA,IND,75,Touchdown,7,8,4
2023,4,LAC,LV,86,Touchdown,7,9,4
2023,4,LV,LAC,75,Punt,0,3,0
2023,4,LAC,LV,82,Punt,0,5,1
2023,4,LV,LAC,64,Touchdown,7,8,5
2023,4,LAC,LV,75,Field goal,3,12,3
2023,4,LV,LAC,63,Turnover,0,3,0
2023,4,LAC,LV,36,Touchdown,7,5,2
2023,4,LV,LAC,75,Turnover,0,4,1
2023,4,LAC,LV,35,Touchdown,7,6,3
2023,4,LV,LAC,75,Punt,0,3,0
2023,4,LAC,LV,72,Punt,0,3,0
2023,4,LV,LAC,76,Punt,0,3,0
2023,4,LAC,LV,79,End of half,0,1,0
2023,4,LV,LAC,75,Punt,0,3,0
2023,4,LAC,LV,95,Punt,0,3,0
2023,4,LV,LAC,52,Field goal,3,13,3
2023,4,LAC,LV,75,Turnover,0,7,2
2023,4,LV,LAC,76,Punt,0,12,5
2023,4,LAC,LV,87,Punt,0,3,0
2023,4,LV,LAC,60,Touchdown,7,12,6
2023,4,LAC,LV,75,Turnover on downs,0,4,0
2023,4,LV,LAC,34,Turnover,0,6,2
2023,4,LAC,LV,89,End of half,0,6,1
2023,4,BUF,MIA,75,Touchdown,7,8,5
2023,4,MIA,BUF,77,Touchdown,7,7,5
2023,4,BUF,MIA,80,Touchdown,7,10,5
2023,4,MIA,BUF,70,Touchdown,7,7,4
2023,4,BUF,MIA,79,Touchdown,7,5,4
2023,4,MIA,BUF,78,Punt,0,3,0
2023,4,BUF,MIA,73,Punt,0,4,1
2023,4,MIA,BUF,94,Punt,0,3,0
2023,4,BUF,MIA,59,Touchdown,7,2,1
2023,4,MIA,BUF,75,Turnover,0,3,0
2023,4,BUF,MIA,31,Field goal,3,4,0
2023,4,MIA,BUF,75,Punt,0,3,0
2023,4,BUF,MIA,77,End of half,0,1,0
2023,4,MIA,BUF,75,Touchdown,7,11,5
2023,4,BUF,MIA,75,Field goal,3,7,2
2023,4,MIA,BUF,75,Turnover,0,2,0
2023,4,BUF,MIA,25,Touchdown,7,4,2
2023,4,MIA,BUF,75,Turnover on downs,0,5,1
2023,4,BUF,MIA,45,Touchdown,7,2,2
2023,4,MIA,BUF,75,Turnover on downs,0,7,2
2023,4,BUF,MIA,83,Punt,0,3,0
2023,4,MIA,BUF,80,Turnover on downs,0,7,3
2023,4,BUF,MIA,79,End of half,0,8,2
2023,4,MIN,CAR,75,Opp touchdown,0,7,3
2023,4,MIN,CAR,77,Punt,0,3,0
2023,4,CAR,MIN,69,Field goal,3,15,5
2023,4,MIN,CAR,64,Touchdown,7,10,4
2023,4,CAR,MIN,70,Punt,0,6,1
2023,4,MIN,CAR,83,Punt,0,4,1
2023,4,CAR,MIN,69,Punt,0,3,0
2023,4,MIN,CAR,70,Turnover,0,5,3
2023,4,CAR,MIN,56,Field goal,3,4,1
2023,4,CAR,MIN,75,Punt,0,3,0
2023,4,MIN,CAR,96,Punt,0,4,1
2023,4,CAR,MIN,87,Opp touchdown,0,10,6
2023,4,CAR,MIN,75,Punt,0,3,0
2023,4,MIN,CAR,56,Touchdown,7,4,2
2023,4,CAR,MIN,77,Punt,0,11,3
2023,4,MIN,CAR,80,Punt,0,3,0
2023,4,CAR,MIN,74,Turnover on downs,0,15,4
2023,4,MIN,CAR,77,Turnover on downs,0,4,0
2023,4,DAL,NE,75,Field goal,3,10,3
2023,4,NE,DAL,75,Field goal,3,8,2
2023,4,DAL,NE,75,Touchdown,7,10,5
2023,4,NE,DAL,75,Turnover on downs,0,7,2
2023,4,DAL,NE,59,Punt,0,3,0
2023,4,NE,DAL,90,Opp touchdown,0,2,0
2023,4,NE,DAL,75,Punt,0,3,0
2023,4,DAL,NE,78,Field goal,3,11,4
2023,4,NE,DAL,75,Opp touchdown,0,8,2
2023,4,NE,DAL,75,Punt,0,3,0
2023,4,DAL,NE,71,End of half,0,3,2
2023,4,NE,DAL,75,Turnover,0,7,1
2023,4,DAL,NE,52,Field goal,3,10,2
2023,4,NE,DAL,75,Punt,0,3,0
2023,4,DAL,NE,53,Turnover on downs,0,6,1
2023,4,NE,DAL,69,Punt,0,6,1
2023,4,DAL,NE,86,Punt,0,6,1
2023,4,NE,DAL,85,Punt,0,3,0
2023,4,DAL,NE,63,Touchdown,7,7,3
2023,4,NE,DAL,75,Missed field goal,0,7,2
2023,4,DAL,NE,58,End of half,0,6,1
2023,4,HOU,PIT,69,Touchdown,7,12,6
2023,4,PIT,HOU,81,Turnover,0,8,2
2023,4,HOU,PIT,45,Field goal,3,9,2
2023,4,PIT,HOU,75,Punt,0,3,0
2023,4,HOU,PIT,68,Field goal,3,7,2
2023,4,PIT,HOU,79,Punt,0,3,0
2023,4,HOU,PIT,67,Turnover on downs,0,6,2
2023,4,PIT,HOU,72,Punt,0,5,1
2023,4,HOU,PIT,80,Punt,0,5,1
2023,4,PIT,HOU,85,Punt,0,5,1
2023,4,HOU,PIT,78,Field goal,3,5,2
2023,4,PIT,HOU,75,Field goal,3,10,3
2023,4,HOU,PIT,75,Punt,0,3,0
2023,4,PIT,HOU,46,Field goal,3,7,1
2023,4,HOU,PIT,75,Punt,0,4,1
2023,4,PIT,HOU,76,Turnover on downs,0,7,2
2023,4,HOU,PIT,58,Touchdown,7,10,4
2023,4,PIT,HOU,72,Punt,0,3,0
2023,4,HOU,PIT,86,Touchdown,7,11,4
2023,4,PIT,HOU,75,End of half,0,7,2
2023,4,NYG,SEA,75,Turnover on downs,0,11,3
2023,4,SEA,NYG,73,Punt,0,3,0
2023,4,NYG,SEA,67,Punt,0,4,1
2023,4,SEA,NYG,80,Punt,0,5,1
2023,4,NYG,SEA,86,Turnover,0,2,1
2023,4,SEA,NYG,7,Touchdown,7,2,1
2023,4,NYG,SEA,90,Punt,0,6,1
2023,4,SEA,NYG,78,Punt,0,4,1
2023,4,NYG,SEA,98,Field goal,3,12,3
2023,4,SEA,NYG,75,Touchdown,7,7,4
2023,4,NYG,SEA,75,Punt,0,3,0
2023,4,SEA,NYG,89,End of half,0,6,2
2023,4,SEA,NYG,72,Turnover on downs,0,9,3
2023,4,NYG,SEA,84,Punt,0,3,0
2023,4,SEA,NYG,40,Missed field goal,0,4,0
2023,4,NYG,SEA,57,Opp touchdown,0,11,3
2023,4,NYG,SEA,75,Punt,0,9,2
2023,4,SEA,NYG,70,Punt,0,3,0
2023,4,NYG,SEA,87,Turnover,0,6,2
2023,4,SEA,NYG,45,Field goal,3,6,1
2023,4,NYG,SEA,75,Turnover on downs,0,6,1
2023,4,SEA,NYG,35,Turnover on downs,0,4,0
2023,4,NYG,SEA,71,End of half,0,2,0
2023,4,NO,TB,75,Field goal,3,11,4
2023,4,TB,NO,75,Punt,0,7,2
2023,4,NO,TB,84,Punt,0,3,0
2023,4,TB,NO,63,Punt,0,3,0
2023,4,NO,TB,81,Punt,0,8,2
2023,4,TB,NO,87,Touchdown,7,17,8
2023,4,NO,TB,75,Punt,0,6,1
2023,4,TB,NO,80,Turnover,0,8,3
2023,4,NO,TB,99,Turnover,0,1,0
2023,4,TB,NO,6,Touchdown,7,2,1
2023,4,NO,TB,83,End of half,0,1,0
2023,4,TB,NO,75,Punt,0,3,0
2023,4,NO,TB,54,Punt,0,3,1
2023,4,TB,NO,88,Punt,0,5,1
2023,4,NO,TB,71,Field goal,3,12,4
2023,4,TB,NO,75,Field goal,3,6,1
2023,4,NO,TB,75,Field goal,3,14,4
2023,4,TB,NO,75,Touchdown,7,10,4
2023,4,NO,TB,75,Turnover,0,4,0
2023,4,TB,NO,19,Field goal,3,4,0
2023,4,NO,TB,75,Turnover,0,1,0
2023,4,TB,NO,54,End of half,0,4,1
2023,4,WAS,PHI,75,Touchdown,7,14,6
2023,4,PHI,WAS,75,Touchdown,7,12,5
2023,4,WAS,PHI,75,Touchdown,7,7,5
2023,4,PHI,WAS,75,Punt,0,5,1
2023,4,WAS,PHI,79,Punt,0,3,0
2023,4,PHI,WAS,57,Punt,0,3,0
2023,4,WAS,PHI,74,Field goal,3,11,3
2023,4,PHI,WAS,75,Field goal,3,8,2
2023,4,PHI,WAS,75,Field goal,3,9,2
2023,4,WAS,PHI,75,Punt,0,4,1
2023,4,PHI,WAS,74,Touchdown,7,4,3
2023,4,WAS,PHI,75,Punt,0,6,1
2023,4,PHI,WAS,69,Field goal,3,10,4
2023,4,WAS,PHI,75,Touchdown,7,11,5
2023,4,PHI,WAS,75,Punt,0,4,1
2023,4,WAS,PHI,93,Punt,0,6,1
2023,4,PHI,WAS,57,Touchdown,7,6,3
2023,4,WAS,PHI,64,Touchdown,7,10,4
2023,4,WAS,PHI,75,Punt,0,3,0
2023,4,PHI,WAS,59,Field goal,3,10,2
2023,5,BAL,PIT,75,Punt,0,6,1
2023,5,PIT,BAL,96,Punt,0,6,1
2023,5,BAL,PIT,59,Touchdown,7,7,4
2023,5,PIT,BAL,75,Punt,0,3,0
2023,5,BAL,PIT,68,Field goal,3,15,5
2023,5,PIT,BAL,90,Punt,0,10,3
2023,5,BAL,PIT,92,Turnover,0,5,2
2023,5,PIT,BAL,51,Field goal,3,7,2
2023,5,BAL,PIT,75,Turnover on downs,0,11,3
2023,5,PIT,BAL,77,End of half,0,1,0
2023,5,PIT,BAL,75,Punt,0,3,0
2023,5,BAL,PIT,77,Punt,0,5,1
2023,5,PIT,BAL,87,Punt,0,8,2
2023,5,BAL,PIT,82,Punt,0,4,2
2023,5,PIT,BAL,85,Punt,0,8,3
2023,5,BAL,PIT,80,Safety,0,3,0
2023,5,PIT,BAL,56,Field goal,3,9,3
2023,5,BAL,PIT,75,Punt,0,3,0
2023,5,BAL,PIT,7,Turnover,0,3,0
2023,5,PIT,BAL,80,Touchdown,7,8,3
2023,5,BAL,PIT,75,Turnover,0,2,1
2023,5,PIT,BAL,18,Field goal,3,4,0
2023,5,BAL,PIT,75,Turnover on downs,0,4,0
2023,5,PIT,BAL,37,End of half,0,1,0
2023,5,CAR,DET,75,Punt,0,8,2
2023,5,DET,CAR,81,Touchdown,7,3,3
2023,5,CAR,DET,83,Turnover,0,5,1
2023,5,DET,CAR,20,Touchdown,7,5,2
2023,5,CAR,DET,75,Touchdown,7,14,7
2023,5,DET,CAR,81,Turnover on downs,0,8,2
2023,5,CAR,DET,63,Turnover,0,1,0
2023,5,DET,CAR,38,Touchdown,7,10,4
2023,5,CAR,DET,77,Turnover,0,1,0
2023,5,DET,CAR,31,Touchdown,7,1,1
2023,5,CAR,DET,68,Field goal,3,9,3
2023,5,DET,CAR,75,End of half,0,1,0
2023,5,DET,CAR,75,Punt,0,11,3
2023,5,CAR,DET,90,Punt,0,5,2
2023,5,DET,CAR,72,Punt,0,3,0
2023,5,CAR,DET,84,Punt,0,3,0
2023,5,DET,CAR,51,Touchdown,7,8,4
2023,5,CAR,DET,75,Touchdown,7,7,5
2023,5,DET,CAR,75,Touchdown,7,7,4
2023,5,CAR,DET,75,Touchdown,7,13,6
2023,5,DET,CAR,45,End of half,0,3,0
2023,5,CHI,WAS,75,Touchdown,7,6,2
2023,5,WAS,CHI,75,Punt,0,3,0
2023,5,CHI,WAS,74,Field goal,3,11,3
2023,5,WAS,CHI,75,Punt,0,3,0
2023,5,CHI,WAS,69,Touchdown,7,6,3
2023,5,WAS,CHI,75,Field goal,3,11,3
2023,5,CHI,WAS,75,Field goal,3,13,3
2023,5,WAS,CHI,75,Turnover,0,1,0
2023,5,CHI,WAS,36,Touchdown,7,6,3
2023,5,WAS,CHI,75,End of half,0,4,2
2023,5,WAS,CHI,75,Touchdown,7,5,5
2023,5,CHI,WAS,75,Punt,0,5,1
2023,5,WAS,CHI,70,Turnover,0,2,0
2023,5,CHI,WAS,46,Punt,0,3,0
2023,5,WAS,CHI,83,Field goal,3,7,2
2023,5,CHI,WAS,75,Field goal,3,8,2
2023,5,WAS,CHI,75,Touchdown,7,12,6
2023,5,CHI,WAS,75,Punt,0,3,0
2023,5,WAS,CHI,80,Missed field goal,0,11,3
2023,5,CHI,WAS,64,Touchdown,7,3,1
2023,5,WAS,CHI,75,Turnover on downs,0,4,0
2023,5,CHI,WAS,26,Field goal,3,4,0
2023,5,WAS,CHI,75,End of half,0,6,2
2023,5,ARI,CIN,75,Punt,0,3,0
2023,5,CIN,ARI,64,Touchdown,7,11,5
2023,5,ARI,CIN,75,Punt,0,3,0
2023,5,CIN,ARI,48,Field goal,3,8,3
2023,5,ARI,CIN,75,Touchdown,7,9,4
2023,5,CIN,ARI,75,Punt,0,3,0
2023,5,ARI,CIN,49,Touchdown,7,5,3
2023,5,CIN,ARI,75,Punt,0,3,0
2023,5,ARI,CIN,70,Punt,0,3,0
2023,5,CIN,ARI,71,Turnover on downs,0,13,5
2023,5,ARI,CIN,99,Opp touchdown,0,2,0
2023,5,ARI,CIN,75,Punt,0,3,0
2023,5,CIN,ARI,74,Turnover on downs,0,5,1
2023,5,CIN,ARI,75,Touchdown,7,3,2
2023,5,ARI,CIN,75,Touchdown,7,11,5
2023,5,CIN,ARI,75,Turnover,0,8,2
2023,5,ARI,CIN,66,Turnover on downs,0,5,1
2023,5,CIN,ARI,83,Touchdown,7,15,8
2023,5,ARI,CIN,75,Turnover,0,1,0
2023,5,CIN,ARI,28,Field goal,3,5,1
2023,5,ARI,CIN,75,Turnover,0,4,0
2023,5,CIN,ARI,48,Punt,0,3,0
2023,5,ARI,CIN,93,Turnover on downs,0,7,2
2023,5,CIN,ARI,37,Turnover on downs,0,4,0
2023,5,ARI,CIN,67,End of half,0,1,0
2023,5,SF,DAL,75,Touchdown,7,7,5
2023,5,DAL,SF,75,Punt,0,3,0
2023,5,SF,DAL,77,Punt,0,3,0
2023,5,DAL,SF,79,Punt,0,3,0
2023,5,SF,DAL,70,Punt,0,11,3
2023,5,DAL,SF,95,Turnover,0,1,0
2023,5,SF,DAL,16,Turnover,0,2,0
2023,5,DAL,SF,98,Punt,0,3,0
2023,5,SF,DAL,38,Touchdown,7,1,1
2023,5,DAL,SF,78,Touchdown,7,11,4
2023,5,SF,DAL,75,Touchdown,7,9,5
2023,5,DAL,SF,66,Punt,0,3,0
2023,5,SF,DAL,82,Punt,0,3,0
2023,5,DAL,SF,75,End of half,0,2,0
2023,5,DAL,SF,71,Field goal,3,6,1
2023,5,SF,DAL,75,Touchdown,7,7,3
2023,5,DAL,SF,79,Turnover,0,3,1
2023,5,SF,DAL,62,Touchdown,7,12,5
2023,5,DAL,SF,75,Turnover,0,2,0
2023,5,SF,DAL,26,Touchdown,7,1,1
2023,5,DAL,SF,75,Turnover,0,3,1
2023,5,SF,DAL,53,Punt,0,5,1
2023,5,DAL,SF,99,Punt,0,6,1
2023,5,SF,DAL,54,Turnover on downs,0,5,1
2023,5,DAL,SF,60,Turnover on downs,0,4,0
2023,5,SF,DAL,30,End of half,0,1,0
2023,5,GB,LV,75,Punt,0,8,2
2023,5,LV,GB,87,Punt,0,6,2
2023,5,GB,LV,93,Field goal,3,8,4
2023,5,LV,GB,75,Punt,0,5,2
2023,5,GB,LV,90,Punt,0,4,1
2023,5,LV,GB,62,Touchdown,7,14,5
2023,5,GB,LV,75,Turnover,0,1,0
2023,5,LV,GB,7,Field goal,3,4,0
2023,5,GB,LV,75,Punt,0,3,0
2023,5,LV,GB,76,Missed field goal,0,8,2
2023,5,GB,LV,57,End of half,0,1,1
2023,5,LV,GB,75,Turnover,0,4,1
2023,5,GB,LV,37,Touchdown,7,8,3
2023,5,LV,GB,72,Punt,0,3,0
2023,5,GB,LV,83,Field goal,3,5,2
2023,5,LV,GB,75,Touchdown,7,10,5
2023,5,GB,LV,75,Turnover,0,10,3
2023,5,LV,GB,58,Punt,0,3,0
2023,5,GB,LV,83,Punt,0,3,0
2023,5,LV,GB,67,Missed field goal,0,8,2
2023,5,GB,LV,58,Turnover,0,8,2
2023,5,LV,GB,80,End of half,0,2,0
2023,5,ATL,HOU,89,Punt,0,3,0
2023,5,HOU,ATL,47,Field goal,3,6,1
2023,5,ATL,HOU,75,Touchdown,7,7,5
2023,5,HOU,ATL,75,Punt,0,4,1
2023,5,ATL,HOU,78,Punt,0,4,1
2023,5,HOU,ATL,74,Field goal,3,7,2
2023,5,ATL,HOU,75,Punt,0,3,0
2023,5,HOU,ATL,70,Punt,0,4,1
2023,5,ATL,HOU,89,Punt,0,7,3
2023,5,HOU,ATL,80,Punt,0,3,0
2023,5,ATL,HOU,68,Punt,0,9,2
2023,5,HOU,ATL,89,Field goal,3,10,5
2023,5,HOU,ATL,75,Punt,0,7,2
2023,5,ATL,HOU,83,Turnover,0,3,1
2023,5,HOU,ATL,30,Field goal,3,4,0
2023,5,ATL,HOU,75,Turnover,0,8,3
2023,5,HOU,ATL,70,Punt,0,3,0
2023,5,ATL,HOU,74,Touchdown,7,13,5
2023,5,HOU,ATL,75,Punt,0,3,0
2023,5,ATL,HOU,73,Field goal,3,9,3
2023,5,HOU,ATL,75,Touchdown,7,11,5
2023,5,ATL,HOU,75,Field goal,3,10,3
2023,5,JAX,BUF,85,Punt,0,4,1
2023,5,BUF,JAX,80,Punt,0,3,0
2023,5,JAX,BUF,73,Touchdown,7,9,5
2023,5,BUF,JAX,75,Punt,0,3,0
2023,5,JAX,BUF,70,Field goal,3,9,2
2023,5,BUF,JAX,75,Punt,0,6,1
2023,5,JAX,BUF,78,Punt,0,8,2
2023,5,BUF,JAX,93,Punt,0,4,1
2023,5,JAX,BUF,79,Punt,0,3,0
2023,5,BUF,JAX,86,Touchdown,7,11,5
2023,5,JAX,BUF,75,Turnover,0,7,3
2023,5,BUF,JAX,77,End of half,0,1,0
2023,5,BUF,JAX,75,Punt,0,4,1
2023,5,JAX,BUF,94,Punt,0,7,3
2023,5,BUF,JAX,90,Punt,0,4,1
2023,5,JAX,BUF,92,Turnover,0,17,5
2023,5,BUF,JAX,68,Turnover,0,4,1
2023,5,JAX,BUF,93,Touchdown,7,10,6
2023,5,BUF,JAX,75,Touchdown,7,9,5
2023,5,JAX,BUF,75,Touchdown,7,5,2
2023,5,BUF,JAX,75,Touchdown,7,4,3
2023,5,JAX,BUF,49,Punt,0,3,0
2023,5,BUF,JAX,94,Turnover,0,1,0
2023,5,JAX,BUF,18,End of half,0,1,0
2023,5,MIN,KC,75,Turnover,0,1,0
2023,5,KC,MIN,45,Touchdown,7,9,4
2023,5,MIN,KC,75,Field goal,3,14,4
2023,5,KC,MIN,75,Field goal,3,12,3
2023,5,MIN,KC,75,Field goal,3,9,5
2023,5,KC,MIN,75,Punt,0,3,0
2023,5,MIN,KC,56,Touchdown,7,12,4
2023,5,KC,MIN,75,Field goal,3,10,3
2023,5,KC,MIN,75,Touchdown,7,11,5
2023,5,MIN,KC,75,Punt,0,3,0
2023,5,KC,MIN,74,Touchdown,7,11,4
2023,5,MIN,KC,75,Touchdown,7,14,6
2023,5,KC,MIN,72,Punt,0,5,1
2023,5,MIN,KC,80,Turnover on downs,0,10,3
2023,5,KC,MIN,75,Punt,0,5,1
2023,5,MIN,KC,81,End of half,0,7,2
2023,5,NO,NE,78,Punt,0,8,2
2023,5,NE,NO,94,Punt,0,3,0
2023,5,NO,NE,40,Punt,0,3,0
2023,5,NE,NO,80,Opp touchdown,0,3,0
2023,5,NE,NO,79,Missed field goal,0,7,2
2023,5,NO,NE,62,Touchdown,7,8,3
2023,5,NE,NO,83,Punt,0,3,0
2023,5,NO,NE,59,Touchdown,7,5,3
2023,5,NE,NO,75,Punt,0,6,2
2023,5,NO,NE,84,Punt,0,9,3
2023,5,NE,NO,82,Punt,0,5,3
2023,5,NO,NE,86,End of half,0,1,0
2023,5,NE,NO,75,Turnover,0,3,0
2023,5,NO,NE,29,Field goal,3,4,0
2023,5,NE,NO,75,Punt,0,4,1
2023,5,NO,NE,87,Punt,0,3,0
2023,5,NE,NO,65,Punt,0,3,0
2023,5,NO,NE,95,Punt,0,11,3
2023,5,NE,NO,90,Turnover,0,1,0
2023,5,NO,NE,31,Touchdown,7,6,3
2023,5,NE,NO,75,Punt,0,3,0
2023,5,NO,NE,82,Punt,0,3,0
2023,5,NE,NO,76,Turnover on downs,0,4,0
2023,5,NO,NE,33,Field goal,3,4,0
2023,5,NE,NO,75,Punt,0,3,0
2023,5,NO,NE,71,Punt,0,4,0
2023,5,NE,NO,88,Turnover on downs,0,4,0
2023,5,NO,NE,17,End of half,0,3,0
2023,5,NYG,MIA,75,Punt,0,5,1
2023,5,MIA,NYG,89,Touchdown,7,8,5
2023,5,NYG,MIA,75,Missed field goal,0,13,3
2023,5,MIA,NYG,55,Turnover,0,4,1
2023,5,NYG,MIA,62,Punt,0,3,0
2023,5,MIA,NYG,94,Touchdown,7,3,2
2023,5,NYG,MIA,75,Field goal,3,13,3
2023,5,MIA,NYG,75,Opp touchdown,0,5,2
2023,5,MIA,NYG,72,Field goal,3,9,4
2023,5,MIA,NYG,75,Touchdown,7,3,1
2023,5,NYG,MIA,75,Punt,0,8,2
2023,5,MIA,NYG,90,Turnover,0,5,1
2023,5,NYG,MIA,23,Field goal,3,4,0
2023,5,MIA,NYG,75,Touchdown,7,8,5
2023,5,NYG,MIA,75,Punt,0,3,0
2023,5,MIA,NYG,72,Punt,0,3,0
2023,5,NYG,MIA,51,Field goal,3,10,2
2023,5,MIA,NYG,75,Punt,0,3,0
2023,5,NYG,MIA,83,Turnover on downs,0,13,4
2023,5,MIA,NYG,83,End of half,0,4,1
2023,5,NYJ,DEN,75,Punt,0,3,0
2023,5,NYJ,DEN,20,Field goal,3,5,1
2023,5,DEN,NYJ,75,Touchdown,7,6,4
2023,5,NYJ,DEN,75,Punt,0,4,1
2023,5,DEN,NYJ,94,Safety,0,1,0
2023,5,NYJ,DEN,67,Punt,0,3,0
2023,5,DEN,NYJ,57,Field goal,3,8,2
2023,5,NYJ,DEN,75,Field goal,3,11,4
2023,5,DEN,NYJ,75,Field goal,3,11,4
2023,5,NYJ,DEN,75,End of half,0,9,4
2023,5,DEN,NYJ,75,Punt,0,3,0
2023,5,NYJ,DEN,72,Touchdown,7,1,1
2023,5,DEN,NYJ,75,Punt,0,3,0
2023,5,NYJ,DEN,49,Field goal,3,10,2
2023,5,DEN,NYJ,75,Punt,0,3,0
2023,5,DEN,NYJ,39,Turnover,0,2,0
2023,5,NYJ,DEN,51,Field goal,3,10,3
2023,5,DEN,NYJ,75,Punt,0,3,0
2023,5,NYJ,DEN,72,Field goal,3,5,1
2023,5,DEN,NYJ,75,Touchdown,7,7,4
2023,5,NYJ,DEN,75,Turnover,0,6,1
2023,5,DEN,NYJ,97,Opp touchdown,0,7,2
2023,5,DEN,NYJ,75,End of half,0,5,2
2023,5,PHI,LA,75,Touchdown,7,12,6
2023,5,LA,PHI,75,Touchdown,7,14,5
2023,5,PHI,LA,75,Punt,0,9,2
2023,5,LA,PHI,91,Punt,0,6,1
2023,5,PHI,LA,72,Field goal,3,15,4
2023,5,LA,PHI,75,Touchdown,7,6,3
2023,5,PHI,LA,75,Touchdown,7,4,4
2023,5,LA,PHI,75,Punt,0,7,2
2023,5,PHI,LA,95,Turnover,0,7,3
2023,5,LA,PHI,80,Punt,0,5,2
2023,5,PHI,LA,91,Field goal,3,17,5
2023,5,LA,PHI,75,Punt,0,6,1
2023,5,PHI,LA,80,Field goal,3,10,3
2023,5,LA,PHI,75,Turnover on downs,0,6,1
2023,5,PHI,LA,28,Turnover on downs,0,7,1
2023,5,LA,PHI,92,End of half,0,5,2
2023,5,IND,TEN,80,Punt,0,6,2
2023,5,TEN,IND,84,Field goal,3,16,4
2023,5,IND,TEN,75,Touchdown,7,5,2
2023,5,TEN,IND,75,Punt,0,3,0
2023,5,IND,TEN,65,Field goal,3,10,2
2023,5,TEN,IND,83,Field goal,3,10,3
2023,5,IND,TEN,75,Turnover on downs,0,12,3
2023,5,TEN,IND,95,End of half,0,1,0
2023,5,TEN,IND,75,Touchdown,7,4,3
2023,5,IND,TEN,75,Touchdown,7,9,5
2023,5,TEN,IND,75,Field goal,3,11,4
2023,5,IND,TEN,75,Field goal,3,7,3
2023,5,TEN,IND,75,Turnover on downs,0,9,4
2023,5,IND,TEN,94,Field goal,3,14,4
2023,5,TEN,IND,75,Turnover,0,7,1
2023,5,IND,TEN,48,End of half,0,1,0
2023,6,ARI,LA,75,Field goal,3,8,2
2023,6,LA,ARI,75,Punt,0,5,1
2023,6,ARI,LA,93,Punt,0,11,3
2023,6,LA,ARI,59,Field goal,3,6,2
2023,6,ARI,LA,75,Punt,0,4,1
2023,6,ARI,LA,17,Field goal,3,4,0
2023,6,LA,ARI,75,Punt,0,3,0
2023,6,ARI,LA,59,Turnover on downs,0,6,1
2023,6,LA,ARI,59,Punt,0,3,0
2023,6,ARI,LA,72,Field goal,3,11,4
2023,6,LA,ARI,75,Field goal,3,5,1
2023,6,ARI,LA,75,End of half,0,1,0
2023,6,LA,ARI,75,Touchdown,7,10,5
2023,6,ARI,LA,75,Punt,0,3,0
2023,6,LA,ARI,86,Field goal,3,8,3
2023,6,ARI,LA,75,Turnover,0,6,4
2023,6,LA,ARI,88,Touchdown,7,12,5
2023,6,ARI,LA,75,Turnover,0,5,1
2023,6,LA,ARI,33,Field goal,3,4,0
2023,6,ARI,LA,75,Turnover on downs,0,8,1
2023,6,LA,ARI,53,Punt,0,3,0
2023,6,ARI,LA,80,End of half,0,9,3
2023,6,BAL,TEN,73,Field goal,3,8,2
2023,6,TEN,BAL,75,Field goal,3,9,4
2023,6,BAL,TEN,86,Field goal,3,10,3
2023,6,TEN,BAL,75,Punt,0,3,0
2023,6,BAL,TEN,17,Field goal,3,6,1
2023,6,TEN,BAL,75,Punt,0,3,0
2023,6,BAL,TEN,80,Touchdown,7,10,5
2023,6,TEN,BAL,75,Punt,0,4,1
2023,6,BAL,TEN,83,Punt,0,8,2
2023,6,BAL,TEN,11,Field goal,3,1,0
2023,6,TEN,BAL,75,Punt,0,3,0
2023,6,BAL,TEN,68,Punt,0,3,0
2023,6,TEN,BAL,92,Field goal,3,7,2
2023,6,BAL,TEN,75,Turnover,0,2,0
2023,6,TEN,BAL,25,Touchdown,7,1,2
2023,6,BAL,TEN,75,Punt,0,3,0
2023,6,TEN,BAL,69,Turnover,0,4,1
2023,6,BAL,TEN,56,Field goal,3,13,3
2023,6,TEN,BAL,75,Punt,0,5,1
2023,6,BAL,TEN,90,Field goal,3,11,4
2023,6,TEN,BAL,75,Field goal,3,10,6
2023,6,BAL,TEN,42,End of half,0,1,0
2023,6,CAR,MIA,75,Punt,0,3,0
2023,6,MIA,CAR,74,Punt,0,3,0
2023,6,CAR,MIA,64,Touchdown,7,7,4
2023,6,MIA,CAR,75,Punt,0,3,0
2023,6,CAR,MIA,74,Touchdown,7,10,6
2023,6,MIA,CAR,75,Touchdown,7,9,5
2023,6,CAR,MIA,75,Turnover on downs,0,7,2
2023,6,MIA,CAR,57,Touchdown,7,3,2
2023,6,CAR,MIA,75,Punt,0,3,0
2023,6,MIA,CAR,72,Touchdown,7,9,3
2023,6,CAR,MIA,65,Missed field goal,0,8,2
2023,6,MIA,CAR,75,Punt,0,3,0
2023,6,CAR,MIA,70,Punt,0,6,1
2023,6,MIA,CAR,91,Touchdown,7,8,4
2023,6,CAR,MIA,75,Turnover on downs,0,10,2
2023,6,MIA,CAR,76,Touchdown,7,12,6
2023,6,CAR,MIA,75,Punt,0,4,1
2023,6,MIA,CAR,65,Punt,0,4,1
2023,6,CAR,MIA,92,Turnover on downs,0,7,3
2023,6,MIA,CAR,39,Opp touchdown,0,3,0
2023,6,MIA,CAR,37,Touchdown,7,5,2
2023,6,CAR,MIA,75,Turnover on downs,0,4,0
2023,6,MIA,CAR,31,End of half,0,3,0
2023,6,DAL,LAC,78,Punt,0,3,0
2023,6,LAC,DAL,42,Touchdown,7,5,3
2023,6,DAL,LAC,75,Touchdown,7,9,4
2023,6,LAC,DAL,75,Punt,0,3,0
2023,6,DAL,LAC,78,Punt,0,5,2
2023,6,LAC,DAL,98,Punt,0,10,4
2023,6,DAL,LAC,88,Punt,0,3,0
2023,6,LAC,DAL,68,Punt,0,3,0
2023,6,DAL,LAC,78,Turnover on downs,0,10,4
2023,6,LAC,DAL,87,Punt,0,7,2
2023,6,DAL,LAC,71,Field goal,3,6,3
2023,6,LAC,DAL,75,Turnover on downs,0,13,4
2023,6,DAL,LAC,93,Punt,0,3,0
2023,6,LAC,DAL,49,Field goal,3,10,2
2023,6,DAL,LAC,75,Touchdown,7,8,3
2023,6,LAC,DAL,75,Punt,0,4,1
2023,6,LAC,DAL,20,Touchdown,7,4,2
2023,6,DAL,LAC,75,Field goal,3,14,4
2023,6,LAC,DAL,75,Turnover,0,3,0
2023,6,DAL,LAC,33,End of half,0,2,0
2023,6,DEN,KC,75,Turnover on downs,0,9,2
2023,6,KC,DEN,59,Field goal,3,9,3
2023,6,DEN,KC,75,Turnover,0,2,1
2023,6,KC,DEN,57,Turnover,0,4,1
2023,6,DEN,KC,93,Punt,0,6,1
2023,6,KC,DEN,57,Turnover on downs,0,11,3
2023,6,DEN,KC,95,Punt,0,3,0
2023,6,KC,DEN,62,Touchdown,7,7,4
2023,6,DEN,KC,75,Punt,0,3,0
2023,6,KC,DEN,81,Punt,0,4,1
2023,6,DEN,KC,76,Punt,0,4,1
2023,6,KC,DEN,61,Field goal,3,3,1
2023,6,KC,DEN,75,Field goal,3,12,5
2023,6,DEN,KC,75,Turnover,0,6,3
2023,6,KC,DEN,64,Punt,0,6,1
2023,6,DEN,KC,95,Punt,0,8,2
2023,6,KC,DEN,88,Punt,0,6,1
2023,6,DEN,KC,61,Touchdown,7,6,4
2023,6,KC,DEN,75,Field goal,3,9,2
2023,6,DEN,KC,75,Turnover,0,2,0
2023,6,KC,DEN,25,End of half,0,3,0
2023,6,TB,DET,75,Punt,0,5,1
2023,6,DET,TB,90,Punt,0,6,2
2023,6,TB,DET,92,Turnover,0,1,0
2023,6,DET,TB,12,Field goal,3,4,0
2023,6,TB,DET,92,Punt,0,5,1
2023,6,DET,TB,75,Punt,0,6,1
2023,6,TB,DET,80,Punt,0,6,1
2023,6,DET,TB,95,Punt,0,3,0
2023,6,TB,DET,58,Field goal,3,9,2
2023,6,DET,TB,75,Touchdown,7,8,4
2023,6,TB,DET,77,Punt,0,4,1
2023,6,DET,TB,80,End of half,0,5,1
2023,6,DET,TB,76,Missed field goal,0,9,2
2023,6,TB,DET,58,Field goal,3,6,2
2023,6,DET,TB,73,Touchdown,7,9,3
2023,6,TB,DET,77,Punt,0,4,1
2023,6,DET,TB,71,Field goal,3,9,3
2023,6,TB,DET,75,Punt,0,3,0
2023,6,DET,TB,84,Punt,0,11,3
2023,6,TB,DET,98,Turnover on downs,0,13,4
2023,6,DET,TB,71,End of half,0,2,0
2023,6,IND,JAX,75,Field goal,3,16,5
2023,6,JAX,IND,75,Touchdown,7,13,6
2023,6,IND,JAX,75,Turnover,0,1,0
2023,6,JAX,IND,22,Touchdown,7,1,1
2023,6,IND,JAX,75,Punt,0,3,0
2023,6,JAX,IND,83,Punt,0,5,1
2023,6,IND,JAX,84,Punt,0,3,0
2023,6,JAX,IND,66,Punt,0,3,0
2023,6,IND,JAX,75,Turnover,0,5,1
2023,6,JAX,IND,65,Touchdown,7,9,4
2023,6,IND,JAX,75,Field goal,3,9,2
2023,6,JAX,IND,75,End of half,0,1,0
2023,6,JAX,IND,75,Punt,0,3,0
2023,6,IND,JAX,76,Turnover,0,4,1
2023,6,JAX,IND,39,Field goal,3,4,0
2023,6,IND,JAX,75,Punt,0,3,0
2023,6,JAX,IND,69,Touchdown,7,9,5
2023,6,IND,JAX,75,Touchdown,7,12,4
2023,6,JAX,IND,75,Turnover,0,3,0
2023,6,IND,JAX,40,Turnover,0,6,1
2023,6,JAX,IND,80,Punt,0,3,0
2023,6,IND,JAX,72,Touchdown,7,4,3
2023,6,JAX,IND,37,Field goal,3,4,0
2023,6,IND,JAX,75,Turnover on downs,0,4,0
2023,6,JAX,IND,19,Field goal,3,4,0
2023,6,IND,JAX,75,Turnover on downs,0,7,1
2023,6,JAX,IND,47,End of half,0,3,0
2023,6,CHI,MIN,68,Punt,0,6,1
2023,6,MIN,CHI,68,Field goal,3,9,2
2023,6,CHI,MIN,75,Field goal,3,14,5
2023,6,MIN,CHI,75,Field goal,3,9,2
2023,6,CHI,MIN,71,Punt,0,3,0
2023,6,MIN,CHI,73,Punt,0,5,1
2023,6,CHI,MIN,80,Field goal,3,5,1
2023,6,MIN,CHI,75,Turnover,0,3,0
2023,6,CHI,MIN,35,Turnover,0,3,0
2023,6,MIN,CHI,77,Touchdown,7,8,5
2023,6,CHI,MIN,75,End of half,0,1,0
2023,6,MIN,CHI,75,Punt,0,3,0
2023,6,CHI,MIN,68,Punt,0,5,1
2023,6,MIN,CHI,95,Punt,0,3,0
2023,6,CHI,MIN,59,Opp touchdown,0,3,1
2023,6,CHI,MIN,90,Turnover on downs,0,6,1
2023,6,MIN,CHI,55,Missed field goal,0,6,1
2023,6,CHI,MIN,53,Punt,0,3,0
2023,6,MIN,CHI,68,Punt,0,3,0
2023,6,CHI,MIN,77,Touchdown,7,9,5
2023,6,MIN,CHI,75,Punt,0,3,0
2023,6,CHI,MIN,76,Turnover,0,9,3
2023,6,MIN,CHI,55,Turnover on downs,0,6,1
2023,6,LV,NE,75,Field goal,3,16,4
2023,6,NE,LV,75,Punt,0,3,0
2023,6,LV,NE,60,Turnover,0,5,3
2023,6,NE,LV,86,Punt,0,3,0
2023,6,LV,NE,59,Touchdown,7,8,3
2023,6,NE,LV,81,Field goal,3,9,2
2023,6,LV,NE,75,Punt,0,3,0
2023,6,NE,LV,73,Turnover,0,8,2
2023,6,LV,NE,66,Field goal,3,10,3
2023,6,NE,LV,75,End of half,0,1,0
2023,6,NE,LV,75,Touchdown,7,10,6
2023,6,LV,NE,75,Field goal,3,10,2
2023,6,NE,LV,75,Punt,0,3,0
2023,6,LV,NE,65,Field goal,3,9,3
2023,6,NE,LV,75,Touchdown,7,17,7
2023,6,LV,NE,75,Punt,0,5,1
2023,6,NE,LV,91,Safety,0,3,0
2023,6,LV,NE,36,End of half,0,3,0
2023,6,HOU,NO,91,Punt,0,8,2
2023,6,NO,HOU,80,Missed field goal,0,9,3
2023,6,HOU,NO,58,Turnover,0,2,0
2023,6,HOU,NO,59,Touchdown,7,6,3
2023,6,NO,HOU,75,Touchdown,7,9,4
2023,6,HOU,NO,75,Field goal,3,11,4
2023,6,NO,HOU,81,Punt,0,3,0
2023,6,HOU,NO,65,Touchdown,7,10,5
2023,6,NO,HOU,75,Field goal,3,13,3
2023,6,HOU,NO,75,End of half,0,1,0
2023,6,NO,HOU,75,Punt,0,5,1
2023,6,HOU,NO,71,Punt,0,3,0
2023,6,NO,HOU,93,Punt,0,3,0
2023,6,NO,HOU,75,Field goal,3,10,3
2023,6,HOU,NO,75,Punt,0,3,0
2023,6,NO,HOU,69,Missed field goal,0,11,4
2023,6,HOU,NO,80,Punt,0,5,2
2023,6,NO,HOU,86,Turnover on downs,0,7,2
2023,6,HOU,NO,87,Punt,0,5,1
2023,6,NO,HOU,85,Turnover,0,12,4
2023,6,HOU,NO,98,End of half,0,2,0
2023,6,BUF,NYG,75,Punt,0,3,0
2023,6,NYG,BUF,76,Punt,0,3,0
2023,6,BUF,NYG,85,Turnover,0,6,2
2023,6,NYG,BUF,56,Field goal,3,12,3
2023,6,BUF,NYG,75,Punt,0,5,2
2023,6,NYG,BUF,90,Punt,0,3,0
2023,6,BUF,NYG,69,Punt,0,3,0
2023,6,NYG,BUF,85,Punt,0,3,0
2023,6,BUF,NYG,65,Missed field goal,0,6,2
2023,6,NYG,BUF,58,Field goal,3,9,2
2023,6,BUF,NYG,75,Turnover,0,5,3
2023,6,NYG,BUF,59,End of half,0,8,3
2023,6,NYG,BUF,83,Punt,0,9,3
2023,6,BUF,NYG,89,Touchdown,7,17,8
2023,6,NYG,BUF,90,Field goal,3,9,4
2023,6,BUF,NYG,75,Touchdown,7,12,5
2023,6,NYG,BUF,75,Turnover on downs,0,7,1
2023,6,BUF,NYG,37,Missed field goal,0,4,0
2023,6,NYG,BUF,57,End of half,0,13,4
2023,6,NYJ,PHI,75,Punt,0,5,1
2023,6,PHI,NYJ,91,Touchdown,7,19,8
2023,6,NYJ,PHI,75,Field goal,3,11,4
2023,6,PHI,NYJ,75,Turnover,0,7,2
2023,6,NYJ,PHI,45,Turnover on downs,0,4,0
2023,6,PHI,NYJ,64,Touchdown,7,6,3
2023,6,NYJ,PHI,75,Field goal,3,8,3
2023,6,PHI,NYJ,75,Turnover,0,3,2
2023,6,NYJ,PHI,51,Field goal,3,8,3
2023,6,PHI,NYJ,75,Punt,0,6,2
2023,6,NYJ,PHI,93,Punt,0,6,2
2023,6,PHI,NYJ,93,Punt,0,3,0
2023,6,NYJ,PHI,36,Field goal,3,10,2
2023,6,PHI,NYJ,75,Turnover,0,5,2
2023,6,NYJ,PHI,62,Punt,0,3,0
2023,6,PHI,NYJ,82,Missed field goal,0,9,3
2023,6,NYJ,PHI,73,Punt,0,5,1
2023,6,PHI,NYJ,80,Turnover,0,8,2
2023,6,NYJ,PHI,8,Touchdown,7,1,1
2023,6,PHI,NYJ,75,Turnover on downs,0,4,0
2023,6,NYJ,PHI,27,End of half,0,2,0
2023,6,SEA,CIN,75,Touchdown,7,11,7
2023,6,CIN,SEA,69,Touchdown,7,13,6
2023,6,SEA,CIN,75,Punt,0,3,0
2023,6,CIN,SEA,73,Touchdown,7,7,4
2023,6,SEA,CIN,77,Punt,0,8,2
2023,6,CIN,SEA,87,Punt,0,5,1
2023,6,SEA,CIN,79,Field goal,3,9,2
2023,6,CIN,SEA,75,Punt,0,3,0
2023,6,SEA,CIN,76,End of half,0,1,0
2023,6,CIN,SEA,75,Turnover,0,2,1
2023,6,SEA,CIN,69,Turnover,0,8,3
2023,6,CIN,SEA,97,Punt,0,6,1
2023,6,SEA,CIN,43,Field goal,3,8,3
2023,6,CIN,SEA,75,Punt,0,5,1
2023,6,SEA,CIN,84,Turnover,0,4,1
2023,6,CIN,SEA,34,Field goal,3,4,0
2023,6,SEA,CIN,75,Punt,0,4,1
2023,6,CIN,SEA,86,Punt,0,5,1
2023,6,SEA,CIN,64,Turnover on downs,0,10,3
2023,6,CIN,SEA,86,Punt,0,3,0
2023,6,SEA,CIN,60,Turnover on downs,0,6,2
2023,6,CIN,SEA,91,End of half,0,1,0
2023,6,SF,CLE,84,Touchdown,7,5,4
2023,6,CLE,SF,75,Turnover,0,6,2
2023,6,SF,CLE,26,Missed field goal,0,4,0
2023,6,CLE,SF,56,Missed field goal,0,6,1
2023,6,SF,CLE,63,Punt,0,3,0
2023,6,CLE,SF,66,Punt,0,6,1
2023,6,SF,CLE,83,Field goal,3,11,4
2023,6,CLE,SF,83,Touchdown,7,5,2
2023,6,SF,CLE,75,Punt,0,9,3
2023,6,CLE,SF,91,Punt,0,5,1
2023,6,SF,CLE,95,End of half,0,1,0
2023,6,CLE,SF,72,Field goal,3,9,2
2023,6,SF,CLE,66,Turnover,0,3,0
2023,6,CLE,SF,38,Punt,0,3,0
2023,6,SF,CLE,80,Punt,0,3,0
2023,6,CLE,SF,45,Field goal,3,6,1
2023,6,SF,CLE,75,Punt,0,3,0
2023,6,CLE,SF,66,Punt,0,3,0
2023,6,SF,CLE,82,Punt,0,3,0
2023,6,CLE,SF,72,Turnover,0,2,0
2023,6,SF,CLE,8,Touchdown,7,1,1
2023,6,CLE,SF,75,Field goal,3,14,4
2023,6,SF,CLE,75,Punt,0,3,0
2023,6,CLE,SF,74,Field goal,3,9,4
2023,6,SF,CLE,75,Missed field goal,0,9,3
2023,6,CLE,SF,84,End of half,0,1,0
2023,6,WAS,ATL,75,Field goal,3,12,3
2023,6,ATL,WAS,75,Touchdown,7,11,5
2023,6,WAS,ATL,79,Punt,0,6,1
2023,6,ATL,WAS,77,Punt,0,3,0
2023,6,WAS,ATL,11,Touchdown,7,3,2
2023,6,ATL,WAS,75,Turnover on downs,0,8,2
2023,6,WAS,ATL,52,Touchdown,7,7,4
2023,6,ATL,WAS,75,Field goal,3,10,2
2023,6,WAS,ATL,75,Punt,0,3,0
2023,6,ATL,WAS,48,Punt,0,3,0
2023,6,WAS,ATL,96,End of half,0,2,0
2023,6,ATL,WAS,75,Turnover,0,5,1
2023,6,WAS,ATL,27,Touchdown,7,2,1
2023,6,ATL,WAS,75,Punt,0,6,1
2023,6,WAS,ATL,85,Punt,0,5,1
2023,6,ATL,WAS,81,Touchdown,7,12,6
2023,6,WAS,ATL,75,Punt,0,4,1
2023,6,ATL,WAS,89,Turnover,0,11,5
2023,6,WAS,ATL,80,Punt,0,3,0
2023,6,ATL,WAS,58,Turnover on downs,0,4,0
2023,6,WAS,ATL,44,Punt,0,3,0
2023,6,ATL,WAS,93,Turnover,0,7,3
2023,6,WAS,ATL,74,End of half,0,1,0
2023,7,ARI,SEA,60,Punt,0,6,1
2023,7,SEA,ARI,92,Punt,0,8,2
2023,7,ARI,SEA,87,Punt,0,3,0
2023,7,SEA,ARI,61,Touchdown,7,3,2
2023,7,ARI,SEA,81,Punt,0,3,0
2023,7,ARI,SEA,30,Field goal,3,4,0
2023,7,SEA,ARI,75,Punt,0,6,1
2023,7,ARI,SEA,80,Touchdown,7,8,6
2023,7,SEA,ARI,76,Touchdown,7,9,6
2023,7,ARI,SEA,75,Turnover on downs,0,13,3
2023,7,SEA,ARI,75,Field goal,3,13,4
2023,7,ARI,SEA,90,Punt,0,3,0
2023,7,SEA,ARI,34,Turnover,0,5,1
2023,7,ARI,SEA,99,Punt,0,5,1
2023,7,SEA,ARI,70,Turnover,0,2,0
2023,7,ARI,SEA,34,Missed field goal,0,5,1
2023,7,SEA,ARI,76,Punt,0,3,0
2023,7,ARI,SEA,67,Turnover on downs,0,9,2
2023,7,SEA,ARI,55,Field goal,3,9,2
2023,7,ARI,SEA,75,Turnover on downs,0,6,1
2023,7,SEA,ARI,44,End of half,0,2,0
2023,7,TB,ATL,75,Turnover on downs,0,10,3
2023,7,ATL,TB,58,Touchdown,7,8,4
2023,7,TB,ATL,67,Touchdown,7,7,4
2023,7,ATL,TB,75,Punt,0,3,0
2023,7,TB,ATL,66,Punt,0,3,0
2023,7,ATL,TB,67,Field goal,3,8,2
2023,7,TB,ATL,82,Field goal,3,15,5
2023,7,ATL,TB,75,Turnover,0,12,5
2023,7,TB,ATL,77,End of half,0,1,0
2023,7,ATL,TB,70,Punt,0,3,0
2023,7,TB,ATL,90,Turnover,0,5,2
2023,7,ATL,TB,27,Turnover,0,7,2
2023,7,TB,ATL,97,Punt,0,3,0
2023,7,ATL,TB,63,Field goal,3,8,2
2023,7,TB,ATL,75,Punt,0,6,2
2023,7,ATL,TB,93,Turnover,0,10,4
2023,7,TB,ATL,80,Turnover,0,7,2
2023,7,ATL,TB,85,Punt,0,3,0
2023,7,TB,ATL,67,Field goal,3,10,3
2023,7,ATL,TB,75,Field goal,3,5,1
2023,7,NE,BUF,75,Field goal,3,9,3
2023,7,BUF,NE,76,Turnover,0,1,0
2023,7,NE,BUF,45,Touchdown,7,7,3
2023,7,BUF,NE,75,Field goal,3,13,4
2023,7,NE,BUF,75,Punt,0,3,0
2023,7,BUF,NE,87,Punt,0,3,0
2023,7,NE,BUF,46,Field goal,3,5,1
2023,7,BUF,NE,75,Missed field goal,0,12,4
2023,7,NE,BUF,68,Punt,0,6,1
2023,7,BUF,NE,97,End of half,0,1,0
2023,7,BUF,NE,81,Touchdown,7,10,6
2023,7,NE,BUF,75,Field goal,3,9,3
2023,7,BUF,NE,75,Turnover on downs,0,13,3
2023,7,NE,BUF,66,Touchdown,7,9,5
2023,7,BUF,NE,75,Touchdown,7,5,4
2023,7,NE,BUF,75,Turnover,0,2,0
2023,7,BUF,NE,29,Touchdown,7,8,3
2023,7,NE,BUF,75,Touchdown,7,8,5
2023,7,BUF,NE,75,Turnover,0,2,0
2023,7,CLE,IND,77,Touchdown,7,3,1
2023,7,IND,CLE,75,Touchdown,7,6,2
2023,7,CLE,IND,75,Turnover,0,3,0
2023,7,IND,CLE,55,Punt,0,3,0
2023,7,CLE,IND,97,Punt,0,3,0
2023,7,IND,CLE,57,Touchdown,7,6,3
2023,7,CLE,IND,78,Punt,0,3,0
2023,7,IND,CLE,73,Turnover,0,3,1
2023,7,CLE,IND,36,Touchdown,7,5,3
2023,7,IND,CLE,75,Missed field goal,0,7,3
2023,7,CLE,IND,26,Field goal,3,4,0
2023,7,IND,CLE,75,Touchdown,7,8,4
2023,7,CLE,IND,75,Punt,0,5,1
2023,7,IND,CLE,89,Opp touchdown,0,2,0
2023,7,IND,CLE,80,Punt,0,3,0
2023,7,CLE,IND,70,Field goal,3,7,2
2023,7,IND,CLE,70,Punt,0,3,0
2023,7,CLE,IND,80,Punt,0,3,0
2023,7,IND,CLE,67,Turnover,0,3,0
2023,7,CLE,IND,42,Field goal,3,4,0
2023,7,IND,CLE,75,Touchdown,7,8,5
2023,7,CLE,IND,75,Turnover on downs,0,7,2
2023,7,CLE,IND,75,Turnover,0,7,2
2023,7,IND,CLE,98,Punt,0,3,0
2023,7,CLE,IND,57,Field goal,3,6,1
2023,7,IND,CLE,75,Touchdown,7,2,1
2023,7,CLE,IND,75,Punt,0,3,0
2023,7,IND,CLE,68,Punt,0,3,0
2023,7,CLE,IND,80,Touchdown,7,12,6
2023,7,IND,CLE,75,Turnover,0,2,0
2023,7,CLE,IND,26,End of half,0,1,0
2023,7,BAL,DET,75,Touchdown,7,7,3
2023,7,DET,BAL,62,Punt,0,3,0
2023,7,BAL,DET,68,Touchdown,7,11,4
2023,7,DET,BAL,75,Punt,0,3,0
2023,7,BAL,DET,92,Touchdown,7,8,5
2023,7,DET,BAL,75,Punt,0,3,0
2023,7,BAL,DET,80,Touchdown,7,6,4
2023,7,DET,BAL,75,Turnover on downs,0,7,2
2023,7,BAL,DET,52,Turnover,0,4,2
2023,7,DET,BAL,75,Punt,0,9,2
2023,7,BAL,DET,80,End of half,0,1,0
2023,7,DET,BAL,75,Turnover on downs,0,11,3
2023,7,BAL,DET,94,Touchdown,7,4,2
2023,7,DET,BAL,64,Turnover,0,7,1
2023,7,BAL,DET,80,Punt,0,5,1
2023,7,DET,BAL,77,Touchdown,7,8,4
2023,7,BAL,DET,43,Field goal,3,7,2
2023,7,DET,BAL,75,Turnover on downs,0,13,4
2023,7,BAL,DET,80,Punt,0,3,0
2023,7,DET,BAL,58,End of half,0,8,2
2023,7,DEN,GB,75,Field goal,3,11,3
2023,7,GB,DEN,75,Punt,0,3,0
2023,7,DEN,GB,81,Punt,0,3,0
2023,7,GB,DEN,62,Punt,0,5,1
2023,7,DEN,GB,80,Field goal,3,11,5
2023,7,GB,DEN,75,Punt,0,6,1
2023,7,DEN,GB,90,Punt,0,5,1
2023,7,GB,DEN,72,Missed field goal,0,11,3
2023,7,DEN,GB,67,Field goal,3,6,3
2023,7,GB,DEN,75,End of half,0,1,1
2023,7,GB,DEN,75,Field goal,3,12,3
2023,7,DEN,GB,75,Touchdown,7,7,4
2023,7,GB,DEN,75,Touchdown,7,9,5
2023,7,DEN,GB,75,Punt,0,3,0
2023,7,GB,DEN,76,Touchdown,7,11,5
2023,7,DEN,GB,75,Field goal,3,9,2
2023,7,GB,DEN,75,Turnover,0,5,1
2023,7,DEN,GB,74,Turnover on downs,0,4,0
2023,7,JAX,NO,75,Touchdown,7,10,6
2023,7,NO,JAX,75,Missed field goal,0,11,3
2023,7,JAX,NO,59,Turnover,0,1,0
2023,7,NO,JAX,59,Punt,0,3,0
2023,7,NO,JAX,17,Field goal,3,6,1
2023,7,JAX,NO,75,Touchdown,7,7,5
2023,7,NO,JAX,75,Turnover on downs,0,6,1
2023,7,JAX,NO,55,Punt,0,3,0
2023,7,NO,JAX,87,Punt,0,5,2
2023,7,JAX,NO,82,Punt,0,3,0
2023,7,NO,JAX,46,Field goal,3,8,1
2023,7,JAX,NO,75,Field goal,3,10,3
2023,7,NO,JAX,75,End of half,0,1,0
2023,7,NO,JAX,75,Field goal,3,11,3
2023,7,JAX,NO,75,Punt,0,3,0
2023,7,NO,JAX,87,Opp touchdown,0,3,0
2023,7,NO,JAX,75,Touchdown,7,16,7
2023,7,JAX,NO,75,Punt,0,4,1
2023,7,NO,JAX,93,Punt,0,3,0
2023,7,JAX,NO,74,Turnover on downs,0,6,1
2023,7,NO,JAX,53,Touchdown,7,3,3
2023,7,JAX,NO,75,Punt,0,5,1
2023,7,NO,JAX,90,Punt,0,3,0
2023,7,JAX,NO,46,Touchdown,7,2,1
2023,7,NO,JAX,75,Turnover on downs,0,12,4
2023,7,JAX,NO,93,End of half,0,3,0
2023,7,LAC,KC,75,Punt,0,5,1
2023,7,KC,LAC,83,Field goal,3,11,3
2023,7,LAC,KC,75,Field goal,3,10,3
2023,7,KC,LAC,75,Touchdown,7,5,3
2023,7,LAC,KC,75,Touchdown,7,6,3
2023,7,KC,LAC,75,Touchdown,7,4,3
2023,7,LAC,KC,75,Touchdown,7,5,2
2023,7,KC,LAC,75,Turnover,0,4,1
2023,7,LAC,KC,79,Punt,0,6,1
2023,7,KC,LAC,96,Touchdown,7,6,5
2023,7,LAC,KC,75,End of half,0,1,0
2023,7,KC,LAC,75,Turnover,0,9,3
2023,7,LAC,KC,81,Turnover,0,11,4
2023,7,KC,LAC,90,Punt,0,8,2
2023,7,LAC,KC,76,Punt,0,3,0
2023,7,KC,LAC,97,Punt,0,3,0
2023,7,LAC,KC,56,Punt,0,3,0
2023,7,KC,LAC,92,Punt,0,7,2
2023,7,LAC,KC,78,Punt,0,3,0
2023,7,KC,LAC,35,Touchdown,7,6,3
2023,7,LAC,KC,75,Turnover,0,9,2
2023,7,KC,LAC,69,End of half,0,2,0
2023,7,CHI,LV,75,Punt,0,3,0
2023,7,LV,CHI,57,Missed field goal,0,7,2
2023,7,CHI,LV,69,Touchdown,7,12,6
2023,7,LV,CHI,75,Punt,0,7,2
2023,7,CHI,LV,92,Punt,0,8,2
2023,7,LV,CHI,77,Turnover,0,2,0
2023,7,CHI,LV,34,Touchdown,7,6,3
2023,7,LV,CHI,75,Field goal,3,13,5
2023,7,CHI,LV,79,Turnover on downs,0,9,2
2023,7,LV,CHI,76,Punt,0,5,1
2023,7,CHI,LV,88,Touchdown,7,15,7
2023,7,LV,CHI,75,Field goal,3,15,4
2023,7,CHI,LV,73,Field goal,3,12,3
2023,7,LV,CHI,75,Opp touchdown,0,1,0
2023,7,LV,CHI,79,Turnover,0,5,1
2023,7,CHI,LV,75,Punt,0,3,0
2023,7,LV,CHI,60,Touchdown,7,8,5
2023,7,CHI,LV,57,End of half,0,2,0
2023,7,PHI,MIA,77,Field goal,3,12,4
2023,7,MIA,PHI,75,Punt,0,5,1
2023,7,PHI,MIA,69,Turnover,0,3,0
2023,7,MIA,PHI,23,Field goal,3,7,1
2023,7,PHI,MIA,61,Touchdown,7,9,4
2023,7,MIA,PHI,66,Punt,0,3,0
2023,7,PHI,MIA,80,Touchdown,7,12,6
2023,7,MIA,PHI,72,Touchdown,7,8,3
2023,7,PHI,MIA,75,End of half,0,1,0
2023,7,MIA,PHI,73,Punt,0,8,2
2023,7,PHI,MIA,95,Punt,0,5,1
2023,7,MIA,PHI,64,Turnover on downs,0,6,2
2023,7,PHI,MIA,79,Opp touchdown,0,1,0
2023,7,PHI,MIA,75,Touchdown,7,8,5
2023,7,MIA,PHI,69,Turnover,0,8,3
2023,7,PHI,MIA,83,Touchdown,7,13,5
2023,7,MIA,PHI,75,Turnover on downs,0,4,0
2023,7,PHI,MIA,25,End of half,0,5,1
2023,7,PIT,LA,75,Punt,0,3,0
2023,7,LA,PIT,63,Punt,0,5,1
2023,7,PIT,LA,79,Punt,0,6,2
2023,7,LA,PIT,94,Missed field goal,0,9,3
2023,7,PIT,LA,57,Field goal,3,8,2
2023,7,LA,PIT,75,Punt,0,6,1
2023,7,PIT,LA,81,Punt,0,3,0
2023,7,LA,PIT,61,Field goal,3,8,2
2023,7,PIT,LA,75,Punt,0,5,1
2023,7,LA,PIT,88,Touchdown,7,8,3
2023,7,PIT,LA,86,End of half,0,1,0
2023,7,LA,PIT,74,Turnover,0,1,0
2023,7,PIT,LA,7,Touchdown,7,3,1
2023,7,LA,PIT,75,Touchdown,7,9,4
2023,7,PIT,LA,75,Punt,0,3,0
2023,7,LA,PIT,71,Missed field goal,0,11,3
2023,7,PIT,LA,59,Touchdown,7,5,2
2023,7,LA,PIT,75,Punt,0,3,0
2023,7,PIT,LA,80,Touchdown,7,10,7
2023,7,LA,PIT,75,Punt,0,5,2
2023,7,PIT,LA,86,End of half,0,10,2
2023,7,MIN,SF,75,Turnover,0,3,1
2023,7,SF,MIN,48,Turnover,0,5,3
2023,7,MIN,SF,89,Touchdown,7,10,5
2023,7,SF,MIN,75,Missed field goal,0,10,3
2023,7,MIN,SF,70,Field goal,3,13,4
2023,7,SF,MIN,75,Touchdown,7,12,5
2023,7,MIN,SF,75,Touchdown,7,5,2
2023,7,SF,MIN,75,End of half,0,1,0
2023,7,SF,MIN,75,Punt,0,6,1
2023,7,MIN,SF,79,Field goal,3,11,4
2023,7,SF,MIN,75,Touchdown,7,3,3
2023,7,MIN,SF,86,Field goal,3,10,3
2023,7,SF,MIN,68,Field goal,3,6,1
2023,7,MIN,SF,72,Punt,0,7,2
2023,7,SF,MIN,80,Turnover,0,7,2
2023,7,MIN,SF,70,Missed field goal,0,10,3
2023,7,SF,MIN,60,Turnover,0,5,1
2023,7,MIN,SF,78,End of half,0,1,0
2023,7,NYG,WAS,75,Punt,0,3,0
2023,7,WAS,NYG,69,Punt,0,3,0
2023,7,NYG,WAS,89,Missed field goal,0,9,2
2023,7,WAS,NYG,68,Punt,0,3,0
2023,7,NYG,WAS,89,Punt,0,3,0
2023,7,WAS,NYG,62,Punt,0,4,1
2023,7,NYG,WAS,88,Touchdown,7,8,5
2023,7,WAS,NYG,62,Punt,0,3,0
2023,7,NYG,WAS,84,Punt,0,3,0
2023,7,WAS,NYG,77,Turnover,0,4,1
2023,7,NYG,WAS,48,Touchdown,7,2,2
2023,7,WAS,NYG,75,Punt,0,3,0
2023,7,NYG,WAS,72,Punt,0,4,1
2023,7,WAS,NYG,76,Punt,0,3,0
2023,7,NYG,WAS,61,Punt,0,6,1
2023,7,WAS,NYG,89,Punt,0,3,0
2023,7,NYG,WAS,68,End of half,0,3,0
2023,7,WAS,NYG,75,Punt,0,3,0
2023,7,WAS,NYG,21,Touchdown,7,6,2
2023,7,NYG,WAS,75,Punt,0,6,1
2023,7,WAS,NYG,79,Punt,0,5,1
2023,7,NYG,WAS,80,Punt,0,3,0
2023,7,WAS,NYG,83,Punt,0,3,0
2023,7,NYG,WAS,79,Punt,0,3,0
2023,7,WAS,NYG,90,Missed field goal,0,8,3
2023,7,NYG,WAS,80,Turnover,0,10,4
2023,7,WAS,NYG,92,Turnover on downs,0,17,6
2023,7,NYG,WAS,93,End of half,0,3,0
2023,8,TEN,ATL,75,Turnover,0,4,1
2023,8,ATL,TEN,28,Field goal,3,7,1
2023,8,TEN,ATL,75,Punt,0,7,1
2023,8,ATL,TEN,85,Punt,0,3,0
2023,8,TEN,ATL,61,Touchdown,7,4,2
2023,8,ATL,TEN,76,Punt,0,4,1
2023,8,TEN,ATL,87,Punt,0,5,1
2023,8,ATL,TEN,93,Punt,0,3,0
2023,8,TEN,ATL,68,Punt,0,3,0
2023,8,ATL,TEN,93,Turnover,0,6,2
2023,8,TEN,ATL,33,Touchdown,7,5,2
2023,8,ATL,TEN,87,Punt,0,4,1
2023,8,TEN,ATL,78,Punt,0,5,1
2023,8,ATL,TEN,88,Punt,0,3,0
2023,8,TEN,ATL,43,Punt,0,3,0
2023,8,ATL,TEN,92,End of half,0,1,0
2023,8,ATL,TEN,75,Field goal,3,7,2
2023,8,TEN,ATL,75,Punt,0,8,2
2023,8,ATL,TEN,80,Field goal,3,11,3
2023,8,TEN,ATL,75,Touchdown,7,3,2
2023,8,ATL,TEN,75,Touchdown,7,5,2
2023,8,TEN,ATL,75,Punt,0,3,0
2023,8,ATL,TEN,80,Punt,0,3,0
2023,8,TEN,ATL,85,Touchdown,7,9,4
2023,8,ATL,TEN,75,Touchdown,7,8,5
2023,8,TEN,ATL,73,Punt,0,5,1
2023,8,ATL,TEN,87,Turnover on downs,0,4,0
2023,8,TEN,ATL,22,End of half,0,3,0
2023,8,ARI,BAL,75,Touchdown,7,12,6
2023,8,BAL,ARI,75,Touchdown,7,10,5
2023,8,ARI,BAL,75,Turnover on downs,0,6,1
2023,8,BAL,ARI,55,Missed field goal,0,7,1
2023,8,ARI,BAL,57,Turnover on downs,0,6,1
2023,8,BAL,ARI,64,Punt,0,3,0
2023,8,ARI,BAL,92,Punt,0,3,0
2023,8,BAL,ARI,53,Punt,0,3,0
2023,8,ARI,BAL,90,Turnover,0,5,1
2023,8,BAL,ARI,43,Touchdown,7,6,3
2023,8,ARI,BAL,81,End of half,0,1,0
2023,8,BAL,ARI,75,Punt,0,4,1
2023,8,ARI,BAL,76,Punt,0,5,1
2023,8,BAL,ARI,70,Punt,0,5,1
2023,8,ARI,BAL,92,Punt,0,6,1
2023,8,BAL,ARI,60,Punt,0,3,0
2023,8,ARI,BAL,90,Turnover,0,1,0
2023,8,BAL,ARI,23,Touchdown,7,3,2
2023,8,ARI,BAL,75,Punt,0,3,0
2023,8,BAL,ARI,67,Field goal,3,8,2
2023,8,ARI,BAL,75,Touchdown,7,9,4
2023,8,BAL,ARI,75,Touchdown,7,9,6
2023,8,ARI,BAL,75,Touchdown,7,10,6
2023,8,BAL,ARI,48,End of half,0,1,0
2023,8,CHI,LAC,79,Punt,0,4,1
2023,8,LAC,CHI,92,Touchdown,7,10,5
2023,8,CHI,LAC,75,Punt,0,3,0
2023,8,LAC,CHI,55,Touchdown,7,9,4
2023,8,CHI,LAC,75,Turnover,0,7,2
2023,8,LAC,CHI,57,Field goal,3,8,2
2023,8,CHI,LAC,75,Touchdown,7,14,5
2023,8,LAC,CHI,75,Touchdown,7,9,5
2023,8,CHI,LAC,79,End of half,0,1,0
2023,8,LAC,CHI,75,Field goal,3,10,2
2023,8,CHI,LAC,75,Punt,0,3,0
2023,8,LAC,CHI,68,Punt,0,3,0
2023,8,CHI,LAC,80,Turnover on downs,0,4,0
2023,8,LAC,CHI,29,Field goal,3,4,0
2023,8,CHI,LAC,75,Turnover on downs,0,7,3
2023,8,LAC,CHI,73,Turnover on downs,0,7,1
2023,8,CHI,LAC,65,Turnover,0,9,2
2023,8,LAC,CHI,75,Turnover,0,5,1
2023,8,CHI,LAC,41,Touchdown,7,10,4
2023,8,LAC,CHI,44,Punt,0,3,0
2023,8,CHI,LAC,84,End of half,0,1,0
2023,8,SF,CIN,75,Punt,0,3,0
2023,8,CIN,SF,85,Touchdown,7,10,6
2023,8,SF,CIN,75,Touchdown,7,8,5
2023,8,CIN,SF,58,Touchdown,7,6,5
2023,8,SF,CIN,86,Punt,0,3,0
2023,8,CIN,SF,80,Missed field goal,0,11,4
2023,8,SF,CIN,60,Field goal,3,7,2
2023,8,CIN,SF,75,Turnover,0,9,5
2023,8,SF,CIN,95,End of half,0,4,2
2023,8,CIN,SF,75,Field goal,3,7,2
2023,8,SF,CIN,75,Punt,0,5,1
2023,8,CIN,SF,81,Punt,0,3,0
2023,8,SF,CIN,76,Turnover,0,9,4
2023,8,CIN,SF,81,Punt,0,4,1
2023,8,SF,CIN,80,Turnover,0,1,0
2023,8,CIN,SF,17,Touchdown,7,1,1
2023,8,SF,CIN,75,Touchdown,7,10,5
2023,8,CIN,SF,78,Touchdown,7,10,5
2023,8,SF,CIN,75,Turnover,0,5,3
2023,8,CIN,SF,62,Punt,0,3,0
2023,8,SF,CIN,80,End of half,0,2,2
2023,8,CLE,SEA,80,Punt,0,3,0
2023,8,SEA,CLE,80,Touchdown,7,8,4
2023,8,CLE,SEA,75,Turnover,0,5,1
2023,8,SEA,CLE,41,Touchdown,7,6,3
2023,8,CLE,SEA,75,Touchdown,7,4,3
2023,8,SEA,CLE,75,Field goal,3,6,2
2023,8,CLE,SEA,75,Turnover,0,10,3
2023,8,SEA,CLE,84,Punt,0,3,0
2023,8,CLE,SEA,67,Touchdown,7,11,6
2023,8,SEA,CLE,75,Punt,0,3,0
2023,8,CLE,SEA,78,Punt,0,3,0
2023,8,SEA,CLE,75,Turnover,0,7,3
2023,8,CLE,SEA,83,End of half,0,1,0
2023,8,SEA,CLE,69,Punt,0,3,0
2023,8,CLE,SEA,83,Field goal,3,10,3
2023,8,SEA,CLE,75,Turnover,0,3,0
2023,8,CLE,SEA,39,Field goal,3,9,2
2023,8,SEA,CLE,75,Punt,0,3,0
2023,8,CLE,SEA,80,Punt,0,10,3
2023,8,SEA,CLE,89,Punt,0,8,2
2023,8,CLE,SEA,89,Turnover,0,7,2
2023,8,SEA,CLE,57,Touchdown,7,5,3
2023,8,CLE,SEA,75,Turnover on downs,0,4,0
2023,8,SEA,CLE,15,End of half,0,1,0
2023,8,HOU,CAR,79,Punt,0,3,0
2023,8,CAR,HOU,90,Punt,0,3,0
2023,8,HOU,CAR,49,Punt,0,4,1
2023,8,CAR,HOU,92,Punt,0,4,1
2023,8,HOU,CAR,92,Touchdown,7,17,7
2023,8,CAR,HOU,66,Turnover on downs,0,10,3
2023,8,HOU,CAR,98,Punt,0,5,1
2023,8,CAR,HOU,60,Touchdown,7,9,5
2023,8,HOU,CAR,75,Punt,0,3,0
2023,8,CAR,HOU,81,End of half,0,4,1
2023,8,CAR,HOU,77,Field goal,3,9,2
2023,8,HOU,CAR,81,Turnover,0,2,0
2023,8,CAR,HOU,27,Field goal,3,4,0
2023,8,HOU,CAR,75,Touchdown,7,12,5
2023,8,CAR,HOU,47,Punt,0,3,0
2023,8,HOU,CAR,79,Punt,0,5,1
2023,8,CAR,HOU,79,Punt,0,3,0
2023,8,HOU,CAR,52,Punt,0,5,1
2023,8,CAR,HOU,91,Field goal,3,15,8
2023,8,PIT,JAX,75,Punt,0,3,0
2023,8,JAX,PIT,53,Field goal,3,6,1
2023,8,PIT,JAX,75,Punt,0,3,0
2023,8,JAX,PIT,68,Field goal,3,7,1
2023,8,PIT,JAX,75,Punt,0,3,0
2023,8,JAX,PIT,80,Turnover,0,7,3
2023,8,PIT,JAX,71,Punt,0,3,0
2023,8,JAX,PIT,63,Turnover,0,6,3
2023,8,PIT,JAX,98,Field goal,3,12,5
2023,8,JAX,PIT,63,Field goal,3,9,3
2023,8,PIT,JAX,68,Missed field goal,0,6,2
2023,8,JAX,PIT,75,Turnover,0,9,3
2023,8,PIT,JAX,64,Punt,0,3,0
2023,8,JAX,PIT,70,Punt,0,3,0
2023,8,PIT,JAX,89,Punt,0,5,1
2023,8,JAX,PIT,56,Touchdown,7,2,1
2023,8,PIT,JAX,75,Touchdown,7,8,4
2023,8,JAX,PIT,73,Punt,0,10,3
2023,8,PIT,JAX,80,Turnover,0,2,0
2023,8,JAX,PIT,59,Field goal,3,7,2
2023,8,PIT,JAX,75,Turnover on downs,0,9,2
2023,8,JAX,PIT,40,Punt,0,3,0
2023,8,PIT,JAX,98,Turnover,0,9,3
2023,8,KC,DEN,75,Punt,0,3,0
2023,8,DEN,KC,39,Touchdown,7,10,4
2023,8,KC,DEN,75,Field goal,3,12,4
2023,8,DEN,KC,77,Punt,0,3,0
2023,8,KC,DEN,75,Turnover,0,3,2
2023,8,KC,DEN,75,Turnover,0,4,1
2023,8,DEN,KC,48,Turnover on downs,0,4,0
2023,8,KC,DEN,60,Field goal,3,5,1
2023,8,DEN,KC,75,Punt,0,5,1
2023,8,KC,DEN,79,Turnover,0,8,5
2023,8,DEN,KC,70,Turnover,0,6,1
2023,8,KC,DEN,47,Field goal,3,2,1
2023,8,DEN,KC,75,Missed field goal,0,13,4
2023,8,KC,DEN,73,Punt,0,7,2
2023,8,DEN,KC,91,Punt,0,11,5
2023,8,DEN,KC,10,Touchdown,7,2,1
2023,8,KC,DEN,75,Turnover on downs,0,11,2
2023,8,DEN,KC,73,Punt,0,3,0
2023,8,KC,DEN,69,Turnover,0,4,0
2023,8,DEN,KC,20,Field goal,3,7,1
2023,8,KC,DEN,86,End of half,0,1,0
2023,8,DAL,LA,75,Touchdown,7,10,5
2023,8,LA,DAL,75,Field goal,3,10,3
2023,8,DAL,LA,75,Field goal,3,9,3
2023,8,LA,DAL,75,Opp touchdown,0,1,0
2023,8,LA,DAL,75,Safety,0,3,0
2023,8,DAL,LA,13,Touchdown,7,2,1
2023,8,LA,DAL,75,Punt,0,3,0
2023,8,DAL,LA,80,Turnover,0,10,4
2023,8,LA,DAL,81,Punt,0,3,0
2023,8,DAL,LA,63,Touchdown,7,5,3
2023,8,LA,DAL,75,Touchdown,7,12,6
2023,8,LA,DAL,75,Touchdown,7,7,3
2023,8,DAL,LA,84,Field goal,3,17,6
2023,8,LA,DAL,75,Turnover on downs,0,8,1
2023,8,DAL,LA,54,Touchdown,7,3,2
2023,8,LA,DAL,75,Punt,0,3,0
2023,8,DAL,LA,93,Punt,0,3,0
2023,8,LA,DAL,54,Field goal,3,7,2
2023,8,DAL,LA,75,Punt,0,3,0
2023,8,LA,DAL,85,Punt,0,3,0
2023,8,DET,LV,80,Field goal,3,14,4
2023,8,LV,DET,75,Punt,0,4,1
2023,8,DET,LV,89,Turnover,0,2,0
2023,8,LV,DET,26,Turnover,0,1,0
2023,8,DET,LV,89,Punt,0,3,0
2023,8,LV,DET,59,Turnover on downs,0,4,0
2023,8,DET,LV,49,Field goal,3,10,3
2023,8,LV,DET,75,Punt,0,3,0
2023,8,DET,LV,78,Field goal,3,7,2
2023,8,LV,DET,75,Touchdown,7,10,6
2023,8,DET,LV,79,Touchdown,7,9,5
2023,8,LV,DET,75,End of half,0,1,0
2023,8,LV,DET,75,Punt,0,4,1
2023,8,DET,LV,56,Opp touchdown,0,3,1
2023,8,DET,LV,75,Turnover,0,12,5
2023,8,LV,DET,97,Punt,0,3,0
2023,8,DET,LV,51,Touchdown,7,2,2
2023,8,LV,DET,75,Punt,0,4,1
2023,8,DET,LV,89,Field goal,3,12,4
2023,8,LV,DET,98,Turnover on downs,0,6,2
2023,8,DET,LV,28,Missed field goal,0,6,2
2023,8,LV,DET,80,Turnover on downs,0,5,1
2023,8,DET,LV,44,End of half,0,6,1
2023,8,GB,MIN,81,Punt,0,3,0
2023,8,MIN,GB,66,Missed field goal,0,11,3
2023,8,GB,MIN,68,Punt,0,3,0
2023,8,MIN,GB,77,Touchdown,7,7,5
2023,8,GB,MIN,72,Punt,0,3,0
2023,8,MIN,GB,80,Field goal,3,9,4
2023,8,GB,MIN,60,Punt,0,3,0
2023,8,MIN,GB,75,Punt,0,6,1
2023,8,GB,MIN,85,Field goal,3,14,5
2023,8,MIN,GB,75,Touchdown,7,13,4
2023,8,GB,MIN,75,Turnover,0,3,0
2023,8,MIN,GB,20,Touchdown,7,1,1
2023,8,GB,MIN,81,Touchdown,7,14,6
2023,8,MIN,GB,86,Missed field goal,0,14,5
2023,8,GB,MIN,56,Turnover on downs,0,9,3
2023,8,MIN,GB,90,Turnover,0,3,0
2023,8,GB,MIN,15,Turnover on downs,0,4,0
2023,8,MIN,GB,94,Punt,0,6,1
2023,8,GB,MIN,80,Turnover on downs,0,7,2
2023,8,MIN,GB,56,End of half,0,2,0
2023,8,NE,MIA,75,Punt,0,3,0
2023,8,MIA,NE,64,Punt,0,7,1
2023,8,NE,MIA,80,Punt,0,5,1
2023,8,MIA,NE,80,Turnover,0,4,1
2023,8,NE,MIA,30,Touchdown,7,3,1
2023,8,MIA,NE,75,Touchdown,7,6,3
2023,8,NE,MIA,75,Punt,0,3,0
2023,8,MIA,NE,53,Touchdown,7,14,6
2023,8,NE,MIA,75,Turnover,0,9,4
2023,8,MIA,NE,40,Field goal,3,8,2
2023,8,NE,MIA,75,End of half,0,1,0
2023,8,MIA,NE,75,Turnover,0,1,0
2023,8,NE,MIA,19,Field goal,3,4,0
2023,8,MIA,NE,77,Touchdown,7,9,5
2023,8,NE,MIA,77,Punt,0,4,1
2023,8,MIA,NE,96,Punt,0,9,2
2023,8,NE,MIA,85,Punt,0,3,0
2023,8,MIA,NE,85,Punt,0,3,0
2023,8,NE,MIA,81,Touchdown,7,13,6
2023,8,MIA,NE,75,Touchdown,7,10,4
2023,8,NE,MIA,75,Turnover on downs,0,4,0
2023,8,MIA,NE,10,End of half,0,3,0
2023,8,IND,NO,75,Punt,0,3,0
2023,8,NO,IND,75,Punt,0,5,1
2023,8,IND,NO,81,Touchdown,7,7,3
2023,8,NO,IND,75,Touchdown,7,7,3
2023,8,IND,NO,75,Field goal,3,9,3
2023,8,NO,IND,75,Turnover,0,3,0
2023,8,IND,NO,30,Touchdown,7,6,3
2023,8,NO,IND,75,Touchdown,7,8,5
2023,8,IND,NO,75,Punt,0,3,0
2023,8,NO,IND,63,Touchdown,7,2,1
2023,8,IND,NO,75,Field goal,3,13,3
2023,8,NO,IND,75,End of half,0,1,0
2023,8,NO,IND,75,Punt,0,6,1
2023,8,IND,NO,86,Punt,0,3,0
2023,8,NO,IND,58,Punt,0,5,1
2023,8,IND,NO,97,Turnover,0,7,2
2023,8,NO,IND,71,Touchdown,7,7,4
2023,8,IND,NO,75,Punt,0,3,0
2023,8,NO,IND,76,Touchdown,7,8,5
2023,8,IND,NO,75,Touchdown,7,6,4
2023,8,NO,IND,75,Punt,0,6,1
2023,8,IND,NO,84,Punt,0,6,1
2023,8,NO,IND,67,Field goal,3,9,2
2023,8,IND,NO,75,End of half,0,3,0
2023,8,NYJ,NYG,75,Turnover,0,4,1
2023,8,NYG,NYJ,19,Field goal,3,4,0
2023,8,NYJ,NYG,79,Punt,0,3,0
2023,8,NYG,NYJ,63,Punt,0,3,0
2023,8,NYJ,NYG,76,Punt,0,3,0
2023,8,NYG,NYJ,84,Punt,0,3,0
2023,8,NYJ,NYG,61,Punt,0,5,1
2023,8,NYG,NYJ,98,Punt,0,3,0
2023,8,NYG,NYJ,75,Missed field goal,0,7,2
2023,8,NYJ,NYG,63,Punt,0,3,0
2023,8,NYG,NYJ,97,Punt,0,3,1
2023,8,NYJ,NYG,83,Punt,0,5,1
2023,8,NYG,NYJ,79,Punt,0,3,0
2023,8,NYJ,NYG,84,Punt,0,4,1
2023,8,NYG,NYJ,74,Punt,0,3,0
2023,8,NYJ,NYG,58,Turnover,0,1,0
2023,8,NYG,NYJ,41,Punt,0,3,0
2023,8,NYJ,NYG,90,Punt,0,3,0
2023,8,NYG,NYJ,52,Punt,0,3,0
2023,8,NYG,NYJ,75,Touchdown,7,11,5
2023,8,NYJ,NYG,75,Punt,0,4,1
2023,8,NYG,NYJ,66,Punt,0,3,0
2023,8,NYJ,NYG,77,Punt,0,3,0
2023,8,NYG,NYJ,73,Punt,0,4,1
2023,8,NYJ,NYG,84,Punt,0,3,0
2023,8,NYG,NYJ,68,Punt,0,3,0
2023,8,NYJ,NYG,72,Punt,0,5,1
2023,8,NYG,NYJ,97,Punt,0,10,3
2023,8,NYJ,NYG,75,Turnover on downs,0,7,1
2023,8,NYG,NYJ,26,Missed field goal,0,4,0
2023,8,NYJ,NYG,75,Field goal,3,4,2
2023,8,NYG,NYJ,75,Punt,0,3,0
2023,8,NYJ,NYG,61,Field goal,3,6,2
2023,8,WAS,PHI,75,Punt,0,8,2
2023,8,PHI,WAS,92,Punt,0,3,0
2023,8,WAS,PHI,62,Touchdown,7,3,2
2023,8,PHI,WAS,75,Field goal,3,11,3
2023,8,WAS,PHI,75,Touchdown,7,9,5
2023,8,PHI,WAS,75,Turnover,0,10,4
2023,8,WAS,PHI,93,Turnover on downs,0,9,2
2023,8,PHI,WAS,65,Touchdown,7,7,4
2023,8,WAS,PHI,75,Field goal,3,5,3
2023,8,PHI,WAS,75,Turnover,0,8,3
2023,8,WAS,PHI,99,Punt,0,5,1
2023,8,PHI,WAS,51,Touchdown,7,7,2
2023,8,WAS,PHI,75,Touchdown,7,14,6
2023,8,PHI,WAS,75,Touchdown,7,7,3
2023,8,WAS,PHI,75,Turnover,0,2,0
2023,8,PHI,WAS,7,Touchdown,7,2,1
2023,8,WAS,PHI,75,Turnover on downs,0,7,2
2023,8,PHI,WAS,60,Punt,0,3,0
2023,8,WAS,PHI,80,Turnover on downs,0,4,0
2023,8,PHI,WAS,16,Touchdown,7,3,1
2023,8,WAS,PHI,72,Touchdown,7,4,3
2023,8,PHI,WAS,49,End of half,0,2,0
2023,8,TB,BUF,73,Punt,0,6,1
2023,8,BUF,TB,96,Field goal,3,10,4
2023,8,TB,BUF,80,Missed field goal,0,7,2
2023,8,BUF,TB,60,Turnover on downs,0,8,2
2023,8,TB,BUF,99,Punt,0,3,0
2023,8,BUF,TB,23,Touchdown,7,5,2
2023,8,TB,BUF,75,Field goal,3,8,1
2023,8,BUF,TB,75,Turnover,0,1,0
2023,8,TB,BUF,23,Touchdown,7,2,2
2023,8,BUF,TB,75,Touchdown,7,9,5
2023,8,TB,BUF,75,Punt,0,7,2
2023,8,BUF,TB,80,End of half,0,1,0
2023,8,BUF,TB,75,Touchdown,7,9,6
2023,8,TB,BUF,75,Punt,0,4,1
2023,8,BUF,TB,77,Punt,0,6,1
2023,8,TB,BUF,97,Punt,0,3,0
2023,8,BUF,TB,83,Punt,0,9,3
2023,8,TB,BUF,96,Punt,0,3,0
2023,8,BUF,TB,67,Punt,0,5,1
2023,8,TB,BUF,92,Touchdown,7,17,6
2023,8,BUF,TB,77,Punt,0,6,1
2023,8,TB,BUF,80,End of half,0,4,2
2023,9,ARI,CLE,75,Punt,0,6,2
2023,9,CLE,ARI,89,Punt,0,6,1
2023,9,ARI,CLE,81,Punt,0,3,0
2023,9,CLE,ARI,56,Turnover on downs,0,6,1
2023,9,ARI,CLE,63,Punt,0,3,0
2023,9,CLE,ARI,72,Field goal,3,5,1
2023,9,ARI,CLE,75,Turnover,0,2,1
2023,9,CLE,ARI,49,Touchdown,7,11,4
2023,9,ARI,CLE,75,Punt,0,3,0
2023,9,CLE,ARI,70,Punt,0,3,0
2023,9,ARI,CLE,76,Punt,0,3,0
2023,9,CLE,ARI,66,Field goal,3,9,3
2023,9,CLE,ARI,75,Punt,0,3,0
2023,9,ARI,CLE,99,Punt,0,3,0
2023,9,CLE,ARI,66,Punt,0,5,1
2023,9,ARI,CLE,80,Turnover,0,1,0
2023,9,CLE,ARI,11,Touchdown,7,3,1
2023,9,ARI,CLE,71,Punt,0,4,1
2023,9,CLE,ARI,96,Punt,0,3,0
2023,9,CLE,ARI,76,Missed field goal,0,10,3
2023,9,ARI,CLE,62,Turnover on downs,0,5,1
2023,9,CLE,ARI,56,Touchdown,7,4,2
2023,9,ARI,CLE,75,Punt,0,3,0
2023,9,CLE,ARI,71,Punt,0,3,0
2023,9,ARI,CLE,80,Punt,0,6,1
2023,9,CLE,ARI,68,Punt,0,3,0
2023,9,ARI,CLE,71,End of half,0,3,0
2023,9,CIN,BUF,76,Touchdown,7,9,5
2023,9,BUF,CIN,85,Touchdown,7,7,5
2023,9,CIN,BUF,69,Touchdown,7,11,6
2023,9,BUF,CIN,75,Punt,0,4,1
2023,9,CIN,BUF,78,Punt,0,6,2
2023,9,BUF,CIN,88,Turnover,0,2,0
2023,9,CIN,BUF,32,Punt,0,3,0
2023,9,BUF,CIN,91,Punt,0,3,0
2023,9,CIN,BUF,45,Touchdown,7,7,2
2023,9,BUF,CIN,75,End of half,0,5,2
2023,9,BUF,CIN,74,Field goal,3,11,4
2023,9,CIN,BUF,92,Punt,0,7,2
2023,9,BUF,CIN,91,Punt,0,3,0
2023,9,CIN,BUF,58,Turnover on downs,0,6,1
2023,9,BUF,CIN,65,Turnover,0,9,4
2023,9,CIN,BUF,87,Field goal,3,12,3
2023,9,BUF,CIN,75,Touchdown,7,12,5
2023,9,CIN,BUF,75,End of half,0,7,2
2023,9,CHI,NO,75,Touchdown,7,9,5
2023,9,NO,CHI,75,Punt,0,4,1
2023,9,CHI,NO,86,Turnover,0,7,2
2023,9,NO,CHI,45,Touchdown,7,10,4
2023,9,CHI,NO,75,Touchdown,7,6,4
2023,9,NO,CHI,75,Touchdown,7,11,5
2023,9,CHI,NO,75,Missed field goal,0,13,4
2023,9,NO,CHI,70,End of half,0,5,1
2023,9,NO,CHI,78,Punt,0,3,0
2023,9,CHI,NO,77,Turnover,0,2,0
2023,9,NO,CHI,39,Field goal,3,4,0
2023,9,CHI,NO,75,Field goal,3,13,4
2023,9,NO,CHI,75,Punt,0,5,1
2023,9,CHI,NO,91,Punt,0,3,0
2023,9,NO,CHI,47,Touchdown,7,5,4
2023,9,CHI,NO,75,Turnover,0,2,0
2023,9,NO,CHI,38,Turnover on downs,0,6,1
2023,9,CHI,NO,83,Turnover,0,6,1
2023,9,NO,CHI,46,Punt,0,3,0
2023,9,CHI,NO,98,Punt,0,3,0
2023,9,NO,CHI,36,Missed field goal,0,4,0
2023,9,CHI,NO,63,Turnover,0,2,0
2023,9,NO,CHI,18,End of half,0,4,1
2023,9,DAL,PHI,75,Punt,0,3,0
2023,9,PHI,DAL,77,Touchdown,7,13,5
2023,9,DAL,PHI,53,Touchdown,7,8,3
2023,9,PHI,DAL,75,Punt,0,3,0
2023,9,DAL,PHI,82,Touchdown,7,9,4
2023,9,PHI,DAL,60,Touchdown,7,11,5
2023,9,DAL,PHI,75,Field goal,3,9,2
2023,9,PHI,DAL,75,Punt,0,6,1
2023,9,DAL,PHI,88,End of half,0,1,0
2023,9,PHI,DAL,60,Touchdown,7,6,3
2023,9,DAL,PHI,75,Punt,0,8,2
2023,9,PHI,DAL,87,Touchdown,7,11,6
2023,9,DAL,PHI,72,Turnover on downs,0,13,5
2023,9,PHI,DAL,99,Punt,0,3,0
2023,9,DAL,PHI,52,Touchdown,7,5,4
2023,9,PHI,DAL,75,Punt,0,3,0
2023,9,DAL,PHI,74,Turnover on downs,0,10,3
2023,9,PHI,DAL,71,Punt,0,3,0
2023,9,DAL,PHI,86,Turnover,0,5,4
2023,9,CAR,IND,75,Punt,0,3,0
2023,9,IND,CAR,84,Punt,0,3,0
2023,9,CAR,IND,90,Punt,0,3,0
2023,9,CAR,IND,52,Punt,0,5,1
2023,9,IND,CAR,82,Field goal,3,15,6
2023,9,CAR,IND,75,Punt,0,3,0
2023,9,IND,CAR,64,Touchdown,7,9,4
2023,9,CAR,IND,56,Field goal,3,9,2
2023,9,IND,CAR,75,Field goal,3,11,3
2023,9,CAR,IND,75,Opp touchdown,0,6,2
2023,9,CAR,IND,75,End of half,0,1,0
2023,9,IND,CAR,75,Punt,0,4,1
2023,9,CAR,IND,77,Touchdown,7,15,6
2023,9,IND,CAR,75,Punt,0,6,2
2023,9,CAR,IND,94,Opp touchdown,0,6,2
2023,9,CAR,IND,75,Field goal,3,14,3
2023,9,IND,CAR,75,Punt,0,5,1
2023,9,CAR,IND,61,Turnover,0,2,0
2023,9,IND,CAR,62,Punt,0,3,0
2023,9,CAR,IND,89,Turnover on downs,0,6,1
2023,9,IND,CAR,29,End of half,0,3,0
2023,9,LAC,NYJ,75,Punt,0,3,0
2023,9,NYJ,LAC,76,Opp touchdown,0,3,0
2023,9,NYJ,LAC,75,Turnover,0,6,2
2023,9,LAC,NYJ,71,Punt,0,3,0
2023,9,NYJ,LAC,72,Turnover,0,6,1
2023,9,NYJ,LAC,75,Punt,0,3,0
2023,9,LAC,NYJ,76,Punt,0,5,2
2023,9,NYJ,LAC,80,Punt,0,3,0
2023,9,LAC,NYJ,75,Punt,0,3,0
2023,9,NYJ,LAC,55,Field goal,3,7,2
2023,9,LAC,NYJ,75,Punt,0,3,1
2023,9,NYJ,LAC,77,Punt,0,6,1
2023,9,LAC,NYJ,85,Punt,0,6,1
2023,9,NYJ,LAC,81,Punt,0,3,0
2023,9,LAC,NYJ,58,Field goal,3,3,1
2023,9,NYJ,LAC,75,Field goal,3,9,3
2023,9,LAC,NYJ,75,Punt,0,3,0
2023,9,NYJ,LAC,69,Punt,0,10,2
2023,9,LAC,NYJ,88,Field goal,3,16,4
2023,9,NYJ,LAC,75,Punt,0,6,1
2023,9,LAC,NYJ,74,Punt,0,3,0
2023,9,NYJ,LAC,71,Turnover,0,3,1
2023,9,LAC,NYJ,2,Touchdown,7,1,1
2023,9,NYJ,LAC,75,Turnover on downs,0,14,4
2023,9,LAC,NYJ,98,End of half,0,1,0
2023,9,LA,GB,75,Punt,0,6,1
2023,9,GB,LA,92,Punt,0,9,2
2023,9,LA,GB,74,Turnover,0,4,2
2023,9,GB,LA,41,Touchdown,7,7,4
2023,9,LA,GB,80,Punt,0,3,0
2023,9,GB,LA,62,Punt,0,4,1
2023,9,LA,GB,90,Punt,0,3,0
2023,9,GB,LA,60,Punt,0,3,0
2023,9,LA,GB,90,Field goal,3,13,3
2023,9,GB,LA,75,Missed field goal,0,10,4
2023,9,GB,LA,53,Turnover,0,1,0
2023,9,LA,GB,58,Punt,0,6,2
2023,9,GB,LA,84,Turnover,0,4,1
2023,9,LA,GB,36,Missed field goal,0,4,0
2023,9,GB,LA,61,Field goal,3,7,2
2023,9,LA,GB,75,Turnover on downs,0,7,1
2023,9,GB,LA,52,Punt,0,3,0
2023,9,LA,GB,73,Turnover,0,2,0
2023,9,LA,GB,75,Punt,0,3,0
2023,9,GB,LA,72,Touchdown,7,8,3
2023,9,LA,GB,65,Turnover on downs,0,6,1
2023,9,GB,LA,62,End of half,0,8,2
2023,9,KC,MIA,75,Touchdown,7,7,4
2023,9,MIA,KC,75,Punt,0,4,1
2023,9,KC,MIA,76,Punt,0,5,1
2023,9,MIA,KC,82,Punt,0,6,3
2023,9,KC,MIA,91,Punt,0,5,1
2023,9,MIA,KC,70,Punt,0,4,1
2023,9,KC,MIA,83,Punt,0,3,0
2023,9,MIA,KC,56,Punt,0,3,0
2023,9,KC,MIA,95,Touchdown,7,13,6
2023,9,MIA,KC,75,Opp touchdown,0,5,2
2023,9,MIA,KC,75,Punt,0,3,0
2023,9,KC,MIA,68,End of half,0,1,0
2023,9,MIA,KC,75,Punt,0,3,0
2023,9,KC,MIA,87,Punt,0,5,1
2023,9,MIA,KC,80,Touchdown,7,8,5
2023,9,KC,MIA,75,Turnover,0,5,1
2023,9,MIA,KC,27,Touchdown,7,4,2
2023,9,KC,MIA,79,Punt,0,7,2
2023,9,MIA,KC,89,Punt,0,12,4
2023,9,KC,MIA,90,Punt,0,3,0
2023,9,MIA,KC,75,Turnover on downs,0,6,2
2023,9,KC,MIA,56,End of half,0,2,0
2023,9,ATL,MIN,75,Punt,0,7,2
2023,9,MIN,ATL,92,Punt,0,3,0
2023,9,ATL,MIN,68,Field goal,3,5,1
2023,9,MIN,ATL,75,Field goal,3,9,3
2023,9,ATL,MIN,75,Punt,0,6,2
2023,9,MIN,ATL,93,Safety,0,3,0
2023,9,ATL,MIN,62,Field goal,3,10,2
2023,9,MIN,ATL,75,Turnover,0,3,1
2023,9,ATL,MIN,1,Field goal,3,4,0
2023,9,MIN,ATL,75,Touchdown,7,13,6
2023,9,ATL,MIN,75,Punt,0,6,1
2023,9,MIN,ATL,60,End of half,0,1,0
2023,9,MIN,ATL,75,Turnover,0,3,0
2023,9,ATL,MIN,30,Field goal,3,4,0
2023,9,MIN,ATL,75,Field goal,3,8,3
2023,9,ATL,MIN,75,Touchdown,7,4,2
2023,9,MIN,ATL,75,Punt,0,3,0
2023,9,ATL,MIN,82,Turnover,0,1,0
2023,9,MIN,ATL,40,Touchdown,7,6,3
2023,9,ATL,MIN,75,Turnover,0,1,0
2023,9,MIN,ATL,24,Field goal,3,5,1
2023,9,ATL,MIN,75,Punt,0,6,1
2023,9,MIN,ATL,80,Punt,0,8,2
2023,9,ATL,MIN,79,Touchdown,7,13,6
2023,9,MIN,ATL,75,Touchdown,7,11,4
2023,9,ATL,MIN,75,End of half,0,4,1
2023,9,NYG,LV,80,Punt,0,3,0
2023,9,LV,NYG,67,Touchdown,7,6,3
2023,9,NYG,LV,72,Turnover on downs,0,9,2
2023,9,LV,NYG,66,Punt,0,3,0
2023,9,NYG,LV,80,Punt,0,10,3
2023,9,LV,NYG,90,Punt,0,4,1
2023,9,NYG,LV,80,Punt,0,3,0
2023,9,LV,NYG,65,Touchdown,7,8,5
2023,9,NYG,LV,75,Turnover,0,3,1
2023,9,LV,NYG,60,Touchdown,7,4,2
2023,9,NYG,LV,75,Turnover,0,1,0
2023,9,LV,NYG,25,Field goal,3,6,1
2023,9,LV,NYG,75,Field goal,3,14,3
2023,9,NYG,LV,66,Punt,0,3,0
2023,9,LV,NYG,75,Punt,0,3,0
2023,9,NYG,LV,84,Touchdown,7,11,5
2023,9,LV,NYG,75,Punt,0,3,0
2023,9,NYG,LV,77,Turnover on downs,0,4,0
2023,9,LV,NYG,28,Field goal,3,4,0
2023,9,NYG,LV,80,Turnover on downs,0,7,3
2023,9,LV,NYG,72,Punt,0,3,0
2023,9,NYG,LV,80,Turnover on downs,0,7,1
2023,9,LV,NYG,40,Turnover on downs,0,4,0
2023,9,NYG,LV,66,End of half,0,1,0
2023,9,SEA,BAL,75,Punt,0,3,0
2023,9,BAL,SEA,80,Punt,0,4,1
2023,9,SEA,BAL,69,Punt,0,5,1
2023,9,BAL,SEA,96,Punt,0,3,0
2023,9,SEA,BAL,67,Punt,0,6,1
2023,9,BAL,SEA,81,Touchdown,7,12,6
2023,9,SEA,BAL,74,Turnover,0,3,0
2023,9,BAL,SEA,59,Turnover,0,3,1
2023,9,SEA,BAL,63,Punt,0,3,0
2023,9,BAL,SEA,84,Touchdown,7,10,8
2023,9,SEA,BAL,75,Field goal,3,7,2
2023,9,BAL,SEA,75,Turnover,0,1,0
2023,9,SEA,BAL,43,Turnover,0,3,0
2023,9,BAL,SEA,36,Field goal,3,5,1
2023,9,BAL,SEA,75,Field goal,3,5,1
2023,9,SEA,BAL,75,Punt,0,3,0
2023,9,BAL,SEA,61,Field goal,3,13,3
2023,9,SEA,BAL,75,Punt,0,3,0
2023,9,BAL,SEA,60,Touchdown,7,3,2
2023,9,SEA,BAL,75,Turnover on downs,0,8,2
2023,9,BAL,SEA,78,Touchdown,7,8,3
2023,9,SEA,BAL,91,Punt,0,3,0
2023,9,BAL,SEA,54,Turnover on downs,0,11,3
2023,9,SEA,BAL,94,End of half,0,1,0
2023,9,HOU,TB,75,Turnover,0,3,0
2023,9,TB,HOU,42,Field goal,3,5,1
2023,9,HOU,TB,75,Touchdown,7,7,4
2023,9,TB,HOU,75,Touchdown,7,13,5
2023,9,HOU,TB,91,Punt,0,3,0
2023,9,TB,HOU,64,Punt,0,3,0
2023,9,HOU,TB,90,Punt,0,3,0
2023,9,TB,HOU,40,Touchdown,7,6,4
2023,9,HOU,TB,75,Field goal,3,10,3
2023,9,TB,HOU,75,Punt,0,3,0
2023,9,HOU,TB,84,End of half,0,6,3
2023,9,TB,HOU,73,Field goal,3,7,2
2023,9,HOU,TB,75,Touchdown,7,1,1
2023,9,TB,HOU,75,Field goal,3,6,1
2023,9,HOU,TB,79,Touchdown,7,6,3
2023,9,TB,HOU,81,Punt,0,3,0
2023,9,HOU,TB,52,Touchdown,7,9,5
2023,9,TB,HOU,75,Touchdown,7,6,4
2023,9,HOU,TB,75,Field goal,3,7,3
2023,9,TB,HOU,73,Punt,0,3,0
2023,9,HOU,TB,78,Punt,0,3,0
2023,9,TB,HOU,61,Touchdown,7,10,4
2023,9,HOU,TB,75,Touchdown,7,6,4
2023,9,TB,HOU,75,Turnover,0,1,0
2023,9,PIT,TEN,78,Touchdown,7,10,5
2023,9,TEN,PIT,90,Field goal,3,14,5
2023,9,PIT,TEN,75,Punt,0,3,0
2023,9,TEN,PIT,82,Punt,0,4,1
2023,9,PIT,TEN,83,Punt,0,3,0
2023,9,TEN,PIT,73,Touchdown,7,11,5
2023,9,PIT,TEN,76,Field goal,3,10,5
2023,9,TEN,PIT,75,Field goal,3,8,3
2023,9,TEN,PIT,75,Punt,0,3,0
2023,9,PIT,TEN,87,Field goal,3,15,5
2023,9,TEN,PIT,75,Field goal,3,9,3
2023,9,PIT,TEN,75,Punt,0,6,1
2023,9,TEN,PIT,92,Punt,0,6,2
2023,9,PIT,TEN,92,Touchdown,7,11,6
2023,9,TEN,PIT,52,Turnover on downs,0,4,0
2023,9,PIT,TEN,53,Punt,0,3,0
2023,9,TEN,PIT,85,Turnover,0,12,4
2023,9,PIT,TEN,80,End of half,0,1,0
2023,9,WAS,NE,64,Punt,0,3,0
2023,9,NE,WAS,84,Turnover on downs,0,11,3
2023,9,WAS,NE,61,Field goal,3,9,2
2023,9,NE,WAS,75,Punt,0,3,0
2023,9,WAS,NE,80,Touchdown,7,11,5
2023,9,NE,WAS,75,Punt,0,3,0
2023,9,WAS,NE,86,Turnover,0,2,0
2023,9,NE,WAS,25,Touchdown,7,3,2
2023,9,WAS,NE,83,Punt,0,5,1
2023,9,NE,WAS,84,Touchdown,7,2,2
2023,9,WAS,NE,80,Turnover,0,15,6
2023,9,NE,WAS,86,End of half,0,1,0
2023,9,NE,WAS,75,Field goal,3,12,4
2023,9,WAS,NE,75,Touchdown,7,7,4
2023,9,NE,WAS,75,Punt,0,5,1
2023,9,WAS,NE,76,Field goal,3,8,2
2023,9,NE,WAS,75,Punt,0,5,1
2023,9,WAS,NE,80,Punt,0,6,1
2023,9,NE,WAS,95,Punt,0,5,1
2023,9,WAS,NE,66,Punt,0,3,0
2023,9,NE,WAS,91,Punt,0,5,1
2023,9,WAS,NE,95,Punt,0,9,2
2023,9,NE,WAS,91,Turnover,0,9,3
2023,9,WAS,NE,67,End of half,0,1,0
2023,10,ARI,ATL,80,Punt,0,3,0
2023,10,ATL,ARI,62,Punt,0,3,0
2023,10,ARI,ATL,96,Field goal,3,15,5
2023,10,ATL,ARI,75,Touchdown,7,12,5
2023,10,ARI,ATL,75,Field goal,3,6,2
2023,10,ATL,ARI,75,Touchdown,7,13,7
2023,10,ARI,ATL,75,Touchdown,7,9,4
2023,10,ATL,ARI,75,End of half,0,1,0
2023,10,ATL,ARI,75,Punt,0,3,0
2023,10,ARI,ATL,76,Field goal,3,9,3
2023,10,ATL,ARI,75,Punt,0,4,0
2023,10,ARI,ATL,75,Turnover,0,1,0
2023,10,ATL,ARI,14,Field goal,3,4,0
2023,10,ARI,ATL,75,Punt,0,3,0
2023,10,ATL,ARI,84,Punt,0,3,0
2023,10,ARI,ATL,21,Touchdown,7,3,2
2023,10,ATL,ARI,75,Turnover on downs,0,15,4
2023,10,ARI,ATL,79,Punt,0,4,1
2023,10,ATL,ARI,74,Touchdown,7,8,4
2023,10,ARI,ATL,75,Field goal,3,11,3
2023,10,CHI,CAR,75,Punt,0,4,1
2023,10,CAR,CHI,80,Punt,0,9,3
2023,10,CHI,CAR,99,Opp touchdown,0,6,1
2023,10,CHI,CAR,75,Field goal,3,8,3
2023,10,CAR,CHI,75,Field goal,3,8,2
2023,10,CHI,CAR,75,Punt,0,7,2
2023,10,CAR,CHI,91,Punt,0,3,0
2023,10,CHI,CAR,53,Field goal,3,11,2
2023,10,CAR,CHI,73,Punt,0,5,1
2023,10,CHI,CAR,91,Field goal,3,9,4
2023,10,CAR,CHI,75,Punt,0,3,0
2023,10,CHI,CAR,73,Punt,0,3,0
2023,10,CAR,CHI,91,Punt,0,3,0
2023,10,CHI,CAR,38,Touchdown,7,9,4
2023,10,CAR,CHI,75,Punt,0,6,2
2023,10,CHI,CAR,89,Punt,0,5,1
2023,10,CAR,CHI,40,Field goal,3,8,1
2023,10,CHI,CAR,75,Punt,0,7,2
2023,10,CAR,CHI,91,Missed field goal,0,15,3
2023,10,CHI,CAR,51,End of half,0,4,1
2023,10,CLE,BAL,75,Opp touchdown,0,2,0
2023,10,CLE,BAL,75,Punt,0,4,1
2023,10,BAL,CLE,79,Touchdown,7,5,3
2023,10,CLE,BAL,67,Field goal,3,10,3
2023,10,BAL,CLE,75,Field goal,3,8,3
2023,10,CLE,BAL,75,Punt,0,3,0
2023,10,BAL,CLE,60,Punt,0,3,0
2023,10,CLE,BAL,80,Field goal,3,12,4
2023,10,BAL,CLE,74,Missed field goal,0,9,3
2023,10,CLE,BAL,38,Field goal,3,6,1
2023,10,BAL,CLE,75,Turnover,0,2,0
2023,10,CLE,BAL,53,Turnover on downs,0,7,1
2023,10,BAL,CLE,78,Touchdown,7,6,3
2023,10,CLE,BAL,75,Touchdown,7,17,6
2023,10,BAL,CLE,75,Punt,0,4,1
2023,10,BAL,CLE,12,Touchdown,7,7,3
2023,10,CLE,BAL,75,Touchdown,7,6,4
2023,10,BAL,CLE,75,Opp touchdown,0,2,0
2023,10,BAL,CLE,75,Punt,0,6,1
2023,10,CLE,BAL,80,Field goal,3,12,4
2023,10,BUF,DEN,75,Turnover,0,1,0
2023,10,DEN,BUF,28,Field goal,3,4,0
2023,10,BUF,DEN,75,Turnover,0,8,2
2023,10,DEN,BUF,88,Punt,0,7,2
2023,10,BUF,DEN,80,Punt,0,5,1
2023,10,DEN,BUF,79,Punt,0,8,2
2023,10,BUF,DEN,80,Punt,0,3,0
2023,10,DEN,BUF,52,Touchdown,7,7,4
2023,10,BUF,DEN,81,Touchdown,7,8,5
2023,10,DEN,BUF,75,Field goal,3,8,2
2023,10,BUF,DEN,75,Turnover,0,1,0
2023,10,DEN,BUF,31,Field goal,3,4,0
2023,10,DEN,BUF,75,Punt,0,3,0
2023,10,BUF,DEN,61,Turnover on downs,0,4,0
2023,10,DEN,BUF,47,Turnover,0,3,0
2023,10,BUF,DEN,54,Touchdown,7,7,4
2023,10,DEN,BUF,61,Punt,0,6,1
2023,10,BUF,DEN,89,Turnover,0,3,1
2023,10,DEN,BUF,48,Punt,0,3,0
2023,10,BUF,DEN,89,Punt,0,6,2
2023,10,DEN,BUF,54,Touchdown,7,12,5
2023,10,BUF,DEN,75,Touchdown,7,6,3
2023,10,DEN,BUF,75,Field goal,3,10,3
2023,10,LAC,DET,75,Punt,0,3,0
2023,10,DET,LAC,75,Field goal,3,7,2
2023,10,LAC,DET,75,Field goal,3,8,2
2023,10,DET,LAC,75,Touchdown,7,5,4
2023,10,LAC,DET,75,Turnover,0,2,0
2023,10,DET,LAC,33,Turnover on downs,0,12,2
2023,10,LAC,DET,98,Punt,0,3,0
2023,10,DET,LAC,60,Touchdown,7,9,4
2023,10,LAC,DET,75,Touchdown,7,10,4
2023,10,DET,LAC,75,Touchdown,7,1,1
2023,10,LAC,DET,75,Touchdown,7,10,4
2023,10,DET,LAC,75,End of half,0,1,0
2023,10,DET,LAC,75,Punt,0,8,2
2023,10,LAC,DET,92,Touchdown,7,10,5
2023,10,DET,LAC,75,Touchdown,7,7,3
2023,10,LAC,DET,75,Touchdown,7,16,6
2023,10,DET,LAC,75,Touchdown,7,7,3
2023,10,LAC,DET,68,Touchdown,7,7,3
2023,10,DET,LAC,75,Field goal,3,9,2
2023,10,PIT,GB,75,Touchdown,7,9,6
2023,10,GB,PIT,69,Touchdown,7,10,4
2023,10,PIT,GB,60,Touchdown,7,11,5
2023,10,GB,PIT,77,Punt,0,3,0
2023,10,PIT,GB,54,Field goal,3,8,2
2023,10,GB,PIT,87,Touchdown,7,7,4
2023,10,PIT,GB,85,Punt,0,3,0
2023,10,GB,PIT,54,Punt,0,3,0
2023,10,PIT,GB,91,Punt,0,5,2
2023,10,GB,PIT,85,End of half,0,2,0
2023,10,GB,PIT,44,Field goal,3,11,2
2023,10,PIT,GB,78,Punt,0,3,0
2023,10,GB,PIT,78,Field goal,3,9,2
2023,10,PIT,GB,66,Field goal,3,5,1
2023,10,GB,PIT,66,Punt,0,3,0
2023,10,PIT,GB,75,Punt,0,5,1
2023,10,GB,PIT,91,Punt,0,6,1
2023,10,PIT,GB,66,Field goal,3,8,3
2023,10,GB,PIT,75,Turnover,0,6,2
2023,10,PIT,GB,76,Punt,0,6,1
2023,10,GB,PIT,81,Turnover,0,7,2
2023,10,CIN,HOU,75,Touchdown,7,10,4
2023,10,HOU,CIN,75,Punt,0,5,1
2023,10,CIN,HOU,88,Punt,0,7,2
2023,10,HOU,CIN,82,Turnover,0,9,3
2023,10,CIN,HOU,89,Punt,0,3,0
2023,10,HOU,CIN,66,Touchdown,7,7,5
2023,10,CIN,HOU,75,Punt,0,3,0
2023,10,HOU,CIN,80,Turnover,0,7,2
2023,10,CIN,HOU,72,Punt,0,3,0
2023,10,HOU,CIN,88,Field goal,3,9,2
2023,10,CIN,HOU,91,End of half,0,1,0
2023,10,HOU,CIN,75,Field goal,3,11,4
2023,10,CIN,HOU,75,Punt,0,3,0
2023,10,HOU,CIN,59,Touchdown,7,2,3
2023,10,CIN,HOU,75,Field goal,3,7,3
2023,10,HOU,CIN,75,Punt,0,3,0
2023,10,CIN,HOU,73,Touchdown,7,3,2
2023,10,HOU,CIN,75,Touchdown,7,6,4
2023,10,CIN,HOU,76,Turnover,0,7,2
2023,10,HOU,CIN,76,Punt,0,6,2
2023,10,CIN,HOU,92,Turnover,0,7,4
2023,10,HOU,CIN,80,Turnover,0,3,0
2023,10,CIN,HOU,4,Touchdown,7,2,2
2023,10,HOU,CIN,75,Punt,0,3,0
2023,10,CIN,HOU,71,Field goal,3,6,1
2023,10,HOU,CIN,75,Field goal,3,6,2
2023,10,NE,IND,80,Field goal,3,13,4
2023,10,IND,NE,75,Touchdown,7,14,5
2023,10,NE,IND,75,Punt,0,6,1
2023,10,IND,NE,87,Punt,0,3,0
2023,10,NE,IND,82,Punt,0,3,0
2023,10,IND,NE,71,Punt,0,3,0
2023,10,NE,IND,80,Punt,0,3,0
2023,10,IND,NE,80,Punt,0,6,2
2023,10,NE,IND,87,Punt,0,5,1
2023,10,IND,NE,80,Missed field goal,0,7,3
2023,10,NE,IND,53,End of half,0,1,1
2023,10,IND,NE,75,Turnover,0,4,1
2023,10,IND,NE,75,Punt,0,5,1
2023,10,NE,IND,94,Field goal,3,15,6
2023,10,IND,NE,53,Field goal,3,7,1
2023,10,NE,IND,75,Turnover,0,9,4
2023,10,IND,NE,95,Punt,0,6,1
2023,10,NE,IND,86,Turnover,0,8,2
2023,10,IND,NE,58,End of half,0,1,0
2023,10,MIN,NO,75,Field goal,3,8,2
2023,10,NO,MIN,75,Punt,0,7,2
2023,10,MIN,NO,80,Punt,0,3,0
2023,10,NO,MIN,76,Field goal,3,10,3
2023,10,MIN,NO,75,Touchdown,7,11,5
2023,10,NO,MIN,75,Punt,0,3,0
2023,10,MIN,NO,82,Touchdown,7,9,5
2023,10,NO,MIN,71,Punt,0,3,0
2023,10,MIN,NO,76,Touchdown,7,7,5
2023,10,NO,MIN,73,End of half,0,2,1
2023,10,NO,MIN,75,Punt,0,3,0
2023,10,MIN,NO,64,Field goal,3,7,3
2023,10,NO,MIN,75,Touchdown,7,10,5
2023,10,MIN,NO,75,Punt,0,3,0
2023,10,NO,MIN,84,Punt,0,3,0
2023,10,MIN,NO,53,Missed field goal,0,7,1
2023,10,NO,MIN,56,Touchdown,7,9,3
2023,10,MIN,NO,75,Punt,0,7,2
2023,10,NO,MIN,93,Punt,0,3,0
2023,10,MIN,NO,53,Punt,0,3,0
2023,10,NO,MIN,83,Turnover,0,6,1
2023,10,MIN,NO,82,Punt,0,3,0
2023,10,NO,MIN,51,Turnover,0,2,1
2023,10,MIN,NO,87,Punt,0,3,0
2023,10,NO,MIN,48,End of half,0,1,0
2023,10,DAL,NYG,75,Turnover on downs,0,10,3
2023,10,NYG,DAL,99,Punt,0,3,0
2023,10,DAL,NYG,54,Punt,0,3,0
2023,10,NYG,DAL,94,Punt,0,3,0
2023,10,DAL,NYG,46,Touchdown,7,5,4
2023,10,NYG,DAL,75,Punt,0,5,1
2023,10,DAL,NYG,80,Turnover,0,3,0
2023,10,NYG,DAL,12,Turnover on downs,0,4,0
2023,10,DAL,NYG,96,Touchdown,7,8,6
2023,10,NYG,DAL,75,Punt,0,3,0
2023,10,DAL,NYG,54,Touchdown,7,6,3
2023,10,NYG,DAL,75,Punt,0,3,0
2023,10,DAL,NYG,85,Touchdown,7,7,4
2023,10,NYG,DAL,69,End of half,0,1,0
2023,10,NYG,DAL,75,Punt,0,3,0
2023,10,DAL,NYG,65,Punt,0,3,0
2023,10,NYG,DAL,91,Touchdown,7,7,7
2023,10,DAL,NYG,86,Touchdown,7,6,3
2023,10,NYG,DAL,75,Turnover,0,1,0
2023,10,DAL,NYG,77,Touchdown,7,8,3
2023,10,NYG,DAL,75,Punt,0,4,1
2023,10,DAL,NYG,91,Turnover,0,6,1
2023,10,NYG,DAL,27,Field goal,3,5,1
2023,10,DAL,NYG,75,Touchdown,7,11,5
2023,10,NYG,DAL,75,Touchdown,7,14,6
2023,10,DAL,NYG,75,End of half,0,1,0
2023,10,LV,NYJ,75,Punt,0,3,0
2023,10,NYJ,LV,78,Field goal,3,8,2
2023,10,LV,NYJ,75,Field goal,3,6,1
2023,10,NYJ,LV,75,Field goal,3,9,2
2023,10,LV,NYJ,75,Turnover,0,2,0
2023,10,NYJ,LV,26,Field goal,3,8,1
2023,10,LV,NYJ,75,Punt,0,3,0
2023,10,NYJ,LV,81,Punt,0,4,1
2023,10,LV,NYJ,80,Punt,0,11,4
2023,10,NYJ,LV,86,Punt,0,6,1
2023,10,LV,NYJ,80,Field goal,3,8,3
2023,10,NYJ,LV,75,Punt,0,4,0
2023,10,LV,NYJ,69,Punt,0,3,0
2023,10,NYJ,LV,85,Punt,0,3,0
2023,10,LV,NYJ,45,Field goal,3,11,2
2023,10,NYJ,LV,87,Punt,0,3,0
2023,10,LV,NYJ,53,Touchdown,7,5,2
2023,10,NYJ,LV,75,Field goal,3,6,2
2023,10,LV,NYJ,75,Turnover,0,10,3
2023,10,NYJ,LV,76,Turnover,0,11,4
2023,10,LV,NYJ,60,Punt,0,3,0
2023,10,NYJ,LV,80,End of half,0,5,1
2023,10,JAX,SF,75,Punt,0,3,0
2023,10,SF,JAX,57,Touchdown,7,4,3
2023,10,JAX,SF,75,Punt,0,3,0
2023,10,SF,JAX,62,Field goal,3,10,3
2023,10,JAX,SF,77,Punt,0,6,1
2023,10,SF,JAX,80,Punt,0,3,0
2023,10,JAX,SF,57,Turnover,0,4,1
2023,10,SF,JAX,51,Punt,0,3,0
2023,10,JAX,SF,99,Field goal,3,14,5
2023,10,SF,JAX,78,Field goal,3,11,4
2023,10,SF,JAX,75,Touchdown,7,2,1
2023,10,JAX,SF,75,Turnover,0,6,1
2023,10,SF,JAX,57,Punt,0,3,0
2023,10,JAX,SF,85,Turnover,0,8,3
2023,10,SF,JAX,81,Touchdown,7,7,4
2023,10,JAX,SF,77,Turnover,0,5,1
2023,10,SF,JAX,40,Touchdown,7,3,2
2023,10,JAX,SF,75,Punt,0,3,0
2023,10,SF,JAX,69,Turnover on downs,0,13,3
2023,10,JAX,SF,95,Punt,0,3,0
2023,10,SF,JAX,65,End of half,0,3,0
2023,10,TEN,TB,75,Field goal,3,12,5
2023,10,TB,TEN,75,Turnover,0,6,2
2023,10,TEN,TB,83,Punt,0,6,1
2023,10,TB,TEN,93,Punt,0,3,0
2023,10,TEN,TB,41,Missed field goal,0,4,0
2023,10,TB,TEN,59,Punt,0,3,0
2023,10,TEN,TB,76,Punt,0,3,0
2023,10,TB,TEN,85,Touchdown,7,6,3
2023,10,TEN,TB,75,Punt,0,3,0
2023,10,TB,TEN,69,Punt,0,8,2
2023,10,TEN,TB,93,End of half,0,1,0
2023,10,TB,TEN,75,Field goal,3,11,3
2023,10,TEN,TB,75,Punt,0,6,1
2023,10,TB,TEN,80,Touchdown,7,8,3
2023,10,TEN,TB,75,Field goal,3,11,4
2023,10,TB,TEN,75,Field goal,3,11,6
2023,10,TEN,TB,75,Turnover,0,4,1
2023,10,TB,TEN,42,Punt,0,3,0
2023,10,TEN,TB,68,Turnover on downs,0,5,1
2023,10,TB,TEN,54,Punt,0,3,0
2023,10,TEN,TB,80,Turnover on downs,0,7,1
2023,10,TB,TEN,34,End of half,0,1,0
2023,10,WAS,SEA,65,Touchdown,7,4,2
2023,10,SEA,WAS,75,Field goal,3,9,3
2023,10,WAS,SEA,71,Punt,0,5,1
2023,10,SEA,WAS,85,Punt,0,6,1
2023,10,WAS,SEA,72,Field goal,3,10,2
2023,10,SEA,WAS,75,Field goal,3,10,3
2023,10,WAS,SEA,76,Punt,0,3,0
2023,10,SEA,WAS,64,Punt,0,3,0
2023,10,WAS,SEA,81,Punt,0,3,0
2023,10,SEA,WAS,69,Field goal,3,10,3
2023,10,WAS,SEA,75,Punt,0,3,0
2023,10,SEA,WAS,72,End of half,0,5,3
2023,10,SEA,WAS,75,Punt,0,3,0
2023,10,WAS,SEA,70,Field goal,3,6,1
2023,10,SEA,WAS,75,Touchdown,7,2,2
2023,10,WAS,SEA,75,Turnover,0,2,0
2023,10,SEA,WAS,52,Punt,0,3,0
2023,10,WAS,SEA,80,Punt,0,9,2
2023,10,SEA,WAS,81,Field goal,3,11,4
2023,10,WAS,SEA,73,Touchdown,7,8,5
2023,10,SEA,WAS,75,Touchdown,7,10,6
2023,10,WAS,SEA,71,Touchdown,7,10,3
2023,10,SEA,WAS,75,Field goal,3,7,2
2023,11,ARI,HOU,75,Touchdown,7,3,3
2023,11,HOU,ARI,75,Turnover on downs,0,11,3
2023,11,ARI,HOU,85,Punt,0,3,0
2023,11,HOU,ARI,61,Touchdown,7,5,3
2023,11,ARI,HOU,75,Field goal,3,9,3
2023,11,HOU,ARI,75,Touchdown,7,10,5
2023,11,ARI,HOU,75,Turnover,0,1,0
2023,11,HOU,ARI,75,Turnover,0,10,4
2023,11,ARI,HOU,80,Punt,0,6,1
2023,11,HOU,ARI,74,Touchdown,7,6,3
2023,11,ARI,HOU,73,End of half,0,3,1
2023,11,HOU,ARI,75,Missed field goal,0,10,2
2023,11,ARI,HOU,62,Touchdown,7,12,6
2023,11,HOU,ARI,75,Punt,0,3,0
2023,11,ARI,HOU,68,Turnover on downs,0,8,3
2023,11,HOU,ARI,78,Punt,0,3,0
2023,11,HOU,ARI,25,Turnover,0,4,1
2023,11,ARI,HOU,51,Turnover on downs,0,4,0
2023,11,HOU,ARI,55,Turnover,0,5,1
2023,11,ARI,HOU,81,Turnover on downs,0,10,3
2023,11,HOU,ARI,73,End of half,0,1,0
2023,11,CHI,DET,75,Touchdown,7,10,7
2023,11,DET,CHI,75,Turnover,0,7,2
2023,11,CHI,DET,63,Punt,0,9,2
2023,11,DET,CHI,80,Turnover,0,4,2
2023,11,CHI,DET,63,Turnover,0,2,0
2023,11,DET,CHI,34,Touchdown,7,8,3
2023,11,CHI,DET,75,Field goal,3,15,4
2023,11,DET,CHI,75,Touchdown,7,10,5
2023,11,CHI,DET,75,End of half,0,1,0
2023,11,DET,CHI,75,Punt,0,4,1
2023,11,CHI,DET,85,Field goal,3,10,4
2023,11,CHI,DET,40,Touchdown,7,3,2
2023,11,DET,CHI,75,Turnover,0,5,1
2023,11,CHI,DET,43,Field goal,3,7,1
2023,11,DET,CHI,75,Punt,0,3,0
2023,11,CHI,DET,91,Field goal,3,14,5
2023,11,DET,CHI,75,Touchdown,7,6,3
2023,11,CHI,DET,75,Punt,0,3,0
2023,11,DET,CHI,73,Touchdown,7,11,6
2023,11,CHI,DET,75,Safety,0,1,0
2023,11,DET,CHI,41,End of half,0,1,0
2023,11,BAL,CIN,75,Touchdown,7,9,5
2023,11,CIN,BAL,75,Field goal,3,7,2
2023,11,BAL,CIN,75,Punt,0,3,0
2023,11,CIN,BAL,62,Punt,0,3,0
2023,11,BAL,CIN,69,Punt,0,3,0
2023,11,CIN,BAL,58,Missed field goal,0,7,2
2023,11,BAL,CIN,57,Punt,0,4,1
2023,11,CIN,BAL,82,Touchdown,7,12,5
2023,11,BAL,CIN,75,Touchdown,7,7,2
2023,11,CIN,BAL,75,Punt,0,5,2
2023,11,BAL,CIN,80,Touchdown,7,7,5
2023,11,CIN,BAL,75,End of half,0,1,0
2023,11,CIN,BAL,75,Field goal,3,10,3
2023,11,BAL,CIN,75,Field goal,3,10,4
2023,11,CIN,BAL,75,Punt,0,3,0
2023,11,BAL,CIN,56,Field goal,3,5,1
2023,11,CIN,BAL,75,Punt,0,3,0
2023,11,BAL,CIN,65,Punt,0,6,1
2023,11,CIN,BAL,80,Punt,0,3,0
2023,11,BAL,CIN,68,Touchdown,7,6,3
2023,11,CIN,BAL,75,Touchdown,7,8,6
2023,11,BAL,CIN,42,End of half,0,2,0
2023,11,DAL,CAR,75,Punt,0,3,0
2023,11,CAR,DAL,87,Punt,0,10,3
2023,11,DAL,CAR,83,Touchdown,7,10,5
2023,11,CAR,DAL,75,Punt,0,5,1
2023,11,DAL,CAR,80,Field goal,3,12,4
2023,11,CAR,DAL,75,Punt,0,3,0
2023,11,DAL,CAR,83,Punt,0,5,1
2023,11,CAR,DAL,74,Field goal,3,10,3
2023,11,DAL,CAR,60,Touchdown,7,11,4
2023,11,CAR,DAL,75,End of half,0,1,0
2023,11,CAR,DAL,75,Punt,0,4,0
2023,11,DAL,CAR,80,Punt,0,5,1
2023,11,CAR,DAL,70,Touchdown,7,17,5
2023,11,DAL,CAR,75,Touchdown,7,8,4
2023,11,CAR,DAL,75,Opp touchdown,0,1,0
2023,11,CAR,DAL,75,Turnover,0,6,1
2023,11,DAL,CAR,27,Field goal,3,7,1
2023,11,CAR,DAL,72,Punt,0,3,0
2023,11,DAL,CAR,73,End of half,0,9,3
2023,11,GB,LAC,92,Turnover on downs,0,7,2
2023,11,LAC,GB,49,Turnover on downs,0,4,0
2023,11,GB,LAC,57,Punt,0,3,0
2023,11,LAC,GB,86,Field goal,3,12,3
2023,11,GB,LAC,69,Touchdown,7,6,3
2023,11,LAC,GB,75,Touchdown,7,6,2
2023,11,GB,LAC,83,Missed field goal,0,10,3
2023,11,LAC,GB,58,Punt,0,3,0
2023,11,GB,LAC,81,Field goal,3,16,5
2023,11,LAC,GB,77,End of half,0,1,0
2023,11,LAC,GB,78,Field goal,3,10,3
2023,11,GB,LAC,75,Punt,0,10,3
2023,11,LAC,GB,90,Punt,0,3,0
2023,11,GB,LAC,70,Touchdown,7,5,3
2023,11,LAC,GB,75,Turnover,0,5,3
2023,11,GB,LAC,94,Punt,0,6,1
2023,11,LAC,GB,63,Touchdown,7,11,5
2023,11,GB,LAC,75,Touchdown,7,6,3
2023,11,LAC,GB,75,Punt,0,3,0
2023,11,GB,LAC,59,Punt,0,3,0
2023,11,LAC,GB,80,Turnover on downs,0,6,1
2023,11,GB,LAC,35,End of half,0,1,0
2023,11,LV,MIA,75,Punt,0,4,1
2023,11,MIA,LV,86,Turnover,0,3,0
2023,11,LV,MIA,30,Field goal,3,7,1
2023,11,MIA,LV,75,Touchdown,7,8,4
2023,11,LV,MIA,75,Touchdown,7,4,3
2023,11,MIA,LV,75,Turnover on downs,0,12,4
2023,11,LV,MIA,93,Punt,0,3,0
2023,11,MIA,LV,63,Touchdown,7,9,5
2023,11,LV,MIA,75,Punt,0,3,0
2023,11,MIA,LV,88,Turnover,0,2,1
2023,11,LV,MIA,32,Field goal,3,4,0
2023,11,MIA,LV,75,End of half,0,1,1
2023,11,MIA,LV,75,Turnover,0,1,0
2023,11,LV,MIA,68,Punt,0,3,0
2023,11,MIA,LV,79,Missed field goal,0,8,2
2023,11,LV,MIA,60,Turnover,0,1,0
2023,11,MIA,LV,53,Field goal,3,7,1
2023,11,LV,MIA,75,Punt,0,3,0
2023,11,MIA,LV,85,Field goal,3,8,2
2023,11,LV,MIA,75,Punt,0,6,1
2023,11,MIA,LV,90,Punt,0,3,0
2023,11,MIA,LV,69,Punt,0,3,0
2023,11,LV,MIA,87,Turnover,0,8,2
2023,11,MIA,LV,62,Punt,0,5,1
2023,11,LV,MIA,93,Turnover,0,9,3
2023,11,MIA,LV,80,End of half,0,1,0
2023,11,MIN,DEN,75,Turnover,0,3,0
2023,11,DEN,MIN,30,Field goal,3,6,1
2023,11,MIN,DEN,75,Punt,0,6,2
2023,11,DEN,MIN,80,Punt,0,3,0
2023,11,MIN,DEN,65,Touchdown,7,10,4
2023,11,DEN,MIN,75,Punt,0,3,0
2023,11,MIN,DEN,71,Field goal,3,9,2
2023,11,DEN,MIN,75,Field goal,3,7,2
2023,11,MIN,DEN,75,Punt,0,6,1
2023,11,DEN,MIN,80,Field goal,3,7,2
2023,11,DEN,MIN,75,Punt,0,4,0
2023,11,MIN,DEN,69,Touchdown,7,9,4
2023,11,DEN,MIN,75,Punt,0,3,0
2023,11,MIN,DEN,80,Turnover,0,6,2
2023,11,DEN,MIN,66,Field goal,3,9,3
2023,11,MIN,DEN,75,Turnover,0,1,0
2023,11,DEN,MIN,9,Field goal,3,4,0
2023,11,MIN,DEN,75,Field goal,3,14,3
2023,11,DEN,MIN,75,Touchdown,7,10,5
2023,11,MIN,DEN,75,Turnover on downs,0,8,1
2023,11,DEN,MIN,21,End of half,0,1,0
2023,11,NYG,WAS,75,Punt,0,6,1
2023,11,WAS,NYG,80,Turnover,0,4,1
2023,11,NYG,WAS,87,Punt,0,3,0
2023,11,WAS,NYG,64,Turnover,0,2,1
2023,11,NYG,WAS,45,Touchdown,7,4,2
2023,11,WAS,NYG,75,Field goal,3,9,4
2023,11,NYG,WAS,75,Punt,0,3,0
2023,11,WAS,NYG,74,Punt,0,3,0
2023,11,NYG,WAS,75,Turnover on downs,0,8,2
2023,11,WAS,NYG,65,Punt,0,3,0
2023,11,NYG,WAS,62,Touchdown,7,6,2
2023,11,WAS,NYG,75,Touchdown,7,12,6
2023,11,NYG,WAS,75,Punt,0,3,0
2023,11,WAS,NYG,59,End of half,0,3,0
2023,11,NYG,WAS,34,Punt,0,3,0
2023,11,WAS,NYG,92,Field goal,3,13,4
2023,11,NYG,WAS,75,Punt,0,4,1
2023,11,WAS,NYG,77,Turnover,0,5,2
2023,11,NYG,WAS,68,Touchdown,7,5,3
2023,11,WAS,NYG,75,Turnover,0,5,1
2023,11,NYG,WAS,64,Field goal,3,7,2
2023,11,WAS,NYG,75,Touchdown,7,12,5
2023,11,NYG,WAS,75,Punt,0,3,0
2023,11,WAS,NYG,81,Opp touchdown,0,7,3
2023,11,WAS,NYG,61,End of half,0,1,1
2023,11,BUF,NYJ,21,Field goal,3,4,0
2023,11,NYJ,BUF,75,Punt,0,4,1
2023,11,BUF,NYJ,70,Field goal,3,14,4
2023,11,NYJ,BUF,66,Punt,0,5,1
2023,11,BUF,NYJ,80,Field goal,3,9,4
2023,11,NYJ,BUF,75,Punt,0,3,0
2023,11,BUF,NYJ,66,Punt,0,8,2
2023,11,NYJ,BUF,91,Turnover,0,2,1
2023,11,BUF,NYJ,23,Touchdown,7,5,3
2023,11,NYJ,BUF,84,Touchdown,7,11,5
2023,11,BUF,NYJ,75,Turnover,0,6,2
2023,11,BUF,NYJ,75,Touchdown,7,8,3
2023,11,NYJ,BUF,75,Punt,0,5,1
2023,11,BUF,NYJ,86,Touchdown,7,2,1
2023,11,NYJ,BUF,75,Punt,0,5,1
2023,11,BUF,NYJ,75,Punt,0,3,0
2023,11,NYJ,BUF,66,Turnover,0,6,2
2023,11,BUF,NYJ,61,Punt,0,5,1
2023,11,NYJ,BUF,76,Punt,0,3,0
2023,11,BUF,NYJ,54,Field goal,3,7,1
2023,11,NYJ,BUF,79,Turnover,0,10,2
2023,11,BUF,NYJ,57,End of half,0,4,1
2023,11,KC,PHI,75,Punt,0,3,0
2023,11,PHI,KC,57,Punt,0,3,0
2023,11,KC,PHI,80,Touchdown,7,10,5
2023,11,PHI,KC,75,Touchdown,7,9,6
2023,11,KC,PHI,75,Punt,0,3,0
2023,11,PHI,KC,61,Turnover,0,4,1
2023,11,KC,PHI,70,Turnover,0,9,4
2023,11,PHI,KC,80,Punt,0,4,1
2023,11,KC,PHI,45,Touchdown,7,7,3
2023,11,PHI,KC,75,Punt,0,3,0
2023,11,KC,PHI,46,Field goal,3,6,1
2023,11,PHI,KC,75,Punt,0,3,0
2023,11,KC,PHI,79,Punt,0,4,1
2023,11,PHI,KC,75,Punt,0,3,0
2023,11,KC,PHI,71,Punt,0,3,0
2023,11,PHI,KC,61,Touchdown,7,7,3
2023,11,KC,PHI,75,Turnover,0,12,5
2023,11,PHI,KC,90,Punt,0,3,0
2023,11,KC,PHI,63,Punt,0,6,1
2023,11,PHI,KC,80,Touchdown,7,7,4
2023,11,KC,PHI,75,Punt,0,3,0
2023,11,PHI,KC,56,Punt,0,5,1
2023,11,KC,PHI,91,Turnover on downs,0,9,3
2023,11,PHI,KC,34,End of half,0,3,0
2023,11,CLE,PIT,75,Punt,0,8,2
2023,11,PIT,CLE,91,Punt,0,3,0
2023,11,PIT,CLE,75,Punt,0,5,1
2023,11,CLE,PIT,90,Punt,0,3,0
2023,11,PIT,CLE,84,Punt,0,8,2
2023,11,CLE,PIT,89,Punt,0,3,0
2023,11,PIT,CLE,67,Punt,0,5,1
2023,11,CLE,PIT,83,Field goal,3,17,7
2023,11,PIT,CLE,75,End of half,0,1,0
2023,11,PIT,CLE,75,Touchdown,7,2,1
2023,11,CLE,PIT,75,Punt,0,9,2
2023,11,PIT,CLE,87,Punt,0,3,0
2023,11,CLE,PIT,64,Punt,0,3,0
2023,11,PIT,CLE,80,Punt,0,7,1
2023,11,CLE,PIT,48,Turnover,0,6,1
2023,11,PIT,CLE,77,Punt,0,3,0
2023,11,CLE,PIT,45,Punt,0,3,0
2023,11,PIT,CLE,72,Field goal,3,13,4
2023,11,CLE,PIT,75,Punt,0,3,0
2023,11,PIT,CLE,52,Punt,0,4,1
2023,11,CLE,PIT,86,Punt,0,5,1
2023,11,PIT,CLE,70,Punt,0,3,0
2023,11,CLE,PIT,65,Field goal,3,8,3
2023,11,PIT,CLE,75,End of half,0,1,1
2023,11,LA,SEA,75,Punt,0,3,0
2023,11,SEA,LA,88,Touchdown,7,14,7
2023,11,LA,SEA,75,Turnover on downs,0,6,2
2023,11,SEA,LA,98,Field goal,3,15,4
2023,11,LA,SEA,75,Punt,0,3,0
2023,11,SEA,LA,68,Field goal,3,6,1
2023,11,LA,SEA,75,Touchdown,7,9,5
2023,11,SEA,LA,75,End of half,0,1,0
2023,11,SEA,LA,75,Punt,0,3,0
2023,11,LA,SEA,83,Punt,0,3,0
2023,11,SEA,LA,46,Field goal,3,8,1
2023,11,LA,SEA,75,Punt,0,4,1
2023,11,SEA,LA,70,Punt,0,4,1
2023,11,LA,SEA,95,Punt,0,6,1
2023,11,SEA,LA,64,Punt,0,3,0
2023,11,LA,SEA,68,Turnover,0,2,1
2023,11,SEA,LA,80,Punt,0,3,0
2023,11,LA,SEA,68,Touchdown,7,9,5
2023,11,SEA,LA,75,Turnover,0,3,0
2023,11,LA,SEA,79,Field goal,3,14,5
2023,11,SEA,LA,75,Missed field goal,0,7,2
2023,11,LA,SEA,55,End of half,0,1,0
2023,11,SF,TB,80,Punt,0,5,1
2023,11,TB,SF,63,Punt,0,3,0
2023,11,SF,TB,80,Touchdown,7,12,7
2023,11,TB,SF,85,Turnover,0,9,3
2023,11,SF,TB,65,Field goal,3,9,3
2023,11,TB,SF,75,Touchdown,7,10,6
2023,11,SF,TB,71,Field goal,3,8,2
2023,11,TB,SF,75,End of half,0,1,0
2023,11,TB,SF,77,Punt,0,5,1
2023,11,SF,TB,98,Touchdown,7,3,2
2023,11,TB,SF,90,Punt,0,7,2
2023,11,SF,TB,79,Touchdown,7,9,5
2023,11,TB,SF,75,Touchdown,7,5,4
2023,11,SF,TB,70,Punt,0,3,0
2023,11,TB,SF,80,Turnover on downs,0,17,5
2023,11,SF,TB,88,Punt,0,3,0
2023,11,TB,SF,13,Turnover,0,3,0
2023,11,SF,TB,80,Turnover on downs,0,7,2
2023,11,TB,SF,53,Turnover on downs,0,7,1
2023,11,SF,TB,52,End of half,0,2,0
2023,11,TEN,JAX,75,Punt,0,3,0
2023,11,JAX,TEN,86,Punt,0,6,1
2023,11,TEN,JAX,87,Turnover,0,4,2
2023,11,JAX,TEN,57,Touchdown,7,8,4
2023,11,TEN,JAX,74,Punt,0,13,3
2023,11,JAX,TEN,89,Field goal,3,11,4
2023,11,TEN,JAX,79,Punt,0,3,0
2023,11,JAX,TEN,71,Field goal,3,11,3
2023,11,TEN,JAX,75,End of half,0,1,0
2023,11,JAX,TEN,73,Touchdown,7,9,4
2023,11,TEN,JAX,82,Punt,0,3,0
2023,11,JAX,TEN,80,Touchdown,7,6,4
2023,11,TEN,JAX,75,Touchdown,7,5,3
2023,11,JAX,TEN,75,Punt,0,3,0
2023,11,JAX,TEN,36,Touchdown,7,9,3
2023,11,TEN,JAX,75,Touchdown,7,5,4
2023,11,JAX,TEN,46,Turnover on downs,0,8,1
2023,11,TEN,JAX,72,End of half,0,1,0
2023,12,LAC,BAL,75,Field goal,3,12,3
2023,12,BAL,LAC,75,Punt,0,7,2
2023,12,LAC,BAL,89,Punt,0,6,1
2023,12,BAL,LAC,78,Touchdown,7,12,7
2023,12,LAC,BAL,80,Punt,0,3,0
2023,12,BAL,LAC,62,Turnover on downs,0,9,2
2023,12,LAC,BAL,73,Turnover,0,2,0
2023,12,BAL,LAC,34,Field goal,3,5,1
2023,12,LAC,BAL,75,Turnover,0,3,1
2023,12,BAL,LAC,47,Turnover on downs,0,4,0
2023,12,LAC,BAL,49,Turnover,0,1,0
2023,12,BAL,LAC,75,Field goal,3,9,2
2023,12,LAC,BAL,75,Punt,0,3,0
2023,12,BAL,LAC,87,Punt,0,9,2
2023,12,LAC,BAL,85,Turnover,0,19,6
2023,12,BAL,LAC,77,Punt,0,3,0
2023,12,LAC,BAL,60,Touchdown,7,7,3
2023,12,BAL,LAC,75,Missed field goal,0,9,3
2023,12,LAC,BAL,66,Turnover on downs,0,6,1
2023,12,BAL,LAC,44,Touchdown,7,3,1
2023,12,LAC,BAL,75,Turnover on downs,0,5,1
2023,12,BAL,LAC,37,End of half,0,2,0
2023,12,BUF,PHI,75,Punt,0,3,0
2023,12,PHI,BUF,82,Punt,0,3,0
2023,12,BUF,PHI,68,Punt,0,12,3
2023,12,PHI,BUF,73,Touchdown,7,10,7
2023,12,BUF,PHI,75,Field goal,3,11,3
2023,12,PHI,BUF,75,Turnover,0,2,0
2023,12,BUF,PHI,29,Touchdown,7,4,2
2023,12,PHI,BUF,75,Punt,0,4,1
2023,12,BUF,PHI,95,Punt,0,6,1
2023,12,PHI,BUF,81,Punt,0,3,0
2023,12,BUF,PHI,67,Missed field goal,0,9,2
2023,12,PHI,BUF,76,Turnover,0,3,1
2023,12,BUF,PHI,36,Touchdown,7,5,2
2023,12,PHI,BUF,75,End of half,0,1,0
2023,12,PHI,BUF,75,Punt,0,3,0
2023,12,BUF,PHI,69,Missed field goal,0,8,2
2023,12,PHI,BUF,62,Touchdown,7,6,3
2023,12,BUF,PHI,70,Touchdown,7,9,4
2023,12,PHI,BUF,75,Touchdown,7,7,3
2023,12,BUF,PHI,75,Turnover,0,2,0
2023,12,PHI,BUF,24,Touchdown,7,3,1
2023,12,BUF,PHI,75,Punt,0,4,1
2023,12,PHI,BUF,68,Punt,0,3,0
2023,12,BUF,PHI,74,Touchdown,7,10,6
2023,12,PHI,BUF,75,Field goal,3,9,3
2023,12,BUF,PHI,75,End of half,0,1,0
2023,12,BUF,PHI,75,Field goal,3,12,3
2023,12,PHI,BUF,75,Touchdown,7,9,5
2023,12,TEN,CAR,80,Punt,0,4,1
2023,12,CAR,TEN,80,Punt,0,4,1
2023,12,TEN,CAR,91,Touchdown,7,15,7
2023,12,CAR,TEN,79,Field goal,3,14,4
2023,12,TEN,CAR,68,Punt,0,3,0
2023,12,CAR,TEN,96,Turnover,0,7,2
2023,12,TEN,CAR,15,Touchdown,7,2,1
2023,12,CAR,TEN,80,Punt,0,3,0
2023,12,TEN,CAR,67,Punt,0,3,0
2023,12,CAR,TEN,90,Punt,0,3,0
2023,12,TEN,CAR,62,Field goal,3,5,1
2023,12,CAR,TEN,67,Touchdown,7,11,5
2023,12,TEN,CAR,79,Punt,0,4,1
2023,12,CAR,TEN,88,Punt,0,9,3
2023,12,TEN,CAR,80,Punt,0,4,1
2023,12,CAR,TEN,89,Punt,0,5,2
2023,12,TEN,CAR,74,Punt,0,4,1
2023,12,CAR,TEN,91,Punt,0,8,2
2023,12,TEN,CAR,84,Punt,0,7,2
2023,12,CAR,TEN,80,Turnover on downs,0,4,0
2023,12,TEN,CAR,24,End of half,0,3,0
2023,12,CHI,MIN,77,Missed field goal,0,14,4
2023,12,MIN,CHI,62,Punt,0,3,0
2023,12,CHI,MIN,74,Field goal,3,10,3
2023,12,MIN,CHI,75,Turnover,0,4,1
2023,12,CHI,MIN,52,Punt,0,3,0
2023,12,MIN,CHI,88,Turnover,0,6,2
2023,12,CHI,MIN,65,Punt,0,4,1
2023,12,MIN,CHI,69,Punt,0,3,0
2023,12,CHI,MIN,82,Punt,0,4,1
2023,12,MIN,CHI,80,Field goal,3,7,3
2023,12,MIN,CHI,75,Turnover on downs,0,5,1
2023,12,CHI,MIN,55,Field goal,3,10,2
2023,12,MIN,CHI,75,Turnover,0,8,2
2023,12,CHI,MIN,69,Field goal,3,8,2
2023,12,MIN,CHI,75,Turnover,0,4,1
2023,12,CHI,MIN,38,Turnover,0,5,1
2023,12,MIN,CHI,77,Touchdown,7,8,4
2023,12,CHI,MIN,75,Turnover,0,5,1
2023,12,MIN,CHI,43,Punt,0,3,0
2023,12,CHI,MIN,78,Field goal,3,10,3
2023,12,MIN,CHI,66,End of half,0,1,1
2023,12,CLE,DEN,75,Punt,0,3,0
2023,12,DEN,CLE,80,Touchdown,7,9,4
2023,12,CLE,DEN,75,Turnover,0,6,1
2023,12,CLE,DEN,66,Punt,0,3,0
2023,12,DEN,CLE,80,Touchdown,7,13,5
2023,12,CLE,DEN,75,Field goal,3,13,4
2023,12,DEN,CLE,75,Punt,0,5,1
2023,12,CLE,DEN,73,Field goal,3,11,4
2023,12,DEN,CLE,75,End of half,0,1,0
2023,12,DEN,CLE,75,Punt,0,3,0
2023,12,CLE,DEN,79,Touchdown,7,13,6
2023,12,DEN,CLE,75,Field goal,3,9,4
2023,12,CLE,DEN,75,Turnover,0,4,1
2023,12,DEN,CLE,20,Touchdown,7,4,2
2023,12,CLE,DEN,75,Punt,0,3,0
2023,12,DEN,CLE,64,Punt,0,3,0
2023,12,CLE,DEN,77,Turnover,0,6,2
2023,12,DEN,CLE,58,Field goal,3,7,1
2023,12,CLE,DEN,75,Turnover on downs,0,6,1
2023,12,DEN,CLE,41,Punt,0,3,0
2023,12,CLE,DEN,95,Safety,0,3,0
2023,12,DEN,CLE,75,Punt,0,3,0
2023,12,CLE,DEN,67,End of half,0,1,0
2023,12,GB,DET,75,Touchdown,7,5,3
2023,12,DET,GB,73,Touchdown,7,7,4
2023,12,GB,DET,75,Touchdown,7,10,5
2023,12,DET,GB,75,Opp touchdown,0,2,0
2023,12,DET,GB,84,Turnover,0,3,0
2023,12,GB,DET,23,Turnover on downs,0,4,0
2023,12,DET,GB,86,Punt,0,8,2
2023,12,GB,DET,86,Field goal,3,9,3
2023,12,DET,GB,73,Turnover on downs,0,9,2
2023,12,GB,DET,65,Punt,0,5,1
2023,12,DET,GB,84,Punt,0,3,0
2023,12,GB,DET,56,Missed field goal,0,2,1
2023,12,DET,GB,72,Touchdown,7,7,4
2023,12,GB,DET,75,Punt,0,6,1
2023,12,DET,GB,97,Turnover on downs,0,6,1
2023,12,GB,DET,23,Touchdown,7,3,1
2023,12,DET,GB,75,Turnover,0,11,3
2023,12,GB,DET,61,Punt,0,5,1
2023,12,DET,GB,91,Turnover on downs,0,10,3
2023,12,GB,DET,88,Punt,0,6,1
2023,12,DET,GB,91,Touchdown,7,12,6
2023,12,GB,DET,43,End of half,0,1,0
2023,12,HOU,JAX,75,Punt,0,4,1
2023,12,JAX,HOU,87,Field goal,3,12,3
2023,12,HOU,JAX,75,Punt,0,3,0
2023,12,JAX,HOU,55,Punt,0,3,0
2023,12,HOU,JAX,91,Punt,0,6,1
2023,12,JAX,HOU,68,Touchdown,7,8,4
2023,12,HOU,JAX,75,Touchdown,7,5,3
2023,12,JAX,HOU,75,Field goal,3,8,2
2023,12,HOU,JAX,75,Missed field goal,0,10,3
2023,12,JAX,HOU,60,End of half,0,4,1
2023,12,JAX,HOU,84,Turnover,0,7,2
2023,12,HOU,JAX,46,Touchdown,7,7,3
2023,12,JAX,HOU,75,Touchdown,7,8,4
2023,12,HOU,JAX,75,Punt,0,4,1
2023,12,JAX,HOU,89,Field goal,3,10,4
2023,12,HOU,JAX,75,Turnover on downs,0,5,1
2023,12,JAX,HOU,46,Missed field goal,0,6,1
2023,12,HOU,JAX,55,Touchdown,7,5,2
2023,12,JAX,HOU,75,Punt,0,5,1
2023,12,HOU,JAX,89,Missed field goal,0,11,4
2023,12,JAX,HOU,52,End of half,0,1,0
2023,12,LV,KC,75,Touchdown,7,9,3
2023,12,KC,LV,75,Punt,0,3,0
2023,12,LV,KC,81,Missed field goal,0,14,4
2023,12,KC,LV,80,Punt,0,4,1
2023,12,LV,KC,77,Touchdown,7,2,2
2023,12,KC,LV,71,Touchdown,7,12,6
2023,12,LV,KC,75,Punt,0,5,1
2023,12,KC,LV,79,Touchdown,7,8,5
2023,12,LV,KC,73,End of half,0,2,1
2023,12,KC,LV,75,Touchdown,7,10,6
2023,12,LV,KC,75,Punt,0,3,0
2023,12,KC,LV,60,Punt,0,3,0
2023,12,LV,KC,76,Field goal,3,8,2
2023,12,KC,LV,75,Touchdown,7,6,3
2023,12,LV,KC,75,Punt,0,8,2
2023,12,KC,LV,93,Punt,0,4,1
2023,12,LV,KC,90,Turnover on downs,0,4,0
2023,12,KC,LV,17,Field goal,3,6,1
2023,12,LV,KC,75,Turnover on downs,0,5,1
2023,12,KC,LV,34,End of half,0,3,0
2023,12,LA,ARI,75,Touchdown,7,9,3
2023,12,ARI,LA,75,Touchdown,7,12,7
2023,12,LA,ARI,75,Punt,0,8,3
2023,12,ARI,LA,90,Punt,0,3,0
2023,12,LA,ARI,51,Touchdown,7,8,4
2023,12,ARI,LA,75,Punt,0,3,0
2023,12,LA,ARI,71,Missed field goal,0,8,2
2023,12,ARI,LA,60,Turnover on downs,0,4,0
2023,12,LA,ARI,48,Touchdown,7,4,3
2023,12,ARI,LA,75,Punt,0,3,0
2023,12,LA,ARI,73,Turnover,0,3,1
2023,12,ARI,LA,52,End of half,0,3,1
2023,12,ARI,LA,75,Punt,0,7,1
2023,12,LA,ARI,78,Field goal,3,7,2
2023,12,ARI,LA,75,Missed field goal,0,6,2
2023,12,LA,ARI,54,Touchdown,7,13,5
2023,12,ARI,LA,75,Punt,0,3,0
2023,12,LA,ARI,38,Touchdown,7,5,2
2023,12,ARI,LA,75,Touchdown,7,10,4
2023,12,LA,ARI,47,Punt,0,3,0
2023,12,ARI,LA,80,End of half,0,11,4
2023,12,NYJ,MIA,75,Punt,0,5,1
2023,12,MIA,NYJ,85,Turnover on downs,0,11,3
2023,12,NYJ,MIA,95,Punt,0,3,0
2023,12,MIA,NYJ,56,Field goal,3,7,2
2023,12,NYJ,MIA,75,Punt,0,3,0
2023,12,MIA,NYJ,60,Touchdown,7,11,4
2023,12,NYJ,MIA,75,Punt,0,4,1
2023,12,MIA,NYJ,82,Punt,0,5,1
2023,12,NYJ,MIA,78,Punt,0,3,0
2023,12,MIA,NYJ,73,Opp touchdown,0,1,0
2023,12,MIA,NYJ,87,Turnover,0,6,2
2023,12,NYJ,MIA,51,Opp touchdown,0,1,0
2023,12,MIA,NYJ,75,Field goal,3,7,1
2023,12,NYJ,MIA,73,Punt,0,3,0
2023,12,MIA,NYJ,92,Touchdown,7,15,6
2023,12,NYJ,MIA,75,Turnover,0,17,5
2023,12,MIA,NYJ,79,Turnover,0,3,1
2023,12,NYJ,MIA,35,Touchdown,7,6,3
2023,12,MIA,NYJ,46,Touchdown,7,4,2
2023,12,NYJ,MIA,75,Turnover on downs,0,10,2
2023,12,MIA,NYJ,49,End of half,0,1,0
2023,12,NYG,NE,75,Turnover,0,5,2
2023,12,NE,NYG,74,Punt,0,3,0
2023,12,NYG,NE,76,Punt,0,4,1
2023,12,NE,NYG,80,Punt,0,9,3
2023,12,NYG,NE,94,Punt,0,5,1
2023,12,NE,NYG,80,Turnover,0,4,1
2023,12,NYG,NE,57,Punt,0,4,1
2023,12,NE,NYG,91,Punt,0,3,0
2023,12,NYG,NE,58,Punt,0,3,0
2023,12,NE,NYG,92,Turnover,0,12,4
2023,12,NYG,NE,26,Touchdown,7,6,2
2023,12,NE,NYG,80,Punt,0,3,0
2023,12,NYG,NE,77,Punt,0,4,1
2023,12,NE,NYG,91,End of half,0,1,0
2023,12,NE,NYG,60,Touchdown,7,11,5
2023,12,NYG,NE,75,Punt,0,6,1
2023,12,NE,NYG,90,Punt,0,5,1
2023,12,NYG,NE,81,Punt,0,3,0
2023,12,NE,NYG,76,Turnover,0,3,1
2023,12,NYG,NE,32,Field goal,3,7,1
2023,12,NE,NYG,75,Punt,0,5,1
2023,12,NYG,NE,78,Punt,0,3,0
2023,12,NYG,NE,87,End of half,0,1,0
2023,12,NO,ATL,75,Punt,0,3,0
2023,12,ATL,NO,65,Punt,0,3,0
2023,12,NO,ATL,84,Field goal,3,10,3
2023,12,ATL,NO,75,Turnover on downs,0,7,2
2023,12,NO,ATL,68,Opp touchdown,0,6,2
2023,12,NO,ATL,75,Field goal,3,7,3
2023,12,ATL,NO,78,Touchdown,7,10,5
2023,12,NO,ATL,75,Field goal,3,12,3
2023,12,ATL,NO,75,Turnover,0,12,6
2023,12,NO,ATL,96,End of half,0,1,0
2023,12,ATL,NO,75,Punt,0,6,2
2023,12,NO,ATL,92,Field goal,3,14,5
2023,12,ATL,NO,73,Turnover,0,5,2
2023,12,NO,ATL,54,Turnover,0,3,2
2023,12,ATL,NO,95,Touchdown,7,9,5
2023,12,NO,ATL,75,Field goal,3,8,2
2023,12,ATL,NO,75,Field goal,3,10,3
2023,12,NO,ATL,75,Missed field goal,0,9,2
2023,12,ATL,NO,56,End of half,0,1,0
2023,12,PIT,CIN,75,Punt,0,4,1
2023,12,CIN,PIT,80,Punt,0,3,0
2023,12,PIT,CIN,71,Turnover,0,10,3
2023,12,CIN,PIT,61,Punt,0,4,1
2023,12,PIT,CIN,89,Field goal,3,8,2
2023,12,CIN,PIT,53,Touchdown,7,4,2
2023,12,PIT,CIN,75,Punt,0,4,1
2023,12,CIN,PIT,80,Punt,0,3,0
2023,12,PIT,CIN,55,Punt,0,5,1
2023,12,CIN,PIT,89,Punt,0,5,2
2023,12,PIT,CIN,80,Punt,0,6,2
2023,12,CIN,PIT,92,End of half,0,1,0
2023,12,CIN,PIT,75,Turnover,0,10,3
2023,12,PIT,CIN,79,Touchdown,7,14,7
2023,12,CIN,PIT,75,Punt,0,4,1
2023,12,PIT,CIN,78,Field goal,3,10,2
2023,12,CIN,PIT,75,Punt,0,3,0
2023,12,PIT,CIN,67,Field goal,3,7,3
2023,12,CIN,PIT,75,Field goal,3,5,1
2023,12,PIT,CIN,39,End of half,0,3,0
2023,12,SF,SEA,71,Touchdown,7,9,5
2023,12,SEA,SF,33,Field goal,3,4,0
2023,12,SF,SEA,78,Punt,0,7,2
2023,12,SEA,SF,93,Punt,0,3,0
2023,12,SF,SEA,45,Touchdown,7,9,5
2023,12,SEA,SF,75,Turnover,0,2,1
2023,12,SF,SEA,42,Punt,0,3,0
2023,12,SEA,SF,98,Punt,0,3,0
2023,12,SF,SEA,58,Touchdown,7,8,4
2023,12,SEA,SF,72,Punt,0,3,0
2023,12,SF,SEA,75,Punt,0,3,0
2023,12,SF,SEA,22,Field goal,3,4,0
2023,12,SEA,SF,76,Missed field goal,0,5,2
2023,12,SEA,SF,75,Punt,0,7,2
2023,12,SF,SEA,96,Opp touchdown,0,2,0
2023,12,SF,SEA,75,Punt,0,3,0
2023,12,SEA,SF,90,Field goal,3,14,5
2023,12,SF,SEA,75,Punt,0,6,2
2023,12,SEA,SF,87,Punt,0,5,1
2023,12,SF,SEA,64,Touchdown,7,6,3
2023,12,SEA,SF,63,Turnover on downs,0,11,3
2023,12,SF,SEA,77,End of half,0,6,2
2023,12,TB,IND,75,Field goal,3,15,4
2023,12,IND,TB,75,Field goal,3,10,4
2023,12,TB,IND,75,Turnover,0,2,1
2023,12,IND,TB,41,Touchdown,7,4,3
2023,12,TB,IND,75,Punt,0,3,0
2023,12,IND,TB,62,Touchdown,7,10,4
2023,12,TB,IND,75,Punt,0,3,0
2023,12,IND,TB,92,Turnover,0,3,0
2023,12,TB,IND,16,Touchdown,7,3,2
2023,12,IND,TB,75,Punt,0,3,0
2023,12,TB,IND,78,Punt,0,5,3
2023,12,IND,TB,80,Missed field goal,0,8,3
2023,12,IND,TB,75,Field goal,3,11,4
2023,12,TB,IND,75,Punt,0,6,2
2023,12,IND,TB,80,Turnover on downs,0,9,3
2023,12,TB,IND,60,Touchdown,7,9,3
2023,12,IND,TB,75,Touchdown,7,9,4
2023,12,TB,IND,75,Field goal,3,9,2
2023,12,IND,TB,75,Punt,0,3,0
2023,12,TB,IND,65,Turnover,0,3,0
2023,12,IND,TB,38,End of half,0,3,1
2023,12,WAS,DAL,75,Punt,0,6,1
2023,12,DAL,WAS,85,Punt,0,4,2
2023,12,WAS,DAL,82,Punt,0,8,2
2023,12,DAL,WAS,90,Touchdown,7,11,5
2023,12,WAS,DAL,75,Field goal,3,9,3
2023,12,DAL,WAS,75,Touchdown,7,6,4
2023,12,WAS,DAL,75,Touchdown,7,13,7
2023,12,DAL,WAS,75,Touchdown,7,5,4
2023,12,WAS,DAL,75,End of half,0,3,1
2023,12,DAL,WAS,75,Punt,0,4,1
2023,12,WAS,DAL,92,Turnover on downs,0,9,3
2023,12,DAL,WAS,59,Punt,0,3,0
2023,12,WAS,DAL,80,Punt,0,6,1
2023,12,DAL,WAS,83,Field goal,3,10,2
2023,12,WAS,DAL,75,Turnover on downs,0,4,0
2023,12,DAL,WAS,24,Touchdown,7,3,1
2023,12,WAS,DAL,75,Turnover on downs,0,6,2
2023,12,DAL,WAS,65,Touchdown,7,5,2
2023,12,WAS,DAL,75,Opp touchdown,0,5,1
2023,12,WAS,DAL,75,End of half,0,7,2
2023,13,PIT,ARI,76,Field goal,3,7,2
2023,13,ARI,PIT,71,Punt,0,3,0
2023,13,PIT,ARI,71,Punt,0,3,0
2023,13,ARI,PIT,65,Field goal,3,7,2
2023,13,PIT,ARI,75,Punt,0,5,1
2023,13,ARI,PIT,84,Punt,0,3,0
2023,13,PIT,ARI,63,Punt,0,3,0
2023,13,ARI,PIT,66,Punt,0,4,1
2023,13,PIT,ARI,80,Turnover on downs,0,12,5
2023,13,ARI,PIT,99,Touchdown,7,15,5
2023,13,PIT,ARI,75,End of half,0,1,0
2023,13,ARI,PIT,75,Punt,0,3,0
2023,13,PIT,ARI,93,Turnover,0,7,2
2023,13,ARI,PIT,21,Touchdown,7,7,3
2023,13,PIT,ARI,75,Missed field goal,0,9,3
2023,13,ARI,PIT,65,Punt,0,9,2
2023,13,PIT,ARI,96,Punt,0,3,0
2023,13,ARI,PIT,33,Touchdown,7,4,2
2023,13,PIT,ARI,75,Touchdown,7,10,5
2023,13,ARI,PIT,75,End of half,0,9,3
2023,13,ATL,NYJ,75,Punt,0,6,1
2023,13,NYJ,ATL,85,Punt,0,3,0
2023,13,ATL,NYJ,66,Punt,0,5,1
2023,13,NYJ,ATL,91,Punt,0,10,3
2023,13,ATL,NYJ,99,Safety,0,2,0
2023,13,NYJ,ATL,67,Punt,0,3,0
2023,13,ATL,NYJ,90,Punt,0,3,0
2023,13,NYJ,ATL,56,Turnover,0,1,0
2023,13,ATL,NYJ,47,Touchdown,7,6,3
2023,13,NYJ,ATL,75,Field goal,3,12,3
2023,13,ATL,NYJ,75,Punt,0,4,1
2023,13,NYJ,ATL,89,Punt,0,4,0
2023,13,ATL,NYJ,44,Field goal,3,7,4
2023,13,NYJ,ATL,75,Field goal,3,9,2
2023,13,ATL,NYJ,75,Field goal,3,14,4
2023,13,NYJ,ATL,75,Punt,0,3,0
2023,13,ATL,NYJ,71,Punt,0,3,0
2023,13,NYJ,ATL,58,Turnover,0,2,0
2023,13,ATL,NYJ,68,Punt,0,6,1
2023,13,NYJ,ATL,81,Punt,0,7,2
2023,13,ATL,NYJ,91,Punt,0,3,0
2023,13,NYJ,ATL,48,Punt,0,3,0
2023,13,ATL,NYJ,88,Punt,0,3,0
2023,13,NYJ,ATL,70,Turnover,0,5,2
2023,13,ATL,NYJ,53,Punt,0,3,0
2023,13,NYJ,ATL,93,Turnover on downs,0,7,2
2023,13,ATL,NYJ,30,End of half,0,1,0
2023,13,TB,CAR,75,Punt,0,8,2
2023,13,CAR,TB,85,Punt,0,3,0
2023,13,TB,CAR,57,Touchdown,7,8,4
2023,13,CAR,TB,75,Field goal,3,14,5
2023,13,TB,CAR,75,Punt,0,3,0
2023,13,CAR,TB,73,Punt,0,3,0
2023,13,TB,CAR,78,Punt,0,3,0
2023,13,CAR,TB,57,Punt,0,5,1
2023,13,TB,CAR,93,Turnover,0,6,1
2023,13,CAR,TB,60,Punt,0,3,0
2023,13,TB,CAR,80,Punt,0,4,1
2023,13,CAR,TB,74,Turnover on downs,0,6,1
2023,13,CAR,TB,75,Punt,0,3,0
2023,13,TB,CAR,62,Punt,0,3,0
2023,13,CAR,TB,80,Punt,0,3,0
2023,13,TB,CAR,69,Punt,0,3,0
2023,13,CAR,TB,65,Touchdown,7,7,3
2023,13,TB,CAR,75,Touchdown,7,1,1
2023,13,CAR,TB,75,Punt,0,3,0
2023,13,TB,CAR,70,Punt,0,3,0
2023,13,CAR,TB,78,Punt,0,5,1
2023,13,TB,CAR,67,Touchdown,7,7,4
2023,13,CAR,TB,75,Touchdown,7,11,4
2023,13,TB,CAR,75,Punt,0,4,1
2023,13,CAR,TB,69,Turnover,0,4,0
2023,13,TB,CAR,57,End of half,0,5,1
2023,13,CIN,JAX,78,Turnover on downs,0,8,2
2023,13,JAX,CIN,51,Touchdown,7,7,4
2023,13,CIN,JAX,84,Missed field goal,0,7,2
2023,13,JAX,CIN,53,Punt,0,3,0
2023,13,CIN,JAX,92,Touchdown,7,8,5
2023,13,JAX,CIN,75,Touchdown,7,10,5
2023,13,CIN,JAX,75,Touchdown,7,12,6
2023,13,JAX,CIN,75,Punt,0,4,1
2023,13,CIN,JAX,75,End of half,0,1,0
2023,13,JAX,CIN,68,Punt,0,3,0
2023,13,CIN,JAX,84,Touchdown,7,3,1
2023,13,JAX,CIN,84,Touchdown,7,12,5
2023,13,CIN,JAX,75,Turnover,0,1,0
2023,13,JAX,CIN,9,Touchdown,7,4,1
2023,13,CIN,JAX,75,Punt,0,4,1
2023,13,JAX,CIN,91,Punt,0,3,0
2023,13,CIN,JAX,48,Touchdown,7,9,5
2023,13,JAX,CIN,75,Missed field goal,0,8,3
2023,13,CIN,JAX,62,Field goal,3,7,1
2023,13,JAX,CIN,75,Field goal,3,9,2
2023,13,CIN,JAX,75,End of half,0,3,1
2023,13,JAX,CIN,75,Punt,0,7,2
2023,13,CIN,JAX,72,Field goal,3,12,3
2023,13,CLE,LA,75,Touchdown,7,9,4
2023,13,LA,CLE,75,Field goal,3,7,3
2023,13,CLE,LA,75,Punt,0,3,0
2023,13,LA,CLE,79,Touchdown,7,2,1
2023,13,CLE,LA,75,Punt,0,4,1
2023,13,LA,CLE,80,Missed field goal,0,7,2
2023,13,CLE,LA,67,Punt,0,5,1
2023,13,LA,CLE,85,Punt,0,3,0
2023,13,CLE,LA,56,Punt,0,3,0
2023,13,LA,CLE,89,Punt,0,4,1
2023,13,CLE,LA,98,Punt,0,3,0
2023,13,LA,CLE,62,Punt,0,3,0
2023,13,CLE,LA,80,Field goal,3,7,3
2023,13,LA,CLE,75,Field goal,3,13,3
2023,13,LA,CLE,83,Punt,0,4,1
2023,13,CLE,LA,80,Field goal,3,15,5
2023,13,LA,CLE,75,Touchdown,7,7,4
2023,13,CLE,LA,75,Touchdown,7,13,6
2023,13,LA,CLE,75,Punt,0,4,0
2023,13,CLE,LA,79,Turnover,0,1,0
2023,13,LA,CLE,24,Touchdown,7,5,2
2023,13,CLE,LA,75,Turnover on downs,0,4,0
2023,13,LA,CLE,30,Touchdown,7,5,3
2023,13,CLE,LA,75,Safety,0,4,0
2023,13,LA,CLE,75,End of half,0,1,0
2023,13,HOU,DEN,75,Punt,0,3,0
2023,13,DEN,HOU,82,Punt,0,3,0
2023,13,HOU,DEN,47,Field goal,3,5,1
2023,13,DEN,HOU,75,Punt,0,3,0
2023,13,HOU,DEN,78,Touchdown,7,10,4
2023,13,DEN,HOU,75,Punt,0,4,1
2023,13,HOU,DEN,89,Field goal,3,7,1
2023,13,DEN,HOU,75,Punt,0,5,1
2023,13,HOU,DEN,91,Punt,0,5,1
2023,13,DEN,HOU,72,Field goal,3,13,4
2023,13,HOU,DEN,75,Punt,0,4,1
2023,13,DEN,HOU,89,End of half,0,1,0
2023,13,DEN,HOU,75,Punt,0,3,0
2023,13,HOU,DEN,60,Field goal,3,7,1
2023,13,DEN,HOU,76,Punt,0,3,0
2023,13,HOU,DEN,85,Punt,0,3,0
2023,13,DEN,HOU,58,Touchdown,7,3,2
2023,13,HOU,DEN,79,Punt,0,6,1
2023,13,DEN,HOU,80,Turnover,0,1,0
2023,13,HOU,DEN,21,Touchdown,7,4,2
2023,13,DEN,HOU,75,Touchdown,7,5,4
2023,13,HOU,DEN,75,Punt,0,3,0
2023,13,DEN,HOU,68,Turnover,0,2,0
2023,13,HOU,DEN,73,Punt,0,8,2
2023,13,DEN,HOU,80,Turnover,0,14,4
2023,13,HOU,DEN,80,End of half,0,1,0
2023,13,DET,NO,80,Touchdown,7,7,5
2023,13,NO,DET,75,Turnover,0,1,0
2023,13,DET,NO,17,Touchdown,7,3,1
2023,13,NO,DET,75,Punt,0,3,0
2023,13,DET,NO,54,Touchdown,7,3,2
2023,13,NO,DET,75,Punt,0,3,0
2023,13,DET,NO,66,Punt,0,3,0
2023,13,NO,DET,76,Punt,0,5,1
2023,13,DET,NO,80,Punt,0,4,1
2023,13,NO,DET,84,Touchdown,7,13,5
2023,13,DET,NO,75,Punt,0,3,0
2023,13,NO,DET,90,Punt,0,3,0
2023,13,DET,NO,70,Field goal,3,12,3
2023,13,NO,DET,75,End of half,0,1,0
2023,13,NO,DET,75,Touchdown,7,10,5
2023,13,DET,NO,73,Punt,0,3,0
2023,13,NO,DET,62,Touchdown,7,7,4
2023,13,DET,NO,78,Field goal,3,7,3
2023,13,NO,DET,75,Turnover,0,1,0
2023,13,DET,NO,26,Touchdown,7,2,1
2023,13,NO,DET,75,Touchdown,7,12,5
2023,13,DET,NO,75,Punt,0,3,0
2023,13,NO,DET,82,Turnover on downs,0,8,3
2023,13,DET,NO,60,End of half,0,8,2
2023,13,TEN,IND,64,Touchdown,7,4,2
2023,13,IND,TEN,56,Touchdown,7,3,2
2023,13,TEN,IND,75,Punt,0,8,2
2023,13,IND,TEN,80,Punt,0,3,0
2023,13,TEN,IND,70,Turnover,0,5,1
2023,13,TEN,IND,52,Field goal,3,10,3
2023,13,IND,TEN,75,Punt,0,3,0
2023,13,TEN,IND,77,Touchdown,7,8,5
2023,13,IND,TEN,75,Field goal,3,8,3
2023,13,TEN,IND,75,Punt,0,3,0
2023,13,IND,TEN,88,Turnover,0,10,4
2023,13,TEN,IND,91,Punt,0,3,0
2023,13,IND,TEN,44,Field goal,3,6,1
2023,13,TEN,IND,75,End of half,0,1,0
2023,13,IND,TEN,75,Field goal,3,19,5
2023,13,TEN,IND,75,Punt,0,3,0
2023,13,IND,TEN,80,Punt,0,3,0
2023,13,TEN,IND,70,Opp touchdown,0,3,0
2023,13,TEN,IND,75,Turnover,0,4,0
2023,13,IND,TEN,7,Field goal,3,4,0
2023,13,TEN,IND,75,Touchdown,7,11,5
2023,13,IND,TEN,75,Punt,0,3,0
2023,13,TEN,IND,78,Punt,0,4,1
2023,13,IND,TEN,70,Punt,0,3,0
2023,13,TEN,IND,79,Punt,0,6,2
2023,13,IND,TEN,78,End of half,0,2,0
2023,13,TEN,IND,75,Field goal,3,10,4
2023,13,IND,TEN,75,Touchdown,7,5,4
2023,13,GB,KC,75,Touchdown,7,13,6
2023,13,KC,GB,76,Field goal,3,13,4
2023,13,GB,KC,75,Touchdown,7,8,4
2023,13,KC,GB,75,Field goal,3,14,4
2023,13,GB,KC,77,Punt,0,8,2
2023,13,KC,GB,97,End of half,0,1,0
2023,13,KC,GB,75,Touchdown,7,9,6
2023,13,GB,KC,67,Touchdown,7,7,3
2023,13,KC,GB,66,Touchdown,7,11,6
2023,13,GB,KC,75,Punt,0,7,2
2023,13,KC,GB,81,Punt,0,3,0
2023,13,GB,KC,77,Field goal,3,11,4
2023,13,KC,GB,75,Turnover,0,2,1
2023,13,GB,KC,65,Field goal,3,11,3
2023,13,KC,GB,70,Turnover on downs,0,10,4
2023,13,NE,LAC,75,Punt,0,3,0
2023,13,LAC,NE,73,Punt,0,3,0
2023,13,NE,LAC,87,Turnover,0,13,4
2023,13,LAC,NE,67,Punt,0,3,0
2023,13,NE,LAC,94,Punt,0,3,0
2023,13,LAC,NE,82,Punt,0,6,2
2023,13,NE,LAC,91,Punt,0,3,0
2023,13,LAC,NE,47,Field goal,3,7,2
2023,13,NE,LAC,75,Punt,0,5,1
2023,13,LAC,NE,83,Punt,0,9,2
2023,13,NE,LAC,91,Punt,0,3,0
2023,13,LAC,NE,27,Field goal,3,4,0
2023,13,NE,LAC,87,End of half,0,1,0
2023,13,LAC,NE,75,Punt,0,3,0
2023,13,NE,LAC,82,Punt,0,11,3
2023,13,LAC,NE,93,Punt,0,11,3
2023,13,NE,LAC,98,Punt,0,7,2
2023,13,LAC,NE,74,Punt,0,7,2
2023,13,NE,LAC,80,Turnover on downs,0,6,1
2023,13,LAC,NE,62,Punt,0,5,1
2023,13,NE,LAC,87,Turnover on downs,0,7,2
2023,13,LAC,NE,42,End of half,0,5,1
2023,13,WAS,MIA,75,Punt,0,8,2
2023,13,MIA,WAS,86,Touchdown,7,3,1
2023,13,WAS,MIA,75,Punt,0,3,0
2023,13,MIA,WAS,70,Field goal,3,8,2
2023,13,WAS,MIA,75,Punt,0,3,0
2023,13,MIA,WAS,81,Punt,0,3,0
2023,13,WAS,MIA,62,Opp touchdown,0,1,0
2023,13,WAS,MIA,75,Touchdown,7,10,4
2023,13,MIA,WAS,75,Touchdown,7,5,2
2023,13,WAS,MIA,75,Punt,0,6,1
2023,13,MIA,WAS,76,Touchdown,7,11,5
2023,13,WAS,MIA,75,End of half,0,2,0
2023,13,MIA,WAS,75,Touchdown,7,9,5
2023,13,WAS,MIA,75,Touchdown,7,9,3
2023,13,MIA,WAS,75,Punt,0,3,0
2023,13,WAS,MIA,59,Missed field goal,0,7,1
2023,13,MIA,WAS,57,Punt,0,5,1
2023,13,WAS,MIA,94,Punt,0,3,0
2023,13,MIA,WAS,59,Touchdown,7,13,4
2023,13,WAS,MIA,75,End of half,0,3,0
2023,13,DAL,SEA,75,Field goal,3,14,4
2023,13,SEA,DAL,75,Touchdown,7,3,1
2023,13,DAL,SEA,75,Touchdown,7,5,3
2023,13,SEA,DAL,75,Missed field goal,0,9,2
2023,13,DAL,SEA,68,Touchdown,7,11,5
2023,13,SEA,DAL,75,Touchdown,7,7,5
2023,13,DAL,SEA,75,Field goal,3,16,5
2023,13,SEA,DAL,75,Touchdown,7,8,5
2023,13,SEA,DAL,75,Touchdown,7,10,5
2023,13,DAL,SEA,75,Touchdown,7,12,9
2023,13,SEA,DAL,75,Turnover,0,3,0
2023,13,DAL,SEA,38,Turnover on downs,0,4,0
2023,13,SEA,DAL,70,Touchdown,7,5,3
2023,13,DAL,SEA,75,Field goal,3,6,2
2023,13,SEA,DAL,75,Turnover on downs,0,10,2
2023,13,DAL,SEA,54,Touchdown,7,7,4
2023,13,SEA,DAL,75,Turnover on downs,0,5,1
2023,13,DAL,SEA,49,Field goal,3,6,1
2023,13,SEA,DAL,75,Turnover on downs,0,5,1
2023,13,PHI,SF,75,Field goal,3,12,3
2023,13,SF,PHI,73,Punt,0,3,0
2023,13,PHI,SF,74,Field goal,3,12,4
2023,13,SF,PHI,75,Punt,0,3,0
2023,13,PHI,SF,67,Punt,0,3,0
2023,13,SF,PHI,85,Touchdown,7,11,5
2023,13,PHI,SF,75,Punt,0,6,1
2023,13,SF,PHI,90,Touchdown,7,10,6
2023,13,PHI,SF,75,End of half,0,2,0
2023,13,SF,PHI,75,Touchdown,7,7,3
2023,13,PHI,SF,58,Touchdown,7,10,5
2023,13,SF,PHI,77,Touchdown,7,5,3
2023,13,PHI,SF,75,Punt,0,3,0
2023,13,SF,PHI,75,Touchdown,7,12,5
2023,13,PHI,SF,71,Touchdown,7,13,7
2023,13,SF,PHI,48,Touchdown,7,2,1
2023,13,PHI,SF,85,Turnover on downs,0,10,3
2023,13,SF,PHI,70,End of half,0,4,1
2023,14,KC,BUF,75,Turnover,0,8,3
2023,14,BUF,KC,53,Punt,0,4,1
2023,14,KC,BUF,88,Punt,0,5,1
2023,14,BUF,KC,53,Touchdown,7,6,3
2023,14,KC,BUF,75,Punt,0,3,0
2023,14,BUF,KC,73,Touchdown,7,12,5
2023,14,KC,BUF,75,Punt,0,7,3
2023,14,BUF,KC,93,Turnover,0,8,2
2023,14,KC,BUF,52,Touchdown,7,9,4
2023,14,BUF,KC,75,End of half,0,9,2
2023,14,BUF,KC,75,Field goal,3,10,4
2023,14,KC,BUF,75,Touchdown,7,9,5
2023,14,BUF,KC,74,Punt,0,3,0
2023,14,KC,BUF,74,Turnover,0,5,1
2023,14,BUF,KC,48,Punt,0,3,0
2023,14,KC,BUF,59,Field goal,3,8,3
2023,14,BUF,KC,75,Punt,0,6,1
2023,14,KC,BUF,69,Punt,0,3,0
2023,14,BUF,KC,69,Field goal,3,12,3
2023,14,KC,BUF,75,Turnover on downs,0,6,1
2023,14,BUF,KC,46,End of half,0,2,0
2023,14,CAR,NO,85,Punt,0,3,0
2023,14,NO,CAR,56,Missed field goal,0,11,3
2023,14,CAR,NO,80,Turnover,0,5,2
2023,14,NO,CAR,36,Punt,0,3,0
2023,14,CAR,NO,88,Punt,0,3,0
2023,14,NO,CAR,44,Touchdown,7,6,3
2023,14,CAR,NO,75,Field goal,3,12,3
2023,14,NO,CAR,75,Punt,0,6,1
2023,14,CAR,NO,82,Opp touchdown,0,4,0
2023,14,CAR,NO,87,Turnover on downs,0,8,2
2023,14,NO,CAR,54,Turnover,0,4,1
2023,14,CAR,NO,45,Turnover on downs,0,4,0
2023,14,NO,CAR,66,Punt,0,6,1
2023,14,CAR,NO,86,Field goal,3,12,3
2023,14,NO,CAR,75,Punt,0,3,0
2023,14,CAR,NO,70,Missed field goal,0,8,2
2023,14,NO,CAR,69,Punt,0,3,0
2023,14,CAR,NO,76,Turnover on downs,0,8,2
2023,14,NO,CAR,64,Touchdown,7,5,3
2023,14,CAR,NO,76,Turnover on downs,0,4,0
2023,14,NO,CAR,24,Touchdown,7,4,2
2023,14,CAR,NO,75,Turnover on downs,0,11,2
2023,14,NO,CAR,65,End of half,0,2,0
2023,14,LAC,DEN,75,Punt,0,5,1
2023,14,DEN,LAC,91,Turnover,0,1,0
2023,14,LAC,DEN,13,Turnover on downs,0,4,0
2023,14,DEN,LAC,94,Punt,0,8,3
2023,14,LAC,DEN,91,Turnover,0,3,0
2023,14,DEN,LAC,3,Touchdown,7,1,1
2023,14,LAC,DEN,75,Punt,0,4,1
2023,14,DEN,LAC,86,Punt,0,6,1
2023,14,LAC,DEN,87,Punt,0,5,1
2023,14,DEN,LAC,80,Punt,0,6,2
2023,14,LAC,DEN,82,Turnover on downs,0,10,3
2023,14,DEN,LAC,70,Punt,0,3,0
2023,14,LAC,DEN,76,Punt,0,3,0
2023,14,DEN,LAC,70,Field goal,3,10,4
2023,14,DEN,LAC,75,Punt,0,3,0
2023,14,LAC,DEN,78,Turnover on downs,0,8,2
2023,14,DEN,LAC,60,Touchdown,7,4,2
2023,14,LAC,DEN,75,Punt,0,3,0
2023,14,DEN,LAC,72,Punt,0,6,1
2023,14,LAC,DEN,91,Turnover on downs,0,11,3
2023,14,DEN,LAC,51,Punt,0,3,0
2023,14,LAC,DEN,94,Touchdown,7,5,4
2023,14,DEN,LAC,75,Touchdown,7,13,5
2023,14,LAC,DEN,84,Turnover,0,6,2
2023,14,DEN,LAC,13,End of half,0,3,0
2023,14,CHI,DET,69,Touchdown,7,8,4
2023,14,DET,CHI,75,Punt,0,6,1
2023,14,CHI,DET,91,Field goal,3,10,4
2023,14,DET,CHI,75,Turnover,0,6,1
2023,14,CHI,DET,88,Turnover on downs,0,5,1
2023,14,DET,CHI,61,Touchdown,7,9,3
2023,14,CHI,DET,77,Punt,0,3,0
2023,14,DET,CHI,53,Touchdown,7,11,4
2023,14,CHI,DET,75,End of half,0,2,0
2023,14,DET,CHI,75,Punt,0,3,0
2023,14,CHI,DET,72,Field goal,3,12,5
2023,14,DET,CHI,75,Punt,0,3,0
2023,14,CHI,DET,52,Punt,0,3,0
2023,14,DET,CHI,83,Punt,0,3,0
2023,14,DET,CHI,77,Turnover,0,2,0
2023,14,CHI,DET,29,Touchdown,7,5,2
2023,14,DET,CHI,75,Turnover on downs,0,4,0
2023,14,CHI,DET,30,Field goal,3,7,1
2023,14,DET,CHI,75,Turnover on downs,0,11,3
2023,14,CHI,DET,62,Punt,0,3,0
2023,14,DET,CHI,75,Turnover,0,5,1
2023,14,CHI,DET,62,End of half,0,4,1
2023,14,GB,NYG,76,Punt,0,5,1
2023,14,NYG,GB,79,Punt,0,6,2
2023,14,GB,NYG,93,Punt,0,3,0
2023,14,NYG,GB,32,Missed field goal,0,4,0
2023,14,GB,NYG,62,Touchdown,7,7,3
2023,14,NYG,GB,75,Touchdown,7,8,5
2023,14,GB,NYG,75,Turnover,0,7,2
2023,14,NYG,GB,73,Turnover on downs,0,5,1
2023,14,GB,NYG,49,Turnover,0,2,0
2023,14,NYG,GB,56,Punt,0,3,0
2023,14,GB,NYG,83,Field goal,3,10,3
2023,14,NYG,GB,89,End of half,0,1,0
2023,14,NYG,GB,75,Punt,0,3,0
2023,14,NYG,GB,31,Touchdown,7,3,2
2023,14,GB,NYG,75,Punt,0,4,1
2023,14,GB,NYG,14,Field goal,3,4,0
2023,14,NYG,GB,75,Touchdown,7,10,5
2023,14,GB,NYG,75,Missed field goal,0,12,4
2023,14,NYG,GB,65,Punt,0,3,0
2023,14,GB,NYG,84,Field goal,3,7,2
2023,14,NYG,GB,75,Turnover,0,3,1
2023,14,GB,NYG,36,Touchdown,7,9,3
2023,14,NYG,GB,75,Field goal,3,8,2
2023,14,HOU,NYJ,75,Punt,0,5,1
2023,14,NYJ,HOU,91,Punt,0,9,3
2023,14,HOU,NYJ,80,Punt,0,6,1
2023,14,NYJ,HOU,73,Punt,0,3,0
2023,14,HOU,NYJ,67,Punt,0,5,1
2023,14,NYJ,HOU,76,Punt,0,8,2
2023,14,HOU,NYJ,98,Punt,0,3,0
2023,14,NYJ,HOU,55,Punt,0,3,0
2023,14,HOU,NYJ,95,Punt,0,3,0
2023,14,NYJ,HOU,54,Punt,0,3,0
2023,14,HOU,NYJ,92,Punt,0,6,2
2023,14,NYJ,HOU,80,End of half,0,1,0
2023,14,NYJ,HOU,75,Touchdown,7,7,4
2023,14,HOU,NYJ,75,Punt,0,3,0
2023,14,NYJ,HOU,69,Touchdown,7,8,4
2023,14,HOU,NYJ,75,Punt,0,3,0
2023,14,NYJ,HOU,81,Turnover,0,4,2
2023,14,HOU,NYJ,57,Touchdown,7,4,4
2023,14,NYJ,HOU,75,Touchdown,7,10,5
2023,14,HOU,NYJ,75,Turnover on downs,0,4,0
2023,14,NYJ,HOU,32,Field goal,3,4,0
2023,14,HOU,NYJ,75,Turnover on downs,0,4,0
2023,14,NYJ,HOU,30,Field goal,3,5,0
2023,14,HOU,NYJ,75,Turnover on downs,0,4,0
2023,14,NYJ,HOU,25,Field goal,3,4,0
2023,14,HOU,NYJ,75,End of half,0,2,1
2023,14,IND,CIN,75,Punt,0,3,0
2023,14,CIN,IND,81,Punt,0,3,0
2023,14,IND,CIN,80,Punt,0,5,1
2023,14,CIN,IND,92,Touchdown,7,4,3
2023,14,IND,CIN,75,Missed field goal,0,10,5
2023,14,CIN,IND,72,Touchdown,7,11,5
2023,14,IND,CIN,79,Touchdown,7,17,6
2023,14,CIN,IND,75,Opp touchdown,0,2,0
2023,14,CIN,IND,75,Punt,0,4,1
2023,14,IND,CIN,59,End of half,0,2,0
2023,14,CIN,IND,75,Touchdown,7,6,4
2023,14,IND,CIN,75,Punt,0,5,1
2023,14,CIN,IND,71,Touchdown,7,11,4
2023,14,IND,CIN,75,Punt,0,3,0
2023,14,CIN,IND,77,Punt,0,5,1
2023,14,CIN,IND,12,Field goal,3,4,0
2023,14,IND,CIN,75,Turnover,0,6,3
2023,14,CIN,IND,69,Punt,0,3,0
2023,14,IND,CIN,77,Turnover on downs,0,7,2
2023,14,CIN,IND,35,Field goal,3,6,1
2023,14,IND,CIN,75,End of half,0,3,1
2023,14,CLE,JAX,75,Touchdown,7,6,3
2023,14,JAX,CLE,84,Punt,0,3,0
2023,14,CLE,JAX,69,Punt,0,3,0
2023,14,JAX,CLE,84,Punt,0,6,2
2023,14,CLE,JAX,90,Punt,0,3,0
2023,14,JAX,CLE,82,Punt,0,3,0
2023,14,CLE,JAX,72,Punt,0,3,0
2023,14,JAX,CLE,78,Punt,0,5,1
2023,14,CLE,JAX,72,Touchdown,7,4,3
2023,14,JAX,CLE,78,Turnover,0,1,0
2023,14,CLE,JAX,75,Turnover,0,5,1
2023,14,JAX,CLE,58,Punt,0,6,1
2023,14,CLE,JAX,95,Turnover,0,1,0
2023,14,JAX,CLE,12,Touchdown,7,2,1
2023,14,CLE,JAX,75,Punt,0,3,0
2023,14,JAX,CLE,56,Turnover,0,6,2
2023,14,CLE,JAX,81,Punt,0,5,1
2023,14,JAX,CLE,77,Punt,0,3,0
2023,14,CLE,JAX,75,Punt,0,5,1
2023,14,JAX,CLE,79,End of half,0,1,0
2023,14,JAX,CLE,75,Turnover,0,3,0
2023,14,CLE,JAX,22,Touchdown,7,7,2
2023,14,JAX,CLE,75,Punt,0,3,0
2023,14,CLE,JAX,67,Turnover,0,2,0
2023,14,JAX,CLE,25,Touchdown,7,6,3
2023,14,CLE,JAX,75,Punt,0,7,2
2023,14,JAX,CLE,94,Turnover,0,3,0
2023,14,CLE,JAX,48,Touchdown,7,4,1
2023,14,JAX,CLE,75,Touchdown,7,9,4
2023,14,CLE,JAX,71,Punt,0,10,2
2023,14,JAX,CLE,80,Turnover on downs,0,5,1
2023,14,CLE,JAX,37,Field goal,3,4,0
2023,14,JAX,CLE,75,Touchdown,7,9,5
2023,14,CLE,JAX,46,End of half,0,3,0
2023,14,BAL,LA,85,Punt,0,5,1
2023,14,LA,BAL,76,Field goal,3,13,5
2023,14,BAL,LA,75,Punt,0,5,1
2023,14,LA,BAL,92,Punt,0,4,1
2023,14,BAL,LA,66,Touchdown,7,3,2
2023,14,LA,BAL,75,Touchdown,7,7,4
2023,14,BAL,LA,75,Touchdown,7,5,3
2023,14,LA,BAL,75,Touchdown,7,9,4
2023,14,BAL,LA,75,Turnover,0,1,0
2023,14,LA,BAL,51,Field goal,3,7,1
2023,14,BAL,LA,75,Field goal,3,12,4
2023,14,LA,BAL,75,End of half,0,1,0
2023,14,LA,BAL,75,Punt,0,3,0
2023,14,BAL,LA,77,Field goal,3,8,2
2023,14,LA,BAL,75,Punt,0,5,1
2023,14,BAL,LA,90,Safety,0,3,0
2023,14,LA,BAL,71,Punt,0,6,1
2023,14,BAL,LA,80,Field goal,3,12,4
2023,14,LA,BAL,75,Punt,0,3,0
2023,14,BAL,LA,72,Punt,0,3,0
2023,14,LA,BAL,85,Touchdown,7,8,5
2023,14,BAL,LA,75,Touchdown,7,13,6
2023,14,LA,BAL,75,Field goal,3,7,2
2023,14,BAL,LA,75,End of half,0,1,0
2023,14,BAL,LA,75,Punt,0,3,0
2023,14,LA,BAL,75,Opp touchdown,0,3,0
2023,14,LV,MIN,80,Punt,0,12,3
2023,14,MIN,LV,80,Punt,0,3,0
2023,14,LV,MIN,66,Punt,0,7,1
2023,14,MIN,LV,86,Punt,0,7,2
2023,14,LV,MIN,73,Punt,0,3,0
2023,14,MIN,LV,79,Missed field goal,0,12,3
2023,14,LV,MIN,61,Punt,0,3,0
2023,14,MIN,LV,90,Punt,0,8,3
2023,14,LV,MIN,90,End of half,0,6,2
2023,14,MIN,LV,86,Punt,0,6,1
2023,14,LV,MIN,52,Turnover,0,5,1
2023,14,MIN,LV,84,Punt,0,8,2
2023,14,LV,MIN,84,Punt,0,6,1
2023,14,MIN,LV,68,Punt,0,6,1
2023,14,LV,MIN,89,Punt,0,3,0
2023,14,MIN,LV,80,Punt,0,3,0
2023,14,LV,MIN,69,Punt,0,3,0
2023,14,MIN,LV,70,Punt,0,4,1
2023,14,LV,MIN,87,Punt,0,3,0
2023,14,MIN,LV,74,Field goal,3,13,3
2023,14,LV,MIN,75,Turnover,0,1,0
2023,14,MIN,LV,34,Punt,0,3,0
2023,14,LV,MIN,69,Turnover,0,1,0
2023,14,NE,PIT,75,Touchdown,7,8,4
2023,14,PIT,NE,69,Field goal,3,7,2
2023,14,NE,PIT,75,Punt,0,3,0
2023,14,PIT,NE,79,Punt,0,3,0
2023,14,NE,PIT,73,Punt,0,5,2
2023,14,PIT,NE,85,Turnover,0,5,1
2023,14,NE,PIT,11,Touchdown,7,2,1
2023,14,PIT,NE,75,Punt,0,3,0
2023,14,NE,PIT,72,Punt,0,3,0
2023,14,PIT,NE,80,Punt,0,3,0
2023,14,NE,PIT,59,Touchdown,7,4,2
2023,14,PIT,NE,75,Touchdown,7,8,5
2023,14,NE,PIT,89,Punt,0,8,2
2023,14,PIT,NE,91,End of half,0,1,0
2023,14,PIT,NE,83,Punt,0,11,3
2023,14,NE,PIT,80,Punt,0,4,1
2023,14,PIT,NE,74,Punt,0,3,0
2023,14,NE,PIT,69,Turnover,0,4,1
2023,14,PIT,NE,16,Turnover on downs,0,4,0
2023,14,NE,PIT,93,Punt,0,3,0
2023,14,PIT,NE,26,Touchdown,7,4,3
2023,14,NE,PIT,75,Punt,0,5,1
2023,14,PIT,NE,80,Punt,0,7,1
2023,14,NE,PIT,86,Punt,0,3,0
2023,14,PIT,NE,73,Turnover on downs,0,6,1
2023,14,NE,PIT,48,Punt,0,3,0
2023,14,PIT,NE,87,End of half,0,2,2
2023,14,DAL,PHI,75,Touchdown,7,10,4
2023,14,PHI,DAL,75,Turnover,0,8,4
2023,14,DAL,PHI,79,Field goal,3,13,3
2023,14,PHI,DAL,75,Field goal,3,8,1
2023,14,DAL,PHI,75,Touchdown,7,12,5
2023,14,PHI,DAL,75,Field goal,3,10,3
2023,14,DAL,PHI,75,Touchdown,7,8,5
2023,14,PHI,DAL,75,End of half,0,3,1
2023,14,PHI,DAL,75,Turnover,0,4,2
2023,14,DAL,PHI,63,Punt,0,3,0
2023,14,PHI,DAL,73,Punt,0,3,0
2023,14,DAL,PHI,55,Opp touchdown,0,3,0
2023,14,DAL,PHI,75,Field goal,3,9,2
2023,14,PHI,DAL,75,Turnover on downs,0,9,3
2023,14,DAL,PHI,71,Field goal,3,11,3
2023,14,PHI,DAL,75,Turnover,0,7,3
2023,14,DAL,PHI,88,Field goal,3,9,2
2023,14,PHI,DAL,75,End of half,0,2,0
2023,14,SF,SEA,75,Touchdown,7,2,2
2023,14,SEA,SF,75,Touchdown,7,8,4
2023,14,SF,SEA,75,Punt,0,3,0
2023,14,SEA,SF,71,Punt,0,3,0
2023,14,SF,SEA,92,Punt,0,3,0
2023,14,SEA,SF,71,Field goal,3,7,3
2023,14,SF,SEA,85,Turnover,0,4,2
2023,14,SEA,SF,63,Punt,0,5,1
2023,14,SF,SEA,83,Touchdown,7,5,3
2023,14,SEA,SF,75,Punt,0,4,1
2023,14,SF,SEA,85,Punt,0,7,2
2023,14,SEA,SF,92,End of half,0,2,0
2023,14,SEA,SF,69,Punt,0,3,0
2023,14,SF,SEA,80,Punt,0,4,1
2023,14,SEA,SF,87,Punt,0,6,1
2023,14,SF,SEA,75,Touchdown,7,7,4
2023,14,SEA,SF,78,Touchdown,7,3,3
2023,14,SF,SEA,75,Touchdown,7,3,2
2023,14,SEA,SF,75,Turnover,0,1,0
2023,14,SF,SEA,62,Turnover,0,2,0
2023,14,SEA,SF,80,Punt,0,5,1
2023,14,SF,SEA,70,Punt,0,6,1
2023,14,SEA,SF,80,Turnover,0,9,3
2023,14,SF,SEA,71,End of half,0,7,2
2023,14,TB,ATL,75,Field goal,3,9,2
2023,14,ATL,TB,75,Field goal,3,16,4
2023,14,TB,ATL,75,Punt,0,3,0
2023,14,ATL,TB,86,Turnover,0,1,0
2023,14,TB,ATL,8,Touchdown,7,2,1
2023,14,ATL,TB,75,Touchdown,7,6,3
2023,14,TB,ATL,75,Turnover on downs,0,9,2
2023,14,ATL,TB,53,Missed field goal,0,5,1
2023,14,TB,ATL,60,Punt,0,3,0
2023,14,ATL,TB,92,Safety,0,1,0
2023,14,TB,ATL,66,Punt,0,3,0
2023,14,ATL,TB,53,Missed field goal,0,6,1
2023,14,ATL,TB,75,Punt,0,5,2
2023,14,TB,ATL,93,Punt,0,3,0
2023,14,ATL,TB,54,Punt,0,3,0
2023,14,TB,ATL,91,Punt,0,3,0
2023,14,ATL,TB,69,Punt,0,3,0
2023,14,TB,ATL,66,Touchdown,7,9,3
2023,14,ATL,TB,75,Punt,0,8,2
2023,14,TB,ATL,80,Punt,0,3,0
2023,14,ATL,TB,67,Touchdown,7,7,4
2023,14,TB,ATL,75,Field goal,3,10,3
2023,14,ATL,TB,75,Touchdown,7,5,3
2023,14,TB,ATL,75,Touchdown,7,12,5
2023,14,ATL,TB,75,End of half,0,6,3
2023,14,TEN,MIA,75,Punt,0,3,0
2023,14,MIA,TEN,72,Turnover,0,9,3
2023,14,TEN,MIA,93,Opp touchdown,0,3,0
2023,14,TEN,MIA,75,Punt,0,5,1
2023,14,MIA,TEN,88,Punt,0,10,3
2023,14,TEN,MIA,86,Touchdown,7,14,7
2023,14,MIA,TEN,72,Missed field goal,0,9,3
2023,14,TEN,MIA,79,Punt,0,3,0
2023,14,MIA,TEN,69,Punt,0,3,0
2023,14,TEN,MIA,79,Field goal,3,6,2
2023,14,MIA,TEN,79,Field goal,3,11,3
2023,14,TEN,MIA,75,Punt,0,6,1
2023,14,MIA,TEN,91,Punt,0,3,0
2023,14,TEN,MIA,65,Field goal,3,12,3
2023,14,MIA,TEN,72,Field goal,3,7,3
2023,14,TEN,MIA,54,Punt,0,3,0
2023,14,MIA,TEN,80,Punt,0,7,2
2023,14,MIA,TEN,7,Touchdown,7,2,1
2023,14,TEN,MIA,75,Turnover,0,1,0
2023,14,MIA,TEN,12,Touchdown,7,2,1
2023,14,TEN,MIA,75,Touchdown,7,9,5
2023,14,MIA,TEN,75,Punt,0,3,0
2023,14,TEN,MIA,64,Touchdown,7,4,3
2023,14,MIA,TEN,74,Turnover on downs,0,6,1
2023,14,TEN,MIA,42,End of half,0,1,0
2023,15,ATL,CAR,77,Turnover on downs,0,10,3
2023,15,CAR,ATL,64,Turnover on downs,0,5,1
2023,15,ATL,CAR,66,Punt,0,3,0
2023,15,CAR,ATL,63,Punt,0,3,0
2023,15,ATL,CAR,96,Punt,0,6,1
2023,15,CAR,ATL,65,Punt,0,3,0
2023,15,ATL,CAR,83,Punt,0,3,0
2023,15,CAR,ATL,69,Punt,0,3,0
2023,15,ATL,CAR,58,Punt,0,5,1
2023,15,CAR,ATL,92,Punt,0,3,0
2023,15,ATL,CAR,63,Touchdown,7,3,2
2023,15,CAR,ATL,75,Field goal,3,12,4
2023,15,ATL,CAR,74,End of half,0,1,0
2023,15,CAR,ATL,60,Turnover on downs,0,5,1
2023,15,ATL,CAR,70,Punt,0,6,1
2023,15,CAR,ATL,87,Punt,0,9,4
2023,15,ATL,CAR,80,Turnover,0,3,0
2023,15,CAR,ATL,24,Field goal,3,6,1
2023,15,ATL,CAR,69,Turnover,0,11,4
2023,15,CAR,ATL,95,Field goal,3,17,6
2023,15,JAX,BAL,79,Punt,0,6,1
2023,15,BAL,JAX,89,Field goal,3,11,4
2023,15,JAX,BAL,75,Missed field goal,0,7,2
2023,15,BAL,JAX,60,Punt,0,3,0
2023,15,JAX,BAL,62,Missed field goal,0,8,2
2023,15,BAL,JAX,55,Turnover,0,3,1
2023,15,JAX,BAL,52,Turnover,0,10,2
2023,15,BAL,JAX,60,Touchdown,7,13,5
2023,15,JAX,BAL,59,End of half,0,5,3
2023,15,BAL,JAX,75,Punt,0,8,2
2023,15,JAX,BAL,88,Touchdown,7,5,2
2023,15,BAL,JAX,75,Punt,0,7,3
2023,15,JAX,BAL,90,Punt,0,3,0
2023,15,BAL,JAX,58,Touchdown,7,5,3
2023,15,JAX,BAL,75,Punt,0,3,0
2023,15,BAL,JAX,76,Field goal,3,10,4
2023,15,JAX,BAL,75,Turnover,0,3,0
2023,15,BAL,JAX,19,Field goal,3,4,0
2023,15,JAX,BAL,68,Turnover on downs,0,13,4
2023,15,BAL,JAX,87,End of half,0,8,3
2023,15,CLE,CHI,75,Punt,0,6,1
2023,15,CHI,CLE,84,Punt,0,3,0
2023,15,CLE,CHI,55,Punt,0,3,0
2023,15,CHI,CLE,83,Punt,0,3,0
2023,15,CLE,CHI,63,Punt,0,4,0
2023,15,CHI,CLE,81,Punt,0,6,1
2023,15,CLE,CHI,81,Punt,0,3,0
2023,15,CHI,CLE,60,Punt,0,3,0
2023,15,CLE,CHI,91,Turnover,0,2,0
2023,15,CHI,CLE,1,Touchdown,7,4,2
2023,15,CLE,CHI,84,Touchdown,7,12,5
2023,15,CHI,CLE,75,Punt,0,3,0
2023,15,CLE,CHI,72,Punt,0,4,1
2023,15,CHI,CLE,98,Turnover,0,10,3
2023,15,CHI,CLE,75,Punt,0,3,0
2023,15,CLE,CHI,60,Opp touchdown,0,1,0
2023,15,CLE,CHI,75,Punt,0,3,0
2023,15,CHI,CLE,70,Field goal,3,9,3
2023,15,CLE,CHI,75,Punt,0,3,0
2023,15,CHI,CLE,58,Punt,0,3,0
2023,15,CLE,CHI,70,Punt,0,4,1
2023,15,CLE,CHI,20,Turnover,0,1,0
2023,15,CHI,CLE,65,Turnover on downs,0,7,1
2023,15,CLE,CHI,67,Field goal,3,6,1
2023,15,CHI,CLE,75,Punt,0,3,0
2023,15,CLE,CHI,75,Punt,0,3,0
2023,15,CHI,CLE,67,Punt,0,6,1
2023,15,CLE,CHI,80,Touchdown,7,6,3
2023,15,CHI,CLE,75,Punt,0,3,0
2023,15,CLE,CHI,79,Field goal,3,8,2
2023,15,CHI,CLE,75,Turnover,0,5,1
2023,15,BUF,DAL,75,Touchdown,7,12,7
2023,15,DAL,BUF,75,Punt,0,8,2
2023,15,BUF,DAL,87,Punt,0,3,0
2023,15,DAL,BUF,66,Punt,0,3,0
2023,15,BUF,DAL,86,Touchdown,7,11,5
2023,15,DAL,BUF,75,Field goal,3,11,3
2023,15,BUF,DAL,76,Touchdown,7,11,7
2023,15,DAL,BUF,75,Punt,0,5,1
2023,15,BUF,DAL,95,End of half,0,1,0
2023,15,DAL,BUF,82,Punt,0,6,1
2023,15,BUF,DAL,70,Field goal,3,15,5
2023,15,DAL,BUF,76,Punt,0,3,0
2023,15,BUF,DAL,67,Touchdown,7,6,3
2023,15,DAL,BUF,75,Turnover,0,7,1
2023,15,BUF,DAL,52,Punt,0,3,0
2023,15,DAL,BUF,80,Touchdown,7,15,6
2023,15,BUF,DAL,86,End of half,0,4,1
2023,15,DET,DEN,75,Punt,0,5,1
2023,15,DEN,DET,71,Turnover,0,4,2
2023,15,DET,DEN,37,Punt,0,3,0
2023,15,DEN,DET,80,Punt,0,3,0
2023,15,DET,DEN,73,Punt,0,6,2
2023,15,DEN,DET,84,Punt,0,6,1
2023,15,DET,DEN,80,Touchdown,7,8,5
2023,15,DEN,DET,75,Punt,0,3,0
2023,15,DET,DEN,61,Touchdown,7,6,4
2023,15,DEN,DET,79,Punt,0,7,1
2023,15,DET,DEN,81,Touchdown,7,11,5
2023,15,DEN,DET,75,End of half,0,1,0
2023,15,DEN,DET,75,Touchdown,7,10,4
2023,15,DET,DEN,75,Touchdown,7,8,4
2023,15,DEN,DET,75,Field goal,3,12,4
2023,15,DET,DEN,75,Touchdown,7,6,5
2023,15,DEN,DET,75,Punt,0,5,1
2023,15,DET,DEN,77,Punt,0,3,0
2023,15,DEN,DET,62,Touchdown,7,8,5
2023,15,DET,DEN,44,Touchdown,7,8,3
2023,15,DEN,DET,79,End of half,0,4,2
2023,15,HOU,TEN,75,Punt,0,3,0
2023,15,TEN,HOU,83,Touchdown,7,11,4
2023,15,HOU,TEN,72,Punt,0,5,1
2023,15,TEN,HOU,85,Punt,0,6,2
2023,15,HOU,TEN,80,Opp touchdown,0,6,1
2023,15,HOU,TEN,87,Punt,0,6,1
2023,15,TEN,HOU,94,Punt,0,6,1
2023,15,HOU,TEN,57,Field goal,3,13,4
2023,15,TEN,HOU,75,Turnover,0,5,1
2023,15,HOU,TEN,60,Field goal,3,10,3
2023,15,TEN,HOU,75,Punt,0,3,0
2023,15,HOU,TEN,46,Field goal,3,4,1
2023,15,TEN,HOU,76,Punt,0,5,1
2023,15,HOU,TEN,97,Punt,0,4,1
2023,15,TEN,HOU,46,Field goal,3,8,2
2023,15,HOU,TEN,79,Touchdown,7,10,6
2023,15,TEN,HOU,75,Punt,0,6,1
2023,15,HOU,TEN,79,Punt,0,4,1
2023,15,TEN,HOU,71,Punt,0,3,0
2023,15,HOU,TEN,70,End of half,0,3,1
2023,15,TEN,HOU,75,Punt,0,6,1
2023,15,HOU,TEN,73,Punt,0,3,0
2023,15,TEN,HOU,63,Punt,0,5,1
2023,15,HOU,TEN,80,Field goal,3,5,1
2023,15,NE,KC,87,Punt,0,3,0
2023,15,KC,NE,62,Missed field goal,0,5,2
2023,15,NE,KC,71,Missed field goal,0,10,4
2023,15,KC,NE,69,Touchdown,7,4,3
2023,15,NE,KC,75,Punt,0,3,0
2023,15,KC,NE,73,Punt,0,3,0
2023,15,NE,KC,61,Touchdown,7,10,3
2023,15,KC,NE,75,Turnover,0,1,0
2023,15,NE,KC,8,Field goal,3,4,0
2023,15,KC,NE,75,Touchdown,7,11,4
2023,15,NE,KC,75,End of half,0,1,0
2023,15,KC,NE,75,Field goal,3,11,4
2023,15,NE,KC,79,Turnover,0,1,0
2023,15,KC,NE,7,Touchdown,7,2,1
2023,15,NE,KC,65,Punt,0,5,1
2023,15,KC,NE,74,Field goal,3,6,2
2023,15,NE,KC,75,Punt,0,3,0
2023,15,KC,NE,74,Punt,0,3,0
2023,15,NE,KC,65,Punt,0,3,0
2023,15,KC,NE,85,Punt,0,5,1
2023,15,NE,KC,73,Punt,0,3,0
2023,15,KC,NE,76,Turnover,0,1,0
2023,15,NE,KC,29,Touchdown,7,2,2
2023,15,KC,NE,75,Punt,0,8,2
2023,15,NE,KC,99,Turnover on downs,0,4,0
2023,15,KC,NE,6,Turnover on downs,0,4,0
2023,15,NE,KC,91,End of half,0,1,0
2023,15,LAC,LV,71,Punt,0,3,0
2023,15,LV,LAC,68,Touchdown,7,12,5
2023,15,LAC,LV,79,Turnover,0,4,2
2023,15,LV,LAC,42,Touchdown,7,4,2
2023,15,LAC,LV,75,Turnover,0,1,0
2023,15,LV,LAC,31,Touchdown,7,3,1
2023,15,LAC,LV,73,Punt,0,5,1
2023,15,LV,LAC,82,Punt,0,3,0
2023,15,LAC,LV,79,Punt,0,5,1
2023,15,LV,LAC,70,Punt,0,3,0
2023,15,LV,LAC,14,Touchdown,7,2,1
2023,15,LAC,LV,75,Punt,0,3,0
2023,15,LV,LAC,65,Touchdown,7,6,2
2023,15,LAC,LV,75,Turnover on downs,0,5,1
2023,15,LV,LAC,49,Touchdown,7,6,3
2023,15,LAC,LV,75,End of half,0,1,0
2023,15,LV,LAC,75,Touchdown,7,9,5
2023,15,LAC,LV,79,Touchdown,7,1,1
2023,15,LV,LAC,75,Punt,0,3,0
2023,15,LAC,LV,90,Punt,0,3,0
2023,15,LV,LAC,78,Punt,0,6,1
2023,15,LAC,LV,80,Opp touchdown,0,8,3
2023,15,LAC,LV,75,Opp touchdown,0,2,0
2023,15,LAC,LV,75,Touchdown,7,11,5
2023,15,LV,LAC,77,Punt,0,3,0
2023,15,LAC,LV,55,Touchdown,7,10,4
2023,15,LV,LAC,75,Punt,0,3,0
2023,15,LAC,LV,78,End of half,0,1,0
2023,15,CIN,MIN,75,Field goal,3,11,3
2023,15,MIN,CIN,75,Touchdown,7,12,6
2023,15,CIN,MIN,75,Punt,0,3,0
2023,15,MIN,CIN,81,Punt,0,3,0
2023,15,CIN,MIN,61,Punt,0,5,1
2023,15,MIN,CIN,84,Turnover,0,14,5
2023,15,CIN,MIN,83,Punt,0,6,1
2023,15,MIN,CIN,66,Turnover,0,5,1
2023,15,CIN,MIN,70,End of half,0,3,0
2023,15,MIN,CIN,92,Touchdown,7,8,4
2023,15,CIN,MIN,75,Turnover,0,4,1
2023,15,MIN,CIN,57,Field goal,3,8,2
2023,15,CIN,MIN,75,Touchdown,7,8,5
2023,15,MIN,CIN,75,Punt,0,3,0
2023,15,CIN,MIN,63,Touchdown,7,11,5
2023,15,MIN,CIN,75,Touchdown,7,7,5
2023,15,CIN,MIN,75,Touchdown,7,10,5
2023,15,MIN,CIN,75,Punt,0,3,0
2023,15,CIN,MIN,80,End of half,0,1,0
2023,15,CIN,MIN,75,Punt,0,3,0
2023,15,MIN,CIN,63,Turnover on downs,0,5,1
2023,15,CIN,MIN,58,Field goal,3,6,1
2023,15,NYG,NO,75,Field goal,3,9,2
2023,15,NO,NYG,80,Punt,0,3,0
2023,15,NYG,NO,68,Punt,0,3,0
2023,15,NO,NYG,68,Touchdown,7,11,5
2023,15,NYG,NO,75,Punt,0,3,0
2023,15,NO,NYG,68,Punt,0,5,1
2023,15,NYG,NO,90,Punt,0,9,3
2023,15,NO,NYG,86,Punt,0,6,1
2023,15,NYG,NO,60,Field goal,3,13,3
2023,15,NO,NYG,68,Touchdown,7,10,5
2023,15,NYG,NO,75,Punt,0,3,0
2023,15,NO,NYG,57,Field goal,3,5,1
2023,15,NYG,NO,75,Punt,0,3,0
2023,15,NO,NYG,65,Touchdown,7,11,6
2023,15,NYG,NO,75,Turnover on downs,0,9,2
2023,15,NO,NYG,55,Punt,0,5,1
2023,15,NYG,NO,92,Turnover on downs,0,11,2
2023,15,NO,NYG,68,End of half,0,3,0
2023,15,MIA,NYJ,75,Punt,0,5,1
2023,15,NYJ,MIA,88,Turnover,0,4,1
2023,15,MIA,NYJ,1,Touchdown,7,3,1
2023,15,NYJ,MIA,75,Turnover on downs,0,7,1
2023,15,MIA,NYJ,41,Field goal,3,9,2
2023,15,NYJ,MIA,75,Punt,0,3,0
2023,15,MIA,NYJ,49,Punt,0,3,0
2023,15,NYJ,MIA,91,Punt,0,3,0
2023,15,MIA,NYJ,60,Touchdown,7,1,1
2023,15,NYJ,MIA,75,Punt,0,5,1
2023,15,MIA,NYJ,80,Touchdown,7,11,6
2023,15,NYJ,MIA,75,Punt,0,5,1
2023,15,NYJ,MIA,75,Punt,0,3,0
2023,15,NYJ,MIA,75,Turnover,0,7,3
2023,15,MIA,NYJ,59,Field goal,3,12,3
2023,15,NYJ,MIA,75,Turnover,0,7,2
2023,15,MIA,NYJ,47,Punt,0,4,0
2023,15,NYJ,MIA,87,Turnover,0,10,2
2023,15,MIA,NYJ,66,Punt,0,3,0
2023,15,NYJ,MIA,54,End of half,0,1,0
2023,15,PHI,SEA,75,Touchdown,7,15,6
2023,15,SEA,PHI,75,Punt,0,3,0
2023,15,PHI,SEA,88,Punt,0,3,0
2023,15,SEA,PHI,73,Punt,0,6,1
2023,15,PHI,SEA,71,Field goal,3,16,5
2023,15,SEA,PHI,75,Field goal,3,12,4
2023,15,PHI,SEA,75,Punt,0,4,1
2023,15,SEA,PHI,81,Punt,0,3,0
2023,15,PHI,SEA,68,Punt,0,3,0
2023,15,SEA,PHI,75,Touchdown,7,9,4
2023,15,PHI,SEA,75,Touchdown,7,12,6
2023,15,SEA,PHI,75,Punt,0,3,0
2023,15,PHI,SEA,79,Punt,0,3,0
2023,15,SEA,PHI,70,Field goal,3,11,3
2023,15,PHI,SEA,75,Turnover,0,4,2
2023,15,SEA,PHI,80,Punt,0,3,0
2023,15,PHI,SEA,75,Punt,0,7,2
2023,15,SEA,PHI,92,Touchdown,7,10,4
2023,15,PHI,SEA,75,Turnover,0,3,1
2023,15,SEA,PHI,83,End of half,0,1,0
2023,15,PIT,IND,62,Punt,0,3,0
2023,15,IND,PIT,69,Missed field goal,0,10,2
2023,15,PIT,IND,54,Touchdown,7,12,4
2023,15,IND,PIT,75,Punt,0,3,0
2023,15,PIT,IND,1,Touchdown,7,2,1
2023,15,IND,PIT,75,Touchdown,7,7,3
2023,15,PIT,IND,64,Turnover,0,3,2
2023,15,IND,PIT,71,Turnover on downs,0,13,4
2023,15,PIT,IND,98,Punt,0,6,1
2023,15,IND,PIT,74,Touchdown,7,3,3
2023,15,PIT,IND,75,End of half,0,3,0
2023,15,IND,PIT,75,Punt,0,3,0
2023,15,PIT,IND,90,Turnover,0,1,0
2023,15,IND,PIT,18,Touchdown,7,1,1
2023,15,PIT,IND,75,Punt,0,3,0
2023,15,IND,PIT,51,Field goal,3,5,1
2023,15,PIT,IND,75,Punt,0,8,2
2023,15,IND,PIT,83,Field goal,3,15,4
2023,15,PIT,IND,75,Turnover,0,7,2
2023,15,IND,PIT,45,Missed field goal,0,6,1
2023,15,PIT,IND,67,Turnover on downs,0,4,0
2023,15,IND,PIT,25,Field goal,3,4,0
2023,15,PIT,IND,75,End of half,0,2,1
2023,15,ARI,SF,75,Touchdown,7,7,4
2023,15,SF,ARI,75,Touchdown,7,8,4
2023,15,ARI,SF,75,Opp touchdown,0,6,1
2023,15,ARI,SF,75,Field goal,3,8,2
2023,15,SF,ARI,75,Punt,0,3,0
2023,15,ARI,SF,69,Field goal,3,11,3
2023,15,SF,ARI,75,Touchdown,7,10,5
2023,15,ARI,SF,75,Punt,0,3,0
2023,15,SF,ARI,88,End of half,0,6,2
2023,15,SF,ARI,75,Touchdown,7,4,2
2023,15,ARI,SF,75,Punt,0,3,0
2023,15,SF,ARI,69,Punt,0,3,0
2023,15,ARI,SF,90,Field goal,3,12,4
2023,15,SF,ARI,60,Touchdown,7,6,5
2023,15,ARI,SF,75,Touchdown,7,8,3
2023,15,SF,ARI,75,Touchdown,7,7,5
2023,15,ARI,SF,75,Turnover,0,5,1
2023,15,SF,ARI,47,Field goal,3,6,1
2023,15,ARI,SF,75,Touchdown,7,12,4
2023,15,SF,ARI,45,End of half,0,2,0
2023,15,TB,GB,75,Field goal,3,10,3
2023,15,GB,TB,75,Turnover on downs,0,11,3
2023,15,TB,GB,96,Turnover,0,2,0
2023,15,GB,TB,4,Touchdown,7,2,1
2023,15,TB,GB,75,Touchdown,7,7,4
2023,15,GB,TB,75,Field goal,3,8,2
2023,15,TB,GB,75,Punt,0,3,0
2023,15,GB,TB,96,Punt,0,5,2
2023,15,TB,GB,89,Field goal,3,9,3
2023,15,GB,TB,75,End of half,0,1,0
2023,15,GB,TB,75,Punt,0,3,0
2023,15,TB,GB,66,Touchdown,7,8,3
2023,15,GB,TB,75,Touchdown,7,11,4
2023,15,TB,GB,75,Touchdown,7,9,5
2023,15,GB,TB,75,Field goal,3,10,3
2023,15,TB,GB,75,Touchdown,7,6,2
2023,15,GB,TB,78,Turnover,0,9,3
2023,15,TB,GB,49,End of half,0,8,2
2023,15,WAS,LA,75,Punt,0,3,0
2023,15,LA,WAS,81,Field goal,3,11,4
2023,15,WAS,LA,75,Turnover on downs,0,13,3
2023,15,LA,WAS,88,Turnover,0,12,4
2023,15,WAS,LA,92,Punt,0,3,0
2023,15,LA,WAS,53,Touchdown,7,10,4
2023,15,WAS,LA,74,Punt,0,3,0
2023,15,LA,WAS,72,Turnover,0,4,1
2023,15,WAS,LA,61,Turnover on downs,0,4,0
2023,15,LA,WAS,15,Field goal,3,6,1
2023,15,LA,WAS,75,Touchdown,7,2,2
2023,15,WAS,LA,75,Punt,0,7,2
2023,15,LA,WAS,88,Punt,0,3,0
2023,15,WAS,LA,48,Touchdown,7,7,2
2023,15,LA,WAS,75,Punt,0,7,2
2023,15,WAS,LA,91,Punt,0,3,0
2023,15,LA,WAS,51,Touchdown,7,5,2
2023,15,WAS,LA,75,Turnover,0,1,0
2023,15,LA,WAS,38,Missed field goal,0,8,2
2023,15,WAS,LA,67,Touchdown,7,5,3
2023,15,LA,WAS,75,Punt,0,3,0
2023,15,WAS,LA,65,Touchdown,7,9,4
2023,15,LA,WAS,47,End of half,0,5,1
2023,16,CHI,ARI,74,Punt,0,4,1
2023,16,ARI,CHI,91,Punt,0,6,1
2023,16,CHI,ARI,74,Touchdown,7,6,4
2023,16,ARI,CHI,75,Punt,0,6,1
2023,16,CHI,ARI,90,Touchdown,7,11,5
2023,16,ARI,CHI,75,Punt,0,3,0
2023,16,CHI,ARI,54,Touchdown,7,8,3
2023,16,ARI,CHI,75,Touchdown,7,9,5
2023,16,CHI,ARI,75,Punt,0,3,0
2023,16,ARI,CHI,66,Punt,0,3,0
2023,16,CHI,ARI,76,Punt,0,3,0
2023,16,ARI,CHI,80,End of half,0,3,1
2023,16,ARI,CHI,57,Field goal,3,5,1
2023,16,CHI,ARI,75,Punt,0,6,1
2023,16,ARI,CHI,77,Punt,0,3,0
2023,16,CHI,ARI,80,Field goal,3,10,4
2023,16,ARI,CHI,75,Punt,0,3,0
2023,16,CHI,ARI,80,Turnover,0,8,3
2023,16,ARI,CHI,80,Touchdown,7,8,3
2023,16,CHI,ARI,75,Punt,0,3,0
2023,16,ARI,CHI,91,Turnover on downs,0,7,1
2023,16,CHI,ARI,27,Field goal,3,7,1
2023,16,ARI,CHI,69,End of half,0,5,3
2023,16,BAL,SF,69,Punt,0,3,0
2023,16,SF,BAL,89,Turnover,0,5,2
2023,16,BAL,SF,92,Safety,0,4,1
2023,16,SF,BAL,79,Field goal,3,10,3
2023,16,BAL,SF,75,Field goal,3,8,3
2023,16,SF,BAL,75,Turnover,0,4,2
2023,16,BAL,SF,53,Touchdown,7,11,4
2023,16,SF,BAL,75,Turnover,0,3,0
2023,16,BAL,SF,20,Field goal,3,4,0
2023,16,SF,BAL,67,Touchdown,7,6,3
2023,16,BAL,SF,75,Field goal,3,11,5
2023,16,SF,BAL,75,Punt,0,3,0
2023,16,BAL,SF,44,Touchdown,7,3,2
2023,16,SF,BAL,75,Turnover,0,1,0
2023,16,BAL,SF,9,Touchdown,7,1,1
2023,16,SF,BAL,84,Punt,0,5,1
2023,16,BAL,SF,95,Field goal,3,11,5
2023,16,SF,BAL,75,Turnover on downs,0,7,2
2023,16,BAL,SF,53,Punt,0,5,1
2023,16,SF,BAL,90,Touchdown,7,12,5
2023,16,BAL,SF,71,Punt,0,3,0
2023,16,SF,BAL,64,Turnover,0,13,3
2023,16,BAL,SF,78,End of half,0,3,1
2023,16,BUF,LAC,75,Punt,0,5,1
2023,16,LAC,BUF,92,Field goal,3,14,4
2023,16,BUF,LAC,84,Punt,0,5,1
2023,16,LAC,BUF,85,Punt,0,4,1
2023,16,LAC,BUF,27,Touchdown,7,4,3
2023,16,BUF,LAC,75,Punt,0,5,1
2023,16,LAC,BUF,96,Punt,0,3,0
2023,16,BUF,LAC,57,Touchdown,7,1,1
2023,16,LAC,BUF,92,Punt,0,7,2
2023,16,BUF,LAC,63,Touchdown,7,8,4
2023,16,LAC,BUF,75,End of half,0,1,0
2023,16,LAC,BUF,75,Punt,0,5,2
2023,16,BUF,LAC,90,Turnover,0,2,0
2023,16,LAC,BUF,58,Field goal,3,8,2
2023,16,BUF,LAC,75,Touchdown,7,10,4
2023,16,LAC,BUF,75,Field goal,3,11,3
2023,16,BUF,LAC,75,Punt,0,3,0
2023,16,LAC,BUF,48,Field goal,3,6,1
2023,16,BUF,LAC,75,Turnover,0,1,0
2023,16,LAC,BUF,32,Field goal,3,4,0
2023,16,BUF,LAC,75,Field goal,3,13,4
2023,16,LAC,BUF,70,End of half,0,3,0
2023,16,CIN,PIT,75,Punt,0,6,1
2023,16,PIT,CIN,92,Touchdown,7,2,1
2023,16,CIN,PIT,75,Turnover,0,10,3
2023,16,PIT,CIN,80,Touchdown,7,10,5
2023,16,CIN,PIT,75,Punt,0,3,0
2023,16,PIT,CIN,52,Punt,0,5,1
2023,16,CIN,PIT,93,Turnover,0,4,1
2023,16,PIT,CIN,14,Touchdown,7,4,2
2023,16,CIN,PIT,75,Turnover on downs,0,8,3
2023,16,PIT,CIN,95,Field goal,3,12,3
2023,16,PIT,CIN,75,Punt,0,6,1
2023,16,CIN,PIT,80,Touchdown,7,1,1
2023,16,PIT,CIN,75,Touchdown,7,3,1
2023,16,CIN,PIT,75,Turnover on downs,0,8,2
2023,16,PIT,CIN,68,Punt,0,3,0
2023,16,CIN,PIT,68,Field goal,3,12,4
2023,16,PIT,CIN,75,Punt,0,3,0
2023,16,CIN,PIT,65,Turnover,0,2,0
2023,16,PIT,CIN,43,Field goal,3,9,2
2023,16,CIN,PIT,75,Punt,0,6,1
2023,16,PIT,CIN,96,Punt,0,3,0
2023,16,CIN,PIT,48,End of half,0,2,1
2023,16,CLE,HOU,59,Touchdown,7,4,2
2023,16,HOU,CLE,73,Punt,0,5,3
2023,16,CLE,HOU,89,Punt,0,6,1
2023,16,HOU,CLE,66,Punt,0,4,0
2023,16,CLE,HOU,79,Punt,0,4,1
2023,16,HOU,CLE,80,Punt,0,4,2
2023,16,CLE,HOU,90,Touchdown,7,3,2
2023,16,CLE,HOU,75,Punt,0,3,0
2023,16,HOU,CLE,67,Punt,0,6,1
2023,16,HOU,CLE,68,Punt,0,3,0
2023,16,CLE,HOU,66,Turnover,0,2,0
2023,16,HOU,CLE,84,Turnover,0,6,2
2023,16,CLE,HOU,41,Turnover,0,4,1
2023,16,HOU,CLE,67,Punt,0,4,1
2023,16,CLE,HOU,94,Touchdown,7,18,7
2023,16,HOU,CLE,79,Turnover,0,3,0
2023,16,CLE,HOU,51,Touchdown,7,10,6
2023,16,HOU,CLE,68,Turnover on downs,0,4,0
2023,16,CLE,HOU,40,Turnover on downs,0,6,1
2023,16,HOU,CLE,61,Touchdown,7,10,5
2023,16,CLE,HOU,47,Touchdown,7,9,4
2023,16,HOU,CLE,53,Touchdown,7,9,4
2023,16,CLE,HOU,44,Turnover on downs,0,8,2
2023,16,HOU,CLE,83,Turnover on downs,0,10,2
2023,16,CLE,HOU,51,End of half,0,1,0
2023,16,DAL,MIA,75,Turnover,0,15,5
2023,16,MIA,DAL,98,Field goal,3,10,2
2023,16,DAL,MIA,75,Touchdown,7,3,2
2023,16,MIA,DAL,75,Turnover on downs,0,12,4
2023,16,DAL,MIA,94,Punt,0,5,1
2023,16,MIA,DAL,65,Field goal,3,6,1
2023,16,DAL,MIA,75,Punt,0,3,0
2023,16,MIA,DAL,71,Touchdown,7,8,6
2023,16,DAL,MIA,76,End of half,0,1,0
2023,16,MIA,DAL,75,Punt,0,4,1
2023,16,DAL,MIA,98,Punt,0,3,0
2023,16,MIA,DAL,60,Field goal,3,5,1
2023,16,DAL,MIA,75,Field goal,3,6,1
2023,16,MIA,DAL,75,Field goal,3,9,3
2023,16,DAL,MIA,75,Field goal,3,10,4
2023,16,MIA,DAL,75,Punt,0,3,0
2023,16,DAL,MIA,69,Touchdown,7,17,6
2023,16,MIA,DAL,75,Field goal,3,12,4
2023,16,DET,MIN,75,Touchdown,7,14,6
2023,16,MIN,DET,75,Touchdown,7,9,5
2023,16,DET,MIN,75,Turnover,0,3,1
2023,16,MIN,DET,48,Turnover,0,4,0
2023,16,DET,MIN,80,Punt,0,3,0
2023,16,MIN,DET,70,Punt,0,3,0
2023,16,DET,MIN,78,Field goal,3,13,5
2023,16,MIN,DET,90,Turnover,0,3,1
2023,16,DET,MIN,33,Touchdown,7,3,2
2023,16,MIN,DET,75,Touchdown,7,6,3
2023,16,DET,MIN,75,End of half,0,3,1
2023,16,MIN,DET,81,Touchdown,7,5,3
2023,16,DET,MIN,75,Touchdown,7,13,5
2023,16,MIN,DET,75,Punt,0,3,0
2023,16,DET,MIN,83,Touchdown,7,14,6
2023,16,MIN,DET,75,Turnover,0,3,0
2023,16,DET,MIN,65,Punt,0,3,0
2023,16,MIN,DET,84,Field goal,3,8,4
2023,16,DET,MIN,75,Punt,0,7,2
2023,16,MIN,DET,88,Turnover,0,8,3
2023,16,DET,MIN,84,End of half,0,2,0
2023,16,CAR,GB,85,Punt,0,6,1
2023,16,GB,CAR,80,Touchdown,7,7,7
2023,16,CAR,GB,69,Field goal,3,6,1
2023,16,GB,CAR,79,Touchdown,7,10,5
2023,16,CAR,GB,77,Touchdown,7,8,4
2023,16,GB,CAR,75,Field goal,3,7,2
2023,16,CAR,GB,75,Turnover on downs,0,6,2
2023,16,GB,CAR,60,Touchdown,7,11,4
2023,16,CAR,GB,77,Punt,0,3,0
2023,16,GB,CAR,79,End of half,0,3,1
2023,16,GB,CAR,75,Punt,0,3,0
2023,16,CAR,GB,72,Touchdown,7,14,6
2023,16,GB,CAR,66,Touchdown,7,9,4
2023,16,CAR,GB,79,Punt,0,4,1
2023,16,GB,CAR,89,Punt,0,3,0
2023,16,CAR,GB,60,Touchdown,7,9,5
2023,16,GB,CAR,75,Punt,0,3,0
2023,16,CAR,GB,70,Touchdown,7,5,4
2023,16,GB,CAR,75,Field goal,3,9,2
2023,16,CAR,GB,75,End of half,0,3,2
2023,16,IND,ATL,75,Touchdown,7,13,6
2023,16,ATL,IND,75,Touchdown,7,5,3
2023,16,IND,ATL,75,Punt,0,9,3
2023,16,ATL,IND,97,Punt,0,4,1
2023,16,IND,ATL,82,Punt,0,5,1
2023,16,ATL,IND,73,Punt,0,3,0
2023,16,IND,ATL,78,Punt,0,4,1
2023,16,ATL,IND,86,Field goal,3,14,5
2023,16,IND,ATL,75,Punt,0,3,0
2023,16,ATL,IND,75,Field goal,3,8,3
2023,16,IND,ATL,75,End of half,0,1,0
2023,16,ATL,IND,75,Touchdown,7,8,5
2023,16,IND,ATL,75,Field goal,3,12,3
2023,16,ATL,IND,75,Field goal,3,12,4
2023,16,IND,ATL,75,Turnover on downs,0,9,2
2023,16,ATL,IND,62,Punt,0,3,0
2023,16,IND,ATL,84,Turnover,0,3,0
2023,16,IND,ATL,75,Turnover on downs,0,4,0
2023,16,ATL,IND,18,Field goal,3,6,1
2023,16,IND,ATL,75,End of half,0,6,4
2023,16,TB,JAX,75,Field goal,3,14,4
2023,16,JAX,TB,68,Turnover,0,7,2
2023,16,TB,JAX,56,Touchdown,7,11,5
2023,16,JAX,TB,75,Missed field goal,0,11,3
2023,16,TB,JAX,58,Field goal,3,9,2
2023,16,JAX,TB,77,Turnover,0,4,1
2023,16,TB,JAX,65,Touchdown,7,7,4
2023,16,JAX,TB,80,Punt,0,3,0
2023,16,TB,JAX,78,End of half,0,1,0
2023,16,JAX,TB,78,Turnover,0,3,1
2023,16,TB,JAX,37,Touchdown,7,5,3
2023,16,JAX,TB,75,Turnover on downs,0,7,2
2023,16,TB,JAX,60,Field goal,3,10,2
2023,16,JAX,TB,75,Touchdown,7,10,5
2023,16,TB,JAX,75,Punt,0,3,0
2023,16,JAX,TB,82,Turnover,0,2,0
2023,16,TB,JAX,34,Turnover on downs,0,4,0
2023,16,JAX,TB,73,Turnover on downs,0,10,4
2023,16,TB,JAX,81,Punt,0,3,0
2023,16,JAX,TB,51,Touchdown,7,5,5
2023,16,TB,JAX,44,End of half,0,9,2
2023,16,KC,LV,68,Punt,0,3,0
2023,16,LV,KC,82,Punt,0,3,0
2023,16,KC,LV,46,Punt,0,3,0
2023,16,LV,KC,93,Field goal,3,15,6
2023,16,KC,LV,75,Punt,0,5,1
2023,16,LV,KC,75,Punt,0,3,0
2023,16,KC,LV,74,Touchdown,7,10,5
2023,16,LV,KC,75,Punt,0,5,1
2023,16,KC,LV,87,Opp touchdown,0,1,0
2023,16,KC,LV,75,Opp touchdown,0,1,0
2023,16,KC,LV,75,Missed field goal,0,13,3
2023,16,LV,KC,74,End of half,0,1,0
2023,16,LV,KC,75,Punt,0,5,1
2023,16,KC,LV,91,Turnover on downs,0,13,3
2023,16,LV,KC,57,Punt,0,3,0
2023,16,KC,LV,81,Punt,0,3,0
2023,16,LV,KC,42,Field goal,3,7,1
2023,16,KC,LV,76,Turnover on downs,0,14,4
2023,16,LV,KC,93,Punt,0,6,1
2023,16,KC,LV,69,Touchdown,7,9,3
2023,16,LV,KC,75,End of half,0,6,2
2023,16,NE,DEN,75,Turnover,0,1,0
2023,16,DEN,NE,6,Turnover on downs,0,4,0
2023,16,NE,DEN,98,Punt,0,3,0
2023,16,DEN,NE,46,Punt,0,3,0
2023,16,NE,DEN,85,Punt,0,3,0
2023,16,DEN,NE,25,Touchdown,7,5,3
2023,16,NE,DEN,75,Field goal,3,13,4
2023,16,DEN,NE,75,Turnover,0,4,3
2023,16,NE,DEN,61,Punt,0,3,0
2023,16,DEN,NE,87,Punt,0,8,2
2023,16,NE,DEN,63,Missed field goal,0,7,2
2023,16,DEN,NE,63,Missed field goal,0,5,1
2023,16,DEN,NE,69,Punt,0,3,0
2023,16,NE,DEN,70,Touchdown,7,5,3
2023,16,DEN,NE,75,Punt,0,4,1
2023,16,NE,DEN,69,Punt,0,3,0
2023,16,DEN,NE,85,Punt,0,3,0
2023,16,NE,DEN,42,Touchdown,7,5,2
2023,16,DEN,NE,75,Punt,0,3,0
2023,16,NE,DEN,62,Punt,0,3,0
2023,16,DEN,NE,83,Touchdown,7,9,4
2023,16,NE,DEN,75,Punt,0,3,0
2023,16,DEN,NE,78,Touchdown,7,11,5
2023,16,NE,DEN,75,Punt,0,3,0
2023,16,DEN,NE,61,Punt,0,3,0
2023,16,NE,DEN,81,Field goal,3,7,1
2023,16,DEN,NE,73,End of half,0,1,0
2023,16,NO,LA,75,Punt,0,8,3
2023,16,LA,NO,95,Touchdown,7,14,6
2023,16,NO,LA,75,Turnover on downs,0,9,2
2023,16,LA,NO,52,Field goal,3,7,2
2023,16,NO,LA,75,Punt,0,4,1
2023,16,LA,NO,68,Missed field goal,0,9,2
2023,16,NO,LA,63,Touchdown,7,3,2
2023,16,LA,NO,75,Punt,0,3,0
2023,16,NO,LA,65,Turnover on downs,0,5,1
2023,16,LA,NO,58,Touchdown,7,5,3
2023,16,NO,LA,75,End of half,0,2,0
2023,16,LA,NO,75,Field goal,3,10,3
2023,16,NO,LA,75,Turnover,0,6,1
2023,16,LA,NO,41,Touchdown,7,5,3
2023,16,NO,LA,75,Turnover on downs,0,7,2
2023,16,LA,NO,69,Field goal,3,9,2
2023,16,NO,LA,75,Touchdown,7,12,5
2023,16,LA,NO,83,Punt,0,4,1
2023,16,NO,LA,35,Touchdown,7,2,1
2023,16,LA,NO,44,End of half,0,5,1
2023,16,NYG,PHI,75,Punt,0,3,0
2023,16,PHI,NYG,13,Touchdown,7,2,2
2023,16,NYG,PHI,75,Field goal,3,10,3
2023,16,PHI,NYG,82,Field goal,3,18,5
2023,16,NYG,PHI,75,Punt,0,3,0
2023,16,PHI,NYG,52,Touchdown,7,3,2
2023,16,NYG,PHI,75,Punt,0,4,1
2023,16,PHI,NYG,81,Punt,0,3,0
2023,16,NYG,PHI,63,Turnover on downs,0,12,2
2023,16,PHI,NYG,75,Field goal,3,11,4
2023,16,NYG,PHI,14,Touchdown,7,3,1
2023,16,PHI,NYG,75,Punt,0,3,0
2023,16,NYG,PHI,80,Punt,0,8,2
2023,16,PHI,NYG,94,Opp touchdown,0,14,6
2023,16,PHI,NYG,75,Touchdown,7,8,5
2023,16,NYG,PHI,75,Turnover on downs,0,6,1
2023,16,PHI,NYG,58,Field goal,3,7,1
2023,16,NYG,PHI,75,Touchdown,7,2,1
2023,16,PHI,NYG,75,Field goal,3,9,3
2023,16,NYG,PHI,75,Turnover,0,9,3
2023,16,TEN,SEA,75,Punt,0,3,0
2023,16,SEA,TEN,62,Punt,0,8,2
2023,16,TEN,SEA,87,Punt,0,9,3
2023,16,SEA,TEN,94,Punt,0,3,0
2023,16,TEN,SEA,57,Touchdown,7,6,4
2023,16,SEA,TEN,70,Field goal,3,7,2
2023,16,TEN,SEA,75,Field goal,3,12,4
2023,16,SEA,TEN,77,Punt,0,9,2
2023,16,TEN,SEA,94,End of half,0,5,1
2023,16,SEA,TEN,55,Field goal,3,10,3
2023,16,TEN,SEA,74,Punt,0,9,2
2023,16,SEA,TEN,96,Touchdown,7,10,6
2023,16,TEN,SEA,75,Touchdown,7,15,7
2023,16,SEA,TEN,75,Touchdown,7,14,6
2023,16,TEN,SEA,75,End of half,0,6,2
2023,16,WAS,NYJ,75,Turnover,0,2,0
2023,16,NYJ,WAS,24,Field goal,3,5,1
2023,16,WAS,NYJ,75,Punt,0,3,0
2023,16,NYJ,WAS,9,Touchdown,7,3,1
2023,16,WAS,NYJ,91,Punt,0,3,0
2023,16,NYJ,WAS,42,Touchdown,7,2,1
2023,16,WAS,NYJ,75,Punt,0,6,2
2023,16,NYJ,WAS,89,Turnover on downs,0,10,4
2023,16,WAS,NYJ,66,Punt,0,4,1
2023,16,NYJ,WAS,94,Punt,0,8,2
2023,16,NYJ,WAS,53,Field goal,3,7,2
2023,16,WAS,NYJ,75,Punt,0,4,1
2023,16,NYJ,WAS,83,Turnover,0,1,0
2023,16,WAS,NYJ,12,Touchdown,7,1,1
2023,16,NYJ,WAS,71,Touchdown,7,11,6
2023,16,WAS,NYJ,75,Punt,0,3,0
2023,16,NYJ,WAS,78,End of half,0,4,1
2023,16,NYJ,WAS,75,Punt,0,5,1
2023,16,WAS,NYJ,94,Punt,0,3,0
2023,16,NYJ,WAS,61,Punt,0,3,0
2023,16,WAS,NYJ,80,Turnover,0,4,1
2023,16,NYJ,WAS,22,Turnover,0,3,1
2023,16,WAS,NYJ,29,Touchdown,7,6,2
2023,16,NYJ,WAS,73,Punt,0,6,1
2023,16,WAS,NYJ,77,Touchdown,7,9,5
2023,16,NYJ,WAS,78,Punt,0,4,1
2023,16,WAS,NYJ,83,Touchdown,7,6,5
2023,16,NYJ,WAS,75,Punt,0,8,2
2023,16,WAS,NYJ,75,Punt,0,3,0
2023,16,NYJ,WAS,67,Field goal,3,8,2
2023,16,WAS,NYJ,75,End of half,0,1,0
2023,17,PHI,ARI,75,Punt,0,3,0
2023,17,ARI,PHI,74,Field goal,3,14,5
2023,17,PHI,ARI,75,Touchdown,7,9,4
2023,17,ARI,PHI,67,Opp touchdown,0,8,3
2023,17,ARI,PHI,75,Field goal,3,16,5
2023,17,PHI,ARI,75,Touchdown,7,9,4
2023,17,ARI,PHI,75,End of half,0,2,0
2023,17,ARI,PHI,75,Touchdown,7,10,5
2023,17,PHI,ARI,75,Punt,0,3,0
2023,17,ARI,PHI,77,Touchdown,7,9,6
2023,17,PHI,ARI,75,Touchdown,7,13,6
2023,17,ARI,PHI,77,Touchdown,7,8,4
2023,17,PHI,ARI,39,Field goal,3,6,1
2023,17,ARI,PHI,70,Touchdown,7,7,4
2023,17,PHI,ARI,75,Turnover,0,5,2
2023,17,ATL,CHI,75,Missed field goal,0,6,2
2023,17,CHI,ATL,60,Touchdown,7,7,3
2023,17,ATL,CHI,75,Missed field goal,0,10,3
2023,17,CHI,ATL,68,Touchdown,7,8,4
2023,17,ATL,CHI,75,Touchdown,7,1,1
2023,17,CHI,ATL,75,Punt,0,3,0
2023,17,ATL,CHI,72,Punt,0,3,0
2023,17,CHI,ATL,75,Touchdown,7,12,6
2023,17,ATL,CHI,75,Punt,0,3,0
2023,17,CHI,ATL,66,Punt,0,3,0
2023,17,ATL,CHI,73,Turnover,0,3,0
2023,17,CHI,ATL,37,Missed field goal,0,4,0
2023,17,CHI,ATL,75,Field goal,3,7,2
2023,17,ATL,CHI,75,Field goal,3,9,3
2023,17,CHI,ATL,67,Turnover on downs,0,9,2
2023,17,ATL,CHI,61,Turnover,0,2,0
2023,17,CHI,ATL,46,Field goal,3,6,1
2023,17,ATL,CHI,75,Touchdown,7,11,4
2023,17,CHI,ATL,75,Punt,0,4,1
2023,17,ATL,CHI,80,Punt,0,3,0
2023,17,CHI,ATL,44,Field goal,3,7,1
2023,17,ATL,CHI,75,Turnover,0,4,0
2023,17,CHI,ATL,41,Touchdown,7,3,2
2023,17,ATL,CHI,75,Turnover,0,5,2
2023,17,CHI,ATL,67,Punt,0,3,0
2023,17,ATL,CHI,76,End of half,0,2,0
2023,17,JAX,CAR,60,Field goal,3,13,3
2023,17,CAR,JAX,75,Turnover on downs,0,13,3
2023,17,JAX,CAR,69,Punt,0,5,1
2023,17,CAR,JAX,78,Punt,0,3,0
2023,17,JAX,CAR,62,Field goal,3,12,3
2023,17,CAR,JAX,75,Punt,0,3,0
2023,17,JAX,CAR,60,Field goal,3,6,1
2023,17,CAR,JAX,75,Punt,0,3,0
2023,17,JAX,CAR,73,Punt,0,3,0
2023,17,CAR,JAX,58,Punt,0,3,0
2023,17,JAX,CAR,80,End of half,0,1,0
2023,17,CAR,JAX,75,Punt,0,3,0
2023,17,JAX,CAR,66,Touchdown,7,2,1
2023,17,CAR,JAX,75,Punt,0,3,0
2023,17,JAX,CAR,83,Field goal,3,12,4
2023,17,CAR,JAX,75,Turnover on downs,0,14,3
2023,17,JAX,CAR,70,Punt,0,3,0
2023,17,CAR,JAX,90,Turnover on downs,0,4,0
2023,17,JAX,CAR,15,Touchdown,7,4,2
2023,17,CAR,JAX,75,Turnover,0,4,1
2023,17,JAX,CAR,39,End of half,0,5,1
2023,17,CIN,KC,75,Field goal,3,15,4
2023,17,KC,CIN,75,Touchdown,7,7,4
2023,17,CIN,KC,75,Touchdown,7,11,5
2023,17,KC,CIN,75,Turnover,0,3,0
2023,17,CIN,KC,24,Touchdown,7,8,3
2023,17,KC,CIN,76,Field goal,3,6,2
2023,17,CIN,KC,75,Punt,0,3,0
2023,17,KC,CIN,68,Field goal,3,5,1
2023,17,CIN,KC,75,End of half,0,5,2
2023,17,KC,CIN,75,Punt,0,3,0
2023,17,CIN,KC,83,Turnover on downs,0,11,3
2023,17,KC,CIN,91,Field goal,3,9,3
2023,17,CIN,KC,75,Punt,0,4,1
2023,17,KC,CIN,91,Field goal,3,7,2
2023,17,CIN,KC,75,Punt,0,3,0
2023,17,KC,CIN,69,Field goal,3,13,3
2023,17,CIN,KC,75,Punt,0,3,0
2023,17,KC,CIN,37,Field goal,3,4,0
2023,17,CIN,KC,75,Turnover on downs,0,9,2
2023,17,KC,CIN,38,End of half,0,2,0
2023,17,DET,DAL,75,Field goal,3,11,3
2023,17,DAL,DET,75,Turnover,0,6,1
2023,17,DET,DAL,57,Punt,0,5,1
2023,17,DAL,DET,89,Touchdown,7,3,1
2023,17,DET,DAL,75,Punt,0,3,0
2023,17,DAL,DET,80,Punt,0,3,0
2023,17,DET,DAL,58,Turnover,0,2,1
2023,17,DAL,DET,54,Turnover,0,6,3
2023,17,DET,DAL,80,Turnover on downs,0,11,4
2023,17,DAL,DET,95,Punt,0,7,2
2023,17,DET,DAL,60,Punt,0,3,0
2023,17,DAL,DET,91,End of half,0,2,0
2023,17,DAL,DET,75,Punt,0,6,1
2023,17,DET,DAL,74,Touchdown,7,13,5
2023,17,DAL,DET,75,Field goal,3,10,2
2023,17,DET,DAL,75,Field goal,3,7,1
2023,17,DAL,DET,75,Touchdown,7,9,5
2023,17,DET,DAL,75,Punt,0,3,0
2023,17,DAL,DET,73,Punt,0,7,2
2023,17,DET,DAL,89,Turnover,0,2,1
2023,17,DAL,DET,29,Field goal,3,4,0
2023,17,DET,DAL,75,Touchdown,7,9,5
2023,17,DAL,DET,43,End of half,0,1,0
2023,17,GB,MIN,80,Punt,0,3,0
2023,17,MIN,GB,77,Punt,0,3,0
2023,17,GB,MIN,80,Field goal,3,12,4
2023,17,MIN,GB,75,Turnover,0,2,0
2023,17,GB,MIN,33,Touchdown,7,2,1
2023,17,MIN,GB,80,Punt,0,5,1
2023,17,GB,MIN,74,Turnover on downs,0,7,2
2023,17,MIN,GB,76,Field goal,3,7,2
2023,17,GB,MIN,75,Touchdown,7,10,7
2023,17,MIN,GB,81,Punt,0,5,2
2023,17,GB,MIN,88,Punt,0,4,0
2023,17,MIN,GB,62,Turnover,0,2,0
2023,17,GB,MIN,37,Touchdown,7,3,2
2023,17,MIN,GB,67,End of half,0,1,0
2023,17,MIN,GB,57,Turnover on downs,0,10,3
2023,17,GB,MIN,90,Touchdown,7,13,6
2023,17,MIN,GB,83,Punt,0,3,0
2023,17,MIN,GB,7,Touchdown,7,2,1
2023,17,GB,MIN,75,Field goal,3,13,4
2023,17,MIN,GB,77,Turnover on downs,0,13,4
2023,17,GB,MIN,90,End of half,0,8,2
2023,17,LAC,DEN,75,Punt,0,3,0
2023,17,DEN,LAC,80,Punt,0,6,1
2023,17,LAC,DEN,85,Punt,0,3,0
2023,17,DEN,LAC,66,Field goal,3,11,3
2023,17,LAC,DEN,75,Punt,0,5,1
2023,17,DEN,LAC,90,Punt,0,8,2
2023,17,LAC,DEN,60,Field goal,3,8,2
2023,17,DEN,LAC,75,Touchdown,7,6,2
2023,17,LAC,DEN,75,Turnover on downs,0,6,1
2023,17,DEN,LAC,42,Field goal,3,6,1
2023,17,LAC,DEN,75,Punt,0,7,2
2023,17,DEN,LAC,85,Missed field goal,0,4,2
2023,17,DEN,LAC,75,Punt,0,6,1
2023,17,LAC,DEN,90,Field goal,3,9,3
2023,17,DEN,LAC,75,Punt,0,8,2
2023,17,LAC,DEN,88,Turnover,0,5,2
2023,17,DEN,LAC,38,Field goal,3,7,1
2023,17,LAC,DEN,75,Missed field goal,0,12,3
2023,17,DEN,LAC,60,Punt,0,7,1
2023,17,LAC,DEN,80,Field goal,3,9,3
2023,17,DEN,LAC,52,End of half,0,2,0
2023,17,LA,NYG,75,Turnover on downs,0,11,4
2023,17,NYG,LA,79,Punt,0,3,0
2023,17,LA,NYG,72,Touchdown,7,8,5
2023,17,NYG,LA,75,Touchdown,7,9,4
2023,17,LA,NYG,75,Punt,0,4,1
2023,17,NYG,LA,80,Punt,0,3,0
2023,17,LA,NYG,75,Turnover,0,4,1
2023,17,NYG,LA,62,Turnover on downs,0,4,0
2023,17,LA,NYG,46,Touchdown,7,8,4
2023,17,NYG,LA,75,Turnover,0,2,1
2023,17,LA,NYG,73,Turnover,0,1,0
2023,17,NYG,LA,43,Field goal,3,5,2
2023,17,NYG,LA,75,Punt,0,6,1
2023,17,LA,NYG,88,Touchdown,7,4,2
2023,17,NYG,LA,75,Punt,0,5,1
2023,17,LA,NYG,79,Punt,0,3,0
2023,17,NYG,LA,91,Touchdown,7,4,2
2023,17,LA,NYG,75,Turnover,0,4,1
2023,17,NYG,LA,34,Field goal,3,10,2
2023,17,LA,NYG,75,Touchdown,7,3,3
2023,17,NYG,LA,75,Turnover on downs,0,7,2
2023,17,LA,NYG,66,Punt,0,3,0
2023,17,NYG,LA,83,Punt,0,6,1
2023,17,LA,NYG,72,Opp touchdown,0,4,1
2023,17,LA,NYG,75,Punt,0,3,0
2023,17,NYG,LA,65,Missed field goal,0,6,1
2023,17,LA,NYG,56,End of half,0,1,0
2023,17,IND,LV,75,Touchdown,7,6,3
2023,17,LV,IND,75,Field goal,3,12,3
2023,17,IND,LV,75,Punt,0,3,0
2023,17,LV,IND,67,Punt,0,3,0
2023,17,IND,LV,94,Punt,0,3,0
2023,17,LV,IND,60,Punt,0,5,1
2023,17,IND,LV,94,Punt,0,6,1
2023,17,LV,IND,76,Punt,0,8,2
2023,17,IND,LV,90,Touchdown,7,6,3
2023,17,LV,IND,75,Punt,0,6,2
2023,17,IND,LV,94,End of half,0,3,1
2023,17,LV,IND,75,Touchdown,7,15,7
2023,17,IND,LV,75,Field goal,3,12,3
2023,17,LV,IND,75,Punt,0,7,2
2023,17,IND,LV,76,Field goal,3,9,3
2023,17,LV,IND,75,Field goal,3,11,4
2023,17,IND,LV,75,Field goal,3,7,2
2023,17,LV,IND,75,Touchdown,7,9,5
2023,17,IND,LV,51,End of half,0,1,0
2023,17,MIA,BAL,75,Touchdown,7,8,5
2023,17,BAL,MIA,75,Touchdown,7,7,4
2023,17,MIA,BAL,73,Field goal,3,6,2
2023,17,BAL,MIA,75,Punt,0,4,1
2023,17,MIA,BAL,85,Punt,0,6,1
2023,17,BAL,MIA,89,Touchdown,7,10,6
2023,17,MIA,BAL,69,Field goal,3,11,2
2023,17,BAL,MIA,75,Touchdown,7,1,1
2023,17,MIA,BAL,75,Turnover,0,3,2
2023,17,BAL,MIA,38,Touchdown,7,4,1
2023,17,MIA,BAL,75,Punt,0,6,1
2023,17,BAL,MIA,80,End of half,0,1,0
2023,17,BAL,MIA,18,Touchdown,7,3,2
2023,17,MIA,BAL,75,Punt,0,4,1
2023,17,BAL,MIA,77,Turnover,0,5,1
2023,17,MIA,BAL,54,Turnover,0,1,0
2023,17,BAL,MIA,63,Punt,0,3,0
2023,17,MIA,BAL,78,Touchdown,7,14,6
2023,17,BAL,MIA,75,Touchdown,7,7,4
2023,17,MIA,BAL,74,Turnover on downs,0,4,0
2023,17,BAL,MIA,32,Touchdown,7,6,3
2023,17,MIA,BAL,75,Turnover,0,1,0
2023,17,BAL,MIA,8,Touchdown,7,3,1
2023,17,MIA,BAL,75,Turnover on downs,0,4,0
2023,17,BAL,MIA,33,End of half,0,1,0
2023,17,BUF,NE,75,Punt,0,3,0
2023,17,NE,BUF,82,Turnover,0,1,0
2023,17,BUF,NE,21,Field goal,3,4,0
2023,17,NE,BUF,78,Punt,0,3,0
2023,17,BUF,NE,73,Punt,0,5,1
2023,17,NE,BUF,84,Turnover,0,1,0
2023,17,BUF,NE,14,Touchdown,7,4,2
2023,17,NE,BUF,75,Turnover,0,2,0
2023,17,BUF,NE,30,Field goal,3,7,2
2023,17,NE,BUF,75,Punt,0,3,0
2023,17,BUF,NE,65,Punt,0,3,1
2023,17,NE,BUF,95,Opp touchdown,0,6,2
2023,17,NE,BUF,75,Touchdown,7,6,3
2023,17,BUF,NE,82,Turnover,0,9,3
2023,17,NE,BUF,89,Missed field goal,0,9,3
2023,17,BUF,NE,63,Punt,0,3,0
2023,17,NE,BUF,92,End of half,0,2,0
2023,17,BUF,NE,75,Touchdown,7,8,4
2023,17,NE,BUF,75,Punt,0,11,3
2023,17,BUF,NE,88,Punt,0,6,1
2023,17,NE,BUF,84,Touchdown,7,7,5
2023,17,BUF,NE,86,Punt,0,7,2
2023,17,NE,BUF,97,Punt,0,3,0
2023,17,BUF,NE,49,End of half,0,11,3
2023,17,NO,TB,73,Touchdown,7,14,6
2023,17,TB,NO,75,Punt,0,3,0
2023,17,NO,TB,68,Punt,0,3,0
2023,17,TB,NO,89,Turnover,0,9,3
2023,17,NO,TB,98,Punt,0,7,2
2023,17,TB,NO,81,Punt,0,3,0
2023,17,NO,TB,60,Touchdown,7,8,4
2023,17,TB,NO,75,Punt,0,3,0
2023,17,NO,TB,46,Field goal,3,7,1
2023,17,TB,NO,75,End of half,0,1,0
2023,17,TB,NO,75,Punt,0,3,0
2023,17,NO,TB,66,Punt,0,3,0
2023,17,TB,NO,78,Turnover,0,7,2
2023,17,NO,TB,55,Field goal,3,7,3
2023,17,TB,NO,75,Punt,0,5,1
2023,17,NO,TB,81,Punt,0,6,1
2023,17,TB,NO,76,Turnover,0,5,2
2023,17,NO,TB,54,Punt,0,3,0
2023,17,TB,NO,91,Touchdown,7,8,4
2023,17,NO,TB,63,Field goal,3,9,3
2023,17,TB,NO,75,Turnover,0,1,0
2023,17,NO,TB,87,Punt,0,3,0
2023,17,TB,NO,54,Touchdown,7,2,1
2023,17,NO,TB,49,End of half,0,3,0
2023,17,CLE,NYJ,75,Touchdown,7,7,4
2023,17,NYJ,CLE,75,Touchdown,7,6,3
2023,17,CLE,NYJ,75,Touchdown,7,7,4
2023,17,CLE,NYJ,12,Turnover on downs,0,4,0
2023,17,NYJ,CLE,94,Opp touchdown,0,3,1
2023,17,NYJ,CLE,62,Punt,0,3,0
2023,17,CLE,NYJ,80,Turnover,0,3,1
2023,17,NYJ,CLE,65,Punt,0,3,0
2023,17,CLE,NYJ,79,Touchdown,7,10,4
2023,17,NYJ,CLE,75,Punt,0,3,0
2023,17,CLE,NYJ,82,Opp touchdown,0,5,2
2023,17,CLE,NYJ,75,Touchdown,7,3,2
2023,17,NYJ,CLE,75,Field goal,3,6,2
2023,17,NYJ,CLE,71,Missed field goal,0,11,3
2023,17,CLE,NYJ,84,Punt,0,3,0
2023,17,NYJ,CLE,67,Punt,0,9,2
2023,17,CLE,NYJ,90,Punt,0,5,1
2023,17,NYJ,CLE,53,Punt,0,5,1
2023,17,CLE,NYJ,90,Turnover,0,3,1
2023,17,NYJ,CLE,35,Field goal,3,7,1
2023,17,CLE,NYJ,75,Punt,0,3,0
2023,17,NYJ,CLE,77,Turnover on downs,0,4,0
2023,17,CLE,NYJ,32,Field goal,3,6,1
2023,17,NYJ,CLE,78,End of half,0,11,4
2023,17,PIT,SEA,75,Turnover on downs,0,8,2
2023,17,SEA,PIT,59,Punt,0,3,0
2023,17,PIT,SEA,80,Touchdown,7,14,6
2023,17,SEA,PIT,75,Touchdown,7,7,4
2023,17,PIT,SEA,75,Field goal,3,6,2
2023,17,SEA,PIT,75,Touchdown,7,8,5
2023,17,PIT,SEA,75,Touchdown,7,9,4
2023,17,SEA,PIT,75,Punt,0,3,0
2023,17,PIT,SEA,80,End of half,0,2,0
2023,17,SEA,PIT,65,Field goal,3,9,2
2023,17,PIT,SEA,71,Touchdown,7,6,4
2023,17,SEA,PIT,64,Punt,0,3,0
2023,17,PIT,SEA,79,Punt,0,5,1
2023,17,SEA,PIT,86,Field goal,3,7,2
2023,17,PIT,SEA,73,Field goal,3,13,3
2023,17,SEA,PIT,75,Turnover,0,1,0
2023,17,PIT,SEA,16,Field goal,3,6,1
2023,17,SEA,PIT,74,Field goal,3,11,4
2023,17,PIT,SEA,44,End of half,0,5,2
2023,17,SF,WAS,75,Field goal,3,12,5
2023,17,WAS,SF,75,Punt,0,3,0
2023,17,SF,WAS,63,Touchdown,7,9,5
2023,17,WAS,SF,75,Field goal,3,9,3
2023,17,SF,WAS,69,Punt,0,4,1
2023,17,WAS,SF,84,Touchdown,7,9,4
2023,17,SF,WAS,75,Field goal,3,10,4
2023,17,WAS,SF,75,End of half,0,1,0
2023,17,WAS,SF,75,Punt,0,3,0
2023,17,SF,WAS,83,Touchdown,7,12,6
2023,17,WAS,SF,75,Turnover,0,10,5
2023,17,SF,WAS,95,Touchdown,7,10,5
2023,17,WAS,SF,75,Turnover,0,2,0
2023,17,SF,WAS,41,Turnover on downs,0,8,2
2023,17,WAS,SF,98,Punt,0,3,0
2023,17,SF,WAS,53,Punt,0,3,0
2023,17,WAS,SF,82,Turnover on downs,0,4,0
2023,17,SF,WAS,26,End of half,0,2,0
2023,17,TEN,HOU,75,Punt,0,3,0
2023,17,HOU,TEN,68,Field goal,3,13,4
2023,17,TEN,HOU,75,Punt,0,9,2
2023,17,HOU,TEN,94,Touchdown,7,13,6
2023,17,TEN,HOU,75,Opp touchdown,0,1,0
2023,17,TEN,HOU,75,Punt,0,3,0
2023,17,HOU,TEN,64,Field goal,3,7,2
2023,17,TEN,HOU,75,Punt,0,3,0
2023,17,HOU,TEN,69,Punt,0,3,0
2023,17,TEN,HOU,78,Field goal,3,6,2
2023,17,HOU,TEN,80,Field goal,3,12,5
2023,17,TEN,HOU,75,Turnover on downs,0,17,5
2023,17,HOU,TEN,96,Punt,0,10,3
2023,17,TEN,HOU,90,Turnover on downs,0,6,1
2023,17,HOU,TEN,35,Field goal,3,4,0
2023,17,TEN,HOU,75,Punt,0,3,0
2023,17,HOU,TEN,90,Punt,0,3,0
2023,17,TEN,HOU,58,End of half,0,3,1
2023,18,NO,ATL,75,Punt,0,4,1
2023,18,ATL,NO,79,Touchdown,7,7,3
2023,18,NO,ATL,75,Touchdown,7,7,5
2023,18,ATL,NO,75,Touchdown,7,2,1
2023,18,NO,ATL,75,Touchdown,7,16,6
2023,18,ATL,NO,75,Punt,0,3,0
2023,18,NO,ATL,79,Punt,0,6,2
2023,18,ATL,NO,93,Punt,0,3,0
2023,18,NO,ATL,38,Field goal,3,8,2
2023,18,ATL,NO,75,Field goal,3,10,3
2023,18,ATL,NO,75,Turnover,0,3,0
2023,18,NO,ATL,25,Touchdown,7,2,1
2023,18,ATL,NO,75,Punt,0,3,0
2023,18,NO,ATL,80,Touchdown,7,5,3
2023,18,ATL,NO,75,Turnover on downs,0,14,4
2023,18,NO,ATL,98,Field goal,3,12,4
2023,18,ATL,NO,75,Turnover,0,3,0
2023,18,NO,ATL,10,Touchdown,7,1,2
2023,18,ATL,NO,75,Punt,0,3,0
2023,18,NO,ATL,81,Punt,0,3,0
2023,18,ATL,NO,68,Punt,0,3,0
2023,18,NO,ATL,69,Punt,0,3,0
2023,18,ATL,NO,56,Turnover,0,4,2
2023,18,NO,ATL,1,Touchdown,7,1,1
2023,18,ATL,NO,75,End of half,0,3,1
2023,18,MIA,BUF,75,Turnover,0,5,1
2023,18,BUF,MIA,84,Turnover,0,12,4
2023,18,MIA,BUF,97,Punt,0,6,3
2023,18,BUF,MIA,89,Turnover,0,6,1
2023,18,MIA,BUF,80,Touchdown,7,11,5
2023,18,BUF,MIA,75,Touchdown,7,7,4
2023,18,MIA,BUF,75,Touchdown,7,9,4
2023,18,BUF,MIA,75,End of half,0,10,4
2023,18,BUF,MIA,75,Punt,0,8,2
2023,18,MIA,BUF,85,Punt,0,3,0
2023,18,BUF,MIA,76,Turnover,0,13,4
2023,18,MIA,BUF,73,Opp touchdown,0,4,1
2023,18,MIA,BUF,75,Punt,0,3,0
2023,18,BUF,MIA,74,Touchdown,7,8,4
2023,18,MIA,BUF,75,Punt,0,3,0
2023,18,BUF,MIA,74,Turnover on downs,0,11,3
2023,18,MIA,BUF,63,Turnover,0,4,2
2023,18,BUF,MIA,78,End of half,0,2,0
2023,18,CHI,GB,69,Field goal,3,10,3
2023,18,GB,CHI,75,Missed field goal,0,12,4
2023,18,CHI,GB,69,Punt,0,5,2
2023,18,GB,CHI,92,Touchdown,7,11,5
2023,18,CHI,GB,66,Field goal,3,11,2
2023,18,GB,CHI,75,End of half,0,7,3
2023,18,GB,CHI,75,Touchdown,7,9,5
2023,18,CHI,GB,78,Punt,0,7,2
2023,18,GB,CHI,80,Turnover,0,6,2
2023,18,CHI,GB,58,Field goal,3,8,2
2023,18,GB,CHI,72,Field goal,3,5,1
2023,18,CHI,GB,68,Punt,0,8,2
2023,18,GB,CHI,94,End of half,0,12,4
2023,18,CLE,CIN,77,Turnover,0,3,0
2023,18,CIN,CLE,55,Turnover,0,4,1
2023,18,CLE,CIN,76,Punt,0,3,0
2023,18,CIN,CLE,60,Touchdown,7,7,4
2023,18,CLE,CIN,75,Punt,0,3,0
2023,18,CIN,CLE,67,Touchdown,7,5,3
2023,18,CLE,CIN,75,Punt,0,3,0
2023,18,CIN,CLE,75,Touchdown,7,8,6
2023,18,CLE,CIN,75,Punt,0,4,1
2023,18,CIN,CLE,96,Punt,0,5,1
2023,18,CLE,CIN,57,Turnover,0,2,0
2023,18,CIN,CLE,34,Field goal,3,4,0
2023,18,CLE,CIN,75,End of half,0,7,3
2023,18,CIN,CLE,77,Punt,0,3,0
2023,18,CLE,CIN,54,Punt,0,3,0
2023,18,CIN,CLE,99,Touchdown,7,14,7
2023,18,CLE,CIN,75,Punt,0,5,1
2023,18,CIN,CLE,83,Punt,0,3,0
2023,18,CLE,CIN,62,Punt,0,5,1
2023,18,CIN,CLE,89,Punt,0,3,0
2023,18,CLE,CIN,55,Touchdown,7,5,2
2023,18,CIN,CLE,81,Punt,0,3,0
2023,18,CLE,CIN,75,Touchdown,7,9,5
2023,18,CIN,CLE,75,Punt,0,3,0
2023,18,CLE,CIN,82,End of half,0,1,0
2023,18,WAS,DAL,75,Turnover on downs,0,9,2
2023,18,DAL,WAS,67,Touchdown,7,8,5
2023,18,WAS,DAL,75,Turnover,0,1,0
2023,18,DAL,WAS,31,Missed field goal,0,8,1
2023,18,WAS,DAL,20,Touchdown,7,7,2
2023,18,DAL,WAS,75,Turnover,0,7,3
2023,18,WAS,DAL,55,Field goal,3,9,2
2023,18,DAL,WAS,71,Touchdown,7,7,5
2023,18,WAS,DAL,75,Turnover,0,8,2
2023,18,DAL,WAS,65,Touchdown,7,6,4
2023,18,WAS,DAL,81,End of half,0,1,0
2023,18,DAL,WAS,75,Touchdown,7,12,6
2023,18,WAS,DAL,72,Punt,0,3,0
2023,18,DAL,WAS,9,Touchdown,7,3,1
2023,18,WAS,DAL,71,Turnover,0,5,2
2023,18,DAL,WAS,92,Missed field goal,0,13,4
2023,18,WAS,DAL,74,Punt,0,5,1
2023,18,DAL,WAS,68,Field goal,3,8,2
2023,18,WAS,DAL,75,End of half,0,2,1
2023,18,DEN,LV,68,Punt,0,3,0
2023,18,LV,DEN,79,Punt,0,3,0
2023,18,DEN,LV,89,Punt,0,5,1
2023,18,LV,DEN,78,Touchdown,7,13,6
2023,18,DEN,LV,84,Touchdown,7,11,5
2023,18,LV,DEN,75,Field goal,3,8,3
2023,18,DEN,LV,75,Punt,0,6,1
2023,18,LV,DEN,79,Punt,0,3,0
2023,18,DEN,LV,61,Punt,0,3,0
2023,18,LV,DEN,98,Touchdown,7,12,5
2023,18,DEN,LV,75,End of half,0,1,0
2023,18,LV,DEN,76,Punt,0,3,0
2023,18,DEN,LV,71,Punt,0,6,2
2023,18,LV,DEN,80,Punt,0,3,0
2023,18,DEN,LV,87,Turnover on downs,0,10,3
2023,18,LV,DEN,63,Touchdown,7,6,3
2023,18,DEN,LV,75,Touchdown,7,8,3
2023,18,LV,DEN,75,Field goal,3,15,5
2023,18,DEN,LV,75,Turnover,0,6,2
2023,18,LV,DEN,83,End of half,0,2,0
2023,18,IND,HOU,75,Field goal,3,11,4
2023,18,HOU,IND,75,Touchdown,7,1,1
2023,18,IND,HOU,77,Punt,0,3,0
2023,18,HOU,IND,76,Punt,0,6,1
2023,18,IND,HOU,86,Punt,0,4,1
2023,18,HOU,IND,65,Punt,0,5,1
2023,18,IND,HOU,99,Punt,0,5,1
2023,18,HOU,IND,70,Punt,0,6,1
2023,18,IND,HOU,89,Punt,0,3,0
2023,18,HOU,IND,57,Touchdown,7,8,3
2023,18,IND,HOU,75,Field goal,3,6,3
2023,18,HOU,IND,75,Punt,0,3,0
2023,18,IND,HOU,66,End of half,0,1,0
2023,18,HOU,IND,75,Punt,0,4,1
2023,18,IND,HOU,87,Touchdown,7,4,3
2023,18,HOU,IND,75,Punt,0,3,0
2023,18,IND,HOU,80,Missed field goal,0,7,2
2023,18,HOU,IND,53,Field goal,3,5,1
2023,18,IND,HOU,75,Field goal,3,10,4
2023,18,HOU,IND,73,Touchdown,7,12,7
2023,18,IND,HOU,75,Turnover on downs,0,12,3
2023,18,HOU,IND,85,Safety,0,4,0
2023,18,JAX,TEN,75,Field goal,3,11,3
2023,18,TEN,JAX,75,Touchdown,7,7,4
2023,18,JAX,TEN,72,Punt,0,3,0
2023,18,TEN,JAX,74,Punt,0,5,1
2023,18,JAX,TEN,88,Touchdown,7,7,3
2023,18,TEN,JAX,75,Touchdown,7,8,4
2023,18,JAX,TEN,76,Turnover,0,3,1
2023,18,TEN,JAX,36,Touchdown,7,6,3
2023,18,JAX,TEN,80,Turnover,0,5,2
2023,18,TEN,JAX,62,Turnover on downs,0,6,1
2023,18,JAX,TEN,38,Field goal,3,4,2
2023,18,TEN,JAX,75,Touchdown,7,4,2
2023,18,JAX,TEN,71,Turnover on downs,0,12,3
2023,18,TEN,JAX,71,Punt,0,3,0
2023,18,JAX,TEN,63,Touchdown,7,10,4
2023,18,TEN,JAX,75,Turnover,0,5,1
2023,18,JAX,TEN,28,Turnover on downs,0,9,2
2023,18,TEN,JAX,99,Punt,0,8,3
2023,18,JAX,TEN,75,Turnover on downs,0,4,0
2023,18,TEN,JAX,32,End of half,0,3,0
2023,18,KC,LAC,75,Punt,0,3,0
2023,18,LAC,KC,75,Opp touchdown,0,18,5
2023,18,LAC,KC,76,Punt,0,4,1
2023,18,KC,LAC,68,Punt,0,5,1
2023,18,LAC,KC,80,Punt,0,3,0
2023,18,KC,LAC,72,Punt,0,7,1
2023,18,LAC,KC,80,Punt,0,3,0
2023,18,KC,LAC,70,Field goal,3,12,3
2023,18,LAC,KC,75,Field goal,3,5,1
2023,18,KC,LAC,74,Turnover,0,6,1
2023,18,LAC,KC,88,Field goal,3,9,4
2023,18,LAC,KC,55,Punt,0,3,0
2023,18,KC,LAC,83,Punt,0,5,1
2023,18,LAC,KC,85,Field goal,3,12,3
2023,18,KC,LAC,75,Punt,0,7,2
2023,18,LAC,KC,92,Punt,0,5,2
2023,18,KC,LAC,82,Punt,0,6,1
2023,18,LAC,KC,86,Field goal,3,18,6
2023,18,KC,LAC,75,Field goal,3,9,2
2023,18,LAC,KC,75,Turnover on downs,0,4,0
2023,18,KC,LAC,32,End of half,0,1,0
2023,18,SF,LA,75,Touchdown,7,12,6
2023,18,LA,SF,75,Touchdown,7,11,4
2023,18,SF,LA,75,Touchdown,7,16,7
2023,18,LA,SF,75,Turnover,0,1,0
2023,18,SF,LA,36,Missed field goal,0,6,1
2023,18,LA,SF,72,Punt,0,6,1
2023,18,SF,LA,90,Touchdown,7,9,4
2023,18,LA,SF,75,End of half,0,3,1
2023,18,LA,SF,75,Touchdown,7,17,6
2023,18,SF,LA,75,Punt,0,6,1
2023,18,LA,SF,81,Turnover on downs,0,12,3
2023,18,SF,LA,58,Punt,0,3,0
2023,18,LA,SF,71,Touchdown,7,5,3
2023,18,SF,LA,75,Punt,0,3,0
2023,18,LA,SF,66,Punt,0,6,1
2023,18,SF,LA,78,Turnover,0,4,1
2023,18,LA,SF,43,End of half,0,1,0
2023,18,DET,MIN,75,Punt,0,3,0
2023,18,MIN,DET,90,Punt,0,6,2
2023,18,DET,MIN,52,Touchdown,7,4,3
2023,18,MIN,DET,75,Punt,0,3,0
2023,18,DET,MIN,64,Touchdown,7,8,4
2023,18,MIN,DET,80,Field goal,3,14,6
2023,18,DET,MIN,74,Punt,0,5,1
2023,18,MIN,DET,98,Punt,0,7,2
2023,18,DET,MIN,82,Punt,0,6,1
2023,18,MIN,DET,82,Field goal,3,7,3
2023,18,MIN,DET,75,Turnover on downs,0,8,2
2023,18,DET,MIN,71,Touchdown,7,9,5
2023,18,MIN,DET,74,Punt,0,3,0
2023,18,DET,MIN,57,Punt,0,3,0
2023,18,MIN,DET,80,Touchdown,7,6,3
2023,18,DET,MIN,75,Touchdown,7,2,1
2023,18,MIN,DET,75,Touchdown,7,3,2
2023,18,DET,MIN,75,Field goal,3,10,3
2023,18,MIN,DET,75,Turnover,0,12,4
2023,18,DET,MIN,63,Punt,0,3,0
2023,18,MIN,DET,90,Turnover,0,3,0
2023,18,DET,MIN,39,End of half,0,4,1
2023,18,NE,NYJ,75,Punt,0,3,0
2023,18,NYJ,NE,77,Punt,0,3,0
2023,18,NE,NYJ,61,Punt,0,3,0
2023,18,NYJ,NE,64,Punt,0,3,0
2023,18,NE,NYJ,97,Punt,0,3,0
2023,18,NYJ,NE,38,Field goal,3,10,2
2023,18,NE,NYJ,75,Punt,0,3,0
2023,18,NYJ,NE,86,Punt,0,3,0
2023,18,NE,NYJ,62,Field goal,3,10,2
2023,18,NYJ,NE,78,Field goal,3,8,3
2023,18,NE,NYJ,75,Punt,0,3,0
2023,18,NYJ,NE,64,Missed field goal,0,10,3
2023,18,NE,NYJ,61,Turnover on downs,0,4,0
2023,18,NYJ,NE,70,Punt,0,3,0
2023,18,NE,NYJ,67,Punt,0,5,1
2023,18,NYJ,NE,80,Punt,0,3,0
2023,18,NE,NYJ,82,Punt,0,4,1
2023,18,NYJ,NE,82,Punt,0,6,2
2023,18,NE,NYJ,68,Punt,0,3,0
2023,18,NYJ,NE,55,Punt,0,3,0
2023,18,NE,NYJ,81,Turnover on downs,0,5,1
2023,18,NYJ,NE,45,Field goal,3,8,2
2023,18,NE,NYJ,77,Punt,0,3,0
2023,18,NYJ,NE,46,Turnover on downs,0,4,0
2023,18,NE,NYJ,60,Turnover,0,2,0
2023,18,NE,NYJ,59,Turnover,0,2,0
2023,18,NYJ,NE,53,Touchdown,7,2,1
2023,18,NE,NYJ,70,Turnover on downs,0,6,1
2023,18,NYJ,NE,49,End of half,0,1,0
2023,18,NYG,PHI,75,Punt,0,4,1
2023,18,PHI,NYG,83,Punt,0,5,1
2023,18,NYG,PHI,73,Field goal,3,9,3
2023,18,PHI,NYG,75,Turnover,0,7,2
2023,18,NYG,PHI,73,Punt,0,3,0
2023,18,PHI,NYG,86,Turnover on downs,0,7,2
2023,18,NYG,PHI,48,Touchdown,7,9,4
2023,18,PHI,NYG,75,Punt,0,3,0
2023,18,NYG,PHI,55,Touchdown,7,6,4
2023,18,PHI,NYG,73,Punt,0,3,0
2023,18,NYG,PHI,73,Touchdown,7,4,2
2023,18,PHI,NYG,75,Turnover,0,3,0
2023,18,NYG,PHI,64,Punt,0,3,0
2023,18,PHI,NYG,80,Turnover,0,1,0
2023,18,NYG,PHI,12,Turnover,0,1,0
2023,18,PHI,NYG,80,End of half,0,3,0
2023,18,PHI,NYG,77,Punt,0,7,3
2023,18,NYG,PHI,97,Punt,0,9,2
2023,18,PHI,NYG,84,Field goal,3,13,4
2023,18,NYG,PHI,75,Punt,0,5,1
2023,18,PHI,NYG,81,Touchdown,7,8,6
2023,18,NYG,PHI,75,Field goal,3,12,5
2023,18,PHI,NYG,75,Turnover,0,2,0
2023,18,NYG,PHI,28,Missed field goal,0,4,0
2023,18,PHI,NYG,65,End of half,0,4,1
2023,18,PIT,BAL,75,Punt,0,6,1
2023,18,BAL,PIT,81,Punt,0,3,0
2023,18,PIT,BAL,76,Touchdown,7,12,6
2023,18,BAL,PIT,75,Punt,0,3,0
2023,18,PIT,BAL,63,Punt,0,3,0
2023,18,BAL,PIT,65,Turnover,0,3,1
2023,18,PIT,BAL,45,Turnover,0,4,1
2023,18,BAL,PIT,67,Punt,0,6,1
2023,18,PIT,BAL,90,Punt,0,3,0
2023,18,BAL,PIT,71,Touchdown,7,6,3
2023,18,PIT,BAL,60,Turnover,0,8,2
2023,18,BAL,PIT,63,End of half,0,1,0
2023,18,BAL,PIT,75,Punt,0,3,0
2023,18,PIT,BAL,64,Punt,0,4,1
2023,18,BAL,PIT,79,Punt,0,3,0
2023,18,PIT,BAL,66,Punt,0,4,1
2023,18,BAL,PIT,82,Punt,0,7,2
2023,18,PIT,BAL,89,Touchdown,7,6,2
2023,18,BAL,PIT,75,Punt,0,9,2
2023,18,PIT,BAL,57,Punt,0,3,0
2023,18,BAL,PIT,80,Turnover,0,2,0
2023,18,PIT,BAL,32,Field goal,3,9,2
2023,18,BAL,PIT,75,Field goal,3,12,4
2023,18,PIT,BAL,45,End of half,0,1,0
2023,18,ARI,SEA,82,Punt,0,8,2
2023,18,SEA,ARI,93,Field goal,3,11,5
2023,18,ARI,SEA,75,Punt,0,3,0
2023,18,SEA,ARI,80,Punt,0,6,1
2023,18,ARI,SEA,84,Field goal,3,9,4
2023,18,SEA,ARI,75,Touchdown,7,7,3
2023,18,ARI,SEA,75,Field goal,3,10,3
2023,18,SEA,ARI,75,Field goal,3,11,4
2023,18,SEA,ARI,75,Punt,0,4,1
2023,18,ARI,SEA,87,Touchdown,7,4,3
2023,18,SEA,ARI,75,Punt,0,6,1
2023,18,ARI,SEA,78,Punt,0,5,1
2023,18,SEA,ARI,98,Punt,0,3,0
2023,18,ARI,SEA,61,Touchdown,7,12,5
2023,18,SEA,ARI,75,Punt,0,3,0
2023,18,ARI,SEA,74,Missed field goal,0,13,3
2023,18,SEA,ARI,67,Touchdown,7,4,3
2023,18,ARI,SEA,75,Missed field goal,0,9,3
2023,18,TB,CAR,75,Punt,0,8,2
2023,18,CAR,TB,75,Punt,0,5,1
2023,18,TB,CAR,78,Punt,0,5,1
2023,18,CAR,TB,80,Punt,0,5,1
2023,18,TB,CAR,76,Punt,0,5,1
2023,18,CAR,TB,70,Turnover,0,5,2
2023,18,TB,CAR,80,Punt,0,3,0
2023,18,CAR,TB,79,Punt,0,3,0
2023,18,TB,CAR,71,Field goal,3,8,2
2023,18,CAR,TB,77,Punt,0,3,0
2023,18,TB,CAR,74,Punt,0,3,0
2023,18,CAR,TB,80,Punt,0,3,0
2023,18,TB,CAR,56,Field goal,3,9,2
2023,18,CAR,TB,85,Punt,0,8,2
2023,18,TB,CAR,92,Punt,0,5,1
2023,18,CAR,TB,54,Missed field goal,0,11,2
2023,18,TB,CAR,58,Field goal,3,9,2
2023,18,CAR,TB,75,Turnover,0,8,3
2023,18,TB,CAR,57,End of half,0,12,3
2023,19,CLE,HOU,75,Punt,0,4,1
2023,19,HOU,CLE,83,Punt,0,5,1
2023,19,CLE,HOU,92,Punt,0,3,0
2023,19,HOU,CLE,45,Field goal,3,7,1
2023,19,CLE,HOU,75,Touchdown,7,6,3
2023,19,HOU,CLE,75,Touchdown,7,4,3
2023,19,CLE,HOU,75,Touchdown,7,6,3
2023,19,HOU,CLE,76,Touchdown,7,1,1
2023,19,CLE,HOU,75,Punt,0,3,0
2023,19,HOU,CLE,56,Punt,0,3,0
2023,19,CLE,HOU,90,Punt,0,5,1
2023,19,HOU,CLE,71,Touchdown,7,8,4
2023,19,CLE,HOU,75,End of half,0,3,1
2023,19,HOU,CLE,75,Punt,0,5,1
2023,19,CLE,HOU,82,Opp touchdown,0,8,3
2023,19,CLE,HOU,75,Opp touchdown,0,4,0
2023,19,CLE,HOU,75,Turnover on downs,0,10,2
2023,19,CLE,HOU,75,Turnover on downs,0,7,1
2023,19,HOU,CLE,46,Punt,0,3,0
2023,19,CLE,HOU,80,Turnover on downs,0,11,3
2023,19,HOU,CLE,53,End of half,0,3,0
2023,19,GB,DAL,75,Touchdown,7,12,6
2023,19,DAL,GB,76,Punt,0,6,1
2023,19,GB,DAL,76,Punt,0,6,1
2023,19,DAL,GB,92,Turnover,0,3,0
2023,19,GB,DAL,19,Touchdown,7,3,2
2023,19,DAL,GB,86,Punt,0,9,3
2023,19,GB,DAL,93,Touchdown,7,10,4
2023,19,DAL,GB,75,Opp touchdown,0,6,2
2023,19,DAL,GB,55,Touchdown,7,12,5
2023,19,DAL,GB,76,Field goal,3,12,4
2023,19,GB,DAL,75,Touchdown,7,5,3
2023,19,DAL,GB,88,Touchdown,7,11,7
2023,19,GB,DAL,75,Touchdown,7,3,3
2023,19,DAL,GB,75,Turnover on downs,0,5,1
2023,19,GB,DAL,40,Touchdown,7,8,3
2023,19,DAL,GB,75,Touchdown,7,11,6
2023,19,DAL,GB,91,Touchdown,7,4,4
2023,19,GB,DAL,44,Punt,0,3,0
2023,19,DAL,GB,92,Turnover on downs,0,11,4
2023,19,GB,DAL,73,End of half,0,1,0
2023,19,DET,LA,75,Touchdown,7,10,6
2023,19,LA,DET,75,Field goal,3,11,4
2023,19,DET,LA,75,Touchdown,7,5,5
2023,19,LA,DET,72,Touchdown,7,6,2
2023,19,DET,LA,75,Touchdown,7,11,5
2023,19,LA,DET,75,Touchdown,7,6,4
2023,19,DET,LA,75,Punt,0,7,2
2023,19,LA,DET,95,End of half,0,2,1
2023,19,LA,DET,75,Punt,0,4,1
2023,19,DET,LA,80,Field goal,3,9,2
2023,19,LA,DET,75,Field goal,3,10,3
2023,19,DET,LA,75,Punt,0,4,1
2023,19,LA,DET,90,Field goal,3,13,5
2023,19,DET,LA,75,Punt,0,3,0
2023,19,LA,DET,92,Punt,0,6,2
2023,19,DET,LA,83,End of half,0,7,2
2023,19,KC,MIA,69,Touchdown,7,9,4
2023,19,MIA,KC,75,Punt,0,3,0
2023,19,KC,MIA,56,Punt,0,3,0
2023,19,MIA,KC,89,Turnover,0,7,2
2023,19,KC,MIA,58,Field goal,3,10,3
2023,19,MIA,KC,62,Touchdown,7,2,1
2023,19,KC,MIA,80,Field goal,3,12,3
2023,19,MIA,KC,65,Turnover on downs,0,6,1
2023,19,KC,MIA,55,Punt,0,3,0
2023,19,MIA,KC,80,Punt,0,3,0
2023,19,KC,MIA,61,Field goal,3,7,2
2023,19,MIA,KC,69,End of half,0,2,1
2023,19,MIA,KC,79,Punt,0,3,0
2023,19,KC,MIA,72,Field goal,3,13,5
2023,19,MIA,KC,75,Punt,0,7,1
2023,19,KC,MIA,72,Touchdown,7,14,7
2023,19,MIA,KC,75,Turnover on downs,0,10,3
2023,19,KC,MIA,78,Punt,0,3,0
2023,19,MIA,KC,71,Turnover on downs,0,12,2
2023,19,KC,MIA,56,Turnover,0,5,1
2023,19,MIA,KC,57,End of half,0,4,2
2023,19,TB,PHI,75,Field goal,3,12,4
2023,19,PHI,TB,75,Punt,0,5,1
2023,19,TB,PHI,79,Touchdown,7,4,3
2023,19,PHI,TB,75,Punt,0,3,0
2023,19,TB,PHI,76,Field goal,3,10,3
2023,19,PHI,TB,75,Field goal,3,7,2
2023,19,TB,PHI,75,Field goal,3,13,3
2023,19,PHI,TB,75,Touchdown,7,5,3
2023,19,TB,PHI,75,Punt,0,6,2
2023,19,PHI,TB,91,End of half,0,7,2
2023,19,PHI,TB,75,Punt,0,3,0
2023,19,TB,PHI,59,Punt,0,4,1
2023,19,PHI,TB,87,Punt,0,5,1
2023,19,TB,PHI,64,Punt,0,5,1
2023,19,PHI,TB,90,Safety,0,3,0
2023,19,TB,PHI,62,Touchdown,7,2,1
2023,19,PHI,TB,73,Turnover on downs,0,9,3
2023,19,TB,PHI,83,Touchdown,7,12,5
2023,19,PHI,TB,75,Turnover on downs,0,5,1
2023,19,TB,PHI,40,Turnover on downs,0,4,0
2023,19,PHI,TB,66,End of half,0,2,0
2023,19,PIT,BUF,70,Punt,0,5,1
2023,19,BUF,PIT,80,Touchdown,7,10,6
2023,19,PIT,BUF,75,Punt,0,3,0
2023,19,BUF,PIT,73,Punt,0,3,0
2023,19,PIT,BUF,82,Turnover,0,1,0
2023,19,BUF,PIT,29,Touchdown,7,1,1
2023,19,PIT,BUF,75,Punt,0,3,0
2023,19,BUF,PIT,56,Punt,0,3,0
2023,19,PIT,BUF,92,Turnover,0,10,5
2023,19,BUF,PIT,80,Touchdown,7,8,3
2023,19,PIT,BUF,75,Punt,0,3,0
2023,19,BUF,PIT,79,Missed field goal,0,8,2
2023,19,PIT,BUF,33,Touchdown,7,5,3
2023,19,BUF,PIT,75,End of half,0,4,1
2023,19,BUF,PIT,75,Punt,0,3,0
2023,19,PIT,BUF,60,Field goal,3,9,3
2023,19,BUF,PIT,75,Field goal,3,14,4
2023,19,PIT,BUF,75,Touchdown,7,12,6
2023,19,BUF,PIT,70,Touchdown,7,7,5
2023,19,PIT,BUF,75,Turnover on downs,0,4,0
2023,19,BUF,PIT,32,Missed field goal,0,8,2
2023,19,PIT,BUF,80,End of half,0,9,4
2023,20,GB,SF,69,Field goal,3,14,4
2023,20,SF,GB,80,Punt,0,5,1
2023,20,GB,SF,82,Turnover on downs,0,10,3
2023,20,SF,GB,86,Touchdown,7,12,5
2023,20,GB,SF,75,Field goal,3,10,3
2023,20,SF,GB,75,Missed field goal,0,11,3
2023,20,GB,SF,62,End of half,0,1,0
2023,20,SF,GB,75,Punt,0,3,0
2023,20,GB,SF,75,Touchdown,7,9,4
2023,20,SF,GB,75,Touchdown,7,4,2
2023,20,GB,SF,20,Touchdown,7,4,2
2023,20,SF,GB,87,Punt,0,3,0
2023,20,GB,SF,62,Turnover,0,4,1
2023,20,SF,GB,48,Field goal,3,7,1
2023,20,GB,SF,75,Punt,0,3,0
2023,20,SF,GB,75,Punt,0,8,2
2023,20,GB,SF,90,Missed field goal,0,6,2
2023,20,SF,GB,69,Touchdown,7,12,5
2023,20,GB,SF,75,Turnover,0,4,1
2023,20,SF,GB,40,End of half,0,1,0
2023,20,HOU,BAL,75,Punt,0,3,0
2023,20,BAL,HOU,75,Field goal,3,9,3
2023,20,HOU,BAL,75,Punt,0,7,2
2023,20,BAL,HOU,87,Punt,0,3,0
2023,20,HOU,BAL,55,Field goal,3,8,2
2023,20,BAL,HOU,76,Touchdown,7,11,5
2023,20,HOU,BAL,76,Punt,0,3,0
2023,20,BAL,HOU,78,Opp touchdown,0,3,0
2023,20,BAL,HOU,75,Punt,0,3,0
2023,20,HOU,BAL,73,Missed field goal,0,8,2
2023,20,BAL,HOU,63,Punt,0,3,0
2023,20,HOU,BAL,82,End of half,0,1,0
2023,20,BAL,HOU,55,Touchdown,7,6,3
2023,20,HOU,BAL,75,Punt,0,9,3
2023,20,BAL,HOU,93,Touchdown,7,12,5
2023,20,HOU,BAL,75,Punt,0,3,0
2023,20,BAL,HOU,78,Touchdown,7,11,5
2023,20,HOU,BAL,71,Turnover on downs,0,4,0
2023,20,BAL,HOU,33,Field goal,3,8,1
2023,20,HOU,BAL,70,End of half,0,3,1
2023,20,BUF,KC,69,Field goal,3,14,4
2023,20,KC,BUF,75,Field goal,3,7,2
2023,20,BUF,KC,75,Touchdown,7,11,6
2023,20,KC,BUF,75,Field goal,3,10,4
2023,20,BUF,KC,75,Punt,0,5,1
2023,20,KC,BUF,65,Touchdown,7,5,3
2023,20,BUF,KC,75,Touchdown,7,12,6
2023,20,KC,BUF,65,End of half,0,1,0
2023,20,KC,BUF,75,Touchdown,7,6,4
2023,20,BUF,KC,75,Touchdown,7,15,6
2023,20,KC,BUF,75,Touchdown,7,8,5
2023,20,BUF,KC,75,Turnover on downs,0,4,0
2023,20,KC,BUF,32,Turnover,0,2,1
2023,20,BUF,KC,80,Punt,0,3,0
2023,20,KC,BUF,57,Punt,0,5,1
2023,20,BUF,KC,80,Missed field goal,0,16,4
2023,20,KC,BUF,66,End of half,0,5,1
2023,20,DET,TB,75,Punt,0,3,0
2023,20,TB,DET,80,Turnover,0,5,1
2023,20,DET,TB,41,Field goal,3,8,3
2023,20,TB,DET,75,Field goal,3,8,2
2023,20,DET,TB,75,Touchdown,7,14,5
2023,20,TB,DET,75,Punt,0,3,0
2023,20,DET,TB,80,Punt,0,7,2
2023,20,TB,DET,87,Missed field goal,0,9,3
2023,20,DET,TB,60,Punt,0,3,0
2023,20,TB,DET,92,Touchdown,7,7,5
2023,20,DET,TB,75,End of half,0,1,0
2023,20,TB,DET,75,Punt,0,6,2
2023,20,DET,TB,85,Punt,0,3,0
2023,20,TB,DET,60,Punt,0,3,0
2023,20,DET,TB,64,Touchdown,7,10,4
2023,20,TB,DET,75,Touchdown,7,7,5
2023,20,DET,TB,75,Touchdown,7,5,3
2023,20,TB,DET,75,Punt,0,3,0
2023,20,DET,TB,89,Touchdown,7,10,6
2023,20,TB,DET,75,Touchdown,7,9,5
2023,20,DET,TB,75,Punt,0,5,3
2023,20,TB,DET,90,Turnover,0,2,0
2023,20,DET,TB,28,End of half,0,3,0
2023,21,DET,SF,75,Touchdown,7,4,3
2023,21,SF,DET,75,Missed field goal,0,12,3
2023,21,DET,SF,62,Touchdown,7,11,5
2023,21,SF,DET,75,Touchdown,7,8,4
2023,21,DET,SF,75,Punt,0,7,2
2023,21,SF,DET,88,Turnover,0,5,1
2023,21,DET,SF,46,Touchdown,7,5,3
2023,21,SF,DET,75,Punt,0,3,0
2023,21,DET,SF,71,Field goal,3,17,5
2023,21,SF,DET,86,End of half,0,1,0
2023,21,SF,DET,75,Field goal,3,9,2
2023,21,DET,SF,75,Turnover on downs,0,8,3
2023,21,SF,DET,72,Touchdown,7,5,3
2023,21,DET,SF,75,Turnover,0,1,0
2023,21,SF,DET,24,Touchdown,7,4,2
2023,21,DET,SF,75,Punt,0,3,0
2023,21,SF,DET,80,Field goal,3,11,4
2023,21,DET,SF,75,Turnover on downs,0,6,2
2023,21,SF,DET,70,Touchdown,7,7,4
2023,21,DET,SF,75,Touchdown,7,11,5
2023,21,SF,DET,44,Turnover on downs,0,4,0
2023,21,BAL,KC,75,Punt,0,3,0
2023,21,KC,BAL,86,Touchdown,7,10,6
2023,21,BAL,KC,75,Touchdown,7,6,3
2023,21,KC,BAL,75,Touchdown,7,16,6
2023,21,BAL,KC,75,Turnover,0,4,1
2023,21,KC,BAL,33,Turnover on downs,0,7,1
2023,21,BAL,KC,87,Punt,0,5,1
2023,21,KC,BAL,71,Punt,0,3,0
2023,21,BAL,KC,59,Punt,0,3,0
2023,21,KC,BAL,89,Field goal,3,8,3
2023,21,BAL,KC,75,End of half,0,1,0
2023,21,KC,BAL,75,Punt,0,3,0
2023,21,BAL,KC,78,Punt,0,3,0
2023,21,KC,BAL,78,Punt,0,8,2
2023,21,BAL,KC,80,Punt,0,7,3
2023,21,KC,BAL,93,Punt,0,3,0
2023,21,BAL,KC,64,Turnover,0,5,2
2023,21,KC,BAL,80,Punt,0,7,2
2023,21,BAL,KC,99,Turnover,0,12,4
2023,21,KC,BAL,80,Punt,0,3,0
2023,21,BAL,KC,54,Field goal,3,9,2
2023,21,KC,BAL,75,End of half,0,6,2
2023,22,SF,KC,75,Turnover,0,5,3
2023,22,KC,SF,73,Punt,0,3,0
2023,22,SF,KC,76,Punt,0,4,1
2023,22,KC,SF,89,Punt,0,4,1
2023,22,SF,KC,83,Field goal,3,10,3
2023,22,KC,SF,75,Turnover,0,5,2
2023,22,SF,KC,92,Punt,0,4,1
2023,22,KC,SF,80,Punt,0,3,0
2023,22,SF,KC,67,Touchdown,7,8,4
2023,22,KC,SF,75,Field goal,3,13,4
2023,22,SF,KC,75,End of half,0,1,0
2023,22,KC,SF,75,Turnover,0,3,0
2023,22,SF,KC,44,Punt,0,3,0
2023,22,KC,SF,98,Punt,0,3,0
2023,22,SF,KC,64,Punt,0,3,0
2023,22,KC,SF,86,Field goal,3,9,3
2023,22,SF,KC,75,Punt,0,3,0
2023,22,KC,SF,73,Punt,0,3,0
2023,22,KC,SF,16,Touchdown,7,1,1
2023,22,SF,KC,75,Touchdown,7,12,5
2023,22,KC,SF,75,Field goal,3,12,4
2023,22,SF,KC,75,Field goal,3,7,2
2023,22,KC,SF,75,Field goal,3,11,4
2023,22,SF,KC,75,End of half,0,1,0
2023,22,SF,KC,75,Field goal,3,13,4
2023,22,KC,SF,75,Touchdown,7,13,5
2024,1,ARI,BUF,70,Touchdown,7,13,5
2024,1,BUF,ARI,45,Turnover,0,4,2
2024,1,ARI,BUF,71,Field goal,3,10,3
2024,1,BUF,ARI,70,Field goal,3,9,4
2024,1,ARI,BUF,71,Touchdown,7,13,6
2024,1,BUF,ARI,70,Touchdown,7,7,5
2024,1,ARI,BUF,96,End of half,0,1,0
2024,1,BUF,ARI,60,Touchdown,7,10,4
2024,1,ARI,BUF,70,Punt,0,3,0
2024,1,BUF,ARI,69,Punt,0,3,0
2024,1,ARI,BUF,79,Turnover,0,2,0
2024,1,BUF,ARI,21,Touchdown,7,5,2
2024,1,ARI,BUF,70,Field goal,3,8,2
2024,1,BUF,ARI,70,Touchdown,7,10,4
2024,1,BUF,ARI,70,Punt,0,6,1
2024,1,ARI,BUF,81,Punt,0,3,0
2024,1,BUF,ARI,42,Field goal,3,5,1
2024,1,ARI,BUF,60,Turnover on downs,0,9,2
2024,1,BUF,ARI,71,End of half,0,1,0
2024,1,BAL,KC,70,Touchdown,7,11,4
2024,1,KC,BAL,67,Touchdown,7,5,4
2024,1,BAL,KC,70,Punt,0,4,1
2024,1,KC,BAL,90,Punt,0,5,2
2024,1,BAL,KC,80,Turnover,0,1,0
2024,1,KC,BAL,14,Field goal,3,4,0
2024,1,BAL,KC,70,Turnover on downs,0,6,1
2024,1,KC,BAL,51,Field goal,3,8,2
2024,1,BAL,KC,70,Missed field goal,0,7,3
2024,1,KC,BAL,57,Turnover,0,1,0
2024,1,BAL,KC,51,Field goal,3,10,3
2024,1,KC,BAL,70,End of half,0,1,0
2024,1,KC,BAL,81,Touchdown,7,6,5
2024,1,BAL,KC,70,Punt,0,7,2
2024,1,KC,BAL,90,Punt,0,9,3
2024,1,BAL,KC,80,Touchdown,7,7,3
2024,1,KC,BAL,70,Touchdown,7,8,4
2024,1,BAL,KC,70,Field goal,3,13,4
2024,1,KC,BAL,70,Punt,0,5,1
2024,1,BAL,KC,87,End of half,0,11,4
2024,1,NO,CAR,76,Touchdown,7,5,2
2024,1,CAR,NO,73,Turnover,0,1,0
2024,1,NO,CAR,40,Field goal,3,4,0
2024,1,CAR,NO,74,Punt,0,5,1
2024,1,NO,CAR,79,Touchdown,7,11,6
2024,1,CAR,NO,75,Punt,0,6,1
2024,1,NO,CAR,74,Field goal,3,9,2
2024,1,CAR,NO,67,Turnover,0,2,0
2024,1,NO,CAR,43,Field goal,3,7,1
2024,1,CAR,NO,85,Punt,0,3,0
2024,1,NO,CAR,16,Touchdown,7,1,1
2024,1,CAR,NO,70,Field goal,3,8,3
2024,1,CAR,NO,74,Turnover,0,3,0
2024,1,NO,CAR,57,Touchdown,7,9,5
2024,1,CAR,NO,75,Touchdown,7,8,4
2024,1,NO,CAR,64,Field goal,3,12,3
2024,1,CAR,NO,68,Punt,0,3,0
2024,1,NO,CAR,36,Touchdown,7,2,2
2024,1,CAR,NO,70,Turnover on downs,0,8,2
2024,1,NO,CAR,81,Punt,0,3,0
2024,1,NO,CAR,55,Punt,0,3,0
2024,1,CAR,NO,87,Punt,0,3,0
2024,1,CAR,NO,45,End of half,0,2,0
2024,1,DAL,CLE,67,Punt,0,3,0
2024,1,CLE,DAL,46,Field goal,3,6,1
2024,1,DAL,CLE,70,Touchdown,7,6,3
2024,1,CLE,DAL,75,Punt,0,3,0
2024,1,DAL,CLE,90,Punt,0,8,2
2024,1,CLE,DAL,80,Punt,0,3,0
2024,1,DAL,CLE,71,Punt,0,3,0
2024,1,CLE,DAL,77,Punt,0,3,0
2024,1,DAL,CLE,78,Touchdown,7,11,6
2024,1,CLE,DAL,80,Punt,0,3,0
2024,1,DAL,CLE,56,Field goal,3,5,1
2024,1,CLE,DAL,70,Turnover,0,2,0
2024,1,DAL,CLE,23,Field goal,3,4,0
2024,1,CLE,DAL,73,Punt,0,3,0
2024,1,DAL,CLE,60,End of half,0,2,1
2024,1,CLE,DAL,75,Opp touchdown,0,3,0
2024,1,CLE,DAL,75,Touchdown,7,12,5
2024,1,DAL,CLE,70,Punt,0,3,0
2024,1,CLE,DAL,86,Punt,0,3,1
2024,1,DAL,CLE,87,Punt,0,3,0
2024,1,CLE,DAL,55,Turnover on downs,0,4,0
2024,1,DAL,CLE,46,Field goal,3,6,1
2024,1,CLE,DAL,68,Turnover on downs,0,4,0
2024,1,DAL,CLE,38,Field goal,3,6,1
2024,1,CLE,DAL,70,Turnover,0,7,3
2024,1,DAL,CLE,77,Punt,0,3,0
2024,1,CLE,DAL,64,Touchdown,7,15,5
2024,1,DAL,CLE,70,End of half,0,1,0
2024,1,SEA,DEN,70,Turnover,0,2,0
2024,1,DEN,SEA,20,Field goal,3,4,0
2024,1,SEA,DEN,73,Punt,0,3,0
2024,1,DEN,SEA,65,Punt,0,3,0
2024,1,SEA,DEN,79,Punt,0,4,0
2024,1,DEN,SEA,67,Punt,0,3,0
2024,1,SEA,DEN,78,Field goal,3,7,3
2024,1,DEN,SEA,70,Turnover,0,12,4
2024,1,SEA,DEN,99,Safety,0,0,0
2024,1,DEN,SEA,68,Punt,0,3,0
2024,1,DEN,SEA,9,Field goal,3,4,0
2024,1,SEA,DEN,70,Touchdown,7,5,3
2024,1,DEN,SEA,70,Punt,0,3,0
2024,1,SEA,DEN,99,Safety,0,1,0
2024,1,DEN,SEA,64,Punt,0,6,1
2024,1,SEA,DEN,90,Punt,0,3,0
2024,1,DEN,SEA,53,Field goal,3,5,1
2024,1,DEN,SEA,73,Punt,0,3,0
2024,1,SEA,DEN,61,Touchdown,7,6,3
2024,1,DEN,SEA,70,Turnover,0,5,1
2024,1,SEA,DEN,47,Field goal,3,10,3
2024,1,DEN,SEA,70,Punt,0,3,0
2024,1,SEA,DEN,80,Touchdown,7,6,5
2024,1,DEN,SEA,70,Punt,0,3,0
2024,1,SEA,DEN,88,Punt,0,6,1
2024,1,DEN,SEA,77,Turnover,0,8,2
2024,1,SEA,DEN,62,Punt,0,3,0
2024,1,DEN,SEA,54,Touchdown,7,7,4
2024,1,SEA,DEN,70,End of half,0,6,1
2024,1,GB,PHI,65,Punt,0,6,1
2024,1,PHI,GB,90,Turnover,0,3,0
2024,1,GB,PHI,19,Field goal,3,5,1
2024,1,PHI,GB,84,Turnover,0,3,0
2024,1,GB,PHI,13,Field goal,3,8,1
2024,1,PHI,GB,70,Touchdown,7,11,5
2024,1,GB,PHI,70,Touchdown,7,5,3
2024,1,PHI,GB,70,Touchdown,7,9,4
2024,1,GB,PHI,70,Touchdown,7,3,1
2024,1,PHI,GB,77,Field goal,3,15,4
2024,1,PHI,GB,70,Touchdown,7,2,1
2024,1,GB,PHI,70,Touchdown,7,6,4
2024,1,PHI,GB,70,Punt,0,3,0
2024,1,GB,PHI,80,Punt,0,4,1
2024,1,PHI,GB,68,Punt,0,3,0
2024,1,GB,PHI,87,Turnover,0,2,0
2024,1,PHI,GB,24,Touchdown,7,4,2
2024,1,GB,PHI,70,Missed field goal,0,9,3
2024,1,PHI,GB,67,Turnover,0,7,3
2024,1,GB,PHI,87,Field goal,3,10,3
2024,1,PHI,GB,70,Field goal,3,16,6
2024,1,GB,PHI,84,End of half,0,4,1
2024,1,IND,HOU,73,Turnover on downs,0,6,1
2024,1,HOU,IND,53,Field goal,3,8,1
2024,1,IND,HOU,73,Touchdown,7,3,2
2024,1,HOU,IND,70,Field goal,3,7,2
2024,1,IND,HOU,70,Punt,0,3,0
2024,1,HOU,IND,81,Touchdown,7,7,3
2024,1,IND,HOU,69,Punt,0,4,1
2024,1,HOU,IND,85,Punt,0,3,0
2024,1,IND,HOU,67,Turnover,0,11,3
2024,1,HOU,IND,92,End of half,0,8,3
2024,1,HOU,IND,70,Field goal,3,9,2
2024,1,IND,HOU,70,Punt,0,3,0
2024,1,HOU,IND,90,Punt,0,5,1
2024,1,IND,HOU,5,Touchdown,7,1,1
2024,1,HOU,IND,70,Touchdown,7,13,7
2024,1,IND,HOU,70,Touchdown,7,4,3
2024,1,HOU,IND,70,Touchdown,7,11,5
2024,1,IND,HOU,68,Touchdown,7,8,3
2024,1,HOU,IND,70,End of half,0,8,2
2024,1,MIA,JAX,80,Turnover on downs,0,7,1
2024,1,JAX,MIA,58,Punt,0,3,0
2024,1,MIA,JAX,69,Punt,0,6,1
2024,1,JAX,MIA,96,Touchdown,7,6,5
2024,1,MIA,JAX,75,Punt,0,3,0
2024,1,JAX,MIA,88,Punt,0,5,1
2024,1,MIA,JAX,79,Turnover on downs,0,5,2
2024,1,JAX,MIA,55,Touchdown,7,8,3
2024,1,MIA,JAX,70,Touchdown,7,12,5
2024,1,JAX,MIA,77,Field goal,3,6,2
2024,1,JAX,MIA,70,Punt,0,3,0
2024,1,MIA,JAX,87,Punt,0,6,1
2024,1,JAX,MIA,63,Punt,0,3,0
2024,1,MIA,JAX,89,Punt,0,4,1
2024,1,JAX,MIA,97,Turnover,0,6,5
2024,1,MIA,JAX,80,Touchdown,7,1,1
2024,1,JAX,MIA,77,Turnover on downs,0,4,0
2024,1,MIA,JAX,30,Missed field goal,0,4,0
2024,1,JAX,MIA,68,Punt,0,4,1
2024,1,MIA,JAX,92,Field goal,3,12,4
2024,1,JAX,MIA,70,Punt,0,3,0
2024,1,MIA,JAX,65,Field goal,3,8,2
2024,1,LA,DET,70,Punt,0,3,0
2024,1,DET,LA,64,Punt,0,3,0
2024,1,LA,DET,90,Field goal,3,13,5
2024,1,DET,LA,70,Field goal,3,15,5
2024,1,LA,DET,78,Turnover on downs,0,12,4
2024,1,DET,LA,77,Touchdown,7,9,5
2024,1,LA,DET,70,Turnover,0,9,4
2024,1,DET,LA,80,End of half,0,1,0
2024,1,DET,LA,70,Punt,0,3,0
2024,1,LA,DET,80,Punt,0,3,0
2024,1,DET,LA,59,Touchdown,7,3,1
2024,1,LA,DET,70,Touchdown,7,11,5
2024,1,DET,LA,70,Punt,0,3,0
2024,1,LA,DET,84,Field goal,3,7,2
2024,1,DET,LA,70,Turnover,0,6,2
2024,1,LA,DET,80,Touchdown,7,10,5
2024,1,DET,LA,70,Punt,0,3,0
2024,1,LA,DET,89,Punt,0,6,1
2024,1,DET,LA,69,Field goal,3,9,3
2024,1,LA,DET,70,End of half,0,2,0
2024,1,DET,LA,70,Touchdown,7,8,5
2024,1,LAC,LV,64,Punt,0,4,1
2024,1,LV,LAC,79,Punt,0,3,0
2024,1,LAC,LV,87,Punt,0,3,0
2024,1,LV,LAC,68,Turnover on downs,0,4,0
2024,1,LAC,LV,40,Field goal,3,4,0
2024,1,LV,LAC,67,Touchdown,7,7,3
2024,1,LAC,LV,70,Punt,0,3,0
2024,1,LV,LAC,91,Punt,0,3,0
2024,1,LAC,LV,69,Punt,0,4,1
2024,1,LV,LAC,80,Punt,0,7,2
2024,1,LAC,LV,89,Punt,0,3,0
2024,1,LV,LAC,66,Turnover,0,4,1
2024,1,LAC,LV,12,Field goal,3,4,0
2024,1,LV,LAC,70,End of half,0,1,0
2024,1,LV,LAC,70,Punt,0,3,0
2024,1,LAC,LV,80,Field goal,3,9,2
2024,1,LV,LAC,70,Turnover,0,3,1
2024,1,LAC,LV,55,Punt,0,3,0
2024,1,LV,LAC,80,Missed field goal,0,9,3
2024,1,LAC,LV,61,Touchdown,7,6,4
2024,1,LV,LAC,70,Field goal,3,8,2
2024,1,LAC,LV,70,Punt,0,3,0
2024,1,LV,LAC,52,Punt,0,3,0
2024,1,LAC,LV,92,Touchdown,7,8,3
2024,1,LV,LAC,70,Turnover,0,6,2
2024,1,LAC,LV,62,End of half,0,3,0
2024,1,NYG,MIN,70,Punt,0,3,0
2024,1,MIN,NYG,85,Turnover,0,3,0
2024,1,NYG,MIN,20,Field goal,3,7,1
2024,1,MIN,NYG,65,Touchdown,7,5,3
2024,1,NYG,MIN,72,Punt,0,10,2
2024,1,MIN,NYG,99,Touchdown,7,11,5
2024,1,NYG,MIN,70,Punt,0,6,1
2024,1,MIN,NYG,85,Punt,0,6,1
2024,1,NYG,MIN,72,Punt,0,5,1
2024,1,MIN,NYG,70,Touchdown,7,6,4
2024,1,NYG,MIN,70,Field goal,3,11,2
2024,1,MIN,NYG,70,Punt,0,3,0
2024,1,NYG,MIN,83,Opp touchdown,0,1,0
2024,1,NYG,MIN,70,Punt,0,3,0
2024,1,MIN,NYG,82,Turnover,0,3,1
2024,1,NYG,MIN,51,Turnover,0,9,3
2024,1,MIN,NYG,80,Punt,0,6,1
2024,1,NYG,MIN,68,Turnover on downs,0,12,4
2024,1,MIN,NYG,92,Punt,0,7,2
2024,1,NYG,MIN,86,Punt,0,3,0
2024,1,MIN,NYG,60,End of half,0,1,0
2024,1,CIN,NE,65,Punt,0,3,0
2024,1,NE,CIN,80,Punt,0,5,1
2024,1,CIN,NE,89,Punt,0,3,0
2024,1,NE,CIN,80,Touchdown,7,14,6
2024,1,CIN,NE,70,Punt,0,3,0
2024,1,NE,CIN,83,Punt,0,3,0
2024,1,CIN,NE,65,Turnover,0,13,4
2024,1,NE,CIN,82,Field goal,3,12,4
2024,1,NE,CIN,70,Punt,0,3,0
2024,1,NE,CIN,24,Field goal,3,4,0
2024,1,CIN,NE,70,Turnover on downs,0,9,2
2024,1,NE,CIN,65,Punt,0,3,0
2024,1,CIN,NE,90,Touchdown,7,9,6
2024,1,NE,CIN,70,Field goal,3,12,3
2024,1,CIN,NE,70,Field goal,3,6,1
2024,1,NE,CIN,70,Punt,0,4,1
2024,1,CIN,NE,90,Punt,0,3,0
2024,1,NE,CIN,70,End of half,0,7,2
2024,1,NYJ,SF,70,Punt,0,3,0
2024,1,SF,NYJ,92,Punt,0,3,0
2024,1,NYJ,SF,70,Turnover,0,1,0
2024,1,SF,NYJ,32,Field goal,3,4,0
2024,1,NYJ,SF,70,Touchdown,7,12,5
2024,1,SF,NYJ,70,Field goal,3,9,2
2024,1,NYJ,SF,70,Punt,0,3,0
2024,1,SF,NYJ,67,Touchdown,7,12,6
2024,1,NYJ,SF,70,Punt,0,3,0
2024,1,SF,NYJ,88,Field goal,3,12,4
2024,1,NYJ,SF,70,End of half,0,1,0
2024,1,SF,NYJ,70,Touchdown,7,11,5
2024,1,NYJ,SF,77,Turnover,0,3,1
2024,1,SF,NYJ,61,Field goal,3,8,2
2024,1,NYJ,SF,70,Touchdown,7,5,2
2024,1,SF,NYJ,80,Field goal,3,11,4
2024,1,NYJ,SF,76,Turnover on downs,0,6,1
2024,1,NYJ,SF,70,Touchdown,7,12,5
2024,1,SF,NYJ,70,End of half,0,1,0
2024,1,ATL,PIT,70,Field goal,3,12,4
2024,1,PIT,ATL,70,Field goal,3,10,2
2024,1,ATL,PIT,70,Turnover,0,2,0
2024,1,PIT,ATL,51,Field goal,3,10,2
2024,1,ATL,PIT,72,Punt,0,7,2
2024,1,PIT,ATL,78,Punt,0,8,2
2024,1,ATL,PIT,90,Touchdown,7,9,6
2024,1,PIT,ATL,70,Field goal,3,4,2
2024,1,PIT,ATL,70,Punt,0,3,0
2024,1,ATL,PIT,51,Turnover,0,5,1
2024,1,PIT,ATL,62,Field goal,3,9,2
2024,1,ATL,PIT,70,Punt,0,5,1
2024,1,PIT,ATL,68,Field goal,3,5,1
2024,1,ATL,PIT,70,Punt,0,3,0
2024,1,PIT,ATL,78,Turnover on downs,0,13,4
2024,1,ATL,PIT,94,Punt,0,3,0
2024,1,PIT,ATL,62,Punt,0,3,0
2024,1,ATL,PIT,60,Turnover,0,2,1
2024,1,PIT,ATL,18,Field goal,3,7,1
2024,1,ATL,PIT,70,End of half,0,3,0
2024,1,TEN,CHI,78,Punt,0,3,0
2024,1,CHI,TEN,57,Punt,0,3,0
2024,1,TEN,CHI,80,Punt,0,3,0
2024,1,CHI,TEN,48,Punt,0,8,2
2024,1,TEN,CHI,79,Touchdown,7,8,5
2024,1,CHI,TEN,77,Field goal,3,4,0
2024,1,TEN,CHI,23,Field goal,3,4,0
2024,1,CHI,TEN,70,Punt,0,4,1
2024,1,TEN,CHI,73,Touchdown,7,14,6
2024,1,CHI,TEN,34,Field goal,3,9,2
2024,1,TEN,CHI,83,End of half,0,1,1
2024,1,CHI,TEN,70,Punt,0,6,1
2024,1,TEN,CHI,75,Opp touchdown,0,6,1
2024,1,TEN,CHI,69,Punt,0,3,0
2024,1,CHI,TEN,75,Punt,0,3,0
2024,1,TEN,CHI,79,Punt,0,3,0
2024,1,CHI,TEN,76,Field goal,3,11,3
2024,1,TEN,CHI,70,Turnover,0,5,1
2024,1,CHI,TEN,31,Field goal,3,4,0
2024,1,TEN,CHI,70,Opp touchdown,0,4,1
2024,1,TEN,CHI,70,Punt,0,3,0
2024,1,CHI,TEN,89,Punt,0,6,2
2024,1,TEN,CHI,82,Turnover,0,5,1
2024,1,CHI,TEN,60,End of half,0,2,0
2024,1,TB,WAS,70,Field goal,3,7,2
2024,1,WAS,TB,70,Punt,0,3,0
2024,1,TB,WAS,62,Field goal,3,9,2
2024,1,WAS,TB,70,Missed field goal,0,10,2
2024,1,TB,WAS,63,Touchdown,7,8,4
2024,1,WAS,TB,74,Touchdown,7,8,5
2024,1,TB,WAS,60,Field goal,3,13,3
2024,1,WAS,TB,72,End of half,0,1,0
2024,1,WAS,TB,70,Missed field goal,0,12,3
2024,1,TB,WAS,54,Touchdown,7,5,4
2024,1,WAS,TB,70,Punt,0,3,0
2024,1,TB,WAS,76,Punt,0,3,0
2024,1,WAS,TB,60,Touchdown,7,6,4
2024,1,TB,WAS,72,Touchdown,7,5,2
2024,1,WAS,TB,75,Punt,0,5,2
2024,1,TB,WAS,91,Touchdown,7,12,5
2024,1,WAS,TB,70,Touchdown,7,10,6
2024,1,TB,WAS,47,End of half,0,2,0
2024,2,PHI,ATL,67,Punt,0,4,1
2024,2,ATL,PHI,92,Punt,0,5,1
2024,2,PHI,ATL,64,Turnover on downs,0,10,4
2024,2,ATL,PHI,91,Punt,0,5,1
2024,2,PHI,ATL,75,Punt,0,3,0
2024,2,ATL,PHI,73,Field goal,3,8,3
2024,2,PHI,ATL,70,Touchdown,7,11,4
2024,2,ATL,PHI,86,Field goal,3,15,7
2024,2,PHI,ATL,70,End of half,0,1,0
2024,2,ATL,PHI,70,Field goal,3,9,3
2024,2,PHI,ATL,70,Field goal,3,11,4
2024,2,ATL,PHI,70,Touchdown,7,7,3
2024,2,PHI,ATL,70,Touchdown,7,17,6
2024,2,ATL,PHI,70,Turnover on downs,0,4,0
2024,2,PHI,ATL,39,Field goal,3,11,2
2024,2,ATL,PHI,70,Touchdown,7,6,4
2024,2,PHI,ATL,70,Turnover,0,2,1
2024,2,ATL,PHI,68,End of half,0,2,0
2024,2,MIA,BUF,70,Turnover,0,6,1
2024,2,BUF,MIA,37,Touchdown,7,6,2
2024,2,MIA,BUF,70,Touchdown,7,10,5
2024,2,BUF,MIA,70,Punt,0,3,0
2024,2,MIA,BUF,84,Turnover,0,3,1
2024,2,BUF,MIA,44,Field goal,3,7,1
2024,2,MIA,BUF,70,Punt,0,3,0
2024,2,BUF,MIA,85,Touchdown,7,8,5
2024,2,MIA,BUF,70,Turnover on downs,0,5,1
2024,2,BUF,MIA,49,Touchdown,7,1,1
2024,2,MIA,BUF,70,Field goal,3,13,4
2024,2,BUF,MIA,70,End of half,0,1,0
2024,2,BUF,MIA,67,Punt,0,5,1
2024,2,MIA,BUF,89,Opp touchdown,0,5,1
2024,2,MIA,BUF,70,Turnover on downs,0,14,3
2024,2,BUF,MIA,85,Punt,0,5,1
2024,2,MIA,BUF,80,Turnover on downs,0,6,1
2024,2,BUF,MIA,41,Missed field goal,0,7,1
2024,2,MIA,BUF,65,Turnover on downs,0,11,3
2024,2,BUF,MIA,88,End of half,0,4,1
2024,2,HOU,CHI,71,Field goal,3,8,2
2024,2,CHI,HOU,77,Field goal,3,11,3
2024,2,HOU,CHI,77,Touchdown,7,8,4
2024,2,CHI,HOU,70,Punt,0,3,0
2024,2,HOU,CHI,77,Field goal,3,8,2
2024,2,CHI,HOU,70,Punt,0,7,1
2024,2,HOU,CHI,87,Punt,0,3,0
2024,2,CHI,HOU,49,Touchdown,7,8,3
2024,2,HOU,CHI,65,Field goal,3,5,2
2024,2,CHI,HOU,70,Punt,0,3,0
2024,2,HOU,CHI,90,Punt,0,5,1
2024,2,CHI,HOU,93,Punt,0,3,1
2024,2,HOU,CHI,86,Punt,0,3,0
2024,2,CHI,HOU,66,Punt,0,5,2
2024,2,HOU,CHI,77,Punt,0,5,1
2024,2,CHI,HOU,66,Turnover,0,6,1
2024,2,HOU,CHI,66,Field goal,3,7,1
2024,2,CHI,HOU,70,Turnover,0,2,0
2024,2,HOU,CHI,43,Punt,0,3,0
2024,2,CHI,HOU,94,Punt,0,3,0
2024,2,HOU,CHI,45,Turnover,0,6,2
2024,2,CHI,HOU,97,Field goal,3,12,3
2024,2,HOU,CHI,61,Punt,0,3,0
2024,2,CHI,HOU,80,Turnover on downs,0,5,1
2024,2,HOU,CHI,40,End of half,0,1,0
2024,2,CIN,KC,70,Field goal,3,10,2
2024,2,KC,CIN,70,Field goal,3,16,5
2024,2,CIN,KC,76,Punt,0,3,0
2024,2,KC,CIN,71,Turnover,0,1,0
2024,2,CIN,KC,31,Touchdown,7,7,3
2024,2,KC,CIN,70,Touchdown,7,6,3
2024,2,CIN,KC,70,Field goal,3,9,4
2024,2,KC,CIN,70,Turnover,0,4,1
2024,2,CIN,KC,46,Field goal,3,6,1
2024,2,KC,CIN,70,Punt,0,5,1
2024,2,CIN,KC,99,End of half,0,1,0
2024,2,KC,CIN,70,Touchdown,7,13,6
2024,2,CIN,KC,70,Touchdown,7,11,4
2024,2,KC,CIN,70,Turnover,0,4,1
2024,2,CIN,KC,66,Opp touchdown,0,3,0
2024,2,CIN,KC,68,Field goal,3,8,2
2024,2,KC,CIN,70,Punt,0,3,0
2024,2,CIN,KC,84,Punt,0,7,2
2024,2,KC,CIN,75,Field goal,3,9,2
2024,2,JAX,CLE,80,Punt,0,5,1
2024,2,CLE,JAX,89,Touchdown,7,16,7
2024,2,JAX,CLE,70,Punt,0,3,0
2024,2,CLE,JAX,76,Field goal,3,12,3
2024,2,JAX,CLE,70,Field goal,3,11,3
2024,2,CLE,JAX,72,Field goal,3,8,1
2024,2,JAX,CLE,70,End of half,0,1,0
2024,2,CLE,JAX,70,Punt,0,3,0
2024,2,JAX,CLE,80,Punt,0,3,0
2024,2,CLE,JAX,49,Field goal,3,6,2
2024,2,JAX,CLE,70,Missed field goal,0,11,3
2024,2,CLE,JAX,67,Punt,0,5,1
2024,2,JAX,CLE,72,Touchdown,7,3,2
2024,2,CLE,JAX,70,Punt,0,3,0
2024,2,JAX,CLE,90,Field goal,3,13,6
2024,2,CLE,JAX,70,Punt,0,12,3
2024,2,JAX,CLE,98,Safety,0,1,0
2024,2,CLE,JAX,42,Punt,0,3,0
2024,2,JAX,CLE,90,End of half,0,7,3
2024,2,GB,IND,70,Field goal,3,8,2
2024,2,IND,GB,70,Punt,0,3,0
2024,2,GB,IND,82,Touchdown,7,11,5
2024,2,IND,GB,70,Turnover,0,3,2
2024,2,GB,IND,69,Turnover,0,10,4
2024,2,IND,GB,80,Punt,0,3,1
2024,2,GB,IND,84,Punt,0,8,2
2024,2,IND,GB,92,Punt,0,6,2
2024,2,GB,IND,80,End of half,0,3,1
2024,2,IND,GB,70,Turnover on downs,0,6,1
2024,2,GB,IND,46,Field goal,3,7,1
2024,2,IND,GB,70,Field goal,3,7,3
2024,2,GB,IND,70,Punt,0,3,0
2024,2,IND,GB,84,Missed field goal,0,6,2
2024,2,GB,IND,60,Field goal,3,7,1
2024,2,IND,GB,70,Turnover,0,3,1
2024,2,GB,IND,75,Missed field goal,0,11,3
2024,2,IND,GB,65,Touchdown,7,12,5
2024,2,GB,IND,43,Punt,0,3,0
2024,2,IND,GB,95,Turnover,0,6,2
2024,2,LAC,CAR,67,Touchdown,7,9,4
2024,2,CAR,LAC,70,Punt,0,3,0
2024,2,LAC,CAR,75,Turnover,0,1,0
2024,2,CAR,LAC,41,Punt,0,3,0
2024,2,LAC,CAR,70,Punt,0,5,1
2024,2,CAR,LAC,87,Punt,0,3,0
2024,2,LAC,CAR,49,Punt,0,3,0
2024,2,CAR,LAC,80,Punt,0,3,0
2024,2,LAC,CAR,65,Touchdown,7,11,6
2024,2,CAR,LAC,68,Turnover,0,2,1
2024,2,LAC,CAR,52,Touchdown,7,3,1
2024,2,CAR,LAC,78,Punt,0,5,1
2024,2,LAC,CAR,99,End of half,0,1,0
2024,2,CAR,LAC,60,Field goal,3,6,2
2024,2,LAC,CAR,65,Field goal,3,6,2
2024,2,CAR,LAC,70,Punt,0,3,0
2024,2,LAC,CAR,70,Turnover,0,9,3
2024,2,CAR,LAC,83,Punt,0,3,0
2024,2,LAC,CAR,75,Field goal,3,10,3
2024,2,CAR,LAC,73,Turnover on downs,0,12,3
2024,2,LAC,CAR,67,Punt,0,6,1
2024,2,CAR,LAC,81,Turnover on downs,0,4,0
2024,2,LAC,CAR,26,End of half,0,3,0
2024,2,LA,ARI,49,Turnover on downs,0,4,0
2024,2,ARI,LA,60,Touchdown,7,6,3
2024,2,LA,ARI,70,Punt,0,3,0
2024,2,ARI,LA,60,Touchdown,7,1,1
2024,2,LA,ARI,70,Punt,0,3,0
2024,2,ARI,LA,99,Touchdown,7,13,6
2024,2,LA,ARI,70,Field goal,3,7,2
2024,2,ARI,LA,70,Field goal,3,7,2
2024,2,LA,ARI,70,Punt,0,3,0
2024,2,ARI,LA,72,Punt,0,3,0
2024,2,LA,ARI,71,Turnover on downs,0,11,4
2024,2,ARI,LA,70,Touchdown,7,8,4
2024,2,LA,ARI,70,Punt,0,3,0
2024,2,ARI,LA,82,Field goal,3,9,2
2024,2,LA,ARI,70,Touchdown,7,8,5
2024,2,ARI,LA,70,Touchdown,7,11,5
2024,2,LA,ARI,70,Turnover,0,3,1
2024,2,ARI,LA,63,Turnover,0,6,1
2024,2,LA,ARI,72,End of half,0,8,2
2024,2,LV,BAL,76,Punt,0,3,0
2024,2,BAL,LV,55,Field goal,3,7,1
2024,2,LV,BAL,70,Punt,0,6,1
2024,2,BAL,LV,80,Punt,0,3,0
2024,2,LV,BAL,60,Punt,0,3,0
2024,2,BAL,LV,80,Punt,0,3,0
2024,2,LV,BAL,72,Field goal,3,8,2
2024,2,BAL,LV,70,Field goal,3,8,3
2024,2,LV,BAL,53,Turnover,0,2,0
2024,2,BAL,LV,67,Missed field goal,0,7,1
2024,2,LV,BAL,54,Field goal,3,5,1
2024,2,BAL,LV,70,Field goal,3,10,3
2024,2,LV,BAL,70,End of half,0,1,0
2024,2,BAL,LV,70,Touchdown,7,6,4
2024,2,LV,BAL,70,Turnover on downs,0,7,2
2024,2,BAL,LV,75,Turnover,0,3,1
2024,2,LV,BAL,46,Touchdown,7,7,3
2024,2,BAL,LV,76,Touchdown,7,9,6
2024,2,LV,BAL,70,Field goal,3,7,3
2024,2,BAL,LV,80,Punt,0,3,0
2024,2,LV,BAL,70,Touchdown,7,9,5
2024,2,BAL,LV,70,Punt,0,3,0
2024,2,LV,BAL,43,Field goal,3,6,1
2024,2,BAL,LV,70,Turnover on downs,0,5,2
2024,2,NO,DAL,80,Touchdown,7,7,4
2024,2,DAL,NO,79,Field goal,3,13,4
2024,2,NO,DAL,70,Touchdown,7,1,1
2024,2,DAL,NO,61,Field goal,3,14,4
2024,2,NO,DAL,70,Touchdown,7,4,2
2024,2,DAL,NO,78,Touchdown,7,4,2
2024,2,NO,DAL,70,Touchdown,7,11,5
2024,2,DAL,NO,68,Turnover,0,5,2
2024,2,NO,DAL,20,Touchdown,7,3,2
2024,2,DAL,NO,70,Field goal,3,7,3
2024,2,DAL,NO,73,Field goal,3,10,2
2024,2,NO,DAL,70,Touchdown,7,13,6
2024,2,DAL,NO,70,Turnover on downs,0,9,3
2024,2,NO,DAL,83,Turnover,0,3,1
2024,2,DAL,NO,47,Turnover,0,1,0
2024,2,NO,DAL,70,Punt,0,5,1
2024,2,DAL,NO,88,Turnover on downs,0,4,0
2024,2,NO,DAL,13,Field goal,3,4,0
2024,2,DAL,NO,70,Punt,0,3,0
2024,2,NO,DAL,89,End of half,0,6,2
2024,2,WAS,NYG,73,Field goal,3,16,5
2024,2,NYG,WAS,53,Touchdown,7,7,3
2024,2,WAS,NYG,70,Field goal,3,10,2
2024,2,NYG,WAS,76,Punt,0,5,1
2024,2,WAS,NYG,82,Field goal,3,14,4
2024,2,NYG,WAS,69,Touchdown,7,10,5
2024,2,WAS,NYG,70,End of half,0,1,0
2024,2,NYG,WAS,74,Turnover,0,4,2
2024,2,WAS,NYG,65,Field goal,3,9,3
2024,2,NYG,WAS,66,Punt,0,3,0
2024,2,WAS,NYG,70,Field goal,3,9,2
2024,2,NYG,WAS,70,Touchdown,7,13,5
2024,2,WAS,NYG,60,Field goal,3,9,3
2024,2,NYG,WAS,68,Turnover on downs,0,9,2
2024,2,WAS,NYG,77,Field goal,3,8,3
2024,2,TEN,NYJ,70,Punt,0,3,0
2024,2,NYJ,TEN,77,Punt,0,6,1
2024,2,TEN,NYJ,68,Touchdown,7,9,6
2024,2,NYJ,TEN,68,Punt,0,3,0
2024,2,TEN,NYJ,84,Turnover,0,10,5
2024,2,NYJ,TEN,88,Punt,0,3,0
2024,2,TEN,NYJ,75,Turnover,0,1,0
2024,2,NYJ,TEN,73,Touchdown,7,12,6
2024,2,TEN,NYJ,74,Field goal,3,8,3
2024,2,NYJ,TEN,70,Touchdown,7,5,3
2024,2,TEN,NYJ,70,Punt,0,3,0
2024,2,NYJ,TEN,68,Punt,0,3,0
2024,2,TEN,NYJ,62,Punt,0,3,0
2024,2,NYJ,TEN,30,Field goal,3,6,1
2024,2,TEN,NYJ,71,Touchdown,7,5,2
2024,2,NYJ,TEN,70,Punt,0,6,1
2024,2,TEN,NYJ,75,Punt,0,3,0
2024,2,NYJ,TEN,84,Punt,0,5,1
2024,2,TEN,NYJ,85,Punt,0,3,0
2024,2,NYJ,TEN,74,Touchdown,7,7,3
2024,2,TEN,NYJ,70,Turnover on downs,0,13,4
2024,2,NYJ,TEN,86,End of half,0,1,0
2024,2,DEN,PIT,70,Punt,0,3,0
2024,2,PIT,DEN,76,Punt,0,3,0
2024,2,DEN,PIT,85,Punt,0,3,0
2024,2,PIT,DEN,78,Touchdown,7,12,6
2024,2,DEN,PIT,70,Punt,0,6,1
2024,2,PIT,DEN,99,Punt,0,11,4
2024,2,DEN,PIT,80,Turnover on downs,0,8,2
2024,2,PIT,DEN,61,Field goal,3,7,3
2024,2,PIT,DEN,70,Punt,0,5,1
2024,2,DEN,PIT,80,Punt,0,3,0
2024,2,PIT,DEN,76,Punt,0,3,0
2024,2,DEN,PIT,85,Turnover,0,6,2
2024,2,PIT,DEN,80,Field goal,3,4,1
2024,2,DEN,PIT,70,Punt,0,3,0
2024,2,PIT,DEN,81,Punt,0,4,0
2024,2,DEN,PIT,70,Field goal,3,12,3
2024,2,PIT,DEN,86,Punt,0,3,0
2024,2,DEN,PIT,69,Punt,0,3,0
2024,2,PIT,DEN,81,Punt,0,5,1
2024,2,DEN,PIT,80,Field goal,3,9,4
2024,2,PIT,DEN,70,Punt,0,3,0
2024,2,DEN,PIT,81,Turnover,0,2,1
2024,2,NE,SEA,70,Punt,0,3,0
2024,2,SEA,NE,85,Punt,0,6,1
2024,2,NE,SEA,60,Touchdown,7,8,4
2024,2,SEA,NE,72,Touchdown,7,4,2
2024,2,NE,SEA,70,Field goal,3,15,4
2024,2,SEA,NE,70,Touchdown,7,11,5
2024,2,NE,SEA,70,Field goal,3,9,3
2024,2,SEA,NE,70,Punt,0,3,0
2024,2,NE,SEA,92,Punt,0,3,0
2024,2,SEA,NE,51,Field goal,3,6,1
2024,2,SEA,NE,70,Turnover on downs,0,10,2
2024,2,NE,SEA,75,Punt,0,3,0
2024,2,SEA,NE,90,Punt,0,3,0
2024,2,NE,SEA,61,Punt,0,3,0
2024,2,SEA,NE,80,Punt,0,3,0
2024,2,NE,SEA,66,Touchdown,7,11,6
2024,2,SEA,NE,70,Punt,0,5,1
2024,2,NE,SEA,80,Missed field goal,0,8,2
2024,2,SEA,NE,62,Field goal,3,9,2
2024,2,NE,SEA,70,Punt,0,3,0
2024,2,SEA,NE,76,End of half,0,1,0
2024,2,NE,SEA,70,Punt,0,3,0
2024,2,SEA,NE,84,Field goal,3,8,4
2024,2,SF,MIN,70,Punt,0,3,0
2024,2,MIN,SF,85,Punt,0,9,2
2024,2,SF,MIN,80,Punt,0,4,1
2024,2,MIN,SF,24,Field goal,3,5,1
2024,2,SF,MIN,90,Turnover on downs,0,15,5
2024,2,MIN,SF,98,Touchdown,7,2,1
2024,2,SF,MIN,70,Turnover on downs,0,6,1
2024,2,MIN,SF,58,Turnover,0,4,2
2024,2,SF,MIN,65,Touchdown,7,5,3
2024,2,MIN,SF,70,Field goal,3,8,3
2024,2,MIN,SF,70,Punt,0,3,0
2024,2,SF,MIN,66,Punt,0,5,1
2024,2,MIN,SF,85,Punt,0,4,1
2024,2,SF,MIN,87,Turnover,0,2,0
2024,2,MIN,SF,10,Touchdown,7,1,1
2024,2,SF,MIN,65,Turnover,0,7,2
2024,2,SF,MIN,99,Touchdown,7,12,7
2024,2,MIN,SF,70,Field goal,3,14,4
2024,2,SF,MIN,70,Field goal,3,9,4
2024,2,MIN,SF,42,End of half,0,2,0
2024,2,TB,DET,70,Field goal,3,7,2
2024,2,DET,TB,70,Turnover,0,1,0
2024,2,TB,DET,44,Field goal,3,4,0
2024,2,DET,TB,70,Field goal,3,5,2
2024,2,TB,DET,70,Punt,0,5,1
2024,2,DET,TB,84,Field goal,3,13,4
2024,2,TB,DET,70,Touchdown,7,6,3
2024,2,DET,TB,78,Punt,0,11,2
2024,2,TB,DET,87,Turnover,0,6,2
2024,2,DET,TB,56,End of half,0,9,3
2024,2,DET,TB,70,Field goal,3,6,3
2024,2,TB,DET,70,Punt,0,3,0
2024,2,DET,TB,68,Touchdown,7,12,5
2024,2,TB,DET,70,Touchdown,7,6,4
2024,2,DET,TB,70,Punt,0,5,2
2024,2,TB,DET,91,Punt,0,4,1
2024,2,DET,TB,52,Turnover,0,5,1
2024,2,TB,DET,74,Punt,0,4,1
2024,2,DET,TB,82,Turnover on downs,0,13,3
2024,2,TB,DET,94,Punt,0,3,0
2024,2,DET,TB,44,Turnover on downs,0,6,1
2024,2,TB,DET,73,End of half,0,1,0
2024,3,DAL,BAL,85,Punt,0,7,2
2024,3,BAL,DAL,71,Touchdown,7,5,4
2024,3,DAL,BAL,70,Field goal,3,7,1
2024,3,BAL,DAL,70,Touchdown,7,7,3
2024,3,DAL,BAL,70,Turnover,0,7,3
2024,3,BAL,DAL,91,Punt,0,8,2
2024,3,DAL,BAL,93,Punt,0,3,0
2024,3,BAL,DAL,53,Punt,0,3,0
2024,3,DAL,BAL,87,Punt,0,6,1
2024,3,BAL,DAL,88,Touchdown,7,8,6
2024,3,DAL,BAL,70,Field goal,3,3,1
2024,3,BAL,DAL,70,Touchdown,7,5,2
2024,3,DAL,BAL,71,Punt,0,8,3
2024,3,BAL,DAL,89,Punt,0,8,3
2024,3,DAL,BAL,77,Turnover on downs,0,7,3
2024,3,BAL,DAL,61,Missed field goal,0,7,2
2024,3,DAL,BAL,64,Touchdown,7,6,4
2024,3,BAL,DAL,44,Touchdown,7,7,3
2024,3,DAL,BAL,56,Touchdown,7,7,3
2024,3,BAL,DAL,47,Punt,0,3,0
2024,3,DAL,BAL,91,Touchdown,7,11,5
2024,3,BAL,DAL,79,End of half,0,7,2
2024,3,CAR,LV,70,Touchdown,7,9,5
2024,3,LV,CAR,70,Punt,0,3,0
2024,3,CAR,LV,79,Punt,0,6,1
2024,3,LV,CAR,97,Touchdown,7,10,5
2024,3,CAR,LV,75,Touchdown,7,10,4
2024,3,LV,CAR,60,Turnover on downs,0,5,1
2024,3,CAR,LV,61,Punt,0,3,0
2024,3,LV,CAR,75,Punt,0,3,1
2024,3,CAR,LV,95,Punt,0,5,1
2024,3,LV,CAR,67,Punt,0,3,0
2024,3,CAR,LV,68,Touchdown,7,4,2
2024,3,LV,CAR,70,Missed field goal,0,4,2
2024,3,LV,CAR,73,Punt,0,3,0
2024,3,CAR,LV,66,Field goal,3,7,2
2024,3,LV,CAR,72,Turnover on downs,0,4,0
2024,3,CAR,LV,37,Field goal,3,6,1
2024,3,LV,CAR,70,Punt,0,3,0
2024,3,CAR,LV,84,Touchdown,7,11,6
2024,3,LV,CAR,70,Touchdown,7,7,5
2024,3,CAR,LV,70,Punt,0,3,0
2024,3,LV,CAR,90,Turnover,0,2,1
2024,3,CAR,LV,36,Field goal,3,7,2
2024,3,LV,CAR,70,Touchdown,7,13,5
2024,3,CAR,LV,47,End of half,0,2,0
2024,3,CHI,IND,70,Missed field goal,0,11,2
2024,3,IND,CHI,54,Punt,0,3,0
2024,3,CHI,IND,90,Punt,0,4,2
2024,3,IND,CHI,83,Punt,0,6,1
2024,3,CHI,IND,86,Punt,0,5,1
2024,3,IND,CHI,61,Turnover,0,7,2
2024,3,CHI,IND,80,Turnover,0,4,1
2024,3,IND,CHI,70,Touchdown,7,3,2
2024,3,CHI,IND,71,Turnover on downs,0,16,5
2024,3,IND,CHI,87,Punt,0,5,1
2024,3,CHI,IND,82,End of half,0,8,3
2024,3,IND,CHI,70,Turnover,0,1,0
2024,3,CHI,IND,52,Field goal,3,5,1
2024,3,IND,CHI,74,Punt,0,3,0
2024,3,CHI,IND,84,Turnover,0,4,1
2024,3,IND,CHI,45,Turnover on downs,0,4,0
2024,3,CHI,IND,63,Punt,0,3,0
2024,3,IND,CHI,80,Touchdown,7,9,5
2024,3,CHI,IND,70,Touchdown,7,13,6
2024,3,IND,CHI,70,Punt,0,4,1
2024,3,CHI,IND,82,Turnover,0,1,0
2024,3,IND,CHI,16,Touchdown,7,4,2
2024,3,CHI,IND,70,Touchdown,7,12,4
2024,3,IND,CHI,70,End of half,0,5,1
2024,3,DEN,TB,70,Touchdown,7,6,3
2024,3,TB,DEN,75,Punt,0,3,0
2024,3,DEN,TB,67,Punt,0,3,0
2024,3,TB,DEN,87,Turnover,0,5,1
2024,3,DEN,TB,9,Touchdown,7,4,1
2024,3,TB,DEN,70,Punt,0,3,0
2024,3,DEN,TB,66,Field goal,3,13,3
2024,3,TB,DEN,70,Turnover on downs,0,7,1
2024,3,DEN,TB,55,Turnover,0,4,1
2024,3,TB,DEN,67,Touchdown,7,6,4
2024,3,DEN,TB,70,Field goal,3,9,3
2024,3,TB,DEN,70,Punt,0,5,2
2024,3,DEN,TB,91,Punt,0,3,0
2024,3,TB,DEN,59,Punt,0,6,1
2024,3,DEN,TB,94,Field goal,3,15,5
2024,3,TB,DEN,70,Turnover on downs,0,10,3
2024,3,DEN,TB,75,Field goal,3,5,1
2024,3,TB,DEN,70,Turnover,0,10,5
2024,3,DEN,TB,53,Turnover on downs,0,6,1
2024,3,TB,DEN,62,End of half,0,1,0
2024,3,DET,ARI,70,Touchdown,7,9,5
2024,3,ARI,DET,70,Touchdown,7,8,6
2024,3,DET,ARI,70,Touchdown,7,13,5
2024,3,ARI,DET,70,Punt,0,3,0
2024,3,DET,ARI,86,Punt,0,5,1
2024,3,ARI,DET,90,Punt,0,4,1
2024,3,DET,ARI,72,Touchdown,7,7,4
2024,3,ARI,DET,70,Field goal,3,6,2
2024,3,ARI,DET,70,Turnover,0,5,2
2024,3,DET,ARI,80,Punt,0,5,1
2024,3,ARI,DET,98,Punt,0,3,0
2024,3,DET,ARI,57,Turnover,0,2,0
2024,3,ARI,DET,33,Turnover on downs,0,4,0
2024,3,DET,ARI,76,Turnover on downs,0,6,2
2024,3,ARI,DET,65,Punt,0,3,0
2024,3,DET,ARI,67,Punt,0,7,2
2024,3,ARI,DET,88,Turnover on downs,0,5,2
2024,3,DET,ARI,47,Punt,0,3,0
2024,3,ARI,DET,91,Punt,0,5,1
2024,3,DET,ARI,78,Punt,0,4,1
2024,3,ARI,DET,93,Field goal,3,9,3
2024,3,DET,ARI,70,End of half,0,7,2
2024,3,GB,TEN,70,Touchdown,7,6,3
2024,3,TEN,GB,70,Touchdown,7,10,5
2024,3,GB,TEN,70,Field goal,3,11,3
2024,3,TEN,GB,69,Opp touchdown,0,1,0
2024,3,TEN,GB,70,Punt,0,4,1
2024,3,GB,TEN,82,Punt,0,6,2
2024,3,TEN,GB,80,Punt,0,3,0
2024,3,GB,TEN,75,Field goal,3,12,3
2024,3,TEN,GB,85,Turnover on downs,0,6,1
2024,3,GB,TEN,36,Touchdown,7,5,2
2024,3,TEN,GB,68,Touchdown,7,7,4
2024,3,GB,TEN,70,Punt,0,3,0
2024,3,TEN,GB,70,Turnover,0,5,2
2024,3,GB,TEN,53,Punt,0,5,1
2024,3,TEN,GB,79,Punt,0,5,1
2024,3,GB,TEN,68,Punt,0,3,0
2024,3,TEN,GB,80,Punt,0,3,0
2024,3,GB,TEN,60,Field goal,3,8,2
2024,3,TEN,GB,70,Turnover,0,5,1
2024,3,GB,TEN,82,Punt,0,3,0
2024,3,TEN,GB,73,End of half,0,4,3
2024,3,HOU,MIN,70,Turnover,0,1,0
2024,3,MIN,HOU,21,Touchdown,7,6,2
2024,3,HOU,MIN,70,Missed field goal,0,13,3
2024,3,MIN,HOU,56,Touchdown,7,6,3
2024,3,HOU,MIN,70,Punt,0,3,0
2024,3,MIN,HOU,84,Punt,0,3,0
2024,3,HOU,MIN,61,Punt,0,7,2
2024,3,MIN,HOU,80,Punt,0,5,1
2024,3,HOU,MIN,84,Punt,0,6,2
2024,3,MIN,HOU,87,Punt,0,7,2
2024,3,HOU,MIN,87,End of half,0,3,1
2024,3,MIN,HOU,77,Touchdown,7,8,5
2024,3,HOU,MIN,70,Punt,0,3,0
2024,3,MIN,HOU,67,Punt,0,3,0
2024,3,HOU,MIN,72,Touchdown,7,7,4
2024,3,MIN,HOU,60,Field goal,3,10,2
2024,3,HOU,MIN,70,Turnover,0,3,0
2024,3,MIN,HOU,53,Touchdown,7,7,3
2024,3,HOU,MIN,70,Turnover on downs,0,5,1
2024,3,MIN,HOU,55,Field goal,3,6,1
2024,3,HOU,MIN,75,Turnover on downs,0,13,4
2024,3,MIN,HOU,97,End of half,0,1,0
2024,3,BUF,JAX,70,Touchdown,7,10,5
2024,3,JAX,BUF,73,Punt,0,3,0
2024,3,BUF,JAX,65,Touchdown,7,11,4
2024,3,JAX,BUF,70,Field goal,3,14,3
2024,3,BUF,JAX,68,Touchdown,7,8,4
2024,3,JAX,BUF,70,Turnover,0,5,1
2024,3,BUF,JAX,41,Touchdown,7,5,2
2024,3,JAX,BUF,70,Punt,0,5,1
2024,3,BUF,JAX,64,Touchdown,7,5,4
2024,3,JAX,BUF,70,Turnover on downs,0,4,0
2024,3,JAX,BUF,70,Touchdown,7,8,5
2024,3,BUF,JAX,70,Field goal,3,11,4
2024,3,JAX,BUF,70,Turnover on downs,0,13,4
2024,3,BUF,JAX,73,Punt,0,3,0
2024,3,JAX,BUF,68,Turnover on downs,0,4,0
2024,3,BUF,JAX,32,Field goal,3,4,0
2024,3,JAX,BUF,70,Turnover,0,3,1
2024,3,BUF,JAX,21,Touchdown,7,4,2
2024,3,JAX,BUF,70,Turnover on downs,0,10,4
2024,3,BUF,JAX,90,End of half,0,1,0
2024,3,ATL,KC,70,Touchdown,7,7,3
2024,3,KC,ATL,89,Turnover,0,17,6
2024,3,ATL,KC,80,Punt,0,5,1
2024,3,KC,ATL,79,Touchdown,7,13,5
2024,3,ATL,KC,70,Touchdown,7,5,3
2024,3,KC,ATL,69,Field goal,3,7,2
2024,3,ATL,KC,70,Punt,0,3,0
2024,3,KC,ATL,66,Punt,0,3,0
2024,3,ATL,KC,70,Turnover,0,2,0
2024,3,KC,ATL,34,Field goal,3,4,0
2024,3,ATL,KC,70,End of half,0,1,0
2024,3,KC,ATL,70,Field goal,3,11,4
2024,3,ATL,KC,72,Punt,0,3,0
2024,3,KC,ATL,80,Touchdown,7,11,5
2024,3,ATL,KC,85,Field goal,3,10,3
2024,3,KC,ATL,70,Punt,0,3,0
2024,3,ATL,KC,89,Turnover on downs,0,15,5
2024,3,KC,ATL,94,Punt,0,3,0
2024,3,ATL,KC,65,Turnover on downs,0,6,4
2024,3,KC,ATL,84,End of half,0,3,0
2024,3,LAC,PIT,70,Punt,0,3,0
2024,3,PIT,LAC,79,Punt,0,3,0
2024,3,LAC,PIT,76,Punt,0,3,0
2024,3,PIT,LAC,76,Punt,0,3,0
2024,3,LAC,PIT,59,Touchdown,7,5,3
2024,3,PIT,LAC,70,Touchdown,7,13,5
2024,3,LAC,PIT,70,Field goal,3,12,4
2024,3,PIT,LAC,70,Punt,0,3,0
2024,3,LAC,PIT,92,Punt,0,7,2
2024,3,PIT,LAC,86,Missed field goal,0,6,1
2024,3,LAC,PIT,48,End of half,0,1,0
2024,3,PIT,LAC,70,Field goal,3,12,3
2024,3,LAC,PIT,88,Punt,0,3,0
2024,3,PIT,LAC,41,Turnover,0,1,0
2024,3,LAC,PIT,66,Punt,0,3,0
2024,3,PIT,LAC,85,Field goal,3,12,4
2024,3,LAC,PIT,80,Punt,0,6,1
2024,3,PIT,LAC,84,Touchdown,7,5,3
2024,3,LAC,PIT,70,Punt,0,3,0
2024,3,PIT,LAC,68,End of half,0,10,4
2024,3,SEA,MIA,65,Field goal,3,7,2
2024,3,MIA,SEA,70,Missed field goal,0,5,1
2024,3,SEA,MIA,53,Touchdown,7,5,4
2024,3,MIA,SEA,69,Punt,0,5,1
2024,3,SEA,MIA,90,Turnover,0,3,0
2024,3,MIA,SEA,6,Field goal,3,4,0
2024,3,SEA,MIA,71,Touchdown,7,1,1
2024,3,MIA,SEA,64,Punt,0,4,1
2024,3,SEA,MIA,79,Missed field goal,0,9,3
2024,3,MIA,SEA,57,Punt,0,5,1
2024,3,SEA,MIA,80,Punt,0,4,1
2024,3,MIA,SEA,48,Punt,0,3,0
2024,3,SEA,MIA,58,Punt,0,3,0
2024,3,MIA,SEA,77,End of half,0,4,2
2024,3,MIA,SEA,81,Punt,0,3,0
2024,3,SEA,MIA,61,Punt,0,3,0
2024,3,MIA,SEA,77,Turnover on downs,0,5,1
2024,3,SEA,MIA,46,Punt,0,3,0
2024,3,MIA,SEA,80,Punt,0,3,0
2024,3,SEA,MIA,82,Turnover,0,8,3
2024,3,MIA,SEA,52,Turnover on downs,0,11,4
2024,3,SEA,MIA,98,Touchdown,7,11,6
2024,3,MIA,SEA,70,Turnover on downs,0,6,2
2024,3,SEA,MIA,62,End of half,0,5,1
2024,3,NYJ,NE,70,Punt,0,7,2
2024,3,NE,NYJ,80,Punt,0,3,0
2024,3,NYJ,NE,73,Touchdown,7,8,6
2024,3,NE,NYJ,70,Punt,0,6,1
2024,3,NYJ,NE,91,Touchdown,7,13,6
2024,3,NE,NYJ,76,Field goal,3,8,2
2024,3,NYJ,NE,76,Missed field goal,0,12,3
2024,3,NE,NYJ,65,End of half,0,2,1
2024,3,NE,NYJ,70,Punt,0,3,0
2024,3,NYJ,NE,66,Touchdown,7,11,5
2024,3,NE,NYJ,70,Punt,0,5,2
2024,3,NYJ,NE,88,Punt,0,8,3
2024,3,NE,NYJ,69,Turnover,0,1,0
2024,3,NYJ,NE,37,Field goal,3,7,1
2024,3,NE,NYJ,70,Punt,0,5,1
2024,3,NYJ,NE,91,Punt,0,6,1
2024,3,NE,NYJ,58,End of half,0,16,4
2024,3,CLE,NYG,24,Touchdown,7,1,1
2024,3,NYG,CLE,73,Punt,0,3,0
2024,3,CLE,NYG,79,Punt,0,5,1
2024,3,NYG,CLE,81,Touchdown,7,13,6
2024,3,CLE,NYG,70,Punt,0,3,0
2024,3,NYG,CLE,63,Punt,0,3,0
2024,3,CLE,NYG,82,Punt,0,7,2
2024,3,NYG,CLE,93,Touchdown,7,14,6
2024,3,CLE,NYG,70,Turnover,0,5,1
2024,3,NYG,CLE,30,Touchdown,7,4,3
2024,3,CLE,NYG,70,End of half,0,1,0
2024,3,CLE,NYG,70,Punt,0,3,0
2024,3,NYG,CLE,82,Turnover,0,3,1
2024,3,CLE,NYG,45,Missed field goal,0,7,1
2024,3,NYG,CLE,57,Punt,0,4,1
2024,3,CLE,NYG,81,Punt,0,9,2
2024,3,NYG,CLE,95,Punt,0,6,2
2024,3,CLE,NYG,79,Punt,0,5,2
2024,3,NYG,CLE,91,Punt,0,3,0
2024,3,CLE,NYG,49,Touchdown,7,5,4
2024,3,NYG,CLE,70,Punt,0,4,0
2024,3,CLE,NYG,80,Turnover,0,5,2
2024,3,NYG,CLE,54,Punt,0,5,1
2024,3,CLE,NYG,80,Turnover on downs,0,4,0
2024,3,NYG,CLE,29,Missed field goal,0,4,0
2024,3,CLE,NYG,62,Turnover on downs,0,4,0
2024,3,NYG,CLE,44,End of half,0,4,1
2024,3,NO,PHI,70,Field goal,3,15,4
2024,3,PHI,NO,70,Punt,0,3,0
2024,3,NO,PHI,64,Punt,0,3,0
2024,3,PHI,NO,77,Turnover,0,5,2
2024,3,NO,PHI,81,Punt,0,3,0
2024,3,PHI,NO,79,Turnover,0,10,3
2024,3,NO,PHI,53,Punt,0,6,1
2024,3,PHI,NO,93,Turnover on downs,0,15,4
2024,3,NO,PHI,85,End of half,0,1,0
2024,3,PHI,NO,77,Turnover on downs,0,10,3
2024,3,NO,PHI,60,Punt,0,6,1
2024,3,PHI,NO,85,Punt,0,6,2
2024,3,NO,PHI,27,Turnover on downs,0,4,0
2024,3,PHI,NO,82,Touchdown,7,4,2
2024,3,NO,PHI,70,Field goal,3,8,2
2024,3,PHI,NO,76,Missed field goal,0,7,1
2024,3,PHI,NO,69,Touchdown,7,5,3
2024,3,NO,PHI,70,Turnover,0,2,0
2024,3,PHI,NO,59,End of half,0,3,0
2024,3,SF,LA,70,Touchdown,7,8,5
2024,3,LA,SF,70,Punt,0,3,0
2024,3,SF,LA,77,Touchdown,7,13,6
2024,3,LA,SF,70,Punt,0,7,2
2024,3,SF,LA,81,Punt,0,5,1
2024,3,LA,SF,87,Touchdown,7,16,6
2024,3,SF,LA,70,Turnover,0,4,2
2024,3,LA,SF,56,End of half,0,3,0
2024,3,LA,SF,70,Punt,0,4,1
2024,3,SF,LA,91,Touchdown,7,11,4
2024,3,LA,SF,70,Touchdown,7,6,4
2024,3,SF,LA,70,Field goal,3,13,3
2024,3,LA,SF,70,Field goal,3,13,3
2024,3,SF,LA,70,Missed field goal,0,7,2
2024,3,LA,SF,55,Touchdown,7,3,2
2024,3,SF,LA,70,Punt,0,5,1
2024,3,SF,LA,70,End of half,0,1,1
2024,3,CIN,WAS,71,Touchdown,7,6,3
2024,3,WAS,CIN,70,Touchdown,7,10,4
2024,3,CIN,WAS,77,Missed field goal,0,11,3
2024,3,WAS,CIN,62,Touchdown,7,7,4
2024,3,CIN,WAS,70,Field goal,3,11,4
2024,3,WAS,CIN,75,Touchdown,7,6,3
2024,3,CIN,WAS,70,Field goal,3,9,4
2024,3,WAS,CIN,70,End of half,0,1,0
2024,3,WAS,CIN,33,Touchdown,7,9,4
2024,3,CIN,WAS,78,Touchdown,7,13,6
2024,3,WAS,CIN,70,Field goal,3,12,3
2024,3,CIN,WAS,70,Touchdown,7,5,4
2024,3,WAS,CIN,70,Touchdown,7,12,4
2024,3,CIN,WAS,70,Touchdown,7,8,6
2024,3,WAS,CIN,36,End of half,0,1,0
2024,4,BUF,BAL,70,Punt,0,7,1
2024,4,BAL,BUF,87,Touchdown,7,1,1
2024,4,BUF,BAL,70,Field goal,3,11,3
2024,4,BAL,BUF,70,Touchdown,7,9,6
2024,4,BUF,BAL,70,Punt,0,3,0
2024,4,BAL,BUF,81,Touchdown,7,10,5
2024,4,BUF,BAL,70,Punt,0,3,0
2024,4,BAL,BUF,71,Turnover,0,6,2
2024,4,BUF,BAL,61,Punt,0,6,1
2024,4,BAL,BUF,80,End of half,0,1,0
2024,4,BAL,BUF,70,Punt,0,3,0
2024,4,BUF,BAL,60,Touchdown,7,4,2
2024,4,BAL,BUF,70,Punt,0,3,0
2024,4,BUF,BAL,81,Turnover,0,6,2
2024,4,BAL,BUF,59,Touchdown,7,6,3
2024,4,BUF,BAL,70,Missed field goal,0,8,2
2024,4,BAL,BUF,62,Touchdown,7,6,4
2024,4,BUF,BAL,70,Punt,0,3,0
2024,4,BAL,BUF,67,Punt,0,6,1
2024,4,BUF,BAL,94,Punt,0,3,0
2024,4,BAL,BUF,49,Punt,0,3,0
2024,4,BUF,BAL,74,End of half,0,5,1
2024,4,CAR,CIN,70,Turnover on downs,0,12,3
2024,4,CIN,CAR,99,Punt,0,8,2
2024,4,CAR,CIN,80,Turnover,0,6,1
2024,4,CIN,CAR,16,Touchdown,7,5,3
2024,4,CAR,CIN,70,Touchdown,7,11,6
2024,4,CIN,CAR,81,Touchdown,7,4,2
2024,4,CAR,CIN,70,Touchdown,7,11,6
2024,4,CIN,CAR,66,Touchdown,7,8,5
2024,4,CAR,CIN,70,End of half,0,1,0
2024,4,CIN,CAR,71,Touchdown,7,8,6
2024,4,CAR,CIN,70,Punt,0,3,0
2024,4,CIN,CAR,82,Punt,0,3,0
2024,4,CAR,CIN,83,Turnover on downs,0,6,1
2024,4,CIN,CAR,35,Field goal,3,5,0
2024,4,CAR,CIN,70,Touchdown,7,5,3
2024,4,CIN,CAR,76,Turnover,0,9,2
2024,4,CAR,CIN,59,Field goal,3,8,2
2024,4,CIN,CAR,77,Punt,0,5,1
2024,4,CAR,CIN,92,Punt,0,3,0
2024,4,CIN,CAR,63,Field goal,3,9,3
2024,4,CAR,CIN,70,End of half,0,5,2
2024,4,CLE,LV,70,Touchdown,7,15,7
2024,4,LV,CLE,84,Punt,0,3,0
2024,4,CLE,LV,54,Field goal,3,6,1
2024,4,LV,CLE,70,Touchdown,7,11,5
2024,4,CLE,LV,73,Punt,0,3,0
2024,4,LV,CLE,79,Field goal,3,9,2
2024,4,CLE,LV,83,Punt,0,7,2
2024,4,LV,CLE,97,End of half,0,4,1
2024,4,LV,CLE,70,Field goal,3,8,3
2024,4,CLE,LV,74,Turnover,0,6,2
2024,4,LV,CLE,52,Touchdown,7,6,4
2024,4,CLE,LV,70,Punt,0,5,1
2024,4,LV,CLE,76,Opp touchdown,0,3,0
2024,4,LV,CLE,74,Punt,0,5,1
2024,4,CLE,LV,95,Punt,0,5,1
2024,4,LV,CLE,80,Punt,0,4,1
2024,4,CLE,LV,90,Punt,0,3,0
2024,4,LV,CLE,80,Punt,0,3,0
2024,4,CLE,LV,69,Turnover on downs,0,8,2
2024,4,LV,CLE,81,End of half,0,1,0
2024,4,DAL,NYG,70,Punt,0,3,0
2024,4,NYG,DAL,85,Field goal,3,8,1
2024,4,DAL,NYG,75,Touchdown,7,12,5
2024,4,NYG,DAL,77,Field goal,3,11,3
2024,4,DAL,NYG,70,Touchdown,7,5,2
2024,4,NYG,DAL,72,Field goal,3,15,4
2024,4,DAL,NYG,70,Punt,0,5,1
2024,4,NYG,DAL,70,End of half,0,1,0
2024,4,NYG,DAL,80,Field goal,3,11,5
2024,4,DAL,NYG,70,Field goal,3,8,2
2024,4,NYG,DAL,68,Punt,0,3,0
2024,4,DAL,NYG,82,Punt,0,3,0
2024,4,NYG,DAL,52,Field goal,3,10,2
2024,4,DAL,NYG,70,Field goal,3,10,3
2024,4,NYG,DAL,70,Turnover on downs,0,8,1
2024,4,DAL,NYG,45,Missed field goal,0,7,1
2024,4,NYG,DAL,59,Turnover,0,3,0
2024,4,DAL,NYG,96,End of half,0,1,0
2024,4,NYJ,DEN,70,Turnover,0,3,0
2024,4,DEN,NYJ,30,Punt,0,3,0
2024,4,NYJ,DEN,99,Punt,0,3,0
2024,4,DEN,NYJ,52,Punt,0,3,0
2024,4,NYJ,DEN,80,Punt,0,3,0
2024,4,DEN,NYJ,66,Punt,0,3,0
2024,4,NYJ,DEN,77,Punt,0,3,0
2024,4,DEN,NYJ,53,Turnover,0,3,0
2024,4,NYJ,DEN,34,Field goal,3,6,1
2024,4,DEN,NYJ,70,Punt,0,3,0
2024,4,NYJ,DEN,76,Punt,0,5,1
2024,4,DEN,NYJ,73,Punt,0,5,2
2024,4,NYJ,DEN,85,Punt,0,6,1
2024,4,DEN,NYJ,83,Punt,0,5,1
2024,4,NYJ,DEN,73,Field goal,3,9,3
2024,4,DEN,NYJ,70,Punt,0,5,1
2024,4,NYJ,DEN,94,Punt,0,7,2
2024,4,DEN,NYJ,87,Touchdown,7,11,6
2024,4,NYJ,DEN,75,Field goal,3,11,4
2024,4,DEN,NYJ,70,Field goal,3,8,2
2024,4,NYJ,DEN,73,Punt,0,7,2
2024,4,DEN,NYJ,83,Punt,0,3,0
2024,4,NYJ,DEN,67,Turnover on downs,0,6,1
2024,4,DEN,NYJ,35,Missed field goal,0,4,0
2024,4,NYJ,DEN,60,Missed field goal,0,5,1
2024,4,DEN,NYJ,60,End of half,0,2,0
2024,4,JAX,HOU,70,Punt,0,5,1
2024,4,JAX,HOU,2,Touchdown,7,1,1
2024,4,HOU,JAX,70,Touchdown,7,9,4
2024,4,JAX,HOU,77,Field goal,3,9,3
2024,4,HOU,JAX,70,Punt,0,4,1
2024,4,JAX,HOU,90,Punt,0,3,0
2024,4,HOU,JAX,74,Touchdown,7,12,6
2024,4,JAX,HOU,73,Field goal,3,7,2
2024,4,HOU,JAX,70,Field goal,3,11,3
2024,4,JAX,HOU,70,End of half,0,1,0
2024,4,HOU,JAX,70,Punt,0,3,0
2024,4,JAX,HOU,84,Punt,0,7,2
2024,4,HOU,JAX,70,Punt,0,3,0
2024,4,JAX,HOU,74,Touchdown,7,7,4
2024,4,HOU,JAX,70,Punt,0,4,1
2024,4,JAX,HOU,88,Turnover on downs,0,9,2
2024,4,HOU,JAX,99,Punt,0,9,4
2024,4,JAX,HOU,91,Punt,0,6,2
2024,4,HOU,JAX,86,Punt,0,5,1
2024,4,JAX,HOU,72,Punt,0,3,0
2024,4,HOU,JAX,69,Touchdown,7,9,6
2024,4,JAX,HOU,90,End of half,0,2,0
2024,4,KC,LAC,70,Turnover,0,4,1
2024,4,LAC,KC,74,Touchdown,7,10,5
2024,4,KC,LAC,70,Turnover,0,1,0
2024,4,LAC,KC,20,Field goal,3,4,0
2024,4,KC,LAC,70,Punt,0,3,0
2024,4,LAC,KC,81,Punt,0,4,1
2024,4,KC,LAC,65,Punt,0,3,0
2024,4,LAC,KC,94,Punt,0,3,0
2024,4,KC,LAC,65,Punt,0,9,2
2024,4,LAC,KC,98,Punt,0,3,0
2024,4,KC,LAC,54,Touchdown,7,1,1
2024,4,LAC,KC,70,Punt,0,3,0
2024,4,KC,LAC,76,Missed field goal,0,10,2
2024,4,LAC,KC,70,Missed field goal,0,6,1
2024,4,KC,LAC,55,Field goal,3,10,2
2024,4,LAC,KC,70,Turnover on downs,0,14,4
2024,4,KC,LAC,97,Punt,0,8,2
2024,4,LAC,KC,85,Punt,0,3,0
2024,4,KC,LAC,60,Touchdown,7,5,5
2024,4,LAC,KC,70,Punt,0,5,1
2024,4,KC,LAC,96,End of half,0,6,1
2024,4,CHI,LA,75,Punt,0,5,1
2024,4,LA,CHI,95,Field goal,3,13,4
2024,4,CHI,LA,70,Punt,0,3,0
2024,4,LA,CHI,74,Field goal,3,8,3
2024,4,CHI,LA,70,Punt,0,8,3
2024,4,LA,CHI,80,Turnover,0,1,0
2024,4,CHI,LA,16,Touchdown,7,3,2
2024,4,LA,CHI,70,Missed field goal,0,11,3
2024,4,CHI,LA,67,Field goal,3,8,2
2024,4,LA,CHI,70,End of half,0,1,0
2024,4,LA,CHI,70,Field goal,3,12,5
2024,4,CHI,LA,74,Touchdown,7,12,5
2024,4,LA,CHI,70,Touchdown,7,6,4
2024,4,CHI,LA,70,Touchdown,7,5,3
2024,4,LA,CHI,70,Field goal,3,7,2
2024,4,CHI,LA,70,Punt,0,3,0
2024,4,LA,CHI,92,Punt,0,3,0
2024,4,CHI,LA,62,Punt,0,6,1
2024,4,LA,CHI,92,Turnover,0,1,0
2024,4,CHI,LA,18,End of half,0,2,0
2024,4,MIN,GB,73,Touchdown,7,6,3
2024,4,GB,MIN,70,Missed field goal,0,10,3
2024,4,MIN,GB,73,Touchdown,7,8,6
2024,4,GB,MIN,70,Turnover,0,3,0
2024,4,MIN,GB,46,Touchdown,7,7,4
2024,4,GB,MIN,70,Missed field goal,0,7,2
2024,4,MIN,GB,61,Punt,0,3,0
2024,4,GB,MIN,94,Turnover,0,3,1
2024,4,MIN,GB,4,Touchdown,7,1,1
2024,4,GB,MIN,70,Turnover on downs,0,10,3
2024,4,MIN,GB,66,Punt,0,3,0
2024,4,GB,MIN,84,Punt,0,3,0
2024,4,GB,MIN,3,Touchdown,7,2,1
2024,4,MIN,GB,80,End of half,0,1,0
2024,4,GB,MIN,70,Punt,0,3,0
2024,4,MIN,GB,82,Turnover,0,7,3
2024,4,GB,MIN,98,Punt,0,3,0
2024,4,MIN,GB,56,Punt,0,4,1
2024,4,GB,MIN,80,Turnover on downs,0,10,3
2024,4,MIN,GB,67,Punt,0,3,0
2024,4,GB,MIN,89,Touchdown,7,11,5
2024,4,MIN,GB,70,Turnover,0,2,0
2024,4,GB,MIN,20,Touchdown,7,2,1
2024,4,MIN,GB,70,Field goal,3,7,2
2024,4,GB,MIN,70,Turnover,0,2,1
2024,4,MIN,GB,80,Punt,0,3,0
2024,4,GB,MIN,63,Turnover,0,2,0
2024,4,MIN,GB,42,Turnover on downs,0,8,2
2024,4,GB,MIN,96,Touchdown,7,5,4
2024,4,MIN,GB,47,End of half,0,2,0
2024,4,NE,SF,70,Punt,0,9,2
2024,4,SF,NE,93,Field goal,3,15,4
2024,4,NE,SF,70,Turnover,0,1,0
2024,4,SF,NE,30,Field goal,3,5,1
2024,4,NE,SF,70,Opp touchdown,0,3,0
2024,4,NE,SF,70,Turnover on downs,0,11,3
2024,4,SF,NE,80,Touchdown,7,10,5
2024,4,NE,SF,70,Punt,0,3,0
2024,4,SF,NE,87,Punt,0,3,0
2024,4,NE,SF,39,Field goal,3,4,0
2024,4,NE,SF,27,Touchdown,7,5,2
2024,4,SF,NE,70,Touchdown,7,4,3
2024,4,NE,SF,70,Punt,0,4,1
2024,4,SF,NE,88,Punt,0,6,1
2024,4,NE,SF,59,Punt,0,4,0
2024,4,SF,NE,83,Punt,0,4,1
2024,4,NE,SF,68,Field goal,3,8,2
2024,4,SF,NE,70,Turnover,0,3,1
2024,4,NE,SF,80,Turnover on downs,0,7,1
2024,4,SF,NE,36,Field goal,3,6,1
2024,4,NE,SF,70,Turnover,0,5,1
2024,4,SF,NE,85,End of half,0,7,2
2024,4,ATL,NO,70,Touchdown,7,8,2
2024,4,NO,ATL,70,Touchdown,7,9,6
2024,4,ATL,NO,80,Turnover,0,5,1
2024,4,NO,ATL,53,Touchdown,7,11,4
2024,4,ATL,NO,77,Field goal,3,7,2
2024,4,NO,ATL,70,Opp touchdown,0,4,1
2024,4,NO,ATL,64,Punt,0,4,1
2024,4,ATL,NO,88,Punt,0,6,1
2024,4,NO,ATL,88,Punt,0,7,2
2024,4,ATL,NO,90,End of half,0,1,0
2024,4,NO,ATL,70,Punt,0,5,1
2024,4,ATL,NO,90,Field goal,3,10,3
2024,4,NO,ATL,75,Field goal,3,10,3
2024,4,ATL,NO,81,Field goal,3,10,4
2024,4,NO,ATL,70,Turnover on downs,0,12,4
2024,4,ATL,NO,93,Punt,0,3,0
2024,4,NO,ATL,42,Touchdown,7,9,3
2024,4,ATL,NO,70,Field goal,3,5,1
2024,4,TB,PHI,79,Touchdown,7,10,4
2024,4,PHI,TB,70,Punt,0,3,0
2024,4,TB,PHI,80,Touchdown,7,5,4
2024,4,PHI,TB,70,Punt,0,3,0
2024,4,TB,PHI,73,Punt,0,4,1
2024,4,TB,PHI,22,Touchdown,7,5,2
2024,4,PHI,TB,70,Punt,0,3,0
2024,4,TB,PHI,80,Field goal,3,12,5
2024,4,PHI,TB,70,Touchdown,7,14,6
2024,4,TB,PHI,70,Punt,0,4,1
2024,4,PHI,TB,80,Punt,0,3,0
2024,4,TB,PHI,72,Punt,0,5,1
2024,4,PHI,TB,79,End of half,0,1,0
2024,4,PHI,TB,70,Touchdown,7,5,3
2024,4,TB,PHI,70,Touchdown,7,12,5
2024,4,PHI,TB,73,Turnover,0,8,3
2024,4,TB,PHI,76,Field goal,3,9,3
2024,4,PHI,TB,80,Punt,0,6,2
2024,4,TB,PHI,79,Punt,0,4,1
2024,4,PHI,TB,77,Turnover on downs,0,10,2
2024,4,TB,PHI,42,End of half,0,6,2
2024,4,IND,PIT,70,Touchdown,7,8,4
2024,4,PIT,IND,70,Punt,0,8,2
2024,4,IND,PIT,86,Touchdown,7,9,6
2024,4,PIT,IND,70,Turnover on downs,0,4,0
2024,4,IND,PIT,39,Field goal,3,9,2
2024,4,PIT,IND,70,Punt,0,3,0
2024,4,IND,PIT,72,Punt,0,4,1
2024,4,PIT,IND,96,Turnover,0,9,5
2024,4,IND,PIT,97,Punt,0,6,2
2024,4,PIT,IND,75,Field goal,3,8,2
2024,4,PIT,IND,70,Punt,0,6,1
2024,4,IND,PIT,88,Punt,0,3,0
2024,4,PIT,IND,33,Turnover,0,3,0
2024,4,IND,PIT,42,Missed field goal,0,4,0
2024,4,PIT,IND,56,Touchdown,7,6,3
2024,4,IND,PIT,70,Touchdown,7,10,4
2024,4,PIT,IND,70,Touchdown,7,8,5
2024,4,IND,PIT,70,Field goal,3,10,3
2024,4,PIT,IND,70,Touchdown,7,7,3
2024,4,IND,PIT,70,Punt,0,3,0
2024,4,PIT,IND,83,Turnover on downs,0,7,2
2024,4,IND,PIT,41,End of half,0,1,0
2024,4,DET,SEA,73,Punt,0,3,0
2024,4,SEA,DET,77,Punt,0,4,1
2024,4,DET,SEA,93,Touchdown,7,12,6
2024,4,SEA,DET,70,Turnover,0,5,2
2024,4,DET,SEA,14,Touchdown,7,3,2
2024,4,SEA,DET,70,Touchdown,7,10,5
2024,4,DET,SEA,70,Touchdown,7,9,5
2024,4,SEA,DET,70,Punt,0,8,2
2024,4,DET,SEA,85,Punt,0,3,0
2024,4,SEA,DET,61,Missed field goal,0,4,1
2024,4,SEA,DET,75,Touchdown,7,10,5
2024,4,DET,SEA,70,Touchdown,7,5,3
2024,4,SEA,DET,80,Touchdown,7,8,6
2024,4,DET,SEA,70,Touchdown,7,1,1
2024,4,SEA,DET,70,Touchdown,7,7,4
2024,4,DET,SEA,70,Punt,0,3,0
2024,4,SEA,DET,79,Punt,0,7,2
2024,4,DET,SEA,80,Touchdown,7,7,4
2024,4,SEA,DET,70,Turnover on downs,0,12,6
2024,4,DET,SEA,96,Safety,0,2,0
2024,4,SEA,DET,80,Turnover,0,4,4
2024,4,DET,SEA,80,End of half,0,2,0
2024,4,TEN,MIA,72,Turnover,0,7,2
2024,4,MIA,TEN,63,Turnover,0,4,2
2024,4,TEN,MIA,64,Punt,0,3,0
2024,4,MIA,TEN,87,Punt,0,3,0
2024,4,TEN,MIA,56,Field goal,3,9,2
2024,4,MIA,TEN,70,Turnover on downs,0,4,1
2024,4,TEN,MIA,53,Field goal,3,8,2
2024,4,MIA,TEN,70,Field goal,3,10,3
2024,4,TEN,MIA,70,Punt,0,4,1
2024,4,MIA,TEN,80,Punt,0,3,0
2024,4,TEN,MIA,66,Punt,0,4,1
2024,4,MIA,TEN,75,Punt,0,3,0
2024,4,TEN,MIA,56,Field goal,3,3,1
2024,4,MIA,TEN,70,Punt,0,3,0
2024,4,TEN,MIA,86,Punt,0,3,0
2024,4,MIA,TEN,48,Field goal,3,5,1
2024,4,TEN,MIA,70,Touchdown,7,5,3
2024,4,MIA,TEN,70,Punt,0,3,0
2024,4,TEN,MIA,44,Field goal,3,6,1
2024,4,MIA,TEN,70,Turnover on downs,0,4,0
2024,4,TEN,MIA,38,Field goal,3,8,2
2024,4,MIA,TEN,70,Touchdown,7,11,5
2024,4,TEN,MIA,45,Punt,0,3,0
2024,4,MIA,TEN,92,Safety,0,1,0
2024,4,TEN,MIA,10,Touchdown,7,4,1
2024,4,MIA,TEN,70,End of half,0,2,1
2024,4,ARI,WAS,55,Touchdown,7,9,4
2024,4,WAS,ARI,70,Touchdown,7,9,4
2024,4,ARI,WAS,70,Punt,0,6,2
2024,4,WAS,ARI,93,Touchdown,7,13,6
2024,4,ARI,WAS,72,Punt,0,3,0
2024,4,WAS,ARI,80,Turnover,0,5,2
2024,4,ARI,WAS,82,Punt,0,3,0
2024,4,WAS,ARI,72,Punt,0,3,0
2024,4,ARI,WAS,70,Turnover on downs,0,9,2
2024,4,WAS,ARI,58,Field goal,3,5,2
2024,4,WAS,ARI,70,Touchdown,7,3,3
2024,4,ARI,WAS,70,Punt,0,4,0
2024,4,WAS,ARI,60,Field goal,3,11,2
2024,4,ARI,WAS,74,Touchdown,7,11,5
2024,4,WAS,ARI,70,Touchdown,7,12,6
2024,4,ARI,WAS,76,Turnover,0,5,1
2024,4,WAS,ARI,76,Touchdown,7,8,4
2024,4,ARI,WAS,76,End of half,0,8,3
2024,5,SF,ARI,70,Punt,0,3,0
2024,5,ARI,SF,72,Touchdown,7,2,2
2024,5,SF,ARI,70,Field goal,3,6,2
2024,5,ARI,SF,70,Punt,0,3,0
2024,5,SF,ARI,76,Touchdown,7,13,6
2024,5,ARI,SF,70,Field goal,3,10,3
2024,5,SF,ARI,70,Field goal,3,11,3
2024,5,ARI,SF,70,Opp touchdown,0,5,1
2024,5,ARI,SF,62,Turnover,0,6,2
2024,5,SF,ARI,40,Field goal,3,8,2
2024,5,ARI,SF,74,Punt,0,3,0
2024,5,SF,ARI,87,Turnover,0,4,1
2024,5,ARI,SF,25,Field goal,3,4,0
2024,5,SF,ARI,70,Turnover on downs,0,11,4
2024,5,ARI,SF,73,Touchdown,7,12,6
2024,5,SF,ARI,70,Turnover,0,8,3
2024,5,ARI,SF,91,Field goal,3,14,5
2024,5,SF,ARI,73,Turnover,0,2,1
2024,5,BAL,CIN,70,Touchdown,7,12,5
2024,5,CIN,BAL,70,Punt,0,3,0
2024,5,BAL,CIN,84,Punt,0,6,1
2024,5,CIN,BAL,86,Touchdown,7,10,6
2024,5,BAL,CIN,70,Punt,0,3,0
2024,5,CIN,BAL,80,Punt,0,3,0
2024,5,BAL,CIN,51,Touchdown,7,7,3
2024,5,CIN,BAL,70,Punt,0,3,0
2024,5,BAL,CIN,98,Safety,0,1,0
2024,5,CIN,BAL,67,Punt,0,5,1
2024,5,BAL,CIN,86,Punt,0,7,1
2024,5,CIN,BAL,79,Touchdown,7,4,3
2024,5,BAL,CIN,70,End of half,0,1,0
2024,5,CIN,BAL,70,Touchdown,7,12,4
2024,5,BAL,CIN,74,Touchdown,7,4,3
2024,5,CIN,BAL,70,Touchdown,7,12,5
2024,5,BAL,CIN,92,Touchdown,7,10,6
2024,5,CIN,BAL,70,Touchdown,7,1,1
2024,5,BAL,CIN,70,Touchdown,7,11,6
2024,5,CIN,BAL,70,Turnover,0,6,3
2024,5,BAL,CIN,72,Field goal,3,8,2
2024,5,CIN,BAL,70,Punt,0,3,0
2024,5,BAL,CIN,70,Turnover,0,7,2
2024,5,CIN,BAL,38,Missed field goal,0,4,0
2024,5,BAL,CIN,57,Field goal,3,2,1
2024,5,BUF,HOU,70,Punt,0,3,0
2024,5,HOU,BUF,92,Punt,0,3,0
2024,5,BUF,HOU,49,Field goal,3,10,3
2024,5,HOU,BUF,70,Touchdown,7,6,4
2024,5,BUF,HOU,70,Punt,0,3,0
2024,5,HOU,BUF,67,Touchdown,7,1,1
2024,5,BUF,HOU,73,Punt,0,5,1
2024,5,HOU,BUF,81,Turnover on downs,0,11,3
2024,5,BUF,HOU,84,Punt,0,9,2
2024,5,HOU,BUF,92,Punt,0,3,0
2024,5,BUF,HOU,72,Punt,0,3,0
2024,5,HOU,BUF,51,Field goal,3,6,1
2024,5,HOU,BUF,70,Field goal,3,8,2
2024,5,BUF,HOU,70,Touchdown,7,6,4
2024,5,HOU,BUF,70,Punt,0,3,0
2024,5,BUF,HOU,65,Touchdown,7,5,2
2024,5,HOU,BUF,74,Punt,0,4,1
2024,5,BUF,HOU,81,Punt,0,5,3
2024,5,HOU,BUF,88,Turnover,0,10,3
2024,5,BUF,HOU,80,Punt,0,5,1
2024,5,HOU,BUF,98,Turnover,0,4,1
2024,5,BUF,HOU,15,Field goal,3,4,0
2024,5,HOU,BUF,70,Punt,0,9,2
2024,5,BUF,HOU,97,Punt,0,3,0
2024,5,HOU,BUF,46,Field goal,3,2,0
2024,5,CAR,CHI,70,Punt,0,3,0
2024,5,CHI,CAR,82,Punt,0,3,0
2024,5,CAR,CHI,51,Touchdown,7,5,2
2024,5,CHI,CAR,70,Touchdown,7,7,4
2024,5,CAR,CHI,70,Punt,0,5,1
2024,5,CHI,CAR,80,Touchdown,7,13,6
2024,5,CAR,CHI,71,Punt,0,3,0
2024,5,CHI,CAR,75,Turnover on downs,0,9,2
2024,5,CAR,CHI,61,Turnover,0,3,0
2024,5,CHI,CAR,44,Touchdown,7,3,2
2024,5,CAR,CHI,57,Turnover on downs,0,6,1
2024,5,CHI,CAR,62,Touchdown,7,5,2
2024,5,CAR,CHI,70,Missed field goal,0,4,1
2024,5,CHI,CAR,70,Punt,0,3,0
2024,5,CAR,CHI,78,Turnover,0,2,0
2024,5,CHI,CAR,66,Field goal,3,11,4
2024,5,CAR,CHI,70,Field goal,3,10,3
2024,5,CHI,CAR,70,Punt,0,3,0
2024,5,CAR,CHI,77,Punt,0,5,2
2024,5,CHI,CAR,80,Punt,0,5,1
2024,5,CAR,CHI,92,Turnover,0,5,1
2024,5,CHI,CAR,18,Touchdown,7,5,3
2024,5,CAR,CHI,74,Turnover on downs,0,9,3
2024,5,CHI,CAR,90,End of half,0,3,0
2024,5,CLE,WAS,70,Turnover on downs,0,5,1
2024,5,WAS,CLE,53,Punt,0,3,0
2024,5,CLE,WAS,73,Punt,0,3,0
2024,5,WAS,CLE,66,Turnover,0,6,1
2024,5,CLE,WAS,99,Punt,0,3,0
2024,5,WAS,CLE,34,Touchdown,7,6,3
2024,5,CLE,WAS,72,Punt,0,3,0
2024,5,WAS,CLE,98,Punt,0,3,0
2024,5,CLE,WAS,43,Field goal,3,6,1
2024,5,WAS,CLE,80,Field goal,3,8,2
2024,5,CLE,WAS,69,Punt,0,3,0
2024,5,WAS,CLE,74,Touchdown,7,10,5
2024,5,CLE,WAS,73,Punt,0,3,0
2024,5,WAS,CLE,62,Touchdown,7,5,2
2024,5,CLE,WAS,72,Punt,0,4,1
2024,5,WAS,CLE,70,Turnover,0,1,0
2024,5,CLE,WAS,30,Field goal,3,6,1
2024,5,WAS,CLE,80,Touchdown,7,9,4
2024,5,CLE,WAS,74,Turnover,0,3,1
2024,5,CLE,WAS,70,Punt,0,9,2
2024,5,WAS,CLE,92,Punt,0,3,0
2024,5,CLE,WAS,54,Touchdown,7,9,4
2024,5,WAS,CLE,70,Punt,0,6,1
2024,5,CLE,WAS,80,End of half,0,4,1
2024,5,DAL,PIT,57,Field goal,3,6,1
2024,5,PIT,DAL,75,Field goal,3,11,3
2024,5,DAL,PIT,70,Punt,0,3,0
2024,5,PIT,DAL,74,Punt,0,5,2
2024,5,DAL,PIT,76,Turnover,0,9,3
2024,5,PIT,DAL,80,Punt,0,3,0
2024,5,DAL,PIT,66,Field goal,3,8,2
2024,5,PIT,DAL,70,Punt,0,9,2
2024,5,DAL,PIT,85,Turnover,0,7,2
2024,5,PIT,DAL,98,End of half,0,3,0
2024,5,PIT,DAL,72,Touchdown,7,6,4
2024,5,DAL,PIT,70,Missed field goal,0,8,2
2024,5,PIT,DAL,73,Punt,0,4,1
2024,5,DAL,PIT,90,Touchdown,7,16,7
2024,5,PIT,DAL,66,Punt,0,3,0
2024,5,DAL,PIT,86,Turnover,0,6,2
2024,5,PIT,DAL,63,Touchdown,7,12,5
2024,5,DAL,PIT,70,Touchdown,7,15,6
2024,5,PIT,DAL,79,Turnover,0,2,0
2024,5,GB,LA,70,Punt,0,3,0
2024,5,LA,GB,66,Punt,0,3,0
2024,5,GB,LA,96,Touchdown,7,9,5
2024,5,LA,GB,70,Turnover on downs,0,7,2
2024,5,GB,LA,95,Punt,0,3,0
2024,5,LA,GB,55,Touchdown,7,13,5
2024,5,GB,LA,70,Punt,0,3,0
2024,5,LA,GB,70,Punt,0,10,3
2024,5,GB,LA,90,Opp touchdown,0,3,0
2024,5,GB,LA,70,Field goal,3,9,3
2024,5,LA,GB,71,Turnover,0,5,1
2024,5,GB,LA,70,Touchdown,7,2,1
2024,5,LA,GB,73,Turnover,0,8,2
2024,5,GB,LA,54,Touchdown,7,7,4
2024,5,LA,GB,72,Punt,0,8,2
2024,5,GB,LA,93,Punt,0,14,5
2024,5,LA,GB,91,Touchdown,7,11,7
2024,5,GB,LA,70,Punt,0,4,1
2024,5,LA,GB,71,Turnover on downs,0,11,2
2024,5,GB,LA,62,End of half,0,2,0
2024,5,IND,JAX,71,Touchdown,7,12,6
2024,5,JAX,IND,70,Turnover on downs,0,9,3
2024,5,IND,JAX,74,Punt,0,4,1
2024,5,JAX,IND,89,Field goal,3,14,5
2024,5,IND,JAX,70,Punt,0,3,0
2024,5,JAX,IND,85,Touchdown,7,1,1
2024,5,IND,JAX,70,Field goal,3,12,3
2024,5,JAX,IND,70,Turnover,0,6,1
2024,5,IND,JAX,66,Turnover,0,3,1
2024,5,JAX,IND,12,Field goal,3,1,0
2024,5,IND,JAX,70,End of half,0,1,0
2024,5,JAX,IND,70,Punt,0,5,1
2024,5,IND,JAX,94,Punt,0,3,1
2024,5,JAX,IND,56,Turnover,0,3,1
2024,5,IND,JAX,98,Punt,0,3,0
2024,5,JAX,IND,19,Touchdown,7,1,1
2024,5,IND,JAX,70,Touchdown,7,15,6
2024,5,JAX,IND,70,Touchdown,7,7,3
2024,5,IND,JAX,70,Field goal,3,8,2
2024,5,JAX,IND,70,Touchdown,7,2,1
2024,5,IND,JAX,70,Touchdown,7,3,3
2024,5,JAX,IND,70,Punt,0,3,0
2024,5,IND,JAX,77,Touchdown,7,2,2
2024,5,JAX,IND,70,Field goal,3,8,3
2024,5,IND,JAX,70,End of half,0,2,0
2024,5,LV,DEN,70,Touchdown,7,4,2
2024,5,DEN,LV,75,Punt,0,7,1
2024,5,LV,DEN,90,Field goal,3,13,5
2024,5,DEN,LV,59,Field goal,3,7,2
2024,5,LV,DEN,69,Opp touchdown,0,6,3
2024,5,LV,DEN,70,Punt,0,3,0
2024,5,DEN,LV,93,Punt,0,3,0
2024,5,DEN,LV,97,Punt,0,6,2
2024,5,LV,DEN,87,Punt,0,3,0
2024,5,DEN,LV,64,Field goal,3,5,2
2024,5,DEN,LV,70,Punt,0,3,0
2024,5,LV,DEN,76,Punt,0,6,1
2024,5,LV,DEN,70,Turnover,0,5,1
2024,5,DEN,LV,63,Punt,0,5,1
2024,5,LV,DEN,80,Punt,0,3,0
2024,5,DEN,LV,58,Touchdown,7,8,5
2024,5,LV,DEN,80,Turnover,0,1,0
2024,5,DEN,LV,39,Touchdown,7,4,2
2024,5,LV,DEN,75,Touchdown,7,12,7
2024,5,DEN,LV,44,Punt,0,3,0
2024,5,LV,DEN,90,Turnover on downs,0,7,1
2024,5,DEN,LV,14,End of half,0,3,0
2024,5,MIA,NE,74,Field goal,3,8,2
2024,5,NE,MIA,70,Punt,0,3,0
2024,5,MIA,NE,78,Turnover,0,5,1
2024,5,NE,MIA,43,Touchdown,7,4,2
2024,5,MIA,NE,70,Missed field goal,0,9,3
2024,5,NE,MIA,69,Punt,0,3,0
2024,5,MIA,NE,80,Punt,0,5,1
2024,5,NE,MIA,23,Missed field goal,0,7,1
2024,5,MIA,NE,77,Punt,0,9,3
2024,5,NE,MIA,95,Punt,0,3,0
2024,5,MIA,NE,44,Turnover on downs,0,6,1
2024,5,NE,MIA,58,Punt,0,3,0
2024,5,MIA,NE,80,End of half,0,2,0
2024,5,NE,MIA,70,Field goal,3,10,3
2024,5,MIA,NE,70,Field goal,3,8,3
2024,5,NE,MIA,70,Punt,0,3,0
2024,5,MIA,NE,86,Field goal,3,9,3
2024,5,NE,MIA,81,Punt,0,7,2
2024,5,MIA,NE,80,Touchdown,7,15,7
2024,5,NE,MIA,70,Turnover on downs,0,11,5
2024,5,MIA,NE,83,Punt,0,3,0
2024,5,NE,MIA,57,End of half,0,3,2
2024,5,NO,KC,70,Turnover,0,6,2
2024,5,KC,NO,78,Touchdown,7,10,6
2024,5,NO,KC,70,Punt,0,3,0
2024,5,KC,NO,77,Punt,0,3,0
2024,5,NO,KC,77,Punt,0,3,0
2024,5,KC,NO,60,Field goal,3,10,3
2024,5,NO,KC,74,Touchdown,7,7,3
2024,5,KC,NO,80,Field goal,3,15,4
2024,5,NO,KC,79,Punt,0,3,0
2024,5,KC,NO,64,Field goal,3,9,2
2024,5,KC,NO,71,Missed field goal,0,10,3
2024,5,NO,KC,59,Punt,0,6,1
2024,5,KC,NO,84,Turnover,0,9,4
2024,5,NO,KC,65,Touchdown,7,8,4
2024,5,KC,NO,68,Touchdown,7,5,3
2024,5,NO,KC,70,Turnover on downs,0,6,2
2024,5,KC,NO,58,Field goal,3,11,3
2024,5,NO,KC,80,Turnover on downs,0,9,2
2024,5,KC,NO,48,End of half,0,3,0
2024,5,SEA,NYG,70,Punt,0,5,1
2024,5,NYG,SEA,80,Opp touchdown,0,16,6
2024,5,NYG,SEA,76,Punt,0,3,0
2024,5,SEA,NYG,78,Punt,0,3,0
2024,5,NYG,SEA,81,Touchdown,7,8,5
2024,5,SEA,NYG,72,Punt,0,7,2
2024,5,NYG,SEA,78,Field goal,3,12,4
2024,5,SEA,NYG,70,Field goal,3,3,2
2024,5,NYG,SEA,70,End of half,0,1,0
2024,5,NYG,SEA,70,Punt,0,3,0
2024,5,SEA,NYG,71,Turnover,0,3,1
2024,5,NYG,SEA,77,Touchdown,7,4,4
2024,5,SEA,NYG,70,Field goal,3,8,2
2024,5,NYG,SEA,73,Field goal,3,11,3
2024,5,SEA,NYG,74,Turnover on downs,0,4,0
2024,5,NYG,SEA,27,Field goal,3,6,1
2024,5,SEA,NYG,72,Punt,0,5,1
2024,5,NYG,SEA,81,Punt,0,6,1
2024,5,SEA,NYG,95,Touchdown,7,14,7
2024,5,NYG,SEA,78,Punt,0,3,0
2024,5,SEA,NYG,66,Opp touchdown,0,5,1
2024,5,SEA,NYG,70,Turnover on downs,0,4,0
2024,5,NYG,SEA,28,End of half,0,1,0
2024,5,NYJ,MIN,74,Punt,0,3,0
2024,5,MIN,NYJ,88,Field goal,3,11,3
2024,5,NYJ,MIN,70,Punt,0,3,0
2024,5,MIN,NYJ,78,Turnover,0,6,2
2024,5,NYJ,MIN,42,Opp touchdown,0,3,0
2024,5,NYJ,MIN,70,Turnover,0,3,0
2024,5,MIN,NYJ,57,Turnover on downs,0,9,2
2024,5,NYJ,MIN,66,Turnover on downs,0,7,1
2024,5,MIN,NYJ,74,Touchdown,7,8,6
2024,5,NYJ,MIN,70,Punt,0,4,1
2024,5,MIN,NYJ,95,Punt,0,3,0
2024,5,NYJ,MIN,31,Touchdown,7,5,2
2024,5,MIN,NYJ,70,End of half,0,2,0
2024,5,MIN,NYJ,70,Punt,0,3,0
2024,5,NYJ,MIN,60,Punt,0,3,0
2024,5,MIN,NYJ,80,Punt,0,5,1
2024,5,NYJ,MIN,97,Field goal,3,17,6
2024,5,MIN,NYJ,70,Punt,0,4,1
2024,5,NYJ,MIN,93,Punt,0,3,0
2024,5,MIN,NYJ,37,Field goal,3,4,0
2024,5,NYJ,MIN,70,Punt,0,3,0
2024,5,MIN,NYJ,83,Turnover,0,3,0
2024,5,NYJ,MIN,42,Touchdown,7,8,4
2024,5,MIN,NYJ,70,Field goal,3,9,2
2024,5,NYJ,MIN,70,Turnover,0,10,3
2024,5,MIN,NYJ,91,End of half,0,2,0
2024,5,ATL,TB,70,Touchdown,7,7,3
2024,5,TB,ATL,63,Touchdown,7,9,5
2024,5,ATL,TB,70,Missed field goal,0,8,3
2024,5,TB,ATL,69,Field goal,3,6,2
2024,5,ATL,TB,70,Touchdown,7,9,4
2024,5,TB,ATL,44,Touchdown,7,3,2
2024,5,ATL,TB,70,Field goal,3,8,2
2024,5,TB,ATL,82,Touchdown,7,7,4
2024,5,ATL,TB,70,Punt,0,9,3
2024,5,TB,ATL,96,End of half,0,1,0
2024,5,TB,ATL,63,Punt,0,3,0
2024,5,ATL,TB,80,Field goal,3,12,3
2024,5,TB,ATL,70,Field goal,3,9,4
2024,5,ATL,TB,70,Touchdown,7,8,3
2024,5,TB,ATL,70,Field goal,3,6,2
2024,5,ATL,TB,70,Missed field goal,0,8,2
2024,5,TB,ATL,56,Turnover,0,7,2
2024,5,ATL,TB,75,Turnover,0,4,0
2024,5,TB,ATL,28,Punt,0,3,0
2024,5,ATL,TB,80,Field goal,3,9,3
2024,5,ATL,TB,70,Touchdown,7,4,2
2024,6,GB,ARI,70,Punt,0,5,1
2024,6,ARI,GB,92,Punt,0,3,0
2024,6,GB,ARI,44,Touchdown,7,5,3
2024,6,ARI,GB,65,Punt,0,5,1
2024,6,GB,ARI,80,Touchdown,7,11,5
2024,6,ARI,GB,70,Punt,0,3,0
2024,6,GB,ARI,90,Field goal,3,12,3
2024,6,ARI,GB,78,Punt,0,3,0
2024,6,GB,ARI,44,Touchdown,7,1,1
2024,6,ARI,GB,70,Touchdown,7,6,4
2024,6,GB,ARI,78,Turnover,0,4,1
2024,6,ARI,GB,45,Field goal,3,9,2
2024,6,ARI,GB,74,Field goal,3,9,3
2024,6,GB,ARI,70,Touchdown,7,9,5
2024,6,ARI,GB,74,Turnover,0,2,0
2024,6,GB,ARI,30,Missed field goal,0,4,0
2024,6,ARI,GB,66,Turnover,0,6,2
2024,6,GB,ARI,78,Field goal,3,12,4
2024,6,ARI,GB,72,Turnover,0,11,4
2024,6,GB,ARI,79,End of half,0,10,4
2024,6,CAR,ATL,65,Punt,0,3,0
2024,6,ATL,CAR,79,Punt,0,3,0
2024,6,CAR,ATL,67,Touchdown,7,12,5
2024,6,ATL,CAR,70,Touchdown,7,12,5
2024,6,CAR,ATL,66,Punt,0,3,0
2024,6,ATL,CAR,83,Turnover,0,6,1
2024,6,CAR,ATL,41,Field goal,3,8,2
2024,6,ATL,CAR,76,Touchdown,7,5,3
2024,6,CAR,ATL,70,Punt,0,4,1
2024,6,ATL,CAR,27,Touchdown,7,5,2
2024,6,CAR,ATL,76,Touchdown,7,8,5
2024,6,ATL,CAR,70,End of half,0,1,0
2024,6,ATL,CAR,70,Field goal,3,11,4
2024,6,CAR,ATL,70,Field goal,3,11,3
2024,6,ATL,CAR,70,Field goal,3,10,3
2024,6,CAR,ATL,88,Turnover,0,8,4
2024,6,ATL,CAR,84,Touchdown,7,9,6
2024,6,CAR,ATL,69,Turnover on downs,0,4,0
2024,6,ATL,CAR,36,Field goal,3,6,1
2024,6,CAR,ATL,70,Turnover,0,3,1
2024,6,ATL,CAR,6,End of half,0,3,0
2024,6,NYJ,BUF,70,Field goal,3,8,3
2024,6,BUF,NYJ,70,Touchdown,7,9,6
2024,6,NYJ,BUF,70,Touchdown,7,9,4
2024,6,BUF,NYJ,70,Punt,0,3,0
2024,6,NYJ,BUF,80,Punt,0,6,1
2024,6,BUF,NYJ,90,Touchdown,7,10,5
2024,6,NYJ,BUF,62,Punt,0,5,1
2024,6,BUF,NYJ,80,Touchdown,7,10,6
2024,6,NYJ,BUF,70,Touchdown,7,3,2
2024,6,BUF,NYJ,77,Missed field goal,0,7,2
2024,6,NYJ,BUF,63,Field goal,3,10,2
2024,6,BUF,NYJ,70,Punt,0,3,0
2024,6,NYJ,BUF,74,Missed field goal,0,7,4
2024,6,BUF,NYJ,78,Punt,0,3,0
2024,6,NYJ,BUF,66,Missed field goal,0,9,2
2024,6,BUF,NYJ,67,Field goal,3,11,4
2024,6,NYJ,BUF,70,Turnover,0,6,1
2024,6,BUF,NYJ,82,End of half,0,6,1
2024,6,CIN,NYG,69,Touchdown,7,8,3
2024,6,NYG,CIN,70,Punt,0,4,1
2024,6,CIN,NYG,97,Punt,0,3,0
2024,6,NYG,CIN,67,Turnover,0,8,4
2024,6,CIN,NYG,73,Punt,0,7,2
2024,6,NYG,CIN,86,Punt,0,4,1
2024,6,CIN,NYG,70,Punt,0,3,0
2024,6,NYG,CIN,83,Punt,0,7,2
2024,6,CIN,NYG,88,Punt,0,5,1
2024,6,NYG,CIN,91,Punt,0,3,0
2024,6,CIN,NYG,55,Punt,0,3,0
2024,6,NYG,CIN,80,End of half,0,1,0
2024,6,NYG,CIN,70,Turnover on downs,0,4,0
2024,6,CIN,NYG,38,Turnover,0,3,1
2024,6,NYG,CIN,79,Touchdown,7,16,7
2024,6,CIN,NYG,70,Field goal,3,9,3
2024,6,NYG,CIN,70,Missed field goal,0,11,3
2024,6,CIN,NYG,63,Punt,0,5,1
2024,6,NYG,CIN,89,Turnover on downs,0,10,3
2024,6,CIN,NYG,64,Touchdown,7,5,2
2024,6,NYG,CIN,70,Missed field goal,0,8,3
2024,6,CIN,NYG,65,End of half,0,2,0
2024,6,PHI,CLE,74,Punt,0,3,0
2024,6,CLE,PHI,67,Punt,0,3,0
2024,6,PHI,CLE,69,Punt,0,7,1
2024,6,CLE,PHI,84,Punt,0,9,3
2024,6,PHI,CLE,89,Field goal,3,14,4
2024,6,CLE,PHI,70,Punt,0,3,0
2024,6,PHI,CLE,84,Touchdown,7,10,4
2024,6,CLE,PHI,70,Field goal,3,10,3
2024,6,PHI,CLE,72,Opp touchdown,0,6,2
2024,6,PHI,CLE,70,End of half,0,1,0
2024,6,CLE,PHI,70,Missed field goal,0,8,2
2024,6,PHI,CLE,58,Punt,0,3,0
2024,6,CLE,PHI,93,Punt,0,3,0
2024,6,PHI,CLE,53,Field goal,3,7,2
2024,6,CLE,PHI,70,Field goal,3,12,3
2024,6,PHI,CLE,70,Touchdown,7,4,3
2024,6,CLE,PHI,70,Field goal,3,9,3
2024,6,PHI,CLE,76,End of half,0,10,3
2024,6,DAL,DET,70,Field goal,3,9,3
2024,6,DET,DAL,70,Touchdown,7,5,2
2024,6,DAL,DET,70,Turnover,0,9,3
2024,6,DET,DAL,80,Field goal,3,12,4
2024,6,DAL,DET,70,Punt,0,3,0
2024,6,DET,DAL,63,Touchdown,7,3,2
2024,6,DAL,DET,70,Punt,0,3,0
2024,6,DET,DAL,69,Field goal,3,11,3
2024,6,DAL,DET,70,Turnover on downs,0,4,0
2024,6,DET,DAL,38,Touchdown,7,6,3
2024,6,DAL,DET,30,Field goal,3,4,0
2024,6,DET,DAL,70,End of half,0,1,0
2024,6,DET,DAL,70,Touchdown,7,5,3
2024,6,DAL,DET,71,Field goal,3,10,3
2024,6,DET,DAL,59,Field goal,3,6,2
2024,6,DAL,DET,70,Turnover,0,4,1
2024,6,DET,DAL,72,Field goal,3,9,4
2024,6,DAL,DET,72,Turnover,0,4,0
2024,6,DET,DAL,4,Touchdown,7,1,1
2024,6,DAL,DET,59,Turnover,0,11,4
2024,6,DET,DAL,80,Turnover on downs,0,7,2
2024,6,DAL,DET,60,Turnover,0,7,2
2024,6,DET,DAL,67,End of half,0,4,1
2024,6,HOU,NE,65,Touchdown,7,11,6
2024,6,NE,HOU,77,Punt,0,3,0
2024,6,HOU,NE,45,Touchdown,7,8,4
2024,6,NE,HOU,70,Turnover,0,3,0
2024,6,HOU,NE,27,Missed field goal,0,4,0
2024,6,NE,HOU,70,Punt,0,4,1
2024,6,HOU,NE,81,Turnover,0,3,1
2024,6,NE,HOU,73,Punt,0,6,1
2024,6,HOU,NE,91,Punt,0,3,0
2024,6,NE,HOU,89,Punt,0,5,1
2024,6,HOU,NE,76,Punt,0,5,1
2024,6,NE,HOU,84,Touchdown,7,5,3
2024,6,HOU,NE,70,End of half,0,1,0
2024,6,NE,HOU,79,Turnover,0,2,0
2024,6,HOU,NE,10,Touchdown,7,2,1
2024,6,NE,HOU,74,Punt,0,3,0
2024,6,HOU,NE,80,Field goal,3,10,3
2024,6,NE,HOU,76,Turnover,0,1,0
2024,6,HOU,NE,31,Field goal,3,4,0
2024,6,NE,HOU,70,Touchdown,7,7,4
2024,6,HOU,NE,75,Punt,0,5,1
2024,6,NE,HOU,78,Turnover,0,1,0
2024,6,HOU,NE,26,Touchdown,7,2,1
2024,6,NE,HOU,70,Touchdown,7,8,4
2024,6,HOU,NE,70,Touchdown,7,4,2
2024,6,NE,HOU,72,Punt,0,4,1
2024,6,HOU,NE,78,Punt,0,3,0
2024,6,NE,HOU,44,End of half,0,11,2
2024,6,IND,TEN,70,Touchdown,7,10,4
2024,6,TEN,IND,75,Punt,0,3,0
2024,6,IND,TEN,64,Turnover,0,2,0
2024,6,TEN,IND,27,Touchdown,7,3,2
2024,6,IND,TEN,70,Punt,0,3,0
2024,6,TEN,IND,82,Field goal,3,15,5
2024,6,IND,TEN,85,Punt,0,6,1
2024,6,TEN,IND,80,Punt,0,5,1
2024,6,IND,TEN,71,Field goal,3,10,4
2024,6,TEN,IND,70,End of half,0,1,0
2024,6,TEN,IND,70,Touchdown,7,14,6
2024,6,IND,TEN,70,Field goal,3,15,5
2024,6,TEN,IND,70,Punt,0,3,0
2024,6,IND,TEN,75,Touchdown,7,11,5
2024,6,TEN,IND,70,Punt,0,3,0
2024,6,IND,TEN,74,Punt,0,3,0
2024,6,TEN,IND,70,Turnover,0,2,0
2024,6,IND,TEN,63,Punt,0,3,0
2024,6,TEN,IND,94,Punt,0,6,1
2024,6,IND,TEN,80,Punt,0,5,1
2024,6,TEN,IND,97,End of half,0,1,1
2024,6,CHI,JAX,75,Punt,0,3,0
2024,6,JAX,CHI,79,Field goal,3,14,5
2024,6,CHI,JAX,70,Punt,0,3,0
2024,6,JAX,CHI,79,Punt,0,5,1
2024,6,CHI,JAX,81,Touchdown,7,7,5
2024,6,JAX,CHI,57,Punt,0,3,0
2024,6,CHI,JAX,95,Turnover,0,8,2
2024,6,JAX,CHI,71,Punt,0,3,0
2024,6,CHI,JAX,85,Touchdown,7,10,6
2024,6,JAX,CHI,73,End of half,0,1,0
2024,6,JAX,CHI,66,Turnover,0,1,0
2024,6,CHI,JAX,41,Touchdown,7,7,3
2024,6,JAX,CHI,70,Touchdown,7,11,5
2024,6,CHI,JAX,70,Touchdown,7,10,6
2024,6,JAX,CHI,65,Turnover,0,3,0
2024,6,CHI,JAX,36,Touchdown,7,3,2
2024,6,JAX,CHI,70,Touchdown,7,17,6
2024,6,CHI,JAX,44,Missed field goal,0,8,1
2024,6,JAX,CHI,67,Punt,0,3,0
2024,6,CHI,JAX,85,End of half,0,3,0
2024,6,DEN,LAC,70,Turnover,0,3,0
2024,6,LAC,DEN,31,Field goal,3,9,2
2024,6,DEN,LAC,66,Punt,0,3,0
2024,6,LAC,DEN,83,Touchdown,7,6,3
2024,6,DEN,LAC,70,Punt,0,6,1
2024,6,LAC,DEN,91,Field goal,3,20,7
2024,6,DEN,LAC,70,Turnover,0,5,2
2024,6,LAC,DEN,56,Touchdown,7,11,4
2024,6,DEN,LAC,70,Punt,0,3,0
2024,6,LAC,DEN,74,End of half,0,1,0
2024,6,LAC,DEN,70,Punt,0,6,1
2024,6,DEN,LAC,82,Punt,0,7,2
2024,6,LAC,DEN,91,Field goal,3,11,3
2024,6,DEN,LAC,70,Punt,0,3,0
2024,6,LAC,DEN,45,Punt,0,3,0
2024,6,DEN,LAC,95,Touchdown,7,8,4
2024,6,LAC,DEN,70,Punt,0,3,0
2024,6,DEN,LAC,64,Touchdown,7,8,4
2024,6,LAC,DEN,70,Punt,0,6,2
2024,6,DEN,LAC,96,Field goal,3,8,4
2024,6,LAC,DEN,47,End of half,0,2,0
2024,6,PIT,LV,71,Field goal,3,9,3
2024,6,LV,PIT,70,Touchdown,7,10,6
2024,6,PIT,LV,70,Punt,0,3,0
2024,6,LV,PIT,75,Punt,0,3,0
2024,6,PIT,LV,74,Field goal,3,10,3
2024,6,LV,PIT,70,Punt,0,3,0
2024,6,PIT,LV,80,Punt,0,8,2
2024,6,LV,PIT,84,Turnover,0,4,1
2024,6,PIT,LV,30,Touchdown,7,6,2
2024,6,LV,PIT,70,Turnover on downs,0,5,1
2024,6,LV,PIT,70,Punt,0,6,1
2024,6,PIT,LV,9,Field goal,3,4,0
2024,6,LV,PIT,70,Punt,0,3,0
2024,6,PIT,LV,80,Touchdown,7,7,3
2024,6,LV,PIT,70,Turnover,0,9,3
2024,6,PIT,LV,89,Punt,0,8,2
2024,6,LV,PIT,87,Turnover,0,3,0
2024,6,PIT,LV,7,Touchdown,7,1,1
2024,6,LV,PIT,70,Touchdown,7,10,4
2024,6,PIT,LV,36,Field goal,3,6,1
2024,6,LV,PIT,70,Turnover on downs,0,4,0
2024,6,PIT,LV,35,End of half,0,4,1
2024,6,SEA,SF,64,Turnover,0,6,1
2024,6,SF,SEA,97,Field goal,3,13,4
2024,6,SEA,SF,90,Punt,0,6,1
2024,6,SF,SEA,76,Punt,0,3,0
2024,6,SEA,SF,71,Punt,0,3,0
2024,6,SF,SEA,76,Touchdown,7,1,1
2024,6,SF,SEA,29,Field goal,3,4,0
2024,6,SEA,SF,70,Punt,0,3,0
2024,6,SF,SEA,94,Field goal,3,14,5
2024,6,SEA,SF,71,Field goal,3,11,4
2024,6,SF,SEA,70,Touchdown,7,9,4
2024,6,SF,SEA,69,Punt,0,4,1
2024,6,SEA,SF,94,Touchdown,7,13,6
2024,6,SF,SEA,74,Punt,0,3,0
2024,6,SEA,SF,82,Punt,0,5,1
2024,6,SF,SEA,88,Punt,0,6,3
2024,6,SEA,SF,97,Turnover,0,4,2
2024,6,SF,SEA,15,Touchdown,7,3,1
2024,6,SEA,SF,70,Touchdown,7,15,6
2024,6,SF,SEA,81,Touchdown,7,3,2
2024,6,SEA,SF,51,Turnover on downs,0,8,1
2024,6,SF,SEA,61,End of half,0,1,0
2024,6,TB,NO,74,Touchdown,7,8,5
2024,6,NO,TB,70,Opp touchdown,0,3,1
2024,6,NO,TB,70,Punt,0,3,0
2024,6,TB,NO,79,Field goal,3,8,4
2024,6,NO,TB,80,Field goal,3,11,3
2024,6,TB,NO,76,Opp touchdown,0,3,0
2024,6,TB,NO,75,Turnover,0,2,0
2024,6,NO,TB,28,Field goal,3,6,1
2024,6,TB,NO,72,Turnover,0,2,0
2024,6,NO,TB,10,Touchdown,7,1,1
2024,6,TB,NO,76,Touchdown,7,6,2
2024,6,NO,TB,70,Touchdown,7,7,3
2024,6,TB,NO,70,Turnover,0,5,1
2024,6,NO,TB,60,Punt,0,5,2
2024,6,TB,NO,90,End of half,0,5,3
2024,6,NO,TB,70,Punt,0,7,2
2024,6,TB,NO,92,Punt,0,3,0
2024,6,NO,TB,53,Punt,0,3,0
2024,6,TB,NO,92,Touchdown,7,7,4
2024,6,NO,TB,70,Punt,0,3,0
2024,6,TB,NO,67,Punt,0,3,0
2024,6,NO,TB,82,Turnover,0,3,1
2024,6,TB,NO,58,Touchdown,7,5,4
2024,6,NO,TB,71,Punt,0,3,0
2024,6,TB,NO,71,Touchdown,7,10,5
2024,6,NO,TB,70,Turnover,0,5,2
2024,6,TB,NO,64,Touchdown,7,6,3
2024,6,NO,TB,70,End of half,0,8,3
2024,6,BAL,WAS,66,Turnover,0,4,1
2024,6,WAS,BAL,49,Field goal,3,7,1
2024,6,BAL,WAS,70,Field goal,3,10,3
2024,6,WAS,BAL,70,Punt,0,3,0
2024,6,BAL,WAS,80,Punt,0,3,0
2024,6,BAL,WAS,93,Touchdown,7,9,6
2024,6,WAS,BAL,70,Touchdown,7,8,5
2024,6,BAL,WAS,78,Touchdown,7,10,6
2024,6,WAS,BAL,70,Missed field goal,0,6,2
2024,6,WAS,BAL,70,Field goal,3,6,1
2024,6,BAL,WAS,70,Field goal,3,8,2
2024,6,WAS,BAL,69,Punt,0,4,1
2024,6,BAL,WAS,94,Touchdown,7,8,5
2024,6,WAS,BAL,70,Touchdown,7,12,5
2024,6,BAL,WAS,78,Field goal,3,9,3
2024,6,WAS,BAL,70,Field goal,3,8,2
2024,6,BAL,WAS,70,End of half,0,7,2
2024,7,TB,BAL,70,Touchdown,7,8,3
2024,7,BAL,TB,65,Punt,0,6,2
2024,7,TB,BAL,80,Field goal,3,11,5
2024,7,BAL,TB,70,Touchdown,7,6,5
2024,7,TB,BAL,70,Turnover,0,11,4
2024,7,BAL,TB,80,Touchdown,7,4,3
2024,7,TB,BAL,70,Turnover,0,4,1
2024,7,BAL,TB,60,Field goal,3,10,3
2024,7,TB,BAL,70,End of half,0,1,0
2024,7,BAL,TB,58,Field goal,3,5,1
2024,7,TB,BAL,70,Missed field goal,0,7,2
2024,7,BAL,TB,55,Touchdown,7,4,2
2024,7,TB,BAL,70,Punt,0,4,1
2024,7,BAL,TB,92,Touchdown,7,5,2
2024,7,TB,BAL,70,Punt,0,4,0
2024,7,BAL,TB,70,Turnover,0,5,1
2024,7,TB,BAL,30,Touchdown,7,5,2
2024,7,BAL,TB,70,Touchdown,7,8,3
2024,7,TB,BAL,70,Touchdown,7,9,4
2024,7,BAL,TB,48,Touchdown,7,7,3
2024,7,TB,BAL,52,Touchdown,7,7,3
2024,7,BAL,TB,48,Punt,0,3,0
2024,7,TB,BAL,75,End of half,0,9,3
2024,7,CAR,WAS,86,Opp touchdown,0,8,3
2024,7,CAR,WAS,65,Punt,0,3,0
2024,7,WAS,CAR,90,Field goal,3,11,4
2024,7,CAR,WAS,75,Turnover,0,2,1
2024,7,WAS,CAR,46,Punt,0,3,0
2024,7,CAR,WAS,89,Punt,0,3,0
2024,7,WAS,CAR,59,Touchdown,7,4,3
2024,7,CAR,WAS,79,Turnover on downs,0,7,1
2024,7,WAS,CAR,38,Field goal,3,5,1
2024,7,CAR,WAS,68,Punt,0,4,1
2024,7,WAS,CAR,92,Touchdown,7,8,6
2024,7,CAR,WAS,70,End of half,0,1,0
2024,7,WAS,CAR,59,Touchdown,7,10,5
2024,7,CAR,WAS,76,Punt,0,3,0
2024,7,WAS,CAR,68,Field goal,3,10,3
2024,7,CAR,WAS,70,Touchdown,7,9,4
2024,7,WAS,CAR,70,Field goal,3,12,3
2024,7,CAR,WAS,70,Punt,0,3,0
2024,7,WAS,CAR,76,End of half,0,4,1
2024,7,CLE,CIN,76,Punt,0,3,0
2024,7,CIN,CLE,79,Punt,0,3,0
2024,7,CLE,CIN,63,Missed field goal,0,10,2
2024,7,CIN,CLE,61,Turnover on downs,0,6,1
2024,7,CLE,CIN,58,Punt,0,3,0
2024,7,CIN,CLE,90,Punt,0,5,2
2024,7,CLE,CIN,91,Punt,0,4,1
2024,7,CIN,CLE,56,Punt,0,3,0
2024,7,CLE,CIN,91,Punt,0,4,1
2024,7,CIN,CLE,71,Punt,0,4,1
2024,7,CLE,CIN,78,Touchdown,7,12,5
2024,7,CIN,CLE,70,Punt,0,3,1
2024,7,CLE,CIN,80,End of half,0,1,0
2024,7,CLE,CIN,92,Turnover on downs,0,8,2
2024,7,CIN,CLE,65,Touchdown,7,5,3
2024,7,CLE,CIN,70,Turnover,0,2,0
2024,7,CIN,CLE,43,Punt,0,3,0
2024,7,CLE,CIN,89,Punt,0,5,1
2024,7,CLE,CIN,70,Punt,0,3,0
2024,7,CIN,CLE,83,Punt,0,6,1
2024,7,CLE,CIN,81,Punt,0,8,2
2024,7,CIN,CLE,97,Punt,0,5,1
2024,7,CLE,CIN,48,Turnover,0,3,0
2024,7,CIN,CLE,30,Missed field goal,0,4,0
2024,7,CLE,CIN,60,Touchdown,7,12,4
2024,7,CIN,CLE,43,End of half,0,3,0
2024,7,DEN,NO,65,Punt,0,6,2
2024,7,NO,DEN,92,Punt,0,4,1
2024,7,DEN,NO,80,Field goal,3,9,3
2024,7,NO,DEN,68,Turnover,0,4,1
2024,7,DEN,NO,55,Field goal,3,10,4
2024,7,NO,DEN,70,Punt,0,3,1
2024,7,DEN,NO,86,Touchdown,7,8,5
2024,7,NO,DEN,79,Field goal,3,11,2
2024,7,DEN,NO,72,Field goal,3,10,2
2024,7,NO,DEN,70,End of half,0,3,0
2024,7,NO,DEN,70,Punt,0,3,0
2024,7,DEN,NO,66,Field goal,3,7,2
2024,7,NO,DEN,70,Punt,0,3,0
2024,7,DEN,NO,69,Touchdown,7,5,3
2024,7,NO,DEN,81,Punt,0,8,2
2024,7,DEN,NO,79,Punt,0,3,0
2024,7,NO,DEN,76,Punt,0,7,2
2024,7,DEN,NO,85,Punt,0,3,0
2024,7,NO,DEN,48,Turnover on downs,0,4,0
2024,7,DEN,NO,60,Turnover,0,2,1
2024,7,NO,DEN,47,Opp touchdown,0,6,1
2024,7,NO,DEN,79,Touchdown,7,11,5
2024,7,DEN,NO,38,End of half,0,2,0
2024,7,DET,MIN,70,Turnover on downs,0,4,0
2024,7,MIN,DET,34,Touchdown,7,2,1
2024,7,DET,MIN,70,Punt,0,3,0
2024,7,MIN,DET,80,Field goal,3,9,2
2024,7,DET,MIN,70,Punt,0,3,0
2024,7,MIN,DET,80,Punt,0,3,0
2024,7,DET,MIN,69,Touchdown,7,5,3
2024,7,MIN,DET,71,Punt,0,4,1
2024,7,DET,MIN,83,Touchdown,7,5,4
2024,7,MIN,DET,75,Turnover,0,5,2
2024,7,DET,MIN,72,Touchdown,7,9,4
2024,7,MIN,DET,80,End of half,0,2,1
2024,7,MIN,DET,80,Touchdown,7,9,4
2024,7,DET,MIN,70,Touchdown,7,9,4
2024,7,MIN,DET,70,Field goal,3,9,2
2024,7,DET,MIN,70,Punt,0,6,1
2024,7,MIN,DET,91,Field goal,3,7,2
2024,7,DET,MIN,70,Opp touchdown,0,2,0
2024,7,DET,MIN,70,Punt,0,3,0
2024,7,MIN,DET,78,Punt,0,3,0
2024,7,DET,MIN,70,Field goal,3,8,3
2024,7,MIN,DET,70,End of half,0,2,1
2024,7,GB,HOU,80,Turnover,0,4,1
2024,7,HOU,GB,11,Field goal,3,4,0
2024,7,GB,HOU,75,Punt,0,3,0
2024,7,HOU,GB,80,Punt,0,7,2
2024,7,GB,HOU,92,Touchdown,7,13,6
2024,7,HOU,GB,70,Punt,0,3,0
2024,7,HOU,GB,11,Touchdown,7,2,1
2024,7,GB,HOU,70,Touchdown,7,6,3
2024,7,HOU,GB,57,Field goal,3,9,2
2024,7,GB,HOU,66,Turnover,0,1,0
2024,7,HOU,GB,55,Touchdown,7,5,3
2024,7,GB,HOU,70,Punt,0,3,0
2024,7,HOU,GB,80,End of half,0,1,0
2024,7,HOU,GB,70,Punt,0,3,0
2024,7,GB,HOU,71,Touchdown,7,9,5
2024,7,HOU,GB,70,Punt,0,3,0
2024,7,GB,HOU,96,Punt,0,3,0
2024,7,HOU,GB,75,Punt,0,6,2
2024,7,GB,HOU,85,Punt,0,3,0
2024,7,HOU,GB,68,Punt,0,5,1
2024,7,GB,HOU,80,Punt,0,4,0
2024,7,HOU,GB,62,Field goal,3,13,4
2024,7,GB,HOU,70,Field goal,3,8,3
2024,7,SF,KC,70,Punt,0,3,0
2024,7,KC,SF,85,Turnover on downs,0,7,1
2024,7,SF,KC,45,Turnover,0,1,0
2024,7,KC,SF,58,Turnover,0,6,2
2024,7,SF,KC,68,Punt,0,3,0
2024,7,KC,SF,92,Punt,0,3,0
2024,7,SF,KC,59,Field goal,3,4,1
2024,7,KC,SF,70,Touchdown,7,7,5
2024,7,SF,KC,70,Punt,0,3,0
2024,7,KC,SF,30,Touchdown,7,7,3
2024,7,SF,KC,70,Punt,0,4,1
2024,7,KC,SF,86,Punt,0,5,1
2024,7,SF,KC,90,Field goal,3,9,3
2024,7,KC,SF,71,Turnover,0,3,0
2024,7,SF,KC,23,Touchdown,7,7,3
2024,7,KC,SF,67,Punt,0,3,0
2024,7,SF,KC,80,Turnover,0,7,2
2024,7,KC,SF,79,Touchdown,7,13,5
2024,7,SF,KC,70,Turnover,0,9,3
2024,7,KC,SF,80,Touchdown,7,12,5
2024,7,SF,KC,65,Touchdown,7,8,6
2024,7,KC,SF,39,End of half,0,2,0
2024,7,ARI,LAC,70,Turnover,0,6,2
2024,7,ARI,LAC,72,Punt,0,3,0
2024,7,LAC,ARI,88,Turnover,0,6,3
2024,7,ARI,LAC,80,Punt,0,7,3
2024,7,LAC,ARI,90,Field goal,3,13,4
2024,7,ARI,LAC,79,Touchdown,7,10,6
2024,7,LAC,ARI,70,Punt,0,3,0
2024,7,ARI,LAC,73,Punt,0,5,1
2024,7,LAC,ARI,89,Field goal,3,9,3
2024,7,LAC,ARI,70,Punt,0,7,2
2024,7,ARI,LAC,93,Turnover on downs,0,8,2
2024,7,LAC,ARI,55,Field goal,3,10,2
2024,7,ARI,LAC,70,Touchdown,7,4,3
2024,7,LAC,ARI,70,Field goal,3,6,1
2024,7,ARI,LAC,70,Punt,0,6,2
2024,7,LAC,ARI,99,Field goal,3,15,5
2024,7,ARI,LAC,70,Field goal,3,7,3
2024,7,LV,LA,70,Punt,0,6,1
2024,7,LA,LV,89,Punt,0,7,2
2024,7,LV,LA,92,Punt,0,7,2
2024,7,LA,LV,76,Punt,0,4,1
2024,7,LV,LA,76,Field goal,3,9,3
2024,7,LA,LV,70,Turnover on downs,0,6,1
2024,7,LV,LA,51,Punt,0,3,0
2024,7,LA,LV,80,Punt,0,3,0
2024,7,LV,LA,72,Turnover,0,4,1
2024,7,LA,LV,47,Touchdown,7,4,3
2024,7,LV,LA,70,Opp touchdown,0,5,1
2024,7,LV,LA,70,Field goal,3,8,3
2024,7,LA,LV,70,Punt,0,3,0
2024,7,LV,LA,90,Punt,0,3,0
2024,7,LA,LV,60,Punt,0,5,1
2024,7,LV,LA,80,Turnover,0,3,0
2024,7,LA,LV,31,Touchdown,7,2,3
2024,7,LV,LA,70,Field goal,3,10,3
2024,7,LA,LV,70,Turnover,0,4,1
2024,7,LV,LA,14,Field goal,3,4,0
2024,7,LA,LV,70,Missed field goal,0,9,2
2024,7,LV,LA,75,Field goal,3,15,6
2024,7,LA,LV,70,Punt,0,4,1
2024,7,LV,LA,89,Turnover,0,3,0
2024,7,LA,LV,32,End of half,0,2,0
2024,7,IND,MIA,70,Punt,0,3,0
2024,7,MIA,IND,73,Punt,0,3,0
2024,7,IND,MIA,90,Punt,0,3,0
2024,7,MIA,IND,58,Touchdown,7,11,5
2024,7,IND,MIA,83,Turnover,0,11,4
2024,7,MIA,IND,84,Punt,0,7,2
2024,7,IND,MIA,78,Punt,0,3,0
2024,7,MIA,IND,73,Punt,0,8,1
2024,7,IND,MIA,69,Punt,0,5,1
2024,7,MIA,IND,80,Field goal,3,9,3
2024,7,IND,MIA,70,Field goal,3,4,1
2024,7,MIA,IND,70,Punt,0,4,1
2024,7,IND,MIA,85,Punt,0,3,0
2024,7,MIA,IND,62,Turnover,0,1,0
2024,7,IND,MIA,28,Touchdown,7,4,3
2024,7,MIA,IND,70,Punt,0,3,0
2024,7,IND,MIA,85,Punt,0,3,0
2024,7,MIA,IND,55,Turnover,0,6,2
2024,7,IND,MIA,86,Punt,0,3,0
2024,7,MIA,IND,71,Punt,0,3,0
2024,7,IND,MIA,73,Field goal,3,12,5
2024,7,MIA,IND,77,Missed field goal,0,6,2
2024,7,IND,MIA,56,Field goal,3,9,2
2024,7,MIA,IND,70,Turnover on downs,0,9,2
2024,7,IND,MIA,67,End of half,0,1,0
2024,7,NE,JAX,68,Touchdown,7,11,4
2024,7,JAX,NE,70,Punt,0,5,1
2024,7,NE,JAX,85,Field goal,3,12,4
2024,7,JAX,NE,68,Touchdown,7,8,5
2024,7,NE,JAX,70,Punt,0,3,1
2024,7,JAX,NE,82,Touchdown,7,6,3
2024,7,NE,JAX,70,Opp touchdown,0,3,0
2024,7,NE,JAX,70,Punt,0,3,0
2024,7,JAX,NE,94,End of half,0,1,0
2024,7,JAX,NE,70,Field goal,3,12,5
2024,7,NE,JAX,70,Punt,0,5,1
2024,7,JAX,NE,90,Turnover on downs,0,17,6
2024,7,NE,JAX,94,Touchdown,7,9,4
2024,7,JAX,NE,70,Punt,0,8,2
2024,7,NE,JAX,88,Turnover on downs,0,5,1
2024,7,JAX,NE,10,Touchdown,7,3,1
2024,7,NE,JAX,70,End of half,0,4,2
2024,7,PIT,NYJ,70,Field goal,3,7,2
2024,7,NYJ,PIT,78,Punt,0,3,0
2024,7,PIT,NYJ,64,Punt,0,3,0
2024,7,NYJ,PIT,82,Touchdown,7,9,6
2024,7,PIT,NYJ,70,Punt,0,3,0
2024,7,NYJ,PIT,79,Punt,0,3,0
2024,7,PIT,NYJ,66,Punt,0,3,0
2024,7,NYJ,PIT,87,Punt,0,3,0
2024,7,PIT,NYJ,69,Field goal,3,9,2
2024,7,NYJ,PIT,72,Touchdown,7,6,3
2024,7,PIT,NYJ,70,Punt,0,4,1
2024,7,NYJ,PIT,93,Turnover,0,4,1
2024,7,PIT,NYJ,54,Touchdown,7,4,3
2024,7,NYJ,PIT,78,End of half,0,1,0
2024,7,NYJ,PIT,70,Punt,0,4,1
2024,7,PIT,NYJ,79,Field goal,3,11,3
2024,7,NYJ,PIT,77,Turnover,0,2,0
2024,7,PIT,NYJ,1,Touchdown,7,1,1
2024,7,NYJ,PIT,74,Missed field goal,0,11,3
2024,7,PIT,NYJ,75,Touchdown,7,11,5
2024,7,NYJ,PIT,70,Turnover on downs,0,9,2
2024,7,PIT,NYJ,75,Touchdown,7,13,4
2024,7,NYJ,PIT,70,End of half,0,1,1
2024,7,NYG,PHI,65,Punt,0,4,1
2024,7,PHI,NYG,84,Punt,0,4,1
2024,7,NYG,PHI,80,Punt,0,4,1
2024,7,PHI,NYG,66,Punt,0,3,0
2024,7,NYG,PHI,62,Punt,0,3,0
2024,7,PHI,NYG,87,Punt,0,8,3
2024,7,NYG,PHI,81,Punt,0,6,2
2024,7,PHI,NYG,74,Touchdown,7,5,3
2024,7,NYG,PHI,70,Punt,0,3,0
2024,7,PHI,NYG,58,Touchdown,7,6,2
2024,7,NYG,PHI,70,Punt,0,3,0
2024,7,PHI,NYG,73,Punt,0,3,0
2024,7,NYG,PHI,59,Field goal,3,10,3
2024,7,PHI,NYG,70,End of half,0,1,0
2024,7,PHI,NYG,70,Punt,0,3,0
2024,7,NYG,PHI,80,Punt,0,3,0
2024,7,PHI,NYG,77,Touchdown,7,10,5
2024,7,NYG,PHI,70,Punt,0,8,2
2024,7,PHI,NYG,92,Touchdown,7,10,5
2024,7,NYG,PHI,70,Punt,0,3,0
2024,7,PHI,NYG,66,Punt,0,3,0
2024,7,NYG,PHI,83,Punt,0,5,1
2024,7,PHI,NYG,87,Punt,0,3,0
2024,7,NYG,PHI,63,Punt,0,3,0
2024,7,PHI,NYG,92,Punt,0,6,1
2024,7,NYG,PHI,67,End of half,0,1,0
2024,7,SEA,ATL,76,Field goal,3,11,4
2024,7,ATL,SEA,75,Punt,0,5,1
2024,7,SEA,ATL,88,Punt,0,8,3
2024,7,ATL,SEA,88,Missed field goal,0,11,4
2024,7,SEA,ATL,56,Touchdown,7,5,2
2024,7,ATL,SEA,70,Touchdown,7,9,4
2024,7,SEA,ATL,70,Punt,0,4,1
2024,7,ATL,SEA,90,Punt,0,4,1
2024,7,SEA,ATL,68,Touchdown,7,6,4
2024,7,ATL,SEA,70,End of half,0,1,0
2024,7,ATL,SEA,79,Touchdown,7,14,5
2024,7,SEA,ATL,63,Touchdown,7,9,4
2024,7,ATL,SEA,70,Punt,0,3,0
2024,7,SEA,ATL,74,Punt,0,5,1
2024,7,ATL,SEA,77,Opp touchdown,0,7,2
2024,7,ATL,SEA,70,Turnover,0,6,2
2024,7,SEA,ATL,59,Field goal,3,7,1
2024,7,ATL,SEA,70,Turnover,0,5,1
2024,7,SEA,ATL,63,Punt,0,3,0
2024,7,ATL,SEA,87,End of half,0,7,2
2024,7,BUF,TEN,70,Punt,0,3,0
2024,7,TEN,BUF,92,Punt,0,4,1
2024,7,BUF,TEN,73,Punt,0,3,0
2024,7,TEN,BUF,68,Field goal,3,13,4
2024,7,BUF,TEN,70,Punt,0,3,0
2024,7,TEN,BUF,75,Touchdown,7,8,4
2024,7,BUF,TEN,61,Touchdown,7,3,2
2024,7,TEN,BUF,70,Turnover,0,4,1
2024,7,BUF,TEN,46,Punt,0,5,1
2024,7,TEN,BUF,80,Punt,0,5,1
2024,7,BUF,TEN,76,Punt,0,3,0
2024,7,TEN,BUF,60,End of half,0,5,2
2024,7,TEN,BUF,64,Turnover on downs,0,4,0
2024,7,BUF,TEN,41,Touchdown,7,6,3
2024,7,TEN,BUF,70,Punt,0,4,2
2024,7,BUF,TEN,74,Field goal,3,9,3
2024,7,TEN,BUF,77,Punt,0,3,0
2024,7,BUF,TEN,56,Touchdown,7,6,3
2024,7,TEN,BUF,70,Punt,0,3,0
2024,7,BUF,TEN,71,Field goal,3,10,3
2024,7,TEN,BUF,70,Turnover,0,12,3
2024,7,BUF,TEN,84,Touchdown,7,5,3
2024,7,TEN,BUF,70,End of half,0,3,0
2024,8,MIA,ARI,64,Touchdown,7,10,5
2024,8,ARI,MIA,70,Punt,0,3,0
2024,8,MIA,ARI,75,Field goal,3,12,3
2024,8,ARI,MIA,70,Touchdown,7,9,5
2024,8,MIA,ARI,70,Punt,0,6,1
2024,8,ARI,MIA,80,Punt,0,11,3
2024,8,MIA,ARI,95,Field goal,3,13,4
2024,8,ARI,MIA,70,End of half,0,3,0
2024,8,ARI,MIA,70,Field goal,3,5,1
2024,8,MIA,ARI,70,Touchdown,7,6,3
2024,8,ARI,MIA,70,Punt,0,3,0
2024,8,MIA,ARI,87,Safety,0,2,0
2024,8,ARI,MIA,75,Touchdown,7,9,5
2024,8,MIA,ARI,70,Touchdown,7,9,4
2024,8,ARI,MIA,70,Touchdown,7,8,4
2024,8,MIA,ARI,70,Punt,0,8,2
2024,8,ARI,MIA,89,Field goal,3,13,4
2024,8,TB,ATL,70,Turnover,0,2,0
2024,8,ATL,TB,43,Touchdown,7,4,1
2024,8,TB,ATL,70,Touchdown,7,15,6
2024,8,ATL,TB,70,Punt,0,4,1
2024,8,TB,ATL,97,Touchdown,7,12,6
2024,8,ATL,TB,70,Touchdown,7,7,3
2024,8,TB,ATL,70,Punt,0,3,0
2024,8,ATL,TB,61,Touchdown,7,6,3
2024,8,TB,ATL,70,Field goal,3,7,1
2024,8,ATL,TB,70,Field goal,3,8,4
2024,8,TB,ATL,70,End of half,0,1,0
2024,8,ATL,TB,72,Punt,0,4,0
2024,8,TB,ATL,61,Turnover,0,5,2
2024,8,ATL,TB,92,Punt,0,8,2
2024,8,TB,ATL,69,Turnover on downs,0,4,0
2024,8,ATL,TB,36,Touchdown,7,6,3
2024,8,TB,ATL,70,Turnover,0,5,2
2024,8,ATL,TB,94,Safety,0,2,0
2024,8,TB,ATL,73,Touchdown,7,12,5
2024,8,ATL,TB,70,Missed field goal,0,13,3
2024,8,TB,ATL,64,End of half,0,7,2
2024,8,BAL,CLE,77,Turnover on downs,0,10,3
2024,8,CLE,BAL,90,Field goal,3,14,4
2024,8,BAL,CLE,71,Field goal,3,7,2
2024,8,CLE,BAL,70,Punt,0,4,1
2024,8,BAL,CLE,87,Punt,0,3,0
2024,8,CLE,BAL,67,Field goal,3,10,4
2024,8,BAL,CLE,81,Punt,0,3,0
2024,8,CLE,BAL,58,Turnover,0,3,0
2024,8,BAL,CLE,25,Touchdown,7,2,2
2024,8,CLE,BAL,74,End of half,0,1,0
2024,8,CLE,BAL,70,Touchdown,7,8,4
2024,8,BAL,CLE,74,Punt,0,4,1
2024,8,CLE,BAL,86,Punt,0,3,0
2024,8,BAL,CLE,62,Touchdown,7,6,3
2024,8,CLE,BAL,72,Touchdown,7,6,3
2024,8,BAL,CLE,71,Missed field goal,0,10,3
2024,8,CLE,BAL,60,Punt,0,3,0
2024,8,BAL,CLE,94,Punt,0,5,1
2024,8,CLE,BAL,62,Field goal,3,8,2
2024,8,BAL,CLE,91,Touchdown,7,6,4
2024,8,CLE,BAL,69,Touchdown,7,9,4
2024,8,BAL,CLE,70,Turnover on downs,0,8,3
2024,8,SEA,BUF,70,Punt,0,3,0
2024,8,BUF,SEA,90,Touchdown,7,14,7
2024,8,SEA,BUF,70,Punt,0,3,0
2024,8,BUF,SEA,88,Punt,0,6,2
2024,8,SEA,BUF,91,Field goal,3,13,6
2024,8,BUF,SEA,70,Turnover,0,3,0
2024,8,SEA,BUF,7,Turnover on downs,0,4,0
2024,8,BUF,SEA,93,Touchdown,7,12,6
2024,8,SEA,BUF,70,End of half,0,1,0
2024,8,BUF,SEA,77,Field goal,3,11,4
2024,8,SEA,BUF,70,Turnover,0,6,3
2024,8,BUF,SEA,51,Touchdown,7,7,4
2024,8,SEA,BUF,80,Punt,0,3,0
2024,8,BUF,SEA,73,Touchdown,7,7,5
2024,8,SEA,BUF,70,Touchdown,7,9,6
2024,8,BUF,SEA,85,Punt,0,3,0
2024,8,SEA,BUF,90,Punt,0,6,2
2024,8,BUF,SEA,75,Punt,0,3,0
2024,8,BUF,SEA,26,End of half,0,4,1
2024,8,DEN,CAR,70,Turnover,0,3,1
2024,8,CAR,DEN,49,Touchdown,7,10,4
2024,8,DEN,CAR,70,Punt,0,9,2
2024,8,CAR,DEN,99,Punt,0,3,0
2024,8,DEN,CAR,55,Touchdown,7,7,3
2024,8,CAR,DEN,70,Punt,0,4,0
2024,8,DEN,CAR,92,Touchdown,7,7,4
2024,8,CAR,DEN,70,Turnover on downs,0,5,1
2024,8,DEN,CAR,48,Touchdown,7,10,5
2024,8,CAR,DEN,70,Punt,0,3,0
2024,8,DEN,CAR,75,End of half,0,5,1
2024,8,CAR,DEN,70,Punt,0,3,0
2024,8,DEN,CAR,79,Punt,0,6,1
2024,8,CAR,DEN,80,Turnover on downs,0,4,0
2024,8,DEN,CAR,23,Touchdown,7,4,2
2024,8,CAR,DEN,70,Turnover,0,7,2
2024,8,DEN,CAR,61,Punt,0,3,0
2024,8,CAR,DEN,90,Punt,0,4,1
2024,8,DEN,CAR,67,Turnover on downs,0,7,1
2024,8,CAR,DEN,61,Turnover,0,7,2
2024,8,DEN,CAR,80,Turnover,0,11,3
2024,8,CAR,DEN,98,Touchdown,7,10,6
2024,8,DEN,CAR,47,End of half,0,1,0
2024,8,CHI,WAS,70,Punt,0,3,0
2024,8,WAS,CHI,64,Field goal,3,9,3
2024,8,CHI,WAS,71,Punt,0,6,2
2024,8,WAS,CHI,91,Field goal,3,12,3
2024,8,CHI,WAS,70,Punt,0,3,0
2024,8,WAS,CHI,83,Punt,0,4,1
2024,8,CHI,WAS,80,Turnover on downs,0,6,1
2024,8,WAS,CHI,40,Field goal,3,7,2
2024,8,CHI,WAS,71,Punt,0,10,3
2024,8,WAS,CHI,92,End of half,0,6,4
2024,8,WAS,CHI,70,Punt,0,8,2
2024,8,CHI,WAS,96,Punt,0,3,0
2024,8,WAS,CHI,41,Field goal,3,7,1
2024,8,CHI,WAS,70,Punt,0,5,1
2024,8,WAS,CHI,93,Punt,0,3,0
2024,8,CHI,WAS,59,Touchdown,7,2,1
2024,8,WAS,CHI,76,Missed field goal,0,6,2
2024,8,CHI,WAS,59,Punt,0,3,0
2024,8,WAS,CHI,91,Punt,0,8,2
2024,8,CHI,WAS,85,Turnover,0,9,3
2024,8,WAS,CHI,97,Punt,0,3,0
2024,8,CHI,WAS,62,Touchdown,7,10,4
2024,8,WAS,CHI,76,Touchdown,7,4,3
2024,8,DAL,SF,75,Punt,0,5,1
2024,8,SF,DAL,87,Field goal,3,7,1
2024,8,DAL,SF,68,Turnover,0,5,2
2024,8,SF,DAL,92,Punt,0,5,1
2024,8,DAL,SF,65,Touchdown,7,11,6
2024,8,SF,DAL,66,Turnover on downs,0,7,1
2024,8,DAL,SF,57,Field goal,3,8,2
2024,8,SF,DAL,65,Field goal,3,6,2
2024,8,DAL,SF,67,Punt,0,3,0
2024,8,SF,DAL,83,Punt,0,5,2
2024,8,DAL,SF,98,End of half,0,1,0
2024,8,SF,DAL,60,Touchdown,7,5,3
2024,8,DAL,SF,89,Turnover,0,3,0
2024,8,SF,DAL,32,Touchdown,7,7,3
2024,8,DAL,SF,74,Punt,0,3,0
2024,8,SF,DAL,75,Touchdown,7,9,4
2024,8,DAL,SF,60,Punt,0,3,0
2024,8,SF,DAL,83,Punt,0,3,0
2024,8,DAL,SF,70,Touchdown,7,10,4
2024,8,SF,DAL,69,Field goal,3,6,1
2024,8,DAL,SF,70,Touchdown,7,4,3
2024,8,SF,DAL,70,Punt,0,3,0
2024,8,DAL,SF,75,Turnover on downs,0,4,0
2024,8,SF,DAL,25,End of half,0,4,1
2024,8,GB,JAX,70,Punt,0,6,1
2024,8,JAX,GB,83,Punt,0,3,0
2024,8,GB,JAX,98,Punt,0,3,0
2024,8,GB,JAX,92,Turnover,0,11,5
2024,8,JAX,GB,94,Turnover,0,2,0
2024,8,GB,JAX,28,Touchdown,7,3,2
2024,8,JAX,GB,70,Punt,0,3,0
2024,8,GB,JAX,80,Field goal,3,6,1
2024,8,JAX,GB,70,Touchdown,7,6,4
2024,8,GB,JAX,70,Field goal,3,10,3
2024,8,JAX,GB,74,Field goal,3,6,2
2024,8,GB,JAX,70,End of half,0,1,0
2024,8,JAX,GB,70,Punt,0,3,0
2024,8,GB,JAX,80,Punt,0,4,1
2024,8,JAX,GB,93,Touchdown,7,10,5
2024,8,GB,JAX,80,Touchdown,7,8,4
2024,8,JAX,GB,89,Turnover,0,3,0
2024,8,GB,JAX,5,Touchdown,7,2,1
2024,8,JAX,GB,70,Punt,0,3,0
2024,8,GB,JAX,76,Punt,0,6,2
2024,8,JAX,GB,80,Field goal,3,8,3
2024,8,GB,JAX,70,Punt,0,3,0
2024,8,JAX,GB,87,Touchdown,7,8,5
2024,8,GB,JAX,70,Field goal,3,7,2
2024,8,HOU,IND,57,Field goal,3,9,2
2024,8,IND,HOU,40,Field goal,3,6,1
2024,8,HOU,IND,68,Punt,0,3,0
2024,8,IND,HOU,72,Punt,0,5,2
2024,8,HOU,IND,92,Punt,0,5,2
2024,8,IND,HOU,81,Touchdown,7,4,2
2024,8,HOU,IND,70,Touchdown,7,10,5
2024,8,IND,HOU,75,Punt,0,3,0
2024,8,HOU,IND,53,Punt,0,3,0
2024,8,IND,HOU,82,Punt,0,3,0
2024,8,HOU,IND,55,Punt,0,3,0
2024,8,IND,HOU,86,Punt,0,3,0
2024,8,HOU,IND,73,Punt,0,8,2
2024,8,IND,HOU,95,Turnover,0,3,0
2024,8,HOU,IND,7,Touchdown,7,1,1
2024,8,IND,HOU,67,End of half,0,1,0
2024,8,IND,HOU,70,Punt,0,6,2
2024,8,HOU,IND,92,Field goal,3,8,2
2024,8,IND,HOU,70,Field goal,3,10,3
2024,8,HOU,IND,70,Field goal,3,9,3
2024,8,IND,HOU,70,Touchdown,7,11,5
2024,8,HOU,IND,70,Turnover,0,9,4
2024,8,IND,HOU,82,Punt,0,3,0
2024,8,HOU,IND,62,Punt,0,3,0
2024,8,IND,HOU,91,Turnover,0,7,2
2024,8,KC,LV,70,Touchdown,7,9,4
2024,8,LV,KC,70,Touchdown,7,12,5
2024,8,KC,LV,70,Punt,0,5,1
2024,8,LV,KC,86,Field goal,3,10,3
2024,8,KC,LV,70,Touchdown,7,13,5
2024,8,LV,KC,70,Punt,0,3,0
2024,8,KC,LV,80,Field goal,3,9,4
2024,8,LV,KC,70,End of half,0,1,0
2024,8,LV,KC,70,Punt,0,3,0
2024,8,KC,LV,92,Punt,0,3,0
2024,8,LV,KC,28,Field goal,3,10,2
2024,8,KC,LV,92,Turnover,0,1,0
2024,8,LV,KC,3,Turnover on downs,0,4,0
2024,8,KC,LV,92,Field goal,3,19,6
2024,8,LV,KC,70,Turnover,0,2,0
2024,8,KC,LV,38,Touchdown,7,8,3
2024,8,LV,KC,70,Touchdown,7,13,5
2024,8,KC,LV,45,End of half,0,3,0
2024,8,MIN,LA,70,Touchdown,7,8,5
2024,8,LA,MIN,70,Touchdown,7,9,5
2024,8,MIN,LA,70,Touchdown,7,10,5
2024,8,LA,MIN,70,Touchdown,7,10,6
2024,8,MIN,LA,70,Punt,0,3,0
2024,8,LA,MIN,88,Punt,0,6,1
2024,8,MIN,LA,58,Punt,0,3,0
2024,8,LA,MIN,89,Punt,0,8,3
2024,8,MIN,LA,97,End of half,0,2,0
2024,8,LA,MIN,70,Turnover,0,6,1
2024,8,MIN,LA,73,Field goal,3,11,4
2024,8,LA,MIN,70,Touchdown,7,8,4
2024,8,MIN,LA,70,Field goal,3,9,2
2024,8,LA,MIN,70,Touchdown,7,10,5
2024,8,MIN,LA,70,Punt,0,4,1
2024,8,LA,MIN,81,Punt,0,6,1
2024,8,MIN,LA,95,Safety,0,2,0
2024,8,LA,MIN,33,End of half,0,3,0
2024,8,LAC,NO,75,Punt,0,3,0
2024,8,NO,LAC,79,Punt,0,4,1
2024,8,LAC,NO,80,Safety,0,4,0
2024,8,NO,LAC,66,Punt,0,3,0
2024,8,LAC,NO,83,Punt,0,6,2
2024,8,NO,LAC,84,Punt,0,4,1
2024,8,LAC,NO,84,Field goal,3,6,2
2024,8,NO,LAC,70,Punt,0,4,0
2024,8,LAC,NO,75,Punt,0,3,0
2024,8,NO,LAC,87,Punt,0,5,1
2024,8,LAC,NO,90,Touchdown,7,15,7
2024,8,NO,LAC,70,Field goal,3,9,2
2024,8,LAC,NO,70,End of half,0,1,0
2024,8,NO,LAC,60,Punt,0,3,0
2024,8,LAC,NO,90,Punt,0,4,1
2024,8,NO,LAC,95,Punt,0,4,1
2024,8,LAC,NO,61,Touchdown,7,2,1
2024,8,NO,LAC,70,Punt,0,6,2
2024,8,LAC,NO,80,Punt,0,3,0
2024,8,NO,LAC,70,Field goal,3,8,2
2024,8,LAC,NO,66,Field goal,3,7,2
2024,8,NO,LAC,70,Punt,0,4,1
2024,8,LAC,NO,93,Punt,0,3,0
2024,8,NO,LAC,54,Missed field goal,0,6,1
2024,8,LAC,NO,66,Touchdown,7,9,4
2024,8,NO,LAC,70,End of half,0,11,3
2024,8,PIT,NYG,70,Field goal,3,10,4
2024,8,NYG,PIT,70,Field goal,3,8,2
2024,8,PIT,NYG,70,Field goal,3,7,2
2024,8,NYG,PIT,66,Field goal,3,12,3
2024,8,PIT,NYG,70,Field goal,3,12,4
2024,8,NYG,PIT,70,Punt,0,3,0
2024,8,PIT,NYG,82,Punt,0,8,2
2024,8,NYG,PIT,83,Field goal,3,8,2
2024,8,PIT,NYG,70,End of half,0,3,1
2024,8,NYG,PIT,70,Punt,0,8,2
2024,8,PIT,NYG,84,Punt,0,3,0
2024,8,NYG,PIT,74,Opp touchdown,0,3,0
2024,8,NYG,PIT,70,Punt,0,3,0
2024,8,PIT,NYG,80,Touchdown,7,9,3
2024,8,NYG,PIT,55,Touchdown,7,5,2
2024,8,PIT,NYG,70,Field goal,3,7,2
2024,8,NYG,PIT,70,Field goal,3,8,2
2024,8,PIT,NYG,70,Turnover,0,2,0
2024,8,NYG,PIT,37,Turnover,0,5,1
2024,8,PIT,NYG,72,Punt,0,5,2
2024,8,NYG,PIT,93,Turnover,0,8,3
2024,8,PIT,NYG,66,End of half,0,1,0
2024,8,NE,NYJ,70,Punt,0,3,0
2024,8,NYJ,NE,47,Punt,0,3,0
2024,8,NE,NYJ,77,Touchdown,7,10,6
2024,8,NYJ,NE,70,Touchdown,7,7,5
2024,8,NE,NYJ,80,Punt,0,5,1
2024,8,NYJ,NE,60,Touchdown,7,8,5
2024,8,NE,NYJ,70,Punt,0,3,0
2024,8,NYJ,NE,85,Punt,0,9,2
2024,8,NE,NYJ,80,End of half,0,3,0
2024,8,NYJ,NE,70,Punt,0,3,0
2024,8,NE,NYJ,26,Touchdown,7,5,2
2024,8,NYJ,NE,70,Field goal,3,7,2
2024,8,NE,NYJ,70,Punt,0,6,1
2024,8,NYJ,NE,78,Punt,0,4,1
2024,8,NE,NYJ,91,Punt,0,3,0
2024,8,NYJ,NE,49,Missed field goal,0,6,1
2024,8,NE,NYJ,66,Field goal,3,14,5
2024,8,NYJ,NE,70,Touchdown,7,10,5
2024,8,NE,NYJ,70,Touchdown,7,12,4
2024,8,NYJ,NE,70,End of half,0,2,1
2024,8,CIN,PHI,70,Touchdown,7,17,6
2024,8,PHI,CIN,73,Field goal,3,10,3
2024,8,CIN,PHI,70,Field goal,3,11,3
2024,8,PHI,CIN,70,Punt,0,7,1
2024,8,CIN,PHI,80,Missed field goal,0,6,1
2024,8,PHI,CIN,56,Touchdown,7,12,6
2024,8,CIN,PHI,72,End of half,0,2,0
2024,8,PHI,CIN,70,Touchdown,7,8,4
2024,8,CIN,PHI,70,Touchdown,7,13,6
2024,8,PHI,CIN,70,Touchdown,7,3,2
2024,8,CIN,PHI,70,Turnover on downs,0,4,0
2024,8,PHI,CIN,37,Field goal,3,4,0
2024,8,CIN,PHI,70,Turnover,0,3,1
2024,8,PHI,CIN,85,Touchdown,7,12,7
2024,8,CIN,PHI,70,Turnover,0,1,0
2024,8,PHI,CIN,33,Field goal,3,6,1
2024,8,CIN,PHI,84,End of half,0,3,1
2024,8,DET,TEN,70,Punt,0,3,0
2024,8,TEN,DET,85,Turnover,0,4,1
2024,8,DET,TEN,23,Touchdown,7,2,2
2024,8,TEN,DET,71,Punt,0,4,1
2024,8,DET,TEN,83,Punt,0,4,1
2024,8,TEN,DET,75,Touchdown,7,4,3
2024,8,DET,TEN,70,Touchdown,7,1,1
2024,8,TEN,DET,70,Touchdown,7,7,4
2024,8,DET,TEN,25,Touchdown,7,3,3
2024,8,TEN,DET,70,Turnover,0,1,0
2024,8,DET,TEN,12,Touchdown,7,4,2
2024,8,TEN,DET,70,Punt,0,8,2
2024,8,DET,TEN,22,Touchdown,7,7,3
2024,8,TEN,DET,70,Turnover on downs,0,9,4
2024,8,DET,TEN,99,End of half,0,1,0
2024,8,TEN,DET,75,Opp touchdown,0,3,0
2024,8,TEN,DET,70,Punt,0,3,0
2024,8,DET,TEN,83,Punt,0,6,1
2024,8,TEN,DET,77,Turnover,0,1,0
2024,8,DET,TEN,26,Touchdown,7,3,2
2024,8,TEN,DET,70,Punt,0,3,0
2024,8,DET,TEN,81,Field goal,3,8,2
2024,8,TEN,DET,70,Turnover,0,7,3
2024,8,DET,TEN,78,Punt,0,3,0
2024,8,TEN,DET,87,Punt,0,5,1
2024,8,DET,TEN,72,Punt,0,3,0
2024,8,TEN,DET,90,End of half,0,12,4
2024,9,ARI,CHI,70,Punt,0,3,0
2024,9,CHI,ARI,79,Punt,0,10,3
2024,9,ARI,CHI,83,Punt,0,4,1
2024,9,CHI,ARI,84,Punt,0,3,0
2024,9,ARI,CHI,41,Touchdown,7,5,3
2024,9,CHI,ARI,80,Field goal,3,11,3
2024,9,ARI,CHI,70,Turnover,0,2,0
2024,9,CHI,ARI,46,Field goal,3,6,1
2024,9,ARI,CHI,70,Touchdown,7,12,6
2024,9,CHI,ARI,70,Field goal,3,10,3
2024,9,ARI,CHI,70,Touchdown,7,4,2
2024,9,CHI,ARI,70,End of half,0,1,0
2024,9,CHI,ARI,70,Punt,0,3,0
2024,9,ARI,CHI,80,Field goal,3,13,5
2024,9,CHI,ARI,70,Turnover on downs,0,10,2
2024,9,ARI,CHI,40,Field goal,3,4,0
2024,9,CHI,ARI,70,Punt,0,3,0
2024,9,ARI,CHI,80,Punt,0,5,1
2024,9,CHI,ARI,99,Safety,0,1,0
2024,9,ARI,CHI,36,Turnover,0,4,0
2024,9,CHI,ARI,74,Turnover on downs,0,9,2
2024,9,ARI,CHI,60,Punt,0,3,0
2024,9,CHI,ARI,81,End of half,0,6,2
2024,9,ATL,DAL,70,Punt,0,4,0
2024,9,DAL,ATL,75,Field goal,3,7,3
2024,9,ATL,DAL,78,Touchdown,7,7,5
2024,9,DAL,ATL,84,Punt,0,3,0
2024,9,ATL,DAL,49,Turnover,0,7,1
2024,9,DAL,ATL,67,Turnover on downs,0,6,1
2024,9,ATL,DAL,53,Touchdown,7,5,2
2024,9,DAL,ATL,70,Touchdown,7,9,6
2024,9,ATL,DAL,77,Punt,0,6,1
2024,9,DAL,ATL,77,Turnover on downs,0,6,1
2024,9,DAL,ATL,70,Turnover on downs,0,4,0
2024,9,ATL,DAL,38,Touchdown,7,5,3
2024,9,DAL,ATL,70,Punt,0,4,1
2024,9,ATL,DAL,99,Punt,0,6,1
2024,9,DAL,ATL,61,Field goal,3,9,2
2024,9,ATL,DAL,66,Touchdown,7,7,4
2024,9,DAL,ATL,70,Punt,0,5,1
2024,9,ATL,DAL,86,Punt,0,3,0
2024,9,DAL,ATL,56,Turnover on downs,0,9,2
2024,9,ATL,DAL,69,Punt,0,3,0
2024,9,DAL,ATL,86,Touchdown,7,14,6
2024,9,ATL,DAL,42,End of half,0,3,0
2024,9,DEN,BAL,70,Turnover,0,2,0
2024,9,BAL,DEN,36,Punt,0,3,0
2024,9,DEN,BAL,98,Turnover on downs,0,11,3
2024,9,BAL,DEN,57,Touchdown,7,7,3
2024,9,DEN,BAL,77,Turnover on downs,0,7,1
2024,9,BAL,DEN,67,Field goal,3,5,3
2024,9,DEN,BAL,70,Touchdown,7,11,6
2024,9,BAL,DEN,63,Touchdown,7,7,3
2024,9,DEN,BAL,70,Field goal,3,11,3
2024,9,BAL,DEN,70,Touchdown,7,2,3
2024,9,DEN,BAL,68,End of half,0,1,0
2024,9,BAL,DEN,70,Touchdown,7,11,6
2024,9,DEN,BAL,70,Punt,0,3,0
2024,9,BAL,DEN,79,Touchdown,7,10,6
2024,9,DEN,BAL,85,Punt,0,3,0
2024,9,BAL,DEN,39,Field goal,3,5,1
2024,9,DEN,BAL,65,Turnover on downs,0,11,5
2024,9,BAL,DEN,85,Punt,0,3,0
2024,9,DEN,BAL,60,Turnover on downs,0,9,2
2024,9,BAL,DEN,99,End of half,0,3,0
2024,9,GB,DET,75,Field goal,3,14,4
2024,9,DET,GB,70,Touchdown,7,13,5
2024,9,GB,DET,76,Punt,0,4,1
2024,9,DET,GB,91,Punt,0,4,1
2024,9,GB,DET,82,Missed field goal,0,9,4
2024,9,DET,GB,64,Field goal,3,10,3
2024,9,GB,DET,70,Opp touchdown,0,2,0
2024,9,GB,DET,70,End of half,0,3,2
2024,9,DET,GB,71,Touchdown,7,9,4
2024,9,GB,DET,70,Punt,0,3,0
2024,9,DET,GB,94,Punt,0,3,0
2024,9,GB,DET,75,Field goal,3,10,3
2024,9,DET,GB,61,Punt,0,3,0
2024,9,GB,DET,83,Turnover on downs,0,11,3
2024,9,DET,GB,91,Punt,0,6,1
2024,9,GB,DET,55,Touchdown,7,9,3
2024,9,DET,GB,53,End of half,0,8,3
2024,9,HOU,NYJ,84,Punt,0,6,1
2024,9,NYJ,HOU,89,Punt,0,3,0
2024,9,HOU,NYJ,53,Turnover,0,8,2
2024,9,NYJ,HOU,82,Punt,0,4,1
2024,9,HOU,NYJ,87,Punt,0,4,0
2024,9,NYJ,HOU,69,Turnover,0,6,3
2024,9,HOU,NYJ,80,Punt,0,3,0
2024,9,NYJ,HOU,81,Punt,0,3,0
2024,9,HOU,NYJ,98,Touchdown,7,14,8
2024,9,NYJ,HOU,70,Punt,0,4,1
2024,9,HOU,NYJ,71,Missed field goal,0,7,1
2024,9,NYJ,HOU,54,Punt,0,3,0
2024,9,HOU,NYJ,80,End of half,0,1,0
2024,9,NYJ,HOU,70,Touchdown,7,11,5
2024,9,HOU,NYJ,56,Field goal,3,9,2
2024,9,NYJ,HOU,70,Touchdown,7,12,4
2024,9,HOU,NYJ,74,Missed field goal,0,12,3
2024,9,NYJ,HOU,80,Touchdown,7,8,3
2024,9,HOU,NYJ,70,Field goal,3,15,4
2024,9,NYJ,HOU,43,End of half,0,1,0
2024,9,IND,MIN,70,Turnover,0,5,2
2024,9,MIN,IND,76,Turnover,0,11,5
2024,9,IND,MIN,80,Punt,0,4,1
2024,9,MIN,IND,76,Punt,0,6,2
2024,9,IND,MIN,80,Punt,0,3,0
2024,9,MIN,IND,75,Opp touchdown,0,5,2
2024,9,MIN,IND,70,Missed field goal,0,10,2
2024,9,IND,MIN,57,Missed field goal,0,8,2
2024,9,MIN,IND,57,Missed field goal,0,7,2
2024,9,IND,MIN,79,End of half,0,1,0
2024,9,MIN,IND,70,Touchdown,7,9,5
2024,9,IND,MIN,70,Punt,0,5,2
2024,9,MIN,IND,80,Touchdown,7,9,5
2024,9,IND,MIN,70,Turnover,0,7,2
2024,9,MIN,IND,77,Turnover,0,1,0
2024,9,IND,MIN,25,Field goal,3,4,0
2024,9,MIN,IND,70,Punt,0,6,2
2024,9,IND,MIN,79,Turnover on downs,0,9,2
2024,9,MIN,IND,60,Touchdown,7,8,4
2024,9,IND,MIN,70,Field goal,3,6,2
2024,9,MIN,IND,45,End of half,0,1,0
2024,9,PHI,JAX,70,Punt,0,6,1
2024,9,PHI,JAX,20,Touchdown,7,2,1
2024,9,JAX,PHI,70,Punt,0,6,1
2024,9,PHI,JAX,89,Punt,0,3,0
2024,9,JAX,PHI,59,Punt,0,3,0
2024,9,PHI,JAX,93,Field goal,3,15,4
2024,9,JAX,PHI,70,Turnover on downs,0,4,0
2024,9,PHI,JAX,39,Turnover on downs,0,5,1
2024,9,JAX,PHI,78,Punt,0,3,0
2024,9,PHI,JAX,76,Punt,0,3,0
2024,9,JAX,PHI,67,Turnover,0,1,0
2024,9,PHI,JAX,42,Touchdown,7,7,3
2024,9,JAX,PHI,70,End of half,0,1,0
2024,9,JAX,PHI,83,Punt,0,3,0
2024,9,PHI,JAX,78,Touchdown,7,7,4
2024,9,JAX,PHI,61,Touchdown,7,10,5
2024,9,PHI,JAX,70,Opp touchdown,0,1,0
2024,9,PHI,JAX,70,Turnover on downs,0,9,2
2024,9,JAX,PHI,75,Punt,0,6,1
2024,9,PHI,JAX,91,Touchdown,7,8,4
2024,9,JAX,PHI,70,Touchdown,7,9,5
2024,9,PHI,JAX,68,Missed field goal,0,6,1
2024,9,JAX,PHI,53,Turnover,0,5,2
2024,9,PHI,JAX,80,End of half,0,3,0
2024,9,LAC,CLE,70,Punt,0,4,1
2024,9,CLE,LAC,91,Punt,0,5,1
2024,9,LAC,CLE,30,Touchdown,7,6,2
2024,9,CLE,LAC,75,Punt,0,4,1
2024,9,LAC,CLE,95,Punt,0,3,0
2024,9,CLE,LAC,56,Punt,0,3,0
2024,9,LAC,CLE,79,Punt,0,3,0
2024,9,CLE,LAC,54,Field goal,3,10,4
2024,9,LAC,CLE,70,Touchdown,7,3,1
2024,9,CLE,LAC,77,Punt,0,3,0
2024,9,LAC,CLE,60,Touchdown,7,5,3
2024,9,CLE,LAC,70,Punt,0,3,0
2024,9,LAC,CLE,96,End of half,0,9,3
2024,9,CLE,LAC,70,Turnover,0,14,4
2024,9,LAC,CLE,80,Punt,0,3,0
2024,9,CLE,LAC,53,Punt,0,3,0
2024,9,LAC,CLE,90,Punt,0,3,0
2024,9,CLE,LAC,57,Turnover,0,4,1
2024,9,LAC,CLE,68,Punt,0,3,0
2024,9,CLE,LAC,63,Turnover on downs,0,5,1
2024,9,CLE,LAC,66,Turnover,0,3,1
2024,9,LAC,CLE,65,Punt,0,4,0
2024,9,CLE,LAC,78,Missed field goal,0,9,3
2024,9,LAC,CLE,46,Touchdown,7,4,2
2024,9,CLE,LAC,70,Touchdown,7,12,5
2024,9,LAC,CLE,70,End of half,0,2,0
2024,9,SEA,LA,70,Punt,0,9,2
2024,9,LA,SEA,89,Punt,0,3,0
2024,9,SEA,LA,60,Turnover,0,3,0
2024,9,SEA,LA,87,Punt,0,4,1
2024,9,LA,SEA,79,Punt,0,3,0
2024,9,SEA,LA,62,Punt,0,3,0
2024,9,LA,SEA,90,Punt,0,5,2
2024,9,SEA,LA,86,Punt,0,5,1
2024,9,LA,SEA,63,Field goal,3,11,3
2024,9,SEA,LA,70,Touchdown,7,9,4
2024,9,LA,SEA,75,Turnover,0,3,1
2024,9,SEA,LA,60,Touchdown,7,3,2
2024,9,LA,SEA,75,Touchdown,7,11,7
2024,9,SEA,LA,70,Punt,0,3,0
2024,9,LA,SEA,65,Field goal,3,12,4
2024,9,SEA,LA,69,Opp touchdown,0,8,3
2024,9,SEA,LA,70,Punt,0,3,0
2024,9,LA,SEA,71,Punt,0,3,0
2024,9,SEA,LA,19,Turnover,0,5,1
2024,9,LA,SEA,93,Punt,0,3,0
2024,9,SEA,LA,62,Punt,0,3,0
2024,9,LA,SEA,72,Punt,0,3,0
2024,9,SEA,LA,73,Touchdown,7,8,4
2024,9,LA,SEA,70,Punt,0,3,1
2024,9,SEA,LA,85,End of half,0,1,0
2024,9,SEA,LA,70,Turnover on downs,0,7,2
2024,9,LA,SEA,83,Touchdown,7,4,3
2024,9,LV,CIN,70,Touchdown,7,11,5
2024,9,CIN,LV,70,Touchdown,7,13,5
2024,9,LV,CIN,70,Punt,0,6,1
2024,9,CIN,LV,90,Field goal,3,14,4
2024,9,LV,CIN,70,Field goal,3,7,2
2024,9,CIN,LV,70,Touchdown,7,5,5
2024,9,LV,CIN,70,Punt,0,4,1
2024,9,CIN,LV,98,End of half,0,1,0
2024,9,CIN,LV,70,Touchdown,7,7,5
2024,9,LV,CIN,70,Turnover,0,4,1
2024,9,CIN,LV,21,Touchdown,7,5,2
2024,9,LV,CIN,70,Punt,0,3,0
2024,9,CIN,LV,77,Punt,0,3,0
2024,9,LV,CIN,74,Punt,0,3,0
2024,9,CIN,LV,71,Punt,0,6,1
2024,9,LV,CIN,80,Punt,0,3,0
2024,9,CIN,LV,80,Opp touchdown,0,2,1
2024,9,CIN,LV,74,Punt,0,3,0
2024,9,LV,CIN,67,Turnover on downs,0,12,3
2024,9,CIN,LV,64,Touchdown,7,6,2
2024,9,LV,CIN,70,Turnover,0,1,0
2024,9,CIN,LV,13,Field goal,3,7,1
2024,9,LV,CIN,70,Touchdown,7,6,3
2024,9,CIN,LV,78,End of half,0,1,0
2024,9,BUF,MIA,70,Punt,0,3,0
2024,9,MIA,BUF,83,Punt,0,5,1
2024,9,BUF,MIA,37,Field goal,3,7,1
2024,9,MIA,BUF,70,Field goal,3,9,3
2024,9,BUF,MIA,70,Turnover,0,8,4
2024,9,MIA,BUF,97,Touchdown,7,14,7
2024,9,BUF,MIA,70,Field goal,3,12,5
2024,9,MIA,BUF,68,End of half,0,1,0
2024,9,MIA,BUF,70,Turnover,0,3,1
2024,9,BUF,MIA,64,Touchdown,7,11,5
2024,9,MIA,BUF,70,Field goal,3,9,3
2024,9,BUF,MIA,70,Touchdown,7,2,1
2024,9,MIA,BUF,70,Touchdown,7,9,5
2024,9,BUF,MIA,70,Touchdown,7,10,6
2024,9,MIA,BUF,81,Touchdown,7,11,6
2024,9,BUF,MIA,70,Field goal,3,9,2
2024,9,MIA,BUF,70,End of half,0,1,0
2024,9,TEN,NE,75,Touchdown,7,8,5
2024,9,NE,TEN,70,Missed field goal,0,6,1
2024,9,TEN,NE,54,Punt,0,4,1
2024,9,NE,TEN,80,Punt,0,3,0
2024,9,TEN,NE,76,Punt,0,4,1
2024,9,NE,TEN,53,Turnover,0,3,0
2024,9,TEN,NE,40,Turnover,0,5,2
2024,9,NE,TEN,80,Field goal,3,11,3
2024,9,TEN,NE,77,Punt,0,8,2
2024,9,NE,TEN,85,Punt,0,4,1
2024,9,TEN,NE,52,Turnover on downs,0,6,2
2024,9,NE,TEN,70,Touchdown,7,12,7
2024,9,TEN,NE,70,Field goal,3,14,4
2024,9,NE,TEN,70,Punt,0,3,0
2024,9,TEN,NE,84,Punt,0,5,1
2024,9,NE,TEN,91,Turnover,0,6,2
2024,9,TEN,NE,26,Touchdown,7,5,2
2024,9,NE,TEN,70,Punt,0,5,1
2024,9,TEN,NE,86,Punt,0,3,0
2024,9,TEN,NE,78,Field goal,3,13,4
2024,9,NE,TEN,70,Turnover,0,3,1
2024,9,NO,CAR,78,Field goal,3,10,4
2024,9,CAR,NO,70,Punt,0,5,1
2024,9,NO,CAR,87,Field goal,3,11,4
2024,9,CAR,NO,70,Punt,0,4,1
2024,9,NO,CAR,92,Punt,0,3,0
2024,9,CAR,NO,40,Touchdown,7,8,3
2024,9,NO,CAR,78,Touchdown,7,9,6
2024,9,CAR,NO,70,Punt,0,5,1
2024,9,NO,CAR,88,Punt,0,3,0
2024,9,CAR,NO,28,Field goal,3,4,0
2024,9,NO,CAR,76,End of half,0,3,3
2024,9,CAR,NO,86,Touchdown,7,9,4
2024,9,NO,CAR,70,Field goal,3,12,2
2024,9,CAR,NO,75,Punt,0,3,0
2024,9,NO,CAR,70,Touchdown,7,11,4
2024,9,CAR,NO,83,Turnover,0,4,2
2024,9,NO,CAR,74,Punt,0,6,1
2024,9,CAR,NO,85,Punt,0,3,0
2024,9,NO,CAR,74,Punt,0,3,0
2024,9,CAR,NO,64,Touchdown,7,4,3
2024,9,NO,CAR,80,Turnover on downs,0,6,1
2024,9,CAR,NO,45,End of half,0,2,0
2024,9,KC,TB,70,Punt,0,10,3
2024,9,TB,KC,94,Punt,0,5,1
2024,9,KC,TB,55,Field goal,3,8,2
2024,9,TB,KC,70,Touchdown,7,11,5
2024,9,KC,TB,70,Touchdown,7,11,4
2024,9,TB,KC,80,Punt,0,3,0
2024,9,KC,TB,83,Turnover,0,6,2
2024,9,TB,KC,55,Punt,0,4,0
2024,9,KC,TB,83,End of half,0,3,1
2024,9,TB,KC,51,Touchdown,7,6,4
2024,9,KC,TB,70,Punt,0,3,0
2024,9,TB,KC,59,Field goal,3,8,2
2024,9,KC,TB,70,Touchdown,7,12,5
2024,9,TB,KC,70,Punt,0,3,0
2024,9,KC,TB,78,Touchdown,7,15,6
2024,9,TB,KC,70,Punt,0,3,0
2024,9,KC,TB,65,Punt,0,3,0
2024,9,TB,KC,71,Touchdown,7,10,5
2024,9,KC,TB,70,Punt,0,3,0
2024,9,KC,TB,70,Touchdown,7,10,5
2024,9,NYG,WAS,70,Punt,0,3,0
2024,9,WAS,NYG,70,Punt,0,3,0
2024,9,NYG,WAS,92,Turnover,0,6,4
2024,9,WAS,NYG,31,Touchdown,7,3,2
2024,9,NYG,WAS,73,Touchdown,7,16,7
2024,9,WAS,NYG,70,Touchdown,7,11,5
2024,9,NYG,WAS,67,Punt,0,3,0
2024,9,WAS,NYG,87,Touchdown,7,12,5
2024,9,WAS,NYG,70,Punt,0,3,0
2024,9,NYG,WAS,79,Field goal,3,15,5
2024,9,WAS,NYG,70,Field goal,3,10,3
2024,9,NYG,WAS,80,Touchdown,7,13,6
2024,9,WAS,NYG,65,Field goal,3,11,3
2024,9,NYG,WAS,74,Touchdown,7,4,3
2024,9,WAS,NYG,70,End of half,0,9,3
2024,10,ATL,NO,74,Punt,0,6,1
2024,10,NO,ATL,88,Turnover on downs,0,13,5
2024,10,ATL,NO,95,Punt,0,3,0
2024,10,NO,ATL,56,Field goal,3,11,3
2024,10,ATL,NO,70,Missed field goal,0,6,2
2024,10,NO,ATL,57,Touchdown,7,4,2
2024,10,ATL,NO,73,Touchdown,7,9,4
2024,10,NO,ATL,70,Touchdown,7,4,2
2024,10,ATL,NO,69,Missed field goal,0,11,3
2024,10,NO,ATL,75,End of half,0,1,0
2024,10,NO,ATL,72,Punt,0,3,0
2024,10,ATL,NO,76,Field goal,3,13,5
2024,10,NO,ATL,69,Field goal,3,6,2
2024,10,ATL,NO,63,Touchdown,7,4,2
2024,10,NO,ATL,70,Punt,0,3,0
2024,10,ATL,NO,81,Punt,0,3,0
2024,10,NO,ATL,62,Punt,0,3,0
2024,10,ATL,NO,90,Missed field goal,0,10,3
2024,10,NO,ATL,64,Punt,0,3,0
2024,10,ATL,NO,81,Turnover,0,6,2
2024,10,NO,ATL,62,Punt,0,3,0
2024,10,ATL,NO,86,Turnover on downs,0,6,3
2024,10,BUF,IND,78,Punt,0,4,1
2024,10,IND,BUF,91,Opp touchdown,0,1,0
2024,10,IND,BUF,70,Turnover,0,7,2
2024,10,BUF,IND,53,Field goal,3,9,2
2024,10,IND,BUF,70,Field goal,3,6,1
2024,10,BUF,IND,70,Turnover on downs,0,8,2
2024,10,IND,BUF,72,Touchdown,7,11,5
2024,10,BUF,IND,70,Turnover,0,1,0
2024,10,IND,BUF,33,Field goal,3,5,1
2024,10,BUF,IND,70,Touchdown,7,8,4
2024,10,IND,BUF,70,Punt,0,3,0
2024,10,BUF,IND,89,Field goal,3,8,2
2024,10,IND,BUF,70,Punt,0,3,0
2024,10,BUF,IND,77,Punt,0,7,1
2024,10,IND,BUF,97,Turnover,0,7,3
2024,10,BUF,IND,51,Turnover,0,1,0
2024,10,IND,BUF,40,Turnover on downs,0,7,1
2024,10,BUF,IND,70,Field goal,3,13,4
2024,10,IND,BUF,70,Turnover,0,3,2
2024,10,BUF,IND,84,Touchdown,7,13,5
2024,10,IND,BUF,70,Touchdown,7,10,4
2024,10,BUF,IND,70,End of half,0,1,0
2024,10,CIN,BAL,70,Touchdown,7,12,5
2024,10,BAL,CIN,70,Punt,0,3,0
2024,10,CIN,BAL,90,Turnover on downs,0,11,3
2024,10,BAL,CIN,59,Touchdown,7,9,5
2024,10,CIN,BAL,70,Punt,0,3,0
2024,10,BAL,CIN,84,Punt,0,3,0
2024,10,CIN,BAL,70,Punt,0,7,1
2024,10,BAL,CIN,80,Punt,0,3,0
2024,10,CIN,BAL,73,Touchdown,7,10,6
2024,10,BAL,CIN,70,End of half,0,4,1
2024,10,BAL,CIN,70,Punt,0,3,0
2024,10,CIN,BAL,67,Touchdown,7,1,1
2024,10,BAL,CIN,72,Punt,0,6,1
2024,10,CIN,BAL,92,Turnover,0,5,1
2024,10,BAL,CIN,31,Touchdown,7,5,3
2024,10,CIN,BAL,81,Punt,0,8,2
2024,10,BAL,CIN,92,Touchdown,7,3,1
2024,10,CIN,BAL,70,Turnover on downs,0,8,2
2024,10,BAL,CIN,65,Touchdown,7,7,4
2024,10,CIN,BAL,70,Touchdown,7,1,1
2024,10,BAL,CIN,70,Touchdown,7,11,5
2024,10,CIN,BAL,70,Touchdown,7,9,5
2024,10,BAL,CIN,42,End of half,0,1,0
2024,10,DEN,KC,70,Punt,0,3,0
2024,10,KC,DEN,79,Punt,0,9,2
2024,10,DEN,KC,80,Punt,0,5,1
2024,10,KC,DEN,60,Punt,0,3,0
2024,10,DEN,KC,80,Touchdown,7,9,5
2024,10,KC,DEN,70,Field goal,3,10,3
2024,10,DEN,KC,70,Touchdown,7,5,3
2024,10,KC,DEN,70,Touchdown,7,11,5
2024,10,DEN,KC,70,Missed field goal,0,8,2
2024,10,KC,DEN,73,Punt,0,3,0
2024,10,DEN,KC,57,Punt,0,3,0
2024,10,KC,DEN,75,Field goal,3,16,4
2024,10,DEN,KC,70,Punt,0,8,2
2024,10,KC,DEN,94,Punt,0,6,3
2024,10,DEN,KC,91,Punt,0,3,0
2024,10,KC,DEN,46,Field goal,3,10,2
2024,10,DEN,KC,60,Missed field goal,0,13,3
2024,10,DET,HOU,70,Turnover,0,5,1
2024,10,HOU,DET,33,Touchdown,7,8,3
2024,10,DET,HOU,70,Punt,0,3,0
2024,10,HOU,DET,57,Field goal,3,8,2
2024,10,DET,HOU,70,Touchdown,7,11,4
2024,10,HOU,DET,70,Field goal,3,5,1
2024,10,DET,HOU,70,Turnover,0,2,1
2024,10,HOU,DET,36,Field goal,3,8,2
2024,10,DET,HOU,70,Punt,0,3,0
2024,10,HOU,DET,67,Punt,0,3,0
2024,10,DET,HOU,81,Punt,0,3,0
2024,10,HOU,DET,66,Touchdown,7,6,3
2024,10,DET,HOU,70,Turnover,0,3,1
2024,10,HOU,DET,70,Turnover,0,1,0
2024,10,DET,HOU,31,Turnover,0,3,1
2024,10,HOU,DET,99,Punt,0,3,0
2024,10,DET,HOU,44,Touchdown,7,3,2
2024,10,HOU,DET,70,Turnover,0,5,1
2024,10,DET,HOU,80,Turnover,0,2,1
2024,10,HOU,DET,78,Punt,0,6,1
2024,10,DET,HOU,90,Punt,0,6,1
2024,10,HOU,DET,91,Punt,0,3,0
2024,10,DET,HOU,64,Touchdown,7,7,4
2024,10,HOU,DET,70,Punt,0,4,1
2024,10,DET,HOU,83,Field goal,3,7,2
2024,10,HOU,DET,70,Missed field goal,0,9,2
2024,10,DET,HOU,52,Field goal,3,6,1
2024,10,MIA,LA,70,Touchdown,7,5,3
2024,10,LA,MIA,70,Punt,0,3,0
2024,10,MIA,LA,82,Punt,0,3,0
2024,10,LA,MIA,51,Punt,0,3,0
2024,10,MIA,LA,84,Punt,0,6,1
2024,10,LA,MIA,67,Turnover,0,5,1
2024,10,MIA,LA,54,Field goal,3,5,1
2024,10,LA,MIA,84,Punt,0,5,1
2024,10,MIA,LA,64,Turnover,0,2,0
2024,10,LA,MIA,43,Turnover,0,1,0
2024,10,MIA,LA,61,Turnover,0,4,1
2024,10,LA,MIA,36,Field goal,3,6,1
2024,10,MIA,LA,70,Punt,0,5,1
2024,10,LA,MIA,91,Field goal,3,11,4
2024,10,LA,MIA,70,Missed field goal,0,9,3
2024,10,MIA,LA,53,Touchdown,7,6,3
2024,10,LA,MIA,74,Field goal,3,11,3
2024,10,MIA,LA,70,Field goal,3,11,3
2024,10,LA,MIA,70,Field goal,3,8,3
2024,10,MIA,LA,70,Field goal,3,8,2
2024,10,LA,MIA,70,Field goal,3,12,4
2024,10,MIA,LA,43,End of half,0,1,0
2024,10,JAX,MIN,70,Punt,0,3,0
2024,10,MIN,JAX,80,Field goal,3,12,4
2024,10,JAX,MIN,70,Touchdown,7,9,4
2024,10,MIN,JAX,70,Turnover,0,4,2
2024,10,JAX,MIN,78,Punt,0,3,0
2024,10,MIN,JAX,83,Turnover,0,17,7
2024,10,JAX,MIN,80,Punt,0,9,2
2024,10,MIN,JAX,82,Punt,0,3,0
2024,10,JAX,MIN,69,End of half,0,3,0
2024,10,MIN,JAX,70,Turnover,0,7,2
2024,10,JAX,MIN,84,Punt,0,4,1
2024,10,MIN,JAX,86,Field goal,3,14,6
2024,10,JAX,MIN,70,Punt,0,3,0
2024,10,MIN,JAX,84,Field goal,3,16,5
2024,10,JAX,MIN,70,Turnover,0,2,0
2024,10,MIN,JAX,25,Field goal,3,5,1
2024,10,JAX,MIN,70,Turnover,0,2,0
2024,10,MIN,JAX,47,Punt,0,3,0
2024,10,JAX,MIN,83,Turnover,0,5,3
2024,10,MIN,JAX,99,End of half,0,5,1
2024,10,NE,CHI,70,Punt,0,3,0
2024,10,CHI,NE,47,Punt,0,3,0
2024,10,NE,CHI,66,Field goal,3,11,3
2024,10,CHI,NE,60,Punt,0,7,2
2024,10,NE,CHI,80,Turnover,0,3,1
2024,10,CHI,NE,52,Punt,0,3,0
2024,10,NE,CHI,88,Punt,0,3,0
2024,10,CHI,NE,65,Field goal,3,12,4
2024,10,NE,CHI,70,Touchdown,7,10,4
2024,10,CHI,NE,70,Punt,0,5,1
2024,10,NE,CHI,60,Field goal,3,5,2
2024,10,CHI,NE,70,Punt,0,4,1
2024,10,NE,CHI,86,Punt,0,6,2
2024,10,CHI,NE,80,Punt,0,6,1
2024,10,NE,CHI,79,Punt,0,3,0
2024,10,CHI,NE,80,Punt,0,3,0
2024,10,NE,CHI,62,Punt,0,3,0
2024,10,CHI,NE,91,Punt,0,3,0
2024,10,NE,CHI,54,Field goal,3,10,3
2024,10,CHI,NE,66,Turnover on downs,0,8,1
2024,10,NE,CHI,46,Field goal,3,7,1
2024,10,CHI,NE,70,Turnover on downs,0,6,1
2024,10,NE,CHI,48,End of half,0,1,0
2024,10,CAR,NYG,72,Punt,0,3,0
2024,10,NYG,CAR,83,Punt,0,3,1
2024,10,CAR,NYG,90,Touchdown,7,8,4
2024,10,NYG,CAR,70,Punt,0,5,1
2024,10,CAR,NYG,91,Field goal,3,10,3
2024,10,NYG,CAR,60,Missed field goal,0,7,2
2024,10,CAR,NYG,67,Punt,0,3,0
2024,10,NYG,CAR,76,Punt,0,5,1
2024,10,CAR,NYG,90,Punt,0,3,0
2024,10,NYG,CAR,64,Turnover,0,8,3
2024,10,CAR,NYG,74,Punt,0,6,2
2024,10,NYG,CAR,91,End of half,0,1,0
2024,10,NYG,CAR,65,Touchdown,7,10,4
2024,10,CAR,NYG,80,Touchdown,7,10,5
2024,10,NYG,CAR,74,Punt,0,3,0
2024,10,CAR,NYG,53,Punt,0,3,0
2024,10,NYG,CAR,96,Touchdown,7,13,7
2024,10,CAR,NYG,70,Turnover,0,1,0
2024,10,NYG,CAR,22,Turnover,0,4,1
2024,10,CAR,NYG,91,Punt,0,3,0
2024,10,NYG,CAR,61,Punt,0,3,0
2024,10,CAR,NYG,81,Punt,0,6,1
2024,10,NYG,CAR,79,Field goal,3,12,4
2024,10,NYG,CAR,74,Turnover,0,1,0
2024,10,CAR,NYG,23,Field goal,3,4,0
2024,10,ARI,NYJ,70,Touchdown,7,6,3
2024,10,NYJ,ARI,70,Field goal,3,11,5
2024,10,ARI,NYJ,70,Touchdown,7,9,5
2024,10,NYJ,ARI,70,Field goal,3,12,3
2024,10,ARI,NYJ,70,Touchdown,7,10,5
2024,10,NYJ,ARI,70,Punt,0,3,0
2024,10,ARI,NYJ,68,Field goal,3,10,5
2024,10,NYJ,ARI,70,Turnover,0,10,4
2024,10,ARI,NYJ,88,Touchdown,7,10,6
2024,10,NYJ,ARI,70,Punt,0,6,1
2024,10,ARI,NYJ,85,Punt,0,6,2
2024,10,NYJ,ARI,73,Turnover on downs,0,15,4
2024,10,ARI,NYJ,89,End of half,0,7,2
2024,10,DAL,PHI,70,Punt,0,3,0
2024,10,PHI,DAL,70,Punt,0,6,2
2024,10,DAL,PHI,80,Turnover,0,1,0
2024,10,PHI,DAL,17,Touchdown,7,4,2
2024,10,DAL,PHI,60,Field goal,3,9,2
2024,10,PHI,DAL,77,Turnover,0,6,3
2024,10,DAL,PHI,80,Punt,0,3,0
2024,10,PHI,DAL,77,Punt,0,5,1
2024,10,DAL,PHI,80,Turnover,0,13,6
2024,10,PHI,DAL,80,Turnover,0,2,1
2024,10,DAL,PHI,6,Field goal,3,4,0
2024,10,PHI,DAL,84,Touchdown,7,7,4
2024,10,DAL,PHI,70,Punt,0,3,0
2024,10,PHI,DAL,87,End of half,0,1,0
2024,10,PHI,DAL,63,Punt,0,3,0
2024,10,DAL,PHI,89,Punt,0,3,0
2024,10,PHI,DAL,37,Touchdown,7,7,4
2024,10,DAL,PHI,70,Punt,0,3,0
2024,10,PHI,DAL,83,Touchdown,7,7,4
2024,10,DAL,PHI,70,Turnover,0,3,0
2024,10,PHI,DAL,21,Field goal,3,4,0
2024,10,DAL,PHI,70,Turnover,0,5,1
2024,10,PHI,DAL,29,Field goal,3,4,0
2024,10,DAL,PHI,70,Turnover,0,2,1
2024,10,PHI,DAL,74,Punt,0,3,0
2024,10,DAL,PHI,79,Punt,0,6,1
2024,10,PHI,DAL,79,End of half,0,8,3
2024,10,PIT,WAS,75,Punt,0,3,0
2024,10,WAS,PIT,85,Punt,0,3,0
2024,10,PIT,WAS,70,Touchdown,7,7,5
2024,10,WAS,PIT,70,Punt,0,3,0
2024,10,PIT,WAS,79,Turnover on downs,0,4,0
2024,10,WAS,PIT,15,Touchdown,7,3,2
2024,10,PIT,WAS,70,Punt,0,3,0
2024,10,WAS,PIT,71,Punt,0,3,0
2024,10,PIT,WAS,80,Punt,0,5,1
2024,10,PIT,WAS,14,Touchdown,7,5,2
2024,10,WAS,PIT,70,Field goal,3,6,3
2024,10,PIT,WAS,65,Punt,0,6,1
2024,10,WAS,PIT,94,Touchdown,7,15,8
2024,10,PIT,WAS,71,End of half,0,1,0
2024,10,WAS,PIT,71,Touchdown,7,5,3
2024,10,PIT,WAS,75,Touchdown,7,9,5
2024,10,WAS,PIT,54,Punt,0,3,0
2024,10,PIT,WAS,93,Punt,0,4,0
2024,10,WAS,PIT,42,Field goal,3,7,1
2024,10,PIT,WAS,76,Turnover,0,3,0
2024,10,WAS,PIT,74,Punt,0,4,1
2024,10,PIT,WAS,87,Turnover,0,14,4
2024,10,WAS,PIT,99,Punt,0,3,0
2024,10,PIT,WAS,46,Touchdown,7,6,2
2024,10,WAS,PIT,65,Turnover on downs,0,6,1
2024,10,PIT,WAS,58,End of half,0,5,1
2024,10,SF,TB,70,Punt,0,6,2
2024,10,TB,SF,96,Punt,0,6,1
2024,10,SF,TB,71,Touchdown,7,6,3
2024,10,TB,SF,70,Punt,0,4,1
2024,10,SF,TB,87,Field goal,3,14,4
2024,10,TB,SF,70,Field goal,3,13,4
2024,10,SF,TB,68,Missed field goal,0,5,1
2024,10,TB,SF,61,Punt,0,3,0
2024,10,SF,TB,92,End of half,0,1,0
2024,10,TB,SF,70,Punt,0,3,0
2024,10,TB,SF,21,Touchdown,7,4,2
2024,10,SF,TB,70,Field goal,3,13,5
2024,10,TB,SF,70,Touchdown,7,10,5
2024,10,SF,TB,70,Missed field goal,0,5,1
2024,10,TB,SF,60,Punt,0,3,0
2024,10,SF,TB,64,Touchdown,7,6,4
2024,10,TB,SF,70,Punt,0,3,0
2024,10,SF,TB,61,Missed field goal,0,5,1
2024,10,TB,SF,66,Field goal,3,11,5
2024,10,SF,TB,65,Field goal,3,6,3
2024,10,LAC,TEN,70,Field goal,3,12,5
2024,10,TEN,LAC,72,Touchdown,7,7,4
2024,10,LAC,TEN,70,Punt,0,3,0
2024,10,TEN,LAC,84,Punt,0,3,0
2024,10,LAC,TEN,76,Field goal,3,9,4
2024,10,TEN,LAC,72,Missed field goal,0,9,4
2024,10,LAC,TEN,61,Touchdown,7,8,3
2024,10,TEN,LAC,70,Punt,0,3,0
2024,10,LAC,TEN,87,Punt,0,4,1
2024,10,TEN,LAC,52,End of half,0,1,1
2024,10,TEN,LAC,70,Field goal,3,11,4
2024,10,LAC,TEN,43,Touchdown,7,7,3
2024,10,TEN,LAC,70,Punt,0,5,1
2024,10,LAC,TEN,95,Touchdown,7,11,7
2024,10,TEN,LAC,69,Punt,0,5,1
2024,10,LAC,TEN,82,Punt,0,3,0
2024,10,TEN,LAC,61,Touchdown,7,9,4
2024,10,LAC,TEN,46,End of half,0,2,0
2024,11,DEN,ATL,70,Touchdown,7,9,5
2024,11,ATL,DEN,70,Field goal,3,13,4
2024,11,DEN,ATL,70,Punt,0,3,0
2024,11,ATL,DEN,84,Punt,0,6,1
2024,11,DEN,ATL,77,Touchdown,7,9,4
2024,11,ATL,DEN,70,Field goal,3,8,1
2024,11,DEN,ATL,70,Touchdown,7,10,4
2024,11,ATL,DEN,70,End of half,0,3,2
2024,11,ATL,DEN,70,Punt,0,3,0
2024,11,DEN,ATL,45,Touchdown,7,10,4
2024,11,ATL,DEN,70,Turnover,0,4,1
2024,11,DEN,ATL,54,Punt,0,5,1
2024,11,ATL,DEN,94,Punt,0,5,1
2024,11,DEN,ATL,68,Field goal,3,8,2
2024,11,ATL,DEN,70,Punt,0,3,0
2024,11,DEN,ATL,59,Touchdown,7,4,2
2024,11,ATL,DEN,70,Punt,0,8,2
2024,11,DEN,ATL,96,Punt,0,3,0
2024,11,BAL,PIT,71,Turnover,0,2,0
2024,11,PIT,BAL,42,Field goal,3,8,2
2024,11,BAL,PIT,70,Punt,0,3,0
2024,11,PIT,BAL,80,Punt,0,3,0
2024,11,BAL,PIT,75,Missed field goal,0,5,1
2024,11,PIT,BAL,63,Turnover on downs,0,4,0
2024,11,BAL,PIT,46,Missed field goal,0,6,1
2024,11,PIT,BAL,60,Punt,0,3,0
2024,11,BAL,PIT,83,Punt,0,5,1
2024,11,PIT,BAL,84,Field goal,3,10,3
2024,11,BAL,PIT,70,Punt,0,3,0
2024,11,PIT,BAL,69,Punt,0,3,0
2024,11,BAL,PIT,80,Touchdown,7,6,5
2024,11,PIT,BAL,70,Punt,0,3,0
2024,11,BAL,PIT,91,Turnover,0,1,0
2024,11,PIT,BAL,19,Field goal,3,4,1
2024,11,BAL,PIT,70,End of half,0,1,0
2024,11,PIT,BAL,70,Field goal,3,8,2
2024,11,BAL,PIT,70,Field goal,3,11,3
2024,11,PIT,BAL,70,Field goal,3,10,3
2024,11,BAL,PIT,86,Punt,0,3,0
2024,11,PIT,BAL,68,Turnover,0,10,4
2024,11,BAL,PIT,80,Turnover,0,2,1
2024,11,PIT,BAL,64,Field goal,3,9,2
2024,11,BAL,PIT,69,Touchdown,7,9,4
2024,11,PIT,BAL,70,End of half,0,5,1
2024,11,CIN,LAC,65,Punt,0,5,1
2024,11,LAC,CIN,90,Punt,0,3,0
2024,11,CIN,LAC,64,Field goal,3,9,3
2024,11,LAC,CIN,70,Touchdown,7,5,3
2024,11,CIN,LAC,66,Field goal,3,11,3
2024,11,LAC,CIN,71,Touchdown,7,4,3
2024,11,CIN,LAC,70,Punt,0,3,0
2024,11,LAC,CIN,66,Touchdown,7,9,5
2024,11,CIN,LAC,70,Punt,0,3,0
2024,11,LAC,CIN,79,Field goal,3,11,6
2024,11,LAC,CIN,70,Punt,0,3,0
2024,11,CIN,LAC,74,Punt,0,3,0
2024,11,LAC,CIN,59,Field goal,3,7,1
2024,11,CIN,LAC,70,Touchdown,7,11,5
2024,11,LAC,CIN,70,Punt,0,3,0
2024,11,LAC,CIN,70,Turnover,0,6,2
2024,11,CIN,LAC,71,Touchdown,7,7,3
2024,11,LAC,CIN,70,Punt,0,4,1
2024,11,CIN,LAC,86,Missed field goal,0,10,3
2024,11,LAC,CIN,62,Punt,0,3,0
2024,11,CIN,LAC,79,Missed field goal,0,9,3
2024,11,LAC,CIN,59,Punt,0,3,0
2024,11,CIN,LAC,84,Punt,0,4,1
2024,11,LAC,CIN,84,Touchdown,7,4,3
2024,11,CIN,LAC,70,End of half,0,3,1
2024,11,CLE,NO,70,Turnover on downs,0,6,1
2024,11,NO,CLE,49,Touchdown,7,6,3
2024,11,CLE,NO,70,Punt,0,3,1
2024,11,NO,CLE,88,Punt,0,10,3
2024,11,CLE,NO,89,Touchdown,7,1,1
2024,11,NO,CLE,59,Turnover,0,1,0
2024,11,CLE,NO,82,Punt,0,4,1
2024,11,NO,CLE,80,Touchdown,7,3,1
2024,11,CLE,NO,74,Missed field goal,0,11,3
2024,11,NO,CLE,59,Turnover,0,9,2
2024,11,CLE,NO,93,Missed field goal,0,14,5
2024,11,NO,CLE,70,Punt,0,5,2
2024,11,CLE,NO,92,Touchdown,7,8,5
2024,11,NO,CLE,70,Punt,0,5,1
2024,11,CLE,NO,90,Punt,0,5,1
2024,11,NO,CLE,77,Touchdown,7,9,3
2024,11,CLE,NO,84,Punt,0,7,2
2024,11,NO,CLE,35,Touchdown,7,6,3
2024,11,CLE,NO,70,Turnover on downs,0,10,2
2024,11,NO,CLE,78,Touchdown,7,2,1
2024,11,CLE,NO,70,Punt,0,3,0
2024,11,NO,CLE,79,End of half,0,2,0
2024,11,GB,CHI,70,Touchdown,7,8,5
2024,11,CHI,GB,69,Field goal,3,8,2
2024,11,GB,CHI,70,Punt,0,5,1
2024,11,CHI,GB,95,Punt,0,10,3
2024,11,GB,CHI,76,Turnover,0,12,4
2024,11,CHI,GB,76,Touchdown,7,13,6
2024,11,GB,CHI,74,End of half,0,1,0
2024,11,CHI,GB,70,Field goal,3,10,3
2024,11,GB,CHI,70,Touchdown,7,6,4
2024,11,CHI,GB,78,Touchdown,7,11,4
2024,11,GB,CHI,76,Turnover on downs,0,7,2
2024,11,CHI,GB,98,Punt,0,12,3
2024,11,GB,CHI,78,Touchdown,7,4,3
2024,11,CHI,GB,70,Missed field goal,0,7,2
2024,11,HOU,DAL,77,Touchdown,7,6,4
2024,11,DAL,HOU,82,Turnover on downs,0,6,1
2024,11,HOU,DAL,37,Turnover,0,4,0
2024,11,DAL,HOU,67,Turnover,0,5,2
2024,11,HOU,DAL,63,Touchdown,7,10,4
2024,11,DAL,HOU,64,Touchdown,7,3,1
2024,11,HOU,DAL,92,Field goal,3,9,4
2024,11,DAL,HOU,70,Field goal,3,8,2
2024,11,HOU,DAL,70,Punt,0,4,1
2024,11,DAL,HOU,80,Missed field goal,0,12,5
2024,11,HOU,DAL,70,Punt,0,3,0
2024,11,DAL,HOU,82,Turnover on downs,0,6,1
2024,11,DAL,HOU,70,Punt,0,3,0
2024,11,HOU,DAL,75,Field goal,3,10,3
2024,11,DAL,HOU,70,Turnover on downs,0,13,5
2024,11,HOU,DAL,92,Punt,0,6,1
2024,11,DAL,HOU,93,Opp touchdown,0,3,1
2024,11,DAL,HOU,70,Punt,0,4,1
2024,11,HOU,DAL,81,Punt,0,4,1
2024,11,DAL,HOU,91,Turnover on downs,0,9,2
2024,11,HOU,DAL,35,Touchdown,7,6,3
2024,11,DAL,HOU,70,End of half,0,9,3
2024,11,NYJ,IND,70,Punt,0,3,0
2024,11,IND,NYJ,80,Field goal,3,9,2
2024,11,NYJ,IND,70,Punt,0,3,0
2024,11,IND,NYJ,77,Punt,0,3,0
2024,11,NYJ,IND,78,Punt,0,3,0
2024,11,IND,NYJ,66,Touchdown,7,8,4
2024,11,NYJ,IND,70,Turnover on downs,0,4,0
2024,11,IND,NYJ,39,Field goal,3,10,2
2024,11,NYJ,IND,78,Punt,0,3,0
2024,11,IND,NYJ,70,Punt,0,3,0
2024,11,NYJ,IND,76,Touchdown,7,7,3
2024,11,IND,NYJ,68,Turnover on downs,0,4,0
2024,11,IND,NYJ,60,Turnover,0,2,0
2024,11,NYJ,IND,25,Touchdown,7,2,1
2024,11,IND,NYJ,79,Field goal,3,11,3
2024,11,NYJ,IND,70,Punt,0,3,0
2024,11,IND,NYJ,84,Punt,0,3,0
2024,11,NYJ,IND,38,Field goal,3,4,0
2024,11,IND,NYJ,82,Punt,0,3,0
2024,11,NYJ,IND,59,Touchdown,7,6,3
2024,11,IND,NYJ,70,Touchdown,7,8,4
2024,11,NYJ,IND,70,Field goal,3,13,3
2024,11,IND,NYJ,70,Touchdown,7,6,3
2024,11,NYJ,IND,70,End of half,0,3,0
2024,11,JAX,DET,69,Field goal,3,9,2
2024,11,DET,JAX,70,Touchdown,7,9,5
2024,11,JAX,DET,70,Punt,0,3,0
2024,11,DET,JAX,93,Touchdown,7,13,6
2024,11,JAX,DET,70,Punt,0,3,0
2024,11,DET,JAX,64,Touchdown,7,8,6
2024,11,JAX,DET,70,Punt,0,5,1
2024,11,DET,JAX,84,Touchdown,7,4,2
2024,11,JAX,DET,70,Field goal,3,11,3
2024,11,DET,JAX,80,Touchdown,7,4,2
2024,11,JAX,DET,70,Punt,0,3,0
2024,11,DET,JAX,83,Touchdown,7,14,7
2024,11,JAX,DET,70,Turnover,0,4,2
2024,11,DET,JAX,96,Touchdown,7,9,5
2024,11,JAX,DET,70,Turnover on downs,0,8,2
2024,11,DET,JAX,59,Field goal,3,5,1
2024,11,JAX,DET,70,Punt,0,3,0
2024,11,DET,JAX,74,End of half,0,11,4
2024,11,KC,BUF,70,Turnover,0,2,0
2024,11,BUF,KC,65,Touchdown,7,8,4
2024,11,KC,BUF,70,Punt,0,3,0
2024,11,BUF,KC,60,Punt,0,6,1
2024,11,KC,BUF,88,Touchdown,7,11,5
2024,11,BUF,KC,70,Touchdown,7,9,5
2024,11,KC,BUF,70,Punt,0,3,0
2024,11,BUF,KC,41,Turnover,0,4,0
2024,11,KC,BUF,40,Touchdown,7,9,4
2024,11,BUF,KC,77,Field goal,3,12,4
2024,11,BUF,KC,70,Punt,0,3,0
2024,11,KC,BUF,80,Punt,0,3,0
2024,11,BUF,KC,67,Punt,0,6,1
2024,11,KC,BUF,86,Punt,0,6,2
2024,11,BUF,KC,83,Touchdown,7,10,5
2024,11,KC,BUF,70,Touchdown,7,10,7
2024,11,BUF,KC,70,Touchdown,7,12,4
2024,11,KC,BUF,70,Turnover,0,5,1
2024,11,BUF,KC,71,End of half,0,2,0
2024,11,NE,LA,55,Punt,0,6,1
2024,11,LA,NE,88,Punt,0,5,1
2024,11,NE,LA,77,Touchdown,7,7,4
2024,11,LA,NE,73,Punt,0,4,1
2024,11,NE,LA,89,Punt,0,10,3
2024,11,LA,NE,80,Touchdown,7,9,5
2024,11,NE,LA,80,Turnover,0,3,0
2024,11,LA,NE,12,Touchdown,7,1,1
2024,11,NE,LA,70,Field goal,3,9,4
2024,11,LA,NE,70,Missed field goal,0,11,4
2024,11,LA,NE,70,Touchdown,7,2,1
2024,11,NE,LA,70,Field goal,3,13,4
2024,11,LA,NE,72,Touchdown,7,7,4
2024,11,NE,LA,70,Touchdown,7,9,5
2024,11,LA,NE,66,Punt,0,3,0
2024,11,NE,LA,89,Field goal,3,13,4
2024,11,LA,NE,70,Punt,0,7,2
2024,11,NE,LA,90,Turnover,0,5,1
2024,11,LA,NE,43,End of half,0,3,0
2024,11,MIA,LV,70,Touchdown,7,14,6
2024,11,LV,MIA,70,Field goal,3,12,4
2024,11,MIA,LV,65,Field goal,3,16,4
2024,11,LV,MIA,70,Field goal,3,16,5
2024,11,MIA,LV,75,End of half,0,4,2
2024,11,LV,MIA,70,Punt,0,5,1
2024,11,MIA,LV,97,Touchdown,7,14,7
2024,11,LV,MIA,70,Touchdown,7,8,3
2024,11,MIA,LV,60,Touchdown,7,10,4
2024,11,LV,MIA,70,Touchdown,7,14,5
2024,11,MIA,LV,70,Touchdown,7,4,2
2024,11,LV,MIA,70,Turnover,0,1,0
2024,11,MIA,LV,31,Field goal,3,4,0
2024,11,LV,MIA,70,End of half,0,8,4
2024,11,TEN,MIN,75,Punt,0,6,1
2024,11,MIN,TEN,61,Turnover,0,3,2
2024,11,TEN,MIN,55,Field goal,3,11,3
2024,11,MIN,TEN,70,Touchdown,7,3,2
2024,11,TEN,MIN,70,Punt,0,5,1
2024,11,MIN,TEN,89,Touchdown,7,16,7
2024,11,TEN,MIN,70,Punt,0,3,0
2024,11,MIN,TEN,62,Field goal,3,11,4
2024,11,TEN,MIN,70,Punt,0,6,1
2024,11,MIN,TEN,80,End of half,0,1,0
2024,11,MIN,TEN,70,Punt,0,3,0
2024,11,TEN,MIN,80,Punt,0,3,0
2024,11,MIN,TEN,66,Punt,0,5,1
2024,11,TEN,MIN,98,Touchdown,7,3,1
2024,11,MIN,TEN,65,Touchdown,7,7,5
2024,11,TEN,MIN,70,Field goal,3,8,2
2024,11,MIN,TEN,70,Punt,0,8,2
2024,11,TEN,MIN,59,Turnover on downs,0,5,1
2024,11,MIN,TEN,51,Punt,0,5,1
2024,11,TEN,MIN,81,Turnover on downs,0,6,1
2024,11,MIN,TEN,52,Punt,0,3,0
2024,11,TEN,MIN,84,Turnover,0,1,0
2024,11,MIN,TEN,66,End of half,0,3,0
2024,11,SF,SEA,74,Punt,0,3,0
2024,11,SEA,SF,78,Field goal,3,9,3
2024,11,SF,SEA,71,Touchdown,7,12,6
2024,11,SEA,SF,70,Punt,0,7,2
2024,11,SF,SEA,80,Turnover,0,2,0
2024,11,SEA,SF,29,Field goal,3,4,0
2024,11,SF,SEA,73,Punt,0,11,3
2024,11,SEA,SF,91,Punt,0,6,2
2024,11,SF,SEA,76,End of half,0,3,3
2024,11,SEA,SF,85,Turnover,0,3,0
2024,11,SF,SEA,27,Field goal,3,7,1
2024,11,SEA,SF,70,Touchdown,7,11,5
2024,11,SF,SEA,70,Touchdown,7,14,6
2024,11,SEA,SF,70,Turnover on downs,0,10,2
2024,11,SF,SEA,63,Punt,0,5,2
2024,11,SEA,SF,80,Touchdown,7,11,5
2024,11,SF,SEA,70,End of half,0,1,0
2024,11,PHI,WAS,70,Missed field goal,0,11,3
2024,11,WAS,PHI,66,Punt,0,3,0
2024,11,PHI,WAS,91,Punt,0,6,1
2024,11,WAS,PHI,58,Touchdown,7,4,3
2024,11,PHI,WAS,64,Punt,0,3,0
2024,11,WAS,PHI,94,Punt,0,3,0
2024,11,PHI,WAS,48,Missed field goal,0,7,1
2024,11,WAS,PHI,59,Punt,0,3,0
2024,11,PHI,WAS,74,Punt,0,3,0
2024,11,WAS,PHI,73,Punt,0,9,2
2024,11,PHI,WAS,90,Field goal,3,15,6
2024,11,WAS,PHI,70,End of half,0,4,1
2024,11,WAS,PHI,69,Field goal,3,8,2
2024,11,PHI,WAS,87,Field goal,3,10,2
2024,11,WAS,PHI,70,Punt,0,5,1
2024,11,PHI,WAS,76,Touchdown,7,11,7
2024,11,WAS,PHI,71,Turnover on downs,0,9,3
2024,11,PHI,WAS,74,Touchdown,7,5,2
2024,11,WAS,PHI,70,Turnover,0,1,0
2024,11,PHI,WAS,46,Touchdown,7,2,1
2024,11,WAS,PHI,70,Touchdown,7,15,6
2024,11,PHI,WAS,47,End of half,0,1,0
2024,12,ARI,SEA,67,Punt,0,4,1
2024,12,SEA,ARI,85,Punt,0,6,1
2024,12,ARI,SEA,91,Punt,0,6,1
2024,12,SEA,ARI,84,Punt,0,4,1
2024,12,ARI,SEA,80,Punt,0,6,1
2024,12,SEA,ARI,87,Punt,0,3,0
2024,12,SEA,ARI,70,Punt,0,7,2
2024,12,ARI,SEA,94,Punt,0,3,0
2024,12,SEA,ARI,61,Touchdown,7,7,3
2024,12,ARI,SEA,80,Punt,0,3,0
2024,12,SEA,ARI,75,End of half,0,5,1
2024,12,SEA,ARI,70,Punt,0,5,2
2024,12,ARI,SEA,82,Opp touchdown,0,8,2
2024,12,ARI,SEA,62,Punt,0,4,1
2024,12,SEA,ARI,91,Turnover,0,11,4
2024,12,ARI,SEA,80,Field goal,3,11,4
2024,12,SEA,ARI,81,Field goal,3,13,3
2024,12,ARI,SEA,80,Missed field goal,0,8,3
2024,12,SEA,ARI,63,End of half,0,1,0
2024,12,LAC,BAL,70,Touchdown,7,9,5
2024,12,BAL,LAC,70,Punt,0,5,1
2024,12,LAC,BAL,87,Punt,0,6,1
2024,12,BAL,LAC,84,Punt,0,3,0
2024,12,LAC,BAL,64,Field goal,3,11,2
2024,12,BAL,LAC,70,Touchdown,7,7,5
2024,12,LAC,BAL,70,Punt,0,5,1
2024,12,BAL,LAC,93,Touchdown,7,8,4
2024,12,LAC,BAL,70,Field goal,3,5,2
2024,12,BAL,LAC,70,Field goal,3,10,2
2024,12,LAC,BAL,70,Field goal,3,10,2
2024,12,BAL,LAC,70,Touchdown,7,14,4
2024,12,LAC,BAL,70,Punt,0,3,0
2024,12,BAL,LAC,72,Touchdown,7,6,2
2024,12,LAC,BAL,55,Punt,0,3,1
2024,12,BAL,LAC,91,Punt,0,6,1
2024,12,LAC,BAL,63,Touchdown,7,11,5
2024,12,BAL,LAC,44,End of half,0,2,0
2024,12,DAL,WAS,65,Missed field goal,0,7,2
2024,12,WAS,DAL,40,Field goal,3,7,1
2024,12,DAL,WAS,68,Missed field goal,0,10,3
2024,12,WAS,DAL,68,Missed field goal,0,7,2
2024,12,DAL,WAS,59,Turnover,0,1,0
2024,12,WAS,DAL,47,Punt,0,3,0
2024,12,DAL,WAS,94,Punt,0,7,2
2024,12,WAS,DAL,58,Punt,0,5,1
2024,12,DAL,WAS,93,Punt,0,3,0
2024,12,WAS,DAL,39,Turnover,0,3,1
2024,12,WAS,DAL,84,Punt,0,7,2
2024,12,DAL,WAS,86,Field goal,3,3,2
2024,12,WAS,DAL,60,Touchdown,7,10,4
2024,12,DAL,WAS,80,Touchdown,7,8,5
2024,12,WAS,DAL,70,Punt,0,3,0
2024,12,DAL,WAS,86,Punt,0,3,0
2024,12,WAS,DAL,55,Punt,0,3,0
2024,12,DAL,WAS,87,Punt,0,6,2
2024,12,WAS,DAL,95,Punt,0,3,0
2024,12,WAS,DAL,70,Turnover,0,1,0
2024,12,DAL,WAS,44,Touchdown,7,5,2
2024,12,WAS,DAL,69,Touchdown,7,9,5
2024,12,WAS,DAL,70,Field goal,3,6,2
2024,12,DAL,WAS,49,Punt,0,3,0
2024,12,WAS,DAL,86,Touchdown,7,1,1
2024,12,WAS,DAL,64,Turnover,0,2,0
2024,12,LV,DEN,70,Punt,0,6,1
2024,12,DEN,LV,89,Punt,0,8,2
2024,12,LV,DEN,92,Punt,0,3,0
2024,12,DEN,LV,67,Field goal,3,8,3
2024,12,LV,DEN,40,Touchdown,7,7,4
2024,12,DEN,LV,70,Field goal,3,8,2
2024,12,LV,DEN,70,Field goal,3,11,2
2024,12,DEN,LV,70,Field goal,3,8,3
2024,12,LV,DEN,70,Field goal,3,7,3
2024,12,DEN,LV,70,Punt,0,3,0
2024,12,LV,DEN,78,Turnover,0,4,1
2024,12,DEN,LV,18,Touchdown,7,2,1
2024,12,LV,DEN,70,Punt,0,5,1
2024,12,DEN,LV,99,Punt,0,9,2
2024,12,LV,DEN,89,Punt,0,3,0
2024,12,DEN,LV,52,Field goal,3,10,2
2024,12,LV,DEN,70,Field goal,3,7,2
2024,12,DEN,LV,70,Touchdown,7,7,4
2024,12,LV,DEN,70,Field goal,3,11,4
2024,12,DEN,LV,70,Punt,0,3,0
2024,12,LV,DEN,76,Turnover,0,3,0
2024,12,DEN,LV,17,Field goal,3,4,0
2024,12,LV,DEN,70,End of half,0,11,3
2024,12,IND,DET,70,Field goal,3,11,3
2024,12,DET,IND,70,Punt,0,7,2
2024,12,IND,DET,90,Punt,0,6,1
2024,12,DET,IND,60,Touchdown,7,9,5
2024,12,IND,DET,76,Field goal,3,9,2
2024,12,DET,IND,70,Touchdown,7,9,4
2024,12,IND,DET,70,Punt,0,4,1
2024,12,DET,IND,90,Punt,0,5,1
2024,12,IND,DET,81,End of half,0,1,0
2024,12,DET,IND,70,Turnover on downs,0,11,3
2024,12,IND,DET,84,Punt,0,4,1
2024,12,DET,IND,79,Touchdown,7,10,6
2024,12,IND,DET,70,Punt,0,4,1
2024,12,DET,IND,88,Punt,0,5,1
2024,12,IND,DET,85,Punt,0,3,0
2024,12,DET,IND,55,Punt,0,3,0
2024,12,IND,DET,87,Punt,0,3,0
2024,12,DET,IND,54,Field goal,3,7,1
2024,12,IND,DET,70,Turnover on downs,0,6,2
2024,12,DET,IND,76,End of half,0,7,3
2024,12,KC,CAR,41,Touchdown,7,3,1
2024,12,CAR,KC,70,Field goal,3,8,2
2024,12,KC,CAR,75,Field goal,3,11,4
2024,12,CAR,KC,70,Field goal,3,8,2
2024,12,KC,CAR,70,Field goal,3,14,4
2024,12,CAR,KC,70,Punt,0,3,0
2024,12,KC,CAR,92,Touchdown,7,14,7
2024,12,CAR,KC,70,Field goal,3,8,3
2024,12,CAR,KC,70,Touchdown,7,15,7
2024,12,KC,CAR,75,Touchdown,7,10,6
2024,12,CAR,KC,70,Field goal,3,11,3
2024,12,KC,CAR,74,Punt,0,9,3
2024,12,CAR,KC,86,Punt,0,4,1
2024,12,KC,CAR,75,Punt,0,3,0
2024,12,CAR,KC,49,Touchdown,7,5,3
2024,12,KC,CAR,70,Field goal,3,7,2
2024,12,CHI,MIN,70,Punt,0,3,0
2024,12,MIN,CHI,74,Turnover,0,7,3
2024,12,CHI,MIN,98,Punt,0,8,2
2024,12,MIN,CHI,77,Punt,0,3,0
2024,12,CHI,MIN,79,Touchdown,7,7,4
2024,12,MIN,CHI,67,Touchdown,7,3,3
2024,12,CHI,MIN,70,Missed field goal,0,10,2
2024,12,MIN,CHI,53,Touchdown,7,6,3
2024,12,CHI,MIN,70,Punt,0,3,0
2024,12,MIN,CHI,73,Punt,0,3,0
2024,12,CHI,MIN,80,Field goal,3,10,3
2024,12,MIN,CHI,77,Field goal,3,5,1
2024,12,CHI,MIN,70,Turnover on downs,0,5,1
2024,12,MIN,CHI,72,Punt,0,3,0
2024,12,CHI,MIN,64,Punt,0,3,0
2024,12,MIN,CHI,85,Punt,0,7,2
2024,12,MIN,CHI,15,Touchdown,7,5,2
2024,12,CHI,MIN,70,Punt,0,3,0
2024,12,MIN,CHI,65,Turnover on downs,0,5,1
2024,12,CHI,MIN,64,Touchdown,7,10,4
2024,12,MIN,CHI,70,Field goal,3,11,3
2024,12,CHI,MIN,40,Touchdown,7,8,3
2024,12,MIN,CHI,43,Field goal,3,3,1
2024,12,CHI,MIN,57,Field goal,3,3,1
2024,12,CHI,MIN,70,Punt,0,3,0
2024,12,MIN,CHI,79,Field goal,3,10,4
2024,12,NE,MIA,70,Punt,0,3,0
2024,12,MIA,NE,83,Punt,0,4,1
2024,12,NE,MIA,87,Missed field goal,0,12,4
2024,12,MIA,NE,65,Touchdown,7,8,5
2024,12,NE,MIA,70,Punt,0,3,0
2024,12,MIA,NE,66,Touchdown,7,9,4
2024,12,NE,MIA,70,Punt,0,3,0
2024,12,MIA,NE,80,Touchdown,7,10,5
2024,12,NE,MIA,70,Punt,0,3,0
2024,12,MIA,NE,59,Field goal,3,7,2
2024,12,NE,MIA,70,End of half,0,1,0
2024,12,MIA,NE,70,Punt,0,3,0
2024,12,NE,MIA,75,Punt,0,10,3
2024,12,MIA,NE,93,Punt,0,6,3
2024,12,NE,MIA,84,Turnover,0,4,1
2024,12,MIA,NE,25,Touchdown,7,2,1
2024,12,NE,MIA,70,Touchdown,7,8,3
2024,12,MIA,NE,70,Punt,0,3,0
2024,12,NE,MIA,80,Turnover on downs,0,7,1
2024,12,MIA,NE,37,Opp touchdown,0,2,0
2024,12,MIA,NE,70,Punt,0,5,1
2024,12,NE,MIA,63,Turnover,0,4,1
2024,12,MIA,NE,54,Field goal,3,6,1
2024,12,NE,MIA,70,Turnover on downs,0,6,1
2024,12,MIA,NE,55,End of half,0,3,0
2024,12,LA,PHI,70,Turnover,0,5,3
2024,12,PHI,LA,83,Field goal,3,12,5
2024,12,LA,PHI,70,Touchdown,7,9,6
2024,12,PHI,LA,70,Punt,0,6,1
2024,12,LA,PHI,79,Punt,0,3,0
2024,12,PHI,LA,64,Field goal,3,10,2
2024,12,LA,PHI,70,Punt,0,3,0
2024,12,PHI,LA,62,Touchdown,7,10,5
2024,12,LA,PHI,70,Punt,0,3,0
2024,12,PHI,LA,63,Turnover on downs,0,4,1
2024,12,LA,PHI,48,End of half,0,1,0
2024,12,PHI,LA,70,Touchdown,7,1,1
2024,12,LA,PHI,70,Touchdown,7,8,5
2024,12,PHI,LA,70,Touchdown,7,8,4
2024,12,LA,PHI,70,Missed field goal,0,10,2
2024,12,PHI,LA,63,Field goal,3,12,3
2024,12,LA,PHI,68,Punt,0,10,3
2024,12,PHI,LA,91,Touchdown,7,6,2
2024,12,LA,PHI,68,Touchdown,7,8,4
2024,12,PHI,LA,55,End of half,0,2,0
2024,12,PIT,CLE,79,Missed field goal,0,9,2
2024,12,CLE,PIT,52,Punt,0,3,0
2024,12,PIT,CLE,81,Turnover on downs,0,7,1
2024,12,CLE,PIT,60,Punt,0,3,0
2024,12,PIT,CLE,89,Field goal,3,10,2
2024,12,CLE,PIT,80,Touchdown,7,12,6
2024,12,PIT,CLE,70,Turnover,0,2,0
2024,12,CLE,PIT,31,Field goal,3,6,1
2024,12,PIT,CLE,70,End of half,0,4,1
2024,12,CLE,PIT,70,Turnover,0,3,1
2024,12,PIT,CLE,75,Turnover on downs,0,6,1
2024,12,CLE,PIT,45,Punt,0,3,0
2024,12,PIT,CLE,80,Field goal,3,13,3
2024,12,CLE,PIT,65,Touchdown,7,10,4
2024,12,PIT,CLE,69,Touchdown,7,7,5
2024,12,CLE,PIT,76,Turnover,0,2,0
2024,12,PIT,CLE,27,Touchdown,7,3,1
2024,12,CLE,PIT,67,Turnover,0,5,2
2024,12,PIT,CLE,76,Punt,0,3,0
2024,12,CLE,PIT,45,Touchdown,7,9,3
2024,12,PIT,CLE,64,End of half,0,6,1
2024,12,GB,SF,67,Touchdown,7,12,5
2024,12,SF,GB,68,Punt,0,3,0
2024,12,GB,SF,81,Field goal,3,10,3
2024,12,SF,GB,70,Punt,0,3,0
2024,12,GB,SF,71,Touchdown,7,12,5
2024,12,SF,GB,65,Touchdown,7,11,5
2024,12,GB,SF,70,Punt,0,5,1
2024,12,SF,GB,75,End of half,0,1,0
2024,12,SF,GB,79,Turnover on downs,0,7,2
2024,12,GB,SF,60,Punt,0,3,0
2024,12,SF,GB,90,Turnover,0,6,2
2024,12,GB,SF,26,Touchdown,7,3,2
2024,12,SF,GB,74,Field goal,3,6,2
2024,12,GB,SF,70,Punt,0,3,0
2024,12,SF,GB,79,Punt,0,3,0
2024,12,GB,SF,63,Punt,0,3,0
2024,12,SF,GB,90,Turnover,0,1,0
2024,12,GB,SF,16,Touchdown,7,3,2
2024,12,SF,GB,70,Turnover,0,1,0
2024,12,GB,SF,56,Touchdown,7,10,4
2024,12,SF,GB,70,Turnover on downs,0,4,0
2024,12,GB,SF,38,Turnover on downs,0,4,0
2024,12,SF,GB,71,End of half,0,2,0
2024,12,TB,NYG,70,Touchdown,7,14,6
2024,12,NYG,TB,70,Punt,0,4,1
2024,12,TB,NYG,84,Punt,0,4,1
2024,12,NYG,TB,72,Turnover on downs,0,4,0
2024,12,TB,NYG,37,Field goal,3,6,1
2024,12,NYG,TB,70,Punt,0,3,0
2024,12,TB,NYG,82,Touchdown,7,7,4
2024,12,NYG,TB,70,Punt,0,6,2
2024,12,TB,NYG,86,Touchdown,7,9,5
2024,12,NYG,TB,70,End of half,0,1,0
2024,12,NYG,TB,70,Turnover,0,9,4
2024,12,TB,NYG,95,Touchdown,7,12,6
2024,12,NYG,TB,68,Touchdown,7,13,5
2024,12,TB,NYG,98,Turnover,0,4,1
2024,12,NYG,TB,65,Turnover on downs,0,6,1
2024,12,TB,NYG,49,Punt,0,3,0
2024,12,NYG,TB,90,Punt,0,3,0
2024,12,TB,NYG,39,Turnover on downs,0,4,0
2024,12,NYG,TB,70,End of half,0,7,4
2024,12,HOU,TEN,19,Touchdown,7,1,1
2024,12,TEN,HOU,61,Field goal,3,6,2
2024,12,HOU,TEN,70,Punt,0,6,1
2024,12,TEN,HOU,89,Touchdown,7,10,5
2024,12,HOU,TEN,82,Punt,0,4,1
2024,12,TEN,HOU,95,Touchdown,7,6,3
2024,12,HOU,TEN,78,Touchdown,7,10,4
2024,12,TEN,HOU,70,Turnover,0,6,3
2024,12,HOU,TEN,65,Field goal,3,5,1
2024,12,TEN,HOU,70,Punt,0,4,1
2024,12,HOU,TEN,86,Turnover,0,2,0
2024,12,TEN,HOU,20,Field goal,3,4,0
2024,12,TEN,HOU,73,Field goal,3,11,3
2024,12,HOU,TEN,70,Punt,0,3,0
2024,12,TEN,HOU,84,Punt,0,6,1
2024,12,HOU,TEN,75,Turnover,0,2,0
2024,12,TEN,HOU,39,Opp touchdown,0,3,0
2024,12,TEN,HOU,73,Punt,0,4,0
2024,12,HOU,TEN,66,Punt,0,3,0
2024,12,HOU,TEN,43,Field goal,3,4,0
2024,12,TEN,HOU,70,Touchdown,7,1,1
2024,12,HOU,TEN,82,Punt,0,7,2
2024,12,TEN,HOU,94,Punt,0,3,0
2024,12,HOU,TEN,49,Missed field goal,0,7,2
2024,12,TEN,HOU,80,Punt,0,3,0
2024,12,HOU,TEN,92,Safety,0,3,0
2024,12,TEN,HOU,29,End of half,0,2,0
2024,13,ARI,MIN,70,Field goal,3,11,3
2024,13,MIN,ARI,70,Field goal,3,9,3
2024,13,ARI,MIN,75,Punt,0,6,1
2024,13,MIN,ARI,86,Turnover,0,1,0
2024,13,ARI,MIN,19,Missed field goal,0,4,0
2024,13,MIN,ARI,65,Punt,0,3,0
2024,13,ARI,MIN,84,Field goal,3,11,4
2024,13,MIN,ARI,70,Field goal,3,9,2
2024,13,ARI,MIN,70,Field goal,3,12,5
2024,13,MIN,ARI,70,Missed field goal,0,6,2
2024,13,ARI,MIN,67,Field goal,3,10,3
2024,13,MIN,ARI,70,Punt,0,3,0
2024,13,ARI,MIN,73,Touchdown,7,5,3
2024,13,MIN,ARI,70,Touchdown,7,6,5
2024,13,ARI,MIN,70,Turnover,0,4,1
2024,13,MIN,ARI,68,Field goal,3,9,3
2024,13,ARI,MIN,70,Field goal,3,16,5
2024,13,MIN,ARI,70,Touchdown,7,8,4
2024,13,ARI,MIN,70,Turnover,0,4,0
2024,13,MIN,ARI,55,End of half,0,1,0
2024,13,DET,CHI,70,Field goal,3,15,5
2024,13,CHI,DET,70,Punt,0,3,0
2024,13,DET,CHI,90,Touchdown,7,10,5
2024,13,CHI,DET,70,Punt,0,3,0
2024,13,DET,CHI,74,Field goal,3,11,5
2024,13,CHI,DET,70,Punt,0,3,0
2024,13,DET,CHI,69,Field goal,3,9,2
2024,13,CHI,DET,70,Turnover on downs,0,4,0
2024,13,DET,CHI,37,Turnover,0,5,1
2024,13,CHI,DET,94,Turnover on downs,0,6,2
2024,13,CHI,DET,74,Touchdown,7,9,4
2024,13,DET,CHI,78,Touchdown,7,11,5
2024,13,CHI,DET,70,Touchdown,7,8,5
2024,13,DET,CHI,70,Punt,0,4,1
2024,13,CHI,DET,85,Punt,0,3,0
2024,13,CHI,DET,65,Touchdown,7,8,3
2024,13,DET,CHI,70,Punt,0,3,0
2024,13,CHI,DET,99,End of half,0,12,3
2024,13,DEN,CLE,70,Punt,0,3,0
2024,13,CLE,DEN,90,Missed field goal,0,7,2
2024,13,DEN,CLE,63,Touchdown,7,12,5
2024,13,CLE,DEN,70,Touchdown,7,5,3
2024,13,DEN,CLE,70,Punt,0,3,0
2024,13,CLE,DEN,88,Punt,0,5,1
2024,13,DEN,CLE,62,Turnover,0,3,1
2024,13,CLE,DEN,69,Field goal,3,9,2
2024,13,DEN,CLE,70,Punt,0,3,0
2024,13,CLE,DEN,89,Punt,0,3,0
2024,13,DEN,CLE,67,Touchdown,7,6,5
2024,13,CLE,DEN,70,Opp touchdown,0,7,3
2024,13,CLE,DEN,70,Touchdown,7,11,5
2024,13,DEN,CLE,70,End of half,0,1,0
2024,13,CLE,DEN,70,Punt,0,4,1
2024,13,DEN,CLE,88,Punt,0,3,1
2024,13,CLE,DEN,76,Punt,0,3,0
2024,13,DEN,CLE,92,Touchdown,7,3,1
2024,13,CLE,DEN,70,Touchdown,7,1,1
2024,13,DEN,CLE,70,Punt,0,3,0
2024,13,CLE,DEN,71,Punt,0,4,1
2024,13,DEN,CLE,96,Field goal,3,10,3
2024,13,CLE,DEN,70,Punt,0,7,1
2024,13,DEN,CLE,80,Turnover,0,1,0
2024,13,CLE,DEN,72,Touchdown,7,9,4
2024,13,DEN,CLE,70,Field goal,3,11,3
2024,13,CLE,DEN,70,Opp touchdown,0,4,1
2024,13,CLE,DEN,75,Turnover,0,7,3
2024,13,DEN,CLE,47,End of half,0,1,0
2024,13,JAX,HOU,78,Punt,0,3,0
2024,13,HOU,JAX,83,Punt,0,10,3
2024,13,JAX,HOU,84,Punt,0,6,1
2024,13,HOU,JAX,84,Punt,0,4,1
2024,13,JAX,HOU,79,Punt,0,3,0
2024,13,HOU,JAX,75,Field goal,3,5,1
2024,13,JAX,HOU,76,Turnover,0,3,0
2024,13,HOU,JAX,44,Field goal,3,11,3
2024,13,JAX,HOU,68,Field goal,3,14,4
2024,13,HOU,JAX,70,End of half,0,1,0
2024,13,HOU,JAX,70,Punt,0,3,0
2024,13,JAX,HOU,80,Field goal,3,9,2
2024,13,HOU,JAX,70,Touchdown,7,5,4
2024,13,JAX,HOU,70,Punt,0,3,0
2024,13,HOU,JAX,51,Field goal,3,10,3
2024,13,JAX,HOU,70,Missed field goal,0,7,2
2024,13,HOU,JAX,55,Touchdown,7,5,3
2024,13,JAX,HOU,72,Touchdown,7,12,4
2024,13,HOU,JAX,70,Punt,0,3,0
2024,13,JAX,HOU,84,Touchdown,7,10,6
2024,13,HOU,JAX,70,End of half,0,7,2
2024,13,NE,IND,76,Field goal,3,11,3
2024,13,IND,NE,71,Touchdown,7,8,5
2024,13,NE,IND,70,Field goal,3,8,3
2024,13,IND,NE,70,Turnover,0,2,0
2024,13,NE,IND,42,Field goal,3,4,0
2024,13,IND,NE,70,Touchdown,7,8,4
2024,13,NE,IND,70,Touchdown,7,8,5
2024,13,IND,NE,70,Punt,0,3,0
2024,13,NE,IND,58,Missed field goal,0,10,3
2024,13,IND,NE,80,End of half,0,1,0
2024,13,IND,NE,75,Field goal,3,13,5
2024,13,NE,IND,74,Turnover,0,13,4
2024,13,IND,NE,83,Punt,0,3,0
2024,13,NE,IND,54,Touchdown,7,9,4
2024,13,IND,NE,68,Turnover,0,2,0
2024,13,NE,IND,52,Punt,0,3,0
2024,13,IND,NE,80,Touchdown,7,19,6
2024,13,NE,IND,70,Missed field goal,0,4,1
2024,13,ATL,LAC,70,Missed field goal,0,13,4
2024,13,LAC,ATL,75,Turnover,0,3,0
2024,13,ATL,LAC,29,Touchdown,7,5,3
2024,13,LAC,ATL,70,Field goal,3,5,1
2024,13,ATL,LAC,70,Turnover,0,4,2
2024,13,LAC,ATL,66,Field goal,3,7,2
2024,13,ATL,LAC,70,Punt,0,3,0
2024,13,LAC,ATL,79,Field goal,3,16,5
2024,13,ATL,LAC,70,Punt,0,5,1
2024,13,LAC,ATL,89,End of half,0,1,0
2024,13,LAC,ATL,70,Punt,0,4,1
2024,13,ATL,LAC,89,Field goal,3,11,4
2024,13,LAC,ATL,70,Punt,0,3,0
2024,13,ATL,LAC,69,Opp touchdown,0,9,2
2024,13,ATL,LAC,70,Field goal,3,6,1
2024,13,LAC,ATL,70,Turnover on downs,0,4,0
2024,13,ATL,LAC,39,Turnover,0,10,2
2024,13,LAC,ATL,80,Punt,0,4,1
2024,13,ATL,LAC,94,Turnover,0,14,5
2024,13,LAC,ATL,74,End of half,0,2,0
2024,13,NO,LA,70,Field goal,3,12,3
2024,13,LA,NO,74,Punt,0,3,0
2024,13,NO,LA,75,Missed field goal,0,14,4
2024,13,LA,NO,74,Turnover on downs,0,12,3
2024,13,NO,LA,75,Punt,0,6,1
2024,13,LA,NO,88,Punt,0,8,3
2024,13,NO,LA,87,Field goal,3,11,4
2024,13,LA,NO,70,Touchdown,7,11,5
2024,13,NO,LA,70,Punt,0,3,0
2024,13,LA,NO,80,Punt,0,6,2
2024,13,NO,LA,72,Punt,0,5,1
2024,13,LA,NO,82,Touchdown,7,4,4
2024,13,NO,LA,70,Touchdown,7,6,3
2024,13,LA,NO,56,Touchdown,7,8,4
2024,13,NO,LA,70,Turnover on downs,0,14,3
2024,13,LA,NO,91,End of half,0,3,1
2024,13,KC,LV,73,Field goal,3,13,4
2024,13,LV,KC,70,Punt,0,5,1
2024,13,KC,LV,77,Punt,0,9,4
2024,13,LV,KC,92,Field goal,3,10,3
2024,13,KC,LV,76,Punt,0,3,0
2024,13,LV,KC,55,Missed field goal,0,7,1
2024,13,KC,LV,53,Touchdown,7,7,3
2024,13,LV,KC,82,Punt,0,5,2
2024,13,KC,LV,79,Missed field goal,0,5,1
2024,13,LV,KC,75,Turnover on downs,0,8,2
2024,13,KC,LV,70,Field goal,3,7,2
2024,13,LV,KC,70,Missed field goal,0,8,2
2024,13,KC,LV,55,Field goal,3,7,1
2024,13,LV,KC,26,Touchdown,7,2,1
2024,13,KC,LV,70,Punt,0,3,0
2024,13,LV,KC,69,Touchdown,7,2,2
2024,13,KC,LV,70,Field goal,3,11,3
2024,13,LV,KC,87,Punt,0,5,1
2024,13,KC,LV,75,Punt,0,3,0
2024,13,LV,KC,68,Missed field goal,0,8,2
2024,13,KC,LV,52,Punt,0,3,0
2024,13,LV,KC,92,Turnover,0,7,3
2024,13,KC,LV,63,End of half,0,1,0
2024,13,GB,MIA,54,Punt,0,3,0
2024,13,GB,MIA,9,Touchdown,7,3,1
2024,13,MIA,GB,70,Punt,0,5,1
2024,13,GB,MIA,76,Touchdown,7,12,5
2024,13,MIA,GB,70,Field goal,3,12,4
2024,13,GB,MIA,70,Punt,0,4,1
2024,13,MIA,GB,94,Punt,0,4,1
2024,13,GB,MIA,62,Touchdown,7,6,3
2024,13,MIA,GB,70,Turnover on downs,0,8,2
2024,13,GB,MIA,61,Field goal,3,4,2
2024,13,MIA,GB,77,Punt,0,3,0
2024,13,GB,MIA,78,Field goal,3,8,2
2024,13,MIA,GB,70,Touchdown,7,8,4
2024,13,GB,MIA,70,Punt,0,4,1
2024,13,MIA,GB,82,Turnover on downs,0,12,5
2024,13,GB,MIA,93,Field goal,3,9,4
2024,13,MIA,GB,67,Touchdown,7,7,3
2024,13,GB,MIA,49,Punt,0,3,0
2024,13,MIA,GB,80,End of half,0,7,1
2024,13,DAL,NYG,70,Field goal,3,11,4
2024,13,NYG,DAL,70,Touchdown,7,13,5
2024,13,DAL,NYG,70,Field goal,3,13,4
2024,13,NYG,DAL,60,Opp touchdown,0,1,0
2024,13,NYG,DAL,70,Punt,0,4,1
2024,13,DAL,NYG,87,Turnover on downs,0,5,1
2024,13,NYG,DAL,44,Punt,0,3,0
2024,13,DAL,NYG,99,Punt,0,3,0
2024,13,NYG,DAL,29,Field goal,3,4,0
2024,13,DAL,NYG,70,Punt,0,4,1
2024,13,NYG,DAL,86,Punt,0,3,0
2024,13,DAL,NYG,66,Punt,0,3,1
2024,13,NYG,DAL,89,End of half,0,6,3
2024,13,NYG,DAL,70,Turnover,0,3,0
2024,13,DAL,NYG,38,Touchdown,7,6,2
2024,13,NYG,DAL,70,Punt,0,3,0
2024,13,DAL,NYG,70,Touchdown,7,9,4
2024,13,NYG,DAL,70,Field goal,3,10,3
2024,13,DAL,NYG,80,Punt,0,7,2
2024,13,NYG,DAL,80,Punt,0,3,0
2024,13,DAL,NYG,61,Punt,0,4,1
2024,13,NYG,DAL,80,Touchdown,7,8,5
2024,13,DAL,NYG,70,End of half,0,5,1
2024,13,PHI,BAL,70,Punt,0,4,1
2024,13,BAL,PHI,67,Field goal,3,7,2
2024,13,PHI,BAL,70,Punt,0,3,0
2024,13,BAL,PHI,82,Touchdown,7,8,5
2024,13,PHI,BAL,73,Punt,0,3,0
2024,13,BAL,PHI,64,Punt,0,3,0
2024,13,PHI,BAL,80,Punt,0,4,1
2024,13,BAL,PHI,99,Punt,0,3,0
2024,13,PHI,BAL,49,Touchdown,7,6,3
2024,13,BAL,PHI,75,Punt,0,3,0
2024,13,PHI,BAL,68,Touchdown,7,9,5
2024,13,BAL,PHI,59,Field goal,3,8,3
2024,13,PHI,BAL,70,End of half,0,1,0
2024,13,BAL,PHI,70,Missed field goal,0,10,3
2024,13,PHI,BAL,63,Punt,0,3,0
2024,13,BAL,PHI,82,Missed field goal,0,14,4
2024,13,PHI,BAL,57,Punt,0,3,0
2024,13,BAL,PHI,95,Punt,0,7,3
2024,13,PHI,BAL,71,Touchdown,7,7,5
2024,13,BAL,PHI,70,Turnover on downs,0,5,1
2024,13,PHI,BAL,42,Field goal,3,11,2
2024,13,BAL,PHI,70,Touchdown,7,7,3
2024,13,PHI,BAL,42,End of half,0,1,0
2024,13,CIN,PIT,63,Punt,0,3,0
2024,13,PIT,CIN,85,Opp touchdown,0,3,1
2024,13,PIT,CIN,70,Touchdown,7,7,3
2024,13,CIN,PIT,75,Touchdown,7,6,4
2024,13,PIT,CIN,70,Touchdown,7,10,5
2024,13,CIN,PIT,70,Touchdown,7,9,6
2024,13,PIT,CIN,68,Touchdown,7,5,4
2024,13,CIN,PIT,62,Turnover,0,5,2
2024,13,PIT,CIN,61,Field goal,3,5,1
2024,13,CIN,PIT,70,Punt,0,3,0
2024,13,PIT,CIN,81,Field goal,3,8,4
2024,13,PIT,CIN,70,Missed field goal,0,7,2
2024,13,CIN,PIT,68,Field goal,3,12,3
2024,13,PIT,CIN,80,Touchdown,7,6,3
2024,13,CIN,PIT,67,Turnover,0,4,2
2024,13,PIT,CIN,53,Punt,0,3,0
2024,13,CIN,PIT,89,Opp touchdown,0,4,1
2024,13,CIN,PIT,70,Touchdown,7,7,4
2024,13,PIT,CIN,84,Field goal,3,11,4
2024,13,CIN,PIT,64,Touchdown,7,5,3
2024,13,PIT,CIN,46,End of half,0,5,1
2024,13,SEA,NYJ,70,Punt,0,6,1
2024,13,NYJ,SEA,87,Punt,0,3,0
2024,13,SEA,NYJ,61,Punt,0,3,0
2024,13,NYJ,SEA,80,Touchdown,7,11,5
2024,13,NYJ,SEA,27,Touchdown,7,4,3
2024,13,SEA,NYJ,88,Touchdown,7,10,5
2024,13,NYJ,SEA,38,Opp touchdown,0,6,1
2024,13,NYJ,SEA,56,Turnover on downs,0,4,0
2024,13,SEA,NYJ,52,Field goal,3,5,1
2024,13,NYJ,SEA,70,Punt,0,6,1
2024,13,SEA,NYJ,85,Punt,0,3,0
2024,13,NYJ,SEA,64,End of half,0,2,0
2024,13,NYJ,SEA,69,Punt,0,7,2
2024,13,SEA,NYJ,80,Turnover on downs,0,12,4
2024,13,NYJ,SEA,84,Turnover,0,3,2
2024,13,SEA,NYJ,59,Field goal,3,10,2
2024,13,NYJ,SEA,62,Punt,0,3,0
2024,13,SEA,NYJ,71,Touchdown,7,9,3
2024,13,NYJ,SEA,72,Turnover on downs,0,13,3
2024,13,SEA,NYJ,66,End of half,0,1,0
2024,13,BUF,SF,78,Punt,0,3,0
2024,13,SF,BUF,63,Field goal,3,9,3
2024,13,BUF,SF,70,Touchdown,7,13,6
2024,13,SF,BUF,75,Missed field goal,0,9,4
2024,13,BUF,SF,65,Touchdown,7,1,1
2024,13,SF,BUF,77,Punt,0,7,2
2024,13,BUF,SF,97,Touchdown,7,9,5
2024,13,SF,BUF,71,Missed field goal,0,5,2
2024,13,SF,BUF,37,Turnover,0,5,2
2024,13,BUF,SF,52,Punt,0,3,0
2024,13,SF,BUF,94,Punt,0,3,0
2024,13,BUF,SF,44,Touchdown,7,6,3
2024,13,SF,BUF,48,Touchdown,7,6,2
2024,13,BUF,SF,73,Punt,0,3,0
2024,13,SF,BUF,77,Turnover,0,3,0
2024,13,BUF,SF,25,Touchdown,7,4,2
2024,13,BUF,SF,31,Missed field goal,0,4,0
2024,13,SF,BUF,61,Punt,0,3,0
2024,13,BUF,SF,75,End of half,0,11,3
2024,13,CAR,TB,70,Punt,0,3,0
2024,13,TB,CAR,74,Punt,0,3,0
2024,13,CAR,TB,79,Punt,0,3,0
2024,13,TB,CAR,63,Touchdown,7,12,6
2024,13,CAR,TB,70,Field goal,3,7,2
2024,13,TB,CAR,74,Punt,0,3,0
2024,13,CAR,TB,76,Missed field goal,0,9,2
2024,13,TB,CAR,72,Punt,0,3,0
2024,13,CAR,TB,36,Touchdown,7,4,2
2024,13,TB,CAR,70,Field goal,3,9,4
2024,13,CAR,TB,70,Missed field goal,0,6,2
2024,13,TB,CAR,65,Turnover,0,3,2
2024,13,CAR,TB,57,Field goal,3,9,3
2024,13,TB,CAR,70,Punt,0,4,1
2024,13,CAR,TB,81,Punt,0,6,2
2024,13,TB,CAR,79,Punt,0,5,1
2024,13,CAR,TB,88,Punt,0,3,0
2024,13,TB,CAR,67,Turnover,0,3,0
2024,13,CAR,TB,20,Field goal,3,7,1
2024,13,TB,CAR,69,Touchdown,7,11,6
2024,13,CAR,TB,70,Punt,0,3,0
2024,13,TB,CAR,75,Field goal,3,9,2
2024,13,CAR,TB,60,Touchdown,7,9,4
2024,13,TB,CAR,70,Field goal,3,6,2
2024,13,TB,CAR,66,Missed field goal,0,6,1
2024,13,CAR,TB,55,Turnover,0,4,1
2024,13,TB,CAR,71,Field goal,3,5,2
2024,13,TEN,WAS,72,Punt,0,3,0
2024,13,WAS,TEN,59,Touchdown,7,3,2
2024,13,TEN,WAS,70,Punt,0,5,1
2024,13,WAS,TEN,80,Touchdown,7,11,5
2024,13,TEN,WAS,85,Turnover,0,2,0
2024,13,WAS,TEN,24,Touchdown,7,3,1
2024,13,WAS,TEN,34,Touchdown,7,9,4
2024,13,TEN,WAS,85,Punt,0,3,0
2024,13,WAS,TEN,88,Missed field goal,0,12,4
2024,13,TEN,WAS,64,Touchdown,7,9,3
2024,13,WAS,TEN,70,End of half,0,2,0
2024,13,WAS,TEN,78,Punt,0,3,0
2024,13,TEN,WAS,63,Field goal,3,9,2
2024,13,WAS,TEN,78,Turnover,0,5,2
2024,13,TEN,WAS,62,Field goal,3,7,2
2024,13,WAS,TEN,72,Touchdown,7,9,4
2024,13,TEN,WAS,70,Punt,0,3,0
2024,13,WAS,TEN,71,Missed field goal,0,9,2
2024,13,TEN,WAS,58,Touchdown,7,7,3
2024,13,WAS,TEN,71,Touchdown,7,9,4
2024,13,TEN,WAS,72,Turnover on downs,0,4,1
2024,13,WAS,TEN,32,End of half,0,4,1
2024,14,ATL,MIN,70,Touchdown,7,11,5
2024,14,MIN,ATL,74,Punt,0,7,2
2024,14,ATL,MIN,82,Turnover on downs,0,8,2
2024,14,MIN,ATL,62,Touchdown,7,2,2
2024,14,ATL,MIN,70,Turnover,0,4,2
2024,14,MIN,ATL,65,Punt,0,3,0
2024,14,ATL,MIN,80,Punt,0,8,2
2024,14,MIN,ATL,80,Touchdown,7,9,4
2024,14,ATL,MIN,70,Field goal,3,9,2
2024,14,MIN,ATL,70,End of half,0,1,0
2024,14,MIN,ATL,70,Missed field goal,0,9,2
2024,14,ATL,MIN,63,Field goal,3,11,2
2024,14,MIN,ATL,75,Touchdown,7,4,2
2024,14,ATL,MIN,70,Touchdown,7,5,4
2024,14,MIN,ATL,70,Touchdown,7,6,3
2024,14,MIN,ATL,32,Touchdown,7,7,3
2024,14,ATL,MIN,70,Turnover,0,6,3
2024,14,MIN,ATL,98,Touchdown,7,7,5
2024,14,ATL,MIN,70,Turnover on downs,0,10,3
2024,14,MIN,ATL,86,End of half,0,2,0
2024,14,LA,BUF,70,Touchdown,7,12,5
2024,14,BUF,LA,70,Touchdown,7,9,5
2024,14,LA,BUF,68,Field goal,3,10,4
2024,14,BUF,LA,70,Opp touchdown,0,4,1
2024,14,BUF,LA,70,Touchdown,7,4,3
2024,14,LA,BUF,76,Touchdown,7,12,7
2024,14,BUF,LA,82,Punt,0,5,1
2024,14,LA,BUF,87,End of half,0,4,1
2024,14,BUF,LA,74,Punt,0,3,0
2024,14,LA,BUF,76,Touchdown,7,11,4
2024,14,BUF,LA,80,Touchdown,7,6,2
2024,14,LA,BUF,70,Touchdown,7,7,3
2024,14,BUF,LA,70,Touchdown,7,5,4
2024,14,LA,BUF,70,Punt,0,3,0
2024,14,BUF,LA,91,Touchdown,7,10,5
2024,14,LA,BUF,71,Touchdown,7,11,4
2024,14,BUF,LA,70,Touchdown,7,8,4
2024,14,LA,BUF,45,Punt,0,3,0
2024,14,CAR,PHI,74,Punt,0,5,1
2024,14,PHI,CAR,75,Punt,0,6,1
2024,14,CAR,PHI,76,Punt,0,7,2
2024,14,PHI,CAR,90,Punt,0,3,0
2024,14,CAR,PHI,47,Field goal,3,5,1
2024,14,PHI,CAR,70,Touchdown,7,10,4
2024,14,CAR,PHI,69,Touchdown,7,14,5
2024,14,PHI,CAR,76,Punt,0,3,0
2024,14,CAR,PHI,71,Turnover,0,3,0
2024,14,PHI,CAR,44,Touchdown,7,7,4
2024,14,CAR,PHI,79,End of half,0,1,0
2024,14,PHI,CAR,70,Missed field goal,0,9,2
2024,14,CAR,PHI,58,Touchdown,7,12,5
2024,14,PHI,CAR,70,Touchdown,7,8,4
2024,14,CAR,PHI,70,Turnover on downs,0,10,3
2024,14,PHI,CAR,72,Punt,0,10,3
2024,14,CAR,PHI,97,Turnover on downs,0,13,3
2024,14,PHI,CAR,48,End of half,0,1,0
2024,14,SF,CHI,70,Touchdown,7,5,3
2024,14,CHI,SF,77,Punt,0,3,0
2024,14,SF,CHI,87,Punt,0,7,2
2024,14,CHI,SF,94,Punt,0,5,1
2024,14,SF,CHI,64,Touchdown,7,4,3
2024,14,CHI,SF,70,Punt,0,3,0
2024,14,SF,CHI,71,Touchdown,7,12,4
2024,14,CHI,SF,70,Punt,0,3,0
2024,14,SF,CHI,74,Field goal,3,9,2
2024,14,CHI,SF,60,Punt,0,3,0
2024,14,SF,CHI,94,End of half,0,1,0
2024,14,CHI,SF,70,Touchdown,7,16,6
2024,14,SF,CHI,70,Punt,0,3,0
2024,14,CHI,SF,65,Turnover,0,6,2
2024,14,SF,CHI,62,Touchdown,7,5,3
2024,14,CHI,SF,60,Touchdown,7,6,4
2024,14,SF,CHI,70,Touchdown,7,13,5
2024,14,CHI,SF,70,Punt,0,3,0
2024,14,CHI,SF,76,End of half,0,4,1
2024,14,CIN,DAL,70,Punt,0,3,0
2024,14,DAL,CIN,60,Touchdown,7,9,3
2024,14,CIN,DAL,70,Touchdown,7,11,5
2024,14,DAL,CIN,70,Turnover,0,6,2
2024,14,CIN,DAL,96,Turnover on downs,0,8,2
2024,14,DAL,CIN,56,Field goal,3,7,2
2024,14,CIN,DAL,64,Touchdown,7,6,3
2024,14,DAL,CIN,70,Punt,0,3,0
2024,14,CIN,DAL,55,Field goal,3,7,2
2024,14,DAL,CIN,70,Punt,0,3,0
2024,14,CIN,DAL,93,End of half,0,1,0
2024,14,DAL,CIN,70,Touchdown,7,8,4
2024,14,CIN,DAL,70,Turnover,0,7,2
2024,14,DAL,CIN,83,Field goal,3,13,4
2024,14,CIN,DAL,68,Field goal,3,9,4
2024,14,DAL,CIN,70,Punt,0,3,0
2024,14,CIN,DAL,74,Punt,0,5,1
2024,14,DAL,CIN,80,Punt,0,4,1
2024,14,CIN,DAL,86,Punt,0,6,2
2024,14,CIN,DAL,57,Touchdown,7,3,2
2024,14,DAL,CIN,70,Turnover on downs,0,5,1
2024,14,CIN,DAL,48,End of half,0,1,0
2024,14,PIT,CLE,70,Punt,0,3,0
2024,14,CLE,PIT,83,Punt,0,3,0
2024,14,PIT,CLE,36,Field goal,3,5,1
2024,14,CLE,PIT,70,Touchdown,7,7,3
2024,14,PIT,CLE,70,Punt,0,3,0
2024,14,CLE,PIT,63,Punt,0,5,1
2024,14,PIT,CLE,90,Punt,0,3,0
2024,14,CLE,PIT,62,Punt,0,3,0
2024,14,PIT,CLE,80,Punt,0,3,0
2024,14,CLE,PIT,53,Turnover,0,1,0
2024,14,PIT,CLE,31,Touchdown,7,5,3
2024,14,CLE,PIT,70,Punt,0,3,0
2024,14,PIT,CLE,81,Field goal,3,11,3
2024,14,CLE,PIT,70,Missed field goal,0,12,4
2024,14,PIT,CLE,72,End of half,0,2,0
2024,14,CLE,PIT,39,Missed field goal,0,5,1
2024,14,PIT,CLE,67,Touchdown,7,8,4
2024,14,CLE,PIT,70,Turnover on downs,0,6,1
2024,14,PIT,CLE,46,Touchdown,7,5,2
2024,14,CLE,PIT,70,Punt,0,10,3
2024,14,PIT,CLE,96,Punt,0,3,0
2024,14,CLE,PIT,79,Touchdown,7,14,6
2024,14,PIT,CLE,70,Turnover,0,5,1
2024,14,PIT,CLE,64,Punt,0,3,0
2024,14,PIT,CLE,20,End of half,0,5,1
2024,14,DET,GB,70,Touchdown,7,11,5
2024,14,GB,DET,70,Punt,0,5,1
2024,14,DET,GB,92,Punt,0,3,0
2024,14,GB,DET,52,Punt,0,3,0
2024,14,DET,GB,89,Punt,0,6,1
2024,14,GB,DET,83,Turnover,0,2,0
2024,14,DET,GB,54,Field goal,3,6,2
2024,14,GB,DET,70,Touchdown,7,11,7
2024,14,DET,GB,70,Touchdown,7,12,5
2024,14,GB,DET,70,End of half,0,1,0
2024,14,GB,DET,70,Touchdown,7,5,2
2024,14,DET,GB,70,Turnover,0,2,0
2024,14,GB,DET,16,Touchdown,7,3,2
2024,14,DET,GB,70,Touchdown,7,13,5
2024,14,GB,DET,70,Punt,0,3,0
2024,14,DET,GB,78,Turnover on downs,0,4,0
2024,14,GB,DET,30,Touchdown,7,4,2
2024,14,DET,GB,70,Touchdown,7,10,5
2024,14,GB,DET,70,Field goal,3,9,3
2024,14,DET,GB,70,Field goal,3,11,4
2024,14,TEN,JAX,78,Field goal,3,11,3
2024,14,JAX,TEN,75,Turnover,0,9,2
2024,14,TEN,JAX,63,Punt,0,3,0
2024,14,JAX,TEN,89,Punt,0,6,2
2024,14,TEN,JAX,92,Turnover on downs,0,15,6
2024,14,JAX,TEN,98,Turnover,0,13,4
2024,14,TEN,JAX,49,End of half,0,1,0
2024,14,JAX,TEN,82,Punt,0,3,0
2024,14,TEN,JAX,71,Punt,0,4,1
2024,14,JAX,TEN,96,Punt,0,3,0
2024,14,TEN,JAX,66,Field goal,3,11,3
2024,14,JAX,TEN,70,Field goal,3,14,4
2024,14,TEN,JAX,72,Punt,0,4,1
2024,14,JAX,TEN,81,Touchdown,7,7,4
2024,14,TEN,JAX,70,Turnover on downs,0,11,3
2024,14,JAX,TEN,91,Punt,0,3,0
2024,14,TEN,JAX,60,Turnover on downs,0,4,0
2024,14,JAX,TEN,35,End of half,0,1,0
2024,14,KC,LAC,63,Field goal,3,11,3
2024,14,LAC,KC,70,Punt,0,6,2
2024,14,KC,LAC,84,Punt,0,5,1
2024,14,LAC,KC,98,Punt,0,7,2
2024,14,KC,LAC,88,Punt,0,5,1
2024,14,LAC,KC,83,Punt,0,3,0
2024,14,KC,LAC,55,Field goal,3,7,2
2024,14,LAC,KC,59,Punt,0,3,0
2024,14,KC,LAC,91,Punt,0,3,0
2024,14,LAC,KC,65,Punt,0,3,0
2024,14,KC,LAC,77,Touchdown,7,9,6
2024,14,LAC,KC,79,End of half,0,5,2
2024,14,LAC,KC,79,Touchdown,7,13,6
2024,14,KC,LAC,85,Punt,0,3,0
2024,14,LAC,KC,74,Touchdown,7,4,3
2024,14,KC,LAC,77,Field goal,3,12,3
2024,14,LAC,KC,76,Field goal,3,14,5
2024,14,KC,LAC,60,Field goal,3,14,4
2024,14,TB,LV,85,Touchdown,7,12,6
2024,14,LV,TB,80,Punt,0,3,0
2024,14,TB,LV,52,Touchdown,7,5,4
2024,14,LV,TB,70,Punt,0,5,1
2024,14,TB,LV,79,Turnover,0,6,1
2024,14,LV,TB,36,Turnover,0,1,0
2024,14,TB,LV,65,Turnover,0,4,1
2024,14,LV,TB,45,Touchdown,7,6,4
2024,14,TB,LV,80,Punt,0,3,0
2024,14,LV,TB,52,Field goal,3,7,1
2024,14,TB,LV,69,Turnover,0,7,2
2024,14,LV,TB,84,End of half,0,1,0
2024,14,LV,TB,71,Turnover,0,16,5
2024,14,TB,LV,93,Punt,0,5,1
2024,14,LV,TB,52,Punt,0,3,0
2024,14,TB,LV,80,Punt,0,6,1
2024,14,LV,TB,80,Punt,0,3,0
2024,14,TB,LV,77,Touchdown,7,6,3
2024,14,LV,TB,65,Field goal,3,11,2
2024,14,TB,LV,80,Touchdown,7,5,2
2024,14,LV,TB,70,End of half,0,10,3
2024,14,NO,NYG,84,Punt,0,3,0
2024,14,NYG,NO,48,Turnover on downs,0,7,1
2024,14,NO,NYG,49,Missed field goal,0,7,1
2024,14,NYG,NO,57,Punt,0,3,0
2024,14,NO,NYG,98,Touchdown,7,9,6
2024,14,NYG,NO,68,Punt,0,3,0
2024,14,NO,NYG,72,Punt,0,3,0
2024,14,NYG,NO,51,Field goal,3,7,2
2024,14,NO,NYG,61,Turnover on downs,0,4,0
2024,14,NYG,NO,48,Punt,0,3,0
2024,14,NO,NYG,92,Punt,0,3,0
2024,14,NYG,NO,51,Punt,0,3,0
2024,14,NO,NYG,80,Punt,0,5,1
2024,14,NYG,NO,63,Punt,0,5,1
2024,14,NO,NYG,84,Missed field goal,0,5,2
2024,14,NYG,NO,70,Punt,0,3,0
2024,14,NO,NYG,79,Turnover,0,7,2
2024,14,NYG,NO,83,Punt,0,3,0
2024,14,NO,NYG,69,Touchdown,7,9,4
2024,14,NYG,NO,71,Punt,0,9,2
2024,14,NO,NYG,89,Punt,0,6,2
2024,14,NYG,NO,82,Touchdown,7,13,6
2024,14,NO,NYG,70,Punt,0,3,0
2024,14,NYG,NO,86,Turnover,0,7,1
2024,14,NO,NYG,53,Punt,0,3,0
2024,14,NYG,NO,73,Missed field goal,0,10,3
2024,14,NO,NYG,75,End of half,0,1,0
2024,14,MIA,NYJ,70,Touchdown,7,8,6
2024,14,NYJ,MIA,70,Field goal,3,11,4
2024,14,MIA,NYJ,70,Field goal,3,10,3
2024,14,NYJ,MIA,70,Touchdown,7,6,3
2024,14,MIA,NYJ,71,Field goal,3,12,4
2024,14,NYJ,MIA,70,Field goal,3,11,4
2024,14,MIA,NYJ,70,Field goal,3,5,2
2024,14,NYJ,MIA,70,Touchdown,7,7,3
2024,14,MIA,NYJ,70,Punt,0,4,1
2024,14,NYJ,MIA,80,Field goal,3,14,4
2024,14,MIA,NYJ,73,Punt,0,3,0
2024,14,NYJ,MIA,83,Punt,0,3,0
2024,14,MIA,NYJ,60,Touchdown,7,9,4
2024,14,NYJ,MIA,70,Punt,0,3,0
2024,14,MIA,NYJ,78,Punt,0,5,2
2024,14,NYJ,MIA,87,Field goal,3,11,4
2024,14,MIA,NYJ,54,Field goal,3,6,1
2024,14,NYJ,MIA,70,End of half,0,1,1
2024,14,MIA,NYJ,70,Touchdown,7,8,5
2024,14,ARI,SEA,70,Touchdown,7,6,3
2024,14,SEA,ARI,73,Field goal,3,13,4
2024,14,ARI,SEA,70,Turnover,0,2,0
2024,14,SEA,ARI,19,Touchdown,7,1,1
2024,14,ARI,SEA,70,Turnover,0,2,0
2024,14,SEA,ARI,46,Touchdown,7,5,3
2024,14,ARI,SEA,70,Field goal,3,10,3
2024,14,SEA,ARI,70,Punt,0,4,1
2024,14,ARI,SEA,82,Punt,0,4,1
2024,14,SEA,ARI,80,Touchdown,7,5,2
2024,14,ARI,SEA,70,Punt,0,4,1
2024,14,SEA,ARI,72,Punt,0,5,1
2024,14,ARI,SEA,95,End of half,0,1,0
2024,14,SEA,ARI,70,Punt,0,3,0
2024,14,ARI,SEA,80,Punt,0,3,0
2024,14,SEA,ARI,63,Field goal,3,10,3
2024,14,ARI,SEA,70,Touchdown,7,12,5
2024,14,SEA,ARI,70,Punt,0,3,0
2024,14,ARI,SEA,84,Punt,0,3,0
2024,14,SEA,ARI,52,Punt,0,3,0
2024,14,ARI,SEA,98,Missed field goal,0,9,4
2024,14,SEA,ARI,70,Field goal,3,12,3
2024,14,ARI,SEA,70,End of half,0,9,4
2024,15,LV,ATL,72,Turnover,0,10,2
2024,15,ATL,LV,48,Punt,0,5,1
2024,15,LV,ATL,80,Punt,0,3,0
2024,15,ATL,LV,51,Touchdown,7,6,3
2024,15,LV,ATL,70,Field goal,3,9,3
2024,15,ATL,LV,80,Punt,0,9,3
2024,15,LV,ATL,97,Safety,0,2,0
2024,15,ATL,LV,65,Punt,0,6,1
2024,15,LV,ATL,92,End of half,0,6,2
2024,15,ATL,LV,55,Turnover,0,1,0
2024,15,LV,ATL,54,Punt,0,3,0
2024,15,ATL,LV,37,Field goal,3,6,1
2024,15,LV,ATL,70,Punt,0,5,1
2024,15,ATL,LV,92,Punt,0,5,1
2024,15,LV,ATL,97,Punt,0,3,0
2024,15,ATL,LV,48,Field goal,3,7,1
2024,15,LV,ATL,70,Punt,0,4,1
2024,15,ATL,LV,74,Punt,0,4,1
2024,15,LV,ATL,91,Turnover,0,2,0
2024,15,ATL,LV,39,Missed field goal,0,6,1
2024,15,LV,ATL,68,Touchdown,7,9,4
2024,15,ATL,LV,70,Punt,0,5,1
2024,15,LV,ATL,80,Turnover,0,10,3
2024,15,BAL,NYG,37,Turnover,0,2,1
2024,15,NYG,BAL,88,Punt,0,3,0
2024,15,BAL,NYG,71,Punt,0,6,1
2024,15,NYG,BAL,88,Punt,0,3,0
2024,15,BAL,NYG,33,Touchdown,7,6,3
2024,15,NYG,BAL,74,Turnover on downs,0,9,2
2024,15,BAL,NYG,70,Touchdown,7,5,3
2024,15,NYG,BAL,80,Touchdown,7,13,8
2024,15,BAL,NYG,80,Touchdown,7,9,5
2024,15,NYG,BAL,89,End of half,0,1,0
2024,15,NYG,BAL,70,Punt,0,6,2
2024,15,BAL,NYG,86,Touchdown,7,12,5
2024,15,NYG,BAL,70,Turnover on downs,0,11,3
2024,15,BAL,NYG,97,Touchdown,7,9,5
2024,15,NYG,BAL,70,Touchdown,7,10,3
2024,15,BAL,NYG,85,Punt,0,6,1
2024,15,NYG,BAL,91,Turnover,0,4,1
2024,15,BAL,NYG,21,End of half,0,4,1
2024,15,DET,BUF,70,Punt,0,3,0
2024,15,BUF,DET,73,Touchdown,7,7,3
2024,15,DET,BUF,70,Punt,0,5,1
2024,15,BUF,DET,78,Touchdown,7,9,5
2024,15,DET,BUF,70,Touchdown,7,9,4
2024,15,BUF,DET,70,Touchdown,7,9,4
2024,15,DET,BUF,70,Touchdown,7,10,4
2024,15,BUF,DET,70,Missed field goal,0,5,2
2024,15,DET,BUF,80,Missed field goal,0,7,2
2024,15,BUF,DET,58,End of half,0,5,1
2024,15,BUF,DET,70,Touchdown,7,4,2
2024,15,DET,BUF,70,Punt,0,3,0
2024,15,BUF,DET,92,Punt,0,8,3
2024,15,DET,BUF,96,Turnover,0,4,2
2024,15,BUF,DET,26,Touchdown,7,5,3
2024,15,DET,BUF,70,Touchdown,7,5,2
2024,15,BUF,DET,70,Field goal,3,7,1
2024,15,DET,BUF,70,Touchdown,7,5,3
2024,15,BUF,DET,5,Touchdown,7,1,1
2024,15,DET,BUF,70,Touchdown,7,11,6
2024,15,BUF,DET,70,Field goal,3,10,3
2024,15,DET,BUF,70,Touchdown,7,16,6
2024,15,BUF,DET,46,End of half,0,1,0
2024,15,CHI,MIN,70,Turnover on downs,0,4,0
2024,15,MIN,CHI,39,Field goal,3,4,0
2024,15,CHI,MIN,70,Turnover,0,8,3
2024,15,MIN,CHI,39,Touchdown,7,5,3
2024,15,CHI,MIN,70,Punt,0,5,1
2024,15,MIN,CHI,91,Turnover,0,15,5
2024,15,CHI,MIN,84,Turnover on downs,0,11,3
2024,15,MIN,CHI,71,Field goal,3,13,4
2024,15,CHI,MIN,70,End of half,0,1,0
2024,15,MIN,CHI,70,Punt,0,3,0
2024,15,CHI,MIN,80,Punt,0,5,1
2024,15,MIN,CHI,95,Punt,0,3,0
2024,15,CHI,MIN,58,Field goal,3,9,3
2024,15,MIN,CHI,70,Touchdown,7,12,6
2024,15,CHI,MIN,70,Field goal,3,10,3
2024,15,MIN,CHI,70,Touchdown,7,7,4
2024,15,CHI,MIN,70,Punt,0,3,0
2024,15,MIN,CHI,60,Punt,0,5,1
2024,15,CHI,MIN,27,Touchdown,7,6,2
2024,15,MIN,CHI,42,Field goal,3,7,1
2024,15,CHI,MIN,70,End of half,0,3,0
2024,15,CIN,TEN,80,Turnover,0,2,0
2024,15,TEN,CIN,29,Touchdown,7,6,3
2024,15,CIN,TEN,70,Touchdown,7,9,4
2024,15,TEN,CIN,70,Touchdown,7,5,3
2024,15,CIN,TEN,70,Turnover,0,7,3
2024,15,TEN,CIN,59,Turnover,0,8,2
2024,15,CIN,TEN,62,Touchdown,7,9,4
2024,15,TEN,CIN,70,Turnover,0,5,1
2024,15,CIN,TEN,38,Touchdown,7,3,1
2024,15,TEN,CIN,70,Turnover,0,1,0
2024,15,CIN,TEN,38,Field goal,3,11,2
2024,15,TEN,CIN,70,Punt,0,3,0
2024,15,CIN,TEN,67,Turnover,0,5,2
2024,15,TEN,CIN,97,Opp touchdown,0,3,1
2024,15,TEN,CIN,70,Turnover,0,7,3
2024,15,TEN,CIN,80,Turnover,0,11,4
2024,15,CIN,TEN,71,Punt,0,5,2
2024,15,TEN,CIN,87,Touchdown,7,9,5
2024,15,CIN,TEN,67,Touchdown,7,14,6
2024,15,TEN,CIN,70,Touchdown,7,7,3
2024,15,DAL,CAR,76,Punt,0,5,1
2024,15,CAR,DAL,87,Turnover,0,13,5
2024,15,DAL,CAR,86,Punt,0,3,0
2024,15,CAR,DAL,82,Punt,0,3,0
2024,15,DAL,CAR,77,Touchdown,7,10,3
2024,15,CAR,DAL,70,Turnover,0,5,1
2024,15,DAL,CAR,48,Field goal,3,6,1
2024,15,CAR,DAL,69,Punt,0,3,0
2024,15,DAL,CAR,68,Turnover,0,9,3
2024,15,CAR,DAL,83,Touchdown,7,1,1
2024,15,DAL,CAR,76,Missed field goal,0,5,1
2024,15,CAR,DAL,66,Turnover,0,1,0
2024,15,DAL,CAR,29,Touchdown,7,5,2
2024,15,CAR,DAL,70,Punt,0,3,0
2024,15,DAL,CAR,78,Touchdown,7,6,5
2024,15,CAR,DAL,69,Punt,0,3,0
2024,15,DAL,CAR,73,Field goal,3,10,4
2024,15,CAR,DAL,70,Touchdown,7,12,6
2024,15,DAL,CAR,46,Field goal,3,6,1
2024,15,CAR,DAL,70,Turnover,0,6,3
2024,15,DAL,CAR,75,End of half,0,9,3
2024,15,GB,SEA,63,Touchdown,7,10,5
2024,15,SEA,GB,75,Punt,0,4,1
2024,15,GB,SEA,80,Touchdown,7,8,5
2024,15,SEA,GB,70,Field goal,3,7,2
2024,15,GB,SEA,71,Field goal,3,8,2
2024,15,SEA,GB,75,Turnover,0,12,5
2024,15,GB,SEA,86,Field goal,3,7,3
2024,15,SEA,GB,62,Punt,0,8,2
2024,15,GB,SEA,93,Punt,0,3,0
2024,15,SEA,GB,46,Field goal,3,5,1
2024,15,GB,SEA,70,Field goal,3,7,2
2024,15,SEA,GB,74,Punt,0,3,0
2024,15,GB,SEA,57,Punt,0,3,0
2024,15,SEA,GB,96,Punt,0,3,0
2024,15,GB,SEA,57,Turnover,0,2,0
2024,15,SEA,GB,45,Touchdown,7,5,2
2024,15,GB,SEA,66,Punt,0,3,0
2024,15,SEA,GB,68,Punt,0,3,0
2024,15,GB,SEA,84,Turnover on downs,0,7,3
2024,15,SEA,GB,61,Turnover,0,2,0
2024,15,GB,SEA,27,Touchdown,7,3,1
2024,15,SEA,GB,65,Punt,0,3,0
2024,15,GB,SEA,84,Punt,0,3,0
2024,15,SEA,GB,68,End of half,0,3,1
2024,15,IND,DEN,70,Touchdown,7,10,4
2024,15,DEN,IND,70,Turnover,0,7,2
2024,15,IND,DEN,70,Field goal,3,14,3
2024,15,DEN,IND,70,Punt,0,5,1
2024,15,IND,DEN,96,Punt,0,3,0
2024,15,DEN,IND,54,Touchdown,7,9,4
2024,15,IND,DEN,70,Turnover,0,4,1
2024,15,DEN,IND,62,Punt,0,3,0
2024,15,IND,DEN,86,Punt,0,3,0
2024,15,DEN,IND,72,Punt,0,3,0
2024,15,IND,DEN,47,Field goal,3,6,1
2024,15,DEN,IND,70,End of half,0,1,0
2024,15,DEN,IND,70,Turnover,0,3,1
2024,15,IND,DEN,62,Turnover,0,2,1
2024,15,DEN,IND,80,Punt,0,4,1
2024,15,IND,DEN,82,Punt,0,3,0
2024,15,DEN,IND,39,Turnover,0,3,0
2024,15,IND,DEN,73,Turnover,0,1,0
2024,15,DEN,IND,31,Field goal,3,4,0
2024,15,IND,DEN,70,Punt,0,4,0
2024,15,DEN,IND,52,Punt,0,6,1
2024,15,IND,DEN,80,Punt,0,3,0
2024,15,DEN,IND,15,Touchdown,7,2,1
2024,15,IND,DEN,70,Opp touchdown,0,3,2
2024,15,IND,DEN,70,Turnover on downs,0,5,2
2024,15,DEN,IND,55,Punt,0,3,0
2024,15,IND,DEN,80,Turnover,0,2,1
2024,15,DEN,IND,35,Touchdown,7,6,2
2024,15,IND,DEN,70,Turnover on downs,0,11,3
2024,15,DEN,IND,80,End of half,0,3,0
2024,15,KC,CLE,70,Punt,0,3,0
2024,15,KC,CLE,21,Touchdown,7,3,2
2024,15,CLE,KC,73,Punt,0,6,2
2024,15,KC,CLE,76,Punt,0,4,1
2024,15,CLE,KC,80,Turnover,0,9,3
2024,15,KC,CLE,80,Punt,0,3,0
2024,15,CLE,KC,70,Punt,0,3,0
2024,15,KC,CLE,77,Punt,0,3,0
2024,15,CLE,KC,67,Punt,0,3,0
2024,15,KC,CLE,87,Touchdown,7,14,7
2024,15,CLE,KC,49,Turnover on downs,0,4,0
2024,15,KC,CLE,59,Missed field goal,0,9,2
2024,15,CLE,KC,80,End of half,0,1,0
2024,15,CLE,KC,70,Turnover,0,1,0
2024,15,KC,CLE,34,Touchdown,7,4,2
2024,15,CLE,KC,67,Turnover,0,1,0
2024,15,KC,CLE,44,Punt,0,3,0
2024,15,CLE,KC,93,Punt,0,8,3
2024,15,KC,CLE,91,Punt,0,6,1
2024,15,CLE,KC,49,Touchdown,7,2,1
2024,15,KC,CLE,70,Punt,0,3,0
2024,15,CLE,KC,89,Punt,0,5,2
2024,15,KC,CLE,74,Punt,0,3,0
2024,15,CLE,KC,67,Turnover,0,4,2
2024,15,KC,CLE,80,Turnover on downs,0,10,2
2024,15,CLE,KC,61,Punt,0,5,1
2024,15,KC,CLE,85,Punt,0,6,1
2024,15,CLE,KC,88,Turnover,0,8,2
2024,15,KC,CLE,18,End of half,0,2,0
2024,15,SF,LA,70,Punt,0,3,0
2024,15,LA,SF,71,Punt,0,4,0
2024,15,SF,LA,74,Field goal,3,5,1
2024,15,LA,SF,66,Punt,0,3,0
2024,15,SF,LA,81,Punt,0,3,0
2024,15,LA,SF,80,Punt,0,3,0
2024,15,SF,LA,78,Punt,0,6,2
2024,15,LA,SF,84,Punt,0,3,0
2024,15,SF,LA,70,Punt,0,6,1
2024,15,LA,SF,97,Punt,0,10,3
2024,15,SF,LA,90,Punt,0,6,1
2024,15,SF,LA,70,Punt,0,3,0
2024,15,LA,SF,78,End of half,0,1,0
2024,15,LA,SF,76,Punt,0,3,0
2024,15,SF,LA,63,Field goal,3,10,3
2024,15,LA,SF,70,Field goal,3,17,5
2024,15,SF,LA,80,Punt,0,3,0
2024,15,LA,SF,67,Field goal,3,5,1
2024,15,SF,LA,72,Turnover,0,8,3
2024,15,LA,SF,80,Field goal,3,13,4
2024,15,MIA,HOU,74,Punt,0,6,1
2024,15,HOU,MIA,81,Field goal,3,8,3
2024,15,MIA,HOU,82,Punt,0,3,0
2024,15,HOU,MIA,62,Punt,0,3,0
2024,15,MIA,HOU,82,Field goal,3,12,4
2024,15,HOU,MIA,70,Punt,0,3,0
2024,15,MIA,HOU,74,Turnover,0,3,1
2024,15,HOU,MIA,28,Touchdown,7,4,2
2024,15,MIA,HOU,70,Field goal,3,10,3
2024,15,HOU,MIA,70,Turnover,0,4,1
2024,15,MIA,HOU,38,Turnover,0,2,1
2024,15,HOU,MIA,5,Field goal,3,3,0
2024,15,HOU,MIA,70,Touchdown,7,9,4
2024,15,MIA,HOU,73,Touchdown,7,11,5
2024,15,HOU,MIA,70,Punt,0,3,0
2024,15,MIA,HOU,73,Turnover,0,13,3
2024,15,HOU,MIA,82,Punt,0,9,2
2024,15,MIA,HOU,78,Punt,0,3,0
2024,15,HOU,MIA,69,Punt,0,3,0
2024,15,MIA,HOU,77,Turnover,0,1,0
2024,15,HOU,MIA,51,End of half,0,3,0
2024,15,NE,ARI,70,Missed field goal,0,7,2
2024,15,ARI,NE,57,Field goal,3,6,1
2024,15,NE,ARI,70,Punt,0,3,0
2024,15,ARI,NE,80,Touchdown,7,6,3
2024,15,NE,ARI,70,Punt,0,3,0
2024,15,ARI,NE,81,Punt,0,8,2
2024,15,NE,ARI,80,Field goal,3,12,3
2024,15,ARI,NE,70,Field goal,3,10,3
2024,15,NE,ARI,79,End of half,0,1,0
2024,15,ARI,NE,70,Field goal,3,10,3
2024,15,NE,ARI,70,Turnover on downs,0,9,3
2024,15,ARI,NE,96,Punt,0,5,1
2024,15,NE,ARI,67,Turnover,0,4,1
2024,15,ARI,NE,55,Touchdown,7,9,3
2024,15,NE,ARI,75,Touchdown,7,6,4
2024,15,ARI,NE,70,Touchdown,7,9,4
2024,15,NE,ARI,70,Touchdown,7,6,4
2024,15,ARI,NE,39,End of half,0,4,1
2024,15,JAX,NYJ,70,Touchdown,7,13,7
2024,15,NYJ,JAX,70,Touchdown,7,7,3
2024,15,JAX,NYJ,66,Turnover,0,4,1
2024,15,NYJ,JAX,88,Punt,0,7,3
2024,15,JAX,NYJ,87,Field goal,3,18,5
2024,15,NYJ,JAX,80,Punt,0,3,0
2024,15,JAX,NYJ,78,Field goal,3,11,5
2024,15,NYJ,JAX,70,Field goal,3,7,3
2024,15,JAX,NYJ,70,Field goal,3,7,2
2024,15,NYJ,JAX,70,Touchdown,7,7,4
2024,15,JAX,NYJ,80,Punt,0,3,0
2024,15,NYJ,JAX,86,Punt,0,5,1
2024,15,JAX,NYJ,73,Touchdown,7,8,4
2024,15,NYJ,JAX,70,Missed field goal,0,8,3
2024,15,JAX,NYJ,62,Punt,0,5,1
2024,15,NYJ,JAX,87,Touchdown,7,4,2
2024,15,JAX,NYJ,67,Field goal,3,7,1
2024,15,NYJ,JAX,70,Touchdown,7,7,3
2024,15,JAX,NYJ,70,Turnover,0,5,1
2024,15,NYJ,JAX,87,End of half,0,1,0
2024,15,PIT,PHI,69,Punt,0,3,0
2024,15,PHI,PIT,70,Field goal,3,7,2
2024,15,PIT,PHI,68,Punt,0,3,0
2024,15,PHI,PIT,79,Turnover,0,6,1
2024,15,PIT,PHI,45,Punt,0,3,0
2024,15,PIT,PHI,11,Field goal,3,4,0
2024,15,PHI,PIT,70,Touchdown,7,6,4
2024,15,PIT,PHI,70,Punt,0,3,0
2024,15,PHI,PIT,45,Touchdown,7,9,3
2024,15,PIT,PHI,70,Touchdown,7,11,5
2024,15,PHI,PIT,70,Punt,0,3,0
2024,15,PIT,PHI,45,Field goal,3,5,1
2024,15,PHI,PIT,65,End of half,0,1,0
2024,15,PHI,PIT,70,Field goal,3,13,4
2024,15,PIT,PHI,70,Turnover,0,4,2
2024,15,PHI,PIT,74,Touchdown,7,13,6
2024,15,PIT,PHI,70,Punt,0,7,2
2024,15,PHI,PIT,97,End of half,0,21,6
2024,15,TB,LAC,70,Touchdown,7,7,3
2024,15,LAC,TB,70,Touchdown,7,10,5
2024,15,TB,LAC,70,Field goal,3,12,4
2024,15,LAC,TB,74,Field goal,3,8,2
2024,15,TB,LAC,70,Turnover,0,1,0
2024,15,LAC,TB,27,Touchdown,7,3,2
2024,15,TB,LAC,65,Turnover,0,3,0
2024,15,LAC,TB,51,Punt,0,3,1
2024,15,TB,LAC,80,Field goal,3,12,4
2024,15,LAC,TB,74,End of half,0,2,0
2024,15,LAC,TB,70,Punt,0,3,0
2024,15,TB,LAC,83,Touchdown,7,5,3
2024,15,LAC,TB,71,Punt,0,5,1
2024,15,TB,LAC,70,Field goal,3,5,1
2024,15,LAC,TB,90,Turnover,0,2,0
2024,15,TB,LAC,42,Touchdown,7,4,2
2024,15,LAC,TB,67,Turnover on downs,0,8,2
2024,15,TB,LAC,66,Touchdown,7,9,4
2024,15,LAC,TB,70,Turnover on downs,0,4,1
2024,15,TB,LAC,55,Field goal,3,9,2
2024,15,LAC,TB,68,Turnover,0,1,0
2024,15,TB,LAC,37,End of half,0,4,1
2024,15,NO,WAS,66,Punt,0,3,0
2024,15,WAS,NO,56,Touchdown,7,12,5
2024,15,NO,WAS,72,Punt,0,5,1
2024,15,WAS,NO,92,Punt,0,8,2
2024,15,NO,WAS,74,Turnover,0,3,0
2024,15,WAS,NO,53,Touchdown,7,10,4
2024,15,NO,WAS,70,Punt,0,3,0
2024,15,WAS,NO,71,Punt,0,6,1
2024,15,NO,WAS,71,Punt,0,6,1
2024,15,WAS,NO,98,End of half,0,3,1
2024,15,WAS,NO,68,Field goal,3,11,4
2024,15,NO,WAS,71,Touchdown,7,6,3
2024,15,WAS,NO,68,Field goal,3,9,2
2024,15,NO,WAS,74,Field goal,3,9,4
2024,15,WAS,NO,63,Punt,0,5,1
2024,15,NO,WAS,92,Field goal,3,7,3
2024,15,WAS,NO,64,Missed field goal,0,13,3
2024,15,NO,WAS,56,Touchdown,7,11,5
2024,16,ARI,CAR,60,Punt,0,3,0
2024,16,CAR,ARI,70,Touchdown,7,15,6
2024,16,ARI,CAR,85,Field goal,3,8,2
2024,16,CAR,ARI,70,Touchdown,7,6,3
2024,16,ARI,CAR,80,Turnover,0,5,1
2024,16,CAR,ARI,30,Touchdown,7,4,2
2024,16,ARI,CAR,70,Touchdown,7,4,4
2024,16,CAR,ARI,80,Punt,0,3,0
2024,16,ARI,CAR,68,Touchdown,7,9,5
2024,16,CAR,ARI,70,End of half,0,1,0
2024,16,CAR,ARI,66,Field goal,3,11,3
2024,16,ARI,CAR,70,Field goal,3,9,2
2024,16,CAR,ARI,70,Punt,0,6,2
2024,16,ARI,CAR,80,Punt,0,3,0
2024,16,CAR,ARI,58,Touchdown,7,6,3
2024,16,ARI,CAR,70,Touchdown,7,9,4
2024,16,CAR,ARI,70,Punt,0,3,0
2024,16,ARI,CAR,62,Turnover,0,3,1
2024,16,CAR,ARI,86,Punt,0,6,1
2024,16,ARI,CAR,74,Field goal,3,7,3
2024,16,CAR,ARI,70,Punt,0,3,0
2024,16,ARI,CAR,90,Punt,0,7,1
2024,16,CAR,ARI,49,Touchdown,7,2,2
2024,16,CLE,CIN,77,Turnover,0,5,2
2024,16,CIN,CLE,99,Touchdown,7,8,6
2024,16,CLE,CIN,73,Punt,0,3,0
2024,16,CIN,CLE,73,Missed field goal,0,8,3
2024,16,CLE,CIN,63,Punt,0,3,0
2024,16,CIN,CLE,74,Punt,0,3,0
2024,16,CLE,CIN,77,Punt,0,3,0
2024,16,CLE,CIN,81,Punt,0,5,1
2024,16,CIN,CLE,68,Field goal,3,8,2
2024,16,CIN,CLE,75,Punt,0,6,1
2024,16,CLE,CIN,70,Touchdown,7,11,5
2024,16,CIN,CLE,74,Punt,0,3,0
2024,16,CLE,CIN,64,Turnover,0,12,4
2024,16,CIN,CLE,80,Punt,0,3,0
2024,16,CLE,CIN,85,Turnover,0,6,2
2024,16,CIN,CLE,67,Turnover,0,7,4
2024,16,CLE,CIN,79,Turnover on downs,0,10,2
2024,16,CIN,CLE,36,Touchdown,7,2,1
2024,16,CLE,CIN,70,Turnover on downs,0,5,2
2024,16,CIN,CLE,43,End of half,0,1,0
2024,16,LAC,DEN,70,Punt,0,3,0
2024,16,DEN,LAC,72,Touchdown,7,10,6
2024,16,LAC,DEN,70,Touchdown,7,8,4
2024,16,DEN,LAC,70,Touchdown,7,12,6
2024,16,LAC,DEN,70,Field goal,3,8,2
2024,16,DEN,LAC,70,Touchdown,7,6,3
2024,16,LAC,DEN,70,Punt,0,3,0
2024,16,DEN,LAC,78,Punt,0,4,1
2024,16,LAC,DEN,75,Turnover,0,7,3
2024,16,DEN,LAC,82,Punt,0,3,0
2024,16,LAC,DEN,47,Field goal,3,1,0
2024,16,DEN,LAC,70,Field goal,3,11,2
2024,16,LAC,DEN,70,Touchdown,7,10,5
2024,16,DEN,LAC,70,Punt,0,3,0
2024,16,LAC,DEN,78,Touchdown,7,7,5
2024,16,DEN,LAC,70,Punt,0,6,1
2024,16,LAC,DEN,95,Punt,0,6,1
2024,16,DEN,LAC,55,Punt,0,3,0
2024,16,LAC,DEN,90,Touchdown,7,6,3
2024,16,DEN,LAC,70,Field goal,3,7,3
2024,16,LAC,DEN,46,Turnover on downs,0,4,0
2024,16,CHI,DET,74,Punt,0,3,0
2024,16,DET,CHI,67,Field goal,3,9,3
2024,16,CHI,DET,69,Turnover,0,2,0
2024,16,DET,CHI,36,Touchdown,7,7,3
2024,16,CHI,DET,71,Turnover,0,4,1
2024,16,DET,CHI,60,Field goal,3,7,3
2024,16,CHI,DET,70,Punt,0,4,1
2024,16,DET,CHI,93,Touchdown,7,2,2
2024,16,CHI,DET,70,Touchdown,7,14,5
2024,16,DET,CHI,70,Touchdown,7,11,6
2024,16,CHI,DET,70,Touchdown,7,3,2
2024,16,DET,CHI,66,Missed field goal,0,6,1
2024,16,DET,CHI,79,Touchdown,7,5,4
2024,16,CHI,DET,70,Field goal,3,10,2
2024,16,DET,CHI,60,Turnover on downs,0,11,3
2024,16,CHI,DET,87,Punt,0,10,4
2024,16,DET,CHI,88,Punt,0,6,1
2024,16,CHI,DET,65,Turnover on downs,0,10,4
2024,16,DET,CHI,89,End of half,0,4,1
2024,16,HOU,KC,70,Turnover,0,5,1
2024,16,KC,HOU,66,Touchdown,7,11,4
2024,16,HOU,KC,70,Field goal,3,7,3
2024,16,KC,HOU,64,Punt,0,3,0
2024,16,HOU,KC,82,Touchdown,7,13,5
2024,16,KC,HOU,82,Touchdown,7,13,6
2024,16,HOU,KC,70,Turnover,0,8,3
2024,16,KC,HOU,65,Field goal,3,5,2
2024,16,HOU,KC,70,End of half,0,3,2
2024,16,KC,HOU,90,Punt,0,5,1
2024,16,KC,HOU,60,Turnover on downs,0,4,0
2024,16,HOU,KC,49,Punt,0,3,0
2024,16,KC,HOU,80,Touchdown,7,10,6
2024,16,HOU,KC,70,Field goal,3,14,4
2024,16,KC,HOU,69,Field goal,3,14,4
2024,16,HOU,KC,74,Punt,0,3,0
2024,16,KC,HOU,61,End of half,0,7,2
2024,16,JAX,LV,70,Punt,0,7,1
2024,16,LV,JAX,97,Punt,0,4,1
2024,16,JAX,LV,71,Punt,0,6,2
2024,16,LV,JAX,86,Punt,0,4,1
2024,16,JAX,LV,29,Touchdown,7,6,3
2024,16,LV,JAX,70,Touchdown,7,6,4
2024,16,JAX,LV,70,Punt,0,3,0
2024,16,LV,JAX,64,Field goal,3,6,2
2024,16,JAX,LV,70,Punt,0,3,0
2024,16,LV,JAX,63,Field goal,3,10,3
2024,16,JAX,LV,70,Turnover,0,1,0
2024,16,LV,JAX,45,Punt,0,3,0
2024,16,JAX,LV,90,Turnover,0,9,3
2024,16,LV,JAX,67,End of half,0,1,0
2024,16,LV,JAX,70,Punt,0,3,0
2024,16,JAX,LV,75,Punt,0,8,2
2024,16,LV,JAX,80,Punt,0,6,1
2024,16,JAX,LV,91,Punt,0,4,1
2024,16,LV,JAX,33,Missed field goal,0,4,0
2024,16,JAX,LV,64,Touchdown,7,3,1
2024,16,LV,JAX,70,Touchdown,7,10,6
2024,16,JAX,LV,70,Punt,0,3,0
2024,16,LV,JAX,80,Punt,0,10,3
2024,16,JAX,LV,93,Turnover on downs,0,8,2
2024,16,LV,JAX,46,End of half,0,3,0
2024,16,LA,NYJ,79,Punt,0,11,3
2024,16,NYJ,LA,99,Touchdown,7,14,6
2024,16,LA,NYJ,88,Turnover,0,10,3
2024,16,NYJ,LA,76,Turnover on downs,0,4,0
2024,16,LA,NYJ,33,Touchdown,7,3,3
2024,16,NYJ,LA,70,Field goal,3,15,4
2024,16,NYJ,LA,71,Turnover on downs,0,14,4
2024,16,LA,NYJ,86,Field goal,3,13,5
2024,16,NYJ,LA,72,Turnover,0,3,0
2024,16,LA,NYJ,21,Touchdown,7,3,2
2024,16,NYJ,LA,59,Turnover on downs,0,4,0
2024,16,LA,NYJ,46,Field goal,3,6,1
2024,16,NYJ,LA,70,Missed field goal,0,11,3
2024,16,LA,NYJ,61,Punt,0,3,0
2024,16,LA,NYJ,13,End of half,0,3,0
2024,16,MIN,SEA,70,Touchdown,7,12,5
2024,16,SEA,MIN,68,Punt,0,3,0
2024,16,MIN,SEA,91,Punt,0,7,2
2024,16,SEA,MIN,87,Touchdown,7,7,5
2024,16,MIN,SEA,70,Punt,0,3,0
2024,16,SEA,MIN,88,Punt,0,3,0
2024,16,MIN,SEA,67,Touchdown,7,8,4
2024,16,SEA,MIN,70,Turnover,0,1,0
2024,16,MIN,SEA,31,Field goal,3,4,0
2024,16,SEA,MIN,81,Punt,0,3,0
2024,16,MIN,SEA,71,Punt,0,3,0
2024,16,SEA,MIN,88,Touchdown,7,5,5
2024,16,MIN,SEA,79,End of half,0,1,0
2024,16,SEA,MIN,65,Field goal,3,8,2
2024,16,MIN,SEA,70,Field goal,3,8,3
2024,16,SEA,MIN,70,Punt,0,3,0
2024,16,MIN,SEA,84,Punt,0,6,2
2024,16,SEA,MIN,92,Punt,0,11,3
2024,16,MIN,SEA,80,Punt,0,3,0
2024,16,SEA,MIN,68,Touchdown,7,11,6
2024,16,MIN,SEA,70,Touchdown,7,4,3
2024,16,SEA,MIN,70,Missed field goal,0,6,2
2024,16,SEA,MIN,83,Turnover,0,1,0
2024,16,MIN,SEA,44,End of half,0,2,0
2024,16,NE,BUF,58,Touchdown,7,6,3
2024,16,BUF,NE,68,Punt,0,6,1
2024,16,NE,BUF,91,Touchdown,7,16,9
2024,16,BUF,NE,70,Touchdown,7,4,3
2024,16,NE,BUF,73,Punt,0,3,0
2024,16,BUF,NE,68,Turnover,0,6,2
2024,16,NE,BUF,99,Punt,0,10,2
2024,16,BUF,NE,80,Punt,0,7,2
2024,16,NE,BUF,80,End of half,0,3,3
2024,16,BUF,NE,68,Touchdown,7,9,4
2024,16,NE,BUF,70,Turnover,0,2,0
2024,16,BUF,NE,42,Field goal,3,6,1
2024,16,NE,BUF,70,Turnover,0,8,3
2024,16,BUF,NE,80,Punt,0,10,3
2024,16,NE,BUF,90,Opp touchdown,0,2,0
2024,16,NE,BUF,70,Punt,0,5,1
2024,16,BUF,NE,91,Punt,0,6,1
2024,16,NE,BUF,75,Touchdown,7,13,7
2024,16,BUF,NE,48,End of half,0,5,2
2024,16,GB,NO,63,Touchdown,7,10,5
2024,16,NO,GB,66,Punt,0,6,2
2024,16,GB,NO,96,Touchdown,7,17,7
2024,16,NO,GB,70,Punt,0,3,0
2024,16,GB,NO,67,Touchdown,7,6,3
2024,16,NO,GB,61,Turnover,0,6,2
2024,16,GB,NO,66,Punt,0,3,0
2024,16,NO,GB,80,End of half,0,8,2
2024,16,NO,GB,78,Punt,0,5,1
2024,16,GB,NO,84,Field goal,3,10,3
2024,16,NO,GB,70,Turnover,0,9,4
2024,16,GB,NO,80,Punt,0,7,2
2024,16,NO,GB,66,Punt,0,4,1
2024,16,GB,NO,84,Field goal,3,9,2
2024,16,NO,GB,70,Turnover on downs,0,4,0
2024,16,GB,NO,48,Touchdown,7,7,2
2024,16,NO,GB,78,Turnover on downs,0,8,2
2024,16,GB,NO,49,End of half,0,2,0
2024,16,ATL,NYG,70,Missed field goal,0,8,2
2024,16,NYG,ATL,67,Punt,0,3,0
2024,16,ATL,NYG,90,Punt,0,5,1
2024,16,NYG,ATL,70,Touchdown,7,14,6
2024,16,ATL,NYG,70,Field goal,3,8,2
2024,16,NYG,ATL,70,Opp touchdown,0,5,1
2024,16,NYG,ATL,70,Punt,0,5,1
2024,16,ATL,NYG,86,Touchdown,7,9,5
2024,16,NYG,ATL,59,Turnover,0,1,0
2024,16,ATL,NYG,31,Turnover,0,6,1
2024,16,NYG,ATL,60,End of half,0,2,0
2024,16,NYG,ATL,70,Opp touchdown,0,2,0
2024,16,NYG,ATL,70,Punt,0,3,0
2024,16,ATL,NYG,69,Touchdown,7,12,6
2024,16,NYG,ATL,70,Punt,0,3,0
2024,16,ATL,NYG,87,Field goal,3,15,5
2024,16,NYG,ATL,70,Punt,0,5,1
2024,16,ATL,NYG,61,Punt,0,3,0
2024,16,NYG,ATL,89,Turnover on downs,0,12,5
2024,16,ATL,NYG,78,End of half,0,2,0
2024,16,WAS,PHI,60,Turnover on downs,0,4,0
2024,16,PHI,WAS,49,Touchdown,7,8,4
2024,16,WAS,PHI,43,Turnover,0,1,0
2024,16,PHI,WAS,57,Touchdown,7,8,4
2024,16,WAS,PHI,78,Punt,0,3,0
2024,16,PHI,WAS,85,Turnover,0,2,0
2024,16,WAS,PHI,25,Touchdown,7,4,3
2024,16,PHI,WAS,69,Touchdown,7,2,1
2024,16,WAS,PHI,67,Turnover,0,8,4
2024,16,PHI,WAS,90,Punt,0,4,1
2024,16,WAS,PHI,96,Touchdown,7,8,3
2024,16,PHI,WAS,75,Punt,0,3,0
2024,16,WAS,PHI,76,Punt,0,3,0
2024,16,PHI,WAS,73,Punt,0,3,0
2024,16,WAS,PHI,67,Turnover,0,1,0
2024,16,PHI,WAS,49,Missed field goal,0,5,1
2024,16,PHI,WAS,75,Field goal,3,6,2
2024,16,WAS,PHI,63,Turnover,0,2,0
2024,16,PHI,WAS,58,Field goal,3,14,4
2024,16,WAS,PHI,61,Touchdown,7,11,4
2024,16,PHI,WAS,69,Punt,0,5,1
2024,16,WAS,PHI,87,Touchdown,7,7,4
2024,16,PHI,WAS,66,Field goal,3,12,2
2024,16,WAS,PHI,65,Turnover,0,3,0
2024,16,PHI,WAS,27,Field goal,3,4,0
2024,16,WAS,PHI,57,Touchdown,7,9,5
2024,16,BAL,PIT,70,Punt,0,7,2
2024,16,PIT,BAL,97,Punt,0,3,0
2024,16,BAL,PIT,41,Touchdown,7,6,4
2024,16,PIT,BAL,73,Touchdown,7,10,6
2024,16,BAL,PIT,70,Punt,0,5,1
2024,16,PIT,BAL,56,Turnover,0,5,2
2024,16,BAL,PIT,96,Touchdown,7,8,5
2024,16,PIT,BAL,70,Punt,0,3,0
2024,16,BAL,PIT,72,Field goal,3,10,3
2024,16,PIT,BAL,70,Field goal,3,9,3
2024,16,PIT,BAL,70,Punt,0,3,0
2024,16,BAL,PIT,92,Punt,0,6,2
2024,16,PIT,BAL,88,Touchdown,7,8,4
2024,16,BAL,PIT,60,Touchdown,7,6,4
2024,16,PIT,BAL,62,Turnover on downs,0,6,1
2024,16,BAL,PIT,55,Turnover,0,2,1
2024,16,PIT,BAL,67,Opp touchdown,0,2,0
2024,16,PIT,BAL,70,Punt,0,7,2
2024,16,BAL,PIT,92,Field goal,3,11,3
2024,16,PIT,BAL,70,Punt,0,5,1
2024,16,BAL,PIT,85,End of half,0,3,0
2024,16,SF,MIA,70,Punt,0,3,0
2024,16,MIA,SF,90,Punt,0,5,1
2024,16,SF,MIA,72,Punt,0,5,1
2024,16,MIA,SF,70,Field goal,3,8,3
2024,16,SF,MIA,70,Touchdown,7,10,4
2024,16,MIA,SF,69,Field goal,3,11,3
2024,16,SF,MIA,70,Punt,0,3,0
2024,16,MIA,SF,68,Touchdown,7,8,4
2024,16,SF,MIA,70,Field goal,3,9,4
2024,16,MIA,SF,70,End of half,0,4,1
2024,16,MIA,SF,70,Field goal,3,8,2
2024,16,SF,MIA,70,Missed field goal,0,9,3
2024,16,MIA,SF,69,Field goal,3,9,3
2024,16,SF,MIA,60,Touchdown,7,9,4
2024,16,MIA,SF,70,Punt,0,5,1
2024,16,SF,MIA,90,Punt,0,4,1
2024,16,MIA,SF,71,Field goal,3,7,2
2024,16,SF,MIA,70,Turnover,0,2,1
2024,16,MIA,SF,62,Touchdown,7,3,2
2024,16,SF,MIA,70,Turnover on downs,0,9,2
2024,16,MIA,SF,82,End of half,0,1,0
2024,16,DAL,TB,70,Field goal,3,10,2
2024,16,TB,DAL,70,Turnover on downs,0,7,1
2024,16,DAL,TB,52,Touchdown,7,5,3
2024,16,TB,DAL,70,Punt,0,3,0
2024,16,DAL,TB,80,Punt,0,3,0
2024,16,TB,DAL,57,Touchdown,7,6,3
2024,16,DAL,TB,70,Field goal,3,5,1
2024,16,TB,DAL,70,Punt,0,8,2
2024,16,DAL,TB,80,Touchdown,7,9,4
2024,16,TB,DAL,71,Touchdown,7,7,5
2024,16,DAL,TB,70,Field goal,3,6,2
2024,16,TB,DAL,62,Punt,0,9,3
2024,16,DAL,TB,65,Field goal,3,5,1
2024,16,TB,DAL,70,Field goal,3,11,3
2024,16,DAL,TB,70,Punt,0,5,1
2024,16,TB,DAL,97,Punt,0,5,1
2024,16,DAL,TB,61,Punt,0,3,1
2024,16,TB,DAL,91,Turnover,0,5,2
2024,16,DAL,TB,80,Punt,0,3,0
2024,16,TB,DAL,87,Touchdown,7,9,5
2024,16,DAL,TB,70,Punt,0,3,0
2024,16,TB,DAL,74,Turnover,0,1,0
2024,16,DAL,TB,31,End of half,0,3,0
2024,16,TEN,IND,70,Punt,0,3,0
2024,16,IND,TEN,99,Punt,0,5,1
2024,16,TEN,IND,65,Touchdown,7,6,2
2024,16,IND,TEN,58,Turnover,0,7,2
2024,16,TEN,IND,75,Missed field goal,0,9,2
2024,16,IND,TEN,57,Touchdown,7,6,3
2024,16,TEN,IND,70,Punt,0,3,0
2024,16,IND,TEN,80,Touchdown,7,4,2
2024,16,TEN,IND,57,Punt,0,3,0
2024,16,IND,TEN,78,Field goal,3,8,2
2024,16,TEN,IND,70,Turnover,0,3,0
2024,16,IND,TEN,33,Touchdown,7,3,1
2024,16,TEN,IND,70,End of half,0,1,0
2024,16,IND,TEN,70,Touchdown,7,1,1
2024,16,TEN,IND,70,Punt,0,3,0
2024,16,IND,TEN,78,Punt,0,3,0
2024,16,TEN,IND,73,Turnover,0,4,1
2024,16,IND,TEN,40,Touchdown,7,4,2
2024,16,TEN,IND,70,Touchdown,7,9,4
2024,16,IND,TEN,77,Missed field goal,0,12,3
2024,16,TEN,IND,55,Touchdown,7,6,4
2024,16,IND,TEN,70,Punt,0,3,0
2024,16,TEN,IND,71,Touchdown,7,7,5
2024,16,IND,TEN,68,Punt,0,8,2
2024,16,TEN,IND,89,Turnover,0,1,0
2024,17,LA,ARI,70,Punt,0,4,1
2024,17,ARI,LA,97,Punt,0,6,1
2024,17,LA,ARI,72,Punt,0,6,1
2024,17,ARI,LA,95,Punt,0,7,2
2024,17,LA,ARI,61,Punt,0,4,0
2024,17,ARI,LA,81,Turnover on downs,0,10,3
2024,17,LA,ARI,85,Punt,0,3,0
2024,17,ARI,LA,85,Punt,0,4,1
2024,17,LA,ARI,60,Touchdown,7,9,4
2024,17,ARI,LA,70,Punt,0,4,1
2024,17,LA,ARI,77,Field goal,3,8,2
2024,17,ARI,LA,70,End of half,0,1,0
2024,17,ARI,LA,68,Touchdown,7,13,6
2024,17,LA,ARI,70,Punt,0,3,0
2024,17,ARI,LA,90,Field goal,3,14,5
2024,17,LA,ARI,67,Field goal,3,13,4
2024,17,ARI,LA,70,Turnover,0,7,2
2024,17,LA,ARI,89,Punt,0,3,0
2024,17,ARI,LA,64,Turnover,0,9,3
2024,17,LA,ARI,99,End of half,0,3,0
2024,17,ATL,WAS,70,Turnover,0,5,1
2024,17,WAS,ATL,38,Touchdown,7,7,3
2024,17,ATL,WAS,70,Touchdown,7,10,6
2024,17,WAS,ATL,70,Punt,0,3,0
2024,17,ATL,WAS,71,Punt,0,3,0
2024,17,WAS,ATL,72,Turnover,0,9,4
2024,17,ATL,WAS,72,Touchdown,7,11,6
2024,17,WAS,ATL,70,Punt,0,4,1
2024,17,ATL,WAS,72,Field goal,3,8,3
2024,17,WAS,ATL,70,End of half,0,1,0
2024,17,WAS,ATL,69,Touchdown,7,15,6
2024,17,ATL,WAS,71,Punt,0,3,0
2024,17,WAS,ATL,70,Touchdown,7,14,6
2024,17,ATL,WAS,70,Punt,0,6,1
2024,17,WAS,ATL,64,Field goal,3,10,4
2024,17,ATL,WAS,68,Touchdown,7,12,4
2024,17,WAS,ATL,70,Punt,0,3,0
2024,17,ATL,WAS,81,Missed field goal,0,4,2
2024,17,WAS,ATL,70,Touchdown,7,12,5
2024,17,BAL,HOU,75,Touchdown,7,8,5
2024,17,HOU,BAL,70,Punt,0,6,1
2024,17,BAL,HOU,70,Field goal,3,7,2
2024,17,HOU,BAL,70,Punt,0,4,1
2024,17,BAL,HOU,77,Punt,0,6,2
2024,17,HOU,BAL,82,Punt,0,5,1
2024,17,BAL,HOU,96,Safety,0,1,0
2024,17,HOU,BAL,57,Turnover on downs,0,9,2
2024,17,BAL,HOU,99,Touchdown,7,6,3
2024,17,HOU,BAL,70,Punt,0,4,1
2024,17,BAL,HOU,80,Punt,0,4,1
2024,17,HOU,BAL,85,End of half,0,3,1
2024,17,HOU,BAL,70,Turnover,0,3,0
2024,17,BAL,HOU,61,Touchdown,7,2,2
2024,17,HOU,BAL,70,Punt,0,3,0
2024,17,BAL,HOU,62,Touchdown,7,10,5
2024,17,HOU,BAL,70,Turnover on downs,0,8,2
2024,17,BAL,HOU,87,Punt,0,8,2
2024,17,HOU,BAL,78,Punt,0,3,0
2024,17,BAL,HOU,89,Punt,0,10,3
2024,17,HOU,BAL,80,End of half,0,6,1
2024,17,TB,CAR,70,Touchdown,7,6,4
2024,17,CAR,TB,70,Touchdown,7,6,3
2024,17,TB,CAR,80,Field goal,3,12,4
2024,17,CAR,TB,70,Punt,0,3,0
2024,17,TB,CAR,61,Field goal,3,10,4
2024,17,CAR,TB,70,Punt,0,3,0
2024,17,TB,CAR,81,Touchdown,7,4,3
2024,17,CAR,TB,75,Punt,0,3,0
2024,17,TB,CAR,64,Touchdown,7,11,5
2024,17,CAR,TB,70,Touchdown,7,4,3
2024,17,TB,CAR,83,Punt,0,3,0
2024,17,CAR,TB,76,Missed field goal,0,4,2
2024,17,CAR,TB,70,Punt,0,5,1
2024,17,TB,CAR,94,Touchdown,7,10,5
2024,17,CAR,TB,70,Opp touchdown,0,3,0
2024,17,CAR,TB,70,Punt,0,5,1
2024,17,TB,CAR,85,Touchdown,7,9,5
2024,17,CAR,TB,70,Turnover on downs,0,11,3
2024,17,TB,CAR,52,End of half,0,11,3
2024,17,DAL,PHI,70,Opp touchdown,0,7,2
2024,17,DAL,PHI,70,Touchdown,7,12,6
2024,17,PHI,DAL,61,Punt,0,3,0
2024,17,DAL,PHI,91,Punt,0,3,0
2024,17,PHI,DAL,63,Punt,0,3,0
2024,17,DAL,PHI,80,Punt,0,6,1
2024,17,PHI,DAL,81,Touchdown,7,10,4
2024,17,DAL,PHI,70,Turnover,0,1,0
2024,17,PHI,DAL,39,Field goal,3,11,2
2024,17,DAL,PHI,74,Turnover,0,6,1
2024,17,PHI,DAL,65,Touchdown,7,4,3
2024,17,PHI,DAL,67,Field goal,3,12,4
2024,17,DAL,PHI,70,Punt,0,3,0
2024,17,PHI,DAL,65,Touchdown,7,8,3
2024,17,DAL,PHI,70,Turnover,0,9,3
2024,17,PHI,DAL,75,Touchdown,7,7,4
2024,17,DAL,PHI,87,Missed field goal,0,11,3
2024,17,PHI,DAL,49,Punt,0,3,0
2024,17,DAL,PHI,80,Punt,0,3,0
2024,17,PHI,DAL,85,End of half,0,2,0
2024,17,DEN,CIN,70,Field goal,3,10,3
2024,17,CIN,DEN,70,Turnover on downs,0,11,3
2024,17,DEN,CIN,77,Punt,0,5,1
2024,17,CIN,DEN,73,Turnover on downs,0,17,6
2024,17,DEN,CIN,95,Punt,0,3,0
2024,17,CIN,DEN,62,Touchdown,7,7,5
2024,17,DEN,CIN,70,End of half,0,7,2
2024,17,CIN,DEN,72,Field goal,3,11,4
2024,17,DEN,CIN,70,Touchdown,7,12,6
2024,17,CIN,DEN,63,Touchdown,7,11,4
2024,17,DEN,CIN,75,Touchdown,7,5,3
2024,17,CIN,DEN,70,Turnover,0,6,1
2024,17,DEN,CIN,60,Turnover,0,6,1
2024,17,CIN,DEN,59,Touchdown,7,6,3
2024,17,DEN,CIN,70,Touchdown,7,7,3
2024,17,CIN,DEN,70,End of half,0,1,0
2024,17,CIN,DEN,74,Punt,0,5,2
2024,17,DEN,CIN,90,Punt,0,3,0
2024,17,CIN,DEN,54,Missed field goal,0,6,2
2024,17,DEN,CIN,77,Punt,0,3,0
2024,17,CIN,DEN,63,Touchdown,7,5,4
2024,17,SF,DET,61,Touchdown,7,11,5
2024,17,DET,SF,65,Touchdown,7,9,4
2024,17,SF,DET,70,Touchdown,7,6,5
2024,17,DET,SF,75,Touchdown,7,8,3
2024,17,SF,DET,70,Touchdown,7,7,3
2024,17,DET,SF,70,Turnover on downs,0,12,4
2024,17,SF,DET,92,Missed field goal,0,8,2
2024,17,DET,SF,59,End of half,0,1,0
2024,17,DET,SF,66,Touchdown,7,10,4
2024,17,SF,DET,84,Touchdown,7,6,4
2024,17,DET,SF,70,Field goal,3,6,1
2024,17,SF,DET,67,Turnover,0,1,1
2024,17,DET,SF,43,Touchdown,7,8,3
2024,17,SF,DET,70,Missed field goal,0,7,2
2024,17,DET,SF,52,Field goal,3,8,1
2024,17,SF,DET,70,Turnover,0,5,2
2024,17,DET,SF,62,Touchdown,7,7,3
2024,17,SF,DET,72,Touchdown,7,11,5
2024,17,GB,MIN,70,Turnover,0,5,1
2024,17,MIN,GB,62,Punt,0,5,1
2024,17,GB,MIN,85,Punt,0,3,0
2024,17,MIN,GB,65,Missed field goal,0,7,1
2024,17,GB,MIN,53,Field goal,3,8,3
2024,17,MIN,GB,77,Touchdown,7,9,4
2024,17,GB,MIN,70,Turnover on downs,0,8,2
2024,17,MIN,GB,76,Field goal,3,10,4
2024,17,GB,MIN,70,Punt,0,3,0
2024,17,MIN,GB,84,Field goal,3,6,3
2024,17,MIN,GB,70,Touchdown,7,9,4
2024,17,GB,MIN,60,Punt,0,3,0
2024,17,MIN,GB,70,Turnover,0,2,0
2024,17,GB,MIN,16,Touchdown,7,4,2
2024,17,MIN,GB,70,Touchdown,7,8,5
2024,17,GB,MIN,70,Punt,0,6,1
2024,17,MIN,GB,69,Missed field goal,0,8,2
2024,17,GB,MIN,67,Touchdown,7,9,4
2024,17,MIN,GB,79,Punt,0,3,0
2024,17,GB,MIN,62,Touchdown,7,9,4
2024,17,MIN,GB,70,End of half,0,7,2
2024,17,IND,NYG,70,Turnover,0,7,2
2024,17,NYG,IND,94,Punt,0,3,0
2024,17,IND,NYG,63,Field goal,3,10,3
2024,17,NYG,IND,70,Touchdown,7,5,2
2024,17,IND,NYG,70,Missed field goal,0,7,1
2024,17,NYG,IND,56,Touchdown,7,5,2
2024,17,IND,NYG,70,Field goal,3,7,2
2024,17,NYG,IND,70,Touchdown,7,7,4
2024,17,IND,NYG,70,Touchdown,7,14,6
2024,17,NYG,IND,70,End of half,0,1,0
2024,17,IND,NYG,70,Touchdown,7,7,3
2024,17,NYG,IND,70,Punt,0,3,0
2024,17,IND,NYG,74,Turnover on downs,0,7,2
2024,17,NYG,IND,78,Turnover on downs,0,7,1
2024,17,IND,NYG,41,Punt,0,3,0
2024,17,NYG,IND,90,Punt,0,3,0
2024,17,IND,NYG,61,Touchdown,7,6,3
2024,17,NYG,IND,70,Touchdown,7,4,2
2024,17,IND,NYG,70,Touchdown,7,5,3
2024,17,NYG,IND,70,Touchdown,7,9,4
2024,17,IND,NYG,70,Turnover,0,1,0
2024,17,NYG,IND,17,Field goal,3,4,0
2024,17,IND,NYG,70,Turnover,0,2,0
2024,17,NYG,IND,22,End of half,0,3,0
2024,17,PIT,KC,70,Punt,0,3,0
2024,17,KC,PIT,42,Touchdown,7,8,3
2024,17,PIT,KC,77,Punt,0,5,1
2024,17,KC,PIT,79,Touchdown,7,7,3
2024,17,PIT,KC,77,Turnover,0,4,2
2024,17,KC,PIT,80,Punt,0,3,0
2024,17,PIT,KC,72,Touchdown,7,11,6
2024,17,KC,PIT,69,Punt,0,7,2
2024,17,PIT,KC,80,Punt,0,9,2
2024,17,KC,PIT,79,Punt,0,3,0
2024,17,PIT,KC,80,End of half,0,3,1
2024,17,KC,PIT,67,Field goal,3,8,3
2024,17,PIT,KC,70,Field goal,3,12,3
2024,17,KC,PIT,77,Touchdown,7,11,6
2024,17,PIT,KC,70,Turnover,0,3,0
2024,17,KC,PIT,34,Touchdown,7,4,2
2024,17,PIT,KC,70,Turnover on downs,0,9,2
2024,17,KC,PIT,73,Punt,0,5,1
2024,17,PIT,KC,86,Punt,0,3,0
2024,17,KC,PIT,71,Punt,0,3,0
2024,17,PIT,KC,93,End of half,0,12,6
2024,17,LAC,NE,92,Punt,0,6,1
2024,17,NE,LAC,63,Punt,0,3,0
2024,17,LAC,NE,91,Touchdown,7,11,6
2024,17,NE,LAC,70,Punt,0,3,0
2024,17,LAC,NE,76,Field goal,3,12,4
2024,17,NE,LAC,70,Turnover,0,4,2
2024,17,LAC,NE,44,Touchdown,7,9,4
2024,17,NE,LAC,73,Touchdown,7,5,3
2024,17,LAC,NE,70,Field goal,3,8,3
2024,17,NE,LAC,70,Punt,0,3,0
2024,17,LAC,NE,94,Touchdown,7,10,4
2024,17,NE,LAC,70,Turnover on downs,0,4,0
2024,17,LAC,NE,23,Field goal,3,4,0
2024,17,NE,LAC,70,Turnover on downs,0,12,3
2024,17,LAC,NE,63,Touchdown,7,10,5
2024,17,NE,LAC,72,Punt,0,3,0
2024,17,LAC,NE,79,Punt,0,7,2
2024,17,NE,LAC,83,Turnover on downs,0,4,0
2024,17,LAC,NE,26,Field goal,3,4,0
2024,17,NE,LAC,70,End of half,0,7,3
2024,17,LV,NO,73,Field goal,3,17,5
2024,17,NO,LV,70,Punt,0,4,1
2024,17,LV,NO,94,Punt,0,3,0
2024,17,LV,NO,74,Field goal,3,8,2
2024,17,NO,LV,70,Punt,0,7,2
2024,17,LV,NO,95,Touchdown,7,9,6
2024,17,NO,LV,70,Field goal,3,7,2
2024,17,NO,LV,70,Punt,0,5,1
2024,17,LV,NO,85,Field goal,3,10,2
2024,17,NO,LV,70,Punt,0,3,0
2024,17,LV,NO,76,Punt,0,3,0
2024,17,NO,LV,80,Punt,0,3,0
2024,17,LV,NO,61,Field goal,3,12,4
2024,17,NO,LV,70,Turnover,0,6,1
2024,17,LV,NO,40,Touchdown,7,6,2
2024,17,NO,LV,70,Punt,0,3,0
2024,17,LV,NO,67,Punt,0,5,1
2024,17,NO,LV,90,Punt,0,3,0
2024,17,LV,NO,49,Punt,0,3,0
2024,17,NO,LV,90,Turnover,0,10,4
2024,17,LV,NO,41,End of half,0,2,0
2024,17,MIA,CLE,70,Punt,0,7,2
2024,17,CLE,MIA,81,Punt,0,3,0
2024,17,MIA,CLE,62,Field goal,3,7,2
2024,17,CLE,MIA,73,Field goal,3,14,5
2024,17,MIA,CLE,70,Punt,0,4,1
2024,17,CLE,MIA,80,Punt,0,3,0
2024,17,MIA,CLE,70,Punt,0,4,1
2024,17,CLE,MIA,95,Turnover,0,6,2
2024,17,MIA,CLE,65,Punt,0,3,0
2024,17,CLE,MIA,58,Turnover on downs,0,6,1
2024,17,MIA,CLE,62,Field goal,3,5,3
2024,17,CLE,MIA,70,Punt,0,3,0
2024,17,MIA,CLE,72,Touchdown,7,6,5
2024,17,CLE,MIA,70,Punt,0,3,0
2024,17,MIA,CLE,71,Punt,0,3,0
2024,17,CLE,MIA,70,Turnover,0,6,2
2024,17,MIA,CLE,45,Turnover on downs,0,4,0
2024,17,CLE,MIA,62,Turnover on downs,0,11,4
2024,17,MIA,CLE,97,Punt,0,3,0
2024,17,CLE,MIA,45,Punt,0,3,0
2024,17,MIA,CLE,86,Punt,0,8,2
2024,17,CLE,MIA,98,Turnover on downs,0,7,1
2024,17,MIA,CLE,21,Touchdown,7,4,2
2024,17,CLE,MIA,70,Turnover on downs,0,12,3
2024,17,MIA,CLE,83,End of half,0,1,0
2024,17,BUF,NYJ,70,Touchdown,7,12,8
2024,17,NYJ,BUF,72,Turnover on downs,0,10,4
2024,17,BUF,NYJ,76,Punt,0,6,1
2024,17,NYJ,BUF,74,Turnover,0,7,3
2024,17,BUF,NYJ,83,Punt,0,10,3
2024,17,NYJ,BUF,95,Safety,0,2,0
2024,17,BUF,NYJ,68,Field goal,3,9,3
2024,17,NYJ,BUF,70,Punt,0,6,2
2024,17,BUF,NYJ,99,Punt,0,3,0
2024,17,NYJ,BUF,45,Turnover,0,4,1
2024,17,BUF,NYJ,38,Touchdown,7,5,2
2024,17,NYJ,BUF,85,Punt,0,3,0
2024,17,BUF,NYJ,37,Touchdown,7,5,4
2024,17,NYJ,BUF,70,Turnover,0,1,0
2024,17,BUF,NYJ,15,Touchdown,7,3,1
2024,17,NYJ,BUF,70,Punt,0,3,0
2024,17,BUF,NYJ,65,Touchdown,7,3,1
2024,17,NYJ,BUF,75,Touchdown,7,13,6
2024,17,BUF,NYJ,51,Turnover on downs,0,4,0
2024,17,NYJ,BUF,58,Touchdown,7,8,4
2024,17,BUF,NYJ,81,End of half,0,3,0
2024,17,SEA,CHI,80,Field goal,3,11,4
2024,17,CHI,SEA,70,Punt,0,3,0
2024,17,SEA,CHI,83,Punt,0,3,0
2024,17,CHI,SEA,71,Punt,0,5,1
2024,17,SEA,CHI,95,Punt,0,3,0
2024,17,CHI,SEA,69,Punt,0,3,0
2024,17,SEA,CHI,84,Punt,0,9,3
2024,17,CHI,SEA,91,Field goal,3,13,4
2024,17,SEA,CHI,70,Field goal,3,8,2
2024,17,CHI,SEA,70,End of half,0,2,0
2024,17,CHI,SEA,78,Punt,0,3,0
2024,17,SEA,CHI,80,Punt,0,6,1
2024,17,CHI,SEA,84,Punt,0,5,1
2024,17,SEA,CHI,65,Turnover,0,5,1
2024,17,CHI,SEA,62,Punt,0,6,1
2024,17,SEA,CHI,86,Punt,0,3,0
2024,17,CHI,SEA,62,Punt,0,6,1
2024,17,SEA,CHI,88,Punt,0,4,1
2024,17,CHI,SEA,89,Turnover,0,13,3
2024,17,SEA,CHI,71,End of half,0,1,0
2024,17,JAX,TEN,68,Field goal,3,9,3
2024,17,TEN,JAX,70,Punt,0,4,2
2024,17,JAX,TEN,96,Punt,0,10,3
2024,17,TEN,JAX,93,Turnover,0,9,4
2024,17,JAX,TEN,43,Touchdown,7,5,3
2024,17,TEN,JAX,79,Punt,0,4,1
2024,17,JAX,TEN,80,Field goal,3,12,3
2024,17,TEN,JAX,71,Field goal,3,10,3
2024,17,TEN,JAX,85,Touchdown,7,13,5
2024,17,JAX,TEN,70,Punt,0,3,0
2024,17,TEN,JAX,72,Punt,0,6,1
2024,17,JAX,TEN,74,Touchdown,7,16,6
2024,17,TEN,JAX,70,Field goal,3,12,4
2024,17,JAX,TEN,69,Punt,0,3,0
2024,17,TEN,JAX,74,Turnover on downs,0,8,3
2024,17,JAX,TEN,74,End of half,0,1,0
2024,18,NE,BUF,70,Punt,0,3,0
2024,18,BUF,NE,54,Turnover on downs,0,4,0
2024,18,NE,BUF,55,Touchdown,7,13,5
2024,18,BUF,NE,75,Touchdown,7,13,6
2024,18,NE,BUF,70,Touchdown,7,5,2
2024,18,BUF,NE,70,Field goal,3,8,2
2024,18,NE,BUF,60,Punt,0,6,2
2024,18,BUF,NE,95,Punt,0,10,3
2024,18,BUF,NE,70,Punt,0,9,2
2024,18,NE,BUF,94,Turnover,0,2,1
2024,18,BUF,NE,16,Touchdown,7,5,2
2024,18,NE,BUF,77,Field goal,3,12,4
2024,18,BUF,NE,70,Punt,0,3,0
2024,18,NE,BUF,79,Field goal,3,11,4
2024,18,BUF,NE,66,Turnover on downs,0,7,1
2024,18,NE,BUF,56,Punt,0,3,0
2024,18,BUF,NE,85,Punt,0,3,0
2024,18,NE,BUF,45,Field goal,3,6,1
2024,18,BUF,NE,71,Turnover on downs,0,4,0
2024,18,NE,BUF,29,End of half,0,3,0
2024,18,ATL,CAR,71,Field goal,3,12,3
2024,18,CAR,ATL,70,Field goal,3,8,2
2024,18,ATL,CAR,69,Turnover on downs,0,11,2
2024,18,CAR,ATL,58,Touchdown,7,11,5
2024,18,ATL,CAR,70,Touchdown,7,10,5
2024,18,CAR,ATL,75,Touchdown,7,5,3
2024,18,ATL,CAR,70,Touchdown,7,6,4
2024,18,CAR,ATL,70,Punt,0,3,0
2024,18,ATL,CAR,81,Touchdown,7,6,3
2024,18,CAR,ATL,70,End of half,0,1,0
2024,18,CAR,ATL,70,Punt,0,3,0
2024,18,ATL,CAR,88,Turnover,0,3,1
2024,18,CAR,ATL,21,Touchdown,7,4,1
2024,18,ATL,CAR,68,Missed field goal,0,8,2
2024,18,CAR,ATL,58,Touchdown,7,9,4
2024,18,ATL,CAR,74,Touchdown,7,11,4
2024,18,CAR,ATL,70,Touchdown,7,9,4
2024,18,ATL,CAR,70,Touchdown,7,11,6
2024,18,CAR,ATL,70,Punt,0,3,0
2024,18,ATL,CAR,88,End of half,0,1,1
2024,18,CAR,ATL,70,Touchdown,7,10,6
2024,18,GB,CHI,85,Punt,0,5,1
2024,18,CHI,GB,70,Punt,0,3,0
2024,18,GB,CHI,60,Opp touchdown,0,6,1
2024,18,GB,CHI,71,Field goal,3,8,3
2024,18,CHI,GB,74,Punt,0,3,0
2024,18,GB,CHI,73,Turnover,0,1,0
2024,18,CHI,GB,21,Touchdown,7,3,2
2024,18,GB,CHI,63,Touchdown,7,7,5
2024,18,CHI,GB,80,Punt,0,6,2
2024,18,GB,CHI,80,Field goal,3,11,3
2024,18,CHI,GB,55,Punt,0,6,1
2024,18,GB,CHI,89,End of half,0,1,0
2024,18,CHI,GB,70,Turnover,0,8,2
2024,18,GB,CHI,56,Turnover,0,5,2
2024,18,CHI,GB,54,Punt,0,6,1
2024,18,GB,CHI,84,Turnover on downs,0,8,2
2024,18,CHI,GB,61,Touchdown,7,8,3
2024,18,GB,CHI,83,Punt,0,4,1
2024,18,CHI,GB,80,Punt,0,3,0
2024,18,GB,CHI,51,Touchdown,7,4,2
2024,18,CHI,GB,67,Turnover,0,6,2
2024,18,GB,CHI,43,Field goal,3,4,0
2024,18,CHI,GB,80,Field goal,3,6,3
2024,18,CIN,PIT,73,Touchdown,7,9,4
2024,18,PIT,CIN,60,Punt,0,3,0
2024,18,CIN,PIT,67,Field goal,3,11,3
2024,18,PIT,CIN,73,Touchdown,7,13,7
2024,18,CIN,PIT,56,Turnover on downs,0,6,1
2024,18,PIT,CIN,62,Punt,0,3,0
2024,18,CIN,PIT,84,Punt,0,3,0
2024,18,CIN,PIT,33,Turnover,0,4,1
2024,18,PIT,CIN,83,Turnover on downs,0,6,1
2024,18,CIN,PIT,37,Field goal,3,7,2
2024,18,PIT,CIN,70,End of half,0,1,0
2024,18,PIT,CIN,70,Punt,0,3,0
2024,18,CIN,PIT,64,Field goal,3,11,4
2024,18,PIT,CIN,70,Punt,0,5,1
2024,18,CIN,PIT,87,Field goal,3,15,5
2024,18,PIT,CIN,65,Touchdown,7,9,5
2024,18,CIN,PIT,73,Punt,0,5,1
2024,18,PIT,CIN,89,Punt,0,3,0
2024,18,PIT,CIN,38,Field goal,3,6,1
2024,18,CIN,PIT,56,Punt,0,3,0
2024,18,PIT,CIN,76,Turnover on downs,0,7,1
2024,18,CIN,PIT,40,End of half,0,1,0
2024,18,CLE,BAL,70,Punt,0,4,1
2024,18,BAL,CLE,80,Punt,0,6,1
2024,18,CLE,BAL,80,Opp touchdown,0,2,0
2024,18,CLE,BAL,70,Turnover on downs,0,4,0
2024,18,BAL,CLE,39,Turnover on downs,0,6,1
2024,18,CLE,BAL,91,Punt,0,6,1
2024,18,BAL,CLE,47,Touchdown,7,7,3
2024,18,CLE,BAL,60,Field goal,3,9,3
2024,18,BAL,CLE,48,Turnover on downs,0,7,1
2024,18,CLE,BAL,77,Punt,0,3,0
2024,18,BAL,CLE,90,Turnover on downs,0,9,3
2024,18,BAL,CLE,70,Touchdown,7,7,4
2024,18,CLE,BAL,70,Punt,0,3,0
2024,18,BAL,CLE,75,Punt,0,8,2
2024,18,CLE,BAL,90,Punt,0,4,1
2024,18,BAL,CLE,59,Punt,0,3,0
2024,18,CLE,BAL,72,Touchdown,7,12,5
2024,18,BAL,CLE,70,Touchdown,7,8,4
2024,18,CLE,BAL,70,Turnover on downs,0,5,1
2024,18,BAL,CLE,51,Touchdown,7,3,1
2024,18,CLE,BAL,52,Turnover,0,3,1
2024,18,BAL,CLE,78,Punt,0,3,0
2024,18,CLE,BAL,80,End of half,0,1,0
2024,18,HOU,TEN,69,Touchdown,7,11,6
2024,18,TEN,HOU,67,Punt,0,3,0
2024,18,HOU,TEN,83,Punt,0,6,1
2024,18,TEN,HOU,75,Punt,0,5,1
2024,18,HOU,TEN,92,Touchdown,7,1,1
2024,18,TEN,HOU,44,Punt,0,3,0
2024,18,HOU,TEN,74,Punt,0,3,0
2024,18,TEN,HOU,92,Punt,0,3,0
2024,18,HOU,TEN,74,Turnover,0,4,1
2024,18,TEN,HOU,70,Field goal,3,11,3
2024,18,HOU,TEN,60,Field goal,3,7,2
2024,18,TEN,HOU,73,Field goal,3,13,4
2024,18,HOU,TEN,69,Turnover on downs,0,12,4
2024,18,TEN,HOU,99,Opp touchdown,0,5,1
2024,18,TEN,HOU,70,Turnover on downs,0,7,1
2024,18,HOU,TEN,60,Punt,0,3,0
2024,18,TEN,HOU,80,Punt,0,3,0
2024,18,HOU,TEN,69,Punt,0,5,1
2024,18,TEN,HOU,94,Touchdown,7,9,4
2024,18,HOU,TEN,44,End of half,0,7,2
2024,18,IND,JAX,70,Touchdown,7,3,2
2024,18,JAX,IND,70,Touchdown,7,10,5
2024,18,IND,JAX,70,Punt,0,4,1
2024,18,JAX,IND,91,Punt,0,3,0
2024,18,IND,JAX,73,Turnover on downs,0,5,1
2024,18,JAX,IND,48,Field goal,3,5,1
2024,18,IND,JAX,70,Touchdown,7,8,5
2024,18,JAX,IND,70,Punt,0,3,0
2024,18,IND,JAX,74,Field goal,3,11,3
2024,18,JAX,IND,70,Field goal,3,9,3
2024,18,IND,JAX,70,Field goal,3,7,2
2024,18,JAX,IND,70,End of half,0,1,0
2024,18,JAX,IND,70,Punt,0,6,1
2024,18,IND,JAX,93,Punt,0,3,0
2024,18,JAX,IND,62,Turnover,0,5,1
2024,18,IND,JAX,89,Missed field goal,0,11,3
2024,18,JAX,IND,59,Punt,0,3,0
2024,18,IND,JAX,81,Punt,0,6,1
2024,18,JAX,IND,84,Touchdown,7,14,6
2024,18,IND,JAX,70,Field goal,3,7,2
2024,18,JAX,IND,70,Field goal,3,7,2
2024,18,IND,JAX,70,Punt,0,6,1
2024,18,JAX,IND,85,End of half,0,1,0
2024,18,IND,JAX,70,Field goal,3,11,3
2024,18,JAX,IND,70,Turnover on downs,0,4,0
2024,18,DEN,KC,70,Touchdown,7,6,4
2024,18,KC,DEN,70,Punt,0,3,0
2024,18,DEN,KC,85,Touchdown,7,10,4
2024,18,KC,DEN,70,Punt,0,3,1
2024,18,DEN,KC,89,Touchdown,7,18,8
2024,18,KC,DEN,70,Missed field goal,0,11,2
2024,18,DEN,KC,59,Field goal,3,4,2
2024,18,KC,DEN,70,Punt,0,4,1
2024,18,DEN,KC,80,Punt,0,5,1
2024,18,KC,DEN,68,Punt,0,3,0
2024,18,DEN,KC,79,Touchdown,7,11,4
2024,18,KC,DEN,70,Turnover on downs,0,5,1
2024,18,DEN,KC,51,Touchdown,7,10,4
2024,18,KC,DEN,70,Punt,0,3,0
2024,18,DEN,KC,82,Punt,0,9,2
2024,18,KC,DEN,85,End of half,0,2,0
2024,18,LV,LAC,70,Punt,0,3,0
2024,18,LAC,LV,80,Punt,0,3,0
2024,18,LV,LAC,76,Punt,0,3,0
2024,18,LAC,LV,88,Missed field goal,0,7,2
2024,18,LV,LAC,59,Field goal,3,7,2
2024,18,LAC,LV,70,Field goal,3,6,1
2024,18,LV,LAC,70,Touchdown,7,5,4
2024,18,LAC,LV,70,Field goal,3,15,5
2024,18,LV,LAC,70,Punt,0,3,0
2024,18,LAC,LV,83,Field goal,3,9,3
2024,18,LV,LAC,74,Turnover,0,2,0
2024,18,LAC,LV,30,Touchdown,7,4,2
2024,18,LV,LAC,70,End of half,0,1,0
2024,18,LAC,LV,70,Field goal,3,13,5
2024,18,LV,LAC,70,Field goal,3,8,2
2024,18,LAC,LV,70,Touchdown,7,7,3
2024,18,LV,LAC,58,Turnover on downs,0,6,3
2024,18,LAC,LV,81,Touchdown,7,12,5
2024,18,LV,LAC,70,Touchdown,7,12,5
2024,18,LAC,LV,43,End of half,0,1,0
2024,18,MIA,NYJ,67,Punt,0,3,0
2024,18,NYJ,MIA,84,Turnover,0,1,0
2024,18,MIA,NYJ,15,Field goal,3,4,0
2024,18,NYJ,MIA,77,Punt,0,4,1
2024,18,MIA,NYJ,67,Punt,0,4,1
2024,18,NYJ,MIA,74,Punt,0,4,1
2024,18,MIA,NYJ,86,Field goal,3,9,2
2024,18,NYJ,MIA,70,Punt,0,3,0
2024,18,MIA,NYJ,66,Punt,0,3,0
2024,18,NYJ,MIA,79,Touchdown,7,8,5
2024,18,MIA,NYJ,60,Turnover,0,2,1
2024,18,NYJ,MIA,90,Turnover on downs,0,9,2
2024,18,MIA,NYJ,54,Turnover,0,4,1
2024,18,NYJ,MIA,39,Touchdown,7,3,3
2024,18,MIA,NYJ,27,Turnover,0,4,1
2024,18,NYJ,MIA,88,End of half,0,1,0
2024,18,NYJ,MIA,70,Punt,0,4,0
2024,18,MIA,NYJ,60,Turnover,0,3,1
2024,18,NYJ,MIA,49,Field goal,3,10,3
2024,18,MIA,NYJ,78,Touchdown,7,14,6
2024,18,NYJ,MIA,70,Touchdown,7,7,3
2024,18,MIA,NYJ,70,Touchdown,7,12,5
2024,18,NYJ,MIA,70,Touchdown,7,9,4
2024,18,MIA,NYJ,74,End of half,0,8,3
2024,18,DET,MIN,70,Punt,0,6,1
2024,18,MIN,DET,86,Punt,0,8,2
2024,18,DET,MIN,78,Touchdown,7,9,4
2024,18,MIN,DET,80,Punt,0,3,0
2024,18,DET,MIN,69,Punt,0,3,0
2024,18,DET,MIN,97,Turnover,0,7,2
2024,18,MIN,DET,7,Field goal,3,4,0
2024,18,DET,MIN,70,Turnover on downs,0,6,1
2024,18,MIN,DET,58,Field goal,3,9,3
2024,18,DET,MIN,60,Field goal,3,3,2
2024,18,MIN,DET,70,Turnover on downs,0,8,2
2024,18,DET,MIN,98,Turnover,0,1,0
2024,18,MIN,DET,54,Field goal,3,6,1
2024,18,DET,MIN,70,Touchdown,7,13,5
2024,18,MIN,DET,70,Missed field goal,0,6,1
2024,18,DET,MIN,59,Touchdown,7,6,4
2024,18,MIN,DET,70,Punt,0,5,1
2024,18,DET,MIN,74,Touchdown,7,7,4
2024,18,MIN,DET,70,Turnover on downs,0,7,2
2024,18,DET,MIN,43,Turnover on downs,0,6,1
2024,18,MIN,DET,77,End of half,0,1,0
2024,18,NO,TB,70,Field goal,3,11,3
2024,18,TB,NO,77,Field goal,3,9,2
2024,18,NO,TB,70,Field goal,3,10,3
2024,18,TB,NO,70,Punt,0,3,0
2024,18,NO,TB,79,Touchdown,7,14,5
2024,18,TB,NO,70,Field goal,3,12,3
2024,18,NO,TB,70,Field goal,3,10,4
2024,18,TB,NO,68,End of half,0,1,0
2024,18,TB,NO,72,Touchdown,7,10,5
2024,18,NO,TB,70,Punt,0,3,0
2024,18,TB,NO,75,Turnover,0,3,0
2024,18,NO,TB,37,Field goal,3,4,0
2024,18,TB,NO,70,Punt,0,3,0
2024,18,NO,TB,47,Punt,0,3,0
2024,18,TB,NO,82,Touchdown,7,12,4
2024,18,NO,TB,70,Punt,0,5,1
2024,18,TB,NO,94,Touchdown,7,12,6
2024,18,NO,TB,70,Turnover on downs,0,7,3
2024,18,TB,NO,68,End of half,0,1,0
2024,18,NYG,PHI,80,Turnover on downs,0,10,2
2024,18,PHI,NYG,51,Touchdown,7,4,3
2024,18,NYG,PHI,60,Punt,0,3,0
2024,18,PHI,NYG,86,Missed field goal,0,14,4
2024,18,NYG,PHI,71,Turnover on downs,0,12,2
2024,18,PHI,NYG,65,Field goal,3,13,4
2024,18,NYG,PHI,70,Punt,0,3,0
2024,18,PHI,NYG,72,Punt,0,6,2
2024,18,PHI,NYG,43,Turnover on downs,0,4,0
2024,18,NYG,PHI,65,Field goal,3,10,3
2024,18,PHI,NYG,71,Punt,0,3,0
2024,18,NYG,PHI,86,Punt,0,3,0
2024,18,PHI,NYG,61,Touchdown,7,7,4
2024,18,NYG,PHI,70,Touchdown,7,8,3
2024,18,PHI,NYG,75,Punt,0,3,0
2024,18,NYG,PHI,38,Field goal,3,4,0
2024,18,PHI,NYG,70,Field goal,3,16,4
2024,18,NYG,PHI,70,Turnover,0,3,0
2024,18,PHI,NYG,46,End of half,0,1,0
2024,18,LA,SEA,70,Punt,0,4,1
2024,18,SEA,LA,94,Punt,0,5,1
2024,18,LA,SEA,84,Punt,0,3,0
2024,18,SEA,LA,55,Touchdown,7,5,3
2024,18,LA,SEA,63,Field goal,3,9,2
2024,18,SEA,LA,70,Touchdown,7,7,3
2024,18,LA,SEA,78,Touchdown,7,8,5
2024,18,SEA,LA,73,Field goal,3,9,2
2024,18,LA,SEA,55,Turnover,0,3,0
2024,18,SEA,LA,55,Punt,0,3,0
2024,18,LA,SEA,80,Field goal,3,5,1
2024,18,SEA,LA,70,Punt,0,3,0
2024,18,LA,SEA,79,Field goal,3,9,2
2024,18,SEA,LA,70,Touchdown,7,10,4
2024,18,LA,SEA,70,Touchdown,7,9,5
2024,18,SEA,LA,70,Punt,0,3,0
2024,18,LA,SEA,78,Field goal,3,7,1
2024,18,SEA,LA,70,Touchdown,7,8,5
2024,18,LA,SEA,70,Turnover on downs,0,12,3
2024,18,SEA,LA,90,End of half,0,1,0
2024,18,SF,ARI,70,Field goal,3,6,1
2024,18,ARI,SF,70,Punt,0,5,1
2024,18,SF,ARI,92,Missed field goal,0,12,5
2024,18,ARI,SF,63,Field goal,3,8,1
2024,18,SF,ARI,70,Turnover,0,3,0
2024,18,ARI,SF,45,Touchdown,7,7,3
2024,18,SF,ARI,70,Punt,0,3,0
2024,18,ARI,SF,82,Punt,0,3,0
2024,18,SF,ARI,74,Touchdown,7,8,5
2024,18,ARI,SF,70,Touchdown,7,8,5
2024,18,SF,ARI,70,Touchdown,7,10,5
2024,18,ARI,SF,70,Field goal,3,4,2
2024,18,ARI,SF,70,Punt,0,3,0
2024,18,SF,ARI,76,Punt,0,3,0
2024,18,ARI,SF,49,Touchdown,7,6,5
2024,18,SF,ARI,70,Touchdown,7,7,3
2024,18,ARI,SF,70,Touchdown,7,10,5
2024,18,SF,ARI,82,Turnover,0,9,4
2024,18,ARI,SF,73,Punt,0,3,0
2024,18,SF,ARI,66,Turnover,0,3,0
2024,18,ARI,SF,39,Touchdown,7,2,2
2024,18,SF,ARI,70,Turnover on downs,0,8,2
2024,18,ARI,SF,57,Touchdown,7,5,2
2024,18,SF,ARI,70,End of half,0,3,1
2024,18,WAS,DAL,70,Punt,0,3,0
2024,18,DAL,WAS,91,Field goal,3,8,2
2024,18,WAS,DAL,70,Punt,0,6,1
2024,18,DAL,WAS,90,Punt,0,3,0
2024,18,WAS,DAL,72,Punt,0,3,0
2024,18,DAL,WAS,81,Punt,0,6,1
2024,18,DAL,WAS,22,Field goal,3,4,0
2024,18,WAS,DAL,75,Punt,0,4,1
2024,18,DAL,WAS,75,Punt,0,5,1
2024,18,WAS,DAL,63,Field goal,3,9,2
2024,18,DAL,WAS,70,Turnover on downs,0,15,5
2024,18,WAS,DAL,98,End of half,0,1,0
2024,18,DAL,WAS,70,Field goal,3,12,4
2024,18,WAS,DAL,70,Touchdown,7,8,4
2024,18,DAL,WAS,70,Field goal,3,15,5
2024,18,WAS,DAL,70,Touchdown,7,8,5
2024,18,DAL,WAS,70,Touchdown,7,8,5
2024,18,WAS,DAL,70,Punt,0,3,0
2024,18,DAL,WAS,56,Punt,0,3,0
2024,18,WAS,DAL,91,Touchdown,7,11,5
2024,19,DEN,BUF,70,Touchdown,7,5,2
2024,19,BUF,DEN,67,Field goal,3,12,4
2024,19,DEN,BUF,70,Punt,0,3,0
2024,19,BUF,DEN,81,Touchdown,7,13,6
2024,19,DEN,BUF,70,Punt,0,9,2
2024,19,BUF,DEN,99,Punt,0,11,3
2024,19,DEN,BUF,92,Missed field goal,0,8,5
2024,19,BUF,DEN,64,Field goal,3,8,3
2024,19,DEN,BUF,80,Punt,0,3,0
2024,19,BUF,DEN,73,Touchdown,7,9,4
2024,19,DEN,BUF,70,Punt,0,3,0
2024,19,BUF,DEN,59,Touchdown,7,3,1
2024,19,DEN,BUF,75,Turnover on downs,0,8,4
2024,19,BUF,DEN,86,Field goal,3,14,4
2024,19,DEN,BUF,70,Turnover on downs,0,4,0
2024,19,BUF,DEN,23,End of half,0,5,1
2024,19,PHI,GB,28,Touchdown,7,3,2
2024,19,GB,PHI,87,Punt,0,3,0
2024,19,PHI,GB,65,Punt,0,5,1
2024,19,GB,PHI,80,Punt,0,6,1
2024,19,PHI,GB,70,Field goal,3,11,4
2024,19,GB,PHI,70,Turnover,0,2,0
2024,19,PHI,GB,78,Punt,0,3,0
2024,19,GB,PHI,57,Missed field goal,0,13,3
2024,19,PHI,GB,72,Punt,0,3,0
2024,19,GB,PHI,72,Turnover,0,6,2
2024,19,PHI,GB,45,Punt,0,3,0
2024,19,GB,PHI,89,End of half,0,1,0
2024,19,PHI,GB,75,Punt,0,5,1
2024,19,GB,PHI,84,Field goal,3,12,3
2024,19,PHI,GB,68,Touchdown,7,5,2
2024,19,GB,PHI,78,Touchdown,7,9,5
2024,19,PHI,GB,70,Field goal,3,13,4
2024,19,GB,PHI,80,Turnover on downs,0,5,1
2024,19,PHI,GB,41,Field goal,3,6,1
2024,19,GB,PHI,70,Turnover,0,5,2
2024,19,PHI,GB,80,End of half,0,3,1
2024,19,LAC,HOU,73,Field goal,3,10,4
2024,19,HOU,LAC,70,Turnover,0,1,0
2024,19,LAC,HOU,33,Field goal,3,6,1
2024,19,HOU,LAC,70,Punt,0,3,0
2024,19,LAC,HOU,65,Punt,0,4,1
2024,19,HOU,LAC,72,Punt,0,5,2
2024,19,LAC,HOU,92,Punt,0,5,2
2024,19,HOU,LAC,88,Turnover,0,3,0
2024,19,LAC,HOU,40,Turnover,0,1,0
2024,19,HOU,LAC,90,Punt,0,4,1
2024,19,LAC,HOU,75,Punt,0,6,1
2024,19,HOU,LAC,99,Touchdown,7,13,5
2024,19,LAC,HOU,70,Punt,0,3,0
2024,19,HOU,LAC,68,Field goal,3,5,2
2024,19,HOU,LAC,70,Turnover,0,4,1
2024,19,LAC,HOU,74,Turnover on downs,0,5,2
2024,19,HOU,LAC,65,Field goal,3,10,3
2024,19,LAC,HOU,71,Punt,0,3,0
2024,19,HOU,LAC,63,Punt,0,3,0
2024,19,LAC,HOU,72,Opp touchdown,0,1,0
2024,19,LAC,HOU,70,Turnover,0,4,2
2024,19,HOU,LAC,13,Field goal,3,4,0
2024,19,LAC,HOU,70,Touchdown,7,3,1
2024,19,HOU,LAC,74,Touchdown,7,14,5
2024,19,LAC,HOU,70,Turnover,0,5,1
2024,19,HOU,LAC,67,End of half,0,4,1
2024,19,LA,MIN,70,Touchdown,7,7,4
2024,19,MIN,LA,70,Punt,0,3,0
2024,19,LA,MIN,78,Field goal,3,8,3
2024,19,MIN,LA,70,Field goal,3,9,2
2024,19,LA,MIN,70,Punt,0,3,0
2024,19,MIN,LA,73,Turnover,0,7,2
2024,19,LA,MIN,58,Punt,0,3,0
2024,19,MIN,LA,90,Opp touchdown,0,7,2
2024,19,MIN,LA,70,Turnover on downs,0,7,1
2024,19,LA,MIN,39,Touchdown,7,5,3
2024,19,MIN,LA,77,End of half,0,1,0
2024,19,MIN,LA,70,Punt,0,5,1
2024,19,LA,MIN,77,Field goal,3,11,3
2024,19,MIN,LA,62,Touchdown,7,6,4
2024,19,LA,MIN,70,Punt,0,5,1
2024,19,MIN,LA,96,Punt,0,11,4
2024,19,LA,MIN,80,Punt,0,6,2
2024,19,MIN,LA,80,Turnover on downs,0,10,3
2024,19,LA,MIN,54,Punt,0,3,0
2024,19,MIN,LA,92,Turnover on downs,0,6,1
2024,19,LA,MIN,20,End of half,0,2,0
2024,19,PIT,BAL,80,Punt,0,6,1
2024,19,BAL,PIT,95,Touchdown,7,13,6
2024,19,PIT,BAL,70,Punt,0,3,0
2024,19,BAL,PIT,80,Punt,0,6,1
2024,19,PIT,BAL,80,Punt,0,3,0
2024,19,BAL,PIT,85,Touchdown,7,13,7
2024,19,PIT,BAL,71,Punt,0,5,1
2024,19,BAL,PIT,90,Touchdown,7,9,5
2024,19,PIT,BAL,70,End of half,0,1,0
2024,19,BAL,PIT,70,Punt,0,5,1
2024,19,PIT,BAL,98,Touchdown,7,9,3
2024,19,BAL,PIT,70,Touchdown,7,4,3
2024,19,PIT,BAL,70,Touchdown,7,5,3
2024,19,BAL,PIT,70,Punt,0,3,0
2024,19,PIT,BAL,75,Punt,0,6,1
2024,19,BAL,PIT,83,Punt,0,9,2
2024,19,PIT,BAL,75,Turnover on downs,0,7,2
2024,19,BAL,PIT,57,End of half,0,10,4
2024,19,TB,WAS,70,Field goal,3,8,2
2024,19,WAS,TB,67,Turnover on downs,0,7,1
2024,19,TB,WAS,80,Punt,0,6,2
2024,19,WAS,TB,92,Touchdown,7,17,7
2024,19,TB,WAS,70,Punt,0,3,0
2024,19,WAS,TB,70,Field goal,3,11,3
2024,19,TB,WAS,74,Touchdown,7,7,6
2024,19,WAS,TB,74,End of half,0,1,0
2024,19,WAS,TB,70,Field goal,3,10,3
2024,19,TB,WAS,72,Touchdown,7,10,6
2024,19,WAS,TB,70,Turnover on downs,0,12,4
2024,19,TB,WAS,96,Turnover,0,4,1
2024,19,WAS,TB,13,Touchdown,7,4,1
2024,19,TB,WAS,75,Field goal,3,8,2
2024,19,WAS,TB,70,Field goal,3,10,3
2024,20,BAL,BUF,73,Touchdown,7,8,3
2024,20,BUF,BAL,70,Touchdown,7,11,4
2024,20,BAL,BUF,72,Turnover,0,2,0
2024,20,BUF,BAL,57,Punt,0,4,1
2024,20,BAL,BUF,91,Turnover,0,9,4
2024,20,BUF,BAL,24,Touchdown,7,4,2
2024,20,BAL,BUF,65,Field goal,3,9,3
2024,20,BUF,BAL,70,Touchdown,7,9,4
2024,20,BAL,BUF,67,End of half,0,1,0
2024,20,BUF,BAL,75,Punt,0,3,0
2024,20,BAL,BUF,64,Field goal,3,9,3
2024,20,BUF,BAL,70,Punt,0,6,1
2024,20,BAL,BUF,80,Touchdown,7,7,5
2024,20,BUF,BAL,70,Field goal,3,10,3
2024,20,BAL,BUF,70,Turnover,0,6,1
2024,20,BUF,BAL,54,Field goal,3,11,4
2024,20,BAL,BUF,88,Touchdown,7,8,4
2024,20,BUF,BAL,47,End of half,0,3,1
2024,20,KC,HOU,13,Field goal,3,4,0
2024,20,HOU,KC,80,Field goal,3,10,3
2024,20,KC,HOU,69,Field goal,3,9,3
2024,20,HOU,KC,70,Punt,0,6,1
2024,20,KC,HOU,80,Punt,0,7,2
2024,20,HOU,KC,80,Missed field goal,0,8,2
2024,20,KC,HOU,55,Touchdown,7,5,2
2024,20,HOU,KC,70,Field goal,3,9,2
2024,20,KC,HOU,74,End of half,0,1,0
2024,20,HOU,KC,82,Touchdown,7,15,6
2024,20,KC,HOU,81,Touchdown,7,13,5
2024,20,HOU,KC,66,Turnover on downs,0,6,1
2024,20,KC,HOU,44,Punt,0,3,0
2024,20,HOU,KC,93,Punt,0,3,0
2024,20,KC,HOU,45,Field goal,3,7,2
2024,20,HOU,KC,70,Missed field goal,0,11,3
2024,20,KC,HOU,77,Safety,0,4,0
2024,20,HOU,KC,79,End of half,0,1,0
2024,20,PHI,LA,74,Touchdown,7,6,3
2024,20,LA,PHI,67,Touchdown,7,13,5
2024,20,PHI,LA,68,Punt,0,3,0
2024,20,LA,PHI,66,Punt,0,3,0
2024,20,PHI,LA,83,Touchdown,7,3,2
2024,20,LA,PHI,70,Field goal,3,6,1
2024,20,PHI,LA,57,Punt,0,8,2
2024,20,LA,PHI,93,Punt,0,5,1
2024,20,PHI,LA,91,End of half,0,13,5
2024,20,LA,PHI,70,Punt,0,3,0
2024,20,PHI,LA,85,Punt,0,3,0
2024,20,LA,PHI,74,Field goal,3,8,2
2024,20,PHI,LA,70,Field goal,3,9,2
2024,20,LA,PHI,70,Punt,0,3,0
2024,20,PHI,LA,96,Safety,0,2,0
2024,20,LA,PHI,65,Turnover,0,2,0
2024,20,PHI,LA,10,Field goal,3,4,0
2024,20,LA,PHI,71,Turnover,0,6,1
2024,20,PHI,LA,38,Field goal,3,8,1
2024,20,LA,PHI,70,Punt,0,3,0
2024,20,PHI,LA,78,Touchdown,7,1,1
2024,20,LA,PHI,70,Touchdown,7,10,5
2024,20,PHI,LA,70,Punt,0,3,0
2024,20,LA,PHI,82,Turnover on downs,0,10,3
2024,20,PHI,LA,78,End of half,0,1,0
2024,20,DET,WAS,60,Punt,0,3,0
2024,20,WAS,DET,80,Turnover on downs,0,8,2
2024,20,DET,WAS,71,Touchdown,7,6,5
2024,20,WAS,DET,70,Field goal,3,10,3
2024,20,DET,WAS,73,Turnover,0,5,2
2024,20,WAS,DET,78,Touchdown,7,11,5
2024,20,DET,WAS,70,Touchdown,7,7,4
2024,20,WAS,DET,70,Touchdown,7,3,2
2024,20,DET,WAS,78,Opp touchdown,0,2,0
2024,20,DET,WAS,73,Touchdown,7,3,2
2024,20,WAS,DET,70,Touchdown,7,7,3
2024,20,DET,WAS,70,Turnover,0,7,3
2024,20,WAS,DET,86,End of half,0,1,0
2024,20,WAS,DET,70,Punt,0,4,1
2024,20,DET,WAS,91,Touchdown,7,11,6
2024,20,WAS,DET,70,Touchdown,7,15,6
2024,20,DET,WAS,81,Turnover,0,3,1
2024,20,WAS,DET,66,Touchdown,7,8,4
2024,20,DET,WAS,70,Field goal,3,10,4
2024,20,WAS,DET,60,Missed field goal,0,7,1
2024,20,DET,WAS,66,Turnover,0,12,3
2024,20,WAS,DET,91,End of half,0,1,0
2024,21,BUF,KC,70,Punt,0,3,0
2024,21,KC,BUF,90,Touchdown,7,9,6
2024,21,BUF,KC,70,Field goal,3,10,2
2024,21,KC,BUF,68,Turnover,0,6,3
2024,21,BUF,KC,72,Touchdown,7,10,6
2024,21,KC,BUF,70,Touchdown,7,11,6
2024,21,BUF,KC,70,Punt,0,3,0
2024,21,KC,BUF,34,Touchdown,7,6,2
2024,21,BUF,KC,73,Touchdown,7,7,4
2024,21,KC,BUF,78,End of half,0,1,0
2024,21,KC,BUF,75,Punt,0,8,3
2024,21,BUF,KC,80,Touchdown,7,12,4
2024,21,KC,BUF,70,Punt,0,3,0
2024,21,BUF,KC,70,Turnover on downs,0,9,2
2024,21,KC,BUF,59,Touchdown,7,5,3
2024,21,BUF,KC,70,Touchdown,7,9,3
2024,21,KC,BUF,68,Field goal,3,8,3
2024,21,BUF,KC,70,Turnover on downs,0,6,1
2024,21,KC,BUF,47,End of half,0,7,2
2024,21,WAS,PHI,70,Field goal,3,18,4
2024,21,PHI,WAS,60,Touchdown,7,1,1
2024,21,WAS,PHI,73,Turnover,0,4,1
2024,21,PHI,WAS,48,Touchdown,7,6,4
2024,21,WAS,PHI,73,Field goal,3,10,2
2024,21,PHI,WAS,71,Missed field goal,0,12,3
2024,21,WAS,PHI,56,Touchdown,7,5,2
2024,21,PHI,WAS,72,Touchdown,7,12,5
2024,21,PHI,WAS,24,Touchdown,7,7,2
2024,21,WAS,PHI,70,Field goal,3,5,3
2024,21,PHI,WAS,69,Punt,0,3,0
2024,21,WAS,PHI,74,Punt,0,3,0
2024,21,PHI,WAS,58,Touchdown,7,4,3
2024,21,WAS,PHI,70,Touchdown,7,8,4
2024,21,PHI,WAS,69,Punt,0,7,2
2024,21,WAS,PHI,80,Turnover,0,5,2
2024,21,PHI,WAS,51,Touchdown,7,5,3
2024,21,WAS,PHI,70,Turnover on downs,0,8,1
2024,21,PHI,WAS,31,Touchdown,7,4,2
2024,21,WAS,PHI,65,Turnover,0,10,3
2024,21,PHI,WAS,80,Touchdown,7,4,3
2024,21,WAS,PHI,70,Turnover on downs,0,4,0
2024,21,PHI,WAS,37,End of half,0,2,0
2024,22,PHI,KC,70,Punt,0,5,1
2024,22,KC,PHI,88,Punt,0,4,1
2024,22,PHI,KC,69,Touchdown,7,7,4
2024,22,KC,PHI,67,Punt,0,3,0
2024,22,PHI,KC,80,Turnover,0,11,4
2024,22,KC,PHI,98,Punt,0,3,0
2024,22,PHI,KC,57,Field goal,3,7,1
2024,22,KC,PHI,70,Opp touchdown,0,3,0
2024,22,KC,PHI,70,Punt,0,3,0
2024,22,PHI,KC,66,Punt,0,7,2
2024,22,KC,PHI,94,Turnover,0,1,0
2024,22,PHI,KC,14,Touchdown,7,2,1
2024,22,KC,PHI,70,Punt,0,3,0
2024,22,PHI,KC,63,End of half,0,1,0
2024,22,KC,PHI,70,Punt,0,5,1
2024,22,PHI,KC,80,Field goal,3,12,4
2024,22,KC,PHI,70,Turnover on downs,0,5,1
2024,22,PHI,KC,46,Touchdown,7,1,1
2024,22,KC,PHI,90,Touchdown,7,5,3
2024,22,PHI,KC,70,Field goal,3,10,3
2024,22,KC,PHI,70,Turnover,0,1,0
2024,22,PHI,KC,33,Field goal,3,4,0
2024,22,KC,PHI,75,Touchdown,7,12,5
2024,22,PHI,KC,54,Turnover on downs,0,4,0
2024,22,PHI,KC,44,End of half,0,3,0
2025,1,ARI,NO,78,Punt,0,5,1
2025,1,NO,ARI,77,Punt,0,3,0
2025,1,ARI,NO,66,Field goal,3,11,3
2025,1,NO,ARI,75,Touchdown,7,10,6
2025,1,ARI,NO,65,Touchdown,7,7,4
2025,1,NO,ARI,55,Field goal,3,10,2
2025,1,ARI,NO,71,Touchdown,7,10,5
2025,1,NO,ARI,71,End of half,0,1,0
2025,1,NO,ARI,85,Punt,0,5,1
2025,1,ARI,NO,81,Field goal,3,6,1
2025,1,NO,ARI,73,Missed field goal,0,14,4
2025,1,ARI,NO,72,Punt,0,5,1
2025,1,NO,ARI,73,Punt,0,4,1
2025,1,ARI,NO,94,Punt,0,9,3
2025,1,NO,ARI,83,Punt,0,3,0
2025,1,ARI,NO,40,Missed field goal,0,8,1
2025,1,NO,ARI,64,Field goal,3,9,4
2025,1,ARI,NO,74,Punt,0,3,0
2025,1,NO,ARI,58,Turnover on downs,0,13,3
2025,1,BAL,BUF,69,Field goal,3,12,4
2025,1,BUF,BAL,65,Punt,0,3,0
2025,1,BAL,BUF,85,Touchdown,7,6,4
2025,1,BUF,BAL,77,Punt,0,3,0
2025,1,BAL,BUF,69,Touchdown,7,4,2
2025,1,BUF,BAL,70,Field goal,3,13,4
2025,1,BAL,BUF,54,Field goal,3,8,2
2025,1,BUF,BAL,73,Field goal,3,4,2
2025,1,BAL,BUF,65,Touchdown,7,4,2
2025,1,BUF,BAL,60,Touchdown,7,9,4
2025,1,BAL,BUF,67,Punt,0,3,0
2025,1,BUF,BAL,84,Punt,0,6,1
2025,1,BAL,BUF,68,Touchdown,7,3,2
2025,1,BUF,BAL,84,Touchdown,7,8,4
2025,1,BAL,BUF,65,Touchdown,7,4,2
2025,1,BUF,BAL,72,Punt,0,5,1
2025,1,BAL,BUF,65,Punt,0,3,0
2025,1,BUF,BAL,80,Touchdown,7,10,5
2025,1,BAL,BUF,72,Turnover,0,2,1
2025,1,BUF,BAL,30,Touchdown,7,4,2
2025,1,BAL,BUF,69,Punt,0,3,0
2025,1,BUF,BAL,80,Field goal,3,9,3
2025,1,JAX,CAR,72,Field goal,3,13,3
2025,1,CAR,JAX,71,Field goal,3,13,3
2025,1,JAX,CAR,78,Punt,0,3,0
2025,1,CAR,JAX,84,Turnover,0,2,0
2025,1,JAX,CAR,35,Touchdown,7,8,3
2025,1,CAR,JAX,78,Punt,0,9,2
2025,1,JAX,CAR,91,Touchdown,7,4,3
2025,1,CAR,JAX,60,Turnover,0,5,1
2025,1,JAX,CAR,68,Field goal,3,6,3
2025,1,CAR,JAX,80,End of half,0,1,0
2025,1,CAR,JAX,60,Turnover on downs,0,8,2
2025,1,JAX,CAR,94,Punt,0,3,0
2025,1,CAR,JAX,73,Punt,0,6,1
2025,1,JAX,CAR,86,Turnover,0,6,1
2025,1,CAR,JAX,38,Turnover on downs,0,4,0
2025,1,JAX,CAR,67,Field goal,3,15,4
2025,1,CAR,JAX,80,Touchdown,7,10,5
2025,1,JAX,CAR,48,Field goal,3,7,2
2025,1,CAR,JAX,65,Turnover,0,4,1
2025,1,JAX,CAR,48,End of half,0,2,0
2025,1,CIN,CLE,68,Touchdown,7,12,5
2025,1,CLE,CIN,67,Touchdown,7,16,8
2025,1,CIN,CLE,61,Punt,0,6,1
2025,1,CLE,CIN,80,Punt,0,3,0
2025,1,CIN,CLE,54,Touchdown,7,8,4
2025,1,CLE,CIN,78,Field goal,3,11,3
2025,1,CIN,CLE,74,End of half,0,2,0
2025,1,CLE,CIN,69,Touchdown,7,13,5
2025,1,CIN,CLE,80,Punt,0,3,0
2025,1,CLE,CIN,75,Turnover,0,2,0
2025,1,CIN,CLE,34,Field goal,3,7,1
2025,1,CLE,CIN,75,Turnover on downs,0,7,1
2025,1,CIN,CLE,61,Punt,0,3,0
2025,1,CLE,CIN,80,Punt,0,6,2
2025,1,CIN,CLE,80,Punt,0,3,0
2025,1,CLE,CIN,42,Missed field goal,0,10,2
2025,1,CIN,CLE,74,Punt,0,3,0
2025,1,CLE,CIN,67,Turnover,0,2,0
2025,1,CIN,CLE,40,Punt,0,3,0
2025,1,CLE,CIN,99,End of half,0,3,1
2025,1,DAL,PHI,53,Touchdown,7,6,4
2025,1,PHI,DAL,70,Touchdown,7,10,5
2025,1,DAL,PHI,88,Touchdown,7,9,5
2025,1,PHI,DAL,65,Touchdown,7,12,5
2025,1,DAL,PHI,69,Field goal,3,10,3
2025,1,PHI,DAL,81,Touchdown,7,8,3
2025,1,DAL,PHI,88,Field goal,3,7,4
2025,1,PHI,DAL,72,Field goal,3,10,3
2025,1,DAL,PHI,71,Turnover,0,9,3
2025,1,PHI,DAL,84,Punt,0,3,0
2025,1,DAL,PHI,74,Punt,0,6,1
2025,1,PHI,DAL,87,Punt,0,11,3
2025,1,DAL,PHI,89,Punt,0,4,1
2025,1,PHI,DAL,76,Punt,0,3,0
2025,1,DAL,PHI,82,Turnover on downs,0,7,1
2025,1,PHI,DAL,44,End of half,0,6,1
2025,1,GB,DET,83,Touchdown,7,12,5
2025,1,DET,GB,76,Punt,0,3,0
2025,1,GB,DET,52,Field goal,3,7,1
2025,1,DET,GB,90,Field goal,3,16,5
2025,1,GB,DET,65,Touchdown,7,2,2
2025,1,DET,GB,71,Turnover,0,13,3
2025,1,GB,DET,87,Punt,0,3,0
2025,1,DET,GB,82,End of half,0,1,0
2025,1,DET,GB,68,Field goal,3,9,2
2025,1,GB,DET,76,Punt,0,3,0
2025,1,DET,GB,79,Punt,0,5,1
2025,1,GB,DET,85,Punt,0,8,3
2025,1,DET,GB,92,Punt,0,3,0
2025,1,GB,DET,36,Touchdown,7,8,3
2025,1,DET,GB,73,Turnover on downs,0,4,0
2025,1,GB,DET,27,Field goal,3,4,0
2025,1,DET,GB,65,Touchdown,7,13,5
2025,1,GB,DET,49,End of half,0,2,0
2025,1,HOU,LA,80,Punt,0,3,0
2025,1,LA,HOU,71,Punt,0,9,2
2025,1,HOU,LA,95,Field goal,3,13,4
2025,1,LA,HOU,75,Punt,0,6,2
2025,1,HOU,LA,80,Punt,0,3,0
2025,1,LA,HOU,75,Punt,0,3,0
2025,1,HOU,LA,46,Field goal,3,10,2
2025,1,LA,HOU,65,Touchdown,7,9,4
2025,1,HOU,LA,77,Field goal,3,5,3
2025,1,LA,HOU,68,Touchdown,7,5,4
2025,1,HOU,LA,80,Turnover,0,6,2
2025,1,LA,HOU,59,Punt,0,3,0
2025,1,HOU,LA,76,Punt,0,7,2
2025,1,LA,HOU,87,Punt,0,8,2
2025,1,HOU,LA,95,Punt,0,5,1
2025,1,LA,HOU,66,Turnover,0,9,3
2025,1,HOU,LA,81,Turnover,0,8,4
2025,1,LA,HOU,76,End of half,0,5,1
2025,1,KC,LAC,76,Punt,0,3,0
2025,1,LAC,KC,68,Touchdown,7,7,3
2025,1,KC,LAC,65,Punt,0,6,2
2025,1,LAC,KC,98,Punt,0,3,0
2025,1,KC,LAC,58,Punt,0,3,0
2025,1,LAC,KC,79,Field goal,3,9,4
2025,1,KC,LAC,66,Field goal,3,16,4
2025,1,LAC,KC,65,Field goal,3,12,3
2025,1,KC,LAC,71,Field goal,3,5,1
2025,1,LAC,KC,72,Punt,0,3,0
2025,1,KC,LAC,80,Touchdown,7,11,6
2025,1,LAC,KC,74,Touchdown,7,12,5
2025,1,KC,LAC,65,Touchdown,7,7,3
2025,1,LAC,KC,74,Touchdown,7,11,5
2025,1,KC,LAC,72,Field goal,3,10,2
2025,1,LAC,KC,80,End of half,0,7,2
2025,1,LV,NE,66,Touchdown,7,6,3
2025,1,NE,LV,53,Punt,0,3,0
2025,1,LV,NE,95,Turnover,0,10,3
2025,1,NE,LV,82,Touchdown,7,12,5
2025,1,LV,NE,69,Punt,0,3,0
2025,1,NE,LV,74,Missed field goal,0,11,3
2025,1,LV,NE,70,Punt,0,3,0
2025,1,NE,LV,73,Field goal,3,9,2
2025,1,LV,NE,64,Punt,0,3,0
2025,1,NE,LV,74,Punt,0,3,0
2025,1,LV,NE,74,Missed field goal,0,6,3
2025,1,NE,LV,88,Turnover,0,6,2
2025,1,LV,NE,71,Touchdown,7,5,5
2025,1,NE,LV,60,Punt,0,3,0
2025,1,LV,NE,80,Punt,0,4,1
2025,1,NE,LV,75,Punt,0,3,0
2025,1,LV,NE,84,Field goal,3,6,2
2025,1,NE,LV,69,Punt,0,6,1
2025,1,LV,NE,88,Field goal,3,12,3
2025,1,NE,LV,72,Punt,0,5,1
2025,1,LV,NE,65,Punt,0,6,1
2025,1,NE,LV,80,Field goal,3,10,4
2025,1,LV,NE,52,End of half,0,1,0
2025,1,IND,MIA,68,Field goal,3,9,3
2025,1,MIA,IND,55,Turnover,0,5,1
2025,1,IND,MIA,84,Touchdown,7,14,6
2025,1,MIA,IND,62,Turnover,0,2,0
2025,1,IND,MIA,42,Touchdown,7,5,3
2025,1,MIA,IND,76,Punt,0,8,2
2025,1,IND,MIA,88,Field goal,3,17,5
2025,1,MIA,IND,68,Turnover,0,6,1
2025,1,IND,MIA,58,Field goal,3,7,2
2025,1,MIA,IND,75,Turnover on downs,0,7,2
2025,1,IND,MIA,69,Touchdown,7,15,7
2025,1,MIA,IND,65,Touchdown,7,9,3
2025,1,IND,MIA,51,Field goal,3,7,1
2025,1,MIA,IND,66,End of half,0,9,3
2025,1,MIN,CHI,75,Punt,0,3,0
2025,1,CHI,MIN,61,Touchdown,7,10,4
2025,1,MIN,CHI,76,Punt,0,3,0
2025,1,CHI,MIN,75,Punt,0,5,1
2025,1,MIN,CHI,81,Field goal,3,7,3
2025,1,CHI,MIN,61,Turnover on downs,0,5,1
2025,1,MIN,CHI,75,Punt,0,3,0
2025,1,CHI,MIN,65,Punt,0,3,0
2025,1,MIN,CHI,76,Punt,0,3,0
2025,1,CHI,MIN,59,Field goal,3,9,2
2025,1,MIN,CHI,69,Field goal,3,2,1
2025,1,CHI,MIN,78,Punt,0,3,0
2025,1,MIN,CHI,49,Opp touchdown,0,3,1
2025,1,MIN,CHI,72,Punt,0,3,0
2025,1,CHI,MIN,80,Punt,0,5,1
2025,1,MIN,CHI,77,Punt,0,3,0
2025,1,CHI,MIN,76,Missed field goal,0,11,4
2025,1,MIN,CHI,60,Touchdown,7,6,3
2025,1,CHI,MIN,75,Punt,0,3,0
2025,1,CHI,MIN,65,Punt,0,5,1
2025,1,MIN,CHI,68,Touchdown,7,9,4
2025,1,CHI,MIN,65,Touchdown,7,5,6
2025,1,MIN,CHI,74,Punt,0,3,0
2025,1,CHI,MIN,80,Turnover,0,1,0
2025,1,WAS,NYG,80,Punt,0,6,1
2025,1,NYG,WAS,77,Punt,0,3,0
2025,1,WAS,NYG,89,Touchdown,7,8,4
2025,1,NYG,WAS,78,Field goal,3,16,6
2025,1,WAS,NYG,70,Punt,0,3,0
2025,1,NYG,WAS,85,Punt,0,3,0
2025,1,WAS,NYG,58,Touchdown,7,8,6
2025,1,NYG,WAS,79,Punt,0,6,1
2025,1,WAS,NYG,59,End of half,0,10,3
2025,1,NYG,WAS,80,Punt,0,4,1
2025,1,WAS,NYG,80,Punt,0,5,1
2025,1,NYG,WAS,71,Punt,0,3,0
2025,1,WAS,NYG,75,Punt,0,4,1
2025,1,NYG,WAS,80,Field goal,3,12,4
2025,1,WAS,NYG,61,Punt,0,4,1
2025,1,NYG,WAS,88,Punt,0,5,2
2025,1,WAS,NYG,80,Touchdown,7,9,5
2025,1,NYG,WAS,65,Turnover on downs,0,12,3
2025,1,WAS,NYG,97,End of half,0,8,3
2025,1,NYJ,PIT,65,Field goal,3,10,3
2025,1,PIT,NYJ,71,Touchdown,7,10,4
2025,1,NYJ,PIT,55,Touchdown,7,6,3
2025,1,PIT,NYJ,72,Field goal,3,5,1
2025,1,NYJ,PIT,68,Touchdown,7,7,4
2025,1,PIT,NYJ,72,Punt,0,3,0
2025,1,NYJ,PIT,74,Field goal,3,8,2
2025,1,PIT,NYJ,65,Touchdown,7,9,4
2025,1,NYJ,PIT,67,End of half,0,3,0
2025,1,PIT,NYJ,70,Punt,0,3,0
2025,1,NYJ,PIT,84,Punt,0,3,0
2025,1,PIT,NYJ,77,Punt,0,5,1
2025,1,NYJ,PIT,68,Touchdown,7,8,5
2025,1,PIT,NYJ,68,Touchdown,7,9,5
2025,1,PIT,NYJ,22,Touchdown,7,2,1
2025,1,NYJ,PIT,67,Touchdown,7,12,6
2025,1,PIT,NYJ,63,Punt,0,3,0
2025,1,NYJ,PIT,79,Punt,0,3,0
2025,1,PIT,NYJ,81,Field goal,3,6,3
2025,1,NYJ,PIT,69,Turnover on downs,0,4,0
2025,1,PIT,NYJ,37,End of half,0,1,0
2025,1,SEA,SF,65,Punt,0,4,1
2025,1,SF,SEA,95,Touchdown,7,14,6
2025,1,SEA,SF,69,Touchdown,7,10,6
2025,1,SF,SEA,65,Punt,0,3,0
2025,1,SEA,SF,65,Punt,0,3,0
2025,1,SF,SEA,86,Punt,0,5,1
2025,1,SEA,SF,86,Punt,0,3,0
2025,1,SF,SEA,66,Missed field goal,0,12,4
2025,1,SEA,SF,80,Field goal,3,8,2
2025,1,SF,SEA,65,End of half,0,1,0
2025,1,SF,SEA,75,Turnover,0,5,2
2025,1,SEA,SF,71,Punt,0,3,0
2025,1,SF,SEA,75,Missed field goal,0,14,4
2025,1,SEA,SF,69,Turnover,0,5,1
2025,1,SF,SEA,66,Field goal,3,11,4
2025,1,SEA,SF,63,Punt,0,3,0
2025,1,SF,SEA,70,Turnover,0,2,0
2025,1,SEA,SF,53,Field goal,3,8,2
2025,1,SF,SEA,68,Touchdown,7,7,3
2025,1,SEA,SF,65,Turnover,0,5,2
2025,1,SF,SEA,92,End of half,0,1,0
2025,1,ATL,TB,65,Touchdown,7,3,2
2025,1,TB,ATL,60,Punt,0,3,0
2025,1,ATL,TB,82,Punt,0,8,2
2025,1,TB,ATL,92,Punt,0,3,0
2025,1,ATL,TB,62,Punt,0,3,0
2025,1,TB,ATL,91,Field goal,3,16,4
2025,1,ATL,TB,71,Turnover on downs,0,4,1
2025,1,TB,ATL,52,Touchdown,7,5,2
2025,1,ATL,TB,70,Field goal,3,13,4
2025,1,TB,ATL,78,Punt,0,3,0
2025,1,ATL,TB,62,End of half,0,2,0
2025,1,TB,ATL,65,Missed field goal,0,8,2
2025,1,ATL,TB,66,Punt,0,4,0
2025,1,TB,ATL,32,Touchdown,7,5,2
2025,1,ATL,TB,71,Field goal,3,11,3
2025,1,TB,ATL,73,Punt,0,9,2
2025,1,ATL,TB,91,Touchdown,7,18,7
2025,1,TB,ATL,63,Touchdown,7,5,4
2025,1,ATL,TB,86,Missed field goal,0,8,4
2025,1,TB,ATL,66,End of half,0,1,0
2025,1,TEN,DEN,65,Field goal,3,7,1
2025,1,DEN,TEN,65,Field goal,3,10,3
2025,1,TEN,DEN,70,Punt,0,5,1
2025,1,DEN,TEN,92,Turnover,0,8,2
2025,1,TEN,DEN,54,Turnover,0,4,1
2025,1,DEN,TEN,68,Punt,0,3,0
2025,1,TEN,DEN,92,Punt,0,3,0
2025,1,DEN,TEN,64,Turnover,0,5,1
2025,1,TEN,DEN,38,Field goal,3,8,2
2025,1,DEN,TEN,73,Punt,0,5,1
2025,1,TEN,DEN,93,Punt,0,3,0
2025,1,DEN,TEN,38,Touchdown,7,1,2
2025,1,TEN,DEN,24,Field goal,3,1,0
2025,1,DEN,TEN,65,End of half,0,1,0
2025,1,DEN,TEN,77,Turnover,0,2,0
2025,1,TEN,DEN,26,Field goal,3,4,0
2025,1,DEN,TEN,63,Field goal,3,13,3
2025,1,TEN,DEN,70,Punt,0,6,1
2025,1,DEN,TEN,69,Punt,0,6,1
2025,1,TEN,DEN,90,Punt,0,5,1
2025,1,TEN,DEN,24,Punt,0,3,0
2025,1,DEN,TEN,80,Touchdown,7,4,3
2025,1,TEN,DEN,70,Punt,0,3,0
2025,1,DEN,TEN,63,Turnover on downs,0,4,0
2025,1,TEN,DEN,46,Punt,0,3,0
2025,1,DEN,TEN,94,Turnover on downs,0,10,4
2025,1,TEN,DEN,64,Turnover,0,4,0
2025,1,DEN,TEN,34,End of half,0,1,0
2025,2,ATL,MIN,65,Field goal,3,6,2
2025,2,MIN,ATL,73,Turnover on downs,0,4,0
2025,2,ATL,MIN,36,Field goal,3,7,1
2025,2,MIN,ATL,86,Punt,0,3,0
2025,2,ATL,MIN,72,Turnover,0,4,3
2025,2,MIN,ATL,68,Field goal,3,17,5
2025,2,ATL,MIN,77,Punt,0,6,1
2025,2,MIN,ATL,87,Turnover,0,3,1
2025,2,ATL,MIN,38,Field goal,3,7,1
2025,2,MIN,ATL,80,Field goal,3,3,1
2025,2,MIN,ATL,78,Punt,0,3,0
2025,2,ATL,MIN,79,Field goal,3,13,4
2025,2,MIN,ATL,69,Punt,0,7,1
2025,2,ATL,MIN,83,Punt,0,3,0
2025,2,MIN,ATL,52,Turnover,0,1,0
2025,2,ATL,MIN,38,Field goal,3,6,1
2025,2,MIN,ATL,81,Punt,0,3,0
2025,2,ATL,MIN,83,Touchdown,7,12,6
2025,2,MIN,ATL,70,Turnover,0,4,2
2025,2,ATL,MIN,97,Punt,0,3,0
2025,2,ATL,MIN,44,End of half,0,1,0
2025,2,NYJ,BUF,64,Punt,0,3,0
2025,2,BUF,NYJ,81,Touchdown,7,12,6
2025,2,NYJ,BUF,81,Turnover,0,1,0
2025,2,BUF,NYJ,24,Field goal,3,6,1
2025,2,NYJ,BUF,75,Punt,0,5,2
2025,2,BUF,NYJ,80,Field goal,3,9,2
2025,2,NYJ,BUF,68,Punt,0,3,0
2025,2,BUF,NYJ,73,Touchdown,7,5,3
2025,2,NYJ,BUF,63,Field goal,3,7,2
2025,2,BUF,NYJ,75,Punt,0,7,2
2025,2,NYJ,BUF,87,Punt,0,5,1
2025,2,BUF,NYJ,90,End of half,0,1,0
2025,2,BUF,NYJ,79,Field goal,3,11,3
2025,2,NYJ,BUF,81,Punt,0,3,0
2025,2,BUF,NYJ,79,Touchdown,7,12,7
2025,2,NYJ,BUF,67,Punt,0,3,0
2025,2,BUF,NYJ,61,Punt,0,3,0
2025,2,NYJ,BUF,85,Punt,0,8,2
2025,2,BUF,NYJ,85,Punt,0,3,0
2025,2,NYJ,BUF,54,Touchdown,7,10,4
2025,2,BUF,NYJ,44,End of half,0,5,1
2025,2,CAR,ARI,73,Opp touchdown,0,3,0
2025,2,CAR,ARI,77,Turnover,0,7,2
2025,2,ARI,CAR,48,Field goal,3,6,1
2025,2,CAR,ARI,64,Field goal,3,9,2
2025,2,ARI,CAR,78,Punt,0,6,1
2025,2,CAR,ARI,76,Punt,0,7,2
2025,2,ARI,CAR,90,Field goal,3,10,3
2025,2,CAR,ARI,89,Punt,0,3,0
2025,2,ARI,CAR,45,Touchdown,7,6,3
2025,2,CAR,ARI,65,End of half,0,1,0
2025,2,ARI,CAR,71,Touchdown,7,9,5
2025,2,CAR,ARI,76,Touchdown,7,14,6
2025,2,ARI,CAR,72,Turnover,0,9,3
2025,2,CAR,ARI,88,Touchdown,7,14,6
2025,2,ARI,CAR,90,Punt,0,3,0
2025,2,CAR,ARI,76,Touchdown,7,12,6
2025,2,ARI,CAR,49,Turnover on downs,0,8,2
2025,2,CAR,ARI,51,Turnover on downs,0,8,2
2025,2,ARI,CAR,54,End of half,0,1,0
2025,2,DET,CHI,60,Touchdown,7,5,3
2025,2,CHI,DET,74,Touchdown,7,8,4
2025,2,DET,CHI,70,Punt,0,4,1
2025,2,CHI,DET,90,Punt,0,3,0
2025,2,CHI,DET,64,Turnover,0,6,2
2025,2,DET,CHI,68,Punt,0,3,0
2025,2,CHI,DET,72,Turnover on downs,0,4,0
2025,2,DET,CHI,37,Missed field goal,0,4,0
2025,2,CHI,DET,55,Turnover,0,4,1
2025,2,DET,CHI,67,Touchdown,7,8,5
2025,2,CHI,DET,57,Touchdown,7,7,4
2025,2,DET,CHI,76,Touchdown,7,8,5
2025,2,CHI,DET,76,Punt,0,3,0
2025,2,DET,CHI,76,Field goal,3,5,1
2025,2,CHI,DET,69,Turnover on downs,0,5,1
2025,2,DET,CHI,46,Touchdown,7,3,1
2025,2,CHI,DET,69,Punt,0,5,1
2025,2,DET,CHI,84,Touchdown,7,7,4
2025,2,CHI,DET,60,Touchdown,7,8,3
2025,2,DET,CHI,43,Touchdown,7,6,2
2025,2,CHI,DET,83,Punt,0,3,0
2025,2,DET,CHI,71,Punt,0,3,0
2025,2,CHI,DET,85,End of half,0,8,3
2025,2,CLE,BAL,78,Punt,0,5,1
2025,2,BAL,CLE,89,Punt,0,6,1
2025,2,CLE,BAL,85,Punt,0,3,0
2025,2,BAL,CLE,49,Field goal,3,8,2
2025,2,CLE,BAL,60,Punt,0,3,0
2025,2,BAL,CLE,78,Punt,0,3,0
2025,2,CLE,BAL,72,Punt,0,6,1
2025,2,BAL,CLE,24,Touchdown,7,2,1
2025,2,CLE,BAL,72,Punt,0,6,1
2025,2,BAL,CLE,91,Punt,0,3,0
2025,2,CLE,BAL,72,Punt,0,5,1
2025,2,BAL,CLE,96,Punt,0,3,0
2025,2,CLE,BAL,48,Field goal,3,7,1
2025,2,BAL,CLE,74,Punt,0,3,0
2025,2,BAL,CLE,65,Field goal,3,7,2
2025,2,CLE,BAL,60,Turnover,0,3,0
2025,2,BAL,CLE,5,Touchdown,7,4,1
2025,2,CLE,BAL,71,Touchdown,7,11,4
2025,2,BAL,CLE,66,Touchdown,7,10,5
2025,2,CLE,BAL,71,Opp touchdown,0,11,3
2025,2,CLE,BAL,75,Turnover on downs,0,6,1
2025,2,BAL,CLE,36,Touchdown,7,3,2
2025,2,CLE,BAL,65,Touchdown,7,7,4
2025,2,BAL,CLE,71,End of half,0,3,0
2025,2,IND,DEN,72,Field goal,3,9,4
2025,2,DEN,IND,64,Touchdown,7,6,4
2025,2,IND,DEN,70,Field goal,3,8,2
2025,2,DEN,IND,65,Punt,0,3,0
2025,2,IND,DEN,85,Touchdown,7,7,4
2025,2,DEN,IND,67,Touchdown,7,7,4
2025,2,IND,DEN,72,Turnover on downs,0,6,1
2025,2,IND,DEN,81,Touchdown,7,6,4
2025,2,DEN,IND,68,Punt,0,3,0
2025,2,IND,DEN,93,End of half,0,1,0
2025,2,DEN,IND,60,Touchdown,7,7,3
2025,2,IND,DEN,60,Field goal,3,10,4
2025,2,DEN,IND,65,Punt,0,6,1
2025,2,IND,DEN,92,Turnover on downs,0,9,2
2025,2,IND,DEN,91,Field goal,3,7,2
2025,2,DEN,IND,65,Missed field goal,0,10,3
2025,2,IND,DEN,68,Field goal,3,9,3
2025,2,JAX,CIN,69,Touchdown,7,9,4
2025,2,CIN,JAX,74,Punt,0,3,0
2025,2,JAX,CIN,72,Turnover,0,8,3
2025,2,CIN,JAX,80,Touchdown,7,11,6
2025,2,JAX,CIN,75,Touchdown,7,8,4
2025,2,CIN,JAX,66,Punt,0,6,2
2025,2,JAX,CIN,87,Turnover,0,3,0
2025,2,CIN,JAX,30,Field goal,3,7,1
2025,2,JAX,CIN,65,Field goal,3,7,1
2025,2,CIN,JAX,60,Turnover,0,4,1
2025,2,JAX,CIN,73,End of half,0,2,0
2025,2,CIN,JAX,76,Touchdown,7,7,5
2025,2,JAX,CIN,81,Punt,0,3,0
2025,2,CIN,JAX,77,Turnover,0,4,1
2025,2,JAX,CIN,30,Touchdown,7,5,2
2025,2,CIN,JAX,47,Touchdown,7,3,1
2025,2,JAX,CIN,75,Field goal,3,13,5
2025,2,CIN,JAX,63,Punt,0,3,0
2025,2,JAX,CIN,88,Punt,0,9,2
2025,2,CIN,JAX,88,Turnover,0,3,1
2025,2,JAX,CIN,12,Turnover on downs,0,4,0
2025,2,CIN,JAX,92,Touchdown,7,15,6
2025,2,JAX,CIN,65,End of half,0,1,0
2025,2,LV,LAC,76,Turnover,0,1,0
2025,2,LAC,LV,25,Field goal,3,4,0
2025,2,LV,LAC,78,Field goal,3,10,3
2025,2,LAC,LV,65,Punt,0,3,0
2025,2,LV,LAC,84,Punt,0,3,0
2025,2,LAC,LV,72,Touchdown,7,8,5
2025,2,LV,LAC,65,Field goal,3,11,3
2025,2,LAC,LV,68,Punt,0,3,0
2025,2,LV,LAC,89,Punt,0,6,2
2025,2,LAC,LV,91,Touchdown,7,5,2
2025,2,LV,LAC,72,Turnover,0,4,1
2025,2,LAC,LV,99,End of half,0,4,1
2025,2,LAC,LV,74,Field goal,3,12,3
2025,2,LV,LAC,80,Field goal,3,19,5
2025,2,LAC,LV,80,Turnover on downs,0,7,2
2025,2,LV,LAC,43,Turnover,0,6,1
2025,2,LAC,LV,80,Punt,0,3,0
2025,2,LV,LAC,67,Turnover on downs,0,4,0
2025,2,LAC,LV,29,Turnover,0,1,0
2025,2,LV,LAC,70,Turnover on downs,0,4,0
2025,2,LAC,LV,34,End of half,0,7,2
2025,2,TEN,LA,72,Punt,0,3,0
2025,2,LA,TEN,72,Touchdown,7,6,2
2025,2,TEN,LA,65,Punt,0,3,0
2025,2,LA,TEN,90,Punt,0,6,1
2025,2,TEN,LA,85,Field goal,3,11,3
2025,2,LA,TEN,75,Field goal,3,10,3
2025,2,TEN,LA,85,Punt,0,7,2
2025,2,LA,TEN,95,Punt,0,3,0
2025,2,TEN,LA,56,Touchdown,7,10,4
2025,2,LA,TEN,65,Turnover,0,1,0
2025,2,TEN,LA,46,Field goal,3,3,2
2025,2,LA,TEN,65,Field goal,3,11,3
2025,2,TEN,LA,74,Field goal,3,11,3
2025,2,LA,TEN,69,Touchdown,7,4,4
2025,2,TEN,LA,86,Punt,0,3,0
2025,2,LA,TEN,74,Punt,0,6,1
2025,2,TEN,LA,73,Turnover,0,2,0
2025,2,LA,TEN,21,Touchdown,7,3,1
2025,2,TEN,LA,76,Punt,0,3,0
2025,2,LA,TEN,66,Touchdown,7,5,4
2025,2,TEN,LA,65,Field goal,3,12,4
2025,2,LA,TEN,41,End of half,0,6,3
2025,2,NE,MIA,68,Touchdown,7,10,4
2025,2,MIA,NE,75,Punt,0,3,0
2025,2,NE,MIA,70,Touchdown,7,11,4
2025,2,MIA,NE,83,Touchdown,7,8,4
2025,2,NE,MIA,75,Field goal,3,15,6
2025,2,MIA,NE,77,Touchdown,7,6,3
2025,2,NE,MIA,96,End of half,0,1,0
2025,2,MIA,NE,71,Field goal,3,7,1
2025,2,NE,MIA,83,Punt,0,3,0
2025,2,MIA,NE,56,Field goal,3,9,2
2025,2,NE,MIA,83,Touchdown,7,5,3
2025,2,MIA,NE,69,Punt,0,5,1
2025,2,NE,MIA,87,Opp touchdown,0,6,1
2025,2,MIA,NE,87,Turnover,0,9,3
2025,2,NE,MIA,38,Field goal,3,4,0
2025,2,MIA,NE,60,Turnover on downs,0,7,2
2025,2,NE,MIA,63,End of half,0,2,0
2025,2,NYG,DAL,80,Field goal,3,16,4
2025,2,DAL,NYG,68,Punt,0,3,0
2025,2,NYG,DAL,69,Field goal,3,8,2
2025,2,DAL,NYG,69,Punt,0,3,0
2025,2,NYG,DAL,81,Punt,0,3,0
2025,2,DAL,NYG,75,Field goal,3,8,2
2025,2,NYG,DAL,70,Touchdown,7,5,3
2025,2,DAL,NYG,64,Touchdown,7,8,5
2025,2,NYG,DAL,77,Punt,0,3,0
2025,2,DAL,NYG,80,End of half,0,8,2
2025,2,DAL,NYG,79,Turnover,0,2,0
2025,2,NYG,DAL,40,Turnover on downs,0,8,2
2025,2,DAL,NYG,90,Touchdown,7,6,5
2025,2,NYG,DAL,67,Field goal,3,5,1
2025,2,DAL,NYG,82,Field goal,3,11,3
2025,2,NYG,DAL,60,Touchdown,7,4,4
2025,2,DAL,NYG,85,Touchdown,7,10,5
2025,2,NYG,DAL,63,Touchdown,7,7,3
2025,2,DAL,NYG,71,Touchdown,7,11,5
2025,2,NYG,DAL,63,Touchdown,7,3,2
2025,2,DAL,NYG,67,Field goal,3,4,1
2025,2,DAL,NYG,81,Punt,0,6,2
2025,2,NYG,DAL,86,Punt,0,4,1
2025,2,DAL,NYG,62,Punt,0,3,0
2025,2,NYG,DAL,66,Turnover,0,2,0
2025,2,DAL,NYG,70,Field goal,3,4,2
2025,2,PHI,KC,69,Punt,0,6,1
2025,2,KC,PHI,91,Punt,0,3,0
2025,2,PHI,KC,78,Punt,0,3,0
2025,2,KC,PHI,65,Missed field goal,0,8,2
2025,2,PHI,KC,52,Touchdown,7,8,4
2025,2,KC,PHI,69,Field goal,3,8,2
2025,2,PHI,KC,76,Punt,0,3,0
2025,2,KC,PHI,69,Touchdown,7,10,5
2025,2,PHI,KC,77,Field goal,3,9,3
2025,2,KC,PHI,73,Turnover on downs,0,4,0
2025,2,PHI,KC,35,Field goal,3,4,0
2025,2,KC,PHI,71,Punt,0,3,0
2025,2,PHI,KC,90,Punt,0,6,2
2025,2,KC,PHI,80,Turnover,0,14,5
2025,2,PHI,KC,59,Touchdown,7,10,4
2025,2,KC,PHI,74,Punt,0,3,0
2025,2,PHI,KC,84,Punt,0,6,1
2025,2,KC,PHI,72,Touchdown,7,6,3
2025,2,PHI,KC,41,End of half,0,5,1
2025,2,SEA,PIT,65,Touchdown,7,8,4
2025,2,PIT,SEA,76,Field goal,3,10,3
2025,2,SEA,PIT,71,Turnover,0,1,0
2025,2,PIT,SEA,44,Field goal,3,6,1
2025,2,SEA,PIT,70,Missed field goal,0,11,3
2025,2,PIT,SEA,74,Punt,0,3,0
2025,2,SEA,PIT,70,Punt,0,5,1
2025,2,PIT,SEA,87,Punt,0,3,0
2025,2,SEA,PIT,52,Turnover,0,5,1
2025,2,PIT,SEA,21,Touchdown,7,6,2
2025,2,SEA,PIT,73,Punt,0,4,1
2025,2,PIT,SEA,80,End of half,0,1,0
2025,2,PIT,SEA,83,Punt,0,6,1
2025,2,SEA,PIT,80,Touchdown,7,9,5
2025,2,PIT,SEA,70,Turnover,0,4,1
2025,2,SEA,PIT,80,Punt,0,3,0
2025,2,PIT,SEA,61,Punt,0,3,0
2025,2,SEA,PIT,91,Field goal,3,10,3
2025,2,PIT,SEA,72,Field goal,3,9,2
2025,2,SEA,PIT,73,Touchdown,7,7,3
2025,2,PIT,SEA,65,Turnover,0,8,1
2025,2,SEA,PIT,54,Punt,0,3,0
2025,2,PIT,SEA,91,End of half,0,3,2
2025,2,NO,SF,65,Missed field goal,0,6,1
2025,2,SF,NO,70,Punt,0,3,0
2025,2,NO,SF,60,Punt,0,5,1
2025,2,SF,NO,80,Touchdown,7,14,6
2025,2,NO,SF,68,Punt,0,3,0
2025,2,SF,NO,65,Field goal,3,9,3
2025,2,NO,SF,71,Punt,0,3,0
2025,2,SF,NO,81,Punt,0,4,1
2025,2,NO,SF,84,Touchdown,7,12,5
2025,2,SF,NO,77,Touchdown,7,9,4
2025,2,NO,SF,65,End of half,0,1,0
2025,2,SF,NO,60,Turnover,0,6,2
2025,2,NO,SF,47,Touchdown,7,10,4
2025,2,SF,NO,77,Field goal,3,8,3
2025,2,NO,SF,65,Turnover,0,4,2
2025,2,SF,NO,68,Touchdown,7,7,3
2025,2,NO,SF,71,Touchdown,7,13,6
2025,2,SF,NO,65,Punt,0,4,1
2025,2,NO,SF,89,Punt,0,3,0
2025,2,SF,NO,49,Punt,0,3,0
2025,2,NO,SF,94,Turnover on downs,0,8,2
2025,2,SF,NO,27,End of half,0,3,0
2025,2,HOU,TB,64,Touchdown,7,6,3
2025,2,TB,HOU,65,Touchdown,7,9,4
2025,2,HOU,TB,66,Field goal,3,7,2
2025,2,TB,HOU,77,Touchdown,7,14,6
2025,2,HOU,TB,78,Punt,0,5,1
2025,2,TB,HOU,87,Punt,0,6,2
2025,2,HOU,TB,70,Punt,0,5,1
2025,2,TB,HOU,80,Punt,0,3,0
2025,2,HOU,TB,71,End of half,0,1,0
2025,2,TB,HOU,72,Punt,0,6,1
2025,2,HOU,TB,80,Punt,0,5,1
2025,2,TB,HOU,92,Punt,0,5,1
2025,2,HOU,TB,67,Punt,0,3,0
2025,2,TB,HOU,79,Missed field goal,0,9,3
2025,2,HOU,TB,72,Turnover on downs,0,10,3
2025,2,TB,HOU,99,Punt,0,7,3
2025,2,HOU,TB,35,Field goal,3,4,0
2025,2,TB,HOU,65,Punt,0,3,0
2025,2,HOU,TB,26,Touchdown,7,2,1
2025,2,TB,HOU,80,Touchdown,7,11,5
2025,2,GB,WAS,72,Turnover on downs,0,9,3
2025,2,WAS,GB,67,Punt,0,3,0
2025,2,GB,WAS,96,Touchdown,7,7,4
2025,2,WAS,GB,65,Punt,0,3,0
2025,2,GB,WAS,76,Punt,0,3,0
2025,2,WAS,GB,55,Punt,0,6,1
2025,2,GB,WAS,92,Touchdown,7,10,5
2025,2,WAS,GB,70,Field goal,3,9,2
2025,2,GB,WAS,73,Punt,0,3,0
2025,2,WAS,GB,57,Missed field goal,0,6,1
2025,2,GB,WAS,52,Missed field goal,0,3,1
2025,2,WAS,GB,44,Missed field goal,0,7,1
2025,2,GB,WAS,58,Field goal,3,10,3
2025,2,WAS,GB,73,Punt,0,3,0
2025,2,GB,WAS,91,Punt,0,3,0
2025,2,GB,WAS,65,Touchdown,7,9,6
2025,2,WAS,GB,65,Turnover on downs,0,4,0
2025,2,GB,WAS,40,Field goal,3,4,0
2025,2,WAS,GB,65,Touchdown,7,10,5
2025,2,GB,WAS,52,Punt,0,3,0
2025,2,WAS,GB,80,Turnover on downs,0,6,1
2025,2,GB,WAS,33,End of half,0,2,0
2025,3,ARI,SF,61,Missed field goal,0,10,2
2025,3,SF,ARI,53,Punt,0,3,0
2025,3,ARI,SF,92,Punt,0,11,3
2025,3,SF,ARI,77,Punt,0,3,0
2025,3,ARI,SF,65,Field goal,3,12,3
2025,3,SF,ARI,68,Field goal,3,9,3
2025,3,ARI,SF,72,Punt,0,3,0
2025,3,SF,ARI,86,Field goal,3,11,3
2025,3,ARI,SF,63,End of half,0,1,0
2025,3,SF,ARI,65,Punt,0,5,1
2025,3,ARI,SF,86,Field goal,3,15,4
2025,3,SF,ARI,64,Turnover on downs,0,11,3
2025,3,ARI,SF,98,Punt,0,3,0
2025,3,SF,ARI,48,Touchdown,7,6,2
2025,3,ARI,SF,65,Touchdown,7,4,3
2025,3,SF,ARI,72,Turnover,0,6,2
2025,3,ARI,SF,61,Punt,0,3,0
2025,3,SF,ARI,94,Safety,0,1,0
2025,3,ARI,SF,65,Punt,0,5,1
2025,3,SF,ARI,80,Field goal,3,10,5
2025,3,ATL,CAR,73,Missed field goal,0,10,3
2025,3,CAR,ATL,61,Touchdown,7,9,4
2025,3,ATL,CAR,74,Punt,0,3,0
2025,3,ATL,CAR,33,Missed field goal,0,4,0
2025,3,CAR,ATL,55,Punt,0,5,1
2025,3,ATL,CAR,90,Punt,0,8,2
2025,3,CAR,ATL,87,Field goal,3,10,3
2025,3,ATL,CAR,80,Punt,0,5,1
2025,3,CAR,ATL,69,Punt,0,3,0
2025,3,ATL,CAR,79,End of half,0,4,2
2025,3,CAR,ATL,71,Punt,0,5,1
2025,3,ATL,CAR,86,Opp touchdown,0,2,0
2025,3,ATL,CAR,90,Turnover on downs,0,6,2
2025,3,CAR,ATL,45,Field goal,3,9,2
2025,3,ATL,CAR,80,Turnover,0,11,3
2025,3,CAR,ATL,30,Touchdown,7,9,3
2025,3,ATL,CAR,90,Turnover on downs,0,8,2
2025,3,CAR,ATL,44,Field goal,3,7,1
2025,3,ATL,CAR,78,Turnover,0,7,2
2025,3,CAR,ATL,71,End of half,0,1,0
2025,3,MIN,CIN,64,Touchdown,7,6,5
2025,3,CIN,MIN,71,Punt,0,3,0
2025,3,MIN,CIN,74,Punt,0,3,0
2025,3,CIN,MIN,52,Opp touchdown,0,5,2
2025,3,CIN,MIN,75,Punt,0,3,0
2025,3,MIN,CIN,57,Punt,0,3,0
2025,3,CIN,MIN,93,Punt,0,6,1
2025,3,MIN,CIN,43,Field goal,3,10,2
2025,3,CIN,MIN,75,Field goal,3,9,3
2025,3,MIN,CIN,77,Punt,0,3,0
2025,3,CIN,MIN,48,Opp touchdown,0,3,1
2025,3,CIN,MIN,73,Turnover,0,2,0
2025,3,MIN,CIN,52,Touchdown,7,3,3
2025,3,CIN,MIN,70,Turnover,0,1,0
2025,3,MIN,CIN,47,Field goal,3,4,0
2025,3,CIN,MIN,76,Punt,0,3,0
2025,3,MIN,CIN,74,Touchdown,7,10,6
2025,3,CIN,MIN,70,Turnover,0,5,1
2025,3,MIN,CIN,68,Touchdown,7,6,4
2025,3,CIN,MIN,65,Touchdown,7,7,4
2025,3,MIN,CIN,65,Punt,0,3,0
2025,3,CIN,MIN,80,Punt,0,3,0
2025,3,MIN,CIN,57,Punt,0,3,0
2025,3,CIN,MIN,91,Punt,0,3,0
2025,3,MIN,CIN,56,End of half,0,6,2
2025,3,CHI,DAL,81,Punt,0,3,0
2025,3,DAL,CHI,57,Turnover,0,2,0
2025,3,CHI,DAL,76,Touchdown,7,5,3
2025,3,DAL,CHI,80,Field goal,3,11,3
2025,3,CHI,DAL,65,Touchdown,7,1,1
2025,3,DAL,CHI,65,Field goal,3,10,3
2025,3,CHI,DAL,65,Punt,0,3,0
2025,3,DAL,CHI,57,Touchdown,7,7,4
2025,3,CHI,DAL,65,Field goal,3,8,2
2025,3,DAL,CHI,76,Punt,0,3,0
2025,3,CHI,DAL,71,Touchdown,7,7,4
2025,3,DAL,CHI,78,End of half,0,1,1
2025,3,DAL,CHI,72,Punt,0,7,2
2025,3,CHI,DAL,76,Touchdown,7,19,7
2025,3,DAL,CHI,66,Turnover,0,4,2
2025,3,CHI,DAL,73,Punt,0,7,2
2025,3,DAL,CHI,92,Turnover,0,15,5
2025,3,CHI,DAL,80,Punt,0,3,0
2025,3,DAL,CHI,68,Turnover,0,9,3
2025,3,CHI,DAL,80,End of half,0,2,0
2025,3,LAC,DEN,69,Field goal,3,8,2
2025,3,DEN,LAC,67,Punt,0,3,0
2025,3,LAC,DEN,79,Punt,0,7,2
2025,3,DEN,LAC,61,Punt,0,3,0
2025,3,LAC,DEN,82,Punt,0,3,0
2025,3,DEN,LAC,46,Punt,0,3,0
2025,3,LAC,DEN,88,Turnover,0,12,4
2025,3,DEN,LAC,91,Punt,0,7,2
2025,3,LAC,DEN,54,Touchdown,7,9,4
2025,3,DEN,LAC,72,Touchdown,7,7,2
2025,3,LAC,DEN,75,Punt,0,3,0
2025,3,DEN,LAC,80,End of half,0,1,0
2025,3,DEN,LAC,66,Touchdown,7,3,2
2025,3,DEN,LAC,30,Field goal,3,4,0
2025,3,LAC,DEN,75,Field goal,3,14,7
2025,3,DEN,LAC,66,Punt,0,3,0
2025,3,LAC,DEN,86,Punt,0,3,0
2025,3,DEN,LAC,59,Field goal,3,10,3
2025,3,LAC,DEN,78,Punt,0,9,3
2025,3,DEN,LAC,80,Punt,0,3,0
2025,3,LAC,DEN,76,Touchdown,7,7,4
2025,3,DEN,LAC,78,Punt,0,3,0
2025,3,LAC,DEN,68,Field goal,3,8,3
2025,3,DET,BAL,67,Touchdown,7,11,4
2025,3,BAL,DET,80,Touchdown,7,6,4
2025,3,DET,BAL,68,Punt,0,3,0
2025,3,BAL,DET,73,Punt,0,3,0
2025,3,DET,BAL,98,Touchdown,7,18,8
2025,3,BAL,DET,51,Turnover on downs,0,8,2
2025,3,DET,BAL,80,Punt,0,3,1
2025,3,BAL,DET,49,Touchdown,7,4,4
2025,3,DET,BAL,67,Missed field goal,0,4,1
2025,3,BAL,DET,73,Touchdown,7,11,5
2025,3,DET,BAL,60,Touchdown,7,7,4
2025,3,BAL,DET,60,Punt,0,3,0
2025,3,DET,BAL,96,Touchdown,7,7,3
2025,3,BAL,DET,72,Field goal,3,10,3
2025,3,DET,BAL,65,Punt,0,3,0
2025,3,BAL,DET,79,Turnover,0,1,0
2025,3,DET,BAL,16,Field goal,3,4,0
2025,3,BAL,DET,69,Punt,0,3,0
2025,3,DET,BAL,70,Touchdown,7,7,3
2025,3,BAL,DET,65,Touchdown,7,6,3
2025,3,DET,BAL,45,End of half,0,1,0
2025,3,CLE,GB,74,Punt,0,8,2
2025,3,GB,CLE,80,Punt,0,3,0
2025,3,CLE,GB,79,Punt,0,3,0
2025,3,GB,CLE,64,Field goal,3,13,3
2025,3,CLE,GB,65,Punt,0,6,1
2025,3,GB,CLE,88,Punt,0,12,3
2025,3,CLE,GB,80,Turnover,0,9,2
2025,3,GB,CLE,91,End of half,0,1,0
2025,3,GB,CLE,74,Punt,0,3,0
2025,3,CLE,GB,71,Punt,0,3,0
2025,3,GB,CLE,71,Touchdown,7,14,5
2025,3,CLE,GB,74,Punt,0,5,1
2025,3,GB,CLE,65,Punt,0,3,0
2025,3,CLE,GB,75,Punt,0,7,1
2025,3,GB,CLE,98,Punt,0,6,1
2025,3,CLE,GB,80,Field goal,3,12,5
2025,3,GB,CLE,82,Turnover,0,3,0
2025,3,CLE,GB,4,Touchdown,7,1,2
2025,3,GB,CLE,60,Missed field goal,0,5,2
2025,3,CLE,GB,53,Field goal,3,5,1
2025,3,HOU,JAX,65,Punt,0,3,0
2025,3,JAX,HOU,97,Punt,0,3,0
2025,3,HOU,JAX,52,Missed field goal,0,8,2
2025,3,JAX,HOU,58,Touchdown,7,9,5
2025,3,HOU,JAX,80,Punt,0,3,0
2025,3,JAX,HOU,69,Punt,0,6,1
2025,3,HOU,JAX,80,Field goal,3,13,5
2025,3,JAX,HOU,80,Punt,0,3,0
2025,3,HOU,JAX,65,Punt,0,3,0
2025,3,JAX,HOU,69,Punt,0,3,0
2025,3,HOU,JAX,58,Punt,0,3,0
2025,3,JAX,HOU,81,Punt,0,5,1
2025,3,HOU,JAX,82,End of half,0,1,0
2025,3,JAX,HOU,80,Field goal,3,13,4
2025,3,HOU,JAX,70,Punt,0,4,0
2025,3,JAX,HOU,54,Missed field goal,0,5,1
2025,3,HOU,JAX,63,Turnover,0,5,1
2025,3,JAX,HOU,75,Punt,0,3,0
2025,3,HOU,JAX,92,Punt,0,3,0
2025,3,JAX,HOU,67,Turnover,0,3,0
2025,3,JAX,HOU,72,Turnover on downs,0,7,1
2025,3,HOU,JAX,53,Turnover,0,5,1
2025,3,JAX,HOU,83,Touchdown,7,7,4
2025,3,HOU,JAX,74,Turnover,0,9,3
2025,3,JAX,HOU,96,End of half,0,1,0
2025,3,TEN,IND,65,Opp touchdown,0,3,0
2025,3,TEN,IND,60,Field goal,3,5,1
2025,3,IND,TEN,65,Field goal,3,9,2
2025,3,TEN,IND,66,Punt,0,3,0
2025,3,IND,TEN,77,Touchdown,7,9,6
2025,3,TEN,IND,78,Field goal,3,11,4
2025,3,IND,TEN,60,Punt,0,3,0
2025,3,TEN,IND,91,Missed field goal,0,8,3
2025,3,IND,TEN,46,Missed field goal,0,5,1
2025,3,TEN,IND,59,Missed field goal,0,6,1
2025,3,IND,TEN,48,Field goal,3,5,2
2025,3,IND,TEN,67,Touchdown,7,6,4
2025,3,TEN,IND,73,Touchdown,7,13,6
2025,3,IND,TEN,80,Touchdown,7,7,3
2025,3,TEN,IND,77,Touchdown,7,16,6
2025,3,IND,TEN,58,Touchdown,7,5,3
2025,3,TEN,IND,66,Turnover on downs,0,4,0
2025,3,IND,TEN,32,End of half,0,7,1
2025,3,NYG,KC,69,Turnover on downs,0,10,3
2025,3,KC,NYG,72,Field goal,3,12,3
2025,3,NYG,KC,64,Punt,0,5,1
2025,3,KC,NYG,81,Field goal,3,9,4
2025,3,NYG,KC,74,Turnover,0,3,0
2025,3,KC,NYG,47,Missed field goal,0,8,2
2025,3,NYG,KC,70,Touchdown,7,8,5
2025,3,KC,NYG,78,Punt,0,3,0
2025,3,NYG,KC,41,Turnover,0,3,1
2025,3,KC,NYG,80,Field goal,3,7,3
2025,3,KC,NYG,74,Touchdown,7,11,5
2025,3,NYG,KC,68,Punt,0,5,1
2025,3,KC,NYG,81,Punt,0,6,1
2025,3,NYG,KC,80,Field goal,3,12,5
2025,3,KC,NYG,77,Touchdown,7,9,4
2025,3,NYG,KC,63,Turnover on downs,0,12,3
2025,3,KC,NYG,90,Punt,0,3,0
2025,3,NYG,KC,61,Turnover on downs,0,4,0
2025,3,KC,NYG,45,End of half,0,3,0
2025,3,LA,PHI,77,Turnover,0,4,1
2025,3,PHI,LA,38,Touchdown,7,9,4
2025,3,LA,PHI,70,Field goal,3,9,3
2025,3,PHI,LA,80,Punt,0,3,0
2025,3,LA,PHI,54,Touchdown,7,3,2
2025,3,PHI,LA,81,Punt,0,3,0
2025,3,LA,PHI,66,Field goal,3,12,4
2025,3,PHI,LA,91,Punt,0,3,0
2025,3,LA,PHI,54,Field goal,3,8,2
2025,3,PHI,LA,86,Punt,0,3,0
2025,3,LA,PHI,48,Field goal,3,5,1
2025,3,PHI,LA,65,End of half,0,1,0
2025,3,PHI,LA,90,Turnover,0,2,0
2025,3,LA,PHI,10,Touchdown,7,1,1
2025,3,PHI,LA,79,Touchdown,7,5,3
2025,3,LA,PHI,69,Punt,0,4,1
2025,3,PHI,LA,87,Touchdown,7,13,6
2025,3,LA,PHI,70,Turnover on downs,0,8,2
2025,3,PHI,LA,53,Turnover on downs,0,4,0
2025,3,PHI,LA,91,Touchdown,7,17,6
2025,3,LA,PHI,70,Opp touchdown,0,10,3
2025,3,WAS,LV,27,Touchdown,7,5,2
2025,3,LV,WAS,60,Field goal,3,5,1
2025,3,WAS,LV,71,Turnover,0,4,1
2025,3,LV,WAS,76,Punt,0,3,0
2025,3,WAS,LV,76,Missed field goal,0,10,4
2025,3,LV,WAS,73,Punt,0,3,0
2025,3,WAS,LV,72,Field goal,3,8,2
2025,3,LV,WAS,80,Touchdown,7,9,5
2025,3,WAS,LV,65,Touchdown,7,2,1
2025,3,LV,WAS,70,Punt,0,7,1
2025,3,WAS,LV,65,Field goal,3,4,1
2025,3,LV,WAS,70,Punt,0,3,0
2025,3,WAS,LV,79,Punt,0,3,0
2025,3,LV,WAS,64,Opp touchdown,0,3,0
2025,3,LV,WAS,81,Punt,0,6,1
2025,3,WAS,LV,63,Touchdown,7,5,2
2025,3,LV,WAS,70,Touchdown,7,11,5
2025,3,WAS,LV,71,Punt,0,10,3
2025,3,LV,WAS,93,Turnover on downs,0,7,2
2025,3,WAS,LV,51,Punt,0,3,0
2025,3,LV,WAS,83,Touchdown,7,3,2
2025,3,WAS,LV,46,Touchdown,7,3,1
2025,3,LV,WAS,70,End of half,0,3,0
2025,3,MIA,BUF,47,Touchdown,7,10,4
2025,3,BUF,MIA,85,Touchdown,7,7,5
2025,3,MIA,BUF,85,Punt,0,3,0
2025,3,BUF,MIA,63,Touchdown,7,10,5
2025,3,MIA,BUF,74,Punt,0,3,0
2025,3,BUF,MIA,73,Missed field goal,0,9,2
2025,3,MIA,BUF,71,Touchdown,7,16,6
2025,3,BUF,MIA,70,End of half,0,1,0
2025,3,BUF,MIA,61,Touchdown,7,8,5
2025,3,MIA,BUF,71,Punt,0,3,0
2025,3,BUF,MIA,80,Punt,0,3,0
2025,3,MIA,BUF,64,Punt,0,3,0
2025,3,BUF,MIA,84,Punt,0,6,1
2025,3,MIA,BUF,67,Touchdown,7,9,4
2025,3,BUF,MIA,65,Touchdown,7,9,4
2025,3,MIA,BUF,63,Turnover,0,9,3
2025,3,BUF,MIA,59,Field goal,3,6,1
2025,3,MIA,BUF,65,End of half,0,3,2
2025,3,NO,SEA,69,Turnover on downs,0,6,1
2025,3,SEA,NO,55,Touchdown,7,6,3
2025,3,NO,SEA,71,Opp touchdown,0,3,0
2025,3,NO,SEA,68,Punt,0,3,0
2025,3,SEA,NO,11,Touchdown,7,2,1
2025,3,NO,SEA,74,Field goal,3,16,5
2025,3,SEA,NO,38,Touchdown,7,3,2
2025,3,NO,SEA,72,Punt,0,3,0
2025,3,SEA,NO,76,Touchdown,7,4,4
2025,3,NO,SEA,75,Missed field goal,0,11,3
2025,3,SEA,NO,58,Field goal,3,6,1
2025,3,NO,SEA,74,Field goal,3,7,6
2025,3,SEA,NO,65,Field goal,3,7,3
2025,3,NO,SEA,76,Punt,0,3,0
2025,3,SEA,NO,65,Field goal,3,11,4
2025,3,NO,SEA,80,Touchdown,7,11,6
2025,3,SEA,NO,65,Punt,0,3,0
2025,3,NO,SEA,44,Turnover,0,4,0
2025,3,SEA,NO,75,Punt,0,4,1
2025,3,NO,SEA,87,Punt,0,3,0
2025,3,SEA,NO,55,Turnover,0,7,2
2025,3,NO,SEA,66,Punt,0,3,0
2025,3,SEA,NO,77,End of half,0,4,1
2025,3,NYJ,TB,71,Field goal,3,11,4
2025,3,TB,NYJ,68,Field goal,3,9,3
2025,3,NYJ,TB,63,Field goal,3,6,2
2025,3,TB,NYJ,77,Touchdown,7,7,4
2025,3,NYJ,TB,65,Turnover on downs,0,4,0
2025,3,TB,NYJ,43,Punt,0,3,0
2025,3,NYJ,TB,82,Punt,0,3,0
2025,3,TB,NYJ,70,Punt,0,3,0
2025,3,NYJ,TB,62,Turnover,0,3,0
2025,3,TB,NYJ,33,Field goal,3,5,1
2025,3,NYJ,TB,65,Punt,0,3,0
2025,3,TB,NYJ,77,Punt,0,3,0
2025,3,NYJ,TB,66,Opp touchdown,0,3,1
2025,3,NYJ,TB,68,End of half,0,1,0
2025,3,TB,NYJ,77,Field goal,3,16,5
2025,3,NYJ,TB,72,Turnover on downs,0,10,2
2025,3,TB,NYJ,61,Punt,0,3,0
2025,3,NYJ,TB,80,Touchdown,7,10,6
2025,3,TB,NYJ,73,Field goal,3,8,3
2025,3,NYJ,TB,73,Touchdown,7,11,6
2025,3,TB,NYJ,65,Opp touchdown,0,6,1
2025,3,TB,NYJ,66,Field goal,3,7,2
2025,3,NE,PIT,73,Turnover,0,3,1
2025,3,PIT,NE,54,Touchdown,7,8,5
2025,3,NE,PIT,72,Punt,0,6,1
2025,3,PIT,NE,90,Touchdown,7,12,7
2025,3,NE,PIT,77,Touchdown,7,9,6
2025,3,PIT,NE,66,Punt,0,3,0
2025,3,NE,PIT,94,Turnover,0,17,5
2025,3,PIT,NE,80,End of half,0,1,0
2025,3,PIT,NE,65,Turnover,0,3,0
2025,3,NE,PIT,11,Turnover,0,2,0
2025,3,PIT,NE,80,Punt,0,3,0
2025,3,NE,PIT,54,Turnover,0,3,1
2025,3,PIT,NE,57,Punt,0,3,0
2025,3,NE,PIT,88,Touchdown,7,15,7
2025,3,PIT,NE,65,Punt,0,5,1
2025,3,NE,PIT,82,Turnover,0,8,3
2025,3,PIT,NE,62,Touchdown,7,9,4
2025,3,NE,PIT,74,Turnover on downs,0,8,2
2025,3,PIT,NE,71,End of half,0,2,0
2025,4,BAL,KC,70,Touchdown,7,9,5
2025,4,KC,BAL,68,Field goal,3,9,3
2025,4,BAL,KC,74,Turnover,0,6,3
2025,4,KC,BAL,84,Field goal,3,14,4
2025,4,BAL,KC,85,Punt,0,4,1
2025,4,KC,BAL,56,Touchdown,7,5,3
2025,4,BAL,KC,68,Turnover on downs,0,4,0
2025,4,KC,BAL,40,Touchdown,7,6,3
2025,4,BAL,KC,65,Turnover,0,3,0
2025,4,KC,BAL,47,Missed field goal,0,7,1
2025,4,BAL,KC,53,Field goal,3,5,2
2025,4,KC,BAL,65,Touchdown,7,6,4
2025,4,BAL,KC,70,Field goal,3,8,3
2025,4,KC,BAL,51,Field goal,3,10,3
2025,4,BAL,KC,84,Turnover on downs,0,4,0
2025,4,KC,BAL,24,Touchdown,7,4,1
2025,4,BAL,KC,69,Turnover on downs,0,9,2
2025,4,KC,BAL,65,Punt,0,10,2
2025,4,BAL,KC,86,Touchdown,7,3,2
2025,4,KC,BAL,78,End of half,0,3,0
2025,4,CAR,NE,76,Touchdown,7,7,6
2025,4,NE,CAR,65,Punt,0,3,0
2025,4,CAR,NE,77,Opp touchdown,0,6,2
2025,4,CAR,NE,59,Punt,0,6,1
2025,4,NE,CAR,80,Touchdown,7,6,4
2025,4,CAR,NE,67,Missed field goal,0,9,3
2025,4,NE,CAR,55,Touchdown,7,8,4
2025,4,CAR,NE,75,Punt,0,3,0
2025,4,NE,CAR,14,Touchdown,7,4,2
2025,4,CAR,NE,68,Punt,0,6,1
2025,4,NE,CAR,98,Punt,0,3,0
2025,4,CAR,NE,53,End of half,0,0,0
2025,4,NE,CAR,78,Touchdown,7,8,4
2025,4,CAR,NE,68,Turnover on downs,0,7,2
2025,4,NE,CAR,65,Punt,0,3,0
2025,4,CAR,NE,99,Punt,0,3,0
2025,4,NE,CAR,41,Touchdown,7,7,2
2025,4,CAR,NE,65,Turnover on downs,0,6,1
2025,4,NE,CAR,59,Punt,0,3,0
2025,4,CAR,NE,91,Touchdown,7,13,5
2025,4,NE,CAR,69,End of half,0,3,0
2025,4,CHI,LV,71,Punt,0,3,0
2025,4,LV,CHI,75,Turnover,0,5,1
2025,4,CHI,LV,24,Field goal,3,4,0
2025,4,LV,CHI,74,Turnover,0,5,0
2025,4,CHI,LV,20,Turnover,0,6,1
2025,4,LV,CHI,66,Touchdown,7,7,4
2025,4,CHI,LV,69,Punt,0,8,2
2025,4,LV,CHI,80,Turnover,0,3,0
2025,4,CHI,LV,24,Field goal,3,8,1
2025,4,LV,CHI,64,Touchdown,7,1,1
2025,4,CHI,LV,71,Field goal,3,9,2
2025,4,LV,CHI,85,End of half,0,4,2
2025,4,LV,CHI,73,Turnover,0,1,0
2025,4,CHI,LV,40,Touchdown,7,7,2
2025,4,LV,CHI,80,Touchdown,7,10,6
2025,4,CHI,LV,68,Punt,0,3,0
2025,4,LV,CHI,99,Punt,0,3,0
2025,4,CHI,LV,49,Field goal,3,8,2
2025,4,LV,CHI,74,Field goal,3,9,2
2025,4,CHI,LV,69,Touchdown,7,11,6
2025,4,LV,CHI,58,Missed field goal,0,6,1
2025,4,CHI,LV,56,End of half,0,1,0
2025,4,CIN,DEN,70,Field goal,3,12,4
2025,4,DEN,CIN,70,Punt,0,3,0
2025,4,CIN,DEN,90,Punt,0,4,1
2025,4,DEN,CIN,64,Touchdown,7,9,4
2025,4,CIN,DEN,65,Punt,0,5,1
2025,4,DEN,CIN,80,Touchdown,7,8,4
2025,4,CIN,DEN,86,Punt,0,3,0
2025,4,DEN,CIN,70,Turnover,0,13,4
2025,4,CIN,DEN,80,Punt,0,3,0
2025,4,DEN,CIN,80,Touchdown,7,9,4
2025,4,CIN,DEN,65,End of half,0,1,0
2025,4,DEN,CIN,70,Punt,0,5,1
2025,4,CIN,DEN,70,Punt,0,3,0
2025,4,DEN,CIN,85,Punt,0,7,2
2025,4,CIN,DEN,80,Punt,0,6,2
2025,4,DEN,CIN,93,Punt,0,9,3
2025,4,CIN,DEN,84,Punt,0,4,1
2025,4,DEN,CIN,76,Touchdown,7,10,5
2025,4,CIN,DEN,65,Punt,0,3,0
2025,4,DEN,CIN,81,End of half,0,7,2
2025,4,DET,CLE,69,Punt,0,4,1
2025,4,CLE,DET,88,Touchdown,7,13,6
2025,4,DET,CLE,65,Touchdown,7,5,4
2025,4,CLE,DET,77,Turnover,0,3,0
2025,4,DET,CLE,46,Field goal,3,5,1
2025,4,CLE,DET,65,Punt,0,4,1
2025,4,DET,CLE,85,Punt,0,4,1
2025,4,CLE,DET,92,Punt,0,3,0
2025,4,DET,CLE,61,Punt,0,3,0
2025,4,CLE,DET,81,Turnover,0,3,1
2025,4,DET,CLE,5,Touchdown,7,3,1
2025,4,CLE,DET,67,Punt,0,3,0
2025,4,DET,CLE,84,Field goal,3,6,2
2025,4,CLE,DET,69,End of half,0,1,0
2025,4,CLE,DET,72,Punt,0,7,2
2025,4,DET,CLE,90,Turnover,0,4,1
2025,4,CLE,DET,42,Field goal,3,8,2
2025,4,DET,CLE,63,Punt,0,3,0
2025,4,CLE,DET,84,Missed field goal,0,8,2
2025,4,DET,CLE,54,Turnover on downs,0,5,1
2025,4,CLE,DET,77,Opp touchdown,0,3,0
2025,4,CLE,DET,65,Punt,0,3,0
2025,4,DET,CLE,83,Punt,0,6,1
2025,4,CLE,DET,94,Turnover,0,5,2
2025,4,DET,CLE,20,Touchdown,7,6,2
2025,4,CLE,DET,65,Punt,0,3,0
2025,4,DET,CLE,79,End of half,0,4,1
2025,4,GB,DAL,69,Touchdown,7,8,3
2025,4,DAL,GB,72,Punt,0,3,0
2025,4,GB,DAL,85,Punt,0,7,2
2025,4,DAL,GB,89,Punt,0,5,1
2025,4,GB,DAL,68,Touchdown,7,9,5
2025,4,DAL,GB,88,Punt,0,3,0
2025,4,GB,DAL,60,Punt,0,5,1
2025,4,DAL,GB,95,Touchdown,7,11,7
2025,4,GB,DAL,80,Turnover,0,4,1
2025,4,DAL,GB,15,Touchdown,7,1,1
2025,4,GB,DAL,65,End of half,0,1,0
2025,4,DAL,GB,70,Punt,0,5,1
2025,4,GB,DAL,76,Touchdown,7,9,5
2025,4,DAL,GB,80,Touchdown,7,12,6
2025,4,GB,DAL,70,Touchdown,7,8,4
2025,4,DAL,GB,77,Touchdown,7,14,5
2025,4,GB,DAL,80,Touchdown,7,10,5
2025,4,DAL,GB,54,Touchdown,7,4,2
2025,4,GB,DAL,74,Field goal,3,7,2
2025,4,DAL,GB,80,Field goal,3,10,3
2025,4,GB,DAL,80,Field goal,3,13,4
2025,4,IND,LA,74,Turnover,0,4,1
2025,4,LA,IND,80,Field goal,3,11,4
2025,4,IND,LA,52,Field goal,3,5,1
2025,4,LA,IND,74,Turnover on downs,0,6,1
2025,4,IND,LA,45,Touchdown,7,9,4
2025,4,LA,IND,76,Field goal,3,11,3
2025,4,IND,LA,70,Punt,0,6,1
2025,4,LA,IND,96,Touchdown,7,13,6
2025,4,IND,LA,65,End of half,0,1,0
2025,4,LA,IND,65,Punt,0,4,1
2025,4,IND,LA,82,Turnover,0,3,0
2025,4,LA,IND,80,Punt,0,4,1
2025,4,IND,LA,81,Punt,0,3,0
2025,4,LA,IND,73,Punt,0,3,0
2025,4,IND,LA,77,Punt,0,3,0
2025,4,LA,IND,73,Punt,0,3,0
2025,4,IND,LA,90,Touchdown,7,11,6
2025,4,LA,IND,73,Turnover,0,1,0
2025,4,IND,LA,17,Field goal,3,4,0
2025,4,LA,IND,83,Touchdown,7,11,6
2025,4,IND,LA,80,Punt,0,6,3
2025,4,LA,IND,88,Touchdown,7,1,1
2025,4,IND,LA,89,Turnover,0,3,1
2025,4,LA,IND,56,End of half,0,4,1
2025,4,SF,JAX,65,Field goal,3,13,4
2025,4,JAX,SF,93,Punt,0,12,4
2025,4,SF,JAX,80,Turnover,0,4,1
2025,4,JAX,SF,48,Touchdown,7,1,1
2025,4,SF,JAX,74,Turnover,0,4,1
2025,4,JAX,SF,89,Touchdown,7,13,6
2025,4,SF,JAX,75,Punt,0,3,0
2025,4,JAX,SF,71,Punt,0,3,0
2025,4,SF,JAX,59,Field goal,3,12,4
2025,4,JAX,SF,47,Field goal,3,6,2
2025,4,JAX,SF,65,Punt,0,3,0
2025,4,SF,JAX,73,Touchdown,7,8,5
2025,4,JAX,SF,72,Punt,0,6,2
2025,4,SF,JAX,80,Turnover,0,1,0
2025,4,JAX,SF,28,Field goal,3,4,0
2025,4,SF,JAX,65,Opp touchdown,0,3,0
2025,4,SF,JAX,65,Turnover on downs,0,7,2
2025,4,JAX,SF,74,Punt,0,3,0
2025,4,SF,JAX,92,Touchdown,7,8,4
2025,4,JAX,SF,56,Missed field goal,0,9,2
2025,4,SF,JAX,63,Turnover,0,2,1
2025,4,JAX,SF,47,End of half,0,6,1
2025,4,LAC,NYG,65,Punt,0,3,0
2025,4,NYG,LAC,89,Touchdown,7,9,6
2025,4,LAC,NYG,74,Punt,0,8,2
2025,4,NYG,LAC,99,Punt,0,6,1
2025,4,LAC,NYG,67,Turnover,0,4,1
2025,4,NYG,LAC,3,Field goal,3,4,0
2025,4,LAC,NYG,65,Field goal,3,10,4
2025,4,NYG,LAC,60,Field goal,3,15,4
2025,4,LAC,NYG,75,Touchdown,7,8,4
2025,4,NYG,LAC,71,End of half,0,1,0
2025,4,NYG,LAC,75,Punt,0,8,2
2025,4,LAC,NYG,95,Punt,0,6,1
2025,4,NYG,LAC,96,Punt,0,3,0
2025,4,LAC,NYG,59,Turnover,0,3,0
2025,4,NYG,LAC,3,Touchdown,7,2,1
2025,4,LAC,NYG,66,Touchdown,7,3,2
2025,4,NYG,LAC,61,Punt,0,7,2
2025,4,LAC,NYG,91,Punt,0,3,0
2025,4,NYG,LAC,48,Turnover on downs,0,10,3
2025,4,LAC,NYG,96,Punt,0,7,2
2025,4,NYG,LAC,74,Punt,0,6,1
2025,4,LAC,NYG,84,End of half,0,2,1
2025,4,PIT,MIN,65,Punt,0,3,0
2025,4,MIN,PIT,74,Field goal,3,11,4
2025,4,PIT,MIN,71,Touchdown,7,9,5
2025,4,MIN,PIT,70,Punt,0,5,1
2025,4,PIT,MIN,80,Touchdown,7,1,1
2025,4,MIN,PIT,74,Turnover,0,10,2
2025,4,PIT,MIN,68,Missed field goal,0,12,4
2025,4,MIN,PIT,91,Field goal,3,9,4
2025,4,PIT,MIN,76,End of half,0,1,0
2025,4,MIN,PIT,68,Punt,0,3,0
2025,4,PIT,MIN,74,Punt,0,3,0
2025,4,MIN,PIT,90,Turnover,0,11,3
2025,4,PIT,MIN,35,Touchdown,7,5,3
2025,4,MIN,PIT,82,Punt,0,3,0
2025,4,PIT,MIN,46,Field goal,3,8,2
2025,4,MIN,PIT,70,Touchdown,7,9,4
2025,4,PIT,MIN,65,Turnover on downs,0,9,4
2025,4,MIN,PIT,99,Touchdown,7,7,3
2025,4,PIT,MIN,49,Punt,0,3,0
2025,4,MIN,PIT,80,Turnover on downs,0,6,2
2025,4,PIT,MIN,32,End of half,0,1,0
2025,4,BUF,NO,79,Touchdown,7,7,3
2025,4,NO,BUF,69,Touchdown,7,7,5
2025,4,BUF,NO,66,Touchdown,7,7,4
2025,4,NO,BUF,87,Punt,0,8,3
2025,4,BUF,NO,87,Turnover,0,3,0
2025,4,NO,BUF,49,Punt,0,3,0
2025,4,BUF,NO,97,Punt,0,5,1
2025,4,NO,BUF,49,Field goal,3,7,1
2025,4,BUF,NO,72,Punt,0,3,0
2025,4,NO,BUF,40,Turnover,0,8,2
2025,4,BUF,NO,97,End of half,0,3,1
2025,4,NO,BUF,68,Punt,0,4,1
2025,4,BUF,NO,80,Touchdown,7,9,6
2025,4,NO,BUF,65,Touchdown,7,11,6
2025,4,BUF,NO,69,Turnover on downs,0,5,1
2025,4,NO,BUF,49,Field goal,3,9,3
2025,4,BUF,NO,60,Touchdown,7,4,2
2025,4,NO,BUF,69,Turnover on downs,0,6,1
2025,4,BUF,NO,59,Field goal,3,9,2
2025,4,NO,BUF,65,Turnover on downs,0,4,0
2025,4,BUF,NO,34,End of half,0,3,0
2025,4,MIA,NYJ,66,Field goal,3,10,2
2025,4,NYJ,MIA,86,Turnover,0,12,6
2025,4,MIA,NYJ,96,Touchdown,7,15,6
2025,4,NYJ,MIA,74,Turnover,0,8,2
2025,4,MIA,NYJ,43,Punt,0,3,0
2025,4,NYJ,MIA,84,Field goal,3,10,4
2025,4,MIA,NYJ,36,Touchdown,7,6,3
2025,4,NYJ,MIA,52,Touchdown,7,4,1
2025,4,MIA,NYJ,68,Touchdown,7,7,5
2025,4,NYJ,MIA,65,Punt,0,4,1
2025,4,MIA,NYJ,90,Punt,0,3,0
2025,4,NYJ,MIA,63,Field goal,3,6,2
2025,4,MIA,NYJ,66,Punt,0,3,0
2025,4,NYJ,MIA,97,Punt,0,7,2
2025,4,MIA,NYJ,74,Field goal,3,8,3
2025,4,NYJ,MIA,61,Touchdown,7,7,4
2025,4,MIA,NYJ,45,Punt,0,3,0
2025,4,NYJ,MIA,99,End of half,0,1,1
2025,4,TB,PHI,80,Opp touchdown,0,5,1
2025,4,TB,PHI,75,Punt,0,3,0
2025,4,PHI,TB,73,Touchdown,7,8,5
2025,4,TB,PHI,72,Field goal,3,12,4
2025,4,PHI,TB,70,Punt,0,3,0
2025,4,TB,PHI,84,Punt,0,5,1
2025,4,PHI,TB,67,Touchdown,7,6,4
2025,4,TB,PHI,80,Punt,0,3,0
2025,4,PHI,TB,75,Field goal,3,12,4
2025,4,TB,PHI,77,Field goal,3,6,1
2025,4,PHI,TB,68,Punt,0,3,0
2025,4,TB,PHI,40,Turnover on downs,0,4,0
2025,4,PHI,TB,66,Punt,0,3,0
2025,4,TB,PHI,77,Touchdown,7,1,1
2025,4,PHI,TB,60,Punt,0,3,0
2025,4,TB,PHI,83,Turnover,0,2,0
2025,4,PHI,TB,25,Touchdown,7,6,2
2025,4,TB,PHI,86,Touchdown,7,4,2
2025,4,PHI,TB,65,Punt,0,5,1
2025,4,TB,PHI,69,Field goal,3,6,2
2025,4,PHI,TB,77,Punt,0,3,0
2025,4,TB,PHI,47,Turnover,0,8,3
2025,4,PHI,TB,80,Punt,0,3,0
2025,4,TB,PHI,78,Turnover on downs,0,12,3
2025,4,PHI,TB,65,Safety,0,4,0
2025,4,ARI,SEA,74,Punt,0,5,1
2025,4,SEA,ARI,86,Turnover on downs,0,6,1
2025,4,ARI,SEA,52,Turnover,0,2,0
2025,4,ARI,SEA,47,Field goal,3,6,2
2025,4,SEA,ARI,77,Touchdown,7,7,4
2025,4,ARI,SEA,74,Punt,0,3,0
2025,4,SEA,ARI,74,Punt,0,5,1
2025,4,ARI,SEA,73,Turnover,0,10,3
2025,4,SEA,ARI,49,Punt,0,5,1
2025,4,ARI,SEA,80,Punt,0,3,0
2025,4,SEA,ARI,90,Touchdown,7,7,5
2025,4,ARI,SEA,74,End of half,0,6,1
2025,4,SEA,ARI,66,Field goal,3,10,2
2025,4,ARI,SEA,65,Punt,0,4,1
2025,4,SEA,ARI,87,Punt,0,3,0
2025,4,ARI,SEA,62,Field goal,3,7,2
2025,4,SEA,ARI,66,Field goal,3,14,4
2025,4,ARI,SEA,73,Touchdown,7,8,4
2025,4,SEA,ARI,78,Missed field goal,0,7,1
2025,4,ARI,SEA,57,Touchdown,7,12,4
2025,4,SEA,ARI,60,Field goal,3,4,1
2025,4,TEN,HOU,72,Missed field goal,0,7,2
2025,4,HOU,TEN,69,Field goal,3,11,3
2025,4,TEN,HOU,66,Punt,0,3,0
2025,4,HOU,TEN,85,Field goal,3,11,3
2025,4,TEN,HOU,78,Punt,0,5,1
2025,4,HOU,TEN,60,Punt,0,3,0
2025,4,TEN,HOU,90,Punt,0,3,0
2025,4,HOU,TEN,63,Punt,0,9,2
2025,4,TEN,HOU,77,Missed field goal,0,11,3
2025,4,HOU,TEN,69,Missed field goal,0,8,2
2025,4,TEN,HOU,56,Punt,0,5,1
2025,4,HOU,TEN,82,Touchdown,7,13,6
2025,4,TEN,HOU,71,Turnover,0,4,2
2025,4,HOU,TEN,44,Touchdown,7,6,2
2025,4,TEN,HOU,73,Turnover on downs,0,4,1
2025,4,HOU,TEN,31,Touchdown,7,4,2
2025,4,TEN,HOU,86,Punt,0,3,0
2025,4,HOU,TEN,72,Punt,0,3,0
2025,4,TEN,HOU,98,End of half,0,3,0
2025,4,ATL,WAS,65,Field goal,3,9,2
2025,4,WAS,ATL,68,Punt,0,3,0
2025,4,ATL,WAS,73,Touchdown,7,14,6
2025,4,WAS,ATL,70,Touchdown,7,8,3
2025,4,ATL,WAS,63,Touchdown,7,5,3
2025,4,WAS,ATL,41,Field goal,3,6,1
2025,4,ATL,WAS,68,Punt,0,6,2
2025,4,WAS,ATL,92,Punt,0,6,2
2025,4,ATL,WAS,75,Punt,0,3,0
2025,4,WAS,ATL,71,Field goal,3,8,2
2025,4,ATL,WAS,76,Touchdown,7,2,2
2025,4,WAS,ATL,70,Turnover,0,5,2
2025,4,ATL,WAS,80,Turnover,0,3,1
2025,4,WAS,ATL,25,Field goal,3,4,0
2025,4,ATL,WAS,72,Touchdown,7,7,4
2025,4,WAS,ATL,76,Touchdown,7,11,5
2025,4,ATL,WAS,77,Field goal,3,14,4
2025,4,WAS,ATL,65,Field goal,3,4,2
2025,4,ATL,WAS,48,End of half,0,3,0
2025,5,NYJ,DAL,73,Field goal,3,13,3
2025,5,DAL,NYJ,65,Field goal,3,7,1
2025,5,NYJ,DAL,74,Punt,0,5,2
2025,5,DAL,NYJ,90,Touchdown,7,13,6
2025,5,NYJ,DAL,60,Punt,0,3,0
2025,5,DAL,NYJ,71,Punt,0,3,0
2025,5,NYJ,DAL,67,Turnover,0,8,3
2025,5,DAL,NYJ,91,Touchdown,7,7,6
2025,5,NYJ,DAL,78,Punt,0,3,0
2025,5,DAL,NYJ,67,Touchdown,7,2,2
2025,5,NYJ,DAL,75,End of half,0,1,0
2025,5,DAL,NYJ,64,Punt,0,3,0
2025,5,NYJ,DAL,76,Punt,0,4,1
2025,5,DAL,NYJ,86,Punt,0,6,1
2025,5,NYJ,DAL,67,Turnover on downs,0,6,1
2025,5,DAL,NYJ,53,Touchdown,7,2,2
2025,5,NYJ,DAL,74,Field goal,3,6,3
2025,5,DAL,NYJ,65,Punt,0,3,0
2025,5,NYJ,DAL,69,Turnover on downs,0,5,1
2025,5,DAL,NYJ,71,Punt,0,3,0
2025,5,NYJ,DAL,78,Touchdown,7,10,6
2025,5,DAL,NYJ,46,Touchdown,7,8,4
2025,5,NYJ,DAL,70,Touchdown,7,11,5
2025,5,DAL,NYJ,45,End of half,0,3,0
2025,5,DEN,PHI,69,Punt,0,3,0
2025,5,PHI,DEN,80,Punt,0,3,0
2025,5,DEN,PHI,69,Field goal,3,12,3
2025,5,PHI,DEN,83,Field goal,3,12,4
2025,5,DEN,PHI,71,Punt,0,6,2
2025,5,PHI,DEN,90,Touchdown,7,7,4
2025,5,DEN,PHI,81,Punt,0,4,1
2025,5,PHI,DEN,86,Punt,0,6,3
2025,5,DEN,PHI,80,Punt,0,5,1
2025,5,PHI,DEN,89,Punt,0,3,0
2025,5,DEN,PHI,56,Punt,0,3,0
2025,5,PHI,DEN,95,End of half,0,1,0
2025,5,PHI,DEN,74,Touchdown,7,4,2
2025,5,DEN,PHI,82,Punt,0,9,3
2025,5,PHI,DEN,91,Punt,0,5,1
2025,5,DEN,PHI,80,Punt,0,3,0
2025,5,PHI,DEN,56,Punt,0,3,0
2025,5,DEN,PHI,64,Touchdown,7,10,6
2025,5,PHI,DEN,72,Punt,0,3,0
2025,5,DEN,PHI,72,Touchdown,7,6,4
2025,5,PHI,DEN,57,Punt,0,3,0
2025,5,DEN,PHI,68,Field goal,3,11,3
2025,5,PHI,DEN,74,End of half,0,6,2
2025,5,DET,CIN,58,Touchdown,7,7,4
2025,5,CIN,DET,75,Punt,0,6,3
2025,5,DET,CIN,80,Turnover,0,6,3
2025,5,CIN,DET,72,Punt,0,3,0
2025,5,DET,CIN,90,Punt,0,7,2
2025,5,CIN,DET,97,Turnover,0,1,0
2025,5,DET,CIN,17,Touchdown,7,5,3
2025,5,CIN,DET,81,Punt,0,7,2
2025,5,DET,CIN,80,Punt,0,4,1
2025,5,CIN,DET,95,Turnover,0,4,1
2025,5,DET,CIN,45,Punt,0,3,0
2025,5,CIN,DET,92,Field goal,3,10,3
2025,5,CIN,DET,73,Turnover,0,2,0
2025,5,DET,CIN,28,Touchdown,7,5,2
2025,5,CIN,DET,72,Punt,0,3,0
2025,5,DET,CIN,80,Touchdown,7,7,4
2025,5,CIN,DET,73,Touchdown,7,10,6
2025,5,DET,CIN,73,Punt,0,3,0
2025,5,CIN,DET,70,Touchdown,7,4,2
2025,5,DET,CIN,68,Touchdown,7,8,4
2025,5,CIN,DET,63,Touchdown,7,8,4
2025,5,DET,CIN,40,Punt,0,3,0
2025,5,CIN,DET,93,Safety,0,1,0
2025,5,DET,CIN,10,End of half,0,3,0
2025,5,HOU,BAL,67,Touchdown,7,10,4
2025,5,BAL,HOU,75,Field goal,3,12,3
2025,5,HOU,BAL,69,Field goal,3,10,3
2025,5,BAL,HOU,75,Punt,0,3,0
2025,5,HOU,BAL,41,Touchdown,7,6,2
2025,5,BAL,HOU,64,Punt,0,3,0
2025,5,HOU,BAL,77,Touchdown,7,8,6
2025,5,BAL,HOU,71,Missed field goal,0,3,3
2025,5,BAL,HOU,66,Turnover,0,4,1
2025,5,HOU,BAL,38,Touchdown,7,3,2
2025,5,BAL,HOU,80,Punt,0,3,0
2025,5,HOU,BAL,71,Field goal,3,7,2
2025,5,BAL,HOU,71,Touchdown,7,5,3
2025,5,HOU,BAL,65,Touchdown,7,7,4
2025,5,BAL,HOU,91,Turnover,0,3,1
2025,5,HOU,BAL,21,Field goal,3,4,0
2025,5,BAL,HOU,65,Punt,0,3,0
2025,5,HOU,BAL,85,Punt,0,4,1
2025,5,BAL,HOU,67,Turnover,0,3,1
2025,5,HOU,BAL,84,End of half,0,10,3
2025,5,JAX,KC,70,Punt,0,3,0
2025,5,KC,JAX,91,Punt,0,6,2
2025,5,JAX,KC,86,Punt,0,3,0
2025,5,KC,JAX,72,Touchdown,7,9,4
2025,5,JAX,KC,61,Turnover,0,9,3
2025,5,KC,JAX,97,Touchdown,7,5,4
2025,5,JAX,KC,70,Touchdown,7,13,6
2025,5,KC,JAX,65,Punt,0,3,0
2025,5,JAX,KC,92,End of half,0,3,1
2025,5,KC,JAX,67,Punt,0,3,0
2025,5,JAX,KC,87,Touchdown,7,7,5
2025,5,KC,JAX,68,Opp touchdown,0,11,5
2025,5,KC,JAX,80,Punt,0,8,2
2025,5,JAX,KC,88,Turnover,0,2,0
2025,5,KC,JAX,19,Touchdown,7,2,2
2025,5,JAX,KC,59,Field goal,3,8,2
2025,5,KC,JAX,86,Touchdown,7,12,6
2025,5,JAX,KC,60,Touchdown,7,7,4
2025,5,KC,JAX,83,End of half,0,4,1
2025,5,IND,LV,71,Punt,0,3,0
2025,5,LV,IND,86,Field goal,3,16,5
2025,5,IND,LV,83,Touchdown,7,13,6
2025,5,LV,IND,70,Punt,0,4,1
2025,5,IND,LV,8,Touchdown,7,4,2
2025,5,LV,IND,75,Turnover,0,9,3
2025,5,IND,LV,88,Touchdown,7,14,6
2025,5,LV,IND,65,Missed field goal,0,3,2
2025,5,LV,IND,74,Punt,0,4,1
2025,5,IND,LV,68,Touchdown,7,11,5
2025,5,LV,IND,70,Turnover,0,2,0
2025,5,IND,LV,6,Touchdown,7,2,1
2025,5,LV,IND,65,Turnover on downs,0,4,0
2025,5,IND,LV,44,Touchdown,7,3,2
2025,5,LV,IND,66,Field goal,3,13,5
2025,5,IND,LV,82,Punt,0,7,2
2025,5,LV,IND,89,End of half,0,13,5
2025,5,MIA,CAR,73,Field goal,3,11,3
2025,5,CAR,MIA,69,Turnover,0,5,2
2025,5,MIA,CAR,58,Touchdown,7,14,5
2025,5,CAR,MIA,72,Turnover,0,2,0
2025,5,MIA,CAR,49,Touchdown,7,5,3
2025,5,CAR,MIA,76,Touchdown,7,12,5
2025,5,MIA,CAR,75,Punt,0,3,0
2025,5,CAR,MIA,76,Field goal,3,11,4
2025,5,CAR,MIA,70,Field goal,3,5,1
2025,5,MIA,CAR,75,Punt,0,3,0
2025,5,CAR,MIA,86,Punt,0,4,1
2025,5,MIA,CAR,76,Punt,0,5,1
2025,5,CAR,MIA,98,Punt,0,6,1
2025,5,MIA,CAR,66,Punt,0,3,0
2025,5,CAR,MIA,75,Punt,0,3,0
2025,5,MIA,CAR,75,Punt,0,4,1
2025,5,CAR,MIA,85,Touchdown,7,7,5
2025,5,MIA,CAR,57,Touchdown,7,3,2
2025,5,CAR,MIA,83,Touchdown,7,8,6
2025,5,MIA,CAR,78,Punt,0,3,0
2025,5,CAR,MIA,73,End of half,0,4,1
2025,5,CLE,MIN,60,Punt,0,4,0
2025,5,MIN,CLE,92,Turnover,0,6,2
2025,5,CLE,MIN,47,Touchdown,7,7,3
2025,5,MIN,CLE,82,Touchdown,7,8,4
2025,5,CLE,MIN,66,Punt,0,6,1
2025,5,MIN,CLE,79,Punt,0,6,2
2025,5,CLE,MIN,89,Punt,0,3,0
2025,5,MIN,CLE,86,Punt,0,3,0
2025,5,CLE,MIN,74,Punt,0,4,1
2025,5,MIN,CLE,89,Punt,0,3,0
2025,5,CLE,MIN,66,Field goal,3,14,4
2025,5,MIN,CLE,79,End of half,0,1,0
2025,5,MIN,CLE,71,Touchdown,7,8,5
2025,5,CLE,MIN,69,Touchdown,7,13,5
2025,5,MIN,CLE,74,Punt,0,3,0
2025,5,CLE,MIN,99,Punt,0,3,0
2025,5,MIN,CLE,42,Turnover,0,1,0
2025,5,CLE,MIN,70,Punt,0,3,0
2025,5,MIN,CLE,75,Missed field goal,0,7,1
2025,5,CLE,MIN,59,Punt,0,5,1
2025,5,MIN,CLE,80,Punt,0,6,1
2025,5,CLE,MIN,59,Punt,0,3,0
2025,5,MIN,CLE,80,Touchdown,7,10,5
2025,5,CLE,MIN,71,End of half,0,3,2
2025,5,NE,BUF,70,Punt,0,4,1
2025,5,BUF,NE,86,Turnover,0,6,2
2025,5,NE,BUF,47,Turnover,0,1,0
2025,5,BUF,NE,62,Punt,0,4,1
2025,5,NE,BUF,80,Punt,0,8,2
2025,5,BUF,NE,86,Turnover,0,1,0
2025,5,NE,BUF,11,Field goal,3,4,0
2025,5,BUF,NE,67,Field goal,3,11,3
2025,5,NE,BUF,72,Punt,0,5,1
2025,5,BUF,NE,90,Punt,0,5,1
2025,5,NE,BUF,70,Field goal,3,11,5
2025,5,BUF,NE,71,Touchdown,7,10,5
2025,5,NE,BUF,74,Touchdown,7,5,5
2025,5,BUF,NE,71,Turnover,0,7,3
2025,5,NE,BUF,90,Touchdown,7,11,5
2025,5,BUF,NE,74,Touchdown,7,8,6
2025,5,NE,BUF,76,Punt,0,3,0
2025,5,BUF,NE,80,Field goal,3,10,3
2025,5,NE,BUF,71,Field goal,3,7,2
2025,5,BUF,NE,82,End of half,0,1,1
2025,5,NO,NYG,91,Punt,0,3,0
2025,5,NYG,NO,59,Touchdown,7,8,5
2025,5,NO,NYG,80,Field goal,3,14,4
2025,5,NYG,NO,70,Touchdown,7,8,4
2025,5,NO,NYG,84,Field goal,3,12,4
2025,5,NYG,NO,65,Punt,0,5,1
2025,5,NO,NYG,87,Touchdown,7,1,1
2025,5,NYG,NO,73,Punt,0,5,1
2025,5,NO,NYG,83,Missed field goal,0,6,3
2025,5,NYG,NO,58,Turnover,0,3,1
2025,5,NO,NYG,41,Field goal,3,8,2
2025,5,NYG,NO,64,Turnover,0,7,2
2025,5,NO,NYG,54,Field goal,3,10,2
2025,5,NYG,NO,69,Opp touchdown,0,12,4
2025,5,NYG,NO,53,Turnover,0,9,1
2025,5,NO,NYG,95,Punt,0,5,1
2025,5,NYG,NO,64,Turnover,0,6,1
2025,5,NO,NYG,45,Missed field goal,0,8,1
2025,5,NYG,NO,64,Turnover on downs,0,7,3
2025,5,NO,NYG,83,End of half,0,1,0
2025,5,SF,LA,72,Touchdown,7,8,5
2025,5,LA,SF,67,Punt,0,6,1
2025,5,SF,LA,91,Touchdown,7,17,7
2025,5,LA,SF,69,Turnover,0,9,3
2025,5,SF,LA,70,Punt,0,5,1
2025,5,LA,SF,85,Touchdown,7,8,5
2025,5,SF,LA,67,Field goal,3,12,3
2025,5,LA,SF,63,Missed field goal,0,6,1
2025,5,SF,LA,57,Field goal,3,12,4
2025,5,LA,SF,69,Touchdown,7,7,4
2025,5,SF,LA,73,Punt,0,7,1
2025,5,LA,SF,88,Touchdown,7,9,6
2025,5,SF,LA,65,Punt,0,3,0
2025,5,LA,SF,70,Punt,0,3,0
2025,5,SF,LA,98,Field goal,3,12,3
2025,5,LA,SF,65,Turnover,0,5,5
2025,5,SF,LA,99,Punt,0,3,0
2025,5,SF,LA,60,Field goal,3,8,3
2025,5,LA,SF,67,Turnover on downs,0,6,1
2025,5,TB,SEA,80,Field goal,3,11,4
2025,5,SEA,TB,71,Missed field goal,0,6,2
2025,5,TB,SEA,66,Field goal,3,10,3
2025,5,SEA,TB,73,Punt,0,4,2
2025,5,TB,SEA,94,Punt,0,3,0
2025,5,SEA,TB,59,Turnover,0,5,2
2025,5,TB,SEA,59,Touchdown,7,7,4
2025,5,SEA,TB,54,Touchdown,7,10,5
2025,5,SEA,TB,77,Touchdown,7,4,3
2025,5,TB,SEA,77,Touchdown,7,9,4
2025,5,SEA,TB,80,Touchdown,7,6,3
2025,5,TB,SEA,75,Touchdown,7,6,4
2025,5,SEA,TB,51,Touchdown,7,10,5
2025,5,TB,SEA,65,Punt,0,5,2
2025,5,SEA,TB,99,Touchdown,7,8,5
2025,5,TB,SEA,70,Touchdown,7,5,3
2025,5,SEA,TB,77,Turnover,0,2,0
2025,5,TB,SEA,35,Field goal,3,5,1
2025,5,ARI,TEN,67,Touchdown,7,8,4
2025,5,TEN,ARI,70,Field goal,3,12,3
2025,5,ARI,TEN,65,Touchdown,7,7,3
2025,5,TEN,ARI,87,Punt,0,4,1
2025,5,ARI,TEN,74,Punt,0,3,0
2025,5,TEN,ARI,74,Turnover,0,1,0
2025,5,ARI,TEN,27,Touchdown,7,4,3
2025,5,TEN,ARI,34,Field goal,3,4,0
2025,5,ARI,TEN,75,Punt,0,6,1
2025,5,TEN,ARI,90,Punt,0,7,2
2025,5,ARI,TEN,89,Punt,0,3,0
2025,5,TEN,ARI,51,Turnover on downs,0,5,1
2025,5,ARI,TEN,48,Punt,0,3,0
2025,5,TEN,ARI,80,End of half,0,1,0
2025,5,TEN,ARI,72,Punt,0,3,0
2025,5,ARI,TEN,75,Turnover,0,13,3
2025,5,TEN,ARI,74,Punt,0,3,0
2025,5,ARI,TEN,84,Punt,0,3,0
2025,5,TEN,ARI,63,Punt,0,3,0
2025,5,ARI,TEN,93,Turnover,0,5,1
2025,5,TEN,ARI,80,Touchdown,7,6,5
2025,5,ARI,TEN,70,Punt,0,3,0
2025,5,TEN,ARI,81,Touchdown,7,8,4
2025,5,ARI,TEN,80,Punt,0,6,1
2025,5,TEN,ARI,82,Field goal,3,11,4
2025,5,LAC,WAS,76,Touchdown,7,9,4
2025,5,WAS,LAC,58,Punt,0,3,0
2025,5,LAC,WAS,80,Field goal,3,9,2
2025,5,WAS,LAC,87,Punt,0,5,1
2025,5,LAC,WAS,86,Turnover,0,10,3
2025,5,WAS,LAC,74,Touchdown,7,9,4
2025,5,LAC,WAS,68,Punt,0,6,1
2025,5,WAS,LAC,93,Field goal,3,8,3
2025,5,LAC,WAS,65,End of half,0,1,0
2025,5,WAS,LAC,69,Touchdown,7,7,5
2025,5,LAC,WAS,72,Punt,0,3,0
2025,5,WAS,LAC,57,Field goal,3,8,2
2025,5,LAC,WAS,77,Turnover on downs,0,8,2
2025,5,WAS,LAC,61,Turnover,0,4,1
2025,5,LAC,WAS,57,Turnover,0,14,4
2025,5,WAS,LAC,99,Touchdown,7,13,6
2025,5,LAC,WAS,65,End of half,0,6,2
2025,6,IND,ARI,65,Touchdown,7,9,5
2025,6,ARI,IND,65,Punt,0,3,0
2025,6,IND,ARI,84,Punt,0,3,0
2025,6,ARI,IND,56,Touchdown,7,11,4
2025,6,IND,ARI,71,Punt,0,3,0
2025,6,ARI,IND,91,Punt,0,3,0
2025,6,IND,ARI,68,Turnover,0,1,0
2025,6,ARI,IND,27,Turnover,0,2,1
2025,6,IND,ARI,87,Touchdown,7,9,6
2025,6,ARI,IND,70,Field goal,3,13,3
2025,6,IND,ARI,71,Punt,0,6,1
2025,6,ARI,IND,80,End of half,0,5,2
2025,6,ARI,IND,61,Touchdown,7,10,5
2025,6,IND,ARI,69,Field goal,3,9,3
2025,6,ARI,IND,66,Touchdown,7,6,4
2025,6,IND,ARI,67,Touchdown,7,6,4
2025,6,ARI,IND,60,Field goal,3,9,2
2025,6,IND,ARI,66,Touchdown,7,9,5
2025,6,ARI,IND,87,Turnover on downs,0,10,4
2025,6,IND,ARI,91,End of half,0,4,1
2025,6,ATL,BUF,69,Touchdown,7,5,3
2025,6,BUF,ATL,73,Touchdown,7,6,3
2025,6,ATL,BUF,58,Punt,0,3,0
2025,6,BUF,ATL,74,Punt,0,3,0
2025,6,ATL,BUF,66,Touchdown,7,9,4
2025,6,BUF,ATL,74,Punt,0,7,2
2025,6,ATL,BUF,86,Touchdown,7,1,1
2025,6,BUF,ATL,78,Punt,0,5,1
2025,6,ATL,BUF,95,Turnover on downs,0,11,3
2025,6,BUF,ATL,66,Punt,0,3,0
2025,6,ATL,BUF,87,Punt,0,6,1
2025,6,BUF,ATL,69,Turnover,0,1,0
2025,6,ATL,BUF,49,End of half,0,2,1
2025,6,BUF,ATL,73,Touchdown,7,9,5
2025,6,ATL,BUF,74,Punt,0,5,1
2025,6,BUF,ATL,80,Turnover on downs,0,8,3
2025,6,ATL,BUF,53,Missed field goal,0,8,3
2025,6,BUF,ATL,61,Punt,0,3,0
2025,6,ATL,BUF,85,Punt,0,3,0
2025,6,BUF,ATL,67,Punt,0,3,0
2025,6,ATL,BUF,83,Field goal,3,14,5
2025,6,BUF,ATL,70,Turnover,0,6,3
2025,6,ATL,BUF,87,End of half,0,1,0
2025,6,CHI,WAS,70,Field goal,3,9,3
2025,6,WAS,CHI,65,Turnover,0,8,3
2025,6,CHI,WAS,66,Field goal,3,8,2
2025,6,WAS,CHI,70,Turnover,0,1,1
2025,6,CHI,WAS,35,Touchdown,7,5,3
2025,6,WAS,CHI,65,Touchdown,7,8,4
2025,6,CHI,WAS,74,Turnover on downs,0,9,2
2025,6,WAS,CHI,69,Missed field goal,0,10,3
2025,6,CHI,WAS,60,Punt,0,3,0
2025,6,WAS,CHI,91,End of half,0,1,0
2025,6,WAS,CHI,60,Field goal,3,8,2
2025,6,CHI,WAS,85,Field goal,3,8,3
2025,6,WAS,CHI,84,Touchdown,7,9,4
2025,6,CHI,WAS,77,Missed field goal,0,7,2
2025,6,WAS,CHI,63,Touchdown,7,6,3
2025,6,CHI,WAS,61,Touchdown,7,3,1
2025,6,WAS,CHI,60,Punt,0,5,1
2025,6,CHI,WAS,91,Punt,0,3,0
2025,6,WAS,CHI,61,Turnover,0,6,1
2025,6,CHI,WAS,56,Field goal,3,9,3
2025,6,GB,CIN,66,Turnover,0,11,3
2025,6,CIN,GB,64,Punt,0,3,0
2025,6,GB,CIN,96,Field goal,3,12,4
2025,6,CIN,GB,72,Punt,0,5,1
2025,6,GB,CIN,84,Punt,0,3,0
2025,6,CIN,GB,63,Punt,0,3,0
2025,6,GB,CIN,80,Touchdown,7,8,5
2025,6,CIN,GB,60,Punt,0,3,0
2025,6,GB,CIN,83,Punt,0,5,2
2025,6,CIN,GB,93,Missed field goal,0,9,3
2025,6,CIN,GB,78,Touchdown,7,17,8
2025,6,GB,CIN,66,Touchdown,7,9,5
2025,6,CIN,GB,77,Field goal,3,9,3
2025,6,GB,CIN,62,Touchdown,7,6,4
2025,6,CIN,GB,65,Touchdown,7,10,4
2025,6,GB,CIN,62,Field goal,3,7,1
2025,6,CIN,GB,65,Missed field goal,0,6,1
2025,6,GB,CIN,54,End of half,0,1,0
2025,6,PIT,CLE,72,Field goal,3,8,2
2025,6,CLE,PIT,72,Punt,0,6,1
2025,6,PIT,CLE,90,Punt,0,6,1
2025,6,CLE,PIT,71,Punt,0,6,2
2025,6,PIT,CLE,71,Field goal,3,11,3
2025,6,CLE,PIT,72,Punt,0,3,0
2025,6,PIT,CLE,79,Field goal,3,10,3
2025,6,CLE,PIT,85,Field goal,3,16,7
2025,6,CLE,PIT,78,Punt,0,3,0
2025,6,PIT,CLE,79,Touchdown,7,10,6
2025,6,CLE,PIT,69,Field goal,3,9,2
2025,6,PIT,CLE,73,Touchdown,7,7,4
2025,6,CLE,PIT,68,Field goal,3,18,5
2025,6,PIT,CLE,72,Punt,0,3,0
2025,6,CLE,PIT,70,Turnover on downs,0,7,1
2025,6,PIT,CLE,42,Missed field goal,0,4,0
2025,6,CLE,PIT,56,Turnover on downs,0,10,2
2025,6,PIT,CLE,86,End of half,0,3,0
2025,6,DAL,CAR,74,Punt,0,3,0
2025,6,CAR,DAL,76,Field goal,3,8,3
2025,6,DAL,CAR,73,Field goal,3,10,3
2025,6,CAR,DAL,80,Turnover,0,6,2
2025,6,DAL,CAR,12,Touchdown,7,4,1
2025,6,CAR,DAL,65,Touchdown,7,6,4
2025,6,DAL,CAR,77,Touchdown,7,13,5
2025,6,CAR,DAL,66,Field goal,3,9,3
2025,6,DAL,CAR,80,End of half,0,1,0
2025,6,CAR,DAL,80,Touchdown,7,4,3
2025,6,DAL,CAR,80,Punt,0,5,1
2025,6,CAR,DAL,93,Punt,0,6,2
2025,6,DAL,CAR,73,Touchdown,7,6,3
2025,6,CAR,DAL,65,Touchdown,7,10,5
2025,6,DAL,CAR,70,Field goal,3,10,2
2025,6,CAR,DAL,82,Punt,0,3,0
2025,6,DAL,CAR,54,Punt,0,3,0
2025,6,CAR,DAL,86,Field goal,3,15,5
2025,6,DEN,NYJ,78,Turnover,0,3,0
2025,6,NYJ,DEN,37,Field goal,3,4,0
2025,6,DEN,NYJ,62,Field goal,3,7,1
2025,6,NYJ,DEN,24,Field goal,3,4,0
2025,6,DEN,NYJ,69,Touchdown,7,9,4
2025,6,NYJ,DEN,74,Punt,0,3,0
2025,6,DEN,NYJ,79,Punt,0,9,2
2025,6,NYJ,DEN,80,Punt,0,3,0
2025,6,DEN,NYJ,59,Punt,0,5,1
2025,6,NYJ,DEN,84,End of half,0,10,2
2025,6,NYJ,DEN,57,Field goal,3,10,3
2025,6,DEN,NYJ,77,Punt,0,3,0
2025,6,NYJ,DEN,58,Punt,0,6,1
2025,6,DEN,NYJ,97,Safety,0,0,0
2025,6,NYJ,DEN,64,Punt,0,3,0
2025,6,DEN,NYJ,82,Punt,0,3,0
2025,6,NYJ,DEN,76,Punt,0,3,0
2025,6,DEN,NYJ,75,Punt,0,3,0
2025,6,NYJ,DEN,90,Punt,0,5,1
2025,6,DEN,NYJ,74,Field goal,3,12,4
2025,6,NYJ,DEN,67,Punt,0,3,0
2025,6,DEN,NYJ,84,Punt,0,3,0
2025,6,NYJ,DEN,57,Turnover on downs,0,6,1
2025,6,DEN,NYJ,44,End of half,0,2,0
2025,6,DET,KC,71,Field goal,3,15,5
2025,6,KC,DET,70,Touchdown,7,8,4
2025,6,DET,KC,71,Touchdown,7,6,3
2025,6,KC,DET,69,Turnover on downs,0,10,3
2025,6,DET,KC,80,Turnover on downs,0,8,2
2025,6,KC,DET,55,Touchdown,7,8,5
2025,6,DET,KC,68,Punt,0,3,0
2025,6,KC,DET,89,End of half,0,1,0
2025,6,KC,DET,81,Touchdown,7,8,6
2025,6,DET,KC,74,Punt,0,7,2
2025,6,KC,DET,93,Punt,0,6,1
2025,6,DET,KC,81,Touchdown,7,8,6
2025,6,KC,DET,69,Touchdown,7,9,5
2025,6,DET,KC,74,Punt,0,3,0
2025,6,KC,DET,49,Field goal,3,10,2
2025,6,DET,KC,73,Turnover on downs,0,4,0
2025,6,KC,DET,36,End of half,0,3,0
2025,6,MIA,LAC,54,Turnover,0,2,0
2025,6,LAC,MIA,59,Field goal,3,11,2
2025,6,MIA,LAC,76,Punt,0,3,0
2025,6,LAC,MIA,71,Turnover,0,4,1
2025,6,MIA,LAC,49,Touchdown,7,1,1
2025,6,LAC,MIA,68,Field goal,3,7,1
2025,6,MIA,LAC,71,Missed field goal,0,7,2
2025,6,LAC,MIA,53,Field goal,3,6,2
2025,6,MIA,LAC,65,Field goal,3,8,2
2025,6,LAC,MIA,65,Punt,0,5,1
2025,6,MIA,LAC,82,Field goal,3,9,2
2025,6,LAC,MIA,72,Touchdown,7,13,6
2025,6,MIA,LAC,75,Turnover,0,3,0
2025,6,LAC,MIA,37,Touchdown,7,4,2
2025,6,MIA,LAC,70,Punt,0,3,0
2025,6,LAC,MIA,79,Field goal,3,9,3
2025,6,MIA,LAC,69,Touchdown,7,9,6
2025,6,LAC,MIA,80,Punt,0,4,1
2025,6,MIA,LAC,82,Touchdown,7,13,6
2025,6,LAC,MIA,59,Field goal,3,6,1
2025,6,MIA,LAC,65,Turnover,0,1,0
2025,6,BAL,LA,72,Field goal,3,12,5
2025,6,LA,BAL,65,Missed field goal,0,11,3
2025,6,BAL,LA,80,Turnover,0,3,0
2025,6,LA,BAL,37,Turnover,0,1,0
2025,6,BAL,LA,41,Turnover on downs,0,5,0
2025,6,LA,BAL,66,Field goal,3,12,3
2025,6,BAL,LA,81,Punt,0,9,2
2025,6,LA,BAL,90,Punt,0,3,0
2025,6,BAL,LA,32,Turnover on downs,0,8,2
2025,6,LA,BAL,97,End of half,0,1,0
2025,6,LA,BAL,76,Touchdown,7,9,4
2025,6,BAL,LA,64,Turnover,0,1,0
2025,6,LA,BAL,21,Touchdown,7,2,2
2025,6,BAL,LA,80,Turnover,0,13,4
2025,6,LA,BAL,69,Turnover on downs,0,8,2
2025,6,BAL,LA,89,Turnover on downs,0,17,5
2025,6,LA,BAL,85,Punt,0,5,1
2025,6,BAL,LA,77,Turnover on downs,0,8,1
2025,6,LA,BAL,42,End of half,0,1,0
2025,6,NO,NE,75,Field goal,3,5,1
2025,6,NE,NO,65,Touchdown,7,4,2
2025,6,NO,NE,73,Field goal,3,10,4
2025,6,NE,NO,69,Touchdown,7,6,4
2025,6,NO,NE,60,Touchdown,7,11,5
2025,6,NE,NO,65,Turnover on downs,0,7,2
2025,6,NO,NE,47,Field goal,3,8,2
2025,6,NE,NO,73,Touchdown,7,7,4
2025,6,NO,NE,73,End of half,0,1,0
2025,6,NE,NO,56,Field goal,3,12,3
2025,6,NO,NE,68,Punt,0,6,1
2025,6,NE,NO,76,Punt,0,3,0
2025,6,NO,NE,61,Field goal,3,7,2
2025,6,NE,NO,80,Punt,0,6,1
2025,6,NO,NE,75,Turnover,0,2,1
2025,6,NE,NO,51,Punt,0,6,1
2025,6,NO,NE,90,Punt,0,5,1
2025,6,NE,NO,79,End of half,0,8,2
2025,6,PHI,NYG,60,Field goal,3,6,2
2025,6,NYG,PHI,54,Touchdown,7,6,2
2025,6,PHI,NYG,71,Punt,0,3,0
2025,6,NYG,PHI,66,Touchdown,7,4,2
2025,6,PHI,NYG,75,Touchdown,7,8,4
2025,6,NYG,PHI,77,Punt,0,3,0
2025,6,PHI,NYG,74,Touchdown,7,13,6
2025,6,NYG,PHI,67,Touchdown,7,15,6
2025,6,PHI,NYG,93,End of half,0,6,2
2025,6,NYG,PHI,71,Punt,0,3,0
2025,6,PHI,NYG,93,Punt,0,3,0
2025,6,NYG,PHI,56,Touchdown,7,9,6
2025,6,PHI,NYG,70,Punt,0,4,1
2025,6,NYG,PHI,90,Punt,0,9,2
2025,6,PHI,NYG,88,Punt,0,3,0
2025,6,NYG,PHI,66,Punt,0,3,0
2025,6,PHI,NYG,66,Turnover,0,4,3
2025,6,NYG,PHI,23,Touchdown,7,3,2
2025,6,PHI,NYG,95,Turnover,0,7,2
2025,6,NYG,PHI,75,End of half,0,12,5
2025,6,JAX,SEA,80,Punt,0,3,0
2025,6,SEA,JAX,69,Punt,0,3,0
2025,6,JAX,SEA,87,Punt,0,7,2
2025,6,SEA,JAX,80,Punt,0,3,0
2025,6,JAX,SEA,61,Touchdown,7,8,4
2025,6,SEA,JAX,72,Field goal,3,10,3
2025,6,JAX,SEA,88,Punt,0,3,0
2025,6,SEA,JAX,61,Touchdown,7,1,1
2025,6,JAX,SEA,71,Punt,0,5,1
2025,6,SEA,JAX,80,Punt,0,3,0
2025,6,JAX,SEA,78,Missed field goal,0,11,3
2025,6,SEA,JAX,60,Field goal,3,6,1
2025,6,JAX,SEA,78,End of half,0,1,0
2025,6,SEA,JAX,77,Touchdown,7,8,4
2025,6,JAX,SEA,69,Punt,0,5,1
2025,6,SEA,JAX,81,Punt,0,5,1
2025,6,JAX,SEA,82,Touchdown,7,14,5
2025,6,SEA,JAX,65,Punt,0,3,0
2025,6,JAX,SEA,88,Punt,0,3,0
2025,6,SEA,JAX,65,Punt,0,3,0
2025,6,JAX,SEA,79,Punt,0,6,1
2025,6,SEA,JAX,93,Punt,0,4,1
2025,6,JAX,SEA,64,Punt,0,3,0
2025,6,SEA,JAX,73,End of half,0,7,2
2025,6,TB,SF,84,Punt,0,5,1
2025,6,SF,TB,84,Turnover,0,3,0
2025,6,TB,SF,12,Touchdown,7,2,2
2025,6,SF,TB,70,Field goal,3,5,1
2025,6,TB,SF,64,Punt,0,4,1
2025,6,SF,TB,86,Punt,0,6,1
2025,6,TB,SF,71,Punt,0,3,1
2025,6,SF,TB,84,Touchdown,7,10,4
2025,6,TB,SF,68,Touchdown,7,8,4
2025,6,SF,TB,63,Field goal,3,7,1
2025,6,TB,SF,72,Touchdown,7,5,3
2025,6,SF,TB,71,Field goal,3,6,2
2025,6,SF,TB,76,Field goal,3,14,4
2025,6,TB,SF,66,Touchdown,7,8,3
2025,6,SF,TB,68,Punt,0,8,2
2025,6,TB,SF,86,Missed field goal,0,8,2
2025,6,SF,TB,61,Turnover,0,8,2
2025,6,TB,SF,65,Field goal,3,8,2
2025,6,SF,TB,66,Turnover on downs,0,4,0
2025,6,TB,SF,40,End of half,0,1,0
2025,6,TEN,LV,65,Punt,0,3,0
2025,6,LV,TEN,80,Field goal,3,13,4
2025,6,TEN,LV,68,Punt,0,6,1
2025,6,LV,TEN,65,Punt,0,3,0
2025,6,TEN,LV,88,Punt,0,5,1
2025,6,LV,TEN,55,Punt,0,5,1
2025,6,TEN,LV,91,Turnover,0,3,0
2025,6,LV,TEN,2,Touchdown,7,3,1
2025,6,TEN,LV,73,Punt,0,3,0
2025,6,LV,TEN,59,Punt,0,3,0
2025,6,TEN,LV,84,Turnover,0,10,3
2025,6,LV,TEN,77,End of half,0,1,0
2025,6,LV,TEN,70,Touchdown,7,13,6
2025,6,TEN,LV,79,Field goal,3,8,3
2025,6,LV,TEN,71,Turnover,0,5,2
2025,6,TEN,LV,80,Punt,0,3,0
2025,6,LV,TEN,70,Field goal,3,8,2
2025,6,TEN,LV,65,Touchdown,7,12,5
2025,6,LV,TEN,41,Punt,0,3,0
2025,6,TEN,LV,90,Turnover,0,7,2
2025,6,LV,TEN,39,End of half,0,2,0
2025,7,ATL,SF,78,Punt,0,3,0
2025,7,SF,ATL,84,Punt,0,9,3
2025,7,ATL,SF,80,Field goal,3,19,6
2025,7,SF,ATL,65,Turnover,0,7,2
2025,7,ATL,SF,66,Punt,0,4,1
2025,7,SF,ATL,80,Touchdown,7,13,6
2025,7,ATL,SF,69,Turnover,0,3,1
2025,7,SF,ATL,40,Field goal,3,4,0
2025,7,ATL,SF,79,End of half,0,3,2
2025,7,SF,ATL,68,Field goal,3,11,3
2025,7,ATL,SF,48,Touchdown,7,6,3
2025,7,SF,ATL,75,Punt,0,3,0
2025,7,ATL,SF,67,Punt,0,8,2
2025,7,SF,ATL,96,Punt,0,6,2
2025,7,ATL,SF,83,Turnover on downs,0,8,2
2025,7,SF,ATL,64,Touchdown,7,11,6
2025,7,ATL,SF,77,Turnover on downs,0,7,2
2025,7,SF,ATL,45,End of half,0,4,1
2025,7,NYJ,CAR,55,Turnover on downs,0,6,1
2025,7,CAR,NYJ,66,Field goal,3,13,4
2025,7,NYJ,CAR,74,Punt,0,6,1
2025,7,CAR,NYJ,93,Turnover on downs,0,7,2
2025,7,NYJ,CAR,49,Field goal,3,7,2
2025,7,CAR,NYJ,65,Punt,0,4,1
2025,7,NYJ,CAR,87,Punt,0,3,0
2025,7,CAR,NYJ,52,Punt,0,3,0
2025,7,NYJ,CAR,96,Punt,0,3,0
2025,7,CAR,NYJ,52,Touchdown,7,7,3
2025,7,NYJ,CAR,67,End of half,0,7,2
2025,7,CAR,NYJ,49,Field goal,3,10,2
2025,7,NYJ,CAR,67,Punt,0,6,1
2025,7,CAR,NYJ,92,Punt,0,6,1
2025,7,NYJ,CAR,79,Turnover,0,10,3
2025,7,CAR,NYJ,80,Punt,0,11,3
2025,7,NYJ,CAR,85,Field goal,3,9,2
2025,7,CAR,NYJ,65,Punt,0,3,0
2025,7,NYJ,CAR,72,Turnover,0,2,0
2025,7,CAR,NYJ,60,Punt,0,3,0
2025,7,NYJ,CAR,86,Punt,0,3,0
2025,7,CAR,NYJ,57,End of half,0,5,1
2025,7,ARI,GB,73,Field goal,3,15,4
2025,7,GB,ARI,74,Turnover on downs,0,11,2
2025,7,ARI,GB,61,Punt,0,5,1
2025,7,GB,ARI,80,Field goal,3,9,4
2025,7,ARI,GB,71,Field goal,3,8,3
2025,7,GB,ARI,68,Punt,0,3,0
2025,7,ARI,GB,71,Touchdown,7,9,3
2025,7,GB,ARI,65,Field goal,3,2,1
2025,7,GB,ARI,70,Punt,0,3,0
2025,7,ARI,GB,80,Turnover,0,3,1
2025,7,GB,ARI,44,Touchdown,7,4,3
2025,7,ARI,GB,65,Touchdown,7,9,4
2025,7,GB,ARI,67,Touchdown,7,9,5
2025,7,ARI,GB,45,Field goal,3,11,3
2025,7,GB,ARI,84,Punt,0,3,0
2025,7,ARI,GB,72,Turnover on downs,0,5,1
2025,7,GB,ARI,48,Touchdown,7,10,4
2025,7,ARI,GB,65,Turnover on downs,0,8,3
2025,7,GB,ARI,73,End of half,0,1,0
2025,7,SEA,HOU,71,Punt,0,3,0
2025,7,HOU,SEA,96,Punt,0,5,1
2025,7,SEA,HOU,44,Touchdown,7,5,3
2025,7,HOU,SEA,63,Punt,0,3,0
2025,7,SEA,HOU,80,Touchdown,7,10,5
2025,7,HOU,SEA,70,Punt,0,5,1
2025,7,SEA,HOU,68,Punt,0,3,0
2025,7,HOU,SEA,76,Punt,0,3,0
2025,7,SEA,HOU,57,Turnover,0,4,2
2025,7,HOU,SEA,77,Field goal,3,10,5
2025,7,SEA,HOU,70,Missed field goal,0,7,2
2025,7,HOU,SEA,57,Field goal,3,3,1
2025,7,HOU,SEA,75,Turnover,0,2,0
2025,7,SEA,HOU,38,Field goal,3,8,1
2025,7,HOU,SEA,68,Punt,0,5,2
2025,7,SEA,HOU,96,Opp touchdown,0,3,0
2025,7,SEA,HOU,62,Field goal,3,5,1
2025,7,HOU,SEA,68,Turnover on downs,0,4,0
2025,7,SEA,HOU,39,Touchdown,7,5,3
2025,7,HOU,SEA,80,Punt,0,3,0
2025,7,SEA,HOU,53,Punt,0,3,0
2025,7,HOU,SEA,79,Punt,0,3,0
2025,7,SEA,HOU,64,Turnover,0,4,1
2025,7,HOU,SEA,54,Turnover on downs,0,6,1
2025,7,SEA,HOU,55,Turnover,0,2,0
2025,7,HOU,SEA,52,Turnover on downs,0,11,3
2025,7,SEA,HOU,94,Punt,0,3,0
2025,7,SEA,HOU,72,End of half,0,5,1
2025,7,IND,LAC,75,Touchdown,7,5,4
2025,7,LAC,IND,69,Field goal,3,9,2
2025,7,IND,LAC,70,Touchdown,7,17,5
2025,7,LAC,IND,78,Punt,0,4,1
2025,7,IND,LAC,80,Touchdown,7,8,4
2025,7,LAC,IND,65,Turnover,0,5,1
2025,7,IND,LAC,63,Punt,0,3,0
2025,7,LAC,IND,80,Turnover,0,9,4
2025,7,IND,LAC,80,Field goal,3,9,4
2025,7,LAC,IND,70,Touchdown,7,6,2
2025,7,IND,LAC,14,Touchdown,7,2,1
2025,7,LAC,IND,76,Touchdown,7,10,5
2025,7,IND,LAC,73,Touchdown,7,5,4
2025,7,LAC,IND,76,Touchdown,7,11,5
2025,7,IND,LAC,63,Punt,0,3,0
2025,7,LAC,IND,89,Turnover on downs,0,21,5
2025,7,IND,LAC,78,End of half,0,7,2
2025,7,JAX,LA,70,Punt,0,3,0
2025,7,LA,JAX,60,Touchdown,7,13,6
2025,7,JAX,LA,67,Punt,0,3,0
2025,7,LA,JAX,79,Touchdown,7,6,5
2025,7,JAX,LA,65,Punt,0,10,2
2025,7,LA,JAX,91,Punt,0,3,0
2025,7,JAX,LA,70,Missed field goal,0,7,1
2025,7,LA,JAX,60,Touchdown,7,5,5
2025,7,JAX,LA,65,Turnover on downs,0,10,3
2025,7,LA,JAX,93,End of half,0,3,1
2025,7,LA,JAX,64,Punt,0,3,0
2025,7,JAX,LA,83,Turnover on downs,0,10,5
2025,7,LA,JAX,70,Punt,0,4,1
2025,7,JAX,LA,91,Turnover on downs,0,7,2
2025,7,LA,JAX,73,Punt,0,3,0
2025,7,JAX,LA,57,Punt,0,4,1
2025,7,LA,JAX,84,Punt,0,3,0
2025,7,JAX,LA,79,Punt,0,3,0
2025,7,LA,JAX,62,Touchdown,7,8,3
2025,7,JAX,LA,80,Touchdown,7,5,3
2025,7,LA,JAX,45,Touchdown,7,8,5
2025,7,JAX,LA,65,Turnover on downs,0,13,4
2025,7,LA,JAX,86,End of half,0,3,0
2025,7,LV,KC,62,Punt,0,5,1
2025,7,KC,LV,92,Touchdown,7,9,5
2025,7,LV,KC,65,Punt,0,5,1
2025,7,KC,LV,84,Touchdown,7,17,7
2025,7,LV,KC,63,Punt,0,3,0
2025,7,KC,LV,94,Touchdown,7,16,9
2025,7,LV,KC,65,End of half,0,1,0
2025,7,KC,LV,65,Touchdown,7,11,5
2025,7,LV,KC,65,Punt,0,3,0
2025,7,KC,LV,86,Field goal,3,9,3
2025,7,LV,KC,65,Turnover on downs,0,4,0
2025,7,KC,LV,41,Punt,0,3,0
2025,7,LV,KC,92,Punt,0,4,1
2025,7,KC,LV,68,Punt,0,6,1
2025,7,LV,KC,86,Turnover,0,1,0
2025,7,KC,LV,11,Turnover on downs,0,4,0
2025,7,LV,KC,96,Punt,0,3,0
2025,7,KC,LV,57,Punt,0,3,0
2025,7,LV,KC,74,End of half,0,1,0
2025,7,CLE,MIA,67,Punt,0,3,0
2025,7,MIA,CLE,90,Punt,0,6,1
2025,7,CLE,MIA,69,Field goal,3,11,4
2025,7,MIA,CLE,77,Field goal,3,6,2
2025,7,CLE,MIA,83,Touchdown,7,5,3
2025,7,CLE,MIA,46,Touchdown,7,10,4
2025,7,MIA,CLE,53,Punt,0,5,1
2025,7,CLE,MIA,90,Punt,0,3,0
2025,7,MIA,CLE,40,Field goal,3,9,2
2025,7,MIA,CLE,70,Opp touchdown,0,1,0
2025,7,MIA,CLE,80,Punt,0,3,0
2025,7,CLE,MIA,44,Punt,0,3,0
2025,7,MIA,CLE,92,Turnover on downs,0,12,3
2025,7,CLE,MIA,72,Punt,0,9,2
2025,7,MIA,CLE,95,Turnover,0,3,0
2025,7,CLE,MIA,2,Touchdown,7,1,1
2025,7,MIA,CLE,71,Turnover,0,2,1
2025,7,CLE,MIA,42,Punt,0,3,0
2025,7,MIA,CLE,80,Punt,0,3,0
2025,7,CLE,MIA,62,Punt,0,5,1
2025,7,MIA,CLE,91,Turnover on downs,0,9,2
2025,7,CLE,MIA,41,End of half,0,1,0
2025,7,TEN,NE,65,Field goal,3,6,2
2025,7,NE,TEN,65,Field goal,3,10,3
2025,7,TEN,NE,59,Touchdown,7,3,2
2025,7,NE,TEN,76,Punt,0,5,1
2025,7,TEN,NE,74,Punt,0,8,2
2025,7,NE,TEN,93,Touchdown,7,11,6
2025,7,TEN,NE,64,Field goal,3,8,2
2025,7,NE,TEN,60,Touchdown,7,3,2
2025,7,TEN,NE,65,Turnover on downs,0,4,0
2025,7,NE,TEN,88,Touchdown,7,12,5
2025,7,TEN,NE,77,Opp touchdown,0,1,0
2025,7,TEN,NE,65,Punt,0,3,0
2025,7,NE,TEN,65,Punt,0,3,0
2025,7,TEN,NE,77,Punt,0,4,1
2025,7,NE,TEN,93,Punt,0,12,4
2025,7,TEN,NE,85,Turnover on downs,0,8,3
2025,7,NE,TEN,65,Punt,0,3,0
2025,7,TEN,NE,75,Turnover,0,8,4
2025,7,NE,TEN,43,End of half,0,6,1
2025,7,CHI,NO,65,Punt,0,3,0
2025,7,NO,CHI,81,Turnover,0,2,0
2025,7,CHI,NO,24,Field goal,3,6,1
2025,7,NO,CHI,67,Punt,0,3,0
2025,7,CHI,NO,76,Turnover,0,4,1
2025,7,NO,CHI,48,Missed field goal,0,7,1
2025,7,CHI,NO,56,Field goal,3,9,2
2025,7,NO,CHI,65,Turnover,0,5,2
2025,7,CHI,NO,30,Touchdown,7,4,2
2025,7,NO,CHI,65,Punt,0,3,0
2025,7,CHI,NO,55,Touchdown,7,8,4
2025,7,NO,CHI,67,Turnover on downs,0,5,1
2025,7,CHI,NO,57,Punt,0,3,0
2025,7,NO,CHI,91,Touchdown,7,5,3
2025,7,CHI,NO,73,End of half,0,2,1
2025,7,NO,CHI,80,Touchdown,7,10,5
2025,7,CHI,NO,72,Field goal,3,8,4
2025,7,NO,CHI,73,Turnover,0,3,1
2025,7,CHI,NO,88,Punt,0,7,2
2025,7,NO,CHI,79,Punt,0,5,1
2025,7,CHI,NO,66,Field goal,3,8,3
2025,7,NO,CHI,76,Turnover,0,6,2
2025,7,CHI,NO,68,End of half,0,9,3
2025,7,NYG,DEN,65,Punt,0,6,1
2025,7,DEN,NYG,80,Punt,0,3,0
2025,7,NYG,DEN,68,Punt,0,3,0
2025,7,DEN,NYG,85,Punt,0,5,1
2025,7,NYG,DEN,77,Touchdown,7,4,3
2025,7,DEN,NYG,94,Punt,0,8,2
2025,7,NYG,DEN,73,Punt,0,3,0
2025,7,DEN,NYG,68,Punt,0,3,0
2025,7,NYG,DEN,82,Touchdown,7,10,5
2025,7,DEN,NYG,65,Turnover on downs,0,13,3
2025,7,NYG,DEN,98,Punt,0,7,2
2025,7,DEN,NYG,76,End of half,0,2,0
2025,7,DEN,NYG,73,Punt,0,5,1
2025,7,NYG,DEN,85,Punt,0,10,4
2025,7,DEN,NYG,88,Punt,0,3,0
2025,7,NYG,DEN,59,Touchdown,7,7,3
2025,7,DEN,NYG,78,Touchdown,7,8,5
2025,7,NYG,DEN,67,Touchdown,7,6,3
2025,7,DEN,NYG,74,Touchdown,7,13,6
2025,7,NYG,DEN,70,Turnover,0,3,0
2025,7,DEN,NYG,19,Touchdown,7,4,2
2025,7,NYG,DEN,72,Punt,0,3,0
2025,7,DEN,NYG,68,Touchdown,7,6,3
2025,7,NYG,DEN,65,Touchdown,7,7,5
2025,7,DEN,NYG,77,Field goal,3,4,2
2025,7,PHI,MIN,75,Touchdown,7,12,4
2025,7,MIN,PHI,80,Field goal,3,11,3
2025,7,PHI,MIN,66,Punt,0,3,0
2025,7,MIN,PHI,84,Opp touchdown,0,4,1
2025,7,MIN,PHI,74,Turnover,0,3,0
2025,7,PHI,MIN,56,Punt,0,3,0
2025,7,MIN,PHI,80,Field goal,3,7,2
2025,7,PHI,MIN,74,Punt,0,3,0
2025,7,MIN,PHI,68,Punt,0,6,1
2025,7,PHI,MIN,84,End of half,0,4,1
2025,7,MIN,PHI,52,Field goal,3,10,3
2025,7,PHI,MIN,84,Touchdown,7,2,1
2025,7,MIN,PHI,60,Touchdown,7,8,5
2025,7,PHI,MIN,70,Missed field goal,0,9,2
2025,7,MIN,PHI,68,Field goal,3,7,2
2025,7,PHI,MIN,70,Touchdown,7,7,4
2025,7,MIN,PHI,72,Field goal,3,16,4
2025,7,PHI,MIN,57,Turnover on downs,0,7,1
2025,7,PIT,CIN,69,Touchdown,7,8,3
2025,7,CIN,PIT,73,Punt,0,6,1
2025,7,PIT,CIN,74,Punt,0,4,1
2025,7,CIN,PIT,83,Punt,0,7,2
2025,7,PIT,CIN,73,Field goal,3,12,4
2025,7,CIN,PIT,72,Touchdown,7,10,5
2025,7,PIT,CIN,70,Turnover,0,1,0
2025,7,CIN,PIT,76,Touchdown,7,3,3
2025,7,PIT,CIN,70,Turnover,0,7,2
2025,7,CIN,PIT,70,Field goal,3,6,2
2025,7,CIN,PIT,68,Field goal,3,14,4
2025,7,PIT,CIN,61,Touchdown,7,9,4
2025,7,CIN,PIT,67,Touchdown,7,8,3
2025,7,PIT,CIN,73,Touchdown,7,7,4
2025,7,CIN,PIT,80,Field goal,3,9,3
2025,7,PIT,CIN,61,Punt,0,3,0
2025,7,CIN,PIT,90,Punt,0,5,1
2025,7,PIT,CIN,58,Touchdown,7,2,1
2025,7,CIN,PIT,70,Field goal,3,8,3
2025,7,PIT,CIN,65,End of half,0,2,0
2025,7,DET,TB,69,Touchdown,7,6,3
2025,7,TB,DET,85,Punt,0,3,0
2025,7,DET,TB,65,Turnover,0,4,1
2025,7,TB,DET,60,Punt,0,3,0
2025,7,DET,TB,86,Turnover on downs,0,10,3
2025,7,TB,DET,85,Punt,0,4,1
2025,7,DET,TB,86,Punt,0,4,1
2025,7,TB,DET,64,Punt,0,6,1
2025,7,DET,TB,87,Touchdown,7,4,2
2025,7,TB,DET,65,Punt,0,3,0
2025,7,DET,TB,86,Punt,0,3,0
2025,7,TB,DET,62,Turnover,0,1,0
2025,7,DET,TB,41,Missed field goal,0,4,0
2025,7,TB,DET,55,Turnover,0,1,0
2025,7,DET,TB,48,Turnover,0,5,1
2025,7,TB,DET,57,Field goal,3,3,2
2025,7,TB,DET,67,Touchdown,7,11,4
2025,7,DET,TB,73,Touchdown,7,7,4
2025,7,TB,DET,79,Punt,0,3,0
2025,7,DET,TB,70,Punt,0,10,2
2025,7,TB,DET,89,Turnover on downs,0,5,1
2025,7,DET,TB,40,Field goal,3,4,0
2025,7,TB,DET,71,Turnover on downs,0,18,5
2025,7,DET,TB,87,Punt,0,3,0
2025,7,TB,DET,67,Turnover on downs,0,5,1
2025,7,DET,TB,66,Punt,0,3,0
2025,7,TB,DET,79,End of half,0,1,0
2025,7,DAL,WAS,66,Touchdown,7,5,3
2025,7,WAS,DAL,61,Punt,0,3,0
2025,7,DAL,WAS,99,Safety,0,1,0
2025,7,WAS,DAL,65,Touchdown,7,7,3
2025,7,DAL,WAS,60,Field goal,3,5,1
2025,7,WAS,DAL,87,Punt,0,3,0
2025,7,DAL,WAS,74,Touchdown,7,1,1
2025,7,WAS,DAL,72,Punt,0,6,1
2025,7,DAL,WAS,80,Punt,0,6,1
2025,7,WAS,DAL,90,Turnover on downs,0,7,1
2025,7,DAL,WAS,54,Field goal,3,8,1
2025,7,WAS,DAL,90,Punt,0,3,0
2025,7,DAL,WAS,73,Punt,0,6,1
2025,7,WAS,DAL,68,Touchdown,7,7,6
2025,7,DAL,WAS,72,Touchdown,7,4,3
2025,7,WAS,DAL,74,End of half,0,1,0
2025,7,WAS,DAL,65,Turnover,0,7,2
2025,7,DAL,WAS,55,Touchdown,7,9,4
2025,7,WAS,DAL,60,Opp touchdown,0,4,1
2025,7,WAS,DAL,53,Touchdown,7,7,3
2025,7,DAL,WAS,67,Field goal,3,9,3
2025,7,WAS,DAL,72,Turnover on downs,0,6,1
2025,7,DAL,WAS,64,Punt,0,4,1
2025,7,WAS,DAL,92,Punt,0,3,0
2025,7,DAL,WAS,75,End of half,0,7,2
2025,8,CAR,BUF,69,Punt,0,3,0
2025,8,BUF,CAR,76,Field goal,3,11,4
2025,8,CAR,BUF,71,Turnover,0,7,3
2025,8,BUF,CAR,83,Field goal,3,12,3
2025,8,CAR,BUF,65,Field goal,3,9,2
2025,8,BUF,CAR,77,Touchdown,7,3,2
2025,8,CAR,BUF,73,Punt,0,3,0
2025,8,BUF,CAR,74,Punt,0,5,1
2025,8,CAR,BUF,87,Turnover,0,5,1
2025,8,BUF,CAR,1,Touchdown,7,1,1
2025,8,CAR,BUF,69,Missed field goal,0,9,4
2025,8,BUF,CAR,65,Touchdown,7,4,2
2025,8,CAR,BUF,65,Punt,0,4,1
2025,8,BUF,CAR,88,Touchdown,7,9,6
2025,8,CAR,BUF,71,Turnover,0,1,0
2025,8,BUF,CAR,19,Touchdown,7,6,2
2025,8,CAR,BUF,67,Touchdown,7,13,6
2025,8,BUF,CAR,84,Punt,0,8,2
2025,8,CAR,BUF,81,Punt,0,3,0
2025,8,BUF,CAR,73,Punt,0,3,0
2025,8,CAR,BUF,77,End of half,0,4,2
2025,8,CHI,BAL,78,Field goal,3,13,5
2025,8,BAL,CHI,72,Punt,0,3,0
2025,8,CHI,BAL,83,Field goal,3,11,4
2025,8,BAL,CHI,62,Touchdown,7,12,6
2025,8,CHI,BAL,47,Punt,0,3,0
2025,8,BAL,CHI,78,Field goal,3,12,4
2025,8,CHI,BAL,72,Missed field goal,0,6,1
2025,8,BAL,CHI,66,Field goal,3,8,2
2025,8,CHI,BAL,72,Punt,0,3,0
2025,8,BAL,CHI,90,Field goal,3,10,4
2025,8,CHI,BAL,83,Touchdown,7,11,4
2025,8,BAL,CHI,56,Punt,0,5,1
2025,8,CHI,BAL,96,Turnover,0,2,0
2025,8,BAL,CHI,9,Touchdown,7,2,1
2025,8,CHI,BAL,78,Field goal,3,10,3
2025,8,BAL,CHI,66,Touchdown,7,9,6
2025,8,CHI,BAL,65,Turnover on downs,0,7,2
2025,8,BAL,CHI,99,End of half,0,1,0
2025,8,NE,CLE,72,Field goal,3,12,4
2025,8,CLE,NE,70,Touchdown,7,6,3
2025,8,NE,CLE,68,Punt,0,3,0
2025,8,CLE,NE,66,Punt,0,4,1
2025,8,NE,CLE,85,Turnover,0,6,2
2025,8,CLE,NE,34,Missed field goal,0,4,0
2025,8,NE,CLE,63,Field goal,3,7,2
2025,8,CLE,NE,76,Punt,0,3,0
2025,8,NE,CLE,66,Punt,0,3,0
2025,8,CLE,NE,80,Punt,0,4,1
2025,8,NE,CLE,83,Field goal,3,7,1
2025,8,CLE,NE,69,Punt,0,3,0
2025,8,NE,CLE,77,Touchdown,7,7,5
2025,8,CLE,NE,70,Turnover,0,3,0
2025,8,NE,CLE,6,Touchdown,7,3,1
2025,8,CLE,NE,85,Turnover,0,5,1
2025,8,NE,CLE,81,Touchdown,7,5,4
2025,8,CLE,NE,69,Turnover on downs,0,12,4
2025,8,NE,CLE,87,Punt,0,3,0
2025,8,CLE,NE,26,Touchdown,7,3,2
2025,8,NE,CLE,44,Turnover,0,7,3
2025,8,CLE,NE,99,Safety,0,2,0
2025,8,NE,CLE,33,Turnover on downs,0,4,0
2025,8,CLE,NE,67,Turnover on downs,0,4,0
2025,8,NE,CLE,34,End of half,0,5,1
2025,8,DEN,DAL,72,Turnover,0,3,1
2025,8,DAL,DEN,52,Field goal,3,8,2
2025,8,DEN,DAL,74,Touchdown,7,5,2
2025,8,DAL,DEN,73,Punt,0,3,0
2025,8,DEN,DAL,62,Touchdown,7,4,4
2025,8,DAL,DEN,66,Punt,0,7,2
2025,8,DEN,DAL,90,Punt,0,3,0
2025,8,DAL,DEN,59,Touchdown,7,11,5
2025,8,DEN,DAL,65,Touchdown,7,6,4
2025,8,DAL,DEN,80,Punt,0,3,0
2025,8,DEN,DAL,72,Touchdown,7,7,4
2025,8,DAL,DEN,65,Turnover,0,3,1
2025,8,DEN,DAL,78,End of half,0,1,0
2025,8,DAL,DEN,65,Touchdown,7,13,6
2025,8,DEN,DAL,46,Field goal,3,5,1
2025,8,DAL,DEN,65,Punt,0,5,1
2025,8,DEN,DAL,84,Touchdown,7,12,5
2025,8,DAL,DEN,72,Turnover,0,7,4
2025,8,DEN,DAL,55,Touchdown,7,8,4
2025,8,DAL,DEN,65,Touchdown,7,6,3
2025,8,DEN,DAL,71,Punt,0,3,0
2025,8,DAL,DEN,71,Punt,0,3,0
2025,8,DEN,DAL,91,End of half,0,1,0
2025,8,GB,PIT,80,Punt,0,3,0
2025,8,PIT,GB,80,Field goal,3,7,1
2025,8,GB,PIT,67,Touchdown,7,6,4
2025,8,PIT,GB,65,Punt,0,3,0
2025,8,GB,PIT,82,Missed field goal,0,7,2
2025,8,PIT,GB,53,Field goal,3,6,1
2025,8,GB,PIT,74,Punt,0,3,0
2025,8,PIT,GB,64,Field goal,3,9,3
2025,8,GB,PIT,66,Punt,0,3,0
2025,8,PIT,GB,84,Touchdown,7,9,5
2025,8,GB,PIT,80,Missed field goal,0,5,2
2025,8,PIT,GB,73,Punt,0,3,0
2025,8,GB,PIT,90,Touchdown,7,9,3
2025,8,PIT,GB,77,Field goal,3,7,2
2025,8,GB,PIT,78,Touchdown,7,10,5
2025,8,PIT,GB,77,Punt,0,3,0
2025,8,GB,PIT,45,Touchdown,7,4,2
2025,8,PIT,GB,75,Punt,0,3,0
2025,8,GB,PIT,56,Field goal,3,8,2
2025,8,PIT,GB,77,Turnover,0,2,0
2025,8,GB,PIT,26,Field goal,3,5,1
2025,8,PIT,GB,70,Touchdown,7,9,4
2025,8,GB,PIT,48,End of half,0,4,1
2025,8,MIA,ATL,66,Punt,0,3,0
2025,8,ATL,MIA,68,Punt,0,3,0
2025,8,MIA,ATL,79,Touchdown,7,13,6
2025,8,ATL,MIA,69,Field goal,3,9,2
2025,8,MIA,ATL,73,Punt,0,4,1
2025,8,ATL,MIA,96,Punt,0,3,0
2025,8,MIA,ATL,40,Field goal,3,5,1
2025,8,ATL,MIA,72,Punt,0,3,0
2025,8,MIA,ATL,82,Touchdown,7,10,6
2025,8,ATL,MIA,64,End of half,0,1,0
2025,8,ATL,MIA,71,Punt,0,3,0
2025,8,MIA,ATL,86,Punt,0,3,0
2025,8,ATL,MIA,75,Turnover,0,2,2
2025,8,MIA,ATL,84,Touchdown,7,10,5
2025,8,ATL,MIA,86,Turnover on downs,0,6,1
2025,8,MIA,ATL,41,Touchdown,7,7,3
2025,8,ATL,MIA,80,Turnover on downs,0,7,1
2025,8,MIA,ATL,37,Field goal,3,5,1
2025,8,ATL,MIA,65,Touchdown,7,11,4
2025,8,MIA,ATL,48,Turnover on downs,0,7,1
2025,8,ATL,MIA,73,End of half,0,2,1
2025,8,MIN,LAC,84,Punt,0,6,1
2025,8,LAC,MIN,83,Touchdown,7,14,6
2025,8,MIN,LAC,82,Punt,0,3,0
2025,8,LAC,MIN,59,Touchdown,7,8,5
2025,8,MIN,LAC,70,Field goal,3,9,2
2025,8,LAC,MIN,75,Missed field goal,0,7,2
2025,8,MIN,LAC,61,Punt,0,3,0
2025,8,LAC,MIN,94,Touchdown,7,9,5
2025,8,MIN,LAC,59,Missed field goal,0,5,1
2025,8,LAC,MIN,67,Field goal,3,9,2
2025,8,MIN,LAC,78,Punt,0,5,1
2025,8,LAC,MIN,85,Turnover,0,1,0
2025,8,MIN,LAC,26,Touchdown,7,6,3
2025,8,LAC,MIN,73,Touchdown,7,12,6
2025,8,MIN,LAC,69,Turnover,0,2,1
2025,8,LAC,MIN,52,Field goal,3,7,2
2025,8,MIN,LAC,65,Turnover on downs,0,4,0
2025,8,LAC,MIN,36,Field goal,3,7,1
2025,8,MIN,LAC,65,End of half,0,6,3
2025,8,PHI,NYG,65,Touchdown,7,2,1
2025,8,NYG,PHI,69,Punt,0,3,0
2025,8,PHI,NYG,75,Missed field goal,0,8,2
2025,8,NYG,PHI,52,Touchdown,7,6,3
2025,8,PHI,NYG,53,Touchdown,7,11,4
2025,8,NYG,PHI,69,Punt,0,7,1
2025,8,PHI,NYG,87,Punt,0,3,0
2025,8,NYG,PHI,66,Field goal,3,7,2
2025,8,PHI,NYG,58,Touchdown,7,7,5
2025,8,NYG,PHI,65,End of half,0,1,0
2025,8,NYG,PHI,65,Punt,0,3,0
2025,8,PHI,NYG,76,Field goal,3,11,3
2025,8,NYG,PHI,75,Field goal,3,15,4
2025,8,PHI,NYG,72,Touchdown,7,7,4
2025,8,NYG,PHI,67,Punt,0,3,0
2025,8,PHI,NYG,73,Touchdown,7,6,3
2025,8,NYG,PHI,65,Touchdown,7,7,3
2025,8,PHI,NYG,45,End of half,0,4,1
2025,8,CIN,NYJ,75,Field goal,3,11,4
2025,8,NYJ,CIN,72,Turnover on downs,0,4,0
2025,8,CIN,NYJ,35,Touchdown,7,5,3
2025,8,NYJ,CIN,75,Punt,0,4,1
2025,8,CIN,NYJ,75,Punt,0,3,0
2025,8,NYJ,CIN,74,Field goal,3,7,2
2025,8,CIN,NYJ,69,Touchdown,7,3,2
2025,8,NYJ,CIN,78,Touchdown,7,9,4
2025,8,CIN,NYJ,65,Touchdown,7,10,5
2025,8,NYJ,CIN,65,Field goal,3,12,4
2025,8,NYJ,CIN,76,Punt,0,6,1
2025,8,CIN,NYJ,80,Punt,0,3,0
2025,8,NYJ,CIN,86,Field goal,3,10,3
2025,8,CIN,NYJ,65,Touchdown,7,8,4
2025,8,NYJ,CIN,66,Touchdown,7,6,3
2025,8,CIN,NYJ,73,Touchdown,7,7,5
2025,8,NYJ,CIN,60,Touchdown,7,5,2
2025,8,CIN,NYJ,72,Punt,0,3,0
2025,8,NYJ,CIN,58,Touchdown,7,9,5
2025,8,CIN,NYJ,75,Turnover on downs,0,6,1
2025,8,NYJ,CIN,45,End of half,0,1,0
2025,8,HOU,SF,72,Field goal,3,16,4
2025,8,SF,HOU,65,Punt,0,4,0
2025,8,HOU,SF,87,Field goal,3,9,2
2025,8,SF,HOU,75,Punt,0,3,0
2025,8,HOU,SF,82,Touchdown,7,10,4
2025,8,SF,HOU,65,Punt,0,3,0
2025,8,HOU,SF,80,Field goal,3,11,4
2025,8,SF,HOU,35,Touchdown,7,4,2
2025,8,HOU,SF,71,Turnover,0,2,0
2025,8,SF,HOU,60,Punt,0,3,0
2025,8,HOU,SF,94,Touchdown,7,12,5
2025,8,SF,HOU,76,Touchdown,7,12,6
2025,8,HOU,SF,69,Field goal,3,10,3
2025,8,SF,HOU,68,Punt,0,3,0
2025,8,HOU,SF,72,Punt,0,5,1
2025,8,SF,HOU,99,Turnover,0,8,4
2025,8,HOU,SF,99,Punt,0,3,0
2025,8,HOU,SF,56,End of half,0,1,0
2025,8,NO,TB,63,Turnover,0,5,2
2025,8,TB,NO,68,Punt,0,5,1
2025,8,NO,TB,72,Punt,0,10,3
2025,8,TB,NO,92,Turnover on downs,0,17,6
2025,8,NO,TB,99,Opp touchdown,0,2,0
2025,8,NO,TB,80,Punt,0,5,1
2025,8,TB,NO,87,Punt,0,3,0
2025,8,NO,TB,66,Turnover,0,1,0
2025,8,TB,NO,47,Turnover,0,3,0
2025,8,NO,TB,45,Field goal,3,6,1
2025,8,TB,NO,73,Touchdown,7,10,5
2025,8,NO,TB,85,Punt,0,4,0
2025,8,TB,NO,55,Field goal,3,7,1
2025,8,NO,TB,70,Turnover,0,6,1
2025,8,NO,TB,76,Turnover on downs,0,7,1
2025,8,TB,NO,44,Field goal,3,4,0
2025,8,NO,TB,67,Turnover on downs,0,12,3
2025,8,TB,NO,76,Punt,0,3,0
2025,8,NO,TB,81,End of half,0,14,5
2025,8,IND,TEN,78,Field goal,3,10,4
2025,8,TEN,IND,85,Punt,0,7,2
2025,8,IND,TEN,73,Touchdown,7,8,5
2025,8,TEN,IND,69,Touchdown,7,6,3
2025,8,IND,TEN,71,Touchdown,7,6,4
2025,8,TEN,IND,69,Punt,0,3,0
2025,8,IND,TEN,63,Punt,0,3,0
2025,8,TEN,IND,77,Punt,0,6,1
2025,8,IND,TEN,85,Punt,0,4,1
2025,8,TEN,IND,80,Missed field goal,0,4,2
2025,8,IND,TEN,52,End of half,0,1,0
2025,8,TEN,IND,70,Punt,0,5,1
2025,8,IND,TEN,80,Touchdown,7,1,1
2025,8,TEN,IND,70,Punt,0,3,0
2025,8,IND,TEN,74,Touchdown,7,8,3
2025,8,TEN,IND,83,Turnover on downs,0,9,2
2025,8,IND,TEN,46,Touchdown,7,6,3
2025,8,TEN,IND,75,Turnover,0,15,5
2025,8,IND,TEN,80,Punt,0,3,0
2025,8,TEN,IND,67,Touchdown,7,8,4
2025,8,IND,TEN,65,Punt,0,3,0
2025,8,TEN,IND,85,End of half,0,2,0
2025,8,WAS,KC,57,Turnover,0,9,3
2025,8,KC,WAS,68,Turnover,0,9,2
2025,8,WAS,KC,93,Turnover on downs,0,8,2
2025,8,KC,WAS,65,Turnover,0,6,1
2025,8,WAS,KC,59,Turnover on downs,0,5,1
2025,8,KC,WAS,72,Touchdown,7,9,4
2025,8,WAS,KC,66,Touchdown,7,10,4
2025,8,KC,WAS,85,End of half,0,5,2
2025,8,KC,WAS,80,Touchdown,7,8,4
2025,8,WAS,KC,98,Punt,0,5,1
2025,8,KC,WAS,75,Touchdown,7,8,5
2025,8,WAS,KC,65,Punt,0,6,1
2025,8,KC,WAS,94,Touchdown,7,13,6
2025,8,WAS,KC,65,Punt,0,3,0
2025,8,KC,WAS,85,Punt,0,8,2
2025,8,WAS,KC,80,Turnover,0,6,2
2025,8,KC,WAS,65,End of half,0,1,0
2025,9,DAL,ARI,66,Turnover on downs,0,10,4
2025,9,ARI,DAL,89,Field goal,3,15,4
2025,9,DAL,ARI,77,Punt,0,3,0
2025,9,ARI,DAL,47,Touchdown,7,8,4
2025,9,DAL,ARI,74,Turnover,0,11,3
2025,9,ARI,DAL,76,Opp touchdown,0,5,1
2025,9,ARI,DAL,74,Touchdown,7,11,6
2025,9,DAL,ARI,62,Missed field goal,0,5,1
2025,9,ARI,DAL,74,Touchdown,7,3,3
2025,9,DAL,ARI,73,Field goal,3,12,4
2025,9,ARI,DAL,61,Field goal,3,9,3
2025,9,DAL,ARI,73,Turnover on downs,0,7,2
2025,9,ARI,DAL,78,Punt,0,3,0
2025,9,DAL,ARI,78,Touchdown,7,7,5
2025,9,ARI,DAL,67,Punt,0,5,1
2025,9,DAL,ARI,63,Turnover,0,8,3
2025,9,ARI,DAL,63,Turnover on downs,0,6,1
2025,9,DAL,ARI,63,Turnover,0,4,0
2025,9,ARI,DAL,59,End of half,0,2,0
2025,9,ATL,NE,68,Punt,0,3,0
2025,9,NE,ATL,75,Touchdown,7,10,5
2025,9,ATL,NE,69,Punt,0,5,1
2025,9,NE,ATL,94,Punt,0,3,0
2025,9,ATL,NE,53,Touchdown,7,5,4
2025,9,NE,ATL,65,Touchdown,7,12,6
2025,9,ATL,NE,70,Punt,0,3,0
2025,9,NE,ATL,72,Touchdown,7,5,2
2025,9,ATL,NE,72,Turnover on downs,0,7,2
2025,9,NE,ATL,71,Turnover,0,5,2
2025,9,ATL,NE,6,Touchdown,7,2,1
2025,9,NE,ATL,65,End of half,0,1,0
2025,9,NE,ATL,69,Field goal,3,15,5
2025,9,ATL,NE,84,Punt,0,3,0
2025,9,NE,ATL,52,Turnover,0,2,0
2025,9,ATL,NE,51,Field goal,3,9,2
2025,9,NE,ATL,78,Punt,0,8,2
2025,9,ATL,NE,85,Touchdown,7,12,5
2025,9,NE,ATL,71,Punt,0,3,0
2025,9,ATL,NE,81,Punt,0,6,2
2025,9,NE,ATL,82,End of half,0,5,1
2025,9,MIA,BAL,57,Field goal,3,5,1
2025,9,BAL,MIA,67,Punt,0,3,0
2025,9,MIA,BAL,96,Turnover,0,2,0
2025,9,BAL,MIA,7,Touchdown,7,4,1
2025,9,MIA,BAL,74,Missed field goal,0,10,3
2025,9,BAL,MIA,75,Touchdown,7,7,3
2025,9,MIA,BAL,65,Punt,0,5,1
2025,9,BAL,MIA,77,Punt,0,3,0
2025,9,MIA,BAL,29,Field goal,3,4,0
2025,9,BAL,MIA,72,Punt,0,3,0
2025,9,MIA,BAL,80,Turnover on downs,0,10,3
2025,9,BAL,MIA,87,Punt,0,3,0
2025,9,MIA,BAL,81,End of half,0,6,2
2025,9,BAL,MIA,68,Touchdown,7,11,6
2025,9,MIA,BAL,87,Punt,0,3,0
2025,9,BAL,MIA,60,Touchdown,7,4,3
2025,9,MIA,BAL,70,Punt,0,4,1
2025,9,BAL,MIA,85,Punt,0,4,1
2025,9,MIA,BAL,92,Turnover,0,12,5
2025,9,BAL,MIA,90,Punt,0,4,1
2025,9,MIA,BAL,82,Turnover,0,4,1
2025,9,BAL,MIA,88,End of half,0,10,3
2025,9,CAR,GB,73,Punt,0,3,0
2025,9,GB,CAR,72,Turnover,0,9,4
2025,9,CAR,GB,84,Turnover,0,15,5
2025,9,GB,CAR,80,Field goal,3,9,2
2025,9,CAR,GB,76,Touchdown,7,10,5
2025,9,GB,CAR,58,Field goal,3,10,3
2025,9,GB,CAR,68,Missed field goal,0,9,2
2025,9,CAR,GB,67,Punt,0,6,1
2025,9,GB,CAR,89,Turnover,0,4,1
2025,9,CAR,GB,38,Touchdown,7,8,4
2025,9,GB,CAR,71,Turnover on downs,0,13,3
2025,9,CAR,GB,87,Punt,0,4,1
2025,9,GB,CAR,71,Touchdown,7,12,5
2025,9,CAR,GB,71,Field goal,3,9,3
2025,9,CHI,CIN,73,Touchdown,7,12,5
2025,9,CIN,CHI,55,Field goal,3,7,2
2025,9,CHI,CIN,74,Touchdown,7,11,5
2025,9,CIN,CHI,69,Punt,0,3,0
2025,9,CHI,CIN,82,Punt,0,3,0
2025,9,CIN,CHI,85,Field goal,3,11,3
2025,9,CHI,CIN,65,Field goal,3,11,3
2025,9,CIN,CHI,63,Touchdown,7,2,2
2025,9,CHI,CIN,80,Missed field goal,0,10,2
2025,9,CIN,CHI,63,End of half,0,1,0
2025,9,CHI,CIN,77,Touchdown,7,12,7
2025,9,CIN,CHI,69,Touchdown,7,6,3
2025,9,CHI,CIN,74,Touchdown,7,6,3
2025,9,CIN,CHI,73,Turnover,0,4,1
2025,9,CHI,CIN,38,Field goal,3,5,1
2025,9,CIN,CHI,74,Missed field goal,0,13,3
2025,9,CHI,CIN,56,Touchdown,7,2,2
2025,9,CIN,CHI,67,Turnover,0,8,4
2025,9,CHI,CIN,96,Punt,0,3,0
2025,9,CIN,CHI,55,Touchdown,7,4,3
2025,9,CHI,CIN,43,Touchdown,7,6,4
2025,9,CIN,CHI,57,Touchdown,7,6,4
2025,9,CHI,CIN,72,Touchdown,7,4,2
2025,9,CIN,CHI,65,Turnover,0,3,1
2025,9,HOU,DEN,64,Missed field goal,0,14,3
2025,9,DEN,HOU,59,Missed field goal,0,8,2
2025,9,HOU,DEN,59,Field goal,3,8,3
2025,9,DEN,HOU,65,Punt,0,3,0
2025,9,HOU,DEN,79,Punt,0,3,0
2025,9,DEN,HOU,86,Turnover,0,2,0
2025,9,HOU,DEN,51,Field goal,3,10,3
2025,9,DEN,HOU,70,Touchdown,7,7,3
2025,9,HOU,DEN,73,Field goal,3,9,3
2025,9,DEN,HOU,80,Punt,0,4,1
2025,9,HOU,DEN,66,Punt,0,3,0
2025,9,HOU,DEN,30,Field goal,3,4,1
2025,9,DEN,HOU,76,Punt,0,5,1
2025,9,HOU,DEN,47,Field goal,3,6,1
2025,9,DEN,HOU,68,Punt,0,3,0
2025,9,HOU,DEN,56,Punt,0,3,0
2025,9,DEN,HOU,88,Punt,0,3,0
2025,9,HOU,DEN,88,Punt,0,3,0
2025,9,DEN,HOU,61,Touchdown,7,8,4
2025,9,HOU,DEN,71,Punt,0,5,1
2025,9,DEN,HOU,80,Punt,0,3,0
2025,9,HOU,DEN,64,Punt,0,4,0
2025,9,DEN,HOU,80,Punt,0,3,0
2025,9,HOU,DEN,80,Punt,0,3,0
2025,9,DEN,HOU,80,Punt,0,8,2
2025,9,HOU,DEN,87,Punt,0,3,0
2025,9,DEN,HOU,64,Field goal,3,6,2
2025,9,PIT,IND,61,Punt,0,3,0
2025,9,IND,PIT,79,Touchdown,7,13,5
2025,9,PIT,IND,74,Punt,0,3,0
2025,9,PIT,IND,11,Turnover on downs,0,4,0
2025,9,IND,PIT,95,Turnover,0,14,5
2025,9,PIT,IND,56,Touchdown,7,12,5
2025,9,IND,PIT,75,Turnover,0,2,0
2025,9,PIT,IND,14,Touchdown,7,2,1
2025,9,IND,PIT,70,Punt,0,3,0
2025,9,PIT,IND,82,Field goal,3,12,5
2025,9,IND,PIT,74,Punt,0,7,1
2025,9,PIT,IND,80,Punt,0,5,1
2025,9,IND,PIT,80,Turnover,0,8,2
2025,9,PIT,IND,56,Touchdown,7,7,4
2025,9,IND,PIT,75,Field goal,3,8,3
2025,9,PIT,IND,71,Punt,0,3,0
2025,9,IND,PIT,68,Turnover,0,2,0
2025,9,PIT,IND,34,Field goal,3,6,1
2025,9,IND,PIT,76,Touchdown,7,9,6
2025,9,PIT,IND,44,Turnover,0,2,0
2025,9,IND,PIT,76,Turnover,0,3,1
2025,9,PIT,IND,61,Punt,0,3,0
2025,9,IND,PIT,88,Field goal,3,7,3
2025,9,PIT,IND,48,End of half,0,1,0
2025,9,JAX,LV,60,Punt,0,3,0
2025,9,LV,JAX,86,Punt,0,5,1
2025,9,JAX,LV,83,Turnover,0,17,6
2025,9,LV,JAX,80,Turnover on downs,0,10,3
2025,9,JAX,LV,63,Punt,0,9,2
2025,9,LV,JAX,95,Touchdown,7,13,8
2025,9,JAX,LV,69,Field goal,3,4,1
2025,9,LV,JAX,71,Turnover,0,2,0
2025,9,JAX,LV,32,Field goal,3,7,1
2025,9,LV,JAX,43,Field goal,3,8,3
2025,9,JAX,LV,69,Touchdown,7,13,5
2025,9,LV,JAX,69,Touchdown,7,9,4
2025,9,JAX,LV,74,Touchdown,7,9,4
2025,9,LV,JAX,62,Touchdown,7,5,3
2025,9,JAX,LV,72,Field goal,3,8,2
2025,9,LV,JAX,66,End of half,0,1,0
2025,9,JAX,LV,44,Touchdown,7,10,5
2025,9,LV,JAX,45,Touchdown,7,8,4
2025,9,BUF,KC,84,Touchdown,7,11,5
2025,9,KC,BUF,67,Punt,0,3,0
2025,9,BUF,KC,70,Turnover on downs,0,6,1
2025,9,KC,BUF,53,Touchdown,7,7,5
2025,9,BUF,KC,70,Punt,0,3,0
2025,9,KC,BUF,64,Field goal,3,7,2
2025,9,BUF,KC,70,Touchdown,7,5,3
2025,9,KC,BUF,60,Turnover on downs,0,6,1
2025,9,BUF,KC,60,Touchdown,7,7,4
2025,9,KC,BUF,67,Field goal,3,7,2
2025,9,BUF,KC,65,End of half,0,1,0
2025,9,KC,BUF,69,Punt,0,3,0
2025,9,BUF,KC,83,Punt,0,8,2
2025,9,KC,BUF,89,Punt,0,6,1
2025,9,BUF,KC,74,Touchdown,7,8,4
2025,9,KC,BUF,66,Touchdown,7,11,3
2025,9,BUF,KC,69,Punt,0,7,2
2025,9,KC,BUF,87,Turnover,0,5,1
2025,9,BUF,KC,67,Missed field goal,0,9,2
2025,9,KC,BUF,58,End of half,0,4,1
2025,9,TEN,LAC,78,Punt,0,6,2
2025,9,LAC,TEN,85,Opp touchdown,0,2,0
2025,9,LAC,TEN,76,Touchdown,7,7,4
2025,9,TEN,LAC,68,Punt,0,5,1
2025,9,LAC,TEN,88,Opp touchdown,0,3,0
2025,9,LAC,TEN,65,Field goal,3,9,2
2025,9,TEN,LAC,65,Punt,0,3,0
2025,9,LAC,TEN,70,Touchdown,7,6,4
2025,9,TEN,LAC,60,Field goal,3,5,1
2025,9,LAC,TEN,80,Punt,0,3,0
2025,9,TEN,LAC,57,Punt,0,3,0
2025,9,LAC,TEN,74,Field goal,3,6,1
2025,9,TEN,LAC,69,End of half,0,2,0
2025,9,LAC,TEN,72,Punt,0,3,0
2025,9,TEN,LAC,72,Turnover on downs,0,11,4
2025,9,LAC,TEN,99,Touchdown,7,15,7
2025,9,TEN,LAC,70,Punt,0,3,0
2025,9,LAC,TEN,60,Punt,0,3,0
2025,9,TEN,LAC,59,Field goal,3,8,2
2025,9,LAC,TEN,65,End of half,0,10,3
2025,9,DET,MIN,72,Touchdown,7,6,3
2025,9,MIN,DET,36,Touchdown,7,5,3
2025,9,DET,MIN,72,Punt,0,3,0
2025,9,MIN,DET,64,Touchdown,7,7,4
2025,9,DET,MIN,70,Punt,0,6,1
2025,9,MIN,DET,93,Punt,0,3,0
2025,9,DET,MIN,35,Touchdown,7,9,3
2025,9,MIN,DET,73,Field goal,3,8,3
2025,9,DET,MIN,71,Punt,0,3,0
2025,9,MIN,DET,75,Turnover,0,7,2
2025,9,DET,MIN,61,Punt,0,3,0
2025,9,MIN,DET,89,End of half,0,1,0
2025,9,MIN,DET,71,Punt,0,5,1
2025,9,DET,MIN,92,Punt,0,3,0
2025,9,MIN,DET,70,Punt,0,4,1
2025,9,DET,MIN,91,Turnover,0,3,0
2025,9,MIN,DET,35,Touchdown,7,5,2
2025,9,DET,MIN,61,Field goal,3,11,3
2025,9,MIN,DET,74,Punt,0,3,0
2025,9,DET,MIN,60,Missed field goal,0,12,3
2025,9,MIN,DET,26,Field goal,3,7,3
2025,9,DET,MIN,69,Touchdown,7,5,2
2025,9,MIN,DET,77,End of half,0,6,1
2025,9,NO,LA,70,Punt,0,3,0
2025,9,LA,NO,88,Touchdown,7,12,6
2025,9,NO,LA,65,Punt,0,3,0
2025,9,LA,NO,58,Punt,0,3,0
2025,9,NO,LA,96,Punt,0,3,0
2025,9,LA,NO,62,Touchdown,7,11,6
2025,9,NO,LA,65,Field goal,3,8,2
2025,9,LA,NO,65,Touchdown,7,3,2
2025,9,NO,LA,65,Punt,0,3,0
2025,9,LA,NO,84,Missed field goal,0,11,3
2025,9,NO,LA,71,Touchdown,7,6,4
2025,9,LA,NO,65,End of half,0,1,0
2025,9,LA,NO,80,Touchdown,7,16,6
2025,9,NO,LA,65,Turnover,0,3,1
2025,9,LA,NO,52,Touchdown,7,10,4
2025,9,NO,LA,65,Turnover on downs,0,6,2
2025,9,LA,NO,92,Punt,0,3,0
2025,9,NO,LA,51,Turnover,0,6,1
2025,9,LA,NO,80,End of half,0,8,3
2025,9,WAS,SEA,74,Punt,0,6,1
2025,9,SEA,WAS,90,Touchdown,7,12,7
2025,9,WAS,SEA,80,Turnover,0,9,2
2025,9,SEA,WAS,60,Touchdown,7,7,3
2025,9,SEA,WAS,26,Touchdown,7,1,1
2025,9,WAS,SEA,80,Punt,0,3,0
2025,9,SEA,WAS,87,Touchdown,7,4,2
2025,9,WAS,SEA,69,Touchdown,7,10,6
2025,9,SEA,WAS,76,Field goal,3,4,2
2025,9,SEA,WAS,81,Punt,0,3,0
2025,9,WAS,SEA,79,Punt,0,5,1
2025,9,SEA,WAS,88,Turnover,0,3,1
2025,9,WAS,SEA,53,Turnover on downs,0,7,1
2025,9,SEA,WAS,60,Touchdown,7,9,5
2025,9,WAS,SEA,65,Punt,0,4,1
2025,9,SEA,WAS,86,Punt,0,3,0
2025,9,WAS,SEA,65,Touchdown,7,11,5
2025,9,SEA,WAS,72,Punt,0,3,0
2025,9,WAS,SEA,83,End of half,0,7,2
2025,9,NYG,SF,64,Touchdown,7,10,5
2025,9,SF,NYG,68,Touchdown,7,12,5
2025,9,NYG,SF,68,Punt,0,3,0
2025,9,SF,NYG,80,Touchdown,7,8,5
2025,9,NYG,SF,65,Punt,0,5,1
2025,9,SF,NYG,82,Punt,0,6,2
2025,9,NYG,SF,93,Punt,0,3,0
2025,9,SF,NYG,41,Field goal,3,4,0
2025,9,NYG,SF,72,Punt,0,3,0
2025,9,SF,NYG,72,Turnover,0,1,0
2025,9,NYG,SF,27,Missed field goal,0,4,0
2025,9,SF,NYG,65,End of half,0,1,0
2025,9,SF,NYG,60,Field goal,3,13,4
2025,9,NYG,SF,67,Field goal,3,8,4
2025,9,SF,NYG,76,Punt,0,3,0
2025,9,NYG,SF,79,Punt,0,6,1
2025,9,SF,NYG,76,Touchdown,7,9,5
2025,9,NYG,SF,65,Touchdown,7,7,4
2025,9,SF,NYG,60,Touchdown,7,6,3
2025,9,NYG,SF,69,Touchdown,7,9,4
2025,9,SF,NYG,48,End of half,0,4,1
2025,10,SEA,ARI,65,Touchdown,7,7,3
2025,10,ARI,SEA,80,Opp touchdown,0,3,1
2025,10,ARI,SEA,76,Punt,0,5,1
2025,10,SEA,ARI,81,Touchdown,7,9,6
2025,10,ARI,SEA,71,Opp touchdown,0,4,1
2025,10,ARI,SEA,76,Punt,0,3,1
2025,10,SEA,ARI,76,Touchdown,7,6,3
2025,10,ARI,SEA,65,Turnover on downs,0,11,4
2025,10,SEA,ARI,99,Turnover,0,2,0
2025,10,ARI,SEA,3,Touchdown,7,2,1
2025,10,SEA,ARI,63,Field goal,3,6,2
2025,10,ARI,SEA,74,Punt,0,7,2
2025,10,SEA,ARI,94,End of half,0,2,0
2025,10,ARI,SEA,75,Turnover on downs,0,17,5
2025,10,SEA,ARI,98,Turnover,0,1,0
2025,10,ARI,SEA,19,Touchdown,7,4,1
2025,10,SEA,ARI,75,Turnover,0,3,1
2025,10,ARI,SEA,24,Turnover on downs,0,6,1
2025,10,SEA,ARI,92,Field goal,3,13,4
2025,10,ARI,SEA,84,Touchdown,7,8,3
2025,10,SEA,ARI,45,Field goal,3,7,2
2025,10,ARI,SEA,80,Punt,0,3,0
2025,10,SEA,ARI,70,End of half,0,6,1
2025,10,IND,ATL,75,Turnover on downs,0,8,3
2025,10,ATL,IND,72,Turnover,0,4,1
2025,10,IND,ATL,23,Touchdown,7,2,2
2025,10,ATL,IND,81,Touchdown,7,5,5
2025,10,IND,ATL,65,Touchdown,7,2,2
2025,10,ATL,IND,73,Punt,0,6,2
2025,10,IND,ATL,98,Missed field goal,0,11,4
2025,10,ATL,IND,57,Punt,0,3,0
2025,10,IND,ATL,93,Punt,0,3,0
2025,10,ATL,IND,55,Touchdown,7,6,3
2025,10,IND,ATL,86,Turnover,0,7,2
2025,10,ATL,IND,72,End of half,0,1,0
2025,10,ATL,IND,69,Field goal,3,7,2
2025,10,IND,ATL,44,Turnover,0,4,1
2025,10,ATL,IND,56,Punt,0,3,0
2025,10,IND,ATL,87,Turnover on downs,0,14,4
2025,10,ATL,IND,93,Punt,0,5,1
2025,10,IND,ATL,47,Field goal,3,9,2
2025,10,ATL,IND,77,Punt,0,5,1
2025,10,IND,ATL,91,Touchdown,7,2,1
2025,10,ATL,IND,71,Touchdown,7,9,6
2025,10,IND,ATL,48,Field goal,3,8,1
2025,10,ATL,IND,74,End of half,0,2,0
2025,10,ATL,IND,70,Punt,0,5,1
2025,10,IND,ATL,57,Touchdown,7,7,3
2025,10,BAL,MIN,69,Punt,0,3,0
2025,10,MIN,BAL,86,Touchdown,7,7,3
2025,10,BAL,MIN,68,Field goal,3,11,3
2025,10,MIN,BAL,71,Punt,0,3,0
2025,10,BAL,MIN,85,Punt,0,3,0
2025,10,MIN,BAL,57,Field goal,3,7,1
2025,10,BAL,MIN,70,Punt,0,3,0
2025,10,MIN,BAL,84,Turnover,0,5,1
2025,10,BAL,MIN,78,Field goal,3,10,4
2025,10,MIN,BAL,65,Punt,0,3,0
2025,10,BAL,MIN,75,Field goal,3,4,4
2025,10,MIN,BAL,76,Turnover,0,4,1
2025,10,BAL,MIN,71,Field goal,3,6,3
2025,10,BAL,MIN,23,Touchdown,7,6,3
2025,10,MIN,BAL,67,Turnover on downs,0,5,1
2025,10,BAL,MIN,38,Missed field goal,0,4,0
2025,10,MIN,BAL,54,Field goal,3,7,3
2025,10,BAL,MIN,67,Touchdown,7,11,5
2025,10,MIN,BAL,71,Turnover on downs,0,7,3
2025,10,BAL,MIN,86,Punt,0,3,0
2025,10,MIN,BAL,65,Touchdown,7,9,4
2025,10,BAL,MIN,83,Punt,0,6,1
2025,10,MIN,BAL,92,Turnover on downs,0,6,1
2025,10,BAL,MIN,40,End of half,0,1,0
2025,10,MIA,BUF,65,Turnover,0,3,0
2025,10,BUF,MIA,75,Punt,0,3,0
2025,10,MIA,BUF,92,Touchdown,7,12,7
2025,10,BUF,MIA,71,Turnover on downs,0,6,1
2025,10,MIA,BUF,51,Touchdown,7,3,2
2025,10,BUF,MIA,69,Punt,0,3,0
2025,10,MIA,BUF,77,Punt,0,3,0
2025,10,BUF,MIA,85,Turnover,0,6,3
2025,10,MIA,BUF,95,Field goal,3,10,4
2025,10,BUF,MIA,69,Punt,0,3,0
2025,10,MIA,BUF,67,Punt,0,4,1
2025,10,BUF,MIA,80,End of half,0,3,0
2025,10,BUF,MIA,82,Turnover,0,14,6
2025,10,MIA,BUF,80,Punt,0,6,2
2025,10,BUF,MIA,98,Touchdown,7,8,4
2025,10,MIA,BUF,78,Turnover,0,6,1
2025,10,BUF,MIA,88,Turnover,0,5,1
2025,10,MIA,BUF,62,Touchdown,7,2,1
2025,10,BUF,MIA,65,Touchdown,7,11,5
2025,10,MIA,BUF,37,Touchdown,7,3,1
2025,10,BUF,MIA,65,Punt,0,3,0
2025,10,MIA,BUF,98,End of half,0,2,0
2025,10,CLE,NYJ,70,Punt,0,4,0
2025,10,NYJ,CLE,59,Punt,0,3,0
2025,10,CLE,NYJ,95,Touchdown,7,9,6
2025,10,CLE,NYJ,71,Opp touchdown,0,3,0
2025,10,CLE,NYJ,80,Punt,0,6,1
2025,10,NYJ,CLE,78,Punt,0,3,0
2025,10,CLE,NYJ,74,Punt,0,9,3
2025,10,NYJ,CLE,80,Turnover,0,1,0
2025,10,CLE,NYJ,22,Touchdown,7,1,1
2025,10,NYJ,CLE,72,Field goal,3,11,4
2025,10,CLE,NYJ,77,Punt,0,5,1
2025,10,NYJ,CLE,67,Punt,0,3,0
2025,10,CLE,NYJ,61,Field goal,3,7,2
2025,10,NYJ,CLE,55,Punt,0,3,0
2025,10,CLE,NYJ,90,Punt,0,8,3
2025,10,NYJ,CLE,74,Punt,0,3,0
2025,10,CLE,NYJ,81,Punt,0,3,0
2025,10,NYJ,CLE,58,Touchdown,7,8,3
2025,10,CLE,NYJ,66,Turnover on downs,0,7,1
2025,10,NYJ,CLE,60,Field goal,3,6,2
2025,10,CLE,NYJ,69,Field goal,3,10,5
2025,10,NYJ,CLE,67,End of half,0,8,3
2025,10,WAS,DET,74,Punt,0,3,0
2025,10,DET,WAS,78,Touchdown,7,10,5
2025,10,WAS,DET,52,Field goal,3,7,2
2025,10,DET,WAS,65,Touchdown,7,9,5
2025,10,WAS,DET,73,Punt,0,5,1
2025,10,DET,WAS,87,Touchdown,7,9,5
2025,10,WAS,DET,75,Touchdown,7,10,4
2025,10,DET,WAS,68,Field goal,3,13,3
2025,10,WAS,DET,75,End of half,0,1,0
2025,10,DET,WAS,72,Touchdown,7,5,5
2025,10,WAS,DET,69,Touchdown,7,9,3
2025,10,DET,WAS,82,Field goal,3,9,2
2025,10,WAS,DET,79,Punt,0,3,0
2025,10,DET,WAS,84,Touchdown,7,6,3
2025,10,WAS,DET,81,Touchdown,7,11,4
2025,10,DET,WAS,45,Field goal,3,6,1
2025,10,WAS,DET,72,Punt,0,3,0
2025,10,DET,WAS,78,End of half,0,4,1
2025,10,HOU,JAX,69,Turnover,0,3,1
2025,10,JAX,HOU,40,Field goal,3,7,1
2025,10,JAX,HOU,19,Touchdown,7,5,2
2025,10,HOU,JAX,65,Punt,0,9,2
2025,10,JAX,HOU,72,Punt,0,5,1
2025,10,HOU,JAX,83,Opp touchdown,0,3,0
2025,10,HOU,JAX,65,Field goal,3,8,2
2025,10,JAX,HOU,74,Field goal,3,7,3
2025,10,HOU,JAX,65,Touchdown,7,5,5
2025,10,JAX,HOU,64,Turnover,0,5,2
2025,10,HOU,JAX,55,End of half,0,2,1
2025,10,JAX,HOU,74,Field goal,3,9,3
2025,10,HOU,JAX,60,Turnover on downs,0,7,1
2025,10,JAX,HOU,58,Touchdown,7,11,6
2025,10,HOU,JAX,65,Touchdown,7,13,5
2025,10,JAX,HOU,87,Punt,0,3,0
2025,10,HOU,JAX,51,Touchdown,7,6,3
2025,10,JAX,HOU,55,Punt,0,3,0
2025,10,HOU,JAX,93,Touchdown,7,14,7
2025,10,JAX,HOU,67,Opp touchdown,0,3,1
2025,10,LA,SF,64,Touchdown,7,10,6
2025,10,SF,LA,65,Punt,0,3,0
2025,10,LA,SF,86,Touchdown,7,7,5
2025,10,SF,LA,65,Turnover,0,5,2
2025,10,LA,SF,59,Touchdown,7,9,4
2025,10,SF,LA,65,Turnover on downs,0,9,3
2025,10,LA,SF,89,Punt,0,3,0
2025,10,SF,LA,36,Touchdown,7,7,3
2025,10,LA,SF,70,Punt,0,7,2
2025,10,SF,LA,84,Punt,0,5,2
2025,10,LA,SF,92,End of half,0,1,0
2025,10,SF,LA,65,Touchdown,7,10,5
2025,10,LA,SF,64,Touchdown,7,12,6
2025,10,SF,LA,70,Touchdown,7,10,5
2025,10,LA,SF,64,Touchdown,7,5,4
2025,10,SF,LA,65,Turnover,0,4,0
2025,10,LA,SF,38,Touchdown,7,6,2
2025,10,SF,LA,65,Touchdown,7,7,4
2025,10,LA,SF,43,End of half,0,7,2
2025,10,LV,DEN,65,Punt,0,8,2
2025,10,DEN,LV,98,Punt,0,3,0
2025,10,LV,DEN,41,Touchdown,7,8,3
2025,10,DEN,LV,80,Punt,0,3,0
2025,10,LV,DEN,78,Punt,0,5,1
2025,10,DEN,LV,67,Punt,0,3,0
2025,10,LV,DEN,71,Punt,0,6,1
2025,10,DEN,LV,99,Punt,0,3,0
2025,10,LV,DEN,43,Turnover on downs,0,4,0
2025,10,DEN,LV,53,Touchdown,7,5,3
2025,10,LV,DEN,65,Punt,0,3,0
2025,10,DEN,LV,73,Turnover,0,5,1
2025,10,LV,DEN,64,End of half,0,3,0
2025,10,DEN,LV,91,Punt,0,3,0
2025,10,LV,DEN,71,Punt,0,3,0
2025,10,DEN,LV,84,Missed field goal,0,11,3
2025,10,LV,DEN,51,Turnover,0,1,0
2025,10,DEN,LV,33,Punt,0,3,0
2025,10,LV,DEN,80,Punt,0,3,0
2025,10,DEN,LV,12,Field goal,3,4,0
2025,10,LV,DEN,69,Punt,0,3,0
2025,10,DEN,LV,67,Punt,0,3,0
2025,10,LV,DEN,90,Punt,0,6,2
2025,10,DEN,LV,80,Turnover,0,3,0
2025,10,LV,DEN,45,Missed field goal,0,6,1
2025,10,DEN,LV,62,End of half,0,10,3
2025,10,TB,NE,65,Touchdown,7,6,3
2025,10,NE,TB,66,Punt,0,7,1
2025,10,TB,NE,80,Punt,0,6,2
2025,10,NE,TB,94,Punt,0,8,2
2025,10,TB,NE,77,Punt,0,3,0
2025,10,NE,TB,72,Touchdown,7,1,1
2025,10,TB,NE,70,Punt,0,3,0
2025,10,NE,TB,93,Punt,0,4,1
2025,10,TB,NE,75,Field goal,3,8,3
2025,10,NE,TB,78,Touchdown,7,14,5
2025,10,NE,TB,65,Touchdown,7,2,2
2025,10,TB,NE,73,Punt,0,5,1
2025,10,NE,TB,70,Punt,0,3,0
2025,10,TB,NE,92,Touchdown,7,11,7
2025,10,NE,TB,65,Turnover on downs,0,7,1
2025,10,TB,NE,58,Punt,0,6,1
2025,10,NE,TB,80,Punt,0,3,0
2025,10,TB,NE,76,Punt,0,3,0
2025,10,NE,TB,58,Turnover,0,7,2
2025,10,TB,NE,80,Turnover on downs,0,9,3
2025,10,NE,TB,70,Touchdown,7,2,1
2025,10,TB,NE,65,Touchdown,7,7,4
2025,10,CAR,NO,67,Touchdown,7,12,6
2025,10,NO,CAR,80,Field goal,3,10,3
2025,10,CAR,NO,72,Punt,0,4,1
2025,10,NO,CAR,98,Punt,0,3,0
2025,10,CAR,NO,53,Punt,0,3,0
2025,10,NO,CAR,75,Touchdown,7,7,2
2025,10,CAR,NO,62,Punt,0,3,0
2025,10,NO,CAR,92,Punt,0,5,1
2025,10,CAR,NO,87,Punt,0,3,0
2025,10,NO,CAR,84,Punt,0,9,2
2025,10,CAR,NO,81,End of half,0,3,1
2025,10,NO,CAR,63,Punt,0,3,0
2025,10,CAR,NO,90,Missed field goal,0,11,3
2025,10,CAR,NO,30,Turnover,0,4,1
2025,10,NO,CAR,83,Turnover on downs,0,12,3
2025,10,CAR,NO,17,Turnover,0,12,3
2025,10,NO,CAR,43,Touchdown,7,5,2
2025,10,CAR,NO,68,Turnover on downs,0,6,1
2025,10,NO,CAR,59,End of half,0,14,4
2025,10,CHI,NYG,60,Turnover on downs,0,6,1
2025,10,NYG,CHI,69,Turnover on downs,0,6,1
2025,10,CHI,NYG,47,Touchdown,7,8,4
2025,10,NYG,CHI,65,Punt,0,3,0
2025,10,CHI,NYG,72,Punt,0,5,1
2025,10,NYG,CHI,80,Touchdown,7,6,3
2025,10,CHI,NYG,65,Punt,0,4,1
2025,10,NYG,CHI,89,Turnover on downs,0,11,4
2025,10,CHI,NYG,81,Turnover on downs,0,9,2
2025,10,NYG,CHI,67,Field goal,3,8,2
2025,10,CHI,NYG,60,End of half,0,1,0
2025,10,NYG,CHI,56,Touchdown,7,6,3
2025,10,CHI,NYG,75,Punt,0,6,1
2025,10,NYG,CHI,80,Turnover,0,10,3
2025,10,CHI,NYG,84,Field goal,3,8,5
2025,10,NYG,CHI,80,Field goal,3,10,4
2025,10,CHI,NYG,64,Turnover on downs,0,4,0
2025,10,NYG,CHI,43,Punt,0,3,0
2025,10,CHI,NYG,91,Touchdown,7,9,6
2025,10,NYG,CHI,65,Punt,0,3,0
2025,10,CHI,NYG,53,Touchdown,7,4,2
2025,10,NYG,CHI,65,Turnover on downs,0,6,1
2025,10,CHI,NYG,46,End of half,0,1,0
2025,10,GB,PHI,61,Punt,0,9,2
2025,10,PHI,GB,91,Turnover,0,16,5
2025,10,GB,PHI,64,Punt,0,3,0
2025,10,PHI,GB,79,Punt,0,3,0
2025,10,GB,PHI,78,Punt,0,5,1
2025,10,PHI,GB,80,Punt,0,3,0
2025,10,GB,PHI,59,Punt,0,3,0
2025,10,PHI,GB,74,Punt,0,5,1
2025,10,GB,PHI,68,Turnover,0,8,3
2025,10,PHI,GB,65,Turnover on downs,0,4,0
2025,10,PHI,GB,71,Field goal,3,10,3
2025,10,GB,PHI,73,Turnover on downs,0,8,2
2025,10,PHI,GB,59,Punt,0,3,0
2025,10,GB,PHI,80,Punt,0,8,3
2025,10,PHI,GB,80,Touchdown,7,4,2
2025,10,GB,PHI,75,Touchdown,7,11,5
2025,10,PHI,GB,72,Punt,0,9,2
2025,10,GB,PHI,90,Turnover,0,7,1
2025,10,PHI,GB,39,Turnover on downs,0,4,0
2025,10,GB,PHI,64,Missed field goal,0,5,1
2025,10,PIT,LAC,60,Punt,0,3,0
2025,10,LAC,PIT,89,Punt,0,3,0
2025,10,PIT,LAC,46,Field goal,3,4,0
2025,10,LAC,PIT,69,Punt,0,7,1
2025,10,PIT,LAC,94,Safety,0,3,0
2025,10,LAC,PIT,66,Punt,0,3,0
2025,10,PIT,LAC,79,Missed field goal,0,9,3
2025,10,LAC,PIT,65,Field goal,3,13,4
2025,10,PIT,LAC,72,Punt,0,3,0
2025,10,LAC,PIT,81,Punt,0,4,1
2025,10,PIT,LAC,77,Turnover,0,2,0
2025,10,LAC,PIT,38,Touchdown,7,7,3
2025,10,PIT,LAC,65,End of half,0,3,0
2025,10,LAC,PIT,67,Punt,0,6,1
2025,10,PIT,LAC,92,Punt,0,4,1
2025,10,LAC,PIT,77,Field goal,3,6,2
2025,10,PIT,LAC,82,Punt,0,3,0
2025,10,LAC,PIT,64,Missed field goal,0,7,1
2025,10,PIT,LAC,55,Turnover on downs,0,8,3
2025,10,LAC,PIT,90,Touchdown,7,6,4
2025,10,PIT,LAC,63,Turnover,0,2,1
2025,10,LAC,PIT,39,Punt,0,3,0
2025,10,LAC,PIT,21,Field goal,3,4,0
2025,10,PIT,LAC,65,Touchdown,7,8,3
2025,10,LAC,PIT,49,End of half,0,4,1
2025,11,CLE,BAL,70,Punt,0,3,0
2025,11,BAL,CLE,79,Field goal,3,15,6
2025,11,CLE,BAL,67,Field goal,3,9,3
2025,11,BAL,CLE,65,Punt,0,4,1
2025,11,CLE,BAL,80,Punt,0,4,1
2025,11,CLE,BAL,6,Field goal,3,4,0
2025,11,BAL,CLE,71,Opp touchdown,0,2,0
2025,11,BAL,CLE,63,Touchdown,7,6,3
2025,11,CLE,BAL,70,Field goal,3,8,2
2025,11,BAL,CLE,66,Punt,0,3,0
2025,11,CLE,BAL,89,End of half,0,1,0
2025,11,BAL,CLE,65,Punt,0,3,0
2025,11,CLE,BAL,75,Punt,0,3,0
2025,11,BAL,CLE,67,Punt,0,8,2
2025,11,CLE,BAL,83,Turnover,0,3,0
2025,11,BAL,CLE,16,Turnover,0,1,0
2025,11,CLE,BAL,77,Punt,0,6,1
2025,11,BAL,CLE,68,Field goal,3,5,1
2025,11,CLE,BAL,68,Punt,0,5,1
2025,11,BAL,CLE,80,Field goal,3,10,3
2025,11,CLE,BAL,80,Punt,0,3,0
2025,11,BAL,CLE,44,Touchdown,7,4,1
2025,11,CLE,BAL,65,Turnover on downs,0,8,2
2025,11,BAL,CLE,74,End of half,0,2,0
2025,11,ATL,CAR,69,Punt,0,3,0
2025,11,CAR,ATL,73,Touchdown,7,12,4
2025,11,ATL,CAR,75,Touchdown,7,4,3
2025,11,CAR,ATL,65,Punt,0,4,1
2025,11,ATL,CAR,95,Touchdown,7,13,7
2025,11,CAR,ATL,80,Punt,0,3,0
2025,11,ATL,CAR,59,Touchdown,7,7,6
2025,11,CAR,ATL,69,Field goal,3,7,2
2025,11,ATL,CAR,71,End of half,0,2,1
2025,11,CAR,ATL,68,Touchdown,7,5,3
2025,11,CAR,ATL,32,Turnover on downs,0,6,1
2025,11,ATL,CAR,91,Punt,0,6,1
2025,11,CAR,ATL,79,Field goal,3,10,3
2025,11,ATL,CAR,78,Punt,0,6,1
2025,11,CAR,ATL,84,Punt,0,4,1
2025,11,ATL,CAR,82,Punt,0,6,2
2025,11,CAR,ATL,93,Turnover on downs,0,11,2
2025,11,ATL,CAR,39,Field goal,3,4,0
2025,11,CAR,ATL,65,Touchdown,7,9,4
2025,11,ATL,CAR,55,Field goal,3,6,2
2025,11,CAR,ATL,72,End of half,0,1,0
2025,11,ATL,CAR,80,Punt,0,3,0
2025,11,CAR,ATL,70,Field goal,3,6,1
2025,11,MIN,CHI,80,Punt,0,9,2
2025,11,CHI,MIN,90,Punt,0,3,0
2025,11,MIN,CHI,64,Punt,0,3,0
2025,11,CHI,MIN,80,Punt,0,3,0
2025,11,MIN,CHI,60,Field goal,3,8,3
2025,11,CHI,MIN,75,Punt,0,6,1
2025,11,MIN,CHI,73,Punt,0,3,0
2025,11,CHI,MIN,74,Touchdown,7,15,7
2025,11,MIN,CHI,80,Turnover,0,3,1
2025,11,CHI,MIN,25,Field goal,3,4,0
2025,11,MIN,CHI,66,Turnover,0,5,2
2025,11,CHI,MIN,80,Punt,0,3,0
2025,11,MIN,CHI,61,End of half,0,1,0
2025,11,CHI,MIN,69,Field goal,3,9,2
2025,11,MIN,CHI,80,Punt,0,5,1
2025,11,CHI,MIN,80,Field goal,3,10,4
2025,11,MIN,CHI,79,Punt,0,3,0
2025,11,CHI,MIN,79,Punt,0,5,1
2025,11,MIN,CHI,24,Touchdown,7,2,1
2025,11,CHI,MIN,65,Missed field goal,0,8,2
2025,11,MIN,CHI,65,Punt,0,3,0
2025,11,CHI,MIN,82,Punt,0,8,2
2025,11,MIN,CHI,85,Touchdown,7,10,5
2025,11,CHI,MIN,40,Field goal,3,4,0
2025,11,PIT,CIN,78,Touchdown,7,8,4
2025,11,CIN,PIT,71,Touchdown,7,9,4
2025,11,PIT,CIN,81,Punt,0,9,2
2025,11,CIN,PIT,90,Punt,0,8,2
2025,11,PIT,CIN,80,Punt,0,3,0
2025,11,CIN,PIT,74,Punt,0,3,0
2025,11,PIT,CIN,77,Punt,0,5,1
2025,11,CIN,PIT,83,Punt,0,6,1
2025,11,PIT,CIN,93,Field goal,3,9,6
2025,11,CIN,PIT,70,End of half,0,1,0
2025,11,CIN,PIT,76,Field goal,3,7,2
2025,11,PIT,CIN,73,Field goal,3,15,4
2025,11,CIN,PIT,68,Opp touchdown,0,8,2
2025,11,CIN,PIT,77,Field goal,3,12,3
2025,11,PIT,CIN,65,Touchdown,7,12,5
2025,11,CIN,PIT,72,Opp touchdown,0,1,0
2025,11,CIN,PIT,65,Turnover on downs,0,10,3
2025,11,PIT,CIN,85,End of half,0,1,0
2025,11,DAL,LV,74,Punt,0,3,0
2025,11,LV,DAL,69,Punt,0,4,1
2025,11,DAL,LV,96,Turnover,0,3,1
2025,11,LV,DAL,15,Field goal,3,4,0
2025,11,DAL,LV,69,Field goal,3,7,2
2025,11,LV,DAL,73,Field goal,3,7,3
2025,11,DAL,LV,68,Touchdown,7,6,4
2025,11,LV,DAL,69,Punt,0,7,2
2025,11,DAL,LV,79,Touchdown,7,12,5
2025,11,LV,DAL,78,Turnover,0,7,3
2025,11,DAL,LV,69,Touchdown,7,4,3
2025,11,LV,DAL,70,Field goal,3,9,3
2025,11,LV,DAL,68,Punt,0,3,0
2025,11,DAL,LV,80,Touchdown,7,12,6
2025,11,LV,DAL,62,Touchdown,7,14,5
2025,11,DAL,LV,57,Punt,0,3,0
2025,11,LV,DAL,98,Safety,0,1,0
2025,11,DAL,LV,38,Turnover on downs,0,12,3
2025,11,LV,DAL,95,Turnover on downs,0,4,0
2025,11,DAL,LV,6,Turnover on downs,0,4,0
2025,11,LV,DAL,93,End of half,0,1,0
2025,11,PHI,DET,65,Punt,0,6,1
2025,11,DET,PHI,86,Turnover,0,3,1
2025,11,PHI,DET,11,Field goal,3,4,0
2025,11,DET,PHI,79,Punt,0,3,0
2025,11,PHI,DET,80,Punt,0,4,1
2025,11,DET,PHI,88,Punt,0,7,3
2025,11,PHI,DET,85,Punt,0,3,0
2025,11,DET,PHI,61,Turnover on downs,0,4,0
2025,11,PHI,DET,48,Punt,0,3,0
2025,11,DET,PHI,65,Turnover on downs,0,4,0
2025,11,PHI,DET,43,Field goal,3,9,2
2025,11,DET,PHI,74,Touchdown,7,3,2
2025,11,PHI,DET,64,Touchdown,7,10,5
2025,11,DET,PHI,65,End of half,0,1,0
2025,11,DET,PHI,65,Turnover on downs,0,6,2
2025,11,PHI,DET,68,Punt,0,3,0
2025,11,DET,PHI,72,Turnover on downs,0,9,2
2025,11,PHI,DET,96,Punt,0,5,2
2025,11,DET,PHI,85,Turnover on downs,0,7,1
2025,11,PHI,DET,55,Field goal,3,11,2
2025,11,DET,PHI,72,Punt,0,4,1
2025,11,PHI,DET,85,Punt,0,4,1
2025,11,DET,PHI,85,Punt,0,6,1
2025,11,PHI,DET,80,Turnover on downs,0,4,0
2025,11,DET,PHI,29,Field goal,3,4,0
2025,11,PHI,DET,65,End of half,0,6,2
2025,11,NYG,GB,65,Touchdown,7,9,4
2025,11,GB,NYG,75,Punt,0,6,2
2025,11,NYG,GB,85,Punt,0,3,0
2025,11,GB,NYG,62,Touchdown,7,12,5
2025,11,NYG,GB,77,Punt,0,3,0
2025,11,GB,NYG,84,Touchdown,7,10,5
2025,11,NYG,GB,68,Touchdown,7,11,5
2025,11,GB,NYG,72,Punt,0,4,1
2025,11,NYG,GB,72,End of half,0,1,0
2025,11,GB,NYG,66,Touchdown,7,6,3
2025,11,NYG,GB,73,Turnover on downs,0,16,4
2025,11,GB,NYG,83,Punt,0,3,0
2025,11,NYG,GB,85,Touchdown,7,15,6
2025,11,GB,NYG,65,Touchdown,7,7,3
2025,11,NYG,GB,65,Turnover,0,10,3
2025,11,GB,NYG,80,Punt,0,3,0
2025,11,NYG,GB,65,Turnover,0,1,0
2025,11,HOU,TEN,65,Turnover on downs,0,15,4
2025,11,TEN,HOU,88,Field goal,3,13,4
2025,11,HOU,TEN,67,Punt,0,4,1
2025,11,TEN,HOU,86,Punt,0,6,1
2025,11,HOU,TEN,86,Punt,0,11,4
2025,11,TEN,HOU,80,Punt,0,3,0
2025,11,HOU,TEN,62,Punt,0,3,0
2025,11,TEN,HOU,79,Punt,0,3,0
2025,11,HOU,TEN,65,End of half,0,2,0
2025,11,TEN,HOU,65,Field goal,3,8,2
2025,11,HOU,TEN,65,Touchdown,7,7,4
2025,11,TEN,HOU,70,Punt,0,3,0
2025,11,HOU,TEN,86,Field goal,3,10,4
2025,11,TEN,HOU,74,Turnover,0,6,1
2025,11,HOU,TEN,34,Field goal,3,4,0
2025,11,TEN,HOU,80,Punt,0,3,0
2025,11,HOU,TEN,62,Punt,0,3,0
2025,11,TEN,HOU,88,Punt,0,3,0
2025,11,HOU,TEN,54,Punt,0,3,0
2025,11,TEN,HOU,95,Touchdown,7,11,6
2025,11,HOU,TEN,65,Field goal,3,9,3
2025,11,DEN,KC,65,Field goal,3,14,4
2025,11,KC,DEN,72,Punt,0,4,1
2025,11,DEN,KC,11,Field goal,3,4,0
2025,11,KC,DEN,71,Field goal,3,9,3
2025,11,DEN,KC,60,Punt,0,3,0
2025,11,KC,DEN,89,Field goal,3,16,5
2025,11,DEN,KC,71,Punt,0,4,1
2025,11,KC,DEN,90,Punt,0,3,0
2025,11,DEN,KC,73,Punt,0,3,0
2025,11,KC,DEN,76,Turnover on downs,0,5,1
2025,11,KC,DEN,68,Turnover,0,9,4
2025,11,DEN,KC,89,Touchdown,7,11,5
2025,11,KC,DEN,75,Touchdown,7,6,2
2025,11,DEN,KC,80,Field goal,3,8,2
2025,11,KC,DEN,73,Touchdown,7,6,3
2025,11,DEN,KC,72,Punt,0,3,0
2025,11,KC,DEN,88,Punt,0,3,0
2025,11,DEN,KC,55,Field goal,3,6,1
2025,11,KC,DEN,74,Punt,0,3,0
2025,11,DEN,KC,74,Field goal,3,10,3
2025,11,LAC,JAX,77,Punt,0,3,0
2025,11,JAX,LAC,88,Turnover on downs,0,10,3
2025,11,LAC,JAX,58,Field goal,3,9,2
2025,11,JAX,LAC,74,Touchdown,7,6,5
2025,11,LAC,JAX,79,Punt,0,3,0
2025,11,JAX,LAC,67,Turnover,0,1,0
2025,11,LAC,JAX,42,Field goal,3,9,3
2025,11,JAX,LAC,60,Touchdown,7,9,5
2025,11,LAC,JAX,75,Punt,0,6,1
2025,11,JAX,LAC,99,End of half,0,2,0
2025,11,JAX,LAC,65,Touchdown,7,11,6
2025,11,LAC,JAX,72,Punt,0,3,0
2025,11,JAX,LAC,76,Touchdown,7,16,7
2025,11,LAC,JAX,72,Turnover,0,1,0
2025,11,JAX,LAC,13,Touchdown,7,2,1
2025,11,LAC,JAX,65,Turnover on downs,0,4,0
2025,11,JAX,LAC,37,Turnover on downs,0,4,0
2025,11,LAC,JAX,69,Turnover on downs,0,9,2
2025,11,JAX,LAC,62,End of half,0,8,3
2025,11,NYJ,NE,72,Touchdown,7,14,5
2025,11,NE,NYJ,69,Touchdown,7,13,5
2025,11,NYJ,NE,69,Punt,0,3,0
2025,11,NE,NYJ,83,Touchdown,7,8,5
2025,11,NYJ,NE,62,Punt,0,3,0
2025,11,NE,NYJ,85,Punt,0,5,1
2025,11,NYJ,NE,93,Punt,0,3,0
2025,11,NE,NYJ,59,Missed field goal,0,7,3
2025,11,NE,NYJ,66,Punt,0,3,0
2025,11,NYJ,NE,68,Punt,0,6,2
2025,11,NE,NYJ,69,Touchdown,7,6,4
2025,11,NYJ,NE,65,Touchdown,7,9,4
2025,11,NE,NYJ,72,Field goal,3,10,3
2025,11,NYJ,NE,72,Punt,0,6,1
2025,11,NE,NYJ,80,Punt,0,4,1
2025,11,NYJ,NE,85,Turnover,0,1,0
2025,11,NE,NYJ,11,Field goal,3,4,0
2025,11,NYJ,NE,65,Turnover on downs,0,12,3
2025,11,NE,NYJ,85,End of half,0,5,1
2025,11,LA,SEA,70,Turnover on downs,0,7,2
2025,11,SEA,LA,92,Turnover,0,3,1
2025,11,LA,SEA,3,Touchdown,7,4,1
2025,11,SEA,LA,65,Field goal,3,6,2
2025,11,LA,SEA,74,Touchdown,7,10,4
2025,11,SEA,LA,65,Field goal,3,13,5
2025,11,LA,SEA,60,Punt,0,3,0
2025,11,SEA,LA,92,Field goal,3,15,4
2025,11,SEA,LA,65,Turnover,0,3,0
2025,11,LA,SEA,35,Turnover,0,2,0
2025,11,SEA,LA,66,Field goal,3,10,3
2025,11,LA,SEA,78,Punt,0,5,1
2025,11,SEA,LA,69,Punt,0,3,0
2025,11,LA,SEA,88,Punt,0,5,1
2025,11,SEA,LA,63,Turnover,0,1,0
2025,11,LA,SEA,25,Touchdown,7,4,2
2025,11,SEA,LA,70,Turnover,0,6,1
2025,11,LA,SEA,49,Punt,0,3,0
2025,11,SEA,LA,87,Punt,0,3,0
2025,11,LA,SEA,75,Punt,0,3,0
2025,11,SEA,LA,84,Touchdown,7,11,6
2025,11,LA,SEA,69,Punt,0,4,1
2025,11,SEA,LA,99,Missed field goal,0,10,4
2025,11,SF,ARI,1,Touchdown,7,1,1
2025,11,ARI,SF,73,Punt,0,5,1
2025,11,SF,ARI,70,Touchdown,7,5,3
2025,11,ARI,SF,72,Touchdown,7,9,4
2025,11,SF,ARI,65,Punt,0,3,0
2025,11,ARI,SF,44,Missed field goal,0,4,0
2025,11,SF,ARI,52,Touchdown,7,5,5
2025,11,ARI,SF,71,Field goal,3,12,4
2025,11,SF,ARI,48,Punt,0,3,0
2025,11,ARI,SF,92,Punt,0,4,0
2025,11,SF,ARI,61,Field goal,3,6,2
2025,11,ARI,SF,72,Turnover,0,4,1
2025,11,SF,ARI,67,Field goal,3,3,3
2025,11,ARI,SF,69,Punt,0,3,0
2025,11,SF,ARI,68,Field goal,3,9,3
2025,11,ARI,SF,75,Turnover,0,4,2
2025,11,SF,ARI,14,Touchdown,7,5,2
2025,11,ARI,SF,70,Turnover,0,10,4
2025,11,SF,ARI,97,Punt,0,3,0
2025,11,ARI,SF,65,Touchdown,7,10,4
2025,11,SF,ARI,45,Touchdown,7,7,4
2025,11,ARI,SF,65,Touchdown,7,8,4
2025,11,SF,ARI,45,End of half,0,5,1
2025,11,TB,BUF,65,Punt,0,7,2
2025,11,BUF,TB,95,Turnover,0,2,0
2025,11,TB,BUF,7,Field goal,3,4,0
2025,11,BUF,TB,36,Touchdown,7,10,3
2025,11,TB,BUF,69,Touchdown,7,11,4
2025,11,BUF,TB,67,Touchdown,7,6,2
2025,11,TB,BUF,66,Touchdown,7,6,3
2025,11,BUF,TB,51,Turnover,0,4,0
2025,11,TB,BUF,68,Punt,0,6,1
2025,11,BUF,TB,92,Touchdown,7,4,3
2025,11,TB,BUF,64,Field goal,3,5,3
2025,11,BUF,TB,56,Punt,0,3,0
2025,11,TB,BUF,96,Punt,0,3,0
2025,11,TB,BUF,43,Touchdown,7,7,3
2025,11,BUF,TB,46,Field goal,3,5,1
2025,11,TB,BUF,72,Turnover,0,3,0
2025,11,BUF,TB,25,Touchdown,7,1,1
2025,11,TB,BUF,62,Touchdown,7,9,3
2025,11,BUF,TB,81,Touchdown,7,8,5
2025,11,TB,BUF,69,Punt,0,3,0
2025,11,BUF,TB,85,Touchdown,7,8,4
2025,11,TB,BUF,65,Turnover,0,5,2
2025,11,BUF,TB,61,Punt,0,3,0
2025,11,TB,BUF,80,End of half,0,1,0
2025,11,MIA,WAS,80,Field goal,3,7,3
2025,11,WAS,MIA,79,Field goal,3,13,5
2025,11,MIA,WAS,77,Field goal,3,11,3
2025,11,WAS,MIA,72,Missed field goal,0,9,3
2025,11,MIA,WAS,59,Punt,0,3,0
2025,11,WAS,MIA,94,Field goal,3,14,5
2025,11,WAS,MIA,59,Touchdown,7,6,3
2025,11,MIA,WAS,65,Turnover on downs,0,8,3
2025,11,WAS,MIA,98,Punt,0,6,1
2025,11,MIA,WAS,53,Touchdown,7,10,4
2025,11,WAS,MIA,70,Turnover on downs,0,11,3
2025,11,MIA,WAS,98,Punt,0,4,1
2025,11,MIA,WAS,42,Turnover on downs,0,8,2
2025,11,WAS,MIA,97,Missed field goal,0,8,2
2025,11,MIA,WAS,54,End of half,0,2,1
2025,11,WAS,MIA,65,Turnover,0,1,0
2025,11,MIA,WAS,33,Field goal,3,4,2
2025,12,ATL,NO,74,Punt,0,3,0
2025,12,NO,ATL,58,Turnover,0,2,0
2025,12,ATL,NO,39,Field goal,3,4,0
2025,12,NO,ATL,16,Missed field goal,0,4,0
2025,12,ATL,NO,71,Punt,0,4,1
2025,12,NO,ATL,92,Punt,0,9,2
2025,12,ATL,NO,77,Touchdown,7,8,4
2025,12,NO,ATL,71,Punt,0,7,2
2025,12,ATL,NO,81,Opp touchdown,0,4,1
2025,12,ATL,NO,64,Field goal,3,9,2
2025,12,NO,ATL,65,Missed field goal,0,7,2
2025,12,ATL,NO,62,Field goal,3,10,2
2025,12,NO,ATL,75,Turnover on downs,0,15,5
2025,12,ATL,NO,98,Punt,0,3,0
2025,12,NO,ATL,59,Field goal,3,15,4
2025,12,ATL,NO,68,Touchdown,7,3,2
2025,12,NO,ATL,65,Punt,0,3,0
2025,12,ATL,NO,73,Punt,0,6,1
2025,12,NO,ATL,88,Turnover on downs,0,6,2
2025,12,ATL,NO,42,Punt,0,3,0
2025,12,NO,ATL,88,Turnover,0,13,4
2025,12,ATL,NO,80,End of half,0,1,0
2025,12,HOU,BUF,78,Punt,0,3,0
2025,12,BUF,HOU,81,Touchdown,7,10,3
2025,12,HOU,BUF,59,Field goal,3,10,4
2025,12,BUF,HOU,88,Punt,0,3,0
2025,12,HOU,BUF,66,Punt,0,3,0
2025,12,BUF,HOU,95,Field goal,3,13,4
2025,12,HOU,BUF,77,Touchdown,7,12,6
2025,12,BUF,HOU,75,Turnover,0,1,0
2025,12,HOU,BUF,30,Field goal,3,4,0
2025,12,HOU,BUF,75,Touchdown,7,6,3
2025,12,BUF,HOU,65,End of half,0,1,0
2025,12,BUF,HOU,80,Punt,0,5,1
2025,12,HOU,BUF,69,Punt,0,3,0
2025,12,BUF,HOU,90,Punt,0,3,0
2025,12,HOU,BUF,53,Punt,0,3,0
2025,12,BUF,HOU,92,Turnover,0,3,0
2025,12,HOU,BUF,22,Field goal,3,7,1
2025,12,BUF,HOU,65,Turnover on downs,0,9,2
2025,12,HOU,BUF,75,Punt,0,3,0
2025,12,BUF,HOU,62,Field goal,3,7,1
2025,12,HOU,BUF,79,Punt,0,4,1
2025,12,BUF,HOU,82,Turnover,0,13,3
2025,12,HOU,BUF,91,End of half,0,1,0
2025,12,SF,CAR,72,Touchdown,7,15,6
2025,12,CAR,SF,65,Punt,0,3,0
2025,12,SF,CAR,92,Turnover,0,1,0
2025,12,CAR,SF,16,Turnover,0,4,1
2025,12,SF,CAR,80,Turnover,0,12,4
2025,12,CAR,SF,80,Punt,0,3,0
2025,12,SF,CAR,83,Turnover,0,3,1
2025,12,CAR,SF,33,Field goal,3,7,2
2025,12,SF,CAR,54,Field goal,3,6,1
2025,12,CAR,SF,75,Punt,0,3,0
2025,12,SF,CAR,65,End of half,0,3,1
2025,12,CAR,SF,73,Punt,0,4,1
2025,12,SF,CAR,80,Touchdown,7,13,6
2025,12,CAR,SF,68,Touchdown,7,8,4
2025,12,SF,CAR,70,Field goal,3,10,3
2025,12,CAR,SF,65,Turnover,0,6,2
2025,12,SF,CAR,74,Punt,0,3,0
2025,12,CAR,SF,66,Missed field goal,0,7,2
2025,12,SF,CAR,53,End of half,0,6,1
2025,12,CLE,LV,68,Punt,0,3,0
2025,12,LV,CLE,86,Punt,0,7,1
2025,12,CLE,LV,13,Touchdown,7,2,1
2025,12,LV,CLE,65,Punt,0,3,0
2025,12,CLE,LV,60,Punt,0,3,0
2025,12,LV,CLE,74,Punt,0,3,0
2025,12,CLE,LV,73,Touchdown,7,5,3
2025,12,LV,CLE,75,Missed field goal,0,9,3
2025,12,CLE,LV,62,Turnover,0,1,0
2025,12,LV,CLE,26,Field goal,3,4,0
2025,12,CLE,LV,59,Punt,0,3,0
2025,12,LV,CLE,79,Punt,0,6,2
2025,12,CLE,LV,72,Turnover,0,1,0
2025,12,LV,CLE,76,Punt,0,3,0
2025,12,CLE,LV,72,Punt,0,3,0
2025,12,LV,CLE,77,Punt,0,5,2
2025,12,CLE,LV,91,End of half,0,1,0
2025,12,LV,CLE,63,Turnover on downs,0,7,1
2025,12,CLE,LV,48,Punt,0,3,0
2025,12,LV,CLE,80,Punt,0,3,0
2025,12,CLE,LV,87,Punt,0,6,1
2025,12,LV,CLE,65,Turnover on downs,0,7,1
2025,12,CLE,LV,78,Field goal,3,8,4
2025,12,LV,CLE,82,Punt,0,4,1
2025,12,CLE,LV,67,Touchdown,7,3,1
2025,12,LV,CLE,65,Touchdown,7,7,4
2025,12,CLE,LV,72,Punt,0,3,0
2025,12,LV,CLE,69,Turnover,0,6,2
2025,12,CLE,LV,51,Punt,0,4,1
2025,12,LV,CLE,90,End of half,0,3,2
2025,12,IND,KC,69,Punt,0,7,1
2025,12,KC,IND,96,Turnover,0,2,0
2025,12,IND,KC,3,Touchdown,7,2,1
2025,12,KC,IND,74,Field goal,3,17,6
2025,12,IND,KC,75,Touchdown,7,8,3
2025,12,KC,IND,78,Field goal,3,13,4
2025,12,IND,KC,69,Punt,0,3,0
2025,12,KC,IND,85,Field goal,3,10,6
2025,12,IND,KC,67,End of half,0,1,0
2025,12,KC,IND,71,Punt,0,3,0
2025,12,IND,KC,63,Field goal,3,8,2
2025,12,KC,IND,80,Punt,0,5,2
2025,12,IND,KC,74,Field goal,3,11,3
2025,12,KC,IND,72,Turnover,0,5,2
2025,12,IND,KC,94,Punt,0,3,0
2025,12,KC,IND,56,Touchdown,7,11,5
2025,12,IND,KC,67,Punt,0,3,0
2025,12,KC,IND,88,Punt,0,3,0
2025,12,IND,KC,51,Punt,0,3,0
2025,12,KC,IND,94,Field goal,3,15,4
2025,12,IND,KC,67,Punt,0,3,0
2025,12,KC,IND,90,Field goal,3,12,4
2025,12,ARI,JAX,72,Punt,0,8,2
2025,12,JAX,ARI,97,Touchdown,7,4,3
2025,12,ARI,JAX,77,Punt,0,7,4
2025,12,JAX,ARI,92,Opp touchdown,0,3,0
2025,12,JAX,ARI,65,Field goal,3,10,2
2025,12,ARI,JAX,65,Touchdown,7,9,6
2025,12,JAX,ARI,65,Punt,0,3,0
2025,12,ARI,JAX,87,Missed field goal,0,16,5
2025,12,JAX,ARI,77,End of half,0,2,0
2025,12,JAX,ARI,57,Turnover,0,4,3
2025,12,ARI,JAX,80,Punt,0,3,0
2025,12,JAX,ARI,27,Touchdown,7,6,2
2025,12,ARI,JAX,79,Punt,0,5,1
2025,12,JAX,ARI,77,Turnover,0,3,0
2025,12,ARI,JAX,39,Punt,0,3,0
2025,12,JAX,ARI,91,Punt,0,5,1
2025,12,ARI,JAX,78,Punt,0,4,1
2025,12,JAX,ARI,99,Turnover,0,7,2
2025,12,ARI,JAX,41,Touchdown,7,3,1
2025,12,JAX,ARI,65,Touchdown,7,6,4
2025,12,ARI,JAX,70,Turnover on downs,0,4,0
2025,12,JAX,ARI,28,Turnover on downs,0,4,0
2025,12,ARI,JAX,80,Field goal,3,8,3
2025,12,JAX,ARI,65,End of half,0,1,0
2025,12,JAX,ARI,65,Field goal,3,5,1
2025,12,ARI,JAX,72,Turnover on downs,0,8,2
2025,12,MIN,GB,65,Field goal,3,7,2
2025,12,GB,MIN,70,Touchdown,7,7,4
2025,12,MIN,GB,72,Punt,0,6,1
2025,12,GB,MIN,98,Punt,0,9,2
2025,12,MIN,GB,76,Turnover on downs,0,10,3
2025,12,GB,MIN,82,Field goal,3,14,5
2025,12,MIN,GB,73,Field goal,3,8,2
2025,12,GB,MIN,65,End of half,0,1,0
2025,12,GB,MIN,72,Punt,0,6,2
2025,12,GB,MIN,5,Touchdown,7,2,1
2025,12,MIN,GB,66,Punt,0,3,0
2025,12,GB,MIN,92,Punt,0,7,2
2025,12,MIN,GB,87,Punt,0,3,0
2025,12,GB,MIN,55,Field goal,3,8,3
2025,12,MIN,GB,81,Punt,0,3,0
2025,12,GB,MIN,40,Field goal,3,5,1
2025,12,MIN,GB,65,Turnover,0,1,0
2025,12,GB,MIN,40,Punt,0,3,0
2025,12,MIN,GB,93,Turnover,0,5,2
2025,12,GB,MIN,63,End of half,0,6,2
2025,12,NE,CIN,76,Punt,0,6,1
2025,12,CIN,NE,81,Field goal,3,11,3
2025,12,NE,CIN,72,Punt,0,3,0
2025,12,CIN,NE,76,Punt,0,10,3
2025,12,NE,CIN,90,Opp touchdown,0,2,0
2025,12,NE,CIN,70,Touchdown,7,9,4
2025,12,CIN,NE,80,Opp touchdown,0,4,1
2025,12,CIN,NE,65,Punt,0,5,1
2025,12,NE,CIN,90,Field goal,3,9,3
2025,12,CIN,NE,82,Field goal,3,3,2
2025,12,CIN,NE,69,Punt,0,3,0
2025,12,NE,CIN,90,Turnover on downs,0,11,4
2025,12,CIN,NE,98,Punt,0,5,2
2025,12,NE,CIN,76,Field goal,3,8,2
2025,12,CIN,NE,76,Punt,0,6,1
2025,12,NE,CIN,80,Field goal,3,13,5
2025,12,CIN,NE,71,Touchdown,7,4,4
2025,12,NE,CIN,60,Field goal,3,9,2
2025,12,CIN,NE,72,Turnover on downs,0,13,3
2025,12,NE,CIN,74,End of half,0,1,0
2025,12,NYG,DET,70,Touchdown,7,4,2
2025,12,DET,NYG,65,Punt,0,8,2
2025,12,NYG,DET,92,Punt,0,3,0
2025,12,DET,NYG,53,Punt,0,3,0
2025,12,NYG,DET,90,Field goal,3,10,4
2025,12,DET,NYG,65,Touchdown,7,7,5
2025,12,NYG,DET,69,Touchdown,7,6,3
2025,12,DET,NYG,72,Punt,0,5,1
2025,12,NYG,DET,88,Punt,0,3,0
2025,12,DET,NYG,61,Touchdown,7,3,2
2025,12,NYG,DET,82,Field goal,3,6,2
2025,12,DET,NYG,57,Field goal,3,5,1
2025,12,DET,NYG,76,Punt,0,6,2
2025,12,NYG,DET,93,Punt,0,9,3
2025,12,DET,NYG,90,Turnover,0,10,3
2025,12,NYG,DET,85,Touchdown,7,9,4
2025,12,DET,NYG,81,Touchdown,7,3,2
2025,12,NYG,DET,65,Turnover,0,1,0
2025,12,DET,NYG,45,Punt,0,3,0
2025,12,NYG,DET,92,Turnover on downs,0,14,4
2025,12,DET,NYG,94,Field goal,3,13,4
2025,12,NYG,DET,68,End of half,0,2,0
2025,12,DET,NYG,69,Touchdown,7,1,1
2025,12,NYG,DET,70,Turnover on downs,0,12,3
2025,12,NYJ,BAL,57,Punt,0,3,0
2025,12,BAL,NYJ,82,Punt,0,7,1
2025,12,NYJ,BAL,79,Punt,0,8,2
2025,12,BAL,NYJ,94,Punt,0,3,0
2025,12,NYJ,BAL,60,Punt,0,6,1
2025,12,BAL,NYJ,85,Punt,0,5,1
2025,12,NYJ,BAL,79,Touchdown,7,12,6
2025,12,BAL,NYJ,58,Field goal,3,8,2
2025,12,NYJ,BAL,61,Punt,0,4,1
2025,12,BAL,NYJ,80,End of half,0,2,0
2025,12,BAL,NYJ,74,Touchdown,7,11,5
2025,12,NYJ,BAL,66,Turnover on downs,0,4,0
2025,12,BAL,NYJ,42,Touchdown,7,7,3
2025,12,NYJ,BAL,60,Field goal,3,9,2
2025,12,BAL,NYJ,75,Field goal,3,9,3
2025,12,NYJ,BAL,67,Turnover,0,4,2
2025,12,BAL,NYJ,97,Punt,0,4,1
2025,12,NYJ,BAL,95,Turnover on downs,0,6,1
2025,12,BAL,NYJ,11,Field goal,3,4,0
2025,12,NYJ,BAL,59,Turnover,0,2,0
2025,12,BAL,NYJ,87,End of half,0,1,0
2025,12,DAL,PHI,72,Turnover on downs,0,6,1
2025,12,DAL,PHI,81,Punt,0,3,1
2025,12,PHI,DAL,76,Touchdown,7,12,5
2025,12,DAL,PHI,65,Turnover,0,5,2
2025,12,PHI,DAL,66,Touchdown,7,6,4
2025,12,DAL,PHI,60,Turnover,0,11,4
2025,12,PHI,DAL,80,Punt,0,3,0
2025,12,DAL,PHI,72,Touchdown,7,6,4
2025,12,PHI,DAL,72,End of half,0,1,0
2025,12,PHI,DAL,68,Punt,0,3,0
2025,12,DAL,PHI,92,Punt,0,3,0
2025,12,PHI,DAL,70,Punt,0,6,1
2025,12,DAL,PHI,96,Missed field goal,0,8,3
2025,12,PHI,DAL,59,Punt,0,3,0
2025,12,DAL,PHI,89,Touchdown,7,7,5
2025,12,PHI,DAL,68,Missed field goal,0,7,2
2025,12,DAL,PHI,54,Touchdown,7,3,2
2025,12,PHI,DAL,69,Turnover,0,6,2
2025,12,DAL,PHI,67,Punt,0,5,1
2025,12,DAL,PHI,8,Turnover on downs,0,4,0
2025,12,PHI,DAL,98,Punt,0,5,2
2025,12,DAL,PHI,73,Field goal,3,9,2
2025,12,CHI,PIT,71,Punt,0,3,0
2025,12,PIT,CHI,79,Turnover,0,2,0
2025,12,CHI,PIT,56,Touchdown,7,8,5
2025,12,PIT,CHI,95,Touchdown,7,13,7
2025,12,CHI,PIT,80,Opp touchdown,0,2,0
2025,12,CHI,PIT,74,Turnover,0,5,1
2025,12,PIT,CHI,52,Turnover on downs,0,5,1
2025,12,CHI,PIT,70,Touchdown,7,11,4
2025,12,PIT,CHI,80,Touchdown,7,7,3
2025,12,CHI,PIT,64,Field goal,3,9,2
2025,12,PIT,CHI,75,Punt,0,6,1
2025,12,CHI,PIT,60,Touchdown,7,5,3
2025,12,PIT,CHI,73,Punt,0,3,0
2025,12,CHI,PIT,73,Punt,0,3,0
2025,12,PIT,CHI,66,Turnover,0,3,1
2025,12,CHI,PIT,54,Touchdown,7,9,4
2025,12,PIT,CHI,73,Touchdown,7,17,6
2025,12,CHI,PIT,68,Punt,0,3,0
2025,12,PIT,CHI,89,Punt,0,6,1
2025,12,CHI,PIT,56,Punt,0,3,0
2025,12,PIT,CHI,80,Turnover on downs,0,7,2
2025,12,CHI,PIT,52,End of half,0,1,0
2025,12,TEN,SEA,67,Field goal,3,15,4
2025,12,SEA,TEN,73,Field goal,3,8,3
2025,12,TEN,SEA,97,Punt,0,6,1
2025,12,SEA,TEN,67,Touchdown,7,3,1
2025,12,TEN,SEA,85,Punt,0,3,0
2025,12,SEA,TEN,26,Field goal,3,8,2
2025,12,TEN,SEA,73,Turnover on downs,0,7,1
2025,12,SEA,TEN,60,Field goal,3,9,4
2025,12,SEA,TEN,76,Touchdown,7,3,2
2025,12,TEN,SEA,73,Punt,0,3,0
2025,12,SEA,TEN,78,Opp touchdown,0,3,0
2025,12,SEA,TEN,74,Touchdown,7,6,5
2025,12,TEN,SEA,73,Touchdown,7,9,5
2025,12,SEA,TEN,75,Turnover on downs,0,6,2
2025,12,TEN,SEA,54,Turnover on downs,0,11,2
2025,12,SEA,TEN,80,Punt,0,3,0
2025,12,TEN,SEA,62,Touchdown,7,15,5
2025,12,SEA,TEN,43,End of half,0,1,0
2025,12,TB,LA,72,Punt,0,9,2
2025,12,LA,TB,80,Touchdown,7,10,5
2025,12,TB,LA,65,Opp touchdown,0,5,1
2025,12,TB,LA,65,Punt,0,3,0
2025,12,LA,TB,72,Touchdown,7,12,6
2025,12,TB,LA,65,Touchdown,7,10,4
2025,12,LA,TB,65,Touchdown,7,4,3
2025,12,TB,LA,80,Turnover on downs,0,4,0
2025,12,LA,TB,28,Field goal,3,4,0
2025,12,TB,LA,65,Turnover,0,7,2
2025,12,LA,TB,60,Turnover on downs,0,6,1
2025,12,TB,LA,48,Turnover on downs,0,11,2
2025,12,LA,TB,73,Punt,0,5,2
2025,12,TB,LA,92,Punt,0,3,0
2025,12,LA,TB,64,Field goal,3,8,2
2025,12,TB,LA,65,Turnover on downs,0,9,3
2025,12,LA,TB,75,Punt,0,3,0
2025,12,TB,LA,48,Punt,0,3,0
2025,12,LA,TB,80,Punt,0,5,1
2025,12,TB,LA,71,End of half,0,3,0
2025,13,TB,ARI,73,Punt,0,6,1
2025,13,ARI,TB,93,Turnover,0,11,4
2025,13,TB,ARI,86,Punt,0,6,1
2025,13,ARI,TB,77,Punt,0,3,0
2025,13,TB,ARI,70,Field goal,3,10,3
2025,13,ARI,TB,69,Punt,0,3,0
2025,13,ARI,TB,77,Field goal,3,8,3
2025,13,ARI,TB,58,Turnover,0,2,1
2025,13,TB,ARI,60,Punt,0,3,0
2025,13,ARI,TB,90,Missed field goal,0,10,4
2025,13,TB,ARI,67,Touchdown,7,7,3
2025,13,ARI,TB,72,Touchdown,7,6,4
2025,13,TB,ARI,80,Punt,0,4,1
2025,13,ARI,TB,88,Turnover on downs,0,7,1
2025,13,TB,ARI,39,Field goal,3,4,0
2025,13,ARI,TB,73,Touchdown,7,9,5
2025,13,TB,ARI,79,Punt,0,6,1
2025,13,ARI,TB,91,Turnover on downs,0,4,0
2025,13,TB,ARI,16,End of half,0,3,0
2025,13,ATL,NYJ,76,Punt,0,5,1
2025,13,NYJ,ATL,85,Punt,0,7,2
2025,13,ATL,NYJ,90,Punt,0,8,3
2025,13,NYJ,ATL,95,Punt,0,8,2
2025,13,NYJ,ATL,2,Touchdown,7,1,1
2025,13,ATL,NYJ,72,Punt,0,4,1
2025,13,NYJ,ATL,82,Punt,0,3,0
2025,13,ATL,NYJ,77,Punt,0,7,2
2025,13,NYJ,ATL,81,Punt,0,3,0
2025,13,ATL,NYJ,62,Touchdown,7,10,6
2025,13,NYJ,ATL,65,End of half,0,1,0
2025,13,NYJ,ATL,65,Punt,0,3,0
2025,13,ATL,NYJ,95,Touchdown,7,8,5
2025,13,NYJ,ATL,65,Touchdown,7,2,2
2025,13,ATL,NYJ,72,Missed field goal,0,8,2
2025,13,NYJ,ATL,60,Missed field goal,0,9,2
2025,13,ATL,NYJ,55,Field goal,3,5,1
2025,13,NYJ,ATL,15,Field goal,3,4,0
2025,13,ATL,NYJ,74,Touchdown,7,8,4
2025,13,NYJ,ATL,65,Touchdown,7,15,5
2025,13,ATL,NYJ,70,Punt,0,3,0
2025,13,NYJ,ATL,86,Punt,0,3,0
2025,13,ATL,NYJ,67,Punt,0,3,0
2025,13,NYJ,ATL,57,Field goal,3,7,2
2025,13,BUF,PIT,77,Turnover,0,7,2
2025,13,PIT,BUF,65,Punt,0,6,1
2025,13,BUF,PIT,82,Punt,0,7,3
2025,13,PIT,BUF,80,Punt,0,3,0
2025,13,BUF,PIT,87,Punt,0,3,0
2025,13,PIT,BUF,59,Punt,0,5,1
2025,13,BUF,PIT,80,Turnover,0,6,2
2025,13,PIT,BUF,39,Touchdown,7,6,3
2025,13,BUF,PIT,69,Field goal,3,16,5
2025,13,PIT,BUF,87,End of half,0,2,1
2025,13,PIT,BUF,74,Opp touchdown,0,1,0
2025,13,PIT,BUF,82,Turnover,0,4,1
2025,13,BUF,PIT,56,Touchdown,7,8,3
2025,13,PIT,BUF,75,Punt,0,3,0
2025,13,BUF,PIT,83,Touchdown,7,15,7
2025,13,PIT,BUF,66,Turnover on downs,0,10,3
2025,13,BUF,PIT,91,Field goal,3,14,4
2025,13,PIT,BUF,72,End of half,0,3,0
2025,13,CHI,PHI,67,Turnover on downs,0,11,3
2025,13,PHI,CHI,75,Punt,0,5,1
2025,13,CHI,PHI,78,Touchdown,7,11,5
2025,13,PHI,CHI,65,Field goal,3,7,1
2025,13,CHI,PHI,80,Field goal,3,15,5
2025,13,PHI,CHI,70,Punt,0,3,0
2025,13,CHI,PHI,80,Punt,0,5,1
2025,13,PHI,CHI,65,Punt,0,3,0
2025,13,CHI,PHI,81,End of half,0,6,2
2025,13,PHI,CHI,73,Punt,0,3,0
2025,13,CHI,PHI,76,Punt,0,4,1
2025,13,PHI,CHI,74,Turnover,0,2,0
2025,13,CHI,PHI,51,Punt,0,3,0
2025,13,PHI,CHI,92,Touchdown,7,5,4
2025,13,CHI,PHI,64,Turnover,0,3,1
2025,13,PHI,CHI,36,Turnover,0,4,1
2025,13,CHI,PHI,87,Touchdown,7,12,6
2025,13,PHI,CHI,79,Punt,0,3,0
2025,13,CHI,PHI,63,Touchdown,7,8,3
2025,13,PHI,CHI,80,Touchdown,7,12,6
2025,13,CHI,PHI,47,Turnover on downs,0,7,1
2025,13,PHI,CHI,70,Missed field goal,0,6,1
2025,13,CHI,PHI,58,End of half,0,1,0
2025,13,CIN,BAL,64,Field goal,3,10,4
2025,13,BAL,CIN,69,Touchdown,7,7,4
2025,13,CIN,BAL,67,Punt,0,3,0
2025,13,BAL,CIN,86,Turnover,0,3,0
2025,13,CIN,BAL,2,Turnover on downs,0,4,0
2025,13,BAL,CIN,98,Punt,0,3,0
2025,13,CIN,BAL,53,Field goal,3,11,2
2025,13,BAL,CIN,69,Turnover,0,7,2
2025,13,CIN,BAL,80,Field goal,3,11,3
2025,13,BAL,CIN,66,Punt,0,5,1
2025,13,CIN,BAL,80,Punt,0,6,2
2025,13,BAL,CIN,80,Turnover,0,1,0
2025,13,CIN,BAL,19,Field goal,3,4,0
2025,13,BAL,CIN,67,End of half,0,1,0
2025,13,BAL,CIN,78,Punt,0,3,0
2025,13,CIN,BAL,61,Touchdown,7,10,4
2025,13,BAL,CIN,68,Touchdown,7,7,4
2025,13,CIN,BAL,68,Touchdown,7,8,3
2025,13,BAL,CIN,65,Turnover,0,6,2
2025,13,CIN,BAL,53,Field goal,3,7,1
2025,13,BAL,CIN,65,Turnover on downs,0,6,1
2025,13,CIN,BAL,48,Turnover,0,6,2
2025,13,BAL,CIN,84,Turnover,0,5,1
2025,13,CIN,BAL,36,Field goal,3,6,1
2025,13,BAL,CIN,65,End of half,0,3,1
2025,13,DEN,WAS,74,Field goal,3,11,4
2025,13,WAS,DEN,79,Punt,0,10,3
2025,13,DEN,WAS,89,Punt,0,3,0
2025,13,WAS,DEN,58,Turnover,0,9,3
2025,13,DEN,WAS,66,Field goal,3,13,3
2025,13,WAS,DEN,71,Touchdown,7,11,6
2025,13,DEN,WAS,64,Touchdown,7,10,5
2025,13,WAS,DEN,65,End of half,0,1,0
2025,13,WAS,DEN,72,Touchdown,7,10,5
2025,13,DEN,WAS,72,Touchdown,7,11,4
2025,13,WAS,DEN,69,Punt,0,5,1
2025,13,DEN,WAS,86,Turnover,0,5,1
2025,13,WAS,DEN,36,Field goal,3,5,1
2025,13,DEN,WAS,71,Punt,0,3,0
2025,13,WAS,DEN,73,Punt,0,3,0
2025,13,DEN,WAS,80,Punt,0,7,2
2025,13,WAS,DEN,80,Punt,0,4,1
2025,13,DEN,WAS,71,Punt,0,3,0
2025,13,WAS,DEN,85,Field goal,3,18,6
2025,13,DEN,WAS,76,Touchdown,7,5,4
2025,13,WAS,DEN,65,Touchdown,7,11,4
2025,13,GB,DET,83,Field goal,3,12,3
2025,13,DET,GB,65,Punt,0,3,0
2025,13,GB,DET,83,Punt,0,3,0
2025,13,DET,GB,63,Punt,0,5,1
2025,13,GB,DET,77,Touchdown,7,9,3
2025,13,DET,GB,65,Touchdown,7,10,4
2025,13,GB,DET,70,Touchdown,7,12,4
2025,13,DET,GB,65,Touchdown,7,7,3
2025,13,GB,DET,74,End of half,0,2,0
2025,13,DET,GB,66,Turnover on downs,0,7,1
2025,13,GB,DET,51,Touchdown,7,2,1
2025,13,DET,GB,71,Touchdown,7,5,4
2025,13,GB,DET,72,Touchdown,7,9,5
2025,13,DET,GB,74,Turnover on downs,0,11,3
2025,13,GB,DET,78,Punt,0,3,0
2025,13,DET,GB,80,Field goal,3,13,4
2025,13,GB,DET,65,End of half,0,9,2
2025,13,IND,HOU,65,Punt,0,3,0
2025,13,HOU,IND,68,Field goal,3,13,4
2025,13,IND,HOU,73,Punt,0,3,0
2025,13,HOU,IND,68,Punt,0,3,0
2025,13,IND,HOU,77,Punt,0,5,1
2025,13,HOU,IND,83,Punt,0,3,0
2025,13,IND,HOU,63,Turnover on downs,0,7,2
2025,13,HOU,IND,89,Turnover,0,1,0
2025,13,IND,HOU,42,Touchdown,7,3,2
2025,13,HOU,IND,67,Touchdown,7,8,5
2025,13,IND,HOU,77,Punt,0,6,2
2025,13,HOU,IND,80,Turnover on downs,0,7,2
2025,13,HOU,IND,73,Field goal,3,14,4
2025,13,IND,HOU,79,Touchdown,7,9,4
2025,13,HOU,IND,65,Touchdown,7,12,6
2025,13,IND,HOU,65,Field goal,3,8,2
2025,13,HOU,IND,70,Turnover on downs,0,7,2
2025,13,IND,HOU,83,Turnover on downs,0,8,4
2025,13,HOU,IND,68,End of half,0,5,1
2025,13,JAX,TEN,66,Punt,0,5,1
2025,13,TEN,JAX,80,Field goal,3,11,4
2025,13,JAX,TEN,84,Touchdown,7,7,3
2025,13,JAX,TEN,35,Touchdown,7,3,2
2025,13,TEN,JAX,75,Punt,0,3,0
2025,13,JAX,TEN,71,Punt,0,3,0
2025,13,TEN,JAX,72,Punt,0,3,0
2025,13,JAX,TEN,80,Punt,0,3,1
2025,13,TEN,JAX,59,Punt,0,3,0
2025,13,JAX,TEN,80,Punt,0,3,0
2025,13,TEN,JAX,42,Turnover on downs,0,7,1
2025,13,JAX,TEN,79,Field goal,3,4,4
2025,13,TEN,JAX,81,Punt,0,3,0
2025,13,JAX,TEN,71,Touchdown,7,15,7
2025,13,TEN,JAX,68,Punt,0,5,1
2025,13,JAX,TEN,77,Punt,0,6,2
2025,13,TEN,JAX,38,Turnover on downs,0,4,0
2025,13,JAX,TEN,66,Punt,0,3,0
2025,13,TEN,JAX,65,Turnover on downs,0,9,2
2025,13,JAX,TEN,52,Punt,0,3,0
2025,13,TEN,JAX,95,Turnover,0,8,3
2025,13,JAX,TEN,46,End of half,0,3,0
2025,13,DAL,KC,73,Turnover,0,3,0
2025,13,KC,DAL,37,Touchdown,7,2,2
2025,13,DAL,KC,75,Touchdown,7,12,5
2025,13,KC,DAL,72,Touchdown,7,12,5
2025,13,DAL,KC,84,Field goal,3,10,3
2025,13,KC,DAL,76,Punt,0,7,2
2025,13,DAL,KC,85,Touchdown,7,8,3
2025,13,KC,DAL,68,Punt,0,8,2
2025,13,DAL,KC,86,End of half,0,1,0
2025,13,KC,DAL,54,Punt,0,3,0
2025,13,DAL,KC,97,Punt,0,3,0
2025,13,KC,DAL,63,Punt,0,7,1
2025,13,DAL,KC,96,Field goal,3,7,3
2025,13,KC,DAL,80,Touchdown,7,11,4
2025,13,DAL,KC,68,Touchdown,7,8,4
2025,13,KC,DAL,61,Punt,0,3,0
2025,13,DAL,KC,90,Field goal,3,8,2
2025,13,KC,DAL,67,Touchdown,7,7,3
2025,13,DAL,KC,68,End of half,0,8,3
2025,13,LA,CAR,35,Touchdown,7,6,3
2025,13,CAR,LA,69,Touchdown,7,9,3
2025,13,LA,CAR,68,Turnover,0,7,3
2025,13,CAR,LA,80,Punt,0,3,0
2025,13,LA,CAR,72,Opp touchdown,0,4,1
2025,13,LA,CAR,64,Touchdown,7,7,4
2025,13,CAR,LA,74,Field goal,3,12,3
2025,13,LA,CAR,80,Touchdown,7,7,4
2025,13,CAR,LA,66,Punt,0,5,1
2025,13,LA,CAR,91,End of half,0,1,0
2025,13,CAR,LA,71,Touchdown,7,10,3
2025,13,LA,CAR,72,Punt,0,3,0
2025,13,CAR,LA,76,Punt,0,12,4
2025,13,LA,CAR,89,Touchdown,7,6,4
2025,13,CAR,LA,65,Touchdown,7,6,2
2025,13,LA,CAR,72,Turnover,0,10,3
2025,13,CAR,LA,66,End of half,0,6,1
2025,13,LV,LAC,63,Punt,0,3,0
2025,13,LAC,LV,74,Touchdown,7,14,6
2025,13,LV,LAC,72,Punt,0,4,1
2025,13,LAC,LV,93,Turnover,0,14,6
2025,13,LV,LAC,98,Turnover,0,2,0
2025,13,LAC,LV,27,Turnover on downs,0,4,0
2025,13,LV,LAC,82,Touchdown,7,9,5
2025,13,LAC,LV,66,Punt,0,3,0
2025,13,LV,LAC,80,End of half,0,1,0
2025,13,LAC,LV,67,Touchdown,7,3,1
2025,13,LV,LAC,65,Punt,0,3,0
2025,13,LAC,LV,86,Punt,0,3,0
2025,13,LV,LAC,70,Punt,0,3,0
2025,13,LAC,LV,60,Touchdown,7,8,3
2025,13,LV,LAC,66,Turnover on downs,0,4,0
2025,13,LAC,LV,42,Field goal,3,4,0
2025,13,LV,LAC,65,Touchdown,7,13,6
2025,13,LAC,LV,68,Touchdown,7,13,6
2025,13,LV,LAC,66,Turnover on downs,0,4,0
2025,13,LAC,LV,37,End of half,0,2,0
2025,13,MIN,SEA,67,Punt,0,5,1
2025,13,SEA,MIN,96,Punt,0,9,3
2025,13,MIN,SEA,87,Punt,0,4,1
2025,13,SEA,MIN,86,Punt,0,3,0
2025,13,MIN,SEA,73,Punt,0,3,0
2025,13,SEA,MIN,68,Field goal,3,15,4
2025,13,MIN,SEA,71,Punt,0,4,1
2025,13,SEA,MIN,78,Turnover,0,1,0
2025,13,MIN,SEA,13,Opp touchdown,0,4,0
2025,13,MIN,SEA,68,Punt,0,3,0
2025,13,SEA,MIN,55,Field goal,3,7,1
2025,13,MIN,SEA,69,End of half,0,1,0
2025,13,SEA,MIN,80,Field goal,3,8,2
2025,13,MIN,SEA,68,Turnover,0,5,1
2025,13,SEA,MIN,63,Field goal,3,9,4
2025,13,MIN,SEA,67,Turnover,0,5,2
2025,13,SEA,MIN,79,Punt,0,5,1
2025,13,MIN,SEA,80,Turnover,0,2,0
2025,13,SEA,MIN,32,Touchdown,7,6,2
2025,13,MIN,SEA,75,Turnover,0,8,4
2025,13,MIN,SEA,37,Turnover on downs,0,4,0
2025,13,SEA,MIN,53,Punt,0,3,0
2025,13,MIN,SEA,98,End of half,0,2,1
2025,13,MIA,NO,69,Touchdown,7,6,3
2025,13,NO,MIA,73,Punt,0,3,0
2025,13,MIA,NO,82,Punt,0,3,0
2025,13,NO,MIA,66,Punt,0,3,0
2025,13,MIA,NO,80,Punt,0,3,0
2025,13,NO,MIA,56,Punt,0,3,0
2025,13,MIA,NO,89,Field goal,3,8,3
2025,13,NO,MIA,62,Turnover,0,4,1
2025,13,MIA,NO,37,Turnover,0,1,0
2025,13,NO,MIA,80,Punt,0,3,0
2025,13,MIA,NO,51,Field goal,3,10,3
2025,13,NO,MIA,72,Turnover,0,11,4
2025,13,MIA,NO,42,Field goal,3,5,1
2025,13,NO,MIA,65,Touchdown,7,10,5
2025,13,MIA,NO,73,Punt,0,3,0
2025,13,NO,MIA,90,Punt,0,8,3
2025,13,MIA,NO,96,Punt,0,7,2
2025,13,NO,MIA,88,Punt,0,3,0
2025,13,MIA,NO,53,Field goal,3,9,3
2025,13,NO,MIA,74,Field goal,3,10,3
2025,13,MIA,NO,65,Turnover on downs,0,6,1
2025,13,NO,MIA,55,Touchdown,7,7,3
2025,13,MIA,NO,45,Turnover on downs,0,5,1
2025,13,NO,MIA,55,Turnover on downs,0,5,1
2025,13,MIA,NO,65,End of half,0,2,0
2025,13,NE,NYG,53,Field goal,3,12,3
2025,13,NYG,NE,75,Opp touchdown,0,5,1
2025,13,NYG,NE,70,Punt,0,3,0
2025,13,NE,NYG,61,Touchdown,7,5,4
2025,13,NYG,NE,62,Touchdown,7,6,3
2025,13,NE,NYG,75,Punt,0,3,0
2025,13,NYG,NE,56,Turnover on downs,0,8,2
2025,13,NE,NYG,58,Touchdown,7,5,3
2025,13,NE,NYG,27,Field goal,3,5,1
2025,13,NYG,NE,69,Punt,0,3,0
2025,13,NE,NYG,77,Field goal,3,5,2
2025,13,NYG,NE,71,Turnover on downs,0,7,2
2025,13,NE,NYG,62,Missed field goal,0,13,3
2025,13,NYG,NE,65,Touchdown,7,9,4
2025,13,NE,NYG,77,Punt,0,6,2
2025,13,NYG,NE,86,Punt,0,6,1
2025,13,NE,NYG,63,Field goal,3,12,3
2025,13,NYG,NE,65,Turnover on downs,0,6,1
2025,13,NE,NYG,58,End of half,0,2,0
2025,13,SF,CLE,75,Punt,0,4,1
2025,13,CLE,SF,87,Punt,0,5,1
2025,13,SF,CLE,16,Touchdown,7,6,2
2025,13,CLE,SF,70,Turnover on downs,0,10,3
2025,13,SF,CLE,79,Punt,0,3,0
2025,13,CLE,SF,61,Punt,0,7,2
2025,13,SF,CLE,80,Punt,0,8,3
2025,13,CLE,SF,90,Touchdown,7,10,5
2025,13,SF,CLE,65,Field goal,3,6,3
2025,13,CLE,SF,73,Punt,0,5,1
2025,13,SF,CLE,78,Punt,0,8,2
2025,13,CLE,SF,76,Turnover,0,4,0
2025,13,SF,CLE,32,Touchdown,7,9,3
2025,13,CLE,SF,95,Punt,0,3,0
2025,13,SF,CLE,47,Punt,0,3,0
2025,13,SF,CLE,18,Touchdown,7,6,2
2025,13,CLE,SF,68,Turnover on downs,0,7,1
2025,13,SF,CLE,42,Field goal,3,9,2
2025,13,CLE,SF,65,Turnover on downs,0,9,2
2025,13,SF,CLE,62,End of half,0,4,1
2025,14,CHI,GB,72,Punt,0,3,0
2025,14,GB,CHI,89,Turnover,0,13,4
2025,14,CHI,GB,36,Punt,0,3,0
2025,14,GB,CHI,89,Punt,0,5,1
2025,14,CHI,GB,75,Punt,0,5,1
2025,14,GB,CHI,80,Touchdown,7,11,4
2025,14,CHI,GB,74,Field goal,3,14,4
2025,14,GB,CHI,60,Touchdown,7,4,2
2025,14,CHI,GB,74,Punt,0,4,1
2025,14,GB,CHI,65,Punt,0,3,0
2025,14,CHI,GB,64,Touchdown,7,10,5
2025,14,GB,CHI,63,Touchdown,7,4,2
2025,14,CHI,GB,60,Field goal,3,7,2
2025,14,GB,CHI,73,Punt,0,3,0
2025,14,CHI,GB,83,Touchdown,7,17,6
2025,14,GB,CHI,65,Touchdown,7,8,4
2025,14,CHI,GB,74,Turnover,0,7,2
2025,14,GB,CHI,80,End of half,0,1,0
2025,14,CIN,BUF,67,Touchdown,7,14,6
2025,14,BUF,CIN,77,Field goal,3,8,2
2025,14,CIN,BUF,55,Touchdown,7,6,3
2025,14,BUF,CIN,70,Touchdown,7,12,4
2025,14,CIN,BUF,69,Touchdown,7,8,4
2025,14,BUF,CIN,68,Turnover on downs,0,5,1
2025,14,CIN,BUF,56,Punt,0,4,2
2025,14,BUF,CIN,74,End of half,0,1,0
2025,14,BUF,CIN,75,Touchdown,7,9,4
2025,14,CIN,BUF,73,Punt,0,3,0
2025,14,BUF,CIN,72,Turnover,0,12,5
2025,14,CIN,BUF,80,Touchdown,7,12,6
2025,14,BUF,CIN,68,Touchdown,7,4,3
2025,14,CIN,BUF,67,Opp touchdown,0,4,2
2025,14,CIN,BUF,66,Turnover,0,1,0
2025,14,BUF,CIN,29,Touchdown,7,5,2
2025,14,CIN,BUF,66,Touchdown,7,4,2
2025,14,BUF,CIN,70,End of half,0,5,1
2025,14,DET,DAL,64,Field goal,3,8,2
2025,14,DAL,DET,68,Field goal,3,8,2
2025,14,DET,DAL,53,Punt,0,3,0
2025,14,DAL,DET,95,Punt,0,3,0
2025,14,DET,DAL,42,Touchdown,7,6,3
2025,14,DAL,DET,70,Field goal,3,16,4
2025,14,DET,DAL,71,Punt,0,3,0
2025,14,DAL,DET,79,Turnover,0,4,1
2025,14,DET,DAL,53,Touchdown,7,4,2
2025,14,DAL,DET,80,Field goal,3,9,2
2025,14,DET,DAL,74,Field goal,3,6,2
2025,14,DAL,DET,70,Turnover,0,1,0
2025,14,DET,DAL,14,Touchdown,7,2,1
2025,14,DAL,DET,65,Touchdown,7,9,5
2025,14,DET,DAL,68,Missed field goal,0,9,2
2025,14,DAL,DET,58,Field goal,3,6,1
2025,14,DET,DAL,68,Field goal,3,10,3
2025,14,DAL,DET,70,Touchdown,7,4,3
2025,14,DET,DAL,59,Touchdown,7,5,3
2025,14,DAL,DET,67,Field goal,3,13,4
2025,14,DET,DAL,51,Touchdown,7,3,2
2025,14,DAL,DET,69,Turnover,0,8,3
2025,14,DET,DAL,86,End of half,0,2,0
2025,14,DEN,LV,81,Touchdown,7,14,7
2025,14,LV,DEN,70,Touchdown,7,10,5
2025,14,DEN,LV,81,Punt,0,9,3
2025,14,LV,DEN,95,Opp touchdown,0,4,1
2025,14,LV,DEN,69,Punt,0,4,1
2025,14,DEN,LV,88,Turnover on downs,0,10,3
2025,14,LV,DEN,59,Turnover on downs,0,4,0
2025,14,DEN,LV,44,End of half,0,1,0
2025,14,LV,DEN,69,Punt,0,3,0
2025,14,DEN,LV,91,Touchdown,7,14,7
2025,14,LV,DEN,60,Turnover on downs,0,12,3
2025,14,DEN,LV,95,Field goal,3,19,6
2025,14,LV,DEN,65,Touchdown,7,6,4
2025,14,DEN,LV,44,Turnover on downs,0,6,1
2025,14,LV,DEN,72,Field goal,3,6,2
2025,14,KC,HOU,67,Punt,0,3,0
2025,14,HOU,KC,87,Punt,0,7,2
2025,14,KC,HOU,75,Punt,0,4,1
2025,14,HOU,KC,67,Field goal,3,5,1
2025,14,KC,HOU,77,Punt,0,7,2
2025,14,HOU,KC,90,Touchdown,7,10,4
2025,14,KC,HOU,65,Turnover,0,2,0
2025,14,HOU,KC,57,Punt,0,6,1
2025,14,KC,HOU,97,Missed field goal,0,12,5
2025,14,HOU,KC,67,End of half,0,5,1
2025,14,HOU,KC,83,Punt,0,3,0
2025,14,KC,HOU,56,Touchdown,7,8,3
2025,14,HOU,KC,65,Punt,0,3,0
2025,14,KC,HOU,96,Punt,0,7,2
2025,14,HOU,KC,88,Punt,0,3,0
2025,14,KC,HOU,48,Field goal,3,7,1
2025,14,HOU,KC,77,Punt,0,3,0
2025,14,KC,HOU,62,Turnover,0,3,0
2025,14,HOU,KC,84,Punt,0,6,1
2025,14,KC,HOU,78,Turnover on downs,0,4,0
2025,14,HOU,KC,31,Touchdown,7,6,3
2025,14,KC,HOU,65,Turnover on downs,0,4,0
2025,14,HOU,KC,41,Punt,0,3,0
2025,14,KC,HOU,92,Turnover,0,2,0
2025,14,HOU,KC,26,Field goal,3,7,1
2025,14,KC,HOU,70,End of half,0,3,1
2025,14,JAX,IND,74,Punt,0,4,1
2025,14,IND,JAX,80,Turnover,0,1,0
2025,14,JAX,IND,21,Touchdown,7,4,2
2025,14,IND,JAX,76,Touchdown,7,11,6
2025,14,JAX,IND,74,Touchdown,7,5,3
2025,14,IND,JAX,65,Punt,0,3,1
2025,14,JAX,IND,71,Punt,0,3,0
2025,14,IND,JAX,81,Turnover,0,2,0
2025,14,JAX,IND,28,Touchdown,7,1,1
2025,14,IND,JAX,73,Field goal,3,16,4
2025,14,JAX,IND,71,Turnover,0,4,2
2025,14,IND,JAX,53,Turnover on downs,0,4,0
2025,14,JAX,IND,55,Touchdown,7,12,4
2025,14,IND,JAX,70,End of half,0,1,0
2025,14,IND,JAX,74,Field goal,3,8,3
2025,14,JAX,IND,78,Punt,0,3,0
2025,14,IND,JAX,69,Punt,0,3,0
2025,14,JAX,IND,76,Field goal,3,12,3
2025,14,IND,JAX,65,Turnover,0,3,1
2025,14,JAX,IND,55,Turnover on downs,0,10,2
2025,14,IND,JAX,91,Safety,0,1,0
2025,14,JAX,IND,31,Field goal,3,4,0
2025,14,IND,JAX,65,Touchdown,7,12,5
2025,14,JAX,IND,69,End of half,0,3,0
2025,14,ARI,LA,67,Touchdown,7,5,3
2025,14,LA,ARI,68,Field goal,3,10,3
2025,14,ARI,LA,80,Punt,0,5,1
2025,14,LA,ARI,74,Touchdown,7,6,4
2025,14,ARI,LA,82,Field goal,3,13,4
2025,14,LA,ARI,65,Touchdown,7,10,5
2025,14,ARI,LA,65,Punt,0,3,0
2025,14,LA,ARI,92,Touchdown,7,7,5
2025,14,ARI,LA,65,Missed field goal,0,4,1
2025,14,LA,ARI,74,Touchdown,7,10,6
2025,14,ARI,LA,65,Punt,0,3,0
2025,14,LA,ARI,84,Punt,0,9,3
2025,14,ARI,LA,90,Punt,0,3,0
2025,14,LA,ARI,61,Punt,0,3,0
2025,14,ARI,LA,80,Turnover,0,3,0
2025,14,LA,ARI,31,Touchdown,7,1,1
2025,14,ARI,LA,80,Punt,0,3,0
2025,14,LA,ARI,48,Touchdown,7,1,1
2025,14,ARI,LA,65,Touchdown,7,10,4
2025,14,LA,ARI,60,Punt,0,3,0
2025,14,ARI,LA,80,Turnover on downs,0,11,4
2025,14,LA,ARI,84,End of half,0,8,2
2025,14,MIA,NYJ,69,Touchdown,7,4,3
2025,14,NYJ,MIA,59,Punt,0,3,0
2025,14,MIA,NYJ,80,Touchdown,7,5,4
2025,14,NYJ,MIA,80,Turnover,0,3,0
2025,14,MIA,NYJ,29,Touchdown,7,6,3
2025,14,NYJ,MIA,65,Punt,0,3,0
2025,14,MIA,NYJ,88,Opp touchdown,0,3,0
2025,14,MIA,NYJ,67,Punt,0,5,1
2025,14,NYJ,MIA,87,Punt,0,3,0
2025,14,MIA,NYJ,59,Punt,0,3,0
2025,14,NYJ,MIA,80,Punt,0,3,0
2025,14,MIA,NYJ,80,Field goal,3,7,3
2025,14,NYJ,MIA,65,Turnover,0,6,2
2025,14,MIA,NYJ,95,Punt,0,3,0
2025,14,NYJ,MIA,46,End of half,0,2,0
2025,14,NYJ,MIA,68,Punt,0,5,1
2025,14,MIA,NYJ,93,Punt,0,3,0
2025,14,NYJ,MIA,73,Punt,0,4,1
2025,14,MIA,NYJ,71,Punt,0,9,2
2025,14,NYJ,MIA,77,Field goal,3,12,4
2025,14,MIA,NYJ,67,Touchdown,7,9,6
2025,14,NYJ,MIA,64,Turnover on downs,0,7,1
2025,14,MIA,NYJ,42,Field goal,3,6,1
2025,14,NYJ,MIA,60,Turnover,0,7,3
2025,14,MIA,NYJ,80,End of half,0,2,0
2025,14,NO,TB,45,Touchdown,7,6,4
2025,14,TB,NO,67,Touchdown,7,7,4
2025,14,NO,TB,77,Punt,0,3,0
2025,14,TB,NO,80,Turnover on downs,0,8,2
2025,14,NO,TB,48,Missed field goal,0,6,1
2025,14,TB,NO,62,Punt,0,5,1
2025,14,NO,TB,84,Turnover,0,1,0
2025,14,TB,NO,40,Field goal,3,5,1
2025,14,NO,TB,72,Punt,0,3,0
2025,14,TB,NO,72,Turnover on downs,0,7,1
2025,14,NO,TB,51,Turnover on downs,0,4,0
2025,14,TB,NO,55,Turnover on downs,0,8,1
2025,14,TB,NO,80,Turnover,0,4,1
2025,14,NO,TB,47,Touchdown,7,3,2
2025,14,TB,NO,65,Touchdown,7,7,5
2025,14,NO,TB,65,Field goal,3,11,3
2025,14,TB,NO,72,Turnover on downs,0,7,1
2025,14,NO,TB,53,Touchdown,7,9,4
2025,14,TB,NO,60,Field goal,3,9,2
2025,14,NO,TB,82,Punt,0,9,2
2025,14,TB,NO,80,Turnover on downs,0,4,0
2025,14,NO,TB,29,End of half,0,2,0
2025,14,PHI,LAC,67,Punt,0,6,1
2025,14,LAC,PHI,80,Touchdown,7,6,3
2025,14,PHI,LAC,65,Field goal,3,9,3
2025,14,LAC,PHI,66,Punt,0,3,0
2025,14,PHI,LAC,90,Punt,0,3,0
2025,14,LAC,PHI,78,Punt,0,4,1
2025,14,PHI,LAC,74,Turnover,0,7,3
2025,14,LAC,PHI,57,Field goal,3,7,1
2025,14,PHI,LAC,72,Turnover,0,2,0
2025,14,LAC,PHI,30,Turnover,0,1,0
2025,14,PHI,LAC,58,Field goal,3,11,4
2025,14,LAC,PHI,69,Turnover,0,3,0
2025,14,PHI,LAC,30,Missed field goal,0,2,0
2025,14,LAC,PHI,67,Field goal,3,16,4
2025,14,PHI,LAC,64,Field goal,3,5,1
2025,14,LAC,PHI,75,Punt,0,4,0
2025,14,PHI,LAC,61,Touchdown,7,3,1
2025,14,LAC,PHI,74,Punt,0,5,1
2025,14,PHI,LAC,73,Turnover,0,2,1
2025,14,LAC,PHI,35,Field goal,3,7,1
2025,14,PHI,LAC,71,Punt,0,3,0
2025,14,LAC,PHI,75,Punt,0,3,0
2025,14,PHI,LAC,60,Field goal,3,8,2
2025,14,LAC,PHI,72,Field goal,3,11,3
2025,14,PHI,LAC,72,End of half,0,1,0
2025,14,LAC,PHI,70,Field goal,3,6,2
2025,14,PHI,LAC,69,Turnover,0,9,3
2025,14,BAL,PIT,73,Field goal,3,9,2
2025,14,PIT,BAL,65,Touchdown,7,8,3
2025,14,BAL,PIT,74,Punt,0,3,0
2025,14,PIT,BAL,68,Punt,0,3,0
2025,14,BAL,PIT,89,Punt,0,6,2
2025,14,PIT,BAL,80,Field goal,3,12,3
2025,14,BAL,PIT,74,Turnover,0,3,0
2025,14,PIT,BAL,36,Touchdown,7,6,3
2025,14,BAL,PIT,60,Touchdown,7,13,6
2025,14,PIT,BAL,74,End of half,0,1,0
2025,14,PIT,BAL,60,Field goal,3,8,2
2025,14,BAL,PIT,71,Touchdown,7,6,2
2025,14,PIT,BAL,80,Touchdown,7,6,2
2025,14,BAL,PIT,64,Field goal,3,10,3
2025,14,PIT,BAL,77,Punt,0,3,0
2025,14,BAL,PIT,68,Field goal,3,9,2
2025,14,PIT,BAL,59,Punt,0,3,0
2025,14,BAL,PIT,78,Turnover on downs,0,12,3
2025,14,PIT,BAL,92,Punt,0,3,0
2025,14,BAL,PIT,74,End of half,0,9,2
2025,14,ATL,SEA,77,Punt,0,7,2
2025,14,SEA,ATL,89,Punt,0,3,0
2025,14,ATL,SEA,39,Field goal,3,5,1
2025,14,SEA,ATL,74,Field goal,3,12,4
2025,14,ATL,SEA,71,Punt,0,7,1
2025,14,SEA,ATL,90,Turnover,0,3,0
2025,14,ATL,SEA,30,Missed field goal,0,5,0
2025,14,SEA,ATL,66,Punt,0,3,0
2025,14,ATL,SEA,88,Field goal,3,11,3
2025,14,SEA,ATL,75,Field goal,3,7,3
2025,14,ATL,SEA,65,Turnover,0,6,2
2025,14,SEA,ATL,88,Touchdown,7,8,4
2025,14,ATL,SEA,65,Turnover,0,3,0
2025,14,SEA,ATL,47,Field goal,3,6,1
2025,14,ATL,SEA,68,Field goal,3,8,3
2025,14,SEA,ATL,60,Touchdown,7,6,3
2025,14,ATL,SEA,65,Turnover,0,3,0
2025,14,SEA,ATL,35,Touchdown,7,6,3
2025,14,ATL,SEA,48,Turnover on downs,0,10,3
2025,14,SEA,ATL,96,Punt,0,7,2
2025,14,ATL,SEA,96,End of half,0,1,0
2025,14,TEN,CLE,53,Touchdown,7,8,3
2025,14,CLE,TEN,85,Punt,0,3,0
2025,14,TEN,CLE,46,Turnover,0,8,2
2025,14,CLE,TEN,39,Field goal,3,5,1
2025,14,TEN,CLE,65,Touchdown,7,1,1
2025,14,CLE,TEN,60,Touchdown,7,4,2
2025,14,TEN,CLE,65,Punt,0,6,1
2025,14,CLE,TEN,91,Punt,0,10,3
2025,14,TEN,CLE,85,Punt,0,5,1
2025,14,CLE,TEN,74,Touchdown,7,3,2
2025,14,TEN,CLE,65,Punt,0,5,1
2025,14,CLE,TEN,82,End of half,0,1,0
2025,14,CLE,TEN,78,Punt,0,7,2
2025,14,TEN,CLE,75,Punt,0,3,0
2025,14,CLE,TEN,72,Punt,0,3,0
2025,14,TEN,CLE,76,Punt,0,3,0
2025,14,CLE,TEN,77,Punt,0,3,0
2025,14,TEN,CLE,66,Punt,0,5,1
2025,14,CLE,TEN,80,Turnover,0,4,1
2025,14,TEN,CLE,38,Touchdown,7,2,1
2025,14,CLE,TEN,77,Punt,0,3,0
2025,14,TEN,CLE,74,Punt,0,6,1
2025,14,CLE,TEN,80,Turnover,0,1,0
2025,14,TEN,CLE,8,Touchdown,7,3,1
2025,14,CLE,TEN,74,Punt,0,6,1
2025,14,TEN,CLE,29,Field goal,3,4,0
2025,14,CLE,TEN,66,Touchdown,7,5,5
2025,14,TEN,CLE,65,Punt,0,3,0
2025,14,CLE,TEN,80,Touchdown,7,7,5
2025,14,TEN,CLE,46,End of half,0,3,0
2025,14,MIN,WAS,61,Touchdown,7,7,4
2025,14,WAS,MIN,85,Turnover on downs,0,15,5
2025,14,MIN,WAS,98,Touchdown,7,19,7
2025,14,WAS,MIN,76,Punt,0,3,0
2025,14,MIN,WAS,79,Punt,0,6,1
2025,14,WAS,MIN,67,Punt,0,6,1
2025,14,MIN,WAS,86,End of half,0,1,0
2025,14,WAS,MIN,77,Turnover,0,12,3
2025,14,MIN,WAS,30,Field goal,3,4,0
2025,14,WAS,MIN,80,Turnover,0,4,1
2025,14,MIN,WAS,37,Touchdown,7,4,3
2025,14,WAS,MIN,70,Punt,0,3,0
2025,14,MIN,WAS,66,Touchdown,7,9,5
2025,14,WAS,MIN,65,Turnover,0,6,2
2025,14,MIN,WAS,83,End of half,0,12,5
2025,15,HOU,ARI,59,Touchdown,7,2,1
2025,15,HOU,ARI,22,Field goal,3,5,1
2025,15,ARI,HOU,78,Punt,0,3,0
2025,15,HOU,ARI,49,Touchdown,7,8,4
2025,15,ARI,HOU,71,Touchdown,7,13,6
2025,15,HOU,ARI,65,Field goal,3,7,2
2025,15,ARI,HOU,71,Punt,0,3,0
2025,15,HOU,ARI,79,Field goal,3,12,4
2025,15,ARI,HOU,71,Turnover on downs,0,7,1
2025,15,HOU,ARI,52,Missed field goal,0,5,1
2025,15,ARI,HOU,75,Turnover,0,11,4
2025,15,HOU,ARI,80,Touchdown,7,8,4
2025,15,ARI,HOU,71,Touchdown,7,8,4
2025,15,HOU,ARI,26,Field goal,3,5,1
2025,15,ARI,HOU,73,Touchdown,7,8,5
2025,15,HOU,ARI,65,Punt,0,4,1
2025,15,ARI,HOU,96,Punt,0,3,0
2025,15,HOU,ARI,55,Touchdown,7,10,4
2025,15,ARI,HOU,65,Turnover on downs,0,7,2
2025,15,HOU,ARI,55,End of half,0,2,0
2025,15,TB,ATL,66,Punt,0,5,2
2025,15,ATL,TB,94,Punt,0,8,3
2025,15,TB,ATL,83,Touchdown,7,11,6
2025,15,ATL,TB,65,Touchdown,7,9,5
2025,15,TB,ATL,80,Punt,0,4,1
2025,15,ATL,TB,71,Punt,0,6,1
2025,15,TB,ATL,80,Field goal,3,9,3
2025,15,ATL,TB,65,Touchdown,7,4,3
2025,15,TB,ATL,74,Field goal,3,5,2
2025,15,ATL,TB,65,Punt,0,4,1
2025,15,TB,ATL,90,Touchdown,7,9,7
2025,15,ATL,TB,65,Punt,0,7,2
2025,15,TB,ATL,90,Punt,0,6,2
2025,15,ATL,TB,87,Turnover,0,2,0
2025,15,TB,ATL,25,Touchdown,7,4,3
2025,15,ATL,TB,65,Touchdown,7,8,4
2025,15,TB,ATL,60,Turnover,0,4,1
2025,15,ATL,TB,67,Touchdown,7,10,5
2025,15,TB,ATL,73,Punt,0,6,1
2025,15,ATL,TB,70,Field goal,3,9,3
2025,15,BAL,CIN,66,Punt,0,6,1
2025,15,CIN,BAL,80,Punt,0,11,4
2025,15,BAL,CIN,85,Punt,0,3,0
2025,15,CIN,BAL,57,Turnover,0,7,2
2025,15,BAL,CIN,65,Turnover,0,4,1
2025,15,CIN,BAL,73,Punt,0,3,0
2025,15,BAL,CIN,79,Touchdown,7,5,3
2025,15,CIN,BAL,79,Punt,0,7,2
2025,15,BAL,CIN,80,Touchdown,7,5,4
2025,15,CIN,BAL,62,End of half,0,4,1
2025,15,CIN,BAL,75,Turnover on downs,0,6,1
2025,15,BAL,CIN,68,Field goal,3,6,2
2025,15,CIN,BAL,74,Punt,0,6,1
2025,15,BAL,CIN,92,Punt,0,7,3
2025,15,CIN,BAL,87,Opp touchdown,0,16,5
2025,15,CIN,BAL,70,Turnover on downs,0,11,2
2025,15,BAL,CIN,73,End of half,0,5,1
2025,15,NE,BUF,73,Touchdown,7,8,4
2025,15,BUF,NE,49,Punt,0,3,0
2025,15,NE,BUF,88,Punt,0,5,1
2025,15,BUF,NE,83,Punt,0,3,0
2025,15,BUF,NE,70,Punt,0,8,2
2025,15,NE,BUF,94,Touchdown,7,8,4
2025,15,BUF,NE,42,Touchdown,7,7,3
2025,15,NE,BUF,65,Field goal,3,7,3
2025,15,BUF,NE,44,Touchdown,7,6,3
2025,15,NE,BUF,74,Punt,0,3,0
2025,15,BUF,NE,70,Touchdown,7,11,5
2025,15,NE,BUF,81,Turnover,0,7,2
2025,15,BUF,NE,91,Touchdown,7,13,4
2025,15,NE,BUF,65,Touchdown,7,1,1
2025,15,BUF,NE,65,Touchdown,7,7,4
2025,15,NE,BUF,73,Punt,0,3,0
2025,15,BUF,NE,71,Punt,0,3,0
2025,15,NE,BUF,83,Turnover on downs,0,4,0
2025,15,BUF,NE,22,End of half,0,6,1
2025,15,NO,CAR,72,Punt,0,3,0
2025,15,CAR,NO,74,Touchdown,7,13,5
2025,15,NO,CAR,66,Punt,0,6,1
2025,15,CAR,NO,88,Punt,0,6,2
2025,15,NO,CAR,95,Touchdown,7,17,9
2025,15,CAR,NO,73,Field goal,3,9,2
2025,15,NO,CAR,72,End of half,0,1,0
2025,15,CAR,NO,70,Touchdown,7,8,3
2025,15,NO,CAR,72,Field goal,3,14,6
2025,15,CAR,NO,67,Turnover on downs,0,11,2
2025,15,NO,CAR,65,Turnover on downs,0,9,3
2025,15,CAR,NO,77,Punt,0,3,0
2025,15,NO,CAR,78,Touchdown,7,7,5
2025,15,CAR,NO,71,Punt,0,6,1
2025,15,NO,CAR,91,Field goal,3,8,3
2025,15,CAR,NO,65,Turnover,0,1,0
2025,15,CHI,CLE,47,Punt,0,3,0
2025,15,CLE,CHI,99,Punt,0,3,0
2025,15,CHI,CLE,42,Touchdown,7,6,4
2025,15,CLE,CHI,70,Punt,0,3,0
2025,15,CHI,CLE,80,Touchdown,7,7,3
2025,15,CLE,CHI,77,Punt,0,3,0
2025,15,CHI,CLE,77,Missed field goal,0,14,5
2025,15,CLE,CHI,75,Punt,0,6,1
2025,15,CHI,CLE,90,Punt,0,3,0
2025,15,CLE,CHI,62,Punt,0,3,0
2025,15,CHI,CLE,74,End of half,0,5,2
2025,15,CLE,CHI,80,Punt,0,3,0
2025,15,CHI,CLE,53,Turnover on downs,0,4,0
2025,15,CLE,CHI,48,Field goal,3,6,1
2025,15,CHI,CLE,61,Punt,0,3,0
2025,15,CLE,CHI,83,Turnover,0,1,0
2025,15,CHI,CLE,22,Touchdown,7,1,1
2025,15,CLE,CHI,73,Turnover,0,5,1
2025,15,CHI,CLE,80,Touchdown,7,9,5
2025,15,CLE,CHI,80,Punt,0,3,0
2025,15,CHI,CLE,52,Punt,0,6,1
2025,15,CLE,CHI,88,Turnover,0,5,1
2025,15,CHI,CLE,22,Field goal,3,4,0
2025,15,CLE,CHI,71,Turnover on downs,0,16,5
2025,15,CHI,CLE,87,End of half,0,1,0
2025,15,DET,LA,65,Missed field goal,0,8,2
2025,15,LA,DET,67,Turnover,0,6,2
2025,15,DET,LA,17,Touchdown,7,1,1
2025,15,LA,DET,72,Touchdown,7,13,6
2025,15,DET,LA,65,Field goal,3,12,3
2025,15,LA,DET,69,Touchdown,7,6,5
2025,15,DET,LA,65,Touchdown,7,4,2
2025,15,LA,DET,72,Punt,0,5,1
2025,15,DET,LA,80,Touchdown,7,9,4
2025,15,LA,DET,66,Field goal,3,5,2
2025,15,LA,DET,67,Field goal,3,11,3
2025,15,DET,LA,65,Punt,0,3,0
2025,15,LA,DET,88,Touchdown,7,9,4
2025,15,DET,LA,78,Punt,0,3,0
2025,15,DET,LA,65,Punt,0,3,0
2025,15,LA,DET,80,Punt,0,3,0
2025,15,DET,LA,66,Field goal,3,9,2
2025,15,LA,DET,68,Touchdown,7,6,4
2025,15,DET,LA,65,Touchdown,7,12,6
2025,15,LA,DET,65,Punt,0,5,1
2025,15,DET,LA,80,End of half,0,1,1
2025,15,DEN,GB,69,Turnover,0,6,1
2025,15,GB,DEN,52,Field goal,3,8,1
2025,15,DEN,GB,60,Punt,0,3,0
2025,15,GB,DEN,97,Field goal,3,10,4
2025,15,DEN,GB,70,Touchdown,7,10,4
2025,15,GB,DEN,75,Touchdown,7,9,4
2025,15,DEN,GB,72,Touchdown,7,6,3
2025,15,GB,DEN,86,Field goal,3,8,4
2025,15,GB,DEN,71,Touchdown,7,3,2
2025,15,DEN,GB,71,Punt,0,3,0
2025,15,GB,DEN,81,Turnover,0,1,0
2025,15,DEN,GB,71,Touchdown,7,7,4
2025,15,GB,DEN,68,Punt,0,6,1
2025,15,DEN,GB,70,Touchdown,7,11,5
2025,15,GB,DEN,65,Field goal,3,9,2
2025,15,DEN,GB,65,Touchdown,7,9,4
2025,15,GB,DEN,66,Turnover,0,2,0
2025,15,DEN,GB,52,Turnover on downs,0,4,0
2025,15,GB,DEN,55,Turnover on downs,0,7,1
2025,15,DEN,GB,46,Turnover on downs,0,4,0
2025,15,GB,DEN,62,Turnover on downs,0,4,0
2025,15,DEN,GB,33,End of half,0,2,0
2025,15,IND,SEA,72,Punt,0,8,2
2025,15,SEA,IND,90,Punt,0,3,0
2025,15,IND,SEA,65,Field goal,3,11,3
2025,15,SEA,IND,62,Field goal,3,6,2
2025,15,IND,SEA,65,Punt,0,3,0
2025,15,SEA,IND,85,Punt,0,3,0
2025,15,IND,SEA,53,Field goal,3,6,1
2025,15,SEA,IND,82,Punt,0,3,0
2025,15,IND,SEA,58,Touchdown,7,10,4
2025,15,SEA,IND,78,Field goal,3,9,2
2025,15,SEA,IND,71,Field goal,3,11,3
2025,15,IND,SEA,55,Punt,0,3,0
2025,15,SEA,IND,93,Punt,0,5,1
2025,15,IND,SEA,76,Punt,0,5,1
2025,15,SEA,IND,80,Field goal,3,8,2
2025,15,IND,SEA,65,Punt,0,7,2
2025,15,SEA,IND,94,Field goal,3,11,4
2025,15,IND,SEA,68,Field goal,3,7,1
2025,15,SEA,IND,63,Field goal,3,5,1
2025,15,IND,SEA,70,Turnover,0,1,0
2025,15,SEA,IND,58,End of half,0,1,0
2025,15,KC,LAC,68,Touchdown,7,11,5
2025,15,LAC,KC,71,Field goal,3,11,3
2025,15,KC,LAC,68,Punt,0,3,0
2025,15,LAC,KC,91,Punt,0,4,1
2025,15,KC,LAC,64,Punt,0,3,0
2025,15,LAC,KC,79,Turnover,0,3,0
2025,15,KC,LAC,19,Field goal,3,7,1
2025,15,LAC,KC,76,Punt,0,8,2
2025,15,KC,LAC,94,Field goal,3,10,3
2025,15,LAC,KC,60,Touchdown,7,5,2
2025,15,LAC,KC,71,Field goal,3,11,4
2025,15,KC,LAC,71,Punt,0,3,0
2025,15,LAC,KC,68,Punt,0,5,1
2025,15,KC,LAC,88,Punt,0,3,0
2025,15,LAC,KC,60,Field goal,3,5,1
2025,15,KC,LAC,66,Turnover,0,9,3
2025,15,LAC,KC,99,Punt,0,12,4
2025,15,KC,LAC,92,Turnover,0,12,5
2025,15,LAC,KC,82,End of half,0,1,0
2025,15,PHI,LV,67,Touchdown,7,13,5
2025,15,LV,PHI,74,Turnover on downs,0,13,3
2025,15,PHI,LV,67,Field goal,3,7,2
2025,15,LV,PHI,69,Punt,0,3,0
2025,15,PHI,LV,75,Punt,0,3,0
2025,15,LV,PHI,72,Punt,0,3,0
2025,15,PHI,LV,70,Touchdown,7,11,6
2025,15,LV,PHI,80,Punt,0,7,2
2025,15,PHI,LV,79,End of half,0,1,0
2025,15,LV,PHI,64,Turnover,0,7,2
2025,15,PHI,LV,73,Touchdown,7,10,5
2025,15,LV,PHI,68,Punt,0,3,0
2025,15,PHI,LV,60,Touchdown,7,5,3
2025,15,LV,PHI,68,Punt,0,3,0
2025,15,PHI,LV,81,Turnover on downs,0,17,6
2025,15,LV,PHI,98,End of half,0,3,0
2025,15,MIA,PIT,73,Punt,0,4,1
2025,15,PIT,MIA,80,Punt,0,3,0
2025,15,MIA,PIT,71,Turnover,0,4,2
2025,15,PIT,MIA,81,Punt,0,13,3
2025,15,MIA,PIT,80,Punt,0,5,1
2025,15,PIT,MIA,71,Punt,0,3,0
2025,15,MIA,PIT,69,Field goal,3,7,1
2025,15,PIT,MIA,60,Touchdown,7,12,7
2025,15,MIA,PIT,65,End of half,0,1,0
2025,15,PIT,MIA,71,Touchdown,7,6,3
2025,15,MIA,PIT,60,Punt,0,3,0
2025,15,PIT,MIA,77,Touchdown,7,10,4
2025,15,MIA,PIT,71,Punt,0,3,0
2025,15,PIT,MIA,81,Touchdown,7,9,5
2025,15,MIA,PIT,65,Touchdown,7,6,4
2025,15,PIT,MIA,64,Punt,0,3,0
2025,15,MIA,PIT,86,Touchdown,7,9,5
2025,15,MIA,PIT,97,End of half,0,7,2
2025,15,MIN,DAL,68,Turnover,0,2,0
2025,15,DAL,MIN,35,Touchdown,7,11,4
2025,15,MIN,DAL,86,Punt,0,5,1
2025,15,DAL,MIN,97,Punt,0,3,0
2025,15,MIN,DAL,53,Touchdown,7,2,3
2025,15,DAL,MIN,73,Touchdown,7,6,5
2025,15,MIN,DAL,75,Touchdown,7,10,3
2025,15,DAL,MIN,57,Missed field goal,0,8,1
2025,15,MIN,DAL,59,Field goal,3,8,3
2025,15,DAL,MIN,60,Field goal,3,10,3
2025,15,DAL,MIN,58,Field goal,3,7,2
2025,15,MIN,DAL,58,Punt,0,3,0
2025,15,DAL,MIN,90,Field goal,3,9,3
2025,15,MIN,DAL,73,Touchdown,7,8,5
2025,15,DAL,MIN,65,Missed field goal,0,8,2
2025,15,MIN,DAL,51,Touchdown,7,5,4
2025,15,DAL,MIN,90,Turnover on downs,0,8,3
2025,15,MIN,DAL,61,Field goal,3,10,2
2025,15,DAL,MIN,65,Field goal,3,5,2
2025,15,MIN,DAL,45,End of half,0,1,0
2025,15,JAX,NYJ,72,Touchdown,7,9,5
2025,15,NYJ,JAX,65,Turnover on downs,0,4,0
2025,15,JAX,NYJ,38,Touchdown,7,5,2
2025,15,NYJ,JAX,65,Touchdown,7,8,4
2025,15,JAX,NYJ,55,Touchdown,7,5,4
2025,15,NYJ,JAX,65,Punt,0,7,2
2025,15,JAX,NYJ,90,Punt,0,3,0
2025,15,NYJ,JAX,64,Field goal,3,9,3
2025,15,JAX,NYJ,60,Field goal,3,10,2
2025,15,NYJ,JAX,65,Turnover,0,2,0
2025,15,JAX,NYJ,47,Touchdown,7,5,4
2025,15,NYJ,JAX,65,End of half,0,1,0
2025,15,NYJ,JAX,65,Field goal,3,9,2
2025,15,JAX,NYJ,72,Touchdown,7,7,4
2025,15,NYJ,JAX,65,Turnover on downs,0,4,0
2025,15,JAX,NYJ,42,Field goal,3,7,2
2025,15,NYJ,JAX,65,Touchdown,7,5,3
2025,15,JAX,NYJ,45,Touchdown,7,2,1
2025,15,NYJ,JAX,65,Punt,0,5,1
2025,15,JAX,NYJ,71,Turnover,0,2,0
2025,15,NYJ,JAX,16,Turnover,0,4,1
2025,15,JAX,NYJ,80,Punt,0,3,0
2025,15,NYJ,JAX,77,Turnover,0,12,3
2025,15,JAX,NYJ,76,End of half,0,3,0
2025,15,TEN,SF,70,Punt,0,3,0
2025,15,SF,TEN,70,Touchdown,7,12,5
2025,15,TEN,SF,70,Field goal,3,10,4
2025,15,SF,TEN,70,Touchdown,7,7,4
2025,15,TEN,SF,68,Touchdown,7,8,5
2025,15,SF,TEN,65,Field goal,3,14,4
2025,15,TEN,SF,60,Missed field goal,0,8,2
2025,15,SF,TEN,67,Touchdown,7,4,3
2025,15,TEN,SF,65,Punt,0,3,0
2025,15,SF,TEN,95,Touchdown,7,15,7
2025,15,TEN,SF,65,Punt,0,3,0
2025,15,SF,TEN,56,Turnover,0,3,0
2025,15,TEN,SF,44,Touchdown,7,2,2
2025,15,SF,TEN,60,Field goal,3,8,2
2025,15,TEN,SF,64,Touchdown,7,10,4
2025,15,SF,TEN,65,Field goal,3,10,3
2025,15,TEN,SF,65,End of half,0,4,1
2025,15,WAS,NYG,67,Field goal,3,10,2
2025,15,NYG,WAS,67,Missed field goal,0,6,2
2025,15,WAS,NYG,58,Punt,0,8,2
2025,15,NYG,WAS,91,Punt,0,3,0
2025,15,WAS,NYG,47,Touchdown,7,4,3
2025,15,NYG,WAS,81,Punt,0,4,1
2025,15,WAS,NYG,77,Field goal,3,9,3
2025,15,NYG,WAS,65,Touchdown,7,10,4
2025,15,WAS,NYG,77,Punt,0,3,0
2025,15,NYG,WAS,75,Opp touchdown,0,3,0
2025,15,NYG,WAS,60,Turnover,0,4,1
2025,15,WAS,NYG,24,Field goal,3,2,0
2025,15,NYG,WAS,82,Touchdown,7,7,5
2025,15,WAS,NYG,90,Punt,0,5,1
2025,15,NYG,WAS,81,Punt,0,3,0
2025,15,WAS,NYG,64,Punt,0,3,0
2025,15,NYG,WAS,87,Missed field goal,0,12,4
2025,15,WAS,NYG,59,Touchdown,7,2,2
2025,15,NYG,WAS,67,Turnover on downs,0,7,3
2025,15,WAS,NYG,96,Turnover,0,8,4
2025,15,NYG,WAS,21,Touchdown,7,4,1
2025,15,WAS,NYG,86,Turnover,0,4,2
2025,15,NYG,WAS,51,Turnover on downs,0,6,1
2025,15,WAS,NYG,62,End of half,0,3,0
2025,16,ARI,ATL,60,Field goal,3,7,1
2025,16,ATL,ARI,65,Turnover,0,9,2
2025,16,ARI,ATL,55,Touchdown,7,5,2
2025,16,ATL,ARI,65,Field goal,3,11,3
2025,16,ARI,ATL,75,Field goal,3,8,2
2025,16,ATL,ARI,65,Touchdown,7,3,3
2025,16,ARI,ATL,65,Field goal,3,13,4
2025,16,ATL,ARI,60,Touchdown,7,14,5
2025,16,ARI,ATL,70,Missed field goal,0,4,2
2025,16,ATL,ARI,65,Field goal,3,13,3
2025,16,ARI,ATL,73,Missed field goal,0,8,2
2025,16,ATL,ARI,66,Touchdown,7,12,6
2025,16,ARI,ATL,71,Punt,0,3,0
2025,16,ATL,ARI,67,Turnover,0,5,1
2025,16,ARI,ATL,53,Field goal,3,10,2
2025,16,ATL,ARI,65,Turnover on downs,0,6,1
2025,16,ARI,ATL,60,Turnover,0,4,1
2025,16,ATL,ARI,63,End of half,0,2,0
2025,16,CLE,BUF,69,Touchdown,7,8,5
2025,16,BUF,CLE,80,Touchdown,7,5,3
2025,16,CLE,BUF,63,Turnover,0,6,3
2025,16,BUF,CLE,61,Touchdown,7,9,5
2025,16,CLE,BUF,71,Field goal,3,13,4
2025,16,BUF,CLE,68,Touchdown,7,7,4
2025,16,CLE,BUF,60,Punt,0,3,0
2025,16,BUF,CLE,86,Punt,0,3,0
2025,16,CLE,BUF,30,End of half,0,2,0
2025,16,BUF,CLE,70,Punt,0,3,0
2025,16,CLE,BUF,80,Turnover,0,4,1
2025,16,BUF,CLE,25,Field goal,3,4,0
2025,16,CLE,BUF,67,Touchdown,7,14,6
2025,16,BUF,CLE,69,Turnover on downs,0,7,2
2025,16,CLE,BUF,66,Field goal,3,8,2
2025,16,BUF,CLE,65,Punt,0,3,0
2025,16,CLE,BUF,64,Turnover on downs,0,4,0
2025,16,BUF,CLE,30,Turnover on downs,0,5,1
2025,16,CLE,BUF,88,Punt,0,4,1
2025,16,BUF,CLE,49,End of half,0,5,1
2025,16,CIN,MIA,75,Punt,0,6,1
2025,16,MIA,CIN,86,Punt,0,6,1
2025,16,CIN,MIA,91,Touchdown,7,7,5
2025,16,MIA,CIN,65,Touchdown,7,3,2
2025,16,CIN,MIA,65,Punt,0,3,0
2025,16,MIA,CIN,88,Punt,0,7,2
2025,16,CIN,MIA,80,Field goal,3,11,3
2025,16,MIA,CIN,68,Touchdown,7,7,4
2025,16,CIN,MIA,56,Touchdown,7,7,4
2025,16,MIA,CIN,60,Punt,0,3,0
2025,16,CIN,MIA,96,End of half,0,1,0
2025,16,MIA,CIN,70,Turnover,0,3,0
2025,16,CIN,MIA,34,Touchdown,7,6,3
2025,16,MIA,CIN,69,Turnover,0,3,0
2025,16,CIN,MIA,35,Touchdown,7,2,2
2025,16,MIA,CIN,75,Turnover on downs,0,6,1
2025,16,CIN,MIA,53,Touchdown,7,6,2
2025,16,MIA,CIN,74,Turnover,0,1,0
2025,16,CIN,MIA,52,Touchdown,7,7,3
2025,16,MIA,CIN,69,Punt,0,3,0
2025,16,CIN,MIA,54,Punt,0,3,0
2025,16,MIA,CIN,97,Touchdown,7,9,6
2025,16,CIN,MIA,69,Punt,0,3,0
2025,16,MIA,CIN,96,End of half,0,7,3
2025,16,GB,CHI,53,Turnover on downs,0,9,2
2025,16,CHI,GB,92,Turnover on downs,0,10,4
2025,16,GB,CHI,78,Field goal,3,14,5
2025,16,CHI,GB,63,Punt,0,6,2
2025,16,GB,CHI,95,Field goal,3,16,6
2025,16,CHI,GB,65,Punt,0,4,1
2025,16,GB,CHI,92,End of half,0,2,0
2025,16,CHI,GB,66,Field goal,3,6,1
2025,16,GB,CHI,65,Turnover,0,9,4
2025,16,CHI,GB,98,Punt,0,4,1
2025,16,GB,CHI,64,Touchdown,7,6,3
2025,16,CHI,GB,80,Field goal,3,10,3
2025,16,GB,CHI,63,Field goal,3,10,3
2025,16,CHI,GB,68,Field goal,3,11,3
2025,16,GB,CHI,47,Touchdown,7,8,3
2025,16,CHI,GB,53,Touchdown,7,8,3
2025,16,GB,CHI,73,End of half,0,1,0
2025,16,GB,CHI,79,Turnover on downs,0,6,1
2025,16,CHI,GB,64,Touchdown,7,4,2
2025,16,JAX,DEN,71,Punt,0,3,0
2025,16,DEN,JAX,92,Punt,0,3,0
2025,16,JAX,DEN,59,Punt,0,3,0
2025,16,DEN,JAX,87,Missed field goal,0,11,4
2025,16,JAX,DEN,66,Touchdown,7,10,4
2025,16,DEN,JAX,65,Touchdown,7,5,3
2025,16,JAX,DEN,72,Punt,0,3,0
2025,16,DEN,JAX,68,Field goal,3,5,1
2025,16,JAX,DEN,59,Touchdown,7,8,4
2025,16,DEN,JAX,76,Punt,0,6,1
2025,16,JAX,DEN,87,Field goal,3,9,3
2025,16,DEN,JAX,73,Touchdown,7,4,4
2025,16,JAX,DEN,75,Touchdown,7,9,6
2025,16,DEN,JAX,65,Punt,0,4,1
2025,16,JAX,DEN,80,Touchdown,7,4,2
2025,16,DEN,JAX,84,Turnover,0,5,1
2025,16,JAX,DEN,34,Field goal,3,7,1
2025,16,DEN,JAX,68,Field goal,3,7,2
2025,16,JAX,DEN,67,Punt,0,3,0
2025,16,DEN,JAX,81,Turnover,0,5,1
2025,16,JAX,DEN,70,Punt,0,6,1
2025,16,DEN,JAX,80,Turnover on downs,0,8,2
2025,16,JAX,DEN,55,Punt,0,5,1
2025,16,DEN,JAX,98,End of half,0,5,1
2025,16,KC,TEN,72,Punt,0,3,0
2025,16,TEN,KC,68,Turnover on downs,0,5,1
2025,16,KC,TEN,55,Punt,0,3,0
2025,16,TEN,KC,95,Punt,0,10,3
2025,16,KC,TEN,94,Punt,0,6,2
2025,16,TEN,KC,58,Punt,0,3,0
2025,16,KC,TEN,97,Safety,0,1,0
2025,16,TEN,KC,48,Punt,0,3,0
2025,16,KC,TEN,64,Field goal,3,9,2
2025,16,TEN,KC,89,Touchdown,7,11,5
2025,16,KC,TEN,68,Field goal,3,7,2
2025,16,TEN,KC,75,Touchdown,7,9,4
2025,16,KC,TEN,75,Missed field goal,0,6,1
2025,16,TEN,KC,59,Turnover on downs,0,4,0
2025,16,TEN,KC,64,Touchdown,7,10,5
2025,16,KC,TEN,84,Punt,0,3,0
2025,16,TEN,KC,66,Field goal,3,13,4
2025,16,KC,TEN,65,Punt,0,3,0
2025,16,TEN,KC,45,End of half,0,3,0
2025,16,DAL,LAC,79,Touchdown,7,10,4
2025,16,LAC,DAL,65,Touchdown,7,6,3
2025,16,DAL,LAC,71,Field goal,3,16,5
2025,16,LAC,DAL,87,Touchdown,7,7,5
2025,16,DAL,LAC,80,Touchdown,7,4,3
2025,16,LAC,DAL,81,Touchdown,7,16,7
2025,16,DAL,LAC,75,End of half,0,2,0
2025,16,LAC,DAL,76,Field goal,3,6,1
2025,16,DAL,LAC,80,Punt,0,6,1
2025,16,LAC,DAL,83,Punt,0,3,0
2025,16,DAL,LAC,81,Turnover on downs,0,9,3
2025,16,LAC,DAL,84,Field goal,3,14,4
2025,16,DAL,LAC,67,Turnover on downs,0,6,1
2025,16,LAC,DAL,46,Touchdown,7,6,3
2025,16,DAL,LAC,65,Turnover,0,3,1
2025,16,LAC,DAL,42,Turnover on downs,0,6,1
2025,16,DAL,LAC,70,End of half,0,1,0
2025,16,LA,SEA,71,Turnover on downs,0,10,2
2025,16,SEA,LA,61,Touchdown,7,5,3
2025,16,LA,SEA,76,Field goal,3,12,4
2025,16,SEA,LA,65,Punt,0,3,0
2025,16,LA,SEA,88,Field goal,3,8,2
2025,16,SEA,LA,65,Punt,0,3,0
2025,16,LA,SEA,62,Touchdown,7,11,5
2025,16,SEA,LA,65,Turnover,0,9,3
2025,16,LA,SEA,80,End of half,0,3,0
2025,16,SEA,LA,65,Touchdown,7,4,2
2025,16,LA,SEA,73,Field goal,3,7,1
2025,16,SEA,LA,65,Turnover,0,5,1
2025,16,LA,SEA,1,Touchdown,7,1,1
2025,16,SEA,LA,65,Punt,0,6,2
2025,16,LA,SEA,85,Touchdown,7,9,3
2025,16,SEA,LA,65,Turnover,0,8,3
2025,16,LA,SEA,89,Opp touchdown,0,3,0
2025,16,LA,SEA,78,Punt,0,3,0
2025,16,SEA,LA,57,Touchdown,7,2,2
2025,16,LA,SEA,74,Punt,0,3,0
2025,16,SEA,LA,77,Punt,0,3,0
2025,16,LA,SEA,80,Missed field goal,0,7,2
2025,16,SEA,LA,62,Punt,0,3,0
2025,16,LA,SEA,88,Punt,0,7,2
2025,16,SEA,LA,85,End of half,0,3,1
2025,16,LA,SEA,80,Touchdown,7,8,4
2025,16,SEA,LA,65,Touchdown,7,9,5
2025,16,LV,HOU,71,Punt,0,3,0
2025,16,HOU,LV,76,Punt,0,6,1
2025,16,LV,HOU,79,Opp touchdown,0,3,0
2025,16,LV,HOU,75,Punt,0,4,0
2025,16,HOU,LV,82,Punt,0,3,0
2025,16,LV,HOU,80,Punt,0,5,2
2025,16,HOU,LV,84,Punt,0,3,0
2025,16,LV,HOU,61,Touchdown,7,7,3
2025,16,HOU,LV,72,Field goal,3,7,1
2025,16,LV,HOU,75,Punt,0,6,1
2025,16,HOU,LV,89,Field goal,3,11,3
2025,16,LV,HOU,69,Punt,0,3,0
2025,16,HOU,LV,70,End of half,0,2,1
2025,16,HOU,LV,70,Punt,0,3,0
2025,16,LV,HOU,85,Touchdown,7,6,2
2025,16,HOU,LV,70,Punt,0,3,0
2025,16,LV,HOU,71,Punt,0,3,0
2025,16,HOU,LV,53,Field goal,3,5,1
2025,16,LV,HOU,80,Punt,0,8,2
2025,16,HOU,LV,88,Touchdown,7,10,5
2025,16,LV,HOU,65,Touchdown,7,5,2
2025,16,HOU,LV,83,End of half,0,11,4
2025,16,MIN,NYG,60,Field goal,3,9,2
2025,16,NYG,MIN,65,Turnover on downs,0,8,3
2025,16,MIN,NYG,85,Turnover,0,7,2
2025,16,NYG,MIN,44,Field goal,3,12,3
2025,16,MIN,NYG,77,Field goal,3,11,4
2025,16,NYG,MIN,71,Turnover,0,3,0
2025,16,MIN,NYG,16,Touchdown,7,3,1
2025,16,NYG,MIN,70,Punt,0,3,0
2025,16,MIN,NYG,65,Opp touchdown,0,2,0
2025,16,MIN,NYG,65,End of half,0,1,0
2025,16,NYG,MIN,69,Punt,0,4,1
2025,16,MIN,NYG,87,Punt,0,9,3
2025,16,NYG,MIN,75,Field goal,3,14,4
2025,16,MIN,NYG,69,Field goal,3,14,4
2025,16,NYG,MIN,66,Turnover on downs,0,6,1
2025,16,MIN,NYG,39,End of half,0,5,1
2025,16,BAL,NE,65,Touchdown,7,5,3
2025,16,NE,BAL,64,Turnover,0,10,3
2025,16,BAL,NE,96,Turnover,0,9,4
2025,16,NE,BAL,68,Touchdown,7,10,5
2025,16,BAL,NE,65,Punt,0,3,0
2025,16,NE,BAL,75,Field goal,3,9,2
2025,16,BAL,NE,65,Field goal,3,11,3
2025,16,NE,BAL,65,Turnover,0,6,2
2025,16,BAL,NE,68,End of half,0,1,0
2025,16,NE,BAL,70,Punt,0,3,0
2025,16,BAL,NE,67,Missed field goal,0,6,1
2025,16,NE,BAL,54,Field goal,3,6,1
2025,16,BAL,NE,65,Touchdown,7,6,3
2025,16,NE,BAL,75,Turnover on downs,0,7,1
2025,16,BAL,NE,44,Touchdown,7,7,3
2025,16,NE,BAL,73,Touchdown,7,7,4
2025,16,BAL,NE,69,Punt,0,6,1
2025,16,NE,BAL,89,Touchdown,7,9,4
2025,16,BAL,NE,68,Turnover,0,2,0
2025,16,NE,BAL,36,End of half,0,6,2
2025,16,NO,NYJ,72,Turnover,0,2,0
2025,16,NYJ,NO,37,Field goal,3,8,2
2025,16,NO,NYJ,60,Field goal,3,12,3
2025,16,NYJ,NO,80,Punt,0,4,1
2025,16,NO,NYJ,66,Field goal,3,8,2
2025,16,NYJ,NO,65,Field goal,3,6,2
2025,16,NO,NYJ,79,Turnover on downs,0,6,1
2025,16,NYJ,NO,45,Punt,0,3,0
2025,16,NO,NYJ,91,Field goal,3,15,5
2025,16,NYJ,NO,65,Punt,0,6,1
2025,16,NO,NYJ,91,Missed field goal,0,8,2
2025,16,NYJ,NO,65,Punt,0,5,1
2025,16,NO,NYJ,73,Punt,0,3,0
2025,16,NYJ,NO,70,Punt,0,7,1
2025,16,NO,NYJ,93,Touchdown,7,12,6
2025,16,NYJ,NO,65,Turnover,0,5,1
2025,16,NO,NYJ,46,Field goal,3,5,1
2025,16,NYJ,NO,56,Turnover,0,6,1
2025,16,NO,NYJ,44,Field goal,3,10,2
2025,16,NYJ,NO,65,Turnover on downs,0,8,1
2025,16,NO,NYJ,44,Touchdown,7,3,1
2025,16,NYJ,NO,68,End of half,0,7,1
2025,16,WAS,PHI,26,Field goal,3,8,2
2025,16,PHI,WAS,68,Punt,0,3,0
2025,16,WAS,PHI,85,Punt,0,6,1
2025,16,PHI,WAS,63,Touchdown,7,7,5
2025,16,WAS,PHI,69,Punt,0,4,1
2025,16,PHI,WAS,90,Missed field goal,0,12,4
2025,16,WAS,PHI,67,Touchdown,7,9,4
2025,16,PHI,WAS,81,Missed field goal,0,11,4
2025,16,WAS,PHI,58,End of half,0,1,0
2025,16,WAS,PHI,68,Punt,0,4,1
2025,16,PHI,WAS,83,Touchdown,7,17,7
2025,16,WAS,PHI,74,Turnover,0,6,1
2025,16,PHI,WAS,37,Touchdown,7,7,3
2025,16,WAS,PHI,66,Punt,0,3,0
2025,16,PHI,WAS,80,Punt,0,3,0
2025,16,WAS,PHI,60,Punt,0,3,0
2025,16,PHI,WAS,80,Touchdown,7,4,2
2025,16,WAS,PHI,75,Touchdown,7,8,5
2025,16,PHI,WAS,48,End of half,0,4,1
2025,16,DET,PIT,72,Punt,0,3,0
2025,16,PIT,DET,71,Field goal,3,9,2
2025,16,DET,PIT,66,Turnover on downs,0,13,4
2025,16,PIT,DET,97,Punt,0,7,2
2025,16,DET,PIT,62,Field goal,3,8,2
2025,16,PIT,DET,72,Punt,0,3,0
2025,16,DET,PIT,85,Punt,0,3,0
2025,16,PIT,DET,79,Punt,0,3,0
2025,16,DET,PIT,62,Touchdown,7,6,4
2025,16,PIT,DET,80,Touchdown,7,11,4
2025,16,DET,PIT,65,End of half,0,1,0
2025,16,PIT,DET,69,Turnover,0,9,3
2025,16,DET,PIT,97,Safety,0,3,0
2025,16,PIT,DET,69,Field goal,3,17,4
2025,16,DET,PIT,86,Punt,0,3,0
2025,16,PIT,DET,61,Touchdown,7,4,2
2025,16,DET,PIT,74,Touchdown,7,10,4
2025,16,PIT,DET,65,Touchdown,7,3,3
2025,16,DET,PIT,68,Touchdown,7,10,5
2025,16,PIT,DET,66,Missed field goal,0,7,3
2025,16,DET,PIT,73,End of half,0,10,4
2025,16,IND,SF,72,Touchdown,7,9,4
2025,16,SF,IND,69,Touchdown,7,6,3
2025,16,SF,IND,26,Touchdown,7,5,3
2025,16,IND,SF,66,Touchdown,7,12,5
2025,16,SF,IND,69,Touchdown,7,10,5
2025,16,IND,SF,80,Punt,0,3,0
2025,16,SF,IND,82,Field goal,3,12,4
2025,16,IND,SF,65,Field goal,3,7,2
2025,16,SF,IND,60,Missed field goal,0,2,1
2025,16,SF,IND,64,Touchdown,7,8,4
2025,16,IND,SF,65,Field goal,3,7,2
2025,16,SF,IND,68,Field goal,3,8,3
2025,16,IND,SF,65,Touchdown,7,12,5
2025,16,SF,IND,70,Touchdown,7,10,4
2025,16,IND,SF,80,Punt,0,3,0
2025,16,SF,IND,44,Turnover,0,5,1
2025,16,IND,SF,71,Opp touchdown,0,3,1
2025,16,IND,SF,65,Turnover on downs,0,4,0
2025,16,SF,IND,43,End of half,0,3,0
2025,16,CAR,TB,65,Field goal,3,9,3
2025,16,TB,CAR,53,Touchdown,7,10,5
2025,16,CAR,TB,65,Punt,0,6,1
2025,16,TB,CAR,90,Field goal,3,14,5
2025,16,CAR,TB,65,Punt,0,3,0
2025,16,TB,CAR,79,Punt,0,3,0
2025,16,CAR,TB,39,Field goal,3,6,1
2025,16,TB,CAR,67,Punt,0,3,0
2025,16,CAR,TB,63,Touchdown,7,8,4
2025,16,TB,CAR,84,End of half,0,1,0
2025,16,TB,CAR,66,Touchdown,7,14,6
2025,16,CAR,TB,65,Touchdown,7,11,5
2025,16,TB,CAR,43,Field goal,3,6,1
2025,16,CAR,TB,65,Punt,0,6,1
2025,16,TB,CAR,88,Punt,0,5,1
2025,16,CAR,TB,73,Field goal,3,7,1
2025,16,TB,CAR,90,Turnover,0,7,2
2025,16,CAR,TB,65,End of half,0,1,0
2025,17,CIN,ARI,72,Touchdown,7,12,5
2025,17,ARI,CIN,65,Punt,0,3,0
2025,17,CIN,ARI,79,Touchdown,7,12,7
2025,17,ARI,CIN,70,Touchdown,7,5,3
2025,17,CIN,ARI,65,Punt,0,3,0
2025,17,ARI,CIN,67,Punt,0,3,0
2025,17,CIN,ARI,98,Field goal,3,10,3
2025,17,ARI,CIN,73,Punt,0,3,0
2025,17,CIN,ARI,36,Touchdown,7,3,2
2025,17,ARI,CIN,71,Punt,0,5,1
2025,17,CIN,ARI,91,End of half,0,1,0
2025,17,ARI,CIN,68,Punt,0,3,0
2025,17,CIN,ARI,84,Touchdown,7,11,5
2025,17,ARI,CIN,83,Punt,0,3,0
2025,17,CIN,ARI,82,Touchdown,7,10,4
2025,17,ARI,CIN,71,Turnover on downs,0,13,3
2025,17,CIN,ARI,86,Punt,0,10,3
2025,17,ARI,CIN,92,Touchdown,7,16,5
2025,17,CIN,ARI,65,End of half,0,3,0
2025,17,BAL,GB,75,Touchdown,7,13,6
2025,17,GB,BAL,69,Touchdown,7,2,2
2025,17,BAL,GB,74,Touchdown,7,13,6
2025,17,GB,BAL,75,Turnover on downs,0,4,0
2025,17,BAL,GB,34,Field goal,3,8,2
2025,17,GB,BAL,73,Turnover,0,2,0
2025,17,BAL,GB,30,Field goal,3,6,1
2025,17,GB,BAL,76,Touchdown,7,5,5
2025,17,BAL,GB,65,Touchdown,7,7,5
2025,17,GB,BAL,75,End of half,0,1,0
2025,17,GB,BAL,74,Field goal,3,11,3
2025,17,BAL,GB,66,Punt,0,6,1
2025,17,GB,BAL,86,Touchdown,7,7,4
2025,17,BAL,GB,85,Touchdown,7,12,5
2025,17,GB,BAL,72,Turnover,0,7,3
2025,17,BAL,GB,68,Touchdown,7,10,4
2025,17,GB,BAL,65,Turnover on downs,0,6,1
2025,17,SF,CHI,76,Opp touchdown,0,1,0
2025,17,SF,CHI,65,Touchdown,7,9,4
2025,17,CHI,SF,71,Punt,0,3,0
2025,17,SF,CHI,80,Punt,0,4,1
2025,17,CHI,SF,84,Punt,0,3,0
2025,17,SF,CHI,66,Touchdown,7,3,3
2025,17,CHI,SF,77,Touchdown,7,5,4
2025,17,SF,CHI,75,Touchdown,7,9,5
2025,17,CHI,SF,65,Touchdown,7,3,3
2025,17,SF,CHI,72,Touchdown,7,15,6
2025,17,CHI,SF,80,Punt,0,5,1
2025,17,SF,CHI,91,End of half,0,6,3
2025,17,CHI,SF,65,Touchdown,7,10,5
2025,17,SF,CHI,65,Touchdown,7,8,5
2025,17,CHI,SF,80,Touchdown,7,10,4
2025,17,SF,CHI,69,Punt,0,6,1
2025,17,CHI,SF,89,Field goal,3,11,4
2025,17,SF,CHI,75,Touchdown,7,7,4
2025,17,CHI,SF,65,End of half,0,15,5
2025,17,DAL,WAS,78,Touchdown,7,13,5
2025,17,WAS,DAL,76,Field goal,3,8,3
2025,17,DAL,WAS,65,Touchdown,7,17,7
2025,17,WAS,DAL,71,Punt,0,5,1
2025,17,DAL,WAS,97,Touchdown,7,5,2
2025,17,WAS,DAL,60,Touchdown,7,5,4
2025,17,DAL,WAS,74,Field goal,3,12,3
2025,17,WAS,DAL,65,End of half,0,1,0
2025,17,WAS,DAL,74,Punt,0,4,1
2025,17,DAL,WAS,93,Punt,0,6,1
2025,17,WAS,DAL,72,Touchdown,7,1,1
2025,17,DAL,WAS,87,Field goal,3,11,3
2025,17,WAS,DAL,65,Field goal,3,10,4
2025,17,DAL,WAS,76,Missed field goal,0,6,1
2025,17,WAS,DAL,52,Punt,0,3,0
2025,17,DAL,WAS,85,Field goal,3,14,4
2025,17,WAS,DAL,72,Field goal,3,7,3
2025,17,DAL,WAS,73,End of half,0,7,2
2025,17,DEN,KC,65,Field goal,3,14,4
2025,17,KC,DEN,74,Punt,0,6,1
2025,17,DEN,KC,81,Turnover,0,3,0
2025,17,KC,DEN,35,Touchdown,7,10,3
2025,17,DEN,KC,65,Punt,0,5,1
2025,17,KC,DEN,82,Punt,0,4,1
2025,17,DEN,KC,90,Field goal,3,16,5
2025,17,KC,DEN,76,End of half,0,1,0
2025,17,KC,DEN,63,Field goal,3,6,2
2025,17,DEN,KC,72,Touchdown,7,14,6
2025,17,KC,DEN,65,Punt,0,3,0
2025,17,DEN,KC,80,Punt,0,6,1
2025,17,KC,DEN,45,Field goal,3,6,1
2025,17,DEN,KC,65,Touchdown,7,14,5
2025,17,KC,DEN,65,Turnover on downs,0,8,2
2025,17,DEN,KC,74,End of half,0,1,0
2025,17,MIN,DET,75,Punt,0,3,0
2025,17,DET,MIN,63,Punt,0,4,1
2025,17,MIN,DET,80,Punt,0,9,3
2025,17,DET,MIN,91,Turnover,0,3,0
2025,17,MIN,DET,16,Touchdown,7,5,2
2025,17,DET,MIN,70,Turnover,0,4,1
2025,17,MIN,DET,47,Punt,0,3,0
2025,17,DET,MIN,80,Touchdown,7,19,6
2025,17,MIN,DET,65,Punt,0,3,1
2025,17,DET,MIN,80,End of half,0,1,0
2025,17,DET,MIN,67,Punt,0,5,1
2025,17,MIN,DET,86,Punt,0,3,0
2025,17,DET,MIN,64,Turnover,0,3,0
2025,17,MIN,DET,62,Field goal,3,9,3
2025,17,DET,MIN,70,Turnover,0,1,0
2025,17,MIN,DET,42,Field goal,3,4,0
2025,17,DET,MIN,66,Turnover,0,4,1
2025,17,MIN,DET,40,Punt,0,3,0
2025,17,DET,MIN,84,Punt,0,6,1
2025,17,MIN,DET,99,Punt,0,3,0
2025,17,DET,MIN,55,Field goal,3,7,2
2025,17,MIN,DET,65,Touchdown,7,2,1
2025,17,DET,MIN,65,Turnover,0,4,1
2025,17,MIN,DET,45,Field goal,3,7,1
2025,17,DET,MIN,65,End of half,0,4,2
2025,17,HOU,LAC,84,Touchdown,7,3,1
2025,17,LAC,HOU,65,Punt,0,3,0
2025,17,HOU,LAC,72,Touchdown,7,4,3
2025,17,LAC,HOU,74,Punt,0,6,1
2025,17,HOU,LAC,79,Punt,0,6,1
2025,17,LAC,HOU,82,Punt,0,3,0
2025,17,HOU,LAC,83,Punt,0,8,2
2025,17,LAC,HOU,92,Punt,0,3,0
2025,17,HOU,LAC,64,Turnover,0,3,0
2025,17,LAC,HOU,37,Field goal,3,6,1
2025,17,HOU,LAC,77,Punt,0,5,1
2025,17,LAC,HOU,87,Turnover,0,5,2
2025,17,HOU,LAC,99,Turnover,0,4,1
2025,17,LAC,HOU,32,Missed field goal,0,5,2
2025,17,HOU,LAC,78,End of half,0,1,0
2025,17,LAC,HOU,65,Punt,0,3,0
2025,17,HOU,LAC,85,Punt,0,3,0
2025,17,LAC,HOU,70,Punt,0,3,0
2025,17,HOU,LAC,47,Field goal,3,7,1
2025,17,LAC,HOU,64,Touchdown,7,11,4
2025,17,HOU,LAC,75,Punt,0,5,1
2025,17,LAC,HOU,98,Punt,0,6,1
2025,17,HOU,LAC,55,Field goal,3,7,2
2025,17,LAC,HOU,75,Touchdown,7,7,5
2025,17,HOU,LAC,74,End of half,0,8,3
2025,17,IND,JAX,44,Field goal,3,8,2
2025,17,JAX,IND,82,Turnover,0,8,3
2025,17,IND,JAX,83,Touchdown,7,15,7
2025,17,JAX,IND,69,Touchdown,7,12,5
2025,17,IND,JAX,76,Punt,0,4,1
2025,17,JAX,IND,68,Punt,0,4,1
2025,17,IND,JAX,90,Punt,0,3,0
2025,17,JAX,IND,60,Turnover,0,5,2
2025,17,IND,JAX,80,End of half,0,1,0
2025,17,JAX,IND,64,Punt,0,3,0
2025,17,IND,JAX,80,Punt,0,5,1
2025,17,JAX,IND,81,Touchdown,7,8,4
2025,17,IND,JAX,39,Touchdown,7,5,3
2025,17,JAX,IND,67,Field goal,3,10,3
2025,17,IND,JAX,65,Punt,0,3,0
2025,17,JAX,IND,70,Turnover on downs,0,9,2
2025,17,IND,JAX,76,Turnover,0,3,0
2025,17,JAX,IND,21,Field goal,3,4,0
2025,17,IND,JAX,65,Turnover on downs,0,6,1
2025,17,JAX,IND,48,Field goal,3,8,1
2025,17,IND,JAX,65,Turnover,0,3,1
2025,17,ATL,LA,73,Punt,0,3,0
2025,17,LA,ATL,94,Punt,0,3,0
2025,17,ATL,LA,65,Touchdown,7,11,4
2025,17,LA,ATL,65,Turnover on downs,0,11,3
2025,17,ATL,LA,87,Punt,0,10,3
2025,17,LA,ATL,88,Opp touchdown,0,3,0
2025,17,LA,ATL,75,Punt,0,6,1
2025,17,ATL,LA,99,Punt,0,3,0
2025,17,LA,ATL,53,Turnover,0,1,0
2025,17,ATL,LA,93,Touchdown,7,1,1
2025,17,LA,ATL,74,End of half,0,4,1
2025,17,LA,ATL,55,Field goal,3,8,1
2025,17,ATL,LA,68,Field goal,3,5,1
2025,17,LA,ATL,65,Touchdown,7,6,3
2025,17,ATL,LA,74,Opp touchdown,0,7,3
2025,17,ATL,LA,74,Punt,0,4,1
2025,17,LA,ATL,80,Turnover,0,8,2
2025,17,ATL,LA,58,Punt,0,3,0
2025,17,LA,ATL,89,Touchdown,7,8,5
2025,17,ATL,LA,65,Field goal,3,9,2
2025,17,LA,ATL,65,Turnover on downs,0,4,0
2025,17,NE,NYJ,61,Touchdown,7,7,4
2025,17,NYJ,NE,71,Punt,0,3,0
2025,17,NE,NYJ,85,Touchdown,7,7,6
2025,17,NYJ,NE,64,Turnover,0,3,0
2025,17,NE,NYJ,66,Touchdown,7,7,3
2025,17,NYJ,NE,70,Field goal,3,9,3
2025,17,NE,NYJ,74,Touchdown,7,11,5
2025,17,NYJ,NE,65,Punt,0,3,0
2025,17,NE,NYJ,91,Touchdown,7,10,5
2025,17,NYJ,NE,65,End of half,0,3,0
2025,17,NYJ,NE,65,Turnover on downs,0,8,1
2025,17,NE,NYJ,47,Touchdown,7,6,3
2025,17,NYJ,NE,72,Turnover on downs,0,6,2
2025,17,NE,NYJ,66,Missed field goal,0,7,2
2025,17,NYJ,NE,69,Touchdown,7,4,2
2025,17,NE,NYJ,73,Punt,0,3,0
2025,17,NYJ,NE,78,Turnover on downs,0,15,4
2025,17,NE,NYJ,91,Punt,0,3,0
2025,17,NYJ,NE,58,Turnover on downs,0,10,2
2025,17,NE,NYJ,83,End of half,0,2,0
2025,17,TEN,NO,65,Punt,0,5,1
2025,17,NO,TEN,80,Punt,0,3,0
2025,17,TEN,NO,35,Field goal,3,4,0
2025,17,NO,TEN,65,Missed field goal,0,5,1
2025,17,TEN,NO,67,Field goal,3,7,1
2025,17,NO,TEN,80,Punt,0,3,0
2025,17,TEN,NO,64,Touchdown,7,7,2
2025,17,NO,TEN,82,Field goal,3,12,3
2025,17,TEN,NO,76,Opp touchdown,0,3,1
2025,17,TEN,NO,80,Touchdown,7,9,4
2025,17,NO,TEN,80,End of half,0,1,0
2025,17,NO,TEN,74,Touchdown,7,9,4
2025,17,TEN,NO,65,Field goal,3,6,2
2025,17,NO,TEN,66,Field goal,3,8,2
2025,17,TEN,NO,65,Field goal,3,10,2
2025,17,NO,TEN,73,Turnover,0,3,1
2025,17,TEN,NO,80,Punt,0,5,1
2025,17,NO,TEN,80,Touchdown,7,4,3
2025,17,TEN,NO,65,Punt,0,3,0
2025,17,NO,TEN,64,Touchdown,7,4,2
2025,17,TEN,NO,65,Turnover on downs,0,8,2
2025,17,NO,TEN,62,Punt,0,3,0
2025,17,TEN,NO,69,End of half,0,9,2
2025,17,NYG,LV,78,Punt,0,8,2
2025,17,LV,NYG,84,Punt,0,3,0
2025,17,NYG,LV,73,Punt,0,3,0
2025,17,LV,NYG,76,Turnover,0,10,3
2025,17,NYG,LV,44,Touchdown,7,5,3
2025,17,LV,NYG,59,Field goal,3,9,3
2025,17,NYG,LV,65,Touchdown,7,8,4
2025,17,LV,NYG,65,Punt,0,3,0
2025,17,NYG,LV,85,Field goal,3,12,4
2025,17,LV,NYG,76,Punt,0,4,1
2025,17,NYG,LV,77,Field goal,3,11,4
2025,17,LV,NYG,65,Touchdown,7,14,4
2025,17,LV,NYG,65,Turnover,0,7,2
2025,17,NYG,LV,75,Touchdown,7,15,5
2025,17,LV,NYG,65,Turnover on downs,0,5,1
2025,17,NYG,LV,64,End of half,0,3,0
2025,17,PHI,BUF,72,Punt,0,3,0
2025,17,BUF,PHI,90,Punt,0,8,3
2025,17,PHI,BUF,87,Punt,0,5,1
2025,17,BUF,PHI,74,Turnover,0,4,1
2025,17,PHI,BUF,45,Touchdown,7,7,3
2025,17,BUF,PHI,80,Punt,0,9,2
2025,17,PHI,BUF,77,Field goal,3,13,3
2025,17,BUF,PHI,68,Punt,0,3,0
2025,17,PHI,BUF,71,Field goal,3,10,3
2025,17,BUF,PHI,75,End of half,0,1,0
2025,17,BUF,PHI,80,Punt,0,3,0
2025,17,PHI,BUF,78,Punt,0,5,1
2025,17,BUF,PHI,80,Punt,0,8,3
2025,17,PHI,BUF,84,Punt,0,3,0
2025,17,BUF,PHI,68,Turnover on downs,0,8,2
2025,17,PHI,BUF,99,Punt,0,3,0
2025,17,BUF,PHI,41,Punt,0,5,1
2025,17,PHI,BUF,80,Punt,0,3,0
2025,17,BUF,PHI,54,Touchdown,7,11,4
2025,17,PHI,BUF,70,Punt,0,3,0
2025,17,BUF,PHI,83,Touchdown,7,13,4
2025,17,PHI,BUF,48,End of half,0,1,0
2025,17,CLE,PIT,73,Field goal,3,9,2
2025,17,PIT,CLE,74,Punt,0,3,0
2025,17,CLE,PIT,86,Touchdown,7,6,3
2025,17,PIT,CLE,80,Field goal,3,10,2
2025,17,CLE,PIT,65,Turnover on downs,0,7,2
2025,17,PIT,CLE,66,Punt,0,4,1
2025,17,CLE,PIT,84,Turnover,0,6,2
2025,17,PIT,CLE,31,Turnover on downs,0,4,0
2025,17,CLE,PIT,78,Punt,0,3,0
2025,17,PIT,CLE,78,Field goal,3,10,3
2025,17,PIT,CLE,75,Punt,0,5,1
2025,17,CLE,PIT,86,Punt,0,7,2
2025,17,PIT,CLE,78,Missed field goal,0,13,4
2025,17,CLE,PIT,56,Turnover,0,2,0
2025,17,PIT,CLE,66,Punt,0,4,1
2025,17,CLE,PIT,88,Punt,0,4,0
2025,17,PIT,CLE,57,Punt,0,3,0
2025,17,CLE,PIT,90,Punt,0,3,0
2025,17,PIT,CLE,80,Turnover on downs,0,4,0
2025,17,CLE,PIT,20,Field goal,3,4,0
2025,17,PIT,CLE,65,Turnover on downs,0,8,3
2025,17,CLE,PIT,93,End of half,0,1,0
2025,17,CAR,SEA,65,Punt,0,4,1
2025,17,SEA,CAR,82,Punt,0,6,1
2025,17,CAR,SEA,80,Punt,0,3,0
2025,17,SEA,CAR,70,Field goal,3,9,2
2025,17,CAR,SEA,65,Punt,0,3,0
2025,17,SEA,CAR,84,Punt,0,6,2
2025,17,CAR,SEA,77,Turnover on downs,0,11,3
2025,17,SEA,CAR,59,Turnover,0,3,0
2025,17,CAR,SEA,26,Field goal,3,4,0
2025,17,SEA,CAR,70,Turnover on downs,0,8,2
2025,17,CAR,SEA,61,End of half,0,3,1
2025,17,SEA,CAR,60,Turnover,0,6,2
2025,17,CAR,SEA,80,Turnover,0,1,0
2025,17,SEA,CAR,21,Touchdown,7,6,2
2025,17,CAR,SEA,66,Turnover,0,3,0
2025,17,SEA,CAR,29,Touchdown,7,4,2
2025,17,CAR,SEA,69,Touchdown,7,13,5
2025,17,SEA,CAR,67,Field goal,3,14,4
2025,17,CAR,SEA,73,Turnover on downs,0,4,0
2025,17,SEA,CAR,25,Touchdown,7,5,2
2025,17,CAR,SEA,87,Turnover on downs,0,4,0
2025,17,SEA,CAR,13,End of half,0,1,0
2025,17,MIA,TB,65,Punt,0,3,0
2025,17,TB,MIA,68,Touchdown,7,14,5
2025,17,MIA,TB,65,Touchdown,7,3,1
2025,17,TB,MIA,83,Punt,0,6,2
2025,17,MIA,TB,87,Field goal,3,10,3
2025,17,TB,MIA,72,Turnover,0,4,1
2025,17,MIA,TB,76,Touchdown,7,9,5
2025,17,TB,MIA,70,Missed field goal,0,7,1
2025,17,MIA,TB,55,End of half,0,3,0
2025,17,TB,MIA,65,Punt,0,3,0
2025,17,MIA,TB,69,Punt,0,3,0
2025,17,TB,MIA,65,Field goal,3,13,4
2025,17,MIA,TB,45,Field goal,3,8,2
2025,17,TB,MIA,65,Punt,0,3,0
2025,17,MIA,TB,96,Punt,0,6,1
2025,17,TB,MIA,78,Turnover,0,5,2
2025,17,MIA,TB,74,Punt,0,3,0
2025,17,TB,MIA,68,Turnover,0,7,2
2025,17,MIA,TB,59,Punt,0,6,1
2025,17,TB,MIA,91,Touchdown,7,3,4
2025,17,MIA,TB,47,End of half,0,2,0
2025,18,ARI,LA,77,Turnover,0,3,0
2025,18,LA,ARI,23,Field goal,3,4,0
2025,18,ARI,LA,83,Field goal,3,13,4
2025,18,LA,ARI,72,Field goal,3,13,4
2025,18,ARI,LA,65,Field goal,3,6,1
2025,18,LA,ARI,74,Touchdown,7,18,6
2025,18,ARI,LA,82,Turnover,0,2,1
2025,18,LA,ARI,69,Field goal,3,7,2
2025,18,LA,ARI,67,Punt,0,3,0
2025,18,ARI,LA,73,Touchdown,7,5,2
2025,18,LA,ARI,68,Punt,0,3,0
2025,18,ARI,LA,76,Touchdown,7,10,6
2025,18,LA,ARI,70,Touchdown,7,6,4
2025,18,ARI,LA,80,Punt,0,3,0
2025,18,LA,ARI,66,Touchdown,7,6,3
2025,18,ARI,LA,65,Punt,0,3,0
2025,18,LA,ARI,81,Touchdown,7,12,6
2025,18,ARI,LA,65,Turnover on downs,0,10,3
2025,18,LA,ARI,82,End of half,0,3,0
2025,18,BAL,PIT,85,Touchdown,7,8,3
2025,18,PIT,BAL,63,Punt,0,4,1
2025,18,BAL,PIT,86,Punt,0,7,2
2025,18,PIT,BAL,75,Turnover on downs,0,7,1
2025,18,BAL,PIT,45,Field goal,3,6,1
2025,18,PIT,BAL,75,Field goal,3,8,2
2025,18,BAL,PIT,65,Punt,0,3,0
2025,18,PIT,BAL,83,Punt,0,3,0
2025,18,BAL,PIT,65,Punt,0,5,1
2025,18,PIT,BAL,91,End of half,0,13,6
2025,18,PIT,BAL,67,Touchdown,7,12,5
2025,18,BAL,PIT,66,Turnover,0,3,0
2025,18,PIT,BAL,26,Field goal,3,6,1
2025,18,BAL,PIT,77,Punt,0,5,1
2025,18,PIT,BAL,88,Punt,0,8,2
2025,18,BAL,PIT,71,Touchdown,7,4,2
2025,18,PIT,BAL,60,Touchdown,7,8,3
2025,18,BAL,PIT,73,Touchdown,7,3,1
2025,18,PIT,BAL,65,Touchdown,7,6,3
2025,18,BAL,PIT,53,Missed field goal,0,6,1
2025,18,TB,CAR,74,Touchdown,7,9,5
2025,18,CAR,TB,65,Punt,0,4,1
2025,18,TB,CAR,80,Field goal,3,11,4
2025,18,CAR,TB,65,Punt,0,4,1
2025,18,TB,CAR,94,Turnover,0,6,1
2025,18,CAR,TB,19,Touchdown,7,3,2
2025,18,TB,CAR,85,Punt,0,9,2
2025,18,CAR,TB,84,Turnover,0,6,2
2025,18,TB,CAR,58,Field goal,3,7,2
2025,18,CAR,TB,65,End of half,0,1,0
2025,18,CAR,TB,65,Missed field goal,0,10,2
2025,18,TB,CAR,56,Punt,0,3,0
2025,18,CAR,TB,93,Punt,0,5,2
2025,18,TB,CAR,69,Field goal,3,9,3
2025,18,CAR,TB,65,Turnover,0,6,2
2025,18,TB,CAR,71,Missed field goal,0,10,3
2025,18,CAR,TB,72,Touchdown,7,8,3
2025,18,TB,CAR,71,Punt,0,6,1
2025,18,CAR,TB,97,Turnover,0,3,1
2025,18,CIN,CLE,66,Punt,0,3,0
2025,18,CLE,CIN,95,Turnover,0,5,1
2025,18,CIN,CLE,29,Touchdown,7,4,2
2025,18,CLE,CIN,76,Punt,0,3,0
2025,18,CIN,CLE,70,Opp touchdown,0,9,5
2025,18,CIN,CLE,70,Opp touchdown,0,4,1
2025,18,CIN,CLE,72,Punt,0,6,1
2025,18,CLE,CIN,88,Punt,0,4,1
2025,18,CIN,CLE,78,Punt,0,3,0
2025,18,CLE,CIN,70,Punt,0,3,0
2025,18,CIN,CLE,79,Touchdown,7,9,5
2025,18,CLE,CIN,70,End of half,0,3,0
2025,18,CLE,CIN,65,Field goal,3,12,3
2025,18,CIN,CLE,70,Punt,0,9,2
2025,18,CLE,CIN,91,Punt,0,11,4
2025,18,CIN,CLE,91,Punt,0,12,4
2025,18,CLE,CIN,91,Punt,0,3,0
2025,18,CIN,CLE,61,Touchdown,7,7,4
2025,18,CLE,CIN,71,Field goal,3,10,2
2025,18,NYG,DAL,60,Punt,0,6,1
2025,18,DAL,NYG,99,Turnover,0,5,2
2025,18,NYG,DAL,28,Field goal,3,4,0
2025,18,DAL,NYG,65,Field goal,3,9,4
2025,18,NYG,DAL,61,Field goal,3,8,3
2025,18,DAL,NYG,11,Touchdown,7,2,1
2025,18,NYG,DAL,65,Field goal,3,11,4
2025,18,DAL,NYG,68,Turnover on downs,0,12,4
2025,18,NYG,DAL,96,Touchdown,7,11,5
2025,18,DAL,NYG,81,End of half,0,1,0
2025,18,DAL,NYG,88,Punt,0,3,0
2025,18,NYG,DAL,62,Touchdown,7,6,4
2025,18,DAL,NYG,79,Missed field goal,0,7,1
2025,18,NYG,DAL,53,Turnover,0,4,1
2025,18,DAL,NYG,69,Touchdown,7,10,5
2025,18,NYG,DAL,73,Field goal,3,11,3
2025,18,DAL,NYG,73,Turnover,0,1,0
2025,18,NYG,DAL,33,Touchdown,7,6,3
2025,18,DAL,NYG,74,Punt,0,5,1
2025,18,NYG,DAL,79,Punt,0,6,1
2025,18,DAL,NYG,62,End of half,0,1,0
2025,18,DET,CHI,71,Field goal,3,11,4
2025,18,CHI,DET,74,Punt,0,8,2
2025,18,DET,CHI,78,Field goal,3,16,5
2025,18,CHI,DET,69,Punt,0,3,0
2025,18,DET,CHI,76,Touchdown,7,9,4
2025,18,CHI,DET,69,Turnover on downs,0,9,2
2025,18,DET,CHI,70,Missed field goal,0,6,2
2025,18,CHI,DET,72,Punt,0,3,0
2025,18,DET,CHI,80,Punt,0,4,1
2025,18,CHI,DET,69,Turnover,0,7,2
2025,18,DET,CHI,80,Field goal,3,11,4
2025,18,CHI,DET,65,Touchdown,7,7,3
2025,18,DET,CHI,69,Punt,0,4,1
2025,18,CHI,DET,88,Touchdown,7,12,7
2025,18,DET,CHI,80,Turnover,0,10,3
2025,18,CHI,DET,74,Punt,0,3,0
2025,18,DET,CHI,63,Field goal,3,6,2
2025,18,MIN,GB,71,Field goal,3,8,3
2025,18,GB,MIN,65,Punt,0,3,0
2025,18,MIN,GB,98,Punt,0,4,1
2025,18,GB,MIN,70,Punt,0,4,1
2025,18,MIN,GB,80,Punt,0,5,1
2025,18,GB,MIN,90,Punt,0,3,1
2025,18,MIN,GB,78,Punt,0,3,0
2025,18,GB,MIN,70,Punt,0,6,1
2025,18,MIN,GB,91,Field goal,3,14,5
2025,18,GB,MIN,78,Punt,0,3,0
2025,18,MIN,GB,59,Touchdown,7,9,4
2025,18,GB,MIN,80,End of half,0,1,0
2025,18,GB,MIN,70,Punt,0,7,2
2025,18,MIN,GB,86,Punt,0,5,1
2025,18,GB,MIN,88,Punt,0,8,3
2025,18,MIN,GB,92,Turnover,0,9,4
2025,18,GB,MIN,75,Punt,0,3,0
2025,18,MIN,GB,82,Field goal,3,10,4
2025,18,GB,MIN,61,Field goal,3,13,4
2025,18,HOU,IND,70,Field goal,3,8,2
2025,18,IND,HOU,69,Touchdown,7,3,1
2025,18,HOU,IND,61,Field goal,3,7,2
2025,18,IND,HOU,76,Field goal,3,11,2
2025,18,HOU,IND,82,Touchdown,7,11,6
2025,18,IND,HOU,71,Turnover,0,2,0
2025,18,HOU,IND,2,Touchdown,7,1,1
2025,18,IND,HOU,65,Punt,0,3,0
2025,18,HOU,IND,64,Punt,0,7,2
2025,18,IND,HOU,92,Touchdown,7,8,5
2025,18,HOU,IND,70,Field goal,3,9,3
2025,18,IND,HOU,65,Touchdown,7,4,3
2025,18,HOU,IND,55,Punt,0,3,0
2025,18,IND,HOU,78,Punt,0,3,0
2025,18,HOU,IND,71,Field goal,3,8,3
2025,18,IND,HOU,65,Field goal,3,13,3
2025,18,HOU,IND,69,Punt,0,5,1
2025,18,IND,HOU,92,Turnover,0,5,1
2025,18,HOU,IND,33,Field goal,3,4,0
2025,18,IND,HOU,65,Field goal,3,14,4
2025,18,HOU,IND,65,Field goal,3,7,2
2025,18,IND,HOU,75,Opp touchdown,0,1,0
2025,18,KC,LV,65,Punt,0,3,0
2025,18,LV,KC,58,Turnover,0,2,0
2025,18,KC,LV,46,Punt,0,3,0
2025,18,LV,KC,96,Punt,0,3,0
2025,18,KC,LV,54,Field goal,3,8,2
2025,18,LV,KC,68,Punt,0,6,1
2025,18,KC,LV,90,Punt,0,6,1
2025,18,LV,KC,73,Turnover on downs,0,4,0
2025,18,KC,LV,36,Turnover,0,2,0
2025,18,LV,KC,44,Field goal,3,8,2
2025,18,KC,LV,65,Punt,0,3,0
2025,18,LV,KC,88,Punt,0,5,2
2025,18,KC,LV,91,Turnover,0,3,0
2025,18,LV,KC,18,Field goal,3,4,1
2025,18,KC,LV,65,End of half,0,6,1
2025,18,LV,KC,59,Turnover on downs,0,5,1
2025,18,KC,LV,72,Field goal,3,12,4
2025,18,LV,KC,66,Field goal,3,10,2
2025,18,KC,LV,80,Punt,0,3,0
2025,18,LV,KC,79,Punt,0,3,0
2025,18,KC,LV,73,Punt,0,3,0
2025,18,LV,KC,87,Punt,0,7,2
2025,18,KC,LV,94,Safety,0,3,0
2025,18,KC,LV,21,Field goal,3,4,0
2025,18,LV,KC,74,Punt,0,3,0
2025,18,KC,LV,74,Field goal,3,5,1
2025,18,LV,KC,68,Field goal,3,5,1
2025,18,KC,LV,65,End of half,0,2,1
2025,18,LAC,DEN,72,Punt,0,3,0
2025,18,DEN,LAC,87,Field goal,3,15,6
2025,18,LAC,DEN,65,Opp touchdown,0,3,0
2025,18,LAC,DEN,70,Punt,0,4,1
2025,18,DEN,LAC,80,Punt,0,3,0
2025,18,LAC,DEN,79,Punt,0,3,0
2025,18,DEN,LAC,84,Punt,0,6,1
2025,18,LAC,DEN,73,Punt,0,6,1
2025,18,DEN,LAC,86,Punt,0,6,1
2025,18,LAC,DEN,63,Field goal,3,12,4
2025,18,DEN,LAC,65,End of half,0,1,0
2025,18,DEN,LAC,65,Punt,0,3,0
2025,18,LAC,DEN,88,Punt,0,3,0
2025,18,DEN,LAC,60,Field goal,3,7,2
2025,18,LAC,DEN,69,Punt,0,6,1
2025,18,DEN,LAC,55,Punt,0,3,0
2025,18,LAC,DEN,80,Punt,0,6,1
2025,18,DEN,LAC,81,Punt,0,3,0
2025,18,LAC,DEN,76,Turnover,0,1,0
2025,18,DEN,LAC,20,Field goal,3,4,0
2025,18,LAC,DEN,65,Turnover on downs,0,7,1
2025,18,DEN,LAC,56,Field goal,3,10,3
2025,18,LAC,DEN,65,Turnover on downs,0,16,4
2025,18,DEN,LAC,89,End of half,0,1,0
2025,18,NE,MIA,70,Touchdown,7,3,2
2025,18,MIA,NE,65,Turnover on downs,0,12,3
2025,18,NE,MIA,92,Touchdown,7,9,6
2025,18,MIA,NE,65,Touchdown,7,10,5
2025,18,NE,MIA,65,Punt,0,3,0
2025,18,MIA,NE,89,Punt,0,3,0
2025,18,NE,MIA,69,Turnover on downs,0,4,0
2025,18,MIA,NE,39,Turnover,0,1,0
2025,18,NE,MIA,37,Missed field goal,0,6,1
2025,18,MIA,NE,40,Field goal,3,4,0
2025,18,NE,MIA,68,Field goal,3,4,2
2025,18,MIA,NE,65,Turnover,0,6,3
2025,18,NE,MIA,80,Touchdown,7,7,3
2025,18,MIA,NE,70,Punt,0,6,1
2025,18,NE,MIA,63,Touchdown,7,4,3
2025,18,MIA,NE,74,Punt,0,3,0
2025,18,NE,MIA,51,Touchdown,7,5,3
2025,18,MIA,NE,65,Punt,0,3,0
2025,18,NE,MIA,68,Punt,0,3,0
2025,18,MIA,NE,95,Punt,0,4,1
2025,18,NE,MIA,69,Punt,0,3,0
2025,18,MIA,NE,83,Punt,0,3,0
2025,18,NE,MIA,64,End of half,0,7,2
2025,18,ATL,NO,75,Punt,0,3,0
2025,18,NO,ATL,81,Turnover,0,1,0
2025,18,ATL,NO,39,Turnover,0,8,2
2025,18,NO,ATL,86,Punt,0,3,0
2025,18,ATL,NO,73,Punt,0,4,1
2025,18,NO,ATL,89,Punt,0,3,0
2025,18,ATL,NO,5,Touchdown,7,2,1
2025,18,NO,ATL,74,Missed field goal,0,7,1
2025,18,ATL,NO,53,Field goal,3,8,2
2025,18,NO,ATL,65,Touchdown,7,10,4
2025,18,ATL,NO,68,Punt,0,3,0
2025,18,NO,ATL,80,Punt,0,6,1
2025,18,ATL,NO,82,End of half,0,7,2
2025,18,NO,ATL,60,Punt,0,6,1
2025,18,ATL,NO,74,Field goal,3,6,1
2025,18,NO,ATL,67,Field goal,3,14,3
2025,18,ATL,NO,64,Field goal,3,13,4
2025,18,NO,ATL,75,Punt,0,3,0
2025,18,ATL,NO,76,Punt,0,5,1
2025,18,NO,ATL,75,Turnover,0,7,2
2025,18,ATL,NO,27,Field goal,3,4,0
2025,18,NO,ATL,65,Touchdown,7,7,4
2025,18,ATL,NO,43,End of half,0,2,0
2025,18,BUF,NYJ,80,Touchdown,7,11,6
2025,18,NYJ,BUF,65,Punt,0,3,0
2025,18,BUF,NYJ,68,Turnover on downs,0,5,1
2025,18,NYJ,BUF,67,Punt,0,3,0
2025,18,BUF,NYJ,84,Touchdown,7,13,5
2025,18,NYJ,BUF,69,Turnover on downs,0,7,1
2025,18,BUF,NYJ,51,Touchdown,7,5,3
2025,18,NYJ,BUF,75,Punt,0,13,3
2025,18,BUF,NYJ,98,End of half,0,2,0
2025,18,NYJ,BUF,70,Turnover on downs,0,4,0
2025,18,BUF,NYJ,54,Touchdown,7,11,5
2025,18,NYJ,BUF,64,Punt,0,3,0
2025,18,BUF,NYJ,68,Turnover on downs,0,8,3
2025,18,NYJ,BUF,97,Punt,0,3,0
2025,18,BUF,NYJ,55,Touchdown,7,5,4
2025,18,NYJ,BUF,48,Touchdown,7,10,5
2025,18,BUF,NYJ,77,End of half,0,12,3
2025,18,SEA,SF,70,Turnover on downs,0,12,5
2025,18,SF,SEA,95,Punt,0,3,0
2025,18,SEA,SF,35,Touchdown,7,3,1
2025,18,SF,SEA,65,Punt,0,3,0
2025,18,SEA,SF,82,Missed field goal,0,10,4
2025,18,SF,SEA,63,Turnover on downs,0,6,1
2025,18,SEA,SF,60,Field goal,3,9,2
2025,18,SF,SEA,60,Field goal,3,9,2
2025,18,SEA,SF,65,End of half,0,2,0
2025,18,SF,SEA,88,Punt,0,8,2
2025,18,SEA,SF,63,Punt,0,5,1
2025,18,SF,SEA,91,Punt,0,3,0
2025,18,SEA,SF,68,Field goal,3,11,4
2025,18,SF,SEA,70,Turnover,0,7,4
2025,18,SEA,SF,97,Missed field goal,0,16,6
2025,18,SF,SEA,80,Turnover on downs,0,4,0
2025,18,SEA,SF,24,End of half,0,3,0
2025,18,JAX,TEN,69,Punt,0,3,0
2025,18,TEN,JAX,58,Touchdown,7,5,3
2025,18,JAX,TEN,67,Touchdown,7,7,4
2025,18,TEN,JAX,76,Punt,0,5,1
2025,18,JAX,TEN,80,Punt,0,3,0
2025,18,TEN,JAX,69,Punt,0,3,0
2025,18,JAX,TEN,82,Touchdown,7,5,6
2025,18,TEN,JAX,65,Opp touchdown,0,6,1
2025,18,TEN,JAX,65,Punt,0,3,0
2025,18,JAX,TEN,86,Touchdown,7,9,4
2025,18,TEN,JAX,65,Turnover on downs,0,6,1
2025,18,JAX,TEN,49,Field goal,3,1,0
2025,18,TEN,JAX,65,Punt,0,3,0
2025,18,JAX,TEN,79,Punt,0,9,3
2025,18,TEN,JAX,85,Punt,0,3,0
2025,18,JAX,TEN,75,Field goal,3,10,3
2025,18,TEN,JAX,65,Turnover on downs,0,7,1
2025,18,JAX,TEN,51,Touchdown,7,10,4
2025,18,TEN,JAX,65,Missed field goal,0,13,3
2025,18,JAX,TEN,58,End of half,0,3,0
2025,18,PHI,WAS,68,Punt,0,4,1
2025,18,WAS,PHI,85,Missed field goal,0,17,6
2025,18,PHI,WAS,80,Touchdown,7,9,4
2025,18,WAS,PHI,65,Touchdown,7,8,4
2025,18,PHI,WAS,65,Turnover on downs,0,8,2
2025,18,WAS,PHI,94,Turnover,0,5,1
2025,18,PHI,WAS,22,Turnover,0,4,1
2025,18,WAS,PHI,71,Field goal,3,5,2
2025,18,WAS,PHI,74,Punt,0,3,0
2025,18,PHI,WAS,91,Punt,0,5,1
2025,18,WAS,PHI,67,Turnover,0,2,1
2025,18,PHI,WAS,28,Touchdown,7,8,3
2025,18,WAS,PHI,65,Punt,0,3,0
2025,18,PHI,WAS,73,Field goal,3,10,4
2025,18,WAS,PHI,65,Touchdown,7,9,6
2025,18,PHI,WAS,65,Punt,0,3,0
2025,18,WAS,PHI,77,Touchdown,7,9,5
2025,18,PHI,WAS,65,Turnover on downs,0,8,2
2025,18,WAS,PHI,69,Punt,0,3,0
2025,18,PHI,WAS,72,Turnover on downs,0,4,0
2025,18,WAS,PHI,21,End of half,0,1,0
2025,19,JAX,BUF,66,Punt,0,3,0
2025,19,BUF,JAX,94,Punt,0,8,2
2025,19,JAX,BUF,80,Turnover,0,5,1
2025,19,BUF,JAX,33,Field goal,3,4,0
2025,19,JAX,BUF,65,Touchdown,7,7,5
2025,19,JAX,BUF,36,Turnover on downs,0,6,1
2025,19,BUF,JAX,92,Touchdown,7,10,5
2025,19,JAX,BUF,74,Punt,0,3,0
2025,19,BUF,JAX,72,Punt,0,8,2
2025,19,JAX,BUF,97,Missed field goal,0,4,2
2025,19,BUF,JAX,74,Field goal,3,11,3
2025,19,JAX,BUF,65,Field goal,3,6,2
2025,19,BUF,JAX,69,Punt,0,3,0
2025,19,JAX,BUF,62,Touchdown,7,11,4
2025,19,BUF,JAX,65,Touchdown,7,9,4
2025,19,JAX,BUF,77,Touchdown,7,10,5
2025,19,BUF,JAX,66,Touchdown,7,9,4
2025,19,JAX,BUF,77,Turnover,0,1,0
2025,19,BUF,JAX,35,End of half,0,2,0
2025,19,CHI,GB,68,Field goal,3,16,4
2025,19,GB,CHI,85,Touchdown,7,9,4
2025,19,CHI,GB,70,Turnover,0,8,1
2025,19,GB,CHI,87,Touchdown,7,10,4
2025,19,CHI,GB,73,Turnover on downs,0,4,0
2025,19,GB,CHI,32,Touchdown,7,8,2
2025,19,CHI,GB,65,Turnover on downs,0,5,1
2025,19,GB,CHI,63,Missed field goal,0,6,2
2025,19,GB,CHI,80,Punt,0,3,0
2025,19,CHI,GB,63,Field goal,3,8,2
2025,19,GB,CHI,63,Punt,0,3,0
2025,19,CHI,GB,82,Turnover,0,9,4
2025,19,GB,CHI,91,Punt,0,5,1
2025,19,CHI,GB,35,Field goal,3,7,1
2025,19,GB,CHI,60,Punt,0,3,0
2025,19,CHI,GB,66,Touchdown,7,7,4
2025,19,GB,CHI,54,Touchdown,7,6,3
2025,19,CHI,GB,76,Touchdown,7,10,4
2025,19,GB,CHI,69,Missed field goal,0,8,2
2025,19,CHI,GB,66,Touchdown,7,6,3
2025,19,GB,CHI,72,End of half,0,11,3
2025,19,PIT,HOU,80,Punt,0,5,2
2025,19,HOU,PIT,90,Punt,0,6,1
2025,19,PIT,HOU,72,Field goal,3,7,3
2025,19,HOU,PIT,74,Turnover,0,7,2
2025,19,PIT,HOU,56,Punt,0,3,0
2025,19,HOU,PIT,92,Touchdown,7,14,6
2025,19,PIT,HOU,62,Punt,0,3,0
2025,19,HOU,PIT,81,Turnover,0,2,0
2025,19,PIT,HOU,21,Field goal,3,8,1
2025,19,HOU,PIT,80,Punt,0,9,2
2025,19,HOU,PIT,75,Turnover,0,8,4
2025,19,PIT,HOU,96,Punt,0,8,2
2025,19,HOU,PIT,70,Punt,0,3,0
2025,19,PIT,HOU,76,Punt,0,4,1
2025,19,HOU,PIT,77,Field goal,3,7,1
2025,19,PIT,HOU,69,Opp touchdown,0,4,1
2025,19,PIT,HOU,67,Punt,0,6,1
2025,19,HOU,PIT,87,Touchdown,7,11,5
2025,19,PIT,HOU,71,Opp touchdown,0,4,0
2025,19,PIT,HOU,65,End of half,0,6,2
2025,19,NE,LAC,69,Punt,0,5,1
2025,19,LAC,NE,80,Punt,0,6,2
2025,19,NE,LAC,92,Turnover,0,2,0
2025,19,LAC,NE,10,Turnover on downs,0,4,0
2025,19,NE,LAC,98,Field goal,3,14,4
2025,19,LAC,NE,72,Field goal,3,11,4
2025,19,NE,LAC,73,Punt,0,7,2
2025,19,LAC,NE,92,Punt,0,8,2
2025,19,NE,LAC,54,Field goal,3,5,1
2025,19,LAC,NE,68,Punt,0,3,0
2025,19,NE,LAC,81,Turnover,0,11,4
2025,19,LAC,NE,77,Punt,0,4,1
2025,19,NE,LAC,85,Field goal,3,8,2
2025,19,LAC,NE,81,Punt,0,6,2
2025,19,NE,LAC,80,Touchdown,7,7,4
2025,19,LAC,NE,64,Turnover,0,4,2
2025,19,NE,LAC,45,Punt,0,3,0
2025,19,LAC,NE,88,Turnover on downs,0,14,4
2025,19,NE,LAC,57,End of half,0,5,1
2025,19,CAR,LA,64,Turnover on downs,0,4,0
2025,19,LA,CAR,45,Touchdown,7,4,3
2025,19,CAR,LA,80,Punt,0,5,1
2025,19,LA,CAR,93,Punt,0,5,1
2025,19,CAR,LA,81,Turnover,0,8,3
2025,19,LA,CAR,48,Touchdown,7,7,3
2025,19,CAR,LA,65,Touchdown,7,7,5
2025,19,LA,CAR,65,Field goal,3,6,1
2025,19,CAR,LA,76,Punt,0,3,0
2025,19,LA,CAR,88,Punt,0,3,0
2025,19,LA,CAR,41,Turnover on downs,0,6,1
2025,19,CAR,LA,81,Touchdown,7,5,3
2025,19,LA,CAR,60,Punt,0,4,1
2025,19,CAR,LA,83,End of half,0,1,0
2025,19,LA,CAR,65,Punt,0,3,0
2025,19,CAR,LA,87,Field goal,3,13,4
2025,19,LA,CAR,70,Field goal,3,9,2
2025,19,CAR,LA,54,Turnover on downs,0,4,0
2025,19,LA,CAR,52,Turnover,0,3,0
2025,19,CAR,LA,62,Touchdown,7,4,3
2025,19,LA,CAR,67,Touchdown,7,11,4
2025,19,CAR,LA,65,Punt,0,3,0
2025,19,LA,CAR,81,Punt,0,5,1
2025,19,CAR,LA,30,Touchdown,7,4,2
2025,19,LA,CAR,71,Touchdown,7,7,4
2025,19,CAR,LA,72,Turnover on downs,0,4,0
2025,19,LA,CAR,28,End of half,0,1,0
2025,19,SF,PHI,76,Touchdown,7,6,3
2025,19,PHI,SF,63,Touchdown,7,10,4
2025,19,SF,PHI,74,Punt,0,3,0
2025,19,PHI,SF,68,Turnover on downs,0,7,1
2025,19,SF,PHI,52,Punt,0,3,0
2025,19,PHI,SF,94,Touchdown,7,16,6
2025,19,SF,PHI,77,Field goal,3,6,1
2025,19,PHI,SF,65,Punt,0,3,0
2025,19,SF,PHI,77,End of half,0,9,3
2025,19,PHI,SF,70,Punt,0,3,0
2025,19,SF,PHI,95,Turnover,0,8,3
2025,19,PHI,SF,52,Punt,0,4,0
2025,19,SF,PHI,80,Punt,0,3,0
2025,19,PHI,SF,46,Field goal,3,10,2
2025,19,SF,PHI,67,Touchdown,7,5,3
2025,19,PHI,SF,65,Punt,0,3,0
2025,19,SF,PHI,69,Turnover,0,3,1
2025,19,PHI,SF,62,Field goal,3,8,3
2025,19,SF,PHI,66,Touchdown,7,10,6
2025,19,PHI,SF,65,Turnover on downs,0,10,3
2025,19,SF,PHI,79,End of half,0,3,0
2025,20,DEN,BUF,74,Field goal,3,14,4
2025,20,BUF,DEN,67,Touchdown,7,12,6
2025,20,DEN,BUF,80,Punt,0,3,0
2025,20,BUF,DEN,63,Turnover,0,3,1
2025,20,DEN,BUF,69,Touchdown,7,8,4
2025,20,BUF,DEN,83,Field goal,3,13,4
2025,20,DEN,BUF,70,Touchdown,7,11,4
2025,20,BUF,DEN,70,Turnover,0,1,0
2025,20,DEN,BUF,32,Field goal,3,1,0
2025,20,BUF,DEN,75,Turnover,0,2,0
2025,20,DEN,BUF,17,Field goal,3,4,0
2025,20,BUF,DEN,73,Touchdown,7,9,4
2025,20,DEN,BUF,65,Turnover,0,3,0
2025,20,BUF,DEN,36,Turnover,0,2,0
2025,20,DEN,BUF,62,Punt,0,6,1
2025,20,BUF,DEN,85,Touchdown,7,9,4
2025,20,DEN,BUF,68,Punt,0,3,0
2025,20,BUF,DEN,80,Field goal,3,13,5
2025,20,DEN,BUF,73,Touchdown,7,8,4
2025,20,BUF,DEN,73,Field goal,3,8,2
2025,20,DEN,BUF,84,End of half,0,1,0
2025,20,DEN,BUF,72,Punt,0,4,1
2025,20,BUF,DEN,93,Turnover,0,9,2
2025,20,DEN,BUF,80,Field goal,3,6,4
2025,20,NE,HOU,65,Punt,0,3,0
2025,20,HOU,NE,74,Punt,0,3,0
2025,20,NE,HOU,66,Touchdown,7,6,2
2025,20,HOU,NE,71,Field goal,3,10,3
2025,20,NE,HOU,78,Punt,0,3,0
2025,20,HOU,NE,47,Turnover,0,5,1
2025,20,NE,HOU,82,Turnover,0,2,0
2025,20,HOU,NE,27,Touchdown,7,6,2
2025,20,NE,HOU,73,Punt,0,6,1
2025,20,HOU,NE,75,Opp touchdown,0,1,0
2025,20,HOU,NE,74,Turnover,0,4,1
2025,20,NE,HOU,48,Punt,0,3,0
2025,20,HOU,NE,91,Punt,0,3,0
2025,20,NE,HOU,56,Touchdown,7,5,3
2025,20,HOU,NE,76,Turnover,0,4,2
2025,20,NE,HOU,52,Punt,0,3,0
2025,20,HOU,NE,90,Punt,0,3,0
2025,20,NE,HOU,45,Turnover,0,4,0
2025,20,HOU,NE,65,Field goal,3,11,3
2025,20,NE,HOU,69,Turnover,0,3,0
2025,20,HOU,NE,33,Turnover,0,5,1
2025,20,NE,HOU,88,Punt,0,3,0
2025,20,HOU,NE,59,Field goal,3,6,1
2025,20,NE,HOU,71,Touchdown,7,6,3
2025,20,HOU,NE,77,Punt,0,3,0
2025,20,NE,HOU,96,Punt,0,10,3
2025,20,HOU,NE,86,Punt,0,6,1
2025,20,NE,HOU,72,Punt,0,5,1
2025,20,HOU,NE,72,Turnover on downs,0,5,1
2025,20,NE,HOU,47,End of half,0,2,0
2025,20,CHI,LA,63,Turnover,0,5,1
2025,20,LA,CHI,85,Touchdown,7,14,6
2025,20,CHI,LA,80,Touchdown,7,12,5
2025,20,LA,CHI,65,Punt,0,3,0
2025,20,CHI,LA,80,Punt,0,3,0
2025,20,LA,CHI,76,Punt,0,6,1
2025,20,CHI,LA,82,Turnover on downs,0,9,2
2025,20,LA,CHI,68,Punt,0,4,1
2025,20,CHI,LA,62,Field goal,3,5,1
2025,20,LA,CHI,80,Field goal,3,8,3
2025,20,LA,CHI,74,Punt,0,5,1
2025,20,CHI,LA,96,Punt,0,9,2
2025,20,LA,CHI,76,Punt,0,3,0
2025,20,CHI,LA,77,Turnover,0,4,1
2025,20,CHI,LA,80,Punt,0,6,1
2025,20,LA,CHI,91,Touchdown,7,14,6
2025,20,CHI,LA,63,Turnover on downs,0,12,4
2025,20,LA,CHI,98,Punt,0,5,1
2025,20,LA,CHI,73,End of half,0,1,0
2025,20,LA,CHI,73,Punt,0,3,0
2025,20,CHI,LA,84,Turnover,0,10,3
2025,20,LA,CHI,78,Field goal,3,10,3
2025,20,SF,SEA,60,Turnover on downs,0,7,1
2025,20,SEA,SF,57,Field goal,3,11,3
2025,20,SF,SEA,72,Turnover,0,2,0
2025,20,SEA,SF,42,Touchdown,7,5,3
2025,20,SF,SEA,65,Field goal,3,10,3
2025,20,SEA,SF,63,Punt,0,3,0
2025,20,SF,SEA,95,Field goal,3,10,4
2025,20,SEA,SF,80,Touchdown,7,10,5
2025,20,SF,SEA,70,End of half,0,4,1
2025,20,SF,SEA,72,Turnover on downs,0,7,1
2025,20,SEA,SF,42,Field goal,3,8,2
2025,20,SF,SEA,69,Turnover,0,2,1
2025,20,SEA,SF,47,Touchdown,7,6,3
2025,20,SF,SEA,69,Turnover on downs,0,4,0
2025,20,SEA,SF,37,Touchdown,7,5,3
2025,20,SF,SEA,65,Turnover,0,7,2
2025,20,SEA,SF,59,Punt,0,3,0
2025,20,SF,SEA,81,Punt,0,6,1
2025,20,SEA,SF,86,Punt,0,3,0
2025,20,SF,SEA,79,End of half,0,3,1
2025,21,LA,SEA,69,Punt,0,3,0
2025,21,SEA,LA,81,Touchdown,7,7,3
2025,21,LA,SEA,73,Field goal,3,6,1
2025,21,SEA,LA,65,Field goal,3,12,4
2025,21,LA,SEA,65,Field goal,3,8,2
2025,21,SEA,LA,65,Punt,0,4,1
2025,21,LA,SEA,87,Touchdown,7,12,6
2025,21,SEA,LA,65,Punt,0,3,0
2025,21,LA,SEA,72,Punt,0,3,0
2025,21,SEA,LA,74,Touchdown,7,6,4
2025,21,LA,SEA,71,End of half,0,2,2
2025,21,SEA,LA,80,Punt,0,5,1
2025,21,SEA,LA,17,Touchdown,7,1,1
2025,21,LA,SEA,75,Touchdown,7,4,3
2025,21,SEA,LA,65,Touchdown,7,9,4
2025,21,LA,SEA,87,Touchdown,7,5,4
2025,21,SEA,LA,73,Punt,0,8,2
2025,21,LA,SEA,90,Turnover on downs,0,14,6
2025,21,SEA,LA,94,Punt,0,11,4
2025,21,LA,SEA,93,End of half,0,3,2
2025,21,DEN,NE,65,Punt,0,3,0
2025,21,NE,DEN,92,Punt,0,3,0
2025,21,DEN,NE,59,Touchdown,7,5,2
2025,21,NE,DEN,67,Punt,0,6,1
2025,21,DEN,NE,77,Punt,0,7,2
2025,21,NE,DEN,80,Punt,0,3,0
2025,21,DEN,NE,57,Turnover on downs,0,11,3
2025,21,NE,DEN,86,Punt,0,6,1
2025,21,DEN,NE,83,Turnover,0,6,1
2025,21,NE,DEN,12,Touchdown,7,2,1
2025,21,DEN,NE,65,Punt,0,5,1
2025,21,NE,DEN,90,Punt,0,3,0
2025,21,DEN,NE,51,Missed field goal,0,5,1
2025,21,NE,DEN,56,Missed field goal,0,4,1
2025,21,NE,DEN,69,Field goal,3,16,4
2025,21,DEN,NE,77,Punt,0,3,0
2025,21,NE,DEN,79,Missed field goal,0,8,2
2025,21,DEN,NE,63,Punt,0,3,0
2025,21,NE,DEN,80,Punt,0,4,1
2025,21,DEN,NE,70,Punt,0,6,1
2025,21,NE,DEN,92,Punt,0,3,0
2025,21,DEN,NE,33,Missed field goal,0,4,0
2025,21,NE,DEN,64,Punt,0,3,0
2025,21,DEN,NE,68,Turnover,0,2,0
2025,21,NE,DEN,64,End of half,0,6,1
2025,22,SEA,NE,65,Field goal,3,8,3
2025,22,NE,SEA,72,Punt,0,8,2
2025,22,SEA,NE,90,Punt,0,3,0
2025,22,NE,SEA,64,Punt,0,4,1
2025,22,SEA,NE,87,Punt,0,6,1
2025,22,NE,SEA,68,Punt,0,3,0
2025,22,SEA,NE,76,Field goal,3,8,2
2025,22,NE,SEA,65,Punt,0,3,0
2025,22,SEA,NE,71,Punt,0,8,2
2025,22,NE,SEA,98,Punt,0,6,1
2025,22,SEA,NE,57,Field goal,3,9,2
2025,22,NE,SEA,71,End of half,0,1,0
2025,22,NE,SEA,68,Punt,0,3,0
2025,22,SEA,NE,91,Field goal,3,10,4
2025,22,NE,SEA,68,Punt,0,3,0
2025,22,SEA,NE,82,Punt,0,3,0
2025,22,NE,SEA,73,Punt,0,3,0
2025,22,SEA,NE,79,Punt,0,3,0
2025,22,NE,SEA,73,Turnover,0,5,1
2025,22,SEA,NE,37,Touchdown,7,5,3
2025,22,NE,SEA,65,Touchdown,7,3,2
2025,22,SEA,NE,69,Punt,0,4,1
2025,22,NE,SEA,96,Turnover,0,7,2
2025,22,SEA,NE,38,Field goal,3,6,2
2025,22,NE,SEA,62,Opp touchdown,0,4,1
2025,22,NE,SEA,65,Touchdown,7,8,4
2025,22,SEA,NE,46,Punt,0,3,0
2025,22,NE,SEA,94,End of half,0,6,4
