season,week,offense,defense,drive,down,togo,yardline,margin,seconds,grouping,shell,box,playType,yards,firstDown,touchdown,turnover
2022,1,NYJ,BAL,1,4,15,64,0,3533,,,,punt,0,0,0,0
2022,1,BAL,NYJ,2,4,1,51,0,3296,,,,punt,0,0,0,0
2022,1,NYJ,BAL,3,4,9,82,0,3132,,,,punt,0,0,0,0
2022,1,BAL,NYJ,4,4,9,65,0,3068,,,,punt,0,0,0,0
2022,1,BAL,NYJ,6,4,3,6,0,2899,,,,field_goal,0,0,0,0
2022,1,NYJ,BAL,7,4,1,66,-3,2820,,,,punt,0,0,0,0
2022,1,BAL,NYJ,8,4,5,68,3,2696,,,,punt,0,0,0,0
2022,1,NYJ,BAL,9,4,4,27,-3,2455,,,,field_goal,0,0,0,0
2022,1,BAL,NYJ,10,4,12,51,3,2288,,,,punt,0,0,0,0
2022,1,NYJ,BAL,11,4,17,71,-3,2090,,,,punt,0,0,0,0
2022,1,NYJ,BAL,13,4,5,27,-10,1828,,,,field_goal,0,0,0,0
2022,1,BAL,NYJ,15,4,9,64,7,1665,,,,punt,0,0,0,0
2022,1,NYJ,BAL,16,4,6,76,-7,1530,,,,punt,0,0,0,0
2022,1,NYJ,BAL,18,4,2,61,-14,1188,,,,punt,0,0,0,0
2022,1,BAL,NYJ,21,4,6,62,21,615,,,,punt,0,0,0,0
2022,1,NYJ,BAL,22,4,1,28,-21,452,11,nickel,8,pass,7,1,0,0
2022,1,NYJ,BAL,22,4,3,14,-21,317,11,dime,5,pass,4,1,0,0
2022,1,NYJ,BAL,22,4,6,6,-21,262,11,dime,5,pass,0,0,0,0
2022,1,NYJ,BAL,24,4,15,22,-21,78,11,dime,4,pass,19,1,0,0
2022,1,LA,BUF,2,4,8,45,-7,3014,,,,punt,0,0,0,0
2022,1,LA,BUF,4,4,3,69,-7,2660,,,,punt,0,0,0,0
2022,1,BUF,LA,7,4,4,23,7,2331,,,,field_goal,0,0,0,0
2022,1,LA,BUF,8,4,2,28,-10,2094,11,nickel,7,pass,3,1,0,0
2022,1,LA,BUF,11,4,11,90,0,1688,,,,punt,0,0,0,0
2022,1,LA,BUF,13,4,18,50,-7,1218,,,,punt,0,0,0,0
2022,1,LA,BUF,17,4,1,67,-21,503,11,nickel,7,run,1,1,0,0
2022,1,LA,BUF,19,4,14,16,-21,47,11,nickel,4,pass,0,0,0,0
2022,1,CAR,CLE,1,4,11,79,0,3518,,,,punt,0,0,0,0
2022,1,CLE,CAR,2,4,3,36,0,3260,12,nickel,6,pass,0,0,0,0
2022,1,CAR,CLE,3,4,14,68,0,3112,,,,punt,0,0,0,0
2022,1,CLE,CAR,4,4,8,41,0,2821,,,,punt,0,0,0,0
2022,1,CAR,CLE,5,4,22,92,0,2700,,,,punt,0,0,0,0
2022,1,CLE,CAR,6,4,8,54,0,2641,,,,punt,0,0,0,0
2022,1,CAR,CLE,9,4,7,72,-7,2371,,,,punt,0,0,0,0
2022,1,CLE,CAR,12,4,8,8,7,1824,,,,field_goal,0,0,0,0
2022,1,CLE,CAR,14,4,1,52,10,1601,11,nickel,8,run,2,1,0,0
2022,1,CLE,CAR,14,4,11,16,10,1366,,,,field_goal,0,0,0,0
2022,1,CAR,CLE,15,4,17,79,-13,1178,,,,punt,0,0,0,0
2022,1,CLE,CAR,16,4,7,64,13,1064,,,,punt,0,0,0,0
2022,1,CLE,CAR,18,4,5,18,6,377,,,,field_goal,0,0,0,0
2022,1,CLE,CAR,20,4,9,56,2,141,,,,punt,0,0,0,0
2022,1,CAR,CLE,21,4,12,16,-2,77,,,,field_goal,0,0,0,0
2022,1,CLE,CAR,22,4,1,40,-1,13,,,,field_goal,0,0,0,0
2022,1,DEN,SEA,2,4,4,12,-7,3119,,,,field_goal,0,0,0,0
2022,1,SEA,DEN,3,4,1,7,4,2880,12,base,8,run,0,0,0,0
2022,1,DEN,SEA,4,4,12,55,-4,2603,,,,punt,0,0,0,0
2022,1,SEA,DEN,5,4,20,31,4,2245,,,,field_goal,0,0,0,0
2022,1,DEN,SEA,8,4,8,22,-7,1804,,,,field_goal,0,0,0,0
2022,1,DEN,SEA,9,4,1,1,-4,1362,12,nickel,7,run,-1,0,0,1
2022,1,SEA,DEN,12,4,16,64,4,781,,,,punt,0,0,0,0
2022,1,DEN,SEA,13,4,8,8,-4,376,,,,field_goal,0,0,0,0
2022,1,SEA,DEN,14,4,16,76,1,251,,,,punt,0,0,0,0
2022,1,DEN,SEA,15,4,5,46,-1,20,,,,field_goal,0,0,0,0
2022,1,MIN,GB,1,4,1,5,0,3261,11,nickel,7,pass,5,1,1,0
2022,1,GB,MIN,2,4,7,62,-7,3155,,,,punt,0,0,0,0
2022,1,MIN,GB,3,4,15,90,7,3038,,,,punt,0,0,0,0
2022,1,GB,MIN,4,4,16,48,-7,2818,,,,punt,0,0,0,0
2022,1,MIN,GB,5,4,2,65,7,2657,,,,punt,0,0,0,0
2022,1,GB,MIN,6,4,1,1,-7,2283,11,nickel,6,run,0,0,0,0
2022,1,MIN,GB,7,4,7,10,7,2037,,,,field_goal,0,0,0,0
2022,1,GB,MIN,8,4,7,72,-10,1990,,,,punt,0,0,0,0
2022,1,MIN,GB,11,4,9,69,17,1813,,,,punt,0,0,0,0
2022,1,MIN,GB,14,4,15,38,17,1491,,,,field_goal,0,0,0,0
2022,1,MIN,GB,16,4,2,55,13,981,,,,punt,0,0,0,0
2022,1,GB,MIN,17,4,17,62,-13,718,,,,punt,0,0,0,0
2022,1,MIN,GB,18,4,10,10,13,412,,,,field_goal,0,0,0,0
2022,1,GB,MIN,19,4,1,18,-16,230,11,nickel,6,pass,0,0,0,0
2022,1,MIN,GB,20,4,7,48,16,68,,,,punt,0,0,0,0
2022,1,IND,HOU,1,4,1,66,0,3497,,,,punt,0,0,0,0
2022,1,HOU,IND,2,4,2,70,0,3426,,,,punt,0,0,0,0
2022,1,IND,HOU,3,4,2,27,0,3018,,,,field_goal,0,0,0,0
2022,1,HOU,IND,4,4,5,70,-3,2937,,,,punt,0,0,0,0
2022,1,IND,HOU,5,4,2,2,3,2654,21,base,7,run,-2,0,0,0
2022,1,HOU,IND,6,4,8,27,-3,2274,,,,field_goal,0,0,0,0
2022,1,IND,HOU,9,4,18,42,-7,1845,,,,punt,0,0,0,0
2022,1,HOU,IND,11,4,2,25,7,1640,,,,field_goal,0,0,0,0
2022,1,IND,HOU,14,4,6,71,-17,1290,,,,punt,0,0,0,0
2022,1,HOU,IND,15,4,4,93,17,1178,,,,penalty,5,1,0,0
2022,1,HOU,IND,15,4,8,41,17,896,,,,punt,0,0,0,0
2022,1,IND,HOU,16,4,9,9,-17,647,,,,field_goal,0,0,0,0
2022,1,HOU,IND,19,4,8,62,7,279,,,,punt,0,0,0,0
2022,1,HOU,IND,21,4,6,56,0,87,,,,punt,0,0,0,0
2022,1,IND,HOU,22,4,1,56,0,19,,,,punt,0,0,0,0
2022,1,HOU,IND,24,4,26,76,0,518,,,,punt,0,0,0,0
2022,1,IND,HOU,25,4,10,24,0,120,,,,field_goal,0,0,0,0
2022,1,HOU,IND,26,4,3,49,0,26,,,,punt,0,0,0,0
2022,1,JAX,WAS,1,4,12,15,0,3421,,,,field_goal,0,0,0,0
2022,1,JAX,WAS,3,4,24,77,-4,2972,,,,punt,0,0,0,0
2022,1,JAX,WAS,5,4,5,70,-11,2453,,,,punt,0,0,0,0
2022,1,WAS,JAX,6,4,7,69,11,2356,,,,punt,0,0,0,0
2022,1,JAX,WAS,7,4,3,3,-11,2103,11,nickel,7,pass,0,0,0,0
2022,1,JAX,WAS,9,4,19,19,-11,1820,,,,field_goal,0,0,0,0
2022,1,WAS,JAX,11,4,14,68,11,1626,,,,punt,0,0,0,0
2022,1,WAS,JAX,13,4,2,57,5,1314,,,,punt,0,0,0,0
2022,1,JAX,WAS,14,4,6,25,-5,980,,,,field_goal,0,0,0,0
2022,1,JAX,WAS,16,4,5,26,-2,728,,,,field_goal,0,0,0,0
2022,1,JAX,WAS,20,4,10,48,2,414,,,,punt,0,0,0,0
2022,1,ARI,KC,2,4,8,73,-7,3181,,,,punt,0,0,0,0
2022,1,KC,ARI,5,4,2,4,7,2257,11,base,7,pass,4,1,1,0
2022,1,ARI,KC,6,4,4,69,-13,2174,,,,punt,0,0,0,0
2022,1,KC,ARI,7,4,3,58,13,1991,,,,punt,0,0,0,0
2022,1,ARI,KC,8,4,15,53,-13,1877,,,,punt,0,0,0,0
2022,1,ARI,KC,10,4,2,34,-13,1840,12,nickel,6,pass,0,0,0,0
2022,1,ARI,KC,13,4,21,74,-16,1639,,,,punt,0,0,0,0
2022,1,ARI,KC,15,4,5,70,-23,1444,,,,punt,0,0,0,0
2022,1,ARI,KC,17,4,2,24,-30,860,11,nickel,5,pass,14,1,0,0
2022,1,ARI,KC,17,4,6,6,-30,778,11,nickel,7,pass,6,1,1,0
2022,1,KC,ARI,20,4,14,72,23,120,,,,punt,0,0,0,0
2022,1,ARI,KC,21,4,3,57,-23,21,spread,nickel,5,pass,10,1,0,0
2022,1,LAC,LV,1,4,9,25,0,3247,,,,field_goal,0,0,0,0
2022,1,LV,LAC,2,4,5,5,-3,2853,,,,field_goal,0,0,0,0
2022,1,LAC,LV,3,4,1,51,0,2740,,,,punt,0,0,0,0
2022,1,LV,LAC,4,4,1,89,0,2606,,,,punt,0,0,0,0
2022,1,LV,LAC,6,4,14,59,-7,2236,,,,punt,0,0,0,0
2022,1,LAC,LV,7,4,1,28,7,1900,11,nickel,7,run,0,0,0,0
2022,1,LV,LAC,13,4,4,34,-14,1130,11,dime,5,pass,9,1,0,0
2022,1,LV,LAC,13,4,22,37,-14,968,,,,field_goal,0,0,0,0
2022,1,LAC,LV,14,4,5,70,11,893,,,,punt,0,0,0,0
2022,1,LAC,LV,16,4,1,89,11,708,,,,punt,0,0,0,0
2022,1,LAC,LV,18,4,5,31,11,457,,,,field_goal,0,0,0,0
2022,1,LAC,LV,20,4,3,68,5,219,,,,punt,0,0,0,0
2022,1,LV,LAC,21,4,8,65,-5,120,11,dime,6,pass,-7,0,0,0
2022,1,MIA,NE,2,4,1,50,0,3108,12,nickel,,penalty,5,1,0,0
2022,1,MIA,NE,2,4,13,25,0,2950,,,,field_goal,0,0,0,0
2022,1,NE,MIA,3,4,10,40,-3,2655,,,,punt,0,0,0,0
2022,1,MIA,NE,4,4,4,49,3,2273,,,,punt,0,0,0,0
2022,1,NE,MIA,6,4,10,44,-10,2054,,,,punt,0,0,0,0
2022,1,MIA,NE,7,4,7,42,10,1824,11,dime,6,pass,42,1,1,0
2022,1,MIA,NE,9,4,2,66,17,1695,,,,punt,0,0,0,0
2022,1,NE,MIA,10,4,1,28,-17,1324,11,base,9,penalty,5,1,0,0
2022,1,MIA,NE,11,4,5,31,10,924,,,,field_goal,0,0,0,0
2022,1,NE,MIA,12,4,6,58,-13,774,,,,punt,0,0,0,0
2022,1,MIA,NE,13,4,1,81,13,679,,,,punt,0,0,0,0
2022,1,NE,MIA,14,4,3,50,-13,586,spread,nickel,7,pass,0,0,0,0
2022,1,MIA,NE,15,4,20,46,13,366,,,,punt,0,0,0,0
2022,1,ATL,NO,1,4,5,35,0,3344,,,,field_goal,0,0,0,0
2022,1,NO,ATL,2,4,3,68,-3,3265,,,,punt,0,0,0,0
2022,1,ATL,NO,3,4,5,74,3,3173,,,,punt,0,0,0,0
2022,1,NO,ATL,6,4,6,26,4,2866,,,,field_goal,0,0,0,0
2022,1,NO,ATL,8,4,3,68,-3,2423,,,,punt,0,0,0,0
2022,1,ATL,NO,9,4,3,61,3,2219,,,,punt,0,0,0,0
2022,1,NO,ATL,10,4,13,70,-3,2035,,,,punt,0,0,0,0
2022,1,ATL,NO,11,4,5,32,3,1870,,,,field_goal,0,0,0,0
2022,1,NO,ATL,12,4,17,82,-6,1836,,,,punt,0,0,0,0
2022,1,NO,ATL,14,4,9,31,-9,1460,,,,field_goal,0,0,0,0
2022,1,NO,ATL,18,4,6,91,-13,1015,,,,punt,0,0,0,0
2022,1,ATL,NO,19,4,9,9,13,765,,,,field_goal,0,0,0,0
2022,1,ATL,NO,21,4,7,55,8,432,,,,punt,0,0,0,0
2022,1,ATL,NO,23,4,6,47,2,54,,,,punt,0,0,0,0
2022,1,NO,ATL,24,4,3,33,-2,23,,,,field_goal,0,0,0,0
2022,1,NYG,TEN,1,4,1,69,0,3483,,,,punt,0,0,0,0
2022,1,NYG,TEN,3,4,5,59,-7,3079,,,,punt,0,0,0,0
2022,1,TEN,NYG,4,4,5,77,7,2984,,,,punt,0,0,0,0
2022,1,NYG,TEN,5,4,4,54,-7,2836,,,,punt,0,0,0,0
2022,1,TEN,NYG,6,4,8,28,7,2559,,,,field_goal,0,0,0,0
2022,1,TEN,NYG,8,4,4,5,10,2220,,,,field_goal,0,0,0,0
2022,1,NYG,TEN,9,4,3,62,-13,2049,,,,punt,0,0,0,0
2022,1,TEN,NYG,10,4,4,47,13,1865,,,,punt,0,0,0,0
2022,1,TEN,NYG,12,4,3,69,13,1678,,,,punt,0,0,0,0
2022,1,TEN,NYG,14,4,2,82,7,1480,,,,punt,0,0,0,0
2022,1,NYG,TEN,17,4,7,72,-7,953,,,,punt,0,0,0,0
2022,1,TEN,NYG,18,4,3,79,7,876,,,,punt,0,0,0,0
2022,1,NYG,TEN,19,4,10,55,-7,638,,,,punt,0,0,0,1
2022,1,TEN,NYG,21,4,5,63,7,338,,,,punt,0,0,0,0
2022,1,NYG,TEN,22,4,1,17,-7,120,12,,10,run,2,1,0,0
2022,1,PHI,DET,2,4,5,40,-7,3133,11,nickel,6,pass,0,0,0,0
2022,1,DET,PHI,3,4,6,55,7,3058,,,,punt,0,0,0,0
2022,1,PHI,DET,4,4,1,1,-7,2580,12,,9,run,1,1,1,0
2022,1,DET,PHI,5,4,7,72,0,2510,,,,punt,0,0,0,0
2022,1,PHI,DET,6,4,6,56,0,2412,,,,punt,0,0,0,0
2022,1,DET,PHI,7,4,10,78,0,2392,,,,punt,0,0,0,0
2022,1,DET,PHI,10,4,1,7,-14,1920,12,base,9,run,7,1,1,0
2022,1,PHI,DET,11,4,5,5,7,1809,,,,field_goal,0,0,0,0
2022,1,PHI,DET,17,4,12,65,10,769,,,,punt,0,0,0,0
2022,1,DET,PHI,18,4,13,65,-10,649,,,,punt,0,0,0,0
2022,1,PHI,DET,19,4,8,81,10,511,,,,punt,0,0,0,0
2022,1,PHI,DET,21,4,1,40,3,66,heavy,,10,run,1,1,0,0
2022,1,PIT,CIN,1,4,1,66,0,3518,,,,punt,0,0,0,0
2022,1,CIN,PIT,3,4,17,41,-7,3141,,,,field_goal,0,0,0,0
2022,1,PIT,CIN,4,4,5,70,4,3057,,,,punt,0,0,0,0
2022,1,PIT,CIN,6,4,2,2,4,2848,,,,field_goal,0,0,0,0
2022,1,PIT,CIN,10,4,4,86,14,2052,,,,punt,0,0,0,0
2022,1,CIN,PIT,11,4,1,35,-14,1876,12,base,8,run,31,1,0,0
2022,1,CIN,PIT,11,4,8,8,-14,1818,,,,field_goal,0,0,0,0
2022,1,CIN,PIT,13,4,2,67,-11,1684,,,,punt,0,0,0,0
2022,1,PIT,CIN,14,4,14,84,11,1533,,,,punt,0,0,0,0
2022,1,PIT,CIN,16,4,8,62,3,928,,,,punt,0,0,0,0
2022,1,CIN,PIT,17,4,4,85,-3,816,,,,punt,0,0,0,0
2022,1,PIT,CIN,18,4,10,30,3,678,,,,field_goal,0,0,0,0
2022,1,CIN,PIT,19,4,6,36,-6,503,11,dime,5,pass,0,0,0,1
2022,1,PIT,CIN,20,4,4,60,6,373,,,,punt,0,0,0,0
2022,1,CIN,PIT,21,4,2,2,-6,116,11,nickel,7,pass,0,0,0,0
2022,1,PIT,CIN,22,4,8,81,6,96,,,,punt,0,0,0,0
2022,1,PIT,CIN,25,4,3,68,0,511,,,,punt,0,0,0,0
2022,1,PIT,CIN,27,4,4,37,0,147,,,,field_goal,0,0,0,0
2022,1,CIN,PIT,28,4,16,50,0,64,,,,punt,0,0,0,0
2022,1,CHI,SF,1,4,17,84,0,3521,,,,punt,0,0,0,0
2022,1,SF,CHI,4,4,18,40,0,3005,,,,punt,0,0,0,0
2022,1,CHI,SF,5,4,19,79,0,2833,,,,punt,0,0,0,0
2022,1,SF,CHI,6,4,3,57,0,2744,,,,punt,0,0,0,0
2022,1,CHI,SF,7,4,6,90,0,2635,,,,punt,0,0,0,0
2022,1,CHI,SF,9,4,7,72,-7,2335,,,,punt,0,0,0,0
2022,1,SF,CHI,10,4,3,59,7,2092,,,,punt,0,0,0,0
2022,1,CHI,SF,11,4,21,44,-7,1832,,,,punt,0,0,0,0
2022,1,SF,CHI,13,4,7,7,7,1406,,,,field_goal,0,0,0,0
2022,1,SF,CHI,15,4,1,59,3,1004,,,,punt,0,0,0,0
2022,1,SF,CHI,19,4,8,54,-9,223,11,nickel,5,pass,0,0,0,0
2022,1,CHI,SF,20,4,10,45,9,157,,,,punt,0,0,0,0
2022,1,SF,CHI,21,4,9,79,-9,96,11,nickel,4,pass,0,0,0,0
2022,1,DAL,TB,1,4,11,32,0,3246,,,,field_goal,0,0,0,0
2022,1,TB,DAL,2,4,2,26,-3,3009,,,,field_goal,0,0,0,0
2022,1,DAL,TB,3,4,8,73,0,2943,,,,punt,0,0,0,0
2022,1,TB,DAL,4,4,5,20,0,2770,,,,field_goal,0,0,0,0
2022,1,DAL,TB,5,4,4,84,-3,2695,,,,punt,0,0,0,0
2022,1,TB,DAL,6,4,15,18,3,2254,,,,field_goal,0,0,0,0
2022,1,TB,DAL,8,4,10,11,3,2008,,,,field_goal,0,0,0,0
2022,1,DAL,TB,9,4,10,63,-6,1916,,,,punt,0,0,0,0
2022,1,TB,DAL,10,4,10,29,6,1819,,,,field_goal,0,0,0,0
2022,1,TB,DAL,12,4,8,63,9,1639,,,,punt,0,0,0,0
2022,1,DAL,TB,13,4,13,70,-9,1398,,,,punt,0,0,0,0
2022,1,DAL,TB,15,4,2,41,-16,814,11,nickel,7,pass,0,0,0,0
2022,1,DAL,TB,17,4,8,50,-16,680,,,,punt,0,0,0,0
2022,1,TB,DAL,18,4,8,60,16,428,,,,punt,0,0,0,0
2022,1,DAL,TB,19,4,1,42,-16,297,11,nickel,6,pass,5,1,0,0
2022,1,DAL,TB,19,4,15,42,-16,201,11,nickel,4,pass,0,0,0,0
2022,1,TB,DAL,20,4,11,59,16,179,,,,punt,0,0,0,0
2022,1,DAL,TB,21,4,3,74,-16,133,11,nickel,5,pass,17,1,0,0
2022,1,DAL,TB,21,4,12,59,-16,56,11,nickel,5,pass,10,0,0,0
2022,2,ARI,LV,2,4,4,56,-7,2789,,,,punt,0,0,0,0
2022,2,LV,ARI,3,4,5,14,7,2505,,,,field_goal,0,0,0,0
2022,2,ARI,LV,4,4,16,71,-10,2348,,,,punt,0,0,0,0
2022,2,ARI,LV,8,4,9,58,-20,1695,,,,punt,0,0,0,0
2022,2,LV,ARI,9,4,2,84,20,1601,,,,punt,0,0,0,0
2022,2,LV,ARI,11,4,7,7,13,1001,,,,field_goal,0,0,0,0
2022,2,ARI,LV,12,4,1,11,-16,757,heavy,base,9,pass,0,0,0,0
2022,2,LV,ARI,13,4,10,89,16,742,,,,punt,0,0,0,0
2022,2,ARI,LV,14,4,4,25,-16,521,11,dime,5,pass,24,1,0,0
2022,2,LV,ARI,15,4,6,61,8,294,,,,punt,0,0,0,0
2022,2,ARI,LV,16,4,1,43,-8,148,heavy,base,8,run,2,1,0,0
2022,2,ARI,LV,16,4,4,6,-8,30,11,dime,4,penalty,3,1,0,0
2022,2,ARI,LV,16,4,3,3,-8,5,11,dime,5,run,3,1,1,0
2022,2,ARI,LV,17,4,1,37,0,336,11,nickel,6,pass,0,0,0,0
2022,2,ATL,LA,1,4,18,26,0,3119,,,,field_goal,0,0,0,0
2022,2,ATL,LA,3,4,2,50,-7,2657,21,base,7,run,0,0,0,0
2022,2,ATL,LA,5,4,1,13,-14,2130,12,base,8,pass,5,1,0,0
2022,2,ATL,LA,5,4,8,8,-14,1967,,,,field_goal,0,0,0,0
2022,2,ATL,LA,11,4,10,75,-25,1346,,,,punt,0,0,0,0
2022,2,LA,ATL,14,4,1,1,18,736,,,,field_goal,0,0,0,0
2022,2,LA,ATL,16,4,8,59,14,306,,,,punt,0,0,1,0
2022,2,LA,ATL,19,4,7,74,6,13,spread,nickel,,run,-26,0,0,0
2022,2,NYG,CAR,2,4,6,18,0,3473,,,,field_goal,0,0,0,0
2022,2,NYG,CAR,4,4,1,31,3,3196,heavy,base,8,run,2,1,0,0
2022,2,NYG,CAR,4,4,15,15,3,2853,,,,field_goal,0,0,0,0
2022,2,CAR,NYG,5,4,1,52,-6,2705,11,dime,7,run,3,1,0,0
2022,2,CAR,NYG,5,4,9,13,-6,2539,,,,field_goal,0,0,0,0
2022,2,NYG,CAR,6,4,15,67,3,2336,,,,punt,0,0,0,0
2022,2,CAR,NYG,7,4,6,57,-3,2173,,,,punt,0,0,0,0
2022,2,NYG,CAR,8,4,6,85,3,2128,,,,punt,0,0,0,0
2022,2,CAR,NYG,9,4,12,14,-3,1859,,,,field_goal,0,0,0,0
2022,2,NYG,CAR,11,4,11,76,0,1715,,,,punt,0,0,0,0
2022,2,CAR,NYG,14,4,6,46,0,1306,,,,punt,0,0,0,0
2022,2,NYG,CAR,15,4,13,74,0,1198,,,,punt,0,0,0,0
2022,2,CAR,NYG,16,4,2,57,0,1101,,,,punt,0,0,0,0
2022,2,NYG,CAR,17,4,10,90,0,994,,,,punt,0,0,0,0
2022,2,CAR,NYG,18,4,10,59,0,962,,,,punt,0,0,0,0
2022,2,NYG,CAR,19,4,2,33,0,755,,,,field_goal,0,0,0,0
2022,2,CAR,NYG,20,4,9,20,-3,650,,,,field_goal,0,0,0,0
2022,2,NYG,CAR,21,4,18,38,0,218,,,,field_goal,0,0,0,0
2022,2,CAR,NYG,22,4,15,63,-3,132,,,,punt,0,0,0,0
2022,2,GB,CHI,1,4,19,22,0,3217,,,,field_goal,0,0,0,0
2022,2,CHI,GB,4,4,12,82,-3,2575,,,,punt,0,0,0,0
2022,2,GB,CHI,5,4,21,72,3,2518,,,,punt,0,0,0,0
2022,2,CHI,GB,6,4,12,82,-3,2421,,,,punt,0,0,0,0
2022,2,CHI,GB,8,4,6,81,-10,1999,,,,punt,0,0,0,0
2022,2,CHI,GB,11,4,3,71,-17,1688,,,,punt,0,0,0,0
2022,2,CHI,GB,13,4,5,26,-17,1216,,,,field_goal,0,0,0,0
2022,2,GB,CHI,14,4,15,60,14,900,,,,punt,0,0,0,0
2022,2,CHI,GB,15,4,1,1,-14,493,11,base,8,run,0,0,0,0
2022,2,GB,CHI,16,4,5,10,14,152,,,,field_goal,0,0,0,0
2022,2,DAL,CIN,1,4,2,56,0,3453,11,nickel,6,pass,17,1,0,0
2022,2,CIN,DAL,2,4,8,25,-7,2888,,,,field_goal,0,0,0,0
2022,2,CIN,DAL,4,4,4,69,-11,2652,,,,punt,0,0,0,0
2022,2,DAL,CIN,5,4,13,57,11,2435,,,,punt,0,0,0,0
2022,2,CIN,DAL,6,4,6,42,-11,2138,,,,punt,0,0,0,0
2022,2,DAL,CIN,7,4,11,48,11,1939,,,,punt,0,0,0,0
2022,2,CIN,DAL,8,4,20,81,-11,1865,,,,punt,0,0,0,0
2022,2,DAL,CIN,9,4,7,36,11,1814,,,,field_goal,0,0,0,0
2022,2,CIN,DAL,11,4,4,59,-14,1722,,,,penalty,5,1,0,0
2022,2,CIN,DAL,11,4,8,32,-14,1485,,,,field_goal,0,0,0,0
2022,2,DAL,CIN,12,4,7,72,11,1391,,,,punt,0,0,0,0
2022,2,CIN,DAL,13,4,8,28,-11,1148,,,,field_goal,0,0,0,0
2022,2,CIN,DAL,15,4,10,74,-8,896,,,,punt,0,0,0,0
2022,2,DAL,CIN,16,4,12,59,8,770,,,,punt,0,0,0,0
2022,2,CIN,DAL,17,4,6,27,-8,363,11,dime,6,pass,8,1,0,0
2022,2,DAL,CIN,18,4,14,55,0,140,,,,punt,0,0,0,0
2022,2,CIN,DAL,19,4,2,84,0,69,,,,punt,0,0,0,0
2022,2,HOU,DEN,1,4,2,67,0,3523,,,,punt,0,0,0,0
2022,2,DEN,HOU,2,4,11,48,0,3354,,,,punt,0,0,0,0
2022,2,HOU,DEN,3,4,5,64,0,3180,,,,punt,0,0,0,0
2022,2,DEN,HOU,4,4,2,2,0,3033,,,,field_goal,0,0,0,0
2022,2,HOU,DEN,5,4,5,22,-3,2843,,,,field_goal,0,0,0,0
2022,2,DEN,HOU,6,4,10,49,0,2579,,,,punt,0,0,0,0
2022,2,HOU,DEN,7,4,11,26,0,2244,,,,field_goal,0,0,0,0
2022,2,DEN,HOU,8,4,6,68,-3,2150,,,,punt,0,0,0,0
2022,2,HOU,DEN,9,4,16,73,3,2058,,,,punt,0,0,0,0
2022,2,DEN,HOU,10,4,6,6,-3,1823,,,,field_goal,0,0,0,0
2022,2,HOU,DEN,13,4,1,14,0,1527,heavy,base,8,run,5,1,0,0
2022,2,HOU,DEN,13,4,6,6,0,1416,,,,field_goal,0,0,0,0
2022,2,DEN,HOU,14,4,2,50,-3,1295,11,nickel,6,pass,6,1,0,0
2022,2,DEN,HOU,14,4,7,41,-3,1089,,,,punt,0,0,0,0
2022,2,HOU,DEN,15,4,6,87,3,1005,,,,punt,0,0,0,0
2022,2,HOU,DEN,17,4,14,45,-4,595,,,,punt,0,0,0,0
2022,2,DEN,HOU,18,4,16,32,4,221,,,,field_goal,0,0,0,0
2022,2,HOU,DEN,19,4,15,37,-7,87,11,dime,3,pass,0,0,0,0
2022,2,DEN,HOU,20,4,16,68,7,64,,,,punt,0,0,0,0
2022,2,HOU,DEN,21,4,11,76,-7,17,11,dime,4,pass,0,0,0,0
2022,2,JAX,IND,2,4,3,47,0,3185,11,nickel,5,pass,8,1,0,0
2022,2,IND,JAX,3,4,5,57,-7,2709,,,,punt,0,0,0,0
2022,2,JAX,IND,4,4,10,84,7,2619,,,,punt,0,0,0,0
2022,2,IND,JAX,5,4,16,62,-7,2505,,,,punt,0,0,0,0
2022,2,IND,JAX,7,4,6,74,-14,2156,,,,punt,0,0,0,0
2022,2,JAX,IND,8,4,4,34,14,1908,,,,field_goal,0,0,0,0
2022,2,IND,JAX,9,4,7,55,-17,1818,,,,punt,0,0,0,0
2022,2,JAX,IND,11,4,13,51,17,1520,,,,punt,0,0,0,0
2022,2,IND,JAX,12,4,3,59,-17,1390,,,,punt,0,0,0,0
2022,2,JAX,IND,13,4,1,5,17,922,12,nickel,8,pass,5,1,1,0
2022,2,IND,JAX,14,4,13,13,-24,641,11,nickel,6,pass,0,0,0,0
2022,2,JAX,IND,15,4,3,80,24,513,,,,punt,0,0,0,0
2022,2,IND,JAX,16,4,7,8,-24,383,11,nickel,6,pass,0,0,0,0
2022,2,JAX,IND,17,4,8,89,24,322,,,,punt,0,0,0,0
2022,2,JAX,IND,19,4,5,49,24,166,,,,punt,0,0,0,0
2022,2,JAX,IND,21,4,5,29,24,29,heavy,base,7,run,4,0,0,0
2022,2,KC,LAC,1,4,6,46,0,3346,,,,punt,0,0,0,0
2022,2,LAC,KC,2,4,2,13,0,3061,,,,field_goal,0,0,0,0
2022,2,KC,LAC,3,4,21,86,-3,2938,,,,punt,0,0,0,0
2022,2,LAC,KC,4,4,1,49,3,2821,21,base,8,run,2,1,0,0
2022,2,LAC,KC,6,4,2,47,3,2343,,,,punt,0,0,0,0
2022,2,KC,LAC,7,4,1,71,-3,2125,,,,punt,0,0,0,0
2022,2,LAC,KC,8,4,2,48,3,1863,,,,punt,0,0,0,0
2022,2,KC,LAC,9,4,6,83,-3,1822,,,,punt,0,0,0,0
2022,2,LAC,KC,11,4,1,18,3,1540,21,base,8,run,3,1,0,0
2022,2,LAC,KC,13,4,2,67,3,1291,,,,punt,0,0,0,0
2022,2,KC,LAC,14,4,1,62,-3,1203,,,,punt,0,0,0,0
2022,2,LAC,KC,15,4,17,98,3,1149,,,,punt,0,0,0,0
2022,2,KC,LAC,16,4,1,1,-3,900,,,,field_goal,0,0,0,0
2022,2,LAC,KC,18,4,9,74,-7,508,,,,punt,0,0,0,0
2022,2,KC,LAC,19,4,6,65,7,363,,,,punt,0,0,0,0
2022,2,LAC,KC,20,4,6,62,-7,245,,,,punt,0,0,0,0
2022,2,KC,LAC,21,4,5,13,7,204,,,,field_goal,0,0,0,0
2022,2,LAC,KC,22,4,1,43,-10,125,11,dime,6,pass,35,1,0,0
2022,2,LAC,KC,22,4,7,7,-10,75,11,nickel,6,pass,7,1,1,0
2022,2,BAL,MIA,3,4,1,37,7,3012,21,base,9,run,3,1,0,0
2022,2,BAL,MIA,3,4,1,1,7,2687,heavy,,11,run,0,0,0,0
2022,2,MIA,BAL,6,4,1,66,-7,2312,21,base,7,run,1,1,0,0
2022,2,MIA,BAL,6,4,18,73,-7,2217,,,,punt,0,0,0,0
2022,2,MIA,BAL,8,4,1,55,-14,1920,heavy,base,8,run,1,1,0,0
2022,2,BAL,MIA,12,4,1,66,14,1289,,,,punt,0,0,0,0
2022,2,MIA,BAL,13,4,8,51,-14,1031,,,,punt,0,0,0,0
2022,2,BAL,MIA,16,4,1,40,14,556,heavy,,11,run,-1,0,0,0
2022,2,BAL,MIA,18,4,12,72,7,414,,,,punt,0,0,0,0
2022,2,BAL,MIA,20,4,9,33,0,143,,,,field_goal,0,0,0,0
2022,2,MIN,PHI,2,4,5,70,-7,3164,,,,punt,0,0,0,0
2022,2,PHI,MIN,3,4,20,87,7,2986,,,,punt,0,0,0,0
2022,2,MIN,PHI,4,4,5,56,-7,2905,,,,punt,0,0,0,0
2022,2,PHI,MIN,7,4,6,69,7,2188,,,,punt,0,0,0,0
2022,2,MIN,PHI,8,4,2,66,-7,2112,,,,punt,0,0,0,0
2022,2,MIN,PHI,10,4,10,63,-14,1891,,,,punt,0,0,0,0
2022,2,PHI,MIN,13,4,6,22,17,1106,,,,field_goal,0,0,0,0
2022,2,PHI,MIN,15,4,3,53,17,721,,,,punt,0,0,0,0
2022,2,MIN,PHI,16,4,22,63,-17,508,,,,punt,0,0,0,0
2022,2,PHI,MIN,19,4,5,51,17,241,,,,punt,0,0,0,0
2022,2,PIT,NE,1,4,4,69,0,3519,,,,punt,0,0,0,0
2022,2,NE,PIT,2,4,2,9,0,3106,,,,field_goal,0,0,0,0
2022,2,PIT,NE,5,4,9,18,-3,2318,,,,field_goal,0,0,0,0
2022,2,NE,PIT,6,4,2,58,0,2193,,,,punt,0,0,0,0
2022,2,PIT,NE,7,4,7,65,0,1999,,,,punt,0,0,0,0
2022,2,NE,PIT,10,4,8,34,7,1461,,,,field_goal,0,0,0,0
2022,2,PIT,NE,11,4,8,33,-7,1247,,,,field_goal,0,0,0,0
2022,2,NE,PIT,12,4,9,57,4,1146,,,,punt,0,0,0,1
2022,2,NE,PIT,15,4,5,40,3,658,,,,punt,0,0,0,0
2022,2,PIT,NE,16,4,6,85,-3,589,,,,punt,0,0,0,0
2022,2,NE,PIT,17,4,2,42,3,491,,,,punt,0,0,0,0
2022,2,PIT,NE,18,4,2,72,-3,401,,,,punt,0,0,0,0
2022,2,NYJ,CLE,1,4,1,60,0,3519,,,,punt,0,0,0,0
2022,2,NYJ,CLE,3,4,2,54,-7,2800,spread,,,pass,17,1,0,0
2022,2,CLE,NYJ,6,4,12,81,7,1875,,,,punt,0,0,0,0
2022,2,CLE,NYJ,9,4,4,4,0,1501,,,,field_goal,0,0,0,0
2022,2,NYJ,CLE,10,4,14,53,-3,1270,,,,punt,0,0,0,0
2022,2,CLE,NYJ,11,4,3,73,3,1151,,,,punt,0,0,0,0
2022,2,NYJ,CLE,12,4,15,39,-3,864,,,,field_goal,0,0,0,0
2022,2,NYJ,CLE,14,4,4,62,-7,471,,,,punt,0,0,0,0
2022,2,CLE,NYJ,15,4,26,50,7,254,,,,punt,0,0,0,0
2022,2,NYJ,CLE,16,4,8,90,-7,161,,,,punt,0,0,0,0
2022,2,SF,SEA,1,4,2,2,0,3260,,,,field_goal,0,0,0,0
2022,2,SEA,SF,2,4,5,59,-3,3061,,,,punt,0,0,0,0
2022,2,SF,SEA,3,4,2,15,3,2790,,,,field_goal,0,0,0,0
2022,2,SEA,SF,4,4,10,60,-6,2626,,,,punt,0,0,0,0
2022,2,SF,SEA,7,4,9,39,13,2269,11,nickel,6,pass,0,0,0,0
2022,2,SF,SEA,9,4,1,71,13,1920,,,,punt,0,0,0,1
2022,2,SEA,SF,12,4,2,76,-20,1680,,,,punt,0,0,0,0
2022,2,SF,SEA,13,4,1,11,20,1412,11,nickel,7,run,3,1,0,0
2022,2,SF,SEA,13,4,2,2,20,1239,,,,field_goal,0,0,1,0
2022,2,SF,SEA,14,4,9,54,13,993,,,,punt,0,0,0,0
2022,2,SEA,SF,15,4,1,78,-13,900,,,,punt,0,0,0,0
2022,2,SF,SEA,16,4,7,52,13,762,,,,punt,0,0,0,0
2022,2,SEA,SF,17,4,21,77,-13,554,,,,punt,0,0,0,0
2022,2,SF,SEA,18,4,1,1,13,114,11,nickel,7,run,1,1,1,0
2022,2,NO,TB,1,4,5,12,0,3246,,,,field_goal,0,0,0,0
2022,2,NO,TB,3,4,5,58,3,2743,,,,punt,0,0,0,0
2022,2,TB,NO,4,4,1,8,-3,2537,12,base,8,run,-1,0,0,0
2022,2,NO,TB,5,4,6,87,3,2448,,,,punt,0,0,0,0
2022,2,TB,NO,6,4,9,49,-3,2307,,,,punt,0,0,0,0
2022,2,NO,TB,7,4,9,66,3,1991,,,,punt,0,0,0,0
2022,2,TB,NO,8,4,9,86,-3,1916,,,,punt,0,0,0,0
2022,2,NO,TB,9,4,9,44,3,1828,,,,punt,0,0,0,0
2022,2,TB,NO,11,4,8,55,-3,1555,,,,punt,0,0,0,0
2022,2,NO,TB,12,4,10,84,3,1500,,,,punt,0,0,0,0
2022,2,TB,NO,13,4,4,29,-3,1309,,,,field_goal,0,0,0,0
2022,2,TB,NO,15,4,1,81,0,855,,,,penalty,5,1,0,0
2022,2,TB,NO,15,4,5,71,0,769,,,,punt,0,0,0,0
2022,2,TB,NO,19,4,10,29,7,355,,,,field_goal,0,0,0,0
2022,2,TB,NO,22,4,9,42,10,166,,,,punt,0,0,0,0
2022,2,TB,NO,24,4,8,64,10,74,,,,punt,0,0,0,0
2022,2,NO,TB,25,4,10,77,-10,8,11,nickel,4,pass,9,0,0,0
2022,2,TEN,BUF,2,4,1,2,-7,3027,12,nickel,7,run,2,1,1,0
2022,2,BUF,TEN,3,4,1,31,0,2785,11,nickel,8,pass,0,0,0,0
2022,2,TEN,BUF,4,4,22,58,0,2405,,,,punt,0,0,0,0
2022,2,BUF,TEN,5,4,6,31,0,2245,,,,field_goal,0,0,0,0
2022,2,TEN,BUF,6,4,10,75,-3,2118,,,,punt,0,0,0,0
2022,2,BUF,TEN,7,4,1,4,3,1867,11,nickel,8,pass,4,1,1,0
2022,2,TEN,BUF,9,4,7,55,-10,1673,,,,punt,0,0,0,0
2022,2,TEN,BUF,11,4,11,77,-17,1467,,,,punt,0,0,0,0
2022,2,BUF,TEN,12,4,6,52,17,1413,,,,punt,0,0,0,1
2022,2,BUF,TEN,13,4,9,19,17,1356,,,,field_goal,0,0,0,0
2022,2,TEN,BUF,17,4,2,57,-34,925,,,,punt,0,0,0,0
2022,2,BUF,TEN,18,4,7,93,34,891,,,,punt,0,0,0,0
2022,2,BUF,TEN,20,4,7,61,34,514,,,,punt,0,0,0,0
2022,2,TEN,BUF,21,4,2,81,-34,412,,,,punt,0,0,0,0
2022,2,BUF,TEN,22,4,1,25,34,223,11,nickel,6,run,2,1,0,0
2022,2,DET,WAS,1,4,24,89,0,3525,,,,punt,0,0,0,0
2022,2,WAS,DET,2,4,4,62,0,3403,,,,punt,0,0,0,0
2022,2,DET,WAS,3,4,3,17,0,3190,,,,field_goal,0,0,0,0
2022,2,WAS,DET,4,4,9,83,-3,3092,,,,punt,0,0,0,0
2022,2,DET,WAS,5,4,3,3,3,2947,11,nickel,6,pass,0,0,0,0
2022,2,WAS,DET,8,4,6,80,-12,2710,,,,punt,0,0,0,0
2022,2,DET,WAS,9,4,5,30,12,2631,,,,field_goal,0,0,0,0
2022,2,WAS,DET,10,4,3,68,-15,2538,,,,punt,0,0,0,0
2022,2,WAS,DET,12,4,13,63,-22,2060,,,,punt,0,0,0,0
2022,2,DET,WAS,13,4,4,76,22,1971,,,,punt,0,0,0,0
2022,2,WAS,DET,14,4,6,66,-22,1839,,,,punt,0,0,0,0
2022,2,DET,WAS,15,4,10,80,22,1815,,,,punt,0,0,0,0
2022,2,DET,WAS,18,4,6,71,15,1609,,,,punt,0,0,0,0
2022,2,DET,WAS,20,4,1,59,15,1347,,,,punt,0,0,0,0
2022,2,WAS,DET,23,4,1,74,-14,900,12,base,9,run,7,1,0,0
2022,2,DET,WAS,26,4,3,33,9,98,11,nickel,6,pass,0,0,0,0
2022,2,WAS,DET,27,4,4,61,-9,60,11,nickel,5,pass,-9,0,0,0
2022,3,SEA,ATL,1,4,3,14,0,3323,,,,field_goal,0,0,0,0
2022,3,ATL,SEA,4,4,22,23,-3,2711,,,,field_goal,0,0,0,0
2022,3,SEA,ATL,5,4,5,62,0,2630,,,,punt,0,0,0,0
2022,3,SEA,ATL,7,4,2,41,-7,2079,11,nickel,6,pass,23,1,0,0
2022,3,ATL,SEA,8,4,8,73,0,1992,,,,punt,0,0,0,0
2022,3,SEA,ATL,9,4,3,13,0,1809,,,,field_goal,0,0,0,0
2022,3,ATL,SEA,11,4,18,36,-3,1507,,,,field_goal,0,0,0,0
2022,3,SEA,ATL,12,4,2,7,0,1095,,,,field_goal,0,0,0,0
2022,3,SEA,ATL,14,4,15,55,-4,660,,,,punt,0,0,0,0
2022,3,SEA,ATL,16,4,1,54,-4,224,12,nickel,6,run,4,1,0,0
2022,3,SEA,ATL,16,4,18,38,-4,90,11,nickel,4,pass,0,0,0,1
2022,3,BAL,NE,1,4,4,69,0,3514,,,,punt,0,0,0,0
2022,3,NE,BAL,2,4,15,63,0,3343,,,,punt,0,0,0,0
2022,3,NE,BAL,4,4,6,16,-7,2700,,,,field_goal,0,0,0,0
2022,3,BAL,NE,5,4,15,80,4,2586,,,,punt,0,0,0,0
2022,3,NE,BAL,6,4,3,33,-4,2365,11,nickel,7,pass,0,0,0,0
2022,3,NE,BAL,13,4,12,69,-1,1293,,,,punt,0,0,0,0
2022,3,BAL,NE,16,4,5,38,8,1058,,,,field_goal,0,0,0,0
2022,3,NE,BAL,17,4,1,17,-11,818,12,base,9,pass,8,1,0,0
2022,3,BAL,NE,20,4,8,52,5,403,,,,punt,0,0,0,0
2022,3,BUF,MIA,1,4,2,2,0,3246,11,nickel,8,pass,2,1,1,0
2022,3,MIA,BUF,2,4,2,65,-7,3107,,,,punt,0,0,0,0
2022,3,BUF,MIA,5,4,2,30,0,2700,11,nickel,7,run,3,1,0,0
2022,3,BUF,MIA,7,4,10,45,0,2035,,,,punt,0,0,0,0
2022,3,MIA,BUF,8,4,18,64,0,1910,,,,punt,0,0,0,0
2022,3,MIA,BUF,10,4,11,54,0,1693,,,,punt,0,0,0,0
2022,3,BUF,MIA,11,4,11,11,0,1123,,,,field_goal,0,0,0,0
2022,3,MIA,BUF,12,4,2,68,-3,1032,,,,punt,0,0,0,0
2022,3,BUF,MIA,13,4,4,20,3,852,,,,field_goal,0,0,0,0
2022,3,BUF,MIA,15,4,2,2,-4,109,11,base,8,pass,0,0,0,0
2022,3,MIA,BUF,16,4,11,99,4,97,,,,punt,0,0,0,0
2022,3,NYJ,CIN,2,4,9,32,-7,3008,,,,field_goal,0,0,0,0
2022,3,NYJ,CIN,4,4,5,22,-4,2812,,,,field_goal,0,0,0,0
2022,3,NYJ,CIN,6,4,17,57,-8,2424,,,,punt,0,0,0,0
2022,3,CIN,NYJ,7,4,4,4,8,2270,,,,field_goal,0,0,0,0
2022,3,CIN,NYJ,9,4,10,25,11,2131,,,,field_goal,0,0,0,0
2022,3,NYJ,CIN,10,4,8,73,-14,2083,,,,punt,0,0,0,0
2022,3,CIN,NYJ,11,4,9,65,14,1987,,,,punt,0,0,0,0
2022,3,NYJ,CIN,12,4,6,64,-14,1859,,,,punt,0,0,0,0
2022,3,CIN,NYJ,13,4,17,95,14,1840,,,,punt,0,0,0,0
2022,3,NYJ,CIN,17,4,5,41,-18,1523,11,dime,5,pass,0,0,0,0
2022,3,CIN,NYJ,18,4,1,19,18,1157,11,nickel,6,run,-1,0,0,0
2022,3,NYJ,CIN,19,4,10,25,-18,945,,,,field_goal,0,0,0,0
2022,3,CIN,NYJ,20,4,15,80,15,850,,,,punt,0,0,0,0
2022,3,NYJ,CIN,21,4,6,14,-15,609,spread,dime,6,pass,-11,0,0,1
2022,3,CIN,NYJ,22,4,8,23,15,139,,,,field_goal,0,0,0,0
2022,3,NYJ,CIN,23,4,1,17,-15,62,11,nickel,5,pass,0,0,0,1
2022,3,DAL,NYG,1,4,14,50,0,3424,,,,punt,0,0,0,0
2022,3,NYG,DAL,2,4,10,29,0,3169,,,,field_goal,0,0,0,0
2022,3,DAL,NYG,3,4,8,8,0,2832,,,,field_goal,0,0,0,0
2022,3,NYG,DAL,4,4,5,24,-3,2481,,,,field_goal,0,0,0,0
2022,3,DAL,NYG,5,4,3,10,0,2353,,,,field_goal,0,0,0,0
2022,3,NYG,DAL,6,4,13,78,-3,2253,,,,punt,0,0,0,0
2022,3,DAL,NYG,7,4,10,40,3,1958,,,,punt,0,0,0,0
2022,3,NYG,DAL,8,4,2,47,-3,1810,11,nickel,6,pass,0,0,0,0
2022,3,NYG,DAL,10,4,5,33,-3,1446,,,,field_goal,0,0,0,0
2022,3,DAL,NYG,11,4,12,77,0,1388,,,,punt,0,0,0,0
2022,3,NYG,DAL,14,4,6,50,0,889,,,,punt,0,0,0,0
2022,3,DAL,NYG,15,4,4,41,0,627,11,dime,6,pass,4,1,0,0
2022,3,NYG,DAL,16,4,13,78,-7,464,,,,punt,0,0,0,0
2022,3,DAL,NYG,17,4,1,26,7,362,,,,field_goal,0,0,0,0
2022,3,NYG,DAL,18,4,21,33,-10,222,,,,field_goal,0,0,0,0
2022,3,DAL,NYG,19,4,2,54,7,112,,,,punt,0,0,0,0
2022,3,DET,MIN,1,4,6,30,0,3368,,,,field_goal,0,0,0,0
2022,3,MIN,DET,2,4,10,38,0,3265,,,,field_goal,0,0,0,0
2022,3,DET,MIN,3,4,5,32,0,3132,11,nickel,6,pass,30,1,0,0
2022,3,MIN,DET,4,4,5,65,-7,2958,,,,punt,0,0,0,0
2022,3,DET,MIN,5,4,1,45,7,2813,11,nickel,6,run,5,1,0,0
2022,3,DET,MIN,5,4,1,31,7,2700,spread,nickel,7,pass,17,1,0,0
2022,3,DET,MIN,7,4,1,51,7,2104,12,base,7,pass,0,0,0,0
2022,3,MIN,DET,8,4,6,45,-7,2014,11,nickel,7,pass,6,1,0,0
2022,3,DET,MIN,9,4,4,58,0,1841,,,,punt,0,0,0,0
2022,3,MIN,DET,11,4,8,72,0,1750,,,,punt,0,0,0,0
2022,3,DET,MIN,12,4,2,46,0,1541,11,nickel,5,pass,16,1,0,0
2022,3,DET,MIN,12,4,2,22,0,1420,,,,field_goal,0,0,0,0
2022,3,MIN,DET,13,4,12,38,-3,1191,,,,field_goal,0,0,0,0
2022,3,DET,MIN,16,4,12,60,10,900,,,,punt,0,0,0,0
2022,3,MIN,DET,17,4,3,67,-10,786,,,,punt,0,0,0,0
2022,3,DET,MIN,18,4,1,73,10,647,,,,punt,0,0,0,0
2022,3,DET,MIN,20,4,1,30,3,215,12,base,8,run,0,0,0,0
2022,3,MIN,DET,21,4,8,53,-3,156,11,nickel,7,pass,0,0,0,0
2022,3,DET,MIN,22,4,4,36,3,74,,,,field_goal,0,0,0,0
2022,3,TB,GB,1,4,1,42,0,3456,11,nickel,7,pass,4,1,0,0
2022,3,TB,GB,1,4,11,27,0,3250,,,,field_goal,0,0,0,0
2022,3,TB,GB,3,4,6,73,-4,2741,,,,punt,0,0,0,0
2022,3,TB,GB,5,4,18,83,-11,2171,,,,punt,0,0,0,0
2022,3,GB,TB,8,4,2,65,11,1814,,,,punt,0,0,0,0
2022,3,GB,TB,10,4,3,68,11,1677,,,,punt,0,0,0,0
2022,3,GB,TB,12,4,4,44,11,1508,,,,punt,0,0,0,0
2022,3,TB,GB,13,4,5,93,-11,1478,,,,punt,0,0,0,0
2022,3,TB,GB,15,4,9,27,-11,1287,,,,field_goal,0,0,0,0
2022,3,GB,TB,16,4,7,57,8,1115,,,,punt,0,0,0,0
2022,3,TB,GB,17,4,13,80,-8,945,,,,punt,0,0,0,0
2022,3,GB,TB,18,4,9,55,8,804,,,,punt,0,0,0,0
2022,3,TB,GB,19,4,2,78,-8,686,,,,punt,0,0,0,0
2022,3,GB,TB,20,4,2,72,8,534,,,,punt,0,0,0,0
2022,3,TB,GB,21,4,19,59,-8,364,,,,punt,0,0,0,0
2022,3,GB,TB,22,4,17,49,8,191,,,,punt,0,0,0,0
2022,3,CHI,HOU,1,4,5,30,0,3386,,,,field_goal,0,0,0,0
2022,3,HOU,CHI,2,4,4,69,-3,3311,,,,punt,0,0,0,0
2022,3,CHI,HOU,7,4,7,77,3,2625,,,,punt,0,0,0,0
2022,3,HOU,CHI,8,4,6,56,-3,2514,,,,punt,0,0,0,0
2022,3,CHI,HOU,9,4,4,84,3,2393,,,,punt,0,0,0,0
2022,3,CHI,HOU,11,4,15,32,-4,1913,,,,field_goal,0,0,0,0
2022,3,HOU,CHI,12,4,1,66,1,1871,,,,punt,0,0,0,0
2022,3,HOU,CHI,14,4,2,21,1,1589,,,,field_goal,0,0,0,0
2022,3,HOU,CHI,16,4,1,54,-3,1238,spread,base,,run,3,1,0,0
2022,3,HOU,CHI,16,4,4,5,-3,958,,,,field_goal,0,0,0,0
2022,3,HOU,CHI,18,4,19,48,0,768,,,,punt,0,0,0,0
2022,3,CHI,HOU,19,4,13,48,0,406,,,,punt,0,0,0,0
2022,3,HOU,CHI,20,4,10,61,0,194,,,,punt,0,0,0,0
2022,3,CHI,HOU,21,4,9,68,0,112,,,,punt,0,0,0,0
2022,3,CHI,HOU,23,4,10,12,0,3,,,,field_goal,0,0,0,0
2022,3,JAX,LAC,1,4,5,39,0,3433,11,dime,5,pass,0,0,0,0
2022,3,LAC,JAX,2,4,7,57,0,3349,,,,punt,0,0,0,0
2022,3,JAX,LAC,3,4,1,65,0,3149,,,,punt,0,0,0,0
2022,3,LAC,JAX,4,4,1,76,0,3022,,,,punt,0,0,0,0
2022,3,JAX,LAC,5,4,3,4,0,2700,,,,field_goal,0,0,0,0
2022,3,JAX,LAC,7,4,5,5,3,2635,,,,field_goal,0,0,0,0
2022,3,JAX,LAC,11,4,5,5,6,1864,,,,field_goal,0,0,0,0
2022,3,LAC,JAX,12,4,11,64,-9,1823,,,,punt,0,0,0,0
2022,3,LAC,JAX,14,4,7,7,-9,1614,,,,field_goal,0,0,0,0
2022,3,JAX,LAC,15,4,1,50,6,1547,heavy,nickel,8,run,50,1,1,0
2022,3,LAC,JAX,16,4,4,69,-13,1496,,,,punt,0,0,0,0
2022,3,JAX,LAC,17,4,1,6,13,1060,12,base,8,run,2,1,0,0
2022,3,LAC,JAX,18,4,15,32,-21,850,11,nickel,5,pass,0,0,0,0
2022,3,LAC,JAX,20,4,5,11,-28,10,11,nickel,6,pass,0,0,0,0
2022,3,IND,KC,1,4,5,61,0,3537,,,,punt,0,0,0,1
2022,3,KC,IND,3,4,7,76,-7,3386,,,,punt,0,0,0,0
2022,3,IND,KC,4,4,7,58,7,3129,,,,punt,0,0,0,0
2022,3,KC,IND,5,4,1,90,-7,2994,,,,punt,0,0,0,0
2022,3,IND,KC,6,4,1,49,7,2865,11,nickel,7,pass,-10,0,0,0
2022,3,IND,KC,8,4,9,25,1,2384,,,,field_goal,0,0,0,0
2022,3,KC,IND,9,4,9,48,-4,2094,,,,punt,0,0,0,0
2022,3,IND,KC,12,4,19,74,-4,1844,,,,punt,0,0,0,0
2022,3,KC,IND,14,4,1,15,4,1542,21,nickel,7,run,2,1,0,0
2022,3,KC,IND,14,4,7,7,4,1379,,,,field_goal,0,0,0,0
2022,3,IND,KC,15,4,17,33,-7,1078,,,,field_goal,0,0,0,0
2022,3,KC,IND,16,4,11,24,4,814,spread,base,,pass,0,0,0,0
2022,3,IND,KC,17,4,1,31,-4,652,heavy,base,8,run,0,0,0,0
2022,3,KC,IND,18,4,7,16,4,521,,,,field_goal,0,0,0,0
2022,3,IND,KC,19,4,1,67,-4,399,12,base,8,run,2,1,0,0
2022,3,ARI,LA,1,4,2,67,0,3522,,,,punt,0,0,0,0
2022,3,LA,ARI,2,4,4,4,0,3289,,,,field_goal,0,0,0,0
2022,3,ARI,LA,3,4,8,73,-3,3242,,,,punt,0,0,0,0
2022,3,ARI,LA,5,4,7,59,-10,2802,,,,punt,0,0,0,0
2022,3,LA,ARI,6,4,6,22,10,2608,,,,field_goal,0,0,0,0
2022,3,ARI,LA,7,4,14,79,-13,2557,,,,punt,0,0,0,0
2022,3,LA,ARI,8,4,7,62,13,2492,,,,punt,0,0,0,0
2022,3,ARI,LA,9,4,1,61,-13,2351,12,nickel,6,run,2,1,0,0
2022,3,ARI,LA,9,4,2,51,-13,2212,11,nickel,6,pass,4,1,0,0
2022,3,ARI,LA,9,4,5,5,-13,1914,,,,field_goal,0,0,0,0
2022,3,LA,ARI,10,4,5,70,10,1858,,,,punt,0,0,0,0
2022,3,LA,ARI,13,4,5,70,7,1688,,,,punt,0,0,0,0
2022,3,ARI,LA,14,4,1,80,-7,1582,11,nickel,6,run,5,1,0,0
2022,3,ARI,LA,14,4,9,31,-7,1215,,,,field_goal,0,0,0,0
2022,3,ARI,LA,16,4,4,26,-11,695,11,nickel,6,pass,0,0,0,0
2022,3,ARI,LA,18,4,7,59,-11,185,11,nickel,4,pass,14,1,0,0
2022,3,ARI,LA,18,4,4,13,-11,70,,,,field_goal,0,0,0,0
2022,3,LV,TEN,2,4,2,3,-7,2842,,,,field_goal,0,0,0,0
2022,3,LV,TEN,6,4,7,60,-11,1950,,,,punt,0,0,0,0
2022,3,TEN,LV,7,4,6,70,11,1869,,,,punt,0,0,0,0
2022,3,LV,TEN,8,4,11,88,-11,1834,,,,punt,0,0,0,0
2022,3,LV,TEN,10,4,1,29,-14,1539,12,nickel,7,pass,4,1,0,0
2022,3,LV,TEN,10,4,9,14,-14,1321,,,,field_goal,0,0,0,0
2022,3,LV,TEN,12,4,20,41,-11,1085,,,,punt,0,0,0,0
2022,3,TEN,LV,13,4,4,44,11,780,11,dime,5,pass,0,0,0,0
2022,3,TEN,LV,15,4,1,54,11,376,,,,punt,0,0,0,0
2022,3,LV,TEN,16,4,3,17,-11,213,,,,field_goal,0,0,0,0
2022,3,TEN,LV,17,4,11,76,8,189,,,,punt,0,0,0,0
2022,3,LV,TEN,18,4,15,73,-8,133,11,dime,5,pass,48,1,0,0
2022,3,LV,TEN,18,4,10,14,-8,97,11,dime,4,penalty,5,1,0,0
2022,3,LV,TEN,18,4,9,9,-8,78,11,dime,5,pass,9,1,1,0
2022,3,CAR,NO,1,4,9,58,0,3465,,,,punt,0,0,0,0
2022,3,NO,CAR,2,4,11,42,0,3148,,,,punt,0,0,0,0
2022,3,CAR,NO,3,4,6,76,0,3095,,,,punt,0,0,0,0
2022,3,NO,CAR,5,4,6,71,-7,2976,,,,punt,0,0,0,0
2022,3,CAR,NO,6,4,8,27,7,2662,,,,field_goal,0,0,0,0
2022,3,NO,CAR,7,4,9,74,-10,2513,,,,punt,0,0,0,0
2022,3,CAR,NO,8,4,19,80,10,2418,,,,punt,0,0,0,0
2022,3,NO,CAR,9,4,7,62,-10,2319,,,,punt,0,0,0,0
2022,3,CAR,NO,10,4,4,30,10,1980,,,,field_goal,0,0,0,0
2022,3,NO,CAR,11,4,3,11,-13,1833,,,,field_goal,0,0,0,0
2022,3,NO,CAR,13,4,22,30,-13,1341,,,,field_goal,0,0,0,0
2022,3,CAR,NO,14,4,4,38,13,1211,12,nickel,7,pass,0,0,0,0
2022,3,NO,CAR,15,4,6,58,-13,1140,,,,punt,0,0,0,0
2022,3,CAR,NO,16,4,5,44,13,969,,,,punt,0,0,0,0
2022,3,CAR,NO,20,4,6,16,12,503,,,,field_goal,0,0,0,0
2022,3,NO,CAR,21,4,14,79,-15,422,,,,punt,0,0,0,0
2022,3,CAR,NO,22,4,2,59,15,215,,,,punt,0,0,0,0
2022,3,CAR,NO,24,4,1,45,8,27,,,,punt,0,0,0,0
2022,3,WAS,PHI,1,4,12,62,0,3496,,,,punt,0,0,0,0
2022,3,PHI,WAS,2,4,5,49,0,3349,,,,punt,0,0,0,0
2022,3,WAS,PHI,3,4,20,90,0,3211,,,,punt,0,0,0,0
2022,3,PHI,WAS,4,4,13,59,0,3142,,,,punt,0,0,0,0
2022,3,WAS,PHI,5,4,13,61,0,2891,,,,punt,0,0,0,0
2022,3,PHI,WAS,6,4,8,14,0,2696,,,,field_goal,0,0,0,0
2022,3,WAS,PHI,9,4,10,60,-10,2446,,,,punt,0,0,0,0
2022,3,PHI,WAS,10,4,1,8,10,2231,11,nickel,7,run,0,0,0,0
2022,3,WAS,PHI,11,4,17,87,-10,2156,,,,punt,0,0,0,0
2022,3,WAS,PHI,13,4,7,72,-17,1928,,,,punt,0,0,0,0
2022,3,PHI,WAS,14,4,2,2,17,1801,12,nickel,8,pass,2,1,1,0
2022,3,PHI,WAS,15,4,19,44,24,1689,,,,punt,0,0,0,0
2022,3,WAS,PHI,16,4,3,73,-24,1564,,,,punt,0,0,0,0
2022,3,PHI,WAS,17,4,2,55,24,1369,,,,punt,0,0,0,0
2022,3,WAS,PHI,18,4,2,81,-24,1277,,,,punt,0,0,0,0
2022,3,PHI,WAS,19,4,10,59,24,1248,,,,punt,0,0,0,0
2022,3,WAS,PHI,20,4,12,29,-24,954,,,,penalty,15,1,0,0
2022,3,WAS,PHI,20,4,1,1,-24,854,11,nickel,7,pass,0,0,0,0
2022,3,WAS,PHI,22,4,22,26,-22,541,11,nickel,4,pass,-5,0,0,0
2022,3,PHI,WAS,23,4,12,57,22,316,,,,punt,0,0,0,0
2022,3,PHI,WAS,25,4,4,39,16,101,11,nickel,6,pass,10,1,0,0
2022,3,CLE,PIT,1,4,10,61,0,3488,,,,punt,0,0,0,0
2022,3,PIT,CLE,2,4,5,62,0,3371,,,,punt,0,0,0,0
2022,3,CLE,PIT,3,4,10,77,0,3224,,,,punt,0,0,0,0
2022,3,PIT,CLE,4,4,4,32,0,3060,,,,field_goal,0,0,0,0
2022,3,CLE,PIT,5,4,1,51,0,3002,11,nickel,7,run,3,1,0,0
2022,3,CLE,PIT,9,4,2,31,-1,1834,12,,8,pass,0,0,0,0
2022,3,PIT,CLE,11,4,10,46,1,1480,,,,punt,0,0,0,0
2022,3,CLE,PIT,12,4,1,36,-1,1181,heavy,base,8,run,9,1,0,0
2022,3,CLE,PIT,12,4,10,16,-1,1054,,,,field_goal,0,0,0,0
2022,3,PIT,CLE,13,4,3,68,-2,976,,,,punt,0,0,0,0
2022,3,CLE,PIT,14,4,1,1,2,573,12,,11,run,1,1,1,0
2022,3,PIT,CLE,15,4,15,80,-9,522,,,,punt,0,0,0,0
2022,3,CLE,PIT,16,4,12,52,9,340,,,,punt,0,0,0,0
2022,3,PIT,CLE,17,4,6,90,-9,266,,,,punt,0,0,0,0
2022,3,CLE,PIT,18,4,17,58,9,200,,,,punt,0,0,0,0
2022,3,PIT,CLE,19,4,1,17,-9,111,,,,field_goal,0,0,0,0
2022,3,CLE,PIT,20,4,1,37,6,15,,,,punt,0,0,0,0
2022,3,SF,DEN,1,4,9,74,0,3477,,,,punt,0,0,0,0
2022,3,DEN,SF,2,4,7,68,0,3379,,,,punt,0,0,0,0
2022,3,DEN,SF,4,4,2,67,-7,3136,,,,punt,0,0,0,0
2022,3,SF,DEN,5,4,19,74,7,2971,,,,punt,0,0,0,0
2022,3,DEN,SF,6,4,5,75,-7,2880,,,,punt,0,0,0,0
2022,3,SF,DEN,7,4,3,51,7,2717,,,,punt,0,0,0,0
2022,3,DEN,SF,8,4,7,37,-7,2520,,,,field_goal,0,0,0,0
2022,3,SF,DEN,9,4,4,47,4,2368,,,,punt,0,0,0,0
2022,3,DEN,SF,10,4,23,41,-4,1957,,,,punt,0,0,0,0
2022,3,SF,DEN,11,4,9,96,4,1903,,,,punt,0,0,0,0
2022,3,DEN,SF,12,4,11,51,-4,1867,,,,punt,0,0,0,0
2022,3,DEN,SF,14,4,14,79,-4,1740,,,,punt,0,0,0,0
2022,3,DEN,SF,16,4,9,49,-4,1541,,,,punt,0,0,0,0
2022,3,DEN,SF,18,4,4,35,-2,1131,,,,field_goal,0,0,0,0
2022,3,SF,DEN,19,4,18,47,2,1007,,,,punt,0,0,0,0
2022,3,DEN,SF,20,4,13,97,-2,941,,,,punt,0,0,0,0
2022,3,SF,DEN,21,4,2,33,2,854,,,,field_goal,0,0,0,0
2022,3,DEN,SF,22,4,1,66,-5,755,,,,punt,0,0,0,0
2022,3,SF,DEN,23,4,3,56,5,623,,,,punt,0,0,0,0
2022,3,DEN,SF,26,4,5,53,1,111,,,,punt,0,0,0,0
2022,4,ARI,CAR,1,4,4,70,0,3492,,,,punt,0,0,0,0
2022,4,CAR,ARI,2,4,1,61,0,3358,12,base,7,run,0,0,0,0
2022,4,ARI,CAR,3,4,1,10,0,3151,heavy,base,7,run,-4,0,0,0
2022,4,CAR,ARI,4,4,2,78,0,3101,,,,punt,0,0,0,0
2022,4,ARI,CAR,5,4,6,62,0,3007,,,,punt,0,0,0,0
2022,4,CAR,ARI,6,4,10,55,0,2700,,,,punt,0,0,0,0
2022,4,ARI,CAR,8,4,1,58,-7,2343,11,base,7,pass,0,0,0,0
2022,4,ARI,CAR,10,4,4,15,-7,2017,,,,field_goal,0,0,0,0
2022,4,ARI,CAR,12,4,2,74,-4,1832,,,,punt,0,0,0,0
2022,4,CAR,ARI,14,4,14,79,7,1681,,,,punt,0,0,0,0
2022,4,CAR,ARI,16,4,12,64,0,1260,,,,punt,0,0,0,0
2022,4,ARI,CAR,17,4,21,21,0,686,,,,field_goal,0,0,0,0
2022,4,CAR,ARI,20,4,1,69,-10,556,11,base,7,pass,0,0,0,0
2022,4,CAR,ARI,22,4,7,32,-16,364,11,nickel,6,pass,16,1,0,0
2022,4,BUF,BAL,3,4,7,20,-7,3318,,,,field_goal,0,0,0,0
2022,4,BAL,BUF,6,4,18,24,11,2577,,,,field_goal,0,0,0,0
2022,4,BUF,BAL,7,4,1,66,-14,2486,,,,punt,0,0,0,0
2022,4,BAL,BUF,8,4,14,33,14,2024,,,,field_goal,0,0,0,0
2022,4,BUF,BAL,9,4,3,68,-17,1978,,,,punt,0,0,0,0
2022,4,BAL,BUF,10,4,5,70,17,1917,,,,punt,0,0,0,0
2022,4,BAL,BUF,13,4,15,70,10,1740,,,,punt,0,0,0,0
2022,4,BUF,BAL,14,4,1,25,-10,1540,21,base,8,run,4,1,0,0
2022,4,BUF,BAL,14,4,10,21,-10,1485,,,,field_goal,0,0,0,0
2022,4,BAL,BUF,15,4,8,57,7,1320,,,,punt,0,0,0,0
2022,4,BAL,BUF,17,4,1,66,0,995,21,nickel,7,run,2,1,0,0
2022,4,BUF,BAL,18,4,21,61,0,825,,,,punt,0,0,0,0
2022,4,BAL,BUF,19,4,2,2,0,255,12,nickel,7,pass,0,0,0,1
2022,4,NYG,CHI,1,4,9,74,0,3532,,,,punt,0,0,0,0
2022,4,CHI,NYG,2,4,7,11,0,3211,,,,field_goal,0,0,0,0
2022,4,CHI,NYG,4,4,2,4,-4,2793,,,,field_goal,0,0,0,0
2022,4,NYG,CHI,5,4,10,52,1,2647,,,,punt,0,0,0,0
2022,4,CHI,NYG,8,4,15,80,-8,2042,,,,punt,0,0,0,1
2022,4,CHI,NYG,9,4,9,22,-8,1909,,,,field_goal,0,0,0,0
2022,4,NYG,CHI,10,4,1,57,5,1844,,,,punt,0,0,0,0
2022,4,CHI,NYG,12,4,9,17,-5,1565,,,,field_goal,0,0,0,0
2022,4,NYG,CHI,13,4,10,75,2,1305,,,,punt,0,0,0,0
2022,4,CHI,NYG,14,4,11,62,-2,1172,,,,punt,0,0,0,0
2022,4,NYG,CHI,15,4,14,26,2,997,,,,field_goal,0,0,0,0
2022,4,CHI,NYG,16,4,4,70,-5,945,,,,punt,0,0,0,0
2022,4,CHI,NYG,18,4,3,89,-5,738,,,,punt,0,0,0,0
2022,4,NYG,CHI,19,4,5,25,5,334,,,,field_goal,0,0,0,0
2022,4,CHI,NYG,20,4,2,55,-8,195,,,,punt,0,0,0,0
2022,4,NYG,CHI,21,4,6,93,8,133,,,,punt,0,0,0,1
2022,4,NYG,CHI,22,4,5,19,8,21,,,,field_goal,0,0,0,0
2022,4,CLE,ATL,1,4,3,4,0,3330,12,base,7,pass,0,0,0,0
2022,4,ATL,CLE,2,4,12,12,0,2920,,,,field_goal,0,0,0,0
2022,4,CLE,ATL,5,4,1,39,-10,2555,12,base,8,run,2,1,0,0
2022,4,ATL,CLE,6,4,4,69,3,2201,,,,punt,0,0,0,0
2022,4,CLE,ATL,7,4,1,71,-3,2075,11,base,8,run,3,1,0,0
2022,4,CLE,ATL,7,4,11,11,-3,1811,,,,field_goal,0,0,0,0
2022,4,ATL,CLE,9,4,6,71,0,1747,,,,punt,0,0,0,0
2022,4,CLE,ATL,10,4,7,75,0,1632,,,,punt,0,0,0,0
2022,4,ATL,CLE,11,4,26,85,0,1547,,,,punt,0,0,0,0
2022,4,CLE,ATL,12,4,8,61,0,1484,,,,punt,0,0,0,0
2022,4,CLE,ATL,14,4,5,27,0,1092,,,,field_goal,0,0,0,0
2022,4,ATL,CLE,17,4,2,2,-3,443,,,,field_goal,0,0,0,0
2022,4,CLE,ATL,18,4,6,44,0,224,,,,punt,0,0,0,0
2022,4,ATL,CLE,19,4,3,27,0,153,,,,field_goal,0,0,0,0
2022,4,LV,DEN,1,4,5,8,0,3297,,,,field_goal,0,0,0,0
2022,4,DEN,LV,2,4,15,65,-3,3136,,,,punt,0,0,0,0
2022,4,LV,DEN,3,4,21,98,3,3009,,,,punt,0,0,0,0
2022,4,DEN,LV,6,4,7,9,-3,2286,,,,field_goal,0,0,0,0
2022,4,LV,DEN,7,4,9,79,0,2197,,,,punt,0,0,0,0
2022,4,DEN,LV,8,4,1,43,0,2046,heavy,base,8,run,2,1,0,0
2022,4,DEN,LV,11,4,10,63,-3,1608,,,,punt,0,0,0,0
2022,4,LV,DEN,12,4,17,75,3,1464,,,,punt,0,0,0,0
2022,4,DEN,LV,13,4,14,55,-3,1338,,,,punt,0,0,0,0
2022,4,LV,DEN,14,4,3,3,3,1051,,,,field_goal,0,0,0,0
2022,4,DEN,LV,15,4,11,76,-6,969,,,,punt,0,0,0,0
2022,4,LV,DEN,16,4,3,61,6,897,,,,punt,0,0,0,0
2022,4,DEN,LV,17,4,9,98,-6,795,,,,punt,0,0,0,0
2022,4,LV,DEN,18,4,1,13,6,594,,,,field_goal,0,0,0,0
2022,4,DEN,LV,21,4,5,70,-9,104,11,dime,5,pass,0,0,0,0
2022,4,JAX,PHI,1,4,5,72,0,3551,,,,punt,0,0,0,0
2022,4,PHI,JAX,2,4,1,70,0,3471,heavy,base,8,run,3,1,0,0
2022,4,PHI,JAX,3,4,7,53,-7,3209,,,,punt,0,0,0,0
2022,4,PHI,JAX,5,4,3,40,-14,2781,11,nickel,5,pass,0,0,0,0
2022,4,JAX,PHI,6,4,3,34,14,2613,11,nickel,6,pass,-11,0,0,1
2022,4,PHI,JAX,7,4,3,3,-14,2360,11,nickel,6,run,3,1,1,0
2022,4,JAX,PHI,8,4,10,75,7,2314,,,,punt,0,0,0,0
2022,4,PHI,JAX,11,4,1,12,0,1870,heavy,base,8,run,2,1,0,0
2022,4,PHI,JAX,13,4,9,47,6,1673,,,,punt,0,0,0,0
2022,4,JAX,PHI,14,4,10,83,-6,1612,,,,punt,0,0,0,0
2022,4,PHI,JAX,15,4,3,71,6,1491,,,,punt,0,0,0,0
2022,4,PHI,JAX,17,4,11,25,6,902,,,,penalty,13,1,0,0
2022,4,PHI,JAX,17,4,8,10,6,825,,,,field_goal,0,0,0,0
2022,4,PHI,JAX,21,4,3,21,8,120,11,base,7,pass,0,0,0,0
2022,4,TB,KC,3,4,3,27,-7,3317,,,,field_goal,0,0,0,0
2022,4,TB,KC,5,4,2,67,-11,2847,,,,punt,0,0,0,0
2022,4,KC,TB,8,4,1,34,11,2113,heavy,base,7,pass,0,0,0,0
2022,4,KC,TB,13,4,6,26,11,1591,,,,field_goal,0,0,0,0
2022,4,TB,KC,14,4,10,65,-14,1538,,,,punt,0,0,0,0
2022,4,KC,TB,17,4,2,14,14,651,,,,field_goal,0,0,0,0
2022,4,TB,KC,18,4,21,68,-17,478,,,,punt,0,0,0,0
2022,4,KC,TB,21,4,10,64,10,52,,,,punt,0,0,0,0
2022,4,HOU,LAC,3,4,31,64,-7,3194,,,,punt,0,0,0,0
2022,4,LAC,HOU,4,4,5,68,7,3099,,,,punt,0,0,0,0
2022,4,HOU,LAC,5,4,4,28,-7,2843,,,,field_goal,0,0,0,0
2022,4,HOU,LAC,7,4,5,70,-14,2489,,,,punt,0,0,0,0
2022,4,LAC,HOU,10,4,5,5,14,2078,,,,field_goal,0,0,0,0
2022,4,HOU,LAC,11,4,1,24,-17,1861,heavy,base,9,pass,-8,0,0,0
2022,4,LAC,HOU,12,4,15,19,17,1804,,,,field_goal,0,0,0,0
2022,4,LAC,HOU,13,4,4,73,20,1715,,,,punt,0,0,0,0
2022,4,HOU,LAC,14,4,22,71,-20,1503,,,,punt,0,0,0,0
2022,4,LAC,HOU,15,4,5,45,20,1252,,,,punt,0,0,0,0
2022,4,LAC,HOU,17,4,12,60,13,787,,,,punt,0,0,0,0
2022,4,HOU,LAC,20,4,16,22,-6,514,,,,field_goal,0,0,0,0
2022,4,LAC,HOU,21,4,2,55,3,323,11,nickel,6,pass,21,1,0,0
2022,4,HOU,LAC,22,4,16,81,-10,120,11,dime,5,pass,0,0,0,1
2022,4,LA,SF,1,4,12,21,0,3113,,,,field_goal,0,0,0,0
2022,4,LA,SF,3,4,17,82,-4,2798,,,,punt,0,0,0,0
2022,4,SF,LA,4,4,6,43,4,2569,,,,punt,0,0,0,0
2022,4,LA,SF,5,4,9,79,-4,2518,,,,punt,0,0,0,0
2022,4,SF,LA,6,4,10,78,4,2498,,,,punt,0,0,0,0
2022,4,LA,SF,7,4,11,11,-4,2186,,,,field_goal,0,0,0,0
2022,4,LA,SF,9,4,22,79,-8,1841,,,,punt,0,0,0,0
2022,4,SF,LA,10,4,4,63,8,1802,heavy,dime,6,pass,0,0,0,0
2022,4,SF,LA,11,4,5,49,8,1638,,,,punt,0,0,0,0
2022,4,LA,SF,12,4,1,26,-8,1344,11,nickel,7,run,4,1,0,0
2022,4,LA,SF,12,4,7,7,-8,1168,,,,field_goal,0,0,0,0
2022,4,SF,LA,13,4,6,6,5,896,,,,field_goal,0,0,0,0
2022,4,LA,SF,14,4,10,79,-8,812,,,,punt,0,0,0,0
2022,4,SF,LA,15,4,5,24,8,523,,,,field_goal,0,0,0,0
2022,4,LA,SF,17,4,10,37,-15,150,11,nickel,6,pass,13,1,0,0
2022,4,SF,LA,18,4,9,83,15,54,,,,punt,0,0,0,0
2022,4,MIA,CIN,2,4,4,5,-7,3069,,,,field_goal,0,0,0,0
2022,4,CIN,MIA,3,4,8,61,4,2923,,,,punt,0,0,0,0
2022,4,CIN,MIA,5,4,1,24,4,2445,12,base,9,run,0,0,0,0
2022,4,MIA,CIN,6,4,10,30,-4,2256,,,,field_goal,0,0,0,0
2022,4,CIN,MIA,7,4,5,70,1,2207,,,,punt,0,0,0,0
2022,4,MIA,CIN,8,4,1,34,-1,2067,,,,field_goal,0,0,0,0
2022,4,MIA,CIN,12,4,15,81,-2,1717,,,,punt,0,0,0,0
2022,4,CIN,MIA,13,4,12,56,2,1522,,,,punt,0,0,0,0
2022,4,MIA,CIN,14,4,2,78,-2,1395,,,,punt,0,0,0,0
2022,4,CIN,MIA,15,4,6,45,2,1285,,,,punt,0,0,0,0
2022,4,MIA,CIN,16,4,2,2,-2,1063,,,,field_goal,0,0,0,0
2022,4,CIN,MIA,17,4,1,1,-1,723,,,,field_goal,0,0,0,0
2022,4,MIA,CIN,18,4,2,67,-2,598,,,,punt,0,0,0,0
2022,4,CIN,MIA,19,4,13,39,2,378,,,,field_goal,0,0,0,0
2022,4,MIA,CIN,22,4,4,45,-12,57,11,dime,5,pass,0,0,0,0
2022,4,NO,MIN,2,4,4,69,-7,3046,,,,punt,0,0,0,0
2022,4,MIN,NO,3,4,14,45,7,2855,,,,punt,0,0,0,0
2022,4,NO,MIN,4,4,7,85,-7,2768,,,,punt,0,0,0,0
2022,4,MIN,NO,7,4,10,57,0,2165,,,,punt,0,0,0,0
2022,4,NO,MIN,8,4,2,86,0,2030,,,,punt,0,0,0,0
2022,4,MIN,NO,9,4,1,10,0,1867,,,,field_goal,0,0,0,0
2022,4,MIN,NO,11,4,8,18,3,1803,,,,field_goal,0,0,0,0
2022,4,NO,MIN,12,4,7,57,-6,1688,,,,punt,0,0,0,0
2022,4,MIN,NO,13,4,9,84,6,1629,,,,punt,0,0,0,1
2022,4,MIN,NO,14,4,6,6,6,1466,,,,field_goal,0,0,0,0
2022,4,NO,MIN,15,4,4,41,-9,1311,11,nickel,6,pass,5,1,0,0
2022,4,MIN,NO,16,4,2,47,2,1020,21,base,,pass,13,1,0,0
2022,4,MIN,NO,16,4,14,27,2,859,,,,field_goal,0,0,0,0
2022,4,NO,MIN,19,4,9,42,-3,116,,,,field_goal,0,0,0,0
2022,4,MIN,NO,20,4,10,29,0,29,,,,field_goal,0,0,0,0
2022,4,NE,GB,1,4,10,19,0,3289,,,,field_goal,0,0,0,0
2022,4,NE,GB,3,4,18,45,3,3007,,,,punt,0,0,0,0
2022,4,GB,NE,4,4,16,46,-3,2852,,,,punt,0,0,0,0
2022,4,NE,GB,5,4,8,90,3,2774,,,,punt,0,0,0,0
2022,4,NE,GB,7,4,10,62,-4,2401,,,,punt,0,0,0,0
2022,4,GB,NE,8,4,8,78,4,2339,,,,punt,0,0,0,0
2022,4,NE,GB,9,4,1,46,-4,2153,,,,punt,0,0,0,0
2022,4,GB,NE,10,4,3,69,4,2015,,,,punt,0,0,0,0
2022,4,GB,NE,14,4,1,28,-3,1576,11,nickel,7,run,17,1,0,0
2022,4,GB,NE,16,4,3,20,-3,909,,,,field_goal,0,0,0,0
2022,4,NE,GB,19,4,9,74,0,238,,,,punt,0,0,0,0
2022,4,GB,NE,20,4,13,45,0,122,,,,punt,0,0,0,0
2022,4,NE,GB,21,4,1,89,0,14,,,,punt,0,0,0,0
2022,4,GB,NE,23,4,7,72,0,506,,,,punt,0,0,0,0
2022,4,NE,GB,24,4,5,46,0,414,,,,punt,0,0,0,0
2022,4,PIT,NYJ,1,4,3,45,0,3305,,,,punt,0,0,0,0
2022,4,NYJ,PIT,2,4,1,82,0,3173,,,,punt,0,0,0,0
2022,4,NYJ,PIT,4,4,4,20,0,2946,,,,field_goal,0,0,0,0
2022,4,PIT,NYJ,5,4,1,66,-3,2833,,,,punt,0,0,0,0
2022,4,PIT,NYJ,7,4,18,33,-10,2314,,,,field_goal,0,0,0,0
2022,4,NYJ,PIT,8,4,8,58,7,2259,,,,punt,0,0,0,0
2022,4,PIT,NYJ,9,4,18,69,-7,2130,,,,punt,0,0,0,0
2022,4,NYJ,PIT,10,4,14,69,7,2032,,,,punt,0,0,0,0
2022,4,PIT,NYJ,11,4,25,81,-7,1959,,,,punt,0,0,0,0
2022,4,NYJ,PIT,14,4,9,74,4,1747,,,,punt,0,0,0,0
2022,4,PIT,NYJ,15,4,1,69,-4,1633,12,base,8,run,2,1,0,0
2022,4,NYJ,PIT,18,4,10,52,-3,1216,,,,punt,0,0,0,0
2022,4,NYJ,PIT,20,4,7,39,-10,588,11,nickel,6,pass,22,1,0,0
2022,4,DET,SEA,2,4,5,69,-7,3125,,,,punt,0,0,0,1
2022,4,DET,SEA,5,4,3,65,-8,2887,spread,nickel,,pass,6,1,0,0
2022,4,DET,SEA,5,4,14,31,-8,2592,,,,field_goal,0,0,0,0
2022,4,SEA,DET,6,4,12,38,5,2353,,,,field_goal,0,0,0,0
2022,4,DET,SEA,9,4,1,1,-15,1803,heavy,,10,run,1,1,1,0
2022,4,DET,SEA,11,4,17,71,-16,1576,,,,punt,0,0,0,0
2022,4,SEA,DET,12,4,5,21,16,1353,,,,field_goal,0,0,0,0
2022,4,SEA,DET,16,4,3,7,7,576,,,,field_goal,0,0,0,0
2022,4,DET,SEA,17,4,10,48,-10,427,11,dime,5,pass,17,1,0,0
2022,4,IND,TEN,3,4,8,73,-7,3132,,,,punt,0,0,0,0
2022,4,IND,TEN,5,4,9,9,-14,2608,,,,field_goal,0,0,0,0
2022,4,TEN,IND,6,4,7,26,11,2384,,,,field_goal,0,0,0,0
2022,4,TEN,IND,11,4,16,82,14,1662,,,,punt,0,0,0,0
2022,4,TEN,IND,13,4,7,72,7,1246,,,,punt,0,0,0,0
2022,4,IND,TEN,14,4,15,39,-7,900,,,,punt,0,0,0,0
2022,4,TEN,IND,15,4,2,72,7,786,,,,punt,0,0,0,0
2022,4,TEN,IND,17,4,17,65,7,297,,,,punt,0,0,0,0
2022,4,IND,TEN,18,4,21,33,-7,123,,,,field_goal,0,0,0,0
2022,4,DAL,WAS,1,4,6,35,0,3399,,,,field_goal,0,0,0,0
2022,4,WAS,DAL,2,4,21,62,-3,3132,,,,punt,0,0,0,0
2022,4,DAL,WAS,3,4,9,89,3,3006,,,,punt,0,0,0,0
2022,4,WAS,DAL,4,4,15,67,-3,2876,,,,punt,0,0,0,0
2022,4,DAL,WAS,5,4,6,27,3,2700,,,,field_goal,0,0,0,0
2022,4,WAS,DAL,6,4,11,45,-6,2503,,,,punt,0,0,0,0
2022,4,DAL,WAS,7,4,9,83,6,2448,,,,punt,0,0,0,0
2022,4,WAS,DAL,12,4,9,62,-5,1590,,,,punt,0,0,0,0
2022,4,DAL,WAS,13,4,12,89,5,1492,,,,punt,0,0,0,0
2022,4,WAS,DAL,14,4,27,78,-5,1375,,,,punt,0,0,0,0
2022,4,DAL,WAS,15,4,3,10,5,1200,,,,field_goal,0,0,0,0
2022,4,WAS,DAL,16,4,18,27,-8,991,,,,field_goal,0,0,0,0
2022,4,WAS,DAL,18,4,3,60,-12,762,,,,punt,0,0,0,0
2022,4,DAL,WAS,19,4,11,92,12,688,,,,punt,0,0,0,0
2022,4,WAS,DAL,20,4,15,16,-12,482,11,dime,5,pass,0,0,0,0
2022,4,DAL,WAS,21,4,3,50,12,377,,,,punt,0,0,0,0
2022,4,DAL,WAS,23,4,1,11,12,234,,,,field_goal,0,0,0,0
2022,4,WAS,DAL,24,4,2,56,-15,165,11,dime,6,pass,0,0,0,0
2022,4,DAL,WAS,25,4,11,45,15,120,,,,punt,0,0,0,0
2022,5,TB,ATL,1,4,8,65,0,3519,,,,punt,0,0,0,0
2022,5,ATL,TB,2,4,17,75,0,3351,,,,punt,0,0,0,0
2022,5,TB,ATL,3,4,1,15,0,2997,11,base,8,run,0,0,0,0
2022,5,ATL,TB,4,4,7,49,0,2700,,,,punt,0,0,0,0
2022,5,ATL,TB,6,4,7,51,-7,2155,,,,punt,0,0,0,0
2022,5,TB,ATL,7,4,3,3,7,1881,,,,field_goal,0,0,0,0
2022,5,ATL,TB,8,4,19,34,-10,1824,,,,field_goal,0,0,0,0
2022,5,ATL,TB,10,4,1,73,-13,1691,spread,base,8,run,3,1,0,0
2022,5,ATL,TB,10,4,4,64,-13,1542,,,,punt,0,0,0,0
2022,5,ATL,TB,12,4,10,57,-21,1113,,,,punt,0,0,0,0
2022,5,TB,ATL,13,4,4,81,21,1020,,,,punt,0,0,0,0
2022,5,TB,ATL,15,4,4,69,14,785,,,,punt,0,0,0,0
2022,5,ATL,TB,16,4,22,66,-14,636,,,,punt,0,0,0,0
2022,5,TB,ATL,17,4,7,72,14,596,,,,punt,0,0,0,0
2022,5,CHI,MIN,2,4,15,31,-7,3071,,,,field_goal,0,0,0,0
2022,5,CHI,MIN,4,4,15,91,-11,2630,,,,punt,0,0,0,0
2022,5,CHI,MIN,6,4,7,60,-18,2055,,,,punt,0,0,0,0
2022,5,MIN,CHI,7,4,11,55,18,1920,,,,punt,0,0,0,0
2022,5,MIN,CHI,11,4,10,33,5,1358,,,,field_goal,0,0,0,0
2022,5,CHI,MIN,12,4,4,37,-5,1098,11,nickel,5,run,7,1,0,0
2022,5,CHI,MIN,12,4,5,25,-5,969,,,,field_goal,0,0,0,0
2022,5,MIN,CHI,13,4,4,47,2,779,11,nickel,6,penalty,5,1,0,0
2022,5,CHI,MIN,14,4,3,33,-2,571,,,,field_goal,0,0,0,0
2022,5,CIN,BAL,1,4,4,58,0,3483,,,,punt,0,0,0,0
2022,5,BAL,CIN,2,4,8,19,0,3187,,,,field_goal,0,0,0,0
2022,5,CIN,BAL,3,4,20,79,-3,3067,,,,punt,0,0,0,0
2022,5,BAL,CIN,4,4,11,47,3,2878,,,,punt,0,0,0,0
2022,5,CIN,BAL,5,4,3,84,-3,2787,,,,punt,0,0,0,0
2022,5,CIN,BAL,7,4,2,70,-10,2482,,,,punt,0,0,0,0
2022,5,BAL,CIN,10,4,4,57,3,1920,,,,punt,0,0,0,0
2022,5,CIN,BAL,11,4,7,22,-3,1808,,,,field_goal,0,0,0,0
2022,5,BAL,CIN,13,4,3,41,0,1656,12,nickel,7,pass,0,0,0,0
2022,5,BAL,CIN,15,4,4,40,0,1554,,,,field_goal,0,0,0,0
2022,5,CIN,BAL,16,4,2,2,-3,1068,11,nickel,6,pass,0,0,0,0
2022,5,BAL,CIN,17,4,5,7,3,586,,,,field_goal,0,0,0,0
2022,5,LA,DAL,2,4,10,46,-6,3282,,,,punt,0,0,0,0
2022,5,DAL,LA,3,4,5,15,6,3227,,,,field_goal,0,0,0,0
2022,5,LA,DAL,4,4,9,10,-9,3025,,,,field_goal,0,0,0,0
2022,5,DAL,LA,5,4,14,61,6,2829,,,,punt,0,0,0,0
2022,5,LA,DAL,6,4,5,68,-6,2581,,,,punt,0,0,0,0
2022,5,DAL,LA,7,4,2,55,6,2467,,,,punt,0,0,0,0
2022,5,LA,DAL,10,4,7,72,-6,2194,,,,punt,0,0,0,0
2022,5,DAL,LA,11,4,12,67,6,2010,,,,punt,0,0,0,0
2022,5,LA,DAL,12,4,5,75,-6,1949,spread,base,,pass,12,1,0,0
2022,5,LA,DAL,12,4,4,44,-6,1829,,,,punt,0,0,0,0
2022,5,DAL,LA,14,4,5,22,6,1395,,,,field_goal,0,0,0,0
2022,5,LA,DAL,15,4,22,58,-9,1074,,,,punt,0,0,0,0
2022,5,DAL,LA,16,4,7,92,9,939,,,,punt,0,0,0,0
2022,5,LA,DAL,17,4,14,33,-9,818,,,,field_goal,0,0,0,0
2022,5,DAL,LA,18,4,5,54,9,760,,,,punt,0,0,0,0
2022,5,LA,DAL,19,4,3,83,-9,680,,,,punt,0,0,0,0
2022,5,DAL,LA,20,4,1,17,9,336,,,,field_goal,0,0,0,0
2022,5,DAL,LA,22,4,8,94,12,153,,,,punt,0,0,0,0
2022,5,DET,NE,1,4,1,55,0,3378,21,base,8,run,0,0,0,0
2022,5,NE,DET,2,4,8,19,0,3230,,,,field_goal,0,0,0,0
2022,5,NE,DET,4,4,3,14,3,2659,,,,field_goal,0,0,0,0
2022,5,DET,NE,5,4,21,45,-6,2415,,,,punt,0,0,0,0
2022,5,DET,NE,7,4,9,32,-6,2020,11,dime,6,pass,-9,0,1,1
2022,5,DET,NE,8,4,5,70,-13,1916,,,,punt,0,0,0,0
2022,5,NE,DET,10,4,10,19,16,1513,,,,field_goal,0,0,0,0
2022,5,DET,NE,11,4,2,34,-19,1301,11,nickel,7,pass,0,0,0,0
2022,5,DET,NE,13,4,5,5,-26,797,11,dime,6,pass,0,0,0,0
2022,5,NE,DET,14,4,5,86,26,684,,,,punt,0,0,0,0
2022,5,DET,NE,15,4,1,31,-26,565,11,nickel,7,run,-1,0,0,0
2022,5,NE,DET,16,4,4,11,26,305,,,,field_goal,0,0,0,0
2022,5,DET,NE,17,4,4,18,-29,190,11,dime,6,pass,0,0,0,0
2022,5,NE,DET,18,4,14,64,29,34,,,,punt,0,0,0,0
2022,5,HOU,JAX,1,4,6,71,0,3549,,,,punt,0,0,0,0
2022,5,JAX,HOU,2,4,9,79,0,3456,,,,punt,0,0,0,0
2022,5,HOU,JAX,3,4,5,48,0,3323,,,,punt,0,0,0,0
2022,5,JAX,HOU,4,4,6,43,0,3136,,,,punt,0,0,0,0
2022,5,HOU,JAX,5,4,8,74,0,3036,,,,punt,0,0,0,0
2022,5,JAX,HOU,6,4,8,8,0,2785,,,,field_goal,0,0,0,0
2022,5,HOU,JAX,7,4,3,31,-3,2549,,,,field_goal,0,0,0,0
2022,5,JAX,HOU,8,4,4,37,0,2290,11,nickel,6,pass,0,0,0,0
2022,5,HOU,JAX,9,4,9,33,0,2008,,,,field_goal,0,0,0,0
2022,5,JAX,HOU,10,4,15,26,-3,1811,,,,field_goal,0,0,0,0
2022,5,HOU,JAX,13,4,1,49,0,1021,,,,punt,0,0,0,0
2022,5,JAX,HOU,14,4,1,38,0,754,11,nickel,6,run,0,0,0,0
2022,5,HOU,JAX,15,4,6,58,0,628,,,,punt,0,0,0,0
2022,5,JAX,HOU,16,4,15,85,0,609,,,,punt,0,0,0,0
2022,5,JAX,HOU,18,4,10,50,-7,107,11,nickel,6,pass,0,0,0,0
2022,5,HOU,JAX,19,4,9,49,7,47,,,,punt,0,0,0,0
2022,5,IND,DEN,1,4,2,67,0,3528,,,,punt,0,0,0,0
2022,5,DEN,IND,2,4,12,15,0,3272,,,,field_goal,0,0,0,0
2022,5,IND,DEN,3,4,7,51,-3,3093,,,,punt,0,0,0,0
2022,5,DEN,IND,4,4,14,90,3,3023,,,,punt,0,0,0,0
2022,5,IND,DEN,5,4,9,59,-3,2962,,,,punt,0,0,0,0
2022,5,DEN,IND,6,4,5,82,3,2870,,,,punt,0,0,0,0
2022,5,IND,DEN,7,4,21,79,-3,2720,,,,punt,0,0,0,0
2022,5,DEN,IND,8,4,5,26,3,2462,,,,field_goal,0,0,0,0
2022,5,DEN,IND,10,4,11,49,6,2039,,,,punt,0,0,0,0
2022,5,IND,DEN,11,4,28,33,-6,1817,,,,field_goal,0,0,0,0
2022,5,DEN,IND,13,4,9,64,3,1679,,,,punt,0,0,0,0
2022,5,IND,DEN,14,4,11,32,-3,1436,,,,field_goal,0,0,0,0
2022,5,DEN,IND,15,4,16,16,0,1175,,,,field_goal,0,0,0,0
2022,5,DEN,IND,17,4,10,27,0,1103,,,,field_goal,0,0,0,0
2022,5,IND,DEN,18,4,6,71,-3,1020,,,,punt,0,0,0,0
2022,5,IND,DEN,20,4,17,45,-3,653,,,,punt,0,0,0,0
2022,5,DEN,IND,21,4,2,72,3,522,,,,punt,0,0,0,0
2022,5,IND,DEN,22,4,5,66,-3,422,,,,punt,0,0,0,0
2022,5,DEN,IND,23,4,1,28,3,190,11,nickel,7,pass,9,1,0,0
2022,5,IND,DEN,24,4,6,13,-3,8,,,,field_goal,0,0,0,0
2022,5,IND,DEN,26,4,3,30,0,354,,,,field_goal,0,0,0,0
2022,5,DEN,IND,27,4,1,5,-3,158,11,nickel,7,pass,0,0,0,0
2022,5,LAC,CLE,2,4,2,28,-7,3236,11,nickel,6,pass,0,0,0,0
2022,5,LAC,CLE,4,4,9,9,-14,2850,,,,field_goal,0,0,0,0
2022,5,CLE,LAC,5,4,6,71,11,2751,,,,punt,0,0,0,0
2022,5,CLE,LAC,7,4,4,62,4,2520,,,,punt,0,0,0,0
2022,5,LAC,CLE,10,4,1,65,-4,1915,,,,punt,0,0,0,0
2022,5,CLE,LAC,11,4,10,27,4,1816,,,,field_goal,0,0,0,0
2022,5,CLE,LAC,14,4,1,66,-3,1435,12,base,9,run,-4,0,0,0
2022,5,LAC,CLE,15,4,7,7,3,1250,,,,field_goal,0,0,0,0
2022,5,LAC,CLE,17,4,7,9,-1,572,,,,field_goal,0,0,0,0
2022,5,LAC,CLE,19,4,1,54,2,74,11,nickel,5,pass,0,0,0,0
2022,5,CLE,LAC,20,4,10,35,-2,16,,,,field_goal,0,0,0,0
2022,5,LV,KC,1,4,9,74,0,3485,,,,punt,0,0,0,0
2022,5,KC,LV,2,4,21,90,0,3392,,,,punt,0,0,0,0
2022,5,LV,KC,3,4,1,58,0,3216,21,base,8,pass,58,1,1,0
2022,5,KC,LV,4,4,10,23,-7,2947,,,,field_goal,0,0,0,0
2022,5,KC,LV,6,4,4,69,-14,2552,,,,punt,0,0,0,0
2022,5,LV,KC,7,4,1,34,14,2367,,,,field_goal,0,0,0,0
2022,5,LV,KC,9,4,2,32,10,1821,,,,field_goal,0,0,0,0
2022,5,LV,KC,12,4,22,87,3,1335,,,,punt,0,0,0,0
2022,5,LV,KC,14,4,17,29,-4,850,,,,field_goal,0,0,0,0
2022,5,KC,LV,15,4,14,18,1,568,,,,penalty,5,1,0,0
2022,5,KC,LV,17,4,3,46,1,156,,,,punt,0,0,0,0
2022,5,LV,KC,18,4,1,54,-1,47,11,dime,7,pass,0,0,0,0
2022,5,NYJ,MIA,1,4,2,56,0,3477,,,,punt,0,0,0,0
2022,5,NYJ,MIA,3,4,16,46,2,3291,,,,punt,0,0,0,0
2022,5,MIA,NYJ,4,4,20,64,-2,3106,,,,punt,0,0,0,0
2022,5,NYJ,MIA,5,4,4,16,2,2890,,,,field_goal,0,0,0,0
2022,5,MIA,NYJ,6,4,2,67,-5,2758,,,,punt,0,0,0,0
2022,5,NYJ,MIA,9,4,6,72,5,2337,,,,punt,0,0,0,0
2022,5,MIA,NYJ,14,4,7,28,-5,1424,,,,field_goal,0,0,0,0
2022,5,NYJ,MIA,15,4,1,44,2,1230,11,nickel,6,pass,0,0,0,0
2022,5,MIA,NYJ,16,4,10,55,-2,1146,,,,punt,0,0,0,0
2022,5,NYJ,MIA,17,4,8,74,2,932,,,,punt,0,0,0,0
2022,5,MIA,NYJ,18,4,5,36,-2,799,,,,field_goal,0,0,0,0
2022,5,MIA,NYJ,22,4,1,66,-16,456,21,base,7,run,-4,0,0,0
2022,5,MIA,NYJ,24,4,7,14,-23,66,spread,nickel,6,pass,0,0,0,0
2022,5,GB,NYG,1,4,10,27,0,3370,,,,field_goal,0,0,0,0
2022,5,NYG,GB,2,4,4,70,-3,3275,,,,punt,0,0,0,0
2022,5,GB,NYG,3,4,11,73,3,3144,,,,punt,0,0,0,0
2022,5,NYG,GB,4,4,17,84,-3,3048,,,,punt,0,0,0,0
2022,5,NYG,GB,6,4,7,31,-10,2714,,,,field_goal,0,0,0,0
2022,5,GB,NYG,9,4,11,30,7,1804,,,,field_goal,0,0,0,0
2022,5,NYG,GB,10,4,5,19,-10,1382,,,,field_goal,0,0,0,0
2022,5,GB,NYG,11,4,14,42,7,1105,,,,punt,0,0,0,0
2022,5,GB,NYG,13,4,10,75,0,592,,,,punt,0,0,0,0
2022,5,GB,NYG,15,4,1,6,-7,65,11,nickel,8,pass,0,0,0,0
2022,5,NYG,GB,16,4,14,97,7,15,spread,nickel,,run,-3,0,0,0
2022,5,ARI,PHI,1,4,9,72,0,3446,,,,punt,0,0,0,0
2022,5,PHI,ARI,2,4,1,3,0,3220,11,nickel,7,run,2,1,0,0
2022,5,PHI,ARI,4,4,2,57,7,3073,,,,punt,0,0,0,0
2022,5,ARI,PHI,5,4,10,52,-7,2859,,,,punt,0,0,0,0
2022,5,ARI,PHI,7,4,7,72,-14,2371,,,,punt,0,0,0,0
2022,5,PHI,ARI,8,4,22,88,14,2273,,,,punt,0,0,0,0
2022,5,PHI,ARI,10,4,2,52,7,2014,,,,punt,0,0,0,0
2022,5,ARI,PHI,11,4,4,72,-7,1915,11,nickel,,run,7,1,0,0
2022,5,PHI,ARI,12,4,19,24,4,1501,,,,field_goal,0,0,0,0
2022,5,ARI,PHI,13,4,22,65,-7,1184,,,,punt,0,0,0,0
2022,5,PHI,ARI,14,4,18,49,7,932,,,,punt,0,0,0,0
2022,5,PHI,ARI,16,4,5,5,0,108,,,,field_goal,0,0,0,0
2022,5,ARI,PHI,17,4,1,25,-3,22,,,,field_goal,0,0,0,0
2022,5,BUF,PIT,2,4,20,31,7,3422,,,,field_goal,0,0,0,0
2022,5,PIT,BUF,3,4,8,11,-7,3042,,,,field_goal,0,0,0,0
2022,5,BUF,PIT,4,4,9,17,4,2865,,,,field_goal,0,0,0,0
2022,5,PIT,BUF,5,4,6,71,-7,2748,,,,punt,0,0,0,0
2022,5,PIT,BUF,7,4,2,72,-7,2387,,,,punt,0,0,0,0
2022,5,PIT,BUF,9,4,8,73,-14,2284,,,,punt,0,0,0,0
2022,5,PIT,BUF,11,4,5,15,-21,2023,,,,field_goal,0,0,0,0
2022,5,PIT,BUF,15,4,6,20,-28,1544,11,nickel,4,pass,0,0,0,0
2022,5,PIT,BUF,17,4,13,27,-28,907,,,,field_goal,0,0,0,0
2022,5,PIT,BUF,19,4,10,30,-35,621,11,nickel,6,pass,0,0,0,0
2022,5,BUF,PIT,20,4,1,61,35,515,,,,punt,0,0,0,0
2022,5,PIT,BUF,21,4,10,80,-35,456,,,,punt,0,0,0,0
2022,5,BUF,PIT,22,4,5,49,35,395,,,,punt,0,0,0,0
2022,5,PIT,BUF,23,4,14,26,-35,67,11,nickel,4,pass,0,0,0,0
2022,5,NO,SEA,1,4,5,37,0,3279,,,,field_goal,0,0,0,0
2022,5,NO,SEA,3,4,9,70,-4,2957,,,,punt,0,0,0,0
2022,5,SEA,NO,4,4,6,38,4,2778,,,,field_goal,0,0,0,0
2022,5,SEA,NO,6,4,11,76,0,2334,,,,punt,0,0,0,0
2022,5,NO,SEA,7,4,4,58,0,2212,,,,punt,0,0,0,0
2022,5,SEA,NO,8,4,9,79,0,2068,spread,base,,run,-8,0,0,0
2022,5,SEA,NO,10,4,8,13,-7,1906,,,,field_goal,0,0,0,0
2022,5,SEA,NO,16,4,14,60,-5,1517,,,,punt,0,0,0,0
2022,5,NO,SEA,17,4,4,62,5,1349,,,,punt,0,0,0,0
2022,5,SEA,NO,18,4,3,73,-5,1267,,,,punt,0,0,0,0
2022,5,SEA,NO,20,4,23,47,-5,1072,,,,punt,0,0,0,0
2022,5,NO,SEA,23,4,7,47,6,468,,,,punt,0,0,0,0
2022,5,SEA,NO,26,4,16,81,-7,208,,,,punt,0,0,0,0
2022,5,CAR,SF,2,4,1,75,-7,3307,,,,punt,0,0,0,0
2022,5,CAR,SF,4,4,1,34,-7,2960,11,nickel,7,run,3,1,0,0
2022,5,CAR,SF,4,4,2,23,-7,2835,,,,field_goal,0,0,0,0
2022,5,SF,CAR,5,4,20,31,7,2581,,,,field_goal,0,0,0,0
2022,5,CAR,SF,6,4,4,25,-10,2284,,,,field_goal,0,0,0,0
2022,5,SF,CAR,7,4,5,45,7,2142,,,,punt,0,0,0,0
2022,5,CAR,SF,8,4,4,87,-7,2050,,,,punt,0,0,0,0
2022,5,SF,CAR,9,4,5,25,7,1908,,,,field_goal,0,0,0,0
2022,5,CAR,SF,11,4,1,60,-14,1811,,,,punt,0,0,0,0
2022,5,CAR,SF,13,4,1,19,-14,1623,11,nickel,7,run,19,1,1,0
2022,5,SF,CAR,14,4,3,43,8,1403,11,nickel,7,penalty,8,1,0,0
2022,5,CAR,SF,15,4,12,19,-15,1124,,,,field_goal,0,0,0,0
2022,5,CAR,SF,17,4,5,70,-18,600,11,nickel,6,pass,8,1,0,0
2022,5,CAR,SF,17,4,3,16,-18,415,,,,field_goal,0,0,0,0
2022,5,SF,CAR,18,4,6,47,15,276,,,,punt,0,0,0,0
2022,5,CAR,SF,19,4,10,90,-15,252,11,nickel,6,pass,-7,0,0,0
2022,5,CAR,SF,21,4,13,30,-22,27,11,nickel,6,pass,0,0,0,0
2022,5,TEN,WAS,1,4,6,71,0,3513,,,,punt,0,0,0,0
2022,5,WAS,TEN,2,4,4,61,0,3423,,,,punt,0,0,0,0
2022,5,TEN,WAS,3,4,7,64,0,3220,,,,punt,0,0,0,0
2022,5,WAS,TEN,4,4,11,82,0,3099,,,,punt,0,0,0,0
2022,5,WAS,TEN,6,4,10,32,-7,2731,,,,field_goal,0,0,0,0
2022,5,TEN,WAS,7,4,12,77,4,2657,,,,punt,0,0,0,0
2022,5,TEN,WAS,9,4,36,81,-3,2412,,,,punt,0,0,0,0
2022,5,WAS,TEN,10,4,15,67,3,2246,,,,punt,0,0,0,0
2022,5,WAS,TEN,13,4,4,44,-4,1661,,,,punt,0,0,0,0
2022,5,TEN,WAS,14,4,10,96,4,1572,,,,punt,0,0,0,0
2022,5,WAS,TEN,15,4,4,40,-4,1472,11,dime,6,pass,0,0,0,0
2022,5,TEN,WAS,16,4,16,65,4,1381,,,,punt,0,0,0,0
2022,5,WAS,TEN,19,4,22,89,-4,822,,,,punt,0,0,0,0
2022,5,TEN,WAS,20,4,2,42,4,755,11,nickel,6,run,4,1,0,0
2022,5,TEN,WAS,20,4,22,50,4,600,,,,punt,0,0,0,0
2022,5,WAS,TEN,21,4,6,70,-4,436,,,,punt,0,0,0,0
2022,5,TEN,WAS,22,4,5,70,4,298,,,,punt,0,0,0,0
2022,5,WAS,TEN,23,4,1,80,-4,235,11,nickel,6,run,2,1,0,0
2022,6,ARI,SEA,1,4,5,5,0,3324,,,,field_goal,0,0,0,0
2022,6,SEA,ARI,2,4,12,21,-3,3106,,,,field_goal,0,0,0,0
2022,6,ARI,SEA,3,4,4,20,0,2700,11,base,5,pass,0,0,0,0
2022,6,SEA,ARI,4,4,3,73,0,2577,,,,punt,0,0,0,0
2022,6,ARI,SEA,5,4,16,82,0,2457,,,,punt,0,0,0,0
2022,6,SEA,ARI,6,4,4,9,0,2169,,,,field_goal,0,0,0,0
2022,6,ARI,SEA,7,4,14,55,-3,2001,,,,punt,0,0,0,0
2022,6,SEA,ARI,8,4,16,77,3,1889,,,,punt,0,0,0,0
2022,6,ARI,SEA,9,4,13,67,-3,1861,,,,punt,0,0,0,0
2022,6,SEA,ARI,11,4,21,86,6,1719,,,,punt,0,0,0,0
2022,6,ARI,SEA,12,4,2,27,-6,1459,11,nickel,6,pass,0,0,0,0
2022,6,SEA,ARI,13,4,13,14,6,1155,,,,field_goal,0,0,0,0
2022,6,SEA,ARI,15,4,19,90,9,959,spread,base,,run,-10,0,1,1
2022,6,ARI,SEA,17,4,2,23,-10,612,11,nickel,4,pass,-12,0,0,0
2022,6,SEA,ARI,18,4,23,78,10,517,,,,punt,0,0,0,0
2022,6,ARI,SEA,19,4,19,92,-10,473,,,,punt,0,0,0,0
2022,6,SEA,ARI,20,4,8,46,10,412,,,,punt,0,0,0,0
2022,6,ARI,SEA,21,4,3,86,-10,370,11,dime,6,pass,6,1,0,0
2022,6,ARI,SEA,21,4,11,56,-10,239,11,dime,4,pass,0,0,0,1
2022,6,SEA,ARI,22,4,21,65,10,74,,,,punt,0,0,0,0
2022,6,BAL,NYG,1,4,14,42,0,3282,,,,punt,0,0,0,0
2022,6,NYG,BAL,2,4,7,66,0,3042,,,,punt,0,0,0,0
2022,6,BAL,NYG,3,4,16,38,0,2731,,,,field_goal,0,0,0,0
2022,6,NYG,BAL,4,4,2,46,0,2622,,,,punt,0,0,0,0
2022,6,BAL,NYG,7,4,10,16,0,1908,,,,field_goal,0,0,0,0
2022,6,NYG,BAL,8,4,5,70,-3,1878,,,,punt,0,0,0,0
2022,6,BAL,NYG,9,4,1,79,3,1818,,,,punt,0,0,0,0
2022,6,NYG,BAL,11,4,21,71,-3,1681,,,,punt,0,0,0,0
2022,6,BAL,NYG,12,4,5,5,3,1484,,,,field_goal,0,0,0,0
2022,6,NYG,BAL,13,4,16,16,-6,1023,,,,field_goal,0,0,0,0
2022,6,KC,BUF,2,4,2,15,0,2992,12,nickel,6,run,6,1,0,0
2022,6,BUF,KC,3,4,9,21,0,2616,,,,field_goal,0,0,0,0
2022,6,BUF,KC,5,4,3,3,-4,2197,11,nickel,6,pass,0,0,0,0
2022,6,KC,BUF,6,4,1,88,4,2076,,,,punt,0,0,0,0
2022,6,BUF,KC,7,4,7,66,-4,2015,,,,punt,0,0,0,0
2022,6,KC,BUF,8,4,19,63,4,1902,,,,punt,0,0,0,0
2022,6,KC,BUF,11,4,6,33,0,1520,,,,field_goal,0,0,0,0
2022,6,BUF,KC,14,4,3,46,0,857,11,nickel,6,pass,0,0,0,0
2022,6,KC,BUF,15,4,10,26,0,593,,,,field_goal,0,0,0,0
2022,6,BUF,KC,16,4,21,76,-3,471,,,,punt,0,0,0,0
2022,6,KC,BUF,17,4,11,78,3,343,,,,punt,0,0,0,0
2022,6,BUF,KC,18,4,1,67,-3,224,11,nickel,7,run,2,1,0,0
2022,6,CAR,LA,1,4,12,24,0,3222,,,,field_goal,0,0,0,0
2022,6,LA,CAR,2,4,16,60,-3,3007,,,,punt,0,0,0,0
2022,6,CAR,LA,3,4,8,48,3,2721,,,,punt,0,0,0,0
2022,6,LA,CAR,4,4,1,84,-3,2628,,,,punt,0,0,0,0
2022,6,CAR,LA,5,4,6,72,3,2501,,,,punt,0,0,0,0
2022,6,CAR,LA,7,4,1,66,-4,1961,,,,punt,0,0,0,0
2022,6,LA,CAR,9,4,2,67,-3,1823,,,,punt,0,0,0,0
2022,6,LA,CAR,11,4,14,79,-3,1658,,,,punt,0,0,0,0
2022,6,CAR,LA,12,4,6,59,3,1590,,,,punt,0,0,0,0
2022,6,LA,CAR,13,4,3,3,-3,1180,,,,field_goal,0,0,0,0
2022,6,CAR,LA,14,4,3,68,0,1089,,,,punt,0,0,0,0
2022,6,CAR,LA,16,4,5,75,-7,823,,,,punt,0,0,0,0
2022,6,CAR,LA,18,4,16,65,-14,371,,,,punt,0,0,0,0
2022,6,LA,CAR,19,4,4,80,14,268,,,,punt,0,0,0,0
2022,6,CIN,NO,1,4,11,76,0,3485,,,,punt,0,0,0,0
2022,6,NO,CIN,2,4,9,67,0,3432,,,,punt,0,0,0,1
2022,6,CIN,NO,4,4,2,58,-7,3208,,,,punt,0,0,0,0
2022,6,NO,CIN,5,4,8,68,7,3111,,,,punt,0,0,0,0
2022,6,CIN,NO,8,4,1,66,-7,2567,,,,punt,0,0,0,0
2022,6,NO,CIN,9,4,6,16,7,2432,,,,field_goal,0,0,0,0
2022,6,NO,CIN,11,4,6,12,3,1805,,,,field_goal,0,0,0,0
2022,6,NO,CIN,13,4,9,19,6,1336,,,,field_goal,0,0,0,0
2022,6,NO,CIN,15,4,9,13,2,671,,,,field_goal,0,0,0,0
2022,6,CIN,NO,16,4,20,34,-5,227,,,,field_goal,0,0,0,0
2022,6,NO,CIN,17,4,4,69,2,136,,,,punt,0,0,0,0
2022,6,NO,CIN,19,4,17,48,-4,34,11,dime,3,pass,0,0,0,0
2022,6,DAL,PHI,1,4,1,75,0,3504,,,,punt,0,0,0,0
2022,6,PHI,DAL,2,4,8,56,0,3356,,,,punt,0,0,0,0
2022,6,DAL,PHI,3,4,4,59,0,3160,,,,punt,0,0,0,0
2022,6,PHI,DAL,4,4,3,38,0,2908,11,dime,7,pass,11,1,0,0
2022,6,PHI,DAL,4,4,4,10,0,2708,11,dime,,penalty,5,1,0,0
2022,6,DAL,PHI,7,4,1,66,-14,2370,11,nickel,7,pass,0,0,0,0
2022,6,PHI,DAL,8,4,9,33,14,2278,,,,field_goal,0,0,0,0
2022,6,PHI,DAL,10,4,6,16,17,1911,,,,field_goal,0,0,0,0
2022,6,DAL,PHI,11,4,10,12,-20,1833,,,,field_goal,0,0,0,0
2022,6,PHI,DAL,13,4,9,60,17,1679,,,,punt,0,0,0,0
2022,6,PHI,DAL,15,4,19,64,10,1319,,,,punt,0,0,0,0
2022,6,PHI,DAL,19,4,13,42,9,166,,,,punt,0,0,0,0
2022,6,DAL,PHI,20,4,10,41,-9,73,,,,field_goal,0,0,0,0
2022,6,LAC,DEN,1,4,2,37,0,3550,11,nickel,6,pass,4,1,0,0
2022,6,LAC,DEN,1,4,16,39,0,3459,,,,punt,0,0,0,0
2022,6,DEN,LAC,2,4,5,33,0,3145,,,,field_goal,0,0,0,0
2022,6,LAC,DEN,3,4,5,66,-3,3042,,,,punt,0,0,0,0
2022,6,DEN,LAC,6,4,5,66,3,2257,,,,punt,0,0,0,0
2022,6,LAC,DEN,7,4,17,19,-3,1857,,,,field_goal,0,0,0,0
2022,6,DEN,LAC,8,4,9,9,0,1805,,,,field_goal,0,0,0,0
2022,6,DEN,LAC,9,4,2,67,3,1719,,,,punt,0,0,0,0
2022,6,LAC,DEN,10,4,1,12,-3,1452,,,,field_goal,0,0,0,0
2022,6,DEN,LAC,11,4,20,64,0,1222,,,,punt,0,0,0,0
2022,6,LAC,DEN,12,4,2,29,0,900,11,nickel,5,pass,0,0,0,0
2022,6,DEN,LAC,13,4,8,39,0,649,,,,punt,0,0,0,0
2022,6,DEN,LAC,15,4,10,30,0,506,,,,field_goal,0,0,0,0
2022,6,LAC,DEN,16,4,12,17,-3,242,,,,field_goal,0,0,0,0
2022,6,DEN,LAC,17,4,15,66,0,120,,,,punt,0,0,0,0
2022,6,LAC,DEN,18,4,1,56,0,1,11,dime,4,pass,0,0,0,0
2022,6,DEN,LAC,19,4,1,66,0,512,,,,punt,0,0,0,0
2022,6,LAC,DEN,20,4,14,85,0,439,,,,punt,0,0,0,0
2022,6,DEN,LAC,21,4,7,66,0,344,,,,punt,0,0,0,0
2022,6,LAC,DEN,22,4,9,80,0,298,,,,punt,0,0,0,1
2022,6,LAC,DEN,23,4,3,21,0,163,,,,field_goal,0,0,0,0
2022,6,IND,JAX,1,4,3,48,0,3439,,,,punt,0,0,0,0
2022,6,JAX,IND,2,4,23,40,0,3251,,,,punt,0,0,0,0
2022,6,IND,JAX,3,4,1,81,0,3147,,,,punt,0,0,0,0
2022,6,IND,JAX,5,4,10,10,-7,2640,,,,field_goal,0,0,0,0
2022,6,IND,JAX,7,4,16,44,-11,2329,,,,punt,0,0,0,0
2022,6,JAX,IND,8,4,10,88,11,2210,,,,punt,0,0,0,0
2022,6,JAX,IND,10,4,14,81,4,1904,,,,punt,0,0,0,0
2022,6,IND,JAX,11,4,5,24,-4,1825,,,,field_goal,0,0,0,0
2022,6,JAX,IND,15,4,1,32,2,974,12,base,8,run,-2,0,0,0
2022,6,JAX,IND,17,4,1,42,-5,348,12,nickel,7,run,2,1,0,0
2022,6,MIN,MIA,1,4,2,67,0,3520,,,,punt,0,0,0,0
2022,6,MIA,MIN,2,4,17,42,0,3187,,,,punt,0,0,0,0
2022,6,MIN,MIA,3,4,9,93,0,3093,,,,punt,0,0,0,0
2022,6,MIA,MIN,4,4,28,42,0,2731,,,,punt,0,0,0,0
2022,6,MIN,MIA,5,4,7,77,0,2695,,,,punt,0,0,0,0
2022,6,MIA,MIN,6,4,8,70,0,2638,,,,punt,0,0,0,0
2022,6,MIN,MIA,7,4,7,81,0,2507,,,,punt,0,0,0,0
2022,6,MIA,MIN,8,4,1,26,0,2170,,,,field_goal,0,0,0,0
2022,6,MIA,MIN,10,4,10,34,-4,1905,,,,field_goal,0,0,0,0
2022,6,MIN,MIA,11,4,4,52,4,1835,,,,punt,0,0,0,0
2022,6,MIA,MIN,14,4,1,66,-7,1711,11,base,,run,0,0,0,0
2022,6,MIN,MIA,15,4,22,45,7,1602,,,,punt,0,0,0,0
2022,6,MIA,MIN,16,4,11,91,-7,1471,,,,punt,0,0,0,0
2022,6,MIN,MIA,17,4,5,54,7,1377,,,,punt,0,0,0,0
2022,6,MIA,MIN,18,4,10,88,-7,1349,,,,punt,0,0,0,0
2022,6,MIN,MIA,19,4,17,56,7,1253,,,,punt,0,0,0,0
2022,6,MIA,MIN,20,4,24,79,-7,1116,,,,punt,0,0,0,0
2022,6,MIN,MIA,23,4,1,66,6,514,,,,punt,0,0,0,0
2022,6,MIA,MIN,24,4,5,52,-6,368,spread,nickel,5,pass,14,1,0,0
2022,6,MIN,MIA,27,4,3,41,14,164,,,,punt,0,0,0,0
2022,6,NE,CLE,2,4,1,1,0,3154,,,,field_goal,0,0,0,0
2022,6,CLE,NE,3,4,4,21,-3,2884,,,,field_goal,0,0,0,0
2022,6,CLE,NE,5,4,1,18,0,2640,12,dime,7,run,0,0,0,0
2022,6,NE,CLE,6,4,12,58,0,2501,,,,punt,0,0,0,0
2022,6,CLE,NE,7,4,7,49,0,2278,,,,punt,0,0,0,0
2022,6,CLE,NE,9,4,1,29,-7,1830,,,,field_goal,0,0,0,0
2022,6,CLE,NE,12,4,14,68,-11,1458,,,,punt,0,0,0,0
2022,6,NE,CLE,13,4,12,63,11,1340,,,,punt,0,0,0,0
2022,6,CLE,NE,16,4,12,76,-18,1182,,,,punt,0,0,0,0
2022,6,NE,CLE,17,4,8,55,18,1043,,,,punt,0,0,0,0
2022,6,CLE,NE,18,4,20,33,-18,879,,,,field_goal,0,0,0,0
2022,6,NE,CLE,19,4,25,27,15,546,,,,field_goal,0,0,0,0
2022,6,CLE,NE,20,4,2,57,-15,442,11,dime,6,pass,37,1,0,0
2022,6,CLE,NE,20,4,5,15,-15,382,11,nickel,6,pass,15,1,1,0
2022,6,NE,CLE,21,4,21,58,9,281,,,,punt,0,0,0,1
2022,6,CLE,NE,25,4,8,66,-23,161,11,nickel,6,pass,22,1,0,0
2022,6,CLE,NE,25,4,3,37,-23,113,11,nickel,6,pass,0,0,0,0
2022,6,GB,NYJ,1,4,9,74,0,3555,,,,punt,0,0,0,0
2022,6,NYJ,GB,2,4,1,68,0,3457,,,,punt,0,0,0,0
2022,6,GB,NYJ,3,4,13,82,0,3323,,,,punt,0,0,0,0
2022,6,NYJ,GB,4,4,2,57,0,3179,,,,punt,0,0,0,0
2022,6,GB,NYJ,5,4,5,55,0,2987,,,,punt,0,0,0,0
2022,6,NYJ,GB,6,4,13,88,0,2852,,,,punt,0,0,0,0
2022,6,GB,NYJ,7,4,4,29,0,2700,,,,field_goal,0,0,0,0
2022,6,NYJ,GB,8,4,17,70,0,2570,,,,punt,0,0,0,0
2022,6,GB,NYJ,9,4,18,44,0,2466,,,,punt,0,0,0,0
2022,6,NYJ,GB,10,4,2,84,0,2409,,,,punt,0,0,0,0
2022,6,NYJ,GB,12,4,6,14,0,2150,,,,field_goal,0,0,0,0
2022,6,GB,NYJ,13,4,3,46,-3,1944,11,nickel,6,pass,0,0,0,0
2022,6,NYJ,GB,14,4,2,35,3,1836,,,,field_goal,0,0,0,0
2022,6,NYJ,GB,16,4,9,74,0,1745,,,,punt,0,0,0,0
2022,6,GB,NYJ,17,4,10,61,0,1531,,,,punt,0,0,0,0
2022,6,GB,NYJ,19,4,20,61,-7,1252,,,,punt,0,0,1,0
2022,6,GB,NYJ,22,4,1,66,-14,811,11,nickel,7,run,3,1,0,0
2022,6,GB,NYJ,22,4,14,37,-14,559,11,nickel,5,pass,0,0,0,0
2022,6,NYJ,GB,23,4,5,5,14,157,,,,field_goal,0,0,0,0
2022,6,GB,NYJ,24,4,2,67,-17,120,11,nickel,5,pass,0,0,0,0
2022,6,SF,ATL,2,4,4,66,-7,3132,,,,punt,0,0,0,0
2022,6,ATL,SF,3,4,12,54,7,2888,,,,punt,0,0,0,0
2022,6,ATL,SF,6,4,7,72,7,2371,,,,punt,0,0,0,0
2022,6,SF,ATL,10,4,5,65,-7,1746,,,,punt,0,0,0,0
2022,6,SF,ATL,12,4,6,56,-14,1309,,,,punt,0,0,0,0
2022,6,ATL,SF,13,4,2,72,14,1069,,,,punt,0,0,0,0
2022,6,ATL,SF,15,4,5,40,14,652,,,,punt,0,0,0,0
2022,6,SF,ATL,16,4,2,19,-14,158,11,base,4,pass,0,0,0,0
2022,6,ATL,SF,17,4,3,61,14,72,,,,punt,0,0,0,0
2022,6,TB,PIT,1,4,9,74,0,3549,,,,punt,0,0,0,0
2022,6,PIT,TB,2,4,1,11,0,3251,11,nickel,8,run,1,1,0,0
2022,6,TB,PIT,3,4,5,12,-7,2874,,,,field_goal,0,0,0,0
2022,6,PIT,TB,4,4,19,96,4,2795,,,,punt,0,0,0,0
2022,6,TB,PIT,5,4,9,9,-4,2464,,,,field_goal,0,0,0,0
2022,6,PIT,TB,6,4,11,37,1,2052,,,,field_goal,0,0,0,0
2022,6,TB,PIT,7,4,2,67,-4,1972,,,,punt,0,0,0,0
2022,6,PIT,TB,8,4,8,72,4,1932,,,,punt,0,0,0,0
2022,6,TB,PIT,9,4,11,66,-4,1854,,,,punt,0,0,0,0
2022,6,PIT,TB,10,4,9,85,4,1832,,,,punt,0,0,0,0
2022,6,PIT,TB,12,4,5,7,1,1738,,,,field_goal,0,0,0,0
2022,6,TB,PIT,13,4,6,6,-4,1346,,,,field_goal,0,0,0,0
2022,6,PIT,TB,14,4,5,59,1,1165,,,,punt,0,0,0,0
2022,6,TB,PIT,15,4,1,76,-1,1039,,,,punt,0,0,0,0
2022,6,PIT,TB,16,4,5,47,1,938,,,,punt,0,0,0,0
2022,6,TB,PIT,17,4,2,75,-1,830,,,,punt,0,0,0,0
2022,6,TB,PIT,19,4,1,29,-8,385,11,nickel,7,run,7,1,0,0
2022,6,TB,PIT,19,4,1,13,-8,310,11,dime,6,pass,2,1,0,0
2022,6,CHI,WAS,1,4,28,69,0,3378,,,,punt,0,0,0,0
2022,6,WAS,CHI,2,4,15,82,0,3267,,,,punt,0,0,0,0
2022,6,CHI,WAS,3,4,1,21,0,3012,11,nickel,6,run,2,1,0,0
2022,6,WAS,CHI,4,4,10,76,0,2653,,,,punt,0,0,0,0
2022,6,CHI,WAS,5,4,1,1,0,2485,11,nickel,8,run,0,0,0,0
2022,6,WAS,CHI,6,4,5,72,0,2294,,,,punt,0,0,0,0
2022,6,CHI,WAS,7,4,3,44,0,2169,,,,punt,0,0,0,0
2022,6,WAS,CHI,8,4,4,63,0,2034,,,,punt,0,0,0,0
2022,6,CHI,WAS,9,4,4,73,0,1954,,,,punt,0,0,0,0
2022,6,WAS,CHI,10,4,6,20,0,1850,,,,field_goal,0,0,0,0
2022,6,WAS,CHI,12,4,2,56,3,1586,,,,punt,0,0,0,0
2022,6,WAS,CHI,14,4,10,10,-4,895,,,,field_goal,0,0,0,0
2022,6,CHI,WAS,15,4,14,70,1,649,,,,punt,0,0,0,0
2022,6,WAS,CHI,16,4,6,63,-1,498,,,,punt,0,0,0,1
2022,6,CHI,WAS,18,4,16,48,-5,154,11,dime,5,pass,0,0,0,0
2022,6,WAS,CHI,19,4,4,30,5,114,,,,field_goal,0,0,0,0
2022,6,CHI,WAS,20,4,4,4,-5,35,11,dime,8,pass,3,0,0,0
2022,7,ATL,CIN,2,4,5,57,-7,3315,,,,punt,0,0,0,0
2022,7,ATL,CIN,4,4,3,68,-14,2902,,,,punt,0,0,0,0
2022,7,CIN,ATL,9,4,4,56,14,1820,,,,punt,0,0,0,0
2022,7,ATL,CIN,11,4,9,74,-11,1750,,,,punt,0,0,0,0
2022,7,CIN,ATL,12,4,1,27,11,1585,11,nickel,5,pass,0,0,0,0
2022,7,ATL,CIN,13,4,3,66,-11,1452,,,,punt,0,0,0,0
2022,7,ATL,CIN,15,4,15,66,-18,1021,,,,punt,0,0,0,0
2022,7,CIN,ATL,16,4,11,68,18,852,,,,punt,0,0,0,0
2022,7,ATL,CIN,17,4,13,57,-18,534,,,,punt,0,0,0,0
2022,7,CIN,ATL,18,4,2,4,18,31,11,nickel,,penalty,2,1,0,0
2022,7,NE,CHI,1,4,5,78,0,3485,,,,punt,0,0,0,0
2022,7,CHI,NE,2,4,5,24,0,3246,,,,field_goal,0,0,0,0
2022,7,NE,CHI,3,4,5,74,-3,3098,,,,punt,0,0,0,0
2022,7,CHI,NE,6,4,19,82,10,2525,,,,punt,0,0,0,0
2022,7,CHI,NE,13,4,10,20,6,1491,,,,field_goal,0,0,0,0
2022,7,NE,CHI,14,4,14,79,-9,1411,,,,punt,0,0,0,0
2022,7,CHI,NE,15,4,3,32,9,1134,,,,field_goal,0,0,0,0
2022,7,NE,CHI,16,4,2,67,-12,1033,,,,punt,0,0,0,0
2022,7,CHI,NE,19,4,6,46,19,281,,,,punt,0,0,0,0
2022,7,NE,CHI,20,4,2,50,-19,172,11,nickel,6,pass,0,0,0,1
2022,7,CLE,BAL,1,4,1,9,0,3300,heavy,base,9,run,1,1,0,0
2022,7,BAL,CLE,2,4,3,14,-7,2911,,,,field_goal,0,0,0,0
2022,7,CLE,BAL,3,4,13,23,4,2722,,,,field_goal,0,0,0,0
2022,7,BAL,CLE,4,4,10,75,-7,2657,,,,punt,0,0,0,0
2022,7,CLE,BAL,5,4,14,92,7,2521,,,,punt,0,0,0,0
2022,7,BAL,CLE,6,4,5,16,-7,2409,,,,field_goal,0,0,0,0
2022,7,CLE,BAL,7,4,11,76,4,2299,,,,punt,0,0,0,0
2022,7,CLE,BAL,9,4,16,46,-3,1835,,,,punt,0,0,0,0
2022,7,BAL,CLE,11,4,29,94,3,1715,,,,punt,0,0,0,0
2022,7,BAL,CLE,13,4,1,1,3,1363,heavy,,11,run,1,1,1,0
2022,7,CLE,BAL,14,4,3,19,-10,1064,,,,field_goal,0,0,0,0
2022,7,BAL,CLE,15,4,1,49,7,815,heavy,base,9,run,11,1,0,0
2022,7,BAL,CLE,15,4,9,37,7,689,,,,field_goal,0,0,0,0
2022,7,CLE,BAL,18,4,10,42,-3,129,,,,field_goal,0,0,0,0
2022,7,BAL,CLE,19,4,10,50,3,24,,,,punt,0,0,0,0
2022,7,DAL,DET,1,4,17,82,0,3517,,,,punt,0,0,0,0
2022,7,DET,DAL,2,4,7,47,0,3347,,,,punt,0,0,0,0
2022,7,DAL,DET,3,4,3,73,0,3240,,,,punt,0,0,0,0
2022,7,DET,DAL,4,4,7,21,0,2942,,,,field_goal,0,0,0,0
2022,7,DAL,DET,5,4,2,3,-3,2547,,,,field_goal,0,0,0,0
2022,7,DET,DAL,6,4,13,34,0,2283,,,,field_goal,0,0,0,0
2022,7,DAL,DET,7,4,20,85,-3,2208,,,,punt,0,0,0,0
2022,7,DET,DAL,8,4,10,64,3,2054,,,,punt,0,0,0,0
2022,7,DET,DAL,13,4,8,50,-4,1331,,,,punt,0,0,0,0
2022,7,DAL,DET,14,4,14,45,4,1171,,,,punt,0,0,0,0
2022,7,DAL,DET,16,4,1,71,4,599,,,,punt,0,0,0,0
2022,7,GB,WAS,1,4,4,58,0,3434,,,,punt,0,0,0,0
2022,7,WAS,GB,2,4,10,97,0,3371,,,,punt,0,0,0,0
2022,7,WAS,GB,4,4,3,63,-7,3005,,,,punt,0,0,0,1
2022,7,WAS,GB,5,4,3,3,-7,2827,,,,field_goal,0,0,0,0
2022,7,GB,WAS,6,4,6,71,4,2731,,,,punt,0,0,0,0
2022,7,GB,WAS,9,4,25,90,4,2159,,,,punt,0,0,0,0
2022,7,WAS,GB,10,4,5,29,-4,1972,,,,field_goal,0,0,0,0
2022,7,GB,WAS,11,4,16,65,4,1895,,,,punt,0,0,0,0
2022,7,WAS,GB,12,4,10,69,-4,1856,,,,punt,0,0,0,0
2022,7,GB,WAS,15,4,2,53,-3,1443,,,,punt,0,0,0,0
2022,7,WAS,GB,16,4,7,13,3,911,,,,field_goal,0,0,0,0
2022,7,GB,WAS,17,4,1,37,-6,687,11,dime,7,pass,0,0,0,0
2022,7,WAS,GB,18,4,2,2,6,402,,,,field_goal,0,0,0,0
2022,7,WAS,GB,20,4,8,42,2,29,,,,punt,0,0,0,0
2022,7,LV,HOU,1,4,8,32,0,3300,,,,field_goal,0,0,0,0
2022,7,HOU,LV,2,4,6,21,-3,2984,,,,field_goal,0,0,0,0
2022,7,LV,HOU,3,4,26,87,3,2867,,,,punt,0,0,0,0
2022,7,LV,HOU,5,4,6,53,-4,2255,,,,punt,0,0,0,0
2022,7,HOU,LV,6,4,2,37,4,2102,,,,field_goal,0,0,0,0
2022,7,LV,HOU,7,4,1,33,-7,1841,11,nickel,7,pass,4,1,0,0
2022,7,HOU,LV,9,4,9,17,0,1564,,,,field_goal,0,0,0,0
2022,7,HOU,LV,13,4,5,71,-4,689,,,,punt,0,0,0,0
2022,7,LV,HOU,14,4,1,20,4,452,12,base,,penalty,5,1,0,0
2022,7,HOU,LV,15,4,9,62,-11,328,11,dime,4,pass,10,1,0,0
2022,7,HOU,LV,16,4,6,14,-18,71,11,dime,6,pass,0,0,0,0
2022,7,TEN,IND,1,4,16,74,0,3363,,,,punt,0,0,0,0
2022,7,IND,TEN,2,4,3,60,0,3282,,,,punt,0,0,0,0
2022,7,TEN,IND,3,4,8,10,0,2947,,,,field_goal,0,0,0,0
2022,7,IND,TEN,4,4,4,49,-3,2777,,,,punt,0,0,0,0
2022,7,TEN,IND,5,4,5,65,3,2623,,,,punt,0,0,0,0
2022,7,TEN,IND,8,4,7,10,10,1920,,,,field_goal,0,0,0,0
2022,7,IND,TEN,9,4,19,55,-13,1825,,,,punt,0,0,0,0
2022,7,IND,TEN,11,4,8,60,-13,1619,,,,punt,0,0,0,0
2022,7,TEN,IND,12,4,6,76,13,1539,,,,punt,0,0,0,0
2022,7,IND,TEN,13,4,2,34,-13,1345,11,nickel,6,pass,14,1,0,0
2022,7,TEN,IND,14,4,5,20,6,831,,,,field_goal,0,0,0,0
2022,7,IND,TEN,15,4,8,73,-9,756,,,,punt,0,0,0,0
2022,7,IND,TEN,17,4,3,31,-9,516,,,,field_goal,0,0,0,0
2022,7,TEN,IND,18,4,3,30,6,292,,,,field_goal,0,0,0,0
2022,7,SF,KC,1,4,3,12,0,3326,,,,field_goal,0,0,0,0
2022,7,SF,KC,5,4,15,32,3,2535,,,,field_goal,0,0,0,0
2022,7,SF,KC,7,4,19,38,-1,1915,,,,punt,0,0,0,1
2022,7,SF,KC,12,4,7,31,-8,1366,,,,field_goal,0,0,0,0
2022,7,KC,SF,19,4,7,48,21,226,,,,punt,0,0,0,0
2022,7,ARI,NO,2,4,5,32,-7,3358,,,,field_goal,0,0,0,0
2022,7,ARI,NO,4,4,10,10,-4,2599,,,,field_goal,0,0,0,0
2022,7,ARI,NO,6,4,1,4,-8,1992,12,,9,run,2,1,0,0
2022,7,ARI,NO,10,4,5,70,14,1752,,,,punt,0,0,0,0
2022,7,NO,ARI,11,4,7,7,-14,1487,,,,field_goal,0,0,0,0
2022,7,ARI,NO,12,4,23,88,11,1396,,,,punt,0,0,0,0
2022,7,NO,ARI,13,4,7,51,-11,1327,,,,punt,0,0,0,0
2022,7,NO,ARI,15,4,3,68,-18,900,,,,punt,0,0,0,0
2022,7,ARI,NO,16,4,15,90,18,786,,,,punt,0,0,0,0
2022,7,NO,ARI,19,4,3,15,-18,244,11,nickel,6,pass,12,1,0,0
2022,7,ARI,NO,20,4,2,40,11,169,,,,punt,0,0,0,0
2022,7,NO,ARI,21,4,7,27,-11,47,,,,field_goal,0,0,0,0
2022,7,NYG,JAX,3,4,14,55,-1,2958,,,,punt,0,0,0,0
2022,7,JAX,NYG,4,4,1,27,1,2780,12,base,8,pass,2,1,0,0
2022,7,JAX,NYG,4,4,5,9,1,2606,,,,field_goal,0,0,0,0
2022,7,NYG,JAX,5,4,2,15,-4,2251,,,,field_goal,0,0,0,0
2022,7,NYG,JAX,7,4,4,15,-1,1832,,,,field_goal,0,0,0,0
2022,7,JAX,NYG,8,4,3,50,-2,1808,12,dime,1,pass,0,0,0,0
2022,7,NYG,JAX,10,4,2,3,-4,1282,11,,8,pass,0,0,0,0
2022,7,JAX,NYG,11,4,4,90,4,1201,,,,punt,0,0,0,0
2022,7,NYG,JAX,12,4,4,46,-4,1019,,,,punt,0,0,0,0
2022,7,JAX,NYG,13,4,1,20,4,690,heavy,base,9,run,0,0,0,0
2022,7,JAX,NYG,15,4,5,70,-3,280,,,,punt,0,0,0,0
2022,7,NYG,JAX,16,4,6,16,3,67,,,,field_goal,0,0,0,0
2022,7,JAX,NYG,17,4,15,60,-6,22,11,dime,4,penalty,15,1,0,0
2022,7,NYJ,DEN,1,4,10,75,0,3584,,,,punt,0,0,0,0
2022,7,DEN,NYJ,2,4,3,57,0,3403,,,,punt,0,0,0,0
2022,7,NYJ,DEN,3,4,11,88,0,3254,,,,punt,0,0,0,0
2022,7,DEN,NYJ,4,4,10,61,0,3232,,,,punt,0,0,0,0
2022,7,NYJ,DEN,7,4,21,86,1,2700,,,,punt,0,0,0,0
2022,7,DEN,NYJ,8,4,1,43,-1,2584,heavy,base,8,run,1,1,0,0
2022,7,DEN,NYJ,8,4,6,38,-1,2485,,,,field_goal,0,0,0,0
2022,7,NYJ,DEN,9,4,6,50,1,2391,,,,punt,0,0,0,0
2022,7,DEN,NYJ,10,4,15,26,-1,2021,,,,field_goal,0,0,0,0
2022,7,NYJ,DEN,11,4,14,27,-2,1803,,,,field_goal,0,0,0,0
2022,7,DEN,NYJ,12,4,1,52,-1,1640,,,,punt,0,0,0,0
2022,7,NYJ,DEN,13,4,3,55,1,1522,,,,punt,0,0,0,0
2022,7,DEN,NYJ,14,4,15,71,-1,1395,,,,punt,0,0,0,0
2022,7,NYJ,DEN,15,4,7,65,1,1298,,,,punt,0,0,0,0
2022,7,DEN,NYJ,16,4,1,60,-1,1178,,,,punt,0,0,0,0
2022,7,NYJ,DEN,17,4,2,78,1,1036,,,,punt,0,0,0,0
2022,7,NYJ,DEN,19,4,1,16,1,773,,,,field_goal,0,0,0,0
2022,7,DEN,NYJ,20,4,1,66,-4,654,,,,punt,0,0,0,0
2022,7,NYJ,DEN,21,4,1,22,4,279,,,,field_goal,0,0,0,0
2022,7,DEN,NYJ,22,4,3,25,-7,120,11,dime,6,pass,0,0,0,0
2022,7,NYJ,DEN,23,4,7,72,7,99,,,,punt,0,0,0,0
2022,7,DEN,NYJ,24,4,10,49,-7,37,11,nickel,5,pass,0,0,0,0
2022,7,PIT,MIA,2,4,3,68,-7,3279,,,,punt,0,0,0,0
2022,7,MIA,PIT,3,4,4,6,7,3034,,,,field_goal,0,0,0,0
2022,7,MIA,PIT,5,4,10,23,10,2852,,,,field_goal,0,0,0,0
2022,7,PIT,MIA,6,4,1,50,-13,2679,11,nickel,8,run,4,1,0,0
2022,7,PIT,MIA,6,4,3,27,-13,2509,,,,field_goal,0,0,0,0
2022,7,MIA,PIT,7,4,7,60,10,2370,,,,punt,0,0,0,0
2022,7,MIA,PIT,9,4,11,29,3,1807,,,,field_goal,0,0,0,0
2022,7,PIT,MIA,11,4,12,75,-6,1678,,,,punt,0,0,0,0
2022,7,MIA,PIT,12,4,3,14,6,1423,11,nickel,6,run,0,0,0,0
2022,7,PIT,MIA,13,4,1,64,-6,1287,,,,punt,0,0,0,0
2022,7,MIA,PIT,14,4,7,76,6,1200,,,,punt,0,0,0,0
2022,7,PIT,MIA,15,4,15,66,-6,1024,,,,punt,0,0,0,0
2022,7,MIA,PIT,16,4,1,61,6,944,,,,punt,0,0,0,0
2022,7,PIT,MIA,17,4,1,57,-6,842,,,,punt,0,0,0,0
2022,7,MIA,PIT,18,4,4,66,6,723,,,,punt,0,0,0,0
2022,7,PIT,MIA,19,4,4,71,-6,628,,,,punt,0,0,0,0
2022,7,MIA,PIT,20,4,3,57,6,483,,,,punt,0,0,0,0
2022,7,MIA,PIT,22,4,3,42,6,157,,,,punt,0,0,0,0
2022,7,PIT,MIA,23,4,6,68,-6,66,11,dime,6,pass,21,1,0,0
2022,7,LAC,SEA,2,4,1,32,0,3409,11,nickel,7,run,0,0,0,0
2022,7,SEA,LAC,7,4,19,28,14,2773,,,,field_goal,0,0,0,0
2022,7,SEA,LAC,11,4,4,58,3,2143,,,,punt,0,0,0,0
2022,7,LAC,SEA,12,4,14,77,-3,2074,,,,punt,0,0,0,0
2022,7,LAC,SEA,14,4,15,58,-10,1834,,,,punt,0,0,0,0
2022,7,LAC,SEA,16,4,11,48,-10,1596,,,,punt,0,0,0,0
2022,7,SEA,LAC,17,4,16,16,10,970,,,,field_goal,0,0,0,0
2022,7,LAC,SEA,18,4,10,52,-13,874,,,,punt,0,0,0,0
2022,7,LAC,SEA,20,4,14,75,-11,776,,,,punt,0,0,0,0
2022,7,SEA,LAC,21,4,8,32,11,553,,,,field_goal,0,0,0,0
2022,7,LAC,SEA,22,4,13,38,-14,440,11,dime,6,pass,12,0,0,0
2022,7,LAC,SEA,24,4,1,1,-21,206,11,nickel,7,pass,1,1,1,0
2022,7,TB,CAR,1,4,11,65,0,3472,,,,punt,0,0,0,0
2022,7,CAR,TB,2,4,1,81,0,3369,,,,punt,0,0,0,0
2022,7,TB,CAR,3,4,7,40,0,3114,,,,punt,0,0,0,0
2022,7,CAR,TB,4,4,1,71,0,2972,,,,punt,0,0,0,0
2022,7,TB,CAR,5,4,8,47,0,2695,,,,punt,0,0,0,0
2022,7,CAR,TB,6,4,16,41,0,2275,,,,punt,0,0,0,0
2022,7,TB,CAR,7,4,14,62,0,2005,,,,punt,0,0,0,0
2022,7,CAR,TB,10,4,4,69,7,1746,,,,punt,0,0,0,0
2022,7,TB,CAR,11,4,2,52,-7,1602,,,,punt,0,0,0,0
2022,7,CAR,TB,12,4,8,78,7,1492,,,,punt,0,0,0,0
2022,7,TB,CAR,13,4,1,25,-7,1284,11,nickel,7,run,0,0,0,0
2022,7,CAR,TB,14,4,8,73,7,1208,,,,punt,0,0,0,0
2022,7,TB,CAR,15,4,3,76,-7,1151,,,,punt,0,0,0,0
2022,7,TB,CAR,17,4,2,12,-14,863,11,nickel,6,pass,4,1,0,0
2022,7,TB,CAR,17,4,8,8,-14,821,,,,field_goal,0,0,0,0
2022,7,TB,CAR,19,4,7,28,-18,441,11,nickel,7,pass,0,0,0,0
2022,7,CAR,TB,20,4,4,54,18,218,,,,penalty,15,1,0,0
2022,7,CAR,TB,20,4,9,38,18,71,,,,punt,0,0,0,0
2022,8,ARI,MIN,2,4,7,26,-7,3069,,,,field_goal,0,0,0,0
2022,8,MIN,ARI,3,4,2,38,4,2893,11,nickel,6,pass,0,0,0,0
2022,8,ARI,MIN,4,4,15,54,-4,2700,,,,punt,0,0,0,0
2022,8,ARI,MIN,6,4,10,49,-11,2154,,,,punt,0,0,0,0
2022,8,MIN,ARI,7,4,3,77,11,2030,,,,punt,0,0,0,0
2022,8,ARI,MIN,10,4,15,80,-4,1643,,,,punt,0,0,0,0
2022,8,MIN,ARI,11,4,22,87,4,1581,,,,punt,0,0,0,0
2022,8,ARI,MIN,18,4,13,16,-5,755,,,,field_goal,0,0,0,0
2022,8,MIN,ARI,19,4,4,69,2,646,,,,punt,0,0,0,1
2022,8,MIN,ARI,22,4,14,68,8,283,,,,punt,0,0,0,0
2022,8,ARI,MIN,23,4,4,44,-8,165,11,nickel,5,pass,3,0,0,0
2022,8,MIN,ARI,24,4,3,52,8,120,,,,punt,0,0,0,0
2022,8,BAL,TB,1,4,9,56,0,3467,,,,punt,0,0,0,1
2022,8,BAL,TB,2,4,4,4,0,3366,,,,field_goal,0,0,0,0
2022,8,BAL,TB,4,4,7,72,-4,3018,,,,punt,0,0,0,0
2022,8,TB,BAL,5,4,12,13,4,2730,,,,field_goal,0,0,0,0
2022,8,BAL,TB,6,4,22,87,-7,2665,,,,punt,0,0,0,0
2022,8,TB,BAL,7,4,4,49,7,2575,,,,punt,0,0,0,0
2022,8,BAL,TB,8,4,28,64,-7,2155,,,,punt,0,0,0,0
2022,8,TB,BAL,9,4,8,84,7,2100,,,,punt,0,0,0,0
2022,8,BAL,TB,10,4,2,9,-7,1920,11,nickel,6,pass,0,0,0,0
2022,8,TB,BAL,11,4,21,66,7,1856,,,,punt,0,0,0,0
2022,8,TB,BAL,13,4,11,76,7,1753,,,,punt,0,0,0,0
2022,8,TB,BAL,15,4,2,47,0,1325,,,,punt,0,0,0,0
2022,8,TB,BAL,17,4,9,12,-7,750,,,,field_goal,0,0,0,0
2022,8,TB,BAL,19,4,8,8,-11,297,,,,field_goal,0,0,0,0
2022,8,BAL,TB,20,4,1,12,8,136,,,,field_goal,0,0,0,0
2022,8,TB,BAL,21,4,8,8,-11,53,11,dime,5,pass,8,1,1,0
2022,8,CAR,ATL,2,4,7,56,0,3456,,,,punt,0,0,0,0
2022,8,ATL,CAR,3,4,23,88,0,3274,,,,punt,0,0,0,0
2022,8,CAR,ATL,4,4,5,19,0,3114,,,,field_goal,0,0,0,0
2022,8,ATL,CAR,5,4,7,59,-3,2848,,,,punt,0,0,0,0
2022,8,CAR,ATL,6,4,5,76,3,2783,,,,punt,0,0,0,0
2022,8,ATL,CAR,9,4,4,69,-3,1915,,,,punt,0,0,0,0
2022,8,CAR,ATL,12,4,10,24,-4,1598,,,,field_goal,0,0,0,0
2022,8,ATL,CAR,13,4,12,77,1,1475,,,,punt,0,0,0,0
2022,8,CAR,ATL,14,4,10,71,-1,1295,,,,punt,0,0,0,0
2022,8,CAR,ATL,16,4,1,1,-8,710,heavy,base,9,run,1,1,1,0
2022,8,ATL,CAR,17,4,8,12,0,458,,,,field_goal,0,0,0,0
2022,8,CAR,ATL,20,4,17,82,-3,105,11,nickel,3,pass,0,0,0,0
2022,8,ATL,CAR,21,4,8,16,3,40,,,,field_goal,0,0,0,0
2022,8,CAR,ATL,25,4,4,14,0,359,,,,field_goal,0,0,0,0
2022,8,CHI,DAL,2,4,10,75,-7,3218,,,,punt,0,0,0,0
2022,8,CHI,DAL,6,4,20,85,-14,2372,,,,punt,0,0,0,0
2022,8,CHI,DAL,8,4,2,55,-21,2008,heavy,nickel,8,run,2,1,0,0
2022,8,CHI,DAL,10,4,4,18,-14,1803,,,,field_goal,0,0,0,0
2022,8,CHI,DAL,11,4,3,68,-11,1704,,,,punt,0,0,0,0
2022,8,DAL,CHI,12,4,4,88,11,1631,,,,punt,0,0,0,0
2022,8,CHI,DAL,18,4,4,23,-20,442,11,nickel,7,run,6,1,0,0
2022,8,CHI,DAL,18,4,11,18,-20,320,11,nickel,6,pass,2,0,0,0
2022,8,DAL,CHI,19,4,20,83,20,208,,,,punt,0,0,0,0
2022,8,CHI,DAL,20,4,10,80,-20,91,,,,punt,0,0,0,0
2022,8,CLE,CIN,2,4,10,35,0,3083,,,,field_goal,0,0,0,0
2022,8,CIN,CLE,3,4,18,54,0,2835,,,,punt,0,0,0,0
2022,8,CIN,CLE,5,4,4,46,0,2700,,,,punt,0,0,0,0
2022,8,CLE,CIN,6,4,7,72,0,2551,,,,punt,0,0,0,0
2022,8,CIN,CLE,7,4,2,62,0,2456,,,,punt,0,0,0,0
2022,8,CIN,CLE,11,4,8,28,-8,1844,,,,field_goal,0,0,0,0
2022,8,CLE,CIN,12,4,10,37,8,1804,,,,field_goal,0,0,0,0
2022,8,CIN,CLE,14,4,15,80,-18,1356,,,,punt,0,0,0,0
2022,8,CLE,CIN,19,4,5,40,19,343,,,,punt,0,0,0,0
2022,8,CIN,CLE,20,4,4,64,-19,247,11,dime,5,pass,0,0,0,0
2022,8,DEN,JAX,1,4,13,81,0,3515,,,,punt,0,0,0,0
2022,8,JAX,DEN,2,4,7,59,0,3379,,,,punt,0,0,0,0
2022,8,DEN,JAX,5,4,3,68,-7,3012,,,,punt,0,0,0,0
2022,8,DEN,JAX,7,4,5,75,-7,2461,,,,punt,0,0,0,0
2022,8,JAX,DEN,8,4,5,19,7,2326,,,,field_goal,0,0,0,0
2022,8,DEN,JAX,9,4,1,36,-10,2123,11,nickel,7,run,2,1,0,0
2022,8,JAX,DEN,10,4,23,52,3,1873,,,,punt,0,0,0,0
2022,8,DEN,JAX,11,4,17,55,-3,1803,heavy,dime,3,pass,0,0,0,0
2022,8,JAX,DEN,12,4,16,47,3,1476,,,,punt,0,0,0,0
2022,8,JAX,DEN,14,4,8,56,-4,1037,,,,punt,0,0,0,0
2022,8,DEN,JAX,15,4,16,81,4,941,,,,punt,0,0,0,0
2022,8,JAX,DEN,16,4,12,63,-4,869,,,,punt,0,0,0,0
2022,8,DEN,JAX,17,4,7,77,4,784,,,,punt,0,0,0,0
2022,8,JAX,DEN,18,4,14,48,-4,507,,,,punt,0,0,0,0
2022,8,DEN,JAX,19,4,10,93,4,438,,,,punt,0,0,0,0
2022,8,DEN,JAX,23,4,1,26,4,36,heavy,,10,run,1,1,0,0
2022,8,BUF,GB,1,4,4,69,0,3551,,,,punt,0,0,0,0
2022,8,GB,BUF,2,4,3,38,0,3231,12,nickel,5,pass,0,0,0,0
2022,8,GB,BUF,4,4,5,75,-7,2813,,,,punt,0,0,0,0
2022,8,GB,BUF,8,4,8,66,-14,1861,,,,punt,0,0,0,0
2022,8,GB,BUF,10,4,13,20,-17,1524,,,,field_goal,0,0,0,0
2022,8,BUF,GB,11,4,3,19,14,1263,,,,field_goal,0,0,0,0
2022,8,GB,BUF,12,4,1,26,-17,856,12,nickel,8,run,-1,0,0,0
2022,8,BUF,GB,17,4,7,46,10,162,,,,punt,0,0,0,0
2022,8,GB,BUF,18,4,10,37,-10,43,,,,field_goal,0,0,0,0
2022,8,LV,NO,1,4,12,77,0,3510,,,,punt,0,0,0,0
2022,8,NO,LV,2,4,2,59,0,3418,,,,punt,0,0,0,0
2022,8,LV,NO,3,4,15,57,0,3202,,,,punt,0,0,0,0
2022,8,LV,NO,5,4,2,55,-7,2663,heavy,base,,run,-3,0,0,0
2022,8,NO,LV,6,4,1,18,7,2567,,,,field_goal,0,0,0,0
2022,8,LV,NO,9,4,6,51,-17,1991,,,,punt,0,0,0,0
2022,8,NO,LV,10,4,1,20,17,1809,,,,field_goal,0,0,0,0
2022,8,LV,NO,13,4,13,59,-24,1377,,,,punt,0,0,0,0
2022,8,NO,LV,14,4,1,47,24,1079,,,,punt,0,0,0,0
2022,8,LV,NO,15,4,16,67,-24,776,,,,punt,0,0,0,0
2022,8,NO,LV,16,4,4,32,24,220,11,nickel,5,pass,0,0,0,0
2022,8,LV,NO,17,4,5,45,-24,116,11,dime,5,pass,7,1,0,0
2022,8,LV,NO,17,4,2,30,-24,48,11,dime,4,pass,12,1,0,0
2022,8,MIA,DET,2,4,4,44,-7,3233,11,nickel,5,pass,9,1,0,0
2022,8,DET,MIA,7,4,3,24,7,2227,,,,field_goal,0,0,0,0
2022,8,MIA,DET,8,4,8,27,-10,1930,,,,field_goal,0,0,0,0
2022,8,DET,MIA,9,4,2,67,7,1909,spread,base,,run,13,1,0,0
2022,8,DET,MIA,11,4,25,77,3,1228,,,,punt,0,0,0,0
2022,8,DET,MIA,13,4,19,83,-4,741,,,,punt,0,0,0,0
2022,8,MIA,DET,14,4,8,46,4,508,,,,punt,0,0,0,0
2022,8,DET,MIA,15,4,1,35,-4,179,11,base,7,pass,0,0,0,0
2022,8,NYJ,NE,1,4,5,77,0,3551,,,,punt,0,0,0,0
2022,8,NE,NYJ,2,4,13,48,0,3469,,,,punt,0,0,0,0
2022,8,NYJ,NE,3,4,8,10,0,3197,,,,field_goal,0,0,0,0
2022,8,NE,NYJ,4,4,13,13,-3,2704,,,,field_goal,0,0,0,0
2022,8,NYJ,NE,7,4,1,67,7,2280,,,,punt,0,0,0,0
2022,8,NE,NYJ,8,4,1,21,-7,1920,11,nickel,7,pass,0,0,0,0
2022,8,NE,NYJ,10,4,22,24,-7,1805,,,,field_goal,0,0,0,0
2022,8,NE,NYJ,11,4,1,5,-4,1632,11,nickel,7,pass,5,1,1,0
2022,8,NYJ,NE,12,4,11,27,-3,1474,,,,field_goal,0,0,0,0
2022,8,NE,NYJ,13,4,14,31,3,1227,,,,field_goal,0,0,0,0
2022,8,NYJ,NE,14,4,16,89,-6,1143,,,,punt,0,0,0,0
2022,8,NE,NYJ,15,4,10,27,6,1063,,,,field_goal,0,0,0,0
2022,8,NE,NYJ,17,4,9,39,9,935,,,,punt,0,0,0,0
2022,8,NE,NYJ,19,4,6,33,9,639,,,,field_goal,0,0,0,0
2022,8,NYJ,NE,20,4,5,30,-12,534,11,dime,5,pass,0,0,0,0
2022,8,NE,NYJ,21,4,4,64,12,435,,,,punt,0,0,0,0
2022,8,NYJ,NE,22,4,12,81,-12,325,,,,punt,0,0,0,0
2022,8,NE,NYJ,23,4,8,53,12,222,,,,punt,0,0,0,0
2022,8,SEA,NYG,1,4,10,58,0,3472,,,,punt,0,0,0,0
2022,8,NYG,SEA,2,4,1,63,0,3385,,,,punt,0,0,0,0
2022,8,SEA,NYG,3,4,8,72,0,3233,,,,punt,0,0,0,0
2022,8,NYG,SEA,4,4,12,82,0,3079,,,,punt,0,0,0,0
2022,8,SEA,NYG,5,4,5,41,0,2949,,,,punt,0,0,0,0
2022,8,NYG,SEA,6,4,7,77,0,2893,,,,punt,0,0,0,0
2022,8,SEA,NYG,7,4,1,18,0,2657,11,nickel,7,pass,4,1,0,0
2022,8,SEA,NYG,7,4,2,6,0,2562,heavy,base,8,pass,3,1,0,0
2022,8,NYG,SEA,8,4,9,51,-7,2207,,,,punt,0,0,0,0
2022,8,SEA,NYG,11,4,18,73,0,1959,,,,punt,0,0,0,1
2022,8,SEA,NYG,12,4,8,17,0,1902,,,,field_goal,0,0,0,0
2022,8,NYG,SEA,13,4,10,77,-3,1818,,,,punt,0,0,0,0
2022,8,NYG,SEA,15,4,7,13,-3,1268,,,,field_goal,0,0,0,0
2022,8,SEA,NYG,16,4,2,33,0,1067,,,,field_goal,0,0,0,0
2022,8,NYG,SEA,17,4,8,27,-3,682,,,,field_goal,0,0,0,0
2022,8,NYG,SEA,19,4,4,69,-7,464,,,,punt,0,0,0,0
2022,8,SEA,NYG,20,4,6,76,7,378,,,,punt,0,0,0,1
2022,8,NYG,SEA,22,4,7,29,-14,158,11,nickel,5,pass,0,0,0,0
2022,8,SEA,NYG,23,4,10,70,14,75,,,,punt,0,0,0,0
2022,8,PIT,PHI,1,4,17,82,0,3501,,,,punt,0,0,0,0
2022,8,PHI,PIT,2,4,2,44,0,3351,heavy,base,8,pass,5,1,0,0
2022,8,PIT,PHI,3,4,1,1,-7,2821,heavy,base,8,pass,1,1,1,0
2022,8,PIT,PHI,5,4,9,82,-7,2411,,,,punt,0,0,0,0
2022,8,PHI,PIT,6,4,10,61,7,2279,,,,punt,0,0,0,0
2022,8,PIT,PHI,7,4,10,78,-7,2249,,,,punt,0,0,0,0
2022,8,PIT,PHI,9,4,1,56,-14,2059,12,base,8,run,3,1,0,0
2022,8,PIT,PHI,9,4,9,20,-14,1866,,,,field_goal,0,0,0,0
2022,8,PHI,PIT,10,4,23,66,11,1831,,,,punt,0,0,0,0
2022,8,PIT,PHI,13,4,2,67,-18,1639,21,,,run,4,1,0,0
2022,8,PIT,PHI,13,4,3,41,-18,1409,11,nickel,6,pass,9,1,0,0
2022,8,PIT,PHI,13,4,4,11,-18,1259,,,,field_goal,0,0,0,0
2022,8,PHI,PIT,14,4,10,47,15,1019,,,,punt,0,0,0,0
2022,8,PIT,PHI,17,4,16,51,-22,570,,,,punt,0,0,0,0
2022,8,PHI,PIT,18,4,13,93,22,439,,,,punt,0,0,0,0
2022,8,LA,SF,1,4,12,73,0,3499,,,,punt,0,0,0,0
2022,8,SF,LA,2,4,9,43,0,3278,,,,punt,0,0,0,0
2022,8,SF,LA,6,4,12,12,-7,1864,,,,field_goal,0,0,0,0
2022,8,SF,LA,8,4,13,53,-4,1674,,,,punt,0,0,0,0
2022,8,LA,SF,9,4,6,58,4,1436,,,,punt,0,0,0,0
2022,8,LA,SF,11,4,16,81,-3,927,,,,punt,0,0,0,0
2022,8,LA,SF,13,4,3,72,-10,595,,,,punt,0,0,0,0
2022,8,LA,SF,15,4,10,79,-17,295,,,,punt,0,0,0,0
2022,8,SF,LA,16,4,4,58,17,152,,,,punt,0,0,0,0
2022,8,TEN,HOU,1,4,8,30,0,3391,,,,field_goal,0,0,0,0
2022,8,TEN,HOU,3,4,5,64,0,2979,,,,punt,0,0,0,0
2022,8,HOU,TEN,4,4,8,92,0,2882,,,,punt,0,0,0,1
2022,8,HOU,TEN,5,4,23,55,0,2789,,,,punt,0,0,0,0
2022,8,HOU,TEN,7,4,23,24,0,2443,,,,field_goal,0,0,0,0
2022,8,TEN,HOU,8,4,6,59,-3,2226,,,,punt,0,0,0,0
2022,8,HOU,TEN,9,4,10,90,3,2122,,,,punt,0,0,0,0
2022,8,HOU,TEN,11,4,4,60,-4,1920,,,,punt,0,0,0,0
2022,8,TEN,HOU,12,4,9,43,4,1820,,,,punt,0,0,0,0
2022,8,HOU,TEN,14,4,14,63,-4,1681,,,,punt,0,0,0,0
2022,8,TEN,HOU,15,4,1,1,4,1294,heavy,base,9,run,1,1,1,0
2022,8,HOU,TEN,16,4,17,53,-11,1111,,,,punt,0,0,0,0
2022,8,TEN,HOU,17,4,7,10,11,671,,,,field_goal,0,0,0,0
2022,8,HOU,TEN,18,4,15,80,-14,560,,,,punt,0,0,0,0
2022,8,TEN,HOU,19,4,5,64,14,435,,,,punt,0,0,0,0
2022,8,HOU,TEN,20,4,13,84,-14,388,,,,punt,0,0,0,0
2022,8,TEN,HOU,21,4,4,44,14,249,,,,punt,0,0,0,0
2022,8,HOU,TEN,22,4,1,81,-14,207,11,nickel,7,run,3,1,0,0
2022,8,HOU,TEN,22,4,6,74,-14,91,11,dime,6,pass,26,1,0,0
2022,8,IND,WAS,1,4,2,67,0,3527,,,,punt,0,0,0,0
2022,8,WAS,IND,2,4,6,63,0,3363,,,,punt,0,0,0,0
2022,8,IND,WAS,3,4,5,81,0,3272,,,,punt,0,0,0,0
2022,8,WAS,IND,4,4,14,45,0,3023,,,,punt,0,0,0,0
2022,8,IND,WAS,5,4,13,28,0,2657,,,,field_goal,0,0,0,0
2022,8,IND,WAS,7,4,8,58,-4,2372,,,,punt,0,0,0,0
2022,8,WAS,IND,8,4,5,61,4,2181,,,,punt,0,0,0,0
2022,8,WAS,IND,10,4,1,58,4,1832,,,,punt,0,0,0,0
2022,8,WAS,IND,12,4,1,49,4,1636,12,base,7,run,-1,0,0,0
2022,8,IND,WAS,13,4,3,21,-4,1338,,,,field_goal,0,0,0,0
2022,8,WAS,IND,14,4,5,71,1,1253,,,,punt,0,0,0,0
2022,8,WAS,IND,16,4,18,93,1,986,,,,punt,0,0,0,0
2022,8,IND,WAS,17,4,2,2,-1,755,,,,field_goal,0,0,0,0
2022,8,WAS,IND,20,4,6,48,-9,452,11,nickel,5,pass,18,1,0,0
2022,8,WAS,IND,20,4,3,10,-9,299,,,,field_goal,0,0,0,0
2022,8,IND,WAS,21,4,1,66,6,167,,,,punt,0,0,0,0
2022,8,WAS,IND,22,4,1,80,-6,95,11,nickel,6,pass,12,1,0,0
2022,9,NO,BAL,1,4,6,56,0,3487,,,,punt,0,0,0,0
2022,9,BAL,NO,2,4,11,83,0,3349,,,,punt,0,0,0,0
2022,9,NO,BAL,3,4,1,69,0,3212,,,,punt,0,0,0,0
2022,9,NO,BAL,5,4,16,86,-7,2700,,,,punt,0,0,0,0
2022,9,BAL,NO,6,4,9,55,7,2513,,,,punt,0,0,0,0
2022,9,NO,BAL,7,4,2,70,-7,2354,,,,punt,0,0,0,0
2022,9,NO,BAL,9,4,10,15,-14,1805,,,,field_goal,0,0,0,0
2022,9,BAL,NO,10,4,8,14,11,1409,,,,field_goal,0,0,0,0
2022,9,NO,BAL,11,4,13,19,-14,990,,,,field_goal,0,0,0,0
2022,9,BAL,NO,12,4,10,75,11,894,,,,punt,0,0,0,0
2022,9,NO,BAL,13,4,16,75,-11,798,,,,punt,0,0,0,0
2022,9,BAL,NO,14,4,14,23,11,516,,,,field_goal,0,0,0,0
2022,9,NO,BAL,17,4,3,76,-21,330,11,nickel,6,pass,7,1,0,0
2022,9,BAL,NO,18,4,8,52,14,29,,,,punt,0,0,0,0
2022,9,NYJ,BUF,2,4,2,78,0,3453,,,,punt,0,0,0,0
2022,9,NYJ,BUF,4,4,3,35,-7,2735,,,,field_goal,0,0,0,0
2022,9,BUF,NYJ,5,4,10,61,4,2639,,,,punt,0,0,0,0
2022,9,NYJ,BUF,6,4,7,45,-4,2448,,,,punt,0,0,0,0
2022,9,NYJ,BUF,8,4,1,32,-11,1920,heavy,nickel,7,pass,5,1,0,0
2022,9,BUF,NYJ,9,4,4,37,4,1804,,,,field_goal,0,0,0,0
2022,9,NYJ,BUF,10,4,1,52,-4,1635,heavy,base,,run,2,1,0,0
2022,9,BUF,NYJ,13,4,9,33,-3,818,,,,field_goal,0,0,0,0
2022,9,NYJ,BUF,14,4,8,58,0,760,,,,punt,0,0,0,0
2022,9,BUF,NYJ,15,4,14,54,0,485,,,,punt,0,0,0,0
2022,9,NYJ,BUF,16,4,10,10,0,105,,,,field_goal,0,0,0,0
2022,9,BUF,NYJ,17,4,21,86,-3,33,11,nickel,4,pass,0,0,0,0
2022,9,CAR,CIN,2,4,4,69,-7,3165,,,,punt,0,0,0,0
2022,9,CIN,CAR,3,4,4,64,7,3107,,,,punt,0,0,0,0
2022,9,CAR,CIN,4,4,8,72,-7,3039,,,,punt,0,0,0,0
2022,9,CAR,CIN,6,4,8,73,-14,2572,,,,punt,0,0,0,0
2022,9,CAR,CIN,10,4,4,60,-28,1930,,,,punt,0,0,0,0
2022,9,CIN,CAR,11,4,2,60,28,1900,,,,punt,0,0,0,0
2022,9,CAR,CIN,15,4,7,8,-35,1555,11,dime,6,pass,8,1,1,0
2022,9,CAR,CIN,17,4,4,69,-35,1131,,,,punt,0,0,0,0
2022,9,CIN,CAR,18,4,9,52,35,774,,,,punt,0,0,0,0
2022,9,CIN,CAR,20,4,3,30,28,231,,,,field_goal,0,0,0,0
2022,9,DET,GB,1,4,1,7,0,3355,11,base,6,pass,0,0,0,0
2022,9,DET,GB,3,4,17,87,0,2912,,,,punt,0,0,0,0
2022,9,GB,DET,4,4,1,1,0,2700,11,,9,pass,0,0,0,1
2022,9,DET,GB,5,4,3,48,0,2415,,,,punt,0,0,0,0
2022,9,GB,DET,6,4,3,38,0,1959,11,nickel,5,pass,0,0,0,0
2022,9,GB,DET,9,4,11,44,-8,1620,,,,punt,0,0,0,0
2022,9,DET,GB,12,4,12,90,8,1403,,,,punt,0,0,0,0
2022,9,GB,DET,15,4,3,7,-9,399,,,,field_goal,0,0,0,0
2022,9,DET,GB,16,4,3,43,6,124,11,nickel,7,pass,0,0,0,0
2022,9,GB,DET,17,4,2,49,-6,69,11,base,7,pass,32,1,0,0
2022,9,GB,DET,17,4,10,17,-6,42,11,nickel,4,pass,0,0,0,0
2022,9,NE,IND,1,4,12,77,0,3564,,,,punt,0,0,0,0
2022,9,IND,NE,2,4,5,50,0,3392,,,,punt,0,0,0,0
2022,9,NE,IND,3,4,13,94,0,3283,,,,punt,0,0,0,0
2022,9,IND,NE,4,4,16,48,0,3159,,,,punt,0,0,0,0
2022,9,NE,IND,5,4,5,65,0,2911,,,,punt,0,0,0,0
2022,9,IND,NE,6,4,10,76,0,2785,,,,punt,0,0,0,0
2022,9,NE,IND,7,4,3,31,0,2615,,,,field_goal,0,0,0,0
2022,9,IND,NE,8,4,7,72,-3,2523,,,,punt,0,0,0,0
2022,9,NE,IND,9,4,2,24,3,2335,,,,field_goal,0,0,0,0
2022,9,IND,NE,10,4,9,74,-6,2225,,,,punt,0,0,0,0
2022,9,IND,NE,12,4,17,69,-13,2006,,,,punt,0,0,0,0
2022,9,NE,IND,13,4,8,62,13,1905,,,,punt,0,0,0,0
2022,9,IND,NE,14,4,8,21,-13,1821,,,,field_goal,0,0,0,0
2022,9,IND,NE,16,4,9,74,-13,1714,,,,punt,0,0,0,0
2022,9,IND,NE,18,4,16,22,-13,1384,,,,field_goal,0,0,0,0
2022,9,NE,IND,19,4,4,25,10,1162,,,,field_goal,0,0,0,0
2022,9,IND,NE,20,4,3,69,-13,1074,,,,punt,0,0,0,0
2022,9,NE,IND,21,4,7,75,13,1011,,,,punt,0,0,0,0
2022,9,IND,NE,22,4,1,55,-13,900,heavy,nickel,7,run,0,0,0,0
2022,9,NE,IND,23,4,10,10,13,613,,,,field_goal,0,0,0,0
2022,9,IND,NE,24,4,15,80,-16,521,,,,punt,0,0,0,0
2022,9,NE,IND,25,4,7,51,16,319,,,,punt,0,0,0,0
2022,9,IND,NE,27,4,2,48,-23,166,11,dime,5,pass,0,0,0,0
2022,9,NE,IND,28,4,5,47,23,36,,,,punt,0,0,0,0
2022,9,LAC,ATL,2,4,2,67,-7,3264,,,,punt,0,0,0,0
2022,9,ATL,LAC,3,4,9,11,7,2756,,,,field_goal,0,0,0,0
2022,9,LAC,ATL,4,4,2,67,-10,2695,,,,punt,0,0,0,0
2022,9,ATL,LAC,5,4,14,73,10,2603,,,,punt,0,0,0,0
2022,9,ATL,LAC,7,4,11,76,3,1960,,,,punt,0,0,0,0
2022,9,ATL,LAC,9,4,15,80,-4,1812,,,,punt,0,0,0,0
2022,9,LAC,ATL,10,4,7,76,4,1743,,,,punt,0,0,0,0
2022,9,LAC,ATL,14,4,7,60,-3,1002,,,,punt,0,0,0,0
2022,9,ATL,LAC,15,4,8,32,3,737,,,,field_goal,0,0,0,0
2022,9,LAC,ATL,16,4,4,38,-3,529,11,nickel,6,pass,6,1,0,0
2022,9,LAC,ATL,16,4,13,13,-3,331,,,,field_goal,0,0,0,0
2022,9,ATL,LAC,17,4,8,73,0,273,,,,punt,0,0,0,0
2022,9,LA,TB,1,4,5,68,0,3541,,,,punt,0,0,0,0
2022,9,TB,LA,2,4,1,2,0,3139,,,,field_goal,0,0,0,0
2022,9,LA,TB,3,4,13,67,-3,2952,,,,punt,0,0,0,0
2022,9,TB,LA,4,4,5,77,3,2830,,,,punt,0,0,0,0
2022,9,TB,LA,6,4,2,67,-4,2487,,,,punt,0,0,0,0
2022,9,LA,TB,7,4,6,77,4,2423,,,,punt,0,0,0,0
2022,9,TB,LA,8,4,4,59,-4,2368,,,,punt,0,0,0,0
2022,9,LA,TB,9,4,3,82,4,2271,,,,punt,0,0,0,0
2022,9,TB,LA,10,4,6,34,-4,1983,,,,field_goal,0,0,0,0
2022,9,LA,TB,11,4,15,65,4,1931,,,,punt,0,0,0,0
2022,9,TB,LA,12,4,5,20,-4,1828,,,,field_goal,0,0,0,0
2022,9,TB,LA,14,4,11,76,-1,1757,,,,punt,0,0,0,0
2022,9,LA,TB,15,4,7,8,1,1457,,,,field_goal,0,0,0,0
2022,9,TB,LA,16,4,20,85,-4,1366,,,,punt,0,0,0,0
2022,9,LA,TB,17,4,11,90,4,1232,,,,punt,0,0,0,0
2022,9,TB,LA,18,4,2,45,-4,1141,11,nickel,6,pass,-8,0,0,0
2022,9,LA,TB,19,4,16,16,4,913,,,,field_goal,0,0,0,0
2022,9,TB,LA,20,4,12,66,-7,814,,,,punt,0,0,0,0
2022,9,LA,TB,21,4,11,81,7,707,,,,punt,0,0,0,0
2022,9,TB,LA,22,4,5,32,-7,493,,,,field_goal,0,0,0,0
2022,9,LA,TB,23,4,17,85,4,354,,,,punt,0,0,0,0
2022,9,TB,LA,24,4,6,6,-4,117,11,nickel,6,pass,0,0,0,0
2022,9,LA,TB,25,4,4,87,4,54,,,,punt,0,0,0,0
2022,9,LV,JAX,1,4,10,75,0,3524,,,,punt,0,0,0,0
2022,9,LV,JAX,3,4,4,42,0,3084,11,nickel,6,pass,11,1,0,0
2022,9,JAX,LV,4,4,6,88,-7,2897,,,,punt,0,0,0,0
2022,9,LV,JAX,5,4,3,19,7,2652,,,,field_goal,0,0,0,0
2022,9,JAX,LV,6,4,4,69,-10,2565,,,,punt,0,0,0,0
2022,9,LV,JAX,9,4,3,20,10,1850,,,,field_goal,0,0,0,0
2022,9,LV,JAX,12,4,11,60,3,1330,,,,punt,0,0,0,0
2022,9,LV,JAX,14,4,10,45,-4,604,,,,punt,0,0,0,0
2022,9,JAX,LV,15,4,3,70,4,461,,,,punt,0,0,0,0
2022,9,LV,JAX,16,4,12,75,-4,390,,,,punt,0,0,0,0
2022,9,JAX,LV,17,4,1,23,4,188,,,,field_goal,0,0,0,0
2022,9,LV,JAX,18,4,2,61,-4,150,11,nickel,6,pass,0,0,0,0
2022,9,JAX,LV,19,4,1,30,4,68,,,,field_goal,0,0,0,0
2022,9,LV,JAX,20,4,17,82,-7,25,11,nickel,4,run,7,0,0,1
2022,9,CHI,MIA,1,4,4,14,0,3367,,,,field_goal,0,0,0,0
2022,9,CHI,MIA,5,4,5,60,-4,2313,,,,punt,0,0,1,0
2022,9,MIA,CHI,7,4,3,11,4,1812,,,,field_goal,0,0,0,0
2022,9,CHI,MIA,12,4,18,83,-10,1190,,,,punt,0,0,0,0
2022,9,MIA,CHI,13,4,6,35,10,1026,11,dime,4,pass,0,0,0,0
2022,9,CHI,MIA,14,4,1,56,-10,900,11,nickel,7,run,2,1,0,0
2022,9,MIA,CHI,15,4,1,14,3,475,12,nickel,7,pass,0,0,0,0
2022,9,CHI,MIA,16,4,13,61,-3,191,,,,punt,0,0,0,0
2022,9,MIA,CHI,17,4,11,77,3,170,,,,punt,0,0,0,0
2022,9,CHI,MIA,18,4,10,58,-3,89,11,nickel,5,pass,0,0,0,0
2022,9,WAS,MIN,2,4,4,56,-7,3116,,,,punt,0,0,0,0
2022,9,MIN,WAS,3,4,20,94,7,3000,,,,punt,0,0,0,0
2022,9,WAS,MIN,4,4,7,46,-7,2826,,,,punt,0,0,0,0
2022,9,MIN,WAS,5,4,7,66,7,2611,,,,punt,0,0,0,0
2022,9,WAS,MIN,6,4,16,67,-7,2479,,,,punt,0,0,0,0
2022,9,MIN,WAS,7,4,7,53,7,2307,,,,punt,0,0,0,0
2022,9,WAS,MIN,8,4,3,59,-7,2072,,,,punt,0,0,0,0
2022,9,MIN,WAS,9,4,2,86,7,1976,,,,punt,0,0,0,0
2022,9,WAS,MIN,10,4,10,26,-7,1841,,,,field_goal,0,0,0,0
2022,9,MIN,WAS,14,4,11,59,-3,1617,,,,punt,0,0,0,0
2022,9,WAS,MIN,15,4,1,38,3,1240,heavy,base,7,pass,0,0,0,0
2022,9,MIN,WAS,16,4,13,65,-3,1183,,,,punt,0,0,0,0
2022,9,MIN,WAS,18,4,5,7,-10,649,,,,field_goal,0,0,0,0
2022,9,WAS,MIN,21,4,15,80,0,382,,,,punt,0,0,0,0
2022,9,MIN,WAS,22,4,4,4,0,115,,,,penalty,2,1,0,0
2022,9,MIN,WAS,22,4,10,10,0,16,,,,field_goal,0,0,0,0
2022,9,PHI,HOU,2,4,2,2,-7,2796,12,base,7,run,2,1,1,0
2022,9,HOU,PHI,3,4,3,57,0,2587,,,,punt,0,0,0,0
2022,9,HOU,PHI,5,4,15,56,0,2414,,,,punt,0,0,0,0
2022,9,PHI,HOU,9,4,12,85,0,1678,,,,punt,0,0,0,0
2022,9,HOU,PHI,10,4,13,67,0,1591,,,,punt,0,0,0,0
2022,9,PHI,HOU,11,4,2,72,0,1497,,,,punt,0,0,0,0
2022,9,HOU,PHI,14,4,9,12,-7,978,,,,field_goal,0,0,0,0
2022,9,HOU,PHI,16,4,14,51,-12,502,,,,punt,0,0,0,0
2022,9,PHI,HOU,17,4,8,88,12,365,,,,punt,0,0,0,0
2022,9,PHI,HOU,19,4,1,66,12,96,heavy,base,9,run,1,1,0,0
2022,9,SEA,ARI,1,4,6,31,0,3355,,,,field_goal,0,0,0,0
2022,9,SEA,ARI,3,4,7,72,-4,3003,,,,punt,0,0,0,0
2022,9,ARI,SEA,4,4,16,86,4,2902,,,,punt,0,0,0,0
2022,9,ARI,SEA,6,4,12,81,-3,2316,,,,punt,0,0,0,0
2022,9,SEA,ARI,7,4,2,36,3,2207,11,nickel,6,pass,-4,0,0,0
2022,9,ARI,SEA,8,4,4,54,-3,2154,,,,punt,0,0,0,0
2022,9,SEA,ARI,9,4,2,58,3,1983,,,,punt,0,0,0,0
2022,9,ARI,SEA,10,4,4,40,-3,1825,11,dime,4,run,9,0,0,1
2022,9,ARI,SEA,12,4,4,68,-3,1712,,,,punt,0,0,0,0
2022,9,SEA,ARI,13,4,14,77,3,1586,,,,punt,0,0,0,0
2022,9,ARI,SEA,14,4,22,81,-3,1473,,,,punt,0,0,0,0
2022,9,ARI,SEA,17,4,19,66,-3,869,,,,punt,0,0,0,0
2022,9,ARI,SEA,21,4,15,79,-10,65,11,dime,4,pass,0,0,0,0
2022,9,KC,TEN,1,4,5,5,0,3110,,,,field_goal,0,0,0,0
2022,9,TEN,KC,2,4,15,39,-3,2975,,,,punt,0,0,0,0
2022,9,KC,TEN,5,4,14,68,2,2302,,,,punt,0,0,0,0
2022,9,KC,TEN,7,4,14,79,-5,2046,,,,punt,0,0,0,0
2022,9,TEN,KC,8,4,9,60,5,1924,,,,punt,0,0,0,0
2022,9,KC,TEN,9,4,7,56,-5,1826,,,,punt,0,0,0,0
2022,9,TEN,KC,11,4,3,77,5,1660,,,,punt,0,0,0,0
2022,9,TEN,KC,13,4,2,26,5,1503,,,,field_goal,0,0,0,0
2022,9,KC,TEN,14,4,8,29,-8,1221,,,,field_goal,0,0,0,0
2022,9,TEN,KC,15,4,12,65,8,1083,,,,punt,0,0,0,0
2022,9,KC,TEN,16,4,16,52,-8,951,,,,punt,0,0,0,0
2022,9,TEN,KC,17,4,4,84,8,849,,,,punt,0,0,0,0
2022,9,KC,TEN,18,4,9,88,-8,784,,,,punt,0,0,0,0
2022,9,TEN,KC,19,4,13,42,8,601,,,,punt,0,0,0,0
2022,9,TEN,KC,21,4,14,87,0,120,,,,punt,0,0,0,0
2022,9,KC,TEN,22,4,1,55,0,61,12,nickel,7,run,2,1,0,0
2022,9,KC,TEN,22,4,10,53,0,43,,,,punt,0,0,0,0
2022,9,TEN,KC,23,4,10,70,0,18,,,,punt,0,0,0,0
2022,9,KC,TEN,25,4,1,13,0,313,11,nickel,6,pass,2,1,0,0
2022,9,KC,TEN,25,4,10,11,0,247,,,,field_goal,0,0,0,0
2022,9,TEN,KC,26,4,26,91,-3,133,11,dime,4,pass,0,0,0,0
2022,10,LA,ARI,1,4,1,52,0,3376,11,base,8,run,2,1,0,0
2022,10,LA,ARI,1,4,3,18,0,3080,,,,field_goal,0,0,0,0
2022,10,ARI,LA,2,4,2,47,-3,2946,11,nickel,6,pass,4,1,0,0
2022,10,ARI,LA,2,4,3,18,-3,2718,,,,field_goal,0,0,0,0
2022,10,LA,ARI,3,4,6,72,0,2686,,,,punt,0,0,0,0
2022,10,ARI,LA,4,4,3,65,0,2587,,,,punt,0,0,0,0
2022,10,LA,ARI,5,4,11,68,0,2503,,,,punt,0,0,0,0
2022,10,ARI,LA,6,4,1,58,0,2447,,,,punt,0,0,0,0
2022,10,LA,ARI,7,4,11,81,0,2322,,,,punt,0,0,0,0
2022,10,ARI,LA,8,4,1,6,0,1957,12,base,8,run,2,1,0,0
2022,10,ARI,LA,12,4,6,61,14,1642,,,,punt,0,0,0,0
2022,10,LA,ARI,13,4,6,60,-14,1445,,,,punt,0,0,0,0
2022,10,ARI,LA,14,4,15,85,14,1361,,,,punt,0,0,0,0
2022,10,ARI,LA,16,4,13,50,7,900,,,,punt,0,0,0,0
2022,10,LA,ARI,17,4,8,76,-7,775,,,,punt,0,0,0,0
2022,10,ARI,LA,18,4,3,41,7,525,11,nickel,5,pass,26,1,0,0
2022,10,LA,ARI,19,4,1,66,-14,398,11,base,7,run,1,1,0,0
2022,10,ARI,LA,20,4,13,28,14,229,,,,field_goal,0,0,0,0
2022,10,ATL,CAR,1,4,14,74,0,3390,,,,punt,0,0,0,0
2022,10,CAR,ATL,2,4,10,28,0,3123,,,,field_goal,0,0,0,0
2022,10,ATL,CAR,3,4,18,42,-3,2866,,,,punt,0,0,0,0
2022,10,CAR,ATL,4,4,19,35,3,2273,,,,punt,0,0,0,0
2022,10,ATL,CAR,5,4,1,88,-3,2132,,,,punt,0,0,0,0
2022,10,CAR,ATL,8,4,9,31,10,1912,,,,field_goal,0,0,0,0
2022,10,ATL,CAR,9,4,3,15,-13,1803,,,,field_goal,0,0,0,0
2022,10,CAR,ATL,10,4,16,81,10,1760,,,,punt,0,0,0,0
2022,10,ATL,CAR,11,4,14,41,-10,1553,,,,punt,0,0,0,0
2022,10,CAR,ATL,12,4,4,92,10,1454,,,,punt,0,0,0,0
2022,10,ATL,CAR,15,4,15,52,-10,895,,,,punt,0,0,0,0
2022,10,CAR,ATL,16,4,8,22,10,566,,,,field_goal,0,0,0,0
2022,10,ATL,CAR,17,4,10,52,-13,456,21,nickel,7,pass,-8,0,0,0
2022,10,CAR,ATL,18,4,10,40,13,327,,,,punt,0,0,0,0
2022,10,CAR,ATL,20,4,7,72,7,163,,,,punt,0,0,0,0
2022,10,ATL,CAR,21,4,18,74,-7,114,11,nickel,4,pass,-7,0,0,0
2022,10,CAR,ATL,22,4,10,19,7,14,,,,field_goal,0,0,0,0
2022,10,MIA,CLE,2,4,1,64,-7,3242,11,nickel,7,run,4,1,0,0
2022,10,CLE,MIA,3,4,1,36,0,2765,11,base,9,run,2,1,0,0
2022,10,MIA,CLE,4,4,6,21,0,2469,,,,field_goal,0,0,0,0
2022,10,CLE,MIA,5,4,3,42,-3,2139,11,dime,6,pass,0,0,0,0
2022,10,MIA,CLE,6,4,1,14,3,1933,11,nickel,7,run,-1,0,0,0
2022,10,CLE,MIA,7,4,17,80,-3,1891,,,,punt,0,0,0,0
2022,10,CLE,MIA,11,4,4,19,-17,1320,,,,field_goal,0,0,0,0
2022,10,MIA,CLE,14,4,8,15,13,499,,,,field_goal,0,0,0,0
2022,10,CLE,MIA,15,4,7,72,-16,440,11,dime,5,pass,-8,0,0,0
2022,10,CLE,MIA,17,4,6,71,-22,367,11,dime,6,run,13,1,0,0
2022,10,CLE,MIA,17,4,20,36,-22,249,11,dime,4,pass,0,0,0,0
2022,10,DAL,GB,1,4,9,60,0,3562,,,,punt,0,0,0,0
2022,10,GB,DAL,2,4,5,36,0,3273,,,,field_goal,0,0,0,0
2022,10,DAL,GB,3,4,6,52,0,3221,,,,punt,0,0,0,0
2022,10,GB,DAL,4,4,10,48,0,2905,,,,punt,0,0,0,0
2022,10,DAL,GB,5,4,1,31,0,2617,11,base,8,run,1,1,0,0
2022,10,DAL,GB,9,4,1,59,0,1978,12,base,8,run,1,1,0,0
2022,10,GB,DAL,13,4,9,47,0,1546,,,,punt,0,0,0,0
2022,10,DAL,GB,14,4,3,88,0,1422,,,,punt,0,0,0,1
2022,10,GB,DAL,16,4,13,70,-7,1245,,,,punt,0,0,0,0
2022,10,GB,DAL,18,4,7,39,-14,811,11,dime,7,pass,39,1,1,0
2022,10,DAL,GB,19,4,9,63,7,549,,,,punt,0,0,0,0
2022,10,DAL,GB,21,4,7,72,0,109,,,,punt,0,0,0,0
2022,10,GB,DAL,22,4,1,58,0,22,,,,punt,0,0,0,0
2022,10,DAL,GB,24,4,3,35,0,381,11,nickel,6,pass,0,0,0,0
2022,10,TEN,DEN,1,4,3,68,0,3520,,,,punt,0,0,0,0
2022,10,DEN,TEN,2,4,10,61,0,3413,,,,punt,0,0,0,0
2022,10,TEN,DEN,3,4,7,62,0,3222,,,,punt,0,0,0,0
2022,10,DEN,TEN,4,4,3,72,0,3143,,,,punt,0,0,0,0
2022,10,TEN,DEN,5,4,7,44,0,3053,,,,punt,0,0,0,0
2022,10,DEN,TEN,6,4,18,76,0,2808,,,,punt,0,0,0,0
2022,10,TEN,DEN,7,4,2,50,0,2710,,,,punt,0,0,0,0
2022,10,DEN,TEN,8,4,9,60,0,2559,,,,punt,0,0,0,0
2022,10,TEN,DEN,9,4,4,74,0,2491,,,,punt,0,0,0,0
2022,10,TEN,DEN,11,4,21,82,-7,2188,,,,punt,0,0,0,0
2022,10,DEN,TEN,12,4,9,21,7,1947,,,,field_goal,0,0,0,0
2022,10,DEN,TEN,15,4,5,70,3,1741,,,,punt,0,0,0,0
2022,10,TEN,DEN,16,4,6,66,-3,1594,,,,punt,0,0,0,0
2022,10,DEN,TEN,17,4,4,48,3,1320,,,,punt,0,0,0,0
2022,10,DEN,TEN,19,4,1,60,-4,1050,11,nickel,7,run,2,1,0,0
2022,10,DEN,TEN,19,4,13,61,-4,960,,,,punt,0,0,0,0
2022,10,TEN,DEN,20,4,7,77,4,900,,,,punt,0,0,0,0
2022,10,DEN,TEN,21,4,19,81,-4,689,,,,punt,0,0,0,0
2022,10,DEN,TEN,23,4,6,58,-4,418,,,,punt,0,0,0,0
2022,10,TEN,DEN,24,4,7,17,4,182,,,,field_goal,0,0,0,0
2022,10,DEN,TEN,25,4,5,70,-7,114,11,dime,6,run,9,1,0,0
2022,10,DEN,TEN,25,4,8,25,-7,20,11,dime,6,pass,0,0,0,1
2022,10,CHI,DET,1,4,10,15,0,3342,,,,field_goal,0,0,0,0
2022,10,DET,CHI,2,4,4,7,-3,2904,,,,field_goal,0,0,0,0
2022,10,CHI,DET,3,4,14,44,0,2692,,,,punt,0,0,0,0
2022,10,DET,CHI,4,4,2,2,0,2241,11,base,9,pass,2,1,1,0
2022,10,DET,CHI,7,4,3,68,0,1686,,,,punt,0,0,0,0
2022,10,DET,CHI,9,4,15,69,-7,1160,,,,punt,0,0,0,0
2022,10,DET,CHI,11,4,12,51,-14,903,,,,punt,0,0,0,0
2022,10,CHI,DET,12,4,5,74,14,821,,,,punt,0,0,0,0
2022,10,DET,CHI,16,4,2,67,-6,467,,,,punt,0,0,0,0
2022,10,CHI,DET,17,4,5,55,6,330,,,,punt,0,0,0,0
2022,10,CHI,DET,19,4,8,68,-1,72,11,nickel,6,pass,-10,0,0,0
2022,10,HOU,NYG,1,4,23,75,0,3504,,,,punt,0,0,0,0
2022,10,HOU,NYG,3,4,4,69,-7,3082,,,,punt,0,0,0,0
2022,10,NYG,HOU,4,4,4,70,7,3007,,,,punt,0,0,0,0
2022,10,HOU,NYG,5,4,6,76,-7,2919,,,,punt,0,0,0,0
2022,10,NYG,HOU,6,4,5,40,7,2700,,,,punt,0,0,0,0
2022,10,HOU,NYG,7,4,10,19,-7,2492,,,,field_goal,0,0,0,0
2022,10,NYG,HOU,8,4,23,40,4,2169,,,,punt,0,0,0,0
2022,10,HOU,NYG,9,4,2,55,-4,1942,,,,punt,0,0,0,0
2022,10,NYG,HOU,10,4,1,75,4,1871,,,,punt,0,0,0,0
2022,10,HOU,NYG,11,4,14,58,-4,1831,,,,punt,0,0,0,0
2022,10,NYG,HOU,17,4,1,80,11,732,,,,punt,0,0,0,0
2022,10,NYG,HOU,19,4,13,55,11,288,,,,punt,0,0,0,0
2022,10,HOU,NYG,20,4,8,16,-11,146,,,,field_goal,0,0,0,0
2022,10,NYG,HOU,21,4,2,31,8,120,,,,field_goal,0,0,0,0
2022,10,LV,IND,1,4,5,65,0,3534,,,,punt,0,0,0,0
2022,10,IND,LV,2,4,5,77,0,3445,,,,punt,0,0,0,0
2022,10,LV,IND,3,4,29,83,0,3302,,,,punt,0,0,0,0
2022,10,LV,IND,5,4,6,71,-7,2856,,,,punt,0,0,0,0
2022,10,IND,LV,6,4,3,30,7,2563,,,,field_goal,0,0,0,0
2022,10,LV,IND,7,4,2,44,-10,2285,11,nickel,6,run,-3,0,0,0
2022,10,LV,IND,9,4,1,37,-10,1924,21,base,8,run,2,1,0,0
2022,10,IND,LV,11,4,15,30,6,1446,,,,field_goal,0,0,0,0
2022,10,LV,IND,14,4,7,59,-5,849,,,,punt,0,0,0,0
2022,10,IND,LV,15,4,7,92,5,759,,,,punt,0,0,0,0
2022,10,IND,LV,17,4,5,60,-1,594,,,,punt,0,0,0,0
2022,10,LV,IND,18,4,15,80,1,493,,,,punt,0,0,0,0
2022,10,LV,IND,20,4,7,16,-5,52,11,nickel,6,pass,0,0,0,0
2022,10,JAX,KC,1,4,9,39,0,3475,,,,punt,0,0,0,0
2022,10,JAX,KC,3,4,2,44,0,3083,,,,punt,0,0,0,0
2022,10,JAX,KC,5,4,16,73,-7,2780,,,,punt,0,0,0,0
2022,10,KC,JAX,6,4,10,67,7,2686,,,,punt,0,0,0,0
2022,10,JAX,KC,7,4,12,33,-7,2483,,,,field_goal,0,0,0,0
2022,10,JAX,KC,9,4,7,72,-14,2281,,,,punt,0,0,0,0
2022,10,KC,JAX,10,4,4,57,14,2196,,,,punt,0,0,0,0
2022,10,JAX,KC,11,4,1,70,-14,2014,,,,punt,0,0,0,0
2022,10,JAX,KC,16,4,2,40,-13,1560,11,nickel,6,pass,8,1,0,0
2022,10,JAX,KC,16,4,17,17,-13,1250,,,,field_goal,0,0,0,0
2022,10,JAX,KC,18,4,7,51,-17,739,,,,punt,0,0,0,0
2022,10,JAX,KC,20,4,3,36,-17,383,11,nickel,5,pass,10,1,0,0
2022,10,KC,JAX,21,4,2,43,10,176,11,nickel,7,pass,4,1,0,0
2022,10,SF,LAC,2,4,2,2,-7,2952,,,,field_goal,0,0,0,0
2022,10,LAC,SF,3,4,3,49,4,2752,,,,punt,0,0,0,0
2022,10,LAC,SF,5,4,7,29,4,2696,,,,field_goal,0,0,0,0
2022,10,SF,LAC,6,4,5,70,-7,2620,,,,punt,0,0,0,0
2022,10,LAC,SF,7,4,6,66,7,2539,,,,punt,0,0,0,0
2022,10,SF,LAC,8,4,1,67,-7,2436,,,,punt,0,0,0,0
2022,10,LAC,SF,9,4,7,7,7,2205,,,,field_goal,0,0,0,0
2022,10,LAC,SF,11,4,11,21,3,1803,,,,field_goal,0,0,0,0
2022,10,SF,LAC,12,4,1,30,-6,1623,11,base,9,run,1,1,0,0
2022,10,SF,LAC,12,4,8,8,-6,1435,,,,field_goal,0,0,0,0
2022,10,LAC,SF,13,4,8,44,3,1297,,,,punt,0,0,0,0
2022,10,SF,LAC,14,4,4,60,-3,1126,,,,punt,0,0,0,0
2022,10,LAC,SF,15,4,5,63,3,900,,,,punt,0,0,0,0
2022,10,LAC,SF,17,4,7,72,-3,408,,,,punt,0,0,0,0
2022,10,SF,LAC,18,4,5,41,3,132,,,,punt,0,0,0,0
2022,10,LAC,SF,19,4,3,92,-3,82,11,nickel,6,pass,0,0,0,0
2022,10,SF,LAC,20,4,2,2,3,61,,,,field_goal,0,0,0,0
2022,10,BUF,MIN,1,4,8,74,0,3498,,,,punt,0,0,0,0
2022,10,MIN,BUF,4,4,1,66,0,3084,,,,punt,0,0,0,0
2022,10,BUF,MIN,7,4,11,15,7,2577,,,,field_goal,0,0,0,0
2022,10,MIN,BUF,8,4,9,9,-10,2235,,,,field_goal,0,0,0,0
2022,10,MIN,BUF,10,4,1,28,-7,1914,11,nickel,6,pass,0,0,0,0
2022,10,MIN,BUF,12,4,8,73,-14,1809,,,,punt,0,0,0,0
2022,10,BUF,MIN,14,4,14,62,14,1528,,,,punt,0,0,0,0
2022,10,MIN,BUF,15,4,15,68,-14,1284,,,,punt,0,0,0,0
2022,10,BUF,MIN,16,4,7,27,14,1016,,,,field_goal,0,0,0,0
2022,10,BUF,MIN,18,4,2,7,10,642,11,nickel,6,pass,0,0,0,1
2022,10,MIN,BUF,19,4,1,57,-10,542,11,nickel,6,run,2,1,0,0
2022,10,MIN,BUF,19,4,6,51,-10,414,11,nickel,6,pass,12,1,0,0
2022,10,BUF,MIN,20,4,15,77,4,214,,,,punt,0,0,0,0
2022,10,MIN,BUF,21,4,18,73,-4,120,11,nickel,4,pass,32,1,0,0
2022,10,MIN,BUF,21,4,1,1,-4,50,heavy,,10,run,0,0,0,0
2022,10,MIN,BUF,25,4,15,15,0,225,,,,field_goal,0,0,0,0
2022,10,PIT,NO,1,4,7,54,0,3492,,,,punt,0,0,0,0
2022,10,NO,PIT,2,4,10,91,0,3366,,,,punt,0,0,0,0
2022,10,PIT,NO,3,4,2,37,0,3165,11,nickel,6,pass,7,1,0,0
2022,10,NO,PIT,4,4,2,62,-7,2839,,,,punt,0,0,0,0
2022,10,PIT,NO,5,4,5,15,7,2660,,,,field_goal,0,0,0,0
2022,10,NO,PIT,6,4,7,57,-10,2565,,,,punt,0,0,0,0
2022,10,PIT,NO,7,4,3,82,10,2452,,,,punt,0,0,0,0
2022,10,NO,PIT,8,4,10,26,-10,2204,,,,field_goal,0,0,0,0
2022,10,PIT,NO,9,4,12,44,7,1920,,,,punt,0,0,0,0
2022,10,NO,PIT,12,4,12,67,0,1726,,,,punt,0,0,0,0
2022,10,PIT,NO,13,4,21,21,0,1439,,,,field_goal,0,0,0,0
2022,10,NO,PIT,14,4,13,60,0,1214,,,,punt,0,0,0,0
2022,10,PIT,NO,15,4,5,15,0,827,,,,field_goal,0,0,0,0
2022,10,NO,PIT,18,4,1,66,-10,468,11,nickel,7,run,0,0,0,0
2022,10,PIT,NO,19,4,6,30,10,337,,,,field_goal,0,0,0,0
2022,10,TB,SEA,1,4,10,84,0,3553,,,,punt,0,0,0,0
2022,10,SEA,TB,2,4,27,82,0,3372,,,,punt,0,0,0,0
2022,10,TB,SEA,3,4,14,34,0,3238,,,,field_goal,0,0,0,0
2022,10,SEA,TB,4,4,12,44,0,3024,,,,punt,0,0,0,0
2022,10,SEA,TB,6,4,2,65,-7,2533,,,,punt,0,0,0,0
2022,10,SEA,TB,8,4,15,72,-14,1983,,,,punt,0,0,0,0
2022,10,TB,SEA,9,4,7,93,14,1917,,,,punt,0,0,0,0
2022,10,SEA,TB,10,4,3,63,-14,1837,,,,punt,0,0,0,0
2022,10,SEA,TB,12,4,23,37,-14,1630,,,,field_goal,0,0,0,0
2022,10,SEA,TB,18,4,3,38,-12,343,11,nickel,7,pass,10,1,0,0
2022,10,SEA,TB,18,4,1,19,-12,244,11,nickel,7,pass,19,1,1,0
2022,10,WAS,PHI,1,4,5,87,0,3512,,,,penalty,15,1,0,0
2022,10,WAS,PHI,5,4,6,26,-7,2404,,,,field_goal,0,0,0,0
2022,10,WAS,PHI,7,4,1,16,-4,1946,11,nickel,7,run,2,1,0,0
2022,10,PHI,WAS,8,4,5,70,-3,1872,,,,punt,0,0,0,0
2022,10,PHI,WAS,10,4,3,68,-6,1723,,,,punt,0,0,0,0
2022,10,WAS,PHI,11,4,14,14,6,1217,,,,field_goal,0,0,0,0
2022,10,WAS,PHI,15,4,12,36,2,458,,,,field_goal,0,0,0,0
2022,10,WAS,PHI,17,4,2,65,5,216,,,,punt,0,0,0,0
2022,10,PHI,WAS,18,4,18,88,-5,128,,,,punt,0,0,0,0
2022,10,WAS,PHI,19,4,10,47,5,11,,,,punt,0,0,0,0
2022,11,BAL,CAR,1,4,8,43,0,3457,,,,punt,0,0,0,0
2022,11,CAR,BAL,2,4,9,56,0,3155,,,,punt,0,0,0,0
2022,11,BAL,CAR,3,4,14,87,0,3031,,,,punt,0,0,0,0
2022,11,CAR,BAL,4,4,5,70,0,2932,,,,punt,0,0,0,0
2022,11,BAL,CAR,5,4,2,45,0,2700,,,,punt,0,0,0,0
2022,11,CAR,BAL,6,4,4,77,0,2566,,,,punt,0,0,0,0
2022,11,CAR,BAL,8,4,18,52,0,2029,,,,punt,0,0,0,0
2022,11,BAL,CAR,9,4,10,14,0,1805,,,,field_goal,0,0,0,0
2022,11,CAR,BAL,10,4,6,65,-3,1735,,,,punt,0,0,0,0
2022,11,BAL,CAR,11,4,9,93,3,1593,,,,punt,0,0,0,0
2022,11,CAR,BAL,12,4,9,14,-3,1391,,,,field_goal,0,0,0,0
2022,11,BAL,CAR,13,4,26,41,0,1141,,,,punt,0,0,0,0
2022,11,CAR,BAL,14,4,9,56,0,933,,,,punt,0,0,0,0
2022,11,BAL,CAR,15,4,4,19,0,511,,,,field_goal,0,0,0,0
2022,11,CAR,BAL,18,4,7,57,-10,331,11,nickel,6,pass,-8,0,0,0
2022,11,BAL,CAR,19,4,15,40,10,277,,,,punt,0,0,0,0
2022,11,BAL,CAR,21,4,10,41,10,120,,,,punt,0,0,0,0
2022,11,ATL,CHI,3,4,4,63,0,2887,,,,punt,0,0,0,0
2022,11,CHI,ATL,4,4,6,67,0,2716,,,,punt,0,0,0,1
2022,11,CHI,ATL,5,4,27,45,0,2572,,,,punt,0,0,0,0
2022,11,ATL,CHI,6,4,9,80,0,2505,,,,punt,0,0,0,0
2022,11,CHI,ATL,7,4,6,23,0,2267,,,,field_goal,0,0,0,0
2022,11,CHI,ATL,11,4,9,38,3,1874,,,,field_goal,0,0,0,0
2022,11,ATL,CHI,12,4,1,22,-3,1803,,,,field_goal,0,0,0,0
2022,11,CHI,ATL,13,4,10,75,0,1707,,,,punt,0,0,0,0
2022,11,ATL,CHI,14,4,12,42,0,1552,,,,punt,0,0,0,0
2022,11,CHI,ATL,15,4,24,73,0,1228,,,,punt,0,0,0,0
2022,11,ATL,CHI,18,4,2,44,0,210,11,nickel,6,run,6,1,0,0
2022,11,ATL,CHI,18,4,7,35,0,112,,,,field_goal,0,0,0,0
2022,11,CIN,PIT,1,4,8,60,0,3489,,,,punt,0,0,0,0
2022,11,PIT,CIN,2,4,3,88,0,3374,,,,punt,0,0,0,0
2022,11,CIN,PIT,3,4,1,27,0,3239,,,,field_goal,0,0,0,0
2022,11,PIT,CIN,4,4,7,24,-3,2981,,,,field_goal,0,0,0,0
2022,11,PIT,CIN,11,4,9,74,3,1718,,,,punt,0,0,0,0
2022,11,CIN,PIT,12,4,16,60,-3,1615,,,,punt,0,0,0,0
2022,11,PIT,CIN,13,4,4,85,3,1515,,,,punt,0,0,0,0
2022,11,PIT,CIN,15,4,4,70,-4,1238,,,,punt,0,0,0,0
2022,11,PIT,CIN,17,4,4,15,-4,1172,,,,field_goal,0,0,0,0
2022,11,CIN,PIT,18,4,13,36,1,936,,,,field_goal,0,0,0,0
2022,11,PIT,CIN,19,4,22,51,-4,758,,,,punt,0,0,0,0
2022,11,CIN,PIT,20,4,13,93,4,701,,,,punt,0,0,0,0
2022,11,PIT,CIN,21,4,18,42,-4,579,,,,punt,0,0,0,0
2022,11,PIT,CIN,23,4,9,72,-11,222,11,dime,5,pass,0,0,0,0
2022,11,CIN,PIT,24,4,8,26,11,202,,,,field_goal,0,0,0,0
2022,11,BUF,CLE,2,4,3,58,-7,3152,,,,punt,0,0,0,0
2022,11,CLE,BUF,3,4,5,84,7,3029,,,,punt,0,0,0,0
2022,11,BUF,CLE,4,4,2,24,-7,2917,,,,field_goal,0,0,0,0
2022,11,CLE,BUF,5,4,14,14,4,2648,,,,field_goal,0,0,0,0
2022,11,BUF,CLE,6,4,13,72,-7,2517,,,,punt,0,0,0,0
2022,11,BUF,CLE,8,4,14,18,-7,2098,,,,field_goal,0,0,0,0
2022,11,CLE,BUF,9,4,15,50,4,1921,,,,punt,0,0,0,0
2022,11,BUF,CLE,12,4,16,38,3,1488,,,,field_goal,0,0,0,0
2022,11,CLE,BUF,13,4,1,27,-6,1257,12,nickel,7,run,0,0,0,0
2022,11,CLE,BUF,15,4,10,16,-12,1001,,,,field_goal,0,0,0,0
2022,11,BUF,CLE,16,4,7,31,12,805,,,,field_goal,0,0,0,0
2022,11,CLE,BUF,17,4,17,82,-15,726,,,,punt,0,0,0,0
2022,11,BUF,CLE,18,4,10,10,15,408,,,,field_goal,0,0,0,0
2022,11,CLE,BUF,19,4,5,70,-18,351,11,nickel,5,pass,6,1,0,0
2022,11,BUF,CLE,20,4,14,21,12,120,,,,field_goal,0,0,0,0
2022,11,DAL,MIN,2,4,3,9,0,3325,,,,field_goal,0,0,0,0
2022,11,MIN,DAL,3,4,2,6,-3,3102,,,,field_goal,0,0,0,0
2022,11,MIN,DAL,5,4,9,59,-7,2616,,,,punt,0,0,0,0
2022,11,DAL,MIN,6,4,13,35,7,2136,,,,field_goal,0,0,0,0
2022,11,MIN,DAL,7,4,7,72,-10,2074,,,,punt,0,0,0,0
2022,11,MIN,DAL,9,4,23,62,-17,1841,,,,punt,0,0,0,0
2022,11,MIN,DAL,12,4,29,94,-27,1522,,,,punt,0,0,0,0
2022,11,MIN,DAL,14,4,15,75,-34,1279,,,,punt,0,0,0,0
2022,11,DAL,MIN,15,4,6,62,34,1151,,,,punt,0,0,0,0
2022,11,MIN,DAL,16,4,23,69,-34,976,,,,punt,0,0,0,0
2022,11,DAL,MIN,17,4,10,32,34,609,,,,field_goal,0,0,0,0
2022,11,MIN,DAL,18,4,2,56,-37,503,,,,punt,0,0,0,0
2022,11,DAL,MIN,19,4,3,55,37,214,,,,punt,0,0,0,0
2022,11,NYG,DET,1,4,14,81,0,3486,,,,punt,0,0,0,0
2022,11,DET,NYG,2,4,2,6,0,3175,,,,field_goal,0,0,0,0
2022,11,NYG,DET,3,4,1,49,-3,3054,21,nickel,8,run,5,1,0,0
2022,11,DET,NYG,4,4,34,82,-3,2665,,,,punt,0,0,0,0
2022,11,NYG,DET,5,4,8,45,3,2348,,,,punt,0,0,0,0
2022,11,DET,NYG,6,4,1,83,-3,2224,,,,punt,0,0,0,0
2022,11,NYG,DET,9,4,5,57,-4,1948,,,,punt,0,0,0,0
2022,11,NYG,DET,13,4,5,40,-18,1356,11,nickel,6,pass,0,0,0,1
2022,11,DET,NYG,14,4,7,38,18,1288,,,,punt,0,0,0,0
2022,11,NYG,DET,15,4,10,49,-18,1088,,,,punt,0,0,0,0
2022,11,DET,NYG,16,4,3,84,18,990,,,,punt,0,0,0,0
2022,11,NYG,DET,17,4,1,58,-18,924,11,nickel,6,run,15,1,0,0
2022,11,DET,NYG,18,4,16,39,12,532,,,,punt,0,0,0,0
2022,11,KC,LAC,1,4,4,15,0,3358,,,,field_goal,0,0,0,0
2022,11,KC,LAC,3,4,7,34,-4,3063,,,,field_goal,0,0,0,0
2022,11,LAC,KC,4,4,5,28,1,2859,,,,field_goal,0,0,0,0
2022,11,LAC,KC,6,4,20,62,-3,2502,,,,punt,0,0,0,0
2022,11,KC,LAC,7,4,3,72,3,2441,,,,punt,0,0,0,0
2022,11,KC,LAC,9,4,5,89,-4,1969,,,,punt,0,0,0,0
2022,11,LAC,KC,10,4,2,3,4,1817,,,,field_goal,0,0,0,0
2022,11,LAC,KC,12,4,21,80,7,1585,,,,punt,0,0,0,0
2022,11,KC,LAC,13,4,2,11,-7,1285,,,,field_goal,0,0,0,0
2022,11,LAC,KC,14,4,1,66,4,1197,,,,punt,0,0,0,0
2022,11,LA,NO,1,4,2,67,0,3484,,,,punt,0,0,0,0
2022,11,NO,LA,2,4,1,68,0,3368,,,,punt,0,0,0,0
2022,11,LA,NO,3,4,6,70,0,3238,,,,punt,0,0,0,0
2022,11,NO,LA,4,4,25,28,0,2959,,,,field_goal,0,0,0,0
2022,11,NO,LA,6,4,6,58,-4,2779,,,,punt,0,0,0,0
2022,11,LA,NO,7,4,8,95,4,2719,,,,punt,0,0,0,0
2022,11,LA,NO,9,4,1,55,-3,2264,11,nickel,7,run,13,1,0,0
2022,11,LA,NO,9,4,2,34,-3,2129,11,nickel,7,run,-1,0,0,0
2022,11,NO,LA,10,4,2,56,3,2000,,,,punt,0,0,0,0
2022,11,LA,NO,14,4,17,82,-3,1430,,,,punt,0,0,0,0
2022,11,LA,NO,16,4,6,15,-10,891,,,,field_goal,0,0,0,0
2022,11,NO,LA,17,4,6,6,7,549,,,,field_goal,0,0,0,0
2022,11,LA,NO,18,4,13,49,-10,382,,,,punt,0,0,0,0
2022,11,NO,LA,19,4,1,83,10,230,,,,punt,0,0,0,0
2022,11,LA,NO,20,4,26,94,-10,120,,,,punt,0,0,0,0
2022,11,NO,LA,21,4,10,49,10,94,,,,punt,0,0,0,0
2022,11,LV,DEN,1,4,16,38,0,3298,,,,punt,0,0,0,0
2022,11,LV,DEN,3,4,11,28,-7,2551,,,,field_goal,0,0,0,0
2022,11,DEN,LV,4,4,8,30,7,2364,,,,field_goal,0,0,0,0
2022,11,DEN,LV,6,4,5,7,3,1802,,,,field_goal,0,0,0,0
2022,11,DEN,LV,7,4,11,88,3,1684,,,,punt,0,0,0,0
2022,11,LV,DEN,8,4,5,33,-3,1539,,,,field_goal,0,0,0,0
2022,11,DEN,LV,9,4,7,60,0,1373,,,,punt,0,0,0,0
2022,11,LV,DEN,10,4,20,58,0,1187,,,,punt,0,0,0,0
2022,11,DEN,LV,11,4,14,34,0,900,,,,field_goal,0,0,0,0
2022,11,LV,DEN,12,4,8,73,-3,845,,,,punt,0,0,0,0
2022,11,DEN,LV,13,4,16,82,3,732,,,,punt,0,0,0,0
2022,11,LV,DEN,14,4,11,39,-3,431,,,,field_goal,0,0,0,0
2022,11,DEN,LV,15,4,4,30,0,214,,,,field_goal,0,0,0,0
2022,11,LV,DEN,16,4,6,71,-3,192,,,,punt,0,0,0,0
2022,11,DEN,LV,17,4,10,66,3,113,,,,punt,0,0,0,0
2022,11,LV,DEN,18,4,7,7,-3,19,,,,field_goal,0,0,0,0
2022,11,NE,NYJ,1,4,6,71,0,3495,,,,punt,0,0,0,0
2022,11,NYJ,NE,2,4,4,69,0,3408,,,,punt,0,0,0,0
2022,11,NE,NYJ,3,4,7,71,0,3319,,,,punt,0,0,0,0
2022,11,NYJ,NE,4,4,7,64,0,3172,,,,punt,0,0,0,0
2022,11,NE,NYJ,5,4,1,6,0,2700,,,,field_goal,0,0,0,0
2022,11,NYJ,NE,6,4,12,27,-3,2382,,,,field_goal,0,0,0,0
2022,11,NE,NYJ,7,4,21,26,0,1975,,,,field_goal,0,0,0,0
2022,11,NYJ,NE,8,4,2,43,0,1856,,,,punt,0,0,0,0
2022,11,NE,NYJ,9,4,4,80,0,1829,,,,punt,0,0,0,0
2022,11,NYJ,NE,11,4,16,72,0,1697,,,,punt,0,0,0,0
2022,11,NE,NYJ,12,4,13,25,0,1452,,,,field_goal,0,0,0,0
2022,11,NYJ,NE,13,4,8,65,0,1365,,,,punt,0,0,0,0
2022,11,NE,NYJ,14,4,16,51,0,1163,,,,punt,0,0,0,0
2022,11,NYJ,NE,15,4,3,88,0,1078,,,,punt,0,0,0,0
2022,11,NE,NYJ,16,4,3,36,0,913,21,nickel,7,run,0,0,0,0
2022,11,NYJ,NE,17,4,21,75,0,856,,,,punt,0,0,0,0
2022,11,NE,NYJ,18,4,7,57,0,660,,,,punt,0,0,0,0
2022,11,NYJ,NE,19,4,10,82,0,548,,,,punt,0,0,0,0
2022,11,NE,NYJ,20,4,7,52,0,408,,,,punt,0,0,0,0
2022,11,NYJ,NE,21,4,20,77,0,210,,,,punt,0,0,0,0
2022,11,NE,NYJ,22,4,3,59,0,120,,,,punt,0,0,0,0
2022,11,NYJ,NE,23,4,3,68,0,26,,,,punt,0,0,1,0
2022,11,PHI,IND,2,4,12,63,-7,3119,,,,punt,0,0,0,0
2022,11,IND,PHI,3,4,1,63,7,3030,,,,punt,0,0,0,0
2022,11,PHI,IND,4,4,17,41,-7,2717,,,,punt,0,0,0,0
2022,11,IND,PHI,5,4,10,79,7,2528,,,,punt,0,0,0,0
2022,11,PHI,IND,6,4,4,4,-7,2094,,,,field_goal,0,0,0,0
2022,11,IND,PHI,7,4,8,59,4,1961,,,,punt,0,0,0,0
2022,11,PHI,IND,8,4,7,77,-4,1913,,,,punt,0,0,0,0
2022,11,IND,PHI,9,4,1,33,4,1818,,,,field_goal,0,0,0,0
2022,11,IND,PHI,12,4,5,17,7,1698,,,,field_goal,0,0,0,0
2022,11,PHI,IND,13,4,10,39,-10,1445,11,nickel,6,pass,-8,0,0,0
2022,11,IND,PHI,14,4,14,57,10,1300,,,,punt,0,0,0,0
2022,11,PHI,IND,15,4,2,87,-10,1204,,,,punt,0,0,0,0
2022,11,IND,PHI,16,4,15,32,10,940,,,,field_goal,0,0,0,0
2022,11,IND,PHI,20,4,19,19,3,282,,,,field_goal,0,0,0,0
2022,11,PHI,IND,21,4,2,9,-6,120,11,nickel,5,run,3,1,0,0
2022,11,IND,PHI,22,4,21,72,-1,39,11,nickel,4,pass,5,0,0,0
2022,11,ARI,SF,1,4,10,75,0,3522,,,,punt,0,0,0,0
2022,11,SF,ARI,2,4,8,61,0,3470,,,,punt,0,0,0,0
2022,11,ARI,SF,3,4,6,22,0,3183,,,,field_goal,0,0,0,0
2022,11,SF,ARI,4,4,4,58,-3,3058,,,,punt,0,0,0,0
2022,11,ARI,SF,5,4,3,77,3,2869,,,,punt,0,0,0,0
2022,11,SF,ARI,10,4,6,21,4,1847,,,,field_goal,0,0,0,0
2022,11,ARI,SF,13,4,3,41,-14,1375,spread,nickel,6,pass,0,0,0,0
2022,11,SF,ARI,14,4,13,61,14,1293,,,,punt,0,0,0,0
2022,11,ARI,SF,15,4,10,88,-14,1176,,,,punt,0,0,0,0
2022,11,ARI,SF,17,4,4,50,-21,794,11,nickel,6,pass,0,0,0,0
2022,11,ARI,SF,19,4,6,47,-28,484,,,,punt,0,0,0,0
2022,11,SF,ARI,20,4,1,80,28,348,,,,punt,0,0,0,0
2022,11,GB,TEN,2,4,6,84,-7,3251,,,,punt,0,0,0,0
2022,11,TEN,GB,3,4,13,64,7,3130,,,,punt,0,0,0,0
2022,11,TEN,GB,5,4,1,50,1,2525,12,base,9,run,1,1,0,0
2022,11,TEN,GB,5,4,1,4,1,2099,heavy,base,9,run,-2,0,0,0
2022,11,GB,TEN,6,4,15,99,-1,2009,,,,punt,0,0,0,0
2022,11,GB,TEN,9,4,11,21,-8,1409,,,,field_goal,0,0,0,0
2022,11,GB,TEN,13,4,7,74,-10,835,,,,punt,0,0,0,0
2022,11,GB,TEN,15,4,12,68,-10,563,,,,punt,0,0,0,0
2022,11,TEN,GB,16,4,1,78,10,434,,,,punt,0,0,0,0
2022,11,GB,TEN,17,4,3,37,-10,326,11,dime,6,pass,0,0,0,0
2022,11,TEN,GB,18,4,13,65,10,305,,,,punt,0,0,0,0
2022,11,GB,TEN,19,4,1,44,-10,132,11,dime,7,run,0,0,0,0
2022,11,WAS,HOU,1,4,9,75,0,3544,,,,punt,0,0,0,0
2022,11,HOU,WAS,3,4,14,79,-7,3406,,,,punt,0,0,0,0
2022,11,WAS,HOU,4,4,6,54,7,3312,,,,punt,0,0,0,0
2022,11,HOU,WAS,5,4,1,66,-7,3216,,,,punt,0,0,0,0
2022,11,WAS,HOU,6,4,6,46,7,3001,,,,punt,0,0,0,0
2022,11,HOU,WAS,7,4,17,76,-7,2825,,,,punt,0,0,0,0
2022,11,HOU,WAS,9,4,21,86,-14,2390,,,,punt,0,0,0,0
2022,11,WAS,HOU,10,4,7,7,14,2095,,,,field_goal,0,0,0,0
2022,11,HOU,WAS,11,4,12,77,-17,1987,,,,punt,0,0,0,0
2022,11,WAS,HOU,12,4,5,6,17,1810,,,,field_goal,0,0,0,0
2022,11,HOU,WAS,14,4,3,15,-20,1650,11,nickel,6,run,4,1,0,0
2022,11,HOU,WAS,14,4,11,11,-20,1496,,,,field_goal,0,0,0,0
2022,11,WAS,HOU,15,4,6,54,17,1293,,,,punt,0,0,0,0
2022,11,HOU,WAS,16,4,22,91,-17,1131,,,,punt,0,0,0,0
2022,11,WAS,HOU,17,4,1,25,17,900,11,nickel,8,run,3,1,0,0
2022,11,WAS,HOU,17,4,14,26,17,732,,,,field_goal,0,0,0,0
2022,11,HOU,WAS,18,4,2,67,-20,656,11,nickel,6,pass,19,1,0,0
2022,11,WAS,HOU,19,4,10,86,20,470,,,,punt,0,0,0,0
2022,11,HOU,WAS,20,4,4,27,-20,342,12,nickel,6,pass,8,1,0,0
2022,11,HOU,WAS,20,4,4,13,-20,269,11,nickel,7,pass,10,1,0,0
2022,11,WAS,HOU,21,4,1,7,13,27,heavy,base,8,run,3,1,0,0
2022,12,ATL,WAS,1,4,8,29,0,3192,,,,field_goal,0,0,0,0
2022,12,ATL,WAS,3,4,2,56,-4,2840,,,,punt,0,0,0,0
2022,12,WAS,ATL,4,4,5,67,4,2700,,,,punt,0,0,0,0
2022,12,WAS,ATL,6,4,8,12,-3,1914,,,,field_goal,0,0,0,0
2022,12,ATL,WAS,7,4,1,53,0,1829,21,nickel,8,run,0,0,0,0
2022,12,WAS,ATL,10,4,15,50,0,1615,,,,punt,0,0,0,0
2022,12,ATL,WAS,11,4,3,88,0,1523,,,,punt,0,0,0,0
2022,12,WAS,ATL,12,4,1,40,0,1338,11,base,8,run,3,1,0,0
2022,12,ATL,WAS,13,4,6,30,-6,982,,,,field_goal,0,0,0,0
2022,12,WAS,ATL,14,4,8,27,3,550,,,,field_goal,0,0,0,0
2022,12,ATL,WAS,15,4,11,76,-6,435,,,,punt,0,0,0,0
2022,12,WAS,ATL,16,4,4,54,6,309,,,,punt,0,0,0,0
2022,12,WAS,ATL,18,4,2,72,6,44,,,,penalty,5,1,0,0
2022,12,BAL,JAX,1,4,10,10,0,3268,,,,field_goal,0,0,0,0
2022,12,JAX,BAL,2,4,1,50,-3,3066,heavy,base,9,run,0,0,0,0
2022,12,BAL,JAX,3,4,4,12,3,2828,,,,field_goal,0,0,0,0
2022,12,JAX,BAL,4,4,5,70,-6,2760,,,,punt,0,0,0,0
2022,12,BAL,JAX,5,4,1,50,6,2517,heavy,,8,run,0,0,0,1
2022,12,BAL,JAX,7,4,10,37,-1,2096,,,,field_goal,0,0,0,0
2022,12,JAX,BAL,8,4,4,4,-2,1814,,,,field_goal,0,0,0,0
2022,12,JAX,BAL,10,4,3,68,1,1710,,,,punt,0,0,0,0
2022,12,BAL,JAX,11,4,6,6,-1,1376,,,,field_goal,0,0,0,0
2022,12,JAX,BAL,12,4,5,70,-2,1282,,,,punt,0,0,0,0
2022,12,BAL,JAX,13,4,10,53,2,1074,,,,punt,0,0,0,0
2022,12,JAX,BAL,16,4,8,45,-9,524,11,nickel,6,pass,27,1,0,0
2022,12,JAX,BAL,18,4,5,11,-2,262,,,,field_goal,0,0,0,0
2022,12,JAX,BAL,20,4,5,70,-7,89,11,nickel,6,pass,10,1,0,0
2022,12,DET,BUF,1,4,10,76,0,3555,,,,punt,0,0,0,0
2022,12,BUF,DET,2,4,7,78,0,3494,,,,punt,0,0,0,0
2022,12,DET,BUF,3,4,1,5,0,3116,21,base,9,penalty,3,1,0,0
2022,12,DET,BUF,7,4,1,67,-7,2157,11,nickel,7,run,2,1,0,0
2022,12,DET,BUF,7,4,1,1,-7,1915,11,nickel,8,pass,1,1,1,0
2022,12,BUF,DET,8,4,18,28,0,1805,,,,field_goal,0,0,0,0
2022,12,BUF,DET,11,4,15,55,5,1313,,,,punt,0,0,0,0
2022,12,DET,BUF,12,4,10,11,-5,1020,,,,field_goal,0,0,0,0
2022,12,BUF,DET,13,4,10,80,5,972,,,,punt,0,0,0,0
2022,12,BUF,DET,15,4,10,53,-3,641,,,,punt,0,0,0,0
2022,12,DET,BUF,16,4,10,56,3,547,,,,punt,0,0,0,0
2022,12,DET,BUF,18,4,1,49,-3,45,11,nickel,8,run,7,1,0,0
2022,12,DET,BUF,18,4,1,33,-3,28,,,,field_goal,0,0,0,0
2022,12,CHI,NYJ,2,4,4,4,-7,3062,,,,field_goal,0,0,0,0
2022,12,NYJ,CHI,3,4,5,79,4,2962,,,,punt,0,0,0,0
2022,12,NYJ,CHI,5,4,7,18,-3,2365,spread,base,,pass,0,0,0,0
2022,12,CHI,NYJ,6,4,1,73,3,2239,,,,punt,0,0,0,0
2022,12,CHI,NYJ,8,4,2,67,-4,2029,,,,punt,0,0,0,0
2022,12,NYJ,CHI,9,4,2,39,4,1817,,,,field_goal,0,0,0,0
2022,12,CHI,NYJ,11,4,13,78,-7,1708,,,,punt,0,0,0,0
2022,12,NYJ,CHI,12,4,4,57,7,1619,,,,punt,0,0,0,0
2022,12,CHI,NYJ,13,4,10,86,-7,1510,,,,punt,0,0,0,0
2022,12,CHI,NYJ,15,4,5,56,-14,1167,,,,punt,0,0,0,0
2022,12,CHI,NYJ,17,4,1,66,-21,911,heavy,base,8,run,7,1,0,0
2022,12,CHI,NYJ,17,4,5,27,-21,668,11,nickel,7,pass,0,0,0,0
2022,12,NYJ,CHI,18,4,4,35,21,489,,,,field_goal,0,0,0,0
2022,12,CHI,NYJ,19,4,2,49,-21,400,11,nickel,6,run,6,1,0,0
2022,12,CIN,TEN,1,4,13,54,0,3421,,,,punt,0,0,0,0
2022,12,TEN,CIN,2,4,4,51,0,3153,,,,punt,0,0,0,0
2022,12,CIN,TEN,3,4,7,93,0,3108,,,,punt,0,0,0,0
2022,12,TEN,CIN,4,4,4,54,0,3015,,,,punt,0,0,0,0
2022,12,CIN,TEN,5,4,13,93,0,2902,,,,punt,0,0,0,0
2022,12,TEN,CIN,6,4,9,15,0,2650,,,,field_goal,0,0,0,0
2022,12,CIN,TEN,7,4,6,28,-3,2495,,,,field_goal,0,0,0,0
2022,12,CIN,TEN,9,4,11,77,-7,2360,,,,punt,0,0,0,0
2022,12,TEN,CIN,10,4,9,68,7,2261,,,,punt,0,0,0,0
2022,12,TEN,CIN,12,4,8,17,0,1808,,,,field_goal,0,0,0,0
2022,12,TEN,CIN,14,4,16,88,0,1727,,,,punt,0,0,0,0
2022,12,CIN,TEN,15,4,10,45,0,1603,,,,punt,0,0,0,0
2022,12,TEN,CIN,16,4,4,71,0,1381,,,,punt,0,0,0,0
2022,12,CIN,TEN,17,4,14,20,0,1058,,,,field_goal,0,0,0,0
2022,12,TEN,CIN,18,4,4,6,-3,942,,,,field_goal,0,0,0,0
2022,12,TEN,CIN,20,4,5,20,-7,371,,,,field_goal,0,0,0,0
2022,12,CIN,TEN,21,4,11,13,4,117,,,,penalty,7,1,0,0
2022,12,CAR,DEN,1,4,6,56,0,3469,,,,punt,0,0,0,0
2022,12,DEN,CAR,2,4,11,96,0,3379,,,,punt,0,0,0,0
2022,12,CAR,DEN,3,4,18,49,0,3280,,,,punt,0,0,0,0
2022,12,DEN,CAR,4,4,1,79,0,3162,,,,punt,0,0,0,0
2022,12,CAR,DEN,5,4,1,62,0,3031,11,base,,run,2,1,0,0
2022,12,DEN,CAR,6,4,15,62,-7,2576,,,,punt,0,0,0,1
2022,12,DEN,CAR,7,4,5,9,-7,2414,,,,field_goal,0,0,0,0
2022,12,CAR,DEN,8,4,4,24,4,2086,,,,field_goal,0,0,0,0
2022,12,CAR,DEN,10,4,2,71,7,1915,,,,punt,0,0,0,0
2022,12,DEN,CAR,11,4,5,70,-7,1861,,,,punt,0,0,0,0
2022,12,CAR,DEN,12,4,8,81,7,1837,,,,punt,0,0,0,0
2022,12,DEN,CAR,14,4,2,67,-7,1722,,,,punt,0,0,0,0
2022,12,DEN,CAR,16,4,16,65,-14,1163,,,,punt,0,0,0,0
2022,12,CAR,DEN,17,4,2,77,14,1027,,,,punt,0,0,0,0
2022,12,DEN,CAR,18,4,1,82,-14,961,,,,punt,0,0,0,0
2022,12,CAR,DEN,19,4,8,8,14,816,,,,field_goal,0,0,0,0
2022,12,CAR,DEN,21,4,5,18,17,544,,,,field_goal,0,0,0,0
2022,12,DEN,CAR,22,4,18,18,-20,249,spread,nickel,4,penalty,9,1,0,0
2022,12,DEN,CAR,24,4,10,57,-13,179,11,nickel,5,pass,0,0,0,0
2022,12,CAR,DEN,25,4,1,23,13,69,12,base,8,run,3,1,0,0
2022,12,PHI,GB,5,4,1,63,6,3006,11,nickel,8,run,0,0,0,0
2022,12,GB,PHI,6,4,5,32,-6,2917,11,nickel,6,pass,21,1,0,0
2022,12,PHI,GB,11,4,8,70,0,2155,,,,punt,0,0,0,0
2022,12,GB,PHI,12,4,14,71,0,1942,,,,punt,0,0,0,0
2022,12,PHI,GB,13,4,1,39,0,1854,11,nickel,8,run,4,1,0,0
2022,12,GB,PHI,15,4,12,55,-7,1670,,,,punt,0,0,0,0
2022,12,GB,PHI,17,4,8,11,-14,1026,,,,field_goal,0,0,0,0
2022,12,PHI,GB,18,4,2,35,11,806,11,nickel,9,run,2,1,0,0
2022,12,PHI,GB,18,4,9,13,11,674,,,,field_goal,0,0,0,0
2022,12,PHI,GB,20,4,3,36,7,141,,,,field_goal,0,0,0,0
2022,12,GB,PHI,21,4,4,15,-10,71,,,,field_goal,0,0,0,0
2022,12,HOU,MIA,1,4,6,71,0,3512,,,,punt,0,0,0,0
2022,12,MIA,HOU,2,4,20,27,0,3326,,,,field_goal,0,0,0,0
2022,12,HOU,MIA,3,4,22,91,-3,3172,,,,punt,0,0,0,0
2022,12,MIA,HOU,4,4,1,12,3,2959,11,nickel,5,pass,9,1,0,0
2022,12,HOU,MIA,5,4,6,57,-10,2773,,,,punt,0,0,0,0
2022,12,MIA,HOU,6,4,10,51,10,2606,,,,punt,0,0,0,0
2022,12,HOU,MIA,9,4,6,71,-17,2461,,,,punt,0,0,0,0
2022,12,MIA,HOU,10,4,5,5,17,2186,,,,field_goal,0,0,0,0
2022,12,HOU,MIA,12,4,6,66,-27,1920,,,,punt,0,0,0,0
2022,12,MIA,HOU,13,4,16,17,27,1801,,,,field_goal,0,0,0,0
2022,12,MIA,HOU,14,4,21,52,30,1552,,,,punt,0,0,0,0
2022,12,HOU,MIA,15,4,9,73,-30,1416,,,,punt,0,0,0,0
2022,12,MIA,HOU,16,4,10,70,30,1302,,,,punt,0,0,0,0
2022,12,MIA,HOU,20,4,8,68,18,718,,,,punt,0,0,0,0
2022,12,HOU,MIA,21,4,4,10,-18,544,,,,field_goal,0,0,0,0
2022,12,MIA,HOU,22,4,5,70,15,445,,,,punt,0,0,0,0
2022,12,HOU,MIA,23,4,20,69,-15,296,,,,punt,0,0,0,0
2022,12,MIA,HOU,24,4,11,80,15,271,,,,punt,0,0,0,0
2022,12,HOU,MIA,25,4,1,51,-15,223,11,dime,6,run,1,1,0,0
2022,12,LAC,ARI,1,4,15,60,0,3412,,,,punt,0,0,0,0
2022,12,LAC,ARI,3,4,7,44,0,3255,,,,punt,0,0,0,0
2022,12,LAC,ARI,5,4,17,82,-7,2823,,,,punt,0,0,0,0
2022,12,ARI,LAC,6,4,6,25,7,2647,,,,field_goal,0,0,0,0
2022,12,ARI,LAC,8,4,1,66,3,2232,12,base,7,pass,0,0,0,1
2022,12,ARI,LAC,12,4,4,31,3,1566,,,,field_goal,0,0,0,0
2022,12,LAC,ARI,13,4,7,8,-3,1171,,,,field_goal,0,0,0,0
2022,12,LAC,ARI,15,4,6,48,-7,659,,,,punt,0,0,0,0
2022,12,ARI,LAC,16,4,2,86,7,559,,,,punt,0,0,0,0
2022,12,LAC,ARI,17,4,13,64,-7,461,,,,punt,0,0,0,0
2022,12,ARI,LAC,18,4,5,70,7,378,,,,punt,0,0,0,0
2022,12,LAC,ARI,19,4,20,48,-7,146,,,,punt,0,0,0,0
2022,12,ARI,LAC,20,4,7,87,7,120,,,,punt,0,0,0,0
2022,12,KC,LA,1,4,5,57,0,3492,,,,punt,0,0,0,0
2022,12,LA,KC,2,4,6,92,0,3394,,,,punt,0,0,0,1
2022,12,LA,KC,3,4,12,45,0,3306,,,,punt,0,0,0,0
2022,12,LA,KC,5,4,14,29,-7,2700,,,,field_goal,0,0,0,0
2022,12,KC,LA,6,4,9,9,4,2393,,,,field_goal,0,0,0,0
2022,12,LA,KC,7,4,5,59,-7,2161,spread,nickel,,pass,6,1,0,0
2022,12,LA,KC,7,4,9,52,-7,2002,,,,punt,0,0,0,0
2022,12,KC,LA,8,4,1,13,7,1819,,,,field_goal,0,0,0,0
2022,12,LA,KC,10,4,12,77,-10,1712,,,,punt,0,0,0,0
2022,12,LA,KC,12,4,2,40,-17,1088,11,nickel,5,pass,8,1,0,0
2022,12,LA,KC,12,4,2,7,-17,900,11,nickel,8,pass,7,1,1,0
2022,12,KC,LA,15,4,4,4,10,399,,,,field_goal,0,0,0,0
2022,12,KC,LA,17,4,3,3,13,107,,,,field_goal,0,0,0,0
2022,12,SEA,LV,4,4,22,64,0,3117,,,,punt,0,0,0,0
2022,12,SEA,LV,6,4,5,6,0,2967,,,,field_goal,0,0,0,0
2022,12,LV,SEA,7,4,10,76,-3,2872,,,,punt,0,0,0,0
2022,12,SEA,LV,8,4,6,16,3,2618,,,,field_goal,0,0,0,0
2022,12,LV,SEA,13,4,2,43,1,1842,11,nickel,6,run,8,1,0,0
2022,12,LV,SEA,16,4,1,7,-3,1206,,,,field_goal,0,0,0,0
2022,12,SEA,LV,17,4,7,72,0,1102,,,,punt,0,0,0,0
2022,12,LV,SEA,18,4,11,50,0,951,,,,punt,0,0,0,0
2022,12,LV,SEA,20,4,1,52,0,541,11,nickel,6,run,-1,0,0,0
2022,12,SEA,LV,23,4,15,70,0,48,,,,punt,0,0,0,0
2022,12,LV,SEA,25,4,2,38,0,356,,,,field_goal,0,0,0,0
2022,12,SEA,LV,26,4,5,49,0,279,,,,punt,0,0,0,0
2022,12,MIN,NE,3,4,1,70,0,3111,,,,punt,0,0,0,0
2022,12,NE,MIN,4,4,3,79,0,3037,,,,punt,0,0,0,0
2022,12,NE,MIN,6,4,9,16,0,2792,,,,field_goal,0,0,0,0
2022,12,MIN,NE,7,4,8,12,-3,2312,,,,field_goal,0,0,0,0
2022,12,NE,MIN,8,4,1,28,0,2147,,,,field_goal,0,0,0,0
2022,12,NE,MIN,14,4,6,6,0,1306,,,,field_goal,0,0,0,0
2022,12,MIN,NE,15,4,17,18,-3,851,,,,field_goal,0,0,0,0
2022,12,NE,MIN,16,4,9,74,0,799,,,,punt,0,0,0,0
2022,12,MIN,NE,17,4,3,64,0,664,,,,penalty,5,1,0,0
2022,12,NE,MIN,18,4,1,66,-7,494,,,,punt,0,0,0,0
2022,12,MIN,NE,19,4,14,55,7,269,,,,punt,0,0,0,0
2022,12,NE,MIN,20,4,16,39,-7,120,11,nickel,3,pass,0,0,0,0
2022,12,MIN,NE,21,4,9,60,7,62,,,,punt,0,0,0,0
2022,12,SF,NO,2,4,1,10,0,3277,11,nickel,7,run,1,1,0,0
2022,12,SF,NO,2,4,5,5,0,3185,,,,field_goal,0,0,0,0
2022,12,NO,SF,3,4,1,55,-3,3052,,,,punt,0,0,0,0
2022,12,SF,NO,4,4,8,55,3,2832,,,,punt,0,0,0,0
2022,12,NO,SF,5,4,3,43,-3,2665,,,,punt,0,0,0,0
2022,12,SF,NO,6,4,10,83,3,2433,,,,punt,0,0,0,0
2022,12,NO,SF,7,4,14,42,-3,2367,,,,punt,0,0,0,0
2022,12,SF,NO,8,4,1,1,3,1986,21,,9,pass,-1,0,0,0
2022,12,NO,SF,9,4,1,89,-3,1920,,,,punt,0,0,0,0
2022,12,SF,NO,12,4,11,28,10,1530,,,,field_goal,0,0,0,0
2022,12,NO,SF,13,4,10,30,-13,1151,,,,field_goal,0,0,0,0
2022,12,SF,NO,14,4,3,55,13,1018,,,,punt,0,0,0,0
2022,12,NO,SF,15,4,1,34,-13,810,heavy,,8,penalty,15,1,0,0
2022,12,SF,NO,16,4,6,95,13,585,,,,punt,0,0,0,0
2022,12,NO,SF,17,4,4,4,-13,383,11,nickel,6,pass,-7,0,0,0
2022,12,NYG,DAL,1,4,3,48,0,3475,,,,punt,0,0,0,0
2022,12,DAL,NYG,2,4,2,60,0,3400,heavy,,9,run,1,0,0,0
2022,12,NYG,DAL,3,4,32,39,0,3289,,,,field_goal,0,0,0,0
2022,12,NYG,DAL,5,4,4,63,3,3066,,,,punt,0,0,0,0
2022,12,DAL,NYG,8,4,8,73,-3,2320,,,,punt,0,0,0,0
2022,12,NYG,DAL,9,4,8,73,3,2260,,,,punt,0,0,0,0
2022,12,NYG,DAL,11,4,3,29,3,1803,,,,field_goal,0,0,0,0
2022,12,NYG,DAL,13,4,1,55,-1,1151,11,nickel,7,pass,0,0,0,0
2022,12,NYG,DAL,15,4,9,48,-8,894,,,,punt,0,0,0,0
2022,12,NYG,DAL,17,4,9,37,-15,197,11,dime,4,pass,0,0,0,0
2022,12,DAL,NYG,18,4,8,28,15,77,,,,field_goal,0,0,0,0
2022,12,PIT,IND,1,4,2,27,0,3272,,,,field_goal,0,0,0,0
2022,12,PIT,IND,3,4,24,38,3,3006,,,,punt,0,0,0,0
2022,12,IND,PIT,4,4,10,80,-3,2892,,,,punt,0,0,0,0
2022,12,PIT,IND,5,4,8,34,3,2654,,,,field_goal,0,0,0,0
2022,12,IND,PIT,6,4,4,64,-6,2605,,,,punt,0,0,0,0
2022,12,IND,PIT,8,4,4,33,-13,2033,,,,field_goal,0,0,0,0
2022,12,PIT,IND,9,4,7,7,10,1859,,,,field_goal,0,0,0,0
2022,12,IND,PIT,10,4,4,41,-13,1803,,,,field_goal,0,0,0,0
2022,12,PIT,IND,12,4,1,66,6,1625,,,,punt,0,0,0,0
2022,12,IND,PIT,13,4,1,35,-6,1363,12,base,8,run,2,1,0,0
2022,12,IND,PIT,13,4,1,13,-6,1224,,,,penalty,4,1,0,0
2022,12,PIT,IND,14,4,2,85,6,1083,,,,punt,0,0,0,0
2022,12,IND,PIT,17,4,10,75,-7,477,,,,punt,0,0,0,0
2022,12,PIT,IND,18,4,7,57,7,246,,,,punt,0,0,0,0
2022,12,IND,PIT,19,4,3,37,-7,120,11,dime,6,pass,4,1,0,0
2022,12,IND,PIT,19,4,3,26,-7,30,11,dime,6,pass,0,0,0,0
2022,12,CLE,TB,3,4,8,33,0,2847,,,,field_goal,0,0,0,0
2022,12,TB,CLE,4,4,2,67,-3,2779,,,,punt,0,0,0,0
2022,12,CLE,TB,5,4,1,59,3,2672,12,base,8,run,2,1,0,0
2022,12,CLE,TB,5,4,5,52,3,2529,,,,punt,0,0,0,0
2022,12,TB,CLE,6,4,2,72,-3,2400,,,,punt,0,0,0,0
2022,12,CLE,TB,7,4,17,21,3,2038,,,,field_goal,0,0,0,0
2022,12,TB,CLE,8,4,1,62,-3,1920,11,nickel,7,run,2,1,0,0
2022,12,TB,CLE,8,4,4,24,-3,1843,,,,field_goal,0,0,0,0
2022,12,CLE,TB,9,4,6,53,0,1805,12,nickel,5,pass,0,0,0,1
2022,12,TB,CLE,10,4,10,75,0,1686,,,,punt,0,0,0,0
2022,12,CLE,TB,11,4,10,58,0,1596,,,,punt,0,0,0,0
2022,12,CLE,TB,13,4,3,52,-7,1210,,,,punt,0,0,0,0
2022,12,TB,CLE,14,4,6,85,7,1086,,,,punt,0,0,0,0
2022,12,CLE,TB,15,4,17,69,-7,924,,,,punt,0,0,0,0
2022,12,TB,CLE,16,4,7,42,7,761,,,,punt,0,0,0,0
2022,12,CLE,TB,17,4,9,44,-7,506,11,nickel,6,pass,0,0,0,0
2022,12,TB,CLE,18,4,3,48,7,419,,,,punt,0,0,0,0
2022,12,CLE,TB,19,4,20,77,-7,161,,,,punt,0,0,0,0
2022,12,TB,CLE,20,4,20,90,7,141,,,,punt,0,0,0,0
2022,12,CLE,TB,21,4,10,12,-7,37,12,nickel,5,pass,12,1,1,0
2022,12,TB,CLE,23,4,14,57,0,455,,,,punt,0,0,0,0
2022,12,CLE,TB,24,4,18,87,0,339,,,,punt,0,0,0,0
2022,12,TB,CLE,25,4,13,65,0,174,,,,punt,0,0,0,0
2022,13,NE,BUF,1,4,1,71,0,3487,,,,punt,0,0,0,0
2022,13,BUF,NE,2,4,12,30,0,3186,,,,field_goal,0,0,0,0
2022,13,NE,BUF,5,4,7,88,-3,2601,,,,punt,0,0,0,0
2022,13,NE,BUF,7,4,10,75,-10,2053,,,,punt,0,0,0,0
2022,13,BUF,NE,8,4,8,69,10,1984,,,,punt,0,0,0,0
2022,13,NE,BUF,9,4,7,82,-10,1931,,,,punt,0,0,0,0
2022,13,NE,BUF,11,4,6,29,-10,1815,,,,field_goal,0,0,0,0
2022,13,BUF,NE,13,4,11,42,10,1613,,,,punt,0,0,0,0
2022,13,NE,BUF,14,4,9,44,-10,1414,,,,punt,0,0,0,0
2022,13,NE,BUF,16,4,7,54,-17,737,,,,punt,0,0,0,0
2022,13,BUF,NE,17,4,3,62,17,466,,,,punt,0,0,0,0
2022,13,NE,BUF,18,4,1,23,-17,241,11,nickel,6,pass,12,1,0,0
2022,13,NE,BUF,18,4,21,21,-17,117,,,,field_goal,0,0,0,0
2022,13,CLE,HOU,2,4,3,50,0,3551,,,,punt,0,0,0,0
2022,13,HOU,CLE,3,4,3,72,0,3467,,,,punt,0,0,0,0
2022,13,HOU,CLE,5,4,19,25,0,3186,,,,field_goal,0,0,0,0
2022,13,HOU,CLE,7,4,1,1,3,2586,heavy,,10,pass,0,0,0,0
2022,13,HOU,CLE,9,4,5,44,5,2386,,,,punt,0,0,0,0
2022,13,CLE,HOU,10,4,1,64,-5,2130,,,,punt,0,0,0,0
2022,13,HOU,CLE,11,4,2,84,5,2040,,,,punt,0,0,1,0
2022,13,HOU,CLE,12,4,6,50,-2,1891,,,,punt,0,0,0,0
2022,13,CLE,HOU,13,4,4,73,2,1846,,,,punt,0,0,0,0
2022,13,HOU,CLE,14,4,3,67,-2,1816,,,,punt,0,0,0,0
2022,13,CLE,HOU,16,4,6,46,2,1547,,,,punt,0,0,0,0
2022,13,HOU,CLE,18,4,5,17,-9,1211,,,,field_goal,0,0,0,0
2022,13,CLE,HOU,19,4,6,51,6,1002,,,,punt,0,0,0,0
2022,13,HOU,CLE,20,4,9,80,-6,945,,,,punt,0,0,0,0
2022,13,CLE,HOU,21,4,6,25,6,580,,,,field_goal,0,0,0,0
2022,13,HOU,CLE,23,4,10,64,-16,474,,,,punt,0,0,0,0
2022,13,CLE,HOU,24,4,6,76,16,343,,,,punt,0,0,0,1
2022,13,CLE,HOU,25,4,2,24,16,246,,,,field_goal,0,0,0,0
2022,13,HOU,CLE,26,4,3,45,-19,161,11,dime,5,pass,39,1,0,0
2022,13,DEN,BAL,1,4,6,34,0,3249,,,,field_goal,0,0,0,0
2022,13,BAL,DEN,2,4,5,72,-3,3178,,,,punt,0,0,0,0
2022,13,DEN,BAL,3,4,1,71,3,3068,,,,punt,0,0,0,0
2022,13,BAL,DEN,4,4,7,53,-3,2851,,,,punt,0,0,0,0
2022,13,DEN,BAL,5,4,5,76,3,2759,,,,punt,0,0,0,0
2022,13,BAL,DEN,6,4,2,62,-3,2651,,,,punt,0,0,0,0
2022,13,DEN,BAL,7,4,2,65,3,2466,,,,punt,0,0,0,0
2022,13,BAL,DEN,8,4,7,8,-3,2158,,,,field_goal,0,0,0,0
2022,13,DEN,BAL,9,4,5,71,0,2069,,,,punt,0,0,0,0
2022,13,BAL,DEN,10,4,2,63,0,1988,,,,punt,0,0,0,0
2022,13,DEN,BAL,11,4,1,23,0,1842,,,,field_goal,0,0,0,0
2022,13,BAL,DEN,13,4,4,67,-3,1579,,,,punt,0,0,0,0
2022,13,DEN,BAL,14,4,3,58,3,1383,,,,punt,0,0,0,0
2022,13,DEN,BAL,16,4,2,32,3,1143,,,,field_goal,0,0,0,0
2022,13,BAL,DEN,17,4,1,44,-6,863,21,base,7,run,2,1,0,0
2022,13,DEN,BAL,18,4,15,69,6,560,,,,punt,0,0,0,0
2022,13,BAL,DEN,19,4,5,64,-6,463,,,,punt,0,0,0,0
2022,13,DEN,BAL,20,4,11,48,6,311,,,,punt,0,0,0,0
2022,13,BAL,DEN,21,4,1,82,-6,262,heavy,base,8,run,1,1,0,0
2022,13,BAL,DEN,21,4,2,18,-6,66,heavy,base,8,run,3,1,0,0
2022,13,CHI,GB,1,4,3,22,0,3267,,,,field_goal,0,0,0,0
2022,13,GB,CHI,2,4,7,68,-3,3046,,,,punt,0,0,0,0
2022,13,GB,CHI,4,4,5,6,-10,2425,,,,field_goal,0,0,0,0
2022,13,GB,CHI,6,4,7,36,-7,2233,11,nickel,5,pass,0,0,0,0
2022,13,GB,CHI,8,4,4,14,-13,1823,11,nickel,6,pass,14,1,1,0
2022,13,GB,CHI,10,4,1,71,-6,1706,,,,punt,0,0,0,0
2022,13,CHI,GB,11,4,9,57,6,1564,,,,punt,0,0,0,0
2022,13,GB,CHI,12,4,5,62,-6,1503,,,,punt,0,0,0,0
2022,13,CHI,GB,13,4,10,10,6,1013,,,,field_goal,0,0,0,0
2022,13,CHI,GB,15,4,4,22,2,704,,,,field_goal,0,0,0,0
2022,13,GB,CHI,16,4,5,14,-2,293,,,,field_goal,0,0,0,0
2022,13,DAL,IND,1,4,4,76,0,3522,,,,punt,0,0,0,0
2022,13,IND,DAL,2,4,3,33,0,3353,,,,field_goal,0,0,0,0
2022,13,DAL,IND,3,4,1,27,-3,3077,heavy,nickel,8,run,6,1,0,0
2022,13,DAL,IND,5,4,4,60,-3,2700,,,,punt,0,0,0,0
2022,13,IND,DAL,6,4,14,84,3,2601,,,,punt,0,0,0,0
2022,13,IND,DAL,8,4,14,52,-4,2083,,,,punt,0,0,0,0
2022,13,IND,DAL,10,4,7,16,-4,1911,,,,field_goal,0,0,0,0
2022,13,DAL,IND,11,4,10,75,1,1890,,,,punt,0,0,0,0
2022,13,IND,DAL,15,4,9,90,-8,1716,,,,punt,0,0,0,0
2022,13,DAL,IND,16,4,13,52,8,1610,,,,punt,0,0,0,0
2022,13,IND,DAL,17,4,1,13,-8,1204,12,base,8,run,1,1,0,0
2022,13,IND,DAL,20,4,1,69,-15,732,11,nickel,6,pass,5,1,0,0
2022,13,IND,DAL,24,4,4,71,-28,259,11,dime,5,pass,12,1,0,0
2022,13,JAX,DET,3,4,1,34,-7,3279,12,base,8,run,3,1,0,0
2022,13,JAX,DET,3,4,3,13,-7,3166,,,,field_goal,0,0,0,0
2022,13,JAX,DET,5,4,4,45,-11,2762,,,,punt,0,0,0,0
2022,13,DET,JAX,6,4,6,26,11,2564,,,,field_goal,0,0,0,0
2022,13,JAX,DET,7,4,7,72,-14,2503,,,,punt,0,0,0,0
2022,13,DET,JAX,8,4,5,29,14,2222,,,,field_goal,0,0,0,0
2022,13,JAX,DET,9,4,6,24,-17,2059,,,,field_goal,0,0,0,0
2022,13,DET,JAX,10,4,2,20,14,1834,,,,field_goal,0,0,0,0
2022,13,JAX,DET,13,4,1,56,-24,1357,11,nickel,6,run,12,1,0,0
2022,13,JAX,DET,13,4,1,15,-24,1194,11,nickel,8,run,2,1,0,0
2022,13,DET,JAX,14,4,12,26,16,745,,,,field_goal,0,0,0,0
2022,13,JAX,DET,15,4,12,77,-19,627,,,,punt,0,0,0,0
2022,13,JAX,DET,17,4,5,72,-26,59,12,nickel,6,pass,3,0,0,0
2022,13,KC,CIN,2,4,3,8,-7,2940,,,,field_goal,0,0,0,0
2022,13,KC,CIN,4,4,20,80,-11,2491,,,,punt,0,0,0,0
2022,13,CIN,KC,5,4,4,59,11,2374,,,,punt,0,0,0,0
2022,13,KC,CIN,6,4,4,37,-11,2168,11,dime,7,pass,5,1,0,0
2022,13,CIN,KC,7,4,1,4,4,1851,11,nickel,8,run,-3,0,0,0
2022,13,CIN,KC,10,4,3,18,-3,1340,,,,field_goal,0,0,0,0
2022,13,KC,CIN,11,4,3,3,0,1137,11,nickel,7,run,3,1,1,0
2022,13,CIN,KC,12,4,6,23,-7,892,,,,field_goal,0,0,0,0
2022,13,KC,CIN,15,4,7,37,-3,204,,,,field_goal,0,0,0,0
2022,13,LV,LAC,1,4,4,69,0,3509,,,,punt,0,0,0,0
2022,13,LAC,LV,2,4,3,61,0,3381,spread,base,,run,5,1,0,0
2022,13,LAC,LV,2,4,5,51,0,3290,,,,punt,0,0,0,0
2022,13,LAC,LV,4,4,2,17,0,3076,11,nickel,6,run,1,0,0,0
2022,13,LV,LAC,6,4,6,58,-7,2902,,,,punt,0,0,0,0
2022,13,LAC,LV,7,4,9,19,7,2501,,,,field_goal,0,0,0,0
2022,13,LAC,LV,9,4,1,69,3,2146,,,,punt,0,0,0,0
2022,13,LV,LAC,10,4,6,37,-3,1942,,,,field_goal,0,0,0,0
2022,13,LAC,LV,11,4,3,16,0,1831,,,,field_goal,0,0,0,0
2022,13,LAC,LV,16,4,5,34,-4,1590,,,,field_goal,0,0,0,0
2022,13,LAC,LV,18,4,9,64,-11,1417,,,,punt,0,0,0,0
2022,13,LV,LAC,19,4,1,6,11,893,,,,field_goal,0,0,0,0
2022,13,LAC,LV,20,4,1,69,-14,777,11,nickel,7,run,2,1,0,0
2022,13,LAC,LV,20,4,12,35,-14,524,11,dime,5,pass,35,1,1,0
2022,13,LV,LAC,21,4,4,42,7,320,,,,punt,0,0,0,0
2022,13,LAC,LV,22,4,9,42,-7,168,11,dime,4,pass,0,0,0,0
2022,13,LV,LAC,23,4,2,40,7,31,,,,punt,0,0,0,0
2022,13,SF,MIA,2,4,16,29,-7,3342,,,,field_goal,0,0,0,0
2022,13,MIA,SF,3,4,6,72,4,3282,,,,punt,0,0,0,0
2022,13,MIA,SF,5,4,7,72,-3,2941,,,,punt,0,0,0,0
2022,13,SF,MIA,6,4,5,53,3,2758,,,,punt,0,0,0,0
2022,13,MIA,SF,7,4,9,25,-3,2420,,,,field_goal,0,0,0,0
2022,13,SF,MIA,8,4,5,70,0,2331,,,,punt,0,0,0,0
2022,13,MIA,SF,9,4,10,72,0,2305,,,,punt,0,0,0,0
2022,13,SF,MIA,10,4,4,39,0,2117,11,dime,7,pass,0,0,0,1
2022,13,MIA,SF,11,4,18,71,0,1978,,,,punt,0,0,0,0
2022,13,SF,MIA,14,4,17,62,7,1582,,,,punt,0,0,0,0
2022,13,SF,MIA,16,4,1,25,7,1206,12,base,9,run,2,1,0,0
2022,13,SF,MIA,16,4,12,25,7,1077,,,,field_goal,0,0,0,0
2022,13,SF,MIA,18,4,3,18,10,978,,,,field_goal,0,0,0,0
2022,13,SF,MIA,20,4,4,43,6,678,,,,punt,0,0,0,0
2022,13,MIA,SF,21,4,1,81,-6,599,heavy,base,7,pass,9,1,0,0
2022,13,MIA,SF,21,4,2,36,-6,363,11,nickel,6,pass,0,0,0,0
2022,13,SF,MIA,22,4,29,30,6,128,,,,field_goal,0,0,0,0
2022,13,TB,NO,1,4,3,3,0,3089,,,,field_goal,0,0,0,0
2022,13,NO,TB,2,4,13,74,-3,2958,,,,punt,0,0,0,0
2022,13,TB,NO,3,4,4,59,3,2821,,,,punt,0,0,0,0
2022,13,NO,TB,4,4,8,45,-3,2696,,,,punt,0,0,0,0
2022,13,TB,NO,5,4,8,66,3,2545,,,,punt,0,0,0,0
2022,13,TB,NO,7,4,13,68,-4,2105,,,,punt,0,0,0,0
2022,13,NO,TB,8,4,14,44,4,2036,,,,punt,0,0,0,0
2022,13,NO,TB,10,4,2,19,4,1825,,,,field_goal,0,0,0,0
2022,13,NO,TB,12,4,8,73,7,1672,,,,punt,0,0,0,0
2022,13,NO,TB,14,4,2,3,7,1069,,,,field_goal,0,0,0,0
2022,13,TB,NO,15,4,7,40,-10,900,,,,punt,0,0,0,0
2022,13,NO,TB,16,4,2,11,10,486,,,,field_goal,0,0,0,0
2022,13,TB,NO,17,4,10,75,-13,426,,,,punt,0,0,0,0
2022,13,NO,TB,18,4,1,44,13,331,,,,punt,0,0,0,0
2022,13,NO,TB,20,4,17,82,6,160,,,,punt,0,0,0,0
2022,13,MIN,NYJ,2,4,9,33,0,3458,,,,field_goal,0,0,0,0
2022,13,NYJ,MIN,3,4,10,30,-3,3214,,,,field_goal,0,0,0,0
2022,13,MIN,NYJ,4,4,3,47,0,3136,,,,punt,0,0,0,0
2022,13,NYJ,MIN,5,4,8,63,0,3007,,,,punt,0,0,0,0
2022,13,MIN,NYJ,6,4,2,49,0,2833,11,nickel,6,pass,7,1,0,0
2022,13,NYJ,MIN,7,4,8,58,-7,2397,,,,punt,0,0,0,0
2022,13,NYJ,MIN,9,4,2,57,-14,1920,11,nickel,6,pass,0,0,0,0
2022,13,MIN,NYJ,10,4,3,23,14,1844,,,,field_goal,0,0,0,0
2022,13,NYJ,MIN,11,4,3,42,-17,1813,,,,field_goal,0,0,0,0
2022,13,MIN,NYJ,13,4,4,69,14,1686,,,,punt,0,0,0,0
2022,13,NYJ,MIN,14,4,7,18,-14,1487,,,,field_goal,0,0,0,0
2022,13,MIN,NYJ,15,4,20,69,11,1343,,,,punt,0,0,0,0
2022,13,NYJ,MIN,16,4,12,12,-11,963,,,,field_goal,0,0,0,0
2022,13,MIN,NYJ,17,4,12,77,8,900,,,,punt,0,0,0,0
2022,13,NYJ,MIN,18,4,7,8,-8,753,,,,field_goal,0,0,0,0
2022,13,NYJ,MIN,20,4,1,1,-12,409,11,nickel,8,run,1,1,1,0
2022,13,MIN,NYJ,21,4,6,71,5,338,,,,punt,0,0,0,0
2022,13,NYJ,MIN,22,4,10,47,-5,228,11,nickel,5,pass,31,1,0,0
2022,13,NYJ,MIN,22,4,1,1,-5,106,11,nickel,6,pass,0,0,0,0
2022,13,MIN,NYJ,23,4,9,97,5,90,,,,punt,0,0,0,0
2022,13,NYJ,MIN,24,4,10,19,-5,16,11,nickel,5,pass,0,0,0,1
2022,13,PIT,ATL,1,4,15,28,0,3158,,,,field_goal,0,0,0,0
2022,13,ATL,PIT,2,4,8,56,-3,2947,,,,punt,0,0,0,0
2022,13,PIT,ATL,3,4,11,28,3,2619,,,,field_goal,0,0,0,0
2022,13,ATL,PIT,4,4,20,32,-6,2360,,,,field_goal,0,0,0,0
2022,13,ATL,PIT,6,4,5,33,-10,2110,,,,field_goal,0,0,0,0
2022,13,PIT,ATL,7,4,7,30,7,1894,,,,field_goal,0,0,0,0
2022,13,ATL,PIT,8,4,10,54,-10,1838,,,,punt,0,0,0,0
2022,13,ATL,PIT,10,4,11,64,-10,1648,,,,punt,0,0,0,0
2022,13,PIT,ATL,11,4,11,15,10,1189,,,,field_goal,0,0,0,0
2022,13,PIT,ATL,13,4,8,73,6,894,,,,punt,0,0,0,0
2022,13,ATL,PIT,14,4,1,36,-6,570,12,base,8,run,2,1,0,0
2022,13,ATL,PIT,14,4,10,10,-6,329,,,,field_goal,0,0,0,0
2022,13,PIT,ATL,15,4,11,40,3,53,,,,punt,0,0,0,0
2022,13,LA,SEA,3,4,8,22,0,2857,,,,field_goal,0,0,0,0
2022,13,SEA,LA,4,4,15,80,-3,2840,,,,punt,0,0,0,0
2022,13,LA,SEA,5,4,4,66,3,2707,,,,punt,0,0,0,0
2022,13,SEA,LA,8,4,17,91,4,1996,,,,punt,0,0,0,0
2022,13,LA,SEA,9,4,15,35,-4,1860,,,,field_goal,0,0,0,0
2022,13,LA,SEA,12,4,16,77,-1,1597,,,,punt,0,0,0,0
2022,13,SEA,LA,13,4,18,23,1,1358,,,,field_goal,0,0,0,0
2022,13,LA,SEA,14,4,4,69,-4,1260,,,,punt,0,0,0,0
2022,13,LA,SEA,16,4,12,13,-4,782,,,,field_goal,0,0,0,0
2022,13,SEA,LA,17,4,7,8,1,409,,,,field_goal,0,0,0,0
2022,13,LA,SEA,18,4,2,49,-4,273,11,nickel,6,run,14,1,0,0
2022,13,LA,SEA,20,4,20,85,-4,20,11,nickel,2,pass,0,0,0,1
2022,13,TEN,PHI,2,4,9,74,-7,3304,,,,punt,0,0,0,0
2022,13,PHI,TEN,3,4,5,67,7,3205,,,,punt,0,0,0,0
2022,13,TEN,PHI,4,4,7,40,-7,2993,11,nickel,6,run,8,1,0,0
2022,13,TEN,PHI,6,4,7,74,-7,2544,,,,punt,0,0,0,0
2022,13,PHI,TEN,7,4,16,40,7,2335,,,,punt,0,0,0,0
2022,13,TEN,PHI,8,4,11,18,-7,2012,,,,field_goal,0,0,0,0
2022,13,TEN,PHI,10,4,4,69,-11,1835,,,,punt,0,0,0,0
2022,13,PHI,TEN,11,4,1,51,11,1803,11,dime,4,pass,34,1,0,0
2022,13,TEN,PHI,12,4,17,85,-11,1720,,,,punt,0,0,0,0
2022,13,TEN,PHI,14,4,12,68,-18,1489,,,,punt,0,0,0,0
2022,13,PHI,TEN,15,4,12,65,18,1427,,,,punt,0,0,0,0
2022,13,TEN,PHI,16,4,20,81,-18,1289,,,,punt,0,0,0,0
2022,13,PHI,TEN,17,4,1,15,18,874,11,nickel,9,run,2,1,0,0
2022,13,PHI,TEN,17,4,1,4,18,741,12,base,9,run,1,1,0,0
2022,13,TEN,PHI,18,4,10,65,-25,592,,,,punt,0,0,0,0
2022,13,PHI,TEN,19,4,10,96,25,485,,,,punt,0,0,0,0
2022,13,TEN,PHI,20,4,12,19,-25,335,12,nickel,6,pass,10,0,0,0
2022,13,PHI,TEN,21,4,2,71,25,112,,,,punt,0,0,0,0
2022,13,WAS,NYG,2,4,3,3,0,3222,,,,field_goal,0,0,0,0
2022,13,NYG,WAS,3,4,15,80,-3,3102,,,,punt,0,0,0,0
2022,13,NYG,WAS,5,4,6,30,-10,2623,,,,field_goal,0,0,0,0
2022,13,WAS,NYG,6,4,1,66,7,2494,,,,punt,0,0,0,0
2022,13,WAS,NYG,8,4,10,24,0,1953,,,,field_goal,0,0,0,0
2022,13,WAS,NYG,13,4,11,57,-7,1122,,,,punt,0,0,0,0
2022,13,NYG,WAS,14,4,1,76,7,990,,,,punt,0,0,0,0
2022,13,WAS,NYG,15,4,19,34,-7,612,,,,field_goal,0,0,0,0
2022,13,NYG,WAS,16,4,15,63,7,480,,,,punt,0,0,0,0
2022,13,WAS,NYG,17,4,13,94,-7,393,,,,punt,0,0,0,0
2022,13,NYG,WAS,18,4,9,49,7,229,,,,punt,0,0,0,0
2022,13,WAS,NYG,19,4,4,73,-7,167,11,dime,4,pass,20,1,0,0
2022,13,NYG,WAS,20,4,10,75,0,88,,,,punt,0,0,0,0
2022,13,WAS,NYG,21,4,10,62,0,23,,,,punt,0,0,0,0
2022,13,NYG,WAS,23,4,12,64,0,461,,,,punt,0,0,0,0
2022,13,WAS,NYG,24,4,9,43,0,251,,,,punt,0,0,0,0
2022,13,NYG,WAS,25,4,8,50,0,102,,,,punt,0,0,0,0
2022,13,WAS,NYG,26,4,5,85,0,37,,,,punt,0,0,0,0
2022,13,NYG,WAS,27,4,7,40,0,5,,,,field_goal,0,0,0,0
2022,14,BAL,PIT,1,4,1,66,0,3519,,,,punt,0,0,0,0
2022,14,PIT,BAL,2,4,11,62,0,3334,,,,punt,0,0,0,0
2022,14,BAL,PIT,3,4,1,66,0,3200,heavy,base,9,run,2,1,0,0
2022,14,BAL,PIT,3,4,6,24,0,2990,,,,field_goal,0,0,0,0
2022,14,PIT,BAL,4,4,4,69,-3,2905,,,,punt,0,0,0,0
2022,14,BAL,PIT,7,4,1,34,3,2500,21,,8,run,0,0,0,0
2022,14,BAL,PIT,9,4,7,17,3,1866,,,,field_goal,0,0,0,0
2022,14,PIT,BAL,12,4,3,48,-6,1558,,,,punt,0,0,0,0
2022,14,BAL,PIT,13,4,1,46,6,1346,,,,punt,0,0,0,0
2022,14,BAL,PIT,15,4,13,88,6,930,,,,punt,0,0,0,0
2022,14,PIT,BAL,16,4,13,22,-6,679,,,,field_goal,0,0,0,0
2022,14,BAL,PIT,17,4,4,13,6,202,,,,field_goal,0,0,0,0
2022,14,CAR,SEA,1,4,6,29,0,3130,,,,field_goal,0,0,0,0
2022,14,SEA,CAR,4,4,8,63,-10,2977,,,,punt,0,0,0,0
2022,14,CAR,SEA,7,4,17,82,10,2283,,,,punt,0,0,0,0
2022,14,CAR,SEA,9,4,13,14,10,1933,,,,field_goal,0,0,0,0
2022,14,SEA,CAR,12,4,3,9,-6,1503,,,,field_goal,0,0,0,0
2022,14,CAR,SEA,13,4,2,67,3,1401,,,,punt,0,0,0,0
2022,14,SEA,CAR,14,4,10,80,-3,1345,,,,punt,0,0,0,0
2022,14,CAR,SEA,15,4,1,5,3,1001,12,base,7,run,2,1,0,0
2022,14,CAR,SEA,15,4,3,3,3,940,11,nickel,6,pass,0,0,0,0
2022,14,SEA,CAR,16,4,16,63,-3,752,,,,punt,0,0,0,0
2022,14,SEA,CAR,18,4,8,73,-10,388,,,,punt,0,0,0,0
2022,14,CAR,SEA,19,4,10,21,10,120,,,,field_goal,0,0,0,0
2022,14,SEA,CAR,20,4,7,49,-13,45,11,nickel,4,pass,25,1,0,0
2022,14,CIN,CLE,1,4,7,72,0,3556,,,,punt,0,0,0,0
2022,14,CLE,CIN,2,4,1,25,0,3295,12,base,8,pass,0,0,0,0
2022,14,CIN,CLE,3,4,2,55,0,3132,,,,punt,0,0,0,0
2022,14,CLE,CIN,4,4,9,80,0,2994,,,,punt,0,0,0,0
2022,14,CIN,CLE,5,4,2,72,0,2833,,,,punt,0,0,0,0
2022,14,CLE,CIN,6,4,13,73,0,2695,,,,punt,0,0,0,0
2022,14,CIN,CLE,7,4,15,83,0,2574,,,,penalty,15,1,0,0
2022,14,CLE,CIN,8,4,6,8,-7,1983,,,,field_goal,0,0,0,0
2022,14,CLE,CIN,11,4,2,73,-10,1716,,,,punt,0,0,0,0
2022,14,CIN,CLE,12,4,13,56,10,1512,,,,punt,0,0,0,0
2022,14,CLE,CIN,13,4,11,84,-10,1397,,,,punt,0,0,0,0
2022,14,CLE,CIN,15,4,5,33,-17,1101,11,nickel,6,pass,6,1,0,0
2022,14,CIN,CLE,16,4,7,12,10,900,,,,field_goal,0,0,0,0
2022,14,CLE,CIN,19,4,1,62,-13,534,11,nickel,6,run,3,1,0,0
2022,14,CLE,CIN,19,4,4,14,-13,377,11,dime,4,run,4,1,0,0
2022,14,CLE,CIN,19,4,6,6,-13,329,spread,nickel,6,pass,0,0,0,0
2022,14,CIN,CLE,20,4,5,77,13,266,,,,punt,0,0,0,0
2022,14,CLE,CIN,21,4,4,42,-13,226,11,dime,6,pass,0,0,0,0
2022,14,HOU,DAL,2,4,7,72,-7,3251,,,,punt,0,0,0,1
2022,14,DAL,HOU,4,4,4,69,0,2919,,,,punt,0,0,0,0
2022,14,HOU,DAL,5,4,8,25,0,2722,,,,field_goal,0,0,0,0
2022,14,HOU,DAL,7,4,3,42,-4,2182,11,nickel,7,run,2,0,0,0
2022,14,DAL,HOU,8,4,4,54,4,2087,,,,punt,0,0,0,0
2022,14,HOU,DAL,9,4,8,77,-4,2032,,,,punt,0,0,0,0
2022,14,DAL,HOU,12,4,10,15,-3,1844,,,,field_goal,0,0,0,0
2022,14,DAL,HOU,15,4,1,1,-3,1403,heavy,base,9,run,-1,0,0,0
2022,14,HOU,DAL,16,4,3,35,3,1087,,,,field_goal,0,0,0,0
2022,14,DAL,HOU,17,4,1,66,-6,1009,11,nickel,7,run,4,1,0,0
2022,14,DAL,HOU,17,4,7,35,-6,894,,,,field_goal,0,0,0,0
2022,14,HOU,DAL,18,4,7,72,3,812,,,,punt,0,0,0,0
2022,14,DAL,HOU,19,4,4,82,-3,736,,,,punt,0,0,0,0
2022,14,HOU,DAL,20,4,4,40,3,490,,,,punt,0,0,0,0
2022,14,HOU,DAL,22,4,3,3,3,205,heavy,,11,run,1,0,0,0
2022,14,JAX,TEN,2,4,5,70,-7,3202,,,,punt,0,0,0,0
2022,14,JAX,TEN,6,4,9,63,-7,2731,,,,punt,0,0,0,0
2022,14,JAX,TEN,8,4,15,19,-7,2336,,,,field_goal,0,0,0,0
2022,14,TEN,JAX,9,4,4,69,4,2245,,,,punt,0,0,0,0
2022,14,JAX,TEN,10,4,4,25,-4,1995,,,,field_goal,0,0,0,0
2022,14,TEN,JAX,15,4,30,95,-13,1229,,,,punt,0,0,0,0
2022,14,TEN,JAX,17,4,10,77,-19,1006,,,,punt,0,0,0,0
2022,14,JAX,TEN,18,4,3,36,19,852,11,dime,6,pass,0,0,0,0
2022,14,JAX,TEN,20,4,6,14,19,655,,,,field_goal,0,0,0,0
2022,14,JAX,TEN,22,4,3,58,14,334,,,,punt,0,0,0,0
2022,14,TEN,JAX,23,4,18,28,-14,127,11,nickel,4,pass,0,0,0,0
2022,14,KC,DEN,1,4,4,17,0,3360,,,,field_goal,0,0,0,0
2022,14,DEN,KC,2,4,11,43,-3,3018,,,,punt,0,0,0,0
2022,14,KC,DEN,3,4,3,27,3,2877,,,,field_goal,0,0,0,0
2022,14,DEN,KC,4,4,5,70,-6,2768,,,,punt,0,0,0,0
2022,14,DEN,KC,6,4,13,74,-13,2539,,,,punt,0,0,0,0
2022,14,DEN,KC,8,4,2,45,-20,2083,11,nickel,7,pass,0,0,1,1
2022,14,DEN,KC,9,4,9,74,-27,2025,,,,punt,0,0,0,0
2022,14,KC,DEN,16,4,11,76,6,1575,,,,punt,0,0,0,0
2022,14,DEN,KC,17,4,1,71,-6,1448,,,,punt,0,0,0,0
2022,14,KC,DEN,18,4,1,68,6,1367,,,,punt,0,0,0,0
2022,14,DEN,KC,19,4,30,81,-6,1215,,,,punt,0,0,0,0
2022,14,DEN,KC,21,4,4,55,-13,859,11,dime,5,penalty,40,1,0,0
2022,14,DEN,KC,21,4,7,7,-13,654,11,nickel,6,pass,7,1,1,0
2022,14,KC,DEN,22,4,1,66,6,525,,,,punt,0,0,0,0
2022,14,DEN,KC,23,4,10,95,-6,448,,,,punt,0,0,0,0
2022,14,LA,LV,2,4,7,65,-7,3131,,,,punt,0,0,0,0
2022,14,LV,LA,3,4,4,34,7,2847,,,,field_goal,0,0,0,0
2022,14,LA,LV,4,4,2,37,-10,2711,,,,field_goal,0,0,0,0
2022,14,LV,LA,5,4,9,13,7,2384,,,,field_goal,0,0,0,0
2022,14,LA,LV,9,4,19,80,-10,1639,,,,punt,0,0,0,0
2022,14,LV,LA,10,4,1,49,10,1526,,,,punt,0,0,0,0
2022,14,LA,LV,11,4,10,70,-10,1395,,,,punt,0,0,0,0
2022,14,LV,LA,12,4,2,75,10,1305,,,,punt,0,0,0,0
2022,14,LA,LV,13,4,23,43,-10,1068,,,,field_goal,0,0,0,0
2022,14,LV,LA,14,4,1,28,10,867,11,nickel,7,run,3,1,0,0
2022,14,LV,LA,14,4,3,18,10,745,,,,field_goal,0,0,0,0
2022,14,LA,LV,15,4,3,68,-13,662,,,,penalty,6,1,0,0
2022,14,LA,LV,15,4,1,2,-13,235,11,base,8,pass,1,1,0,0
2022,14,LV,LA,16,4,1,66,6,120,,,,punt,0,0,0,0
2022,14,MIA,LAC,1,4,10,75,0,3586,,,,punt,0,0,0,0
2022,14,LAC,MIA,2,4,2,2,0,3062,12,base,9,pass,0,0,0,0
2022,14,MIA,LAC,3,4,15,89,0,2864,,,,punt,0,0,0,0
2022,14,LAC,MIA,4,4,5,15,0,2658,,,,field_goal,0,0,0,0
2022,14,MIA,LAC,5,4,19,84,-3,2573,,,,punt,0,0,0,0
2022,14,LAC,MIA,8,4,14,79,3,2190,,,,punt,0,0,0,0
2022,14,MIA,LAC,9,4,14,58,-3,2056,,,,punt,0,0,0,0
2022,14,LAC,MIA,10,4,1,1,3,1821,heavy,,9,run,1,1,1,0
2022,14,LAC,MIA,12,4,4,69,10,1719,,,,punt,0,0,0,0
2022,14,MIA,LAC,13,4,9,64,-10,1665,,,,punt,0,0,0,0
2022,14,LAC,MIA,14,4,2,59,10,1453,,,,punt,0,0,0,0
2022,14,LAC,MIA,16,4,8,13,3,1162,,,,field_goal,0,0,0,0
2022,14,MIA,LAC,17,4,22,60,-6,1003,,,,punt,0,0,0,0
2022,14,LAC,MIA,18,4,1,78,6,900,,,,punt,0,0,0,0
2022,14,MIA,LAC,19,4,11,45,-6,686,,,,punt,0,0,0,0
2022,14,LAC,MIA,20,4,10,10,6,163,,,,field_goal,0,0,0,0
2022,14,MIA,LAC,21,4,3,37,-9,75,,,,field_goal,0,0,0,0
2022,14,DET,MIN,1,4,9,78,0,3554,,,,punt,0,0,0,0
2022,14,MIN,DET,2,4,1,54,0,3385,11,nickel,7,run,0,0,0,0
2022,14,DET,MIN,5,4,4,39,0,2700,11,nickel,6,pass,0,0,0,0
2022,14,MIN,DET,6,4,9,48,0,2577,,,,punt,0,0,0,0
2022,14,DET,MIN,7,4,7,40,0,2285,,,,punt,0,0,0,0
2022,14,MIN,DET,8,4,1,81,0,2216,,,,punt,0,0,0,0
2022,14,DET,MIN,11,4,1,29,7,1815,,,,field_goal,0,0,0,0
2022,14,MIN,DET,13,4,6,71,-7,1679,,,,punt,0,0,0,0
2022,14,DET,MIN,14,4,8,74,7,1564,spread,,,run,42,1,0,0
2022,14,MIN,DET,15,4,4,23,-14,1044,11,nickel,6,pass,23,1,1,0
2022,14,MIN,DET,17,4,17,23,-15,652,,,,field_goal,0,0,0,0
2022,14,DET,MIN,18,4,2,23,12,250,,,,field_goal,0,0,0,0
2022,14,DET,MIN,20,4,8,30,8,22,,,,field_goal,0,0,0,0
2022,14,ARI,NE,1,4,7,31,0,3339,,,,field_goal,0,0,0,0
2022,14,NE,ARI,2,4,14,50,0,3258,,,,punt,0,0,0,0
2022,14,ARI,NE,3,4,10,59,0,3008,,,,punt,0,0,0,0
2022,14,ARI,NE,5,4,5,15,0,2696,,,,field_goal,0,0,0,0
2022,14,ARI,NE,7,4,9,14,-4,2378,,,,field_goal,0,0,0,0
2022,14,NE,ARI,8,4,11,69,1,2220,,,,punt,0,0,0,0
2022,14,NE,ARI,10,4,21,88,-6,1914,,,,punt,0,0,0,0
2022,14,ARI,NE,11,4,1,32,6,1836,12,nickel,7,pass,0,0,0,0
2022,14,NE,ARI,13,4,2,4,-3,1518,,,,field_goal,0,0,0,0
2022,14,ARI,NE,14,4,6,41,0,1379,11,dime,7,pass,0,0,0,0
2022,14,NE,ARI,15,4,6,55,0,1290,,,,punt,0,0,0,0
2022,14,ARI,NE,19,4,20,86,-14,762,,,,punt,0,0,0,0
2022,14,NE,ARI,20,4,3,44,14,598,,,,punt,0,0,0,0
2022,14,ARI,NE,21,4,3,57,-14,442,spread,dime,6,run,9,1,0,0
2022,14,ARI,NE,21,4,13,51,-14,304,spread,dime,6,pass,-8,0,0,0
2022,14,NE,ARI,22,4,9,40,14,242,,,,punt,0,0,0,0
2022,14,ARI,NE,23,4,13,68,-14,148,spread,dime,4,run,5,0,0,0
2022,14,BUF,NYJ,1,4,2,69,0,3519,,,,punt,0,0,0,0
2022,14,NYJ,BUF,2,4,7,73,0,3218,,,,punt,0,0,0,0
2022,14,BUF,NYJ,3,4,12,51,0,3075,,,,punt,0,0,0,0
2022,14,NYJ,BUF,4,4,4,59,0,2911,,,,punt,0,0,0,0
2022,14,BUF,NYJ,5,4,16,88,0,2856,,,,punt,0,0,0,0
2022,14,NYJ,BUF,6,4,19,57,0,2799,,,,punt,0,0,0,0
2022,14,BUF,NYJ,7,4,3,52,0,2535,,,,punt,0,0,0,0
2022,14,NYJ,BUF,8,4,5,76,0,2325,,,,punt,0,0,0,0
2022,14,BUF,NYJ,9,4,18,58,0,2216,,,,punt,0,0,0,0
2022,14,NYJ,BUF,10,4,20,48,0,1991,,,,punt,0,0,0,0
2022,14,BUF,NYJ,11,4,1,61,0,1877,11,nickel,,penalty,6,1,0,0
2022,14,BUF,NYJ,16,4,3,20,7,1031,,,,field_goal,0,0,0,0
2022,14,NYJ,BUF,17,4,17,82,-10,914,,,,punt,0,0,0,0
2022,14,BUF,NYJ,18,4,5,31,10,748,,,,field_goal,0,0,0,0
2022,14,NYJ,BUF,19,4,14,51,-13,514,,,,punt,0,0,0,0
2022,14,BUF,NYJ,20,4,9,91,13,455,,,,punt,0,0,0,0
2022,14,BUF,NYJ,22,4,15,83,11,205,,,,punt,0,0,0,0
2022,14,NYJ,BUF,23,4,1,9,-11,81,,,,field_goal,0,0,0,0
2022,14,BUF,NYJ,24,4,5,66,8,53,,,,punt,0,0,0,0
2022,14,NYJ,BUF,25,4,10,79,-8,30,11,nickel,6,pass,0,0,0,0
2022,14,NYG,PHI,1,4,19,67,0,3448,,,,punt,0,0,0,0
2022,14,NYG,PHI,3,4,7,63,-7,2832,,,,punt,0,0,0,0
2022,14,PHI,NYG,4,4,7,41,7,2534,11,dime,5,pass,41,1,1,0
2022,14,NYG,PHI,5,4,7,57,-14,2312,11,base,,run,0,0,0,0
2022,14,NYG,PHI,7,4,10,50,-21,2114,,,,punt,0,0,0,0
2022,14,PHI,NYG,8,4,16,98,21,2065,,,,punt,0,0,0,0
2022,14,PHI,NYG,10,4,9,11,14,1858,,,,field_goal,0,0,0,0
2022,14,NYG,PHI,11,4,5,70,-17,1826,,,,punt,0,0,0,0
2022,14,PHI,NYG,13,4,11,21,17,1585,,,,field_goal,0,0,0,0
2022,14,NYG,PHI,16,4,14,79,-20,916,,,,punt,0,0,0,0
2022,14,PHI,NYG,17,4,14,60,20,816,,,,punt,0,0,0,0
2022,14,NYG,PHI,18,4,5,70,-20,771,11,nickel,6,run,6,1,0,0
2022,14,NYG,PHI,18,4,8,23,-20,602,11,dime,4,pass,0,0,0,0
2022,14,NYG,PHI,22,4,15,51,-34,60,11,nickel,5,run,32,1,0,0
2022,14,TB,SF,2,4,9,37,-7,3194,,,,field_goal,0,0,0,0
2022,14,SF,TB,3,4,15,60,7,3097,,,,punt,0,0,0,0
2022,14,TB,SF,4,4,10,70,-7,2993,,,,punt,0,0,0,0
2022,14,TB,SF,6,4,3,75,-14,2603,,,,punt,0,0,0,0
2022,14,TB,SF,8,4,6,70,-21,2217,,,,punt,0,0,0,0
2022,14,TB,SF,10,4,2,9,-21,1953,11,nickel,7,pass,0,0,0,0
2022,14,TB,SF,15,4,4,38,-35,1513,11,nickel,6,pass,5,1,0,0
2022,14,SF,TB,16,4,12,78,35,1345,,,,punt,0,0,0,0
2022,14,TB,SF,17,4,1,33,-35,1173,11,nickel,5,pass,9,1,0,0
2022,14,SF,TB,18,4,5,39,28,821,,,,punt,0,0,0,0
2022,14,TB,SF,19,4,10,68,-28,673,11,nickel,4,pass,20,1,0,0
2022,14,TB,SF,19,4,1,39,-28,585,11,nickel,6,run,2,1,0,0
2022,14,TB,SF,19,4,8,35,-28,524,11,nickel,5,pass,0,0,0,0
2022,14,SF,TB,20,4,2,34,28,290,11,base,6,pass,0,0,0,0
2022,14,TB,SF,21,4,1,57,-28,218,11,nickel,7,run,0,0,0,1
2022,14,SF,TB,22,4,7,29,28,73,11,base,7,pass,10,1,0,0
2022,15,DEN,ARI,1,4,8,34,0,3331,,,,field_goal,0,0,0,0
2022,15,ARI,DEN,2,4,6,71,-3,3249,,,,punt,0,0,0,0
2022,15,DEN,ARI,3,4,15,49,3,2978,,,,punt,0,0,0,0
2022,15,DEN,ARI,5,4,6,20,3,2736,,,,field_goal,0,0,0,0
2022,15,ARI,DEN,6,4,6,27,-3,2439,,,,field_goal,0,0,0,0
2022,15,DEN,ARI,7,4,15,80,0,2337,,,,punt,0,0,0,0
2022,15,ARI,DEN,8,4,7,52,0,2197,,,,punt,0,0,0,0
2022,15,DEN,ARI,9,4,8,87,0,2120,,,,punt,0,0,0,0
2022,15,ARI,DEN,10,4,1,52,0,2039,,,,punt,0,0,0,0
2022,15,DEN,ARI,11,4,3,68,0,1911,,,,punt,0,0,0,0
2022,15,ARI,DEN,12,4,11,82,0,1882,,,,punt,0,0,0,0
2022,15,ARI,DEN,15,4,9,37,3,1440,,,,field_goal,0,0,0,0
2022,15,ARI,DEN,17,4,11,76,-1,1186,,,,punt,0,0,0,0
2022,15,ARI,DEN,19,4,8,96,-1,847,,,,punt,0,0,0,0
2022,15,DEN,ARI,24,4,6,47,9,121,,,,punt,0,0,0,0
2022,15,ATL,NO,2,4,8,73,-7,3256,,,,punt,0,0,0,0
2022,15,ATL,NO,4,4,11,49,-14,3108,,,,punt,0,0,0,0
2022,15,NO,ATL,5,4,17,87,14,2834,,,,punt,0,0,0,0
2022,15,ATL,NO,6,4,6,10,-14,2479,,,,field_goal,0,0,0,0
2022,15,ATL,NO,8,4,7,82,-11,2147,,,,punt,0,0,0,0
2022,15,NO,ATL,9,4,7,43,11,2007,,,,punt,0,0,0,0
2022,15,ATL,NO,10,4,10,47,-11,1815,,,,punt,0,0,0,0
2022,15,ATL,NO,14,4,15,53,-11,809,,,,punt,0,0,0,0
2022,15,NO,ATL,15,4,17,96,11,677,,,,punt,0,0,0,0
2022,15,NO,ATL,17,4,5,70,3,376,,,,punt,0,0,0,0
2022,15,ATL,NO,18,4,5,50,-3,133,11,dime,5,pass,12,0,0,1
2022,15,NO,ATL,19,4,1,27,3,12,12,base,9,run,0,0,0,0
2022,15,CLE,BAL,1,4,6,85,0,3509,,,,punt,0,0,0,0
2022,15,BAL,CLE,2,4,1,7,0,3118,heavy,base,9,run,0,0,0,0
2022,15,CLE,BAL,3,4,7,29,0,2655,,,,field_goal,0,0,0,0
2022,15,BAL,CLE,4,4,5,54,-3,2474,,,,punt,0,0,0,0
2022,15,CLE,BAL,5,4,8,85,3,2404,,,,punt,0,0,0,0
2022,15,BAL,CLE,6,4,10,35,-3,2136,,,,field_goal,0,0,0,0
2022,15,CLE,BAL,7,4,4,4,0,1915,,,,field_goal,0,0,0,0
2022,15,CLE,BAL,10,4,1,9,3,1121,heavy,,10,run,2,1,0,0
2022,15,CLE,BAL,12,4,17,47,10,949,,,,punt,0,0,0,0
2022,15,BAL,CLE,13,4,6,31,-10,848,,,,field_goal,0,0,0,0
2022,15,CLE,BAL,14,4,2,20,10,652,,,,field_goal,0,0,0,0
2022,15,BAL,CLE,15,4,4,54,-10,574,21,dime,5,pass,0,0,0,0
2022,15,CLE,BAL,16,4,1,37,10,448,12,base,8,run,3,1,0,0
2022,15,CLE,BAL,16,4,15,27,10,269,,,,field_goal,0,0,0,0
2022,15,BAL,CLE,17,4,13,67,-10,190,spread,dime,4,pass,0,0,0,0
2022,15,TB,CIN,2,4,2,3,0,3070,,,,field_goal,0,0,0,0
2022,15,CIN,TB,3,4,10,75,-3,2947,,,,punt,0,0,0,0
2022,15,TB,CIN,4,4,1,40,3,2823,11,dime,5,pass,7,1,0,0
2022,15,TB,CIN,4,4,1,1,3,2657,11,nickel,6,pass,1,1,1,0
2022,15,CIN,TB,5,4,16,84,-10,2561,,,,punt,0,0,0,0
2022,15,TB,CIN,6,4,3,32,10,2283,,,,field_goal,0,0,0,0
2022,15,CIN,TB,7,4,3,53,-10,2196,,,,punt,0,0,0,0
2022,15,TB,CIN,10,4,1,74,14,1714,12,,,run,0,0,0,0
2022,15,CIN,TB,11,4,3,3,-14,1628,,,,field_goal,0,0,0,0
2022,15,CIN,TB,13,4,3,24,-11,1394,spread,nickel,6,penalty,5,1,0,0
2022,15,CIN,TB,19,4,5,48,10,657,,,,punt,0,0,0,0
2022,15,TB,CIN,20,4,1,89,-10,566,,,,punt,0,0,0,0
2022,15,CIN,TB,21,4,1,20,10,152,12,,,penalty,7,1,0,0
2022,15,DAL,JAX,1,4,12,46,0,3343,,,,punt,0,0,0,0
2022,15,JAX,DAL,4,4,7,72,-7,2882,,,,punt,0,0,0,0
2022,15,JAX,DAL,8,4,9,74,-14,1898,,,,punt,0,0,0,0
2022,15,DAL,JAX,9,4,8,64,14,1853,,,,punt,0,0,0,0
2022,15,JAX,DAL,11,4,5,14,-14,1540,,,,field_goal,0,0,0,0
2022,15,DAL,JAX,12,4,4,6,11,1359,,,,field_goal,0,0,0,0
2022,15,DAL,JAX,14,4,3,35,14,1226,,,,field_goal,0,0,0,0
2022,15,DAL,JAX,18,4,6,77,3,864,,,,punt,0,0,0,0
2022,15,DAL,JAX,22,4,10,62,3,73,,,,punt,0,0,0,0
2022,15,JAX,DAL,24,4,3,68,0,536,,,,punt,0,0,0,0
2022,15,DET,NYJ,1,4,1,1,0,3119,12,nickel,8,run,-1,0,0,0
2022,15,NYJ,DET,2,4,11,99,0,3073,,,,punt,0,0,1,0
2022,15,NYJ,DET,3,4,8,54,-7,2828,,,,punt,0,0,0,0
2022,15,DET,NYJ,4,4,6,65,7,2721,,,,punt,0,0,0,0
2022,15,DET,NYJ,6,4,3,38,0,2400,11,dime,6,pass,12,1,0,0
2022,15,DET,NYJ,6,4,12,13,0,2229,,,,field_goal,0,0,0,0
2022,15,NYJ,DET,7,4,27,50,-3,1870,,,,punt,0,0,0,0
2022,15,DET,NYJ,8,4,6,60,3,1831,,,,punt,0,0,0,0
2022,15,DET,NYJ,11,4,11,16,0,1618,,,,field_goal,0,0,0,0
2022,15,NYJ,DET,12,4,9,74,-3,1466,,,,punt,0,0,0,0
2022,15,DET,NYJ,13,4,5,49,3,1342,,,,punt,0,0,0,0
2022,15,NYJ,DET,14,4,12,55,-3,1064,,,,punt,0,0,0,0
2022,15,DET,NYJ,15,4,12,70,3,900,,,,punt,0,0,0,0
2022,15,NYJ,DET,16,4,5,64,-3,840,,,,punt,0,0,0,0
2022,15,DET,NYJ,17,4,5,36,3,477,,,,field_goal,0,0,0,0
2022,15,DET,NYJ,19,4,1,51,-4,120,11,nickel,7,pass,51,1,1,0
2022,15,NYJ,DET,20,4,18,60,-3,14,11,nickel,4,pass,20,1,0,0
2022,15,IND,MIN,1,4,8,8,0,3255,,,,field_goal,0,0,0,0
2022,15,MIN,IND,2,4,6,66,-3,3200,,,,punt,0,0,1,0
2022,15,MIN,IND,5,4,1,69,-17,2776,11,nickel,8,run,0,0,0,0
2022,15,IND,MIN,6,4,4,10,17,2591,,,,field_goal,0,0,0,0
2022,15,MIN,IND,7,4,1,69,-20,2466,12,nickel,,pass,0,0,0,0
2022,15,IND,MIN,8,4,10,31,20,2446,,,,field_goal,0,0,0,0
2022,15,MIN,IND,9,4,8,75,-23,2346,,,,punt,0,0,0,0
2022,15,IND,MIN,10,4,13,65,23,2200,,,,punt,0,0,0,0
2022,15,MIN,IND,12,4,10,64,-30,2046,,,,punt,0,0,0,0
2022,15,IND,MIN,13,4,3,9,30,1812,,,,field_goal,0,0,0,0
2022,15,MIN,IND,15,4,18,85,-33,1745,,,,punt,0,0,0,0
2022,15,IND,MIN,16,4,7,52,33,1583,,,,punt,0,0,0,0
2022,15,IND,MIN,18,4,7,34,26,1199,,,,field_goal,0,0,0,0
2022,15,IND,MIN,20,4,7,64,22,915,,,,punt,0,0,0,0
2022,15,IND,MIN,22,4,6,68,15,642,,,,punt,0,0,0,0
2022,15,IND,MIN,24,4,8,96,15,433,,,,punt,0,0,0,0
2022,15,MIN,IND,27,4,15,45,-8,177,11,dime,3,run,1,0,0,0
2022,15,IND,MIN,28,4,1,36,8,151,12,base,8,run,0,0,0,0
2022,15,IND,MIN,30,4,6,71,0,82,,,,punt,0,0,0,0
2022,15,MIN,IND,31,4,1,65,0,22,,,,punt,0,0,0,0
2022,15,MIN,IND,33,4,10,39,0,298,,,,punt,0,0,0,0
2022,15,IND,MIN,34,4,9,56,0,109,,,,punt,0,0,0,0
2022,15,HOU,KC,1,4,7,61,0,3497,,,,punt,0,0,0,0
2022,15,KC,HOU,2,4,5,52,0,3297,,,,punt,0,0,0,0
2022,15,HOU,KC,3,4,10,85,0,3214,,,,punt,0,0,0,0
2022,15,KC,HOU,4,4,14,64,0,3114,,,,punt,0,0,0,0
2022,15,HOU,KC,7,4,11,65,0,2392,,,,punt,0,0,0,0
2022,15,KC,HOU,10,4,4,69,-7,2258,,,,punt,0,0,0,0
2022,15,HOU,KC,11,4,1,50,7,2053,,,,punt,0,0,0,0
2022,15,KC,HOU,14,4,2,8,-1,1448,,,,field_goal,0,0,0,0
2022,15,HOU,KC,15,4,10,75,-2,1430,,,,punt,0,0,0,0
2022,15,HOU,KC,19,4,10,10,-3,314,,,,field_goal,0,0,0,0
2022,15,KC,HOU,20,4,12,33,0,12,,,,field_goal,0,0,0,0
2022,15,KC,HOU,22,4,16,55,0,341,,,,punt,0,0,0,0
2022,15,LA,GB,1,4,17,60,0,3352,,,,punt,0,0,0,0
2022,15,GB,LA,2,4,16,16,0,2969,,,,field_goal,0,0,0,0
2022,15,LA,GB,3,4,11,75,-3,2863,,,,punt,0,0,0,0
2022,15,LA,GB,5,4,7,15,-3,2445,,,,field_goal,0,0,0,0
2022,15,GB,LA,6,4,3,17,0,2151,11,nickel,6,run,4,1,0,0
2022,15,LA,GB,7,4,10,37,-7,1851,,,,field_goal,0,0,0,0
2022,15,LA,GB,10,4,10,74,-11,1243,,,,punt,0,0,0,0
2022,15,GB,LA,13,4,17,42,12,801,,,,punt,0,0,0,0
2022,15,LA,GB,16,4,15,46,-12,538,,,,punt,0,0,0,0
2022,15,GB,LA,17,4,2,4,12,117,11,nickel,6,run,3,1,0,0
2022,15,MIA,BUF,1,4,11,52,0,3498,,,,punt,0,0,0,0
2022,15,BUF,MIA,2,4,9,65,0,3352,,,,punt,0,0,0,0
2022,15,MIA,BUF,3,4,1,23,0,3052,heavy,nickel,7,run,3,1,0,0
2022,15,MIA,BUF,3,4,11,21,0,2883,,,,field_goal,0,0,0,0
2022,15,MIA,BUF,5,4,3,3,-4,2690,,,,field_goal,0,0,0,0
2022,15,BUF,MIA,9,4,4,76,8,1726,,,,punt,0,0,0,0
2022,15,BUF,MIA,11,4,17,48,2,1513,,,,punt,0,0,0,0
2022,15,MIA,BUF,12,4,2,61,-2,1328,,,,punt,0,0,0,0
2022,15,BUF,MIA,13,4,8,96,2,1236,,,,punt,0,0,0,0
2022,15,MIA,BUF,14,4,10,50,-2,1145,,,,penalty,15,1,0,0
2022,15,BUF,MIA,15,4,10,55,-5,959,,,,punt,0,0,0,0
2022,15,MIA,BUF,16,4,3,83,5,896,,,,punt,0,0,0,0
2022,15,MIA,BUF,18,4,3,29,5,721,,,,field_goal,0,0,0,0
2022,15,MIA,BUF,20,4,12,43,0,364,,,,punt,0,0,0,0
2022,15,BUF,MIA,21,4,4,7,0,2,,,,field_goal,0,0,0,0
2022,15,LV,NE,1,4,15,31,0,3211,,,,field_goal,0,0,0,0
2022,15,NE,LV,2,4,8,62,-3,3132,,,,punt,0,0,0,0
2022,15,LV,NE,3,4,6,54,3,2958,,,,punt,0,0,0,0
2022,15,NE,LV,4,4,6,6,-3,2515,,,,field_goal,0,0,0,0
2022,15,NE,LV,6,4,14,79,-7,2040,,,,punt,0,0,0,0
2022,15,LV,NE,7,4,8,59,7,1939,,,,punt,0,0,0,0
2022,15,NE,LV,8,4,6,53,-7,1835,,,,punt,0,0,0,0
2022,15,NE,LV,11,4,6,49,-14,1677,,,,punt,0,0,0,0
2022,15,LV,NE,13,4,3,49,7,1382,,,,punt,0,0,0,0
2022,15,NE,LV,14,4,10,29,-7,986,,,,field_goal,0,0,0,0
2022,15,LV,NE,15,4,15,96,4,900,,,,punt,0,0,0,0
2022,15,NE,LV,16,4,10,35,-4,777,,,,field_goal,0,0,0,0
2022,15,LV,NE,17,4,11,64,1,512,,,,punt,0,0,0,0
2022,15,NE,LV,18,4,6,74,-1,447,,,,punt,0,0,0,0
2022,15,LV,NE,19,4,1,72,1,317,,,,punt,0,0,0,0
2022,15,LV,NE,21,4,10,69,-7,200,,,,punt,0,0,0,0
2022,15,NE,LV,22,4,10,72,7,139,,,,punt,0,0,0,0
2022,15,LV,NE,23,4,10,81,-7,114,11,dime,6,pass,12,1,0,0
2022,15,WAS,NYG,1,4,1,37,0,3387,12,nickel,7,run,5,1,0,0
2022,15,WAS,NYG,1,4,12,34,0,3224,,,,punt,0,0,0,0
2022,15,NYG,WAS,2,4,7,67,0,3170,,,,punt,0,0,0,0
2022,15,WAS,NYG,3,4,8,23,0,2876,,,,field_goal,0,0,0,0
2022,15,NYG,WAS,4,4,2,56,-3,2656,,,,punt,0,0,0,0
2022,15,WAS,NYG,6,4,6,40,-4,2428,,,,punt,0,0,0,0
2022,15,NYG,WAS,7,4,9,35,4,1943,11,dime,6,pass,11,1,0,0
2022,15,WAS,NYG,8,4,5,64,-11,1825,,,,punt,0,0,0,0
2022,15,NYG,WAS,10,4,3,58,11,1677,,,,punt,0,0,0,0
2022,15,NYG,WAS,12,4,5,32,5,1095,,,,field_goal,0,0,0,0
2022,15,WAS,NYG,13,4,1,66,-8,999,,,,punt,0,0,0,0
2022,15,NYG,WAS,14,4,5,94,8,936,,,,punt,0,0,0,0
2022,15,WAS,NYG,15,4,9,33,-8,756,,,,field_goal,0,0,0,0
2022,15,NYG,WAS,16,4,8,42,5,553,,,,punt,0,0,0,0
2022,15,NYG,WAS,18,4,7,32,5,120,,,,field_goal,0,0,0,0
2022,15,WAS,NYG,19,4,6,6,-8,56,11,dime,6,pass,0,0,0,0
2022,15,CHI,PHI,1,4,3,32,0,3243,11,nickel,6,pass,0,0,0,0
2022,15,CHI,PHI,3,4,24,75,0,2869,,,,punt,0,0,0,0
2022,15,PHI,CHI,4,4,10,65,0,2841,,,,punt,0,0,0,0
2022,15,CHI,PHI,5,4,9,57,0,2700,,,,punt,0,0,0,0
2022,15,PHI,CHI,6,4,6,14,0,2514,,,,field_goal,0,0,0,0
2022,15,CHI,PHI,9,4,26,30,3,1978,,,,punt,0,0,0,0
2022,15,CHI,PHI,13,4,14,79,-11,1525,,,,punt,0,0,0,0
2022,15,PHI,CHI,16,4,2,70,4,1335,,,,punt,0,0,0,0
2022,15,PHI,CHI,18,4,6,33,4,1085,11,nickel,7,pass,0,0,0,0
2022,15,CHI,PHI,19,4,3,60,-4,1033,,,,punt,0,0,0,0
2022,15,PHI,CHI,20,4,3,34,4,696,12,nickel,7,run,3,1,0,0
2022,15,PHI,CHI,20,4,10,20,4,509,,,,field_goal,0,0,0,0
2022,15,CHI,PHI,21,4,14,76,-4,416,,,,punt,0,0,0,0
2022,15,CAR,PIT,1,4,2,67,0,3484,,,,punt,0,0,0,0
2022,15,CAR,PIT,5,4,8,73,-7,2191,,,,punt,0,0,0,0
2022,15,PIT,CAR,6,4,5,65,7,2090,,,,punt,0,0,0,0
2022,15,CAR,PIT,7,4,19,82,-7,2023,,,,punt,0,0,0,0
2022,15,PIT,CAR,8,4,3,44,7,1894,,,,punt,0,0,0,0
2022,15,CAR,PIT,9,4,2,72,-7,1853,,,,punt,0,0,0,0
2022,15,CAR,PIT,12,4,9,11,-14,717,,,,field_goal,0,0,0,0
2022,15,PIT,CAR,13,4,16,81,11,632,,,,punt,0,0,0,0
2022,15,CAR,PIT,14,4,14,14,-11,379,,,,field_goal,0,0,0,0
2022,15,PIT,CAR,15,4,5,32,8,69,,,,field_goal,0,0,0,0
2022,15,SEA,SF,1,4,13,58,0,3481,,,,punt,0,0,0,0
2022,15,SF,SEA,2,4,1,81,0,3365,,,,punt,0,0,0,0
2022,15,SEA,SF,3,4,7,62,0,3261,,,,punt,0,0,0,0
2022,15,SEA,SF,5,4,18,76,-7,2845,,,,punt,0,0,0,0
2022,15,SF,SEA,6,4,2,42,7,2700,,,,punt,0,0,0,0
2022,15,SEA,SF,7,4,16,81,-7,2611,,,,punt,0,0,0,0
2022,15,SF,SEA,8,4,9,53,7,2444,,,,punt,0,0,0,0
2022,15,SEA,SF,9,4,8,20,-7,2092,,,,field_goal,0,0,0,0
2022,15,SF,SEA,10,4,11,64,4,1915,,,,punt,0,0,0,0
2022,15,SEA,SF,13,4,4,64,-11,1817,,,,punt,0,0,0,0
2022,15,SEA,SF,16,4,19,33,-18,1393,,,,field_goal,0,0,0,0
2022,15,SF,SEA,17,4,5,45,15,1059,,,,punt,0,0,0,0
2022,15,SEA,SF,18,4,13,44,-15,798,,,,punt,0,0,0,0
2022,15,SF,SEA,19,4,15,90,15,644,,,,punt,0,0,0,0
2022,15,SEA,SF,20,4,19,63,-15,587,,,,punt,0,0,0,0
2022,15,SF,SEA,21,4,6,25,15,305,,,,field_goal,0,0,0,0
2022,15,TEN,LAC,1,4,12,77,0,3467,,,,punt,0,0,0,0
2022,15,LAC,TEN,2,4,2,20,0,3201,11,dime,6,pass,4,1,0,0
2022,15,TEN,LAC,3,4,15,54,-7,2626,,,,punt,0,0,0,0
2022,15,LAC,TEN,4,4,1,79,7,2551,,,,punt,0,0,0,0
2022,15,LAC,TEN,6,4,1,66,0,2287,12,base,8,run,2,1,0,0
2022,15,LAC,TEN,6,4,3,57,0,2173,,,,punt,0,0,0,0
2022,15,TEN,LAC,7,4,10,56,0,1920,,,,punt,0,0,0,0
2022,15,LAC,TEN,10,4,11,55,0,1653,,,,punt,0,0,0,0
2022,15,TEN,LAC,11,4,2,71,0,1557,,,,punt,0,0,0,0
2022,15,LAC,TEN,12,4,8,44,0,1395,,,,punt,0,0,0,0
2022,15,TEN,LAC,15,4,2,54,0,1097,,,,punt,0,0,0,0
2022,15,LAC,TEN,16,4,13,91,0,1012,,,,punt,0,0,0,0
2022,15,TEN,LAC,17,4,18,33,0,819,,,,field_goal,0,0,0,0
2022,15,TEN,LAC,19,4,17,82,-7,482,,,,punt,0,0,0,0
2022,15,LAC,TEN,20,4,4,45,7,374,,,,punt,0,0,0,0
2022,15,TEN,LAC,21,4,16,66,-7,210,,,,punt,0,0,0,0
2022,15,LAC,TEN,22,4,5,80,7,185,,,,punt,0,0,0,0
2022,16,BAL,ATL,1,4,2,53,0,3490,,,,punt,0,0,0,0
2022,16,ATL,BAL,2,4,1,79,0,3352,,,,punt,0,0,0,0
2022,16,BAL,ATL,3,4,3,3,0,3185,,,,field_goal,0,0,0,0
2022,16,ATL,BAL,4,4,16,76,-3,3099,,,,punt,0,0,0,0
2022,16,BAL,ATL,5,4,7,37,3,2928,,,,field_goal,0,0,0,0
2022,16,ATL,BAL,6,4,5,44,-3,2749,11,nickel,8,pass,0,0,0,0
2022,16,BAL,ATL,7,4,4,9,3,2566,,,,field_goal,0,0,0,0
2022,16,ATL,BAL,8,4,2,46,-6,2362,11,nickel,8,pass,20,0,0,1
2022,16,ATL,BAL,11,4,1,50,-11,1639,12,base,8,run,4,1,0,0
2022,16,ATL,BAL,11,4,8,16,-11,1326,,,,field_goal,0,0,0,0
2022,16,BAL,ATL,12,4,3,60,8,1103,,,,punt,0,0,0,0
2022,16,ATL,BAL,13,4,5,73,-8,1014,,,,punt,0,0,0,0
2022,16,BAL,ATL,14,4,3,3,8,853,,,,field_goal,0,0,0,0
2022,16,ATL,BAL,15,4,1,1,-11,409,heavy,,10,run,-1,0,0,0
2022,16,BAL,ATL,16,4,9,83,11,306,,,,punt,0,0,0,0
2022,16,ATL,BAL,17,4,4,18,-11,127,,,,field_goal,0,0,0,0
2022,16,CHI,BUF,3,4,3,33,1,2867,11,nickel,6,pass,0,0,0,0
2022,16,CHI,BUF,5,4,21,65,1,2424,,,,punt,0,0,0,0
2022,16,BUF,CHI,6,4,8,96,-1,2287,,,,punt,0,0,0,0
2022,16,CHI,BUF,7,4,3,31,1,2157,11,nickel,5,pass,6,1,0,0
2022,16,CHI,BUF,7,4,4,19,1,2005,,,,field_goal,0,0,0,0
2022,16,BUF,CHI,8,4,10,20,-4,1856,,,,field_goal,0,0,0,0
2022,16,CHI,BUF,13,4,5,70,-11,1303,,,,punt,0,0,0,0
2022,16,BUF,CHI,14,4,7,64,11,1175,,,,punt,0,0,0,0
2022,16,CHI,BUF,15,4,8,87,-11,1072,,,,punt,0,0,0,0
2022,16,CHI,BUF,17,4,3,16,-11,784,heavy,base,8,pass,2,0,0,0
2022,16,CHI,BUF,19,4,9,17,-11,623,,,,field_goal,0,0,0,0
2022,16,BUF,CHI,20,4,9,83,8,560,,,,punt,0,0,0,0
2022,16,CHI,BUF,21,4,12,81,-8,453,,,,punt,0,0,0,0
2022,16,CHI,BUF,23,4,14,79,-15,138,11,dime,4,pass,0,0,0,0
2022,16,BUF,CHI,24,4,3,13,15,68,heavy,base,8,pass,13,1,1,0
2022,16,NE,CIN,2,4,4,68,-6,3347,,,,punt,0,0,0,0
2022,16,NE,CIN,4,4,6,66,-12,2938,,,,punt,0,0,0,0
2022,16,CIN,NE,5,4,10,10,12,2694,,,,field_goal,0,0,0,0
2022,16,NE,CIN,6,4,1,61,-15,2518,,,,punt,0,0,0,0
2022,16,CIN,NE,7,4,1,50,15,2347,spread,nickel,7,run,1,1,0,0
2022,16,NE,CIN,8,4,10,56,-15,1943,,,,punt,0,0,0,0
2022,16,NE,CIN,11,4,10,61,-22,1702,,,,punt,0,0,0,0
2022,16,CIN,NE,12,4,7,48,22,1454,,,,punt,0,0,0,0
2022,16,NE,CIN,13,4,6,84,-22,1332,,,,punt,0,0,0,0
2022,16,CIN,NE,15,4,5,55,16,1082,,,,punt,0,0,0,0
2022,16,CIN,NE,17,4,4,25,10,550,,,,field_goal,0,0,0,0
2022,16,CIN,NE,21,4,8,75,4,48,,,,punt,0,0,0,0
2022,16,NE,CIN,22,4,15,66,-4,15,spread,nickel,4,pass,0,0,0,0
2022,16,LA,DEN,1,4,20,37,0,3211,,,,field_goal,0,0,0,0
2022,16,DEN,LA,6,4,8,36,-17,2743,,,,field_goal,0,0,0,0
2022,16,DEN,LA,8,4,19,54,-21,2239,,,,punt,0,0,0,0
2022,16,LA,DEN,12,4,1,25,25,1348,11,nickel,6,run,2,1,0,0
2022,16,LA,DEN,12,4,9,12,25,1133,,,,field_goal,0,0,0,0
2022,16,DEN,LA,13,4,19,84,-28,1049,,,,punt,0,0,0,0
2022,16,DEN,LA,15,4,4,47,-35,552,11,dime,5,pass,36,1,0,0
2022,16,LA,DEN,16,4,4,35,27,382,,,,field_goal,0,0,0,0
2022,16,DEN,LA,17,4,10,23,-30,261,11,dime,5,pass,0,0,1,1
2022,16,DEN,LA,18,4,9,31,-37,17,11,nickel,6,run,4,0,0,0
2022,16,CAR,DET,3,4,6,50,0,3074,,,,punt,0,0,0,0
2022,16,DET,CAR,4,4,1,22,0,2754,12,,9,run,2,1,0,0
2022,16,DET,CAR,6,4,6,68,-7,2325,,,,punt,0,0,0,0
2022,16,CAR,DET,7,4,1,26,7,2108,12,base,7,run,3,1,0,0
2022,16,DET,CAR,8,4,1,66,-14,1869,,,,punt,0,0,0,0
2022,16,DET,CAR,10,4,13,73,-17,1675,,,,punt,0,0,0,0
2022,16,DET,CAR,12,4,19,88,-24,1396,,,,punt,0,0,0,0
2022,16,CAR,DET,13,4,7,52,24,1290,,,,punt,0,0,0,0
2022,16,DET,CAR,14,4,2,7,-24,1096,11,nickel,7,pass,7,1,1,0
2022,16,CAR,DET,15,4,7,22,18,797,,,,field_goal,0,0,0,0
2022,16,DET,CAR,16,4,5,7,-21,633,11,nickel,6,pass,0,0,0,0
2022,16,CAR,DET,17,4,9,37,21,343,,,,punt,0,0,0,0
2022,16,CAR,DET,19,4,7,18,14,120,,,,field_goal,0,0,0,0
2022,16,DET,CAR,20,4,10,16,-17,40,,,,field_goal,0,0,0,0
2022,16,MIA,GB,1,4,3,28,0,3375,,,,field_goal,0,0,0,0
2022,16,GB,MIA,2,4,18,18,-3,3270,,,,field_goal,0,0,0,0
2022,16,GB,MIA,4,4,1,1,-7,2954,heavy,,10,pass,1,1,1,0
2022,16,MIA,GB,5,4,21,56,0,2739,,,,punt,0,0,0,0
2022,16,GB,MIA,6,4,1,37,0,2610,11,base,8,pass,0,0,0,0
2022,16,GB,MIA,8,4,2,80,-7,2361,12,base,,run,0,0,0,0
2022,16,MIA,GB,9,4,16,16,7,2063,,,,field_goal,0,0,0,0
2022,16,GB,MIA,10,4,5,82,-10,1968,,,,punt,0,0,0,0
2022,16,GB,MIA,12,4,1,40,-10,1863,21,base,7,pass,10,1,0,0
2022,16,GB,MIA,12,4,8,28,-10,1807,,,,field_goal,0,0,0,0
2022,16,GB,MIA,14,4,1,69,-7,1687,11,nickel,7,run,2,1,0,0
2022,16,MIA,GB,15,4,1,66,0,1234,heavy,base,7,run,9,1,0,0
2022,16,MIA,GB,15,4,8,30,0,1050,,,,field_goal,0,0,0,0
2022,16,GB,MIA,18,4,10,10,0,709,,,,field_goal,0,0,0,0
2022,16,GB,MIA,20,4,3,8,3,126,,,,field_goal,0,0,0,0
2022,16,TEN,HOU,1,4,19,82,0,3483,,,,punt,0,0,0,0
2022,16,HOU,TEN,2,4,8,72,0,3427,,,,punt,0,0,0,0
2022,16,TEN,HOU,3,4,1,51,0,3277,heavy,,9,run,3,1,0,0
2022,16,TEN,HOU,5,4,11,76,0,2710,,,,punt,0,0,0,0
2022,16,HOU,TEN,6,4,5,7,0,2213,,,,field_goal,0,0,0,0
2022,16,TEN,HOU,7,4,5,56,-3,2046,,,,punt,0,0,0,0
2022,16,HOU,TEN,8,4,11,78,3,1950,,,,punt,0,0,0,0
2022,16,TEN,HOU,9,4,13,45,-3,1820,,,,punt,0,0,0,0
2022,16,HOU,TEN,11,4,1,47,3,1650,11,nickel,7,run,0,0,0,0
2022,16,TEN,HOU,14,4,8,38,4,1270,11,nickel,6,pass,0,0,0,0
2022,16,HOU,TEN,15,4,6,58,-4,1141,,,,punt,0,0,0,0
2022,16,TEN,HOU,16,4,1,81,4,1013,,,,punt,0,0,0,0
2022,16,HOU,TEN,17,4,10,69,-4,984,,,,punt,0,0,0,0
2022,16,HOU,TEN,19,4,4,4,-4,447,,,,field_goal,0,0,0,0
2022,16,TEN,HOU,20,4,8,77,1,321,,,,punt,0,0,0,0
2022,16,HOU,TEN,23,4,10,38,5,77,,,,punt,0,0,0,0
2022,16,NYJ,JAX,2,4,13,19,0,3401,,,,field_goal,0,0,0,0
2022,16,JAX,NYJ,3,4,3,14,-3,3138,,,,field_goal,0,0,0,0
2022,16,NYJ,JAX,4,4,12,47,0,2989,,,,punt,0,0,0,0
2022,16,NYJ,JAX,6,4,10,44,-7,2266,,,,punt,0,0,0,0
2022,16,JAX,NYJ,7,4,3,27,7,1978,,,,field_goal,0,0,0,0
2022,16,NYJ,JAX,8,4,12,77,-10,1920,,,,punt,0,0,0,0
2022,16,JAX,NYJ,9,4,1,27,10,1829,,,,field_goal,0,0,0,0
2022,16,NYJ,JAX,10,4,9,65,-10,1805,11,dime,4,pass,0,0,0,1
2022,16,NYJ,JAX,11,4,6,79,-10,1717,,,,punt,0,0,0,0
2022,16,JAX,NYJ,12,4,10,23,10,1329,,,,field_goal,0,0,0,0
2022,16,NYJ,JAX,13,4,17,67,-13,1209,,,,punt,0,0,0,0
2022,16,JAX,NYJ,14,4,5,40,13,1118,,,,punt,0,0,0,0
2022,16,NYJ,JAX,15,4,4,25,-13,774,11,base,7,pass,4,1,0,0
2022,16,NYJ,JAX,15,4,2,13,-13,627,11,base,7,pass,0,0,0,0
2022,16,JAX,NYJ,16,4,6,39,13,348,,,,punt,0,0,0,0
2022,16,NYJ,JAX,17,4,2,72,-13,260,11,nickel,6,pass,9,0,0,1
2022,16,JAX,NYJ,18,4,5,19,13,229,,,,field_goal,0,0,0,0
2022,16,NYJ,JAX,19,4,6,34,-16,100,11,nickel,5,pass,0,0,0,0
2022,16,IND,LAC,1,4,6,68,0,3511,,,,punt,0,0,0,0
2022,16,LAC,IND,2,4,1,57,0,3407,,,,punt,0,0,0,0
2022,16,IND,LAC,3,4,4,42,0,3230,11,dime,6,pass,4,1,0,0
2022,16,LAC,IND,6,4,9,66,0,2913,,,,punt,0,0,0,0
2022,16,IND,LAC,7,4,14,74,0,2776,,,,punt,0,0,0,0
2022,16,IND,LAC,9,4,6,27,-7,2066,,,,field_goal,0,0,0,0
2022,16,LAC,IND,10,4,6,6,4,1803,,,,field_goal,0,0,0,0
2022,16,LAC,IND,11,4,4,55,7,1605,,,,punt,0,0,0,0
2022,16,LAC,IND,13,4,1,17,7,1391,11,nickel,6,pass,7,1,0,0
2022,16,LAC,IND,13,4,3,3,7,1265,,,,field_goal,0,0,0,0
2022,16,IND,LAC,14,4,18,67,-10,1080,,,,punt,0,0,0,0
2022,16,IND,LAC,16,4,1,12,-10,900,12,base,9,run,0,0,0,0
2022,16,IND,LAC,18,4,4,51,-17,370,11,nickel,5,pass,0,0,0,0
2022,16,LAC,IND,19,4,4,42,17,307,,,,punt,0,0,0,0
2022,16,IND,LAC,20,4,9,54,-17,120,11,nickel,5,pass,6,0,0,0
2022,16,PIT,LV,2,4,9,57,-7,2928,,,,punt,0,0,0,0
2022,16,LV,PIT,3,4,7,68,7,2790,,,,punt,0,0,0,0
2022,16,PIT,LV,4,4,4,25,-7,2512,,,,field_goal,0,0,0,0
2022,16,LV,PIT,5,4,10,55,7,2386,,,,punt,0,0,0,0
2022,16,PIT,LV,6,4,1,30,-7,1980,11,nickel,8,run,2,1,0,0
2022,16,PIT,LV,6,4,8,26,-7,1913,,,,field_goal,0,0,0,0
2022,16,LV,PIT,7,4,10,22,4,1809,,,,field_goal,0,0,0,0
2022,16,PIT,LV,11,4,4,34,-7,1342,,,,field_goal,0,0,0,0
2022,16,PIT,LV,13,4,10,71,-7,1163,,,,punt,0,0,0,0
2022,16,LV,PIT,14,4,25,74,7,900,,,,punt,0,0,0,0
2022,16,PIT,LV,15,4,7,22,-7,592,,,,field_goal,0,0,0,0
2022,16,LV,PIT,16,4,8,58,4,366,,,,punt,0,0,0,0
2022,16,PIT,LV,17,4,1,70,-4,280,,,,punt,0,0,0,0
2022,16,LV,PIT,18,4,5,71,4,182,,,,punt,0,0,0,0
2022,16,PIT,LV,19,4,1,15,-4,55,11,nickel,7,run,1,1,0,0
2022,16,CLE,NO,1,4,8,58,0,3515,,,,punt,0,0,0,0
2022,16,NO,CLE,2,4,3,92,0,3423,,,,punt,0,0,0,0
2022,16,CLE,NO,3,4,4,43,0,3340,,,,punt,0,0,0,0
2022,16,NO,CLE,4,4,13,42,0,3019,,,,punt,0,0,0,0
2022,16,CLE,NO,5,4,8,95,0,2927,,,,punt,0,0,0,0
2022,16,NO,CLE,8,4,4,69,-7,2581,,,,punt,0,0,0,0
2022,16,CLE,NO,9,4,5,33,7,2146,11,dime,5,pass,21,1,0,0
2022,16,CLE,NO,9,4,10,12,7,2051,,,,field_goal,0,0,0,0
2022,16,NO,CLE,10,4,2,5,-10,1803,,,,field_goal,0,0,0,0
2022,16,CLE,NO,12,4,2,50,0,1290,,,,punt,0,0,0,0
2022,16,NO,CLE,13,4,2,83,0,1165,,,,punt,0,0,0,0
2022,16,CLE,NO,16,4,8,42,-7,815,,,,punt,0,0,0,0
2022,16,NO,CLE,17,4,6,50,7,592,,,,punt,0,0,0,0
2022,16,CLE,NO,18,4,2,61,-7,420,11,nickel,6,pass,0,0,0,0
2022,16,NO,CLE,19,4,9,38,7,322,,,,punt,0,0,0,0
2022,16,CLE,NO,20,4,10,15,-7,26,11,nickel,5,pass,-7,0,0,0
2022,16,MIN,NYG,1,4,11,52,0,3476,,,,punt,0,0,0,0
2022,16,NYG,MIN,2,4,10,52,0,3363,,,,punt,0,0,0,0
2022,16,MIN,NYG,3,4,10,77,0,3240,,,,punt,0,0,0,0
2022,16,NYG,MIN,4,4,13,70,0,3136,,,,punt,0,0,0,0
2022,16,MIN,NYG,7,4,9,22,7,2385,,,,field_goal,0,0,0,0
2022,16,MIN,NYG,9,4,1,66,3,1973,,,,punt,0,0,0,0
2022,16,NYG,MIN,10,4,9,44,-3,1843,,,,punt,0,0,0,0
2022,16,NYG,MIN,12,4,3,26,-3,1582,,,,field_goal,0,0,0,0
2022,16,MIN,NYG,13,4,7,56,0,1462,,,,punt,0,0,0,0
2022,16,NYG,MIN,14,4,12,25,0,1175,,,,field_goal,0,0,0,0
2022,16,MIN,NYG,17,4,2,44,4,541,11,dime,6,pass,0,0,0,0
2022,16,NYG,MIN,18,4,5,37,-4,389,,,,field_goal,0,0,0,0
2022,16,MIN,NYG,19,4,8,73,1,277,,,,punt,0,0,0,0
2022,16,NYG,MIN,20,4,4,69,-1,250,,,,punt,0,0,0,0
2022,16,NYG,MIN,22,4,2,27,-8,127,11,nickel,6,run,27,1,1,0
2022,16,PHI,DAL,1,4,6,7,0,3378,,,,field_goal,0,0,0,0
2022,16,DAL,PHI,5,4,8,45,-3,2578,11,nickel,6,penalty,5,1,0,0
2022,16,PHI,DAL,6,4,1,1,-4,2235,12,nickel,9,run,1,1,1,0
2022,16,DAL,PHI,7,4,3,3,-3,1912,,,,field_goal,0,0,0,0
2022,16,PHI,DAL,8,4,15,29,0,1811,,,,field_goal,0,0,0,0
2022,16,DAL,PHI,10,4,4,80,-3,1725,,,,punt,0,0,0,0
2022,16,PHI,DAL,11,4,3,14,3,1445,12,nickel,8,pass,14,1,1,0
2022,16,DAL,PHI,12,4,1,66,-10,1345,heavy,base,7,run,22,1,0,0
2022,16,DAL,PHI,12,4,5,26,-10,1205,,,,field_goal,0,0,0,0
2022,16,DAL,PHI,18,4,5,29,0,144,,,,field_goal,0,0,0,0
2022,16,DAL,PHI,20,4,8,8,3,104,,,,field_goal,0,0,0,0
2022,16,PHI,DAL,21,4,10,19,-6,20,11,dime,6,pass,0,0,0,0
2022,16,KC,SEA,1,4,2,63,0,3563,,,,punt,0,0,0,0
2022,16,SEA,KC,2,4,1,84,0,3424,,,,punt,0,0,0,0
2022,16,SEA,KC,4,4,3,41,-7,2955,11,dime,5,pass,0,0,0,0
2022,16,KC,SEA,5,4,6,42,7,2861,,,,punt,0,0,0,0
2022,16,SEA,KC,6,4,8,78,-7,2801,,,,punt,0,0,0,0
2022,16,KC,SEA,7,4,3,63,7,2706,,,,punt,0,0,0,0
2022,16,SEA,KC,8,4,20,94,-7,2548,,,,punt,0,0,0,0
2022,16,SEA,KC,10,4,7,58,-14,2139,,,,punt,0,0,0,0
2022,16,KC,SEA,11,4,5,29,14,1964,,,,field_goal,0,0,0,0
2022,16,SEA,KC,12,4,3,3,-17,1801,,,,field_goal,0,0,0,0
2022,16,SEA,KC,13,4,6,71,-14,1750,,,,punt,0,0,0,0
2022,16,KC,SEA,14,4,3,60,14,1689,,,,punt,0,0,0,0
2022,16,SEA,KC,15,4,1,42,-14,1502,11,nickel,7,run,2,1,0,0
2022,16,SEA,KC,15,4,4,34,-14,1350,11,dime,6,pass,0,0,0,0
2022,16,KC,SEA,16,4,15,59,14,1179,,,,punt,0,0,0,0
2022,16,SEA,KC,17,4,8,29,-14,900,11,dime,6,pass,7,0,0,0
2022,16,KC,SEA,18,4,11,79,14,811,,,,punt,0,0,0,0
2022,16,SEA,KC,21,4,4,69,-21,234,11,dime,4,run,5,1,0,0
2022,16,SEA,KC,21,4,8,23,-21,177,11,dime,5,pass,17,1,0,0
2022,16,KC,SEA,22,4,2,36,14,72,11,base,8,pass,0,0,0,0
2022,16,TB,ARI,1,4,3,20,0,3507,,,,field_goal,0,0,0,0
2022,16,ARI,TB,2,4,2,55,-3,3345,spread,,,pass,4,1,0,0
2022,16,TB,ARI,3,4,1,48,3,3044,12,base,9,run,-1,0,0,0
2022,16,ARI,TB,4,4,8,49,-3,2946,,,,punt,0,0,0,0
2022,16,TB,ARI,5,4,6,76,3,2818,,,,punt,0,0,0,0
2022,16,ARI,TB,6,4,7,38,-3,2737,,,,field_goal,0,0,0,0
2022,16,TB,ARI,7,4,1,18,0,2453,12,base,7,run,2,1,0,0
2022,16,TB,ARI,7,4,11,17,0,2298,,,,field_goal,0,0,0,0
2022,16,ARI,TB,8,4,11,87,-3,2242,,,,punt,0,0,0,0
2022,16,ARI,TB,10,4,11,47,-3,1989,,,,punt,0,0,0,0
2022,16,TB,ARI,11,4,1,70,3,1878,,,,punt,0,0,0,0
2022,16,ARI,TB,12,4,6,35,-3,1812,,,,field_goal,0,0,0,0
2022,16,ARI,TB,14,4,2,67,0,1697,,,,punt,0,0,0,0
2022,16,TB,ARI,15,4,2,83,0,1605,,,,punt,0,0,0,0
2022,16,ARI,TB,16,4,3,75,0,1486,,,,punt,0,0,0,0
2022,16,ARI,TB,18,4,11,21,0,851,,,,field_goal,0,0,0,0
2022,16,TB,ARI,19,4,2,75,-3,759,,,,punt,0,0,0,0
2022,16,TB,ARI,23,4,8,24,-3,151,,,,field_goal,0,0,0,0
2022,16,ARI,TB,24,4,6,71,0,110,,,,punt,0,0,0,0
2022,16,TB,ARI,25,4,2,58,0,56,,,,punt,0,0,0,0
2022,16,ARI,TB,27,4,9,64,0,470,,,,punt,0,0,0,0
2022,16,WAS,SF,1,4,11,84,0,3514,,,,punt,0,0,0,0
2022,16,SF,WAS,2,4,1,15,0,3227,21,base,7,run,0,0,0,0
2022,16,WAS,SF,3,4,13,88,0,3121,,,,punt,0,0,0,0
2022,16,SF,WAS,4,4,12,52,0,3030,,,,punt,0,0,0,0
2022,16,WAS,SF,5,4,1,1,0,2377,12,base,8,run,0,0,0,0
2022,16,WAS,SF,7,4,11,50,-7,1990,,,,punt,0,0,0,0
2022,16,WAS,SF,12,4,6,85,-7,1450,,,,punt,0,0,0,0
2022,16,SF,WAS,13,4,17,64,7,1369,,,,punt,0,0,0,0
2022,16,WAS,SF,14,4,1,66,-7,1246,11,nickel,7,run,0,0,0,0
2022,16,SF,WAS,17,4,8,8,7,900,,,,field_goal,0,0,0,0
2022,16,SF,WAS,19,4,4,5,10,725,,,,field_goal,0,0,0,0
2022,16,SF,WAS,21,4,2,17,13,560,,,,field_goal,0,0,0,0
2022,16,SF,WAS,23,4,3,11,10,182,21,nickel,7,pass,10,1,0,0
2022,17,ARI,ATL,1,4,11,20,0,3208,,,,field_goal,0,0,0,0
2022,17,ATL,ARI,2,4,1,19,-3,2661,12,,7,run,14,1,0,0
2022,17,ARI,ATL,3,4,7,45,-4,2453,,,,punt,0,0,0,0
2022,17,ATL,ARI,6,4,2,9,-3,1978,11,base,7,pass,0,0,0,0
2022,17,ARI,ATL,7,4,6,86,3,1920,,,,punt,0,0,0,0
2022,17,ATL,ARI,11,4,13,63,1,1675,,,,punt,0,0,0,0
2022,17,ARI,ATL,12,4,8,18,-1,1444,,,,field_goal,0,0,0,0
2022,17,ATL,ARI,13,4,6,59,-2,1323,,,,punt,0,0,0,0
2022,17,ARI,ATL,14,4,10,25,2,1146,,,,field_goal,0,0,0,0
2022,17,ATL,ARI,15,4,4,61,-2,1022,,,,punt,0,0,0,0
2022,17,ARI,ATL,16,4,1,44,2,814,11,nickel,6,run,0,0,0,0
2022,17,ATL,ARI,17,4,5,9,-2,580,,,,field_goal,0,0,0,0
2022,17,ARI,ATL,18,4,17,39,-1,302,,,,field_goal,0,0,0,0
2022,17,CAR,TB,3,4,1,58,7,3133,,,,punt,0,0,0,0
2022,17,TB,CAR,4,4,13,65,-7,2974,,,,punt,0,0,0,0
2022,17,CAR,TB,5,4,10,76,7,2909,,,,punt,0,0,0,0
2022,17,TB,CAR,6,4,1,48,-7,2641,11,nickel,7,run,1,1,0,0
2022,17,TB,CAR,6,4,11,35,-7,2525,,,,field_goal,0,0,0,0
2022,17,CAR,TB,7,4,3,36,7,2396,spread,nickel,6,pass,7,1,0,0
2022,17,TB,CAR,8,4,18,83,-14,2146,,,,punt,0,0,0,0
2022,17,CAR,TB,9,4,1,58,14,1991,,,,punt,0,0,0,0
2022,17,TB,CAR,12,4,1,4,-7,1873,,,,field_goal,0,0,0,0
2022,17,CAR,TB,13,4,18,70,4,1804,12,nickel,6,pass,0,0,0,0
2022,17,TB,CAR,14,4,9,63,-4,1681,,,,punt,0,0,0,0
2022,17,TB,CAR,16,4,2,15,-4,1189,11,nickel,6,pass,5,1,0,0
2022,17,TB,CAR,16,4,8,8,-4,1123,,,,field_goal,0,0,0,0
2022,17,CAR,TB,19,4,10,63,5,601,,,,punt,0,0,0,0
2022,17,CAR,TB,21,4,4,69,-3,353,,,,punt,0,0,0,0
2022,17,TB,CAR,22,4,15,65,3,159,,,,punt,0,0,0,0
2022,17,TB,CAR,26,4,15,49,6,32,,,,punt,0,0,0,0
2022,17,DET,CHI,2,4,4,35,-7,3158,spread,nickel,6,penalty,34,1,0,0
2022,17,CHI,DET,3,4,5,5,0,2848,,,,field_goal,0,0,0,0
2022,17,CHI,DET,5,4,10,54,-4,2545,,,,punt,0,0,0,0
2022,17,DET,CHI,6,4,3,80,4,2485,,,,punt,0,0,0,0
2022,17,CHI,DET,7,4,14,74,-4,2369,,,,punt,0,0,0,0
2022,17,DET,CHI,10,4,1,4,11,1820,,,,field_goal,0,0,0,0
2022,17,CHI,DET,13,4,6,71,-21,1544,,,,punt,0,0,0,0
2022,17,CHI,DET,15,4,5,70,-28,1209,,,,punt,0,0,0,0
2022,17,DET,CHI,16,4,2,73,28,1118,,,,punt,0,0,0,0
2022,17,CHI,DET,17,4,5,68,-28,995,,,,punt,0,0,0,0
2022,17,DET,CHI,18,4,15,49,28,714,,,,punt,0,0,0,0
2022,17,CHI,DET,19,4,6,91,-28,621,,,,punt,0,0,0,0
2022,17,DET,CHI,20,4,2,39,28,485,11,nickel,5,pass,0,0,0,0
2022,17,CHI,DET,21,4,2,29,-28,313,11,nickel,6,pass,0,0,0,0
2022,17,DET,CHI,22,4,21,23,28,165,,,,field_goal,0,0,0,0
2022,17,CHI,DET,23,4,19,84,-31,109,,,,punt,0,0,0,0
2022,17,CLE,WAS,1,4,29,69,0,3410,,,,punt,0,0,0,0
2022,17,CLE,WAS,3,4,5,19,0,3266,,,,field_goal,0,0,0,0
2022,17,WAS,CLE,4,4,1,40,-3,2936,11,nickel,7,run,-1,0,0,0
2022,17,CLE,WAS,5,4,3,3,3,2723,11,nickel,7,run,1,0,0,0
2022,17,CLE,WAS,7,4,8,51,3,2516,,,,punt,0,0,0,0
2022,17,WAS,CLE,8,4,1,1,-3,1823,12,,9,run,1,1,1,0
2022,17,WAS,CLE,10,4,12,75,4,1683,,,,punt,0,0,0,0
2022,17,WAS,CLE,12,4,16,58,-3,1323,,,,punt,0,0,0,0
2022,17,WAS,CLE,14,4,6,25,-10,629,,,,field_goal,0,0,0,0
2022,17,CLE,WAS,15,4,1,45,7,451,heavy,base,8,run,2,1,0,0
2022,17,WAS,CLE,16,4,3,56,-14,225,11,dime,5,pass,16,1,0,0
2022,17,CLE,WAS,17,4,11,81,14,174,,,,punt,0,0,0,0
2022,17,WAS,CLE,18,4,10,64,-14,128,11,dime,5,pass,0,0,0,0
2022,17,CLE,WAS,19,4,11,36,14,34,,,,punt,0,0,0,0
2022,17,DAL,TEN,1,4,3,51,0,3460,,,,punt,0,0,0,0
2022,17,TEN,DAL,2,4,6,71,0,3313,,,,punt,0,0,0,0
2022,17,TEN,DAL,4,4,8,73,-7,2927,,,,punt,0,0,0,0
2022,17,DAL,TEN,5,4,4,18,7,2700,,,,field_goal,0,0,0,0
2022,17,TEN,DAL,8,4,5,47,-10,2203,,,,punt,0,0,0,0
2022,17,TEN,DAL,10,4,9,19,-10,1868,,,,field_goal,0,0,0,0
2022,17,TEN,DAL,13,4,6,71,-4,1714,,,,punt,0,0,0,0
2022,17,TEN,DAL,15,4,2,26,-11,1217,11,nickel,6,run,2,1,0,0
2022,17,TEN,DAL,17,4,10,45,-11,598,,,,punt,0,0,0,0
2022,17,DAL,TEN,18,4,5,27,11,388,,,,field_goal,0,0,0,0
2022,17,DAL,TEN,20,4,10,60,14,306,,,,punt,0,0,0,0
2022,17,TEN,DAL,21,4,15,47,-14,234,11,dime,4,pass,0,0,0,0
2022,17,DAL,TEN,22,4,7,50,14,120,,,,punt,0,0,0,0
2022,17,DEN,KC,1,4,5,78,0,3503,,,,punt,0,0,0,0
2022,17,KC,DEN,2,4,1,44,0,3279,11,base,6,pass,10,1,0,0
2022,17,DEN,KC,3,4,5,59,-6,3031,,,,punt,0,0,0,0
2022,17,KC,DEN,4,4,1,70,6,2862,,,,punt,0,0,0,0
2022,17,DEN,KC,5,4,1,45,-6,2589,11,nickel,6,run,2,1,0,0
2022,17,DEN,KC,5,4,6,30,-6,2451,,,,field_goal,0,0,0,0
2022,17,DEN,KC,7,4,7,59,-3,2099,,,,punt,0,0,0,1
2022,17,KC,DEN,12,4,8,73,3,1749,,,,punt,0,0,0,0
2022,17,DEN,KC,13,4,15,57,-3,1587,,,,punt,0,0,0,0
2022,17,KC,DEN,14,4,6,76,3,1533,,,,punt,0,0,0,0
2022,17,KC,DEN,16,4,8,73,-4,1242,,,,punt,0,0,0,0
2022,17,DEN,KC,17,4,9,82,4,1085,,,,punt,0,0,0,0
2022,17,DEN,KC,21,4,7,40,-10,490,11,dime,6,penalty,5,1,0,0
2022,17,KC,DEN,22,4,8,59,3,243,,,,punt,0,0,0,0
2022,17,DEN,KC,23,4,2,55,-3,81,11,dime,6,pass,-9,0,0,0
2022,17,IND,NYG,1,4,6,63,0,3440,,,,punt,0,0,0,0
2022,17,NYG,IND,2,4,5,47,0,3206,,,,punt,0,0,0,0
2022,17,IND,NYG,3,4,1,5,0,2849,,,,field_goal,0,0,0,0
2022,17,IND,NYG,5,4,9,74,-4,2360,,,,punt,0,0,0,0
2022,17,IND,NYG,8,4,13,61,-18,1850,,,,punt,0,0,0,0
2022,17,IND,NYG,11,4,9,29,-21,1744,,,,field_goal,0,0,0,0
2022,17,IND,NYG,13,4,1,28,-28,1303,11,dime,7,run,6,1,0,0
2022,17,IND,NYG,13,4,6,18,-28,1148,11,dime,6,pass,7,1,0,0
2022,17,NYG,IND,14,4,3,26,21,803,,,,penalty,5,1,0,0
2022,17,IND,NYG,15,4,11,59,-28,523,,,,punt,0,0,0,0
2022,17,NYG,IND,16,4,2,27,28,120,heavy,base,8,run,-2,0,0,0
2022,17,HOU,JAX,1,4,1,55,0,3395,11,nickel,7,run,0,0,0,0
2022,17,HOU,JAX,3,4,3,67,-7,3121,,,,punt,0,0,0,0
2022,17,JAX,HOU,4,4,8,40,7,2931,,,,punt,0,0,0,0
2022,17,HOU,JAX,5,4,4,70,-7,2786,,,,punt,0,0,0,0
2022,17,JAX,HOU,6,4,5,48,7,2659,,,,punt,0,0,0,0
2022,17,HOU,JAX,7,4,4,83,-7,2561,,,,punt,0,0,0,0
2022,17,HOU,JAX,10,4,1,66,-21,2358,,,,punt,0,0,0,0
2022,17,HOU,JAX,12,4,5,10,-21,2214,11,nickel,6,pass,0,0,0,0
2022,17,JAX,HOU,13,4,3,83,21,2097,,,,punt,0,0,0,0
2022,17,HOU,JAX,14,4,6,42,-21,1920,,,,punt,0,0,0,0
2022,17,HOU,JAX,17,4,7,38,-28,1254,,,,field_goal,0,0,0,0
2022,17,HOU,JAX,19,4,3,51,-25,702,11,nickel,6,pass,0,0,0,0
2022,17,JAX,HOU,20,4,14,52,25,610,,,,punt,0,0,0,0
2022,17,HOU,JAX,21,4,15,95,-25,507,,,,punt,0,0,0,0
2022,17,JAX,HOU,22,4,5,35,25,370,,,,field_goal,0,0,0,0
2022,17,HOU,JAX,23,4,18,53,-28,240,11,nickel,4,pass,12,0,0,0
2022,17,JAX,HOU,24,4,4,53,28,120,,,,punt,0,0,0,0
2022,17,LA,LAC,1,4,11,60,0,3439,,,,punt,0,0,0,0
2022,17,LAC,LA,2,4,10,62,0,3267,,,,punt,0,0,0,0
2022,17,LA,LAC,3,4,5,5,0,2773,,,,field_goal,0,0,0,0
2022,17,LA,LAC,5,4,18,41,-4,2432,,,,punt,0,0,0,0
2022,17,LAC,LA,8,4,10,22,4,1818,,,,field_goal,0,0,0,0
2022,17,LAC,LA,12,4,8,59,14,1177,,,,punt,0,0,0,0
2022,17,LA,LAC,13,4,15,66,-14,982,,,,punt,0,0,0,0
2022,17,LA,LAC,15,4,3,68,-21,681,,,,punt,0,0,0,0
2022,17,LAC,LA,16,4,2,56,21,402,,,,punt,0,0,0,0
2022,17,LA,LAC,17,4,19,97,-21,316,,,,punt,0,0,0,0
2022,17,LAC,LA,18,4,9,39,21,72,,,,punt,0,0,0,0
2022,17,MIA,NE,1,4,6,56,0,3402,,,,punt,0,0,0,0
2022,17,MIA,NE,3,4,1,66,-7,3032,heavy,nickel,7,run,2,1,0,0
2022,17,NE,MIA,4,4,13,45,0,2488,,,,punt,0,0,0,0
2022,17,MIA,NE,5,4,7,33,0,2186,,,,field_goal,0,0,0,0
2022,17,NE,MIA,6,4,12,61,0,2138,,,,punt,0,0,0,0
2022,17,MIA,NE,7,4,5,48,0,1912,,,,punt,0,0,0,0
2022,17,NE,MIA,9,4,6,71,0,1753,,,,punt,0,0,0,0
2022,17,MIA,NE,10,4,9,59,0,1692,,,,punt,0,0,0,0
2022,17,NE,MIA,11,4,7,87,0,1632,,,,punt,0,0,0,0
2022,17,NE,MIA,13,4,5,31,-7,1148,,,,field_goal,0,0,0,0
2022,17,NE,MIA,16,4,5,58,2,777,,,,punt,0,0,0,0
2022,17,MIA,NE,17,4,4,58,-2,591,,,,punt,0,0,0,0
2022,17,MIA,NE,19,4,16,74,-9,211,11,dime,6,pass,9,0,0,0
2022,17,NE,MIA,20,4,4,29,9,154,11,base,6,pass,-10,0,0,0
2022,17,MIA,NE,21,4,7,48,-9,120,11,dime,6,pass,17,1,0,0
2022,17,MIN,GB,1,4,4,61,0,3518,,,,punt,0,0,0,0
2022,17,GB,MIN,2,4,3,72,0,3419,,,,punt,0,0,0,0
2022,17,MIN,GB,3,4,2,2,0,3341,,,,field_goal,0,0,0,0
2022,17,MIN,GB,5,4,3,68,-4,3275,,,,punt,0,0,0,0
2022,17,GB,MIN,6,4,1,39,4,3097,11,nickel,7,pass,-16,0,0,0
2022,17,MIN,GB,7,4,2,37,-4,3033,11,nickel,6,pass,0,0,1,1
2022,17,MIN,GB,8,4,10,28,-11,2801,,,,field_goal,0,0,0,0
2022,17,GB,MIN,9,4,8,8,11,2392,,,,field_goal,0,0,0,0
2022,17,MIN,GB,12,4,7,32,-21,1841,,,,field_goal,0,0,0,0
2022,17,GB,MIN,14,4,9,59,24,1667,,,,punt,0,0,0,0
2022,17,GB,MIN,20,4,4,59,31,248,,,,punt,0,0,0,0
2022,17,MIN,GB,21,4,3,72,-31,120,11,nickel,6,pass,37,1,0,0
2022,17,NO,PHI,1,4,2,9,0,3107,heavy,base,8,run,8,1,0,0
2022,17,PHI,NO,2,4,8,73,-7,2943,,,,punt,0,0,0,0
2022,17,NO,PHI,3,4,9,43,7,2620,,,,punt,0,0,0,0
2022,17,PHI,NO,4,4,1,81,-7,2495,,,,punt,0,0,0,0
2022,17,NO,PHI,5,4,5,36,7,2315,,,,field_goal,0,0,0,0
2022,17,PHI,NO,6,4,7,72,-10,2230,,,,punt,0,0,0,0
2022,17,NO,PHI,7,4,2,2,10,1988,,,,field_goal,0,0,0,0
2022,17,PHI,NO,8,4,3,68,-13,1939,,,,punt,0,0,0,0
2022,17,PHI,NO,11,4,14,38,-13,1563,,,,field_goal,0,0,0,0
2022,17,NO,PHI,12,4,4,69,10,1479,,,,punt,0,0,0,0
2022,17,PHI,NO,13,4,13,66,-10,1195,,,,punt,0,0,0,0
2022,17,NO,PHI,14,4,11,46,10,1044,,,,punt,0,0,0,0
2022,17,NO,PHI,16,4,8,57,3,820,,,,punt,0,0,0,0
2022,17,PHI,NO,17,4,15,76,-3,736,,,,punt,0,0,0,0
2022,17,NO,PHI,18,4,23,81,3,611,,,,punt,0,0,0,0
2022,17,PHI,NO,19,4,1,50,-3,515,12,base,8,run,0,0,0,0
2022,17,NO,PHI,20,4,17,45,3,374,,,,punt,0,0,0,0
2022,17,PHI,NO,22,4,22,59,-10,223,11,dime,4,pass,11,0,0,0
2022,17,SEA,NYJ,3,4,6,6,7,3100,,,,field_goal,0,0,0,0
2022,17,NYJ,SEA,4,4,8,26,-10,2844,,,,field_goal,0,0,0,0
2022,17,NYJ,SEA,6,4,23,26,-14,2285,,,,field_goal,0,0,0,0
2022,17,SEA,NYJ,7,4,21,86,11,2163,,,,punt,0,0,0,0
2022,17,NYJ,SEA,8,4,4,38,-11,2027,11,dime,5,pass,0,0,0,0
2022,17,SEA,NYJ,9,4,24,45,11,1859,,,,punt,0,0,0,0
2022,17,NYJ,SEA,11,4,7,39,-11,1625,,,,field_goal,0,0,0,0
2022,17,SEA,NYJ,12,4,1,32,11,1411,12,nickel,7,run,3,1,0,0
2022,17,SEA,NYJ,12,4,7,13,11,1267,,,,field_goal,0,0,0,0
2022,17,NYJ,SEA,13,4,10,75,-14,1251,,,,punt,0,0,0,0
2022,17,SEA,NYJ,14,4,6,45,14,1121,,,,punt,0,0,0,0
2022,17,NYJ,SEA,15,4,6,83,-14,1018,,,,punt,0,0,0,0
2022,17,SEA,NYJ,16,4,6,23,14,784,,,,field_goal,0,0,0,0
2022,17,NYJ,SEA,17,4,2,61,-14,692,,,,punt,0,0,0,0
2022,17,SEA,NYJ,18,4,7,72,14,579,,,,punt,0,0,0,0
2022,17,SEA,NYJ,20,4,10,13,14,345,,,,field_goal,0,0,0,0
2022,17,NYJ,SEA,21,4,14,64,-17,241,11,dime,2,pass,0,0,0,0
2022,17,SEA,NYJ,22,4,6,21,17,120,11,nickel,5,pass,3,0,0,0
2022,17,PIT,BAL,1,4,2,2,0,3124,,,,field_goal,0,0,0,0
2022,17,BAL,PIT,2,4,5,12,-3,2652,,,,field_goal,0,0,0,0
2022,17,PIT,BAL,3,4,3,54,0,2461,,,,punt,0,0,0,0
2022,17,BAL,PIT,4,4,1,85,0,2333,,,,punt,0,0,0,0
2022,17,PIT,BAL,5,4,3,30,0,2015,,,,field_goal,0,0,0,0
2022,17,BAL,PIT,8,4,3,33,7,1475,,,,field_goal,0,0,0,0
2022,17,PIT,BAL,9,4,4,32,-10,1127,,,,field_goal,0,0,0,0
2022,17,BAL,PIT,10,4,7,50,7,952,,,,punt,0,0,0,0
2022,17,PIT,BAL,11,4,10,15,-7,587,,,,field_goal,0,0,0,0
2022,17,BAL,PIT,12,4,12,42,4,527,,,,punt,0,0,0,0
2022,17,PIT,BAL,13,4,18,85,-4,402,,,,punt,0,0,0,0
2022,17,BAL,PIT,14,4,2,56,4,265,,,,punt,0,0,0,0
2022,17,LV,SF,3,4,1,1,0,2809,,,,field_goal,0,0,0,0
2022,17,LV,SF,5,4,1,2,-4,2073,heavy,,9,run,0,0,0,0
2022,17,SF,LV,6,4,5,93,4,1960,,,,punt,0,0,0,0
2022,17,SF,LV,9,4,7,72,-3,1703,,,,punt,0,0,0,0
2022,17,LV,SF,12,4,1,66,3,1149,,,,punt,0,0,0,0
2022,17,SF,LV,15,4,7,25,-3,759,,,,field_goal,0,0,0,0
2022,17,LV,SF,16,4,11,64,0,589,,,,punt,0,0,0,0
2022,17,SF,LV,17,4,4,6,0,408,,,,field_goal,0,0,0,0
2022,17,LV,SF,18,4,10,39,-3,253,,,,field_goal,0,0,0,0
2022,18,ARI,SF,3,4,15,80,-1,3258,,,,punt,0,0,0,0
2022,18,SF,ARI,4,4,15,67,1,3162,,,,punt,0,0,0,0
2022,18,ARI,SF,5,4,1,61,-1,3026,11,nickel,7,run,0,0,0,0
2022,18,SF,ARI,6,4,29,58,1,2932,,,,punt,0,0,0,0
2022,18,ARI,SF,7,4,5,69,-1,2804,,,,punt,0,0,0,0
2022,18,SF,ARI,8,4,18,52,1,2647,,,,punt,0,0,0,0
2022,18,SF,ARI,16,4,7,9,15,1250,,,,field_goal,0,0,0,0
2022,18,ARI,SF,19,4,5,31,-25,737,11,nickel,6,pass,-3,0,0,0
2022,18,SF,ARI,20,4,2,58,25,597,,,,punt,0,0,0,0
2022,18,ARI,SF,21,4,2,80,-25,478,,,,punt,0,0,0,0
2022,18,SF,ARI,22,4,1,50,25,295,,,,punt,0,0,0,0
2022,18,SF,ARI,24,4,7,10,25,33,12,,9,run,3,0,0,0
2022,18,BAL,CIN,1,4,5,55,0,3476,,,,punt,0,0,0,0
2022,18,CIN,BAL,2,4,10,16,0,3005,,,,field_goal,0,0,0,0
2022,18,BAL,CIN,7,4,1,28,-17,2339,heavy,base,7,run,-1,0,0,0
2022,18,CIN,BAL,8,4,10,59,17,2175,,,,punt,0,0,0,0
2022,18,CIN,BAL,10,4,8,61,10,1855,,,,punt,0,0,0,0
2022,18,CIN,BAL,13,4,7,72,17,1761,,,,punt,0,0,0,0
2022,18,BAL,CIN,14,4,5,55,-17,1653,,,,punt,0,0,0,0
2022,18,BAL,CIN,16,4,8,8,-17,1537,,,,field_goal,0,0,0,0
2022,18,CIN,BAL,17,4,2,8,14,1291,,,,field_goal,0,0,0,0
2022,18,BAL,CIN,18,4,4,33,-17,1024,,,,field_goal,0,0,0,0
2022,18,CIN,BAL,19,4,1,66,14,964,,,,punt,0,0,0,0
2022,18,BAL,CIN,20,4,5,9,-14,739,,,,field_goal,0,0,0,0
2022,18,CIN,BAL,21,4,13,63,11,646,,,,punt,0,0,0,0
2022,18,BAL,CIN,22,4,11,90,-11,573,,,,punt,0,0,0,0
2022,18,CIN,BAL,23,4,1,41,11,440,12,,10,pass,0,0,0,0
2022,18,BAL,CIN,24,4,9,45,-11,363,spread,dime,4,pass,0,0,0,0
2022,18,CIN,BAL,25,4,14,59,11,197,,,,punt,0,0,0,0
2022,18,CIN,BAL,27,4,4,62,11,76,,,,punt,0,0,0,0
2022,18,CAR,NO,2,4,7,59,-7,3181,,,,punt,0,0,0,0
2022,18,NO,CAR,3,4,5,55,7,3010,,,,punt,0,0,0,0
2022,18,CAR,NO,4,4,1,78,-7,2892,,,,punt,0,0,0,0
2022,18,NO,CAR,5,4,6,26,7,2660,,,,field_goal,0,0,0,0
2022,18,CAR,NO,6,4,9,65,-7,2598,,,,punt,0,0,0,0
2022,18,NO,CAR,7,4,1,20,7,2241,12,base,8,run,-3,0,0,0
2022,18,NO,CAR,12,4,3,68,0,1211,,,,punt,0,0,0,0
2022,18,CAR,NO,13,4,2,72,0,1067,,,,punt,0,0,0,0
2022,18,NO,CAR,14,4,1,53,0,859,21,base,,penalty,5,1,0,0
2022,18,NO,CAR,14,4,19,57,0,719,,,,punt,0,0,0,0
2022,18,CAR,NO,15,4,4,56,0,502,,,,punt,0,0,0,0
2022,18,NO,CAR,16,4,3,78,0,422,,,,punt,0,0,0,0
2022,18,CAR,NO,17,4,11,60,0,296,,,,punt,0,0,0,0
2022,18,NO,CAR,18,4,4,51,0,117,,,,punt,0,0,0,0
2022,18,NO,CAR,20,4,12,37,0,84,,,,field_goal,0,0,0,0
2022,18,CLE,PIT,1,4,9,56,0,3457,,,,punt,0,0,0,0
2022,18,CLE,PIT,3,4,1,75,0,2891,,,,punt,0,0,0,0
2022,18,PIT,CLE,4,4,8,48,0,2756,,,,punt,0,0,0,0
2022,18,CLE,PIT,5,4,10,56,0,2616,,,,punt,0,0,0,0
2022,18,PIT,CLE,6,4,11,81,0,2494,,,,punt,0,0,0,0
2022,18,PIT,CLE,10,4,9,31,0,1843,,,,field_goal,0,0,0,0
2022,18,PIT,CLE,12,4,15,16,3,1447,,,,field_goal,0,0,0,0
2022,18,CLE,PIT,15,4,16,81,-13,965,,,,punt,0,0,0,0
2022,18,PIT,CLE,16,4,10,68,13,895,,,,punt,0,0,0,0
2022,18,CLE,PIT,19,4,6,69,-14,143,11,dime,3,pass,18,1,0,0
2022,18,CLE,PIT,19,4,25,55,-14,10,11,dime,4,pass,-7,0,0,0
2022,18,DAL,WAS,1,4,2,67,0,3410,heavy,base,,run,0,0,0,0
2022,18,DAL,WAS,3,4,17,82,-7,3287,,,,punt,0,0,0,0
2022,18,WAS,DAL,4,4,4,56,7,3231,,,,punt,0,0,0,1
2022,18,WAS,DAL,5,4,8,13,7,3099,,,,field_goal,0,0,0,0
2022,18,DAL,WAS,6,4,4,73,-7,2993,,,,punt,0,0,0,0
2022,18,DAL,WAS,9,4,5,70,-13,2487,,,,punt,0,0,0,0
2022,18,WAS,DAL,10,4,7,34,13,2257,,,,field_goal,0,0,0,0
2022,18,DAL,WAS,11,4,7,55,-13,2212,,,,punt,0,0,0,0
2022,18,WAS,DAL,12,4,3,62,13,1967,,,,punt,0,0,0,0
2022,18,DAL,WAS,13,4,1,17,-13,1832,11,nickel,8,run,2,1,0,0
2022,18,WAS,DAL,15,4,3,64,7,1679,,,,punt,0,0,0,0
2022,18,DAL,WAS,16,4,7,74,-7,1579,,,,punt,0,0,0,0
2022,18,WAS,DAL,17,4,6,47,7,1487,,,,punt,0,0,0,0
2022,18,DAL,WAS,18,4,9,79,-7,1438,,,,punt,0,0,0,0
2022,18,WAS,DAL,19,4,7,63,7,1298,,,,punt,0,0,0,0
2022,18,DAL,WAS,20,4,12,88,-7,1241,,,,punt,0,0,0,0
2022,18,DAL,WAS,22,4,10,72,-14,951,,,,punt,0,0,0,0
2022,18,WAS,DAL,23,4,6,11,14,863,,,,field_goal,0,0,0,0
2022,18,DAL,WAS,24,4,1,45,-17,648,11,nickel,8,run,0,0,0,0
2022,18,WAS,DAL,25,4,3,48,17,559,,,,punt,0,0,0,0
2022,18,DAL,WAS,26,4,10,91,-17,538,,,,punt,0,0,0,0
2022,18,WAS,DAL,27,4,2,4,17,322,,,,field_goal,0,0,0,0
2022,18,DAL,WAS,28,4,4,69,-20,262,,,,punt,0,0,0,0
2022,18,WAS,DAL,29,4,2,79,20,120,,,,punt,0,0,0,0
2022,18,GB,DET,1,4,4,4,0,3385,,,,field_goal,0,0,0,0
2022,18,DET,GB,2,4,6,71,-3,3338,,,,punt,0,0,0,0
2022,18,GB,DET,3,4,1,68,3,3215,11,nickel,8,run,-1,0,0,0
2022,18,DET,GB,4,4,9,19,-3,3124,,,,field_goal,0,0,0,0
2022,18,GB,DET,5,4,16,31,0,2819,,,,field_goal,0,0,0,0
2022,18,DET,GB,6,4,3,69,-3,2729,,,,punt,0,0,0,0
2022,18,GB,DET,7,4,11,30,3,2581,,,,field_goal,0,0,0,0
2022,18,DET,GB,8,4,6,27,-6,2176,,,,field_goal,0,0,0,0
2022,18,GB,DET,9,4,1,40,6,1959,11,nickel,7,run,2,1,0,0
2022,18,DET,GB,11,4,2,66,-3,1703,,,,punt,0,0,0,0
2022,18,GB,DET,12,4,7,34,3,1477,,,,field_goal,0,0,0,0
2022,18,DET,GB,15,4,5,63,-3,1048,,,,punt,0,0,0,0
2022,18,GB,DET,16,4,4,62,3,848,,,,punt,0,0,0,0
2022,18,DET,GB,17,4,2,25,-3,558,spread,nickel,5,pass,3,1,0,0
2022,18,DET,GB,19,4,1,15,4,75,11,base,7,pass,9,1,0,0
2022,18,HOU,IND,3,4,11,19,7,3284,,,,field_goal,0,0,0,0
2022,18,IND,HOU,4,4,1,19,-10,3117,11,nickel,7,run,5,1,0,0
2022,18,HOU,IND,5,4,7,45,3,2758,,,,punt,0,0,0,0
2022,18,IND,HOU,6,4,17,98,-3,2655,,,,punt,0,0,0,0
2022,18,IND,HOU,9,4,3,41,-10,2186,11,nickel,6,pass,27,1,0,0
2022,18,HOU,IND,10,4,15,43,10,1897,,,,punt,0,0,0,0
2022,18,IND,HOU,12,4,3,3,-10,1615,12,base,6,pass,0,0,0,0
2022,18,HOU,IND,13,4,10,85,10,1478,,,,punt,0,0,0,0
2022,18,IND,HOU,16,4,2,76,-10,1013,,,,punt,0,0,0,0
2022,18,HOU,IND,20,4,2,67,-4,547,,,,punt,0,0,0,0
2022,18,IND,HOU,21,4,7,36,4,217,,,,field_goal,0,0,0,0
2022,18,HOU,IND,22,4,12,48,-7,86,11,nickel,4,pass,30,1,0,0
2022,18,HOU,IND,22,4,20,28,-7,58,11,nickel,3,pass,28,1,1,0
2022,18,LV,KC,2,4,13,35,-7,3140,,,,field_goal,0,0,0,0
2022,18,KC,LV,3,4,2,42,4,2913,,,,punt,0,0,0,0
2022,18,LV,KC,6,4,2,2,-11,2171,11,nickel,8,pass,0,0,0,0
2022,18,LV,KC,10,4,11,20,-21,1320,,,,field_goal,0,0,0,0
2022,18,KC,LV,11,4,22,87,18,1220,,,,punt,0,0,0,0
2022,18,LV,KC,12,4,3,65,-18,1122,,,,punt,0,0,0,0
2022,18,KC,LV,13,4,2,65,18,913,,,,punt,0,0,0,0
2022,18,LV,KC,14,4,6,92,-18,854,,,,punt,0,0,0,0
2022,18,KC,LV,17,4,16,49,18,378,,,,punt,0,0,0,0
2022,18,LV,KC,18,4,21,57,-18,271,11,dime,4,pass,-9,0,0,0
2022,18,DEN,LAC,2,4,2,34,-7,3178,11,nickel,4,run,2,1,0,0
2022,18,LAC,DEN,3,4,4,69,0,2861,,,,punt,0,0,0,0
2022,18,DEN,LAC,4,4,7,84,0,2806,,,,punt,0,0,0,0
2022,18,DEN,LAC,6,4,14,79,-7,2298,,,,punt,0,0,0,0
2022,18,DEN,LAC,8,4,5,15,-7,1966,,,,field_goal,0,0,0,0
2022,18,LAC,DEN,9,4,7,60,4,1904,,,,punt,0,0,0,0
2022,18,DEN,LAC,10,4,5,75,-4,1878,,,,punt,0,0,0,0
2022,18,LAC,DEN,11,4,4,30,4,1831,,,,field_goal,0,0,0,0
2022,18,LAC,DEN,15,4,11,58,-7,1508,,,,punt,0,0,0,0
2022,18,LAC,DEN,17,4,5,18,-7,1306,,,,field_goal,0,0,0,0
2022,18,DEN,LAC,18,4,15,55,4,1174,,,,punt,0,0,0,0
2022,18,LAC,DEN,21,4,3,68,-11,555,,,,punt,0,0,0,1
2022,18,DEN,LAC,23,4,6,71,3,268,,,,punt,0,0,0,0
2022,18,LAC,DEN,24,4,14,64,-3,207,,,,punt,0,0,0,0
2022,18,LA,SEA,2,4,3,4,0,3511,,,,field_goal,0,0,0,0
2022,18,SEA,LA,3,4,15,19,-3,3133,,,,field_goal,0,0,0,0
2022,18,LA,SEA,4,4,12,77,0,3011,,,,punt,0,0,0,0
2022,18,SEA,LA,5,4,6,18,0,2720,,,,field_goal,0,0,0,0
2022,18,LA,SEA,6,4,3,27,-3,2522,,,,field_goal,0,0,0,0
2022,18,SEA,LA,7,4,11,76,0,2393,,,,punt,0,0,0,0
2022,18,LA,SEA,8,4,10,47,0,2168,,,,punt,0,0,0,0
2022,18,SEA,LA,9,4,2,61,0,2026,,,,punt,0,0,0,0
2022,18,SEA,LA,11,4,4,54,-7,1816,,,,punt,0,0,0,0
2022,18,LA,SEA,13,4,1,66,7,1677,12,base,8,run,4,1,0,0
2022,18,LA,SEA,13,4,14,66,7,1600,,,,punt,0,0,0,0
2022,18,LA,SEA,15,4,5,19,0,1157,,,,field_goal,0,0,0,0
2022,18,LA,SEA,17,4,10,44,3,863,,,,punt,0,0,0,0
2022,18,SEA,LA,18,4,7,80,-3,730,,,,punt,0,0,0,0
2022,18,LA,SEA,19,4,15,55,3,582,,,,punt,0,0,0,0
2022,18,SEA,LA,20,4,3,79,-3,527,,,,penalty,5,1,0,0
2022,18,SEA,LA,20,4,1,22,-3,272,spread,base,8,run,9,1,0,0
2022,18,SEA,LA,20,4,4,4,-3,143,,,,field_goal,0,0,0,0
2022,18,LA,SEA,21,4,2,67,0,68,,,,punt,0,0,0,0
2022,18,SEA,LA,23,4,7,72,0,566,,,,punt,0,0,0,0
2022,18,CHI,MIN,1,4,1,70,0,3458,,,,punt,0,0,0,0
2022,18,CHI,MIN,3,4,12,34,-6,3134,,,,punt,0,0,0,0
2022,18,CHI,MIN,5,4,7,40,-6,2753,11,dime,4,pass,6,0,0,0
2022,18,MIN,CHI,8,4,9,10,13,2102,,,,field_goal,0,0,0,0
2022,18,MIN,CHI,13,4,15,32,10,900,,,,field_goal,0,0,0,0
2022,18,CHI,MIN,14,4,15,62,-13,699,,,,punt,0,0,0,0
2022,18,CHI,MIN,16,4,12,41,-13,440,11,nickel,5,pass,0,0,0,0
2022,18,MIN,CHI,17,4,3,23,13,223,,,,field_goal,0,0,0,0
2022,18,CHI,MIN,18,4,10,76,-16,200,11,nickel,6,pass,0,0,0,1
2022,18,MIN,CHI,19,4,7,61,16,56,,,,punt,0,0,0,0
2022,18,NE,BUF,2,4,17,81,-7,3497,,,,punt,0,0,0,0
2022,18,BUF,NE,3,4,20,67,7,3337,,,,punt,0,0,0,0
2022,18,NE,BUF,6,4,7,72,-7,2576,,,,punt,0,0,0,0
2022,18,BUF,NE,7,4,10,53,7,2368,,,,punt,0,0,0,0
2022,18,NE,BUF,11,4,1,42,0,1555,11,nickel,5,pass,5,1,0,0
2022,18,NE,BUF,13,4,5,6,0,1329,,,,field_goal,0,0,0,0
2022,18,NE,BUF,15,4,7,47,-4,1185,,,,punt,0,0,0,0
2022,18,NE,BUF,17,4,1,36,-11,740,11,nickel,7,pass,10,1,0,0
2022,18,NE,BUF,19,4,10,75,-12,514,,,,punt,0,0,0,1
2022,18,BUF,NE,21,4,12,51,12,217,,,,punt,0,0,0,0
2022,18,NYG,PHI,1,4,3,67,0,3517,,,,punt,0,0,0,0
2022,18,PHI,NYG,2,4,8,14,0,3403,,,,field_goal,0,0,0,0
2022,18,NYG,PHI,3,4,9,74,-3,3355,,,,punt,0,0,0,0
2022,18,NYG,PHI,5,4,8,29,-10,2706,spread,base,,pass,-11,0,0,0
2022,18,PHI,NYG,6,4,2,52,10,2619,,,,punt,0,0,0,0
2022,18,NYG,PHI,7,4,5,81,-10,2525,,,,punt,0,0,0,0
2022,18,PHI,NYG,8,4,5,34,10,2427,,,,field_goal,0,0,0,0
2022,18,NYG,PHI,9,4,29,59,-13,2168,,,,punt,0,0,0,0
2022,18,PHI,NYG,10,4,21,21,13,1849,,,,field_goal,0,0,0,0
2022,18,NYG,PHI,11,4,15,68,-16,1813,,,,punt,0,0,0,0
2022,18,NYG,PHI,14,4,5,65,-16,1445,,,,punt,0,0,0,0
2022,18,PHI,NYG,15,4,3,36,16,1281,,,,field_goal,0,0,0,0
2022,18,NYG,PHI,16,4,6,6,-19,953,,,,field_goal,0,0,0,0
2022,18,PHI,NYG,17,4,5,70,16,900,,,,punt,0,0,0,0
2022,18,NYG,PHI,18,4,1,50,-16,817,12,nickel,6,pass,1,1,0,0
2022,18,PHI,NYG,19,4,4,4,10,204,,,,field_goal,0,0,0,0
2022,18,NYG,PHI,20,4,1,27,-13,120,12,nickel,7,run,2,1,0,0
2022,18,MIA,NYJ,1,4,5,44,0,3297,11,nickel,4,pass,0,0,0,0
2022,18,NYJ,MIA,2,4,13,42,0,3134,,,,punt,0,0,0,0
2022,18,MIA,NYJ,3,4,24,53,0,2789,,,,punt,0,0,0,0
2022,18,NYJ,MIA,4,4,1,79,0,2660,,,,punt,0,0,0,0
2022,18,MIA,NYJ,5,4,8,80,0,2561,,,,punt,0,0,0,0
2022,18,NYJ,MIA,6,4,9,37,0,2453,,,,field_goal,0,0,0,0
2022,18,MIA,NYJ,7,4,12,19,0,2122,,,,field_goal,0,0,0,0
2022,18,NYJ,MIA,8,4,9,14,-3,1898,,,,field_goal,0,0,0,0
2022,18,NYJ,MIA,10,4,1,66,0,1719,,,,punt,0,0,0,0
2022,18,MIA,NYJ,11,4,5,41,0,1443,11,nickel,6,run,8,1,0,0
2022,18,MIA,NYJ,11,4,16,19,0,1222,,,,field_goal,0,0,0,0
2022,18,NYJ,MIA,12,4,5,17,-3,723,,,,field_goal,0,0,0,0
2022,18,MIA,NYJ,13,4,6,42,0,552,,,,punt,0,0,0,0
2022,18,NYJ,MIA,14,4,11,51,0,397,,,,punt,0,0,0,0
2022,18,MIA,NYJ,15,4,9,73,0,299,,,,punt,0,0,0,0
2022,18,NYJ,MIA,16,4,12,74,0,195,,,,punt,0,0,0,0
2022,18,MIA,NYJ,17,4,3,32,0,23,,,,field_goal,0,0,0,0
2022,18,ATL,TB,2,4,20,85,-7,3208,,,,punt,0,0,0,0
2022,18,TB,ATL,3,4,6,51,7,3150,,,,punt,0,0,0,0
2022,18,ATL,TB,6,4,7,31,0,2759,,,,field_goal,0,0,0,0
2022,18,TB,ATL,7,4,1,14,-3,2326,11,nickel,7,run,1,0,0,0
2022,18,TB,ATL,7,4,10,23,-3,2299,,,,field_goal,0,0,0,0
2022,18,ATL,TB,8,4,2,72,0,2196,,,,punt,0,0,0,0
2022,18,TB,ATL,9,4,8,79,0,2097,,,,punt,0,0,0,0
2022,18,ATL,TB,12,4,4,69,-7,1858,,,,punt,0,0,0,0
2022,18,ATL,TB,14,4,6,6,-7,1531,,,,field_goal,0,0,0,0
2022,18,TB,ATL,15,4,1,66,4,1437,,,,punt,0,0,0,0
2022,18,ATL,TB,16,4,3,43,-4,1233,11,nickel,5,pass,11,1,0,0
2022,18,TB,ATL,17,4,8,73,-3,862,,,,punt,0,0,0,0
2022,18,TB,ATL,19,4,6,71,-10,438,,,,punt,0,0,0,0
2022,18,ATL,TB,20,4,4,41,10,297,11,base,6,pass,6,1,0,0
2022,18,ATL,TB,20,4,8,33,10,245,,,,field_goal,0,0,0,0
2022,18,TB,ATL,21,4,4,52,-13,152,11,nickel,6,pass,0,0,0,0
2022,18,ATL,TB,22,4,12,50,13,28,11,base,7,run,14,1,0,0
2022,18,TEN,JAX,1,4,4,69,0,3521,,,,punt,0,0,0,0
2022,18,JAX,TEN,2,4,5,70,0,3392,,,,punt,0,0,0,0
2022,18,TEN,JAX,3,4,3,48,0,3094,11,nickel,6,pass,7,1,0,0
2022,18,TEN,JAX,3,4,3,34,0,2939,12,base,6,pass,9,1,0,0
2022,18,TEN,JAX,3,4,18,33,0,2786,,,,field_goal,0,0,0,0
2022,18,TEN,JAX,7,4,6,21,3,1803,,,,field_goal,0,0,0,0
2022,18,JAX,TEN,8,4,7,8,-6,1514,,,,field_goal,0,0,0,0
2022,18,TEN,JAX,9,4,7,23,3,1267,,,,field_goal,0,0,0,0
2022,18,JAX,TEN,10,4,10,53,-6,1150,,,,punt,0,0,0,0
2022,18,JAX,TEN,12,4,3,18,-6,894,,,,field_goal,0,0,0,0
2022,18,TEN,JAX,13,4,12,76,3,761,,,,punt,0,0,0,0
2022,18,JAX,TEN,14,4,7,54,-3,703,,,,punt,0,0,0,0
2022,18,TEN,JAX,15,4,1,85,3,598,,,,punt,0,0,0,0
2022,18,JAX,TEN,16,4,10,66,-3,499,,,,punt,0,0,0,0
2022,18,TEN,JAX,18,4,13,53,-4,97,11,nickel,4,pass,9,0,0,0
2022,19,CIN,BAL,1,4,10,21,0,3206,,,,field_goal,0,0,0,0
2022,19,BAL,CIN,4,4,1,28,-9,2393,21,base,8,run,2,1,0,0
2022,19,BAL,CIN,6,4,4,4,-2,1810,,,,field_goal,0,0,0,0
2022,19,BAL,CIN,8,4,4,59,1,1637,,,,punt,0,0,0,0
2022,19,CIN,BAL,11,4,2,67,0,961,,,,punt,0,0,0,0
2022,19,BAL,CIN,13,4,9,74,-7,608,,,,punt,0,0,0,0
2022,19,CIN,BAL,14,4,3,68,7,535,,,,penalty,15,1,0,0
2022,19,CIN,BAL,14,4,19,62,7,449,,,,punt,0,0,0,0
2022,19,BAL,CIN,15,4,19,61,-7,283,,,,punt,0,0,0,0
2022,19,CIN,BAL,16,4,11,82,7,205,,,,punt,0,0,0,0
2022,19,BAL,CIN,17,4,1,37,-7,120,21,base,8,run,4,1,0,0
2022,19,BAL,CIN,17,4,20,27,-7,8,11,dime,4,pass,0,0,0,0
2022,19,DAL,TB,1,4,10,75,0,3587,,,,punt,0,0,0,0
2022,19,TB,DAL,2,4,12,67,0,3527,,,,punt,0,0,0,0
2022,19,DAL,TB,3,4,15,76,0,3392,,,,punt,0,0,0,0
2022,19,TB,DAL,4,4,5,54,0,3307,,,,punt,0,0,0,0
2022,19,DAL,TB,7,4,1,1,6,2178,heavy,,10,run,1,1,1,0
2022,19,TB,DAL,8,4,3,53,-12,2019,,,,punt,0,0,0,0
2022,19,TB,DAL,11,4,4,67,-18,1758,,,,punt,0,0,0,0
2022,19,TB,DAL,13,4,10,71,-24,1398,,,,punt,0,0,0,0
2022,19,DAL,TB,14,4,5,47,24,1097,,,,punt,0,0,0,0
2022,19,DAL,TB,16,4,4,18,18,618,11,nickel,6,pass,18,1,1,0
2022,19,TB,DAL,17,4,11,11,-25,385,11,nickel,6,pass,0,0,0,0
2022,19,DAL,TB,18,4,8,86,25,293,,,,punt,0,0,0,0
2022,19,TB,DAL,19,4,4,13,-25,149,11,nickel,6,pass,5,1,0,0
2022,19,TB,DAL,20,4,6,35,-17,72,11,nickel,6,pass,0,0,0,0
2022,19,JAX,LAC,3,4,7,33,-7,3311,11,nickel,5,pass,0,0,0,1
2022,19,LAC,JAX,4,4,4,4,7,3033,,,,field_goal,0,0,0,0
2022,19,JAX,LAC,5,4,9,74,-10,2984,,,,punt,0,0,0,0
2022,19,LAC,JAX,6,4,5,53,10,2890,,,,punt,0,0,0,0
2022,19,JAX,LAC,9,4,9,84,-17,2625,,,,punt,0,0,0,0
2022,19,LAC,JAX,12,4,2,60,24,2128,,,,punt,0,0,0,1
2022,19,LAC,JAX,13,4,5,5,24,2068,,,,field_goal,0,0,0,0
2022,19,JAX,LAC,14,4,2,64,-27,1998,,,,punt,0,0,0,0
2022,19,LAC,JAX,15,4,11,83,27,1920,,,,punt,0,0,0,0
2022,19,JAX,LAC,16,4,1,26,-27,1848,11,nickel,6,pass,12,1,0,0
2022,19,LAC,JAX,18,4,10,38,20,1655,,,,punt,0,0,0,0
2022,19,LAC,JAX,20,4,11,32,13,1082,,,,field_goal,0,0,0,0
2022,19,LAC,JAX,22,4,3,22,10,531,,,,field_goal,0,0,0,0
2022,19,LAC,JAX,24,4,5,70,2,201,,,,punt,0,0,0,0
2022,19,JAX,LAC,25,4,1,41,-2,88,heavy,base,10,run,25,1,0,0
2022,19,BUF,MIA,1,4,3,32,0,3420,11,base,8,pass,0,0,0,0
2022,19,MIA,BUF,2,4,8,66,0,3365,,,,punt,0,0,0,0
2022,19,MIA,BUF,6,4,15,65,-14,2871,,,,punt,0,0,0,0
2022,19,BUF,MIA,7,4,10,15,14,2569,,,,field_goal,0,0,0,0
2022,19,MIA,BUF,8,4,16,22,-17,2258,,,,field_goal,0,0,0,0
2022,19,MIA,BUF,10,4,8,46,-14,2069,11,nickel,5,pass,13,1,0,0
2022,19,MIA,BUF,10,4,7,30,-14,1940,,,,field_goal,0,0,0,0
2022,19,BUF,MIA,11,4,8,70,11,1908,,,,punt,0,0,0,0
2022,19,MIA,BUF,12,4,2,19,-11,1879,,,,field_goal,0,0,0,0
2022,19,MIA,BUF,17,4,9,74,-3,1757,,,,punt,0,0,0,0
2022,19,BUF,MIA,19,4,7,47,-4,1583,,,,punt,0,0,0,0
2022,19,MIA,BUF,20,4,6,76,4,1522,,,,punt,0,0,0,0
2022,19,BUF,MIA,21,4,12,70,-4,1432,,,,punt,0,0,0,0
2022,19,MIA,BUF,24,4,10,63,-3,1166,,,,punt,0,0,0,0
2022,19,BUF,MIA,27,4,13,78,3,604,,,,punt,0,0,0,0
2022,19,MIA,BUF,28,4,5,62,-3,511,,,,punt,0,0,0,0
2022,19,BUF,MIA,29,4,18,58,3,271,,,,punt,0,0,0,0
2022,19,MIA,BUF,30,4,5,56,-3,149,11,nickel,6,pass,0,0,0,0
2022,19,MIN,NYG,3,4,3,68,0,2898,,,,punt,0,0,0,0
2022,19,MIN,NYG,5,4,3,53,-7,2663,,,,punt,0,0,0,0
2022,19,NYG,MIN,6,4,6,6,7,2009,,,,field_goal,0,0,0,0
2022,19,NYG,MIN,11,4,12,67,3,1161,,,,punt,0,0,0,0
2022,19,MIN,NYG,12,4,2,43,-3,932,11,dime,5,pass,18,1,0,0
2022,19,MIN,NYG,12,4,5,20,-3,758,,,,field_goal,0,0,0,0
2022,19,NYG,MIN,13,4,1,7,0,518,21,nickel,7,run,2,1,0,0
2022,19,MIN,NYG,14,4,11,78,-7,383,,,,punt,0,0,0,0
2022,19,NYG,MIN,15,4,1,55,7,208,heavy,base,9,run,1,1,0,0
2022,19,NYG,MIN,15,4,15,59,7,183,,,,punt,0,0,0,0
2022,19,MIN,NYG,16,4,8,52,-7,111,11,dime,6,pass,3,0,0,0
2022,19,SEA,SF,1,4,12,82,0,3463,,,,punt,0,0,0,0
2022,19,SF,SEA,2,4,3,16,0,3316,,,,field_goal,0,0,0,0
2022,19,SEA,SF,3,4,3,55,-3,3189,,,,punt,0,0,0,0
2022,19,SF,SEA,6,4,12,15,3,2265,,,,field_goal,0,0,0,0
2022,19,SF,SEA,8,4,8,73,-1,2023,,,,punt,0,0,0,0
2022,19,SEA,SF,9,4,8,71,1,1875,,,,punt,0,0,0,0
2022,19,SF,SEA,10,4,10,28,-1,1817,,,,field_goal,0,0,0,0
2022,19,SEA,SF,15,4,12,68,-14,717,,,,punt,0,0,0,0
2022,19,SF,SEA,18,4,10,13,21,299,,,,field_goal,0,0,0,0
2022,19,SEA,SF,19,4,5,50,-24,196,11,base,6,pass,5,1,0,0
2022,19,SEA,SF,19,4,11,11,-24,120,11,base,8,penalty,8,1,0,0
2022,20,BUF,CIN,2,4,4,70,-7,3312,,,,punt,0,0,0,0
2022,20,BUF,CIN,4,4,5,70,-14,2842,,,,punt,0,0,0,0
2022,20,CIN,BUF,5,4,9,53,14,2713,,,,punt,0,0,0,0
2022,20,BUF,CIN,6,4,1,23,-14,2472,12,base,7,run,2,1,0,0
2022,20,CIN,BUF,7,4,10,10,7,1912,,,,field_goal,0,0,0,0
2022,20,BUF,CIN,8,4,10,41,-10,1847,,,,punt,0,0,0,0
2022,20,BUF,CIN,10,4,7,7,-10,1365,,,,field_goal,0,0,0,0
2022,20,BUF,CIN,12,4,2,80,-14,911,,,,punt,0,0,0,0
2022,20,CIN,BUF,13,4,2,2,14,685,,,,field_goal,0,0,0,0
2022,20,BUF,CIN,14,4,6,16,-17,452,11,dime,4,pass,0,0,0,0
2022,20,CIN,BUF,15,4,5,55,17,159,,,,punt,0,0,0,0
2022,20,SF,DAL,1,4,7,72,0,3490,,,,punt,0,0,0,0
2022,20,DAL,SF,2,4,7,60,0,3322,,,,punt,0,0,0,0
2022,20,SF,DAL,3,4,9,38,0,3129,,,,punt,0,0,0,0
2022,20,SF,DAL,5,4,8,8,0,2836,,,,field_goal,0,0,0,0
2022,20,DAL,SF,6,4,1,19,-3,2453,11,nickel,7,run,4,1,0,0
2022,20,SF,DAL,7,4,2,29,-3,2028,,,,field_goal,0,0,0,0
2022,20,DAL,SF,8,4,4,35,0,1920,11,nickel,6,run,9,1,0,0
2022,20,DAL,SF,10,4,5,52,-3,1611,,,,punt,0,0,0,1
2022,20,DAL,SF,11,4,7,7,-3,1451,,,,field_goal,0,0,0,0
2022,20,SF,DAL,12,4,9,46,0,1347,,,,punt,0,0,0,0
2022,20,DAL,SF,13,4,10,45,0,1265,,,,punt,0,0,0,0
2022,20,DAL,SF,15,4,8,25,-7,668,,,,field_goal,0,0,0,0
2022,20,SF,DAL,16,4,4,11,4,188,,,,field_goal,0,0,0,0
2022,20,DAL,SF,17,4,10,82,-7,131,,,,punt,0,0,0,0
2022,20,SF,DAL,18,4,15,49,7,51,,,,punt,0,0,0,0
2022,20,JAX,KC,1,4,4,69,0,3547,,,,punt,0,0,0,0
2022,20,KC,JAX,4,4,3,32,0,2653,,,,field_goal,0,0,0,0
2022,20,JAX,KC,5,4,19,39,-3,2408,,,,punt,0,0,0,0
2022,20,JAX,KC,7,4,2,23,-10,1831,,,,field_goal,0,0,0,0
2022,20,KC,JAX,9,4,10,62,7,1635,,,,punt,0,0,0,0
2022,20,JAX,KC,10,4,7,60,-7,1417,,,,punt,0,0,0,0
2022,20,KC,JAX,11,4,1,71,7,1276,,,,punt,0,0,0,0
2022,20,JAX,KC,12,4,12,78,-7,1055,,,,punt,0,0,0,0
2022,20,KC,JAX,13,4,8,32,7,912,,,,field_goal,0,0,0,0
2022,20,KC,JAX,17,4,1,88,10,270,,,,punt,0,0,0,0
2022,20,KC,JAX,19,4,5,64,10,76,,,,punt,0,0,0,0
2022,20,JAX,KC,20,4,5,30,-10,30,,,,field_goal,0,0,0,0
2022,20,NYG,PHI,2,4,8,40,-7,3046,11,nickel,6,pass,-8,0,0,0
2022,20,PHI,NYG,5,4,13,49,14,2687,,,,punt,0,0,0,0
2022,20,NYG,PHI,6,4,1,82,-14,2548,,,,punt,0,0,0,0
2022,20,NYG,PHI,8,4,11,76,-21,2155,,,,punt,0,0,0,0
2022,20,NYG,PHI,10,4,1,66,-28,1825,,,,punt,0,0,0,0
2022,20,NYG,PHI,12,4,6,70,-28,1744,,,,punt,0,0,0,0
2022,20,PHI,NYG,13,4,10,68,28,1648,,,,punt,0,0,0,0
2022,20,PHI,NYG,15,4,13,43,21,987,,,,punt,0,0,0,0
2022,20,NYG,PHI,16,4,6,58,-21,801,,,,punt,0,0,0,0
2022,20,PHI,NYG,17,4,9,12,21,320,,,,field_goal,0,0,0,0
2022,20,NYG,PHI,18,4,16,83,-24,258,11,nickel,4,pass,17,1,0,0
2022,20,NYG,PHI,18,4,8,64,-24,178,11,nickel,5,pass,0,0,0,0
2022,21,CIN,KC,1,4,18,77,0,3443,,,,punt,0,0,0,0
2022,21,KC,CIN,2,4,5,25,0,3234,,,,field_goal,0,0,0,0
2022,21,CIN,KC,3,4,24,76,-3,3087,,,,punt,0,0,0,0
2022,21,KC,CIN,4,4,6,6,3,2700,,,,field_goal,0,0,0,0
2022,21,CIN,KC,5,4,7,12,-6,2320,,,,field_goal,0,0,0,0
2022,21,KC,CIN,6,4,1,14,3,2039,heavy,base,7,pass,14,1,1,0
2022,21,KC,CIN,8,4,10,39,10,1930,,,,punt,0,0,0,0
2022,21,KC,CIN,10,4,8,77,7,1718,,,,punt,0,0,0,0
2022,21,CIN,KC,13,4,17,82,-7,1085,,,,punt,0,0,0,0
2022,21,CIN,KC,15,4,6,41,-7,900,11,dime,6,pass,35,1,0,0
2022,21,KC,CIN,16,4,9,60,0,566,,,,punt,0,0,0,0
2022,21,KC,CIN,18,4,8,37,0,156,,,,punt,0,0,0,0
2022,21,CIN,KC,19,4,15,72,0,41,,,,punt,0,0,0,0
2022,21,PHI,SF,1,4,3,35,0,3328,11,nickel,5,pass,29,1,0,0
2022,21,PHI,SF,3,4,4,50,7,2998,,,,punt,0,0,0,0
2022,21,SF,PHI,4,4,4,74,-7,2850,,,,punt,0,0,0,0
2022,21,PHI,SF,5,4,10,74,7,2715,,,,punt,0,0,0,0
2022,21,SF,PHI,6,4,20,44,-7,2587,,,,punt,0,0,0,0
2022,21,PHI,SF,7,4,14,98,7,2487,,,,punt,0,0,0,0
2022,21,PHI,SF,9,4,1,66,0,2199,12,base,8,run,2,1,0,0
2022,21,SF,PHI,13,4,10,56,-14,1609,,,,punt,0,0,0,0
2022,21,PHI,SF,14,4,7,80,14,1556,,,,punt,0,0,0,0
2022,21,SF,PHI,15,4,10,55,-14,1420,,,,punt,0,0,0,0
2022,21,PHI,SF,16,4,6,50,14,1145,,,,penalty,15,1,0,0
2022,21,SF,PHI,17,4,2,53,-21,658,11,nickel,6,run,-4,0,0,0
2022,21,PHI,SF,18,4,9,13,21,320,,,,field_goal,0,0,0,0
2022,21,SF,PHI,19,4,3,62,-24,253,21,base,6,run,-7,0,0,1
2022,21,PHI,SF,20,4,2,23,24,120,12,base,7,run,6,1,0,0
2022,22,PHI,KC,3,4,14,79,0,3000,,,,punt,0,0,0,0
2022,22,KC,PHI,4,4,3,24,0,2848,,,,field_goal,0,0,0,0
2022,22,KC,PHI,6,4,8,73,-7,2611,,,,punt,0,0,0,0
2022,22,PHI,KC,8,4,5,44,0,2128,11,nickel,5,run,28,1,0,0
2022,22,PHI,KC,8,4,2,8,0,1962,11,nickel,,penalty,4,1,0,0
2022,22,KC,PHI,9,4,12,66,-7,1893,,,,punt,0,0,0,0
2022,22,PHI,KC,12,4,1,21,3,1142,heavy,base,8,run,2,1,0,0
2022,22,PHI,KC,12,4,6,15,3,1008,,,,field_goal,0,0,0,0
2022,22,PHI,KC,14,4,3,68,-1,633,,,,punt,0,0,0,0
2022,22,KC,PHI,17,4,8,9,0,11,,,,field_goal,0,0,0,0
2023,1,WAS,ARI,1,4,7,49,0,3368,11,,,punt,0,0,0,0
2023,1,ARI,WAS,2,4,8,70,0,3165,,nickel,,punt,0,0,0,0
2023,1,ARI,WAS,4,4,9,11,-7,2756,,base,,field_goal,0,0,0,0
2023,1,ARI,WAS,6,4,9,36,-4,2611,,base,,field_goal,0,0,0,0
2023,1,ARI,WAS,8,4,11,85,-1,2184,,nickel,,punt,0,0,0,0
2023,1,WAS,ARI,9,4,18,45,1,2074,11,,,punt,0,0,0,0
2023,1,ARI,WAS,10,4,12,63,-1,1901,,nickel,,punt,0,0,0,0
2023,1,ARI,WAS,13,4,11,19,3,1512,,base,,field_goal,0,0,0,0
2023,1,WAS,ARI,14,4,32,75,-6,1235,11,,,punt,0,0,0,0
2023,1,ARI,WAS,15,4,8,61,6,1083,,nickel,,punt,0,0,0,0
2023,1,WAS,ARI,16,4,8,73,-6,999,11,,,punt,0,0,0,0
2023,1,ARI,WAS,19,4,12,77,-1,595,,nickel,,punt,0,0,0,0
2023,1,WAS,ARI,20,4,1,67,1,469,11,,,punt,0,0,0,0
2023,1,WAS,ARI,22,4,3,15,1,146,,,,field_goal,0,0,0,0
2023,1,ARI,WAS,23,4,10,63,-4,75,11,dime,6,pass,0,0,0,0
2023,1,WAS,ARI,24,4,15,41,4,7,11,,,punt,0,0,0,0
2023,1,BUF,NYJ,1,4,5,58,0,3457,11,base,,punt,0,0,0,0
2023,1,NYJ,BUF,2,4,7,54,0,3273,11,,,punt,0,0,0,0
2023,1,BUF,NYJ,3,4,2,22,0,2889,,base,,field_goal,0,0,0,0
2023,1,NYJ,BUF,4,4,21,68,-3,2700,11,,,punt,0,0,0,0
2023,1,NYJ,BUF,6,4,5,8,-3,2439,,base,,field_goal,0,0,0,0
2023,1,BUF,NYJ,9,4,6,16,7,1820,,base,,field_goal,0,0,0,0
2023,1,NYJ,BUF,11,4,13,25,-10,1443,,base,,field_goal,0,0,0,0
2023,1,NYJ,BUF,13,4,6,61,-7,1041,11,,,punt,0,0,0,0
2023,1,BUF,NYJ,14,4,2,77,7,942,11,base,,punt,0,0,0,0
2023,1,NYJ,BUF,15,4,4,69,-7,859,11,,,punt,0,0,0,0
2023,1,NYJ,BUF,19,4,1,18,0,170,12,nickel,9,run,2,1,0,0
2023,1,NYJ,BUF,19,4,6,12,0,111,,base,,field_goal,0,0,0,0
2023,1,BUF,NYJ,20,4,10,32,-3,6,,base,,field_goal,0,0,0,0
2023,1,BUF,NYJ,22,4,12,77,0,561,11,base,,punt,0,0,1,0
2023,1,ATL,CAR,1,4,16,81,0,3492,,base,,punt,0,0,0,0
2023,1,CAR,ATL,2,4,1,11,0,3074,11,nickel,7,run,-1,0,0,0
2023,1,ATL,CAR,3,4,15,52,0,2875,,base,,punt,0,0,0,0
2023,1,CAR,ATL,6,4,3,68,-7,2649,11,dime,,punt,0,0,0,0
2023,1,ATL,CAR,7,4,1,76,7,2555,,base,,punt,0,0,0,0
2023,1,ATL,CAR,9,4,15,70,0,1920,,base,,punt,0,0,0,0
2023,1,CAR,ATL,10,4,10,83,0,1894,12,dime,,punt,0,0,0,0
2023,1,CAR,ATL,12,4,2,25,0,1550,,base,,field_goal,0,0,0,0
2023,1,ATL,CAR,13,4,3,68,-3,1485,,base,,punt,0,0,0,0
2023,1,ATL,CAR,15,4,5,31,-3,1196,,base,,field_goal,0,0,0,0
2023,1,CAR,ATL,18,4,17,71,-7,667,12,nickel,,punt,0,0,0,0
2023,1,ATL,CAR,19,4,5,60,7,510,,base,,punt,0,0,0,0
2023,1,CAR,ATL,20,4,8,97,-7,442,12,nickel,,punt,0,0,0,0
2023,1,CAR,ATL,22,4,22,87,-14,241,12,nickel,,punt,0,0,0,0
2023,1,ATL,CAR,23,4,6,74,14,173,,base,,punt,0,0,0,0
2023,1,CAR,ATL,24,4,15,34,-14,22,11,nickel,5,run,4,0,0,0
2023,1,CIN,CLE,1,4,7,49,0,3432,21,nickel,,punt,0,0,0,0
2023,1,CLE,CIN,2,4,11,72,0,3220,,base,,punt,0,0,0,0
2023,1,CIN,CLE,3,4,6,82,0,3130,21,nickel,,punt,0,0,0,0
2023,1,CIN,CLE,5,4,1,78,0,2837,21,base,,punt,0,0,0,0
2023,1,CLE,CIN,6,4,10,24,0,2659,,base,,field_goal,0,0,0,0
2023,1,CIN,CLE,7,4,8,81,-3,2604,21,nickel,,punt,0,0,0,0
2023,1,CLE,CIN,8,4,11,57,3,2526,,base,,punt,0,0,0,0
2023,1,CIN,CLE,9,4,3,38,-3,2327,21,base,,punt,0,0,0,0
2023,1,CLE,CIN,10,4,6,65,3,2155,,base,,punt,0,0,0,0
2023,1,CIN,CLE,11,4,1,86,-3,2052,21,nickel,,punt,0,0,0,0
2023,1,CLE,CIN,12,4,9,54,3,1934,,base,,punt,0,0,0,0
2023,1,CIN,CLE,13,4,8,77,-3,1903,21,nickel,,punt,0,0,0,0
2023,1,CLE,CIN,16,4,11,76,10,1716,,base,,punt,0,0,0,0
2023,1,CIN,CLE,17,4,2,24,-10,1608,,base,,field_goal,0,0,0,0
2023,1,CIN,CLE,19,4,4,33,-7,1317,,base,,field_goal,0,0,0,0
2023,1,CLE,CIN,20,4,5,16,7,1045,,base,,field_goal,0,0,0,0
2023,1,CIN,CLE,21,4,5,58,-10,900,21,,,punt,0,0,0,0
2023,1,CLE,CIN,22,4,3,25,10,693,,base,,field_goal,0,0,0,0
2023,1,CIN,CLE,23,4,4,69,-13,632,,nickel,6,pass,-13,0,0,0
2023,1,CIN,CLE,25,4,5,70,-21,468,21,,,punt,0,0,0,0
2023,1,CLE,CIN,26,4,8,75,21,324,,base,,punt,0,0,0,0
2023,1,CIN,CLE,27,4,8,60,-21,228,21,,,punt,0,0,0,0
2023,1,CLE,CIN,28,4,15,71,21,32,,base,,punt,0,0,0,0
2023,1,NYG,DAL,1,4,21,27,0,3194,,base,,field_goal,0,0,1,0
2023,1,NYG,DAL,2,4,20,85,-6,3138,heavy,nickel,,punt,0,0,0,0
2023,1,DAL,NYG,3,4,2,2,6,2904,,,,field_goal,0,0,0,0
2023,1,NYG,DAL,5,4,7,72,-16,2732,heavy,nickel,,punt,0,0,0,0
2023,1,DAL,NYG,6,4,3,38,16,2622,11,dime,4,pass,6,1,0,0
2023,1,DAL,NYG,6,4,8,20,16,2460,,,,field_goal,0,0,0,0
2023,1,NYG,DAL,9,4,5,48,-26,2071,12,dime,7,pass,22,1,0,0
2023,1,NYG,DAL,9,4,14,18,-26,1870,,base,,field_goal,0,0,0,0
2023,1,DAL,NYG,10,4,6,70,26,1852,12,base,,punt,0,0,0,0
2023,1,NYG,DAL,13,4,3,68,-33,1383,11,nickel,5,pass,5,1,0,0
2023,1,NYG,DAL,13,4,15,68,-33,1228,heavy,nickel,,punt,0,0,0,0
2023,1,DAL,NYG,14,4,10,56,33,1077,12,nickel,,punt,0,0,0,0
2023,1,NYG,DAL,15,4,1,53,-33,975,12,dime,8,run,1,1,0,0
2023,1,NYG,DAL,15,4,8,50,-33,902,11,dime,6,pass,0,0,0,0
2023,1,DAL,NYG,18,4,8,61,40,554,12,nickel,,punt,0,0,0,0
2023,1,NYG,DAL,19,4,14,62,-40,196,11,dime,6,pass,0,0,0,0
2023,1,DAL,NYG,20,4,4,32,40,74,heavy,base,7,pass,0,0,0,0
2023,1,DET,KC,1,4,3,68,0,3561,11,base,,punt,0,0,0,0
2023,1,KC,DET,2,4,3,62,0,3358,,base,,punt,0,0,0,0
2023,1,DET,KC,3,4,2,83,0,3267,11,base,8,run,3,1,0,0
2023,1,KC,DET,6,4,5,88,0,2034,,base,,punt,0,0,0,0
2023,1,DET,KC,7,4,8,57,0,1933,11,base,,punt,0,0,0,0
2023,1,DET,KC,9,4,10,58,-7,1803,heavy,dime,4,pass,0,0,0,0
2023,1,KC,DET,10,4,8,61,7,1681,,base,,punt,0,0,0,0
2023,1,DET,KC,11,4,6,89,-7,1612,11,base,,punt,0,0,0,0
2023,1,KC,DET,13,4,4,59,0,1428,,base,,punt,0,0,0,0
2023,1,DET,KC,14,4,3,40,0,1256,11,,,punt,0,0,0,0
2023,1,KC,DET,15,4,2,17,0,1034,,base,,field_goal,0,0,0,0
2023,1,DET,KC,16,4,2,67,-3,977,11,,,punt,0,0,0,0
2023,1,KC,DET,17,4,2,21,3,736,,,,field_goal,0,0,0,0
2023,1,KC,DET,19,4,4,69,-1,316,,base,,punt,0,0,0,0
2023,1,DET,KC,20,4,2,45,1,153,11,dime,4,pass,0,0,0,0
2023,1,KC,DET,21,4,25,70,-1,129,11,nickel,3,pass,0,0,0,0
2023,1,CHI,GB,1,4,1,60,0,3399,11,nickel,7,run,0,0,0,0
2023,1,CHI,GB,3,4,7,28,-7,2828,,base,,field_goal,0,0,0,0
2023,1,GB,CHI,4,4,6,71,4,2742,11,base,,punt,0,0,0,0
2023,1,CHI,GB,5,4,11,11,-4,2344,,base,,field_goal,0,0,0,0
2023,1,GB,CHI,6,4,2,68,1,2246,11,base,,punt,0,0,0,0
2023,1,CHI,GB,7,4,10,80,-1,2138,11,nickel,,punt,0,0,0,0
2023,1,GB,CHI,8,4,9,48,1,1939,11,base,,punt,0,0,0,0
2023,1,CHI,GB,9,4,9,80,-1,1883,11,nickel,,punt,0,0,0,0
2023,1,CHI,GB,12,4,12,77,-11,1400,11,nickel,,punt,0,0,0,0
2023,1,GB,CHI,13,4,3,35,11,1294,11,nickel,5,pass,35,1,1,0
2023,1,GB,CHI,15,4,8,41,18,1111,11,base,,punt,0,0,0,0
2023,1,CHI,GB,19,4,14,61,-24,621,11,nickel,,punt,0,0,0,0
2023,1,GB,CHI,20,4,13,79,24,388,11,base,,punt,0,0,0,0
2023,1,CHI,GB,21,4,5,18,-24,245,11,nickel,4,pass,6,1,0,0
2023,1,GB,CHI,22,4,6,30,18,70,12,base,8,run,5,0,0,0
2023,1,BAL,HOU,1,4,9,91,0,3480,11,nickel,,punt,0,0,0,0
2023,1,HOU,BAL,2,4,1,53,0,3359,11,nickel,7,pass,-11,0,0,0
2023,1,HOU,BAL,4,4,6,81,0,3035,,base,,punt,0,0,0,0
2023,1,HOU,BAL,6,4,8,73,-7,2700,,base,,punt,0,0,0,0
2023,1,BAL,HOU,7,4,24,56,7,2579,,nickel,,punt,0,0,0,0
2023,1,HOU,BAL,8,4,6,17,-7,2041,,base,,field_goal,0,0,0,0
2023,1,BAL,HOU,9,4,14,61,4,1921,,nickel,,punt,0,0,0,0
2023,1,HOU,BAL,10,4,3,20,-4,1805,,base,,field_goal,0,0,0,0
2023,1,HOU,BAL,11,4,12,77,-1,1730,,base,,punt,0,0,0,0
2023,1,HOU,BAL,13,4,1,58,-9,1360,12,base,8,run,0,0,0,0
2023,1,HOU,BAL,15,4,16,48,-16,1004,,,,punt,0,0,0,0
2023,1,HOU,BAL,17,4,18,18,-16,831,,base,,field_goal,0,0,0,0
2023,1,BAL,HOU,18,4,16,63,13,621,,base,,punt,0,0,0,0
2023,1,BAL,HOU,20,4,21,21,13,254,,base,,field_goal,0,0,0,0
2023,1,HOU,BAL,21,4,13,48,-16,124,11,nickel,7,pass,0,0,0,0
2023,1,BAL,HOU,22,4,8,50,16,64,,nickel,,punt,0,0,0,0
2023,1,HOU,BAL,23,4,3,69,-16,8,11,nickel,6,pass,12,1,0,0
2023,1,IND,JAX,1,4,10,75,0,3521,,base,,punt,0,0,0,0
2023,1,JAX,IND,2,4,4,57,0,3472,11,nickel,,punt,0,0,0,0
2023,1,IND,JAX,3,4,1,85,0,3332,,base,,punt,0,0,0,0
2023,1,IND,JAX,7,4,1,16,0,2518,11,nickel,9,run,0,0,0,0
2023,1,JAX,IND,8,4,6,80,0,2426,11,nickel,,punt,0,0,0,0
2023,1,IND,JAX,9,4,4,42,0,2335,11,nickel,4,pass,0,0,0,0
2023,1,JAX,IND,12,4,9,43,7,1869,11,base,,punt,0,0,0,0
2023,1,JAX,IND,14,4,11,85,7,1751,11,nickel,,punt,0,0,0,0
2023,1,JAX,IND,16,4,3,27,0,1415,,base,,field_goal,0,0,0,0
2023,1,IND,JAX,17,4,14,79,-3,1297,,base,,punt,0,0,0,0
2023,1,JAX,IND,18,4,1,49,3,1169,heavy,base,6,pass,0,0,0,0
2023,1,IND,JAX,19,4,1,42,-3,1099,12,base,8,run,-2,0,0,1
2023,1,JAX,IND,21,4,3,68,-4,969,11,base,,punt,0,0,0,0
2023,1,IND,JAX,22,4,13,76,4,896,,base,,punt,0,0,0,0
2023,1,JAX,IND,23,4,1,48,-4,781,12,base,7,run,0,0,0,0
2023,1,IND,JAX,24,4,8,50,4,663,,base,,punt,0,0,0,0
2023,1,JAX,IND,25,4,2,15,-4,446,11,nickel,5,pass,4,1,0,0
2023,1,IND,JAX,28,4,5,8,-10,88,11,nickel,5,run,5,1,0,0
2023,1,IND,JAX,28,4,1,1,-10,52,11,base,7,pass,0,0,0,0
2023,1,SEA,LA,1,4,16,18,0,3296,,base,,field_goal,0,0,0,0
2023,1,LA,SEA,4,4,16,76,-3,2235,11,,,punt,0,0,0,0
2023,1,SEA,LA,5,4,4,23,3,2062,,base,,field_goal,0,0,0,0
2023,1,LA,SEA,6,4,7,38,-6,1914,,,,field_goal,0,0,0,0
2023,1,SEA,LA,7,4,6,21,6,1836,,base,,field_goal,0,0,0,0
2023,1,SEA,LA,10,4,5,65,-1,1384,,base,,punt,0,0,0,0
2023,1,LA,SEA,11,4,6,20,1,1063,,,,field_goal,0,0,0,0
2023,1,SEA,LA,12,4,4,65,-4,972,,base,,punt,0,0,0,0
2023,1,LA,SEA,13,4,1,1,4,589,11,base,8,run,1,1,1,0
2023,1,SEA,LA,14,4,8,73,-11,559,,base,,punt,0,0,0,0
2023,1,LA,SEA,15,4,5,35,11,302,,,,field_goal,0,0,0,0
2023,1,SEA,LA,16,4,34,89,-14,207,,base,,punt,0,0,0,0
2023,1,LA,SEA,17,4,6,26,14,15,,,,field_goal,0,0,0,0
2023,1,LV,DEN,1,4,1,35,0,3474,11,base,7,pass,13,1,0,0
2023,1,LV,DEN,3,4,5,5,1,2457,,base,,field_goal,0,0,0,0
2023,1,DEN,LV,4,4,1,55,-4,2310,12,nickel,,penalty,5,1,0,0
2023,1,DEN,LV,4,4,24,48,-4,2097,,base,,punt,0,0,0,0
2023,1,LV,DEN,5,4,1,74,4,1958,21,base,,punt,0,0,0,0
2023,1,DEN,LV,8,4,3,37,3,1476,,,,field_goal,0,0,0,0
2023,1,DEN,LV,10,4,14,57,3,821,,base,,penalty,15,1,0,0
2023,1,DEN,LV,10,4,5,5,3,537,,,,field_goal,0,0,0,0
2023,1,DEN,LV,12,4,3,68,-1,314,,base,,punt,0,0,0,0
2023,1,LAC,MIA,4,4,7,72,0,2694,12,base,,punt,0,0,0,0
2023,1,MIA,LAC,5,4,5,5,0,2506,,,,field_goal,0,0,0,0
2023,1,MIA,LAC,7,4,2,67,-4,2296,11,base,,punt,0,0,0,0
2023,1,LAC,MIA,8,4,4,62,4,2204,12,base,,punt,0,0,0,0
2023,1,MIA,LAC,9,4,7,42,-4,1989,11,nickel,6,pass,10,1,0,0
2023,1,LAC,MIA,10,4,8,32,-3,1814,,base,,field_goal,0,0,0,0
2023,1,LAC,MIA,14,4,13,99,4,1045,12,base,,punt,0,0,0,0
2023,1,MIA,LAC,17,4,7,27,-4,607,,,,field_goal,0,0,0,0
2023,1,LAC,MIA,18,4,5,7,1,237,,base,,field_goal,0,0,0,0
2023,1,LAC,MIA,20,4,12,67,-2,61,11,dime,4,pass,-9,0,0,0
2023,1,PHI,NE,1,4,14,14,0,3166,,base,,field_goal,0,0,0,0
2023,1,NE,PHI,5,4,9,55,-16,2816,,base,,punt,0,0,0,0
2023,1,PHI,NE,6,4,8,82,16,2700,,dime,,punt,0,0,0,0
2023,1,NE,PHI,7,4,7,44,-16,2609,,,,punt,0,0,0,0
2023,1,PHI,NE,8,4,7,89,16,2518,,dime,,punt,0,0,0,0
2023,1,NE,PHI,9,4,5,52,-16,2442,,base,,punt,0,0,0,0
2023,1,PHI,NE,10,4,7,83,16,2370,,dime,,punt,0,0,0,0
2023,1,PHI,NE,12,4,19,84,9,1959,,dime,,punt,0,0,0,0
2023,1,NE,PHI,15,4,4,69,-2,1738,,base,,punt,0,0,0,0
2023,1,PHI,NE,16,4,17,38,2,1432,,base,,field_goal,0,0,0,0
2023,1,NE,PHI,17,4,25,43,-5,1071,,base,,punt,0,0,0,0
2023,1,PHI,NE,18,4,7,30,5,806,,base,,field_goal,0,0,0,0
2023,1,NE,PHI,19,4,8,36,-8,704,12,nickel,6,pass,12,1,0,0
2023,1,NE,PHI,19,4,3,17,-8,579,11,nickel,6,pass,0,0,0,0
2023,1,PHI,NE,20,4,3,33,8,338,,base,,field_goal,0,0,0,0
2023,1,NE,PHI,23,4,17,48,-5,144,11,nickel,4,pass,0,0,0,0
2023,1,PHI,NE,24,4,2,44,5,120,11,nickel,6,pass,0,0,0,0
2023,1,NE,PHI,25,4,11,20,-5,29,11,nickel,6,pass,0,0,0,0
2023,1,PIT,SF,1,4,15,80,0,3502,,base,,punt,0,0,0,0
2023,1,SF,PIT,2,4,1,45,0,3394,11,base,7,pass,11,1,0,0
2023,1,SF,PIT,4,4,7,23,7,2981,,base,,field_goal,0,0,0,0
2023,1,PIT,SF,5,4,13,71,-10,2896,,base,,punt,0,0,0,0
2023,1,PIT,SF,7,4,20,85,-17,2550,,base,,punt,0,0,0,0
2023,1,SF,PIT,8,4,7,13,17,2306,,base,,field_goal,0,0,0,0
2023,1,PIT,SF,9,4,6,60,-20,2220,,base,,punt,0,0,0,0
2023,1,SF,PIT,10,4,15,42,20,1903,12,nickel,,punt,0,0,0,0
2023,1,PIT,SF,11,4,3,16,-20,1839,11,nickel,6,pass,5,1,0,0
2023,1,PIT,SF,14,4,6,45,-20,1627,,,,punt,0,0,0,0
2023,1,SF,PIT,15,4,20,60,20,1325,12,nickel,,punt,0,0,0,0
2023,1,PIT,SF,16,4,4,88,-20,1254,,base,,punt,0,0,0,0
2023,1,PIT,SF,18,4,4,8,-20,1026,11,nickel,7,pass,0,0,0,0
2023,1,SF,PIT,19,4,2,45,20,772,12,base,,punt,0,0,0,0
2023,1,SF,PIT,21,4,8,22,20,334,,base,,field_goal,0,0,0,0
2023,1,PIT,SF,22,4,5,25,-23,81,11,nickel,7,pass,-7,0,0,0
2023,1,MIN,TB,1,4,7,72,0,3563,,base,,punt,0,0,0,0
2023,1,TB,MIN,2,4,8,65,0,3525,21,base,,punt,0,0,0,0
2023,1,TB,MIN,4,4,6,61,0,3083,21,nickel,,punt,0,0,0,0
2023,1,TB,MIN,6,4,10,18,0,2907,,base,,field_goal,0,0,0,0
2023,1,MIN,TB,7,4,2,75,-3,2774,,,,punt,0,0,0,0
2023,1,TB,MIN,8,4,3,83,3,2661,21,nickel,,punt,0,0,0,0
2023,1,TB,MIN,10,4,9,81,-4,2376,21,nickel,,punt,0,0,0,0
2023,1,MIN,TB,11,4,7,7,4,2143,,base,,field_goal,0,0,0,0
2023,1,TB,MIN,12,4,5,70,-7,2104,21,nickel,,punt,0,0,0,0
2023,1,MIN,TB,13,4,1,77,7,1966,,base,,punt,0,0,0,0
2023,1,TB,MIN,17,4,2,13,0,1307,,base,,penalty,5,1,0,0
2023,1,TB,MIN,19,4,5,60,0,681,21,nickel,,punt,0,0,0,0
2023,1,MIN,TB,20,4,7,77,0,603,,base,,punt,0,0,0,0
2023,1,TB,MIN,21,4,1,68,0,498,12,base,6,run,1,1,0,0
2023,1,TB,MIN,21,4,3,39,0,315,,base,,field_goal,0,0,0,0
2023,1,MIN,TB,22,4,7,72,-3,243,,base,,punt,0,0,0,0
2023,1,TEN,NO,2,4,18,32,0,3525,,,,field_goal,0,0,0,0
2023,1,NO,TEN,3,4,7,8,-3,3321,,base,,field_goal,0,0,0,0
2023,1,TEN,NO,4,4,4,9,0,2890,,,,field_goal,0,0,0,0
2023,1,NO,TEN,5,4,12,74,-3,2790,,base,,punt,0,0,0,0
2023,1,TEN,NO,6,4,8,75,3,2701,11,base,,punt,0,0,0,0
2023,1,NO,TEN,7,4,5,64,-3,2514,,base,,punt,0,0,0,0
2023,1,TEN,NO,8,4,6,73,3,2401,11,base,,punt,0,0,0,0
2023,1,NO,TEN,9,4,10,14,-3,2260,,base,,field_goal,0,0,0,0
2023,1,NO,TEN,11,4,18,67,0,2081,,base,,punt,0,0,0,0
2023,1,TEN,NO,12,4,10,13,0,1903,,,,field_goal,0,0,0,0
2023,1,NO,TEN,16,4,2,34,-3,1470,,base,,field_goal,0,0,0,0
2023,1,TEN,NO,17,4,15,66,0,1347,11,base,,punt,0,0,0,0
2023,1,NO,TEN,18,4,7,56,0,1186,,base,,punt,0,0,0,0
2023,1,TEN,NO,21,4,9,27,-7,676,,,,field_goal,0,0,0,0
2023,1,NO,TEN,22,4,9,57,4,411,,base,,punt,0,0,0,0
2023,1,TEN,NO,23,4,6,11,-4,140,,,,field_goal,0,0,0,0
2023,2,CIN,BAL,2,4,8,73,-7,3022,12,base,,punt,0,0,0,0
2023,2,BAL,CIN,3,4,10,41,7,2903,,base,,field_goal,0,0,0,0
2023,2,CIN,BAL,4,4,8,49,-7,2778,12,base,,punt,0,0,0,0
2023,2,BAL,CIN,5,4,5,73,7,2611,,base,,punt,0,0,1,0
2023,2,BAL,CIN,6,4,2,26,0,2359,,base,,field_goal,0,0,0,0
2023,2,CIN,BAL,7,4,5,9,-3,1985,,base,,field_goal,0,0,0,0
2023,2,BAL,CIN,8,4,19,22,0,1805,,base,,field_goal,0,0,0,0
2023,2,CIN,BAL,13,4,5,70,-10,590,12,base,,punt,0,0,0,0
2023,2,BAL,CIN,14,4,4,63,10,467,,base,,punt,0,0,0,0
2023,2,CIN,BAL,15,4,4,45,-10,339,11,nickel,6,pass,9,1,0,0
2023,2,TB,CHI,1,4,5,8,0,3246,,base,,field_goal,0,0,0,0
2023,2,TB,CHI,3,4,6,22,-4,2696,,base,,field_goal,0,0,0,0
2023,2,CHI,TB,4,4,24,64,4,2606,11,base,,punt,0,0,0,0
2023,2,CHI,TB,6,4,8,73,-3,2369,11,base,,punt,0,0,0,0
2023,2,TB,CHI,7,4,1,72,3,2217,11,base,,punt,0,0,0,0
2023,2,CHI,TB,8,4,20,34,-3,1920,,base,,field_goal,0,0,0,0
2023,2,CHI,TB,10,4,15,68,-3,1602,11,base,,punt,0,0,0,0
2023,2,TB,CHI,11,4,1,32,3,1280,11,nickel,6,run,4,1,0,0
2023,2,CHI,TB,12,4,10,54,-10,941,11,base,,punt,0,0,0,0
2023,2,TB,CHI,13,4,1,71,10,822,,base,,punt,0,0,0,0
2023,2,CHI,TB,14,4,10,84,-10,759,11,base,,punt,0,0,0,0
2023,2,TB,CHI,15,4,3,58,10,618,,base,,punt,0,0,0,0
2023,2,TB,CHI,17,4,7,43,3,158,,base,,punt,0,0,0,0
2023,2,CLE,PIT,2,4,8,25,-7,3230,,base,,field_goal,0,0,0,0
2023,2,CLE,PIT,4,4,16,25,-4,3102,,base,,field_goal,0,0,0,0
2023,2,PIT,CLE,5,4,3,60,4,2965,,base,,punt,0,0,0,0
2023,2,CLE,PIT,6,4,1,43,-4,2725,12,base,8,run,1,0,0,1
2023,2,PIT,CLE,9,4,12,40,-4,2487,,base,,punt,0,0,0,0
2023,2,CLE,PIT,10,4,12,93,4,2444,,nickel,,punt,0,0,0,0
2023,2,PIT,CLE,11,4,5,34,-4,2354,,base,,field_goal,0,0,0,0
2023,2,CLE,PIT,12,4,7,72,1,2268,,nickel,,punt,0,0,0,0
2023,2,CLE,PIT,14,4,11,76,-5,2116,,nickel,,punt,0,0,0,0
2023,2,PIT,CLE,15,4,10,41,5,1972,,base,,punt,0,0,0,0
2023,2,CLE,PIT,16,4,14,37,-5,1827,,base,,field_goal,0,0,0,0
2023,2,PIT,CLE,18,4,2,31,2,1611,,base,,field_goal,0,0,0,0
2023,2,PIT,CLE,20,4,6,48,-3,1360,,base,,punt,0,0,0,0
2023,2,CLE,PIT,21,4,11,52,3,1148,,nickel,,punt,0,0,0,0
2023,2,PIT,CLE,22,4,9,41,-3,979,,base,,punt,0,0,0,0
2023,2,PIT,CLE,24,4,21,67,-3,554,,base,,punt,0,0,0,0
2023,2,CLE,PIT,26,4,13,67,-4,284,,nickel,,punt,0,0,0,0
2023,2,PIT,CLE,27,4,4,69,4,182,,base,,punt,0,0,0,0
2023,2,CLE,PIT,28,4,9,49,-4,65,11,dime,6,pass,0,0,0,0
2023,2,GB,ATL,1,4,17,38,0,3542,11,nickel,,punt,0,0,0,0
2023,2,GB,ATL,3,4,22,72,0,3341,11,nickel,,punt,0,0,0,0
2023,2,ATL,GB,4,4,6,6,0,2933,,base,,field_goal,0,0,0,0
2023,2,ATL,GB,6,4,4,41,-4,2334,heavy,nickel,5,pass,0,0,0,0
2023,2,GB,ATL,7,4,6,15,4,1990,,base,,field_goal,0,0,0,0
2023,2,ATL,GB,8,4,1,26,-7,1830,12,base,7,run,13,1,0,0
2023,2,ATL,GB,10,4,15,80,-1,1777,,base,,punt,0,0,0,0
2023,2,ATL,GB,12,4,13,15,-8,1092,,base,,field_goal,0,0,0,0
2023,2,ATL,GB,14,4,4,6,-12,714,heavy,base,8,run,6,1,1,0
2023,2,GB,ATL,15,4,8,73,5,663,11,nickel,,punt,0,0,0,0
2023,2,ATL,GB,16,4,7,21,-5,493,,,,field_goal,0,0,0,0
2023,2,GB,ATL,17,4,5,70,2,378,11,nickel,,punt,0,0,0,0
2023,2,ATL,GB,18,4,1,23,-2,128,12,base,7,run,7,1,0,0
2023,2,ATL,GB,18,4,1,7,-2,61,,base,,field_goal,0,0,0,0
2023,2,GB,ATL,19,4,10,75,-1,42,11,dime,5,pass,0,0,0,0
2023,2,HOU,IND,4,4,1,14,-14,3004,11,nickel,6,run,2,1,0,0
2023,2,IND,HOU,5,4,7,72,7,2839,,base,,punt,0,0,0,0
2023,2,HOU,IND,6,4,16,72,-7,2746,,nickel,,punt,0,0,0,0
2023,2,IND,HOU,7,4,14,72,7,2643,,base,,punt,0,0,0,0
2023,2,HOU,IND,8,4,8,60,-7,2572,,nickel,,punt,0,0,0,0
2023,2,HOU,IND,10,4,5,11,-14,2068,,base,,field_goal,0,0,0,0
2023,2,HOU,IND,13,4,1,49,-18,1598,11,nickel,7,penalty,5,1,0,0
2023,2,HOU,IND,13,4,17,51,-18,1457,,nickel,,punt,0,0,0,0
2023,2,IND,HOU,14,4,1,24,18,1254,,base,,field_goal,0,0,0,0
2023,2,HOU,IND,15,4,18,18,-21,808,,base,,field_goal,0,0,0,0
2023,2,IND,HOU,16,4,2,67,18,700,,base,,punt,0,0,0,0
2023,2,IND,HOU,18,4,1,53,11,367,,base,,punt,0,0,0,0
2023,2,HOU,IND,19,4,3,81,-11,284,11,nickel,6,pass,10,1,0,0
2023,2,HOU,IND,19,4,18,33,-11,164,,base,,field_goal,0,0,0,0
2023,2,IND,HOU,20,4,3,52,11,74,,base,,punt,0,0,0,0
2023,2,JAX,KC,1,4,10,46,0,3359,11,,,punt,0,0,0,0
2023,2,KC,JAX,2,4,1,81,0,3264,,,,punt,0,0,0,0
2023,2,JAX,KC,3,4,5,64,0,3238,11,base,,punt,0,0,0,0
2023,2,KC,JAX,4,4,9,37,0,2964,,base,,punt,0,0,0,0
2023,2,JAX,KC,5,4,1,66,0,2700,11,,,punt,0,0,0,1
2023,2,JAX,KC,6,4,7,14,0,2583,,base,,field_goal,0,0,0,0
2023,2,JAX,KC,10,4,5,45,3,2050,11,dime,5,pass,-5,0,0,0
2023,2,KC,JAX,11,4,2,42,-3,1920,11,nickel,6,pass,10,1,0,0
2023,2,JAX,KC,14,4,10,62,-8,1417,11,base,,punt,0,0,0,0
2023,2,KC,JAX,15,4,11,78,8,1196,,base,,punt,0,0,0,0
2023,2,JAX,KC,16,4,14,69,-8,1133,11,base,,punt,0,0,0,0
2023,2,KC,JAX,17,4,16,83,8,1032,,base,,punt,0,0,0,0
2023,2,JAX,KC,18,4,4,4,-8,828,,base,,field_goal,0,0,0,0
2023,2,KC,JAX,19,4,1,30,5,624,11,nickel,7,run,2,1,0,0
2023,2,KC,JAX,19,4,20,20,5,495,,base,,field_goal,0,0,0,0
2023,2,JAX,KC,20,4,12,16,-8,263,11,dime,4,pass,0,0,0,0
2023,2,LAC,TEN,1,4,10,75,0,3511,,base,,punt,0,0,0,0
2023,2,TEN,LAC,2,4,4,46,0,3194,11,nickel,5,pass,-6,0,0,0
2023,2,LAC,TEN,3,4,2,27,0,2992,11,nickel,7,pass,20,1,0,0
2023,2,LAC,TEN,3,4,9,9,0,2929,,base,,field_goal,0,0,0,0
2023,2,TEN,LAC,4,4,18,83,-3,2815,11,base,,punt,0,0,0,0
2023,2,LAC,TEN,5,4,1,44,3,2653,,,,punt,0,0,0,0
2023,2,TEN,LAC,6,4,22,97,-3,2522,11,base,,punt,0,0,0,0
2023,2,LAC,TEN,7,4,1,38,3,2413,12,nickel,7,penalty,14,1,0,0
2023,2,LAC,TEN,7,4,4,8,3,2304,11,dime,5,pass,8,1,1,0
2023,2,LAC,TEN,9,4,7,12,4,2067,,base,,field_goal,0,0,0,0
2023,2,TEN,LAC,10,4,3,15,-7,1803,,,,field_goal,0,0,0,0
2023,2,LAC,TEN,12,4,15,58,-3,1328,,base,,punt,0,0,0,0
2023,2,TEN,LAC,13,4,20,63,3,1069,11,base,,punt,0,0,0,0
2023,2,TEN,LAC,15,4,7,72,-4,757,11,base,,punt,0,0,0,0
2023,2,LAC,TEN,16,4,2,58,4,669,,,,punt,0,0,0,0
2023,2,TEN,LAC,17,4,10,86,-4,538,11,base,,punt,0,0,0,0
2023,2,LAC,TEN,18,4,7,47,4,368,,base,,punt,0,0,0,0
2023,2,LAC,TEN,20,4,11,15,-3,3,,base,,field_goal,0,0,0,0
2023,2,LAC,TEN,21,4,10,75,0,583,,base,,punt,0,0,0,0
2023,2,BUF,LV,2,4,5,70,-7,3329,11,base,,punt,0,0,0,0
2023,2,BUF,LV,4,4,1,6,-7,3009,12,nickel,8,run,2,1,0,0
2023,2,LV,BUF,5,4,5,64,0,2903,21,,,punt,0,0,0,0
2023,2,LV,BUF,7,4,12,29,-7,2213,,base,,field_goal,0,0,0,0
2023,2,BUF,LV,8,4,1,1,4,1981,11,nickel,6,pass,0,0,0,0
2023,2,LV,BUF,9,4,3,91,-4,1915,21,,,punt,0,0,0,0
2023,2,BUF,LV,12,4,1,12,11,1422,12,nickel,8,run,2,1,0,0
2023,2,BUF,LV,12,4,2,2,11,1266,11,nickel,7,pass,2,1,1,0
2023,2,BUF,LV,14,4,8,11,18,900,,,,field_goal,0,0,0,0
2023,2,LV,BUF,15,4,3,58,-21,773,11,,,punt,0,0,0,0
2023,2,NE,MIA,1,4,21,54,0,3321,,,,punt,0,0,0,0
2023,2,MIA,NE,2,4,4,4,0,2884,,base,,field_goal,0,0,0,0
2023,2,NE,MIA,5,4,10,65,-10,2214,,base,,punt,0,0,0,0
2023,2,MIA,NE,6,4,7,81,10,2151,11,nickel,,punt,0,0,0,0
2023,2,NE,MIA,7,4,9,31,-10,1913,,base,,field_goal,0,0,0,0
2023,2,MIA,NE,10,4,14,79,14,1682,,nickel,,punt,0,0,0,0
2023,2,NE,MIA,11,4,5,46,-14,1502,,base,,punt,0,0,0,0
2023,2,MIA,NE,12,4,11,31,14,1119,,base,,field_goal,0,0,0,0
2023,2,NE,MIA,13,4,1,24,-14,986,12,nickel,7,run,2,1,0,0
2023,2,MIA,NE,14,4,7,94,14,900,,nickel,,punt,0,0,0,0
2023,2,NE,MIA,17,4,20,96,-7,543,,base,,punt,0,0,0,0
2023,2,MIA,NE,20,4,3,37,7,139,,base,,field_goal,0,0,0,0
2023,2,NE,MIA,21,4,4,33,-7,60,12,dime,4,pass,3,0,0,0
2023,2,PHI,MIN,1,4,6,6,0,3291,,base,,field_goal,0,0,0,0
2023,2,MIN,PHI,2,4,9,59,-3,3200,11,base,,punt,0,0,0,0
2023,2,PHI,MIN,3,4,6,86,3,3083,,base,,punt,0,0,0,1
2023,2,PHI,MIN,6,4,8,37,3,2748,,base,,field_goal,0,0,0,0
2023,2,MIN,PHI,13,4,15,80,-13,1655,,nickel,,punt,0,0,0,0
2023,2,PHI,MIN,16,4,9,74,13,1290,,nickel,,punt,0,0,0,0
2023,2,MIN,PHI,17,4,4,64,-13,1233,,nickel,,punt,0,0,0,0
2023,2,PHI,MIN,18,4,1,28,13,825,11,dime,8,run,3,1,0,0
2023,2,PHI,MIN,18,4,34,49,13,686,,nickel,,punt,0,0,0,0
2023,2,MIN,PHI,21,4,3,58,-13,144,11,nickel,6,pass,12,1,0,0
2023,2,PHI,MIN,22,4,10,49,6,15,,nickel,,punt,0,0,0,0
2023,2,NO,CAR,1,4,13,64,0,3423,,,,punt,0,0,0,0
2023,2,CAR,NO,2,4,5,34,0,3130,,,,field_goal,0,0,0,0
2023,2,NO,CAR,3,4,6,10,-3,2739,,base,,field_goal,0,0,0,0
2023,2,CAR,NO,4,4,6,71,0,2666,12,base,,punt,0,0,0,0
2023,2,NO,CAR,5,4,5,5,0,2395,,base,,field_goal,0,0,0,0
2023,2,CAR,NO,6,4,13,78,-3,2309,12,base,,punt,0,0,0,0
2023,2,NO,CAR,7,4,2,50,3,2186,,base,,punt,0,0,0,0
2023,2,CAR,NO,8,4,3,68,-3,2050,12,base,,punt,0,0,0,0
2023,2,NO,CAR,11,4,25,61,3,1837,,,,punt,0,0,0,0
2023,2,CAR,NO,13,4,3,51,-3,1613,12,base,,punt,0,0,0,0
2023,2,NO,CAR,14,4,7,94,3,1536,,,,punt,0,0,0,0
2023,2,CAR,NO,15,4,5,36,-3,1455,,,,field_goal,0,0,0,0
2023,2,CAR,NO,17,4,7,72,-7,992,12,base,,punt,0,0,0,0
2023,2,NO,CAR,18,4,9,49,7,774,,,,punt,0,0,0,0
2023,2,CAR,NO,19,4,8,18,-7,334,,,,field_goal,0,0,0,0
2023,2,CAR,NO,21,4,2,54,-11,115,11,nickel,7,run,14,1,0,0
2023,2,ARI,NYG,1,4,6,37,0,3437,,,,field_goal,0,0,0,0
2023,2,NYG,ARI,2,4,2,47,0,3359,heavy,,,punt,0,0,0,0
2023,2,NYG,ARI,4,4,5,56,-7,2907,heavy,,,punt,0,0,0,0
2023,2,NYG,ARI,6,4,14,79,-14,2638,heavy,,,punt,0,0,0,0
2023,2,ARI,NYG,7,4,5,19,14,2327,,,,field_goal,0,0,0,0
2023,2,ARI,NYG,9,4,13,26,17,1873,,,,field_goal,0,0,0,0
2023,2,ARI,NYG,14,4,11,44,14,891,,base,,punt,0,0,0,0
2023,2,NYG,ARI,15,4,1,6,-14,587,12,nickel,8,run,2,1,0,0
2023,2,ARI,NYG,16,4,11,76,7,462,,base,,punt,0,0,0,0
2023,2,ARI,NYG,18,4,11,76,0,159,,base,,punt,0,0,0,0
2023,2,NYG,ARI,19,4,6,16,0,23,,,,field_goal,0,0,0,0
2023,2,NYJ,DAL,2,4,12,77,-7,3131,,nickel,,punt,0,0,0,0
2023,2,DAL,NYJ,3,4,1,60,7,3038,12,base,,punt,0,0,0,0
2023,2,NYJ,DAL,4,4,1,81,-7,2906,,nickel,8,run,4,1,0,0
2023,2,NYJ,DAL,4,4,1,68,-7,2761,,,,punt,0,0,0,0
2023,2,DAL,NYJ,5,4,4,17,7,2354,,base,,field_goal,0,0,0,0
2023,2,NYJ,DAL,6,4,4,69,-10,2303,,nickel,,punt,0,0,0,0
2023,2,DAL,NYJ,7,4,8,75,10,2253,12,base,,punt,0,0,0,0
2023,2,NYJ,DAL,10,4,5,16,-11,1807,,base,,field_goal,0,0,0,0
2023,2,NYJ,DAL,12,4,15,80,-8,1703,,nickel,,punt,0,0,0,0
2023,2,DAL,NYJ,13,4,3,3,8,1347,,base,,field_goal,0,0,0,0
2023,2,DAL,NYJ,15,4,9,36,11,1224,,base,,field_goal,0,0,0,0
2023,2,NYJ,DAL,16,4,9,74,-14,1132,,nickel,,punt,0,0,0,0
2023,2,DAL,NYJ,17,4,8,8,14,747,,base,,field_goal,0,0,0,0
2023,2,DAL,NYJ,19,4,12,12,17,502,,base,,field_goal,0,0,0,0
2023,2,NYJ,DAL,20,4,4,69,-20,445,11,dime,5,penalty,10,1,0,0
2023,2,DAL,NYJ,21,4,4,86,20,244,12,base,,punt,0,0,0,0
2023,2,NYJ,DAL,22,4,5,53,-20,192,11,dime,5,penalty,6,1,0,0
2023,2,SEA,DET,3,4,10,63,0,2760,,base,,punt,0,0,0,0
2023,2,DET,SEA,4,4,4,31,0,2381,11,dime,5,pass,0,0,0,0
2023,2,SEA,DET,5,4,10,27,0,2262,,base,,field_goal,0,0,0,0
2023,2,SEA,DET,7,4,3,43,-7,1911,11,base,,punt,0,0,0,0
2023,2,DET,SEA,8,4,5,89,7,1852,11,,,punt,0,0,0,0
2023,2,DET,SEA,13,4,3,11,0,1567,11,dime,5,pass,5,1,0,0
2023,2,SEA,DET,14,4,1,59,-7,1328,11,nickel,7,run,3,1,0,0
2023,2,SEA,DET,14,4,7,7,-7,1110,,base,,field_goal,0,0,0,0
2023,2,DET,SEA,15,4,2,55,4,932,11,nickel,4,pass,0,0,0,0
2023,2,SEA,DET,19,4,35,97,3,118,,base,,punt,0,0,0,0
2023,2,DET,SEA,20,4,3,20,-3,3,,,,field_goal,0,0,0,0
2023,2,LA,SF,2,4,8,25,-7,2820,,base,,field_goal,0,0,0,0
2023,2,SF,LA,3,4,6,9,4,2615,,base,,field_goal,0,0,0,0
2023,2,SF,LA,5,4,9,45,0,2230,12,base,,punt,0,0,0,0
2023,2,LA,SF,8,4,7,54,0,1510,,nickel,,punt,0,0,0,0
2023,2,SF,LA,9,4,7,79,0,1437,12,,,punt,0,0,0,0
2023,2,SF,LA,11,4,7,39,0,986,,base,,field_goal,0,0,0,0
2023,2,LA,SF,12,4,20,85,-3,932,,nickel,,punt,0,0,0,0
2023,2,LA,SF,14,4,2,55,-10,618,11,nickel,7,pass,9,1,0,0
2023,2,LA,SF,14,4,21,30,-10,438,,base,,field_goal,0,0,0,0
2023,2,SF,LA,15,4,2,67,7,338,12,,,punt,0,0,0,0
2023,2,SF,LA,17,4,3,8,7,182,,base,,field_goal,0,0,0,0
2023,2,LA,SF,18,4,1,61,-10,148,11,nickel,6,run,-1,0,0,0
2023,2,SF,LA,19,4,22,50,10,106,12,,,punt,0,0,0,0
2023,2,WAS,DEN,1,4,10,30,0,3322,,base,,field_goal,0,0,0,0
2023,2,WAS,DEN,3,4,13,25,-7,2728,,base,,field_goal,0,0,0,0
2023,2,WAS,DEN,5,4,11,76,-11,2652,11,base,,punt,0,0,0,0
2023,2,DEN,WAS,6,4,1,22,11,2423,12,base,8,run,2,1,0,0
2023,2,WAS,DEN,7,4,9,74,-18,2293,11,base,,punt,0,0,0,0
2023,2,WAS,DEN,9,4,4,4,-18,1912,11,nickel,6,pass,4,1,1,0
2023,2,DEN,WAS,10,4,2,67,10,1888,,base,,punt,0,0,0,0
2023,2,DEN,WAS,12,4,21,86,7,1738,,base,,punt,0,0,0,0
2023,2,WAS,DEN,15,4,20,41,0,1356,,base,,field_goal,0,0,0,0
2023,2,DEN,WAS,16,4,5,13,0,1034,,base,,field_goal,0,0,0,0
2023,2,DEN,WAS,18,4,9,69,-4,752,,base,,punt,0,0,0,0
2023,2,DEN,WAS,20,4,14,14,-11,113,,base,,field_goal,0,0,0,0
2023,2,WAS,DEN,21,4,9,56,8,56,11,base,,punt,0,0,0,0
2023,2,DEN,WAS,22,4,3,80,-8,28,11,dime,4,run,14,1,0,0
2023,3,ATL,DET,1,4,2,71,0,3511,,base,,punt,0,0,0,0
2023,3,DET,ATL,2,4,6,82,0,3425,11,nickel,,punt,0,0,0,0
2023,3,ATL,DET,3,4,28,75,0,3208,,base,,punt,0,0,0,0
2023,3,DET,ATL,4,4,6,18,0,2810,,base,,field_goal,0,0,0,0
2023,3,ATL,DET,5,4,14,30,-3,2497,,base,,field_goal,0,0,0,0
2023,3,ATL,DET,7,4,9,74,-7,2350,,base,,punt,0,0,0,0
2023,3,DET,ATL,8,4,6,6,7,1916,,base,,field_goal,0,0,0,0
2023,3,ATL,DET,9,4,14,79,-10,1864,,base,,punt,0,0,0,0
2023,3,DET,ATL,10,4,10,63,10,1829,11,nickel,,punt,0,0,0,0
2023,3,DET,ATL,12,4,1,66,10,1689,11,nickel,,punt,0,0,0,0
2023,3,ATL,DET,13,4,5,28,-10,1410,,base,,field_goal,0,0,0,0
2023,3,DET,ATL,14,4,7,42,10,1226,11,nickel,,punt,0,0,0,0
2023,3,ATL,DET,15,4,7,71,-10,1126,,base,,punt,0,0,0,0
2023,3,DET,ATL,16,4,7,72,10,1018,11,nickel,,punt,0,0,0,0
2023,3,ATL,DET,17,4,17,72,-10,961,,base,,punt,0,0,0,0
2023,3,ATL,DET,19,4,4,37,-10,826,12,nickel,8,pass,0,0,0,0
2023,3,ATL,DET,21,4,6,6,-17,262,,base,,field_goal,0,0,0,0
2023,3,DET,ATL,22,4,6,59,14,145,11,nickel,,punt,0,0,0,0
2023,3,BUF,WAS,1,4,9,18,0,3272,,base,,field_goal,0,0,0,0
2023,3,BUF,WAS,3,4,8,70,3,2855,,base,,punt,0,0,0,0
2023,3,WAS,BUF,4,4,19,89,-3,2759,11,,,punt,0,0,0,0
2023,3,WAS,BUF,6,4,2,2,-10,2506,12,nickel,6,pass,0,0,0,0
2023,3,BUF,WAS,7,4,16,36,10,1920,,base,,field_goal,0,0,0,0
2023,3,BUF,WAS,9,4,2,14,13,1822,,base,,field_goal,0,0,0,0
2023,3,WAS,BUF,13,4,23,75,-16,1058,11,,,punt,0,0,0,0
2023,3,BUF,WAS,14,4,1,37,16,858,12,base,7,pass,0,0,0,0
2023,3,WAS,BUF,18,4,16,81,-30,500,11,,,punt,0,0,0,0
2023,3,WAS,BUF,20,4,19,33,-37,50,,nickel,,field_goal,0,0,0,0
2023,3,SEA,CAR,1,4,10,75,0,3517,21,,,punt,0,0,0,0
2023,3,CAR,SEA,2,4,14,29,0,3171,,,,field_goal,0,0,0,0
2023,3,SEA,CAR,3,4,1,29,-3,2998,12,base,7,run,1,1,0,0
2023,3,SEA,CAR,3,4,7,25,-3,2917,,base,,field_goal,0,0,0,0
2023,3,CAR,SEA,4,4,18,68,0,2776,12,,,punt,0,0,0,0
2023,3,SEA,CAR,5,4,12,17,0,2530,,base,,field_goal,0,0,0,0
2023,3,CAR,SEA,6,4,6,71,-3,2456,12,,,punt,0,0,0,0
2023,3,SEA,CAR,7,4,9,15,3,2328,,base,,field_goal,0,0,0,0
2023,3,CAR,SEA,10,4,8,26,1,1964,,,,field_goal,0,0,0,0
2023,3,SEA,CAR,11,4,10,19,-4,1848,,base,,field_goal,0,0,0,0
2023,3,CAR,SEA,12,4,9,48,1,1814,12,,,punt,0,0,0,0
2023,3,CAR,SEA,14,4,9,68,1,1744,12,,,punt,0,0,0,0
2023,3,SEA,CAR,15,4,3,21,-1,1489,,base,,field_goal,0,0,0,0
2023,3,CAR,SEA,16,4,11,37,-2,1394,,,,field_goal,0,0,0,0
2023,3,CAR,SEA,20,4,19,54,-9,493,heavy,,,punt,0,0,0,0
2023,3,SEA,CAR,21,4,3,74,9,356,21,,,punt,0,0,0,0
2023,3,CAR,SEA,22,4,7,65,-9,292,11,nickel,6,pass,-8,0,0,0
2023,3,KC,CHI,1,4,5,58,0,3454,,base,,punt,0,0,0,0
2023,3,CHI,KC,2,4,4,76,0,3290,11,base,,punt,0,0,0,0
2023,3,CHI,KC,4,4,14,44,-7,2859,11,,,punt,0,0,0,0
2023,3,CHI,KC,6,4,7,53,-14,2321,11,base,,punt,0,0,0,0
2023,3,KC,CHI,9,4,7,23,21,1915,,base,,field_goal,0,0,0,0
2023,3,CHI,KC,12,4,9,74,-31,1847,,base,,punt,0,0,0,0
2023,3,CHI,KC,14,4,8,73,-34,1681,11,base,,punt,0,0,0,0
2023,3,CHI,KC,16,4,5,59,-41,1182,11,dime,4,pass,0,0,0,0
2023,3,CHI,KC,18,4,1,8,-41,926,11,nickel,8,run,1,1,0,0
2023,3,CHI,KC,18,4,3,3,-41,816,,base,,field_goal,0,0,0,0
2023,3,ARI,DAL,1,4,2,21,0,3455,,base,,field_goal,0,0,0,0
2023,3,DAL,ARI,2,4,15,80,-3,3316,12,,,punt,0,0,0,0
2023,3,DAL,ARI,4,4,4,31,-9,2812,,,,field_goal,0,0,0,0
2023,3,ARI,DAL,7,4,5,32,5,1920,,base,,penalty,5,1,0,0
2023,3,ARI,DAL,7,4,8,25,5,1891,,base,,field_goal,0,0,0,0
2023,3,DAL,ARI,8,4,10,60,-8,1837,12,,,punt,0,0,0,0
2023,3,DAL,ARI,10,4,7,8,-11,1470,,,,field_goal,0,0,0,0
2023,3,ARI,DAL,11,4,13,78,8,1354,,base,,punt,0,0,0,0
2023,3,DAL,ARI,12,4,3,4,-8,1083,11,nickel,5,pass,0,0,0,0
2023,3,ARI,DAL,13,4,18,78,8,900,,base,,punt,0,0,0,0
2023,3,DAL,ARI,14,4,8,8,-8,576,,,,field_goal,0,0,0,0
2023,3,DEN,MIA,2,4,5,70,-7,3436,,nickel,,punt,0,0,0,0
2023,3,DEN,MIA,6,4,13,13,-14,2201,,base,,field_goal,0,0,0,0
2023,3,MIA,DEN,7,4,1,66,11,2092,12,base,8,run,0,0,0,0
2023,3,DEN,MIA,8,4,17,40,-11,1998,11,base,,punt,0,0,0,0
2023,3,DEN,MIA,12,4,7,7,-25,1807,,base,,field_goal,0,0,0,0
2023,3,DEN,MIA,14,4,5,58,-22,1644,11,base,,punt,0,0,0,0
2023,3,MIA,DEN,15,4,1,1,22,1372,11,nickel,5,run,1,1,1,0
2023,3,DEN,MIA,20,4,7,72,-43,844,11,nickel,,punt,0,0,0,0
2023,3,MIA,DEN,21,4,2,73,43,724,,base,,punt,0,0,0,0
2023,3,DEN,MIA,22,4,3,68,-43,632,11,base,,punt,0,0,0,0
2023,3,DEN,MIA,26,4,15,21,-50,246,11,nickel,5,pass,0,0,0,0
2023,3,HOU,JAX,1,4,5,82,0,3511,,,,punt,0,0,0,0
2023,3,JAX,HOU,2,4,9,30,0,3396,,base,,field_goal,0,0,0,0
2023,3,JAX,HOU,4,4,1,54,-7,2973,11,base,,punt,0,0,0,0
2023,3,HOU,JAX,5,4,5,50,7,2810,,,,punt,0,0,0,0
2023,3,JAX,HOU,6,4,4,33,-7,2522,,base,,field_goal,0,0,0,0
2023,3,JAX,HOU,8,4,11,55,-14,2103,11,nickel,,punt,0,0,0,0
2023,3,HOU,JAX,9,4,10,85,14,2046,,,,punt,0,0,0,0
2023,3,HOU,JAX,13,4,8,73,10,1466,,,,punt,0,0,0,0
2023,3,JAX,HOU,14,4,3,15,-10,1179,,base,,field_goal,0,0,0,0
2023,3,HOU,JAX,17,4,7,8,14,759,,base,,field_goal,0,0,0,0
2023,3,JAX,HOU,20,4,28,56,-17,410,11,nickel,4,pass,0,0,0,0
2023,3,HOU,JAX,21,4,3,15,17,134,,base,,field_goal,0,0,0,0
2023,3,IND,BAL,1,4,18,59,0,3497,,base,,punt,0,0,0,0
2023,3,IND,BAL,3,4,18,72,-7,2916,,base,,punt,0,0,0,0
2023,3,IND,BAL,5,4,7,46,-7,2585,,base,,punt,0,0,0,0
2023,3,BAL,IND,6,4,9,92,7,2447,,nickel,,punt,0,0,0,0
2023,3,IND,BAL,9,4,12,12,0,2010,,base,,field_goal,0,0,0,0
2023,3,BAL,IND,10,4,16,81,-3,1920,,nickel,,punt,0,0,0,0
2023,3,IND,BAL,11,4,24,57,3,1827,,base,,punt,0,0,0,0
2023,3,BAL,IND,13,4,3,57,-3,1567,,nickel,,punt,0,0,0,0
2023,3,IND,BAL,14,4,3,36,3,1418,,base,,field_goal,0,0,0,0
2023,3,BAL,IND,15,4,6,71,-6,1371,,nickel,,punt,0,0,0,0
2023,3,IND,BAL,16,4,10,71,6,1241,,base,,punt,0,0,0,0
2023,3,IND,BAL,18,4,6,35,-1,687,,base,,field_goal,0,0,0,0
2023,3,BAL,IND,19,4,2,32,-2,458,,base,,field_goal,0,0,0,0
2023,3,IND,BAL,20,4,5,60,-1,295,,base,,punt,0,0,0,0
2023,3,BAL,IND,21,4,9,55,1,148,,base,,punt,0,0,0,0
2023,3,BAL,IND,23,4,7,72,3,108,,nickel,,punt,0,0,0,0
2023,3,IND,BAL,24,4,6,34,-3,62,,base,,field_goal,0,0,0,0
2023,3,BAL,IND,25,4,2,43,0,6,,base,,field_goal,0,0,0,0
2023,3,IND,BAL,27,4,6,71,0,515,,base,,punt,0,0,0,0
2023,3,BAL,IND,28,4,6,44,0,426,,base,,punt,0,0,0,0
2023,3,IND,BAL,29,4,1,46,0,255,12,base,8,run,0,0,0,0
2023,3,BAL,IND,30,4,3,47,0,205,11,nickel,6,pass,0,0,0,0
2023,3,IND,BAL,31,4,5,35,0,74,,base,,field_goal,0,0,0,0
2023,3,LAC,MIN,1,4,5,70,0,3474,,dime,,punt,0,0,0,0
2023,3,MIN,LAC,4,4,11,53,-7,2700,,base,,punt,0,0,0,0
2023,3,LAC,MIN,5,4,11,58,7,2421,,base,,punt,0,0,0,0
2023,3,MIN,LAC,8,4,5,5,0,1931,,,,field_goal,0,0,0,0
2023,3,LAC,MIN,9,4,1,1,-3,1850,heavy,,6,pass,1,1,1,0
2023,3,MIN,LAC,11,4,2,52,-4,1727,,base,,punt,0,0,0,0
2023,3,LAC,MIN,12,4,9,35,4,1554,,base,,field_goal,0,0,0,0
2023,3,MIN,LAC,13,4,10,46,-4,1330,,base,,punt,0,0,0,0
2023,3,MIN,LAC,15,4,6,36,-11,1089,,dime,4,pass,36,1,1,0
2023,3,LAC,MIN,16,4,18,69,4,915,,dime,,punt,0,0,0,0
2023,3,MIN,LAC,19,4,2,2,-4,178,11,nickel,5,pass,0,0,0,0
2023,3,LAC,MIN,20,4,1,76,4,111,12,,6,run,0,0,0,0
2023,3,MIN,LAC,21,4,5,15,-4,42,11,dime,4,pass,9,1,0,0
2023,3,CIN,LA,1,4,4,38,0,3391,,base,,field_goal,0,0,0,0
2023,3,LA,CIN,2,4,11,11,0,3206,,base,,field_goal,0,0,0,0
2023,3,CIN,LA,3,4,7,72,-3,3062,12,,,punt,0,0,0,0
2023,3,LA,CIN,4,4,1,65,3,2972,,,,punt,0,0,0,0
2023,3,CIN,LA,5,4,11,31,-3,2580,,base,,field_goal,0,0,0,0
2023,3,LA,CIN,6,4,3,5,0,2392,,base,,field_goal,0,0,0,0
2023,3,CIN,LA,7,4,10,64,-3,2231,12,,,punt,0,0,0,0
2023,3,LA,CIN,8,4,2,56,3,2095,,base,,punt,0,0,0,0
2023,3,CIN,LA,9,4,10,76,-3,2030,12,,,punt,0,0,0,0
2023,3,CIN,LA,11,4,18,49,-3,1947,12,,,punt,0,0,0,0
2023,3,LA,CIN,12,4,12,81,3,1884,,base,,punt,0,0,0,0
2023,3,CIN,LA,13,4,19,34,-3,1803,,base,,field_goal,0,0,0,0
2023,3,LA,CIN,14,4,13,24,0,1542,,base,,field_goal,0,0,0,0
2023,3,CIN,LA,17,4,8,30,4,1094,,base,,field_goal,0,0,0,0
2023,3,LA,CIN,18,4,12,77,-7,947,,base,,punt,0,0,0,0
2023,3,CIN,LA,19,4,1,40,7,670,12,base,7,run,3,1,0,0
2023,3,LA,CIN,20,4,26,96,-7,537,,base,,punt,0,0,0,0
2023,3,CIN,LA,21,4,5,35,7,438,,base,,field_goal,0,0,0,0
2023,3,LA,CIN,22,4,5,70,-10,369,,base,,punt,0,0,0,0
2023,3,CIN,LA,23,4,14,80,10,220,12,,,punt,0,0,0,0
2023,3,LA,CIN,24,4,3,39,-10,163,11,dime,4,run,7,1,0,0
2023,3,NYJ,NE,1,4,15,80,0,3504,,dime,,punt,0,0,0,0
2023,3,NE,NYJ,2,4,3,29,0,3346,,base,,field_goal,0,0,0,0
2023,3,NYJ,NE,3,4,20,70,-3,3135,,base,,punt,0,0,0,0
2023,3,NE,NYJ,4,4,3,45,3,3013,,base,,punt,0,0,0,0
2023,3,NYJ,NE,5,4,4,88,-3,2893,,base,,punt,0,0,0,0
2023,3,NE,NYJ,6,4,16,30,3,2696,,base,,field_goal,0,0,0,0
2023,3,NYJ,NE,7,4,22,74,-3,2638,,dime,,punt,0,0,0,0
2023,3,NYJ,NE,9,4,3,62,-10,2403,,base,,punt,0,0,0,0
2023,3,NE,NYJ,10,4,5,75,10,2258,,,,punt,0,0,0,0
2023,3,NYJ,NE,11,4,1,48,-10,2051,12,nickel,8,run,6,1,0,0
2023,3,NYJ,NE,11,4,2,34,-10,1885,,base,,field_goal,0,0,0,0
2023,3,NE,NYJ,13,4,6,33,7,1531,,base,,field_goal,0,0,0,0
2023,3,NYJ,NE,14,4,3,55,-10,1355,,base,,punt,0,0,0,0
2023,3,NE,NYJ,15,4,18,88,10,1188,,,,punt,0,0,0,0
2023,3,NYJ,NE,16,4,7,48,-10,1086,,base,,punt,0,0,0,0
2023,3,NE,NYJ,17,4,9,68,10,916,,,,punt,0,0,0,0
2023,3,NYJ,NE,18,4,9,68,-10,864,,dime,,punt,0,0,0,0
2023,3,NE,NYJ,19,4,1,45,10,652,,base,,punt,0,0,0,0
2023,3,NE,NYJ,21,4,6,50,3,171,,,,punt,0,0,0,0
2023,3,NE,NYJ,23,4,3,77,5,116,,,,punt,0,0,0,0
2023,3,NYJ,NE,24,4,10,55,-5,86,11,dime,7,pass,2,0,0,0
2023,3,NE,NYJ,25,4,3,39,5,22,,,,punt,0,0,0,0
2023,3,NO,GB,1,4,19,84,0,3531,,base,,punt,0,0,0,0
2023,3,GB,NO,2,4,2,44,0,3352,11,nickel,5,pass,0,0,0,0
2023,3,GB,NO,4,4,10,48,-7,2899,12,base,,punt,0,0,0,0
2023,3,NO,GB,5,4,14,83,7,2668,,base,,punt,0,0,0,0
2023,3,GB,NO,6,4,15,64,-7,2447,12,base,,punt,0,0,1,0
2023,3,GB,NO,7,4,22,41,-14,2076,12,base,,punt,0,0,0,0
2023,3,NO,GB,8,4,1,36,14,1875,12,base,7,run,2,1,0,0
2023,3,NO,GB,8,4,7,7,14,1810,,base,,field_goal,0,0,0,0
2023,3,NO,GB,11,4,16,57,17,1526,,base,,punt,0,0,0,0
2023,3,GB,NO,12,4,9,89,-17,1439,12,base,,punt,0,0,0,0
2023,3,NO,GB,13,4,11,42,17,1286,,,,punt,0,0,0,0
2023,3,GB,NO,14,4,2,13,-17,900,11,nickel,5,pass,0,0,0,0
2023,3,NO,GB,15,4,2,79,17,776,,nickel,,punt,0,0,0,0
2023,3,GB,NO,16,4,7,20,-17,664,,,,field_goal,0,0,0,0
2023,3,NO,GB,17,4,4,61,14,518,,nickel,,punt,0,0,0,0
2023,3,GB,NO,18,4,1,1,-14,422,11,nickel,7,run,1,1,1,0
2023,3,NO,GB,19,4,3,76,6,331,,nickel,,punt,0,0,0,0
2023,3,NO,GB,21,4,6,28,-1,70,,base,,field_goal,0,0,0,0
2023,3,SF,NYG,1,4,10,11,0,3227,,base,,field_goal,0,0,0,0
2023,3,NYG,SF,2,4,6,26,-3,2903,,base,,field_goal,0,0,0,0
2023,3,SF,NYG,3,4,2,50,0,2753,12,base,,punt,0,0,0,0
2023,3,NYG,SF,4,4,8,88,0,2662,11,nickel,,punt,0,0,0,0
2023,3,NYG,SF,6,4,10,75,-7,2181,11,nickel,,punt,0,0,0,0
2023,3,NYG,SF,8,4,3,38,-14,1818,,base,,field_goal,0,0,0,0
2023,3,NYG,SF,10,4,7,57,-11,1644,11,nickel,,punt,0,0,0,0
2023,3,SF,NYG,11,4,8,94,11,1556,12,nickel,,punt,0,0,0,0
2023,3,SF,NYG,13,4,3,3,5,1152,,base,,field_goal,0,0,0,0
2023,3,NYG,SF,14,4,9,80,-8,1042,11,nickel,,punt,0,0,0,0
2023,3,SF,NYG,15,4,10,18,8,771,,base,,field_goal,0,0,0,0
2023,3,NYG,SF,16,4,11,76,-11,672,11,nickel,,punt,0,0,0,0
2023,3,SF,NYG,19,4,2,44,18,205,12,nickel,,punt,0,0,0,0
2023,3,NYG,SF,20,4,6,91,-18,133,11,nickel,,punt,0,0,0,0
2023,3,TB,PHI,1,4,8,59,0,3443,11,nickel,,punt,0,0,0,0
2023,3,PHI,TB,2,4,1,14,0,3254,heavy,base,6,run,-1,0,0,0
2023,3,TB,PHI,3,4,5,64,0,3100,11,nickel,,punt,0,0,0,0
2023,3,PHI,TB,4,4,15,18,0,2890,,base,,field_goal,0,0,0,0
2023,3,TB,PHI,5,4,13,78,-3,2801,11,nickel,,punt,0,0,0,0
2023,3,PHI,TB,6,4,5,54,3,2689,,base,,punt,0,0,0,0
2023,3,TB,PHI,7,4,9,15,-3,2317,,base,,field_goal,0,0,0,0
2023,3,PHI,TB,13,4,1,1,10,1461,12,base,8,run,1,1,1,0
2023,3,TB,PHI,14,4,7,61,-17,1326,,base,,punt,0,0,0,0
2023,3,PHI,TB,17,4,8,8,19,812,,base,,field_goal,0,0,0,0
2023,3,PHI,TB,19,4,2,11,14,38,12,base,8,pass,4,1,0,0
2023,3,PIT,LV,1,4,1,66,0,3487,,base,,punt,0,0,0,0
2023,3,LV,PIT,2,4,3,81,0,3400,21,nickel,,punt,0,0,0,0
2023,3,PIT,LV,3,4,6,73,0,3341,,base,,punt,0,0,0,0
2023,3,LV,PIT,4,4,1,32,0,3130,11,,8,pass,32,1,1,0
2023,3,LV,PIT,6,4,5,70,0,2982,21,nickel,,punt,0,0,0,0
2023,3,PIT,LV,7,4,11,61,0,2761,,base,,punt,0,0,0,0
2023,3,PIT,LV,9,4,6,25,0,2317,,,,field_goal,0,0,0,0
2023,3,LV,PIT,10,4,3,68,-3,2232,21,nickel,,punt,0,0,0,0
2023,3,PIT,LV,11,4,7,23,3,1920,,,,field_goal,0,0,0,0
2023,3,LV,PIT,12,4,12,60,-6,1847,21,nickel,,punt,0,0,0,0
2023,3,LV,PIT,14,4,3,68,-6,1745,11,nickel,,punt,0,0,0,0
2023,3,PIT,LV,15,4,7,39,6,1473,,,,field_goal,0,0,0,0
2023,3,LV,PIT,18,4,5,22,-16,798,11,dime,6,pass,0,0,0,0
2023,3,PIT,LV,19,4,2,70,16,704,,base,,punt,0,0,0,0
2023,3,PIT,LV,21,4,8,73,8,287,,base,,punt,0,0,0,0
2023,3,LV,PIT,22,4,5,29,-8,195,,base,,penalty,15,1,0,0
2023,3,LV,PIT,22,4,4,8,-8,145,,base,,field_goal,0,0,0,0
2023,3,PIT,LV,23,4,13,64,5,23,,base,,punt,0,0,0,0
2023,3,CLE,TEN,1,4,4,30,0,3174,,base,,field_goal,0,0,0,0
2023,3,TEN,CLE,2,4,3,68,-3,3084,11,nickel,,punt,0,0,0,0
2023,3,CLE,TEN,3,4,3,74,3,3005,,,,punt,0,0,0,0
2023,3,TEN,CLE,4,4,6,57,-3,2916,,base,,punt,0,0,0,0
2023,3,TEN,CLE,6,4,19,26,-3,2658,,base,,field_goal,0,0,0,0
2023,3,TEN,CLE,8,4,19,48,-7,2037,,,,punt,0,0,0,0
2023,3,CLE,TEN,9,4,4,34,7,1865,,base,,field_goal,0,0,0,0
2023,3,TEN,CLE,10,4,5,44,-10,1829,11,nickel,6,pass,33,1,0,0
2023,3,TEN,CLE,11,4,13,65,-10,1594,,nickel,,punt,0,0,0,0
2023,3,CLE,TEN,12,4,2,39,10,1441,,dime,6,penalty,5,1,0,0
2023,3,TEN,CLE,13,4,8,73,-17,1196,,base,,punt,0,0,0,0
2023,3,CLE,TEN,14,4,3,48,17,919,11,,,punt,0,0,0,0
2023,3,TEN,CLE,15,4,17,97,-17,812,,base,,punt,0,0,0,0
2023,3,CLE,TEN,16,4,1,40,17,500,heavy,base,8,run,2,1,0,0
2023,3,TEN,CLE,17,4,4,56,-24,298,,base,,punt,0,0,0,0
2023,3,CLE,TEN,18,4,6,63,24,73,,,,punt,0,0,0,0
2023,4,ARI,SF,1,4,7,72,0,3514,,nickel,,punt,0,0,0,0
2023,4,ARI,SF,3,4,8,64,-7,2973,,nickel,,punt,0,0,0,0
2023,4,SF,ARI,4,4,4,39,7,2726,11,nickel,6,pass,9,1,0,0
2023,4,ARI,SF,5,4,7,45,-14,2485,11,nickel,6,run,8,1,0,0
2023,4,ARI,SF,5,4,5,20,-14,2297,,base,,field_goal,0,0,0,0
2023,4,ARI,SF,7,4,2,79,-18,2025,,nickel,,run,2,1,0,0
2023,4,SF,ARI,9,4,24,46,11,1548,12,,,punt,0,0,0,0
2023,4,ARI,SF,12,4,18,43,-12,562,,base,,punt,0,0,0,0
2023,4,ARI,SF,14,4,6,15,-19,12,11,nickel,4,pass,0,0,0,0
2023,4,JAX,ATL,1,4,5,57,0,3396,11,nickel,,punt,0,0,0,0
2023,4,ATL,JAX,2,4,1,84,0,3285,,base,,punt,0,0,0,0
2023,4,JAX,ATL,3,4,1,38,0,3114,11,nickel,6,pass,10,1,0,0
2023,4,ATL,JAX,4,4,9,74,-7,2912,,,,punt,0,0,0,0
2023,4,JAX,ATL,5,4,9,38,7,2696,,base,,field_goal,0,0,0,0
2023,4,ATL,JAX,6,4,23,69,-10,2528,,,,punt,0,0,0,0
2023,4,JAX,ATL,7,4,1,72,10,2414,11,nickel,,punt,0,0,0,0
2023,4,JAX,ATL,10,4,1,7,17,1946,11,nickel,6,pass,-5,0,0,0
2023,4,ATL,JAX,11,4,2,69,-17,1865,,base,,punt,0,0,0,0
2023,4,JAX,ATL,14,4,11,54,10,1352,11,nickel,,punt,0,0,0,0
2023,4,ATL,JAX,15,4,13,51,-10,1084,,,,punt,0,0,0,0
2023,4,JAX,ATL,16,4,5,25,10,641,,base,,field_goal,0,0,0,0
2023,4,ATL,JAX,17,4,3,6,-13,366,11,nickel,7,pass,0,0,0,0
2023,4,JAX,ATL,18,4,3,20,13,120,,base,,field_goal,0,0,0,0
2023,4,BAL,CLE,1,4,4,70,0,3470,,base,,punt,0,0,0,0
2023,4,CLE,BAL,2,4,8,53,0,3283,,base,,punt,0,0,0,0
2023,4,BAL,CLE,3,4,6,76,0,3163,,base,,punt,0,0,0,0
2023,4,CLE,BAL,6,4,26,35,-7,2846,,base,,field_goal,0,0,0,0
2023,4,BAL,CLE,7,4,13,77,4,2751,,base,,punt,0,0,0,0
2023,4,CLE,BAL,8,4,6,68,-4,2621,,base,,punt,0,0,0,0
2023,4,CLE,BAL,10,4,4,45,-4,2331,,base,,punt,0,0,0,0
2023,4,CLE,BAL,12,4,6,71,-11,1972,,base,,punt,0,0,0,0
2023,4,CLE,BAL,15,4,39,91,-18,1648,,base,,punt,0,0,0,0
2023,4,BAL,CLE,16,4,1,37,18,1504,12,,7,run,2,1,0,0
2023,4,BAL,CLE,16,4,23,48,18,1381,,base,,punt,0,0,0,0
2023,4,CLE,BAL,17,4,1,67,-18,1238,11,nickel,7,run,2,1,0,0
2023,4,CLE,BAL,17,4,21,76,-18,1152,,base,,punt,0,0,0,0
2023,4,BAL,CLE,18,4,1,55,18,1024,,base,,punt,0,0,0,0
2023,4,CLE,BAL,19,4,12,85,-18,810,,base,,punt,0,0,0,0
2023,4,BAL,CLE,20,4,10,63,18,719,,base,,punt,0,0,0,0
2023,4,CLE,BAL,23,4,9,74,-25,287,,base,,punt,0,0,0,0
2023,4,BAL,CLE,24,4,13,68,25,142,,base,,punt,0,0,0,0
2023,4,CIN,TEN,1,4,3,3,0,3255,,base,,field_goal,0,0,0,0
2023,4,TEN,CIN,2,4,2,45,-3,3055,11,nickel,5,pass,3,1,0,0
2023,4,TEN,CIN,2,4,14,35,-3,2787,,base,,field_goal,0,0,0,0
2023,4,CIN,TEN,3,4,15,59,0,2615,heavy,base,,punt,0,0,0,0
2023,4,TEN,CIN,4,4,8,57,0,2504,,base,,punt,0,0,0,0
2023,4,CIN,TEN,5,4,4,72,0,2375,heavy,base,,punt,0,0,0,0
2023,4,CIN,TEN,7,4,11,76,-7,2147,heavy,base,,punt,0,0,0,0
2023,4,CIN,TEN,9,4,3,53,-14,1888,heavy,,,punt,0,0,0,0
2023,4,TEN,CIN,12,4,4,17,21,1181,,base,,field_goal,0,0,0,0
2023,4,TEN,CIN,14,4,8,53,24,895,,base,,punt,0,0,0,0
2023,4,CIN,TEN,15,4,4,81,-24,800,heavy,,,punt,0,0,0,0
2023,4,CIN,TEN,17,4,13,37,-24,298,,dime,5,run,1,0,0,0
2023,4,CHI,DEN,1,4,1,50,0,3387,11,,,punt,0,0,0,0
2023,4,CHI,DEN,3,4,1,47,-7,2800,11,nickel,7,run,1,1,0,0
2023,4,DEN,CHI,4,4,8,94,0,2587,,,,punt,0,0,0,0
2023,4,DEN,CHI,6,4,4,55,-7,2323,,base,,punt,0,0,0,0
2023,4,DEN,CHI,8,4,2,56,-14,1956,,base,,punt,0,0,0,0
2023,4,CHI,DEN,9,4,10,53,14,1806,11,dime,3,pass,0,0,0,0
2023,4,DEN,CHI,10,4,6,71,-14,1726,,,,punt,0,0,0,0
2023,4,CHI,DEN,13,4,5,65,14,850,11,base,,punt,0,0,0,0
2023,4,CHI,DEN,16,4,1,18,0,177,12,base,7,run,0,0,0,0
2023,4,DEN,CHI,17,4,10,33,0,111,,base,,field_goal,0,0,0,0
2023,4,GB,DET,2,4,10,16,0,3423,,base,,field_goal,0,0,0,0
2023,4,GB,DET,4,4,21,91,-4,3141,,,,punt,0,0,0,0
2023,4,GB,DET,6,4,3,72,-11,2787,,,,punt,0,0,0,0
2023,4,DET,GB,7,4,14,14,11,2650,,base,,field_goal,0,0,0,0
2023,4,GB,DET,10,4,7,72,-21,2511,,,,punt,0,0,0,0
2023,4,DET,GB,11,4,14,64,21,2361,12,base,,punt,0,0,0,0
2023,4,GB,DET,12,4,5,76,-21,2141,,,,punt,0,0,0,0
2023,4,DET,GB,13,4,6,19,21,1838,,base,,field_goal,0,0,0,0
2023,4,GB,DET,15,4,9,17,-24,1474,11,nickel,4,pass,15,1,0,0
2023,4,DET,GB,16,4,9,72,16,1283,12,base,,punt,0,0,0,0
2023,4,GB,DET,17,4,6,66,-16,1204,,,,punt,0,0,0,0
2023,4,DET,GB,18,4,6,73,16,965,12,base,,punt,0,0,0,0
2023,4,DET,GB,20,4,3,12,10,493,,base,,penalty,6,1,0,0
2023,4,DET,GB,20,4,1,1,10,363,heavy,base,7,run,1,1,1,0
2023,4,DET,GB,22,4,19,78,17,226,12,nickel,,punt,0,0,0,0
2023,4,GB,DET,23,4,7,32,-17,176,,base,,field_goal,0,0,0,0
2023,4,DET,GB,24,4,3,24,14,71,11,nickel,6,pass,5,1,0,0
2023,4,KC,NYJ,1,4,3,18,0,3399,,base,,field_goal,0,0,0,0
2023,4,NYJ,KC,2,4,5,70,-3,3346,,base,,punt,0,0,0,0
2023,4,NYJ,KC,4,4,1,59,-10,3078,,,,punt,0,0,0,0
2023,4,NYJ,KC,6,4,5,57,-17,2662,,base,,punt,0,0,0,0
2023,4,NYJ,KC,8,4,3,13,-15,2393,,base,,field_goal,0,0,0,0
2023,4,KC,NYJ,11,4,3,19,5,1938,,base,,field_goal,0,0,0,0
2023,4,NYJ,KC,12,4,1,34,-8,1830,,base,,field_goal,0,0,0,0
2023,4,KC,NYJ,16,4,16,81,0,1444,11,,,punt,0,0,0,0
2023,4,NYJ,KC,17,4,6,49,0,1348,,base,,punt,0,0,0,0
2023,4,KC,NYJ,18,4,7,68,0,1226,11,,,punt,0,0,0,0
2023,4,NYJ,KC,19,4,11,43,0,1101,,base,,punt,0,0,0,0
2023,4,KC,NYJ,20,4,4,8,0,654,,base,,field_goal,0,0,0,0
2023,4,IND,LA,2,4,12,66,-7,3208,,,,punt,0,0,0,0
2023,4,LA,IND,3,4,3,32,7,3026,11,nickel,6,pass,16,1,0,0
2023,4,LA,IND,5,4,17,22,14,2576,,base,,field_goal,0,0,0,0
2023,4,IND,LA,6,4,9,74,-17,2487,,,,punt,0,0,0,0
2023,4,LA,IND,7,4,13,36,17,2153,,base,,field_goal,0,0,0,0
2023,4,IND,LA,8,4,10,29,-20,1910,,base,,field_goal,0,0,0,0
2023,4,IND,LA,10,4,11,71,-20,1671,,,,punt,0,0,0,0
2023,4,LA,IND,11,4,2,32,20,1342,,base,,field_goal,0,0,0,0
2023,4,IND,LA,14,4,7,31,-15,1120,11,nickel,6,pass,0,0,0,0
2023,4,LA,IND,15,4,4,29,15,860,,base,,field_goal,0,0,0,0
2023,4,LA,IND,17,4,3,57,8,456,11,base,,punt,0,0,0,0
2023,4,IND,LA,18,4,4,21,-8,188,11,nickel,5,pass,17,1,0,0
2023,4,LA,IND,19,4,5,70,0,104,11,nickel,,punt,0,0,0,0
2023,4,IND,LA,20,4,10,65,0,79,,,,punt,0,0,0,0
2023,4,LA,IND,21,4,2,53,0,11,11,base,,punt,0,0,0,0
2023,4,LV,LAC,2,4,14,79,-7,3222,21,base,,punt,0,0,0,0
2023,4,LAC,LV,3,4,9,59,7,3040,,base,,punt,0,0,0,0
2023,4,LAC,LV,5,4,15,15,0,2445,,,,field_goal,0,0,0,0
2023,4,LAC,LV,9,4,1,1,10,1986,heavy,,9,run,1,1,1,0
2023,4,LV,LAC,10,4,12,77,-17,1935,21,base,,punt,0,0,0,0
2023,4,LAC,LV,11,4,4,66,17,1879,,base,,punt,0,0,0,0
2023,4,LV,LAC,12,4,1,67,-17,1829,21,base,,punt,0,0,0,0
2023,4,LV,LAC,14,4,10,75,-17,1649,21,base,,punt,0,0,0,0
2023,4,LAC,LV,15,4,12,97,17,1587,,,,punt,0,0,0,0
2023,4,LV,LAC,16,4,2,32,-17,1367,11,nickel,6,pass,12,1,0,0
2023,4,LV,LAC,16,4,4,4,-17,1194,,,,field_goal,0,0,0,0
2023,4,LV,LAC,18,4,30,38,-14,643,21,base,,punt,0,0,0,0
2023,4,LAC,LV,19,4,8,85,14,518,,,,punt,0,0,0,0
2023,4,LV,LAC,20,4,1,1,-14,244,11,nickel,8,run,1,1,1,0
2023,4,LAC,LV,21,4,1,66,7,214,12,nickel,10,run,0,0,0,0
2023,4,LV,LAC,22,4,10,22,-7,167,11,nickel,6,pass,19,1,0,0
2023,4,MIA,BUF,6,4,6,74,-7,2270,,base,,punt,0,0,0,0
2023,4,BUF,MIA,7,4,5,46,7,2137,,base,,punt,0,0,0,0
2023,4,MIA,BUF,8,4,2,86,-7,2039,,,,punt,0,0,0,0
2023,4,BUF,MIA,11,4,14,35,14,1904,,base,,field_goal,0,0,0,0
2023,4,MIA,BUF,12,4,4,69,-17,1816,,,,punt,0,0,0,0
2023,4,BUF,MIA,15,4,9,15,11,1225,,base,,field_goal,0,0,0,0
2023,4,MIA,BUF,18,4,1,47,-21,944,11,nickel,6,pass,-8,0,0,0
2023,4,MIA,BUF,20,4,6,6,-28,716,11,nickel,6,pass,-11,0,0,0
2023,4,BUF,MIA,21,4,10,83,28,619,,base,,punt,0,0,0,0
2023,4,MIA,BUF,22,4,18,37,-28,336,,nickel,4,pass,16,0,0,0
2023,4,MIN,CAR,2,4,3,70,-7,3212,,base,,punt,0,0,0,0
2023,4,CAR,MIN,3,4,1,47,7,3014,12,base,8,run,6,1,0,0
2023,4,CAR,MIN,3,4,8,8,7,2699,,base,,field_goal,0,0,0,0
2023,4,MIN,CAR,4,4,2,56,-10,2613,11,nickel,6,pass,5,1,0,0
2023,4,CAR,MIN,5,4,7,54,3,2211,,base,,punt,0,0,0,0
2023,4,MIN,CAR,6,4,13,73,-3,2090,,base,,punt,0,0,0,0
2023,4,CAR,MIN,7,4,11,70,3,1920,,base,,punt,0,0,0,0
2023,4,CAR,MIN,10,4,2,67,6,1667,,base,,punt,0,0,0,0
2023,4,MIN,CAR,11,4,8,77,-6,1538,,base,,punt,0,0,0,0
2023,4,CAR,MIN,13,4,19,84,-1,1014,,base,,punt,0,0,0,0
2023,4,CAR,MIN,15,4,17,44,-8,538,,base,,punt,0,0,0,0
2023,4,MIN,CAR,16,4,2,72,8,452,,base,,punt,0,0,0,0
2023,4,CAR,MIN,17,4,1,13,-8,122,11,nickel,8,run,4,1,0,0
2023,4,CAR,MIN,17,4,18,18,-8,61,,dime,7,pass,-5,0,0,0
2023,4,MIN,CAR,18,4,3,70,8,2,heavy,base,7,pass,0,0,0,0
2023,4,DAL,NE,1,4,5,5,0,3354,,base,,field_goal,0,0,0,0
2023,4,NE,DAL,2,4,6,11,-3,3104,,base,,field_goal,0,0,0,0
2023,4,NE,DAL,4,4,1,41,-7,2629,12,nickel,9,run,0,0,0,0
2023,4,DAL,NE,5,4,18,67,7,2525,12,dime,,punt,0,0,0,0
2023,4,NE,DAL,7,4,6,71,-15,2383,,base,,punt,0,0,0,0
2023,4,DAL,NE,8,4,4,5,15,2046,,base,,field_goal,0,0,0,0
2023,4,NE,DAL,10,4,8,73,-25,1823,,base,,punt,0,0,0,0
2023,4,NE,DAL,12,4,2,40,-25,1609,12,nickel,6,pass,0,0,0,1
2023,4,DAL,NE,13,4,11,15,25,1365,,base,,field_goal,0,0,0,0
2023,4,NE,DAL,14,4,6,71,-28,1279,,base,,punt,0,0,0,0
2023,4,DAL,NE,15,4,3,22,28,1126,11,nickel,7,pass,-9,0,0,0
2023,4,NE,DAL,16,4,10,57,-28,958,,base,,punt,0,0,0,0
2023,4,DAL,NE,17,4,8,72,28,757,12,dime,,punt,0,0,0,0
2023,4,NE,DAL,18,4,4,79,-28,666,,base,,punt,0,0,0,0
2023,4,NE,DAL,20,4,10,33,-35,248,,base,,field_goal,0,0,0,0
2023,4,HOU,PIT,3,4,6,18,7,2783,,base,,field_goal,0,0,0,0
2023,4,PIT,HOU,4,4,8,73,-10,2700,,nickel,,punt,0,0,0,0
2023,4,HOU,PIT,5,4,6,20,10,2533,,base,,field_goal,0,0,0,0
2023,4,PIT,HOU,6,4,8,77,-13,2446,,nickel,,punt,0,0,0,0
2023,4,HOU,PIT,7,4,1,28,13,2229,11,base,7,pass,0,0,0,0
2023,4,PIT,HOU,8,4,1,51,-13,2075,,base,,punt,0,0,0,0
2023,4,HOU,PIT,9,4,5,55,13,1926,,nickel,,punt,0,0,0,0
2023,4,PIT,HOU,10,4,5,60,-13,1853,,base,,punt,0,0,0,0
2023,4,PIT,HOU,12,4,4,17,-16,1475,,base,,field_goal,0,0,0,0
2023,4,HOU,PIT,13,4,20,85,13,1429,,nickel,,punt,0,0,0,0
2023,4,PIT,HOU,14,4,5,5,-13,1250,,base,,field_goal,0,0,0,0
2023,4,HOU,PIT,15,4,9,58,10,1190,,nickel,,punt,0,0,0,0
2023,4,PIT,HOU,16,4,1,33,-10,976,11,nickel,6,pass,-9,0,0,0
2023,4,PIT,HOU,18,4,2,64,-17,610,,base,,punt,0,0,0,0
2023,4,NYG,SEA,1,4,1,27,0,3242,11,base,8,run,0,0,0,0
2023,4,SEA,NYG,2,4,17,80,0,3147,heavy,nickel,,punt,0,0,0,0
2023,4,NYG,SEA,3,4,11,52,0,3026,11,,,punt,0,0,0,0
2023,4,SEA,NYG,4,4,8,66,0,2806,heavy,dime,,punt,0,0,0,0
2023,4,NYG,SEA,7,4,11,63,-7,2521,11,,,punt,0,0,0,0
2023,4,SEA,NYG,8,4,13,65,7,2368,heavy,nickel,,punt,0,0,0,0
2023,4,NYG,SEA,9,4,7,37,-7,1990,,,,field_goal,0,0,0,0
2023,4,NYG,SEA,11,4,7,72,-11,1868,11,,,punt,0,0,0,0
2023,4,SEA,NYG,12,4,3,82,11,1838,heavy,dime,,penalty,5,1,0,0
2023,4,SEA,NYG,13,4,1,15,11,1447,12,base,9,pass,0,0,0,0
2023,4,NYG,SEA,14,4,14,88,-11,1357,11,,,punt,0,0,0,0
2023,4,SEA,NYG,15,4,5,35,11,1296,,base,,field_goal,0,0,0,0
2023,4,NYG,SEA,16,4,1,16,-11,1066,12,nickel,6,run,10,1,0,0
2023,4,NYG,SEA,17,4,5,58,-18,839,11,nickel,6,pass,6,1,0,0
2023,4,NYG,SEA,17,4,31,73,-18,688,11,,,punt,0,0,0,0
2023,4,SEA,NYG,18,4,7,67,18,636,heavy,dime,,punt,0,0,0,0
2023,4,SEA,NYG,20,4,16,16,18,329,,base,,field_goal,0,0,0,0
2023,4,NYG,SEA,21,4,5,59,-21,216,11,nickel,6,pass,-5,0,0,0
2023,4,SEA,NYG,22,4,3,28,21,75,,nickel,6,pass,0,0,0,0
2023,4,NO,TB,1,4,1,41,0,3425,,base,8,run,2,1,0,0
2023,4,NO,TB,1,4,5,19,0,3263,,base,,field_goal,0,0,0,0
2023,4,TB,NO,2,4,6,43,-3,3027,11,base,,punt,0,0,0,0
2023,4,NO,TB,3,4,9,83,3,2970,,base,,punt,0,0,0,0
2023,4,TB,NO,4,4,7,60,-3,2921,11,base,,punt,0,0,0,0
2023,4,NO,TB,5,4,5,49,3,2657,,base,,punt,0,0,0,0
2023,4,NO,TB,7,4,8,60,-4,1937,,base,,punt,0,0,0,0
2023,4,TB,NO,12,4,15,80,11,1677,11,base,,punt,0,0,0,0
2023,4,NO,TB,13,4,16,50,-11,1590,,base,,punt,0,0,0,0
2023,4,TB,NO,14,4,5,72,11,1389,11,base,,punt,0,0,0,0
2023,4,NO,TB,15,4,5,14,-11,952,,base,,field_goal,0,0,0,0
2023,4,TB,NO,16,4,3,33,8,815,,,,field_goal,0,0,0,0
2023,4,NO,TB,17,4,10,26,-11,514,,base,,field_goal,0,0,0,0
2023,4,NO,TB,19,4,10,75,-14,209,,nickel,5,pass,-6,0,0,1
2023,4,TB,NO,20,4,1,10,14,147,,,,field_goal,0,0,0,0
2023,4,WAS,PHI,1,4,1,15,0,3326,11,nickel,7,run,2,1,0,0
2023,4,PHI,WAS,4,4,5,55,-7,2421,,,,punt,0,0,0,0
2023,4,WAS,PHI,5,4,16,85,7,2285,11,base,,punt,0,0,0,0
2023,4,PHI,WAS,6,4,13,60,-7,2177,,base,,punt,0,0,0,0
2023,4,WAS,PHI,7,4,9,9,7,1902,,base,,field_goal,0,0,0,0
2023,4,PHI,WAS,8,4,1,66,-10,1865,11,dime,8,run,3,1,0,0
2023,4,PHI,WAS,9,4,3,30,-7,1603,,,,field_goal,0,0,0,0
2023,4,WAS,PHI,10,4,4,64,4,1471,11,base,,punt,0,0,0,0
2023,4,WAS,PHI,12,4,9,63,-4,1165,11,base,,punt,0,0,0,0
2023,4,PHI,WAS,13,4,13,18,4,857,,base,,field_goal,0,0,0,0
2023,4,PHI,WAS,15,4,13,54,0,395,,base,,punt,0,0,0,0
2023,4,WAS,PHI,16,4,17,77,0,211,11,base,,punt,0,0,0,0
2023,4,WAS,PHI,18,4,2,45,-7,41,11,nickel,6,pass,16,1,0,0
2023,4,WAS,PHI,19,4,5,70,0,515,11,base,,punt,0,0,0,0
2023,4,PHI,WAS,20,4,1,50,0,433,11,nickel,10,run,2,1,0,0
2023,4,PHI,WAS,20,4,8,36,0,244,,base,,field_goal,0,0,0,0
2023,5,BAL,PIT,1,4,10,41,0,3466,,nickel,,punt,0,0,0,0
2023,5,PIT,BAL,2,4,4,80,0,3263,,base,,punt,0,0,0,0
2023,5,PIT,BAL,4,4,6,71,-7,2994,,base,,punt,0,0,0,0
2023,5,BAL,PIT,5,4,4,4,7,2545,,base,,field_goal,0,0,0,0
2023,5,PIT,BAL,6,4,15,47,-10,2297,,base,,punt,0,0,0,0
2023,5,PIT,BAL,8,4,11,25,-10,2001,,base,,field_goal,0,0,0,0
2023,5,BAL,PIT,9,4,2,23,7,1819,11,nickel,6,pass,0,0,0,0
2023,5,PIT,BAL,11,4,1,66,-7,1693,,base,,punt,0,0,0,0
2023,5,BAL,PIT,12,4,5,49,7,1514,,nickel,,punt,0,0,0,0
2023,5,PIT,BAL,13,4,10,60,-7,1254,,base,,punt,0,0,0,0
2023,5,BAL,PIT,14,4,9,46,7,1101,,nickel,,punt,0,0,0,0
2023,5,PIT,BAL,15,4,15,42,-7,824,,base,,punt,0,0,0,0
2023,5,BAL,PIT,16,4,16,86,7,678,,nickel,,punt,0,0,0,0
2023,5,PIT,BAL,17,4,7,7,-5,433,,base,,field_goal,0,0,0,0
2023,5,BAL,PIT,18,4,2,67,2,348,,nickel,,punt,0,0,0,1
2023,5,PIT,BAL,22,4,16,24,4,52,,base,,field_goal,0,0,0,0
2023,5,BAL,PIT,23,4,7,72,-7,20,11,dime,3,pass,-6,0,0,0
2023,5,CAR,DET,1,4,9,44,0,3367,,,,punt,0,0,0,0
2023,5,DET,CAR,6,4,4,37,7,2412,12,nickel,6,pass,0,0,0,0
2023,5,DET,CAR,8,4,1,29,7,2276,11,base,8,run,3,1,0,0
2023,5,CAR,DET,11,4,10,15,-21,1810,,base,,field_goal,0,0,0,0
2023,5,DET,CAR,13,4,1,37,18,1556,11,base,,penalty,5,1,0,0
2023,5,DET,CAR,13,4,21,43,18,1414,12,base,,punt,0,0,0,0
2023,5,CAR,DET,14,4,16,73,-18,1286,,,,punt,0,0,0,0
2023,5,DET,CAR,15,4,6,68,18,1235,12,,,punt,0,0,0,0
2023,5,CAR,DET,16,4,19,93,-18,1178,,,,punt,0,0,0,0
2023,5,CAR,DET,20,4,1,1,-25,120,11,nickel,6,pass,1,1,1,0
2023,5,WAS,CHI,2,4,2,67,-7,3302,11,,,punt,0,0,0,0
2023,5,CHI,WAS,3,4,1,4,7,2960,,,,field_goal,0,0,0,0
2023,5,WAS,CHI,4,4,11,76,-10,2823,11,,,punt,0,0,0,0
2023,5,WAS,CHI,6,4,4,33,-17,2317,,base,,field_goal,0,0,0,0
2023,5,CHI,WAS,7,4,1,36,14,2169,11,dime,7,run,1,1,0,0
2023,5,CHI,WAS,7,4,4,18,14,1948,,base,,field_goal,0,0,0,0
2023,5,CHI,WAS,12,4,5,55,16,1485,,,,punt,0,0,0,0
2023,5,CHI,WAS,14,4,20,56,16,1369,,,,punt,0,0,0,0
2023,5,WAS,CHI,15,4,2,13,-16,1100,,base,,field_goal,0,0,0,0
2023,5,CHI,WAS,16,4,4,25,13,853,,base,,field_goal,0,0,0,0
2023,5,CHI,WAS,18,4,2,67,10,560,,,,punt,0,0,0,0
2023,5,WAS,CHI,19,4,15,28,-10,314,,base,,field_goal,0,0,0,0
2023,5,WAS,CHI,21,4,18,83,-17,159,11,nickel,4,pass,9,0,0,0
2023,5,CHI,WAS,22,4,3,19,17,120,,base,,field_goal,0,0,0,0
2023,5,ARI,CIN,1,4,13,78,0,3508,,base,,punt,0,0,0,0
2023,5,ARI,CIN,3,4,7,72,-7,3063,,base,,punt,0,0,0,0
2023,5,CIN,ARI,4,4,22,22,7,2810,,,,field_goal,0,0,0,0
2023,5,CIN,ARI,6,4,14,79,3,2455,21,base,,punt,0,0,0,0
2023,5,CIN,ARI,8,4,7,72,-4,2256,21,base,,punt,0,0,0,0
2023,5,ARI,CIN,9,4,10,70,4,2232,,base,,punt,0,0,0,0
2023,5,CIN,ARI,10,4,1,1,-4,1897,12,base,10,run,0,0,0,0
2023,5,ARI,CIN,12,4,4,69,-3,1869,,base,,punt,0,0,0,0
2023,5,ARI,CIN,17,4,1,16,-4,1009,11,nickel,6,run,-1,0,0,0
2023,5,CIN,ARI,20,4,15,22,11,396,,,,field_goal,0,0,0,0
2023,5,ARI,CIN,21,4,2,67,-14,301,11,nickel,6,pass,0,0,0,1
2023,5,CIN,ARI,22,4,7,45,14,203,heavy,base,,punt,0,0,0,0
2023,5,ARI,CIN,23,4,10,63,-14,136,11,nickel,4,pass,0,0,0,0
2023,5,CIN,ARI,24,4,5,32,14,23,12,nickel,6,pass,0,0,0,0
2023,5,DAL,SF,2,4,9,74,-7,3328,12,nickel,,punt,0,0,0,0
2023,5,SF,DAL,3,4,2,69,7,3234,12,base,,punt,0,0,0,0
2023,5,DAL,SF,4,4,9,78,-7,3122,12,nickel,,punt,0,0,0,0
2023,5,SF,DAL,5,4,20,41,7,2753,12,,,punt,0,0,0,0
2023,5,DAL,SF,8,4,8,96,-7,2620,12,nickel,,punt,0,0,0,0
2023,5,DAL,SF,12,4,2,58,-14,1920,12,base,,punt,0,0,0,0
2023,5,SF,DAL,13,4,2,74,14,1860,12,,,punt,0,0,0,0
2023,5,DAL,SF,15,4,5,32,-14,1618,,base,,field_goal,0,0,0,0
2023,5,SF,DAL,22,4,16,45,32,536,12,,,punt,0,0,0,0
2023,5,DAL,SF,23,4,14,88,-32,303,12,nickel,,punt,0,0,0,0
2023,5,SF,DAL,24,4,7,36,32,120,12,dime,7,run,-4,0,0,0
2023,5,GB,LV,1,4,8,52,0,3328,,base,,punt,0,0,0,0
2023,5,LV,GB,2,4,15,62,0,3097,21,base,,punt,0,0,0,0
2023,5,GB,LV,3,4,8,18,0,2861,,,,field_goal,0,0,0,0
2023,5,LV,GB,4,4,12,47,-3,2700,21,,,punt,0,0,0,0
2023,5,GB,LV,5,4,11,79,3,2565,,,,punt,0,0,0,0
2023,5,LV,GB,6,4,1,16,-3,2124,11,nickel,7,run,3,1,0,0
2023,5,LV,GB,8,4,8,8,4,1955,,base,,field_goal,0,0,0,0
2023,5,GB,LV,9,4,7,72,-7,1867,,base,,punt,0,0,0,0
2023,5,LV,GB,10,4,3,35,7,1812,,base,,field_goal,0,0,0,0
2023,5,GB,LV,13,4,2,29,-7,1572,12,nickel,7,run,3,1,0,0
2023,5,LV,GB,14,4,6,68,0,1347,21,base,,punt,0,0,0,0
2023,5,GB,LV,15,4,4,4,0,1219,,,,field_goal,0,0,0,0
2023,5,LV,GB,18,4,13,61,4,430,heavy,base,,punt,0,0,0,0
2023,5,GB,LV,19,4,10,83,-4,343,,base,,punt,0,0,0,0
2023,5,LV,GB,20,4,2,34,4,120,,base,,field_goal,0,0,0,0
2023,5,ATL,HOU,1,4,6,85,0,3524,,nickel,,punt,0,0,0,0
2023,5,HOU,ATL,2,4,1,19,0,3342,,base,,field_goal,0,0,0,0
2023,5,HOU,ATL,4,4,10,60,-4,2982,,nickel,,punt,0,0,0,0
2023,5,ATL,HOU,5,4,10,59,4,2842,,nickel,,punt,0,0,0,0
2023,5,HOU,ATL,6,4,10,25,-4,2655,,base,,field_goal,0,0,0,0
2023,5,ATL,HOU,7,4,3,68,1,2584,,base,,punt,0,0,0,0
2023,5,HOU,ATL,8,4,9,47,-1,2479,,nickel,,punt,0,0,0,0
2023,5,ATL,HOU,9,4,16,45,1,2286,,nickel,,punt,0,0,0,0
2023,5,HOU,ATL,10,4,5,75,-1,2203,,nickel,,punt,0,0,0,0
2023,5,ATL,HOU,11,4,17,44,1,1911,,nickel,,punt,0,0,0,0
2023,5,HOU,ATL,14,4,8,44,2,1610,,nickel,,punt,0,0,0,0
2023,5,HOU,ATL,16,4,4,24,2,1479,,base,,field_goal,0,0,0,0
2023,5,HOU,ATL,18,4,6,66,5,1141,,nickel,,punt,0,0,0,0
2023,5,HOU,ATL,20,4,2,67,-3,679,,nickel,,punt,0,0,0,0
2023,5,ATL,HOU,21,4,11,14,3,420,,base,,field_goal,0,0,0,0
2023,5,ATL,HOU,23,4,3,19,-1,2,,base,,field_goal,0,0,0,0
2023,5,JAX,BUF,1,4,1,60,0,3463,11,,,punt,0,0,0,0
2023,5,BUF,JAX,2,4,2,72,0,3376,,base,,punt,0,0,0,0
2023,5,BUF,JAX,4,4,1,66,-8,3012,,base,,punt,0,0,0,0
2023,5,JAX,BUF,5,4,5,26,8,2777,,base,,field_goal,0,0,0,0
2023,5,BUF,JAX,6,4,3,57,-11,2653,,base,,punt,0,0,0,0
2023,5,JAX,BUF,7,4,9,58,11,2421,11,base,,punt,0,0,0,0
2023,5,BUF,JAX,8,4,6,74,-11,2278,,base,,punt,0,0,0,0
2023,5,JAX,BUF,9,4,2,71,11,2153,11,base,,punt,0,0,0,0
2023,5,BUF,JAX,13,4,10,61,-4,1726,,base,,punt,0,0,0,0
2023,5,JAX,BUF,14,4,29,57,4,1484,11,base,,punt,0,0,0,0
2023,5,BUF,JAX,15,4,10,42,-4,1383,,base,,punt,0,0,0,0
2023,5,JAX,BUF,22,4,6,45,5,30,11,base,,punt,0,0,0,0
2023,5,MIN,KC,3,4,5,43,-7,3089,,dime,5,pass,11,1,0,0
2023,5,MIN,KC,3,4,7,22,-7,2946,,base,,field_goal,0,0,0,0
2023,5,KC,MIN,4,4,5,20,4,2569,,base,,field_goal,0,0,0,0
2023,5,MIN,KC,5,4,4,11,-7,2285,,base,,field_goal,0,0,0,0
2023,5,KC,MIN,6,4,6,71,4,2233,11,base,,punt,0,0,0,0
2023,5,MIN,KC,7,4,2,48,-4,2106,12,,,run,15,1,0,0
2023,5,KC,MIN,8,4,8,22,-3,1804,,base,,field_goal,0,0,0,0
2023,5,MIN,KC,10,4,7,72,-7,1462,11,base,,punt,0,0,0,0
2023,5,KC,MIN,11,4,1,48,7,1265,12,,8,penalty,31,1,0,0
2023,5,MIN,KC,12,4,6,19,-14,775,,dime,5,pass,10,1,0,0
2023,5,KC,MIN,13,4,6,58,7,545,11,base,,punt,0,0,0,0
2023,5,MIN,KC,14,4,12,24,-7,294,,dime,6,pass,0,0,0,0
2023,5,KC,MIN,15,4,3,56,7,75,11,base,,punt,0,0,0,0
2023,5,MIN,KC,16,4,1,72,-7,37,11,dime,5,pass,3,1,0,0
2023,5,NO,NE,1,4,24,59,0,3328,,dime,,punt,0,0,0,0
2023,5,NE,NO,2,4,2,86,0,3272,,base,,punt,0,0,0,0
2023,5,NO,NE,3,4,9,39,0,3178,,base,,punt,0,0,0,0
2023,5,NE,NO,5,4,3,30,-7,2925,,,,field_goal,0,0,0,0
2023,5,NE,NO,7,4,6,79,-14,2610,,,,punt,0,0,0,0
2023,5,NE,NO,9,4,8,61,-21,2212,,base,,punt,0,0,0,0
2023,5,NO,NE,10,4,8,41,21,1871,,base,,punt,0,0,0,0
2023,5,NE,NO,11,4,27,58,-21,1815,,base,,punt,0,0,0,0
2023,5,NO,NE,14,4,16,35,21,1600,,base,,field_goal,0,0,0,0
2023,5,NE,NO,15,4,3,40,-24,1495,,base,,punt,0,0,0,0
2023,5,NO,NE,16,4,2,79,24,1379,,base,,punt,0,0,0,0
2023,5,NE,NO,17,4,12,67,-24,1311,,base,,punt,0,0,0,0
2023,5,NO,NE,18,4,8,53,24,981,,base,,punt,0,0,0,0
2023,5,NE,NO,21,4,4,69,-31,704,,base,,punt,0,0,0,0
2023,5,NO,NE,22,4,7,79,31,551,,dime,,punt,0,0,0,0
2023,5,NE,NO,23,4,1,67,-31,442,12,base,8,run,0,0,0,0
2023,5,NO,NE,24,4,12,35,31,347,,base,,field_goal,0,0,0,0
2023,5,NE,NO,25,4,2,67,-34,256,,base,,punt,0,0,0,0
2023,5,NO,NE,26,4,10,71,34,146,,dime,,punt,0,0,0,0
2023,5,NE,NO,27,4,5,83,-34,115,11,dime,6,pass,0,0,0,0
2023,5,NYG,MIA,1,4,5,49,0,3395,12,base,,punt,0,0,0,0
2023,5,NYG,MIA,3,4,13,37,-7,2700,,base,,field_goal,0,0,0,0
2023,5,NYG,MIA,5,4,3,55,-7,2474,12,base,,punt,0,0,0,0
2023,5,NYG,MIA,7,4,1,45,-14,2245,12,,7,penalty,5,1,0,0
2023,5,NYG,MIA,7,4,15,31,-14,2026,,base,,field_goal,0,0,0,0
2023,5,MIA,NYG,9,4,9,22,4,1804,,nickel,,field_goal,0,0,0,0
2023,5,NYG,MIA,11,4,6,44,-14,1465,12,base,,punt,0,0,0,0
2023,5,NYG,MIA,13,4,6,19,-14,1171,,base,,field_goal,0,0,0,0
2023,5,NYG,MIA,15,4,3,68,-18,853,12,base,,punt,0,0,0,0
2023,5,MIA,NYG,16,4,7,69,18,770,,nickel,,punt,0,0,0,0
2023,5,NYG,MIA,17,4,8,49,-18,698,11,nickel,6,run,9,1,0,0
2023,5,NYG,MIA,17,4,14,33,-18,536,,base,,field_goal,0,0,0,0
2023,5,MIA,NYG,18,4,1,66,15,393,,nickel,,punt,0,0,0,0
2023,5,NYG,MIA,19,4,2,49,-15,199,11,nickel,5,penalty,5,1,0,0
2023,5,NYG,MIA,19,4,3,19,-15,92,11,nickel,6,run,2,0,0,0
2023,5,NYJ,DEN,1,4,9,74,0,3480,,nickel,,punt,0,0,0,1
2023,5,NYJ,DEN,2,4,12,12,0,3382,,base,,field_goal,0,0,0,0
2023,5,NYJ,DEN,4,4,7,60,-4,2973,,nickel,,punt,0,0,0,0
2023,5,NYJ,DEN,6,4,34,91,-2,2832,,nickel,,punt,0,0,0,0
2023,5,DEN,NYJ,7,4,5,5,2,2570,,base,,field_goal,0,0,0,0
2023,5,NYJ,DEN,8,4,8,8,-5,2204,,base,,field_goal,0,0,0,0
2023,5,DEN,NYJ,9,4,4,4,2,1911,,base,,field_goal,0,0,0,0
2023,5,DEN,NYJ,11,4,6,71,5,1725,,base,,punt,0,0,0,0
2023,5,DEN,NYJ,13,4,14,79,-2,1593,,base,,punt,0,0,0,0
2023,5,NYJ,DEN,14,4,9,9,2,1219,,base,,field_goal,0,0,0,0
2023,5,DEN,NYJ,15,4,16,81,-5,1139,,base,,punt,0,0,0,1
2023,5,NYJ,DEN,17,4,3,4,5,742,,base,,field_goal,0,0,0,0
2023,5,DEN,NYJ,18,4,12,77,-8,632,,base,,punt,0,0,0,0
2023,5,NYJ,DEN,19,4,1,31,8,451,,base,,field_goal,0,0,0,0
2023,5,LA,PHI,2,4,1,22,-7,2945,11,nickel,6,pass,12,1,0,0
2023,5,PHI,LA,3,4,10,50,0,2628,,base,,punt,0,0,0,0
2023,5,LA,PHI,4,4,7,73,0,2455,11,base,,punt,0,0,0,0
2023,5,PHI,LA,5,4,3,16,0,1939,,base,,field_goal,0,0,0,0
2023,5,LA,PHI,8,4,21,59,-3,1579,11,base,,punt,0,0,0,0
2023,5,LA,PHI,10,4,19,52,-3,1245,11,base,,punt,0,0,0,0
2023,5,PHI,LA,11,4,7,8,3,753,,base,,field_goal,0,0,0,0
2023,5,LA,PHI,12,4,5,58,-6,607,11,base,,punt,0,0,0,0
2023,5,PHI,LA,13,4,8,8,6,249,,base,,field_goal,0,0,0,0
2023,5,LA,PHI,14,4,12,59,-9,170,11,nickel,5,pass,-13,0,0,0
2023,5,PHI,LA,15,4,2,9,9,68,12,base,9,run,1,0,0,0
2023,5,LA,PHI,16,4,5,87,-9,29,11,nickel,6,pass,12,1,0,0
2023,5,IND,TEN,1,4,9,54,0,3414,,nickel,,punt,0,0,0,0
2023,5,TEN,IND,2,4,6,9,0,2897,,base,,field_goal,0,0,0,0
2023,5,TEN,IND,4,4,8,73,-4,2690,,nickel,,punt,0,0,0,0
2023,5,IND,TEN,5,4,19,25,4,2376,,base,,field_goal,0,0,0,0
2023,5,TEN,IND,6,4,3,35,-7,2084,,base,,field_goal,0,0,0,0
2023,5,IND,TEN,7,4,1,5,4,1815,12,nickel,8,pass,0,0,0,0
2023,5,TEN,IND,11,4,12,16,-4,1026,,base,,field_goal,0,0,0,0
2023,5,IND,TEN,12,4,7,17,1,806,,nickel,,field_goal,0,0,0,0
2023,5,TEN,IND,13,4,1,5,-4,489,11,base,7,run,0,0,0,0
2023,5,IND,TEN,14,4,2,10,4,63,,base,,field_goal,0,0,0,0
2023,5,TEN,IND,15,4,2,67,-7,45,11,nickel,4,pass,7,1,0,0
2023,6,ARI,LA,1,4,8,37,0,3390,,base,,field_goal,0,0,0,0
2023,6,LA,ARI,2,4,5,50,-3,3257,11,base,,punt,0,0,0,0
2023,6,ARI,LA,3,4,15,53,3,2840,,,,punt,0,0,0,0
2023,6,LA,ARI,4,4,10,11,-3,2715,,,,field_goal,0,0,0,0
2023,6,ARI,LA,5,4,11,60,0,2618,,,,punt,0,0,0,1
2023,6,ARI,LA,6,4,7,14,0,2558,,base,,field_goal,0,0,0,0
2023,6,LA,ARI,7,4,12,77,-3,2441,11,base,,punt,0,0,0,0
2023,6,ARI,LA,8,4,5,40,3,2236,11,nickel,6,pass,0,0,0,0
2023,6,LA,ARI,9,4,21,70,-3,2112,11,base,,punt,0,0,0,0
2023,6,ARI,LA,10,4,4,9,3,1846,,base,,field_goal,0,0,0,0
2023,6,LA,ARI,11,4,1,17,-6,1808,,,,field_goal,0,0,0,0
2023,6,ARI,LA,14,4,7,72,-4,1345,,,,punt,0,0,0,0
2023,6,LA,ARI,15,4,5,6,4,1067,,,,field_goal,0,0,0,0
2023,6,LA,ARI,19,4,2,25,14,282,,,,field_goal,0,0,0,0
2023,6,ARI,LA,20,4,10,75,-17,265,11,dime,6,pass,26,1,0,0
2023,6,ARI,LA,20,4,8,47,-17,218,11,dime,6,pass,0,0,0,0
2023,6,LA,ARI,21,4,6,49,17,120,,base,,punt,0,0,0,0
2023,6,ARI,LA,22,4,1,71,-17,80,11,dime,6,pass,9,1,0,0
2023,6,BAL,TEN,1,4,1,23,0,3330,,base,,field_goal,0,0,0,0
2023,6,TEN,BAL,2,4,2,8,-3,3038,,base,,field_goal,0,0,0,0
2023,6,BAL,TEN,3,4,4,10,0,2707,,base,,field_goal,0,0,0,0
2023,6,TEN,BAL,4,4,5,70,-3,2638,,base,,punt,0,0,0,0
2023,6,BAL,TEN,5,4,5,5,3,2416,,base,,field_goal,0,0,0,0
2023,6,TEN,BAL,6,4,3,68,-6,2328,,base,,punt,0,0,0,0
2023,6,TEN,BAL,8,4,18,63,-12,1917,,base,,punt,0,0,0,0
2023,6,BAL,TEN,9,4,3,46,12,1812,12,base,,punt,0,0,0,1
2023,6,TEN,BAL,11,4,9,74,-15,1683,,,,punt,0,0,0,0
2023,6,BAL,TEN,12,4,11,69,15,1626,12,nickel,,punt,0,0,0,0
2023,6,TEN,BAL,13,4,9,9,-15,1467,,base,,field_goal,0,0,0,0
2023,6,BAL,TEN,16,4,11,76,5,1319,12,base,,punt,0,0,0,0
2023,6,BAL,TEN,18,4,2,2,5,772,,base,,field_goal,0,0,0,0
2023,6,TEN,BAL,19,4,5,59,-8,542,,base,,punt,0,0,0,0
2023,6,BAL,TEN,20,4,1,19,8,259,,base,,field_goal,0,0,0,0
2023,6,CAR,MIA,1,4,4,69,0,3495,,base,,punt,0,0,0,0
2023,6,MIA,CAR,2,4,4,68,0,3375,,,,punt,0,0,0,0
2023,6,MIA,CAR,4,4,11,76,-7,3039,,,,punt,0,0,0,0
2023,6,CAR,MIA,7,4,8,51,7,2307,,base,8,pass,7,0,0,0
2023,6,CAR,MIA,9,4,6,71,0,2109,,base,,punt,0,0,0,0
2023,6,CAR,MIA,11,4,2,25,-7,1802,,base,,field_goal,0,0,0,0
2023,6,MIA,CAR,12,4,10,75,7,1787,,,,punt,0,0,0,0
2023,6,CAR,MIA,13,4,15,64,-7,1600,,base,,punt,0,0,0,0
2023,6,CAR,MIA,15,4,2,24,-14,1051,11,nickel,5,pass,0,0,0,0
2023,6,CAR,MIA,17,4,29,83,-21,596,,base,,punt,0,0,0,0
2023,6,MIA,CAR,18,4,12,54,21,458,,,,punt,0,0,0,0
2023,6,CAR,MIA,19,4,10,60,-21,297,11,dime,4,pass,0,0,0,0
2023,6,CAR,MIA,22,4,4,69,-21,116,11,nickel,6,pass,0,0,0,0
2023,6,DAL,LAC,1,4,17,85,0,3491,heavy,base,,punt,0,0,0,0
2023,6,DAL,LAC,3,4,1,18,-7,3086,11,nickel,7,run,18,1,1,0
2023,6,LAC,DAL,4,4,2,67,0,2991,,,,punt,0,0,0,0
2023,6,DAL,LAC,5,4,6,47,0,2821,heavy,base,,punt,0,0,0,0
2023,6,LAC,DAL,6,4,8,42,0,2506,,,,punt,0,0,0,0
2023,6,DAL,LAC,7,4,9,87,0,2379,heavy,base,,punt,0,0,0,0
2023,6,LAC,DAL,8,4,2,60,0,2253,,,,punt,0,0,0,0
2023,6,DAL,LAC,9,4,1,13,0,1949,heavy,base,11,run,0,0,0,0
2023,6,LAC,DAL,10,4,14,54,0,1869,,,,punt,0,0,0,0
2023,6,LAC,DAL,12,4,1,7,-3,1367,12,nickel,7,pass,0,0,0,0
2023,6,DAL,LAC,13,4,12,95,3,1282,heavy,base,,punt,0,0,0,0
2023,6,LAC,DAL,14,4,6,6,-3,971,,,,field_goal,0,0,0,0
2023,6,LAC,DAL,16,4,10,70,-7,535,,,,punt,0,0,0,1
2023,6,LAC,DAL,17,4,1,1,-7,435,12,dime,7,pass,1,1,1,0
2023,6,DAL,LAC,18,4,10,21,0,143,,,,field_goal,0,0,0,0
2023,6,DEN,KC,1,4,3,38,0,3272,,dime,6,pass,-3,0,0,0
2023,6,KC,DEN,2,4,3,17,0,3044,,,,field_goal,0,0,0,0
2023,6,DEN,KC,5,4,2,74,-3,2669,,,,punt,0,0,0,0
2023,6,KC,DEN,6,4,2,6,3,2290,,base,10,run,1,0,0,0
2023,6,DEN,KC,7,4,5,90,-3,2196,,base,,punt,0,0,0,0
2023,6,DEN,KC,9,4,5,70,-10,1920,,base,,punt,0,0,0,0
2023,6,KC,DEN,10,4,26,68,10,1861,11,nickel,,punt,0,0,0,0
2023,6,DEN,KC,11,4,12,63,-10,1822,,base,,punt,0,0,0,0
2023,6,KC,DEN,13,4,7,7,13,1459,,base,,field_goal,0,0,0,0
2023,6,KC,DEN,15,4,3,43,16,996,11,base,,punt,0,0,0,0
2023,6,DEN,KC,16,4,10,73,-16,780,,base,,punt,0,0,0,0
2023,6,KC,DEN,17,4,3,69,16,571,11,nickel,,punt,0,0,0,0
2023,6,KC,DEN,19,4,21,34,8,120,,base,,field_goal,0,0,0,0
2023,6,TB,DET,1,4,9,56,0,3488,11,,,punt,0,0,0,0
2023,6,DET,TB,2,4,7,51,0,3319,12,base,,punt,0,0,0,0
2023,6,DET,TB,4,4,10,12,0,3193,,base,,field_goal,0,0,0,0
2023,6,TB,DET,5,4,9,77,-3,3024,11,,,punt,0,0,0,0
2023,6,DET,TB,6,4,1,50,3,2803,12,base,,punt,0,0,0,0
2023,6,TB,DET,7,4,12,68,-3,2612,11,,,punt,0,0,0,0
2023,6,DET,TB,8,4,2,87,3,2525,12,base,,punt,0,0,0,0
2023,6,TB,DET,9,4,3,15,-3,2258,,base,,field_goal,0,0,0,0
2023,6,TB,DET,11,4,5,57,-7,1866,11,,,punt,0,0,0,0
2023,6,DET,TB,13,4,13,34,7,1538,,base,,field_goal,0,0,0,0
2023,6,TB,DET,14,4,11,18,-7,1368,,base,,field_goal,0,0,0,0
2023,6,TB,DET,16,4,7,62,-11,976,11,,,punt,0,0,0,0
2023,6,DET,TB,17,4,8,18,11,724,,base,,field_goal,0,0,0,0
2023,6,TB,DET,18,4,2,67,-14,652,11,base,,punt,0,0,0,0
2023,6,DET,TB,19,4,14,44,14,235,12,base,,punt,0,0,0,0
2023,6,TB,DET,20,4,4,76,-14,122,11,nickel,6,pass,8,1,0,0
2023,6,TB,DET,20,4,10,29,-14,58,11,nickel,7,pass,0,0,0,0
2023,6,IND,JAX,1,4,1,43,0,3291,11,nickel,9,pass,3,1,0,0
2023,6,IND,JAX,1,4,5,10,0,3092,,base,,field_goal,0,0,0,0
2023,6,JAX,IND,2,4,1,55,-3,2901,heavy,base,6,run,7,1,0,0
2023,6,IND,JAX,5,4,2,67,-11,2588,,,,punt,0,0,0,0
2023,6,JAX,IND,6,4,4,58,11,2452,11,base,,punt,0,0,0,0
2023,6,IND,JAX,7,4,1,75,-11,2298,,base,,punt,0,0,0,0
2023,6,JAX,IND,8,4,14,70,11,2212,11,nickel,,punt,0,0,0,0
2023,6,IND,JAX,11,4,6,38,-18,1811,,base,,field_goal,0,0,0,0
2023,6,JAX,IND,13,4,10,75,15,1786,11,nickel,,punt,0,0,0,0
2023,6,JAX,IND,15,4,1,30,15,1549,,base,,field_goal,0,0,0,0
2023,6,IND,JAX,16,4,12,77,-18,1426,,base,,punt,0,0,0,0
2023,6,IND,JAX,18,4,7,72,-25,1095,11,nickel,5,pass,14,1,0,0
2023,6,IND,JAX,18,4,2,2,-25,859,11,base,7,pass,2,1,1,0
2023,6,IND,JAX,20,4,5,15,-18,673,11,nickel,6,pass,0,0,0,1
2023,6,JAX,IND,21,4,15,85,18,534,11,nickel,,punt,0,0,0,0
2023,6,JAX,IND,23,4,4,31,11,295,,base,,field_goal,0,0,0,0
2023,6,IND,JAX,24,4,17,82,-14,207,11,nickel,4,pass,0,0,0,0
2023,6,JAX,IND,25,4,24,33,14,184,,base,,field_goal,0,0,0,0
2023,6,IND,JAX,26,4,10,53,-17,111,11,nickel,4,pass,0,0,0,0
2023,6,CHI,MIN,1,4,21,65,0,3381,,dime,,punt,0,0,0,0
2023,6,MIN,CHI,2,4,1,39,0,3214,12,base,8,run,1,1,0,0
2023,6,MIN,CHI,2,4,7,35,0,3089,,base,,field_goal,0,0,0,0
2023,6,CHI,MIN,3,4,4,4,-3,2625,,base,,field_goal,0,0,0,0
2023,6,MIN,CHI,4,4,8,33,0,2342,,base,,field_goal,0,0,0,0
2023,6,CHI,MIN,5,4,6,67,-3,2272,,nickel,,punt,0,0,0,0
2023,6,MIN,CHI,6,4,12,63,3,2174,11,base,,punt,0,0,0,0
2023,6,CHI,MIN,7,4,4,35,-3,2003,,base,,field_goal,0,0,0,0
2023,6,MIN,CHI,12,4,5,70,6,1722,11,base,,punt,0,0,0,0
2023,6,CHI,MIN,13,4,12,53,-6,1499,,nickel,,punt,0,0,0,0
2023,6,MIN,CHI,14,4,1,86,6,1395,11,,,punt,0,0,0,0
2023,6,CHI,MIN,16,4,3,45,-13,1166,11,dime,6,pass,0,0,0,0
2023,6,MIN,CHI,17,4,9,39,13,919,,base,,field_goal,0,0,0,0
2023,6,CHI,MIN,18,4,12,55,-13,860,,base,,punt,0,0,0,0
2023,6,MIN,CHI,19,4,8,66,13,773,11,base,,punt,0,0,0,0
2023,6,MIN,CHI,21,4,7,72,6,413,11,base,,punt,0,0,0,0
2023,6,LV,NE,1,4,11,23,0,3213,,base,,penalty,12,1,0,0
2023,6,LV,NE,1,4,5,6,0,3117,,base,,field_goal,0,0,0,0
2023,6,NE,LV,2,4,9,74,-3,3065,,,,punt,0,0,0,0
2023,6,NE,LV,4,4,18,94,-3,2805,,,,punt,0,0,0,0
2023,6,NE,LV,6,4,5,24,-10,2322,,,,field_goal,0,0,0,0
2023,6,LV,NE,7,4,5,70,7,2229,21,dime,,punt,0,0,0,0
2023,6,LV,NE,9,4,4,19,7,1814,,base,,field_goal,0,0,0,0
2023,6,LV,NE,12,4,11,12,3,1138,,base,,field_goal,0,0,0,0
2023,6,NE,LV,13,4,8,73,-6,1059,,,,punt,0,0,0,0
2023,6,LV,NE,14,4,6,6,6,786,,base,,field_goal,0,0,0,0
2023,6,LV,NE,16,4,3,55,2,151,21,base,,punt,0,0,0,0
2023,6,HOU,NO,1,4,5,52,0,3381,,base,,punt,0,0,0,0
2023,6,NO,HOU,2,4,6,34,0,3105,,base,,field_goal,0,0,0,0
2023,6,HOU,NO,6,4,3,5,0,2430,,,,field_goal,0,0,0,0
2023,6,NO,HOU,7,4,6,77,-3,2353,,base,,punt,0,0,0,0
2023,6,NO,HOU,9,4,14,29,-10,1822,,base,,field_goal,0,0,0,0
2023,6,NO,HOU,11,4,19,70,-7,1600,,base,,punt,0,0,0,0
2023,6,HOU,NO,12,4,9,70,7,1508,,base,,punt,0,0,0,0
2023,6,NO,HOU,13,4,10,93,-7,1457,,base,,punt,0,0,0,0
2023,6,HOU,NO,14,4,4,4,7,1323,,,,field_goal,0,0,0,0
2023,6,NO,HOU,15,4,23,27,-10,1041,,base,,field_goal,0,0,0,0
2023,6,HOU,NO,16,4,12,77,7,949,,base,,punt,0,0,0,0
2023,6,NO,HOU,17,4,8,11,-7,670,,base,,field_goal,0,0,0,0
2023,6,HOU,NO,18,4,3,53,7,498,,base,,punt,0,0,0,0
2023,6,NO,HOU,19,4,4,15,-7,277,,nickel,6,pass,2,0,0,0
2023,6,HOU,NO,20,4,12,52,7,168,,base,,punt,0,0,0,0
2023,6,NO,HOU,21,4,10,24,-7,21,,nickel,6,pass,0,0,0,1
2023,6,BUF,NYG,1,4,7,72,0,3553,,nickel,,punt,0,0,0,0
2023,6,NYG,BUF,2,4,3,69,0,3440,12,base,,punt,0,0,0,0
2023,6,NYG,BUF,4,4,11,11,0,2902,,base,,field_goal,0,0,0,0
2023,6,BUF,NYG,5,4,10,37,-3,2797,,base,,punt,0,0,0,0
2023,6,NYG,BUF,6,4,12,92,3,2700,12,,,punt,0,0,0,0
2023,6,BUF,NYG,7,4,14,73,-3,2636,,nickel,,punt,0,0,0,0
2023,6,NYG,BUF,8,4,11,86,3,2508,12,,,punt,0,0,0,0
2023,6,BUF,NYG,9,4,7,34,-3,2379,,nickel,,field_goal,0,0,0,0
2023,6,NYG,BUF,10,4,15,24,3,2112,,base,,field_goal,0,0,0,0
2023,6,NYG,BUF,13,4,11,44,6,1499,12,,,punt,0,0,0,0
2023,6,NYG,BUF,15,4,1,11,-1,638,,base,,field_goal,0,0,0,0
2023,6,NYG,BUF,17,4,8,62,-5,112,11,dime,6,pass,0,0,0,0
2023,6,BUF,NYG,18,4,9,36,5,89,,nickel,,field_goal,0,0,0,0
2023,6,NYG,BUF,19,4,5,27,-5,22,11,dime,5,pass,12,1,0,0
2023,6,NYJ,PHI,1,4,5,63,0,3480,,base,,punt,0,0,0,0
2023,6,PHI,NYJ,2,4,3,3,0,2888,11,nickel,6,run,3,1,1,0
2023,6,NYJ,PHI,3,4,13,25,-7,2595,,base,,field_goal,0,0,0,0
2023,6,NYJ,PHI,5,4,5,40,-4,2312,11,nickel,5,pass,4,0,0,0
2023,6,NYJ,PHI,7,4,16,24,-11,1954,,base,,field_goal,0,0,0,0
2023,6,NYJ,PHI,9,4,15,17,-8,1802,,base,,field_goal,0,0,0,0
2023,6,PHI,NYJ,10,4,14,48,5,1586,,base,,punt,0,0,0,0
2023,6,NYJ,PHI,11,4,18,44,-5,1335,,base,,punt,0,0,0,0
2023,6,PHI,NYJ,12,4,6,89,5,1238,,base,,punt,0,0,0,0
2023,6,NYJ,PHI,13,4,17,20,-5,948,,base,,field_goal,0,0,0,0
2023,6,NYJ,PHI,15,4,15,67,-2,732,,,,punt,0,0,0,0
2023,6,PHI,NYJ,16,4,10,19,2,497,,base,,field_goal,0,0,0,0
2023,6,NYJ,PHI,17,4,13,65,-2,293,,,,punt,0,0,0,0
2023,6,PHI,NYJ,20,4,8,73,-6,84,11,nickel,6,pass,0,0,0,0
2023,6,CIN,SEA,2,4,2,46,-7,3072,11,nickel,,penalty,4,1,0,0
2023,6,SEA,CIN,3,4,4,69,0,2751,21,base,,punt,0,0,0,0
2023,6,SEA,CIN,5,4,11,44,-7,2222,heavy,,,punt,0,0,0,0
2023,6,CIN,SEA,6,4,1,67,7,2019,heavy,,,punt,0,0,0,0
2023,6,SEA,CIN,7,4,11,37,-7,1848,,base,,field_goal,0,0,0,0
2023,6,CIN,SEA,8,4,6,71,4,1822,heavy,,,punt,0,0,0,0
2023,6,CIN,SEA,12,4,16,84,4,1254,heavy,,,punt,0,0,0,0
2023,6,SEA,CIN,13,4,5,5,-4,1047,,base,,field_goal,0,0,0,0
2023,6,CIN,SEA,14,4,1,56,1,853,heavy,,,punt,0,0,0,0
2023,6,CIN,SEA,16,4,10,34,1,712,,,,field_goal,0,0,0,0
2023,6,SEA,CIN,17,4,5,55,-4,594,21,base,,punt,0,0,0,0
2023,6,CIN,SEA,18,4,14,74,4,384,heavy,,,punt,0,0,0,0
2023,6,SEA,CIN,19,4,6,6,-4,128,12,nickel,6,pass,-8,0,0,0
2023,6,CIN,SEA,20,4,6,82,4,108,heavy,,,punt,0,0,0,0
2023,6,SEA,CIN,21,4,8,9,-4,41,11,nickel,6,pass,0,0,0,0
2023,6,SF,CLE,3,4,20,36,7,3115,,base,,field_goal,0,0,0,0
2023,6,CLE,SF,4,4,7,29,-7,2935,,base,,field_goal,0,0,0,0
2023,6,SF,CLE,5,4,13,66,7,2838,12,base,,punt,0,0,0,0
2023,6,CLE,SF,6,4,6,52,-7,2669,11,nickel,,punt,0,0,0,0
2023,6,SF,CLE,7,4,3,7,7,2277,,nickel,,field_goal,0,0,0,0
2023,6,SF,CLE,9,4,23,45,3,1904,12,base,,punt,0,0,0,0
2023,6,CLE,SF,10,4,12,78,-3,1834,11,nickel,,punt,0,0,0,0
2023,6,CLE,SF,12,4,6,24,-3,1573,,base,,field_goal,0,0,0,0
2023,6,CLE,SF,14,4,29,57,0,1404,12,base,,punt,0,0,0,0
2023,6,SF,CLE,15,4,22,92,0,1258,12,base,,punt,0,0,0,0
2023,6,CLE,SF,16,4,3,27,0,1083,,base,,field_goal,0,0,0,0
2023,6,SF,CLE,17,4,10,75,-3,900,12,base,,punt,0,0,0,0
2023,6,CLE,SF,18,4,6,62,3,807,12,base,,punt,0,0,0,0
2023,6,SF,CLE,19,4,10,82,-3,745,12,base,,punt,0,0,0,0
2023,6,CLE,SF,22,4,4,40,-4,412,,nickel,6,pass,6,1,0,0
2023,6,CLE,SF,22,4,21,32,-4,206,,base,,field_goal,0,0,0,0
2023,6,SF,CLE,23,4,11,76,1,185,,base,,punt,0,0,0,0
2023,6,CLE,SF,24,4,7,11,-1,103,,base,,field_goal,0,0,0,0
2023,6,WAS,ATL,1,4,6,19,0,3228,,base,,field_goal,0,0,0,0
2023,6,WAS,ATL,3,4,14,66,-4,2711,,dime,,punt,0,0,0,0
2023,6,ATL,WAS,4,4,4,71,4,2615,,,,punt,0,0,0,0
2023,6,ATL,WAS,6,4,3,48,-3,2303,11,nickel,6,pass,0,0,0,0
2023,6,WAS,ATL,7,4,1,43,3,2253,11,nickel,6,run,4,1,0,0
2023,6,ATL,WAS,8,4,13,29,-10,1896,,base,,field_goal,0,0,0,0
2023,6,WAS,ATL,9,4,20,85,7,1858,,dime,,punt,0,0,0,0
2023,6,ATL,WAS,10,4,11,49,-7,1835,,,,punt,0,0,0,0
2023,6,ATL,WAS,14,4,14,67,-14,1383,,,,punt,0,0,0,0
2023,6,WAS,ATL,15,4,15,70,14,1179,,dime,,punt,0,0,0,0
2023,6,ATL,WAS,16,4,4,15,-14,856,12,nickel,6,pass,7,1,0,0
2023,6,WAS,ATL,17,4,7,54,8,633,,dime,,punt,0,0,0,0
2023,6,WAS,ATL,19,4,16,86,8,221,,dime,,punt,0,0,0,0
2023,6,ATL,WAS,20,4,8,56,-8,150,12,nickel,6,pass,0,0,0,0
2023,6,WAS,ATL,21,4,8,42,8,130,,dime,,punt,0,0,0,0
2023,7,ARI,SEA,1,4,5,45,0,3445,,,,punt,0,0,0,0
2023,7,SEA,ARI,2,4,15,51,0,3118,,base,,punt,0,0,0,0
2023,7,ARI,SEA,3,4,5,82,0,3058,,,,punt,0,0,0,0
2023,7,ARI,SEA,5,4,14,85,-7,2910,,,,punt,0,0,0,1
2023,7,ARI,SEA,6,4,6,26,-7,2821,,,,field_goal,0,0,0,0
2023,7,SEA,ARI,7,4,2,52,4,2625,,,,punt,0,0,0,0
2023,7,ARI,SEA,10,4,24,49,-4,1802,11,dime,3,pass,0,0,0,0
2023,7,SEA,ARI,11,4,3,3,4,1360,,,,field_goal,0,0,0,0
2023,7,ARI,SEA,12,4,2,82,-7,1239,,,,punt,0,0,0,0
2023,7,ARI,SEA,14,4,6,82,-7,891,,,,punt,0,0,0,0
2023,7,ARI,SEA,16,4,11,16,-7,669,,,,field_goal,0,0,0,0
2023,7,SEA,ARI,17,4,12,78,7,580,11,base,,punt,0,0,0,0
2023,7,ARI,SEA,18,4,9,49,-7,304,11,,5,pass,4,0,0,0
2023,7,SEA,ARI,19,4,6,30,7,142,,,,field_goal,0,0,0,0
2023,7,ARI,SEA,20,4,11,47,-10,72,11,dime,4,pass,-9,0,0,0
2023,7,TB,ATL,1,4,5,41,0,3346,11,dime,5,pass,0,0,0,0
2023,7,ATL,TB,4,4,9,74,0,2835,,base,,punt,0,0,0,0
2023,7,TB,ATL,5,4,13,69,0,2700,11,nickel,,punt,0,0,0,0
2023,7,ATL,TB,6,4,5,5,0,2514,,base,,field_goal,0,0,0,0
2023,7,TB,ATL,7,4,6,6,-3,2117,,base,,field_goal,0,0,0,0
2023,7,ATL,TB,10,4,8,68,0,1725,,base,,punt,0,0,0,0
2023,7,TB,ATL,13,4,2,89,0,1267,11,nickel,,punt,0,0,0,0
2023,7,ATL,TB,14,4,1,23,0,1028,,base,,field_goal,0,0,0,0
2023,7,TB,ATL,15,4,14,54,-3,769,11,nickel,,punt,0,0,0,0
2023,7,ATL,TB,18,4,1,76,3,162,,base,,punt,0,0,0,0
2023,7,TB,ATL,19,4,18,18,-3,49,,base,,field_goal,0,0,0,0
2023,7,NE,BUF,1,4,2,12,0,3305,,base,,field_goal,0,0,0,0
2023,7,BUF,NE,4,4,17,18,-10,2692,,base,,field_goal,0,0,0,0
2023,7,NE,BUF,5,4,5,70,7,2588,,base,,punt,0,0,0,0
2023,7,BUF,NE,6,4,7,84,-7,2436,,nickel,,punt,0,0,0,0
2023,7,NE,BUF,7,4,3,6,7,2259,,base,,field_goal,0,0,0,0
2023,7,BUF,NE,8,4,16,24,-10,1915,,base,,field_goal,0,0,0,0
2023,7,NE,BUF,9,4,2,49,10,1829,,nickel,,punt,0,0,0,0
2023,7,NE,BUF,12,4,15,31,3,1174,,base,,field_goal,0,0,0,0
2023,7,BUF,NE,13,4,1,43,-6,925,11,nickel,7,run,2,1,0,0
2023,7,BUF,NE,13,4,2,33,-6,830,11,nickel,6,pass,0,0,0,0
2023,7,BUF,NE,17,4,2,8,-5,170,11,nickel,6,pass,4,1,0,0
2023,7,IND,CLE,4,4,4,49,0,3250,,base,,punt,0,0,0,0
2023,7,CLE,IND,5,4,6,93,0,3125,11,nickel,,punt,0,0,0,0
2023,7,CLE,IND,7,4,7,75,-7,2884,11,nickel,,punt,0,0,0,0
2023,7,IND,CLE,10,4,19,42,0,2416,,,,field_goal,0,0,0,0
2023,7,CLE,IND,11,4,10,26,0,2323,,base,,field_goal,0,0,0,0
2023,7,CLE,IND,13,4,4,43,-4,1920,11,base,,punt,0,0,0,0
2023,7,IND,CLE,15,4,8,78,-3,1886,,base,,punt,0,0,0,0
2023,7,IND,CLE,17,4,8,68,-6,1712,,base,,punt,0,0,0,0
2023,7,CLE,IND,18,4,19,89,6,1617,11,nickel,,punt,0,0,0,0
2023,7,CLE,IND,20,4,4,36,6,1468,,base,,field_goal,0,0,0,0
2023,7,CLE,IND,22,4,2,41,2,1045,heavy,base,7,run,0,0,0,0
2023,7,IND,CLE,23,4,3,9,-2,853,,nickel,,field_goal,0,0,0,0
2023,7,IND,CLE,25,4,5,93,1,549,,base,,punt,0,0,0,0
2023,7,CLE,IND,26,4,7,40,-1,398,,base,,field_goal,0,0,0,0
2023,7,CLE,IND,28,4,15,80,-5,231,,nickel,,punt,0,0,0,0
2023,7,IND,CLE,29,4,8,66,5,165,,base,,punt,0,0,0,0
2023,7,CLE,IND,30,4,1,1,-5,19,12,base,9,run,1,1,1,0
2023,7,BAL,DET,1,4,1,7,0,3342,12,base,8,run,7,1,1,0
2023,7,DET,BAL,2,4,10,62,-7,3249,11,base,,punt,0,0,0,0
2023,7,DET,BAL,4,4,4,69,-14,2819,11,base,,punt,0,0,0,0
2023,7,DET,BAL,6,4,3,68,-21,2452,11,base,,punt,0,0,0,0
2023,7,DET,BAL,8,4,8,48,-28,2095,11,nickel,6,pass,0,0,0,0
2023,7,DET,BAL,10,4,25,50,-28,1814,11,base,,punt,0,0,0,0
2023,7,DET,BAL,12,4,4,45,-28,1600,11,nickel,6,pass,15,1,0,0
2023,7,DET,BAL,12,4,6,6,-28,1475,11,nickel,6,pass,0,0,0,0
2023,7,DET,BAL,14,4,1,36,-35,1194,,nickel,5,pass,0,0,0,1
2023,7,BAL,DET,15,4,10,70,35,1062,12,,,punt,0,0,0,0
2023,7,BAL,DET,17,4,11,14,29,573,,base,,field_goal,0,0,0,0
2023,7,DET,BAL,18,4,10,20,-32,299,11,nickel,6,pass,0,0,0,0
2023,7,BAL,DET,19,4,5,75,32,201,,,,punt,0,0,0,0
2023,7,DET,BAL,20,4,5,53,-32,137,11,nickel,7,pass,6,1,0,0
2023,7,DEN,GB,1,4,10,13,0,3210,,,,field_goal,0,0,0,0
2023,7,GB,DEN,2,4,2,67,-3,3108,,nickel,,punt,0,0,0,0
2023,7,DEN,GB,3,4,5,76,3,3022,,base,,punt,0,0,0,0
2023,7,GB,DEN,4,4,12,51,-3,2860,,base,,punt,0,0,0,0
2023,7,DEN,GB,5,4,7,10,3,2597,,,,field_goal,0,0,0,0
2023,7,GB,DEN,6,4,4,55,-6,2391,,base,,punt,0,0,0,0
2023,7,DEN,GB,7,4,8,62,6,2201,11,nickel,,punt,0,0,0,0
2023,7,GB,DEN,8,4,4,25,-6,1846,,base,,field_goal,0,0,0,0
2023,7,GB,DEN,11,4,4,11,-9,1528,,base,,field_goal,0,0,0,0
2023,7,DEN,GB,14,4,2,67,6,900,,base,,punt,0,0,0,0
2023,7,GB,DEN,15,4,1,29,-6,712,12,base,8,pass,2,1,0,0
2023,7,GB,DEN,15,4,2,4,-6,515,11,nickel,8,pass,4,1,1,0
2023,7,DEN,GB,16,4,5,34,-1,234,,,,field_goal,0,0,0,0
2023,7,DEN,GB,18,4,9,73,2,6,,base,7,pass,0,0,0,0
2023,7,NO,JAX,2,4,7,32,-7,3021,,base,,field_goal,0,0,0,0
2023,7,NO,JAX,4,4,6,55,-7,2924,,base,,punt,0,0,0,1
2023,7,NO,JAX,5,4,5,5,-7,2789,,base,,field_goal,0,0,0,0
2023,7,NO,JAX,7,4,2,44,-11,2447,,nickel,5,pass,0,0,0,0
2023,7,JAX,NO,8,4,10,55,11,2393,11,base,,punt,0,0,0,0
2023,7,NO,JAX,9,4,3,46,-11,2244,,base,,punt,0,0,0,0
2023,7,JAX,NO,10,4,3,75,11,2150,11,base,,punt,0,0,0,0
2023,7,NO,JAX,11,4,3,39,-11,2013,11,nickel,5,pass,17,1,0,0
2023,7,NO,JAX,11,4,5,17,-11,1920,,base,,field_goal,0,0,0,0
2023,7,JAX,NO,12,4,2,46,8,1893,11,base,,pass,13,1,0,0
2023,7,JAX,NO,12,4,2,25,8,1836,,,,field_goal,0,0,0,0
2023,7,NO,JAX,14,4,1,52,-11,1667,12,base,7,run,17,1,0,0
2023,7,NO,JAX,14,4,10,23,-11,1493,,base,,field_goal,0,0,0,0
2023,7,JAX,NO,15,4,1,66,8,1366,11,nickel,,punt,0,0,0,0
2023,7,NO,JAX,17,4,2,25,-15,1083,11,nickel,5,run,10,1,0,0
2023,7,NO,JAX,17,4,1,1,-15,864,,,8,run,1,1,1,0
2023,7,JAX,NO,18,4,7,61,8,697,11,base,,punt,0,0,0,0
2023,7,NO,JAX,19,4,5,88,-8,639,,base,,punt,0,0,0,0
2023,7,JAX,NO,20,4,1,47,8,455,heavy,base,8,run,0,0,0,0
2023,7,JAX,NO,22,4,10,49,0,276,11,base,,punt,0,0,0,0
2023,7,NO,JAX,23,4,4,84,0,234,,base,,punt,0,0,0,0
2023,7,NO,JAX,25,4,6,6,-7,25,11,nickel,5,pass,0,0,0,0
2023,7,LAC,KC,1,4,8,63,0,3427,,base,,punt,0,0,0,0
2023,7,KC,LAC,2,4,7,17,0,3112,,,,field_goal,0,0,0,0
2023,7,LAC,KC,3,4,21,37,-3,2813,,base,,field_goal,0,0,0,0
2023,7,LAC,KC,9,4,5,51,0,1977,,base,,punt,0,0,0,0
2023,7,KC,LAC,14,4,19,72,7,928,11,base,,punt,0,0,0,0
2023,7,LAC,KC,15,4,2,68,-7,824,,,,punt,0,0,0,0
2023,7,KC,LAC,16,4,3,90,7,768,11,base,,punt,0,0,0,0
2023,7,LAC,KC,17,4,7,53,-7,719,,base,,punt,0,0,0,0
2023,7,KC,LAC,18,4,8,65,7,487,11,base,,punt,0,0,0,0
2023,7,LAC,KC,19,4,5,73,-7,392,,,,punt,0,0,0,0
2023,7,LAC,KC,21,4,16,81,-14,160,11,dime,4,pass,19,1,0,0
2023,7,CHI,LV,1,4,7,72,0,3518,11,,,punt,0,0,0,0
2023,7,LV,CHI,2,4,4,23,0,3312,,base,,field_goal,0,0,0,0
2023,7,LV,CHI,4,4,5,47,-7,2748,21,base,,punt,0,0,0,0
2023,7,CHI,LV,5,4,6,66,7,2474,11,,,punt,0,0,0,0
2023,7,LV,CHI,8,4,6,21,-14,1912,,base,,field_goal,0,0,0,0
2023,7,CHI,LV,9,4,17,54,11,1802,,dime,4,pass,-5,0,0,0
2023,7,LV,CHI,10,4,7,55,-11,1647,heavy,,,punt,0,0,0,0
2023,7,LV,CHI,12,4,4,9,-18,852,11,nickel,6,pass,4,1,0,0
2023,7,LV,CHI,12,4,6,6,-18,744,,base,,field_goal,0,0,0,0
2023,7,CHI,LV,13,4,18,36,15,351,,,,field_goal,0,0,0,0
2023,7,LV,CHI,15,4,4,73,-24,284,11,nickel,6,pass,9,1,0,0
2023,7,CHI,LV,16,4,5,70,24,218,11,,,punt,0,0,0,0
2023,7,PHI,MIA,1,4,6,6,0,3177,,base,,field_goal,0,0,0,0
2023,7,MIA,PHI,2,4,15,62,-3,3019,,base,,punt,0,0,0,0
2023,7,MIA,PHI,4,4,22,22,-3,2763,,base,,field_goal,0,0,0,0
2023,7,PHI,MIA,5,4,1,37,0,2580,12,nickel,10,run,2,1,0,0
2023,7,MIA,PHI,6,4,3,59,-7,2407,,base,,punt,0,0,0,0
2023,7,PHI,MIA,7,4,3,33,7,2021,11,nickel,6,pass,32,1,0,0
2023,7,MIA,PHI,10,4,18,50,-7,1520,,base,,punt,0,0,0,0
2023,7,PHI,MIA,11,4,5,77,7,1343,,base,,punt,0,0,0,0
2023,7,MIA,PHI,12,4,3,21,-7,1153,11,nickel,4,pass,0,0,0,0
2023,7,PHI,MIA,16,4,1,74,7,601,12,nickel,10,run,2,1,0,0
2023,7,PHI,MIA,16,4,1,63,7,490,11,nickel,10,run,2,1,0,0
2023,7,MIA,PHI,17,4,10,75,-14,203,11,nickel,6,pass,0,0,0,0
2023,7,PIT,LA,1,4,7,72,0,3525,,,,punt,0,0,0,0
2023,7,LA,PIT,2,4,20,57,0,3351,11,nickel,,punt,0,0,0,0
2023,7,PIT,LA,3,4,9,47,0,3157,,base,,punt,0,0,0,0
2023,7,LA,PIT,4,4,4,34,0,2920,,base,,field_goal,0,0,0,0
2023,7,PIT,LA,5,4,17,35,0,2696,,base,,field_goal,0,0,0,0
2023,7,LA,PIT,6,4,24,66,-3,2483,11,nickel,,punt,0,0,0,0
2023,7,PIT,LA,7,4,9,80,3,2414,,,,punt,0,0,0,0
2023,7,LA,PIT,8,4,4,23,-3,2160,,base,,field_goal,0,0,0,0
2023,7,PIT,LA,9,4,23,67,0,2034,,,,punt,0,0,0,0
2023,7,PIT,LA,15,4,10,75,-7,1343,,,,punt,0,0,0,0
2023,7,LA,PIT,16,4,9,33,7,987,,base,,field_goal,0,0,0,0
2023,7,LA,PIT,18,4,3,68,0,765,11,nickel,,punt,0,0,0,0
2023,7,LA,PIT,20,4,10,57,-7,339,11,nickel,,punt,0,0,0,0
2023,7,PIT,LA,21,4,1,39,7,144,11,nickel,6,run,1,1,0,0
2023,7,SF,MIN,4,4,5,22,-7,2697,,base,,field_goal,0,0,0,0
2023,7,MIN,SF,5,4,3,3,7,2256,,base,,field_goal,0,0,0,0
2023,7,SF,MIN,9,4,25,79,-9,1615,12,,,punt,0,0,0,0
2023,7,MIN,SF,10,4,2,2,9,1322,,base,,field_goal,0,0,0,0
2023,7,MIN,SF,12,4,5,36,5,924,,base,,field_goal,0,0,0,0
2023,7,SF,MIN,13,4,6,37,-8,806,,base,,field_goal,0,0,0,0
2023,7,MIN,SF,14,4,4,42,5,562,21,base,,punt,0,0,0,0
2023,7,SF,MIN,15,4,1,51,-5,378,12,nickel,7,run,2,1,0,0
2023,7,MIN,SF,16,4,6,32,5,76,,base,,field_goal,0,0,0,0
2023,7,NYG,WAS,1,4,11,76,0,3560,11,,,punt,0,0,0,0
2023,7,WAS,NYG,2,4,7,66,0,3408,,nickel,,punt,0,0,0,0
2023,7,NYG,WAS,3,4,2,23,0,3205,,base,,field_goal,0,0,0,0
2023,7,WAS,NYG,4,4,6,64,0,3152,,nickel,,punt,0,0,0,0
2023,7,NYG,WAS,5,4,1,80,0,3079,11,,,punt,0,0,0,0
2023,7,WAS,NYG,6,4,13,47,0,2939,,base,,punt,0,0,0,0
2023,7,WAS,NYG,8,4,15,67,-7,2566,,,,punt,0,0,0,0
2023,7,NYG,WAS,9,4,6,80,7,2488,11,,,punt,0,0,0,0
2023,7,WAS,NYG,12,4,10,75,-14,2275,,nickel,,punt,0,0,0,0
2023,7,NYG,WAS,13,4,23,58,14,2182,11,,,punt,0,0,0,0
2023,7,WAS,NYG,14,4,20,86,-14,2060,,nickel,,punt,0,0,0,0
2023,7,NYG,WAS,15,4,16,56,14,1909,11,,,punt,0,0,0,0
2023,7,WAS,NYG,16,4,11,90,-14,1868,,nickel,,punt,0,0,0,0
2023,7,WAS,NYG,18,4,4,69,-14,1698,,base,,punt,0,0,0,1
2023,7,WAS,NYG,19,4,1,12,-14,1567,11,nickel,6,pass,8,1,0,0
2023,7,NYG,WAS,20,4,1,55,7,1369,11,,,punt,0,0,0,0
2023,7,WAS,NYG,21,4,5,58,-7,1238,,base,,punt,0,0,0,0
2023,7,NYG,WAS,22,4,1,71,7,1155,11,,,punt,0,0,0,0
2023,7,WAS,NYG,23,4,2,75,-7,1053,,nickel,,punt,0,0,0,0
2023,7,NYG,WAS,24,4,2,71,7,978,11,,,punt,0,0,0,0
2023,7,WAS,NYG,25,4,3,9,-7,808,,nickel,,field_goal,0,0,0,0
2023,7,WAS,NYG,27,4,1,18,-7,120,11,nickel,6,pass,6,1,0,0
2023,7,WAS,NYG,27,4,5,7,-7,61,11,nickel,6,pass,0,0,0,0
2023,8,ATL,TEN,2,4,8,10,0,3291,,,,field_goal,0,0,0,0
2023,8,TEN,ATL,3,4,1,66,-3,3170,11,nickel,,run,2,1,0,0
2023,8,TEN,ATL,3,4,2,56,-3,3052,12,nickel,,punt,0,0,0,0
2023,8,ATL,TEN,4,4,14,89,3,2970,,nickel,,punt,0,0,0,0
2023,8,ATL,TEN,6,4,1,55,-4,2700,,nickel,,punt,0,0,0,0
2023,8,TEN,ATL,7,4,2,65,4,2538,12,nickel,,punt,0,0,0,0
2023,8,ATL,TEN,8,4,8,91,-4,2483,,nickel,,punt,0,0,0,0
2023,8,TEN,ATL,9,4,3,61,4,2423,12,nickel,,punt,0,0,0,0
2023,8,ATL,TEN,12,4,11,65,-11,2007,,nickel,,punt,0,0,0,0
2023,8,TEN,ATL,13,4,10,67,11,1904,12,base,,punt,0,0,0,0
2023,8,ATL,TEN,14,4,18,96,-11,1873,,nickel,,punt,0,0,0,0
2023,8,TEN,ATL,15,4,7,40,11,1835,12,base,,punt,0,0,0,0
2023,8,ATL,TEN,17,4,2,31,-11,1631,,base,,field_goal,0,0,0,0
2023,8,TEN,ATL,18,4,12,51,8,1336,12,nickel,,punt,0,0,0,0
2023,8,ATL,TEN,19,4,7,21,-8,1086,,base,,field_goal,0,0,0,0
2023,8,TEN,ATL,22,4,7,72,5,743,12,nickel,,punt,0,0,0,0
2023,8,ATL,TEN,23,4,10,80,-5,720,,nickel,,punt,0,0,0,0
2023,8,ATL,TEN,25,4,1,66,-12,342,11,nickel,6,pass,11,1,0,0
2023,8,TEN,ATL,26,4,14,64,5,152,12,nickel,,punt,0,0,0,0
2023,8,ATL,TEN,27,4,1,78,-5,93,12,dime,5,pass,0,0,0,0
2023,8,ARI,BAL,3,4,1,44,0,2700,11,nickel,8,pass,0,0,0,0
2023,8,BAL,ARI,4,4,5,35,0,2520,,,,field_goal,0,0,0,0
2023,8,ARI,BAL,5,4,1,36,0,2338,11,base,8,run,0,0,0,0
2023,8,BAL,ARI,6,4,8,62,0,2260,,base,,punt,0,0,0,0
2023,8,ARI,BAL,7,4,1,83,0,2139,,base,,punt,0,0,0,0
2023,8,BAL,ARI,8,4,7,50,0,2052,,base,,punt,0,0,0,0
2023,8,BAL,ARI,12,4,17,72,7,1663,,base,,punt,0,0,0,0
2023,8,ARI,BAL,13,4,36,88,-7,1493,,base,,punt,0,0,0,0
2023,8,BAL,ARI,14,4,8,53,7,1347,,base,,punt,0,0,0,0
2023,8,ARI,BAL,15,4,4,73,-7,1142,,base,,punt,0,0,0,0
2023,8,BAL,ARI,16,4,4,54,7,1018,,base,,punt,0,0,0,0
2023,8,ARI,BAL,19,4,17,82,-14,868,,base,,punt,0,0,0,0
2023,8,BAL,ARI,20,4,3,30,14,572,,,,field_goal,0,0,0,0
2023,8,ARI,BAL,23,4,1,3,-16,80,11,nickel,,penalty,2,1,0,0
2023,8,CHI,LAC,1,4,21,49,0,3472,11,base,,punt,0,0,0,0
2023,8,CHI,LAC,3,4,3,68,-7,3017,11,base,,punt,0,0,0,0
2023,8,LAC,CHI,6,4,3,25,14,2335,,base,,field_goal,0,0,0,0
2023,8,LAC,CHI,10,4,4,35,17,1436,,base,,field_goal,0,0,0,0
2023,8,CHI,LAC,11,4,8,73,-20,1344,11,base,,punt,0,0,0,0
2023,8,LAC,CHI,12,4,11,69,20,1279,,,,punt,0,0,0,0
2023,8,CHI,LAC,13,4,1,71,-20,1137,11,nickel,7,run,0,0,0,0
2023,8,LAC,CHI,14,4,9,28,20,1085,,base,,field_goal,0,0,0,0
2023,8,CHI,LAC,15,4,2,26,-23,900,12,nickel,6,pass,0,0,0,0
2023,8,LAC,CHI,16,4,1,35,23,704,12,base,8,run,0,0,0,0
2023,8,CHI,LAC,17,4,3,31,-23,544,11,nickel,6,pass,0,0,0,1
2023,8,CHI,LAC,19,4,2,5,-23,196,11,nickel,7,run,4,1,0,0
2023,8,LAC,CHI,20,4,7,41,17,30,,,,punt,0,0,0,0
2023,8,SF,CIN,1,4,2,67,0,3481,12,,,punt,0,0,0,0
2023,8,SF,CIN,5,4,6,82,-7,2620,12,base,,punt,0,0,0,0
2023,8,CIN,SF,6,4,14,32,7,2228,,base,,field_goal,0,0,0,0
2023,8,SF,CIN,7,4,4,18,-7,1968,,base,,field_goal,0,0,0,0
2023,8,CIN,SF,10,4,8,38,4,1574,,base,,field_goal,0,0,0,0
2023,8,SF,CIN,11,4,7,48,-7,1410,12,base,,punt,0,0,0,0
2023,8,CIN,SF,12,4,2,73,7,1278,21,base,,punt,0,0,0,0
2023,8,CIN,SF,14,4,7,45,7,806,21,base,,punt,0,0,0,0
2023,8,CIN,SF,20,4,14,66,14,19,21,base,,punt,0,0,0,0
2023,8,CLE,SEA,1,4,3,73,0,3480,,,,punt,0,0,0,0
2023,8,SEA,CLE,6,4,11,13,7,2762,,base,,field_goal,0,0,0,0
2023,8,SEA,CLE,8,4,6,80,10,2409,21,nickel,,punt,0,0,0,0
2023,8,CLE,SEA,9,4,2,43,-10,2195,11,nickel,5,penalty,6,1,0,0
2023,8,SEA,CLE,10,4,8,73,3,2006,21,base,,punt,0,0,0,0
2023,8,CLE,SEA,11,4,12,80,-3,1911,,,,punt,0,0,0,0
2023,8,SEA,CLE,12,4,2,34,3,1845,11,nickel,7,pass,7,1,0,0
2023,8,SEA,CLE,14,4,1,60,3,1708,21,nickel,,punt,0,0,0,0
2023,8,CLE,SEA,15,4,3,7,-3,1353,,,,field_goal,0,0,0,0
2023,8,CLE,SEA,17,4,5,9,0,1073,,,,field_goal,0,0,0,0
2023,8,SEA,CLE,18,4,2,67,-3,991,21,,,punt,0,0,0,0
2023,8,CLE,SEA,19,4,4,40,3,649,11,,,punt,0,0,0,0
2023,8,SEA,CLE,20,4,17,47,-3,357,,,,punt,0,0,0,0
2023,8,CLE,SEA,23,4,19,84,-4,22,11,dime,4,pass,0,0,0,0
2023,8,HOU,CAR,1,4,2,71,0,3527,,,,punt,0,0,0,0
2023,8,CAR,HOU,2,4,14,94,0,3419,,nickel,,punt,0,0,0,0
2023,8,HOU,CAR,3,4,14,41,0,3286,,base,,punt,0,0,0,0
2023,8,CAR,HOU,4,4,8,71,0,3165,,nickel,,punt,0,0,0,0
2023,8,CAR,HOU,6,4,2,2,-7,2266,11,nickel,6,pass,0,0,0,0
2023,8,HOU,CAR,7,4,17,90,7,2103,,,,punt,0,0,0,0
2023,8,HOU,CAR,9,4,23,88,1,1880,,,,punt,0,0,0,0
2023,8,CAR,HOU,11,4,8,28,-1,1550,,base,,field_goal,0,0,0,0
2023,8,CAR,HOU,13,4,2,19,2,1382,,base,,field_goal,0,0,0,0
2023,8,HOU,CAR,14,4,1,1,-5,942,12,base,11,run,1,1,1,0
2023,8,CAR,HOU,15,4,20,57,-1,820,,nickel,,punt,0,0,0,0
2023,8,HOU,CAR,16,4,3,61,1,646,,,,punt,0,0,0,0
2023,8,CAR,HOU,17,4,22,91,-1,522,,nickel,,punt,0,0,0,0
2023,8,HOU,CAR,18,4,10,40,1,383,,base,,punt,0,0,0,0
2023,8,CAR,HOU,19,4,2,47,-1,202,11,nickel,6,pass,3,1,0,0
2023,8,CAR,HOU,19,4,11,20,-1,3,,base,,penalty,10,1,0,0
2023,8,PIT,JAX,1,4,15,80,0,3550,,,,punt,0,0,0,0
2023,8,JAX,PIT,2,4,9,32,0,3351,,base,,field_goal,0,0,0,0
2023,8,PIT,JAX,3,4,6,71,-3,3273,,,,punt,0,0,0,0
2023,8,JAX,PIT,4,4,3,32,3,3059,,base,,field_goal,0,0,0,0
2023,8,PIT,JAX,5,4,2,67,-6,2975,,base,,punt,0,0,0,0
2023,8,PIT,JAX,7,4,8,69,-6,2626,,,,punt,0,0,0,0
2023,8,PIT,JAX,9,4,5,5,-6,2041,,base,,field_goal,0,0,0,0
2023,8,JAX,PIT,10,4,2,20,3,1867,,base,,field_goal,0,0,0,0
2023,8,PIT,JAX,13,4,19,73,-6,1448,,,,punt,0,0,0,0
2023,8,JAX,PIT,14,4,5,65,6,1360,11,nickel,,punt,0,0,0,0
2023,8,PIT,JAX,15,4,7,73,-6,1224,,,,punt,0,0,0,0
2023,8,JAX,PIT,18,4,18,40,7,622,11,nickel,,punt,0,0,0,0
2023,8,JAX,PIT,20,4,11,19,7,278,,base,,field_goal,0,0,0,0
2023,8,PIT,JAX,21,4,16,60,-10,150,11,nickel,3,pass,0,0,0,0
2023,8,JAX,PIT,22,4,9,39,10,120,11,nickel,,punt,0,0,0,0
2023,8,PIT,JAX,23,4,2,41,-10,5,11,dime,3,pass,0,0,0,1
2023,8,KC,DEN,1,4,14,79,0,3510,11,nickel,,punt,0,0,0,0
2023,8,KC,DEN,3,4,3,4,-7,2774,,base,,field_goal,0,0,0,0
2023,8,DEN,KC,4,4,4,71,4,2659,11,,,punt,0,0,0,0
2023,8,DEN,KC,8,4,2,40,11,2315,11,nickel,8,pass,0,0,0,0
2023,8,KC,DEN,9,4,5,16,-11,2142,,base,,field_goal,0,0,0,0
2023,8,DEN,KC,10,4,15,65,8,2021,11,nickel,,punt,0,0,0,0
2023,8,DEN,KC,14,4,16,20,5,1300,,base,,field_goal,0,0,0,0
2023,8,KC,DEN,15,4,5,42,-5,1073,11,base,,punt,0,0,0,0
2023,8,DEN,KC,16,4,17,36,5,684,11,,,punt,0,0,0,1
2023,8,KC,DEN,18,4,1,66,-12,578,11,nickel,8,pass,8,1,0,0
2023,8,KC,DEN,18,4,2,26,-12,460,11,nickel,7,pass,0,0,0,0
2023,8,DEN,KC,19,4,16,79,12,403,11,nickel,,punt,0,0,0,0
2023,8,KC,DEN,20,4,27,86,-12,299,12,dime,5,pass,0,0,0,1
2023,8,DEN,KC,21,4,10,10,12,34,,base,,field_goal,0,0,0,0
2023,8,LA,DAL,2,4,8,15,-7,3025,,base,,field_goal,0,0,0,0
2023,8,DAL,LA,3,4,14,40,4,2748,,base,,field_goal,0,0,0,0
2023,8,LA,DAL,5,4,12,77,-14,2624,11,,,punt,0,0,0,0
2023,8,LA,DAL,7,4,3,68,-23,2490,11,,,punt,0,0,0,0
2023,8,LA,DAL,9,4,6,77,-23,2115,11,,,punt,0,0,0,0
2023,8,DAL,LA,14,4,1,37,16,1209,11,nickel,6,pass,5,1,0,0
2023,8,DAL,LA,14,4,4,9,16,996,,base,,field_goal,0,0,0,0
2023,8,LA,DAL,15,4,2,67,-19,900,11,dime,6,pass,13,1,0,0
2023,8,LA,DAL,15,4,2,46,-19,804,11,dime,7,pass,0,0,0,0
2023,8,LA,DAL,17,4,6,71,-26,655,11,,,punt,0,0,0,0
2023,8,DAL,LA,18,4,9,92,26,509,heavy,,,punt,0,0,0,0
2023,8,LA,DAL,19,4,12,29,-26,334,,base,,field_goal,0,0,0,0
2023,8,DAL,LA,20,4,2,67,23,235,heavy,,,punt,0,0,0,0
2023,8,LA,DAL,21,4,12,87,-23,120,11,,,punt,0,0,0,0
2023,8,DET,LV,1,4,8,26,0,3176,,,,field_goal,0,0,0,0
2023,8,LV,DET,2,4,1,54,-3,3051,heavy,base,,punt,0,0,0,0
2023,8,DET,LV,5,4,10,89,3,2944,11,,,punt,0,0,0,0
2023,8,LV,DET,6,4,2,51,-3,2856,11,nickel,6,pass,0,0,0,0
2023,8,DET,LV,7,4,13,13,3,2547,,,,field_goal,0,0,0,0
2023,8,LV,DET,8,4,6,71,-6,2491,heavy,base,,punt,0,0,0,0
2023,8,DET,LV,9,4,9,15,6,2292,,,,field_goal,0,0,0,0
2023,8,LV,DET,13,4,16,70,-9,1693,heavy,base,,punt,0,0,0,0
2023,8,LV,DET,16,4,5,92,-2,1154,heavy,base,,punt,0,0,0,0
2023,8,LV,DET,18,4,13,59,-9,975,heavy,base,,punt,0,0,0,0
2023,8,DET,LV,19,4,1,42,9,682,12,base,8,penalty,6,1,0,0
2023,8,DET,LV,19,4,8,34,9,604,,,,field_goal,0,0,0,0
2023,8,LV,DET,20,4,10,64,-12,421,11,nickel,6,pass,-8,0,0,0
2023,8,DET,LV,21,4,8,8,12,303,,,,field_goal,0,0,0,0
2023,8,LV,DET,22,4,18,68,-12,217,11,nickel,4,pass,12,0,0,0
2023,8,DET,LV,23,4,2,36,12,120,heavy,,8,pass,5,1,0,0
2023,8,GB,MIN,1,4,6,77,0,3469,,base,,punt,0,0,0,0
2023,8,MIN,GB,2,4,1,24,0,3131,,,,field_goal,0,0,0,0
2023,8,GB,MIN,3,4,6,64,0,3079,,nickel,,punt,0,0,0,0
2023,8,GB,MIN,5,4,13,75,-7,2700,,nickel,,punt,0,0,0,0
2023,8,MIN,GB,6,4,3,7,7,2416,,,,field_goal,0,0,0,0
2023,8,GB,MIN,7,4,9,59,-10,2303,,base,,punt,0,0,0,0
2023,8,MIN,GB,8,4,3,55,10,2102,11,,,punt,0,0,0,0
2023,8,MIN,GB,10,4,1,12,7,1566,11,nickel,8,run,2,1,0,0
2023,8,GB,MIN,13,4,1,1,-21,1062,11,nickel,7,pass,1,1,1,0
2023,8,MIN,GB,14,4,23,26,14,590,,,,field_goal,0,0,0,0
2023,8,GB,MIN,15,4,5,10,-14,439,11,dime,6,pass,0,0,0,0
2023,8,GB,MIN,17,4,16,21,-14,294,11,dime,3,run,15,0,0,0
2023,8,MIN,GB,18,4,5,71,14,173,11,base,,punt,0,0,0,0
2023,8,GB,MIN,19,4,20,44,-14,81,11,dime,3,pass,0,0,0,0
2023,8,NE,MIA,1,4,8,73,0,3491,,base,,punt,0,0,0,0
2023,8,MIA,NE,2,4,1,55,0,3422,11,dime,7,pass,17,1,0,0
2023,8,MIA,NE,2,4,11,39,0,3301,,,,punt,0,0,0,0
2023,8,NE,MIA,3,4,1,60,0,3105,,base,,punt,0,0,0,0
2023,8,NE,MIA,7,4,21,86,0,2624,,base,,punt,0,0,0,0
2023,8,MIA,NE,8,4,4,42,0,2474,11,dime,5,run,8,1,0,0
2023,8,MIA,NE,8,4,1,8,0,2251,11,nickel,6,pass,2,1,0,0
2023,8,MIA,NE,10,4,6,12,7,1829,,base,,field_goal,0,0,0,0
2023,8,NE,MIA,13,4,11,20,-10,1669,,base,,field_goal,0,0,0,0
2023,8,NE,MIA,15,4,10,53,-14,1277,,base,,punt,0,0,0,0
2023,8,MIA,NE,16,4,6,59,14,978,,,,punt,0,0,0,0
2023,8,NE,MIA,17,4,3,78,-14,886,,base,,punt,0,0,0,0
2023,8,MIA,NE,18,4,7,82,14,841,,dime,,punt,0,0,0,0
2023,8,NE,MIA,19,4,3,3,-14,513,12,nickel,6,pass,3,1,1,0
2023,8,NE,MIA,21,4,14,79,-14,120,11,nickel,6,pass,0,0,0,0
2023,8,IND,NO,1,4,4,69,0,3511,,base,,punt,0,0,0,0
2023,8,NO,IND,2,4,4,52,0,3382,,base,,punt,0,0,0,0
2023,8,IND,NO,3,4,1,10,0,3122,12,base,8,pass,10,1,1,0
2023,8,IND,NO,5,4,1,2,0,2692,,,,field_goal,0,0,0,0
2023,8,IND,NO,9,4,15,80,3,2197,,base,,punt,0,0,0,0
2023,8,IND,NO,11,4,1,24,-4,1826,,,,field_goal,0,0,0,0
2023,8,NO,IND,13,4,3,56,1,1614,,base,,punt,0,0,0,0
2023,8,IND,NO,14,4,4,80,-1,1474,,base,,punt,0,0,0,0
2023,8,NO,IND,15,4,6,39,1,1351,,base,,punt,0,0,0,0
2023,8,IND,NO,18,4,6,71,-8,895,,base,,punt,0,0,0,0
2023,8,NO,IND,21,4,5,56,8,331,,base,,punt,0,0,0,0
2023,8,IND,NO,22,4,10,73,-8,235,,base,,punt,0,0,0,0
2023,8,NO,IND,23,4,9,9,8,28,,base,,field_goal,0,0,0,0
2023,8,NYG,NYJ,2,4,4,13,0,3431,,base,,field_goal,0,0,0,0
2023,8,NYJ,NYG,3,4,5,74,-3,3329,,nickel,,punt,0,0,0,0
2023,8,NYG,NYJ,4,4,7,60,3,3217,11,base,,punt,0,0,0,0
2023,8,NYJ,NYG,5,4,1,67,-3,3081,,base,,punt,0,0,0,0
2023,8,NYG,NYJ,6,4,6,80,3,2995,11,base,,punt,0,0,0,0
2023,8,NYJ,NYG,7,4,10,51,-3,2892,,base,,punt,0,0,0,0
2023,8,NYG,NYJ,8,4,3,91,3,2789,11,base,,punt,0,0,0,0
2023,8,NYG,NYJ,10,4,1,29,-4,2568,,base,,field_goal,0,0,0,0
2023,8,NYJ,NYG,11,4,2,55,4,2506,,base,,punt,0,0,0,0
2023,8,NYG,NYJ,12,4,8,75,-4,2409,11,base,,punt,0,0,0,0
2023,8,NYJ,NYG,13,4,6,65,4,2298,,nickel,,punt,0,0,0,0
2023,8,NYG,NYJ,14,4,3,72,-4,2198,11,base,,punt,0,0,0,0
2023,8,NYJ,NYG,15,4,25,80,4,2038,,nickel,,punt,0,0,0,0
2023,8,NYG,NYJ,16,4,1,65,-4,1954,11,nickel,,punt,0,0,0,0
2023,8,NYG,NYJ,18,4,14,45,-4,1877,11,nickel,,punt,0,0,0,0
2023,8,NYJ,NYG,19,4,8,88,4,1853,,nickel,,punt,0,0,0,0
2023,8,NYG,NYJ,20,4,12,54,-4,1808,11,base,,punt,0,0,0,0
2023,8,NYJ,NYG,22,4,4,68,-3,1294,,base,,punt,0,0,0,0
2023,8,NYG,NYJ,23,4,7,63,3,1204,11,base,,punt,0,0,0,0
2023,8,NYJ,NYG,24,4,1,68,-3,1116,,base,,punt,0,0,0,0
2023,8,NYG,NYJ,25,4,5,58,3,942,11,base,,punt,0,0,0,0
2023,8,NYJ,NYG,26,4,1,75,-3,855,,base,,punt,0,0,0,0
2023,8,NYG,NYJ,27,4,6,64,3,727,11,,,punt,0,0,0,0
2023,8,NYJ,NYG,28,4,7,46,-3,570,,base,,punt,0,0,0,0
2023,8,NYG,NYJ,29,4,5,92,3,439,11,,,penalty,5,1,0,0
2023,8,NYG,NYJ,29,4,6,57,3,167,11,,,punt,0,0,0,0
2023,8,NYJ,NYG,30,4,10,59,-3,93,11,nickel,5,pass,-15,0,0,0
2023,8,NYG,NYJ,31,4,1,17,3,28,,base,,field_goal,0,0,0,0
2023,8,NYG,NYJ,33,4,21,86,0,501,11,,,punt,0,0,0,0
2023,8,WAS,PHI,1,4,6,48,0,3286,,base,,punt,0,0,0,0
2023,8,PHI,WAS,2,4,3,85,0,3199,,,,punt,0,0,0,0
2023,8,PHI,WAS,4,4,8,33,-7,2835,,base,,field_goal,0,0,0,0
2023,8,WAS,PHI,7,4,1,35,11,1911,11,nickel,5,pass,0,0,0,0
2023,8,PHI,WAS,11,4,3,32,-7,1521,11,nickel,5,penalty,31,1,0,0
2023,8,WAS,PHI,12,4,9,80,7,1380,,base,,punt,0,0,0,0
2023,8,PHI,WAS,13,4,4,45,-7,1238,11,nickel,6,pass,17,1,0,0
2023,8,WAS,PHI,18,4,8,40,-7,258,11,nickel,5,pass,0,0,0,0
2023,8,PHI,WAS,19,4,9,59,7,198,,,,punt,0,0,0,0
2023,8,WAS,PHI,20,4,5,75,-7,138,11,nickel,5,pass,-9,0,0,0
2023,8,TB,BUF,1,4,15,57,0,3466,12,,,punt,0,0,0,0
2023,8,BUF,TB,2,4,5,19,0,3188,,base,,field_goal,0,0,0,0
2023,8,TB,BUF,3,4,2,32,-3,2966,,base,,field_goal,0,0,0,0
2023,8,BUF,TB,4,4,1,1,3,2700,11,nickel,5,pass,0,0,0,0
2023,8,TB,BUF,5,4,8,97,-3,2644,12,,,punt,0,0,0,0
2023,8,TB,BUF,7,4,9,39,-10,2265,,base,,field_goal,0,0,0,0
2023,8,TB,BUF,11,4,8,46,-7,1819,12,,,punt,0,0,0,0
2023,8,TB,BUF,14,4,3,57,-14,1371,12,,,punt,0,0,0,0
2023,8,BUF,TB,15,4,5,51,14,1203,,base,,punt,0,0,0,0
2023,8,TB,BUF,16,4,1,88,-14,1067,12,,,punt,0,0,0,0
2023,8,BUF,TB,17,4,9,47,14,852,,base,,punt,0,0,0,0
2023,8,TB,BUF,18,4,4,90,-14,792,12,,,punt,0,0,0,0
2023,8,BUF,TB,19,4,7,49,14,614,,base,,punt,0,0,0,0
2023,8,TB,BUF,20,4,10,46,-14,254,11,dime,5,penalty,5,1,0,0
2023,8,TB,BUF,20,4,8,39,-14,191,11,dime,6,penalty,15,1,0,0
2023,8,TB,BUF,20,4,10,24,-14,171,11,dime,5,pass,24,1,1,0
2023,8,BUF,TB,21,4,1,48,6,31,,base,,punt,0,0,0,0
2023,9,ARI,CLE,1,4,8,48,0,3421,,,,punt,0,0,0,0
2023,9,CLE,ARI,2,4,5,59,0,3214,11,base,,punt,0,0,0,0
2023,9,ARI,CLE,3,4,12,83,0,3132,,nickel,,punt,0,0,0,0
2023,9,CLE,ARI,4,4,3,36,0,2926,12,nickel,6,pass,0,0,0,0
2023,9,ARI,CLE,5,4,14,67,0,2832,,nickel,,punt,0,0,0,0
2023,9,CLE,ARI,6,4,9,12,0,2658,,,,field_goal,0,0,0,0
2023,9,CLE,ARI,8,4,1,40,3,2488,12,base,6,run,2,1,0,0
2023,9,ARI,CLE,9,4,8,73,-10,2077,,nickel,,punt,0,0,0,0
2023,9,CLE,ARI,10,4,10,70,10,2019,11,base,,punt,0,0,0,0
2023,9,ARI,CLE,11,4,22,88,-10,1915,,nickel,,punt,0,0,0,0
2023,9,CLE,ARI,13,4,9,74,13,1720,11,base,,punt,0,0,0,0
2023,9,ARI,CLE,14,4,10,99,-13,1659,,nickel,,punt,0,0,0,0
2023,9,CLE,ARI,15,4,12,57,13,1487,11,base,,punt,0,0,0,0
2023,9,ARI,CLE,18,4,10,61,-20,1250,,,,punt,0,0,0,0
2023,9,CLE,ARI,19,4,6,92,20,1131,11,base,,punt,0,0,0,0
2023,9,CLE,ARI,21,4,5,30,20,733,,,,field_goal,0,0,0,0
2023,9,ARI,CLE,22,4,12,50,-20,607,11,dime,4,pass,6,0,0,0
2023,9,ARI,CLE,24,4,12,77,-27,420,,nickel,,punt,0,0,0,0
2023,9,CLE,ARI,25,4,6,67,27,391,,base,,punt,0,0,0,0
2023,9,ARI,CLE,26,4,15,75,-27,238,,nickel,,punt,0,0,0,0
2023,9,CLE,ARI,27,4,8,66,27,120,,base,,punt,0,0,0,0
2023,9,BUF,CIN,4,4,11,57,-7,2643,,,,punt,0,0,0,0
2023,9,CIN,BUF,5,4,2,48,7,2353,21,nickel,,punt,0,0,0,0
2023,9,CIN,BUF,7,4,20,42,7,2144,21,,,punt,0,0,0,0
2023,9,BUF,CIN,8,4,11,92,-7,2019,,,,punt,0,0,0,0
2023,9,CIN,BUF,9,4,1,36,7,1959,11,nickel,6,pass,11,1,0,0
2023,9,BUF,CIN,11,4,9,16,-14,1525,,base,,field_goal,0,0,0,0
2023,9,CIN,BUF,12,4,11,58,11,1292,21,base,,punt,0,0,0,0
2023,9,BUF,CIN,13,4,5,86,-11,1213,,,,punt,0,0,0,0
2023,9,CIN,BUF,14,4,5,37,11,1041,,dime,6,pass,2,0,0,0
2023,9,CIN,BUF,16,4,2,2,11,491,,base,,field_goal,0,0,0,0
2023,9,CHI,NO,1,4,1,37,0,3476,11,nickel,7,run,5,1,0,0
2023,9,NO,CHI,2,4,5,56,-7,3275,11,,,punt,0,0,0,0
2023,9,CHI,NO,7,4,13,22,0,1832,,,,field_goal,0,0,0,0
2023,9,NO,CHI,9,4,3,71,0,1731,,,,punt,0,0,0,0
2023,9,NO,CHI,11,4,8,37,0,1608,,base,,field_goal,0,0,0,0
2023,9,CHI,NO,12,4,7,13,-3,1110,,,,field_goal,0,0,0,0
2023,9,NO,CHI,13,4,5,39,0,972,,base,,punt,0,0,0,0
2023,9,CHI,NO,14,4,4,85,0,851,heavy,nickel,,punt,0,0,0,0
2023,9,NO,CHI,17,4,1,17,7,472,11,nickel,9,run,0,0,0,0
2023,9,NO,CHI,19,4,9,45,7,229,,base,,punt,0,0,0,0
2023,9,CHI,NO,20,4,4,92,-7,177,heavy,nickel,,punt,0,0,0,0
2023,9,NO,CHI,21,4,3,29,7,150,,base,,field_goal,0,0,0,0
2023,9,DAL,PHI,1,4,6,71,0,3527,12,base,,punt,0,0,0,0
2023,9,PHI,DAL,2,4,1,68,0,3390,11,dime,10,run,2,1,0,0
2023,9,PHI,DAL,2,4,3,27,0,3077,11,dime,6,pass,15,1,0,0
2023,9,DAL,PHI,3,4,1,33,-7,2848,11,nickel,7,pass,29,1,0,0
2023,9,PHI,DAL,4,4,9,74,0,2717,,,,punt,0,0,0,0
2023,9,DAL,PHI,7,4,1,51,0,1953,11,nickel,7,pass,11,1,0,0
2023,9,DAL,PHI,7,4,3,33,0,1880,,base,,field_goal,0,0,0,0
2023,9,PHI,DAL,8,4,7,59,-3,1815,,,,punt,0,0,0,0
2023,9,DAL,PHI,11,4,8,43,-4,1358,12,base,,punt,0,0,0,0
2023,9,DAL,PHI,13,4,1,15,-11,715,heavy,base,9,penalty,7,1,0,0
2023,9,DAL,PHI,13,4,1,1,-11,610,12,nickel,8,pass,0,0,0,0
2023,9,PHI,DAL,14,4,5,94,11,529,,,,punt,0,0,0,0
2023,9,PHI,DAL,16,4,3,68,5,292,,,,punt,0,0,0,0
2023,9,DAL,PHI,17,4,8,29,-5,82,11,nickel,6,pass,0,0,0,0
2023,9,PHI,DAL,18,4,8,69,5,59,,,,punt,0,0,0,0
2023,9,CAR,IND,1,4,1,66,0,3487,,base,,punt,0,0,0,0
2023,9,IND,CAR,2,4,1,75,0,3320,,base,,punt,0,0,0,0
2023,9,CAR,IND,3,4,9,89,0,3194,,nickel,,punt,0,0,0,1
2023,9,CAR,IND,4,4,20,51,0,3081,,nickel,,punt,0,0,0,0
2023,9,IND,CAR,5,4,1,73,0,2977,,base,,penalty,5,1,0,0
2023,9,IND,CAR,5,4,7,7,0,2635,,base,,field_goal,0,0,0,0
2023,9,CAR,IND,6,4,14,79,-3,2545,,nickel,,punt,0,0,0,0
2023,9,CAR,IND,8,4,7,17,-10,2019,,base,,field_goal,0,0,0,0
2023,9,IND,CAR,9,4,9,39,7,1858,,,,field_goal,0,0,0,0
2023,9,IND,CAR,12,4,16,76,17,1660,,base,,punt,0,0,0,0
2023,9,CAR,IND,13,4,1,21,-17,1266,11,nickel,6,pass,11,1,0,0
2023,9,IND,CAR,14,4,10,50,10,1015,,base,,punt,0,0,0,0
2023,9,CAR,IND,16,4,5,57,-17,617,11,nickel,4,run,13,1,0,0
2023,9,CAR,IND,16,4,7,31,-17,494,,base,,field_goal,0,0,0,0
2023,9,IND,CAR,17,4,10,56,14,312,,base,,punt,0,0,0,0
2023,9,IND,CAR,19,4,3,55,14,211,,base,,punt,0,0,0,0
2023,9,CAR,IND,20,4,18,83,-14,120,11,nickel,4,run,12,0,0,0
2023,9,LAC,NYJ,1,4,8,73,0,3556,,,,punt,0,0,0,0
2023,9,NYJ,LAC,2,4,6,72,0,3515,,,,punt,0,0,1,0
2023,9,LAC,NYJ,4,4,3,64,7,3265,,,,punt,0,0,0,0
2023,9,NYJ,LAC,7,4,12,77,-14,2746,,,,punt,0,0,0,0
2023,9,LAC,NYJ,8,4,15,52,14,2581,,,,punt,0,0,0,0
2023,9,NYJ,LAC,9,4,4,74,-14,2441,,,,punt,0,0,0,0
2023,9,LAC,NYJ,10,4,20,85,14,2373,,,,punt,0,0,0,0
2023,9,NYJ,LAC,11,4,5,29,-14,2161,,,,field_goal,0,0,0,0
2023,9,LAC,NYJ,12,4,12,72,11,2082,,,,punt,0,0,0,0
2023,9,NYJ,LAC,13,4,19,67,-11,1920,,,,punt,0,0,0,0
2023,9,LAC,NYJ,14,4,10,73,11,1860,,,,punt,0,0,0,0
2023,9,NYJ,LAC,15,4,6,77,-11,1828,,,,punt,0,0,0,0
2023,9,NYJ,LAC,17,4,25,28,-14,1496,,,,field_goal,0,0,0,0
2023,9,LAC,NYJ,18,4,3,68,11,1411,,,,punt,0,0,0,0
2023,9,NYJ,LAC,19,4,1,41,-11,1251,12,base,10,run,2,1,0,0
2023,9,NYJ,LAC,19,4,16,45,-11,1062,,base,,punt,0,0,0,0
2023,9,LAC,NYJ,20,4,6,20,11,562,,base,,field_goal,0,0,0,0
2023,9,NYJ,LAC,21,4,27,80,-14,416,,,,punt,0,0,0,0
2023,9,LAC,NYJ,22,4,4,68,14,283,,,,punt,0,0,0,0
2023,9,NYJ,LAC,25,4,3,68,-21,185,11,nickel,6,pass,6,1,0,0
2023,9,NYJ,LAC,25,4,5,42,-21,82,11,nickel,6,pass,33,1,0,0
2023,9,NYJ,LAC,25,4,6,6,-21,34,11,nickel,6,pass,4,0,0,0
2023,9,LA,GB,1,4,3,53,0,3394,11,,,punt,0,0,0,0
2023,9,GB,LA,2,4,6,64,0,3064,,,,punt,0,0,0,0
2023,9,LA,GB,5,4,9,79,-7,2579,11,base,,punt,0,0,0,0
2023,9,GB,LA,6,4,12,43,7,2472,,,,punt,0,0,0,0
2023,9,LA,GB,7,4,6,86,-7,2387,11,base,,punt,0,0,0,0
2023,9,GB,LA,8,4,5,55,7,2258,,,,punt,0,0,0,0
2023,9,LA,GB,9,4,10,34,-7,1907,,,,field_goal,0,0,0,0
2023,9,LA,GB,12,4,17,36,-4,1550,11,,,punt,0,0,0,0
2023,9,LA,GB,14,4,5,31,-4,1294,,,,field_goal,0,0,0,0
2023,9,GB,LA,15,4,6,8,4,1033,,base,,field_goal,0,0,0,0
2023,9,LA,GB,16,4,2,47,-7,900,11,nickel,6,run,0,0,0,0
2023,9,GB,LA,17,4,16,58,7,824,,,,punt,0,0,0,0
2023,9,GB,LA,19,4,1,16,7,551,,base,,field_goal,0,0,0,0
2023,9,LA,GB,20,4,6,71,-10,519,21,,,punt,0,0,0,0
2023,9,LA,GB,22,4,2,38,-17,156,11,nickel,6,pass,0,0,0,0
2023,9,GB,LA,23,4,1,53,17,105,12,base,7,run,2,1,0,0
2023,9,MIA,KC,2,4,17,67,-7,3264,,base,,punt,0,0,0,0
2023,9,KC,MIA,3,4,7,56,7,3104,11,base,,punt,0,0,0,0
2023,9,MIA,KC,4,4,12,44,-7,2830,,base,,punt,0,0,0,0
2023,9,KC,MIA,5,4,10,78,7,2706,11,base,,punt,0,0,0,0
2023,9,MIA,KC,6,4,9,59,-7,2611,,base,,punt,0,0,0,0
2023,9,KC,MIA,7,4,12,85,7,2521,11,base,,punt,0,0,0,0
2023,9,MIA,KC,8,4,10,56,-7,2464,,base,,punt,0,0,0,0
2023,9,MIA,KC,11,4,5,70,-21,1818,,base,,punt,0,0,0,0
2023,9,MIA,KC,13,4,10,75,-21,1704,,base,,punt,0,0,0,0
2023,9,KC,MIA,14,4,2,68,21,1506,11,base,,punt,0,0,0,0
2023,9,KC,MIA,18,4,9,55,7,734,11,,,punt,0,0,0,0
2023,9,MIA,KC,19,4,27,55,-7,262,,base,,punt,0,0,0,0
2023,9,KC,MIA,20,4,1,81,7,156,11,base,,punt,0,0,0,0
2023,9,MIA,KC,21,4,10,31,-7,63,,dime,7,run,0,0,0,0
2023,9,ATL,MIN,1,4,15,53,0,3375,,nickel,,punt,0,0,0,0
2023,9,MIN,ATL,2,4,2,84,0,3246,11,nickel,,punt,0,0,0,0
2023,9,ATL,MIN,3,4,7,34,0,3131,,base,,field_goal,0,0,0,0
2023,9,MIN,ATL,4,4,1,1,-3,2843,,base,,field_goal,0,0,0,0
2023,9,ATL,MIN,5,4,14,46,0,2700,,nickel,,punt,0,0,0,0
2023,9,ATL,MIN,7,4,8,24,2,2342,,base,,field_goal,0,0,0,0
2023,9,ATL,MIN,9,4,5,5,5,2135,,base,,field_goal,0,0,0,0
2023,9,ATL,MIN,11,4,10,62,1,1821,,nickel,,punt,0,0,0,0
2023,9,ATL,MIN,14,4,16,36,1,1640,,base,,field_goal,0,0,0,0
2023,9,MIN,ATL,15,4,9,14,-4,1396,,base,,field_goal,0,0,0,0
2023,9,MIN,ATL,17,4,5,70,-8,1221,11,nickel,,punt,0,0,0,0
2023,9,MIN,ATL,21,4,10,13,0,862,,base,,field_goal,0,0,0,0
2023,9,ATL,MIN,22,4,8,45,-3,762,,base,,punt,0,0,0,0
2023,9,MIN,ATL,23,4,5,50,3,553,11,,,punt,0,0,0,0
2023,9,MIN,ATL,25,4,7,34,-4,52,,dime,5,run,22,1,0,0
2023,9,NYG,LV,1,4,5,75,0,3524,,base,,punt,0,0,0,0
2023,9,NYG,LV,3,4,1,34,-7,3041,12,base,9,run,0,0,0,0
2023,9,LV,NYG,4,4,9,65,7,2959,heavy,base,,punt,0,0,0,0
2023,9,NYG,LV,5,4,16,53,-7,2639,,base,,punt,0,0,0,0
2023,9,LV,NYG,6,4,2,72,7,2488,heavy,base,,punt,0,0,0,0
2023,9,NYG,LV,7,4,3,73,-7,2357,,base,,punt,0,0,0,0
2023,9,LV,NYG,12,4,1,5,21,1807,,nickel,,field_goal,0,0,0,0
2023,9,LV,NYG,14,4,4,28,24,1407,,nickel,,field_goal,0,0,0,0
2023,9,NYG,LV,15,4,9,65,-27,1313,,base,,punt,0,0,0,0
2023,9,LV,NYG,16,4,6,71,27,1214,heavy,nickel,,punt,0,0,0,0
2023,9,NYG,LV,17,4,5,30,-27,982,11,dime,6,pass,6,1,0,0
2023,9,LV,NYG,18,4,7,72,21,764,heavy,nickel,,punt,0,0,0,0
2023,9,NYG,LV,19,4,4,71,-21,630,,nickel,5,pass,0,0,0,0
2023,9,LV,NYG,20,4,5,23,21,573,,nickel,,field_goal,0,0,0,0
2023,9,NYG,LV,21,4,10,34,-24,363,11,nickel,6,pass,6,0,0,0
2023,9,LV,NYG,22,4,2,64,24,302,heavy,nickel,,punt,0,0,0,0
2023,9,NYG,LV,23,4,9,59,-24,146,11,nickel,6,pass,0,0,0,0
2023,9,LV,NYG,24,4,4,34,24,32,12,base,8,run,0,0,0,0
2023,9,SEA,BAL,1,4,4,69,0,3514,11,,,punt,0,0,0,0
2023,9,BAL,SEA,2,4,13,70,0,3398,12,,,punt,0,0,0,0
2023,9,SEA,BAL,3,4,4,43,0,3234,,base,,punt,0,0,0,0
2023,9,BAL,SEA,4,4,3,89,0,3102,,,,punt,0,0,0,0
2023,9,SEA,BAL,5,4,18,61,0,2928,11,,,punt,0,0,0,0
2023,9,SEA,BAL,9,4,9,62,-7,2319,11,,,punt,0,0,0,0
2023,9,SEA,BAL,11,4,11,15,-14,1862,,,,field_goal,0,0,0,0
2023,9,BAL,SEA,16,4,3,26,14,1669,,,,field_goal,0,0,0,0
2023,9,SEA,BAL,17,4,10,75,-17,1591,11,,,punt,0,0,0,0
2023,9,BAL,SEA,18,4,1,52,17,1467,11,dime,,penalty,6,1,0,0
2023,9,BAL,SEA,18,4,2,38,17,1345,12,base,7,run,3,1,0,0
2023,9,BAL,SEA,18,4,6,13,17,1111,,,,field_goal,0,0,0,0
2023,9,SEA,BAL,19,4,16,81,-20,1019,11,,,punt,0,0,0,0
2023,9,SEA,BAL,21,4,7,21,-27,737,11,nickel,6,pass,0,0,0,0
2023,9,SEA,BAL,23,4,5,86,-34,447,11,,,punt,0,0,0,0
2023,9,TB,HOU,2,4,9,17,0,3479,,base,,field_goal,0,0,0,0
2023,9,TB,HOU,4,4,1,4,-4,2898,11,nickel,6,run,3,1,0,0
2023,9,HOU,TB,5,4,9,90,-3,2782,,base,,punt,0,0,0,0
2023,9,TB,HOU,6,4,8,62,3,2660,12,nickel,,punt,0,0,0,0
2023,9,HOU,TB,7,4,10,90,-3,2535,,base,,punt,0,0,0,0
2023,9,HOU,TB,9,4,9,32,-10,2122,,base,,field_goal,0,0,0,0
2023,9,TB,HOU,10,4,4,69,7,1988,12,base,,punt,0,0,0,0
2023,9,TB,HOU,12,4,2,31,7,1662,,base,,field_goal,0,0,0,0
2023,9,TB,HOU,14,4,10,37,4,1468,,base,,field_goal,0,0,0,0
2023,9,TB,HOU,16,4,19,90,1,1128,12,base,,punt,0,0,0,0
2023,9,HOU,TB,17,4,9,9,-1,855,11,nickel,5,pass,9,1,1,0
2023,9,HOU,TB,19,4,11,11,0,528,11,base,,field_goal,0,0,0,0
2023,9,TB,HOU,20,4,7,70,-3,438,12,base,,punt,0,0,0,0
2023,9,HOU,TB,21,4,24,92,3,282,,base,,punt,0,0,0,0
2023,9,TB,HOU,22,4,2,41,-3,73,11,nickel,4,run,5,1,0,0
2023,9,TEN,PIT,2,4,1,51,-7,3120,heavy,,8,run,6,1,0,0
2023,9,TEN,PIT,2,4,13,18,-7,2872,,base,,field_goal,0,0,0,0
2023,9,PIT,TEN,3,4,8,73,4,2823,,dime,,punt,0,0,0,0
2023,9,TEN,PIT,4,4,8,64,-4,2651,12,nickel,,punt,0,0,0,0
2023,9,PIT,TEN,5,4,8,81,4,2594,,dime,,punt,0,0,0,0
2023,9,PIT,TEN,7,4,11,11,-3,1879,,base,,field_goal,0,0,0,0
2023,9,TEN,PIT,8,4,9,18,0,1803,,base,,field_goal,0,0,0,0
2023,9,TEN,PIT,9,4,8,73,3,1751,12,nickel,,punt,0,0,0,0
2023,9,PIT,TEN,10,4,3,12,-3,1244,,base,,field_goal,0,0,0,0
2023,9,TEN,PIT,11,4,15,30,0,924,,base,,field_goal,0,0,0,0
2023,9,PIT,TEN,12,4,7,56,-3,758,,dime,,punt,0,0,0,0
2023,9,TEN,PIT,13,4,8,59,3,561,12,nickel,,punt,0,0,0,0
2023,9,TEN,PIT,15,4,4,46,-4,133,11,dime,5,pass,0,0,0,0
2023,9,PIT,TEN,16,4,8,51,4,110,,dime,,punt,0,0,0,0
2023,9,TEN,PIT,17,4,7,70,-4,53,11,dime,5,penalty,5,1,0,0
2023,9,WAS,NE,1,4,2,56,0,3510,,,,punt,0,0,0,0
2023,9,NE,WAS,2,4,3,39,0,3219,11,nickel,6,pass,0,0,0,0
2023,9,WAS,NE,3,4,3,19,0,2898,,base,,field_goal,0,0,0,0
2023,9,NE,WAS,4,4,5,70,-3,2851,,,,punt,0,0,0,0
2023,9,NE,WAS,6,4,4,69,-10,2484,,,,punt,0,0,0,0
2023,9,WAS,NE,9,4,5,51,3,2208,,,,punt,0,0,0,0
2023,9,NE,WAS,13,4,11,24,4,1517,,base,,field_goal,0,0,0,0
2023,9,NE,WAS,15,4,5,59,0,1190,,,,punt,0,0,0,0
2023,9,WAS,NE,16,4,9,11,0,1012,,,,field_goal,0,0,0,0
2023,9,NE,WAS,17,4,3,53,-3,897,,base,,punt,0,0,0,0
2023,9,WAS,NE,18,4,1,60,3,681,21,,,punt,0,0,0,0
2023,9,NE,WAS,19,4,6,80,-3,573,,,,punt,0,0,0,0
2023,9,WAS,NE,20,4,9,65,3,442,,base,,punt,0,0,0,0
2023,9,NE,WAS,21,4,7,66,-3,315,,,,punt,0,0,0,0
2023,9,WAS,NE,22,4,2,73,3,161,,base,,penalty,5,1,0,0
2023,9,WAS,NE,22,4,6,64,3,136,,base,,punt,0,0,0,0
2023,9,NE,WAS,23,4,4,49,-3,62,12,dime,4,pass,6,1,0,0
2023,10,ARI,ATL,1,4,9,79,0,3545,,base,,punt,0,0,0,0
2023,10,ATL,ARI,2,4,4,56,0,3463,,base,,punt,0,0,0,0
2023,10,ARI,ATL,3,4,1,70,0,3304,heavy,base,9,run,4,1,0,0
2023,10,ARI,ATL,3,4,25,33,0,2993,,base,,field_goal,0,0,0,0
2023,10,ARI,ATL,5,4,4,28,-4,2437,,base,,field_goal,0,0,0,0
2023,10,ATL,ARI,9,4,6,71,2,1753,,base,,punt,0,0,0,0
2023,10,ARI,ATL,10,4,18,38,-2,1461,,base,,field_goal,0,0,0,0
2023,10,ATL,ARI,11,4,7,72,-1,1316,,base,,punt,0,0,0,0
2023,10,ATL,ARI,13,4,13,17,-1,1223,,base,,field_goal,0,0,0,0
2023,10,ARI,ATL,14,4,5,70,-2,1105,,base,,punt,0,0,0,0
2023,10,ATL,ARI,15,4,16,90,2,987,,base,,punt,0,0,0,0
2023,10,ATL,ARI,17,4,1,56,-5,800,12,base,7,run,2,1,0,0
2023,10,ATL,ARI,17,4,1,21,-5,481,12,base,7,run,0,0,0,0
2023,10,ARI,ATL,18,4,20,79,5,350,,base,,punt,0,0,0,0
2023,10,ARI,ATL,20,4,5,5,-1,2,,base,,field_goal,0,0,0,0
2023,10,CHI,CAR,1,4,8,57,0,3512,21,dime,,punt,0,0,0,0
2023,10,CAR,CHI,2,4,7,48,0,3255,heavy,base,,punt,0,0,0,0
2023,10,CHI,CAR,3,4,3,78,0,3065,21,dime,,punt,0,0,1,0
2023,10,CHI,CAR,4,4,12,36,-7,2854,,base,,field_goal,0,0,0,0
2023,10,CAR,CHI,5,4,11,15,4,2616,,base,,field_goal,0,0,0,0
2023,10,CHI,CAR,6,4,15,52,-7,2365,21,dime,,punt,0,0,0,0
2023,10,CAR,CHI,7,4,16,97,7,2309,heavy,base,,punt,0,0,0,0
2023,10,CHI,CAR,8,4,4,36,-7,2118,11,nickel,6,pass,15,1,0,0
2023,10,CHI,CAR,8,4,7,18,-7,1990,,,,field_goal,0,0,0,0
2023,10,CAR,CHI,9,4,1,52,4,1879,heavy,base,,punt,0,0,0,0
2023,10,CAR,CHI,11,4,14,79,1,1744,heavy,base,,punt,0,0,0,0
2023,10,CHI,CAR,12,4,8,71,-1,1658,21,dime,,punt,0,0,0,0
2023,10,CAR,CHI,13,4,15,96,1,1537,heavy,base,,punt,0,0,0,0
2023,10,CAR,CHI,15,4,5,45,-6,1173,heavy,base,,punt,0,0,0,0
2023,10,CHI,CAR,16,4,19,86,6,960,21,dime,,punt,0,0,0,0
2023,10,CAR,CHI,17,4,6,36,-6,786,11,dime,5,pass,11,1,0,0
2023,10,CAR,CHI,17,4,5,20,-6,670,,base,,field_goal,0,0,0,0
2023,10,CHI,CAR,18,4,8,44,3,437,21,base,,punt,0,0,0,0
2023,10,CAR,CHI,19,4,1,82,-3,320,11,nickel,6,run,2,1,0,0
2023,10,CAR,CHI,19,4,2,54,-3,120,11,nickel,5,pass,13,1,0,0
2023,10,CAR,CHI,19,4,10,41,-3,100,,base,,field_goal,0,0,0,0
2023,10,CLE,BAL,2,4,11,63,-7,3481,11,base,,punt,0,0,0,0
2023,10,CLE,BAL,4,4,7,18,-14,3151,,,,field_goal,0,0,0,0
2023,10,BAL,CLE,5,4,5,19,11,2913,,base,,field_goal,0,0,0,0
2023,10,CLE,BAL,6,4,10,75,-14,2771,11,base,,punt,0,0,0,0
2023,10,BAL,CLE,7,4,8,58,14,2693,12,nickel,,punt,0,0,0,0
2023,10,CLE,BAL,8,4,7,10,-14,2253,,,,field_goal,0,0,0,0
2023,10,BAL,CLE,9,4,2,36,11,2078,11,nickel,8,penalty,5,1,0,0
2023,10,BAL,CLE,9,4,16,37,11,1947,,,,field_goal,0,0,0,0
2023,10,CLE,BAL,10,4,5,5,-11,1865,,,,field_goal,0,0,0,0
2023,10,CLE,BAL,12,4,10,42,-8,1807,12,dime,5,pass,0,0,0,0
2023,10,CLE,BAL,14,4,1,55,-15,1460,12,nickel,11,run,2,1,0,0
2023,10,BAL,CLE,15,4,26,55,7,900,12,nickel,,punt,0,0,0,1
2023,10,BAL,CLE,19,4,7,59,1,303,12,nickel,,punt,0,0,0,0
2023,10,CLE,BAL,20,4,5,22,-1,3,,,,field_goal,0,0,0,0
2023,10,DEN,BUF,2,4,4,22,0,3462,,base,,field_goal,0,0,0,0
2023,10,DEN,BUF,4,4,18,58,3,2973,,,,punt,0,0,0,0
2023,10,BUF,DEN,5,4,9,67,-3,2857,,nickel,,punt,0,0,0,0
2023,10,DEN,BUF,6,4,4,46,3,2574,,,,punt,0,0,0,0
2023,10,BUF,DEN,7,4,5,75,-3,2482,,nickel,,punt,0,0,0,0
2023,10,DEN,BUF,8,4,2,7,3,2243,11,nickel,8,pass,7,1,1,0
2023,10,DEN,BUF,10,4,6,30,1,1849,,base,,field_goal,0,0,0,0
2023,10,DEN,BUF,12,4,1,22,4,1804,,dime,,field_goal,0,0,0,0
2023,10,DEN,BUF,13,4,12,77,7,1640,,base,,punt,0,0,0,0
2023,10,BUF,DEN,14,4,1,52,-7,1588,11,dime,6,pass,0,0,0,0
2023,10,DEN,BUF,17,4,15,53,0,1057,21,base,,punt,0,0,0,0
2023,10,DEN,BUF,19,4,6,44,0,900,21,base,,punt,0,0,0,0
2023,10,BUF,DEN,20,4,8,63,0,755,,nickel,,punt,0,0,0,0
2023,10,DEN,BUF,23,4,11,18,-1,4,,base,,field_goal,0,0,0,0
2023,10,LAC,DET,1,4,6,71,0,3524,,base,,punt,0,0,0,0
2023,10,DET,LAC,2,4,12,14,0,3313,,,,field_goal,0,0,0,0
2023,10,LAC,DET,3,4,2,30,-3,3118,,base,,field_goal,0,0,0,0
2023,10,DET,LAC,6,4,5,28,7,2877,11,dime,6,run,6,1,0,0
2023,10,DET,LAC,6,4,1,13,7,2712,11,nickel,,run,3,1,0,0
2023,10,DET,LAC,6,4,1,1,7,2594,12,base,8,pass,0,0,0,0
2023,10,LAC,DET,7,4,1,89,-7,2544,,base,,punt,0,0,0,0
2023,10,DET,LAC,8,4,1,1,7,2254,heavy,base,11,run,1,1,1,0
2023,10,LAC,DET,11,4,1,2,-14,1829,11,nickel,9,run,2,1,1,0
2023,10,DET,LAC,13,4,13,37,7,1654,11,,,punt,0,0,0,0
2023,10,LAC,DET,16,4,1,1,-7,817,11,nickel,8,penalty,0,1,0,0
2023,10,LAC,DET,16,4,1,1,-7,693,11,nickel,8,pass,1,1,1,0
2023,10,LAC,DET,18,4,1,38,-7,222,12,base,7,pass,38,1,1,0
2023,10,DET,LAC,19,4,2,26,0,107,11,nickel,6,pass,6,1,0,0
2023,10,DET,LAC,19,4,12,22,0,2,,base,,field_goal,0,0,0,0
2023,10,GB,PIT,4,4,8,75,-7,2598,,dime,,punt,0,0,0,0
2023,10,PIT,GB,5,4,1,40,7,2450,11,nickel,7,run,8,1,0,0
2023,10,PIT,GB,5,4,2,24,7,2292,,,,field_goal,0,0,0,0
2023,10,PIT,GB,7,4,9,84,4,2004,,base,,punt,0,0,0,0
2023,10,GB,PIT,8,4,4,48,-4,1962,,,,punt,0,0,0,0
2023,10,PIT,GB,9,4,2,54,4,1886,,,,punt,0,0,0,0
2023,10,GB,PIT,11,4,6,40,-4,1702,11,dime,5,pass,7,1,0,0
2023,10,GB,PIT,11,4,9,13,-4,1451,,base,,field_goal,0,0,0,0
2023,10,PIT,GB,12,4,10,78,1,1338,,base,,punt,0,0,0,0
2023,10,GB,PIT,13,4,5,10,-1,1087,,base,,field_goal,0,0,0,0
2023,10,PIT,GB,14,4,3,31,-2,969,,,,field_goal,0,0,0,0
2023,10,GB,PIT,15,4,16,72,-1,858,,dime,,punt,0,0,0,0
2023,10,PIT,GB,16,4,10,48,1,713,,,,punt,0,0,0,0
2023,10,GB,PIT,17,4,7,78,-1,572,,dime,,punt,0,0,0,0
2023,10,PIT,GB,18,4,2,17,1,317,,,,field_goal,0,0,0,0
2023,10,PIT,GB,20,4,8,59,4,69,,nickel,,punt,0,0,0,0
2023,10,GB,PIT,21,4,2,27,-4,17,11,dime,3,pass,11,1,0,0
2023,10,CIN,HOU,1,4,3,38,0,3398,11,nickel,4,pass,3,1,0,0
2023,10,HOU,CIN,2,4,9,55,-7,3183,11,,,punt,0,0,0,0
2023,10,CIN,HOU,3,4,7,62,7,2933,21,base,,punt,0,0,0,0
2023,10,HOU,CIN,4,4,1,9,-7,2703,12,base,8,run,0,0,0,1
2023,10,CIN,HOU,5,4,3,82,7,2623,21,base,,punt,0,0,0,0
2023,10,CIN,HOU,7,4,2,67,0,2348,21,base,,punt,0,0,0,0
2023,10,CIN,HOU,9,4,6,68,0,1970,21,base,,punt,0,0,0,0
2023,10,HOU,CIN,10,4,8,27,0,1815,,base,,field_goal,0,0,0,0
2023,10,HOU,CIN,12,4,3,3,3,1470,,base,,field_goal,0,0,0,0
2023,10,CIN,HOU,13,4,22,87,-6,1386,21,base,,punt,0,0,0,0
2023,10,CIN,HOU,15,4,13,32,-13,1085,,base,,field_goal,0,0,0,0
2023,10,HOU,CIN,16,4,3,68,10,1003,11,,,punt,0,0,0,0
2023,10,HOU,CIN,20,4,7,46,10,356,11,,,punt,0,0,0,0
2023,10,HOU,CIN,24,4,3,68,3,140,11,,,punt,0,0,0,0
2023,10,CIN,HOU,25,4,13,13,-3,97,,,,field_goal,0,0,0,0
2023,10,NE,IND,1,4,11,19,0,3194,,base,,field_goal,0,0,0,0
2023,10,IND,NE,2,4,1,1,-3,2762,12,dime,9,run,1,1,1,0
2023,10,NE,IND,3,4,9,62,-4,2560,,nickel,,punt,0,0,0,0
2023,10,IND,NE,4,4,10,87,4,2537,,base,,punt,0,0,0,0
2023,10,NE,IND,5,4,3,75,-4,2421,,nickel,,punt,0,0,0,0
2023,10,IND,NE,6,4,1,62,4,2306,,,,punt,0,0,0,0
2023,10,NE,IND,7,4,9,79,-4,2197,,dime,,punt,0,0,0,0
2023,10,IND,NE,8,4,7,43,4,2021,,,,punt,0,0,0,0
2023,10,NE,IND,9,4,3,65,-4,1878,,nickel,,punt,0,0,0,0
2023,10,IND,NE,10,4,4,51,4,1811,11,dime,3,pass,12,1,0,0
2023,10,NE,IND,13,4,3,17,-4,1421,,base,,field_goal,0,0,0,0
2023,10,IND,NE,14,4,2,49,4,1257,,,,punt,0,0,0,0
2023,10,NE,IND,15,4,5,5,-4,767,,base,,field_goal,0,0,0,0
2023,10,IND,NE,16,4,11,33,1,538,,base,,field_goal,0,0,0,0
2023,10,IND,NE,18,4,2,54,4,120,,,,punt,0,0,0,0
2023,10,NE,IND,19,4,1,61,-4,58,11,nickel,6,run,1,1,0,0
2023,10,MIN,NO,1,4,4,22,0,3352,,,,field_goal,0,0,0,0
2023,10,NO,MIN,2,4,5,47,-3,3171,,,,punt,0,0,0,0
2023,10,MIN,NO,3,4,4,74,3,3084,11,nickel,,punt,0,0,0,0
2023,10,NO,MIN,4,4,17,30,-3,2783,,base,,field_goal,0,0,0,0
2023,10,NO,MIN,6,4,1,66,-7,2298,,,,punt,0,0,0,0
2023,10,NO,MIN,8,4,11,72,-14,1913,,base,,punt,0,0,0,0
2023,10,NO,MIN,11,4,5,70,-21,1683,,nickel,,punt,0,0,0,0
2023,10,MIN,NO,12,4,7,15,21,1513,,,,field_goal,0,0,0,0
2023,10,NO,MIN,13,4,1,36,-24,1293,12,nickel,6,run,2,1,0,0
2023,10,MIN,NO,14,4,1,66,16,1086,21,nickel,,punt,0,0,0,0
2023,10,NO,MIN,15,4,10,84,-16,1066,,base,,punt,0,0,0,0
2023,10,MIN,NO,16,4,3,36,16,900,,,,field_goal,0,0,0,0
2023,10,NO,MIN,17,4,2,43,-16,801,11,dime,6,pass,26,1,0,0
2023,10,MIN,NO,18,4,16,44,8,514,11,nickel,,punt,0,0,0,0
2023,10,NO,MIN,19,4,7,90,-8,385,,,,punt,0,0,0,0
2023,10,MIN,NO,20,4,12,55,8,301,11,nickel,,punt,0,0,0,0
2023,10,MIN,NO,22,4,12,84,8,135,21,nickel,,punt,0,0,0,0
2023,10,MIN,NO,24,4,1,78,8,15,11,nickel,,punt,0,0,0,0
2023,10,DAL,NYG,1,4,2,2,0,3320,,nickel,6,run,1,0,0,0
2023,10,NYG,DAL,2,4,6,95,0,3194,11,,,punt,0,0,0,0
2023,10,DAL,NYG,3,4,7,51,0,3138,12,base,,punt,0,0,0,0
2023,10,NYG,DAL,4,4,14,98,0,3026,11,,,punt,0,0,0,0
2023,10,NYG,DAL,6,4,7,58,-7,2805,11,,,punt,0,0,0,0
2023,10,NYG,DAL,8,4,2,4,-7,2608,12,dime,8,run,0,0,0,0
2023,10,NYG,DAL,10,4,9,74,-14,2208,11,,,punt,0,0,0,0
2023,10,NYG,DAL,12,4,8,73,-21,1978,11,,,punt,0,0,0,0
2023,10,NYG,DAL,15,4,18,83,-28,1692,11,,,punt,0,0,0,0
2023,10,DAL,NYG,16,4,2,57,28,1603,12,base,,punt,0,0,0,0
2023,10,NYG,DAL,21,4,11,65,-35,893,11,,,punt,0,0,0,0
2023,10,NYG,DAL,23,4,15,22,-35,538,,base,,field_goal,0,0,0,0
2023,10,DAL,NYG,24,4,1,31,32,322,11,nickel,7,run,6,1,0,0
2023,10,NYG,DAL,25,4,2,67,-39,98,11,nickel,6,pass,4,1,0,0
2023,10,NYG,DAL,25,4,1,6,-39,26,12,nickel,8,run,1,1,0,0
2023,10,LV,NYJ,1,4,1,66,0,3513,heavy,base,,punt,0,0,0,0
2023,10,NYJ,LV,2,4,13,29,0,3318,,,,field_goal,0,0,0,0
2023,10,LV,NYJ,3,4,1,22,-3,3078,,base,,field_goal,0,0,0,0
2023,10,NYJ,LV,4,4,13,35,0,2776,,,,field_goal,0,0,0,0
2023,10,NYJ,LV,6,4,12,12,3,2511,,,,field_goal,0,0,0,0
2023,10,LV,NYJ,7,4,9,74,-6,2423,heavy,base,,punt,0,0,0,0
2023,10,NYJ,LV,8,4,1,62,6,2246,,,,punt,0,0,0,0
2023,10,LV,NYJ,9,4,29,45,-6,1920,heavy,base,,punt,0,0,0,0
2023,10,NYJ,LV,10,4,3,52,6,1862,,,,punt,0,0,0,0
2023,10,LV,NYJ,11,4,9,36,-6,1803,,base,,field_goal,0,0,0,0
2023,10,NYJ,LV,12,4,16,81,3,1688,,,,punt,0,0,0,0
2023,10,LV,NYJ,13,4,14,73,-3,1556,heavy,base,,punt,0,0,0,0
2023,10,NYJ,LV,14,4,3,78,3,1440,,,,punt,0,0,0,0
2023,10,LV,NYJ,15,4,1,25,-3,1183,11,nickel,8,run,2,1,0,0
2023,10,LV,NYJ,15,4,9,22,-3,1060,,base,,field_goal,0,0,0,0
2023,10,NYJ,LV,16,4,10,87,0,956,,,,punt,0,0,0,0
2023,10,NYJ,LV,18,4,9,27,-7,722,,,,field_goal,0,0,0,0
2023,10,LV,NYJ,19,4,1,56,4,511,11,nickel,11,run,15,1,0,0
2023,10,LV,NYJ,21,4,10,60,4,60,heavy,base,,punt,0,0,0,0
2023,10,JAX,SF,1,4,11,76,0,3529,11,base,,punt,0,0,0,0
2023,10,JAX,SF,3,4,15,80,-7,3249,11,base,,punt,0,0,0,0
2023,10,SF,JAX,4,4,12,21,7,2965,,base,,field_goal,0,0,0,0
2023,10,JAX,SF,5,4,7,56,-10,2800,11,base,,punt,0,0,0,0
2023,10,SF,JAX,6,4,7,77,10,2700,12,base,,punt,0,0,0,0
2023,10,SF,JAX,8,4,16,57,10,2528,12,base,,punt,0,0,0,0
2023,10,JAX,SF,9,4,4,19,-10,2064,,base,,field_goal,0,0,0,0
2023,10,SF,JAX,10,4,14,17,7,1803,,base,,field_goal,0,0,0,0
2023,10,SF,JAX,13,4,4,51,17,1415,12,base,,punt,0,0,0,0
2023,10,JAX,SF,16,4,15,57,-24,862,11,nickel,4,pass,0,0,0,1
2023,10,JAX,SF,18,4,19,84,-31,717,12,base,,punt,0,0,0,0
2023,10,SF,JAX,19,4,5,29,31,361,heavy,nickel,7,run,19,1,0,0
2023,10,SF,JAX,19,4,5,5,31,181,21,base,7,pass,0,0,0,0
2023,10,JAX,SF,20,4,4,89,-31,114,11,base,,punt,0,0,0,0
2023,10,TEN,TB,1,4,20,20,0,3218,,base,,field_goal,0,0,0,0
2023,10,TEN,TB,3,4,12,74,3,2755,12,base,,punt,0,0,0,0
2023,10,TB,TEN,4,4,8,91,-3,2700,11,dime,,punt,0,0,0,0
2023,10,TEN,TB,5,4,2,33,3,2564,,base,,field_goal,0,0,0,0
2023,10,TB,TEN,6,4,6,55,-3,2482,11,dime,,punt,0,0,0,0
2023,10,TEN,TB,7,4,4,70,3,2336,12,base,,punt,0,0,0,0
2023,10,TEN,TB,9,4,6,71,-4,2090,12,base,,punt,0,0,0,0
2023,10,TB,TEN,10,4,5,41,4,1842,11,nickel,,punt,0,0,0,0
2023,10,TB,TEN,12,4,7,7,4,1545,,base,,field_goal,0,0,0,0
2023,10,TEN,TB,13,4,11,55,-7,1359,12,base,,punt,0,0,0,0
2023,10,TEN,TB,15,4,9,9,-14,777,,base,,field_goal,0,0,0,0
2023,10,TB,TEN,16,4,9,17,11,425,,base,,field_goal,0,0,0,0
2023,10,TB,TEN,18,4,18,50,14,303,11,dime,,punt,0,0,0,0
2023,10,TEN,TB,19,4,17,46,-14,220,11,nickel,5,pass,0,0,0,0
2023,10,TB,TEN,20,4,9,53,14,120,11,dime,,punt,0,0,0,0
2023,10,TEN,TB,21,4,10,66,-14,47,11,nickel,4,pass,0,0,0,0
2023,10,SEA,WAS,2,4,6,26,-6,3228,,base,,field_goal,0,0,0,0
2023,10,WAS,SEA,3,4,10,58,3,3043,,base,,punt,0,0,0,0
2023,10,SEA,WAS,4,4,4,67,-3,2849,21,,,punt,0,0,0,0
2023,10,WAS,SEA,5,4,7,31,3,2531,11,,,field_goal,0,0,0,0
2023,10,SEA,WAS,6,4,4,24,-6,2356,,base,,field_goal,0,0,0,0
2023,10,WAS,SEA,7,4,14,80,3,2258,,base,,punt,0,0,0,0
2023,10,SEA,WAS,8,4,10,64,-3,2185,21,,,punt,0,0,0,0
2023,10,WAS,SEA,9,4,3,74,3,2097,,base,,punt,0,0,0,0
2023,10,SEA,WAS,10,4,6,15,-3,1910,,base,,field_goal,0,0,0,0
2023,10,WAS,SEA,11,4,3,68,0,1865,,base,,punt,0,0,0,0
2023,10,SEA,WAS,13,4,4,69,0,1685,21,,,punt,0,0,0,0
2023,10,WAS,SEA,14,4,18,29,0,1537,,,,field_goal,0,0,0,0
2023,10,SEA,WAS,17,4,7,49,4,1338,,base,,punt,0,0,0,0
2023,10,WAS,SEA,18,4,16,62,-4,1032,11,base,,punt,0,0,0,0
2023,10,SEA,WAS,19,4,1,36,4,823,11,nickel,8,run,7,1,0,0
2023,10,SEA,WAS,19,4,7,26,4,739,,base,,field_goal,0,0,0,0
2023,10,SEA,WAS,21,4,5,39,0,281,11,nickel,7,penalty,6,1,0,0
2023,10,WAS,SEA,22,4,1,43,-7,88,11,nickel,5,pass,8,1,0,0
2023,11,HOU,ARI,2,4,2,15,-7,3272,11,nickel,6,run,0,0,0,0
2023,11,ARI,HOU,3,4,4,79,7,3175,,base,,punt,0,0,0,0
2023,11,ARI,HOU,5,4,16,39,0,2786,,base,,field_goal,0,0,0,0
2023,11,ARI,HOU,9,4,18,77,-4,1947,,base,,punt,0,0,0,0
2023,11,HOU,ARI,12,4,6,30,11,1459,,,,field_goal,0,0,0,0
2023,11,ARI,HOU,13,4,1,1,-11,1077,12,base,7,run,1,1,1,0
2023,11,HOU,ARI,14,4,18,83,5,990,,base,,punt,0,0,0,0
2023,11,ARI,HOU,15,4,3,23,-5,774,11,nickel,6,pass,2,0,0,0
2023,11,HOU,ARI,16,4,1,69,5,648,,,,punt,0,0,0,1
2023,11,ARI,HOU,18,4,4,45,-5,442,11,nickel,6,pass,0,0,0,0
2023,11,ARI,HOU,20,4,8,27,-5,35,11,nickel,7,pass,0,0,0,0
2023,11,CHI,DET,3,4,2,43,7,2868,12,base,6,pass,5,1,0,0
2023,11,CHI,DET,3,4,16,44,7,2778,11,base,,punt,0,0,0,0
2023,11,CHI,DET,7,4,1,32,0,2102,11,nickel,6,run,5,1,0,0
2023,11,CHI,DET,7,4,6,13,0,1911,,base,,field_goal,0,0,0,0
2023,11,DET,CHI,10,4,7,52,4,1689,11,,,punt,0,0,0,0
2023,11,CHI,DET,11,4,6,35,-4,1306,,base,,field_goal,0,0,0,0
2023,11,CHI,DET,15,4,1,23,6,855,,base,,field_goal,0,0,0,0
2023,11,DET,CHI,16,4,13,78,-9,793,11,base,,punt,0,0,0,0
2023,11,CHI,DET,17,4,5,21,9,260,,base,,field_goal,0,0,0,0
2023,11,CHI,DET,19,4,9,74,5,164,11,base,,punt,0,0,0,0
2023,11,CIN,BAL,2,4,6,31,-7,3157,,,,field_goal,0,0,0,0
2023,11,BAL,CIN,3,4,18,83,4,3056,,,,punt,0,0,0,0
2023,11,CIN,BAL,4,4,17,69,-4,2957,21,base,,punt,0,0,0,0
2023,11,BAL,CIN,5,4,4,63,4,2867,12,,,punt,0,0,0,0
2023,11,CIN,BAL,6,4,11,35,-4,2700,,,,field_goal,0,0,0,0
2023,11,BAL,CIN,7,4,8,47,4,2599,12,,,punt,0,0,0,0
2023,11,CIN,BAL,10,4,8,53,-4,1898,21,base,,punt,0,0,0,0
2023,11,CIN,BAL,13,4,5,8,-11,1499,,,,field_goal,0,0,0,0
2023,11,BAL,CIN,14,4,4,7,8,1145,,base,,field_goal,0,0,0,0
2023,11,CIN,BAL,15,4,17,82,-11,1038,21,base,,punt,0,0,0,0
2023,11,BAL,CIN,16,4,4,29,11,930,,base,,field_goal,0,0,0,0
2023,11,CIN,BAL,17,4,8,73,-14,853,21,base,,punt,0,0,0,0
2023,11,BAL,CIN,18,4,6,48,14,640,12,,,punt,0,0,0,0
2023,11,CIN,BAL,19,4,7,77,-14,515,21,base,,punt,0,0,0,0
2023,11,CIN,BAL,21,4,3,68,-21,175,,nickel,6,run,19,1,0,0
2023,11,DAL,CAR,1,4,3,68,0,3524,12,base,,punt,0,0,0,0
2023,11,CAR,DAL,2,4,15,46,0,3206,,,,punt,0,0,0,0
2023,11,CAR,DAL,4,4,16,61,-7,2778,,,,punt,0,0,0,0
2023,11,DAL,CAR,5,4,9,11,7,2465,,base,,field_goal,0,0,0,0
2023,11,CAR,DAL,6,4,12,77,-10,2393,,,,punt,0,0,0,0
2023,11,DAL,CAR,7,4,10,70,10,2221,12,base,,punt,0,0,0,0
2023,11,CAR,DAL,8,4,21,24,-10,1920,,base,,field_goal,0,0,0,0
2023,11,CAR,DAL,11,4,7,72,-14,1717,,,,punt,0,0,0,0
2023,11,DAL,CAR,12,4,8,63,14,1565,12,base,,punt,0,0,0,0
2023,11,CAR,DAL,13,4,2,51,-14,1388,12,dime,7,pass,16,1,0,0
2023,11,CAR,DAL,13,4,3,28,-14,1261,,dime,4,pass,3,1,0,0
2023,11,CAR,DAL,13,4,1,16,-14,1149,11,dime,6,run,3,1,0,0
2023,11,DAL,CAR,17,4,4,9,20,441,,base,,field_goal,0,0,0,0
2023,11,CAR,DAL,18,4,15,77,-23,354,,,,punt,0,0,0,0
2023,11,GB,LAC,1,4,2,50,0,3369,11,nickel,6,pass,-1,0,0,0
2023,11,LAC,GB,2,4,4,43,0,3281,11,nickel,6,pass,0,0,0,0
2023,11,GB,LAC,3,4,7,54,0,3187,,base,,punt,0,0,0,0
2023,11,LAC,GB,4,4,5,7,0,2784,,,,field_goal,0,0,0,0
2023,11,GB,LAC,7,4,21,34,-3,2241,,base,,field_goal,0,0,0,0
2023,11,LAC,GB,8,4,5,53,3,2161,,,,punt,0,0,0,0
2023,11,GB,LAC,9,4,8,10,-3,1811,,base,,field_goal,0,0,0,0
2023,11,LAC,GB,11,4,7,7,0,1547,,,,field_goal,0,0,0,0
2023,11,GB,LAC,12,4,17,49,-3,1154,,base,,punt,0,0,0,0
2023,11,LAC,GB,13,4,1,81,3,1054,,base,,punt,0,0,0,0
2023,11,GB,LAC,16,4,19,92,3,670,,base,,punt,0,0,0,0
2023,11,LAC,GB,19,4,20,85,-3,120,,nickel,,punt,0,0,0,0
2023,11,GB,LAC,20,4,4,53,3,95,,base,,punt,0,0,0,0
2023,11,LAC,GB,21,4,1,65,-3,23,11,nickel,5,pass,0,0,0,0
2023,11,LV,MIA,1,4,16,64,0,3440,heavy,base,,punt,0,0,0,0
2023,11,LV,MIA,3,4,11,16,0,3106,,base,,field_goal,0,0,0,0
2023,11,MIA,LV,6,4,1,3,-3,2353,12,base,8,pass,-4,0,0,0
2023,11,LV,MIA,7,4,7,90,3,2259,heavy,base,,punt,0,0,0,0
2023,11,LV,MIA,9,4,8,73,-4,1878,heavy,base,,punt,0,0,0,0
2023,11,LV,MIA,11,4,7,29,-4,1809,,base,,field_goal,0,0,0,0
2023,11,LV,MIA,14,4,2,60,-1,1670,heavy,base,,punt,0,0,0,0
2023,11,MIA,LV,15,4,7,31,1,1407,,,,field_goal,0,0,0,0
2023,11,MIA,LV,17,4,7,23,1,1229,,,,field_goal,0,0,0,0
2023,11,LV,MIA,18,4,1,66,-4,1140,heavy,base,,punt,0,0,0,0
2023,11,MIA,LV,19,4,1,33,4,930,,,,field_goal,0,0,0,0
2023,11,LV,MIA,20,4,11,65,-7,731,heavy,base,,punt,0,0,0,0
2023,11,MIA,LV,21,4,4,84,7,663,,,,punt,0,0,0,0
2023,11,LV,MIA,22,4,3,31,-7,513,11,nickel,6,pass,0,0,0,0
2023,11,MIA,LV,23,4,8,67,7,394,,,,punt,0,0,0,0
2023,11,LV,MIA,24,4,6,24,-7,192,11,nickel,6,pass,0,0,0,1
2023,11,MIA,LV,25,4,9,50,7,125,,,,punt,0,0,0,0
2023,11,DEN,MIN,2,4,8,13,0,3331,,base,,field_goal,0,0,0,0
2023,11,MIN,DEN,3,4,8,47,-3,3112,11,base,,punt,0,0,0,0
2023,11,DEN,MIN,4,4,2,72,3,3010,21,,,punt,0,0,0,0
2023,11,DEN,MIN,6,4,3,68,-4,2607,21,dime,,punt,0,0,0,0
2023,11,MIN,DEN,7,4,16,16,4,2293,,base,,field_goal,0,0,0,0
2023,11,DEN,MIN,8,4,2,12,-7,2051,,base,,field_goal,0,0,0,0
2023,11,MIN,DEN,9,4,1,48,4,1879,11,base,,punt,0,0,0,0
2023,11,DEN,MIN,10,4,5,34,-4,1805,,base,,field_goal,0,0,0,0
2023,11,DEN,MIN,11,4,12,77,-1,1662,21,dime,,punt,0,0,0,0
2023,11,DEN,MIN,13,4,3,68,-8,1291,21,nickel,,punt,0,0,0,0
2023,11,DEN,MIN,15,4,8,19,-8,764,,base,,field_goal,0,0,0,0
2023,11,DEN,MIN,17,4,10,10,-5,640,,base,,field_goal,0,0,0,0
2023,11,MIN,DEN,18,4,4,69,2,565,11,nickel,,run,31,1,0,0
2023,11,MIN,DEN,18,4,1,29,2,414,12,base,8,run,2,1,0,0
2023,11,MIN,DEN,18,4,10,12,2,200,,base,,field_goal,0,0,0,0
2023,11,DEN,MIN,19,4,3,68,-5,147,11,dime,7,pass,13,1,0,0
2023,11,MIN,DEN,20,4,1,66,-1,43,11,nickel,7,run,2,1,0,0
2023,11,MIN,DEN,20,4,25,79,-1,23,11,nickel,4,pass,0,0,0,0
2023,11,NYG,WAS,1,4,12,56,0,3424,11,,,punt,0,0,0,0
2023,11,NYG,WAS,3,4,5,82,0,3215,11,,,punt,0,0,0,0
2023,11,WAS,NYG,6,4,5,5,-7,2835,,nickel,,field_goal,0,0,0,0
2023,11,NYG,WAS,7,4,18,83,4,2715,11,,,punt,0,0,0,0
2023,11,WAS,NYG,8,4,2,66,-4,2631,11,nickel,,punt,0,0,0,0
2023,11,NYG,WAS,9,4,2,34,4,2418,11,nickel,5,pass,0,0,0,0
2023,11,WAS,NYG,10,4,16,71,-4,2333,11,nickel,,punt,0,0,0,0
2023,11,NYG,WAS,13,4,12,77,5,1876,11,,,punt,0,0,0,0
2023,11,NYG,WAS,16,4,21,45,5,1707,11,,,punt,0,0,0,0
2023,11,WAS,NYG,17,4,5,24,-5,1247,,nickel,,field_goal,0,0,0,0
2023,11,NYG,WAS,18,4,17,61,2,1130,11,,,punt,0,0,0,0
2023,11,NYG,WAS,22,4,10,18,9,412,,base,,field_goal,0,0,0,0
2023,11,WAS,NYG,23,4,10,60,-12,252,11,nickel,5,pass,21,1,0,0
2023,11,WAS,NYG,23,4,1,30,-12,185,12,nickel,7,penalty,5,1,0,0
2023,11,NYG,WAS,24,4,2,67,5,117,11,,,punt,0,0,0,0
2023,11,BUF,NYJ,2,4,19,30,0,3515,,base,,field_goal,0,0,0,0
2023,11,NYJ,BUF,3,4,20,68,-3,3432,,base,,punt,0,0,0,0
2023,11,BUF,NYJ,4,4,8,12,3,3059,,base,,field_goal,0,0,0,0
2023,11,NYJ,BUF,5,4,9,51,-6,2846,,base,,punt,0,0,0,0
2023,11,BUF,NYJ,6,4,2,15,6,2489,,base,,field_goal,0,0,0,0
2023,11,NYJ,BUF,7,4,17,82,-9,2405,,base,,punt,0,0,0,0
2023,11,BUF,NYJ,8,4,12,43,9,2172,,base,,punt,0,0,0,0
2023,11,NYJ,BUF,11,4,2,76,-16,1920,,base,,pass,18,1,0,0
2023,11,NYJ,BUF,11,4,2,50,-16,1878,11,dime,5,pass,15,1,0,0
2023,11,BUF,NYJ,13,4,1,28,10,1541,11,nickel,7,pass,28,1,1,0
2023,11,NYJ,BUF,14,4,3,59,-16,1355,,,,punt,0,0,0,0
2023,11,NYJ,BUF,16,4,13,65,-23,1104,,,,punt,0,0,0,0
2023,11,BUF,NYJ,17,4,8,73,23,1044,11,base,,punt,0,0,0,0
2023,11,NYJ,BUF,18,4,1,43,-23,900,heavy,base,7,run,1,1,0,0
2023,11,BUF,NYJ,19,4,17,55,23,648,11,base,,punt,0,0,0,0
2023,11,NYJ,BUF,20,4,20,86,-23,586,,,,punt,0,0,0,0
2023,11,BUF,NYJ,21,4,3,32,23,321,,base,,field_goal,0,0,0,0
2023,11,NYJ,BUF,22,4,3,61,-26,216,11,nickel,6,pass,7,1,0,0
2023,11,NYJ,BUF,22,4,5,49,-26,156,11,nickel,6,pass,0,0,0,1
2023,11,KC,PHI,1,4,15,80,0,3519,11,base,,punt,0,0,0,0
2023,11,PHI,KC,2,4,13,60,0,3390,,base,,punt,0,0,0,0
2023,11,KC,PHI,5,4,7,72,0,2652,11,base,,punt,0,0,0,0
2023,11,PHI,KC,8,4,17,77,0,2044,,base,,punt,0,0,0,0
2023,11,PHI,KC,10,4,15,80,-7,1854,,base,,punt,0,0,0,0
2023,11,PHI,KC,12,4,9,74,-10,1690,,base,,punt,0,0,0,0
2023,11,KC,PHI,13,4,3,57,10,1530,11,base,,punt,0,0,0,0
2023,11,PHI,KC,14,4,4,69,-10,1451,,,,punt,0,0,0,0
2023,11,KC,PHI,15,4,7,68,10,1331,11,nickel,,punt,0,0,0,0
2023,11,KC,PHI,17,4,1,16,3,840,11,base,8,run,2,1,0,0
2023,11,PHI,KC,18,4,5,85,-3,712,,base,,punt,0,0,0,0
2023,11,KC,PHI,19,4,4,39,3,544,11,base,,punt,0,0,0,0
2023,11,KC,PHI,21,4,12,77,-4,339,11,nickel,,punt,0,0,0,0
2023,11,PHI,KC,22,4,21,56,4,176,,,,punt,0,0,0,0
2023,11,KC,PHI,23,4,2,83,-4,138,12,dime,6,pass,4,1,0,0
2023,11,KC,PHI,23,4,25,66,-4,95,12,dime,4,pass,0,0,0,0
2023,11,CLE,PIT,1,4,7,44,0,3342,11,dime,,punt,0,0,0,0
2023,11,PIT,CLE,2,4,12,93,0,3211,,base,,punt,0,0,0,0
2023,11,PIT,CLE,4,4,3,57,-7,2783,,,,punt,0,0,0,0
2023,11,CLE,PIT,5,4,1,81,7,2700,11,,,punt,0,0,0,0
2023,11,PIT,CLE,6,4,5,47,-7,2477,,base,,punt,0,0,0,0
2023,11,CLE,PIT,7,4,3,82,7,2340,12,dime,,punt,0,0,0,0
2023,11,PIT,CLE,8,4,13,60,-7,2136,,nickel,,punt,0,0,0,0
2023,11,CLE,PIT,9,4,6,6,7,1809,,base,,field_goal,0,0,0,0
2023,11,CLE,PIT,12,4,1,66,3,1659,11,base,11,run,4,1,0,0
2023,11,CLE,PIT,12,4,8,50,3,1489,12,dime,,punt,0,0,0,0
2023,11,PIT,CLE,13,4,3,80,-3,1384,,nickel,,punt,0,0,0,0
2023,11,CLE,PIT,14,4,5,59,3,1323,12,dime,,punt,0,0,0,0
2023,11,PIT,CLE,15,4,1,71,-3,1223,11,nickel,10,run,1,1,0,0
2023,11,PIT,CLE,15,4,13,73,-3,1156,,nickel,,punt,0,0,0,0
2023,11,PIT,CLE,17,4,8,75,-3,955,,nickel,,punt,0,0,0,0
2023,11,CLE,PIT,18,4,14,49,3,900,12,dime,,punt,0,0,0,0
2023,11,PIT,CLE,19,4,5,10,-3,464,,,,field_goal,0,0,0,0
2023,11,CLE,PIT,20,4,8,73,0,353,12,dime,,punt,0,0,0,0
2023,11,PIT,CLE,21,4,13,43,0,215,,base,,punt,0,0,0,0
2023,11,CLE,PIT,22,4,7,68,0,116,12,dime,,punt,0,0,0,0
2023,11,PIT,CLE,23,4,10,70,0,88,,nickel,,punt,0,0,0,0
2023,11,CLE,PIT,24,4,1,17,0,5,,base,,field_goal,0,0,0,0
2023,11,LA,SEA,1,4,5,70,0,3493,11,base,,punt,0,0,0,0
2023,11,LA,SEA,3,4,2,2,-7,2824,11,nickel,8,pass,0,0,0,0
2023,11,SEA,LA,4,4,1,34,7,2490,11,nickel,8,run,8,1,0,0
2023,11,SEA,LA,4,4,20,36,7,2311,,base,,field_goal,0,0,0,0
2023,11,LA,SEA,5,4,10,75,-10,2287,11,nickel,,punt,0,0,0,0
2023,11,SEA,LA,6,4,25,25,10,2092,,base,,field_goal,0,0,0,0
2023,11,SEA,LA,9,4,2,67,6,1750,11,,,punt,0,0,0,0
2023,11,LA,SEA,10,4,17,90,-6,1631,11,base,,punt,0,0,0,0
2023,11,SEA,LA,11,4,1,37,6,1496,11,nickel,7,pass,9,1,0,0
2023,11,SEA,LA,11,4,15,33,6,1388,,base,,field_goal,0,0,0,0
2023,11,LA,SEA,12,4,10,63,-9,1268,11,base,,punt,0,0,0,0
2023,11,SEA,LA,13,4,9,59,9,1097,11,,,punt,0,0,0,0
2023,11,LA,SEA,14,4,14,89,-9,937,11,base,,punt,0,0,0,0
2023,11,SEA,LA,15,4,9,63,9,895,11,,,punt,0,0,0,0
2023,11,SEA,LA,17,4,3,73,9,754,11,,,punt,0,0,0,0
2023,11,LA,SEA,20,4,4,4,-2,94,,,,field_goal,0,0,0,0
2023,11,SF,TB,1,4,19,66,0,3433,12,base,,punt,0,0,0,0
2023,11,TB,SF,2,4,7,60,0,3376,12,base,,punt,0,0,0,0
2023,11,SF,TB,5,4,7,19,7,2245,,base,,field_goal,0,0,0,0
2023,11,SF,TB,7,4,3,10,3,1820,,base,,field_goal,0,0,0,0
2023,11,TB,SF,9,4,3,58,-6,1656,12,base,,punt,0,0,0,0
2023,11,TB,SF,11,4,10,67,-13,1328,12,base,,punt,0,0,0,0
2023,11,SF,TB,14,4,7,67,13,756,12,,,punt,0,0,0,0
2023,11,TB,SF,15,4,5,29,-13,470,11,nickel,6,pass,11,1,0,0
2023,11,TB,SF,15,4,4,12,-13,405,11,nickel,6,pass,0,0,0,0
2023,11,SF,TB,16,4,7,85,13,268,12,base,,punt,0,0,0,0
2023,11,SF,TB,18,4,1,47,13,139,12,base,11,run,0,0,0,0
2023,11,TB,SF,19,4,18,48,-13,72,11,nickel,4,pass,0,0,0,0
2023,11,TEN,JAX,1,4,10,75,0,3456,,base,,punt,0,0,0,0
2023,11,JAX,TEN,2,4,5,67,0,3266,11,dime,,punt,0,0,0,0
2023,11,TEN,JAX,5,4,1,54,-7,2638,11,base,7,run,5,1,0,0
2023,11,TEN,JAX,5,4,14,40,-7,2353,,base,,punt,0,0,0,0
2023,11,JAX,TEN,6,4,2,12,7,1967,,base,,field_goal,0,0,0,0
2023,11,TEN,JAX,7,4,1,70,-10,1914,,base,,punt,0,0,0,0
2023,11,JAX,TEN,8,4,2,6,10,1818,,base,,field_goal,0,0,0,0
2023,11,JAX,TEN,10,4,4,40,13,1556,11,dime,5,pass,34,1,0,0
2023,11,TEN,JAX,11,4,1,73,-20,1320,,base,,punt,0,0,0,0
2023,11,JAX,TEN,14,4,5,70,20,790,11,base,,punt,0,0,0,1
2023,11,JAX,TEN,15,4,1,11,20,538,12,base,6,run,3,1,0,0
2023,11,JAX,TEN,17,4,1,37,20,174,12,base,7,run,6,1,0,0
2023,11,JAX,TEN,17,4,7,28,20,32,12,base,7,run,0,0,0,0
2023,12,LAC,BAL,1,4,19,21,0,3247,,,,field_goal,0,0,0,0
2023,12,BAL,LAC,2,4,7,48,-3,3021,12,,,punt,0,0,0,0
2023,12,LAC,BAL,3,4,10,79,3,2831,,nickel,,punt,0,0,0,0
2023,12,LAC,BAL,5,4,11,81,-4,2349,,nickel,,punt,0,0,0,0
2023,12,BAL,LAC,6,4,1,27,4,2058,12,base,10,run,0,0,0,0
2023,12,BAL,LAC,8,4,15,24,4,1876,,,,field_goal,0,0,0,0
2023,12,BAL,LAC,10,4,14,51,7,1808,11,nickel,5,pass,0,0,0,0
2023,12,BAL,LAC,12,4,11,30,7,1558,,,,field_goal,0,0,0,0
2023,12,LAC,BAL,13,4,1,66,-10,1505,,base,,punt,0,0,0,0
2023,12,BAL,LAC,14,4,1,41,10,1378,11,nickel,9,run,2,1,0,0
2023,12,BAL,LAC,14,4,15,44,10,1282,12,base,,punt,0,0,0,0
2023,12,LAC,BAL,15,4,1,51,-10,1106,11,nickel,8,run,2,1,0,0
2023,12,BAL,LAC,16,4,5,72,10,697,,base,,punt,0,0,0,0
2023,12,BAL,LAC,18,4,1,26,3,182,,,,field_goal,0,0,0,0
2023,12,LAC,BAL,19,4,6,46,-3,117,11,nickel,5,pass,0,0,0,0
2023,12,LAC,BAL,21,4,19,63,-10,57,11,nickel,6,pass,0,0,0,0
2023,12,BUF,PHI,1,4,2,67,0,3495,,base,,punt,0,0,0,0
2023,12,PHI,BUF,2,4,10,82,0,3465,,,,punt,0,0,0,0
2023,12,BUF,PHI,3,4,1,47,0,3304,11,nickel,7,run,1,1,0,0
2023,12,BUF,PHI,3,4,16,40,0,3105,,base,,punt,0,0,0,0
2023,12,PHI,BUF,4,4,1,47,0,2828,12,nickel,,penalty,5,1,0,0
2023,12,BUF,PHI,5,4,7,30,-7,2487,,base,,field_goal,0,0,0,0
2023,12,PHI,BUF,8,4,6,61,-3,2217,,,,punt,0,0,0,0
2023,12,BUF,PHI,9,4,8,59,3,2067,,base,,punt,0,0,0,0
2023,12,PHI,BUF,10,4,5,76,-3,1940,,,,punt,0,0,0,0
2023,12,BUF,PHI,11,4,16,16,3,1887,,base,,field_goal,0,0,0,0
2023,12,PHI,BUF,15,4,14,79,-10,1721,,,,punt,0,0,0,0
2023,12,BUF,PHI,16,4,10,30,10,1536,,base,,field_goal,0,0,0,0
2023,12,BUF,PHI,22,4,21,68,-4,541,,base,,punt,0,0,0,0
2023,12,PHI,BUF,23,4,7,65,4,435,,,,punt,0,0,0,0
2023,12,PHI,BUF,25,4,17,41,-3,25,,base,,field_goal,0,0,0,0
2023,12,BUF,PHI,27,4,6,22,0,356,,base,,field_goal,0,0,0,0
2023,12,TEN,CAR,1,4,9,60,0,3501,,base,,punt,0,0,0,0
2023,12,CAR,TEN,2,4,9,57,0,3321,,nickel,,punt,0,0,0,0
2023,12,TEN,CAR,3,4,1,70,0,3085,12,base,11,run,3,1,0,0
2023,12,CAR,TEN,4,4,3,37,-7,2416,11,dime,5,pass,13,1,0,0
2023,12,CAR,TEN,4,4,18,32,-7,2336,,base,,field_goal,0,0,0,0
2023,12,TEN,CAR,5,4,17,75,4,2206,,nickel,,punt,0,0,0,0
2023,12,CAR,TEN,8,4,4,74,-11,1906,heavy,nickel,,punt,0,0,0,0
2023,12,TEN,CAR,9,4,4,61,11,1860,,base,,punt,0,0,0,0
2023,12,CAR,TEN,10,4,2,82,-11,1835,,nickel,,punt,0,0,0,0
2023,12,CAR,TEN,12,4,2,5,-14,1389,heavy,nickel,10,run,5,1,1,0
2023,12,TEN,CAR,13,4,8,62,7,1229,,base,,punt,0,0,0,0
2023,12,CAR,TEN,14,4,19,58,-7,932,,nickel,,punt,0,0,0,0
2023,12,TEN,CAR,15,4,4,55,7,847,,base,,punt,0,0,0,0
2023,12,CAR,TEN,16,4,16,74,-7,702,,nickel,,punt,0,0,0,0
2023,12,TEN,CAR,17,4,5,47,7,608,,base,,punt,0,0,0,0
2023,12,CAR,TEN,18,4,14,52,-7,362,12,nickel,,punt,0,0,0,0
2023,12,TEN,CAR,19,4,9,53,7,186,,nickel,,punt,0,0,0,0
2023,12,CAR,TEN,20,4,6,76,-7,120,11,dime,5,pass,0,0,0,0
2023,12,CHI,MIN,1,4,14,30,0,3057,,base,,field_goal,0,0,0,0
2023,12,MIN,CHI,2,4,17,69,0,2960,11,base,,punt,0,0,0,0
2023,12,CHI,MIN,3,4,10,38,0,2722,11,dime,6,pass,24,1,0,0
2023,12,CHI,MIN,3,4,3,7,0,2617,,base,,field_goal,0,0,0,0
2023,12,CHI,MIN,5,4,14,56,3,2438,11,nickel,,punt,0,0,0,0
2023,12,CHI,MIN,7,4,9,53,3,2119,11,,,punt,0,0,0,0
2023,12,MIN,CHI,8,4,6,65,-3,2017,11,base,,punt,0,0,0,0
2023,12,CHI,MIN,9,4,6,56,3,1920,11,nickel,,punt,0,0,0,0
2023,12,MIN,CHI,10,4,13,16,-3,1804,,base,,field_goal,0,0,0,0
2023,12,MIN,CHI,11,4,7,51,0,1633,11,nickel,6,pass,6,0,0,0
2023,12,CHI,MIN,12,4,2,21,0,1323,,base,,field_goal,0,0,0,0
2023,12,MIN,CHI,13,4,3,44,-3,1066,11,nickel,6,pass,0,0,0,1
2023,12,CHI,MIN,14,4,8,37,3,860,,base,,field_goal,0,0,0,0
2023,12,MIN,CHI,19,4,15,48,1,156,11,,,punt,0,0,0,0
2023,12,CHI,MIN,20,4,9,12,-1,13,,base,,field_goal,0,0,0,0
2023,12,CLE,DEN,1,4,7,72,0,3524,11,nickel,,punt,0,0,0,0
2023,12,CLE,DEN,3,4,1,51,-7,2980,,nickel,11,run,0,0,0,1
2023,12,DEN,CLE,4,4,2,42,7,2892,11,nickel,6,run,5,0,0,1
2023,12,CLE,DEN,5,4,7,63,-7,2832,11,nickel,,punt,0,0,0,0
2023,12,CLE,DEN,7,4,11,18,-14,2162,,base,,field_goal,0,0,0,0
2023,12,DEN,CLE,8,4,14,61,11,1992,11,base,,punt,0,0,0,0
2023,12,CLE,DEN,9,4,1,46,-11,1879,12,,10,run,3,1,0,0
2023,12,CLE,DEN,9,4,6,6,-11,1825,,base,,field_goal,0,0,0,0
2023,12,DEN,CLE,11,4,4,69,8,1698,11,base,,punt,0,0,0,0
2023,12,CLE,DEN,12,4,2,2,-8,1306,12,,10,pass,2,1,1,0
2023,12,DEN,CLE,13,4,5,5,2,988,,nickel,,field_goal,0,0,0,0
2023,12,CLE,DEN,16,4,15,80,-12,726,11,nickel,,punt,0,0,0,0
2023,12,DEN,CLE,17,4,12,66,12,614,11,base,,punt,0,0,0,0
2023,12,CLE,DEN,18,4,14,33,-12,508,11,nickel,6,pass,-9,0,0,1
2023,12,DEN,CLE,19,4,2,16,12,263,,,,field_goal,0,0,0,0
2023,12,CLE,DEN,20,4,8,58,-15,176,11,nickel,6,pass,0,0,0,0
2023,12,DEN,CLE,21,4,16,47,15,158,11,base,,punt,0,0,0,0
2023,12,DEN,CLE,23,4,18,83,17,37,11,base,,punt,0,0,0,0
2023,12,GB,DET,6,4,1,14,14,2700,12,nickel,7,run,0,0,0,0
2023,12,DET,GB,7,4,2,52,-14,2444,11,,,punt,0,0,0,0
2023,12,GB,DET,8,4,5,24,14,2160,,base,,field_goal,0,0,0,0
2023,12,DET,GB,9,4,4,35,-17,1923,11,nickel,5,pass,0,0,0,0
2023,12,GB,DET,10,4,11,50,17,1841,11,base,,punt,0,0,0,0
2023,12,DET,GB,11,4,15,89,-17,1813,11,base,,punt,0,0,0,0
2023,12,GB,DET,14,4,4,47,9,1369,11,base,,punt,0,0,0,0
2023,12,DET,GB,15,4,4,77,-9,1232,11,base,8,run,0,0,0,0
2023,12,DET,GB,17,4,7,31,-15,817,11,nickel,5,pass,-8,0,0,1
2023,12,GB,DET,18,4,10,48,15,719,11,base,,punt,0,0,0,0
2023,12,DET,GB,19,4,7,12,-15,413,11,nickel,5,pass,0,0,0,0
2023,12,GB,DET,20,4,10,42,15,173,11,base,,punt,0,0,0,0
2023,12,DET,GB,21,4,1,67,-15,129,11,nickel,5,pass,7,1,0,0
2023,12,HOU,JAX,1,4,10,59,0,3416,,base,,punt,0,0,0,0
2023,12,JAX,HOU,2,4,3,22,0,3058,,,,field_goal,0,0,0,0
2023,12,HOU,JAX,3,4,11,76,-3,2981,,base,,punt,0,0,0,0
2023,12,JAX,HOU,4,4,6,51,3,2922,,base,,punt,0,0,0,0
2023,12,HOU,JAX,5,4,6,77,-3,2669,,base,,punt,0,0,0,0
2023,12,JAX,HOU,8,4,15,30,3,1948,,,,field_goal,0,0,0,0
2023,12,HOU,JAX,9,4,9,31,-6,1825,,base,,field_goal,0,0,0,0
2023,12,HOU,JAX,14,4,18,59,-7,1061,,base,,punt,0,0,0,0
2023,12,JAX,HOU,15,4,6,35,7,685,,,,field_goal,0,0,0,0
2023,12,HOU,JAX,16,4,1,54,-10,562,11,nickel,5,pass,0,0,0,0
2023,12,JAX,HOU,17,4,13,37,10,430,,,,field_goal,0,0,0,0
2023,12,JAX,HOU,19,4,7,46,3,187,,,,punt,0,0,0,0
2023,12,HOU,JAX,20,4,12,39,-3,34,,base,,field_goal,0,0,0,0
2023,12,KC,LV,2,4,10,75,-7,3196,,base,,punt,0,0,0,0
2023,12,LV,KC,3,4,1,12,7,2735,,base,,field_goal,0,0,0,0
2023,12,KC,LV,4,4,8,67,-7,2615,,base,,punt,0,0,0,0
2023,12,LV,KC,7,4,8,62,7,2029,heavy,nickel,,punt,0,0,0,0
2023,12,LV,KC,11,4,4,69,-7,1371,heavy,nickel,,punt,0,0,0,0
2023,12,KC,LV,12,4,15,65,7,1282,,base,,punt,0,0,0,0
2023,12,LV,KC,13,4,6,16,-7,1033,,base,,field_goal,0,0,0,0
2023,12,LV,KC,15,4,10,44,-11,582,heavy,nickel,6,punt,0,0,0,0
2023,12,KC,LV,16,4,3,67,11,456,,base,,punt,0,0,0,0
2023,12,LV,KC,17,4,1,81,-11,394,11,nickel,7,run,-2,0,0,0
2023,12,KC,LV,18,4,14,14,11,194,,,,field_goal,0,0,0,0
2023,12,LV,KC,19,4,21,70,-14,120,11,dime,4,pass,4,0,0,0
2023,12,LA,ARI,1,4,1,22,0,3454,11,nickel,7,run,8,1,0,0
2023,12,LA,ARI,3,4,10,42,-1,2740,11,,,punt,0,0,0,0
2023,12,ARI,LA,4,4,6,86,1,2700,,,,punt,0,0,0,0
2023,12,ARI,LA,6,4,13,78,-6,2314,,,,punt,0,0,0,0
2023,12,LA,ARI,7,4,11,31,6,2021,,,,field_goal,0,0,0,0
2023,12,ARI,LA,8,4,2,52,-6,1920,11,dime,5,pass,0,0,0,0
2023,12,ARI,LA,10,4,4,69,-13,1843,,,,punt,0,0,0,0
2023,12,ARI,LA,13,4,7,72,-13,1759,,,,run,10,1,0,0
2023,12,ARI,LA,13,4,17,69,-13,1589,,,,punt,0,0,0,0
2023,12,LA,ARI,14,4,5,6,13,1356,,,,field_goal,0,0,0,0
2023,12,ARI,LA,15,4,6,38,-16,1208,,,,field_goal,0,0,0,0
2023,12,ARI,LA,17,4,28,93,-23,691,,,,punt,0,0,0,0
2023,12,LA,ARI,18,4,1,29,23,548,12,base,7,run,6,1,0,0
2023,12,ARI,LA,19,4,3,25,-29,389,11,nickel,6,penalty,5,1,0,0
2023,12,LA,ARI,20,4,4,41,23,216,11,,,punt,0,0,0,0
2023,12,ARI,LA,21,4,12,72,-23,120,11,nickel,4,penalty,5,1,0,0
2023,12,ARI,LA,21,4,7,29,-23,3,11,nickel,4,pass,15,1,0,0
2023,12,NYJ,MIA,1,4,7,59,0,3423,,base,,punt,0,0,0,0
2023,12,MIA,NYJ,2,4,2,4,0,3097,11,nickel,7,pass,0,0,0,0
2023,12,NYJ,MIA,3,4,2,87,0,3007,,base,,punt,0,0,0,0
2023,12,MIA,NYJ,4,4,1,20,0,2789,,base,,field_goal,0,0,0,0
2023,12,NYJ,MIA,5,4,17,82,-3,2672,,base,,punt,0,0,0,0
2023,12,NYJ,MIA,7,4,10,64,-10,2180,,base,,punt,0,0,0,0
2023,12,MIA,NYJ,8,4,9,62,10,1950,,base,,punt,0,0,0,0
2023,12,NYJ,MIA,9,4,1,69,-10,1874,,base,,punt,0,0,0,0
2023,12,MIA,NYJ,13,4,10,36,11,1580,,base,,field_goal,0,0,0,0
2023,12,NYJ,MIA,14,4,7,70,-14,1448,,base,,punt,0,0,0,0
2023,12,NYJ,MIA,16,4,7,59,-21,768,11,nickel,5,pass,8,1,0,0
2023,12,NYJ,MIA,16,4,3,44,-21,679,11,nickel,6,pass,9,1,0,0
2023,12,NYJ,MIA,20,4,14,57,-21,42,,nickel,5,pass,6,0,0,0
2023,12,NE,NYG,2,4,7,71,0,3355,,nickel,,punt,0,0,0,0
2023,12,NYG,NE,3,4,17,61,0,3259,,dime,,punt,0,0,0,0
2023,12,NE,NYG,4,4,7,37,0,3003,,base,,punt,0,0,0,0
2023,12,NYG,NE,5,4,2,74,0,2830,,base,,punt,0,0,0,0
2023,12,NYG,NE,7,4,12,40,0,2653,,base,,punt,0,0,0,0
2023,12,NE,NYG,8,4,1,82,0,2561,,nickel,,punt,0,0,0,0
2023,12,NYG,NE,9,4,5,53,0,2472,,base,,punt,0,0,0,0
2023,12,NE,NYG,12,4,7,77,-7,1888,,nickel,,punt,0,0,0,0
2023,12,NYG,NE,13,4,3,59,7,1841,,dime,,punt,0,0,0,0
2023,12,NE,NYG,15,4,1,38,-7,1643,12,nickel,8,run,3,1,0,0
2023,12,NYG,NE,16,4,12,42,0,1108,,dime,,punt,0,0,0,0
2023,12,NE,NYG,17,4,1,61,0,959,,base,,punt,0,0,0,0
2023,12,NYG,NE,18,4,7,78,0,856,,dime,,punt,0,0,0,0
2023,12,NYG,NE,20,4,17,24,0,493,,base,,field_goal,0,0,0,0
2023,12,NE,NYG,21,4,18,72,-3,340,,base,,punt,0,0,0,0
2023,12,NYG,NE,22,4,8,76,3,206,12,dime,,punt,0,0,0,0
2023,12,NE,NYG,23,4,4,44,-3,118,11,nickel,5,pass,5,1,0,0
2023,12,NE,NYG,23,4,5,17,-3,6,,nickel,,field_goal,0,0,0,0
2023,12,NO,ATL,1,4,7,72,0,3493,,nickel,,punt,0,0,0,0
2023,12,ATL,NO,2,4,10,65,0,3439,,base,,punt,0,0,0,0
2023,12,NO,ATL,3,4,7,7,0,3194,,base,,field_goal,0,0,0,0
2023,12,ATL,NO,4,4,2,31,-3,3009,11,base,8,run,-1,0,0,0
2023,12,NO,ATL,6,4,7,34,-4,2660,,base,,field_goal,0,0,0,0
2023,12,NO,ATL,8,4,9,23,-8,2038,,base,,field_goal,0,0,0,0
2023,12,ATL,NO,11,4,8,44,5,1607,,base,,punt,0,0,0,0
2023,12,NO,ATL,12,4,22,27,-5,1111,,base,,field_goal,0,0,0,0
2023,12,NO,ATL,16,4,6,21,-9,389,,base,,field_goal,0,0,0,0
2023,12,ATL,NO,17,4,6,21,6,111,,,,field_goal,0,0,0,0
2023,12,NO,ATL,18,4,3,35,-9,30,,base,,field_goal,0,0,0,0
2023,12,PIT,CIN,1,4,2,43,0,3438,,,,punt,0,0,0,0
2023,12,CIN,PIT,2,4,13,83,0,3342,12,nickel,,punt,0,0,0,0
2023,12,CIN,PIT,4,4,9,49,0,2789,12,nickel,,punt,0,0,0,0
2023,12,PIT,CIN,5,4,10,23,0,2564,,base,,field_goal,0,0,0,0
2023,12,PIT,CIN,7,4,4,59,-4,2304,,,,punt,0,0,0,0
2023,12,CIN,PIT,8,4,14,84,4,2190,12,nickel,,punt,0,0,0,0
2023,12,PIT,CIN,9,4,10,42,-4,2025,,,,punt,0,0,0,0
2023,12,CIN,PIT,10,4,5,43,4,1905,12,nickel,,punt,0,0,0,0
2023,12,PIT,CIN,11,4,8,47,-4,1833,,,,punt,0,0,0,0
2023,12,CIN,PIT,15,4,18,73,-3,796,12,nickel,,punt,0,0,0,0
2023,12,PIT,CIN,16,4,6,16,3,488,,base,,field_goal,0,0,0,0
2023,12,CIN,PIT,17,4,12,77,-6,367,12,nickel,,punt,0,0,0,0
2023,12,PIT,CIN,18,4,4,15,6,175,,base,,field_goal,0,0,0,0
2023,12,CIN,PIT,19,4,2,28,-9,129,,base,,field_goal,0,0,0,0
2023,12,SEA,SF,2,4,9,32,-7,3251,,base,,field_goal,0,0,0,0
2023,12,SF,SEA,3,4,20,40,4,3007,12,,,punt,0,0,0,0
2023,12,SEA,SF,4,4,11,94,-4,2889,11,base,,punt,0,0,0,0
2023,12,SF,SEA,7,4,12,44,11,2436,12,,,punt,0,0,0,0
2023,12,SEA,SF,8,4,1,89,-11,2362,11,base,,punt,0,0,0,0
2023,12,SEA,SF,10,4,18,80,-18,2002,12,base,,punt,0,0,0,0
2023,12,SF,SEA,11,4,8,73,18,1920,12,,,punt,0,0,0,1
2023,12,SF,SEA,12,4,2,14,18,1843,,,,field_goal,0,0,0,0
2023,12,SEA,SF,14,4,11,42,-21,1602,heavy,base,,punt,0,0,0,0
2023,12,SF,SEA,16,4,6,71,14,1489,12,,,punt,0,0,0,0
2023,12,SEA,SF,17,4,12,12,-14,1096,,base,,field_goal,0,0,0,0
2023,12,SF,SEA,18,4,8,42,11,900,12,,,punt,0,0,0,0
2023,12,SEA,SF,19,4,19,80,-11,691,12,,,punt,0,0,0,0
2023,12,SEA,SF,21,4,1,21,-18,259,11,nickel,6,run,-1,0,0,0
2023,12,TB,IND,1,4,3,3,0,3151,,base,,field_goal,0,0,0,0
2023,12,IND,TB,2,4,19,28,-3,2885,,base,,field_goal,0,0,0,0
2023,12,TB,IND,5,4,21,86,-7,2645,12,nickel,,punt,0,0,0,0
2023,12,IND,TB,6,4,1,53,7,2571,11,base,7,pass,24,1,0,0
2023,12,TB,IND,7,4,6,71,-14,2256,12,nickel,,punt,0,0,0,0
2023,12,IND,TB,10,4,10,75,7,2088,,nickel,,punt,0,0,0,0
2023,12,TB,IND,11,4,14,43,-7,1912,12,nickel,,punt,0,0,0,0
2023,12,IND,TB,12,4,3,46,7,1807,11,nickel,5,pass,6,1,0,0
2023,12,IND,TB,13,4,8,18,7,1505,,base,,field_goal,0,0,0,0
2023,12,TB,IND,14,4,11,41,-10,1277,12,nickel,,punt,0,0,0,0
2023,12,IND,TB,15,4,6,40,10,1010,11,nickel,5,pass,0,0,0,0
2023,12,TB,IND,16,4,10,44,-10,846,11,dime,3,pass,19,1,0,0
2023,12,IND,TB,17,4,1,49,3,551,12,,9,pass,30,1,0,0
2023,12,TB,IND,18,4,6,6,-10,253,,base,,field_goal,0,0,0,0
2023,12,IND,TB,19,4,11,76,7,152,,nickel,,punt,0,0,0,0
2023,12,WAS,DAL,1,4,7,44,0,3400,11,,,punt,0,0,0,0
2023,12,DAL,WAS,2,4,5,62,0,3311,12,,,punt,0,0,0,0
2023,12,WAS,DAL,3,4,2,43,0,3060,11,,,punt,0,0,0,0
2023,12,WAS,DAL,5,4,16,25,-7,2491,,base,,field_goal,0,0,0,0
2023,12,DAL,WAS,10,4,3,58,10,1690,12,,,punt,0,0,0,0
2023,12,WAS,DAL,11,4,1,39,-10,1399,12,base,8,run,-2,0,0,0
2023,12,DAL,WAS,12,4,11,60,10,1316,12,,,punt,0,0,0,0
2023,12,WAS,DAL,13,4,13,69,-10,1083,11,,,punt,0,0,0,0
2023,12,DAL,WAS,14,4,3,34,10,821,,base,,field_goal,0,0,0,0
2023,12,WAS,DAL,15,4,1,66,-13,720,11,dime,7,pass,-10,0,0,0
2023,12,WAS,DAL,17,4,4,35,-21,535,11,dime,5,pass,0,0,0,0
2023,13,PIT,ARI,1,4,5,11,0,3424,,,,field_goal,0,0,0,0
2023,13,ARI,PIT,2,4,10,71,-3,3374,,base,,punt,0,0,0,0
2023,13,PIT,ARI,3,4,8,69,3,3266,,base,,punt,0,0,0,0
2023,13,ARI,PIT,4,4,4,33,-3,3048,,base,,field_goal,0,0,0,0
2023,13,PIT,ARI,5,4,5,58,0,2869,,base,,punt,0,0,0,0
2023,13,ARI,PIT,6,4,11,85,0,2777,,base,,punt,0,0,0,0
2023,13,PIT,ARI,7,4,6,59,0,2696,,base,,punt,0,0,0,0
2023,13,ARI,PIT,8,4,14,56,0,2574,,base,,punt,0,0,0,0
2023,13,PIT,ARI,9,4,1,1,0,2099,11,nickel,7,run,0,0,0,0
2023,13,ARI,PIT,12,4,4,69,7,1756,,base,,punt,0,0,0,0
2023,13,PIT,ARI,15,4,6,27,-14,1103,,,,field_goal,0,0,0,0
2023,13,ARI,PIT,16,4,9,37,14,748,,,,punt,0,0,0,0
2023,13,PIT,ARI,17,4,5,91,-14,649,,base,,punt,0,0,0,0
2023,13,ATL,NYJ,1,4,14,61,0,3433,,base,,punt,0,0,0,0
2023,13,NYJ,ATL,2,4,4,79,0,3360,,nickel,,punt,0,0,0,0
2023,13,ATL,NYJ,3,4,15,60,0,3230,,base,,punt,0,0,0,0
2023,13,NYJ,ATL,4,4,17,48,0,2847,,nickel,,punt,0,0,0,0
2023,13,NYJ,ATL,6,4,5,62,2,2706,,nickel,,punt,0,0,0,0
2023,13,ATL,NYJ,7,4,6,86,-2,2611,,,,punt,0,0,0,0
2023,13,NYJ,ATL,10,4,1,16,-5,2161,11,dime,7,run,2,1,0,0
2023,13,NYJ,ATL,10,4,5,9,-5,2040,,base,,field_goal,0,0,0,0
2023,13,ATL,NYJ,11,4,5,70,2,1916,,base,,punt,0,0,0,0
2023,13,NYJ,ATL,12,4,7,86,-2,1884,,nickel,,punt,0,0,0,0
2023,13,NYJ,ATL,14,4,3,37,-5,1681,11,nickel,6,pass,9,1,0,0
2023,13,NYJ,ATL,14,4,10,28,-5,1536,,base,,field_goal,0,0,0,0
2023,13,ATL,NYJ,15,4,10,24,2,1121,,base,,field_goal,0,0,0,0
2023,13,NYJ,ATL,16,4,9,74,-5,1074,,nickel,,punt,0,0,0,0
2023,13,ATL,NYJ,17,4,16,77,5,981,,base,,punt,0,0,0,0
2023,13,ATL,NYJ,19,4,10,54,5,796,,base,,punt,0,0,0,0
2023,13,NYJ,ATL,20,4,10,51,-5,653,,nickel,,punt,0,0,0,0
2023,13,ATL,NYJ,21,4,5,86,5,593,,base,,punt,0,0,0,0
2023,13,NYJ,ATL,22,4,11,49,-5,462,,nickel,,punt,0,0,0,0
2023,13,ATL,NYJ,23,4,3,81,5,330,,base,,punt,0,0,0,0
2023,13,ATL,NYJ,25,4,9,52,5,120,,base,,punt,0,0,0,0
2023,13,NYJ,ATL,26,4,17,70,-5,51,11,dime,4,pass,0,0,0,0
2023,13,TB,CAR,1,4,13,51,0,3338,12,,,punt,0,0,0,0
2023,13,CAR,TB,2,4,10,85,0,3286,12,nickel,,punt,0,0,0,0
2023,13,CAR,TB,4,4,4,5,-7,2613,,base,,field_goal,0,0,0,0
2023,13,TB,CAR,5,4,4,69,4,2539,12,base,,punt,0,0,0,0
2023,13,CAR,TB,6,4,3,66,-4,2416,12,nickel,,punt,0,0,0,0
2023,13,TB,CAR,7,4,8,76,4,2360,12,,,punt,0,0,0,0
2023,13,CAR,TB,8,4,10,46,-4,2158,12,nickel,,punt,0,0,0,0
2023,13,CAR,TB,10,4,16,66,-4,1910,12,nickel,,punt,0,0,0,0
2023,13,TB,CAR,11,4,13,72,4,1859,12,,,punt,0,0,0,0
2023,13,CAR,TB,12,4,16,51,-4,1803,12,dime,4,pass,0,0,0,0
2023,13,CAR,TB,13,4,11,76,-4,1715,12,nickel,,punt,0,0,0,0
2023,13,TB,CAR,14,4,9,61,4,1658,12,base,,punt,0,0,0,0
2023,13,CAR,TB,15,4,11,81,-4,1518,12,nickel,,punt,0,0,0,0
2023,13,TB,CAR,16,4,14,73,4,1430,12,,,punt,0,0,0,0
2023,13,CAR,TB,19,4,10,75,-4,1183,11,nickel,,punt,0,0,0,0
2023,13,TB,CAR,20,4,11,71,4,1107,12,base,,punt,0,0,0,0
2023,13,CAR,TB,21,4,19,75,-4,951,12,nickel,,punt,0,0,0,0
2023,13,CAR,TB,23,4,6,38,-11,394,11,dime,5,pass,30,1,0,0
2023,13,TB,CAR,24,4,11,65,3,220,12,,,punt,0,0,0,0
2023,13,CAR,TB,25,4,1,60,-3,141,12,nickel,7,pass,0,0,0,1
2023,13,CIN,JAX,1,4,3,44,0,3344,,nickel,5,pass,-5,0,0,0
2023,13,JAX,CIN,2,4,1,6,0,3150,11,base,10,run,2,1,0,0
2023,13,CIN,JAX,3,4,9,38,-7,2837,,base,,field_goal,0,0,0,0
2023,13,JAX,CIN,4,4,4,47,7,2783,,,,punt,0,0,0,0
2023,13,JAX,CIN,8,4,9,62,0,1829,,,,punt,0,0,0,0
2023,13,JAX,CIN,10,4,1,59,0,1708,,,,punt,0,0,0,0
2023,13,JAX,CIN,14,4,1,1,0,1093,11,base,8,run,1,1,1,0
2023,13,CIN,JAX,15,4,8,42,-7,959,12,base,,punt,0,0,0,0
2023,13,JAX,CIN,16,4,13,94,7,894,,,,punt,0,0,0,0
2023,13,CIN,JAX,17,4,3,10,-7,658,11,nickel,8,pass,6,1,0,0
2023,13,JAX,CIN,18,4,17,30,0,303,,base,,field_goal,0,0,0,0
2023,13,CIN,JAX,19,4,14,36,0,153,,base,,field_goal,0,0,0,0
2023,13,JAX,CIN,20,4,4,22,-3,30,,base,,field_goal,0,0,0,0
2023,13,JAX,CIN,22,4,21,59,0,312,,,,punt,0,0,0,0
2023,13,CIN,JAX,23,4,9,30,0,110,,base,,field_goal,0,0,0,0
2023,13,LA,CLE,2,4,7,26,-7,3093,,,,field_goal,0,0,0,0
2023,13,CLE,LA,3,4,3,68,4,3002,11,,,punt,0,0,0,0
2023,13,CLE,LA,5,4,9,51,-3,2839,11,,,punt,0,0,0,0
2023,13,LA,CLE,6,4,7,25,3,2700,,,,field_goal,0,0,0,0
2023,13,CLE,LA,7,4,4,50,-3,2492,11,base,,punt,0,0,0,0
2023,13,LA,CLE,8,4,7,82,3,2397,12,base,,punt,0,0,0,0
2023,13,CLE,LA,9,4,4,50,-3,2308,11,base,,punt,0,0,0,0
2023,13,LA,CLE,10,4,2,61,3,2205,12,base,,punt,0,0,0,0
2023,13,CLE,LA,11,4,9,97,-3,2139,11,,,punt,0,0,0,0
2023,13,LA,CLE,12,4,7,59,3,2087,12,base,,punt,0,0,0,0
2023,13,CLE,LA,13,4,9,22,-3,1931,,,,field_goal,0,0,0,0
2023,13,LA,CLE,14,4,7,9,0,1805,,,,field_goal,0,0,0,0
2023,13,LA,CLE,15,4,3,58,3,1660,12,,,punt,0,0,0,0
2023,13,CLE,LA,16,4,6,6,-3,1202,,,,field_goal,0,0,0,0
2023,13,LA,CLE,19,4,5,70,1,422,12,base,,punt,0,0,0,0
2023,13,CLE,LA,22,4,5,70,-8,153,11,dime,6,pass,0,0,0,0
2023,13,CLE,LA,24,4,34,99,-15,42,11,dime,4,pass,-1,0,0,0
2023,13,HOU,DEN,1,4,1,66,0,3495,,base,,punt,0,0,0,0
2023,13,DEN,HOU,2,4,3,75,0,3440,,nickel,,punt,0,0,0,0
2023,13,HOU,DEN,3,4,1,11,0,3314,,,,field_goal,0,0,0,0
2023,13,DEN,HOU,4,4,14,79,-3,3198,,nickel,,punt,0,0,0,0
2023,13,HOU,DEN,5,4,1,17,3,3060,11,nickel,7,run,2,1,0,0
2023,13,HOU,DEN,5,4,2,7,3,2936,11,nickel,,penalty,4,1,0,0
2023,13,DEN,HOU,6,4,2,55,-10,2773,,base,,punt,0,0,0,0
2023,13,HOU,DEN,7,4,4,20,10,2578,,,,field_goal,0,0,0,0
2023,13,DEN,HOU,8,4,4,50,-13,2401,,nickel,,punt,0,0,0,0
2023,13,HOU,DEN,9,4,22,80,13,2207,11,nickel,,punt,0,0,0,0
2023,13,DEN,HOU,10,4,1,35,-13,1997,12,base,7,run,3,1,0,0
2023,13,DEN,HOU,10,4,6,16,-13,1887,,,,field_goal,0,0,0,0
2023,13,HOU,DEN,11,4,5,56,10,1820,,,,punt,0,0,0,0
2023,13,DEN,HOU,13,4,16,81,-10,1683,,nickel,,punt,0,0,0,0
2023,13,HOU,DEN,14,4,8,20,10,1435,,,,field_goal,0,0,0,0
2023,13,DEN,HOU,15,4,3,69,-13,1327,,base,,punt,0,0,0,0
2023,13,HOU,DEN,16,4,10,85,13,1274,11,nickel,,punt,0,0,0,0
2023,13,HOU,DEN,18,4,11,69,6,972,11,nickel,,punt,0,0,0,0
2023,13,HOU,DEN,22,4,17,82,5,640,,nickel,,punt,0,0,0,0
2023,13,HOU,DEN,24,4,9,40,5,282,,base,,punt,0,0,0,0
2023,13,DEN,HOU,25,4,1,22,-5,120,11,nickel,7,run,1,1,0,0
2023,13,DEN,HOU,25,4,2,13,-5,30,heavy,nickel,5,run,5,1,0,0
2023,13,NO,DET,4,4,11,76,-14,3284,,base,,punt,0,0,0,0
2023,13,NO,DET,6,4,15,80,-21,3079,,base,,punt,0,0,0,0
2023,13,DET,NO,7,4,19,75,21,2985,11,base,,punt,0,0,0,0
2023,13,NO,DET,8,4,9,48,-21,2847,,base,,punt,0,0,0,0
2023,13,DET,NO,9,4,7,64,21,2756,11,base,,punt,0,0,0,0
2023,13,DET,NO,11,4,1,66,14,2244,11,base,,punt,0,0,0,0
2023,13,NO,DET,12,4,2,82,-14,2130,,base,,punt,0,0,0,0
2023,13,DET,NO,13,4,7,8,14,1810,,,,field_goal,0,0,0,0
2023,13,DET,NO,16,4,7,70,10,1402,11,base,,punt,0,0,0,0
2023,13,DET,NO,18,4,9,13,3,901,,,,field_goal,0,0,0,0
2023,13,DET,NO,22,4,10,75,5,368,11,base,,punt,0,0,0,0
2023,13,NO,DET,23,4,6,40,-5,181,11,nickel,6,pass,0,0,0,0
2023,13,TEN,IND,3,4,8,51,0,3210,,base,,punt,0,0,0,0
2023,13,IND,TEN,4,4,1,71,0,3129,,nickel,,punt,0,0,0,0
2023,13,TEN,IND,6,4,6,6,0,2717,,base,,field_goal,0,0,0,0
2023,13,IND,TEN,7,4,5,70,-3,2692,,nickel,,punt,0,0,0,0
2023,13,IND,TEN,9,4,5,5,-10,2262,,base,,field_goal,0,0,0,0
2023,13,TEN,IND,10,4,3,68,7,2169,,base,,punt,0,0,0,0
2023,13,TEN,IND,12,4,8,89,7,1856,,base,,punt,0,0,0,0
2023,13,IND,TEN,13,4,5,28,-7,1809,,base,,field_goal,0,0,0,0
2023,13,IND,TEN,15,4,2,41,-4,1541,heavy,base,6,run,2,1,0,0
2023,13,IND,TEN,15,4,5,5,-4,1199,,base,,field_goal,0,0,0,0
2023,13,TEN,IND,16,4,6,71,1,1116,,base,,punt,0,0,0,0
2023,13,IND,TEN,17,4,2,72,-1,1029,,nickel,,punt,0,0,0,0
2023,13,TEN,IND,18,4,4,64,1,926,,base,,punt,0,0,1,0
2023,13,TEN,IND,19,4,13,78,-3,829,,base,7,run,-11,0,0,1
2023,13,IND,TEN,20,4,10,10,3,696,,base,,field_goal,0,0,0,0
2023,13,IND,TEN,22,4,7,72,0,252,,nickel,,punt,0,0,0,0
2023,13,TEN,IND,23,4,12,70,0,154,,base,,punt,0,0,0,0
2023,13,IND,TEN,24,4,1,61,0,79,,nickel,,punt,0,0,0,0
2023,13,TEN,IND,25,4,24,60,0,23,,base,,punt,0,0,0,0
2023,13,TEN,IND,27,4,11,27,0,264,,base,,field_goal,0,0,0,0
2023,13,KC,GB,2,4,16,16,-7,2701,,,,field_goal,0,0,0,0
2023,13,KC,GB,4,4,14,16,-11,1943,,,,field_goal,0,0,0,0
2023,13,GB,KC,5,4,17,39,8,1818,11,,,punt,0,0,0,0
2023,13,GB,KC,8,4,1,44,2,1316,11,dime,7,pass,33,1,0,0
2023,13,GB,KC,10,4,16,59,2,704,11,nickel,,punt,0,0,0,0
2023,13,KC,GB,11,4,8,79,-2,653,,base,,punt,0,0,0,0
2023,13,GB,KC,12,4,14,22,2,367,,base,,field_goal,0,0,0,0
2023,13,GB,KC,14,4,16,30,5,74,,base,,field_goal,0,0,0,0
2023,13,KC,GB,15,4,10,33,-8,5,,dime,3,pass,0,0,0,0
2023,13,NE,LAC,1,4,5,70,0,3519,,base,,punt,0,0,0,0
2023,13,LAC,NE,2,4,5,68,0,3429,,dime,,punt,0,0,0,0
2023,13,LAC,NE,4,4,2,59,0,2851,,nickel,,punt,0,0,0,0
2023,13,NE,LAC,5,4,4,88,0,2789,,base,,punt,0,0,0,0
2023,13,LAC,NE,6,4,9,38,0,2621,,nickel,,punt,0,0,0,0
2023,13,NE,LAC,7,4,8,89,0,2505,,base,,punt,0,0,0,0
2023,13,LAC,NE,8,4,6,20,0,2353,,base,,field_goal,0,0,0,0
2023,13,NE,LAC,9,4,11,49,-3,2227,,base,,punt,0,0,0,0
2023,13,LAC,NE,10,4,13,61,3,1929,,dime,,punt,0,0,0,0
2023,13,NE,LAC,11,4,15,96,-3,1909,,base,,punt,0,0,0,0
2023,13,LAC,NE,12,4,3,20,3,1848,,base,,field_goal,0,0,0,0
2023,13,LAC,NE,14,4,10,75,6,1787,,dime,,punt,0,0,0,0
2023,13,NE,LAC,15,4,3,38,-6,1576,11,nickel,6,run,4,1,0,0
2023,13,NE,LAC,15,4,19,43,-6,1420,,base,,punt,0,0,0,0
2023,13,LAC,NE,16,4,17,41,6,1111,,nickel,,punt,0,0,0,0
2023,13,NE,LAC,17,4,5,52,-6,900,,base,,punt,0,0,0,0
2023,13,LAC,NE,18,4,7,50,6,622,,nickel,,punt,0,0,0,0
2023,13,NE,LAC,19,4,5,30,-6,423,11,nickel,5,pass,-8,0,0,0
2023,13,LAC,NE,20,4,3,45,6,284,,nickel,,punt,0,0,0,0
2023,13,NE,LAC,21,4,8,58,-6,125,12,nickel,6,pass,0,0,0,0
2023,13,WAS,MIA,1,4,8,45,0,3362,11,base,,punt,0,0,0,0
2023,13,WAS,MIA,3,4,14,79,-7,3184,11,base,,punt,0,0,0,0
2023,13,MIA,WAS,4,4,5,31,7,2923,,,,field_goal,0,0,0,0
2023,13,WAS,MIA,5,4,3,68,-10,2838,11,base,,punt,0,0,0,0
2023,13,MIA,WAS,6,4,23,94,10,2768,,,,punt,0,0,0,0
2023,13,WAS,MIA,10,4,23,56,-17,2163,11,base,,punt,0,0,0,0
2023,13,WAS,MIA,14,4,3,13,-31,1179,11,nickel,6,run,13,1,1,0
2023,13,MIA,WAS,15,4,12,77,23,1085,,,,punt,0,0,0,0
2023,13,WAS,MIA,16,4,8,35,-23,860,,base,,field_goal,0,0,0,0
2023,13,MIA,WAS,17,4,5,40,23,690,,,,punt,0,0,0,0
2023,13,WAS,MIA,18,4,3,87,-23,597,11,base,,punt,0,0,0,0
2023,13,MIA,WAS,19,4,1,14,23,277,,nickel,7,run,6,1,0,0
2023,13,MIA,WAS,19,4,2,2,23,120,,nickel,7,run,2,1,1,0
2023,13,DAL,SEA,1,4,12,12,0,3253,,,,field_goal,0,0,0,0
2023,13,SEA,DAL,4,4,11,24,-3,2761,,base,,field_goal,0,0,0,0
2023,13,DAL,SEA,5,4,1,47,3,2658,11,nickel,7,run,11,1,0,0
2023,13,DAL,SEA,7,4,13,13,3,1893,,,,field_goal,0,0,0,0
2023,13,DAL,SEA,13,4,2,30,-1,968,11,nickel,6,pass,0,0,0,0
2023,13,DAL,SEA,15,4,12,19,-8,687,,,,field_goal,0,0,0,0
2023,13,SEA,DAL,16,4,1,46,5,428,12,nickel,7,run,0,0,0,0
2023,13,SEA,DAL,18,4,4,51,-3,196,11,dime,6,pass,0,0,0,0
2023,13,DAL,SEA,19,4,3,14,3,106,,,,field_goal,0,0,0,0
2023,13,SEA,DAL,20,4,2,50,-6,71,11,dime,6,pass,0,0,0,0
2023,13,PHI,SF,1,4,7,8,0,3294,,base,,field_goal,0,0,0,0
2023,13,SF,PHI,2,4,12,75,-3,3236,12,base,,punt,0,0,0,0
2023,13,PHI,SF,3,4,13,21,3,2825,,base,,field_goal,0,0,0,0
2023,13,SF,PHI,4,4,14,79,-6,2770,12,base,,punt,0,0,0,0
2023,13,PHI,SF,5,4,7,64,6,2664,,base,,punt,0,0,0,0
2023,13,PHI,SF,7,4,8,61,-1,2087,,base,,punt,0,0,0,0
2023,13,PHI,SF,13,4,3,68,-15,1052,,base,,punt,0,0,0,0
2023,13,SF,PHI,14,4,1,36,15,812,12,base,9,run,2,1,0,0
2023,13,PHI,SF,15,4,1,50,-22,537,11,nickel,9,run,1,1,0,0
2023,13,PHI,SF,17,4,12,30,-23,133,11,nickel,6,pass,0,0,0,0
2023,14,BUF,KC,2,4,9,40,0,3290,,base,,punt,0,0,0,0
2023,14,KC,BUF,3,4,14,77,0,3137,11,base,,punt,0,0,0,0
2023,14,KC,BUF,5,4,8,73,-7,2846,11,base,,punt,0,0,0,0
2023,14,BUF,KC,6,4,1,14,7,2604,12,base,6,pass,4,1,0,0
2023,14,KC,BUF,7,4,12,39,-14,2316,11,nickel,,punt,0,0,0,0
2023,14,BUF,KC,11,4,7,13,7,1421,,base,,field_goal,0,0,0,0
2023,14,BUF,KC,13,4,3,67,3,1019,,base,,punt,0,0,0,0
2023,14,BUF,KC,15,4,18,56,3,900,,base,,punt,0,0,0,0
2023,14,KC,BUF,16,4,8,10,-3,693,,base,,field_goal,0,0,0,0
2023,14,BUF,KC,17,4,38,81,0,480,,base,,punt,0,0,0,0
2023,14,KC,BUF,18,4,7,66,0,425,11,,,punt,0,0,0,0
2023,14,BUF,KC,19,4,9,21,0,117,,base,,field_goal,0,0,0,0
2023,14,KC,BUF,20,4,15,54,-3,61,11,dime,6,pass,0,0,0,0
2023,14,CAR,NO,1,4,7,82,0,3551,,base,,punt,0,0,0,0
2023,14,NO,CAR,2,4,10,11,0,3247,,base,,field_goal,0,0,0,0
2023,14,NO,CAR,4,4,13,39,0,2995,,base,,punt,0,0,0,0
2023,14,CAR,NO,5,4,3,81,0,2896,,base,,punt,0,0,0,0
2023,14,CAR,NO,7,4,8,29,-7,2361,,,,field_goal,0,0,0,0
2023,14,NO,CAR,8,4,5,59,4,2174,,base,,punt,0,0,0,0
2023,14,CAR,NO,9,4,2,74,-4,2083,,base,,run,-11,0,1,1
2023,14,CAR,NO,10,4,2,46,-11,1871,11,nickel,6,pass,0,0,0,0
2023,14,CAR,NO,12,4,10,45,-11,1803,11,dime,5,pass,0,0,0,0
2023,14,NO,CAR,13,4,1,57,11,1677,12,base,,penalty,5,1,0,0
2023,14,NO,CAR,13,4,14,56,11,1579,,base,,punt,0,0,0,0
2023,14,CAR,NO,14,4,11,11,-11,1200,,,,field_goal,0,0,0,0
2023,14,NO,CAR,15,4,11,76,8,1082,,base,,punt,0,0,0,0
2023,14,CAR,NO,16,4,14,23,-8,819,,,,field_goal,0,0,0,0
2023,14,NO,CAR,17,4,8,67,8,743,,base,,punt,0,0,0,0
2023,14,CAR,NO,18,4,1,36,-8,495,11,nickel,5,pass,0,0,0,0
2023,14,CAR,NO,20,4,10,76,-15,333,11,dime,5,pass,0,0,0,0
2023,14,CAR,NO,22,4,1,66,-22,214,11,dime,8,run,11,1,0,0
2023,14,CAR,NO,22,4,13,35,-22,78,11,dime,5,pass,0,0,0,0
2023,14,LAC,DEN,1,4,18,71,0,3438,,nickel,,punt,0,0,0,0
2023,14,LAC,DEN,3,4,3,6,0,3352,11,nickel,6,pass,0,0,0,0
2023,14,DEN,LAC,4,4,5,43,0,3060,,base,,punt,0,0,0,0
2023,14,LAC,DEN,7,4,3,56,-7,2858,,base,,punt,0,0,0,0
2023,14,DEN,LAC,8,4,4,69,7,2627,,base,,punt,0,0,0,0
2023,14,LAC,DEN,9,4,20,83,-7,2492,,dime,,punt,0,0,0,0
2023,14,DEN,LAC,10,4,14,59,7,2298,,base,,punt,0,0,0,0
2023,14,LAC,DEN,11,4,2,29,-7,1998,11,nickel,7,pass,0,0,0,0
2023,14,DEN,LAC,12,4,13,73,7,1920,,base,,punt,0,0,0,0
2023,14,LAC,DEN,13,4,7,73,-7,1901,,nickel,,punt,0,0,0,0
2023,14,DEN,LAC,14,4,5,5,7,1808,,base,,field_goal,0,0,0,0
2023,14,DEN,LAC,16,4,5,70,10,1665,,base,,punt,0,0,0,0
2023,14,LAC,DEN,17,4,1,40,-10,1391,12,,8,run,0,0,0,0
2023,14,LAC,DEN,19,4,4,69,-17,1208,,nickel,,punt,0,0,0,0
2023,14,DEN,LAC,20,4,3,55,17,1003,,base,,punt,0,0,0,0
2023,14,LAC,DEN,21,4,4,57,-17,896,11,nickel,7,pass,6,1,0,0
2023,14,LAC,DEN,21,4,8,49,-17,843,11,nickel,6,pass,0,0,0,0
2023,14,DEN,LAC,22,4,4,45,17,748,,base,,punt,0,0,0,0
2023,14,LAC,DEN,25,4,22,61,-17,112,11,nickel,6,pass,-16,0,0,1
2023,14,DET,CHI,2,4,18,63,-7,3103,11,base,,punt,0,0,0,0
2023,14,CHI,DET,3,4,22,28,7,2787,,base,,field_goal,0,0,0,0
2023,14,DET,CHI,4,4,10,35,-10,2652,12,nickel,6,pass,0,0,0,1
2023,14,CHI,DET,5,4,1,38,10,2503,11,nickel,8,run,0,0,0,0
2023,14,DET,CHI,6,4,3,38,-10,2341,11,nickel,6,pass,17,1,0,0
2023,14,CHI,DET,7,4,18,85,4,2121,11,base,,punt,0,0,0,0
2023,14,DET,CHI,10,4,6,71,3,1750,11,base,,punt,0,0,0,0
2023,14,CHI,DET,11,4,7,7,-3,1422,,base,,field_goal,0,0,0,0
2023,14,DET,CHI,12,4,3,68,0,1370,11,base,,punt,0,0,0,0
2023,14,CHI,DET,13,4,9,51,0,1236,11,base,,punt,0,0,0,0
2023,14,DET,CHI,14,4,11,84,0,1155,11,base,,punt,0,0,0,0
2023,14,CHI,DET,15,4,13,38,0,1002,11,nickel,5,pass,38,1,1,0
2023,14,DET,CHI,18,4,1,66,-12,738,12,base,7,run,-4,0,0,0
2023,14,CHI,DET,19,4,2,10,12,563,,base,,field_goal,0,0,0,0
2023,14,DET,CHI,20,4,17,38,-15,321,11,nickel,4,pass,0,0,0,0
2023,14,CHI,DET,21,4,12,64,15,223,11,base,,punt,0,0,0,0
2023,14,DET,CHI,22,4,24,62,-15,159,11,nickel,4,pass,0,0,0,1
2023,14,GB,NYG,1,4,3,57,0,3439,11,base,,punt,0,0,0,0
2023,14,NYG,GB,2,4,8,53,0,3240,,base,,punt,0,0,0,0
2023,14,GB,NYG,3,4,5,88,0,3141,11,nickel,,punt,0,0,0,0
2023,14,NYG,GB,4,4,8,30,0,2997,,,,field_goal,0,0,0,0
2023,14,GB,NYG,5,4,1,53,0,2872,12,base,7,pass,1,1,0,0
2023,14,NYG,GB,8,4,1,51,0,2111,21,,11,run,0,0,0,0
2023,14,NYG,GB,10,4,3,49,0,1972,,base,,punt,0,0,0,0
2023,14,GB,NYG,11,4,4,18,0,1817,,nickel,,field_goal,0,0,0,0
2023,14,NYG,GB,13,4,2,67,-3,1685,,nickel,,punt,0,0,0,1
2023,14,GB,NYG,15,4,17,62,-4,1456,11,nickel,,punt,0,0,0,1
2023,14,GB,NYG,16,4,10,14,-4,1355,,nickel,,field_goal,0,0,0,0
2023,14,GB,NYG,18,4,21,27,-8,647,,nickel,,field_goal,0,0,0,0
2023,14,NYG,GB,19,4,4,59,8,548,,base,,punt,0,0,0,0
2023,14,GB,NYG,20,4,10,30,-8,335,,nickel,,field_goal,0,0,0,0
2023,14,NYG,GB,23,4,6,18,-1,2,,,,field_goal,0,0,0,0
2023,14,HOU,NYJ,1,4,5,54,0,3444,11,base,,punt,0,0,0,0
2023,14,NYJ,HOU,2,4,14,37,0,3055,,nickel,,punt,0,0,0,0
2023,14,HOU,NYJ,3,4,20,78,0,2814,11,base,,punt,0,0,0,0
2023,14,NYJ,HOU,4,4,9,72,0,2695,,nickel,,punt,0,0,0,0
2023,14,HOU,NYJ,5,4,12,75,0,2511,11,base,,punt,0,0,0,0
2023,14,NYJ,HOU,6,4,1,67,0,2382,,nickel,7,run,3,1,0,0
2023,14,NYJ,HOU,6,4,14,43,0,2233,,nickel,,punt,0,0,0,0
2023,14,HOU,NYJ,7,4,3,91,0,2140,11,base,,punt,0,0,0,0
2023,14,NYJ,HOU,8,4,13,58,0,2087,,dime,,punt,0,0,0,0
2023,14,HOU,NYJ,9,4,9,94,0,1980,11,base,,punt,0,0,0,0
2023,14,NYJ,HOU,10,4,9,53,0,1919,,nickel,,punt,0,0,0,0
2023,14,HOU,NYJ,11,4,17,67,0,1812,11,base,,punt,0,0,0,0
2023,14,HOU,NYJ,14,4,14,79,-7,1479,11,base,,punt,0,0,0,0
2023,14,HOU,NYJ,16,4,6,71,-14,1122,11,base,,punt,0,0,0,0
2023,14,HOU,NYJ,20,4,2,67,-15,496,11,nickel,5,pass,0,0,0,0
2023,14,NYJ,HOU,21,4,11,33,15,416,,base,,field_goal,0,0,0,0
2023,14,HOU,NYJ,22,4,4,69,-18,377,11,nickel,6,pass,0,0,0,0
2023,14,NYJ,HOU,23,4,16,36,18,274,,base,,field_goal,0,0,0,0
2023,14,HOU,NYJ,24,4,9,74,-21,202,11,nickel,6,pass,0,0,0,0
2023,14,NYJ,HOU,25,4,11,26,21,72,,base,,field_goal,0,0,0,0
2023,14,IND,CIN,1,4,8,73,0,3509,,,,punt,0,0,0,0
2023,14,CIN,IND,2,4,1,72,0,3391,12,base,,punt,0,0,0,0
2023,14,IND,CIN,3,4,2,55,0,3229,,,,punt,0,0,0,0
2023,14,IND,CIN,5,4,12,20,-7,2779,,base,,field_goal,0,0,0,0
2023,14,CIN,IND,6,4,9,15,7,2559,,base,,penalty,8,1,0,0
2023,14,IND,CIN,7,4,1,2,-14,1920,12,,10,pass,2,1,1,0
2023,14,CIN,IND,9,4,10,60,0,1824,12,base,,punt,0,0,0,0
2023,14,IND,CIN,12,4,10,62,-7,1481,,,,punt,0,0,0,0
2023,14,CIN,IND,13,4,1,4,7,1161,heavy,nickel,8,run,3,1,0,0
2023,14,IND,CIN,14,4,6,71,-14,984,,,,punt,0,0,0,0
2023,14,CIN,IND,15,4,7,45,14,821,12,base,,punt,0,0,0,1
2023,14,CIN,IND,16,4,12,14,14,678,,base,,field_goal,0,0,0,0
2023,14,CIN,IND,18,4,7,66,17,467,12,base,,punt,0,0,0,0
2023,14,IND,CIN,19,4,15,58,-17,317,11,nickel,4,pass,-7,0,0,0
2023,14,CIN,IND,20,4,5,17,17,120,,base,,field_goal,0,0,0,0
2023,14,JAX,CLE,2,4,3,77,-7,3269,,base,,punt,0,0,0,0
2023,14,CLE,JAX,3,4,8,67,7,3178,11,base,,punt,0,0,0,0
2023,14,JAX,CLE,4,4,9,44,-7,3038,,,,punt,0,0,0,0
2023,14,CLE,JAX,5,4,10,90,7,2973,11,base,,punt,0,0,0,0
2023,14,JAX,CLE,6,4,6,78,-7,2882,,nickel,,punt,0,0,0,0
2023,14,CLE,JAX,7,4,9,71,7,2831,11,base,,punt,0,0,0,0
2023,14,JAX,CLE,8,4,10,66,-7,2711,,nickel,,punt,0,0,0,0
2023,14,JAX,CLE,12,4,17,45,-14,2231,,nickel,,punt,0,0,0,0
2023,14,CLE,JAX,15,4,12,77,7,2054,11,base,,punt,0,0,0,0
2023,14,CLE,JAX,17,4,9,63,7,1880,11,base,,punt,0,0,0,0
2023,14,JAX,CLE,18,4,10,77,-7,1854,,base,,punt,0,0,0,0
2023,14,CLE,JAX,19,4,1,55,7,1815,11,base,,punt,0,0,0,0
2023,14,CLE,JAX,22,4,1,13,7,1609,12,,9,run,2,1,0,0
2023,14,JAX,CLE,23,4,10,75,-14,1369,,base,,punt,0,0,0,0
2023,14,CLE,JAX,26,4,5,44,7,949,11,base,,punt,0,0,0,0
2023,14,CLE,JAX,28,4,3,41,7,762,11,nickel,6,pass,41,1,1,0
2023,14,CLE,JAX,30,4,1,48,7,368,12,,9,run,3,1,0,0
2023,14,CLE,JAX,30,4,7,42,7,271,11,base,,punt,0,0,0,0
2023,14,JAX,CLE,31,4,3,62,-7,214,11,nickel,6,pass,0,0,0,0
2023,14,CLE,JAX,32,4,10,37,7,195,,base,,field_goal,0,0,0,0
2023,14,BAL,LA,1,4,1,65,0,3407,,base,,punt,0,0,0,0
2023,14,LA,BAL,2,4,9,9,0,3037,,,,field_goal,0,0,0,0
2023,14,BAL,LA,3,4,10,55,-3,2947,,,,punt,0,0,0,0
2023,14,LA,BAL,4,4,14,79,3,2826,12,base,,punt,0,0,0,0
2023,14,LA,BAL,8,4,5,70,-4,2252,12,base,,penalty,5,1,0,0
2023,14,LA,BAL,10,4,5,33,3,1910,,,,field_goal,0,0,0,0
2023,14,BAL,LA,11,4,5,13,-6,1812,,,,field_goal,0,0,0,0
2023,14,LA,BAL,13,4,6,71,3,1726,11,base,,punt,0,0,0,0
2023,14,BAL,LA,14,4,2,28,-3,1507,,,,field_goal,0,0,0,0
2023,14,LA,BAL,15,4,2,57,0,1305,11,base,,punt,0,0,0,0
2023,14,LA,BAL,17,4,20,43,2,1037,11,base,,punt,0,0,0,0
2023,14,BAL,LA,18,4,2,15,-2,681,,,,field_goal,0,0,0,0
2023,14,LA,BAL,19,4,8,73,-1,635,11,base,,punt,0,0,0,0
2023,14,BAL,LA,20,4,1,63,1,489,12,base,,punt,0,0,0,0
2023,14,LA,BAL,23,4,6,18,-3,11,,,,field_goal,0,0,0,0
2023,14,BAL,LA,25,4,6,71,0,547,12,,,punt,0,0,0,0
2023,14,LA,BAL,26,4,9,74,0,487,11,base,,punt,0,0,1,0
2023,14,LV,MIN,1,4,1,56,0,3340,11,nickel,9,run,2,1,0,0
2023,14,LV,MIN,1,4,21,53,0,3142,,base,,punt,0,0,0,0
2023,14,MIN,LV,2,4,13,83,0,3059,11,base,,punt,0,0,0,0
2023,14,LV,MIN,3,4,1,57,0,2965,12,nickel,11,run,3,1,0,0
2023,14,LV,MIN,3,4,5,49,0,2835,,base,,punt,0,0,0,0
2023,14,MIN,LV,4,4,28,75,0,2637,11,base,,punt,0,0,0,0
2023,14,LV,MIN,5,4,15,78,0,2521,,nickel,,punt,0,0,0,0
2023,14,MIN,LV,6,4,2,38,0,2224,11,nickel,5,pass,5,1,0,0
2023,14,MIN,LV,6,4,8,31,0,2137,,,,field_goal,0,0,0,0
2023,14,LV,MIN,7,4,1,52,0,2045,,base,,punt,0,0,0,0
2023,14,MIN,LV,8,4,14,53,0,1868,11,base,,punt,0,0,0,0
2023,14,MIN,LV,10,4,18,83,0,1655,11,base,,punt,0,0,0,0
2023,14,MIN,LV,12,4,11,62,0,1177,,base,,punt,0,0,0,0
2023,14,LV,MIN,13,4,5,67,0,962,,nickel,,punt,0,0,0,0
2023,14,MIN,LV,14,4,13,60,0,801,11,base,,punt,0,0,0,0
2023,14,LV,MIN,15,4,4,83,0,741,,nickel,,punt,0,0,0,0
2023,14,MIN,LV,16,4,6,76,0,695,11,base,,punt,0,0,0,0
2023,14,LV,MIN,17,4,6,65,0,563,,base,,punt,0,0,0,0
2023,14,MIN,LV,18,4,8,42,0,422,11,,,punt,0,0,0,0
2023,14,LV,MIN,19,4,4,81,0,331,,base,,punt,0,0,0,0
2023,14,MIN,LV,20,4,6,18,0,120,,,,field_goal,0,0,0,0
2023,14,MIN,LV,22,4,4,28,3,18,,,,punt,0,0,0,0
2023,14,PIT,NE,2,4,9,38,-7,3104,,base,,field_goal,0,0,0,0
2023,14,NE,PIT,3,4,8,73,4,3001,,base,,punt,0,0,0,0
2023,14,PIT,NE,4,4,6,75,-4,2937,,dime,,punt,0,0,0,0
2023,14,NE,PIT,5,4,10,45,4,2834,,base,,punt,0,0,0,0
2023,14,PIT,NE,8,4,8,73,-11,2573,,dime,,punt,0,0,0,0
2023,14,NE,PIT,9,4,4,66,11,2481,,base,,punt,0,0,0,0
2023,14,PIT,NE,10,4,5,75,-11,2396,,dime,,punt,0,0,0,0
2023,14,NE,PIT,13,4,14,61,11,1829,,base,,punt,0,0,0,0
2023,14,PIT,NE,15,4,16,51,-11,1379,,nickel,,punt,0,0,0,0
2023,14,NE,PIT,16,4,15,69,11,1219,,base,,punt,0,0,0,0
2023,14,PIT,NE,17,4,3,67,-11,1094,,nickel,,punt,0,0,0,0
2023,14,PIT,NE,19,4,2,8,-11,900,11,dime,5,pass,1,0,0,0
2023,14,NE,PIT,20,4,2,85,11,811,,base,,punt,0,0,0,0
2023,14,NE,PIT,22,4,1,55,3,511,,base,,punt,0,0,0,0
2023,14,PIT,NE,23,4,1,71,-3,433,heavy,base,11,run,2,1,0,0
2023,14,PIT,NE,23,4,8,67,-3,306,,nickel,,punt,0,0,0,0
2023,14,NE,PIT,24,4,1,77,3,171,,,,punt,0,0,0,0
2023,14,PIT,NE,25,4,2,51,-3,121,11,dime,6,pass,0,0,0,0
2023,14,NE,PIT,26,4,1,39,3,22,,base,,punt,0,0,0,0
2023,14,DAL,PHI,3,4,2,44,7,2895,11,dime,6,run,4,1,0,0
2023,14,DAL,PHI,3,4,20,42,7,2755,,base,,field_goal,0,0,0,0
2023,14,PHI,DAL,4,4,2,67,-10,2694,,,8,pass,28,1,0,0
2023,14,PHI,DAL,4,4,5,34,-10,2558,,base,,field_goal,0,0,0,0
2023,14,PHI,DAL,6,4,18,26,-14,1912,,base,,field_goal,0,0,0,0
2023,14,DAL,PHI,10,4,4,57,18,1632,heavy,base,,punt,0,0,0,0
2023,14,PHI,DAL,11,4,6,69,-18,1571,,,,punt,0,0,0,0
2023,14,DAL,PHI,13,4,23,41,11,1194,,base,,field_goal,0,0,0,0
2023,14,PHI,DAL,14,4,8,30,-14,932,11,dime,6,pass,1,0,0,0
2023,14,DAL,PHI,15,4,3,27,14,584,,base,,field_goal,0,0,0,0
2023,14,DAL,PHI,17,4,10,32,17,73,,base,,field_goal,0,0,0,0
2023,14,SF,SEA,3,4,8,73,0,3193,11,base,,punt,0,0,0,0
2023,14,SEA,SF,4,4,7,68,0,3090,12,base,,punt,0,0,0,0
2023,14,SF,SEA,5,4,2,84,0,2995,11,base,,punt,0,0,0,0
2023,14,SEA,SF,6,4,17,21,0,2761,,base,,field_goal,0,0,0,0
2023,14,SEA,SF,8,4,9,52,3,2480,12,,,punt,0,0,0,0
2023,14,SEA,SF,10,4,7,52,-4,2123,12,,,punt,0,0,0,0
2023,14,SF,SEA,11,4,8,45,4,1874,11,,,punt,0,0,0,0
2023,14,SEA,SF,13,4,1,60,-4,1748,12,base,,punt,0,0,0,0
2023,14,SF,SEA,14,4,12,59,4,1511,11,,,punt,0,0,0,0
2023,14,SEA,SF,15,4,12,71,-4,1269,12,,,punt,0,0,0,0
2023,14,SEA,SF,21,4,21,76,-12,686,12,base,,punt,0,0,0,0
2023,14,SF,SEA,22,4,7,56,12,497,11,,,punt,0,0,0,0
2023,14,SEA,SF,23,4,4,50,-12,325,11,nickel,6,penalty,5,1,0,0
2023,14,SEA,SF,23,4,13,48,-12,204,11,nickel,5,pass,0,0,0,1
2023,14,TB,ATL,1,4,2,37,0,3272,,base,,field_goal,0,0,0,0
2023,14,ATL,TB,2,4,1,11,-3,2898,12,base,8,pass,2,1,0,0
2023,14,ATL,TB,2,4,2,2,-3,2786,,base,,field_goal,0,0,0,0
2023,14,TB,ATL,3,4,8,73,0,2734,12,nickel,,punt,0,0,0,0
2023,14,TB,ATL,7,4,2,42,0,2208,12,nickel,8,run,-5,0,0,0
2023,14,ATL,TB,8,4,7,32,0,2064,,base,,field_goal,0,0,0,0
2023,14,TB,ATL,9,4,8,58,0,1971,12,nickel,,punt,0,0,0,0
2023,14,TB,ATL,11,4,8,64,2,1869,12,nickel,,punt,0,0,0,0
2023,14,ATL,TB,12,4,2,34,-2,1803,,base,,field_goal,0,0,0,0
2023,14,ATL,TB,13,4,2,48,-2,1654,,base,,punt,0,0,0,0
2023,14,TB,ATL,14,4,2,85,2,1596,12,nickel,,punt,0,0,0,0
2023,14,ATL,TB,15,4,10,54,-2,1566,,base,,punt,0,0,0,0
2023,14,TB,ATL,16,4,6,87,2,1493,12,nickel,,punt,0,0,0,0
2023,14,ATL,TB,17,4,11,70,-2,1435,,base,,punt,0,0,0,0
2023,14,ATL,TB,19,4,9,52,-9,932,,base,,punt,0,0,0,0
2023,14,TB,ATL,20,4,5,75,9,854,12,nickel,,punt,0,0,0,0
2023,14,TB,ATL,22,4,4,20,2,374,,base,,field_goal,0,0,0,0
2023,14,TB,ATL,24,4,1,55,-3,120,11,nickel,6,run,3,1,0,0
2023,14,TEN,MIA,1,4,10,75,0,3511,,base,,punt,0,0,0,0
2023,14,TEN,MIA,4,4,13,65,-7,3009,,base,,punt,0,0,0,0
2023,14,MIA,TEN,5,4,7,42,7,2655,,nickel,,punt,0,0,0,0
2023,14,MIA,TEN,7,4,6,26,0,1920,,base,,field_goal,0,0,0,0
2023,14,TEN,MIA,8,4,7,76,0,1862,,base,,punt,0,0,0,0
2023,14,MIA,TEN,9,4,7,66,0,1838,,base,,punt,0,0,0,0
2023,14,MIA,TEN,11,4,2,2,-3,1478,,base,,field_goal,0,0,0,0
2023,14,TEN,MIA,12,4,7,59,0,1311,,base,,punt,0,0,0,0
2023,14,MIA,TEN,13,4,4,85,0,1260,,base,,punt,0,0,0,0
2023,14,TEN,MIA,14,4,5,5,0,912,,base,,field_goal,0,0,0,0
2023,14,MIA,TEN,15,4,13,13,-3,761,,base,,field_goal,0,0,0,0
2023,14,TEN,MIA,16,4,5,49,0,655,,base,,punt,0,0,0,0
2023,14,MIA,TEN,17,4,15,58,0,376,,base,,punt,0,0,0,1
2023,14,MIA,TEN,22,4,2,67,6,144,,nickel,,punt,0,0,0,0
2023,14,MIA,TEN,24,4,2,55,-1,26,11,dime,5,pass,-3,0,0,0
2023,15,ATL,CAR,1,4,3,34,0,3268,12,nickel,6,run,-1,0,0,0
2023,15,CAR,ATL,2,4,1,33,0,3107,11,nickel,7,run,0,0,0,0
2023,15,ATL,CAR,3,4,16,72,0,3021,,nickel,,punt,0,0,0,0
2023,15,CAR,ATL,4,4,4,57,0,2966,,nickel,,punt,0,0,0,0
2023,15,ATL,CAR,5,4,9,82,0,2769,,nickel,,punt,0,0,0,0
2023,15,CAR,ATL,6,4,13,68,0,2703,,nickel,,punt,0,0,0,0
2023,15,ATL,CAR,7,4,10,83,0,2583,,nickel,,punt,0,0,0,0
2023,15,CAR,ATL,8,4,11,70,0,2434,,nickel,,punt,0,0,0,0
2023,15,ATL,CAR,9,4,7,42,0,2315,,nickel,,punt,0,0,0,0
2023,15,CAR,ATL,10,4,1,83,0,2178,,nickel,,punt,0,0,0,0
2023,15,CAR,ATL,12,4,15,15,-7,1826,,base,,field_goal,0,0,0,0
2023,15,CAR,ATL,14,4,7,36,-4,1633,11,dime,6,pass,6,0,0,0
2023,15,ATL,CAR,15,4,8,43,4,1444,,nickel,,punt,0,0,0,0
2023,15,CAR,ATL,16,4,18,48,-4,1038,,nickel,,punt,0,0,0,0
2023,15,CAR,ATL,18,4,4,7,-4,815,,base,,field_goal,0,0,0,0
2023,15,CAR,ATL,20,4,5,5,-1,1,,base,,field_goal,0,0,0,0
2023,15,JAX,BAL,1,4,6,56,0,3439,,base,,punt,0,0,0,0
2023,15,BAL,JAX,2,4,21,25,0,3086,,base,,field_goal,0,0,0,0
2023,15,JAX,BAL,3,4,7,32,-3,2887,,,,field_goal,0,0,0,0
2023,15,BAL,JAX,4,4,22,72,3,2772,11,base,,punt,0,0,0,0
2023,15,JAX,BAL,5,4,6,36,-3,2586,,,,field_goal,0,0,0,0
2023,15,JAX,BAL,7,4,2,44,-3,2379,11,nickel,6,pass,13,1,0,0
2023,15,BAL,JAX,10,4,15,57,10,1521,11,base,,punt,0,0,0,0
2023,15,BAL,JAX,12,4,12,43,3,1162,11,base,,punt,0,0,0,0
2023,15,JAX,BAL,13,4,19,99,-3,1046,,base,,punt,0,0,0,0
2023,15,JAX,BAL,15,4,2,67,-10,821,,base,,punt,0,0,0,0
2023,15,BAL,JAX,16,4,7,7,10,483,,base,,field_goal,0,0,0,0
2023,15,BAL,JAX,18,4,7,16,13,365,,base,,field_goal,0,0,0,0
2023,15,JAX,BAL,19,4,4,38,-16,240,11,nickel,6,run,13,1,0,0
2023,15,JAX,BAL,19,4,10,13,-16,204,12,nickel,6,pass,0,0,0,0
2023,15,BAL,JAX,20,4,3,30,16,30,11,base,8,run,5,1,0,0
2023,15,CLE,CHI,1,4,8,56,0,3434,12,base,,punt,0,0,0,0
2023,15,CHI,CLE,2,4,5,79,0,3330,11,base,,punt,0,0,0,0
2023,15,CLE,CHI,3,4,2,47,0,3236,12,,,punt,0,0,0,0
2023,15,CHI,CLE,4,4,5,78,0,3145,11,base,,punt,0,0,0,0
2023,15,CLE,CHI,5,4,10,63,0,2997,12,base,,punt,0,0,0,0
2023,15,CHI,CLE,6,4,15,51,0,2834,11,base,,punt,0,0,0,0
2023,15,CLE,CHI,7,4,8,79,0,2745,12,base,,punt,0,0,0,0
2023,15,CHI,CLE,8,4,2,52,0,2652,11,base,,punt,0,0,0,0
2023,15,CLE,CHI,11,4,2,19,-7,2156,11,nickel,6,pass,5,1,0,0
2023,15,CHI,CLE,12,4,4,69,0,1946,11,nickel,,punt,0,0,0,0
2023,15,CLE,CHI,13,4,4,55,0,1868,12,base,,punt,0,0,0,0
2023,15,CHI,CLE,14,4,4,37,0,1804,11,nickel,6,pass,0,0,0,1
2023,15,CHI,CLE,15,4,14,79,0,1749,11,base,,punt,0,0,0,0
2023,15,CLE,CHI,17,4,3,68,-7,1616,12,base,,punt,0,0,0,0
2023,15,CHI,CLE,18,4,7,23,7,1331,,,,field_goal,0,0,0,0
2023,15,CLE,CHI,19,4,20,85,-10,1275,12,base,,punt,0,0,0,0
2023,15,CHI,CLE,20,4,19,67,10,1184,11,base,,punt,0,0,0,0
2023,15,CLE,CHI,21,4,16,57,-10,1059,,base,,punt,0,0,0,1
2023,15,CHI,CLE,23,4,1,33,10,900,11,nickel,7,pass,0,0,0,0
2023,15,CLE,CHI,24,4,10,15,-10,751,,base,,field_goal,0,0,0,0
2023,15,CHI,CLE,25,4,4,69,7,642,11,base,,punt,0,0,0,0
2023,15,CLE,CHI,26,4,10,75,-7,529,12,base,,punt,0,0,0,0
2023,15,CHI,CLE,27,4,6,53,7,325,11,base,,punt,0,0,0,0
2023,15,CHI,CLE,29,4,12,77,0,120,11,nickel,,punt,0,0,0,0
2023,15,CLE,CHI,30,4,7,16,0,36,,base,,field_goal,0,0,0,0
2023,15,DAL,BUF,2,4,23,56,-7,2948,heavy,base,,punt,0,0,0,0
2023,15,BUF,DAL,3,4,3,80,7,2891,,base,,punt,0,0,0,0
2023,15,DAL,BUF,4,4,10,66,-7,2865,heavy,base,,punt,0,0,0,0
2023,15,BUF,DAL,5,4,8,74,7,2725,,base,,penalty,15,1,0,0
2023,15,DAL,BUF,6,4,4,14,-14,2236,,base,,field_goal,0,0,0,0
2023,15,DAL,BUF,8,4,6,61,-18,1834,heavy,base,,punt,0,0,0,0
2023,15,DAL,BUF,10,4,11,71,-18,1571,heavy,base,,punt,0,0,0,0
2023,15,BUF,DAL,11,4,5,5,18,1059,,nickel,,field_goal,0,0,0,0
2023,15,DAL,BUF,12,4,18,84,-21,951,heavy,base,,punt,0,0,0,0
2023,15,DAL,BUF,14,4,5,52,-28,647,11,dime,6,pass,0,0,0,1
2023,15,BUF,DAL,15,4,7,49,28,506,,,,punt,0,0,0,0
2023,15,DAL,BUF,16,4,2,28,-28,292,11,nickel,6,run,6,1,0,0
2023,15,DET,DEN,1,4,6,50,0,3486,11,,,punt,0,0,0,0
2023,15,DET,DEN,3,4,12,39,0,3282,11,,,punt,0,0,0,0
2023,15,DEN,DET,4,4,9,79,0,3220,,base,,punt,0,0,0,0
2023,15,DET,DEN,5,4,10,49,0,3011,11,,,punt,0,0,0,0
2023,15,DEN,DET,6,4,4,54,0,2807,11,base,,punt,0,0,0,0
2023,15,DEN,DET,8,4,22,87,-7,2470,,base,,punt,0,0,0,0
2023,15,DEN,DET,10,4,1,70,-14,2189,11,base,9,run,2,1,0,0
2023,15,DEN,DET,10,4,10,68,-14,2068,,base,,punt,0,0,0,0
2023,15,DEN,DET,15,4,5,5,-21,946,,base,,field_goal,0,0,0,0
2023,15,DEN,DET,17,4,10,56,-25,665,11,base,,punt,0,0,0,0
2023,15,DET,DEN,18,4,19,86,25,569,11,base,,punt,0,0,0,0
2023,15,DEN,DET,19,4,1,13,-25,411,11,nickel,7,run,12,1,0,0
2023,15,DET,DEN,20,4,2,10,18,146,12,base,7,pass,10,1,1,0
2023,15,HOU,TEN,1,4,2,67,0,3484,11,base,,punt,0,0,0,0
2023,15,TEN,HOU,2,4,1,74,0,3381,heavy,base,6,run,1,1,0,0
2023,15,HOU,TEN,3,4,4,55,-6,2986,11,base,,punt,0,0,0,0
2023,15,TEN,HOU,4,4,8,53,6,2785,,base,,punt,0,0,0,0
2023,15,HOU,TEN,6,4,5,62,-13,2418,11,base,,punt,0,0,0,0
2023,15,TEN,HOU,7,4,16,85,13,2144,,base,,punt,0,0,0,0
2023,15,HOU,TEN,8,4,1,22,-13,1878,11,nickel,6,run,3,1,0,0
2023,15,HOU,TEN,8,4,1,5,-13,1803,,base,,field_goal,0,0,0,0
2023,15,HOU,TEN,10,4,6,9,-10,1290,,base,,field_goal,0,0,0,0
2023,15,TEN,HOU,11,4,27,92,7,1188,,base,,punt,0,0,0,0
2023,15,HOU,TEN,12,4,9,35,-7,1067,,base,,field_goal,0,0,0,0
2023,15,TEN,HOU,13,4,8,50,4,906,,base,,punt,0,0,0,0
2023,15,HOU,TEN,14,4,12,88,-4,741,11,,,punt,0,0,0,0
2023,15,TEN,HOU,15,4,22,27,4,453,,base,,field_goal,0,0,0,0
2023,15,TEN,HOU,17,4,6,57,0,110,,base,,punt,0,0,0,0
2023,15,HOU,TEN,18,4,15,65,0,55,11,,,punt,0,0,0,0
2023,15,TEN,HOU,19,4,9,70,0,27,,base,,punt,0,0,0,0
2023,15,TEN,HOU,21,4,20,62,0,394,,base,,punt,0,0,0,0
2023,15,HOU,TEN,22,4,31,94,0,264,11,,,punt,0,0,0,0
2023,15,TEN,HOU,23,4,15,58,0,109,,base,,punt,0,0,0,0
2023,15,NE,KC,1,4,8,85,0,3513,,base,,punt,0,0,0,0
2023,15,KC,NE,2,4,5,20,0,3296,,base,,field_goal,0,0,0,0
2023,15,NE,KC,3,4,21,23,0,2920,,base,,field_goal,0,0,0,0
2023,15,NE,KC,5,4,1,66,-7,2708,,,,punt,0,0,0,0
2023,15,KC,NE,6,4,11,74,7,2586,11,dime,,punt,0,0,0,0
2023,15,NE,KC,7,4,2,16,-7,2234,heavy,base,6,pass,16,1,1,0
2023,15,NE,KC,9,4,7,7,0,2090,,base,,field_goal,0,0,0,0
2023,15,KC,NE,12,4,7,11,4,1532,,base,,field_goal,0,0,0,0
2023,15,NE,KC,15,4,22,63,-14,1304,,base,,punt,0,0,0,0
2023,15,KC,NE,16,4,8,35,14,1125,,base,,field_goal,0,0,0,0
2023,15,NE,KC,17,4,7,72,-17,1008,,base,,punt,0,0,0,0
2023,15,KC,NE,18,4,9,73,17,947,11,nickel,,punt,0,0,0,0
2023,15,NE,KC,19,4,3,58,-17,890,,,,punt,0,0,0,0
2023,15,KC,NE,20,4,12,75,17,694,11,nickel,,punt,0,0,0,0
2023,15,NE,KC,21,4,4,67,-17,568,,base,,punt,0,0,0,0
2023,15,KC,NE,24,4,17,57,10,251,11,nickel,,punt,0,0,0,0
2023,15,NE,KC,25,4,4,93,-10,159,11,dime,6,pass,0,0,0,0
2023,15,LAC,LV,1,4,3,64,0,3524,,,,punt,0,0,0,0
2023,15,LAC,LV,7,4,12,64,-21,2700,,base,,punt,0,0,0,0
2023,15,LV,LAC,8,4,2,74,21,2601,21,base,,punt,0,0,0,0
2023,15,LAC,LV,9,4,7,64,-21,2458,,base,,punt,0,0,0,0
2023,15,LV,LAC,10,4,4,64,21,2395,21,base,,punt,0,0,0,1
2023,15,LAC,LV,12,4,5,70,-28,2252,,base,,punt,0,0,0,0
2023,15,LAC,LV,14,4,1,51,-35,1920,11,nickel,7,run,0,0,0,0
2023,15,LV,LAC,19,4,10,75,42,1406,21,base,,punt,0,0,0,0
2023,15,LAC,LV,20,4,2,82,-42,1297,,,,punt,0,0,0,0
2023,15,LV,LAC,21,4,3,61,42,1114,21,base,,punt,0,0,0,0
2023,15,LV,LAC,25,4,1,68,49,430,11,base,,punt,0,0,0,0
2023,15,LV,LAC,27,4,1,66,42,37,21,base,,punt,0,0,0,0
2023,15,CIN,MIN,1,4,5,16,0,3225,,base,,field_goal,0,0,0,0
2023,15,CIN,MIN,3,4,2,67,-4,2790,12,,,punt,0,0,0,0
2023,15,MIN,CIN,4,4,16,87,4,2700,11,,,punt,0,0,0,0
2023,15,CIN,MIN,5,4,15,56,-4,2515,12,nickel,,punt,0,0,0,0
2023,15,CIN,MIN,7,4,14,70,-4,1904,12,nickel,,punt,0,0,0,0
2023,15,MIN,CIN,12,4,4,21,11,1176,,base,,field_goal,0,0,0,0
2023,15,MIN,CIN,14,4,5,70,7,812,11,,,punt,0,0,0,0
2023,15,CIN,MIN,15,4,1,1,-7,469,11,nickel,9,run,1,1,1,0
2023,15,MIN,CIN,18,4,8,73,0,19,,,,punt,0,0,0,0
2023,15,CIN,MIN,20,4,18,83,0,511,12,base,,punt,0,0,0,0
2023,15,MIN,CIN,21,4,1,42,0,375,11,base,8,run,0,0,0,0
2023,15,NYG,NO,1,4,1,66,0,3510,,base,,penalty,6,1,0,0
2023,15,NYG,NO,1,4,5,38,0,3306,,,,field_goal,0,0,0,0
2023,15,NO,NYG,2,4,3,73,-3,3218,,nickel,,punt,0,0,0,0
2023,15,NYG,NO,3,4,13,71,3,3136,,base,,punt,0,0,0,0
2023,15,NYG,NO,5,4,20,85,-4,2655,,base,,punt,0,0,0,0
2023,15,NO,NYG,6,4,14,55,4,2433,,base,,punt,0,0,0,0
2023,15,NYG,NO,7,4,20,45,-4,2135,,base,,punt,0,0,0,0
2023,15,NO,NYG,8,4,11,74,4,1984,,nickel,,punt,0,0,0,0
2023,15,NYG,NO,9,4,2,44,-4,1879,21,nickel,7,run,4,1,0,0
2023,15,NYG,NO,9,4,2,21,-4,1805,,,,field_goal,0,0,0,0
2023,15,NYG,NO,11,4,17,82,-8,1290,,base,,punt,0,0,0,0
2023,15,NO,NYG,12,4,3,32,8,1162,,nickel,,field_goal,0,0,0,0
2023,15,NYG,NO,13,4,11,76,-11,1081,,base,,punt,0,0,0,0
2023,15,NYG,NO,15,4,2,54,-18,555,11,dime,5,pass,8,1,0,0
2023,15,NYG,NO,15,4,8,44,-18,413,12,dime,4,pass,0,0,0,0
2023,15,NO,NYG,16,4,7,40,18,312,,base,,punt,0,0,0,0
2023,15,NYG,NO,17,4,10,64,-18,228,11,dime,5,pass,33,1,0,0
2023,15,NYG,NO,17,4,10,31,-18,124,11,dime,4,pass,0,0,0,0
2023,15,MIA,NYJ,1,4,6,50,0,3377,,base,,punt,0,0,0,0
2023,15,NYJ,MIA,4,4,4,58,-7,3029,,base,8,run,-1,0,0,0
2023,15,MIA,NYJ,5,4,10,19,7,2640,,base,,field_goal,0,0,0,0
2023,15,NYJ,MIA,6,4,21,86,-10,2498,,base,,punt,0,0,0,0
2023,15,MIA,NYJ,7,4,11,50,10,2365,,base,,punt,0,0,0,0
2023,15,NYJ,MIA,8,4,13,94,-10,2278,,base,,punt,0,0,0,0
2023,15,NYJ,MIA,10,4,11,66,-17,2137,,base,,punt,0,0,0,0
2023,15,NYJ,MIA,12,4,20,74,-24,1812,,base,,punt,0,0,0,0
2023,15,NYJ,MIA,13,4,19,84,-24,1750,,base,,punt,0,0,0,0
2023,15,MIA,NYJ,14,4,5,45,24,1594,11,nickel,6,pass,25,1,0,0
2023,15,MIA,NYJ,14,4,8,9,24,1419,,base,,field_goal,0,0,0,0
2023,15,MIA,NYJ,16,4,2,36,27,921,12,nickel,6,run,4,1,0,0
2023,15,MIA,NYJ,16,4,13,17,27,706,,base,,field_goal,0,0,0,0
2023,15,MIA,NYJ,18,4,18,55,30,370,,base,,punt,0,0,0,0
2023,15,NYJ,MIA,19,4,10,63,-30,171,11,nickel,6,pass,0,0,0,1
2023,15,MIA,NYJ,20,4,12,68,30,36,,base,,punt,0,0,0,0
2023,15,SEA,PHI,2,4,1,66,-7,2977,12,base,,punt,0,0,0,0
2023,15,PHI,SEA,3,4,10,88,7,2923,,,,punt,0,0,0,0
2023,15,SEA,PHI,4,4,16,67,-7,2700,12,base,,punt,0,0,0,0
2023,15,PHI,SEA,5,4,4,18,7,2328,11,nickel,5,pass,6,1,0,0
2023,15,PHI,SEA,5,4,6,8,7,2184,,,,field_goal,0,0,0,0
2023,15,SEA,PHI,6,4,4,8,-10,1905,,base,,field_goal,0,0,0,0
2023,15,PHI,SEA,7,4,10,60,7,1879,,,,punt,0,0,0,0
2023,15,SEA,PHI,8,4,12,83,-7,1837,12,,,punt,0,0,0,0
2023,15,PHI,SEA,9,4,4,62,7,1808,11,,,punt,0,0,0,0
2023,15,SEA,PHI,12,4,13,78,-7,1097,12,base,,punt,0,0,0,0
2023,15,PHI,SEA,13,4,8,77,7,996,,,,punt,0,0,0,0
2023,15,SEA,PHI,14,4,3,31,-7,681,11,dime,5,penalty,5,1,0,0
2023,15,SEA,PHI,14,4,9,25,-7,605,,base,,field_goal,0,0,0,0
2023,15,SEA,PHI,16,4,5,75,-4,405,12,base,,punt,0,0,0,0
2023,15,PHI,SEA,17,4,7,50,4,124,,,,punt,0,0,0,0
2023,15,PIT,IND,1,4,10,62,0,3481,,base,,punt,0,0,0,0
2023,15,IND,PIT,2,4,5,37,0,3155,,base,,field_goal,0,0,0,0
2023,15,PIT,IND,3,4,1,1,0,2773,heavy,nickel,10,run,1,1,1,0
2023,15,IND,PIT,4,4,10,75,-6,2700,,base,,punt,0,0,0,0
2023,15,IND,PIT,8,4,1,32,-6,2181,12,,9,run,10,1,0,0
2023,15,IND,PIT,8,4,1,1,-6,2007,11,dime,8,pass,0,0,0,0
2023,15,PIT,IND,9,4,3,67,6,1854,,base,,punt,0,0,0,0
2023,15,IND,PIT,12,4,2,67,1,1716,,,,punt,0,0,0,0
2023,15,PIT,IND,15,4,12,77,-8,1581,,base,,punt,0,0,0,0
2023,15,IND,PIT,16,4,1,11,8,1445,,,,field_goal,0,0,0,0
2023,15,PIT,IND,17,4,14,39,-11,1101,,base,,punt,0,0,0,0
2023,15,IND,PIT,18,4,6,13,11,560,,base,,field_goal,0,0,0,0
2023,15,PIT,IND,19,4,10,64,-14,400,11,nickel,6,pass,15,1,0,0
2023,15,IND,PIT,20,4,1,25,14,132,,base,,field_goal,0,0,0,0
2023,15,PIT,IND,21,4,7,64,-14,108,12,nickel,6,pass,-11,0,0,0
2023,15,IND,PIT,22,4,9,24,14,52,,base,,field_goal,0,0,0,0
2023,15,ARI,SF,3,4,3,42,0,2973,11,nickel,6,pass,0,0,1,1
2023,15,ARI,SF,4,4,10,40,-7,2655,,,,field_goal,0,0,0,0
2023,15,SF,ARI,5,4,6,71,4,2560,12,base,,punt,0,0,0,0
2023,15,ARI,SF,6,4,1,45,-4,2415,11,nickel,7,run,2,1,0,0
2023,15,ARI,SF,6,4,4,25,-4,2178,,base,,field_goal,0,0,0,0
2023,15,ARI,SF,8,4,5,70,-8,1863,,,,punt,0,0,0,0
2023,15,ARI,SF,11,4,16,81,-15,1606,,,,punt,0,0,0,0
2023,15,SF,ARI,12,4,7,66,15,1549,12,base,,punt,0,0,0,0
2023,15,ARI,SF,13,4,9,9,-15,1163,,base,,field_goal,0,0,0,0
2023,15,ARI,SF,15,4,3,54,-19,737,11,nickel,7,pass,5,1,0,0
2023,15,ARI,SF,17,4,6,71,-20,394,11,nickel,6,pass,7,1,0,0
2023,15,SF,ARI,18,4,7,25,20,192,,,,field_goal,0,0,0,0
2023,15,TB,GB,1,4,12,21,0,3246,,,,field_goal,0,0,0,0
2023,15,GB,TB,2,4,2,4,-3,2848,11,nickel,8,pass,0,0,0,0
2023,15,GB,TB,6,4,5,18,-3,2233,,base,,field_goal,0,0,0,0
2023,15,TB,GB,7,4,4,69,0,2144,12,,,punt,0,0,0,0
2023,15,GB,TB,8,4,11,54,0,1939,11,base,,punt,0,0,0,0
2023,15,TB,GB,9,4,5,28,0,1814,,,,field_goal,0,0,0,0
2023,15,GB,TB,11,4,7,72,-3,1771,11,base,,punt,0,0,0,0
2023,15,GB,TB,15,4,4,15,-10,607,,base,,field_goal,0,0,0,0
2023,15,GB,TB,17,4,10,30,-14,268,11,nickel,6,pass,-21,0,0,1
2023,15,TB,GB,18,4,2,41,14,205,11,nickel,8,run,3,1,0,0
2023,15,WAS,LA,1,4,4,69,0,3558,,,,punt,0,0,0,0
2023,15,LA,WAS,2,4,4,4,0,3162,,,,field_goal,0,0,0,0
2023,15,WAS,LA,3,4,2,45,-3,2874,11,dime,5,pass,24,1,0,0
2023,15,WAS,LA,3,4,1,12,-3,2740,12,nickel,7,pass,0,0,0,0
2023,15,WAS,LA,5,4,4,86,-3,2257,,,,punt,0,0,0,0
2023,15,WAS,LA,7,4,4,68,-10,1916,,,,punt,0,0,0,0
2023,15,WAS,LA,9,4,18,69,-10,1839,,,,run,0,0,0,0
2023,15,LA,WAS,10,4,9,9,10,1806,,,,field_goal,0,0,0,0
2023,15,WAS,LA,13,4,5,44,-20,1534,,base,,punt,0,0,0,0
2023,15,LA,WAS,14,4,13,91,20,1466,11,,,punt,0,0,0,0
2023,15,WAS,LA,15,4,3,41,-20,1381,11,nickel,6,pass,17,1,0,0
2023,15,LA,WAS,16,4,8,47,13,1027,11,,,punt,0,0,0,0
2023,15,WAS,LA,17,4,6,87,-13,925,,,,punt,0,0,0,0
2023,15,LA,WAS,20,4,6,25,21,550,,,,field_goal,0,0,0,0
2023,15,LA,WAS,22,4,12,77,14,311,11,,,punt,0,0,0,0
2023,15,WAS,LA,23,4,7,7,-14,151,11,nickel,6,penalty,6,1,0,0
2023,15,WAS,LA,23,4,3,3,-14,110,11,nickel,6,pass,3,1,1,0
2023,16,CHI,ARI,1,4,2,53,0,3504,11,,,punt,0,0,0,0
2023,16,ARI,CHI,2,4,11,78,0,3258,,base,,punt,0,0,0,0
2023,16,ARI,CHI,4,4,4,50,-7,2937,,base,,punt,0,0,0,0
2023,16,ARI,CHI,6,4,17,82,-14,2521,,base,,punt,0,0,0,0
2023,16,CHI,ARI,9,4,9,74,14,1909,11,base,,punt,0,0,0,0
2023,16,ARI,CHI,10,4,11,67,-14,1868,,base,,punt,0,0,0,0
2023,16,CHI,ARI,11,4,10,76,14,1827,11,base,,punt,0,0,0,0
2023,16,ARI,CHI,13,4,8,37,-14,1637,,base,,field_goal,0,0,0,0
2023,16,CHI,ARI,14,4,16,62,11,1438,11,base,,punt,0,0,0,0
2023,16,ARI,CHI,15,4,10,77,-11,1309,,base,,punt,0,0,0,0
2023,16,CHI,ARI,16,4,6,31,11,968,,,,field_goal,0,0,0,0
2023,16,ARI,CHI,17,4,9,74,-14,900,,base,,punt,0,0,0,0
2023,16,ARI,CHI,19,4,2,48,-14,456,11,nickel,6,penalty,5,1,0,0
2023,16,CHI,ARI,20,4,1,66,8,273,11,,,punt,0,0,0,0
2023,16,ARI,CHI,21,4,6,73,-8,183,11,nickel,5,pass,0,0,0,0
2023,16,CHI,ARI,22,4,7,11,8,65,,,,field_goal,0,0,0,0
2023,16,BAL,SF,1,4,8,67,0,3546,,,,punt,0,0,0,0
2023,16,SF,BAL,4,4,1,33,2,3117,11,nickel,8,penalty,5,1,0,0
2023,16,SF,BAL,4,4,9,27,2,3063,,base,,field_goal,0,0,0,0
2023,16,BAL,SF,5,4,6,10,-5,2761,,base,,field_goal,0,0,0,0
2023,16,BAL,SF,7,4,1,1,-2,2378,12,,10,run,1,1,1,0
2023,16,BAL,SF,9,4,13,23,5,2227,,base,,field_goal,0,0,0,0
2023,16,SF,BAL,12,4,10,75,-4,1709,heavy,,,punt,0,0,0,0
2023,16,SF,BAL,16,4,6,60,-18,1472,heavy,,,punt,0,0,0,0
2023,16,BAL,SF,17,4,6,6,18,1063,,base,,field_goal,0,0,0,0
2023,16,SF,BAL,18,4,11,45,-21,897,11,dime,5,pass,-1,0,0,0
2023,16,BAL,SF,19,4,11,40,21,630,,base,,punt,0,0,0,0
2023,16,BAL,SF,21,4,8,69,14,285,,,,punt,0,0,0,0
2023,16,SF,BAL,22,4,9,63,-14,230,11,nickel,6,pass,9,1,0,0
2023,16,SF,BAL,22,4,17,17,-14,69,11,nickel,5,pass,0,0,0,1
2023,16,BUF,LAC,1,4,8,59,0,3500,,base,,punt,0,0,0,0
2023,16,LAC,BUF,2,4,2,2,0,3095,,base,,field_goal,0,0,0,0
2023,16,BUF,LAC,3,4,5,59,-3,2917,,base,,punt,0,0,0,0
2023,16,LAC,BUF,4,4,13,87,3,2721,,base,,punt,0,0,0,1
2023,16,BUF,LAC,6,4,10,60,-10,2452,,base,,punt,0,0,0,0
2023,16,LAC,BUF,7,4,3,89,10,2364,,,,punt,0,0,0,0
2023,16,LAC,BUF,9,4,22,80,3,2082,,base,,punt,0,0,0,0
2023,16,LAC,BUF,12,4,18,50,-4,1673,,base,,punt,0,0,0,0
2023,16,LAC,BUF,14,4,15,22,-4,1346,,base,,field_goal,0,0,0,0
2023,16,LAC,BUF,16,4,7,29,-8,760,,base,,field_goal,0,0,0,0
2023,16,BUF,LAC,17,4,32,97,5,568,,base,,punt,0,0,0,0
2023,16,LAC,BUF,18,4,12,27,-5,443,,base,,field_goal,0,0,0,0
2023,16,LAC,BUF,20,4,13,35,-2,330,,base,,field_goal,0,0,0,0
2023,16,BUF,LAC,21,4,8,11,-1,31,,,,field_goal,0,0,0,0
2023,16,CIN,PIT,1,4,4,53,0,3404,12,base,,punt,0,0,0,0
2023,16,CIN,PIT,5,4,19,84,-14,2602,12,base,,punt,0,0,0,0
2023,16,PIT,CIN,6,4,18,49,14,2471,,,,punt,0,0,0,0
2023,16,CIN,PIT,9,4,1,5,-21,1939,11,base,7,pass,0,0,0,0
2023,16,PIT,CIN,10,4,6,31,21,1804,,base,,field_goal,0,0,0,0
2023,16,PIT,CIN,11,4,2,55,24,1589,,,,punt,0,0,0,0
2023,16,CIN,PIT,14,4,5,32,-23,1305,11,dime,5,pass,0,0,0,0
2023,16,PIT,CIN,15,4,12,70,23,1216,,,,punt,0,0,0,0
2023,16,CIN,PIT,16,4,15,17,-23,903,,base,,field_goal,0,0,0,0
2023,16,PIT,CIN,17,4,4,69,20,816,,,,punt,0,0,0,0
2023,16,PIT,CIN,19,4,1,12,20,420,,base,,field_goal,0,0,0,0
2023,16,CIN,PIT,20,4,17,55,-23,189,12,base,,punt,0,0,0,0
2023,16,PIT,CIN,21,4,6,92,23,74,,,,punt,0,0,0,0
2023,16,HOU,CLE,2,4,12,53,-7,3293,11,base,,punt,0,0,0,0
2023,16,CLE,HOU,3,4,10,77,7,3110,12,base,,punt,0,0,0,0
2023,16,HOU,CLE,4,4,9,65,-7,2987,11,base,,punt,0,0,0,0
2023,16,CLE,HOU,5,4,17,64,7,2810,,base,,punt,0,0,0,0
2023,16,HOU,CLE,6,4,4,52,-7,2623,11,base,,punt,0,0,0,0
2023,16,CLE,HOU,9,4,14,79,7,2431,12,base,,punt,0,0,0,0
2023,16,HOU,CLE,10,4,21,74,-7,2236,11,base,,punt,0,0,0,0
2023,16,HOU,CLE,12,4,7,65,-15,1928,11,base,,punt,0,0,0,0
2023,16,HOU,CLE,16,4,6,46,-15,1640,11,base,,punt,0,0,0,0
2023,16,CLE,HOU,17,4,8,30,15,1170,11,nickel,6,pass,13,1,0,0
2023,16,CLE,HOU,19,4,5,25,21,900,11,nickel,6,pass,7,1,0,0
2023,16,CLE,HOU,19,4,5,13,21,776,11,nickel,6,penalty,1,1,0,0
2023,16,HOU,CLE,20,4,2,60,-29,662,11,nickel,6,pass,0,0,0,0
2023,16,CLE,HOU,21,4,11,29,29,491,11,nickel,6,pass,-10,0,0,0
2023,16,HOU,CLE,23,4,10,53,-21,357,11,nickel,7,pass,14,1,0,0
2023,16,CLE,HOU,24,4,7,26,14,229,11,nickel,7,pass,13,1,0,0
2023,16,CLE,HOU,24,4,12,15,14,131,11,nickel,6,pass,-2,0,0,0
2023,16,HOU,CLE,25,4,5,48,-14,32,12,nickel,6,pass,0,0,0,0
2023,16,DAL,MIA,1,4,2,31,0,3262,11,nickel,8,pass,20,1,0,0
2023,16,MIA,DAL,2,4,13,39,0,2875,,base,,field_goal,0,0,0,0
2023,16,MIA,DAL,4,4,5,5,-4,2466,,dime,6,pass,0,0,0,0
2023,16,DAL,MIA,5,4,10,80,4,2254,heavy,base,,punt,0,0,0,0
2023,16,MIA,DAL,6,4,5,34,-4,2076,,base,,field_goal,0,0,0,0
2023,16,DAL,MIA,7,4,8,73,1,1954,heavy,base,,punt,0,0,0,0
2023,16,MIA,DAL,10,4,9,60,6,1673,,,,punt,0,0,0,0
2023,16,DAL,MIA,11,4,9,97,-6,1620,heavy,base,,punt,0,0,0,0
2023,16,MIA,DAL,12,4,3,36,6,1444,,base,,field_goal,0,0,0,0
2023,16,DAL,MIA,13,4,11,25,-9,1232,,base,,field_goal,0,0,0,0
2023,16,MIA,DAL,14,4,7,17,6,988,,base,,field_goal,0,0,0,0
2023,16,DAL,MIA,15,4,3,15,-9,755,,base,,field_goal,0,0,0,0
2023,16,MIA,DAL,16,4,17,82,6,677,,,,punt,0,0,0,0
2023,16,DAL,MIA,17,4,2,43,-6,505,11,nickel,7,pass,11,1,0,0
2023,16,DAL,MIA,17,4,4,4,-6,263,,nickel,6,penalty,3,1,0,0
2023,16,MIN,DET,4,4,2,40,0,2722,11,nickel,7,pass,0,0,0,1
2023,16,DET,MIN,5,4,4,74,0,2652,,nickel,,punt,0,0,0,0
2023,16,MIN,DET,6,4,12,72,0,2529,,base,,punt,0,0,0,0
2023,16,DET,MIN,7,4,6,18,0,2108,,base,,field_goal,0,0,0,0
2023,16,DET,MIN,13,4,1,34,-4,1408,11,nickel,11,run,18,1,0,0
2023,16,DET,MIN,13,4,1,7,-4,1261,11,nickel,11,run,2,1,0,0
2023,16,MIN,DET,14,4,2,67,-2,1088,,base,,punt,0,0,0,0
2023,16,DET,MIN,17,4,3,58,9,460,,,,punt,0,0,0,0
2023,16,MIN,DET,18,4,8,8,-9,322,,base,,field_goal,0,0,0,0
2023,16,DET,MIN,19,4,18,64,6,156,,nickel,,punt,0,0,0,0
2023,16,CAR,GB,1,4,8,83,0,3505,,base,,penalty,15,1,0,0
2023,16,CAR,GB,1,4,9,67,0,3398,,nickel,,punt,0,0,0,0
2023,16,CAR,GB,3,4,10,34,-7,3029,,,,field_goal,0,0,0,0
2023,16,GB,CAR,6,4,7,35,3,2276,,base,,field_goal,0,0,0,0
2023,16,CAR,GB,7,4,2,38,-6,2055,12,base,8,run,-2,0,0,0
2023,16,CAR,GB,9,4,1,68,-13,1829,,base,,punt,0,0,0,0
2023,16,GB,CAR,11,4,17,82,13,1723,11,nickel,,punt,0,0,0,0
2023,16,CAR,GB,12,4,1,38,-13,1420,11,nickel,9,run,2,1,0,0
2023,16,CAR,GB,14,4,9,62,-14,771,,base,,punt,0,0,0,0
2023,16,GB,CAR,15,4,9,88,14,706,11,nickel,,punt,0,0,0,0
2023,16,GB,CAR,17,4,5,70,8,355,11,nickel,,punt,0,0,0,0
2023,16,GB,CAR,19,4,11,14,0,22,,base,,field_goal,0,0,0,0
2023,16,IND,ATL,3,4,17,41,0,2837,,nickel,,punt,0,0,0,0
2023,16,ATL,IND,4,4,1,69,0,2700,,base,,punt,0,0,0,0
2023,16,IND,ATL,5,4,6,67,0,2534,,nickel,,punt,0,0,0,0
2023,16,ATL,IND,6,4,3,66,0,2417,,base,,punt,0,0,0,0
2023,16,IND,ATL,7,4,10,66,0,2385,,nickel,,punt,0,0,0,0
2023,16,ATL,IND,8,4,1,27,0,2165,12,base,7,run,2,1,0,0
2023,16,ATL,IND,8,4,4,4,0,2006,,base,,field_goal,0,0,0,0
2023,16,IND,ATL,9,4,12,77,-3,1920,,nickel,,punt,0,0,0,0
2023,16,IND,ATL,13,4,10,15,-13,1167,,base,,field_goal,0,0,0,0
2023,16,ATL,IND,14,4,9,23,10,850,,base,,field_goal,0,0,0,0
2023,16,IND,ATL,15,4,1,54,-13,737,11,nickel,6,pass,11,1,0,0
2023,16,IND,ATL,15,4,5,38,-13,610,11,dime,5,pass,0,0,0,0
2023,16,ATL,IND,16,4,3,55,13,521,,,,punt,0,0,0,0
2023,16,ATL,IND,18,4,7,17,13,349,,base,,field_goal,0,0,0,0
2023,16,IND,ATL,19,4,17,82,-16,295,11,dime,4,pass,0,0,0,0
2023,16,ATL,IND,20,4,7,7,16,120,,base,,field_goal,0,0,0,0
2023,16,TB,JAX,1,4,6,6,0,3145,,base,,field_goal,0,0,0,0
2023,16,TB,JAX,3,4,2,18,3,2700,11,nickel,6,run,4,1,0,0
2023,16,JAX,TB,4,4,18,34,-10,2185,,base,,field_goal,0,0,0,0
2023,16,TB,JAX,5,4,5,34,10,2090,11,nickel,6,penalty,15,1,0,0
2023,16,TB,JAX,5,4,4,13,10,1950,,base,,field_goal,0,0,0,0
2023,16,JAX,TB,8,4,11,81,-20,1824,,nickel,,punt,0,0,0,0
2023,16,JAX,TB,12,4,13,40,-27,1466,11,nickel,6,pass,0,0,0,0
2023,16,TB,JAX,13,4,10,33,27,1134,,base,,field_goal,0,0,0,0
2023,16,JAX,TB,14,4,1,51,-30,1069,11,nickel,6,run,2,1,0,0
2023,16,TB,JAX,15,4,6,71,24,822,12,base,,punt,0,0,0,0
2023,16,TB,JAX,17,4,2,26,24,698,11,nickel,5,pass,0,0,0,0
2023,16,JAX,TB,18,4,19,19,-24,503,,nickel,6,pass,0,0,0,0
2023,16,TB,JAX,19,4,16,87,24,355,12,base,,punt,0,0,0,0
2023,16,KC,LV,1,4,21,79,0,3473,11,base,,punt,0,0,0,0
2023,16,LV,KC,2,4,14,86,0,3391,21,base,,punt,0,0,0,0
2023,16,KC,LV,3,4,17,53,0,3313,11,,,punt,0,0,0,0
2023,16,LV,KC,4,4,4,6,0,2781,,base,,field_goal,0,0,0,0
2023,16,KC,LV,5,4,2,67,-3,2604,11,,,punt,0,0,0,0
2023,16,LV,KC,6,4,10,75,3,2582,21,nickel,,punt,0,0,0,0
2023,16,LV,KC,8,4,3,57,-4,2109,21,nickel,,punt,0,0,0,0
2023,16,KC,LV,11,4,5,52,-10,1963,11,,8,pass,11,1,0,0
2023,16,KC,LV,11,4,5,18,-10,1809,,,,field_goal,0,0,0,0
2023,16,LV,KC,13,4,7,52,10,1673,21,nickel,,punt,0,0,0,0
2023,16,KC,LV,14,4,1,70,-10,1426,11,nickel,8,run,7,1,0,0
2023,16,KC,LV,14,4,5,43,-10,1227,11,nickel,6,pass,0,0,0,0
2023,16,LV,KC,15,4,12,59,10,1135,21,nickel,,punt,0,0,0,0
2023,16,KC,LV,16,4,9,80,-10,1072,11,base,,punt,0,0,0,0
2023,16,LV,KC,17,4,10,17,10,927,,base,,field_goal,0,0,0,0
2023,16,KC,LV,18,4,7,7,-13,592,11,dime,6,pass,0,0,0,0
2023,16,LV,KC,19,4,4,75,13,374,21,nickel,,punt,0,0,0,0
2023,16,KC,LV,20,4,2,61,-13,287,12,nickel,7,run,3,1,0,0
2023,16,DEN,NE,2,4,2,2,0,3503,11,nickel,7,run,1,0,0,0
2023,16,NE,DEN,3,4,7,95,0,3416,,nickel,,punt,0,0,0,0
2023,16,DEN,NE,4,4,6,42,0,3324,,nickel,,punt,0,0,0,0
2023,16,NE,DEN,5,4,1,76,0,3198,,nickel,,punt,0,0,0,0
2023,16,NE,DEN,7,4,4,14,-7,2613,,base,,field_goal,0,0,0,0
2023,16,NE,DEN,9,4,2,53,-4,2368,,,,punt,0,0,0,0
2023,16,DEN,NE,10,4,22,75,4,2008,,dime,,punt,0,0,0,0
2023,16,NE,DEN,11,4,13,29,-4,1838,,base,,field_goal,0,0,0,0
2023,16,DEN,NE,13,4,10,69,4,1670,,dime,,punt,0,0,0,0
2023,16,DEN,NE,15,4,18,70,-2,1369,,dime,,punt,0,0,0,0
2023,16,NE,DEN,16,4,6,65,2,1277,,nickel,,punt,0,0,0,0
2023,16,DEN,NE,17,4,22,97,-2,1178,,dime,,punt,0,0,0,0
2023,16,DEN,NE,20,4,18,83,-16,900,,dime,,punt,0,0,0,0
2023,16,NE,DEN,21,4,6,58,16,799,,,,punt,0,0,0,0
2023,16,DEN,NE,22,4,1,61,-16,666,11,base,7,run,2,1,0,0
2023,16,NE,DEN,23,4,2,67,8,399,,nickel,,punt,0,0,0,0
2023,16,NE,DEN,25,4,16,81,0,110,,nickel,,punt,0,0,0,0
2023,16,DEN,NE,26,4,13,64,0,69,,dime,,punt,0,0,0,0
2023,16,NE,DEN,27,4,1,38,0,7,,base,,field_goal,0,0,0,0
2023,16,NO,LA,1,4,13,37,0,3331,,base,,punt,0,0,0,0
2023,16,LA,NO,2,4,2,2,0,2852,11,nickel,7,pass,2,1,1,0
2023,16,NO,LA,3,4,5,39,-7,2618,11,nickel,6,pass,-9,0,0,0
2023,16,LA,NO,4,4,2,2,7,2426,,,,field_goal,0,0,0,0
2023,16,NO,LA,5,4,20,71,-10,2311,,,,punt,0,0,0,0
2023,16,LA,NO,6,4,2,28,10,2037,,,,field_goal,0,0,0,0
2023,16,LA,NO,8,4,8,73,3,1908,11,base,,punt,0,0,0,0
2023,16,NO,LA,9,4,5,42,-3,1860,11,dime,5,pass,0,0,0,0
2023,16,LA,NO,12,4,2,3,10,1574,,,,field_goal,0,0,0,0
2023,16,NO,LA,15,4,7,34,-20,1068,,nickel,5,pass,3,0,0,0
2023,16,LA,NO,16,4,2,13,20,767,,,,field_goal,0,0,0,0
2023,16,LA,NO,18,4,16,73,16,280,11,base,,punt,0,0,0,0
2023,16,NYG,PHI,1,4,9,74,0,3515,11,base,,punt,0,0,0,0
2023,16,NYG,PHI,3,4,7,34,-7,3188,,base,,field_goal,0,0,0,0
2023,16,PHI,NYG,4,4,1,38,4,3001,12,nickel,10,run,3,1,0,0
2023,16,PHI,NYG,4,4,5,30,4,2881,11,base,5,pass,6,1,0,0
2023,16,PHI,NYG,4,4,10,10,4,2696,,nickel,,field_goal,0,0,0,0
2023,16,NYG,PHI,5,4,2,67,-7,2582,11,base,,punt,0,0,0,0
2023,16,NYG,PHI,7,4,10,63,-14,2412,11,base,,punt,0,0,0,0
2023,16,PHI,NYG,8,4,14,85,14,2317,,nickel,,punt,0,0,0,0
2023,16,NYG,PHI,9,4,1,54,-14,2246,11,nickel,8,run,10,1,0,0
2023,16,NYG,PHI,9,4,1,35,-14,2099,11,nickel,8,run,5,1,0,0
2023,16,NYG,PHI,9,4,1,21,-14,1970,11,nickel,9,run,-4,0,0,0
2023,16,PHI,NYG,13,4,5,70,10,1635,,nickel,,punt,0,0,0,0
2023,16,NYG,PHI,14,4,9,50,-10,1362,11,base,,punt,0,0,0,0
2023,16,NYG,PHI,17,4,1,42,-9,533,11,nickel,7,pass,0,0,0,0
2023,16,PHI,NYG,18,4,6,26,9,368,,nickel,,field_goal,0,0,0,0
2023,16,PHI,NYG,20,4,8,25,5,74,,nickel,,field_goal,0,0,0,0
2023,16,NYG,PHI,21,4,8,46,-8,26,12,dime,6,pass,20,1,0,0
2023,16,TEN,SEA,1,4,20,85,0,3486,,,,punt,0,0,0,0
2023,16,SEA,TEN,2,4,11,42,0,3248,,base,,punt,0,0,0,0
2023,16,TEN,SEA,3,4,4,42,0,2983,,,,punt,0,0,0,0
2023,16,SEA,TEN,4,4,11,95,0,2858,12,base,,punt,0,0,0,0
2023,16,SEA,TEN,6,4,4,10,-7,2452,,base,,field_goal,0,0,0,0
2023,16,TEN,SEA,7,4,8,15,4,2002,,,,field_goal,0,0,0,0
2023,16,SEA,TEN,8,4,19,48,-7,1854,,base,,punt,0,0,0,0
2023,16,SEA,TEN,10,4,8,9,-7,1497,,base,,field_goal,0,0,0,0
2023,16,TEN,SEA,11,4,8,42,4,1130,,,,punt,0,0,0,0
2023,16,TEN,SEA,13,4,1,27,-3,387,11,dime,7,run,2,1,0,0
2023,16,NYJ,WAS,2,4,7,7,0,3483,,,,field_goal,0,0,0,0
2023,16,WAS,NYJ,3,4,25,90,-3,3422,,base,,punt,0,0,0,0
2023,16,WAS,NYJ,5,4,8,89,-10,3328,,base,,punt,0,0,0,0
2023,16,WAS,NYJ,7,4,10,45,-17,3156,,base,,punt,0,0,0,0
2023,16,NYJ,WAS,8,4,1,34,17,2828,11,nickel,6,run,0,0,0,0
2023,16,WAS,NYJ,9,4,3,46,-17,2705,,base,,punt,0,0,0,0
2023,16,NYJ,WAS,10,4,22,79,17,2515,,,,punt,0,0,0,1
2023,16,NYJ,WAS,11,4,9,9,17,2353,,,,field_goal,0,0,0,0
2023,16,WAS,NYJ,12,4,7,61,-20,2218,,base,,punt,0,0,0,0
2023,16,NYJ,WAS,15,4,3,64,13,2117,,,,penalty,5,1,0,0
2023,16,WAS,NYJ,16,4,2,67,-20,1876,,base,,punt,0,0,0,0
2023,16,NYJ,WAS,18,4,6,58,20,1615,,,,punt,0,0,0,0
2023,16,WAS,NYJ,19,4,1,85,-20,1515,,base,,punt,0,0,0,0
2023,16,NYJ,WAS,20,4,3,54,20,1459,,,,punt,0,0,0,0
2023,16,NYJ,WAS,24,4,10,60,13,863,,,,punt,0,0,0,0
2023,16,WAS,NYJ,25,4,1,68,-13,725,11,nickel,6,run,6,1,0,0
2023,16,NYJ,WAS,26,4,10,64,6,483,,,,punt,0,0,0,0
2023,16,NYJ,WAS,28,4,1,66,-1,236,11,nickel,6,run,2,1,0,0
2023,16,NYJ,WAS,28,4,20,63,-1,136,,,,punt,0,0,0,0
2023,16,WAS,NYJ,29,4,8,73,1,110,,base,,punt,0,0,0,0
2023,16,NYJ,WAS,30,4,7,36,-1,10,,,,field_goal,0,0,0,0
2023,17,PHI,ARI,1,4,2,67,0,3489,,base,,punt,0,0,0,0
2023,17,ARI,PHI,2,4,10,10,0,3012,,base,,field_goal,0,0,0,0
2023,17,PHI,ARI,3,4,1,20,-3,2798,12,nickel,8,penalty,6,1,0,0
2023,17,ARI,PHI,5,4,1,22,-11,2043,12,base,7,run,3,1,0,0
2023,17,ARI,PHI,5,4,7,16,-11,1913,,base,,field_goal,0,0,0,0
2023,17,PHI,ARI,9,4,5,70,8,1336,,base,,punt,0,0,0,0
2023,17,PHI,ARI,11,4,1,16,0,740,12,base,8,run,1,1,0,0
2023,17,ARI,PHI,12,4,4,5,-7,330,11,dime,5,pass,5,1,1,0
2023,17,PHI,ARI,13,4,15,25,0,157,,,,field_goal,0,0,0,0
2023,17,ATL,CHI,1,4,9,31,0,3444,,base,,field_goal,0,0,0,0
2023,17,ATL,CHI,3,4,6,24,-7,2902,,base,,field_goal,0,0,0,0
2023,17,CHI,ATL,6,4,4,69,7,2564,11,nickel,,punt,0,0,0,0
2023,17,ATL,CHI,7,4,8,70,-7,2474,,nickel,,punt,0,0,0,0
2023,17,CHI,ATL,8,4,1,3,7,2094,11,base,11,run,1,1,0,0
2023,17,ATL,CHI,9,4,9,74,-14,1995,,base,,punt,0,0,0,0
2023,17,CHI,ATL,10,4,12,68,14,1912,11,nickel,,punt,0,0,0,0
2023,17,CHI,ATL,12,4,10,37,14,1804,,base,,field_goal,0,0,0,0
2023,17,CHI,ATL,13,4,4,4,14,1620,,base,,field_goal,0,0,0,0
2023,17,ATL,CHI,14,4,7,19,-17,1413,,base,,field_goal,0,0,0,0
2023,17,CHI,ATL,15,4,6,38,14,1162,11,dime,6,pass,0,0,0,0
2023,17,CHI,ATL,17,4,1,24,14,974,,base,,field_goal,0,0,0,0
2023,17,CHI,ATL,19,4,6,50,10,532,11,nickel,,punt,0,0,0,0
2023,17,ATL,CHI,20,4,10,80,-10,509,,base,,punt,0,0,0,0
2023,17,CHI,ATL,21,4,4,24,10,304,,base,,field_goal,0,0,0,0
2023,17,ATL,CHI,22,4,17,82,-13,247,12,nickel,4,pass,0,0,0,1
2023,17,CHI,ATL,25,4,18,75,20,68,11,nickel,,punt,0,0,0,0
2023,17,JAX,CAR,1,4,16,17,0,3220,,base,,field_goal,0,0,0,0
2023,17,CAR,JAX,2,4,3,38,-3,2966,11,nickel,5,pass,14,1,0,0
2023,17,CAR,JAX,2,4,7,21,-3,2835,11,nickel,6,pass,-10,0,0,0
2023,17,JAX,CAR,3,4,4,51,3,2695,,nickel,,punt,0,0,0,0
2023,17,CAR,JAX,4,4,18,86,-3,2594,,base,,punt,0,0,0,0
2023,17,JAX,CAR,5,4,1,39,3,2438,11,nickel,6,pass,4,1,0,0
2023,17,JAX,CAR,5,4,5,8,3,2242,,base,,field_goal,0,0,0,0
2023,17,CAR,JAX,6,4,23,88,-6,2083,,base,,punt,0,0,0,0
2023,17,JAX,CAR,7,4,6,6,6,1968,,base,,field_goal,0,0,0,0
2023,17,CAR,JAX,8,4,10,75,-9,1916,,base,,punt,0,0,0,0
2023,17,JAX,CAR,9,4,13,76,9,1860,,nickel,,punt,0,0,0,0
2023,17,CAR,JAX,10,4,4,52,-9,1829,,base,,punt,0,0,0,0
2023,17,CAR,JAX,12,4,3,68,-9,1681,,base,,punt,0,0,0,0
2023,17,CAR,JAX,14,4,2,67,-16,1536,,base,,punt,0,0,0,0
2023,17,JAX,CAR,15,4,5,16,16,1084,,base,,field_goal,0,0,0,0
2023,17,CAR,JAX,16,4,2,55,-19,863,11,nickel,7,pass,7,1,0,0
2023,17,CAR,JAX,16,4,12,50,-19,693,11,nickel,6,pass,18,1,0,0
2023,17,CAR,JAX,16,4,7,29,-19,600,11,nickel,6,pass,0,0,0,0
2023,17,JAX,CAR,17,4,3,63,19,455,,nickel,,punt,0,0,0,0
2023,17,CAR,JAX,18,4,5,85,-19,388,11,nickel,7,pass,0,0,0,0
2023,17,CIN,KC,1,4,6,16,0,3086,,base,,field_goal,0,0,0,0
2023,17,KC,CIN,6,4,7,36,-10,2029,,base,,field_goal,0,0,0,0
2023,17,CIN,KC,7,4,11,76,7,1931,21,nickel,,punt,0,0,0,0
2023,17,KC,CIN,8,4,3,24,-7,1839,,base,,field_goal,0,0,0,0
2023,17,KC,CIN,10,4,8,73,-4,1727,11,,,punt,0,0,0,0
2023,17,CIN,KC,11,4,1,6,4,1367,12,,8,run,-3,0,0,0
2023,17,KC,CIN,12,4,4,9,-4,1174,,base,,field_goal,0,0,0,0
2023,17,CIN,KC,13,4,4,50,1,1069,21,nickel,,punt,0,0,0,0
2023,17,KC,CIN,14,4,5,6,-1,852,,base,,field_goal,0,0,0,0
2023,17,CIN,KC,15,4,8,73,-2,799,21,nickel,,punt,0,0,0,0
2023,17,KC,CIN,16,4,1,36,2,549,11,base,8,run,2,1,0,0
2023,17,KC,CIN,16,4,6,30,2,382,,base,,field_goal,0,0,0,0
2023,17,CIN,KC,17,4,24,89,-5,290,21,nickel,,punt,0,0,0,0
2023,17,KC,CIN,18,4,1,28,5,183,,base,,field_goal,0,0,0,0
2023,17,CIN,KC,19,4,18,68,-8,111,11,dime,5,pass,23,1,0,0
2023,17,CIN,KC,19,4,27,62,-8,74,,dime,5,pass,0,0,0,0
2023,17,DET,DAL,1,4,10,23,0,3350,,base,,field_goal,0,0,0,0
2023,17,DET,DAL,3,4,15,47,3,2975,11,,,punt,0,0,0,0
2023,17,DET,DAL,5,4,5,70,-4,2777,11,,,punt,0,0,0,0
2023,17,DAL,DET,6,4,15,85,4,2700,12,base,,punt,0,0,0,0
2023,17,DET,DAL,9,4,2,72,-4,2401,11,,,pass,31,1,0,0
2023,17,DET,DAL,9,4,4,4,-4,2145,11,dime,7,pass,0,0,0,0
2023,17,DAL,DET,10,4,13,64,4,1913,12,base,,punt,0,0,0,0
2023,17,DET,DAL,11,4,5,55,-4,1844,11,base,,punt,0,0,0,0
2023,17,DAL,DET,13,4,12,66,4,1630,12,base,,punt,0,0,0,0
2023,17,DET,DAL,14,4,2,41,-4,1441,11,dime,6,pass,4,1,0,0
2023,17,DAL,DET,15,4,8,33,-3,927,,base,,field_goal,0,0,0,0
2023,17,DET,DAL,16,4,8,12,0,741,,base,,field_goal,0,0,0,0
2023,17,DET,DAL,18,4,5,70,-4,359,11,base,,punt,0,0,0,0
2023,17,DAL,DET,19,4,13,50,4,159,12,base,,punt,0,0,0,0
2023,17,DAL,DET,21,4,6,25,4,105,,base,,field_goal,0,0,0,0
2023,17,GB,MIN,1,4,7,77,0,3548,11,nickel,,punt,0,0,0,0
2023,17,MIN,GB,2,4,1,68,0,3464,,,,punt,0,0,0,0
2023,17,GB,MIN,3,4,8,16,0,3107,,base,,field_goal,0,0,0,0
2023,17,MIN,GB,6,4,4,56,-10,2854,12,,,punt,0,0,0,0
2023,17,GB,MIN,7,4,1,24,10,2604,12,base,9,pass,0,0,0,0
2023,17,MIN,GB,8,4,7,36,-10,2370,,,,field_goal,0,0,0,0
2023,17,MIN,GB,10,4,16,64,-14,1914,,,,punt,0,0,0,0
2023,17,GB,MIN,11,4,1,79,14,1847,12,,,punt,0,0,0,0
2023,17,MIN,GB,15,4,4,9,-20,1434,11,dime,7,pass,0,0,0,0
2023,17,MIN,GB,17,4,2,75,-27,900,12,,,punt,0,0,0,1
2023,17,GB,MIN,19,4,9,18,20,375,,base,,field_goal,0,0,0,0
2023,17,MIN,GB,20,4,4,10,-23,183,11,nickel,6,pass,0,0,0,0
2023,17,LAC,DEN,1,4,2,67,0,3538,,,,punt,0,0,0,0
2023,17,DEN,LAC,2,4,10,66,0,3393,,base,,punt,0,0,0,0
2023,17,LAC,DEN,3,4,6,81,0,3297,,nickel,,punt,0,0,0,0
2023,17,DEN,LAC,4,4,7,13,0,2938,,,,field_goal,0,0,0,0
2023,17,LAC,DEN,5,4,5,49,-3,2844,,,,punt,0,0,0,0
2023,17,DEN,LAC,6,4,29,84,3,2604,11,base,,punt,0,0,0,0
2023,17,LAC,DEN,7,4,8,18,-3,2386,,,,field_goal,0,0,0,0
2023,17,LAC,DEN,9,4,1,56,-7,1975,,,8,run,0,0,0,0
2023,17,DEN,LAC,10,4,4,25,7,1917,,,,field_goal,0,0,0,0
2023,17,LAC,DEN,11,4,14,52,-10,1831,,base,,punt,0,0,0,0
2023,17,DEN,LAC,13,4,5,55,10,1558,11,base,,punt,0,0,0,0
2023,17,LAC,DEN,14,4,2,32,-10,1284,,,,field_goal,0,0,0,0
2023,17,DEN,LAC,15,4,1,66,7,1166,12,base,6,run,1,1,0,0
2023,17,DEN,LAC,15,4,11,54,7,1010,11,base,,punt,0,0,0,0
2023,17,DEN,LAC,17,4,1,29,7,772,12,base,7,penalty,28,1,0,0
2023,17,DEN,LAC,17,4,2,2,7,682,,,,field_goal,0,0,0,0
2023,17,LAC,DEN,18,4,5,54,-10,611,11,nickel,7,pass,5,1,0,0
2023,17,LAC,DEN,18,4,5,32,-10,383,,,,field_goal,0,0,0,0
2023,17,DEN,LAC,19,4,9,49,10,186,11,base,,punt,0,0,0,0
2023,17,LA,NYG,1,4,3,21,0,3223,11,nickel,5,pass,0,0,0,0
2023,17,NYG,LA,2,4,6,75,0,3161,11,,,punt,0,0,0,0
2023,17,LA,NYG,5,4,8,58,0,2457,11,base,,punt,0,0,0,0
2023,17,NYG,LA,6,4,7,77,0,2333,11,,,punt,0,0,0,0
2023,17,NYG,LA,8,4,1,53,0,2105,21,nickel,7,run,0,0,0,0
2023,17,NYG,LA,12,4,14,27,-7,1804,,base,,penalty,14,1,0,0
2023,17,NYG,LA,13,4,10,51,-4,1603,11,base,,punt,0,0,0,0
2023,17,NYG,LA,15,4,9,60,-10,1372,11,,,punt,0,0,0,0
2023,17,LA,NYG,16,4,13,82,10,1303,11,base,,punt,0,0,0,0
2023,17,NYG,LA,19,4,1,25,-4,943,11,nickel,6,run,2,1,0,0
2023,17,NYG,LA,19,4,13,13,-4,808,,base,,field_goal,0,0,0,0
2023,17,NYG,LA,21,4,1,33,-7,523,11,nickel,5,pass,-1,0,0,0
2023,17,LA,NYG,22,4,6,62,7,470,11,base,,punt,0,0,0,0
2023,17,NYG,LA,23,4,11,73,-7,296,11,,,punt,0,0,0,0
2023,17,LA,NYG,24,4,17,64,7,229,11,base,,punt,0,0,1,0
2023,17,LA,NYG,25,4,19,84,1,77,11,base,,punt,0,0,0,0
2023,17,NYG,LA,26,4,12,36,-1,35,,base,,field_goal,0,0,0,0
2023,17,LV,IND,2,4,9,21,-7,3061,,base,,field_goal,0,0,0,0
2023,17,IND,LV,3,4,19,84,4,3003,,,,punt,0,0,0,0
2023,17,LV,IND,4,4,5,62,-4,2931,,,,punt,0,0,0,0
2023,17,IND,LV,5,4,1,85,4,2834,,base,,punt,0,0,0,0
2023,17,LV,IND,6,4,5,42,-4,2702,,base,,punt,0,0,0,0
2023,17,IND,LV,7,4,11,74,4,2488,,base,,punt,0,0,0,0
2023,17,LV,IND,8,4,6,48,-4,2232,,base,,punt,0,0,0,0
2023,17,LV,IND,10,4,8,42,-11,1862,,,,punt,0,0,0,0
2023,17,LV,IND,12,4,7,51,-11,1603,,base,,penalty,15,1,0,0
2023,17,IND,LV,13,4,2,40,4,1122,11,nickel,7,pass,20,1,0,0
2023,17,IND,LV,13,4,9,19,4,981,,,,field_goal,0,0,0,0
2023,17,LV,IND,14,4,4,45,-7,803,,base,,punt,0,0,0,0
2023,17,IND,LV,15,4,3,15,7,457,,,,field_goal,0,0,0,0
2023,17,LV,IND,16,4,10,62,-10,414,11,base,4,pass,16,1,0,0
2023,17,LV,IND,16,4,6,15,-10,279,,base,,field_goal,0,0,0,0
2023,17,IND,LV,17,4,1,27,7,195,,,,field_goal,0,0,0,0
2023,17,LV,IND,18,4,1,1,-10,46,11,base,7,pass,1,1,1,0
2023,17,MIA,BAL,3,4,6,8,0,2922,,base,,field_goal,0,0,0,0
2023,17,BAL,MIA,4,4,7,58,-3,2726,,base,,punt,0,0,0,0
2023,17,MIA,BAL,5,4,11,59,3,2573,,,,punt,0,0,0,0
2023,17,MIA,BAL,7,4,5,45,-4,2081,11,nickel,7,pass,25,1,0,0
2023,17,MIA,BAL,7,4,10,20,-4,1994,,base,,field_goal,0,0,0,0
2023,17,BAL,MIA,10,4,7,35,8,1892,11,dime,6,pass,35,1,1,0
2023,17,MIA,BAL,11,4,11,62,-15,1810,,,,punt,0,0,0,0
2023,17,MIA,BAL,14,4,11,65,-22,1545,,,,punt,0,0,0,0
2023,17,BAL,MIA,17,4,7,60,22,1248,,base,,punt,0,0,0,0
2023,17,MIA,BAL,18,4,4,23,-22,905,11,nickel,6,pass,6,1,0,0
2023,17,MIA,BAL,20,4,13,77,-23,482,11,nickel,5,run,9,0,0,0
2023,17,MIA,BAL,24,4,5,70,-37,18,11,nickel,7,run,3,0,0,0
2023,17,BUF,NE,2,4,6,71,-7,3494,,dime,,punt,0,0,0,0
2023,17,BUF,NE,4,4,6,17,-7,3430,,base,,field_goal,0,0,0,0
2023,17,NE,BUF,5,4,5,73,4,3332,,base,,punt,0,0,0,0
2023,17,BUF,NE,6,4,10,62,-4,3231,,dime,,punt,0,0,0,0
2023,17,BUF,NE,10,4,6,6,3,2839,,base,,field_goal,0,0,0,0
2023,17,NE,BUF,11,4,17,82,-6,2761,,base,,punt,0,0,0,0
2023,17,BUF,NE,12,4,6,46,6,2713,,nickel,,punt,0,0,0,0
2023,17,NE,BUF,16,4,7,29,-6,1914,,base,,field_goal,0,0,0,0
2023,17,BUF,NE,17,4,2,55,6,1876,,nickel,,punt,0,0,0,0
2023,17,NE,BUF,20,4,14,39,-13,1089,,,,punt,0,0,0,0
2023,17,BUF,NE,21,4,1,63,13,858,,nickel,,punt,0,0,0,0
2023,17,BUF,NE,23,4,6,56,6,412,,nickel,,punt,0,0,0,0
2023,17,NE,BUF,24,4,2,89,-6,312,,base,,punt,0,0,0,0
2023,17,TB,NO,2,4,2,67,-7,2999,11,base,,punt,0,0,0,0
2023,17,NO,TB,3,4,1,59,7,2869,,base,,punt,0,0,0,0
2023,17,NO,TB,5,4,15,58,7,2252,,nickel,,punt,0,0,0,0
2023,17,TB,NO,6,4,13,84,-7,2150,11,base,,punt,0,0,0,0
2023,17,TB,NO,8,4,17,82,-14,1899,11,nickel,,punt,0,0,0,0
2023,17,NO,TB,9,4,6,27,14,1814,,base,,field_goal,0,0,0,0
2023,17,TB,NO,11,4,6,71,-17,1747,11,nickel,,punt,0,0,0,0
2023,17,NO,TB,12,4,5,61,17,1628,,nickel,,punt,0,0,0,0
2023,17,NO,TB,14,4,6,10,17,1169,,base,,field_goal,0,0,0,0
2023,17,TB,NO,15,4,9,55,-20,994,11,nickel,,punt,0,0,0,0
2023,17,NO,TB,16,4,6,63,20,786,,nickel,,punt,0,0,0,0
2023,17,NO,TB,18,4,8,52,20,638,,nickel,,punt,0,0,0,0
2023,17,TB,NO,19,4,6,38,-20,500,11,dime,6,pass,16,1,0,0
2023,17,NO,TB,20,4,6,20,13,231,,base,,field_goal,0,0,0,0
2023,17,NO,TB,22,4,8,85,16,124,,nickel,,punt,0,0,0,0
2023,17,CLE,NYJ,5,4,4,6,6,2908,12,nickel,6,pass,0,0,0,0
2023,17,NYJ,CLE,7,4,5,57,-13,2708,,base,,punt,0,0,0,0
2023,17,NYJ,CLE,9,4,5,60,-13,2513,,base,,punt,0,0,0,0
2023,17,NYJ,CLE,11,4,2,67,-20,2085,,base,,punt,0,0,0,0
2023,17,NYJ,CLE,15,4,13,13,-17,1471,,,,field_goal,0,0,0,0
2023,17,CLE,NYJ,16,4,3,77,17,1381,11,base,,punt,0,0,0,0
2023,17,NYJ,CLE,17,4,10,44,-17,1033,,base,,punt,0,0,0,0
2023,17,CLE,NYJ,18,4,7,82,17,917,11,base,,punt,0,0,0,0
2023,17,NYJ,CLE,19,4,11,44,-17,815,,base,,punt,0,0,0,0
2023,17,NYJ,CLE,21,4,1,26,-17,656,11,nickel,9,penalty,6,1,0,0
2023,17,NYJ,CLE,21,4,16,26,-17,534,,,,field_goal,0,0,0,0
2023,17,CLE,NYJ,22,4,4,69,14,443,11,base,,punt,0,0,0,0
2023,17,NYJ,CLE,23,4,6,73,-14,337,11,nickel,4,run,5,0,0,0
2023,17,CLE,NYJ,24,4,4,14,14,178,,base,,field_goal,0,0,0,0
2023,17,NYJ,CLE,25,4,1,32,-17,8,11,nickel,4,pass,20,1,0,0
2023,17,PIT,SEA,1,4,5,41,0,3390,11,dime,6,pass,0,0,0,0
2023,17,SEA,PIT,2,4,1,50,0,3292,11,,,punt,0,0,0,0
2023,17,PIT,SEA,3,4,1,45,0,3083,heavy,base,8,run,1,1,0,0
2023,17,PIT,SEA,5,4,16,21,0,2430,,,,field_goal,0,0,0,0
2023,17,SEA,PIT,8,4,1,66,-3,1845,11,base,,punt,0,0,0,0
2023,17,SEA,PIT,10,4,4,24,-3,1551,,base,,field_goal,0,0,0,0
2023,17,SEA,PIT,12,4,4,58,-7,1185,11,,,punt,0,0,0,0
2023,17,PIT,SEA,13,4,3,60,7,977,,,,punt,0,0,0,0
2023,17,SEA,PIT,14,4,5,24,-7,814,,base,,field_goal,0,0,0,0
2023,17,PIT,SEA,15,4,1,13,4,589,heavy,base,8,run,2,1,0,0
2023,17,PIT,SEA,15,4,7,8,4,430,,,,field_goal,0,0,0,0
2023,17,PIT,SEA,17,4,3,3,7,273,,,,field_goal,0,0,0,0
2023,17,SEA,PIT,18,4,5,5,-10,125,,base,,field_goal,0,0,0,0
2023,17,SF,WAS,1,4,11,20,0,3190,,,,field_goal,0,0,0,0
2023,17,WAS,SF,2,4,8,73,-3,3141,21,base,,punt,0,0,0,0
2023,17,WAS,SF,4,4,9,29,-10,2530,11,base,,field_goal,0,0,0,0
2023,17,SF,WAS,5,4,5,52,7,2398,12,,,punt,0,0,0,0
2023,17,SF,WAS,7,4,4,4,0,1822,,,,field_goal,0,0,0,0
2023,17,WAS,SF,9,4,7,72,-3,1690,21,base,,punt,0,0,0,0
2023,17,SF,WAS,14,4,1,1,17,241,heavy,,10,run,-1,0,0,0
2023,17,WAS,SF,15,4,7,95,-17,144,21,base,,punt,0,0,0,0
2023,17,SF,WAS,16,4,13,56,17,109,12,,,punt,0,0,0,0
2023,17,WAS,SF,17,4,8,80,-17,63,11,nickel,6,pass,6,0,0,0
2023,17,TEN,HOU,1,4,6,71,0,3552,,nickel,,punt,0,0,0,0
2023,17,HOU,TEN,2,4,10,10,0,3140,,base,,field_goal,0,0,0,0
2023,17,TEN,HOU,3,4,1,55,-3,2961,11,nickel,7,pass,12,1,0,0
2023,17,TEN,HOU,3,4,15,48,-3,2867,,base,,punt,0,0,0,0
2023,17,HOU,TEN,4,4,5,89,3,2779,12,base,,penalty,5,1,0,0
2023,17,TEN,HOU,6,4,6,71,-17,2246,,nickel,,punt,0,0,0,0
2023,17,HOU,TEN,7,4,6,20,17,2061,,base,,field_goal,0,0,0,0
2023,17,TEN,HOU,8,4,4,69,-20,1934,,nickel,,punt,0,0,0,0
2023,17,HOU,TEN,9,4,4,63,20,1882,12,nickel,,punt,0,0,0,0
2023,17,TEN,HOU,10,4,9,35,-20,1801,,base,,field_goal,0,0,0,0
2023,17,HOU,TEN,11,4,6,9,17,1479,,base,,field_goal,0,0,0,0
2023,17,TEN,HOU,12,4,2,44,-20,1282,11,nickel,6,pass,7,1,0,0
2023,17,TEN,HOU,12,4,3,3,-20,961,11,nickel,6,pass,0,0,0,0
2023,17,HOU,TEN,13,4,14,59,20,627,12,base,,punt,0,0,0,0
2023,17,TEN,HOU,14,4,1,58,-20,460,11,nickel,6,pass,-7,0,0,0
2023,17,HOU,TEN,15,4,8,33,20,337,,base,,field_goal,0,0,0,0
2023,17,TEN,HOU,16,4,9,74,-23,245,,nickel,,punt,0,0,0,0
2023,17,HOU,TEN,17,4,5,85,23,120,12,base,,punt,0,0,0,0
2023,18,NO,ATL,1,4,11,65,0,3448,,nickel,,punt,0,0,0,0
2023,18,NO,ATL,5,4,2,26,-7,2617,11,nickel,7,pass,12,1,0,0
2023,18,ATL,NO,6,4,5,70,0,2329,11,base,,punt,0,0,0,0
2023,18,NO,ATL,7,4,5,47,0,2081,,nickel,,punt,0,0,0,0
2023,18,ATL,NO,8,4,6,89,0,1954,11,nickel,,punt,0,0,0,0
2023,18,NO,ATL,9,4,5,6,0,1858,,base,,field_goal,0,0,0,0
2023,18,ATL,NO,13,4,1,66,-7,1603,11,base,,punt,0,0,0,0
2023,18,ATL,NO,15,4,2,2,-14,977,21,nickel,7,pass,0,0,0,0
2023,18,NO,ATL,16,4,3,6,14,600,,base,,field_goal,0,0,0,0
2023,18,ATL,NO,19,4,6,71,-24,493,11,base,,punt,0,0,0,0
2023,18,NO,ATL,20,4,10,81,24,399,,nickel,,punt,0,0,0,0
2023,18,ATL,NO,21,4,15,73,-24,285,11,nickel,,punt,0,0,0,0
2023,18,NO,ATL,22,4,23,82,24,137,,nickel,,punt,0,0,0,0
2023,18,MIA,BUF,3,4,8,46,0,2855,,base,,punt,0,0,0,0
2023,18,BUF,MIA,4,4,2,35,0,2722,11,nickel,6,pass,0,0,0,1
2023,18,BUF,MIA,9,4,13,56,-7,1502,,base,,punt,0,0,0,0
2023,18,MIA,BUF,10,4,1,76,7,1373,,nickel,,punt,0,0,0,0
2023,18,MIA,BUF,12,4,14,62,7,842,,base,,punt,0,0,1,0
2023,18,MIA,BUF,13,4,9,74,0,737,,base,,punt,0,0,0,0
2023,18,MIA,BUF,15,4,7,72,-7,382,,base,,punt,0,0,0,0
2023,18,BUF,MIA,16,4,1,65,7,245,11,,10,run,2,1,0,0
2023,18,BUF,MIA,16,4,1,37,7,120,11,,11,run,0,0,0,0
2023,18,CHI,GB,1,4,16,32,0,3239,,,,field_goal,0,0,0,0
2023,18,GB,CHI,2,4,14,23,-3,2859,,base,,field_goal,0,0,0,0
2023,18,CHI,GB,3,4,14,50,3,2649,11,,,punt,0,0,0,0
2023,18,CHI,GB,5,4,1,57,-4,2146,11,nickel,7,run,1,1,0,0
2023,18,CHI,GB,5,4,14,21,-4,1880,,,,field_goal,0,0,0,0
2023,18,CHI,GB,8,4,10,51,-8,1204,11,,,punt,0,0,0,0
2023,18,CHI,GB,10,4,10,17,-8,787,,,,field_goal,0,0,0,0
2023,18,GB,CHI,11,4,4,7,5,657,,base,,field_goal,0,0,0,0
2023,18,CHI,GB,12,4,5,43,-8,476,11,nickel,,penalty,5,1,0,0
2023,18,CHI,GB,12,4,22,50,-8,375,11,,,punt,0,0,0,0
2023,18,CLE,CIN,3,4,17,83,0,3321,,,,punt,0,0,0,0
2023,18,CLE,CIN,5,4,9,74,-7,2939,,,,punt,0,0,0,0
2023,18,CLE,CIN,7,4,10,75,-14,2695,,,,punt,0,0,0,0
2023,18,CLE,CIN,9,4,8,55,-21,2218,,,,punt,0,0,0,0
2023,18,CIN,CLE,10,4,4,76,21,2040,21,nickel,,punt,0,0,0,0
2023,18,CIN,CLE,12,4,3,27,21,1920,,base,,field_goal,0,0,0,0
2023,18,CIN,CLE,14,4,23,90,24,1712,21,nickel,,punt,0,0,0,0
2023,18,CLE,CIN,15,4,4,48,-24,1612,,,,punt,0,0,0,0
2023,18,CIN,CLE,16,4,4,40,24,1361,11,nickel,,penalty,5,1,0,0
2023,18,CLE,CIN,17,4,4,58,-31,1007,,,,punt,0,0,0,0
2023,18,CIN,CLE,18,4,5,78,31,926,21,nickel,,punt,0,0,0,0
2023,18,CLE,CIN,19,4,14,46,-31,779,,,,punt,0,0,0,0
2023,18,CIN,CLE,20,4,14,93,31,660,21,nickel,,punt,0,0,0,0
2023,18,CLE,CIN,21,4,4,31,-31,531,12,nickel,6,pass,31,1,1,0
2023,18,CIN,CLE,22,4,1,72,24,399,21,nickel,,punt,0,0,0,0
2023,18,CIN,CLE,24,4,9,74,17,36,12,nickel,,punt,0,0,0,0
2023,18,WAS,DAL,1,4,1,51,0,3473,11,dime,7,pass,11,1,0,0
2023,18,WAS,DAL,1,4,1,31,0,3319,11,dime,7,pass,-2,0,0,0
2023,18,DAL,WAS,4,4,2,23,7,3013,11,nickel,7,pass,8,1,0,0
2023,18,DAL,WAS,4,4,9,14,7,2913,,,,field_goal,0,0,0,0
2023,18,WAS,DAL,5,4,1,1,-7,2700,11,dime,7,pass,1,1,1,0
2023,18,WAS,DAL,7,4,1,46,0,2411,21,dime,8,run,2,1,0,0
2023,18,WAS,DAL,7,4,2,17,0,2227,11,base,,field_goal,0,0,0,0
2023,18,WAS,DAL,13,4,12,74,-18,1265,,,,punt,0,0,0,0
2023,18,DAL,WAS,16,4,7,18,25,540,,,,field_goal,0,0,0,0
2023,18,WAS,DAL,17,4,24,78,-25,322,,,,punt,0,0,0,0
2023,18,DAL,WAS,18,4,9,32,25,71,,,,field_goal,0,0,0,0
2023,18,DEN,LV,1,4,11,69,0,3540,11,base,,punt,0,0,0,0
2023,18,LV,DEN,2,4,8,77,0,3445,,base,,punt,0,0,0,0
2023,18,DEN,LV,3,4,9,77,0,3298,11,base,,punt,0,0,0,0
2023,18,LV,DEN,6,4,6,31,0,2234,,,,field_goal,0,0,0,0
2023,18,DEN,LV,7,4,19,73,-3,2005,11,base,,punt,0,0,0,0
2023,18,LV,DEN,8,4,8,77,3,1951,,base,,punt,0,0,0,0
2023,18,DEN,LV,9,4,15,66,-3,1915,11,base,,punt,0,0,0,0
2023,18,LV,DEN,12,4,7,73,10,1743,,base,,punt,0,0,0,0
2023,18,DEN,LV,13,4,16,55,-10,1504,11,base,,punt,0,0,0,0
2023,18,LV,DEN,14,4,6,76,10,1416,,base,,punt,0,0,0,0
2023,18,DEN,LV,15,4,3,36,-10,1110,,nickel,6,pass,0,0,0,0
2023,18,DEN,LV,17,4,2,2,-17,613,12,,8,run,2,1,1,0
2023,18,LV,DEN,18,4,3,3,10,143,,,,field_goal,0,0,0,0
2023,18,DEN,LV,19,4,10,75,-13,120,11,nickel,6,pass,21,1,0,0
2023,18,IND,HOU,1,4,9,19,0,3259,,base,,field_goal,0,0,0,0
2023,18,IND,HOU,3,4,8,75,-4,3150,,nickel,,punt,0,0,0,0
2023,18,HOU,IND,4,4,3,58,4,2918,11,base,,punt,0,0,0,0
2023,18,IND,HOU,5,4,10,72,-4,2860,,nickel,,punt,0,0,0,0
2023,18,HOU,IND,6,4,3,46,4,2700,11,base,,punt,0,0,0,0
2023,18,IND,HOU,7,4,3,78,-4,2485,,dime,,punt,0,0,0,0
2023,18,HOU,IND,8,4,6,55,4,2278,11,base,,punt,0,0,0,0
2023,18,IND,HOU,9,4,2,81,-4,2192,,nickel,,punt,0,0,0,0
2023,18,IND,HOU,11,4,5,34,-11,1840,,base,,field_goal,0,0,0,0
2023,18,HOU,IND,12,4,12,77,8,1818,11,base,,punt,0,0,0,0
2023,18,HOU,IND,14,4,15,57,8,1616,11,base,,punt,0,0,0,0
2023,18,HOU,IND,16,4,8,73,0,1448,11,base,,punt,0,0,0,0
2023,18,IND,HOU,17,4,9,39,0,1242,,base,,field_goal,0,0,0,0
2023,18,HOU,IND,18,4,2,33,0,1124,,base,,field_goal,0,0,0,0
2023,18,IND,HOU,19,4,3,16,-3,817,,base,,field_goal,0,0,0,0
2023,18,IND,HOU,21,4,1,15,-6,66,11,nickel,7,pass,0,0,0,0
2023,18,HOU,IND,22,4,2,77,6,8,11,base,11,run,-23,0,0,0
2023,18,JAX,TEN,1,4,5,26,0,3290,,base,,field_goal,0,0,0,0
2023,18,JAX,TEN,3,4,7,69,-4,2942,,nickel,,punt,0,0,0,0
2023,18,TEN,JAX,4,4,13,61,4,2821,,base,,punt,0,0,0,0
2023,18,TEN,JAX,10,4,14,56,11,1829,,base,,run,0,0,0,0
2023,18,JAX,TEN,13,4,7,33,-15,1334,11,dime,6,pass,4,0,0,0
2023,18,TEN,JAX,14,4,7,68,15,1220,,base,,punt,0,0,0,0
2023,18,JAX,TEN,17,4,1,1,-8,434,heavy,,10,run,0,0,0,0
2023,18,TEN,JAX,18,4,17,70,8,150,,base,,punt,0,0,0,0
2023,18,JAX,TEN,19,4,2,67,-8,110,11,dime,6,pass,0,0,0,0
2023,18,KC,LAC,1,4,4,69,0,3552,11,base,,punt,0,0,0,0
2023,18,LAC,KC,2,4,1,53,0,3370,heavy,base,7,run,2,1,0,0
2023,18,LAC,KC,3,4,3,54,-7,2889,,,,punt,0,0,0,0
2023,18,KC,LAC,4,4,17,61,7,2735,11,base,,punt,0,0,0,0
2023,18,LAC,KC,5,4,4,74,-7,2656,,nickel,,punt,0,0,0,0
2023,18,KC,LAC,6,4,6,55,7,2439,11,base,,punt,0,0,0,0
2023,18,LAC,KC,7,4,9,79,-7,2385,,nickel,,punt,0,0,0,0
2023,18,KC,LAC,8,4,5,50,7,2217,11,base,9,run,9,1,0,0
2023,18,KC,LAC,8,4,4,4,7,2047,,,,field_goal,0,0,0,0
2023,18,LAC,KC,9,4,2,31,-10,1968,,base,,field_goal,0,0,0,0
2023,18,LAC,KC,12,4,12,57,-4,1699,,nickel,,punt,0,0,0,0
2023,18,KC,LAC,13,4,4,49,4,1517,11,base,,punt,0,0,0,0
2023,18,LAC,KC,14,4,17,25,-4,1155,,base,,field_goal,0,0,0,0
2023,18,KC,LAC,15,4,3,45,1,915,11,base,,punt,0,0,0,0
2023,18,LAC,KC,16,4,7,55,-1,820,,nickel,,punt,0,0,0,0
2023,18,KC,LAC,17,4,2,57,1,662,11,base,,punt,0,0,0,0
2023,18,LAC,KC,18,4,6,38,-1,472,11,nickel,6,pass,11,1,0,0
2023,18,LAC,KC,18,4,2,2,-1,249,,base,,field_goal,0,0,0,0
2023,18,KC,LAC,19,4,1,24,-2,54,,,,field_goal,0,0,0,0
2023,18,LAC,KC,20,4,2,67,-1,19,12,nickel,6,pass,0,0,0,0
2023,18,LA,SF,2,4,2,34,-7,2905,11,nickel,6,pass,10,1,0,0
2023,18,SF,LA,3,4,1,28,0,2443,12,base,8,run,3,1,0,0
2023,18,SF,LA,5,4,8,20,7,2062,,base,,field_goal,0,0,0,0
2023,18,LA,SF,6,4,4,54,-7,1908,,,,punt,0,0,0,0
2023,18,SF,LA,10,4,14,66,7,970,12,,,punt,0,0,0,0
2023,18,LA,SF,11,4,1,43,-7,734,11,nickel,6,run,2,1,0,0
2023,18,LA,SF,11,4,4,35,-7,602,11,nickel,8,pass,-7,0,0,0
2023,18,SF,LA,12,4,4,52,7,476,,base,,punt,0,0,0,0
2023,18,LA,SF,13,4,2,15,-7,340,11,nickel,6,pass,3,1,0,0
2023,18,SF,LA,14,4,17,82,-1,240,heavy,,,punt,0,0,0,0
2023,18,LA,SF,15,4,12,57,1,68,,,,punt,0,0,0,0
2023,18,DET,MIN,1,4,6,71,0,3556,,nickel,,punt,0,0,0,0
2023,18,MIN,DET,2,4,4,62,0,3326,12,base,,punt,0,0,0,0
2023,18,MIN,DET,4,4,12,77,-7,3077,,base,,punt,0,0,0,0
2023,18,DET,MIN,5,4,1,45,7,2902,12,nickel,9,run,1,1,0,0
2023,18,MIN,DET,6,4,6,50,-13,2653,,nickel,5,penalty,5,1,0,0
2023,18,MIN,DET,6,4,21,21,-13,2364,,base,,field_goal,0,0,0,0
2023,18,DET,MIN,7,4,3,57,10,2202,,,,punt,0,0,0,0
2023,18,MIN,DET,8,4,9,63,-10,1968,12,base,,punt,0,0,0,0
2023,18,DET,MIN,9,4,4,65,10,1885,,base,,punt,0,0,0,0
2023,18,MIN,DET,10,4,13,25,-10,1802,,base,,field_goal,0,0,0,0
2023,18,MIN,DET,11,4,3,31,-7,1594,,nickel,6,pass,2,0,0,0
2023,18,DET,MIN,12,4,1,48,7,1471,11,nickel,8,pass,20,1,0,0
2023,18,MIN,DET,13,4,14,78,-14,1223,12,base,,punt,0,0,0,0
2023,18,DET,MIN,14,4,2,49,14,1127,,,,punt,0,0,0,0
2023,18,MIN,DET,15,4,1,38,-14,926,12,base,9,pass,38,1,1,0
2023,18,DET,MIN,18,4,15,21,7,498,,base,,field_goal,0,0,0,0
2023,18,DET,MIN,20,4,5,58,10,176,,base,,punt,0,0,0,0
2023,18,NE,NYJ,1,4,8,73,0,3558,,base,,punt,0,0,0,0
2023,18,NYJ,NE,2,4,6,73,0,3459,,dime,,punt,0,0,0,0
2023,18,NE,NYJ,3,4,22,73,0,3340,,base,,punt,0,0,0,0
2023,18,NYJ,NE,4,4,8,62,0,3236,,nickel,,punt,0,0,0,0
2023,18,NE,NYJ,5,4,8,95,0,3150,,base,,punt,0,0,0,0
2023,18,NYJ,NE,6,4,3,3,0,2827,,base,,field_goal,0,0,0,0
2023,18,NE,NYJ,7,4,9,74,-3,2755,,base,,punt,0,0,0,0
2023,18,NYJ,NE,8,4,8,84,3,2689,,dime,,punt,0,0,0,0
2023,18,NE,NYJ,9,4,4,12,-3,2375,,base,,field_goal,0,0,0,0
2023,18,NYJ,NE,10,4,7,22,0,2172,,,,field_goal,0,0,0,0
2023,18,NE,NYJ,11,4,6,71,-3,2088,,,,punt,0,0,0,0
2023,18,NYJ,NE,12,4,10,31,3,1826,,,,field_goal,0,0,0,0
2023,18,NE,NYJ,13,4,3,54,-3,1804,12,nickel,6,pass,0,0,0,0
2023,18,NYJ,NE,14,4,3,63,3,1702,,nickel,,punt,0,0,0,0
2023,18,NE,NYJ,15,4,12,54,-3,1535,,,,punt,0,0,0,0
2023,18,NYJ,NE,16,4,4,74,3,1434,,dime,,punt,0,0,0,0
2023,18,NE,NYJ,17,4,7,64,-3,1332,,,,punt,0,0,0,0
2023,18,NYJ,NE,18,4,12,59,3,1088,,dime,,punt,0,0,0,0
2023,18,NE,NYJ,19,4,14,72,-3,996,,,,punt,0,0,0,0
2023,18,NYJ,NE,20,4,9,54,3,897,,nickel,,punt,0,0,0,0
2023,18,NE,NYJ,21,4,1,55,-3,743,11,nickel,7,pass,0,0,0,0
2023,18,NYJ,NE,22,4,6,15,3,490,,,,field_goal,0,0,0,0
2023,18,NE,NYJ,23,4,17,84,-6,371,,,,punt,0,0,0,0
2023,18,NYJ,NE,24,4,1,37,6,223,11,nickel,7,run,-3,0,0,0
2023,18,NE,NYJ,28,4,7,55,-14,26,11,nickel,5,run,4,0,0,0
2023,18,NYG,PHI,1,4,13,60,0,3495,11,base,,punt,0,0,0,0
2023,18,PHI,NYG,2,4,8,70,0,3371,,nickel,,punt,0,0,0,0
2023,18,NYG,PHI,3,4,6,6,0,3117,,base,,field_goal,0,0,0,0
2023,18,NYG,PHI,5,4,1,64,3,2809,11,base,,punt,0,0,0,0
2023,18,PHI,NYG,6,4,3,52,-3,2651,11,nickel,5,pass,0,0,0,0
2023,18,PHI,NYG,8,4,20,85,-10,2292,,nickel,,punt,0,0,0,0
2023,18,PHI,NYG,10,4,12,75,-17,1988,,nickel,,punt,0,0,0,0
2023,18,NYG,PHI,13,4,10,64,24,1872,11,base,,punt,0,0,0,0
2023,18,PHI,NYG,17,4,13,44,-24,1605,12,base,,punt,0,0,0,0
2023,18,NYG,PHI,18,4,8,59,24,1269,11,base,,punt,0,0,0,0
2023,18,PHI,NYG,19,4,9,18,-24,975,,base,,field_goal,0,0,0,0
2023,18,NYG,PHI,20,4,2,54,21,834,11,,,punt,0,0,0,0
2023,18,NYG,PHI,22,4,2,3,14,222,,base,,field_goal,0,0,0,0
2023,18,NYG,PHI,24,4,8,26,17,124,,base,,field_goal,0,0,0,0
2023,18,PIT,BAL,1,4,4,53,0,3404,,base,,punt,0,0,0,0
2023,18,BAL,PIT,2,4,3,74,0,3320,,base,,punt,0,0,0,0
2023,18,BAL,PIT,4,4,7,72,-7,2805,,base,,punt,0,0,0,0
2023,18,PIT,BAL,5,4,8,61,7,2700,,,,punt,0,0,0,0
2023,18,BAL,PIT,8,4,13,59,-7,2256,,base,,punt,0,0,0,0
2023,18,PIT,BAL,9,4,1,81,7,2118,,base,,punt,0,0,0,0
2023,18,BAL,PIT,13,4,16,81,0,1707,,base,,punt,0,0,0,0
2023,18,PIT,BAL,14,4,21,60,0,1526,,,,punt,0,0,0,0
2023,18,BAL,PIT,15,4,15,84,0,1410,,base,,punt,0,0,0,0
2023,18,PIT,BAL,16,4,19,64,0,1240,,base,,punt,0,0,0,0
2023,18,BAL,PIT,17,4,9,51,0,1077,,base,,punt,0,0,0,0
2023,18,BAL,PIT,19,4,8,49,-7,618,,base,,punt,0,0,0,0
2023,18,PIT,BAL,20,4,6,53,7,470,,base,,punt,0,0,0,0
2023,18,PIT,BAL,22,4,7,7,7,197,,base,,field_goal,0,0,0,0
2023,18,BAL,PIT,23,4,1,42,-10,123,11,dime,6,run,6,1,0,0
2023,18,BAL,PIT,23,4,14,18,-10,20,,base,,field_goal,0,0,0,0
2023,18,ARI,SEA,1,4,15,52,0,3365,,,,punt,0,0,0,0
2023,18,SEA,ARI,2,4,4,15,0,3008,,,,field_goal,0,0,0,0
2023,18,ARI,SEA,3,4,1,66,-3,2892,,,,punt,0,0,0,0
2023,18,SEA,ARI,4,4,10,70,3,2776,heavy,base,,punt,0,0,0,0
2023,18,ARI,SEA,5,4,5,5,-3,2470,,,,field_goal,0,0,0,0
2023,18,ARI,SEA,7,4,10,16,-7,1920,,,,field_goal,0,0,0,0
2023,18,SEA,ARI,9,4,4,55,7,1676,21,base,,punt,0,0,0,0
2023,18,SEA,ARI,11,4,11,65,0,1298,21,base,,punt,0,0,0,0
2023,18,ARI,SEA,12,4,8,48,0,1127,,,,punt,0,0,0,0
2023,18,SEA,ARI,13,4,2,90,0,1038,21,base,,punt,0,0,0,0
2023,18,ARI,SEA,14,4,3,8,0,592,,,8,pass,8,1,1,0
2023,18,SEA,ARI,15,4,7,72,-7,512,21,base,,punt,0,0,0,0
2023,18,ARI,SEA,16,4,1,35,7,200,11,nickel,7,run,5,1,0,0
2023,18,ARI,SEA,16,4,4,24,7,180,,,,field_goal,0,0,0,0
2023,18,TB,CAR,1,4,9,47,0,3409,11,nickel,,punt,0,0,0,0
2023,18,CAR,TB,2,4,12,65,0,3237,,nickel,,punt,0,0,0,0
2023,18,TB,CAR,3,4,5,61,0,3050,11,nickel,,punt,0,0,0,0
2023,18,CAR,TB,4,4,7,63,0,2861,,nickel,,punt,0,0,0,0
2023,18,TB,CAR,5,4,16,70,0,2718,11,nickel,,punt,0,0,0,0
2023,18,TB,CAR,7,4,3,73,0,2458,11,nickel,,punt,0,0,0,0
2023,18,CAR,TB,8,4,2,71,0,2361,,nickel,,punt,0,0,0,0
2023,18,TB,CAR,9,4,3,18,0,2057,,base,,field_goal,0,0,0,0
2023,18,CAR,TB,10,4,3,70,-3,1940,,nickel,,punt,0,0,0,0
2023,18,TB,CAR,11,4,10,74,3,1921,11,nickel,,punt,0,0,0,0
2023,18,CAR,TB,12,4,9,79,-3,1881,,nickel,,punt,0,0,0,0
2023,18,TB,CAR,13,4,16,39,3,1804,,,,field_goal,0,0,0,0
2023,18,CAR,TB,14,4,7,51,-6,1469,,nickel,,punt,0,0,0,0
2023,18,TB,CAR,15,4,7,76,6,1268,11,nickel,,punt,0,0,0,0
2023,18,CAR,TB,16,4,5,38,-6,1043,11,nickel,5,pass,8,1,0,0
2023,18,CAR,TB,16,4,14,34,-6,904,,base,,field_goal,0,0,0,0
2023,18,TB,CAR,17,4,10,21,6,622,,base,,field_goal,0,0,0,0
2023,18,CAR,TB,18,4,1,54,-9,500,11,nickel,10,run,2,1,0,0
2023,19,CLE,HOU,1,4,15,69,0,3452,,nickel,,punt,0,0,0,0
2023,19,HOU,CLE,2,4,3,52,0,3309,,base,,punt,0,0,0,0
2023,19,CLE,HOU,3,4,5,87,0,3211,,nickel,,punt,0,0,0,0
2023,19,HOU,CLE,4,4,2,2,0,3032,,nickel,,field_goal,0,0,0,0
2023,19,CLE,HOU,9,4,22,87,-3,2428,,nickel,,punt,0,0,0,0
2023,19,HOU,CLE,10,4,13,59,3,2329,,nickel,,punt,0,0,0,0
2023,19,CLE,HOU,11,4,2,70,-3,2151,,nickel,,punt,0,0,0,0
2023,19,HOU,CLE,14,4,9,63,10,1594,,nickel,,punt,0,0,0,0
2023,19,CLE,HOU,16,4,2,67,-17,1153,12,nickel,7,pass,0,0,1,1
2023,19,CLE,HOU,17,4,6,37,-24,992,11,nickel,6,pass,-13,0,0,0
2023,19,CLE,HOU,19,4,3,54,-31,568,11,nickel,7,pass,0,0,0,0
2023,19,HOU,CLE,20,4,8,44,31,424,,nickel,,punt,0,0,0,0
2023,19,CLE,HOU,21,4,7,38,-31,118,12,nickel,7,pass,-9,0,0,0
2023,19,DAL,GB,2,4,8,49,-7,2943,12,,,punt,0,0,0,0
2023,19,GB,DAL,3,4,9,48,7,2793,11,,,punt,0,0,0,0
2023,19,DAL,GB,6,4,16,47,-14,2354,12,,,punt,0,0,0,0
2023,19,DAL,GB,10,4,10,16,-20,1467,,,,field_goal,0,0,0,0
2023,19,DAL,GB,14,4,5,59,-25,903,11,dime,7,pass,0,0,0,0
2023,19,GB,DAL,15,4,2,3,25,628,12,dime,7,pass,3,1,1,0
2023,19,GB,DAL,17,4,9,49,24,294,12,base,,punt,0,0,0,0
2023,19,GB,DAL,19,4,7,41,16,149,12,base,,punt,0,0,0,0
2023,19,DAL,GB,20,4,8,27,-16,25,11,nickel,4,pass,0,0,0,0
2023,19,LA,DET,2,4,6,6,-7,2969,,base,,field_goal,0,0,0,0
2023,19,DET,LA,5,4,1,2,4,2236,12,,8,pass,2,1,1,0
2023,19,LA,DET,6,4,5,44,-11,2089,11,nickel,6,pass,6,1,0,0
2023,19,DET,LA,7,4,9,45,4,1866,,base,,punt,0,0,0,0
2023,19,LA,DET,9,4,11,62,-4,1704,,base,,punt,0,0,0,0
2023,19,DET,LA,10,4,17,36,4,1425,,base,,field_goal,0,0,0,0
2023,19,LA,DET,11,4,8,9,-7,1056,,base,,field_goal,0,0,0,0
2023,19,DET,LA,12,4,7,62,4,900,,base,,punt,0,0,0,0
2023,19,LA,DET,13,4,8,11,-4,493,,base,,field_goal,0,0,0,0
2023,19,DET,LA,14,4,4,69,1,446,,base,,punt,0,0,0,0
2023,19,LA,DET,15,4,14,44,-1,255,,nickel,,punt,0,0,0,0
2023,19,MIA,KC,2,4,7,72,-7,3223,11,nickel,,punt,0,0,0,0
2023,19,KC,MIA,3,4,6,52,7,3136,11,base,,punt,0,0,0,0
2023,19,KC,MIA,5,4,6,10,7,2695,,base,,field_goal,0,0,0,0
2023,19,KC,MIA,7,4,5,38,3,2382,11,nickel,5,run,28,1,0,0
2023,19,KC,MIA,7,4,8,8,3,2259,,base,,field_goal,0,0,0,0
2023,19,MIA,KC,8,4,1,44,-6,2075,11,dime,4,pass,0,0,0,0
2023,19,KC,MIA,9,4,3,48,6,1989,11,base,,punt,0,0,0,0
2023,19,MIA,KC,10,4,20,90,-6,1915,11,nickel,,punt,0,0,0,0
2023,19,KC,MIA,11,4,7,14,6,1822,,base,,field_goal,0,0,0,0
2023,19,MIA,KC,13,4,4,73,-9,1710,11,base,,punt,0,0,0,0
2023,19,KC,MIA,14,4,3,3,9,1372,,base,,field_goal,0,0,0,0
2023,19,MIA,KC,15,4,1,66,-12,1258,11,nickel,6,run,3,1,0,0
2023,19,MIA,KC,15,4,13,66,-12,1098,11,nickel,,punt,0,0,0,0
2023,19,MIA,KC,17,4,16,31,-19,387,11,dime,5,pass,9,0,0,0
2023,19,KC,MIA,18,4,5,73,19,328,11,base,,punt,0,0,0,0
2023,19,MIA,KC,19,4,6,67,-19,267,11,dime,6,pass,9,1,0,0
2023,19,MIA,KC,19,4,10,58,-19,249,11,dime,5,pass,14,1,0,0
2023,19,MIA,KC,19,4,10,44,-19,229,,dime,6,pass,0,0,0,0
2023,19,TB,PHI,1,4,3,10,0,3305,,,,field_goal,0,0,0,0
2023,19,PHI,TB,2,4,2,56,-3,3134,,nickel,,punt,0,0,0,0
2023,19,PHI,TB,4,4,3,68,-10,2975,,nickel,,punt,0,0,0,0
2023,19,TB,PHI,5,4,13,36,10,2648,,,,field_goal,0,0,0,0
2023,19,PHI,TB,6,4,8,30,-13,2496,,base,,field_goal,0,0,0,0
2023,19,TB,PHI,7,4,1,42,10,2223,12,base,9,run,7,1,0,0
2023,19,TB,PHI,7,4,5,30,10,2140,,,,field_goal,0,0,0,0
2023,19,TB,PHI,9,4,17,52,7,1902,12,nickel,,punt,0,0,0,0
2023,19,PHI,TB,11,4,20,85,-7,1721,,nickel,,punt,0,0,0,0
2023,19,TB,PHI,12,4,17,55,7,1589,12,nickel,,punt,0,0,0,0
2023,19,PHI,TB,13,4,5,77,-7,1345,,nickel,,punt,0,0,0,0
2023,19,TB,PHI,14,4,10,45,7,1128,12,nickel,,punt,0,0,0,0
2023,19,PHI,TB,17,4,5,17,-16,722,11,base,6,pass,0,0,0,0
2023,19,PHI,TB,19,4,13,67,-23,197,11,base,7,pass,7,0,0,0
2023,19,TB,PHI,20,4,6,36,23,75,12,base,10,run,2,0,0,0
2023,19,PIT,BUF,1,4,8,51,0,3461,12,,,punt,0,0,0,0
2023,19,PIT,BUF,3,4,4,69,-7,3033,12,,,punt,0,0,0,0
2023,19,BUF,PIT,4,4,2,65,7,2968,,,,punt,0,0,0,0
2023,19,PIT,BUF,7,4,9,74,-14,2900,12,,,punt,0,0,0,0
2023,19,BUF,PIT,8,4,14,60,14,2810,,base,,punt,0,0,0,0
2023,19,PIT,BUF,11,4,7,72,-21,2177,12,,,punt,0,0,0,0
2023,19,BUF,PIT,12,4,7,31,21,1943,,base,,field_goal,0,0,0,0
2023,19,BUF,PIT,15,4,8,73,14,1715,,base,,punt,0,0,0,0
2023,19,PIT,BUF,16,4,9,22,-14,1434,,base,,field_goal,0,0,0,0
2023,19,BUF,PIT,17,4,1,55,11,1288,12,base,8,run,1,1,0,0
2023,19,BUF,PIT,17,4,8,27,11,996,,base,,field_goal,0,0,0,0
2023,19,PIT,BUF,20,4,3,68,-14,293,12,dime,5,pass,0,0,0,0
2023,19,BUF,PIT,21,4,9,9,14,120,,base,,field_goal,0,0,0,0
2023,20,GB,SF,1,4,8,11,0,3146,,base,,field_goal,0,0,0,0
2023,20,SF,GB,2,4,13,63,-3,2960,12,,,punt,0,0,0,0
2023,20,GB,SF,3,4,1,14,3,2680,11,nickel,8,run,0,0,0,0
2023,20,GB,SF,5,4,11,11,-4,2053,,base,,field_goal,0,0,0,0
2023,20,SF,GB,6,4,2,30,1,1810,,,,field_goal,0,0,0,0
2023,20,SF,GB,8,4,4,69,1,1715,12,,,punt,0,0,0,0
2023,20,SF,GB,12,4,5,82,-7,1134,12,,,punt,0,0,0,0
2023,20,SF,GB,14,4,9,34,-7,900,,,,field_goal,0,0,0,0
2023,20,GB,SF,15,4,2,67,4,809,12,,,punt,0,0,0,0
2023,20,SF,GB,16,4,10,40,-4,583,12,,,punt,0,0,0,0
2023,20,GB,SF,17,4,9,23,4,381,,base,,field_goal,0,0,0,0
2023,20,HOU,BAL,1,4,3,68,0,3520,,,,punt,0,0,0,0
2023,20,BAL,HOU,2,4,3,34,0,3220,,base,,field_goal,0,0,0,0
2023,20,HOU,BAL,3,4,21,47,-3,3009,,base,,punt,0,0,0,0
2023,20,BAL,HOU,4,4,2,79,3,2908,,base,,punt,0,0,0,0
2023,20,HOU,BAL,5,4,13,32,-3,2733,,base,,field_goal,0,0,0,0
2023,20,HOU,BAL,7,4,1,67,-7,2247,,base,,punt,0,0,0,0
2023,20,BAL,HOU,8,4,10,78,7,2074,,,,punt,0,0,1,0
2023,20,BAL,HOU,9,4,7,72,0,2006,,,,punt,0,0,0,0
2023,20,HOU,BAL,10,4,8,29,0,1837,,base,,field_goal,0,0,0,0
2023,20,BAL,HOU,11,4,20,73,0,1815,,base,,punt,0,0,0,0
2023,20,HOU,BAL,14,4,14,43,-7,1294,,base,,punt,0,0,0,0
2023,20,BAL,HOU,15,4,1,49,7,1032,12,base,8,run,14,1,0,0
2023,20,HOU,BAL,16,4,5,70,-14,824,,,,punt,0,0,0,0
2023,20,HOU,BAL,18,4,6,67,-21,307,11,nickel,5,pass,0,0,0,0
2023,20,BAL,HOU,19,4,3,26,21,247,11,nickel,6,run,5,1,0,0
2023,20,BAL,HOU,19,4,14,25,21,120,,base,,field_goal,0,0,0,0
2023,20,BUF,KC,1,4,1,60,0,3531,,base,8,run,6,1,0,0
2023,20,BUF,KC,1,4,8,9,0,3191,,base,,field_goal,0,0,0,0
2023,20,KC,BUF,2,4,5,29,-3,2980,,base,,field_goal,0,0,0,0
2023,20,KC,BUF,4,4,11,11,-7,2355,,base,,field_goal,0,0,0,0
2023,20,BUF,KC,5,4,5,60,4,2178,,nickel,,punt,0,0,0,0
2023,20,BUF,KC,12,4,5,70,-3,777,,base,6,run,2,0,0,0
2023,20,BUF,KC,14,4,12,82,-3,652,,nickel,,punt,0,0,0,0
2023,20,KC,BUF,15,4,9,49,3,511,11,nickel,,punt,0,0,0,0
2023,20,BUF,KC,16,4,3,50,-3,292,11,dime,6,pass,10,1,0,0
2023,20,BUF,KC,16,4,9,26,-3,107,,base,,field_goal,0,0,0,0
2023,20,DET,TB,1,4,3,68,0,3567,,nickel,,punt,0,0,0,0
2023,20,DET,TB,3,4,4,4,0,3208,,base,,field_goal,0,0,0,0
2023,20,TB,DET,4,4,9,25,-3,2963,,base,,field_goal,0,0,0,0
2023,20,TB,DET,6,4,1,66,-7,2391,12,nickel,,punt,0,0,0,0
2023,20,DET,TB,7,4,10,56,7,2211,,nickel,,punt,0,0,0,0
2023,20,TB,DET,8,4,5,32,-7,1949,,base,,field_goal,0,0,0,0
2023,20,DET,TB,9,4,5,55,7,1895,,base,,punt,0,0,0,0
2023,20,TB,DET,12,4,13,47,0,1540,12,base,,punt,0,0,0,0
2023,20,DET,TB,13,4,10,85,0,1463,,nickel,,punt,0,0,0,0
2023,20,TB,DET,14,4,14,64,0,1402,12,base,,punt,0,0,0,0
2023,20,DET,TB,15,4,1,1,0,1131,12,base,7,run,1,1,1,0
2023,20,TB,DET,18,4,4,69,-7,743,12,base,,punt,0,0,0,0
2023,20,TB,DET,20,4,14,68,-14,337,11,dime,4,pass,24,1,0,0
2023,20,DET,TB,21,4,11,45,8,126,,base,,punt,0,0,0,0
2023,21,SF,DET,2,4,6,30,-7,3178,,base,,field_goal,0,0,0,0
2023,21,DET,SF,5,4,6,46,7,2423,,base,,punt,0,0,0,0
2023,21,SF,DET,8,4,10,75,-14,2109,12,base,,punt,0,0,0,0
2023,21,DET,SF,9,4,3,3,14,1810,,base,,field_goal,0,0,0,0
2023,21,SF,DET,11,4,8,25,-17,1566,,base,,field_goal,0,0,0,0
2023,21,DET,SF,12,4,2,28,14,1323,11,nickel,6,pass,0,0,0,0
2023,21,DET,SF,16,4,9,74,0,1033,,,,punt,0,0,0,0
2023,21,SF,DET,17,4,12,15,0,596,,base,,field_goal,0,0,0,0
2023,21,DET,SF,18,4,3,30,-3,458,11,nickel,5,pass,0,0,0,0
2023,21,DET,SF,20,4,3,3,-10,60,11,nickel,6,pass,3,1,1,0
2023,21,BAL,KC,1,4,7,72,0,3516,,nickel,,punt,0,0,0,0
2023,21,KC,BAL,2,4,2,41,0,3251,11,nickel,6,pass,13,1,0,0
2023,21,BAL,KC,3,4,1,66,-7,3098,12,,8,run,21,1,0,0
2023,21,KC,BAL,6,4,1,13,7,2183,12,base,10,run,0,0,0,0
2023,21,BAL,KC,7,4,9,68,-7,2040,,nickel,,punt,0,0,0,0
2023,21,KC,BAL,8,4,10,71,7,1976,11,base,,punt,0,0,0,0
2023,21,BAL,KC,9,4,4,53,-7,1912,,,,punt,0,0,0,0
2023,21,KC,BAL,10,4,15,34,7,1808,,base,,field_goal,0,0,0,0
2023,21,KC,BAL,12,4,3,68,10,1722,11,base,,punt,0,0,0,0
2023,21,BAL,KC,13,4,6,74,-10,1641,,nickel,,punt,0,0,0,0
2023,21,KC,BAL,14,4,19,55,10,1332,11,base,,punt,0,0,0,0
2023,21,BAL,KC,15,4,17,49,-10,1062,,nickel,,punt,0,0,0,0
2023,21,KC,BAL,16,4,6,89,10,961,11,base,,punt,0,0,0,0
2023,21,KC,BAL,18,4,13,48,10,644,11,base,,punt,0,0,0,0
2023,21,BAL,KC,19,4,3,82,-10,527,11,dime,6,pass,6,1,0,0
2023,21,KC,BAL,20,4,3,73,10,313,11,base,,punt,0,0,0,0
2023,21,BAL,KC,21,4,5,25,-10,158,,base,,field_goal,0,0,0,0
2023,22,KC,SF,2,4,4,67,0,3324,11,,,punt,0,0,0,0
2023,22,SF,KC,3,4,12,60,0,3100,12,nickel,,punt,0,0,0,0
2023,22,KC,SF,4,4,10,79,0,2941,11,,,punt,0,0,0,0
2023,22,SF,KC,5,4,14,37,0,2693,,base,,field_goal,0,0,0,0
2023,22,SF,KC,7,4,13,71,3,2366,12,nickel,,punt,0,0,0,0
2023,22,KC,SF,8,4,13,83,-3,2276,11,,,punt,0,0,0,0
2023,22,KC,SF,10,4,6,10,-10,1823,,base,,field_goal,0,0,0,0
2023,22,SF,KC,13,4,11,45,7,1659,12,nickel,,punt,0,0,0,0
2023,22,KC,SF,14,4,1,89,-7,1553,11,base,,punt,0,0,0,0
2023,22,SF,KC,15,4,11,65,7,1450,12,nickel,,punt,0,0,0,0
2023,22,KC,SF,16,4,6,39,-7,1206,,base,,field_goal,0,0,0,0
2023,22,SF,KC,17,4,10,75,4,1151,12,nickel,,punt,0,0,0,0
2023,22,KC,SF,18,4,2,65,-4,1062,11,,,punt,0,0,0,1
2023,22,SF,KC,20,4,3,15,-3,766,11,nickel,6,pass,4,1,0,0
2023,22,KC,SF,21,4,6,6,-3,349,,base,,field_goal,0,0,0,0
2023,22,SF,KC,22,4,5,35,0,117,,base,,field_goal,0,0,0,0
2023,22,SF,KC,25,4,4,9,0,445,,base,,field_goal,0,0,0,0
2023,22,KC,SF,26,4,1,66,-3,365,12,nickel,6,run,8,1,0,0
2024,1,ARI,BUF,3,4,4,11,7,2700,,base,,field_goal,0,0,0,0
2024,1,BUF,ARI,4,4,19,19,-10,2391,,base,,field_goal,0,0,0,0
2024,1,ARI,BUF,9,4,14,74,0,1383,11,nickel,,punt,0,0,0,0
2024,1,BUF,ARI,10,4,7,66,0,1288,,base,,punt,0,0,0,0
2024,1,BUF,ARI,12,4,1,12,0,1104,12,base,8,run,1,1,0,0
2024,1,ARI,BUF,13,4,4,12,-7,815,,base,,field_goal,0,0,0,0
2024,1,BUF,ARI,14,4,2,37,4,643,11,nickel,6,run,5,1,0,0
2024,1,BUF,ARI,16,4,6,53,3,328,,base,,punt,0,0,0,0
2024,1,ARI,BUF,17,4,15,86,-3,276,11,nickel,,punt,0,0,0,0
2024,1,BUF,ARI,18,4,3,21,3,120,,base,,field_goal,0,0,0,0
2024,1,ARI,BUF,19,4,7,29,-6,32,11,dime,6,pass,0,0,0,0
2024,1,BAL,KC,3,4,5,50,0,2883,,base,,punt,0,0,0,0
2024,1,KC,BAL,4,4,18,56,0,2700,11,base,,punt,0,0,0,0
2024,1,KC,BAL,6,4,9,13,0,2620,,base,,field_goal,0,0,0,0
2024,1,BAL,KC,7,4,3,50,-3,2385,11,base,7,pass,1,0,0,0
2024,1,KC,BAL,8,4,5,13,3,2147,,base,,field_goal,0,0,0,0
2024,1,BAL,KC,9,4,8,35,-6,1915,,base,,field_goal,0,0,0,0
2024,1,BAL,KC,14,4,11,45,-10,1411,,base,,punt,0,0,0,0
2024,1,KC,BAL,15,4,5,40,10,1126,11,base,,punt,0,0,0,0
2024,1,BAL,KC,18,4,1,22,-10,394,11,base,7,run,2,1,0,0
2024,1,BAL,KC,18,4,4,14,-10,298,,base,,field_goal,0,0,0,0
2024,1,KC,BAL,19,4,8,58,7,120,11,base,,punt,0,0,0,0
2024,1,NO,CAR,3,4,9,39,7,3309,,base,,field_goal,0,0,0,0
2024,1,CAR,NO,4,4,6,59,-10,3130,12,base,,punt,0,0,0,0
2024,1,CAR,NO,6,4,18,67,-17,2539,12,base,,punt,0,0,0,0
2024,1,NO,CAR,7,4,3,26,17,2228,,base,,field_goal,0,0,0,0
2024,1,NO,CAR,9,4,15,34,20,1932,,base,4,field_goal,0,0,0,0
2024,1,CAR,NO,10,4,15,90,-23,1901,12,base,,punt,0,0,0,0
2024,1,CAR,NO,15,4,3,3,-34,1200,11,nickel,5,run,3,1,1,0
2024,1,NO,CAR,16,4,5,21,27,792,,base,,field_goal,0,0,0,0
2024,1,CAR,NO,17,4,17,75,-30,692,12,base,,punt,0,0,0,0
2024,1,CAR,NO,19,4,6,19,-37,415,11,dime,8,pass,0,0,0,0
2024,1,NO,CAR,20,4,2,73,37,277,,base,,punt,0,0,0,0
2024,1,CAR,NO,21,4,5,45,-37,251,11,dime,5,pass,0,0,0,0
2024,1,NO,CAR,22,4,3,48,37,142,,base,,punt,0,0,0,0
2024,1,CAR,NO,23,4,4,81,-37,77,12,base,,punt,0,0,0,1
2024,1,DAL,CLE,1,4,11,68,0,3470,11,base,,punt,0,0,0,0
2024,1,CLE,DAL,2,4,7,33,0,3268,,base,,field_goal,0,0,0,0
2024,1,CLE,DAL,4,4,3,68,-4,2997,11,base,,punt,0,0,0,0
2024,1,DAL,CLE,5,4,5,59,4,2780,11,base,,punt,0,0,0,0
2024,1,CLE,DAL,6,4,15,85,-4,2711,11,base,,punt,0,0,0,0
2024,1,DAL,CLE,7,4,8,69,4,2583,11,base,,punt,0,0,0,0
2024,1,CLE,DAL,8,4,2,69,-4,2484,11,base,,punt,0,0,0,0
2024,1,CLE,DAL,10,4,7,77,-11,2082,,base,,punt,0,0,0,0
2024,1,DAL,CLE,11,4,8,39,11,1931,,,,field_goal,0,0,0,0
2024,1,DAL,CLE,13,4,9,22,14,1855,,base,,field_goal,0,0,0,0
2024,1,CLE,DAL,14,4,3,66,-17,1819,,base,,punt,0,0,0,0
2024,1,CLE,DAL,16,4,24,89,-17,1695,11,base,,punt,0,0,1,0
2024,1,DAL,CLE,18,4,7,67,17,1378,11,base,,punt,0,0,0,0
2024,1,CLE,DAL,19,4,14,85,-17,1306,11,base,,punt,0,0,0,0
2024,1,DAL,CLE,20,4,6,83,17,1229,11,base,,punt,0,0,0,0
2024,1,CLE,DAL,21,4,6,51,-17,1142,11,nickel,6,pass,-3,0,0,0
2024,1,DAL,CLE,22,4,11,32,17,991,,base,,field_goal,0,0,0,0
2024,1,CLE,DAL,23,4,4,62,-20,855,11,nickel,4,pass,0,0,0,0
2024,1,DAL,CLE,24,4,12,28,20,715,,base,,field_goal,0,0,0,0
2024,1,DAL,CLE,26,4,6,73,23,453,11,base,,punt,0,0,0,0
2024,1,CLE,DAL,27,4,4,44,-23,295,11,nickel,6,run,6,1,0,0
2024,1,CLE,DAL,27,4,1,29,-23,182,11,nickel,6,run,6,1,0,0
2024,1,CLE,DAL,27,4,9,22,-23,92,11,base,5,run,16,1,0,0
2024,1,DEN,SEA,2,4,7,17,0,3460,,base,,field_goal,0,0,0,0
2024,1,SEA,DEN,3,4,5,68,-3,3364,11,nickel,,punt,0,0,0,0
2024,1,DEN,SEA,4,4,5,60,3,3251,,base,,punt,0,0,0,0
2024,1,SEA,DEN,5,4,11,80,-3,3134,11,nickel,,punt,0,0,0,0
2024,1,DEN,SEA,6,4,3,60,3,3044,,,,punt,0,0,0,0
2024,1,SEA,DEN,7,4,7,32,-3,2866,,,,field_goal,0,0,0,0
2024,1,DEN,SEA,10,4,6,64,2,2426,,base,,punt,0,0,0,1
2024,1,DEN,SEA,11,4,11,11,2,2328,,base,,field_goal,0,0,0,0
2024,1,DEN,SEA,13,4,6,66,-1,2087,,base,,punt,0,0,0,0
2024,1,DEN,SEA,15,4,12,47,1,1910,,,,punt,0,0,0,0
2024,1,SEA,DEN,16,4,9,89,-1,1842,11,nickel,,punt,0,0,0,0
2024,1,DEN,SEA,19,4,18,81,4,1718,,base,,punt,0,0,0,0
2024,1,SEA,DEN,22,4,10,10,3,1152,,,,field_goal,0,0,0,0
2024,1,DEN,SEA,23,4,5,65,-6,1066,,,,punt,0,0,0,0
2024,1,DEN,SEA,25,4,1,61,-13,789,,,,punt,0,0,0,0
2024,1,SEA,DEN,26,4,3,70,13,527,11,nickel,,punt,0,0,0,0
2024,1,DEN,SEA,27,4,2,56,-13,367,,nickel,6,pass,7,1,0,0
2024,1,SEA,DEN,28,4,19,71,13,277,11,dime,,punt,0,0,0,0
2024,1,GB,PHI,1,4,11,43,0,3407,,nickel,,punt,0,0,0,0
2024,1,GB,PHI,3,4,11,13,0,3210,,base,,field_goal,0,0,0,0
2024,1,GB,PHI,5,4,2,5,3,2984,12,nickel,6,run,2,1,0,0
2024,1,GB,PHI,5,4,5,5,3,2884,,base,,field_goal,0,0,0,0
2024,1,PHI,GB,6,4,1,34,-6,2661,12,base,,penalty,6,1,0,0
2024,1,PHI,GB,10,4,3,33,-5,1919,11,nickel,6,pass,7,1,0,0
2024,1,PHI,GB,10,4,16,20,-5,1804,,base,,field_goal,0,0,0,0
2024,1,PHI,GB,13,4,14,74,-2,1534,11,nickel,,punt,0,0,0,0
2024,1,GB,PHI,14,4,15,73,2,1436,,base,,punt,0,0,0,0
2024,1,PHI,GB,15,4,2,60,-2,1347,11,nickel,,punt,0,0,0,0
2024,1,GB,PHI,18,4,10,25,-5,921,,base,,field_goal,0,0,0,0
2024,1,GB,PHI,20,4,5,8,-5,476,,base,,field_goal,0,0,0,0
2024,1,PHI,GB,21,4,3,3,2,30,,base,,field_goal,0,0,0,0
2024,1,IND,HOU,1,4,1,46,0,3404,11,dime,6,pass,0,0,0,0
2024,1,HOU,IND,2,4,1,44,0,3278,11,nickel,5,pass,3,1,0,0
2024,1,HOU,IND,2,4,1,32,0,3108,,base,,field_goal,0,0,0,0
2024,1,HOU,IND,4,4,10,32,-4,2802,,base,,field_goal,0,0,0,0
2024,1,IND,HOU,5,4,17,77,1,2704,,,,punt,0,0,0,0
2024,1,IND,HOU,7,4,8,54,-5,2396,,,,punt,0,0,0,0
2024,1,HOU,IND,8,4,14,89,5,2316,,base,,punt,0,0,0,0
2024,1,HOU,IND,11,4,2,33,5,1560,,base,,field_goal,0,0,0,0
2024,1,IND,HOU,12,4,5,65,-8,1442,,,,punt,0,0,0,0
2024,1,HOU,IND,13,4,17,82,8,1249,,base,,punt,0,0,0,0
2024,1,HOU,IND,17,4,2,2,2,285,12,base,7,pass,2,1,1,0
2024,1,IND,HOU,18,4,3,3,-9,140,11,nickel,6,run,3,1,1,0
2024,1,MIA,JAX,1,4,8,42,0,3401,,dime,5,pass,0,0,0,0
2024,1,JAX,MIA,2,4,24,72,0,3313,,base,,punt,0,0,0,0
2024,1,MIA,JAX,3,4,10,51,0,3177,11,,,punt,0,0,0,0
2024,1,MIA,JAX,5,4,4,69,-7,2831,11,nickel,,punt,0,0,0,0
2024,1,JAX,MIA,6,4,9,77,7,2692,,base,,punt,0,0,0,0
2024,1,MIA,JAX,7,4,3,45,-7,2515,11,dime,5,pass,0,0,0,0
2024,1,JAX,MIA,10,4,5,34,7,1803,,base,,field_goal,0,0,0,0
2024,1,JAX,MIA,11,4,5,65,10,1720,12,,,punt,0,0,0,0
2024,1,MIA,JAX,12,4,18,85,-10,1492,11,,,punt,0,0,0,0
2024,1,JAX,MIA,13,4,13,66,10,1406,,base,,punt,0,0,0,0
2024,1,MIA,JAX,14,4,30,46,-10,1234,11,,,punt,0,0,0,0
2024,1,JAX,MIA,17,4,1,68,3,900,heavy,base,5,run,-2,0,0,0
2024,1,MIA,JAX,18,4,4,24,-3,818,,base,,field_goal,0,0,0,0
2024,1,JAX,MIA,19,4,10,52,3,673,,base,,punt,0,0,0,0
2024,1,MIA,JAX,20,4,14,19,-3,266,,base,,field_goal,0,0,0,0
2024,1,JAX,MIA,21,4,25,85,0,139,,base,,punt,0,0,0,0
2024,1,LA,DET,1,4,13,73,0,3518,21,base,,punt,0,0,0,0
2024,1,DET,LA,2,4,13,67,0,3389,21,base,,punt,0,0,0,0
2024,1,LA,DET,3,4,14,23,0,2994,,base,,field_goal,0,0,0,0
2024,1,DET,LA,4,4,2,27,-3,2696,11,nickel,6,run,3,1,0,0
2024,1,DET,LA,4,4,7,7,-3,2540,,base,,field_goal,0,0,0,0
2024,1,LA,DET,5,4,4,23,0,2196,11,nickel,7,pass,0,0,0,0
2024,1,DET,LA,9,4,4,64,7,1726,21,base,,punt,0,0,0,0
2024,1,LA,DET,10,4,10,80,-7,1632,21,base,,punt,0,0,0,0
2024,1,LA,DET,12,4,3,29,-14,1238,11,base,7,pass,14,1,0,0
2024,1,DET,LA,13,4,1,61,7,1002,21,base,,punt,0,0,0,0
2024,1,LA,DET,14,4,8,8,-7,755,,base,,field_goal,0,0,0,0
2024,1,DET,LA,17,4,5,65,-3,257,21,base,,punt,0,0,0,0
2024,1,LA,DET,18,4,10,78,3,141,21,base,,punt,0,0,0,0
2024,1,DET,LA,19,4,5,14,-3,20,,base,,field_goal,0,0,0,0
2024,1,LAC,LV,1,4,8,49,0,3411,,base,,punt,0,0,0,0
2024,1,LV,LAC,2,4,1,70,0,3277,11,base,,punt,0,0,0,0
2024,1,LAC,LV,3,4,6,83,0,3159,,base,,punt,0,0,0,0
2024,1,LV,LAC,4,4,1,59,0,3060,11,nickel,7,run,-1,0,0,0
2024,1,LAC,LV,5,4,5,35,0,2967,,,,field_goal,0,0,0,0
2024,1,LAC,LV,7,4,1,61,-4,2662,,,,punt,0,0,0,0
2024,1,LV,LAC,8,4,2,83,4,2540,11,base,,punt,0,0,0,0
2024,1,LAC,LV,9,4,7,55,-4,2346,,base,,punt,0,0,0,0
2024,1,LV,LAC,10,4,28,61,4,2078,11,base,,punt,0,0,0,0
2024,1,LAC,LV,11,4,4,83,-4,1938,,base,,punt,0,0,0,0
2024,1,LAC,LV,13,4,5,7,-4,1829,,,,field_goal,0,0,0,0
2024,1,LV,LAC,15,4,2,62,1,1682,11,base,,punt,0,0,0,0
2024,1,LAC,LV,16,4,6,6,-1,1451,,,,field_goal,0,0,0,0
2024,1,LAC,LV,18,4,4,49,2,1316,,,,punt,0,0,0,0
2024,1,LV,LAC,19,4,7,31,-2,1026,,,,field_goal,0,0,0,0
2024,1,LV,LAC,21,4,1,14,-9,633,,,,field_goal,0,0,0,0
2024,1,LAC,LV,22,4,8,68,6,580,,base,,punt,0,0,0,0
2024,1,LV,LAC,23,4,1,43,-6,435,11,base,,punt,0,0,0,0
2024,1,NYG,MIN,1,4,19,79,0,3489,,base,,punt,0,0,0,0
2024,1,NYG,MIN,3,4,5,5,0,3139,,base,,field_goal,0,0,0,0
2024,1,NYG,MIN,5,4,15,40,-4,2631,,base,,punt,0,0,0,0
2024,1,MIN,NYG,6,4,2,3,4,2218,11,base,7,pass,3,1,1,0
2024,1,NYG,MIN,7,4,3,49,-11,2019,,,,punt,0,0,0,0
2024,1,MIN,NYG,8,4,1,65,11,1861,,base,,punt,0,0,0,0
2024,1,NYG,MIN,9,4,14,63,-11,1809,,base,,punt,0,0,0,0
2024,1,NYG,MIN,11,4,1,31,-18,1414,12,base,6,run,1,1,0,0
2024,1,NYG,MIN,11,4,11,31,-18,1274,,base,,field_goal,0,0,0,0
2024,1,MIN,NYG,12,4,4,64,15,1177,,,,punt,0,0,0,0
2024,1,NYG,MIN,14,4,8,68,-22,1112,,,,punt,0,0,0,0
2024,1,NYG,MIN,16,4,8,11,-22,826,11,dime,7,pass,0,0,0,1
2024,1,MIN,NYG,17,4,4,58,22,605,,base,,punt,0,0,0,0
2024,1,NYG,MIN,18,4,7,8,-22,296,11,dime,6,pass,0,0,0,0
2024,1,MIN,NYG,19,4,8,61,22,102,,base,,punt,0,0,0,0
2024,1,NYG,MIN,20,4,12,88,-22,36,,nickel,,punt,0,0,0,0
2024,1,CIN,NE,1,4,2,57,0,3475,12,dime,,punt,0,0,0,0
2024,1,NE,CIN,2,4,8,55,0,3299,,nickel,,punt,0,0,0,0
2024,1,CIN,NE,3,4,1,80,0,3148,12,dime,,punt,0,0,0,0
2024,1,CIN,NE,5,4,8,68,-7,2568,12,dime,,punt,0,0,0,0
2024,1,NE,CIN,6,4,9,82,7,2512,,nickel,,punt,0,0,0,0
2024,1,NE,CIN,8,4,12,14,7,1802,,base,,field_goal,0,0,0,0
2024,1,NE,CIN,9,4,4,64,10,1736,,nickel,,punt,0,0,0,1
2024,1,NE,CIN,10,4,3,17,10,1597,,base,,field_goal,0,0,0,0
2024,1,CIN,NE,11,4,2,36,-13,1328,11,dime,6,pass,1,0,0,0
2024,1,NE,CIN,12,4,3,58,13,1247,,nickel,,punt,0,0,0,0
2024,1,NE,CIN,14,4,2,18,6,530,,base,,field_goal,0,0,0,0
2024,1,CIN,NE,15,4,7,33,-9,378,,base,,field_goal,0,0,0,0
2024,1,NE,CIN,16,4,7,55,6,194,,nickel,,punt,0,0,0,0
2024,1,CIN,NE,17,4,5,85,-6,146,12,dime,,punt,0,0,0,0
2024,1,NYJ,SF,1,4,3,63,0,3518,21,,,punt,0,0,0,0
2024,1,SF,NYJ,2,4,2,84,0,3424,12,base,,punt,0,0,0,0
2024,1,SF,NYJ,4,4,7,29,0,3363,,base,,field_goal,0,0,0,0
2024,1,SF,NYJ,6,4,9,33,-4,2650,,base,,field_goal,0,0,0,0
2024,1,NYJ,SF,7,4,10,70,1,2574,21,base,,punt,0,0,0,0
2024,1,NYJ,SF,9,4,5,65,-6,2128,21,,,punt,0,0,0,0
2024,1,SF,NYJ,10,4,10,13,6,1808,,base,,field_goal,0,0,0,0
2024,1,SF,NYJ,14,4,2,35,16,1113,,base,,field_goal,0,0,0,0
2024,1,SF,NYJ,16,4,1,5,13,586,,base,,field_goal,0,0,0,0
2024,1,NYJ,SF,17,4,1,50,-16,446,11,nickel,6,pass,0,0,0,0
2024,1,SF,NYJ,18,4,8,24,16,264,,base,,field_goal,0,0,0,0
2024,1,ATL,PIT,1,4,6,6,0,3249,,base,,field_goal,0,0,0,0
2024,1,PIT,ATL,2,4,4,39,-3,2982,,,,field_goal,0,0,0,0
2024,1,PIT,ATL,4,4,12,33,0,2578,,,,field_goal,0,0,0,0
2024,1,ATL,PIT,5,4,10,50,-3,2351,21,nickel,,punt,0,0,0,0
2024,1,PIT,ATL,6,4,10,55,3,2037,,base,,punt,0,0,0,0
2024,1,PIT,ATL,9,4,19,79,-1,1689,,base,,punt,0,0,0,0
2024,1,ATL,PIT,10,4,1,42,1,1579,heavy,base,8,run,10,1,0,0
2024,1,PIT,ATL,11,4,8,38,-1,1370,,,,field_goal,0,0,0,0
2024,1,ATL,PIT,12,4,13,70,-2,1143,21,nickel,,punt,0,0,0,0
2024,1,PIT,ATL,13,4,4,22,2,929,,,,field_goal,0,0,0,0
2024,1,ATL,PIT,14,4,15,75,-5,872,21,base,,punt,0,0,0,0
2024,1,PIT,ATL,15,4,1,6,5,430,11,base,7,run,0,0,0,0
2024,1,ATL,PIT,16,4,3,87,-5,325,21,nickel,,punt,0,0,0,0
2024,1,PIT,ATL,17,4,31,83,5,209,,base,,punt,0,0,0,0
2024,1,PIT,ATL,19,4,7,7,5,31,,,,field_goal,0,0,0,0
2024,1,TEN,CHI,1,4,9,77,0,3546,11,base,,punt,0,0,0,0
2024,1,CHI,TEN,2,4,3,50,0,3459,,,,punt,0,0,0,0
2024,1,TEN,CHI,3,4,11,81,0,3299,11,base,,punt,0,0,0,0
2024,1,CHI,TEN,4,4,3,41,0,3197,11,nickel,5,pass,5,1,0,0
2024,1,CHI,TEN,4,4,30,45,0,3033,,base,,punt,0,0,0,0
2024,1,TEN,CHI,6,4,9,22,7,2651,,base,,field_goal,0,0,0,0
2024,1,CHI,TEN,7,4,4,53,-10,2539,,base,,punt,0,0,0,0
2024,1,TEN,CHI,8,4,3,35,10,2256,11,nickel,5,pass,3,1,0,0
2024,1,CHI,TEN,9,4,1,25,-17,1920,12,base,8,run,4,1,0,0
2024,1,CHI,TEN,9,4,6,6,-17,1830,,base,6,field_goal,0,0,0,0
2024,1,CHI,TEN,11,4,30,73,-14,1657,,base,,punt,0,0,0,0
2024,1,TEN,CHI,12,4,15,67,14,1454,11,base,,punt,0,0,1,0
2024,1,TEN,CHI,13,4,17,76,7,1336,11,base,,punt,0,0,0,0
2024,1,CHI,TEN,14,4,13,78,-7,1272,,base,,punt,0,0,0,0
2024,1,TEN,CHI,15,4,1,70,7,1137,11,base,,punt,0,0,0,0
2024,1,CHI,TEN,16,4,2,32,-7,891,,base,,field_goal,0,0,0,0
2024,1,CHI,TEN,18,4,9,30,-4,597,,base,,field_goal,0,0,0,0
2024,1,TEN,CHI,20,4,5,65,-7,363,11,base,,punt,0,0,0,0
2024,1,CHI,TEN,21,4,6,43,7,153,,base,,punt,0,0,0,0
2024,1,TEN,CHI,22,4,10,60,-7,75,11,nickel,3,pass,0,0,0,1
2024,1,TB,WAS,1,4,3,38,0,3399,,base,,field_goal,0,0,0,0
2024,1,WAS,TB,2,4,17,77,-3,3281,21,base,,punt,0,0,0,0
2024,1,TB,WAS,3,4,5,16,3,3011,,base,,field_goal,0,0,0,0
2024,1,WAS,TB,4,4,3,29,-6,2721,,base,,field_goal,0,0,0,0
2024,1,TB,WAS,7,4,8,11,6,1820,,base,,field_goal,0,0,0,0
2024,1,WAS,TB,9,4,1,40,-9,1611,heavy,base,8,run,2,1,0,0
2024,1,WAS,TB,9,4,10,38,-9,1466,,,,field_goal,0,0,0,0
2024,1,WAS,TB,11,4,5,65,-16,1289,21,,,punt,0,0,0,0
2024,1,TB,WAS,12,4,12,78,16,1195,12,nickel,,punt,0,0,0,0
2024,1,WAS,TB,15,4,8,53,-16,675,21,,,punt,0,0,0,0
2024,2,PHI,ATL,1,4,6,48,0,3430,11,base,,punt,0,0,0,0
2024,2,ATL,PHI,2,4,4,72,0,3308,21,base,,punt,0,0,0,0
2024,2,PHI,ATL,3,4,4,9,0,2985,11,nickel,5,pass,0,0,0,0
2024,2,ATL,PHI,4,4,4,69,0,2821,21,base,,punt,0,0,0,0
2024,2,PHI,ATL,5,4,4,69,0,2729,11,base,,punt,0,0,0,0
2024,2,ATL,PHI,6,4,8,21,0,2487,,base,,field_goal,0,0,0,0
2024,2,PHI,ATL,7,4,3,41,-3,2323,11,nickel,6,run,23,1,0,0
2024,2,ATL,PHI,8,4,4,4,-4,1809,,base,,field_goal,0,0,0,0
2024,2,ATL,PHI,10,4,12,16,-1,1516,,base,,field_goal,0,0,0,0
2024,2,PHI,ATL,11,4,8,11,-2,1171,,base,,field_goal,0,0,0,0
2024,2,ATL,PHI,12,4,4,53,-1,1032,11,nickel,6,pass,12,1,0,0
2024,2,PHI,ATL,13,4,1,46,-5,749,12,nickel,8,run,3,1,0,0
2024,2,ATL,PHI,14,4,1,61,-3,342,11,nickel,8,run,0,0,0,0
2024,2,PHI,ATL,15,4,3,10,3,102,,base,9,field_goal,0,0,0,0
2024,2,BUF,MIA,2,4,3,17,0,3295,11,nickel,5,pass,17,1,1,0
2024,2,BUF,MIA,4,4,1,61,0,2827,11,base,,punt,0,0,0,0
2024,2,BUF,MIA,6,4,7,25,0,2565,,base,,field_goal,0,0,0,0
2024,2,MIA,BUF,7,4,3,63,-3,2462,11,nickel,,punt,0,0,0,0
2024,2,MIA,BUF,9,4,2,45,-10,2030,11,dime,4,pass,-6,0,0,0
2024,2,BUF,MIA,13,4,7,50,14,1637,11,base,,punt,0,0,0,0
2024,2,MIA,BUF,15,4,4,13,-21,1176,11,dime,5,run,6,1,0,0
2024,2,MIA,BUF,15,4,8,8,-21,1063,11,dime,5,pass,-7,0,0,0
2024,2,BUF,MIA,16,4,2,65,21,863,11,base,,punt,0,0,0,0
2024,2,MIA,BUF,17,4,9,63,-21,715,11,dime,5,run,4,0,0,0
2024,2,BUF,MIA,18,4,11,27,21,479,,base,,field_goal,0,0,0,0
2024,2,MIA,BUF,19,4,2,11,-21,128,11,nickel,5,pass,0,0,0,0
2024,2,HOU,CHI,1,4,5,38,0,3325,,base,,field_goal,0,0,0,0
2024,2,CHI,HOU,2,4,19,35,-3,2935,,base,,field_goal,0,0,0,0
2024,2,HOU,CHI,3,4,1,50,0,2800,12,base,7,pass,18,1,0,0
2024,2,CHI,HOU,4,4,4,64,-7,2620,,base,,punt,0,0,0,0
2024,2,HOU,CHI,5,4,1,29,7,2398,,base,,field_goal,0,0,0,0
2024,2,CHI,HOU,6,4,1,61,-10,2305,11,nickel,8,run,1,1,0,0
2024,2,CHI,HOU,6,4,17,67,-10,2167,,base,,punt,0,0,0,0
2024,2,HOU,CHI,7,4,11,88,10,2029,21,base,,punt,0,0,0,0
2024,2,CHI,HOU,11,4,3,63,-6,1715,,base,,punt,0,0,0,0
2024,2,HOU,CHI,12,4,4,67,6,1586,21,base,,punt,0,0,0,0
2024,2,CHI,HOU,13,4,4,81,-6,1478,,base,,punt,0,0,0,0
2024,2,HOU,CHI,14,4,15,91,6,1448,21,base,,punt,0,0,0,0
2024,2,CHI,HOU,15,4,8,48,-6,1232,,base,,punt,0,0,0,0
2024,2,HOU,CHI,16,4,20,75,6,1117,21,base,,punt,0,0,0,0
2024,2,HOU,CHI,18,4,6,34,6,823,,base,,field_goal,0,0,0,0
2024,2,HOU,CHI,20,4,10,43,9,651,21,base,,punt,0,0,0,0
2024,2,CHI,HOU,21,4,14,98,-9,576,,base,,punt,0,0,0,0
2024,2,CHI,HOU,23,4,4,36,-9,176,,base,,field_goal,0,0,0,0
2024,2,HOU,CHI,24,4,13,64,6,105,21,base,,punt,0,0,0,0
2024,2,CHI,HOU,25,4,17,60,-6,34,11,dime,5,pass,0,0,0,0
2024,2,CIN,KC,1,4,3,43,0,3434,11,dime,5,pass,37,1,0,0
2024,2,CIN,KC,1,4,4,4,0,3344,,base,,field_goal,0,0,0,0
2024,2,KC,CIN,2,4,1,3,-3,2989,21,nickel,7,run,1,1,0,0
2024,2,KC,CIN,2,4,1,1,-3,2833,,base,,field_goal,0,0,0,0
2024,2,CIN,KC,3,4,6,72,0,2738,21,base,,punt,0,0,0,0
2024,2,CIN,KC,7,4,13,15,0,2063,,base,,field_goal,0,0,0,0
2024,2,CIN,KC,9,4,5,30,3,1897,,base,,field_goal,0,0,0,0
2024,2,KC,CIN,10,4,11,50,-6,1824,11,,,punt,0,0,0,0
2024,2,KC,CIN,12,4,1,37,-6,1621,12,base,8,run,5,1,0,0
2024,2,CIN,KC,13,4,3,3,-1,1042,11,nickel,6,pass,3,1,1,0
2024,2,CIN,KC,16,4,12,35,-1,573,,base,,field_goal,0,0,0,0
2024,2,KC,CIN,17,4,10,70,-2,428,11,nickel,,punt,0,0,0,0
2024,2,CIN,KC,18,4,15,67,2,166,21,base,,punt,0,0,0,0
2024,2,KC,CIN,19,4,16,65,-2,48,11,dime,3,penalty,29,1,0,0
2024,2,KC,CIN,19,4,6,32,-2,3,,base,,field_goal,0,0,0,0
2024,2,JAX,CLE,1,4,7,65,0,3417,12,base,,punt,0,0,0,0
2024,2,JAX,CLE,3,4,5,65,-7,2799,12,base,,punt,0,0,0,0
2024,2,CLE,JAX,4,4,1,41,7,2502,11,base,8,run,2,1,0,0
2024,2,CLE,JAX,4,4,6,35,7,2397,,base,,field_goal,0,0,0,0
2024,2,JAX,CLE,5,4,4,4,-10,2087,,base,,field_goal,0,0,0,0
2024,2,CLE,JAX,6,4,1,63,7,1983,11,base,9,run,36,1,0,0
2024,2,CLE,JAX,6,4,3,20,7,1831,,base,,field_goal,0,0,0,0
2024,2,CLE,JAX,8,4,4,64,10,1766,,,,punt,0,0,0,0
2024,2,JAX,CLE,9,4,17,87,-10,1668,12,base,,punt,0,0,0,0
2024,2,CLE,JAX,10,4,12,26,10,1525,,base,,field_goal,0,0,0,0
2024,2,JAX,CLE,11,4,16,25,-13,1252,,base,,field_goal,0,0,0,0
2024,2,CLE,JAX,12,4,12,59,13,1057,,,,punt,0,0,0,0
2024,2,CLE,JAX,14,4,7,67,6,864,,,,punt,0,0,0,0
2024,2,JAX,CLE,15,4,7,7,-6,454,,base,,field_goal,0,0,0,0
2024,2,CLE,JAX,16,4,1,26,3,204,11,base,8,run,2,1,0,0
2024,2,CLE,JAX,16,4,27,41,3,116,,,,punt,0,0,0,0
2024,2,CLE,JAX,18,4,6,38,5,93,,,,punt,0,0,0,0
2024,2,GB,IND,1,4,7,28,0,3334,,base,,field_goal,0,0,0,0
2024,2,IND,GB,2,4,7,67,-3,3287,,nickel,,punt,0,0,0,0
2024,2,IND,GB,6,4,8,68,-10,2366,,nickel,,punt,0,0,0,0
2024,2,GB,IND,7,4,7,50,10,2055,,base,,punt,0,0,0,0
2024,2,IND,GB,8,4,8,59,-10,1911,,nickel,,punt,0,0,0,0
2024,2,IND,GB,10,4,4,54,-10,1644,11,nickel,6,pass,0,0,0,0
2024,2,GB,IND,11,4,5,23,10,1409,,base,,field_goal,0,0,0,0
2024,2,IND,GB,12,4,5,16,-13,1176,,base,,field_goal,0,0,0,0
2024,2,GB,IND,13,4,15,75,10,1024,,base,,punt,0,0,0,0
2024,2,IND,GB,14,4,5,32,-10,856,,base,,field_goal,0,0,0,0
2024,2,GB,IND,15,4,10,16,10,654,,base,,field_goal,0,0,0,0
2024,2,GB,IND,17,4,5,26,13,255,,base,,field_goal,0,0,0,0
2024,2,IND,GB,18,4,11,15,-13,120,11,nickel,6,run,11,1,0,0
2024,2,GB,IND,19,4,10,43,6,49,,base,,punt,0,0,0,0
2024,2,CAR,LAC,2,4,2,62,-6,3176,,base,,punt,0,0,0,0
2024,2,CAR,LAC,4,4,12,43,-6,3006,,,,punt,0,0,0,0
2024,2,LAC,CAR,5,4,1,51,6,2784,,,,punt,0,0,0,0
2024,2,CAR,LAC,6,4,6,83,-6,2672,,base,,punt,0,0,0,0
2024,2,LAC,CAR,7,4,5,44,6,2574,,,,punt,0,0,0,0
2024,2,CAR,LAC,8,4,5,75,-6,2424,,base,,punt,0,0,0,0
2024,2,CAR,LAC,12,4,10,65,-20,1825,,base,,punt,0,0,0,0
2024,2,CAR,LAC,14,4,5,20,-20,1642,,,,field_goal,0,0,0,0
2024,2,LAC,CAR,15,4,2,28,17,1447,,base,,field_goal,0,0,0,0
2024,2,CAR,LAC,16,4,15,75,-20,1359,,base,,punt,0,0,0,0
2024,2,CAR,LAC,18,4,2,75,-20,909,,,,punt,0,0,0,0
2024,2,LAC,CAR,19,4,5,23,20,666,,base,,field_goal,0,0,0,0
2024,2,CAR,LAC,20,4,2,55,-23,569,11,base,6,pass,7,1,0,0
2024,2,CAR,LAC,20,4,18,43,-23,359,11,nickel,3,pass,10,0,0,0
2024,2,LAC,CAR,21,4,9,53,23,199,11,base,,punt,0,0,0,0
2024,2,CAR,LAC,22,4,3,74,-23,124,11,nickel,6,pass,0,0,0,0
2024,2,LA,ARI,1,4,2,41,0,3517,11,nickel,7,pass,1,0,0,0
2024,2,LA,ARI,3,4,12,72,-7,3249,21,base,,punt,0,0,0,0
2024,2,LA,ARI,5,4,4,64,-14,3133,21,base,,punt,0,0,0,0
2024,2,LA,ARI,7,4,8,11,-21,2381,,base,,field_goal,0,0,0,0
2024,2,ARI,LA,8,4,5,30,18,2113,,base,,field_goal,0,0,0,0
2024,2,LA,ARI,9,4,14,74,-21,1993,12,base,,punt,0,0,0,0
2024,2,ARI,LA,10,4,15,77,21,1920,11,base,,punt,0,0,0,0
2024,2,LA,ARI,11,4,4,4,-21,1805,11,nickel,6,pass,0,0,0,0
2024,2,LA,ARI,13,4,2,62,-28,1433,12,,,punt,0,0,0,0
2024,2,ARI,LA,14,4,5,39,28,1112,,base,,field_goal,0,0,0,0
2024,2,LA,ARI,15,4,1,8,-31,982,11,nickel,6,run,4,1,0,0
2024,2,LV,BAL,1,4,18,84,0,3474,11,base,,punt,0,0,0,0
2024,2,BAL,LV,2,4,6,30,0,3214,,,,field_goal,0,0,0,0
2024,2,LV,BAL,3,4,12,60,-3,2967,11,base,,punt,0,0,0,0
2024,2,BAL,LV,4,4,9,79,3,2843,,base,,punt,0,0,0,0
2024,2,LV,BAL,5,4,4,54,-3,2749,11,base,,punt,0,0,0,0
2024,2,BAL,LV,6,4,7,77,3,2656,,base,,punt,0,0,0,0
2024,2,LV,BAL,7,4,6,35,-3,2363,,base,,field_goal,0,0,0,0
2024,2,BAL,LV,8,4,5,25,0,2164,,,,field_goal,0,0,0,0
2024,2,BAL,LV,10,4,8,38,3,1950,,,,field_goal,0,0,0,0
2024,2,LV,BAL,11,4,14,33,-3,1902,,base,,field_goal,0,0,0,0
2024,2,LV,BAL,15,4,2,25,-10,1362,11,nickel,6,pass,0,0,0,0
2024,2,LV,BAL,19,4,6,6,-10,564,,base,,field_goal,0,0,0,0
2024,2,BAL,LV,20,4,5,75,7,464,,base,,punt,0,0,0,0
2024,2,BAL,LV,22,4,16,76,0,147,,base,,punt,0,0,0,0
2024,2,LV,BAL,23,4,3,20,0,31,,base,,field_goal,0,0,0,0
2024,2,BAL,LV,24,4,10,59,-3,1,11,dime,4,run,5,1,0,0
2024,2,DAL,NO,2,4,1,44,-7,3128,11,dime,7,run,4,1,0,0
2024,2,DAL,NO,2,4,9,34,-7,2959,,base,,field_goal,0,0,0,0
2024,2,DAL,NO,4,4,15,20,-11,2502,,base,,field_goal,0,0,0,0
2024,2,DAL,NO,11,4,21,22,-19,1448,,base,,field_goal,0,0,0,0
2024,2,DAL,NO,13,4,4,16,-22,825,11,dime,4,pass,0,0,0,0
2024,2,NO,DAL,16,4,12,61,22,583,,base,,punt,0,0,0,0
2024,2,DAL,NO,17,4,9,87,-22,476,11,dime,6,pass,0,0,0,0
2024,2,NO,DAL,18,4,5,8,22,315,,base,,field_goal,0,0,0,0
2024,2,DAL,NO,19,4,4,64,-25,257,11,base,,punt,0,0,0,0
2024,2,WAS,NYG,1,4,1,31,0,3229,21,base,7,run,6,1,0,0
2024,2,WAS,NYG,1,4,6,9,0,3027,,base,,field_goal,0,0,0,0
2024,2,WAS,NYG,3,4,13,27,-3,2441,,base,,field_goal,0,0,0,0
2024,2,NYG,WAS,4,4,8,45,0,2303,,base,,punt,0,0,0,0
2024,2,WAS,NYG,5,4,4,8,0,1913,,base,,field_goal,0,0,0,0
2024,2,WAS,NYG,9,4,8,9,-3,1381,,base,,field_goal,0,0,0,0
2024,2,NYG,WAS,10,4,10,66,0,1360,,nickel,,punt,0,0,0,0
2024,2,WAS,NYG,11,4,11,11,0,1070,,base,,field_goal,0,0,0,0
2024,2,NYG,WAS,12,4,3,31,-3,867,11,nickel,7,pass,4,1,0,0
2024,2,WAS,NYG,13,4,15,15,-3,436,,base,,field_goal,0,0,0,0
2024,2,NYG,WAS,14,4,4,22,0,129,11,nickel,6,pass,0,0,0,0
2024,2,TEN,NYJ,1,4,4,64,0,3482,11,base,,punt,0,0,0,0
2024,2,NYJ,TEN,2,4,18,73,0,3259,21,base,,punt,0,0,0,0
2024,2,NYJ,TEN,4,4,3,61,-7,2700,21,base,,punt,0,0,0,0
2024,2,NYJ,TEN,6,4,6,84,-7,2230,21,base,,punt,0,0,0,0
2024,2,TEN,NYJ,11,4,16,76,-4,1479,11,base,,punt,0,0,0,0
2024,2,NYJ,TEN,12,4,17,75,4,1422,21,base,,punt,0,0,0,0
2024,2,TEN,NYJ,13,4,10,62,-4,1399,11,base,,punt,0,0,0,0
2024,2,NYJ,TEN,14,4,6,15,4,1261,,base,,field_goal,0,0,0,0
2024,2,NYJ,TEN,16,4,11,60,0,900,21,base,,punt,0,0,0,0
2024,2,TEN,NYJ,17,4,2,67,0,789,11,base,,punt,0,0,0,0
2024,2,NYJ,TEN,18,4,2,63,0,617,21,base,,punt,0,0,0,0
2024,2,TEN,NYJ,19,4,6,81,0,528,11,base,,punt,0,0,0,0
2024,2,TEN,NYJ,21,4,14,14,-7,23,11,nickel,5,pass,0,0,0,0
2024,2,DEN,PIT,1,4,3,63,0,3489,,nickel,,punt,0,0,0,0
2024,2,PIT,DEN,2,4,2,68,0,3398,,nickel,,punt,0,0,0,0
2024,2,DEN,PIT,3,4,9,84,0,3281,,nickel,,punt,0,0,0,0
2024,2,DEN,PIT,5,4,6,52,-7,2650,,nickel,,punt,0,0,0,0
2024,2,PIT,DEN,6,4,12,51,7,2233,,nickel,,punt,0,0,0,0
2024,2,DEN,PIT,7,4,7,39,-7,1952,11,dime,5,pass,0,0,0,0
2024,2,PIT,DEN,9,4,10,58,10,1673,,nickel,,punt,0,0,0,0
2024,2,DEN,PIT,10,4,5,75,-10,1519,,nickel,,punt,0,0,0,0
2024,2,PIT,DEN,11,4,8,74,10,1442,,dime,,punt,0,0,0,0
2024,2,PIT,DEN,13,4,2,35,10,1160,,,,field_goal,0,0,0,0
2024,2,DEN,PIT,14,4,6,66,-13,1093,,nickel,,punt,0,0,0,0
2024,2,PIT,DEN,15,4,12,83,13,986,,nickel,,punt,0,0,0,0
2024,2,DEN,PIT,16,4,6,42,-13,758,11,dime,5,pass,22,1,0,0
2024,2,DEN,PIT,16,4,6,16,-13,645,,base,,field_goal,0,0,0,0
2024,2,PIT,DEN,17,4,4,80,10,536,,base,,punt,0,0,0,0
2024,2,DEN,PIT,18,4,8,67,-10,477,,nickel,,punt,0,0,0,0
2024,2,PIT,DEN,19,4,7,56,10,293,12,base,,punt,0,0,0,0
2024,2,DEN,PIT,20,4,5,11,-10,116,,base,,field_goal,0,0,0,0
2024,2,PIT,DEN,21,4,4,64,7,18,11,nickel,,punt,0,0,0,0
2024,2,NE,SEA,1,4,11,71,0,3491,,base,,punt,0,0,0,0
2024,2,SEA,NE,2,4,15,78,0,3302,,dime,,punt,0,0,0,0
2024,2,NE,SEA,5,4,8,11,0,2468,,base,,field_goal,0,0,0,0
2024,2,SEA,NE,6,4,1,36,-3,2282,12,nickel,8,run,2,1,0,0
2024,2,NE,SEA,7,4,9,10,-4,1954,,base,,field_goal,0,0,0,0
2024,2,SEA,NE,8,4,6,66,1,1903,,dime,,punt,0,0,0,0
2024,2,NE,SEA,9,4,8,90,-1,1847,,base,,punt,0,0,0,0
2024,2,SEA,NE,11,4,1,23,4,1526,heavy,base,8,run,-1,0,0,0
2024,2,NE,SEA,12,4,1,66,-4,1363,,base,,punt,0,0,0,0
2024,2,SEA,NE,13,4,7,87,4,1308,,dime,,punt,0,0,0,0
2024,2,NE,SEA,14,4,16,67,-4,1244,,base,,punt,0,0,0,0
2024,2,SEA,NE,15,4,4,74,4,1150,,dime,,punt,0,0,0,0
2024,2,SEA,NE,17,4,12,61,-3,557,,dime,,punt,0,0,0,0
2024,2,NE,SEA,18,4,15,30,3,239,,base,,field_goal,0,0,0,0
2024,2,SEA,NE,19,4,6,20,-3,58,,base,,field_goal,0,0,0,0
2024,2,NE,SEA,20,4,3,63,0,26,,base,,punt,0,0,0,0
2024,2,NE,SEA,22,4,1,61,0,500,,base,,punt,0,0,0,0
2024,2,SF,MIN,1,4,3,63,0,3515,12,base,,punt,0,0,0,0
2024,2,MIN,SF,2,4,10,52,0,3283,,,,punt,0,0,0,0
2024,2,SF,MIN,3,4,5,50,0,3124,12,,,punt,0,0,0,0
2024,2,MIN,SF,4,4,4,4,0,2988,,base,,field_goal,0,0,0,0
2024,2,SF,MIN,5,4,3,45,-3,2613,,dime,6,pass,25,1,0,0
2024,2,SF,MIN,5,4,2,2,-3,2431,11,,7,pass,0,0,0,0
2024,2,SF,MIN,7,4,2,43,-10,2199,11,dime,5,run,1,0,0,0
2024,2,MIN,SF,11,4,17,77,6,1722,,base,,punt,0,0,0,0
2024,2,SF,MIN,12,4,17,56,-6,1525,12,,,punt,0,0,0,0
2024,2,MIN,SF,13,4,8,66,6,1374,,base,,punt,0,0,0,0
2024,2,MIN,SF,19,4,8,8,6,213,,base,,field_goal,0,0,0,0
2024,2,SF,MIN,20,4,10,13,-9,75,,base,,field_goal,0,0,0,0
2024,2,TB,DET,1,4,12,12,0,3394,,base,,field_goal,0,0,0,0
2024,2,TB,DET,3,4,3,37,3,3245,,base,,field_goal,0,0,0,0
2024,2,DET,TB,4,4,3,3,-6,3136,,base,,field_goal,0,0,0,0
2024,2,TB,DET,5,4,15,63,3,2986,11,base,,punt,0,0,0,0
2024,2,DET,TB,6,4,9,17,-3,2571,,base,,field_goal,0,0,0,0
2024,2,DET,TB,8,4,12,80,-7,2291,21,base,,pass,17,1,0,0
2024,2,DET,TB,8,4,2,55,-7,2197,11,nickel,6,run,3,1,0,0
2024,2,DET,TB,8,4,6,48,-7,2109,21,base,,punt,0,0,0,0
2024,2,DET,TB,11,4,3,13,-7,1617,,base,,field_goal,0,0,0,0
2024,2,TB,DET,12,4,13,73,4,1484,11,base,,punt,0,0,0,0
2024,2,DET,TB,15,4,7,41,-4,781,21,base,,punt,0,0,0,0
2024,2,TB,DET,16,4,11,77,4,609,11,base,,punt,0,0,0,0
2024,2,TB,DET,18,4,12,65,4,319,11,base,,punt,0,0,0,0
2024,2,DET,TB,19,4,1,36,-4,83,12,base,7,run,23,1,0,0
2024,2,DET,TB,19,4,8,11,-4,61,11,nickel,5,pass,5,0,0,0
2024,2,TB,DET,20,4,6,90,4,42,11,base,,punt,0,0,0,0
2024,2,DET,TB,21,4,10,26,-4,6,11,nickel,4,pass,0,0,0,0
2024,3,DAL,BAL,1,4,15,72,0,3433,,base,,punt,0,0,0,0
2024,3,DAL,BAL,3,4,12,46,-7,3098,,,,field_goal,0,0,0,0
2024,3,BAL,DAL,6,4,4,62,11,2368,,base,,punt,0,0,0,0
2024,3,DAL,BAL,7,4,10,93,-11,2308,,base,,punt,0,0,0,0
2024,3,BAL,DAL,8,4,6,49,11,2153,,,,punt,0,0,0,0
2024,3,DAL,BAL,9,4,7,66,-11,1995,,base,,punt,0,0,0,0
2024,3,DAL,BAL,14,4,29,48,-22,1380,,base,,punt,0,0,0,0
2024,3,BAL,DAL,15,4,30,72,22,1003,,,,punt,0,0,0,0
2024,3,DAL,BAL,16,4,14,38,-22,892,,nickel,7,pass,0,0,0,0
2024,3,BAL,DAL,17,4,2,28,22,644,,,,field_goal,0,0,0,0
2024,3,BAL,DAL,20,4,3,40,10,334,,,,punt,0,0,0,0
2024,3,LV,CAR,2,4,4,64,-7,3243,11,base,,punt,0,0,0,0
2024,3,CAR,LV,3,4,2,49,7,3058,11,base,,punt,0,0,0,0
2024,3,LV,CAR,6,4,4,39,-7,2216,11,nickel,6,pass,0,0,0,0
2024,3,CAR,LV,7,4,11,62,7,2118,11,base,,punt,0,0,0,0
2024,3,LV,CAR,8,4,2,52,-7,2019,11,,,punt,0,0,0,0
2024,3,CAR,LV,9,4,5,76,7,1920,11,base,,punt,0,0,0,0
2024,3,LV,CAR,10,4,17,74,-7,1883,11,base,,punt,0,0,0,0
2024,3,LV,CAR,13,4,6,69,-14,1713,11,,,punt,0,0,0,0
2024,3,CAR,LV,14,4,2,25,14,1503,,,,field_goal,0,0,0,0
2024,3,LV,CAR,15,4,1,63,-17,1397,11,nickel,5,run,0,0,0,0
2024,3,CAR,LV,16,4,9,17,17,1190,,,,field_goal,0,0,0,0
2024,3,LV,CAR,17,4,2,62,-20,1112,11,,,punt,0,0,0,0
2024,3,CAR,LV,20,4,10,70,18,562,11,base,,punt,0,0,0,0
2024,3,CAR,LV,22,4,3,8,18,290,,,,field_goal,0,0,0,0
2024,3,LV,CAR,23,4,5,65,-21,206,11,dime,5,pass,16,1,0,0
2024,3,CHI,IND,1,4,1,50,0,3409,heavy,base,8,pass,8,1,0,0
2024,3,CHI,IND,1,4,6,38,0,3278,,,,field_goal,0,0,0,0
2024,3,IND,CHI,2,4,10,54,0,3214,,base,,punt,0,0,0,0
2024,3,CHI,IND,3,4,8,53,0,3100,,base,,punt,0,0,0,0
2024,3,IND,CHI,4,4,8,67,0,2896,,base,,punt,0,0,0,0
2024,3,CHI,IND,5,4,10,74,0,2707,,base,,punt,0,0,0,0
2024,3,CHI,IND,9,4,1,5,-7,1946,11,base,8,run,1,1,0,0
2024,3,CHI,IND,9,4,1,1,-7,1906,heavy,base,8,run,-12,0,0,0
2024,3,IND,CHI,10,4,3,69,7,1859,,base,,punt,0,0,0,0
2024,3,CHI,IND,11,4,2,45,-7,1801,11,dime,4,pass,44,1,0,0
2024,3,CHI,IND,13,4,7,34,-7,1676,,,,field_goal,0,0,0,0
2024,3,IND,CHI,14,4,4,68,4,1589,,base,,punt,0,0,0,0
2024,3,CHI,IND,15,4,18,92,-4,1505,,base,,penalty,15,1,0,0
2024,3,IND,CHI,16,4,3,38,4,1350,11,nickel,7,run,1,0,0,0
2024,3,CHI,IND,17,4,4,57,-4,1257,,base,,punt,0,0,0,0
2024,3,IND,CHI,18,4,2,72,4,1120,,base,,penalty,5,1,0,0
2024,3,IND,CHI,20,4,10,59,5,423,,base,,punt,0,0,0,0
2024,3,CHI,IND,23,4,1,6,-12,125,12,nickel,6,pass,6,1,1,0
2024,3,TB,DEN,2,4,8,73,-7,3277,11,base,,punt,0,0,0,0
2024,3,DEN,TB,3,4,5,62,7,3183,,base,,punt,0,0,0,0
2024,3,DEN,TB,5,4,1,1,7,2882,12,,10,run,1,1,1,0
2024,3,TB,DEN,6,4,7,67,-14,2785,11,nickel,,punt,0,0,0,0
2024,3,DEN,TB,7,4,1,57,14,2709,,nickel,10,run,3,1,0,0
2024,3,DEN,TB,7,4,15,25,14,2369,,base,,field_goal,0,0,0,0
2024,3,TB,DEN,8,4,2,45,-17,2166,11,nickel,6,pass,0,0,0,0
2024,3,DEN,TB,11,4,1,20,10,1806,,base,,field_goal,0,0,0,0
2024,3,TB,DEN,13,4,17,51,-13,1634,11,nickel,,punt,0,0,0,0
2024,3,DEN,TB,14,4,7,88,13,1578,,base,,punt,0,0,0,0
2024,3,TB,DEN,15,4,18,53,-13,1379,11,nickel,,punt,0,0,0,0
2024,3,DEN,TB,16,4,4,15,13,895,,base,,field_goal,0,0,0,0
2024,3,TB,DEN,17,4,3,25,-16,599,11,nickel,6,pass,0,0,0,0
2024,3,DEN,TB,18,4,3,25,16,455,,base,,field_goal,0,0,0,0
2024,3,ARI,DET,4,4,1,61,-6,2434,12,base,,punt,0,0,0,0
2024,3,DET,ARI,5,4,9,68,6,2234,21,base,,punt,0,0,0,0
2024,3,ARI,DET,6,4,2,70,-6,2068,12,base,,punt,0,0,0,0
2024,3,DET,ARI,10,4,6,63,10,1532,21,base,,punt,0,0,0,0
2024,3,ARI,DET,11,4,1,89,-10,1443,12,base,,punt,0,0,0,0
2024,3,ARI,DET,13,4,1,24,-10,1266,heavy,base,7,run,0,0,0,0
2024,3,DET,ARI,14,4,1,34,10,1095,11,nickel,7,run,0,0,0,0
2024,3,ARI,DET,15,4,13,68,-10,1039,12,base,,punt,0,0,0,0
2024,3,DET,ARI,16,4,12,48,10,811,21,base,,punt,0,0,0,0
2024,3,ARI,DET,17,4,6,52,-10,672,11,nickel,6,pass,0,0,0,0
2024,3,DET,ARI,18,4,8,45,10,583,21,base,,punt,0,0,0,0
2024,3,ARI,DET,19,4,10,72,-10,526,12,base,,punt,0,0,0,0
2024,3,DET,ARI,20,4,1,53,10,414,21,,,punt,0,0,0,0
2024,3,ARI,DET,21,4,4,26,-10,232,,base,,field_goal,0,0,0,0
2024,3,GB,TEN,3,4,3,3,0,2768,,base,,field_goal,0,0,0,0
2024,3,TEN,GB,5,4,5,54,-10,2566,,nickel,,punt,0,0,0,0
2024,3,GB,TEN,6,4,8,45,10,2308,,base,,punt,0,0,0,0
2024,3,TEN,GB,7,4,7,77,-10,2170,,nickel,,punt,0,0,0,0
2024,3,GB,TEN,8,4,5,8,10,1803,,base,,field_goal,0,0,0,0
2024,3,TEN,GB,9,4,2,63,-13,1604,11,nickel,7,pass,0,0,0,0
2024,3,GB,TEN,10,4,4,30,13,1455,,base,,penalty,5,1,0,0
2024,3,GB,TEN,12,4,8,68,13,1073,,base,,punt,0,0,0,0
2024,3,GB,TEN,14,4,11,43,13,782,,base,,punt,0,0,0,0
2024,3,TEN,GB,15,4,18,72,-13,606,,nickel,,punt,0,0,0,0
2024,3,GB,TEN,16,4,5,63,13,544,,base,,punt,0,0,0,0
2024,3,TEN,GB,17,4,24,94,-13,412,,nickel,,punt,0,0,0,0
2024,3,GB,TEN,18,4,5,29,13,214,,base,,field_goal,0,0,0,0
2024,3,GB,TEN,20,4,7,79,16,67,,base,,punt,0,0,0,0
2024,3,HOU,MIN,3,4,3,38,-7,3111,11,dime,5,pass,3,1,0,0
2024,3,HOU,MIN,3,4,11,36,-7,2976,,base,,field_goal,0,0,0,0
2024,3,HOU,MIN,5,4,8,68,-14,2700,,base,,punt,0,0,0,0
2024,3,MIN,HOU,6,4,19,93,14,2607,11,base,,punt,0,0,0,0
2024,3,HOU,MIN,7,4,19,40,-14,2326,,,,punt,0,0,0,0
2024,3,MIN,HOU,8,4,8,53,14,2158,11,base,,punt,0,0,0,0
2024,3,HOU,MIN,9,4,3,53,-14,1918,,,,punt,0,0,0,0
2024,3,MIN,HOU,10,4,16,61,14,1846,11,base,,punt,0,0,0,0
2024,3,HOU,MIN,13,4,8,68,-21,1452,,base,,punt,0,0,0,0
2024,3,MIN,HOU,14,4,20,77,21,1354,11,base,,punt,0,0,0,0
2024,3,MIN,HOU,16,4,1,27,14,989,12,nickel,9,run,3,1,0,0
2024,3,MIN,HOU,16,4,3,17,14,897,,base,,field_goal,0,0,0,0
2024,3,HOU,MIN,19,4,18,60,-24,478,11,dime,6,pass,15,0,0,0
2024,3,MIN,HOU,20,4,5,40,24,288,,base,,field_goal,0,0,0,0
2024,3,HOU,MIN,21,4,2,42,-27,183,11,dime,6,pass,9,1,0,0
2024,3,HOU,MIN,21,4,3,3,-27,52,12,nickel,6,pass,0,0,0,0
2024,3,BUF,JAX,1,4,3,44,0,3481,11,nickel,5,pass,12,1,0,0
2024,3,JAX,BUF,2,4,9,72,-6,3229,12,base,,punt,0,0,0,0
2024,3,BUF,JAX,3,4,1,11,6,3037,11,nickel,7,run,2,1,0,0
2024,3,JAX,BUF,4,4,1,61,-13,2785,12,nickel,7,run,2,1,0,0
2024,3,JAX,BUF,4,4,9,23,-13,2443,,base,,field_goal,0,0,0,0
2024,3,JAX,BUF,6,4,1,61,-17,2103,12,nickel,7,run,2,1,0,0
2024,3,JAX,BUF,8,4,18,67,-24,1885,12,base,,punt,0,0,0,0
2024,3,JAX,BUF,10,4,2,62,-31,1802,heavy,dime,4,pass,0,0,0,0
2024,3,JAX,BUF,11,4,1,39,-31,1642,12,nickel,7,run,2,1,0,0
2024,3,BUF,JAX,12,4,7,9,24,1206,,base,,field_goal,0,0,0,0
2024,3,JAX,BUF,13,4,1,42,-27,1007,12,nickel,7,run,3,1,0,0
2024,3,JAX,BUF,13,4,17,17,-27,853,,dime,4,pass,-10,0,0,0
2024,3,BUF,JAX,14,4,3,66,27,722,11,,,punt,0,0,0,0
2024,3,JAX,BUF,15,4,10,68,-27,604,11,dime,6,pass,0,0,0,0
2024,3,BUF,JAX,16,4,3,25,27,468,,base,,field_goal,0,0,0,0
2024,3,JAX,BUF,19,4,8,10,-37,48,11,nickel,5,pass,0,0,0,0
2024,3,KC,ATL,2,4,1,39,-7,3116,11,base,8,run,1,1,0,0
2024,3,ATL,KC,3,4,9,67,7,2710,21,base,,punt,0,0,0,0
2024,3,KC,ATL,6,4,2,35,-7,1968,,base,,field_goal,0,0,0,0
2024,3,ATL,KC,7,4,13,73,4,1906,21,base,,punt,0,0,0,0
2024,3,KC,ATL,8,4,5,61,-4,1871,11,base,,punt,0,0,0,0
2024,3,KC,ATL,10,4,2,26,-4,1811,,base,,field_goal,0,0,0,0
2024,3,KC,ATL,12,4,3,3,-1,1482,,base,,field_goal,0,0,0,0
2024,3,ATL,KC,13,4,3,65,-2,1349,21,,,punt,0,0,0,0
2024,3,ATL,KC,15,4,7,36,-8,776,,base,,field_goal,0,0,0,0
2024,3,KC,ATL,16,4,2,62,5,691,11,base,,punt,0,0,0,0
2024,3,ATL,KC,17,4,2,18,-5,368,11,nickel,6,pass,7,1,0,0
2024,3,ATL,KC,17,4,5,6,-5,248,11,nickel,5,pass,0,0,0,0
2024,3,KC,ATL,18,4,2,86,5,153,11,base,,punt,0,0,0,0
2024,3,ATL,KC,19,4,1,13,-5,56,heavy,base,9,run,-3,0,0,0
2024,3,LAC,PIT,1,4,8,68,0,3458,11,nickel,,punt,0,0,0,0
2024,3,PIT,LAC,2,4,7,76,0,3347,,base,,punt,0,0,0,0
2024,3,LAC,PIT,3,4,8,74,0,3180,11,nickel,,punt,0,0,0,0
2024,3,PIT,LAC,4,4,18,84,0,3046,,base,,punt,0,0,0,0
2024,3,LAC,PIT,7,4,8,10,0,1996,,base,,field_goal,0,0,0,0
2024,3,PIT,LAC,8,4,4,64,-3,1916,,base,,punt,0,0,0,0
2024,3,LAC,PIT,9,4,6,60,3,1852,11,nickel,,punt,0,0,0,0
2024,3,PIT,LAC,10,4,4,44,-3,1806,,,,field_goal,0,0,0,0
2024,3,PIT,LAC,12,4,13,20,-3,1448,,,,field_goal,0,0,0,0
2024,3,LAC,PIT,13,4,15,93,0,1389,11,nickel,,punt,0,0,0,0
2024,3,LAC,PIT,15,4,14,70,0,1248,11,nickel,,punt,0,0,0,0
2024,3,PIT,LAC,16,4,8,12,0,857,,,,field_goal,0,0,0,0
2024,3,LAC,PIT,17,4,13,57,-3,593,11,nickel,,punt,0,0,0,0
2024,3,LAC,PIT,19,4,24,84,-10,313,11,base,,punt,0,0,0,0
2024,3,SEA,MIA,1,4,10,37,0,3354,,base,,field_goal,0,0,0,0
2024,3,MIA,SEA,2,4,1,39,-3,3221,,base,,field_goal,0,0,0,0
2024,3,MIA,SEA,4,4,19,61,-10,2926,11,base,,punt,0,0,0,0
2024,3,MIA,SEA,6,4,4,4,-10,2715,,base,,field_goal,0,0,0,0
2024,3,MIA,SEA,8,4,11,55,-14,2624,11,base,,punt,0,0,0,0
2024,3,SEA,MIA,9,4,8,34,14,2343,,base,,field_goal,0,0,0,0
2024,3,MIA,SEA,10,4,13,39,-14,2187,11,base,,punt,0,0,0,0
2024,3,SEA,MIA,11,4,16,69,14,2053,,base,,punt,0,0,0,0
2024,3,MIA,SEA,12,4,39,77,-14,1953,11,base,,punt,0,0,0,0
2024,3,SEA,MIA,13,4,19,67,14,1861,,base,,punt,0,0,0,0
2024,3,MIA,SEA,15,4,9,80,-14,1670,11,base,,punt,0,0,0,0
2024,3,SEA,MIA,16,4,13,64,14,1533,12,base,,punt,0,0,0,0
2024,3,MIA,SEA,17,4,3,53,-14,1382,11,dime,6,pass,0,0,0,0
2024,3,SEA,MIA,18,4,13,49,14,1300,12,base,,punt,0,0,0,0
2024,3,MIA,SEA,19,4,1,71,-14,1153,11,base,,punt,0,0,0,0
2024,3,MIA,SEA,21,4,2,2,-14,626,11,nickel,7,pass,0,0,0,0
2024,3,MIA,SEA,23,4,16,38,-21,189,11,nickel,6,pass,0,0,0,0
2024,3,NYJ,NE,1,4,10,43,0,3314,21,nickel,,punt,0,0,0,0
2024,3,NE,NYJ,2,4,9,79,0,3225,,base,,punt,0,0,0,0
2024,3,NE,NYJ,4,4,15,59,-7,2786,,base,,punt,0,0,0,0
2024,3,NE,NYJ,6,4,11,26,-14,2040,,base,,field_goal,0,0,0,0
2024,3,NYJ,NE,7,4,10,27,11,1811,,base,,field_goal,0,0,0,0
2024,3,NE,NYJ,9,4,4,64,-11,1721,,base,,punt,0,0,0,0
2024,3,NE,NYJ,11,4,26,45,-18,1132,,base,,punt,0,0,0,0
2024,3,NYJ,NE,12,4,28,49,18,862,21,dime,,punt,0,0,0,0
2024,3,NYJ,NE,14,4,3,9,18,619,,base,,field_goal,0,0,0,0
2024,3,NE,NYJ,15,4,17,62,-21,510,,base,,punt,0,0,0,0
2024,3,NYJ,NE,16,4,6,76,21,272,21,nickel,,punt,0,0,0,0
2024,3,NE,NYJ,17,4,2,50,-21,207,11,nickel,6,run,5,1,0,0
2024,3,NE,NYJ,17,4,8,33,-21,60,11,nickel,5,run,11,1,0,0
2024,3,NE,NYJ,17,4,10,22,-21,43,11,nickel,5,pass,15,1,0,0
2024,3,NYG,CLE,3,4,7,70,-7,3469,,nickel,,punt,0,0,0,0
2024,3,CLE,NYG,4,4,12,68,7,3298,,nickel,,punt,0,0,0,0
2024,3,NYG,CLE,5,4,1,57,-7,3184,11,nickel,8,run,2,1,0,0
2024,3,CLE,NYG,6,4,25,85,0,2712,,nickel,,punt,0,0,0,0
2024,3,NYG,CLE,7,4,4,57,0,2595,,nickel,,punt,0,0,0,0
2024,3,CLE,NYG,8,4,10,55,0,2322,,nickel,,punt,0,0,0,0
2024,3,CLE,NYG,10,4,1,61,-7,1874,11,base,7,run,1,1,0,0
2024,3,CLE,NYG,13,4,12,72,-14,1751,,base,,punt,0,0,0,0
2024,3,CLE,NYG,15,4,15,35,-14,1549,,base,,field_goal,0,0,0,0
2024,3,NYG,CLE,16,4,20,54,14,1490,,nickel,,punt,0,0,0,0
2024,3,CLE,NYG,17,4,8,52,-14,1267,,base,,punt,0,0,0,0
2024,3,NYG,CLE,18,4,11,75,14,1012,,nickel,,punt,0,0,0,0
2024,3,CLE,NYG,19,4,15,50,-14,890,,base,,punt,0,0,0,0
2024,3,NYG,CLE,20,4,9,90,14,830,,nickel,,punt,0,0,0,0
2024,3,NYG,CLE,22,4,7,67,6,601,,nickel,,punt,0,0,0,0
2024,3,NYG,CLE,24,4,8,40,6,327,,base,,punt,0,0,0,0
2024,3,CLE,NYG,25,4,1,71,-6,243,11,nickel,6,pass,0,0,0,0
2024,3,NYG,CLE,26,4,11,30,6,184,,base,,field_goal,0,0,0,0
2024,3,CLE,NYG,27,4,4,56,-6,148,11,dime,7,pass,0,0,0,0
2024,3,NO,PHI,1,4,14,16,0,3113,,base,,field_goal,0,0,0,0
2024,3,PHI,NO,2,4,19,79,-3,2984,12,base,,punt,0,0,0,0
2024,3,NO,PHI,3,4,13,67,3,2879,,base,,punt,0,0,0,0
2024,3,NO,PHI,5,4,2,73,3,2642,,base,,punt,0,0,0,0
2024,3,PHI,NO,6,4,1,46,-3,2335,heavy,base,7,pass,6,1,0,0
2024,3,NO,PHI,7,4,8,40,3,2042,,base,,punt,0,0,0,0
2024,3,PHI,NO,8,4,1,15,-3,1814,12,base,9,run,0,0,0,0
2024,3,PHI,NO,10,4,3,34,-3,1426,11,nickel,7,pass,-6,0,0,0
2024,3,NO,PHI,11,4,4,42,3,1221,,nickel,,punt,0,0,0,0
2024,3,PHI,NO,12,4,7,49,-3,995,12,base,,punt,0,0,0,0
2024,3,NO,PHI,13,4,1,18,3,900,12,base,9,run,0,0,0,0
2024,3,NO,PHI,15,4,6,20,-4,592,,base,,field_goal,0,0,0,0
2024,3,PHI,NO,16,4,11,42,1,407,,base,,field_goal,0,0,0,0
2024,3,LA,SF,2,4,2,62,-7,3289,21,base,,punt,0,0,0,0
2024,3,LA,SF,4,4,22,57,-14,2518,12,base,,punt,0,0,0,0
2024,3,SF,LA,5,4,4,60,14,2342,12,base,,punt,0,0,0,0
2024,3,LA,SF,6,4,6,57,-14,2182,12,base,,run,7,1,0,0
2024,3,LA,SF,9,4,5,50,-7,1718,12,base,,punt,0,0,0,0
2024,3,SF,LA,12,4,1,18,7,892,11,base,8,run,2,1,0,0
2024,3,SF,LA,12,4,2,8,7,720,,base,,field_goal,0,0,0,0
2024,3,LA,SF,13,4,1,11,-10,478,12,nickel,7,run,3,1,0,0
2024,3,LA,SF,13,4,15,15,-10,378,,base,,field_goal,0,0,0,0
2024,3,SF,LA,14,4,5,37,7,168,,base,,field_goal,0,0,0,0
2024,3,SF,LA,16,4,8,55,0,56,heavy,base,,punt,0,0,0,0
2024,3,WAS,CIN,2,4,2,32,-7,3159,11,nickel,6,pass,30,1,0,0
2024,3,CIN,WAS,3,4,11,30,0,2696,,base,,field_goal,0,0,0,0
2024,3,CIN,WAS,5,4,9,9,-7,2128,,base,,field_goal,0,0,0,0
2024,3,CIN,WAS,7,4,6,13,-11,1826,,base,,field_goal,0,0,0,0
2024,3,CIN,WAS,10,4,2,2,-15,1087,11,nickel,7,pass,2,1,1,0
2024,3,WAS,CIN,11,4,1,33,8,815,11,nickel,5,run,4,1,0,0
2024,3,WAS,CIN,11,4,5,24,8,695,,base,,field_goal,0,0,0,0
2024,3,WAS,CIN,13,4,4,39,5,266,11,nickel,6,pass,9,1,0,0
2024,4,BUF,BAL,1,4,1,61,0,3495,12,nickel,9,run,3,1,0,0
2024,4,BUF,BAL,1,4,2,50,0,3369,11,base,,punt,0,0,0,0
2024,4,BUF,BAL,3,4,9,32,-7,2978,,base,,field_goal,0,0,0,0
2024,4,BUF,BAL,5,4,1,61,-11,2581,11,base,,punt,0,0,0,0
2024,4,BUF,BAL,7,4,15,75,-18,2172,11,base,,punt,0,0,0,0
2024,4,BUF,BAL,9,4,2,53,-18,1871,11,nickel,,penalty,5,1,0,0
2024,4,BUF,BAL,9,4,10,48,-18,1851,11,base,,punt,0,0,0,0
2024,4,BAL,BUF,11,4,20,80,18,1743,,base,,punt,0,0,0,0
2024,4,BAL,BUF,13,4,12,72,11,1445,,base,,punt,0,0,0,0
2024,4,BUF,BAL,16,4,20,30,-18,900,,base,,field_goal,0,0,0,0
2024,4,BUF,BAL,18,4,10,70,-25,666,11,base,,punt,0,0,0,0
2024,4,BAL,BUF,19,4,6,49,25,445,11,base,,punt,0,0,0,0
2024,4,BUF,BAL,20,4,12,96,-25,349,11,base,,punt,0,0,0,0
2024,4,BAL,BUF,21,4,6,45,25,206,11,base,,punt,0,0,0,0
2024,4,CAR,CIN,1,4,1,1,0,3252,11,nickel,8,run,0,0,0,0
2024,4,CIN,CAR,2,4,3,64,0,2985,21,,,punt,0,0,0,0
2024,4,CAR,CIN,5,4,3,40,-7,2536,11,nickel,5,pass,4,1,0,0
2024,4,CAR,CIN,11,4,2,62,-14,1450,,nickel,,punt,0,0,0,0
2024,4,CIN,CAR,12,4,6,78,14,1355,21,nickel,,punt,0,0,0,0
2024,4,CAR,CIN,13,4,3,65,-14,1226,,nickel,6,pass,0,0,0,0
2024,4,CIN,CAR,14,4,13,38,14,1077,,base,,field_goal,0,0,0,0
2024,4,CAR,CIN,17,4,3,30,-10,466,,base,,field_goal,0,0,0,0
2024,4,CIN,CAR,18,4,4,57,7,292,21,,,punt,0,0,0,0
2024,4,CAR,CIN,19,4,10,92,-7,271,,nickel,,punt,0,0,0,0
2024,4,CIN,CAR,20,4,12,28,7,77,,base,,field_goal,0,0,0,0
2024,4,LV,CLE,2,4,21,95,-7,2947,,nickel,,punt,0,0,0,0
2024,4,CLE,LV,3,4,3,37,7,2740,,,,field_goal,0,0,0,0
2024,4,CLE,LV,5,4,8,71,3,2290,,base,,punt,0,0,0,0
2024,4,LV,CLE,6,4,10,34,-3,1976,,base,,field_goal,0,0,0,0
2024,4,CLE,LV,7,4,9,40,0,1889,,,,punt,0,0,0,0
2024,4,LV,CLE,9,4,4,15,0,1592,,base,,field_goal,0,0,0,0
2024,4,CLE,LV,12,4,21,71,-10,999,,base,,punt,0,0,0,0
2024,4,LV,CLE,14,4,10,59,4,720,12,nickel,,punt,0,0,0,0
2024,4,CLE,LV,15,4,2,74,-4,537,,,,punt,0,0,0,0
2024,4,LV,CLE,16,4,3,55,4,391,12,nickel,,punt,0,0,0,0
2024,4,CLE,LV,17,4,4,84,-4,307,,base,,punt,0,0,0,0
2024,4,LV,CLE,18,4,15,85,4,209,12,nickel,,punt,0,0,0,0
2024,4,CLE,LV,19,4,3,9,-4,41,11,nickel,6,pass,-10,0,0,0
2024,4,DAL,NYG,1,4,5,65,0,3533,,base,,punt,0,0,0,0
2024,4,NYG,DAL,2,4,4,34,0,3247,,base,,field_goal,0,0,0,0
2024,4,NYG,DAL,4,4,6,22,-4,2474,,base,,field_goal,0,0,0,0
2024,4,DAL,NYG,5,4,1,61,1,2399,,nickel,7,run,6,1,0,0
2024,4,NYG,DAL,6,4,1,51,-8,2139,heavy,base,8,run,3,1,0,0
2024,4,NYG,DAL,6,4,8,20,-8,1870,,base,,field_goal,0,0,0,0
2024,4,DAL,NYG,7,4,17,60,5,1814,,base,,punt,0,0,0,0
2024,4,NYG,DAL,9,4,3,3,-5,1424,,base,,field_goal,0,0,0,0
2024,4,DAL,NYG,10,4,11,42,2,1211,,base,,field_goal,0,0,0,0
2024,4,NYG,DAL,11,4,4,62,-5,1084,,base,,punt,0,0,0,0
2024,4,DAL,NYG,12,4,9,81,5,947,,base,,punt,0,0,0,0
2024,4,NYG,DAL,13,4,3,45,-5,821,11,nickel,6,pass,8,1,0,0
2024,4,NYG,DAL,13,4,14,24,-5,676,,base,,field_goal,0,0,0,0
2024,4,DAL,NYG,14,4,7,22,2,419,,base,,field_goal,0,0,0,0
2024,4,NYG,DAL,15,4,1,61,-5,332,11,nickel,7,run,2,1,0,0
2024,4,NYG,DAL,15,4,6,55,-5,210,11,nickel,6,pass,0,0,0,0
2024,4,DAL,NYG,16,4,8,32,5,32,,base,,field_goal,0,0,0,0
2024,4,DEN,NYJ,2,4,24,44,0,3478,,base,,punt,0,0,0,0
2024,4,NYJ,DEN,3,4,10,99,0,3371,21,nickel,,punt,0,0,0,0
2024,4,DEN,NYJ,4,4,11,53,0,3277,,base,,punt,0,0,0,0
2024,4,NYJ,DEN,5,4,12,82,0,3180,21,nickel,,punt,0,0,0,0
2024,4,DEN,NYJ,6,4,3,59,0,3085,,base,,punt,0,0,0,0
2024,4,NYJ,DEN,7,4,7,74,0,2941,21,nickel,,punt,0,0,0,0
2024,4,NYJ,DEN,9,4,5,5,0,2694,,,,field_goal,0,0,0,0
2024,4,DEN,NYJ,10,4,8,68,-3,2607,,base,,punt,0,0,0,0
2024,4,NYJ,DEN,11,4,16,69,3,2422,21,dime,,punt,0,0,0,0
2024,4,DEN,NYJ,12,4,3,44,-3,2263,,base,,punt,0,0,0,0
2024,4,NYJ,DEN,13,4,1,62,3,2092,21,nickel,,punt,0,0,0,0
2024,4,DEN,NYJ,14,4,8,69,-3,1920,,base,,punt,0,0,0,0
2024,4,NYJ,DEN,15,4,13,17,3,1802,,,,field_goal,0,0,0,0
2024,4,DEN,NYJ,16,4,15,49,-6,1677,,base,,punt,0,0,0,0
2024,4,NYJ,DEN,17,4,8,64,6,1426,21,nickel,,punt,0,0,0,0
2024,4,NYJ,DEN,19,4,9,22,-1,818,,,,field_goal,0,0,0,0
2024,4,DEN,NYJ,20,4,4,29,-2,539,,base,,field_goal,0,0,0,0
2024,4,NYJ,DEN,21,4,8,49,-1,249,21,nickel,,punt,0,0,0,0
2024,4,DEN,NYJ,22,4,4,77,1,160,,base,,punt,0,0,0,0
2024,4,NYJ,DEN,23,4,10,55,-1,110,11,nickel,7,pass,-10,0,0,0
2024,4,DEN,NYJ,24,4,7,32,1,91,,base,,field_goal,0,0,0,0
2024,4,NYJ,DEN,25,4,6,32,-1,51,,,,field_goal,0,0,0,0
2024,4,JAX,HOU,1,4,5,55,0,3476,11,,,punt,0,0,0,1
2024,4,JAX,HOU,4,4,9,23,0,2865,,base,,field_goal,0,0,0,0
2024,4,HOU,JAX,5,4,10,42,-3,2725,21,base,,punt,0,0,0,0
2024,4,JAX,HOU,6,4,4,84,3,2694,11,,,punt,0,0,0,0
2024,4,JAX,HOU,8,4,1,34,-4,2034,,base,,field_goal,0,0,0,0
2024,4,HOU,JAX,11,4,6,66,4,1751,21,base,,punt,0,0,0,0
2024,4,JAX,HOU,12,4,23,68,-4,1581,11,,,punt,0,0,0,0
2024,4,HOU,JAX,13,4,7,67,4,1523,21,base,,punt,0,0,0,0
2024,4,HOU,JAX,15,4,4,53,-3,1179,21,nickel,,punt,0,0,0,0
2024,4,JAX,HOU,16,4,1,1,3,900,11,nickel,5,run,0,0,0,0
2024,4,HOU,JAX,17,4,30,56,-3,520,21,base,,punt,0,0,0,0
2024,4,JAX,HOU,18,4,11,72,3,340,11,,,punt,0,0,0,0
2024,4,HOU,JAX,19,4,15,78,-3,240,21,base,,punt,0,0,0,0
2024,4,JAX,HOU,20,4,9,71,3,185,11,,,punt,0,0,0,0
2024,4,LAC,KC,4,4,22,32,7,2938,,base,,field_goal,0,0,0,0
2024,4,KC,LAC,5,4,12,72,-10,2855,11,base,,punt,0,0,0,0
2024,4,LAC,KC,6,4,18,78,10,2695,11,base,,punt,0,0,0,0
2024,4,KC,LAC,7,4,1,56,-10,2605,11,base,,punt,0,0,0,0
2024,4,LAC,KC,8,4,1,85,10,2489,11,,,punt,0,0,0,0
2024,4,KC,LAC,9,4,18,50,-10,2152,11,base,,punt,0,0,0,0
2024,4,LAC,KC,10,4,10,98,10,2064,11,base,,punt,0,0,0,0
2024,4,LAC,KC,12,4,23,83,3,2001,11,base,,punt,0,0,0,0
2024,4,KC,LAC,13,4,10,47,-3,1804,,,,field_goal,0,0,0,0
2024,4,LAC,KC,14,4,14,37,3,1611,,base,,field_goal,0,0,0,0
2024,4,KC,LAC,15,4,1,18,-3,1290,,,,field_goal,0,0,0,0
2024,4,LAC,KC,16,4,1,3,0,817,,nickel,6,pass,0,0,0,0
2024,4,KC,LAC,17,4,9,63,0,571,11,base,,punt,0,0,0,0
2024,4,LAC,KC,18,4,9,84,0,507,11,base,,punt,0,0,0,0
2024,4,LAC,KC,20,4,15,59,-7,206,12,base,,punt,0,0,0,0
2024,4,CHI,LA,1,4,2,56,0,3393,,base,,punt,0,0,0,0
2024,4,LA,CHI,2,4,7,27,0,2946,,base,,field_goal,0,0,0,0
2024,4,CHI,LA,3,4,13,73,-3,2827,,base,,punt,0,0,0,0
2024,4,LA,CHI,4,4,3,18,3,2589,,base,,field_goal,0,0,0,0
2024,4,CHI,LA,5,4,26,61,-6,2221,,base,,punt,0,0,0,0
2024,4,LA,CHI,8,4,15,25,-1,1865,,base,,field_goal,0,0,0,0
2024,4,CHI,LA,9,4,15,22,1,1813,,base,,field_goal,0,0,0,0
2024,4,LA,CHI,11,4,7,7,-4,1434,,base,,field_goal,0,0,0,0
2024,4,LA,CHI,15,4,8,34,-9,532,,base,,field_goal,0,0,0,0
2024,4,CHI,LA,16,4,14,74,6,393,,base,,punt,0,0,0,0
2024,4,LA,CHI,17,4,2,84,-6,267,21,base,,punt,0,0,0,0
2024,4,CHI,LA,18,4,3,43,6,73,,base,,punt,0,0,0,0
2024,4,GB,MIN,2,4,13,19,-7,3112,,base,,field_goal,0,0,0,0
2024,4,GB,MIN,6,4,18,31,-21,2289,,base,,field_goal,0,0,0,0
2024,4,MIN,GB,7,4,8,59,21,2229,,nickel,,punt,0,0,0,0
2024,4,GB,MIN,10,4,10,34,-28,1931,11,dime,5,pass,0,0,0,0
2024,4,MIN,GB,11,4,1,57,28,1877,,nickel,,punt,0,0,0,0
2024,4,GB,MIN,12,4,3,77,-28,1850,,,,punt,0,0,0,1
2024,4,GB,MIN,15,4,4,64,-21,1740,,base,,punt,0,0,0,0
2024,4,GB,MIN,17,4,6,94,-21,1468,,base,,punt,0,0,0,0
2024,4,MIN,GB,18,4,11,44,21,1295,,,,punt,0,0,0,0
2024,4,GB,MIN,19,4,8,32,-21,1092,11,dime,7,pass,0,0,0,0
2024,4,MIN,GB,20,4,1,58,21,941,,,,punt,0,0,0,0
2024,4,MIN,GB,24,4,7,15,6,413,,base,,field_goal,0,0,0,0
2024,4,MIN,GB,26,4,6,76,9,280,,dime,,punt,0,0,0,0
2024,4,MIN,GB,28,4,1,4,9,141,11,nickel,9,run,0,0,0,0
2024,4,NE,SF,1,4,8,46,0,3320,,base,,punt,0,0,0,0
2024,4,SF,NE,2,4,3,3,0,2849,,base,,field_goal,0,0,0,0
2024,4,SF,NE,4,4,4,8,3,2708,,base,,field_goal,0,0,0,0
2024,4,NE,SF,6,4,1,20,-13,2291,12,base,6,run,0,0,0,0
2024,4,NE,SF,8,4,7,67,-20,1913,,,,punt,0,0,0,0
2024,4,SF,NE,9,4,15,92,20,1849,12,dime,,punt,0,0,0,0
2024,4,NE,SF,10,4,16,45,-20,1803,,,,field_goal,0,0,0,0
2024,4,NE,SF,12,4,1,5,-17,1631,12,base,8,pass,5,1,1,0
2024,4,NE,SF,14,4,12,51,-17,1383,,base,,punt,0,0,0,0
2024,4,SF,NE,15,4,5,72,17,1201,heavy,dime,,punt,0,0,0,0
2024,4,NE,SF,16,4,16,65,-17,1088,,nickel,,punt,0,0,0,0
2024,4,SF,NE,17,4,15,64,17,946,heavy,dime,,punt,0,0,0,0
2024,4,NE,SF,18,4,8,36,-17,809,,,,field_goal,0,0,0,0
2024,4,NE,SF,20,4,4,63,-14,506,21,nickel,6,pass,0,0,0,0
2024,4,SF,NE,21,4,11,23,14,302,,base,,field_goal,0,0,0,0
2024,4,ATL,NO,1,4,12,46,0,3385,21,base,,punt,0,0,1,1
2024,4,NO,ATL,4,4,1,27,0,2811,heavy,base,6,run,7,1,0,0
2024,4,ATL,NO,5,4,6,35,-7,2402,,base,,field_goal,0,0,0,0
2024,4,NO,ATL,7,4,5,44,-3,2096,,base,,punt,0,0,0,0
2024,4,ATL,NO,8,4,6,53,3,1915,21,base,,punt,0,0,0,0
2024,4,NO,ATL,9,4,3,50,-3,1838,,base,,punt,0,0,0,0
2024,4,NO,ATL,11,4,9,58,-3,1553,,base,,punt,0,0,0,0
2024,4,ATL,NO,12,4,8,26,3,1310,,base,,field_goal,0,0,0,0
2024,4,NO,ATL,13,4,11,25,-6,968,,base,,field_goal,0,0,0,0
2024,4,ATL,NO,14,4,15,24,3,613,,base,,field_goal,0,0,0,0
2024,4,NO,ATL,15,4,7,7,-6,241,11,nickel,6,pass,0,0,0,0
2024,4,ATL,NO,16,4,3,86,6,218,21,base,,punt,0,0,0,0
2024,4,ATL,NO,18,4,10,40,-1,7,,base,,field_goal,0,0,0,0
2024,4,PHI,TB,2,4,8,68,-7,3179,12,base,,punt,0,0,0,0
2024,4,PHI,TB,4,4,17,77,-14,2918,12,base,,punt,0,0,0,0
2024,4,TB,PHI,5,4,15,60,14,2776,11,nickel,,punt,0,0,0,1
2024,4,TB,PHI,6,4,1,1,14,2653,11,nickel,8,run,1,1,1,0
2024,4,PHI,TB,7,4,10,70,-21,2634,12,base,,punt,0,0,0,0
2024,4,TB,PHI,8,4,3,3,21,2241,,base,,field_goal,0,0,0,0
2024,4,PHI,TB,9,4,1,1,-24,1920,12,nickel,6,pass,1,1,1,0
2024,4,TB,PHI,10,4,10,57,17,1881,11,nickel,,punt,0,0,0,0
2024,4,PHI,TB,11,4,5,75,-17,1861,12,nickel,,punt,0,0,0,0
2024,4,TB,PHI,12,4,6,53,17,1817,11,nickel,,punt,0,0,0,0
2024,4,TB,PHI,17,4,12,34,14,784,,base,,field_goal,0,0,0,0
2024,4,PHI,TB,18,4,39,72,-17,567,12,nickel,,punt,0,0,0,0
2024,4,TB,PHI,19,4,7,62,17,467,11,nickel,,punt,0,0,0,0
2024,4,PHI,TB,20,4,11,51,-17,255,11,nickel,6,pass,-7,0,0,0
2024,4,PIT,IND,2,4,15,41,-7,3146,,,,punt,0,0,0,0
2024,4,PIT,IND,4,4,1,61,-14,2733,12,base,7,run,0,0,0,0
2024,4,IND,PIT,5,4,7,14,14,2554,,base,,field_goal,0,0,0,0
2024,4,PIT,IND,6,4,3,63,-17,2466,,,,punt,0,0,0,0
2024,4,IND,PIT,7,4,3,43,17,2301,heavy,dime,,punt,0,0,0,0
2024,4,IND,PIT,9,4,7,59,17,1881,12,dime,,punt,0,0,0,0
2024,4,PIT,IND,10,4,2,31,-17,1803,,base,,field_goal,0,0,0,0
2024,4,PIT,IND,11,4,4,48,-14,1532,,base,,punt,0,0,0,0
2024,4,IND,PIT,12,4,1,79,14,1440,heavy,dime,,punt,0,0,0,0
2024,4,IND,PIT,14,4,4,36,14,1255,,base,,field_goal,0,0,0,0
2024,4,IND,PIT,18,4,5,16,7,366,,base,,field_goal,0,0,0,0
2024,4,IND,PIT,20,4,15,75,3,166,heavy,dime,,punt,0,0,0,0
2024,4,PIT,IND,21,4,11,59,-3,37,11,nickel,4,pass,0,0,0,0
2024,4,DET,SEA,1,4,20,83,0,3474,,base,,punt,0,0,0,0
2024,4,SEA,DET,2,4,3,50,0,3339,heavy,base,,punt,0,0,0,0
2024,4,SEA,DET,8,4,10,45,-14,1869,heavy,base,,punt,0,0,0,0
2024,4,DET,SEA,9,4,11,86,14,1823,,base,,punt,0,0,0,0
2024,4,SEA,DET,11,4,1,66,-14,1668,11,nickel,6,run,2,1,0,0
2024,4,DET,SEA,16,4,3,63,8,775,,base,,punt,0,0,0,0
2024,4,SEA,DET,17,4,18,54,-8,542,heavy,base,,punt,0,0,0,0
2024,4,SEA,DET,19,4,3,3,-15,136,11,nickel,6,pass,0,0,0,0
2024,4,TEN,MIA,3,4,1,55,0,3078,,base,,punt,0,0,0,0
2024,4,MIA,TEN,4,4,14,91,0,2962,,base,,punt,0,0,0,0
2024,4,TEN,MIA,5,4,11,35,0,2661,,base,,field_goal,0,0,0,0
2024,4,MIA,TEN,6,4,1,46,-3,2547,11,base,7,run,0,0,0,0
2024,4,TEN,MIA,7,4,15,34,3,2306,,base,,field_goal,0,0,0,0
2024,4,MIA,TEN,8,4,2,26,-6,2058,,base,,field_goal,0,0,0,0
2024,4,TEN,MIA,9,4,2,46,3,1935,,base,,punt,0,0,0,0
2024,4,MIA,TEN,10,4,4,74,-3,1913,,base,,punt,0,0,0,0
2024,4,TEN,MIA,11,4,6,47,3,1865,,base,,punt,0,0,0,0
2024,4,MIA,TEN,12,4,9,74,-3,1822,,,,punt,0,0,0,0
2024,4,MIA,TEN,14,4,9,69,-6,1750,,base,,punt,0,0,0,0
2024,4,TEN,MIA,15,4,13,89,6,1613,,base,,punt,0,0,0,0
2024,4,MIA,TEN,16,4,8,38,-6,1447,,base,,field_goal,0,0,0,0
2024,4,MIA,TEN,18,4,17,77,-10,1173,,base,,punt,0,0,0,0
2024,4,TEN,MIA,19,4,13,33,10,941,,base,,field_goal,0,0,0,0
2024,4,MIA,TEN,20,4,1,61,-13,854,12,base,7,run,-1,0,0,0
2024,4,TEN,MIA,21,4,11,11,13,649,,base,,field_goal,0,0,0,0
2024,4,MIA,TEN,22,4,11,24,-16,325,11,nickel,4,pass,18,1,0,0
2024,4,TEN,MIA,23,4,8,43,10,162,,base,,punt,0,0,0,0
2024,4,TEN,MIA,25,4,4,4,12,30,12,,10,run,4,1,1,0
2024,4,ARI,WAS,1,4,1,2,0,3297,11,nickel,8,pass,2,1,1,0
2024,4,ARI,WAS,3,4,9,42,0,2868,11,nickel,,punt,0,0,0,0
2024,4,ARI,WAS,5,4,1,63,-7,2344,11,base,,punt,0,0,0,0
2024,4,ARI,WAS,7,4,8,80,-7,2082,11,nickel,,punt,0,0,0,0
2024,4,WAS,ARI,8,4,15,77,7,1998,21,base,,punt,0,0,0,0
2024,4,ARI,WAS,9,4,1,35,-7,1834,11,nickel,6,pass,-7,0,0,0
2024,4,ARI,WAS,12,4,26,86,-17,1625,11,nickel,,punt,0,0,0,0
2024,4,WAS,ARI,13,4,1,40,17,1352,heavy,nickel,6,run,15,1,0,0
2024,4,WAS,ARI,13,4,4,19,17,1219,,base,,field_goal,0,0,0,0
2024,4,ARI,WAS,14,4,12,51,-20,1031,11,dime,6,pass,19,1,0,0
2024,5,SF,ARI,1,4,8,68,0,3551,heavy,base,,punt,0,0,0,0
2024,5,SF,ARI,3,4,10,10,-7,3329,,,,field_goal,0,0,0,0
2024,5,ARI,SF,4,4,10,70,4,3278,11,base,,punt,0,0,0,0
2024,5,ARI,SF,6,4,7,12,-3,2567,,base,,field_goal,0,0,0,0
2024,5,SF,ARI,7,4,2,2,0,2222,,base,,field_goal,0,0,0,0
2024,5,ARI,SF,8,4,6,27,-3,2109,,base,,field_goal,0,0,1,0
2024,5,SF,ARI,10,4,7,7,10,1801,,base,,field_goal,0,0,0,0
2024,5,ARI,SF,11,4,9,73,-13,1715,11,base,,punt,0,0,0,0
2024,5,ARI,SF,13,4,9,24,-13,1503,,base,,field_goal,0,0,0,0
2024,5,SF,ARI,14,4,23,27,10,1077,,dime,4,pass,0,0,0,0
2024,5,ARI,SF,17,4,5,60,-2,169,11,nickel,6,pass,14,1,0,0
2024,5,ARI,SF,17,4,3,16,-2,100,,base,,field_goal,0,0,0,0
2024,5,CIN,BAL,2,4,1,61,-7,3106,21,base,,punt,0,0,0,0
2024,5,BAL,CIN,3,4,7,50,7,2916,,base,,punt,0,0,0,0
2024,5,BAL,CIN,5,4,5,65,0,2531,,nickel,,punt,0,0,0,0
2024,5,CIN,BAL,6,4,17,87,0,2478,21,base,,punt,0,0,0,0
2024,5,CIN,BAL,8,4,8,68,-7,2163,21,base,,punt,0,0,0,0
2024,5,CIN,BAL,10,4,5,50,-5,2010,21,base,,punt,0,0,0,0
2024,5,BAL,CIN,11,4,1,77,5,1914,12,base,9,run,2,1,0,0
2024,5,BAL,CIN,11,4,10,75,5,1844,,nickel,,punt,0,0,0,0
2024,5,BAL,CIN,21,4,6,38,-3,100,,base,,field_goal,0,0,0,0
2024,5,CIN,BAL,22,4,8,68,0,9,21,base,,punt,0,0,0,0
2024,5,CIN,BAL,24,4,7,35,0,271,,base,,field_goal,0,0,0,0
2024,5,BUF,HOU,1,4,3,63,0,3569,11,base,,punt,0,0,0,0
2024,5,HOU,BUF,2,4,9,91,0,3432,21,,,punt,0,0,0,0
2024,5,BUF,HOU,3,4,20,20,0,3090,,base,,field_goal,0,0,0,0
2024,5,BUF,HOU,5,4,11,71,-4,2810,11,base,,punt,0,0,0,0
2024,5,BUF,HOU,7,4,14,65,-11,2690,11,base,,punt,0,0,0,0
2024,5,HOU,BUF,8,4,1,16,11,2280,11,nickel,7,run,0,0,0,0
2024,5,BUF,HOU,9,4,13,49,-11,1968,11,base,,punt,0,0,0,0
2024,5,HOU,BUF,10,4,2,84,11,1876,11,,,punt,0,0,0,0
2024,5,BUF,HOU,11,4,10,72,-11,1843,11,nickel,,punt,0,0,0,0
2024,5,HOU,BUF,12,4,2,32,11,1803,,,,field_goal,0,0,0,0
2024,5,HOU,BUF,13,4,5,29,14,1579,,,,field_goal,0,0,0,0
2024,5,HOU,BUF,15,4,8,68,10,1333,11,,,punt,0,0,0,0
2024,5,BUF,HOU,16,4,5,49,-10,1170,11,nickel,6,pass,49,1,1,0
2024,5,HOU,BUF,17,4,8,55,3,986,11,,,punt,0,0,0,0
2024,5,BUF,HOU,18,4,9,45,-3,818,11,nickel,,punt,0,0,0,0
2024,5,BUF,HOU,20,4,8,58,-3,361,11,nickel,,punt,0,0,0,0
2024,5,BUF,HOU,22,4,10,15,-3,201,,base,,field_goal,0,0,0,0
2024,5,HOU,BUF,23,4,15,49,0,41,11,nickel,,punt,0,0,0,0
2024,5,BUF,HOU,24,4,10,97,0,16,11,nickel,,punt,0,0,0,0
2024,5,CAR,CHI,1,4,5,65,0,3512,,base,,punt,0,0,0,0
2024,5,CHI,CAR,2,4,15,87,0,3411,,nickel,,punt,0,0,0,0
2024,5,CAR,CHI,3,4,1,42,0,3280,12,base,8,run,4,1,0,0
2024,5,CAR,CHI,5,4,16,65,0,2840,,base,,punt,0,0,0,0
2024,5,CAR,CHI,7,4,5,66,-7,2311,,base,,punt,0,0,0,0
2024,5,CHI,CAR,8,4,1,39,7,2063,heavy,base,7,run,0,0,0,0
2024,5,CAR,CHI,11,4,3,37,-14,1860,11,nickel,6,pass,0,0,0,0
2024,5,CHI,CAR,14,4,3,63,20,1643,,nickel,,punt,0,0,0,0
2024,5,CHI,CAR,16,4,15,15,20,1289,,base,,field_goal,0,0,0,0
2024,5,CAR,CHI,17,4,9,9,-23,1034,,base,,field_goal,0,0,0,0
2024,5,CHI,CAR,18,4,2,62,20,941,,nickel,,punt,0,0,0,0
2024,5,CAR,CHI,19,4,14,47,-20,731,,base,,punt,0,0,0,0
2024,5,CHI,CAR,20,4,6,48,20,533,,nickel,,punt,0,0,0,0
2024,5,CAR,CHI,23,4,2,8,-26,122,11,nickel,4,pass,-2,0,0,0
2024,5,CLE,WAS,1,4,1,47,0,3476,12,base,8,run,0,0,0,0
2024,5,WAS,CLE,2,4,19,62,0,3373,21,nickel,,punt,0,0,0,0
2024,5,CLE,WAS,3,4,17,80,0,3302,,nickel,,punt,0,0,0,0
2024,5,CLE,WAS,5,4,6,95,0,3075,,nickel,,punt,0,0,0,0
2024,5,WAS,CLE,6,4,2,14,0,2909,heavy,base,6,run,10,1,0,0
2024,5,CLE,WAS,7,4,5,67,-7,2772,,dime,,punt,0,0,0,0
2024,5,WAS,CLE,8,4,10,98,7,2707,21,nickel,,punt,0,0,0,0
2024,5,CLE,WAS,9,4,19,33,-7,2593,,base,,field_goal,0,0,0,0
2024,5,WAS,CLE,10,4,7,9,4,2324,,base,,field_goal,0,0,0,0
2024,5,CLE,WAS,11,4,8,67,-7,2214,,nickel,,punt,0,0,0,0
2024,5,WAS,CLE,12,4,3,40,7,2049,11,nickel,4,penalty,3,1,0,0
2024,5,CLE,WAS,13,4,14,77,-14,1911,,dime,,punt,0,0,0,0
2024,5,CLE,WAS,15,4,1,52,-21,1809,,base,,punt,0,0,0,0
2024,5,CLE,WAS,17,4,13,13,-21,1635,,base,,field_goal,0,0,0,0
2024,5,WAS,CLE,20,4,4,12,25,1058,,base,,field_goal,0,0,0,0
2024,5,CLE,WAS,21,4,1,41,-28,920,11,nickel,7,run,2,1,0,0
2024,5,CLE,WAS,21,4,22,51,-28,782,,nickel,,punt,0,0,0,0
2024,5,WAS,CLE,22,4,7,89,28,723,21,nickel,,punt,0,0,0,0
2024,5,CLE,WAS,23,4,7,10,-28,426,12,nickel,4,pass,10,1,1,0
2024,5,WAS,CLE,24,4,14,47,21,156,21,nickel,,punt,0,0,0,0
2024,5,DAL,PIT,1,4,5,36,0,3459,,base,,field_goal,0,0,0,0
2024,5,PIT,DAL,2,4,3,23,-3,3156,,base,,field_goal,0,0,0,0
2024,5,DAL,PIT,3,4,11,71,0,3099,,base,,punt,0,0,0,0
2024,5,PIT,DAL,4,4,24,72,0,2993,12,nickel,,punt,0,0,0,0
2024,5,PIT,DAL,6,4,10,80,0,2548,12,nickel,,punt,0,0,0,0
2024,5,DAL,PIT,7,4,12,15,0,2335,,base,,field_goal,0,0,0,0
2024,5,PIT,DAL,8,4,1,51,-3,2117,12,base,8,run,2,1,0,0
2024,5,PIT,DAL,8,4,10,49,-3,1993,12,nickel,,punt,0,0,0,0
2024,5,DAL,PIT,12,4,9,20,-4,1431,,base,,field_goal,0,0,0,0
2024,5,PIT,DAL,13,4,4,47,4,1352,12,nickel,,punt,0,0,0,0
2024,5,PIT,DAL,15,4,5,61,-3,782,12,nickel,,punt,0,0,0,0
2024,5,PIT,DAL,17,4,1,44,-3,450,11,nickel,6,run,1,1,0,0
2024,5,DAL,PIT,18,4,4,4,-4,26,11,nickel,5,pass,4,1,1,0
2024,5,GB,LA,1,4,15,75,0,3507,,base,,punt,0,0,0,0
2024,5,LA,GB,2,4,3,59,0,3422,12,nickel,,punt,0,0,0,0
2024,5,LA,GB,4,4,4,4,-7,2908,11,nickel,6,pass,0,0,0,0
2024,5,GB,LA,5,4,7,92,7,2824,,base,,punt,0,0,0,0
2024,5,LA,GB,6,4,1,34,-7,2666,11,nickel,6,run,3,1,0,0
2024,5,GB,LA,7,4,9,69,0,2313,,base,,punt,0,0,0,0
2024,5,LA,GB,8,4,25,44,0,1993,12,nickel,,punt,0,0,0,0
2024,5,GB,LA,10,4,16,28,-6,1802,,base,,field_goal,0,0,0,0
2024,5,LA,GB,15,4,14,51,-11,863,12,nickel,,punt,0,0,0,0
2024,5,GB,LA,16,4,24,50,11,369,,base,,punt,0,0,0,0
2024,5,GB,LA,18,4,10,57,5,190,,base,,punt,0,0,0,0
2024,5,LA,GB,19,4,1,46,-5,117,11,nickel,6,run,3,1,0,0
2024,5,LA,GB,19,4,5,38,-5,65,11,nickel,5,pass,0,0,0,0
2024,5,IND,JAX,1,4,1,1,0,3234,12,,8,pass,1,1,1,0
2024,5,JAX,IND,2,4,2,26,-7,2920,11,nickel,6,pass,0,0,0,0
2024,5,IND,JAX,3,4,6,52,7,2810,heavy,base,,punt,0,0,0,0
2024,5,JAX,IND,4,4,1,58,-7,2657,12,base,7,run,2,1,0,0
2024,5,JAX,IND,4,4,2,5,-7,2339,,base,,field_goal,0,0,0,0
2024,5,IND,JAX,5,4,5,65,4,2244,12,base,,punt,0,0,0,0
2024,5,IND,JAX,7,4,10,12,-3,1907,,,,field_goal,0,0,0,0
2024,5,JAX,IND,12,4,5,50,3,1605,12,base,,punt,0,0,0,0
2024,5,IND,JAX,13,4,4,83,-3,1533,,base,,punt,0,0,0,0
2024,5,IND,JAX,15,4,5,93,-3,1360,heavy,base,,punt,0,0,0,0
2024,5,IND,JAX,19,4,9,19,-10,364,,base,,field_goal,0,0,0,0
2024,5,JAX,IND,22,4,10,70,7,216,12,,,punt,0,0,0,0
2024,5,JAX,IND,24,4,10,31,0,21,,base,,field_goal,0,0,0,0
2024,5,DEN,LV,2,4,1,66,-7,3362,11,base,7,run,8,1,0,0
2024,5,DEN,LV,2,4,5,53,-7,3279,,,,punt,0,0,0,0
2024,5,LV,DEN,3,4,10,22,7,2790,,,,field_goal,0,0,0,0
2024,5,DEN,LV,4,4,21,33,-10,2547,,,,field_goal,0,0,0,0
2024,5,LV,DEN,6,4,8,68,0,2232,12,nickel,,punt,0,0,0,0
2024,5,DEN,LV,7,4,2,85,0,2143,,base,,punt,0,0,0,0
2024,5,LV,DEN,8,4,2,42,0,2047,12,base,,punt,0,0,0,0
2024,5,DEN,LV,9,4,12,66,0,1900,,base,,punt,0,0,0,0
2024,5,LV,DEN,10,4,6,83,0,1834,12,nickel,,punt,0,0,0,0
2024,5,DEN,LV,12,4,13,73,3,1717,,base,,punt,0,0,0,0
2024,5,LV,DEN,13,4,17,72,-3,1508,,nickel,,punt,0,0,0,0
2024,5,DEN,LV,16,4,3,45,10,999,11,,,punt,0,0,0,0
2024,5,LV,DEN,17,4,16,86,-10,902,12,nickel,,punt,0,0,0,0
2024,5,DEN,LV,22,4,10,44,16,190,,,,punt,0,0,0,0
2024,5,LV,DEN,23,4,17,85,-16,120,11,dime,6,pass,0,0,0,0
2024,5,MIA,NE,1,4,4,36,0,3344,,base,,field_goal,0,0,0,0
2024,5,NE,MIA,2,4,15,75,-3,3215,,base,,punt,0,0,0,0
2024,5,MIA,NE,3,4,1,69,3,3097,,dime,,penalty,5,1,0,0
2024,5,MIA,NE,5,4,11,23,-4,2702,,base,,field_goal,0,0,0,0
2024,5,NE,MIA,6,4,10,69,4,2581,,base,,punt,0,0,0,0
2024,5,MIA,NE,7,4,11,69,-4,2440,,dime,,punt,0,0,0,1
2024,5,NE,MIA,8,4,14,15,4,2172,,base,,field_goal,0,0,0,0
2024,5,MIA,NE,9,4,25,47,-4,1920,,dime,,punt,0,0,0,0
2024,5,NE,MIA,10,4,2,87,4,1862,,base,,punt,0,0,0,0
2024,5,MIA,NE,11,4,15,33,-4,1832,,base,,run,0,0,0,0
2024,5,NE,MIA,12,4,5,53,4,1816,,base,,punt,0,0,0,0
2024,5,NE,MIA,14,4,8,20,4,1564,,base,,field_goal,0,0,0,0
2024,5,MIA,NE,15,4,8,14,-7,1370,,base,,field_goal,0,0,0,0
2024,5,NE,MIA,16,4,3,63,4,1252,,base,,punt,0,0,0,0
2024,5,MIA,NE,17,4,2,29,-4,935,,base,,field_goal,0,0,0,0
2024,5,NE,MIA,18,4,8,43,1,726,,base,,punt,0,0,0,0
2024,5,NE,MIA,20,4,15,17,-5,60,,nickel,7,pass,0,0,0,0
2024,5,MIA,NE,21,4,1,74,5,41,,dime,,punt,0,0,0,0
2024,5,NO,KC,3,4,5,65,-7,2998,,base,,punt,0,0,0,0
2024,5,KC,NO,4,4,12,79,7,2923,11,nickel,,punt,0,0,0,0
2024,5,NO,KC,5,4,13,80,-7,2857,,base,,punt,0,0,0,0
2024,5,KC,NO,6,4,5,8,7,2562,,,,field_goal,0,0,0,0
2024,5,KC,NO,8,4,1,23,3,1975,heavy,base,10,run,2,1,0,0
2024,5,KC,NO,8,4,5,16,3,1895,,,,field_goal,0,0,0,0
2024,5,NO,KC,9,4,10,79,-6,1870,,base,,punt,0,0,0,0
2024,5,KC,NO,10,4,1,9,6,1809,,,,field_goal,0,0,0,0
2024,5,KC,NO,12,4,10,33,9,1518,,,,field_goal,0,0,0,0
2024,5,NO,KC,13,4,20,58,-9,1319,,base,,punt,0,0,0,0
2024,5,NO,KC,17,4,8,41,-10,578,11,dime,8,pass,0,0,0,0
2024,5,KC,NO,18,4,15,20,10,187,,,,field_goal,0,0,0,0
2024,5,NO,KC,19,4,8,52,-13,111,11,dime,6,pass,0,0,0,0
2024,5,SEA,NYG,1,4,4,50,0,3443,heavy,base,,punt,0,0,0,0
2024,5,NYG,SEA,2,4,1,1,0,2853,heavy,,7,run,0,0,1,1
2024,5,NYG,SEA,3,4,2,68,-7,2703,,base,,punt,0,0,0,0
2024,5,SEA,NYG,4,4,8,76,7,2623,heavy,base,,punt,0,0,0,0
2024,5,SEA,NYG,6,4,16,54,0,2144,heavy,base,,punt,0,0,0,0
2024,5,NYG,SEA,7,4,2,20,0,1825,,base,,field_goal,0,0,0,0
2024,5,NYG,SEA,10,4,5,65,0,1710,,base,,punt,0,0,0,0
2024,5,SEA,NYG,13,4,7,29,-7,1298,,,,field_goal,0,0,0,0
2024,5,NYG,SEA,14,4,11,13,4,949,,base,,field_goal,0,0,0,0
2024,5,SEA,NYG,15,4,1,65,-7,853,heavy,base,8,pass,-8,0,0,0
2024,5,NYG,SEA,16,4,3,6,7,717,,base,,field_goal,0,0,0,0
2024,5,SEA,NYG,17,4,16,67,-10,580,heavy,base,,punt,0,0,0,0
2024,5,NYG,SEA,18,4,4,64,10,365,,base,,punt,0,0,0,0
2024,5,NYG,SEA,20,4,4,72,3,111,,base,,punt,0,0,0,0
2024,5,SEA,NYG,21,4,4,28,-3,65,,,,field_goal,0,0,1,0
2024,5,SEA,NYG,22,4,3,63,-9,17,11,dime,5,pass,-9,0,0,0
2024,5,NYJ,MIN,1,4,1,65,0,3514,21,,,punt,0,0,0,0
2024,5,MIN,NYJ,2,4,14,36,0,3165,,base,,field_goal,0,0,0,0
2024,5,NYJ,MIN,3,4,6,66,-3,3084,21,base,,punt,0,0,0,0
2024,5,MIN,NYJ,7,4,2,33,10,2540,,nickel,5,pass,0,0,0,0
2024,5,NYJ,MIN,8,4,2,26,-10,2329,12,base,6,run,0,0,0,0
2024,5,NYJ,MIN,10,4,19,66,-17,1920,21,base,,punt,0,0,0,0
2024,5,MIN,NYJ,11,4,11,96,17,1896,,base,,punt,0,0,0,0
2024,5,MIN,NYJ,14,4,8,68,10,1709,,base,,punt,0,0,0,0
2024,5,NYJ,MIN,15,4,5,55,-10,1578,21,,,punt,0,0,0,0
2024,5,MIN,NYJ,16,4,7,46,10,1371,,base,,punt,0,0,0,0
2024,5,NYJ,MIN,17,4,10,86,-10,1267,21,base,,penalty,15,1,0,0
2024,5,NYJ,MIN,17,4,8,14,-10,953,,base,,field_goal,0,0,0,0
2024,5,MIN,NYJ,18,4,10,46,7,890,,base,,punt,0,0,0,0
2024,5,NYJ,MIN,19,4,13,96,-7,791,21,base,,punt,0,0,0,0
2024,5,MIN,NYJ,20,4,8,35,7,732,,base,,field_goal,0,0,0,0
2024,5,NYJ,MIN,21,4,15,75,-10,652,21,base,,punt,0,0,0,0
2024,5,MIN,NYJ,24,4,7,23,3,191,,base,,field_goal,0,0,0,0
2024,5,ATL,TB,3,4,9,23,0,2914,,base,,field_goal,0,0,0,0
2024,5,TB,ATL,4,4,3,35,0,2787,,base,,field_goal,0,0,0,0
2024,5,ATL,TB,7,4,8,36,-3,2182,,base,,field_goal,0,0,0,0
2024,5,ATL,TB,9,4,18,39,-7,1819,21,base,,punt,0,0,0,0
2024,5,TB,ATL,11,4,12,65,7,1636,11,base,,punt,0,0,0,0
2024,5,ATL,TB,12,4,3,42,-7,1507,11,nickel,6,pass,14,1,0,0
2024,5,ATL,TB,12,4,22,30,-7,1286,,base,,field_goal,0,0,0,0
2024,5,TB,ATL,13,4,10,14,4,980,,base,,field_goal,0,0,0,0
2024,5,ATL,TB,14,4,4,12,-7,805,11,nickel,6,pass,12,1,1,0
2024,5,TB,ATL,15,4,6,35,0,628,,base,,field_goal,0,0,0,0
2024,5,ATL,TB,16,4,6,36,-3,397,,base,,field_goal,0,0,0,0
2024,5,ATL,TB,18,4,15,80,-3,112,11,nickel,6,pass,0,0,0,1
2024,5,TB,ATL,19,4,24,42,3,81,12,base,,punt,0,0,0,0
2024,6,GB,ARI,1,4,5,54,0,3485,,base,,punt,0,0,0,0
2024,6,ARI,GB,2,4,9,91,0,3400,11,,,punt,0,0,0,0
2024,6,ARI,GB,4,4,7,44,-7,3108,11,,,punt,0,0,0,0
2024,6,ARI,GB,6,4,5,65,-14,2608,11,base,,punt,0,0,0,0
2024,6,GB,ARI,7,4,1,36,14,2324,11,nickel,5,pass,14,1,0,0
2024,6,GB,ARI,7,4,6,18,14,2196,,base,,field_goal,0,0,0,0
2024,6,ARI,GB,8,4,3,71,-17,2094,11,base,,punt,0,0,0,0
2024,6,ARI,GB,12,4,6,20,-17,1807,,,,field_goal,0,0,0,0
2024,6,ARI,GB,14,4,6,21,-14,1447,,,,field_goal,0,0,0,0
2024,6,GB,ARI,17,4,6,26,18,1029,,base,,field_goal,0,0,0,0
2024,6,GB,ARI,19,4,4,22,18,572,,base,,field_goal,0,0,0,0
2024,6,CAR,ATL,1,4,13,68,0,3503,,base,,punt,0,0,0,0
2024,6,ATL,CAR,2,4,4,73,0,3463,21,nickel,,punt,0,0,0,0
2024,6,CAR,ATL,5,4,5,61,0,2657,,base,,punt,0,0,0,0
2024,6,CAR,ATL,7,4,5,5,0,2331,,,,field_goal,0,0,0,0
2024,6,CAR,ATL,9,4,13,63,-5,1990,,base,,punt,0,0,0,0
2024,6,ATL,CAR,13,4,3,3,5,1507,,base,,field_goal,0,0,0,0
2024,6,CAR,ATL,14,4,12,22,-8,1195,,,,field_goal,0,0,0,0
2024,6,ATL,CAR,15,4,11,13,5,910,,base,,field_goal,0,0,0,0
2024,6,CAR,ATL,18,4,4,63,-15,254,11,nickel,6,pass,0,0,0,0
2024,6,ATL,CAR,19,4,7,17,15,135,,base,,field_goal,0,0,0,0
2024,6,NYJ,BUF,1,4,4,16,0,3369,,,,field_goal,0,0,0,0
2024,6,BUF,NYJ,4,4,2,62,-3,2732,11,base,,punt,0,0,0,0
2024,6,NYJ,BUF,5,4,14,65,3,2534,heavy,nickel,,punt,0,0,0,0
2024,6,NYJ,BUF,7,4,23,51,-3,1976,heavy,nickel,,punt,0,0,0,0
2024,6,BUF,NYJ,10,4,10,29,3,1571,,base,,field_goal,0,0,0,0
2024,6,NYJ,BUF,11,4,3,3,-3,1277,,,,field_goal,0,0,0,0
2024,6,BUF,NYJ,12,4,6,66,0,1173,11,,,punt,0,0,0,0
2024,6,NYJ,BUF,13,4,12,14,0,959,,,,field_goal,0,0,0,0
2024,6,BUF,NYJ,14,4,15,83,0,859,11,base,,punt,0,0,0,0
2024,6,NYJ,BUF,15,4,8,25,0,587,,,,field_goal,0,0,0,0
2024,6,BUF,NYJ,16,4,3,3,0,226,,base,,field_goal,0,0,0,0
2024,6,NYG,CIN,2,4,4,53,-7,3304,12,nickel,,punt,0,0,0,0
2024,6,CIN,NYG,3,4,1,88,7,3205,12,nickel,,punt,0,0,0,0
2024,6,CIN,NYG,5,4,7,46,7,2700,12,nickel,,punt,0,0,0,0
2024,6,NYG,CIN,6,4,8,71,-7,2568,12,nickel,,punt,0,0,0,0
2024,6,CIN,NYG,7,4,11,71,7,2471,12,nickel,,punt,0,0,0,0
2024,6,NYG,CIN,8,4,5,55,-7,2185,12,nickel,,punt,0,0,0,0
2024,6,CIN,NYG,9,4,5,55,7,2005,12,nickel,,punt,0,0,0,0
2024,6,NYG,CIN,10,4,7,88,-7,1920,12,nickel,,punt,0,0,0,0
2024,6,CIN,NYG,11,4,12,57,7,1829,12,nickel,,punt,0,0,0,0
2024,6,NYG,CIN,13,4,2,62,-7,1736,11,nickel,6,pass,0,0,0,0
2024,6,NYG,CIN,15,4,2,60,-7,1511,11,nickel,6,run,4,1,0,0
2024,6,NYG,CIN,15,4,1,35,-7,1349,heavy,base,7,run,5,1,0,0
2024,6,CIN,NYG,16,4,19,19,0,945,,,,field_goal,0,0,0,0
2024,6,NYG,CIN,17,4,1,46,-3,810,heavy,base,8,run,1,1,0,0
2024,6,NYG,CIN,17,4,5,28,-3,632,,base,,field_goal,0,0,0,0
2024,6,CIN,NYG,18,4,10,44,3,493,12,base,,punt,0,0,0,0
2024,6,NYG,CIN,19,4,2,36,-3,185,11,nickel,5,pass,0,0,0,0
2024,6,PHI,CLE,1,4,5,69,0,3549,12,nickel,,punt,0,0,0,0
2024,6,CLE,PHI,2,4,5,62,0,3472,,nickel,,punt,0,0,0,0
2024,6,PHI,CLE,3,4,1,60,0,3387,12,base,10,run,3,1,0,0
2024,6,PHI,CLE,3,4,6,53,0,3307,12,nickel,,punt,0,0,0,0
2024,6,CLE,PHI,4,4,24,64,0,3002,,nickel,,punt,0,0,0,0
2024,6,PHI,CLE,5,4,4,31,0,2586,,,,field_goal,0,0,0,0
2024,6,CLE,PHI,6,4,9,69,-3,2536,,nickel,,punt,0,0,0,0
2024,6,PHI,CLE,7,4,1,26,3,2321,12,base,9,run,1,1,0,0
2024,6,CLE,PHI,8,4,4,34,-10,2058,11,nickel,4,pass,14,1,0,0
2024,6,CLE,PHI,8,4,15,25,-10,1922,,base,,field_goal,0,0,0,0
2024,6,PHI,CLE,9,4,9,39,7,1825,,,,field_goal,0,0,1,0
2024,6,CLE,PHI,11,4,6,34,0,1530,,base,,field_goal,0,0,0,0
2024,6,PHI,CLE,12,4,6,54,0,1447,12,nickel,,punt,0,0,0,0
2024,6,CLE,PHI,13,4,9,92,0,1318,,nickel,,punt,0,0,0,0
2024,6,PHI,CLE,14,4,13,26,0,1074,,,,field_goal,0,0,0,0
2024,6,CLE,PHI,15,4,13,31,-3,593,,base,,field_goal,0,0,0,0
2024,6,CLE,PHI,17,4,13,13,-7,237,,base,,field_goal,0,0,0,0
2024,6,DAL,DET,1,4,8,16,0,3384,,base,,field_goal,0,0,0,0
2024,6,DET,DAL,4,4,10,22,4,2611,,base,,field_goal,0,0,0,0
2024,6,DAL,DET,5,4,10,70,-7,2562,,base,,punt,0,0,0,0
2024,6,DAL,DET,7,4,20,80,-14,2427,,base,,punt,0,0,0,0
2024,6,DET,DAL,8,4,2,25,14,2205,11,nickel,6,run,2,1,0,0
2024,6,DET,DAL,8,4,17,30,14,2041,,base,,field_goal,0,0,0,0
2024,6,DAL,DET,9,4,2,62,-17,1963,,nickel,6,pass,0,0,0,0
2024,6,DAL,DET,11,4,9,29,-24,1812,,base,,field_goal,0,0,0,0
2024,6,DAL,DET,14,4,5,57,-28,1520,,nickel,6,pass,19,1,0,0
2024,6,DAL,DET,14,4,12,32,-28,1432,,base,,field_goal,0,0,0,0
2024,6,DET,DAL,15,4,15,15,25,1229,,base,,field_goal,0,0,0,0
2024,6,DET,DAL,17,4,13,15,28,855,,base,,field_goal,0,0,0,0
2024,6,DAL,DET,18,4,6,68,-31,814,,nickel,5,pass,0,0,0,1
2024,6,DAL,DET,20,4,5,5,-38,487,11,nickel,7,pass,0,0,0,1
2024,6,DET,DAL,21,4,3,31,38,268,12,base,6,pass,-9,0,0,0
2024,6,NE,HOU,2,4,9,76,-7,3163,,base,,punt,0,0,0,0
2024,6,HOU,NE,5,4,5,22,14,2673,,base,,field_goal,0,0,0,0
2024,6,NE,HOU,6,4,18,67,-14,2492,,base,,punt,0,0,0,0
2024,6,NE,HOU,8,4,8,52,-14,2285,,base,,punt,0,0,0,0
2024,6,HOU,NE,9,4,5,86,14,2137,11,dime,,punt,0,0,0,0
2024,6,NE,HOU,10,4,12,80,-14,1968,,base,,punt,0,0,0,0
2024,6,HOU,NE,11,4,15,62,14,1866,11,dime,,punt,0,0,0,0
2024,6,NE,HOU,16,4,9,73,-14,1628,,base,,punt,0,0,0,0
2024,6,HOU,NE,17,4,6,21,14,1320,,base,,field_goal,0,0,0,0
2024,6,HOU,NE,19,4,7,28,17,1226,,base,,field_goal,0,0,0,0
2024,6,HOU,NE,21,4,4,57,13,854,11,dime,,punt,0,0,0,0
2024,6,NE,HOU,26,4,21,70,-20,323,,base,,punt,0,0,0,0
2024,6,HOU,NE,27,4,11,79,20,220,11,dime,,punt,0,0,0,0
2024,6,NE,HOU,28,4,5,39,-20,170,11,nickel,5,run,6,1,0,0
2024,6,NE,HOU,28,4,3,26,-20,83,11,nickel,6,pass,6,1,0,0
2024,6,TEN,IND,2,4,3,68,-7,3259,,,,punt,0,0,0,0
2024,6,IND,TEN,5,4,9,69,0,3021,,base,,punt,0,0,0,0
2024,6,TEN,IND,6,4,3,26,0,2473,,,,field_goal,0,0,0,0
2024,6,IND,TEN,7,4,10,60,-3,2264,12,base,,punt,0,0,0,0
2024,6,TEN,IND,8,4,13,64,3,2030,,,,punt,0,0,0,0
2024,6,IND,TEN,9,4,3,8,-3,1822,,base,,field_goal,0,0,0,0
2024,6,TEN,IND,11,4,1,34,0,1542,heavy,base,7,pass,10,1,0,0
2024,6,IND,TEN,12,4,3,24,-7,1100,11,nickel,5,pass,5,1,0,0
2024,6,IND,TEN,12,4,4,4,-7,900,,base,,field_goal,0,0,0,0
2024,6,TEN,IND,13,4,1,61,4,779,,base,,punt,0,0,0,0
2024,6,TEN,IND,15,4,10,70,-3,433,,base,,punt,0,0,0,0
2024,6,IND,TEN,16,4,6,70,3,345,,base,,punt,0,0,0,0
2024,6,IND,TEN,18,4,7,60,3,238,12,base,,punt,0,0,0,0
2024,6,TEN,IND,19,4,7,75,-3,146,,base,,punt,0,0,0,0
2024,6,IND,TEN,20,4,6,60,3,22,12,base,,punt,0,0,0,0
2024,6,CHI,JAX,1,4,6,71,0,3481,,,,punt,0,0,0,0
2024,6,JAX,CHI,2,4,12,12,0,2980,,base,,field_goal,0,0,0,0
2024,6,CHI,JAX,3,4,7,67,-3,2896,,,,punt,0,0,0,0
2024,6,JAX,CHI,4,4,7,62,3,2700,11,base,,punt,0,0,0,0
2024,6,JAX,CHI,6,4,4,51,-4,2374,11,base,,punt,0,0,0,0
2024,6,JAX,CHI,8,4,2,63,-4,1995,11,base,,punt,0,0,0,0
2024,6,JAX,CHI,17,4,1,36,-25,547,11,nickel,5,run,7,1,0,0
2024,6,JAX,CHI,17,4,5,5,-25,423,11,nickel,6,pass,5,1,1,0
2024,6,CHI,JAX,18,4,3,37,19,367,11,nickel,6,pass,8,1,0,0
2024,6,CHI,JAX,18,4,6,25,19,205,,base,,field_goal,0,0,0,0
2024,6,JAX,CHI,19,4,14,71,-19,120,11,base,,punt,0,0,0,0
2024,6,LAC,DEN,2,4,2,2,0,3268,,,,field_goal,0,0,0,0
2024,6,DEN,LAC,3,4,6,62,-3,3179,,,,punt,0,0,0,0
2024,6,DEN,LAC,5,4,5,55,-10,2822,,,,punt,0,0,0,0
2024,6,LAC,DEN,6,4,15,15,10,2184,,,,field_goal,0,0,0,0
2024,6,DEN,LAC,9,4,12,72,-20,1819,,,,punt,0,0,0,0
2024,6,LAC,DEN,11,4,10,58,20,1567,11,base,,punt,0,0,0,0
2024,6,DEN,LAC,12,4,20,54,-20,1360,,,,punt,0,0,0,0
2024,6,LAC,DEN,13,4,8,28,20,1059,,,,field_goal,0,0,0,0
2024,6,DEN,LAC,14,4,20,80,-23,954,,,,punt,0,0,0,0
2024,6,LAC,DEN,15,4,7,42,23,858,11,nickel,,punt,0,0,0,0
2024,6,DEN,LAC,16,4,2,39,-23,649,,nickel,6,pass,37,1,0,0
2024,6,LAC,DEN,17,4,9,69,16,515,11,nickel,,punt,0,0,0,0
2024,6,DEN,LAC,18,4,5,21,-16,362,11,nickel,6,run,6,1,0,0
2024,6,LAC,DEN,19,4,16,43,10,156,11,nickel,,punt,0,0,0,0
2024,6,PIT,LV,1,4,7,34,0,3324,,,,field_goal,0,0,0,0
2024,6,PIT,LV,3,4,12,72,-4,2877,12,nickel,,punt,0,0,0,0
2024,6,LV,PIT,4,4,4,69,4,2778,,base,,punt,0,0,0,0
2024,6,PIT,LV,5,4,10,31,-4,2537,,,,field_goal,0,0,0,0
2024,6,LV,PIT,6,4,1,61,1,2433,12,,,punt,0,0,0,0
2024,6,PIT,LV,7,4,28,64,-1,2089,12,nickel,,punt,0,0,0,0
2024,6,PIT,LV,9,4,1,3,-1,1840,heavy,,9,run,3,1,1,0
2024,6,LV,PIT,10,4,3,52,-5,1804,11,dime,4,pass,0,0,0,0
2024,6,LV,PIT,11,4,17,66,-5,1567,,base,,punt,0,0,0,0
2024,6,PIT,LV,12,4,19,19,5,1464,,,,field_goal,0,0,0,0
2024,6,LV,PIT,13,4,6,66,-8,1368,,base,,punt,0,0,0,0
2024,6,PIT,LV,16,4,11,56,15,565,12,nickel,,punt,0,0,0,0
2024,6,LV,PIT,19,4,2,9,-22,299,11,nickel,6,pass,9,1,1,0
2024,6,PIT,LV,20,4,18,18,16,239,,,,field_goal,0,0,0,0
2024,6,LV,PIT,21,4,5,65,-19,169,11,nickel,5,pass,0,0,0,0
2024,6,SF,SEA,2,4,7,7,0,2942,,base,,field_goal,0,0,0,0
2024,6,SEA,SF,3,4,10,75,-3,2814,heavy,base,,punt,0,0,0,0
2024,6,SF,SEA,4,4,6,72,3,2719,heavy,base,,punt,0,0,0,0
2024,6,SEA,SF,5,4,2,63,-3,2629,heavy,base,,punt,0,0,0,0
2024,6,SF,SEA,8,4,4,23,10,2510,,base,,field_goal,0,0,0,0
2024,6,SEA,SF,9,4,3,63,-13,2423,heavy,base,,punt,0,0,0,0
2024,6,SF,SEA,10,4,14,17,13,1956,,base,,field_goal,0,0,0,0
2024,6,SEA,SF,11,4,2,2,-16,1803,,base,,field_goal,0,0,0,0
2024,6,SF,SEA,14,4,3,50,13,1331,heavy,base,,punt,0,0,0,0
2024,6,SF,SEA,16,4,3,67,6,900,heavy,base,,punt,0,0,0,0
2024,6,SEA,SF,17,4,10,70,-6,766,heavy,base,,punt,0,0,0,0
2024,6,SF,SEA,18,4,9,40,6,575,heavy,base,,punt,0,0,0,0
2024,6,SEA,SF,21,4,9,9,-12,109,11,nickel,6,pass,9,1,1,0
2024,6,SEA,SF,23,4,10,51,-12,51,11,nickel,6,pass,12,1,0,0
2024,6,SEA,SF,23,4,10,39,-12,20,11,nickel,4,pass,0,0,0,0
2024,6,NO,TB,3,4,3,63,-14,3185,,base,,punt,0,0,0,0
2024,6,TB,NO,4,4,3,8,14,2944,,base,,field_goal,0,0,0,0
2024,6,NO,TB,5,4,2,24,-17,2627,,base,,field_goal,0,0,0,0
2024,6,TB,NO,6,4,27,93,14,2598,11,nickel,,punt,0,0,1,0
2024,6,NO,TB,8,4,7,11,-7,2343,,base,,field_goal,0,0,0,0
2024,6,NO,TB,14,4,10,45,3,1854,,base,,punt,0,0,0,0
2024,6,NO,TB,16,4,21,50,3,1645,,base,,punt,0,0,0,0
2024,6,TB,NO,17,4,4,86,-3,1556,11,nickel,,punt,0,0,0,0
2024,6,NO,TB,18,4,13,56,3,1425,,base,,punt,0,0,0,0
2024,6,NO,TB,20,4,13,73,-4,1092,,base,,punt,0,0,0,0
2024,6,TB,NO,21,4,5,62,4,959,11,nickel,,punt,0,0,0,0
2024,6,NO,TB,24,4,15,76,-10,709,,base,,punt,0,0,0,0
2024,6,NO,TB,28,4,5,55,-24,55,11,nickel,5,pass,25,1,0,0
2024,6,WAS,BAL,2,4,18,24,0,3254,,base,,field_goal,0,0,0,0
2024,6,BAL,WAS,3,4,11,27,-3,2930,,base,,field_goal,0,0,0,0
2024,6,WAS,BAL,4,4,10,70,0,2850,21,nickel,,punt,0,0,0,0
2024,6,BAL,WAS,5,4,20,90,0,2711,,dime,,punt,0,0,0,0
2024,6,WAS,BAL,6,4,12,41,0,2581,heavy,base,,punt,0,0,0,0
2024,6,WAS,BAL,11,4,5,37,-7,1670,,base,,field_goal,0,0,0,0
2024,6,BAL,WAS,12,4,12,13,4,1402,,base,,field_goal,0,0,0,0
2024,6,WAS,BAL,13,4,6,44,-7,1319,heavy,base,,punt,0,0,0,0
2024,6,WAS,BAL,15,4,6,6,-14,736,11,dime,6,pass,6,1,1,0
2024,6,BAL,WAS,16,4,2,21,7,383,,base,,field_goal,0,0,0,0
2024,6,WAS,BAL,17,4,12,58,-10,228,11,dime,5,penalty,23,1,0,0
2024,6,WAS,BAL,17,4,5,30,-10,172,,base,,field_goal,0,0,0,0
2024,7,TB,BAL,1,4,1,36,0,3370,11,nickel,6,run,11,1,0,0
2024,7,BAL,TB,2,4,28,57,-7,3071,,nickel,,punt,0,0,0,0
2024,7,TB,BAL,3,4,5,5,7,2705,,base,,field_goal,0,0,0,0
2024,7,BAL,TB,8,4,10,10,4,1807,,base,,field_goal,0,0,0,0
2024,7,BAL,TB,10,4,7,34,7,1645,,base,,field_goal,0,0,0,0
2024,7,TB,BAL,11,4,4,37,-10,1407,,base,,field_goal,0,0,0,0
2024,7,TB,BAL,13,4,14,49,-17,1205,11,base,,punt,0,0,0,0
2024,7,BAL,TB,14,4,3,4,17,1077,11,nickel,6,pass,4,1,1,0
2024,7,TB,BAL,15,4,22,82,-24,966,11,base,,punt,0,0,0,0
2024,7,BAL,TB,21,4,10,48,10,103,,nickel,,punt,0,0,0,0
2024,7,CAR,WAS,2,4,4,59,-7,3286,,dime,,punt,0,0,0,0
2024,7,WAS,CAR,3,4,5,5,7,2901,,,,field_goal,0,0,0,0
2024,7,WAS,CAR,5,4,15,51,10,2741,heavy,nickel,,punt,0,0,0,0
2024,7,CAR,WAS,6,4,9,88,-10,2613,,dime,,punt,0,0,0,0
2024,7,CAR,WAS,8,4,1,60,-17,2254,21,nickel,7,run,-2,0,0,0
2024,7,WAS,CAR,9,4,11,31,17,2143,11,,,field_goal,0,0,0,0
2024,7,CAR,WAS,10,4,10,52,-20,1956,,nickel,,punt,0,0,0,0
2024,7,CAR,WAS,14,4,9,75,-34,1337,,dime,,punt,0,0,0,0
2024,7,WAS,CAR,15,4,1,13,34,996,11,base,,field_goal,0,0,0,0
2024,7,WAS,CAR,17,4,6,11,30,298,11,base,,field_goal,0,0,0,0
2024,7,CAR,WAS,18,4,11,71,-33,164,,dime,,punt,0,0,0,0
2024,7,CLE,CIN,2,4,1,67,-7,3499,,,,punt,0,0,0,0
2024,7,CIN,CLE,3,4,4,73,7,3399,12,base,,punt,0,0,0,0
2024,7,CLE,CIN,4,4,4,31,-7,3092,,base,,field_goal,0,0,0,0
2024,7,CIN,CLE,5,4,3,37,7,2927,12,nickel,6,pass,-5,0,0,0
2024,7,CLE,CIN,6,4,10,58,-7,2810,,nickel,,punt,0,0,0,0
2024,7,CIN,CLE,7,4,7,55,7,2663,12,base,,punt,0,0,0,0
2024,7,CLE,CIN,8,4,8,79,-7,2525,,nickel,,punt,0,0,0,0
2024,7,CIN,CLE,9,4,8,54,7,2467,12,base,,punt,0,0,0,0
2024,7,CLE,CIN,10,4,10,76,-7,2272,,nickel,,punt,0,0,0,0
2024,7,CIN,CLE,11,4,20,64,7,2134,12,base,,punt,0,0,0,0
2024,7,CLE,CIN,12,4,1,1,-7,1859,12,,9,run,1,1,1,0
2024,7,CIN,CLE,13,4,8,53,1,1837,12,base,,punt,0,0,0,0
2024,7,CLE,CIN,15,4,2,35,-1,1553,21,nickel,7,pass,0,0,0,0
2024,7,CIN,CLE,18,4,7,40,8,1227,12,base,,punt,0,0,0,0
2024,7,CLE,CIN,19,4,8,75,-8,1117,,nickel,,punt,0,0,0,0
2024,7,CLE,CIN,21,4,6,66,-15,902,,nickel,,punt,0,0,0,0
2024,7,CIN,CLE,22,4,9,70,15,722,12,base,,punt,0,0,0,0
2024,7,CLE,CIN,23,4,15,54,-15,523,,nickel,,punt,0,0,0,0
2024,7,CIN,CLE,24,4,4,81,15,300,12,base,,punt,0,0,0,0
2024,7,CIN,CLE,26,4,12,32,15,228,,base,,field_goal,0,0,0,0
2024,7,DEN,NO,1,4,10,41,0,3456,,nickel,,punt,0,0,0,0
2024,7,NO,DEN,2,4,2,52,0,3342,,nickel,,punt,0,0,0,0
2024,7,DEN,NO,3,4,3,28,0,3032,,,,field_goal,0,0,0,0
2024,7,DEN,NO,5,4,6,13,3,2607,,,,field_goal,0,0,0,0
2024,7,NO,DEN,6,4,5,55,-6,2543,,nickel,,punt,0,0,0,0
2024,7,NO,DEN,8,4,1,70,-13,2127,12,,8,pass,12,1,0,0
2024,7,NO,DEN,8,4,5,17,-13,1920,,,,field_goal,0,0,0,0
2024,7,DEN,NO,9,4,4,34,10,1821,,,,field_goal,0,0,0,0
2024,7,NO,DEN,11,4,7,67,-13,1761,,nickel,,punt,0,0,0,0
2024,7,DEN,NO,12,4,5,20,13,1527,,,,field_goal,0,0,0,0
2024,7,NO,DEN,13,4,11,71,-16,1443,,nickel,,punt,0,0,0,0
2024,7,NO,DEN,15,4,20,59,-23,963,,nickel,,punt,0,0,0,0
2024,7,DEN,NO,16,4,5,74,23,816,,nickel,,punt,0,0,0,0
2024,7,NO,DEN,17,4,20,60,-23,641,,nickel,,punt,0,0,0,0
2024,7,DEN,NO,18,4,10,85,23,514,,nickel,,punt,0,0,0,0
2024,7,NO,DEN,19,4,5,43,-23,451,11,nickel,6,pass,3,0,0,0
2024,7,NO,DEN,21,4,1,38,-23,300,11,nickel,7,pass,4,1,0,0
2024,7,NO,DEN,22,4,1,54,-30,191,11,nickel,7,run,1,1,0,0
2024,7,DET,MIN,1,4,7,67,0,3456,,base,,run,1,0,0,0
2024,7,DET,MIN,3,4,3,63,-7,3318,,,,punt,0,0,0,0
2024,7,MIN,DET,4,4,7,39,7,3039,,base,,field_goal,0,0,0,0
2024,7,DET,MIN,5,4,5,65,-10,2950,,base,,punt,0,0,0,0
2024,7,MIN,DET,6,4,7,77,10,2761,,base,,punt,0,0,0,0
2024,7,MIN,DET,8,4,9,51,3,2491,,base,,punt,0,0,0,0
2024,7,MIN,DET,15,4,10,24,-11,868,,base,,field_goal,0,0,0,0
2024,7,DET,MIN,16,4,11,47,8,619,,base,,punt,0,0,0,0
2024,7,MIN,DET,17,4,8,30,-8,369,,base,,field_goal,0,0,0,0
2024,7,DET,MIN,19,4,20,80,-1,265,,base,,punt,0,0,0,0
2024,7,MIN,DET,20,4,4,72,1,161,,base,,punt,0,0,0,0
2024,7,DET,MIN,21,4,14,26,-1,19,,base,,field_goal,0,0,0,0
2024,7,HOU,GB,2,4,4,5,0,3411,,base,,field_goal,0,0,0,0
2024,7,GB,HOU,3,4,2,67,-3,3287,,nickel,,punt,0,0,0,0
2024,7,HOU,GB,4,4,14,44,3,3014,12,,,punt,0,0,0,0
2024,7,HOU,GB,6,4,9,69,-4,2561,12,dime,,punt,0,0,0,1
2024,7,HOU,GB,9,4,12,34,-4,2074,,base,,field_goal,0,0,0,0
2024,7,GB,HOU,12,4,9,69,-5,1821,,nickel,,punt,0,0,0,0
2024,7,HOU,GB,14,4,13,73,5,1678,12,dime,,punt,0,0,0,0
2024,7,HOU,GB,16,4,5,65,-2,1316,12,nickel,,punt,0,0,0,0
2024,7,GB,HOU,17,4,1,87,2,1190,,nickel,,punt,0,0,0,0
2024,7,HOU,GB,18,4,17,53,-2,973,12,nickel,,punt,0,0,0,0
2024,7,GB,HOU,19,4,12,87,2,862,,base,,punt,0,0,0,0
2024,7,HOU,GB,20,4,10,57,-2,616,12,nickel,,punt,0,0,0,0
2024,7,GB,HOU,21,4,16,86,2,501,,base,,punt,0,0,0,0
2024,7,HOU,GB,22,4,15,17,-2,108,,base,,field_goal,0,0,0,0
2024,7,SF,KC,1,4,5,65,0,3457,12,base,,punt,0,0,0,0
2024,7,KC,SF,2,4,2,56,0,3254,11,base,7,run,1,0,0,0
2024,7,SF,KC,5,4,1,59,0,2958,12,,,punt,0,0,0,0
2024,7,KC,SF,6,4,7,89,0,2833,11,base,,punt,0,0,0,0
2024,7,SF,KC,7,4,6,37,0,2771,,,,field_goal,0,0,0,0
2024,7,SF,KC,9,4,2,62,-4,2436,12,base,,punt,0,0,0,0
2024,7,SF,KC,11,4,11,59,-11,2048,12,base,,punt,0,0,0,0
2024,7,KC,SF,12,4,8,73,11,1915,11,base,,punt,0,0,0,0
2024,7,SF,KC,13,4,2,6,-11,1804,,,,field_goal,0,0,0,0
2024,7,SF,KC,15,4,1,14,-8,1644,11,base,7,run,1,1,0,0
2024,7,KC,SF,16,4,10,67,2,1477,11,base,,punt,0,0,0,0
2024,7,KC,SF,18,4,1,1,2,857,12,nickel,5,run,1,1,1,0
2024,7,ARI,LAC,2,4,4,66,0,3363,11,,,punt,0,0,0,0
2024,7,ARI,LAC,4,4,10,46,0,2947,11,base,,punt,0,0,0,0
2024,7,LAC,ARI,5,4,8,41,0,2524,,base,,field_goal,0,0,0,0
2024,7,LAC,ARI,7,4,3,63,-4,2048,11,base,,punt,0,0,0,0
2024,7,ARI,LAC,8,4,7,55,4,1912,11,base,,punt,0,0,0,0
2024,7,LAC,ARI,9,4,10,32,-4,1803,,base,,field_goal,0,0,0,0
2024,7,LAC,ARI,10,4,18,46,-1,1534,11,base,,punt,0,0,0,0
2024,7,ARI,LAC,11,4,1,45,1,1268,12,base,7,run,0,0,0,0
2024,7,LAC,ARI,12,4,9,10,-1,943,,base,,field_goal,0,0,0,0
2024,7,LAC,ARI,14,4,3,29,-5,733,,base,,field_goal,0,0,0,0
2024,7,ARI,LAC,15,4,10,45,2,613,11,base,,punt,0,0,0,0
2024,7,LAC,ARI,16,4,1,30,-2,250,12,base,7,run,2,1,0,0
2024,7,LAC,ARI,16,4,4,22,-2,118,,base,,field_goal,0,0,0,0
2024,7,LV,LA,1,4,4,51,0,3434,12,base,,punt,0,0,0,0
2024,7,LA,LV,2,4,3,53,0,3223,12,,,punt,0,0,0,0
2024,7,LV,LA,3,4,11,70,0,2979,12,base,,punt,0,0,0,0
2024,7,LA,LV,4,4,19,65,0,2860,21,nickel,,punt,0,0,0,0
2024,7,LV,LA,5,4,5,20,0,2648,,base,,field_goal,0,0,0,0
2024,7,LA,LV,6,4,1,49,-3,2457,11,nickel,6,run,0,0,0,0
2024,7,LV,LA,7,4,7,48,3,2361,12,base,,punt,0,0,0,0
2024,7,LA,LV,8,4,1,71,-3,2232,21,,,punt,0,0,0,0
2024,7,LA,LV,13,4,4,64,8,1749,12,nickel,,punt,0,0,0,0
2024,7,LV,LA,14,4,8,88,-8,1657,,base,,punt,0,0,0,0
2024,7,LA,LV,15,4,5,44,8,1470,12,,,punt,0,0,0,0
2024,7,LV,LA,18,4,7,20,-14,1049,,,,field_goal,0,0,0,0
2024,7,LV,LA,20,4,5,9,-11,895,,base,,field_goal,0,0,0,0
2024,7,LA,LV,21,4,12,16,8,615,,,,field_goal,0,0,0,0
2024,7,LV,LA,22,4,1,42,-8,389,11,nickel,6,run,2,1,0,0
2024,7,LV,LA,22,4,9,9,-8,170,,base,,field_goal,0,0,0,0
2024,7,LA,LV,23,4,1,47,5,106,12,base,,punt,0,0,0,0
2024,7,IND,MIA,1,4,6,66,0,3523,,base,,punt,0,0,0,0
2024,7,MIA,IND,2,4,6,69,0,3439,,,,punt,0,0,0,0
2024,7,IND,MIA,3,4,10,90,0,3414,,base,,punt,0,0,0,0
2024,7,MIA,IND,6,4,10,55,7,2503,,base,,punt,0,0,0,0
2024,7,IND,MIA,7,4,4,72,-7,2406,,base,,punt,0,0,0,0
2024,7,MIA,IND,8,4,18,70,7,2161,,base,,punt,0,0,0,0
2024,7,IND,MIA,9,4,8,55,-7,1980,,base,,punt,0,0,0,0
2024,7,MIA,IND,10,4,4,15,7,1825,,,,field_goal,0,0,0,0
2024,7,MIA,IND,12,4,7,55,7,1695,,base,,punt,0,0,0,0
2024,7,IND,MIA,13,4,5,80,-7,1615,,base,,punt,0,0,0,0
2024,7,MIA,IND,16,4,11,71,0,1356,,base,,punt,0,0,0,0
2024,7,IND,MIA,17,4,9,84,0,1298,,base,,punt,0,0,0,0
2024,7,IND,MIA,19,4,4,80,0,992,,base,,punt,0,0,0,0
2024,7,MIA,IND,20,4,12,73,0,930,,base,,punt,0,0,0,0
2024,7,IND,MIA,21,4,4,4,0,524,,base,,field_goal,0,0,0,0
2024,7,MIA,IND,22,4,1,36,-3,319,,,,field_goal,0,0,0,0
2024,7,IND,MIA,23,4,8,20,3,115,,base,,field_goal,0,0,0,0
2024,7,MIA,IND,24,4,2,33,-6,11,11,dime,4,pass,0,0,0,0
2024,7,JAX,NE,2,4,6,45,-7,3011,12,nickel,,punt,0,0,0,0
2024,7,NE,JAX,3,4,7,22,7,2615,,base,,field_goal,0,0,0,0
2024,7,NE,JAX,5,4,7,58,3,2235,,base,,punt,0,0,0,0
2024,7,NE,JAX,7,4,10,70,-4,1915,,base,,punt,0,0,1,0
2024,7,NE,JAX,8,4,3,63,-12,1850,,base,,punt,0,0,0,0
2024,7,JAX,NE,10,4,3,3,12,1485,,base,,field_goal,0,0,0,0
2024,7,NE,JAX,11,4,6,56,-15,1361,,base,,punt,0,0,0,0
2024,7,JAX,NE,12,4,1,6,15,676,heavy,base,6,run,0,0,0,0
2024,7,JAX,NE,14,4,7,44,9,245,12,nickel,,punt,0,0,0,0
2024,7,NE,JAX,15,4,26,90,-9,120,11,dime,4,pass,0,0,0,0
2024,7,PIT,NYJ,1,4,5,28,0,3397,,,,field_goal,0,0,0,0
2024,7,NYJ,PIT,2,4,15,83,-3,3291,heavy,base,,punt,0,0,0,0
2024,7,PIT,NYJ,3,4,1,55,3,3196,12,base,,punt,0,0,0,0
2024,7,PIT,NYJ,5,4,12,72,-4,2807,12,base,,punt,0,0,0,0
2024,7,NYJ,PIT,6,4,11,80,4,2745,heavy,base,,punt,0,0,0,0
2024,7,PIT,NYJ,7,4,8,64,-4,2693,12,base,,punt,0,0,0,0
2024,7,NYJ,PIT,8,4,1,78,4,2572,heavy,,,punt,0,0,0,0
2024,7,PIT,NYJ,9,4,10,11,-4,2304,,base,,field_goal,0,0,0,0
2024,7,PIT,NYJ,11,4,12,42,-9,1999,12,base,,punt,0,0,0,0
2024,7,NYJ,PIT,15,4,2,49,2,1670,heavy,,,punt,0,0,0,0
2024,7,PIT,NYJ,16,4,3,3,-2,1371,,base,,field_goal,0,0,0,0
2024,7,NYJ,PIT,19,4,1,32,-8,1116,,dime,6,pass,15,1,0,0
2024,7,NYJ,PIT,19,4,10,17,-8,1062,,base,,field_goal,0,0,0,0
2024,7,NYJ,PIT,21,4,5,25,-15,476,11,dime,4,pass,0,0,0,0
2024,7,PIT,NYJ,22,4,1,19,15,164,12,base,8,run,1,1,0,0
2024,7,PIT,NYJ,22,4,2,10,15,30,heavy,,10,run,10,1,1,0
2024,7,NYG,PHI,1,4,3,45,0,3518,,nickel,,punt,0,0,0,0
2024,7,PHI,NYG,2,4,4,67,0,3347,11,base,,punt,0,0,0,0
2024,7,NYG,PHI,3,4,15,74,0,3220,,dime,,punt,0,0,0,0
2024,7,PHI,NYG,4,4,19,75,0,3138,11,base,,punt,0,0,0,0
2024,7,NYG,PHI,5,4,19,71,0,3025,,dime,,punt,0,0,0,0
2024,7,PHI,NYG,6,4,24,65,0,2719,11,base,,punt,0,0,0,0
2024,7,NYG,PHI,7,4,10,60,0,2499,,dime,,punt,0,0,0,0
2024,7,NYG,PHI,9,4,18,78,-7,2226,,dime,,punt,0,0,0,0
2024,7,PHI,NYG,10,4,3,41,7,2074,11,nickel,5,pass,41,1,1,0
2024,7,NYG,PHI,11,4,13,73,-14,1992,,dime,,punt,0,0,0,0
2024,7,PHI,NYG,12,4,19,82,14,1913,11,base,,punt,0,0,0,0
2024,7,PHI,NYG,15,4,6,66,11,1709,11,base,,punt,0,0,0,0
2024,7,NYG,PHI,16,4,3,73,-11,1617,,nickel,,punt,0,0,0,0
2024,7,PHI,NYG,17,4,2,5,11,1414,11,nickel,6,run,4,1,0,0
2024,7,NYG,PHI,18,4,15,49,-18,1060,,dime,,punt,0,0,0,0
2024,7,PHI,NYG,19,4,1,1,18,691,12,base,11,run,1,1,1,0
2024,7,NYG,PHI,20,4,11,71,-25,640,,dime,,punt,0,0,0,0
2024,7,PHI,NYG,21,4,8,64,25,540,12,base,,punt,0,0,0,0
2024,7,NYG,PHI,22,4,9,69,-25,404,,dime,,punt,0,0,0,0
2024,7,PHI,NYG,23,4,3,80,25,262,12,base,,punt,0,0,0,0
2024,7,NYG,PHI,24,4,10,63,-25,210,,nickel,,punt,0,0,0,0
2024,7,PHI,NYG,25,4,5,87,25,146,12,base,,penalty,15,1,0,0
2024,7,PHI,NYG,25,4,15,77,25,31,12,base,,punt,0,0,0,0
2024,7,SEA,ATL,1,4,17,20,0,3309,,,,field_goal,0,0,0,0
2024,7,ATL,SEA,2,4,7,53,-3,3164,heavy,base,,punt,0,0,0,0
2024,7,SEA,ATL,3,4,17,49,3,2867,heavy,base,,punt,0,0,0,0
2024,7,ATL,SEA,4,4,7,36,-3,2568,,base,,field_goal,0,0,0,0
2024,7,SEA,ATL,7,4,21,46,3,1942,12,base,,punt,0,0,0,0
2024,7,ATL,SEA,8,4,3,59,-3,1880,heavy,base,,punt,0,0,0,0
2024,7,ATL,SEA,11,4,1,5,-10,1367,11,nickel,6,pass,5,1,1,0
2024,7,SEA,ATL,12,4,1,44,3,1203,21,nickel,8,run,7,1,0,0
2024,7,ATL,SEA,13,4,13,73,-10,1012,heavy,base,,punt,0,0,0,0
2024,7,SEA,ATL,14,4,7,64,10,917,heavy,base,,punt,0,0,0,0
2024,7,SEA,ATL,17,4,5,40,17,435,,,,field_goal,0,0,0,0
2024,7,ATL,SEA,18,4,4,64,-20,392,11,nickel,6,pass,12,1,0,0
2024,7,SEA,ATL,19,4,2,55,20,224,heavy,base,,punt,0,0,0,0
2024,7,BUF,TEN,1,4,1,61,0,3522,11,base,,punt,0,0,0,0
2024,7,TEN,BUF,2,4,4,75,0,3385,,nickel,,punt,0,0,0,0
2024,7,BUF,TEN,3,4,10,73,0,3307,11,base,,punt,0,0,0,0
2024,7,TEN,BUF,4,4,3,7,0,2880,,,,field_goal,0,0,0,0
2024,7,BUF,TEN,5,4,6,66,-3,2789,11,base,,punt,0,0,0,0
2024,7,BUF,TEN,9,4,18,44,-3,2176,11,base,,punt,0,0,0,0
2024,7,TEN,BUF,10,4,16,74,3,1975,,nickel,,punt,0,0,0,0
2024,7,BUF,TEN,11,4,1,67,-3,1854,11,base,,punt,0,0,0,0
2024,7,TEN,BUF,13,4,2,56,3,1679,heavy,nickel,9,run,-3,0,0,0
2024,7,TEN,BUF,15,4,15,58,-4,1395,,nickel,,punt,0,0,0,0
2024,7,BUF,TEN,16,4,7,10,4,1155,,base,,field_goal,0,0,0,0
2024,7,TEN,BUF,17,4,16,83,-7,1080,,nickel,,punt,0,0,0,0
2024,7,TEN,BUF,19,4,10,70,-14,878,,nickel,,punt,0,0,0,0
2024,7,BUF,TEN,20,4,3,12,14,569,,base,,field_goal,0,0,0,0
2024,7,TEN,BUF,21,4,1,41,-17,459,11,nickel,8,run,2,1,0,0
2024,8,ARI,MIA,2,4,6,66,-7,3271,11,base,,punt,0,0,0,0
2024,8,MIA,ARI,3,4,4,35,7,2781,,,,field_goal,0,0,0,0
2024,8,MIA,ARI,5,4,8,56,3,2357,,base,,punt,0,0,0,0
2024,8,ARI,MIA,6,4,7,42,-3,2031,11,base,,punt,0,0,0,0
2024,8,MIA,ARI,7,4,5,7,3,1818,,base,,field_goal,0,0,0,0
2024,8,ARI,MIA,9,4,15,38,-6,1608,,base,,field_goal,0,0,0,0
2024,8,ARI,MIA,11,4,6,66,-10,1301,11,base,,punt,0,0,0,0
2024,8,MIA,ARI,16,4,9,47,2,308,,base,,punt,0,0,0,0
2024,8,ARI,MIA,17,4,6,16,-2,1,,base,,field_goal,0,0,0,0
2024,8,ATL,TB,2,4,3,36,0,3479,11,dime,5,pass,36,1,1,0
2024,8,TB,ATL,3,4,1,51,-7,3287,11,nickel,8,run,2,1,0,0
2024,8,ATL,TB,4,4,8,40,0,2868,heavy,base,,punt,0,0,0,0
2024,8,TB,ATL,7,4,7,67,0,2136,11,base,,punt,0,0,0,0
2024,8,TB,ATL,9,4,3,34,-7,1869,,,,field_goal,0,0,0,0
2024,8,ATL,TB,12,4,8,70,7,1654,heavy,nickel,,punt,0,0,0,0
2024,8,ATL,TB,14,4,7,60,7,1181,heavy,nickel,,punt,0,0,0,0
2024,8,TB,ATL,15,4,3,62,-7,1088,11,base,,run,-2,0,0,0
2024,8,ATL,TB,20,4,1,33,5,144,12,base,5,run,3,1,0,0
2024,8,ATL,TB,20,4,8,28,5,66,,base,,field_goal,0,0,0,0
2024,8,BAL,CLE,1,4,1,7,0,3228,12,,7,run,-2,0,0,0
2024,8,CLE,BAL,2,4,6,9,0,2740,,,,field_goal,0,0,0,0
2024,8,BAL,CLE,3,4,21,31,-3,2516,,base,,field_goal,0,0,0,0
2024,8,CLE,BAL,4,4,4,49,0,2432,,base,,punt,0,0,0,0
2024,8,BAL,CLE,5,4,9,86,0,2372,,base,,punt,0,0,0,0
2024,8,CLE,BAL,6,4,8,15,0,2025,,,,field_goal,0,0,0,0
2024,8,BAL,CLE,7,4,14,85,-3,1928,,base,,punt,0,0,0,0
2024,8,BAL,CLE,12,4,5,44,-3,1399,,base,,punt,0,0,0,0
2024,8,CLE,BAL,13,4,10,86,3,1372,,nickel,,punt,0,0,0,0
2024,8,BAL,CLE,16,4,8,32,-3,783,,base,,field_goal,0,0,0,0
2024,8,CLE,BAL,17,4,8,58,3,699,,nickel,,punt,0,0,0,0
2024,8,BAL,CLE,18,4,14,85,-3,558,,base,,punt,0,0,0,0
2024,8,CLE,BAL,19,4,3,30,3,299,,,,field_goal,0,0,0,0
2024,8,BAL,CLE,22,4,10,24,-5,3,,dime,4,pass,0,0,0,0
2024,8,SEA,BUF,1,4,9,69,0,3550,heavy,nickel,,punt,0,0,0,0
2024,8,SEA,BUF,3,4,8,68,-7,2914,heavy,nickel,,punt,0,0,0,0
2024,8,BUF,SEA,4,4,2,58,7,2726,11,base,,punt,0,0,0,0
2024,8,SEA,BUF,5,4,20,20,-7,2298,,,,field_goal,0,0,0,0
2024,8,SEA,BUF,7,4,1,1,-4,2086,heavy,,7,run,-6,0,0,0
2024,8,BUF,SEA,10,4,8,8,11,1414,,base,,field_goal,0,0,0,0
2024,8,SEA,BUF,13,4,15,85,-21,916,heavy,nickel,,punt,0,0,0,0
2024,8,BUF,SEA,14,4,1,64,21,831,11,base,7,run,2,1,0,0
2024,8,BUF,SEA,16,4,3,78,21,457,11,base,,punt,0,0,0,0
2024,8,SEA,BUF,17,4,24,71,-21,315,heavy,nickel,,punt,0,0,0,0
2024,8,BUF,SEA,18,4,1,66,21,172,11,base,,punt,0,0,0,1
2024,8,DEN,CAR,3,4,18,41,-7,2824,,,,punt,0,0,0,0
2024,8,CAR,DEN,4,4,6,95,7,2731,,nickel,,punt,0,0,0,0
2024,8,CAR,DEN,6,4,9,69,0,2406,,nickel,,punt,0,0,0,0
2024,8,CAR,DEN,8,4,2,51,-7,2086,21,nickel,7,pass,-1,0,0,0
2024,8,CAR,DEN,10,4,9,69,-14,1857,,nickel,,punt,0,0,0,0
2024,8,CAR,DEN,12,4,11,71,-14,1710,,nickel,,punt,0,0,0,0
2024,8,DEN,CAR,13,4,2,60,14,1534,,,,punt,0,0,0,0
2024,8,CAR,DEN,14,4,6,76,-14,1408,,nickel,6,pass,0,0,0,0
2024,8,CAR,DEN,16,4,5,25,-21,1082,11,nickel,7,pass,0,0,0,1
2024,8,DEN,CAR,17,4,12,63,21,949,,base,,punt,0,0,0,0
2024,8,CAR,DEN,18,4,18,83,-21,858,,nickel,,punt,0,0,0,0
2024,8,DEN,CAR,19,4,8,42,21,610,,,8,pass,3,0,0,0
2024,8,CAR,DEN,20,4,6,57,-21,535,11,nickel,6,pass,8,1,0,0
2024,8,DEN,CAR,21,4,2,43,21,269,,nickel,6,pass,28,1,0,0
2024,8,CHI,WAS,1,4,20,80,0,3497,,nickel,,punt,0,0,0,0
2024,8,WAS,CHI,2,4,2,8,0,3234,,base,,field_goal,0,0,0,0
2024,8,CHI,WAS,3,4,10,41,-3,3070,,nickel,,punt,0,0,0,0
2024,8,WAS,CHI,4,4,12,12,3,2768,,base,,field_goal,0,0,0,0
2024,8,CHI,WAS,5,4,1,61,-6,2652,,nickel,,punt,0,0,0,0
2024,8,WAS,CHI,6,4,6,59,6,2525,12,base,,punt,0,0,0,0
2024,8,CHI,WAS,7,4,1,60,-6,2310,12,nickel,8,pass,0,0,0,0
2024,8,WAS,CHI,8,4,4,9,6,2127,,base,,field_goal,0,0,0,0
2024,8,CHI,WAS,9,4,27,40,-9,1862,,base,,punt,0,0,0,0
2024,8,WAS,CHI,11,4,16,39,9,1528,12,base,,punt,0,0,0,0
2024,8,CHI,WAS,12,4,7,93,-9,1486,,nickel,,punt,0,0,0,0
2024,8,WAS,CHI,13,4,9,29,9,1252,,base,,field_goal,0,0,0,0
2024,8,CHI,WAS,14,4,12,60,-12,1071,,nickel,,punt,0,0,0,0
2024,8,WAS,CHI,15,4,3,86,12,999,12,base,,punt,0,0,0,0
2024,8,WAS,CHI,17,4,7,33,5,849,,base,,field_goal,0,0,0,0
2024,8,CHI,WAS,18,4,15,64,-5,830,,nickel,,punt,0,0,0,0
2024,8,WAS,CHI,19,4,3,49,5,635,12,base,,punt,0,0,0,0
2024,8,WAS,CHI,21,4,1,88,5,273,12,base,,punt,0,0,0,0
2024,8,CHI,WAS,22,4,3,12,-5,35,11,nickel,7,penalty,11,1,0,0
2024,8,DAL,SF,1,4,5,59,0,3413,,base,,punt,0,0,0,0
2024,8,SF,DAL,2,4,6,32,0,3139,,,,field_goal,0,0,0,0
2024,8,SF,DAL,4,4,6,66,3,2864,12,base,,punt,0,0,0,0
2024,8,SF,DAL,6,4,3,43,-4,2195,,nickel,7,pass,0,0,0,0
2024,8,DAL,SF,7,4,8,11,4,1979,,base,,field_goal,0,0,0,0
2024,8,SF,DAL,8,4,5,26,-7,1895,,,,field_goal,0,0,0,0
2024,8,DAL,SF,9,4,3,60,4,1861,,base,,punt,0,0,0,0
2024,8,SF,DAL,10,4,17,47,-4,1820,12,base,,punt,0,0,0,0
2024,8,DAL,SF,15,4,4,68,-10,1280,,base,,punt,0,0,0,0
2024,8,DAL,SF,17,4,7,57,-17,821,,base,,punt,0,0,0,0
2024,8,SF,DAL,18,4,1,74,17,725,heavy,base,,punt,0,0,0,0
2024,8,DAL,SF,19,4,4,45,-17,614,,nickel,6,pass,16,1,0,0
2024,8,SF,DAL,20,4,6,22,10,270,,,,field_goal,0,0,0,0
2024,8,SF,DAL,22,4,4,64,6,195,heavy,base,,punt,0,0,0,0
2024,8,DAL,SF,23,4,10,75,-6,169,,nickel,6,pass,0,0,0,0
2024,8,GB,JAX,1,4,9,54,0,3401,,base,,punt,0,0,0,0
2024,8,JAX,GB,2,4,2,75,0,3304,12,base,,punt,0,0,0,0
2024,8,GB,JAX,3,4,5,93,0,3209,,base,,punt,0,0,0,0
2024,8,JAX,GB,4,4,8,48,0,3078,12,,,punt,0,0,0,0
2024,8,JAX,GB,8,4,3,63,-7,2373,12,base,,punt,0,0,0,0
2024,8,GB,JAX,9,4,13,13,7,2167,,base,,field_goal,0,0,0,0
2024,8,GB,JAX,11,4,5,28,3,1872,,base,,penalty,5,1,0,0
2024,8,GB,JAX,11,4,6,19,3,1858,,base,,field_goal,0,0,0,0
2024,8,JAX,GB,14,4,2,62,-3,1718,12,base,,punt,0,0,0,0
2024,8,GB,JAX,15,4,4,60,3,1552,,base,,punt,0,0,0,0
2024,8,JAX,GB,16,4,1,48,-3,1375,heavy,base,8,run,2,1,0,0
2024,8,JAX,GB,20,4,11,71,-10,797,12,base,,punt,0,0,0,0
2024,8,GB,JAX,21,4,13,57,10,588,,base,,punt,0,0,0,0
2024,8,JAX,GB,22,4,5,29,-10,339,,base,,field_goal,0,0,0,0
2024,8,GB,JAX,23,4,7,67,7,243,,base,,punt,0,0,0,0
2024,8,HOU,IND,1,4,5,16,0,3378,,,,field_goal,0,0,0,0
2024,8,IND,HOU,2,4,10,28,-3,3303,,nickel,,field_goal,0,0,0,0
2024,8,HOU,IND,3,4,2,60,0,3202,11,base,,punt,0,0,0,0
2024,8,IND,HOU,4,4,13,51,0,3087,,base,,punt,0,0,0,0
2024,8,HOU,IND,5,4,20,72,0,2898,11,,,punt,0,0,0,0
2024,8,IND,HOU,8,4,18,83,0,2323,,,,punt,0,0,0,0
2024,8,HOU,IND,9,4,10,53,0,2295,11,,,punt,0,0,0,0
2024,8,IND,HOU,10,4,17,89,0,2258,,base,,punt,0,0,0,0
2024,8,HOU,IND,11,4,8,53,0,2159,11,,,punt,0,0,0,0
2024,8,IND,HOU,12,4,8,84,0,2101,,base,,punt,0,0,0,0
2024,8,HOU,IND,13,4,22,50,0,1867,11,,,punt,0,0,0,0
2024,8,IND,HOU,17,4,10,41,-7,1585,,base,,punt,0,0,0,0
2024,8,HOU,IND,18,4,6,16,7,1375,,,,field_goal,0,0,0,0
2024,8,IND,HOU,19,4,3,50,-10,1250,11,nickel,7,run,12,1,0,0
2024,8,IND,HOU,19,4,18,18,-10,1024,,nickel,,field_goal,0,0,0,0
2024,8,HOU,IND,20,4,5,16,7,744,,,,field_goal,0,0,0,0
2024,8,IND,HOU,23,4,23,95,-3,120,,base,,punt,0,0,0,0
2024,8,HOU,IND,24,4,7,59,3,63,11,,,punt,0,0,0,0
2024,8,IND,HOU,25,4,10,65,-3,14,11,nickel,4,pass,14,1,0,0
2024,8,KC,LV,3,4,15,56,0,2765,11,nickel,,punt,0,0,0,0
2024,8,LV,KC,4,4,12,36,0,2418,,,,field_goal,0,0,0,0
2024,8,LV,KC,6,4,8,68,-4,1866,21,base,,punt,0,0,0,0
2024,8,LV,KC,9,4,9,69,-7,1719,21,base,,punt,0,0,0,0
2024,8,KC,LV,10,4,9,91,7,1663,11,nickel,,punt,0,0,0,0
2024,8,LV,KC,11,4,14,14,-7,1304,,,,field_goal,0,0,0,0
2024,8,LV,KC,13,4,3,3,-4,1111,11,nickel,6,pass,-5,0,0,0
2024,8,KC,LV,14,4,5,5,4,528,,,,field_goal,0,0,0,0
2024,8,LV,KC,17,4,1,32,-14,179,11,dime,5,pass,6,1,0,0
2024,8,MIN,LA,5,4,9,69,0,2356,,base,,punt,0,0,0,0
2024,8,LA,MIN,6,4,5,78,0,2096,12,,,punt,0,0,0,0
2024,8,MIN,LA,7,4,16,64,0,1977,,base,,punt,0,0,0,0
2024,8,LA,MIN,8,4,6,50,0,1842,12,base,,punt,0,0,0,0
2024,8,MIN,LA,11,4,5,5,0,1285,,base,,field_goal,0,0,0,0
2024,8,MIN,LA,13,4,4,17,-4,771,,base,,field_goal,0,0,0,0
2024,8,LA,MIN,14,4,1,29,1,560,heavy,base,8,run,3,1,0,0
2024,8,MIN,LA,15,4,21,56,-8,258,,base,,punt,0,0,0,0
2024,8,LA,MIN,16,4,3,46,8,113,12,base,,punt,0,0,0,0
2024,8,LAC,NO,1,4,12,77,0,3547,12,base,,punt,0,0,0,0
2024,8,NO,LAC,2,4,1,47,0,3383,11,base,,punt,0,0,0,0
2024,8,LAC,NO,3,4,8,78,0,3327,12,base,,run,0,0,0,0
2024,8,NO,LAC,4,4,5,61,2,3217,11,,,punt,0,0,0,0
2024,8,LAC,NO,5,4,16,63,-2,3010,12,base,,punt,0,0,0,0
2024,8,NO,LAC,6,4,8,62,2,2865,11,,,punt,0,0,0,0
2024,8,LAC,NO,7,4,3,28,-2,2700,,,,field_goal,0,0,0,0
2024,8,NO,LAC,8,4,12,72,-1,2586,11,,,punt,0,0,0,0
2024,8,LAC,NO,9,4,2,67,1,2494,12,base,,punt,0,0,0,0
2024,8,NO,LAC,10,4,20,54,-1,2390,11,,,punt,0,0,0,0
2024,8,NO,LAC,12,4,7,22,-7,1809,,,,field_goal,0,0,0,0
2024,8,NO,LAC,14,4,3,53,-4,1704,11,base,,punt,0,0,0,0
2024,8,LAC,NO,15,4,6,59,4,1616,12,base,,punt,0,0,0,0
2024,8,NO,LAC,16,4,11,86,-4,1488,11,,,punt,0,0,0,0
2024,8,NO,LAC,18,4,17,45,-11,1301,11,base,,punt,0,0,0,0
2024,8,LAC,NO,19,4,14,84,11,1199,12,base,,punt,0,0,0,0
2024,8,NO,LAC,20,4,5,25,-11,969,,,,field_goal,0,0,0,0
2024,8,LAC,NO,21,4,5,11,8,719,,,,field_goal,0,0,0,0
2024,8,NO,LAC,22,4,8,53,-11,641,11,base,,punt,0,0,0,0
2024,8,LAC,NO,23,4,12,95,11,543,12,base,,punt,0,0,0,0
2024,8,NO,LAC,24,4,10,26,-11,409,,,,field_goal,0,0,0,0
2024,8,NO,LAC,26,4,11,50,-18,66,11,dime,5,pass,36,1,0,0
2024,8,NO,LAC,26,4,3,7,-18,5,11,dime,6,penalty,4,1,0,0
2024,8,PIT,NYG,1,4,11,13,0,3323,,,,field_goal,0,0,0,0
2024,8,NYG,PIT,2,4,5,11,-3,3023,,base,,field_goal,0,0,0,0
2024,8,PIT,NYG,3,4,7,7,0,2888,,,,field_goal,0,0,0,0
2024,8,NYG,PIT,4,4,2,28,-3,2660,11,nickel,6,pass,5,1,0,0
2024,8,NYG,PIT,4,4,8,21,-3,2563,,base,,field_goal,0,0,0,0
2024,8,PIT,NYG,5,4,8,9,0,2295,,,,field_goal,0,0,0,0
2024,8,NYG,PIT,6,4,3,63,-3,2213,,base,,punt,0,0,0,0
2024,8,PIT,NYG,7,4,13,57,3,1920,12,base,,punt,0,0,0,0
2024,8,NYG,PIT,8,4,2,26,-3,1825,,base,,field_goal,0,0,0,0
2024,8,NYG,PIT,10,4,22,43,0,1510,,base,,punt,0,0,0,0
2024,8,PIT,NYG,11,4,5,79,0,1365,12,base,,punt,0,0,0,0
2024,8,NYG,PIT,12,4,17,81,0,1198,,base,,punt,0,0,1,0
2024,8,NYG,PIT,13,4,6,66,-7,1059,,base,,punt,0,0,0,0
2024,8,PIT,NYG,16,4,9,9,8,439,,,,field_goal,0,0,0,0
2024,8,NYG,PIT,17,4,7,30,-11,310,,base,,field_goal,0,0,0,0
2024,8,PIT,NYG,20,4,2,43,8,120,12,nickel,,punt,0,0,0,0
2024,8,NE,NYJ,1,4,5,65,0,3522,,base,,punt,0,0,0,0
2024,8,NYJ,NE,2,4,8,45,0,3415,heavy,nickel,,punt,0,0,0,0
2024,8,NE,NYJ,5,4,12,64,1,2633,,base,,punt,0,0,0,0
2024,8,NE,NYJ,7,4,5,65,-6,2221,,base,,punt,0,0,0,0
2024,8,NYJ,NE,8,4,9,40,6,1920,heavy,dime,,punt,0,0,0,0
2024,8,NYJ,NE,10,4,4,64,6,1707,heavy,dime,,punt,0,0,0,0
2024,8,NYJ,NE,12,4,1,11,-1,1377,,base,,field_goal,0,0,0,0
2024,8,NE,NYJ,13,4,25,74,-2,1131,,base,,punt,0,0,0,0
2024,8,NYJ,NE,14,4,6,61,2,1015,heavy,dime,,punt,0,0,0,0
2024,8,NE,NYJ,15,4,7,88,-2,922,,base,,punt,0,0,0,0
2024,8,NYJ,NE,16,4,16,26,2,763,,base,,field_goal,0,0,0,0
2024,8,NE,NYJ,17,4,5,5,-2,456,,base,,field_goal,0,0,0,0
2024,8,NE,NYJ,19,4,1,1,-5,25,12,,8,run,1,1,1,0
2024,8,PHI,CIN,2,4,15,21,-7,2654,,base,,field_goal,0,0,0,0
2024,8,CIN,PHI,3,4,3,9,4,2376,,base,,field_goal,0,0,0,0
2024,8,PHI,CIN,4,4,1,61,-7,2329,12,nickel,8,run,2,1,0,0
2024,8,PHI,CIN,4,4,3,52,-7,2203,11,base,,punt,0,0,0,0
2024,8,CIN,PHI,5,4,7,36,7,2113,,base,,field_goal,0,0,0,0
2024,8,CIN,PHI,11,4,1,61,-7,945,11,nickel,6,pass,-2,0,0,0
2024,8,PHI,CIN,12,4,4,31,7,819,,base,,field_goal,0,0,0,0
2024,8,PHI,CIN,16,4,17,30,17,120,,base,,field_goal,0,0,0,0
2024,8,DET,TEN,1,4,5,65,0,3490,,base,,punt,0,0,0,0
2024,8,TEN,DET,4,4,8,52,-7,3205,,base,,punt,0,0,0,0
2024,8,DET,TEN,5,4,24,86,7,3093,21,base,,punt,0,0,0,0
2024,8,TEN,DET,12,4,1,49,-14,2362,12,base,7,run,2,1,0,0
2024,8,TEN,DET,12,4,14,51,-14,2195,,base,,punt,0,0,0,0
2024,8,TEN,DET,14,4,1,1,-21,1823,12,base,7,pass,0,0,0,0
2024,8,TEN,DET,16,4,1,66,-21,1685,,base,,punt,0,0,1,0
2024,8,TEN,DET,17,4,6,66,-28,1618,,base,,punt,0,0,0,0
2024,8,DET,TEN,18,4,15,75,28,1375,21,base,,punt,0,0,0,0
2024,8,TEN,DET,21,4,7,67,-35,1225,,base,,punt,0,0,0,0
2024,8,DET,TEN,22,4,3,33,35,973,,base,,field_goal,0,0,0,0
2024,8,DET,TEN,24,4,7,75,38,659,heavy,base,,punt,0,0,0,0
2024,8,TEN,DET,25,4,9,73,-38,506,,base,,punt,0,0,0,0
2024,8,DET,TEN,26,4,4,66,38,416,21,base,,punt,0,0,0,0
2024,9,ARI,CHI,1,4,6,66,0,3521,11,,,punt,0,0,0,0
2024,9,CHI,ARI,2,4,20,49,0,3139,,base,,punt,0,0,0,0
2024,9,ARI,CHI,3,4,9,64,0,2974,11,,,punt,0,0,0,0
2024,9,CHI,ARI,4,4,8,82,0,2917,,base,,punt,0,0,0,0
2024,9,CHI,ARI,6,4,10,11,-7,2514,,base,,field_goal,0,0,0,0
2024,9,CHI,ARI,8,4,10,35,-4,2354,,base,,field_goal,0,0,0,0
2024,9,ARI,CHI,9,4,14,14,1,2020,,base,,penalty,7,1,0,0
2024,9,CHI,ARI,10,4,8,35,-8,1830,,base,,field_goal,0,0,0,0
2024,9,CHI,ARI,13,4,5,65,-12,1679,,base,,punt,0,0,0,0
2024,9,ARI,CHI,14,4,10,11,12,1195,,base,,field_goal,0,0,0,0
2024,9,CHI,ARI,15,4,4,49,-15,980,11,nickel,6,pass,6,1,0,0
2024,9,CHI,ARI,15,4,11,44,-15,900,11,dime,5,pass,-16,0,0,0
2024,9,ARI,CHI,16,4,7,37,15,847,,base,,field_goal,0,0,0,0
2024,9,CHI,ARI,17,4,13,73,-18,726,,base,,punt,0,0,0,0
2024,9,ARI,CHI,18,4,3,46,18,510,11,base,,punt,0,0,0,0
2024,9,ARI,CHI,20,4,1,27,20,456,12,base,7,run,0,0,0,1
2024,9,CHI,ARI,21,4,5,40,-20,281,11,nickel,6,pass,0,0,0,0
2024,9,ARI,CHI,22,4,5,55,20,146,11,,,punt,0,0,0,0
2024,9,CHI,ARI,23,4,5,58,-20,33,11,nickel,6,pass,6,1,0,0
2024,9,ATL,DAL,1,4,8,68,0,3491,heavy,base,,punt,0,0,0,0
2024,9,DAL,ATL,2,4,5,16,0,3276,,,,field_goal,0,0,0,0
2024,9,DAL,ATL,4,4,13,87,-4,2905,,base,,punt,0,0,0,0
2024,9,ATL,DAL,5,4,4,43,4,2768,11,nickel,6,pass,10,1,0,0
2024,9,DAL,ATL,6,4,1,44,-4,2486,11,nickel,6,run,-3,0,0,0
2024,9,ATL,DAL,7,4,3,36,4,2314,11,nickel,5,pass,36,1,1,0
2024,9,ATL,DAL,9,4,12,67,4,1879,heavy,nickel,,punt,0,0,0,0
2024,9,DAL,ATL,10,4,7,57,-4,1804,11,dime,4,pass,0,0,0,0
2024,9,DAL,ATL,11,4,2,62,-4,1695,,base,,pass,0,0,0,0
2024,9,DAL,ATL,13,4,6,54,-11,1375,,base,,punt,0,0,0,0
2024,9,ATL,DAL,14,4,3,71,11,1160,heavy,nickel,,punt,0,0,0,0
2024,9,DAL,ATL,15,4,10,39,-11,905,,,,field_goal,0,0,0,0
2024,9,DAL,ATL,17,4,11,59,-14,569,,base,,punt,0,0,0,0
2024,9,ATL,DAL,18,4,7,83,14,486,heavy,base,,punt,0,0,0,0
2024,9,DAL,ATL,19,4,11,31,-14,326,11,dime,5,pass,0,0,0,0
2024,9,ATL,DAL,20,4,5,64,14,305,heavy,base,,punt,0,0,0,0
2024,9,DAL,ATL,21,4,5,65,-14,231,,dime,5,pass,22,1,0,0
2024,9,BAL,DEN,2,4,16,42,0,3440,,nickel,,punt,0,0,0,0
2024,9,DEN,BAL,3,4,1,44,0,3081,11,base,9,run,0,0,0,0
2024,9,DEN,BAL,5,4,4,33,-7,2700,11,nickel,6,pass,0,0,0,0
2024,9,BAL,DEN,6,4,6,15,7,2527,,,,field_goal,0,0,0,0
2024,9,DEN,BAL,7,4,2,2,-10,2241,11,nickel,6,pass,2,1,1,0
2024,9,DEN,BAL,9,4,17,19,-10,1858,,,,field_goal,0,0,0,0
2024,9,DEN,BAL,13,4,11,71,-21,1359,,nickel,,punt,0,0,0,0
2024,9,DEN,BAL,15,4,11,86,-28,918,,nickel,,punt,0,0,0,0
2024,9,BAL,DEN,16,4,2,19,28,773,,,,field_goal,0,0,0,0
2024,9,DEN,BAL,17,4,14,14,-31,495,11,nickel,5,pass,0,0,0,0
2024,9,BAL,DEN,18,4,5,80,31,330,,nickel,,punt,0,0,0,0
2024,9,DEN,BAL,19,4,10,10,-31,120,11,nickel,5,pass,9,0,0,0
2024,9,GB,DET,1,4,1,44,0,3406,12,base,7,run,2,1,0,0
2024,9,GB,DET,1,4,5,12,0,3129,,base,,field_goal,0,0,0,0
2024,9,DET,GB,2,4,3,3,-3,2700,11,nickel,7,pass,3,1,1,0
2024,9,GB,DET,3,4,13,42,-4,2537,,nickel,,punt,0,0,0,0
2024,9,DET,GB,4,4,12,82,4,2371,12,base,,punt,0,0,0,0
2024,9,GB,DET,5,4,6,28,-4,2128,,base,,field_goal,0,0,0,0
2024,9,DET,GB,6,4,9,9,4,1861,,base,,field_goal,0,0,0,0
2024,9,DET,GB,9,4,1,15,14,1476,11,nickel,6,run,15,1,1,0
2024,9,GB,DET,10,4,3,63,-21,1391,,base,,punt,0,0,0,0
2024,9,DET,GB,11,4,1,85,21,1264,12,base,,punt,0,0,0,0
2024,9,GB,DET,12,4,16,20,-21,952,,base,,field_goal,0,0,0,0
2024,9,DET,GB,13,4,10,61,18,854,12,base,,punt,0,0,0,0
2024,9,GB,DET,14,4,5,64,-18,750,11,nickel,6,pass,28,1,0,0
2024,9,GB,DET,14,4,1,9,-18,607,12,base,7,run,0,0,0,0
2024,9,DET,GB,15,4,10,79,18,392,12,base,,punt,0,0,0,0
2024,9,HOU,NYJ,1,4,4,57,0,3472,11,base,,punt,0,0,0,0
2024,9,NYJ,HOU,2,4,19,98,0,3411,heavy,base,,punt,0,0,0,0
2024,9,HOU,NYJ,3,4,21,64,0,3315,11,base,,penalty,15,1,0,0
2024,9,NYJ,HOU,4,4,9,69,0,3089,heavy,base,,punt,0,0,0,0
2024,9,HOU,NYJ,5,4,6,83,0,2938,11,base,,punt,0,0,0,0
2024,9,HOU,NYJ,7,4,5,75,0,2603,11,base,,punt,0,0,0,0
2024,9,NYJ,HOU,8,4,6,77,0,2515,heavy,base,,punt,0,0,0,0
2024,9,NYJ,HOU,10,4,19,67,-7,1915,heavy,base,,punt,0,0,0,0
2024,9,HOU,NYJ,11,4,14,38,7,1827,,base,,field_goal,0,0,0,0
2024,9,NYJ,HOU,12,4,10,54,-7,1812,heavy,base,,punt,0,0,0,0
2024,9,HOU,NYJ,15,4,22,36,0,1156,,base,,field_goal,0,0,0,0
2024,9,NYJ,HOU,16,4,1,48,-3,976,11,nickel,7,pass,17,1,0,0
2024,9,NYJ,HOU,16,4,1,22,-3,900,12,base,8,penalty,5,1,0,0
2024,9,HOU,NYJ,17,4,1,15,-4,629,heavy,base,7,run,2,1,0,0
2024,9,HOU,NYJ,17,4,22,25,-4,503,,base,,penalty,13,1,0,0
2024,9,HOU,NYJ,17,4,7,9,-4,417,,base,,field_goal,0,0,0,0
2024,9,HOU,NYJ,19,4,9,69,-11,126,11,nickel,6,penalty,12,1,0,0
2024,9,HOU,NYJ,19,4,2,49,-11,88,11,nickel,6,run,25,1,0,0
2024,9,IND,MIN,3,4,4,63,0,2976,heavy,,,punt,0,0,0,0
2024,9,MIN,IND,4,4,10,44,0,2723,,,,punt,0,0,0,0
2024,9,IND,MIN,5,4,5,75,0,2657,heavy,,,punt,0,0,0,0
2024,9,MIN,IND,7,4,1,44,-7,2279,12,base,8,run,2,1,0,0
2024,9,MIN,IND,7,4,3,35,-7,2150,,,,field_goal,0,0,0,0
2024,9,IND,MIN,8,4,18,35,7,1920,,,,field_goal,0,0,0,0
2024,9,MIN,IND,9,4,12,13,-7,1817,,,,field_goal,0,0,0,0
2024,9,IND,MIN,12,4,6,44,0,1380,heavy,,,punt,0,0,0,0
2024,9,IND,MIN,16,4,8,23,-7,765,,,,field_goal,0,0,0,0
2024,9,MIN,IND,17,4,19,48,4,571,,,,punt,0,0,0,0
2024,9,IND,MIN,18,4,2,40,-4,324,11,dime,6,pass,0,0,0,0
2024,9,IND,MIN,20,4,13,73,-11,86,11,dime,6,pass,14,1,0,0
2024,9,PHI,JAX,1,4,6,56,0,3380,11,base,,punt,0,0,0,1
2024,9,JAX,PHI,3,4,11,57,-7,3104,12,nickel,,punt,0,0,0,0
2024,9,PHI,JAX,4,4,10,89,7,2956,11,base,,punt,0,0,0,0
2024,9,JAX,PHI,5,4,5,54,-7,2900,12,nickel,,punt,0,0,0,0
2024,9,PHI,JAX,6,4,15,25,7,2364,,base,,field_goal,0,0,0,0
2024,9,JAX,PHI,7,4,1,61,-10,2248,12,nickel,6,pass,0,0,0,0
2024,9,PHI,JAX,8,4,3,22,10,2095,11,nickel,6,pass,0,0,0,0
2024,9,JAX,PHI,9,4,5,73,-10,2001,12,nickel,,punt,0,0,0,0
2024,9,PHI,JAX,10,4,13,79,10,1913,12,base,,punt,0,0,0,0
2024,9,JAX,PHI,14,4,5,78,-16,1708,12,nickel,,punt,0,0,0,0
2024,9,PHI,JAX,18,4,1,25,6,985,heavy,base,7,pass,0,0,0,0
2024,9,JAX,PHI,19,4,3,49,-6,777,12,nickel,,punt,0,0,0,0
2024,9,JAX,PHI,21,4,12,44,-12,318,11,nickel,6,pass,16,1,0,0
2024,9,PHI,JAX,22,4,4,39,5,136,,,,field_goal,0,0,0,0
2024,9,LAC,CLE,1,4,8,52,0,3531,11,base,,punt,0,0,0,0
2024,9,CLE,LAC,2,4,9,79,0,3348,12,,,punt,0,0,0,0
2024,9,CLE,LAC,4,4,10,65,-7,3024,12,,,punt,0,0,0,0
2024,9,LAC,CLE,5,4,2,87,7,2903,11,base,,punt,0,0,0,0
2024,9,CLE,LAC,6,4,15,61,-7,2811,12,,,punt,0,0,0,0
2024,9,LAC,CLE,7,4,26,95,7,2700,11,base,,punt,0,0,0,0
2024,9,CLE,LAC,8,4,17,20,-7,2373,,,,field_goal,0,0,0,0
2024,9,CLE,LAC,10,4,15,82,-10,2187,12,,,punt,0,0,0,0
2024,9,CLE,LAC,12,4,4,64,-17,1924,12,,,punt,0,0,0,0
2024,9,LAC,CLE,13,4,15,59,17,1802,11,dime,4,pass,39,1,0,0
2024,9,CLE,LAC,14,4,1,6,-17,1363,12,base,9,run,2,1,0,0
2024,9,LAC,CLE,15,4,11,81,17,1259,12,base,,punt,0,0,0,0
2024,9,CLE,LAC,16,4,10,53,-17,1236,12,base,,punt,0,0,0,0
2024,9,LAC,CLE,17,4,4,84,17,1145,12,base,,punt,0,0,0,0
2024,9,LAC,CLE,19,4,6,64,17,986,12,base,,punt,0,0,0,0
2024,9,CLE,LAC,20,4,3,46,-17,862,12,nickel,5,pass,-4,0,0,0
2024,9,LAC,CLE,21,4,6,26,17,701,,base,,field_goal,0,0,0,0
2024,9,LAC,CLE,23,4,11,66,17,567,12,base,,punt,0,0,0,0
2024,9,CLE,LAC,24,4,10,33,-17,398,,,,field_goal,0,0,0,0
2024,9,CLE,LAC,26,4,1,61,-24,221,11,nickel,6,run,3,1,0,0
2024,9,SEA,LA,1,4,1,39,0,3459,heavy,base,7,run,2,1,0,0
2024,9,SEA,LA,1,4,13,40,0,3338,21,base,,punt,0,0,0,0
2024,9,LA,SEA,2,4,3,82,0,3301,21,base,,punt,0,0,0,0
2024,9,LA,SEA,4,4,19,38,0,3038,12,base,,punt,0,0,0,0
2024,9,SEA,LA,5,4,1,67,0,2882,21,base,,punt,0,0,0,0
2024,9,LA,SEA,6,4,5,74,0,2784,21,base,,punt,0,0,0,0
2024,9,SEA,LA,7,4,8,60,0,2734,21,base,,punt,0,0,0,0
2024,9,LA,SEA,8,4,7,51,0,2638,12,base,,punt,0,0,0,0
2024,9,SEA,LA,9,4,35,95,0,2378,21,base,,punt,0,0,0,0
2024,9,LA,SEA,10,4,12,20,0,2014,,base,,field_goal,0,0,0,0
2024,9,SEA,LA,16,4,19,79,3,1273,21,base,,punt,0,0,0,0
2024,9,LA,SEA,17,4,3,3,-3,930,,base,,field_goal,0,0,0,0
2024,9,SEA,LA,19,4,14,74,-7,597,21,base,,punt,0,0,0,0
2024,9,LA,SEA,20,4,8,69,7,532,21,,,punt,0,0,0,0
2024,9,LA,SEA,22,4,3,86,7,279,21,,,punt,0,0,0,0
2024,9,SEA,LA,23,4,17,69,-7,189,21,base,,punt,0,0,0,0
2024,9,LA,SEA,24,4,9,71,7,120,21,,,punt,0,0,0,0
2024,9,SEA,LA,25,4,5,43,-7,63,11,dime,6,pass,29,1,0,0
2024,9,LA,SEA,26,4,2,51,0,28,21,,,punt,0,0,0,0
2024,9,SEA,LA,28,4,1,16,0,445,heavy,,10,run,0,0,0,0
2024,9,CIN,LV,2,4,3,20,-7,2918,12,nickel,6,pass,11,1,0,0
2024,9,LV,CIN,3,4,4,52,0,2615,,base,,punt,0,0,0,0
2024,9,CIN,LV,4,4,10,26,0,2224,,,,field_goal,0,0,0,0
2024,9,LV,CIN,5,4,12,28,-3,1983,,base,,field_goal,0,0,0,0
2024,9,LV,CIN,7,4,9,52,-7,1817,,,,punt,0,0,0,0
2024,9,LV,CIN,12,4,8,68,-21,1307,,base,,punt,0,0,0,0
2024,9,CIN,LV,13,4,5,72,21,1212,12,base,,punt,0,0,0,0
2024,9,LV,CIN,14,4,14,78,-21,1166,,base,,punt,0,0,0,0
2024,9,CIN,LV,15,4,15,65,21,973,12,base,,punt,0,0,0,0
2024,9,LV,CIN,16,4,15,85,-21,860,,base,,punt,0,0,0,0
2024,9,CIN,LV,18,4,3,67,14,705,12,base,,punt,0,0,0,0
2024,9,LV,CIN,19,4,12,36,-14,400,11,nickel,6,pass,0,0,0,0
2024,9,CIN,LV,20,4,2,56,14,384,12,base,,penalty,5,1,0,0
2024,9,CIN,LV,22,4,9,9,21,117,,,,field_goal,0,0,0,0
2024,9,BUF,MIA,1,4,7,67,0,3514,11,base,,punt,0,0,0,0
2024,9,MIA,BUF,2,4,11,71,0,3339,,base,,punt,0,0,0,0
2024,9,BUF,MIA,3,4,10,22,0,3094,,base,,field_goal,0,0,0,0
2024,9,MIA,BUF,4,4,2,21,-3,2783,,,,field_goal,0,0,0,0
2024,9,BUF,MIA,7,4,30,31,-7,1812,,base,,field_goal,0,0,0,0
2024,9,BUF,MIA,10,4,1,1,-4,1344,11,nickel,5,pass,1,1,1,0
2024,9,MIA,BUF,11,4,4,5,-2,1082,,,,field_goal,0,0,0,0
2024,9,MIA,BUF,13,4,4,25,-7,808,11,dime,3,run,4,1,0,0
2024,9,BUF,MIA,16,4,10,43,0,10,,base,,field_goal,0,0,0,0
2024,9,NE,TEN,2,4,9,38,-7,3128,,base,,field_goal,0,0,0,0
2024,9,TEN,NE,3,4,11,42,7,2997,,nickel,,punt,0,0,0,0
2024,9,NE,TEN,4,4,3,73,-7,2909,,nickel,,punt,0,0,0,0
2024,9,TEN,NE,5,4,14,56,7,2783,,dime,,punt,0,0,0,0
2024,9,NE,TEN,8,4,9,34,-7,2238,,base,,field_goal,0,0,0,0
2024,9,TEN,NE,9,4,8,51,4,1915,,dime,,punt,0,0,0,0
2024,9,NE,TEN,10,4,2,63,-4,1847,,nickel,,punt,0,0,0,0
2024,9,TEN,NE,11,4,22,47,4,1803,11,dime,5,pass,0,0,0,0
2024,9,TEN,NE,13,4,3,3,-3,936,,base,,field_goal,0,0,0,0
2024,9,NE,TEN,14,4,11,71,0,827,,nickel,,punt,0,0,0,0
2024,9,TEN,NE,15,4,2,53,0,617,,nickel,,punt,0,0,0,0
2024,9,NE,TEN,18,4,17,67,-7,179,,nickel,,punt,0,0,0,0
2024,9,TEN,NE,19,4,7,83,7,120,,dime,,punt,0,0,0,0
2024,9,NE,TEN,20,4,2,15,-7,21,12,nickel,6,pass,10,1,0,0
2024,9,TEN,NE,21,4,1,6,0,154,,base,,field_goal,0,0,0,0
2024,9,NO,CAR,1,4,4,11,0,3354,,base,,field_goal,0,0,0,0
2024,9,CAR,NO,2,4,12,57,-3,3202,,base,,punt,0,0,0,0
2024,9,NO,CAR,3,4,4,15,3,2891,,base,,field_goal,0,0,0,0
2024,9,CAR,NO,4,4,3,45,-6,2754,,base,,punt,0,0,0,0
2024,9,NO,CAR,5,4,8,90,6,2697,,base,,punt,0,0,0,0
2024,9,CAR,NO,8,4,7,47,-6,1913,,base,,punt,0,0,0,0
2024,9,NO,CAR,9,4,11,89,6,1889,,base,,punt,0,0,0,0
2024,9,CAR,NO,10,4,12,30,-6,1842,,,,field_goal,0,0,0,0
2024,9,NO,CAR,13,4,1,61,-4,1422,,,8,run,11,1,0,0
2024,9,NO,CAR,13,4,1,41,-4,1282,heavy,base,8,run,3,1,0,0
2024,9,NO,CAR,13,4,5,33,-4,1160,,base,,field_goal,0,0,0,0
2024,9,CAR,NO,14,4,13,78,1,1063,,base,,punt,0,0,0,0
2024,9,NO,CAR,17,4,5,58,5,348,,,,punt,0,0,0,0
2024,9,CAR,NO,18,4,6,81,-5,286,,base,,punt,0,0,0,0
2024,9,NO,CAR,19,4,12,76,5,219,,base,,punt,0,0,0,0
2024,9,NO,CAR,21,4,4,54,-1,69,12,nickel,6,pass,0,0,0,0
2024,9,KC,TB,1,4,18,41,0,3263,11,base,,punt,0,0,0,0
2024,9,TB,KC,2,4,7,71,0,3124,11,base,,punt,0,0,0,0
2024,9,KC,TB,3,4,12,22,0,2840,,base,,field_goal,0,0,0,0
2024,9,TB,KC,6,4,4,74,-3,1920,11,base,,punt,0,0,0,0
2024,9,TB,KC,8,4,4,49,-3,1832,11,base,,punt,0,0,0,0
2024,9,KC,TB,11,4,22,82,-4,1544,11,nickel,,punt,0,0,0,0
2024,9,TB,KC,12,4,11,29,4,1255,,,,field_goal,0,0,0,0
2024,9,TB,KC,14,4,2,62,0,769,11,,,punt,0,0,0,0
2024,9,KC,TB,15,4,1,54,0,532,21,,8,run,3,1,0,0
2024,9,TB,KC,16,4,16,76,-7,169,11,base,,punt,0,0,0,0
2024,9,KC,TB,17,4,11,66,7,146,11,nickel,,punt,0,0,0,0
2024,9,KC,TB,19,4,1,61,0,13,11,base,,punt,0,0,0,0
2024,9,NYG,WAS,1,4,2,62,0,3481,,nickel,,punt,0,0,0,0
2024,9,WAS,NYG,2,4,5,65,0,3407,12,nickel,,punt,0,0,0,0
2024,9,WAS,NYG,6,4,1,12,0,2252,21,base,8,run,6,1,0,0
2024,9,NYG,WAS,7,4,8,65,-7,2130,,nickel,,punt,0,0,0,0
2024,9,WAS,NYG,8,4,1,35,7,1880,12,base,7,run,1,1,0,0
2024,9,WAS,NYG,10,4,8,68,14,1756,12,nickel,,punt,0,0,0,0
2024,9,NYG,WAS,11,4,1,55,-14,1629,11,nickel,7,run,2,1,0,0
2024,9,NYG,WAS,11,4,2,29,-14,1421,11,nickel,6,pass,2,1,0,0
2024,9,NYG,WAS,11,4,11,13,-14,1231,,base,,field_goal,0,0,0,0
2024,9,WAS,NYG,12,4,4,13,11,936,,,,field_goal,0,0,0,0
2024,9,WAS,NYG,14,4,2,2,8,229,,,,field_goal,0,0,0,0
2024,10,ATL,NO,1,4,10,57,0,3489,21,base,,punt,0,0,0,0
2024,10,NO,ATL,2,4,2,6,0,3124,heavy,base,8,run,1,0,0,0
2024,10,ATL,NO,3,4,1,86,0,3041,21,base,,punt,0,0,0,0
2024,10,NO,ATL,4,4,7,20,0,2695,,,,field_goal,0,0,0,0
2024,10,ATL,NO,5,4,4,35,-3,2531,,,,field_goal,0,0,0,0
2024,10,ATL,NO,7,4,1,1,-10,2148,11,base,9,run,1,1,1,0
2024,10,ATL,NO,9,4,15,16,-10,1819,,base,,field_goal,0,0,0,0
2024,10,NO,ATL,11,4,4,66,10,1730,,base,,punt,0,0,0,0
2024,10,ATL,NO,12,4,8,8,-10,1246,,base,,field_goal,0,0,0,0
2024,10,NO,ATL,13,4,2,8,7,1068,,,,field_goal,0,0,0,0
2024,10,NO,ATL,15,4,5,65,3,897,,base,,punt,0,0,0,0
2024,10,ATL,NO,16,4,6,77,-3,843,heavy,base,,punt,0,0,0,0
2024,10,NO,ATL,17,4,1,53,3,710,,base,,punt,0,0,0,0
2024,10,ATL,NO,18,4,3,28,-3,403,,base,,field_goal,0,0,0,0
2024,10,NO,ATL,19,4,8,62,3,321,,base,,punt,0,0,0,0
2024,10,NO,ATL,21,4,4,56,3,102,,base,,punt,0,0,0,0
2024,10,ATL,NO,22,4,4,43,-3,7,11,dime,4,pass,-1,0,0,0
2024,10,BUF,IND,1,4,3,57,0,3452,11,base,,punt,0,0,0,0
2024,10,IND,BUF,3,4,1,39,-7,3293,12,nickel,6,run,2,1,0,0
2024,10,BUF,IND,4,4,8,11,7,3036,,,,field_goal,0,0,0,0
2024,10,IND,BUF,5,4,9,9,-10,2914,,,,field_goal,0,0,0,0
2024,10,BUF,IND,6,4,3,28,7,2711,11,nickel,6,pass,0,0,0,0
2024,10,IND,BUF,9,4,4,5,0,2195,,,,field_goal,0,0,0,0
2024,10,IND,BUF,11,4,6,66,-4,1878,heavy,nickel,,punt,0,0,0,0
2024,10,IND,BUF,13,4,8,68,-7,1680,12,nickel,,punt,0,0,0,0
2024,10,BUF,IND,14,4,1,68,7,1567,12,nickel,7,run,3,1,0,0
2024,10,BUF,IND,14,4,9,64,7,1479,11,,,punt,0,0,0,0
2024,10,IND,BUF,17,4,2,20,-7,1071,11,dime,4,pass,-10,0,0,0
2024,10,BUF,IND,18,4,1,15,7,792,12,base,8,run,5,1,0,0
2024,10,BUF,IND,18,4,10,10,7,661,,,,field_goal,0,0,0,0
2024,10,IND,BUF,21,4,8,30,-17,38,11,nickel,4,pass,15,1,0,0
2024,10,CIN,BAL,1,4,2,2,0,3274,12,base,6,penalty,1,1,0,0
2024,10,BAL,CIN,2,4,4,64,-7,3181,,nickel,,punt,0,0,0,0
2024,10,CIN,BAL,3,4,3,41,7,2881,11,nickel,6,pass,0,0,0,0
2024,10,CIN,BAL,5,4,2,62,0,2495,12,nickel,,punt,0,0,0,0
2024,10,BAL,CIN,6,4,6,80,0,2366,,nickel,,punt,0,0,0,0
2024,10,CIN,BAL,7,4,1,61,0,2267,11,nickel,6,run,1,1,0,0
2024,10,CIN,BAL,7,4,16,66,0,2140,12,nickel,,punt,0,0,0,0
2024,10,BAL,CIN,8,4,5,75,0,2048,,nickel,,punt,0,0,0,0
2024,10,BAL,CIN,11,4,8,68,-7,1708,,nickel,,punt,0,0,0,0
2024,10,BAL,CIN,13,4,17,64,-14,1448,,nickel,,punt,0,0,0,0
2024,10,CIN,BAL,16,4,16,40,7,890,12,base,,punt,0,0,0,0
2024,10,CIN,BAL,18,4,2,34,1,569,11,nickel,6,pass,0,0,0,0
2024,10,CIN,BAL,22,4,10,70,-7,96,11,dime,6,pass,10,1,0,0
2024,10,DEN,KC,1,4,9,69,0,3527,,base,,punt,0,0,0,0
2024,10,KC,DEN,2,4,14,55,0,3223,11,nickel,,punt,0,0,0,0
2024,10,DEN,KC,3,4,22,77,0,3069,,base,,punt,0,0,0,0
2024,10,KC,DEN,4,4,3,53,0,2947,11,nickel,,punt,0,0,0,0
2024,10,KC,DEN,6,4,6,18,-7,2346,,,,field_goal,0,0,0,0
2024,10,KC,DEN,8,4,2,2,-11,1907,12,nickel,6,pass,2,1,1,0
2024,10,KC,DEN,10,4,16,79,-4,1714,11,nickel,,punt,0,0,0,0
2024,10,DEN,KC,11,4,8,55,4,1575,,base,,punt,0,0,0,0
2024,10,KC,DEN,12,4,1,12,-4,1186,11,nickel,8,run,2,1,0,0
2024,10,KC,DEN,12,4,10,10,-4,1134,,,,field_goal,0,0,0,0
2024,10,DEN,KC,13,4,27,60,1,900,,base,,punt,0,0,0,0
2024,10,KC,DEN,14,4,9,50,-1,748,11,nickel,,punt,0,0,0,0
2024,10,DEN,KC,15,4,12,93,1,647,,base,,punt,0,0,0,0
2024,10,KC,DEN,16,4,2,2,-1,359,,,,field_goal,0,0,0,0
2024,10,DEN,KC,17,4,10,17,-2,1,,,,field_goal,0,0,0,0
2024,10,DET,HOU,3,4,6,66,-7,3091,21,base,,punt,0,0,0,0
2024,10,HOU,DET,4,4,16,16,7,2832,,base,,field_goal,0,0,0,0
2024,10,HOU,DET,6,4,13,38,3,2310,,base,,field_goal,0,0,0,0
2024,10,HOU,DET,8,4,10,11,6,2050,,base,,field_goal,0,0,0,0
2024,10,DET,HOU,9,4,8,68,-9,2004,21,base,,punt,0,0,0,0
2024,10,HOU,DET,10,4,25,82,9,1920,11,base,,punt,0,0,0,0
2024,10,DET,HOU,11,4,8,79,-9,1866,21,base,,punt,0,0,0,0
2024,10,HOU,DET,16,4,9,98,16,1675,11,base,,punt,0,0,0,0
2024,10,HOU,DET,20,4,15,72,10,1144,11,base,,punt,0,0,0,0
2024,10,DET,HOU,21,4,5,51,-10,931,21,base,,punt,0,0,0,0
2024,10,HOU,DET,22,4,9,90,10,897,11,base,,punt,0,0,0,0
2024,10,HOU,DET,24,4,23,66,3,513,11,base,,punt,0,0,0,0
2024,10,DET,HOU,25,4,11,40,-3,306,,,,field_goal,0,0,0,0
2024,10,HOU,DET,26,4,4,40,0,116,,base,,field_goal,0,0,0,0
2024,10,LA,MIA,2,4,3,63,-7,3303,12,base,,punt,0,0,0,0
2024,10,MIA,LA,3,4,10,82,7,3285,,,,punt,0,0,0,0
2024,10,LA,MIA,4,4,19,60,-7,3198,12,base,,punt,0,0,0,0
2024,10,MIA,LA,5,4,7,68,7,2960,,,,punt,0,0,0,0
2024,10,MIA,LA,7,4,3,32,7,2652,,base,,field_goal,0,0,0,0
2024,10,LA,MIA,8,4,12,74,-10,2470,12,base,,punt,0,0,0,0
2024,10,LA,MIA,12,4,4,16,-10,2150,,base,,field_goal,0,0,0,0
2024,10,MIA,LA,13,4,12,60,7,1940,,,,punt,0,0,0,0
2024,10,LA,MIA,14,4,3,37,-7,1803,,base,,field_goal,0,0,0,0
2024,10,LA,MIA,15,4,21,39,-4,1457,,base,,field_goal,0,0,0,0
2024,10,LA,MIA,17,4,19,35,-11,900,,base,,field_goal,0,0,0,0
2024,10,MIA,LA,18,4,7,19,8,551,,base,,field_goal,0,0,0,0
2024,10,LA,MIA,19,4,4,4,-11,394,,base,,field_goal,0,0,0,0
2024,10,MIA,LA,20,4,3,31,8,163,,base,,field_goal,0,0,0,0
2024,10,JAX,MIN,1,4,8,68,0,3513,,base,,punt,0,0,0,0
2024,10,MIN,JAX,2,4,7,27,0,3180,,base,,field_goal,0,0,0,0
2024,10,JAX,MIN,5,4,1,69,4,2735,,,,punt,0,0,0,0
2024,10,JAX,MIN,7,4,14,57,4,1909,,base,,punt,0,0,0,0
2024,10,MIN,JAX,8,4,2,74,-4,1884,,nickel,,punt,0,0,0,0
2024,10,JAX,MIN,11,4,10,69,4,1509,,base,,punt,0,0,0,0
2024,10,MIN,JAX,12,4,9,14,-4,1005,,,,field_goal,0,0,0,0
2024,10,JAX,MIN,13,4,7,67,1,911,,,,punt,0,0,0,0
2024,10,MIN,JAX,14,4,1,15,-1,536,11,nickel,8,run,1,1,0,0
2024,10,MIN,JAX,14,4,12,16,-1,437,,base,,field_goal,0,0,0,0
2024,10,MIN,JAX,16,4,7,11,2,266,,base,,field_goal,0,0,0,0
2024,10,MIN,JAX,18,4,9,46,5,169,,base,,punt,0,0,0,0
2024,10,NE,CHI,1,4,4,64,0,3523,,base,,punt,0,0,0,0
2024,10,CHI,NE,2,4,10,47,0,3414,,nickel,,punt,0,0,0,0
2024,10,NE,CHI,3,4,1,18,0,3179,12,nickel,8,run,2,1,0,0
2024,10,NE,CHI,3,4,6,12,0,3083,,base,,field_goal,0,0,0,0
2024,10,CHI,NE,4,4,15,39,-3,2811,,nickel,,punt,0,0,0,0
2024,10,CHI,NE,6,4,5,47,-3,2617,,nickel,,punt,0,0,0,0
2024,10,NE,CHI,7,4,7,85,3,2524,,base,,punt,0,0,0,0
2024,10,CHI,NE,8,4,4,36,-3,2411,11,nickel,6,run,5,1,0,0
2024,10,CHI,NE,8,4,11,15,-3,2241,,base,,field_goal,0,0,0,0
2024,10,CHI,NE,10,4,14,64,-7,1847,,nickel,,punt,0,0,0,0
2024,10,CHI,NE,12,4,8,50,-10,1640,,nickel,,punt,0,0,0,0
2024,10,NE,CHI,13,4,8,61,10,1379,,base,,punt,0,0,0,0
2024,10,CHI,NE,14,4,16,73,-10,1197,,nickel,,punt,0,0,0,0
2024,10,NE,CHI,15,4,6,75,10,1070,,base,,punt,0,0,0,0
2024,10,CHI,NE,16,4,6,76,-10,980,,nickel,,punt,0,0,0,0
2024,10,NE,CHI,17,4,7,59,10,916,,base,,punt,0,0,0,0
2024,10,CHI,NE,18,4,16,97,-10,826,,base,,punt,0,0,0,0
2024,10,NE,CHI,19,4,5,7,10,454,,base,,field_goal,0,0,0,0
2024,10,CHI,NE,20,4,2,58,-13,363,11,nickel,6,pass,4,1,0,0
2024,10,CHI,NE,20,4,10,54,-13,300,11,dime,5,pass,0,0,0,0
2024,10,NE,CHI,21,4,2,15,13,141,,base,,field_goal,0,0,0,0
2024,10,CHI,NE,22,4,20,60,-16,40,11,dime,4,pass,8,0,0,0
2024,10,CAR,NYG,1,4,4,66,0,3483,,nickel,,punt,0,0,0,0
2024,10,NYG,CAR,2,4,13,43,0,3415,,,,punt,0,0,0,0
2024,10,NYG,CAR,4,4,3,51,-7,3048,,base,,punt,0,0,0,0
2024,10,CAR,NYG,5,4,8,35,7,2700,,,,field_goal,0,0,0,0
2024,10,NYG,CAR,6,4,4,25,-10,2509,,base,,field_goal,0,0,0,0
2024,10,CAR,NYG,7,4,10,67,10,2433,,nickel,,punt,0,0,0,0
2024,10,NYG,CAR,8,4,9,59,-10,2231,,base,,punt,0,0,0,0
2024,10,CAR,NYG,9,4,4,84,10,2136,,nickel,,punt,0,0,0,0
2024,10,CAR,NYG,11,4,9,52,10,1827,,nickel,,punt,0,0,0,0
2024,10,NYG,CAR,15,4,12,76,-10,1001,,base,,punt,0,0,0,0
2024,10,CAR,NYG,16,4,7,50,10,943,,nickel,,punt,0,0,0,0
2024,10,CAR,NYG,20,4,2,83,3,280,,nickel,,punt,0,0,0,0
2024,10,NYG,CAR,21,4,9,60,-3,214,,base,,punt,0,0,0,0
2024,10,CAR,NYG,22,4,10,68,3,150,,nickel,,punt,0,0,0,0
2024,10,NYG,CAR,23,4,7,24,-3,9,,base,,field_goal,0,0,0,0
2024,10,CAR,NYG,26,4,5,18,0,476,,,,field_goal,0,0,0,0
2024,10,NYJ,ARI,2,4,6,7,-7,3171,,base,,field_goal,0,0,0,0
2024,10,NYJ,ARI,4,4,6,27,-11,2501,,base,,field_goal,0,0,0,0
2024,10,NYJ,ARI,6,4,19,79,-15,2056,21,base,,punt,0,0,0,0
2024,10,ARI,NYJ,7,4,1,42,15,1842,heavy,base,7,run,2,1,0,0
2024,10,NYJ,ARI,8,4,3,3,-18,1542,11,nickel,5,pass,-5,0,0,1
2024,10,NYJ,ARI,10,4,15,61,-25,963,21,base,,punt,0,0,0,0
2024,10,ARI,NYJ,11,4,3,52,25,675,11,,,punt,0,0,0,0
2024,10,NYJ,ARI,12,4,2,65,-25,630,11,nickel,6,pass,6,1,0,0
2024,10,NYJ,ARI,12,4,4,11,-25,285,11,nickel,6,pass,0,0,0,0
2024,10,DAL,PHI,1,4,7,67,0,3523,,nickel,,punt,0,0,0,0
2024,10,PHI,DAL,2,4,22,55,0,3246,11,base,,punt,0,0,0,0
2024,10,DAL,PHI,5,4,4,28,-7,2894,,base,,field_goal,0,0,0,0
2024,10,DAL,PHI,7,4,5,75,-4,2579,,nickel,,punt,0,0,0,0
2024,10,PHI,DAL,8,4,17,55,4,2369,11,base,,punt,0,0,0,0
2024,10,DAL,PHI,9,4,1,50,-4,2193,,nickel,7,run,2,1,0,0
2024,10,DAL,PHI,11,4,5,5,-4,1911,,base,,field_goal,0,0,0,0
2024,10,DAL,PHI,13,4,10,70,-8,1809,,nickel,,punt,0,0,0,0
2024,10,PHI,DAL,15,4,9,62,8,1736,11,base,,punt,0,0,0,0
2024,10,DAL,PHI,16,4,7,86,-8,1616,,nickel,,punt,0,0,0,0
2024,10,DAL,PHI,18,4,5,65,-15,1345,,nickel,,punt,0,0,0,0
2024,10,PHI,DAL,21,4,10,21,22,894,,,,field_goal,0,0,0,0
2024,10,DAL,PHI,22,4,4,64,-25,791,11,nickel,6,pass,6,1,0,0
2024,10,PHI,DAL,23,4,1,20,25,636,,,,field_goal,0,0,0,0
2024,10,PHI,DAL,25,4,4,68,28,497,11,base,,punt,0,0,0,0
2024,10,DAL,PHI,26,4,7,65,-28,311,,nickel,,punt,0,0,0,0
2024,10,PHI,DAL,27,4,1,36,28,38,12,base,7,run,1,1,0,0
2024,10,PIT,WAS,1,4,1,66,0,3475,,nickel,,punt,0,0,0,0
2024,10,WAS,PIT,2,4,2,77,0,3392,12,base,,punt,0,0,0,0
2024,10,WAS,PIT,4,4,11,71,-7,3110,12,base,,punt,0,0,0,0
2024,10,PIT,WAS,5,4,15,84,7,3020,,nickel,,pass,0,0,0,0
2024,10,PIT,WAS,7,4,8,68,0,2834,,nickel,,punt,0,0,0,0
2024,10,WAS,PIT,8,4,13,74,0,2782,12,base,,punt,0,0,0,0
2024,10,PIT,WAS,9,4,1,55,0,2580,,nickel,,punt,0,0,0,1
2024,10,WAS,PIT,11,4,14,30,-7,2295,,,,field_goal,0,0,0,0
2024,10,PIT,WAS,12,4,10,53,4,2149,,nickel,,punt,0,0,0,0
2024,10,WAS,PIT,17,4,10,54,3,1346,12,base,,punt,0,0,0,0
2024,10,PIT,WAS,18,4,9,92,-3,1251,,nickel,,punt,0,0,0,0
2024,10,WAS,PIT,19,4,4,23,3,1075,,base,,field_goal,0,0,0,0
2024,10,WAS,PIT,21,4,26,62,6,858,12,base,,punt,0,0,0,0
2024,10,PIT,WAS,22,4,1,57,-6,613,heavy,base,8,run,4,1,0,0
2024,10,WAS,PIT,23,4,8,97,6,359,12,base,,punt,0,0,0,0
2024,10,WAS,PIT,25,4,9,50,-1,88,11,dime,4,pass,8,0,0,0
2024,10,PIT,WAS,26,4,1,49,1,62,heavy,base,,penalty,5,1,0,0
2024,10,SF,TB,1,4,7,39,0,3431,12,base,,punt,0,0,0,0
2024,10,TB,SF,2,4,4,69,0,3195,11,base,,punt,0,0,0,0
2024,10,TB,SF,4,4,6,54,-7,2833,11,base,,punt,0,0,0,0
2024,10,SF,TB,5,4,9,10,7,2335,,base,,field_goal,0,0,0,0
2024,10,TB,SF,6,4,8,12,-10,1877,,base,,field_goal,0,0,0,0
2024,10,SF,TB,7,4,3,31,7,1829,,base,,field_goal,0,0,0,0
2024,10,TB,SF,8,4,5,56,-7,1816,11,base,,punt,0,0,0,0
2024,10,TB,SF,10,4,4,64,-7,1745,11,base,,punt,0,0,0,1
2024,10,SF,TB,12,4,15,15,0,1165,,base,,field_goal,0,0,0,0
2024,10,SF,TB,14,4,5,32,-4,714,,base,,field_goal,0,0,0,0
2024,10,TB,SF,15,4,6,56,4,630,11,base,,punt,0,0,0,0
2024,10,TB,SF,17,4,23,83,-3,308,11,base,,punt,0,0,0,0
2024,10,SF,TB,18,4,7,26,3,193,,base,,field_goal,0,0,0,0
2024,10,TB,SF,19,4,7,63,-3,117,11,nickel,7,pass,8,1,0,0
2024,10,TB,SF,19,4,8,8,-3,44,,base,,field_goal,0,0,0,0
2024,10,LAC,TEN,1,4,2,2,0,3190,,,,field_goal,0,0,0,0
2024,10,LAC,TEN,3,4,3,63,-4,2855,11,base,,punt,0,0,0,0
2024,10,TEN,LAC,4,4,8,82,4,2759,,,,punt,0,0,0,0
2024,10,LAC,TEN,5,4,5,19,-4,2531,,,,field_goal,0,0,0,0
2024,10,TEN,LAC,6,4,18,31,1,2184,,,,field_goal,0,0,0,0
2024,10,LAC,TEN,7,4,1,4,-1,1920,12,base,6,run,4,1,1,0
2024,10,TEN,LAC,8,4,5,65,-6,1843,,,,punt,0,0,0,0
2024,10,LAC,TEN,9,4,10,77,6,1818,11,nickel,,punt,0,0,0,0
2024,10,TEN,LAC,11,4,3,8,-6,1374,,,,field_goal,0,0,0,0
2024,10,TEN,LAC,13,4,16,62,-10,900,,,,punt,0,0,0,0
2024,10,TEN,LAC,15,4,19,66,-17,277,,,,punt,0,0,0,0
2024,10,LAC,TEN,16,4,7,79,17,211,11,nickel,,punt,0,0,0,0
2024,11,ATL,DEN,2,4,17,22,-7,2797,,,,field_goal,0,0,0,0
2024,11,DEN,ATL,3,4,10,70,4,2711,,,,punt,0,0,0,0
2024,11,ATL,DEN,4,4,17,76,-4,2558,,nickel,,punt,0,0,0,0
2024,11,ATL,DEN,6,4,1,61,-11,2069,11,nickel,6,pass,26,1,0,0
2024,11,ATL,DEN,6,4,7,32,-11,1973,,,,field_goal,0,0,0,0
2024,11,ATL,DEN,9,4,7,67,-15,1733,,nickel,,punt,0,0,0,0
2024,11,DEN,ATL,10,4,3,38,15,1632,11,nickel,6,pass,8,1,0,0
2024,11,DEN,ATL,12,4,10,43,22,1244,,,,punt,0,0,0,0
2024,11,ATL,DEN,13,4,14,78,-22,1071,21,nickel,,punt,0,0,0,0
2024,11,DEN,ATL,14,4,7,27,22,792,,,,field_goal,0,0,0,0
2024,11,ATL,DEN,15,4,18,78,-25,685,21,nickel,,punt,0,0,0,0
2024,11,ATL,DEN,17,4,2,42,-32,436,12,nickel,6,pass,4,1,0,0
2024,11,ATL,DEN,17,4,18,46,-32,306,,base,,punt,0,0,0,0
2024,11,DEN,ATL,18,4,1,87,32,194,,nickel,,punt,0,0,0,0
2024,11,PIT,BAL,2,4,8,14,0,3343,,base,,field_goal,0,0,0,0
2024,11,BAL,PIT,3,4,10,70,-3,3228,,base,,punt,0,0,0,0
2024,11,PIT,BAL,4,4,6,76,3,3120,,nickel,,punt,0,0,0,0
2024,11,BAL,PIT,5,4,6,29,-3,3014,,base,,field_goal,0,0,0,0
2024,11,PIT,BAL,6,4,1,54,3,2892,12,,8,run,0,0,0,0
2024,11,BAL,PIT,7,4,11,32,-3,2802,,base,,field_goal,0,0,0,0
2024,11,PIT,BAL,8,4,20,70,3,2700,,nickel,,punt,0,0,0,0
2024,11,BAL,PIT,9,4,6,53,-3,2558,,base,,punt,0,0,0,0
2024,11,PIT,BAL,10,4,8,34,3,2264,,base,,field_goal,0,0,0,0
2024,11,BAL,PIT,11,4,11,71,-6,2179,,base,,punt,0,0,0,0
2024,11,PIT,BAL,12,4,12,71,6,2117,,nickel,,punt,0,0,0,0
2024,11,PIT,BAL,14,4,1,61,-1,1846,,base,,punt,0,0,0,0
2024,11,PIT,BAL,16,4,10,14,-1,1810,,base,,field_goal,0,0,0,0
2024,11,PIT,BAL,18,4,1,39,2,1551,,base,,field_goal,0,0,0,0
2024,11,BAL,PIT,19,4,10,36,-5,1277,,base,,field_goal,0,0,0,0
2024,11,PIT,BAL,20,4,7,9,2,959,,base,,field_goal,0,0,0,0
2024,11,BAL,PIT,21,4,13,89,-5,873,,base,,punt,0,0,0,0
2024,11,PIT,BAL,24,4,10,32,5,220,,base,,field_goal,0,0,0,0
2024,11,CIN,LAC,1,4,6,48,0,3458,12,base,,punt,0,0,0,0
2024,11,LAC,CIN,2,4,2,82,0,3329,11,base,,punt,0,0,0,0
2024,11,CIN,LAC,3,4,8,8,0,3091,,,,field_goal,0,0,0,0
2024,11,CIN,LAC,5,4,1,35,-4,2703,12,nickel,5,pass,8,1,0,0
2024,11,CIN,LAC,5,4,2,9,-4,2577,,,,field_goal,0,0,0,0
2024,11,CIN,LAC,7,4,7,67,-8,2378,12,,,punt,0,0,0,0
2024,11,LAC,CIN,8,4,1,1,8,2078,12,,9,run,1,1,1,0
2024,11,CIN,LAC,9,4,10,70,-15,1961,12,,,punt,0,0,0,0
2024,11,LAC,CIN,11,4,7,67,18,1754,11,base,,punt,0,0,0,0
2024,11,CIN,LAC,12,4,15,79,-18,1717,12,,,punt,0,0,0,0
2024,11,LAC,CIN,13,4,6,35,18,1534,,base,,field_goal,0,0,0,0
2024,11,CIN,LAC,14,4,4,4,-21,1231,11,dime,7,pass,4,1,1,0
2024,11,LAC,CIN,15,4,22,82,14,1174,11,base,,punt,0,0,0,0
2024,11,CIN,LAC,16,4,2,42,-14,1079,,dime,5,pass,42,1,1,0
2024,11,LAC,CIN,19,4,5,53,0,712,11,base,,punt,0,0,0,0
2024,11,CIN,LAC,20,4,6,30,0,455,,,,field_goal,0,0,0,0
2024,11,LAC,CIN,21,4,14,66,0,336,11,base,,punt,0,0,0,0
2024,11,CIN,LAC,22,4,8,33,0,112,,,,field_goal,0,0,0,0
2024,11,LAC,CIN,23,4,10,59,0,94,11,base,,punt,0,0,0,0
2024,11,CIN,LAC,24,4,10,70,0,55,12,,,punt,0,0,0,0
2024,11,CLE,NO,1,4,1,49,0,3453,heavy,base,9,run,-2,0,0,0
2024,11,CLE,NO,3,4,7,52,-7,3243,11,base,,punt,0,0,0,0
2024,11,NO,CLE,4,4,12,44,7,2835,,base,,punt,0,0,0,0
2024,11,CLE,NO,7,4,8,63,-1,2662,11,base,,punt,0,0,0,0
2024,11,CLE,NO,9,4,11,33,-8,2210,,base,,field_goal,0,0,0,0
2024,11,CLE,NO,11,4,6,14,-8,1814,,base,,penalty,5,1,0,0
2024,11,NO,CLE,12,4,10,42,8,1687,,base,,punt,0,0,0,0
2024,11,NO,CLE,14,4,14,53,0,1234,,base,,punt,0,0,0,0
2024,11,CLE,NO,15,4,7,74,0,1111,11,base,,punt,0,0,0,0
2024,11,NO,CLE,16,4,1,33,0,809,,,8,run,33,1,1,0
2024,11,CLE,NO,17,4,22,61,-7,554,11,base,,punt,0,0,0,0
2024,11,CLE,NO,19,4,2,34,-14,211,11,dime,6,pass,8,1,0,0
2024,11,CLE,NO,19,4,6,22,-14,168,11,dime,5,pass,0,0,0,0
2024,11,CLE,NO,21,4,5,65,-21,75,,base,,punt,0,0,0,0
2024,11,CHI,GB,2,4,10,35,-7,3174,,,,field_goal,0,0,0,0
2024,11,GB,CHI,3,4,5,52,4,3003,,base,,punt,0,0,0,0
2024,11,CHI,GB,4,4,9,44,-4,2616,,,,punt,0,0,0,0
2024,11,GB,CHI,5,4,3,53,4,2389,11,nickel,,penalty,5,1,0,0
2024,11,CHI,GB,8,4,2,23,3,1634,11,nickel,6,pass,8,1,0,0
2024,11,CHI,GB,8,4,4,9,3,1521,,,,field_goal,0,0,0,0
2024,11,CHI,GB,10,4,1,43,-1,1035,11,nickel,6,run,4,1,0,0
2024,11,GB,CHI,11,4,6,6,-5,689,11,nickel,6,run,5,0,0,0
2024,11,CHI,GB,12,4,8,54,5,267,,,,punt,0,0,0,0
2024,11,CHI,GB,14,4,3,63,-1,93,11,nickel,7,pass,21,1,0,0
2024,11,DAL,HOU,2,4,9,67,-7,3341,,base,,pass,4,0,0,0
2024,11,HOU,DAL,3,4,3,30,7,3212,11,nickel,6,pass,0,0,0,1
2024,11,HOU,DAL,5,4,1,10,7,2814,heavy,base,8,run,9,1,0,0
2024,11,HOU,DAL,7,4,9,15,7,2353,,base,,field_goal,0,0,0,0
2024,11,DAL,HOU,8,4,9,35,-10,2160,,base,,field_goal,0,0,0,0
2024,11,HOU,DAL,9,4,3,51,7,2043,11,nickel,,punt,0,0,0,0
2024,11,DAL,HOU,10,4,7,22,-7,1860,,base,,field_goal,0,0,0,0
2024,11,HOU,DAL,11,4,10,70,7,1845,11,nickel,,punt,0,0,0,0
2024,11,DAL,HOU,12,4,10,70,-7,1805,heavy,nickel,6,pass,0,0,0,0
2024,11,DAL,HOU,13,4,5,65,-7,1680,,base,,punt,0,0,0,0
2024,11,HOU,DAL,14,4,8,10,7,1327,,base,,field_goal,0,0,0,0
2024,11,DAL,HOU,15,4,20,46,-10,1161,,,,penalty,15,1,0,0
2024,11,DAL,HOU,15,4,2,8,-10,1038,11,nickel,7,pass,0,0,0,0
2024,11,HOU,DAL,16,4,1,66,10,877,11,nickel,,punt,0,0,0,0
2024,11,DAL,HOU,18,4,20,61,-17,693,,base,,punt,0,0,0,0
2024,11,HOU,DAL,19,4,6,57,17,592,11,nickel,,punt,0,0,0,0
2024,11,DAL,HOU,20,4,16,59,-17,372,11,nickel,7,pass,-6,0,0,0
2024,11,NYJ,IND,1,4,3,63,0,3528,21,base,,punt,0,0,0,0
2024,11,IND,NYJ,2,4,4,23,0,3251,,base,,field_goal,0,0,0,0
2024,11,NYJ,IND,3,4,9,69,-3,3195,21,,,punt,0,0,0,0
2024,11,IND,NYJ,4,4,1,68,3,3057,heavy,,,punt,0,0,0,0
2024,11,NYJ,IND,5,4,9,77,-3,2928,21,,,punt,0,0,0,0
2024,11,NYJ,IND,7,4,1,61,-10,2532,12,base,7,run,0,0,0,0
2024,11,IND,NYJ,8,4,1,30,10,2407,11,base,7,run,1,1,0,0
2024,11,IND,NYJ,8,4,22,29,10,2172,,base,,field_goal,0,0,0,0
2024,11,NYJ,IND,9,4,1,69,-13,2038,21,base,,punt,0,0,0,0
2024,11,IND,NYJ,10,4,8,68,13,1946,heavy,base,,punt,0,0,0,0
2024,11,IND,NYJ,12,4,3,61,6,1803,heavy,dime,4,pass,0,0,0,0
2024,11,IND,NYJ,15,4,9,38,-1,1365,,base,,field_goal,0,0,0,0
2024,11,NYJ,IND,16,4,5,65,-2,1275,21,,,punt,0,0,0,0
2024,11,IND,NYJ,17,4,16,90,2,1183,heavy,base,,punt,0,0,0,0
2024,11,NYJ,IND,18,4,12,40,-2,1080,,,,field_goal,0,0,0,0
2024,11,IND,NYJ,19,4,17,89,-1,968,heavy,base,,punt,0,0,0,0
2024,11,NYJ,IND,22,4,2,17,2,164,,,,field_goal,0,0,0,0
2024,11,JAX,DET,1,4,3,40,0,3279,,,,field_goal,0,0,0,0
2024,11,JAX,DET,3,4,2,62,-4,2880,,base,,punt,0,0,0,0
2024,11,DET,JAX,4,4,1,54,4,2696,11,nickel,7,run,3,1,0,0
2024,11,JAX,DET,5,4,17,77,-11,2464,,base,,punt,0,0,0,0
2024,11,JAX,DET,7,4,10,59,-18,2105,,base,,punt,0,0,0,0
2024,11,JAX,DET,9,4,1,61,-25,1884,12,base,8,run,2,1,0,0
2024,11,JAX,DET,11,4,9,69,-29,1632,,base,,punt,0,0,0,0
2024,11,DET,JAX,12,4,2,14,29,1205,11,nickel,6,pass,9,1,0,0
2024,11,JAX,DET,15,4,7,31,-43,597,11,nickel,7,pass,-9,0,0,0
2024,11,DET,JAX,16,4,6,36,43,473,,base,,field_goal,0,0,0,0
2024,11,JAX,DET,17,4,12,72,-46,418,,base,,punt,0,0,0,0
2024,11,DET,JAX,18,4,2,23,46,120,12,base,8,run,3,1,0,0
2024,11,KC,BUF,3,4,11,71,-6,3215,11,base,,punt,0,0,0,0
2024,11,BUF,KC,4,4,13,47,6,3028,11,base,,punt,0,0,0,0
2024,11,KC,BUF,7,4,19,79,-6,2359,11,base,,punt,0,0,0,0
2024,11,BUF,KC,8,4,3,34,6,2258,11,nickel,8,pass,0,0,0,1
2024,11,BUF,KC,10,4,11,15,-1,1805,,,,field_goal,0,0,0,0
2024,11,BUF,KC,11,4,7,67,2,1753,11,base,,punt,0,0,0,0
2024,11,KC,BUF,12,4,6,76,-2,1618,11,base,,punt,0,0,0,0
2024,11,BUF,KC,13,4,7,50,2,1384,11,base,,punt,0,0,0,0
2024,11,KC,BUF,14,4,8,55,-2,1142,11,base,,punt,0,0,0,0
2024,11,BUF,KC,17,4,2,26,2,147,11,base,6,run,26,1,1,0
2024,11,KC,BUF,18,4,13,62,-9,77,11,dime,6,pass,0,0,0,1
2024,11,NE,LA,1,4,13,44,0,3401,,base,,punt,0,0,0,0
2024,11,LA,NE,2,4,6,43,0,3226,21,nickel,,punt,0,0,0,0
2024,11,LA,NE,4,4,4,49,-7,2880,21,base,,punt,0,0,0,0
2024,11,NE,LA,5,4,18,42,7,2550,,base,,punt,0,0,0,0
2024,11,NE,LA,9,4,3,13,-7,1915,,base,,field_goal,0,0,0,0
2024,11,LA,NE,10,4,1,39,4,1838,11,dime,7,run,6,1,0,0
2024,11,NE,LA,12,4,7,7,-11,1325,,base,,field_goal,0,0,0,0
2024,11,LA,NE,15,4,5,61,9,670,21,dime,,punt,0,0,0,0
2024,11,NE,LA,16,4,5,23,-9,297,,base,,field_goal,0,0,0,0
2024,11,LA,NE,17,4,6,35,6,142,21,base,,punt,0,0,0,0
2024,11,MIA,LV,1,4,1,1,0,3110,12,base,6,pass,1,1,1,0
2024,11,LV,MIA,2,4,4,64,-7,3027,,base,,penalty,5,1,0,0
2024,11,LV,MIA,2,4,9,9,-7,2711,,base,,field_goal,0,0,0,0
2024,11,MIA,LV,3,4,2,45,4,2539,11,dime,3,pass,5,1,0,0
2024,11,MIA,LV,3,4,13,13,4,2210,,,,field_goal,0,0,0,0
2024,11,LV,MIA,4,4,4,4,-7,1848,,base,,field_goal,0,0,0,0
2024,11,LV,MIA,6,4,11,60,-4,1631,,base,,punt,0,0,0,0
2024,11,LV,MIA,8,4,1,61,-11,1101,12,base,7,run,6,1,0,0
2024,11,LV,MIA,10,4,3,51,-12,449,11,nickel,5,pass,7,1,0,0
2024,11,MIA,LV,13,4,7,28,12,120,,,,field_goal,0,0,0,0
2024,11,TEN,MIN,1,4,16,71,0,3385,,base,,punt,0,0,0,0
2024,11,TEN,MIN,3,4,9,11,0,2982,,,,field_goal,0,0,0,0
2024,11,TEN,MIN,5,4,12,61,-4,2754,,,,punt,0,0,0,0
2024,11,MIN,TEN,6,4,1,12,4,2380,11,nickel,8,penalty,5,1,0,0
2024,11,MIN,TEN,6,4,1,1,4,2268,11,nickel,7,penalty,0,1,0,0
2024,11,TEN,MIN,7,4,4,64,-10,2177,,,,punt,0,0,0,0
2024,11,MIN,TEN,8,4,12,22,10,1905,,,,field_goal,0,0,0,0
2024,11,TEN,MIN,9,4,23,62,-13,1830,,base,,punt,0,0,0,0
2024,11,MIN,TEN,11,4,6,66,13,1702,,nickel,,punt,0,0,0,0
2024,11,TEN,MIN,12,4,3,73,-13,1577,,,,punt,0,0,0,0
2024,11,MIN,TEN,13,4,5,49,13,1418,,nickel,,punt,0,0,0,0
2024,11,TEN,MIN,16,4,12,25,-13,852,,,,field_goal,0,0,0,0
2024,11,MIN,TEN,17,4,10,46,10,648,,base,,punt,0,0,0,0
2024,11,TEN,MIN,18,4,4,43,-10,516,11,dime,6,pass,-6,0,0,0
2024,11,MIN,TEN,19,4,18,42,10,317,,nickel,,punt,0,0,0,0
2024,11,TEN,MIN,20,4,7,48,-10,149,11,dime,6,pass,0,0,0,0
2024,11,MIN,TEN,21,4,14,56,10,125,,base,,punt,0,0,0,0
2024,11,SF,SEA,1,4,1,65,0,3474,12,base,,punt,0,0,0,0
2024,11,SEA,SF,2,4,16,34,0,3197,,base,,field_goal,0,0,0,0
2024,11,SEA,SF,4,4,15,53,-4,2468,21,base,,punt,0,0,0,0
2024,11,SEA,SF,6,4,19,38,-4,2326,,base,,field_goal,0,0,0,0
2024,11,SF,SEA,7,4,23,47,1,1908,heavy,base,,punt,0,0,0,0
2024,11,SEA,SF,8,4,8,56,-1,1834,21,base,,punt,0,0,0,0
2024,11,SF,SEA,11,4,9,15,1,1469,,base,,field_goal,0,0,0,0
2024,11,SEA,SF,14,4,1,50,-4,381,21,nickel,7,run,4,1,0,0
2024,11,SEA,SF,14,4,1,37,-4,241,heavy,base,7,run,0,0,0,0
2024,11,SF,SEA,15,4,6,42,4,165,heavy,base,,punt,0,0,0,0
2024,11,PHI,WAS,1,4,13,26,0,3299,,base,,field_goal,0,0,0,0
2024,11,WAS,PHI,2,4,4,60,0,3227,12,nickel,,punt,0,0,0,0
2024,11,PHI,WAS,3,4,10,80,0,3036,11,dime,,punt,0,0,0,0
2024,11,PHI,WAS,5,4,4,58,-7,2846,11,dime,,punt,0,0,0,0
2024,11,WAS,PHI,6,4,4,88,7,2712,12,nickel,,punt,0,0,0,0
2024,11,PHI,WAS,7,4,7,33,-7,2500,,base,,field_goal,0,0,0,0
2024,11,WAS,PHI,8,4,16,65,7,2397,12,nickel,,punt,0,0,0,0
2024,11,PHI,WAS,9,4,4,68,-7,2301,11,dime,,punt,0,0,0,0
2024,11,WAS,PHI,10,4,9,46,7,2057,12,dime,,punt,0,0,0,0
2024,11,PHI,WAS,11,4,3,3,-7,1822,,base,,field_goal,0,0,0,0
2024,11,WAS,PHI,13,4,9,27,4,1567,,base,,field_goal,0,0,0,0
2024,11,PHI,WAS,14,4,6,13,-7,1236,,base,,field_goal,0,0,0,0
2024,11,WAS,PHI,15,4,13,63,4,1059,12,nickel,,punt,0,0,0,0
2024,11,WAS,PHI,17,4,2,26,-2,481,heavy,nickel,7,run,0,0,0,0
2024,11,WAS,PHI,21,4,2,24,-16,120,11,nickel,6,pass,4,1,0,0
2024,12,ARI,SEA,1,4,20,66,0,3436,11,,,punt,0,0,0,0
2024,12,SEA,ARI,2,4,17,60,0,3223,21,base,,punt,0,0,0,0
2024,12,ARI,SEA,3,4,1,65,0,3021,11,,,punt,0,0,0,0
2024,12,SEA,ARI,4,4,17,72,0,2834,21,base,,punt,0,0,0,0
2024,12,ARI,SEA,5,4,13,57,0,2652,11,,,punt,0,0,0,0
2024,12,SEA,ARI,6,4,14,91,0,2567,21,base,,punt,0,0,0,0
2024,12,ARI,SEA,7,4,12,17,0,2387,,base,,field_goal,0,0,0,0
2024,12,SEA,ARI,8,4,12,42,-3,2150,21,,,punt,0,0,0,0
2024,12,ARI,SEA,9,4,9,93,3,2086,11,,,punt,0,0,0,0
2024,12,ARI,SEA,11,4,4,74,-4,1850,11,,,punt,0,0,0,0
2024,12,SEA,ARI,13,4,11,41,4,1597,21,,,punt,0,0,0,0
2024,12,ARI,SEA,14,4,1,40,-4,1345,12,base,7,pass,0,0,1,1
2024,12,ARI,SEA,15,4,25,63,-10,1205,11,,,punt,0,0,0,0
2024,12,ARI,SEA,17,4,4,4,-10,611,,base,,field_goal,0,0,0,0
2024,12,SEA,ARI,18,4,4,32,7,120,,,,field_goal,0,0,0,0
2024,12,BAL,LAC,2,4,20,70,-7,3097,,base,,punt,0,0,0,0
2024,12,LAC,BAL,3,4,10,74,7,2883,11,base,,punt,0,0,0,0
2024,12,BAL,LAC,4,4,5,79,-7,2831,,base,,punt,0,0,0,0
2024,12,LAC,BAL,5,4,1,30,7,2584,12,,8,run,3,1,0,0
2024,12,LAC,BAL,5,4,7,24,7,2490,,,,field_goal,0,0,0,0
2024,12,LAC,BAL,7,4,3,52,3,2044,11,,,punt,0,0,0,0
2024,12,BAL,LAC,8,4,1,84,-3,1920,12,base,8,run,2,1,0,0
2024,12,BAL,LAC,10,4,4,27,1,1473,,,,field_goal,0,0,0,0
2024,12,LAC,BAL,11,4,11,34,-4,1152,,,,field_goal,0,0,0,0
2024,12,BAL,LAC,12,4,1,61,1,1058,12,base,8,run,27,1,0,0
2024,12,BAL,LAC,12,4,1,25,1,900,12,base,7,run,2,1,0,0
2024,12,LAC,BAL,13,4,6,66,-7,652,11,base,,punt,0,0,0,0
2024,12,LAC,BAL,15,4,18,48,-14,399,11,,,punt,0,0,0,0
2024,12,BAL,LAC,16,4,15,81,14,194,,base,,punt,0,0,0,0
2024,12,LAC,BAL,17,4,9,62,-14,130,11,dime,5,pass,18,1,0,0
2024,12,LAC,BAL,17,4,6,40,-14,89,11,dime,5,penalty,12,1,0,0
2024,12,DAL,WAS,1,4,5,17,0,3396,,base,,field_goal,0,0,0,0
2024,12,WAS,DAL,2,4,7,23,0,3244,,,,field_goal,0,0,0,0
2024,12,DAL,WAS,3,4,5,24,-3,2922,,base,,field_goal,0,0,0,0
2024,12,WAS,DAL,4,4,2,32,3,2748,,,,field_goal,0,0,0,0
2024,12,WAS,DAL,6,4,7,44,3,2694,12,base,,punt,0,0,0,0
2024,12,DAL,WAS,7,4,22,79,-3,2468,,dime,,punt,0,0,0,0
2024,12,WAS,DAL,8,4,9,46,3,2302,12,base,,punt,0,0,0,0
2024,12,DAL,WAS,9,4,1,84,-3,2190,,nickel,,punt,0,0,0,0
2024,12,DAL,WAS,11,4,8,48,-3,1960,,nickel,,punt,0,0,0,0
2024,12,WAS,DAL,12,4,9,55,3,1856,12,base,,punt,0,0,0,0
2024,12,WAS,DAL,17,4,7,67,-1,1136,,base,,punt,0,0,0,0
2024,12,DAL,WAS,18,4,12,88,1,1020,,dime,,punt,0,0,0,0
2024,12,WAS,DAL,19,4,7,52,-1,927,,base,,punt,0,0,0,0
2024,12,DAL,WAS,20,4,8,53,1,773,,nickel,,punt,0,0,0,0
2024,12,WAS,DAL,21,4,4,89,-1,685,,base,,punt,0,0,0,0
2024,12,DAL,WAS,22,4,4,30,1,494,,base,,field_goal,0,0,0,0
2024,12,DAL,WAS,28,4,11,50,7,40,,dime,,punt,0,0,0,0
2024,12,LV,DEN,1,4,3,42,0,3436,,base,,punt,0,0,0,0
2024,12,DEN,LV,2,4,9,51,0,3256,,,,punt,0,0,0,0
2024,12,LV,DEN,3,4,11,93,0,3184,,nickel,,punt,0,0,0,0
2024,12,DEN,LV,4,4,16,20,0,2871,,,,field_goal,0,0,0,0
2024,12,DEN,LV,6,4,19,35,-4,2366,,,,field_goal,0,0,0,0
2024,12,LV,DEN,7,4,4,64,1,2313,,nickel,,pass,34,1,0,0
2024,12,LV,DEN,7,4,15,16,1,2032,,,,field_goal,0,0,0,0
2024,12,DEN,LV,8,4,14,36,-4,1858,,,,field_goal,0,0,0,0
2024,12,DEN,LV,10,4,8,68,-4,1713,,nickel,,punt,0,0,0,0
2024,12,LV,DEN,13,4,8,43,-3,1380,,base,,punt,0,0,0,0
2024,12,DEN,LV,14,4,7,54,3,1090,,,,punt,0,0,0,0
2024,12,LV,DEN,15,4,4,83,-3,998,,base,,punt,0,0,0,0
2024,12,DEN,LV,16,4,15,26,3,730,,,,field_goal,0,0,0,0
2024,12,LV,DEN,17,4,10,35,-6,544,,,,field_goal,0,0,0,0
2024,12,LV,DEN,19,4,4,4,-10,221,,,,field_goal,0,0,0,0
2024,12,DEN,LV,20,4,10,70,7,203,,nickel,,punt,0,0,0,0
2024,12,DEN,LV,22,4,8,15,7,120,,,,field_goal,0,0,0,0
2024,12,LV,DEN,23,4,1,11,-10,27,11,nickel,6,pass,10,1,0,0
2024,12,IND,DET,1,4,7,9,0,3236,,,,field_goal,0,0,0,0
2024,12,DET,IND,2,4,12,46,-3,2988,21,base,,punt,0,0,0,0
2024,12,IND,DET,3,4,17,86,3,2793,heavy,base,,punt,0,0,0,0
2024,12,IND,DET,5,4,10,11,-4,2299,,,,field_goal,0,0,0,0
2024,12,IND,DET,7,4,10,50,-8,1912,heavy,base,,punt,0,0,0,0
2024,12,DET,IND,8,4,11,77,8,1820,21,,,punt,0,0,0,0
2024,12,DET,IND,10,4,1,14,8,1497,12,base,7,run,-2,0,0,0
2024,12,IND,DET,11,4,6,64,-8,1373,heavy,base,,punt,0,0,0,0
2024,12,IND,DET,13,4,18,61,-15,919,heavy,base,,punt,0,0,0,0
2024,12,DET,IND,14,4,8,69,15,814,21,,,punt,0,0,0,0
2024,12,IND,DET,15,4,15,90,-15,784,heavy,base,,punt,0,0,0,0
2024,12,DET,IND,16,4,8,53,15,689,21,base,,punt,0,0,0,0
2024,12,IND,DET,17,4,13,90,-15,618,heavy,base,,punt,0,0,0,0
2024,12,DET,IND,18,4,5,38,15,385,,base,,field_goal,0,0,0,0
2024,12,IND,DET,19,4,6,26,-18,288,11,nickel,6,pass,2,0,0,0
2024,12,CAR,KC,2,4,9,12,-7,3268,,,,field_goal,0,0,0,0
2024,12,KC,CAR,3,4,4,7,4,2862,,base,,field_goal,0,0,0,0
2024,12,CAR,KC,4,4,10,13,-7,2686,,,,field_goal,0,0,0,0
2024,12,KC,CAR,5,4,22,23,4,2249,,base,,field_goal,0,0,0,0
2024,12,CAR,KC,6,4,10,70,-7,2125,,base,,punt,0,0,0,0
2024,12,CAR,KC,8,4,10,11,-14,1804,,,,field_goal,0,0,0,0
2024,12,CAR,KC,9,4,1,2,-11,1350,12,,7,run,1,1,0,0
2024,12,KC,CAR,10,4,1,25,4,1134,heavy,base,6,run,13,1,0,0
2024,12,CAR,KC,11,4,5,15,-11,761,,,,field_goal,0,0,0,0
2024,12,KC,CAR,12,4,34,60,8,421,11,nickel,,punt,0,0,0,0
2024,12,CAR,KC,13,4,12,77,-8,277,,base,,punt,0,0,0,0
2024,12,KC,CAR,14,4,19,84,8,211,11,nickel,,punt,0,0,0,0
2024,12,CAR,KC,15,4,3,42,-8,121,11,dime,8,pass,13,1,0,0
2024,12,CHI,MIN,1,4,5,65,0,3505,,base,,punt,0,0,0,0
2024,12,CHI,MIN,3,4,15,73,0,3047,,,,punt,0,0,0,0
2024,12,MIN,CHI,4,4,10,77,0,3021,,base,,punt,0,0,0,0
2024,12,CHI,MIN,7,4,4,30,0,2379,,,,field_goal,0,0,0,0
2024,12,CHI,MIN,9,4,9,69,-7,2100,,base,,punt,0,0,0,0
2024,12,MIN,CHI,10,4,1,64,7,1997,,nickel,,punt,0,0,0,0
2024,12,CHI,MIN,11,4,6,31,-7,1803,,,,field_goal,0,0,0,0
2024,12,MIN,CHI,12,4,22,22,4,1665,,base,,field_goal,0,0,0,0
2024,12,CHI,MIN,13,4,4,27,-7,1511,11,dime,5,pass,0,0,0,0
2024,12,MIN,CHI,14,4,10,72,7,1447,,base,,punt,0,0,0,0
2024,12,CHI,MIN,15,4,3,57,-7,1387,,,,punt,0,0,0,0
2024,12,MIN,CHI,16,4,3,49,7,1160,,base,,punt,0,0,0,1
2024,12,CHI,MIN,18,4,6,66,-14,902,,base,,punt,0,0,0,0
2024,12,MIN,CHI,19,4,1,36,14,733,11,nickel,4,pass,0,0,0,0
2024,12,CHI,MIN,20,4,4,20,-14,519,11,dime,5,run,7,1,0,0
2024,12,MIN,CHI,21,4,1,7,8,120,,base,,field_goal,0,0,0,0
2024,12,CHI,MIN,22,4,3,33,-11,92,11,dime,4,pass,14,1,0,0
2024,12,CHI,MIN,24,4,16,76,0,467,,,,punt,0,0,0,0
2024,12,NE,MIA,1,4,1,61,0,3457,,base,,punt,0,0,0,0
2024,12,MIA,NE,2,4,2,64,0,3340,,nickel,,punt,0,0,0,0
2024,12,NE,MIA,3,4,13,27,0,2893,,base,,field_goal,0,0,0,0
2024,12,NE,MIA,5,4,25,85,-7,2569,,base,,punt,0,0,0,0
2024,12,NE,MIA,7,4,9,69,-14,2172,,base,,punt,0,0,0,0
2024,12,NE,MIA,9,4,20,80,-21,1896,,base,,punt,0,0,0,0
2024,12,MIA,NE,10,4,3,3,21,1805,,base,,field_goal,0,0,0,0
2024,12,MIA,NE,12,4,6,66,24,1689,,dime,,punt,0,0,0,0
2024,12,NE,MIA,13,4,17,48,-24,1391,,base,,punt,0,0,0,0
2024,12,MIA,NE,14,4,5,55,24,1166,,dime,,punt,0,0,0,0
2024,12,NE,MIA,17,4,15,38,-31,834,12,nickel,5,pass,38,1,1,0
2024,12,MIA,NE,18,4,6,66,24,772,,dime,,punt,0,0,0,0
2024,12,NE,MIA,19,4,6,76,-24,706,11,dime,5,penalty,8,1,0,0
2024,12,NE,MIA,19,4,4,62,-24,666,11,nickel,5,pass,0,0,0,0
2024,12,MIA,NE,21,4,14,62,16,391,,dime,,punt,0,0,0,0
2024,12,MIA,NE,23,4,6,33,16,218,,base,,field_goal,0,0,0,0
2024,12,NE,MIA,24,4,3,47,-19,120,11,nickel,6,pass,2,0,0,0
2024,12,PHI,LA,2,4,3,3,0,3017,,base,,field_goal,0,0,0,0
2024,12,PHI,LA,4,4,18,64,-4,2567,11,base,,punt,0,0,0,0
2024,12,LA,PHI,5,4,4,73,4,2508,21,base,,punt,0,0,0,0
2024,12,PHI,LA,6,4,10,13,-4,2180,,base,,field_goal,0,0,0,0
2024,12,LA,PHI,7,4,18,78,1,2064,21,base,,punt,0,0,0,0
2024,12,LA,PHI,9,4,5,65,-6,1833,21,base,,punt,0,0,0,0
2024,12,PHI,LA,10,4,7,48,6,1807,11,dime,5,run,-4,0,0,0
2024,12,LA,PHI,15,4,1,50,-13,1141,11,nickel,6,pass,29,1,0,0
2024,12,LA,PHI,15,4,18,29,-13,996,,base,,field_goal,0,0,0,0
2024,12,PHI,LA,16,4,8,8,13,633,,base,,field_goal,0,0,0,0
2024,12,LA,PHI,17,4,3,39,-16,462,,dime,6,pass,7,1,0,0
2024,12,LA,PHI,17,4,33,55,-16,320,21,nickel,,punt,0,0,0,0
2024,12,PHI,LA,18,4,1,82,16,259,12,base,,penalty,6,1,0,0
2024,12,LA,PHI,19,4,3,50,-23,116,11,dime,6,pass,12,1,0,0
2024,12,PIT,CLE,1,4,11,40,0,3258,,nickel,,field_goal,0,0,0,0
2024,12,CLE,PIT,2,4,4,46,0,3161,11,base,,punt,0,0,0,0
2024,12,PIT,CLE,3,4,2,38,0,2910,heavy,,8,run,-2,0,0,0
2024,12,CLE,PIT,4,4,2,52,0,2830,11,,,punt,0,0,0,0
2024,12,PIT,CLE,5,4,13,30,0,2458,,nickel,,field_goal,0,0,0,0
2024,12,CLE,PIT,6,4,1,16,-3,2107,11,base,7,run,5,1,0,0
2024,12,CLE,PIT,8,4,6,16,4,1843,,base,,field_goal,0,0,0,0
2024,12,PIT,CLE,11,4,1,54,-7,1537,heavy,,9,run,-1,0,0,0
2024,12,CLE,PIT,12,4,4,39,7,1457,11,,,punt,0,0,0,0
2024,12,PIT,CLE,13,4,1,22,-7,1183,12,base,7,pass,9,1,0,0
2024,12,PIT,CLE,13,4,6,9,-7,1020,,nickel,,field_goal,0,0,0,0
2024,12,CLE,PIT,14,4,1,27,4,900,12,base,8,run,4,1,0,0
2024,12,CLE,PIT,14,4,2,2,4,743,11,nickel,7,run,2,1,1,0
2024,12,PIT,CLE,19,4,4,70,1,209,,base,,punt,0,0,0,0
2024,12,CLE,PIT,20,4,3,38,-1,156,12,nickel,7,pass,5,1,0,0
2024,12,SF,GB,2,4,7,65,-7,3003,12,,,punt,0,0,0,0
2024,12,GB,SF,3,4,9,32,7,2716,,base,,field_goal,0,0,0,0
2024,12,SF,GB,4,4,7,67,-10,2620,12,,,punt,0,0,0,0
2024,12,GB,SF,7,4,10,49,10,1815,,base,,punt,0,0,0,0
2024,12,SF,GB,9,4,2,39,-10,1551,11,nickel,6,pass,0,0,0,0
2024,12,GB,SF,10,4,10,60,10,1472,,base,,punt,0,0,0,0
2024,12,SF,GB,13,4,7,30,-17,1037,,base,,field_goal,0,0,0,0
2024,12,GB,SF,14,4,10,70,14,954,,base,,punt,0,0,0,0
2024,12,SF,GB,15,4,11,80,-14,896,heavy,,,punt,0,0,0,0
2024,12,GB,SF,16,4,8,61,14,765,,base,,punt,0,0,0,0
2024,12,GB,SF,20,4,1,9,21,340,11,nickel,5,run,2,1,0,0
2024,12,SF,GB,21,4,5,65,-28,204,11,nickel,6,pass,3,0,0,0
2024,12,GB,SF,22,4,2,30,28,78,12,base,7,run,1,0,0,0
2024,12,TB,NYG,1,4,1,28,0,3275,11,nickel,6,run,3,1,0,0
2024,12,NYG,TB,2,4,15,59,-7,2927,,nickel,,punt,0,0,0,0
2024,12,TB,NYG,3,4,6,67,7,2801,12,base,,punt,0,0,0,0
2024,12,NYG,TB,4,4,1,63,-7,2707,11,nickel,8,run,0,0,0,0
2024,12,TB,NYG,5,4,4,4,7,2526,,,,field_goal,0,0,0,0
2024,12,NYG,TB,6,4,11,71,-10,2411,,nickel,,punt,0,0,0,0
2024,12,NYG,TB,8,4,16,43,-17,1984,,base,,punt,0,0,0,0
2024,12,NYG,TB,15,4,9,51,-23,450,11,nickel,6,pass,0,0,0,0
2024,12,TB,NYG,16,4,4,43,23,318,12,base,,punt,0,0,0,0
2024,12,NYG,TB,17,4,9,89,-23,214,,nickel,,punt,0,0,0,0
2024,12,TB,NYG,18,4,1,30,23,75,11,nickel,7,run,0,0,0,0
2024,12,TEN,HOU,2,4,8,33,-7,3379,,base,,field_goal,0,0,0,0
2024,12,HOU,TEN,3,4,9,58,4,3183,11,nickel,,punt,0,0,0,0
2024,12,TEN,HOU,4,4,1,44,-4,2865,heavy,base,6,run,6,1,0,0
2024,12,HOU,TEN,5,4,8,64,-3,2700,11,nickel,,punt,0,0,0,0
2024,12,HOU,TEN,9,4,10,10,-3,1909,,,,field_goal,0,0,0,0
2024,12,TEN,HOU,10,4,11,44,0,1854,,base,,punt,0,0,0,0
2024,12,TEN,HOU,12,4,28,38,0,1802,,base,,field_goal,0,0,0,0
2024,12,TEN,HOU,13,4,10,32,3,1452,,base,,field_goal,0,0,0,0
2024,12,HOU,TEN,14,4,5,65,-6,1327,11,nickel,,punt,0,0,0,0
2024,12,TEN,HOU,15,4,13,77,6,1047,,base,,punt,0,0,0,0
2024,12,TEN,HOU,18,4,17,80,-1,789,,base,,punt,0,0,0,0
2024,12,HOU,TEN,19,4,25,81,1,694,11,nickel,,punt,0,0,0,1
2024,12,HOU,TEN,20,4,3,36,1,590,,,,field_goal,0,0,0,0
2024,12,HOU,TEN,22,4,19,56,-3,388,11,nickel,,punt,0,0,0,0
2024,12,TEN,HOU,23,4,14,98,3,329,,base,,punt,0,0,0,0
2024,12,HOU,TEN,24,4,9,10,-3,116,,,,field_goal,0,0,0,0
2024,12,TEN,HOU,25,4,6,76,3,99,,base,,punt,0,0,0,0
2024,13,ARI,MIN,1,4,2,13,0,3245,,,,field_goal,0,0,0,0
2024,13,MIN,ARI,2,4,9,26,-3,2984,,base,,field_goal,0,0,0,0
2024,13,ARI,MIN,3,4,2,56,0,2791,11,,,punt,0,0,0,0
2024,13,ARI,MIN,5,4,18,27,0,2662,,,,field_goal,0,0,0,0
2024,13,MIN,ARI,6,4,13,68,0,2542,,base,,punt,0,0,0,0
2024,13,ARI,MIN,7,4,9,13,0,2165,,,,field_goal,0,0,0,0
2024,13,MIN,ARI,8,4,14,37,-3,1876,,base,,field_goal,0,0,0,0
2024,13,MIN,ARI,10,4,10,25,-3,1711,,base,,field_goal,0,0,0,0
2024,13,ARI,MIN,11,4,5,22,3,1418,,,,field_goal,0,0,0,0
2024,13,MIN,ARI,12,4,15,75,-6,1328,,base,,punt,0,0,0,0
2024,13,MIN,ARI,16,4,10,13,-6,671,,base,,field_goal,0,0,0,0
2024,13,ARI,MIN,17,4,4,4,3,203,,,,field_goal,0,0,0,0
2024,13,MIN,ARI,18,4,5,33,-6,130,,nickel,6,pass,12,1,0,0
2024,13,ARI,MIN,19,4,10,70,-1,40,11,dime,6,pass,0,0,0,1
2024,13,DET,CHI,1,4,9,12,0,3130,,base,,field_goal,0,0,0,0
2024,13,CHI,DET,2,4,5,65,-3,3035,,base,,punt,0,0,0,0
2024,13,CHI,DET,4,4,14,74,-10,2570,,base,,punt,0,0,0,0
2024,13,DET,CHI,5,4,18,18,10,2239,,base,,field_goal,0,0,0,0
2024,13,CHI,DET,6,4,6,66,-13,2186,,base,,punt,0,0,0,0
2024,13,DET,CHI,7,4,1,32,13,2049,11,nickel,7,run,2,1,0,0
2024,13,DET,CHI,7,4,10,30,13,1995,,base,,field_goal,0,0,0,0
2024,13,CHI,DET,8,4,3,63,-16,1920,11,nickel,6,pass,0,0,0,0
2024,13,DET,CHI,9,4,1,28,16,1865,11,nickel,,penalty,5,1,0,0
2024,13,CHI,DET,10,4,3,68,-16,1803,heavy,dime,6,pass,0,0,0,0
2024,13,DET,CHI,14,4,7,54,10,737,21,base,,punt,0,0,0,0
2024,13,CHI,DET,15,4,18,93,-10,633,,base,,punt,0,0,0,0
2024,13,DET,CHI,16,4,4,26,10,527,,base,,field_goal,0,0,0,0
2024,13,DET,CHI,18,4,2,62,3,222,21,base,,punt,0,0,0,0
2024,13,CHI,DET,19,4,14,54,-3,56,11,nickel,7,penalty,29,1,0,0
2024,13,DEN,CLE,1,4,3,63,0,3532,,base,,punt,0,0,0,0
2024,13,CLE,DEN,2,4,4,29,0,3321,,,,field_goal,0,0,0,0
2024,13,DEN,CLE,5,4,10,70,0,2755,,base,,punt,0,0,0,0
2024,13,CLE,DEN,6,4,10,77,0,2649,11,nickel,,punt,0,0,0,0
2024,13,CLE,DEN,8,4,5,27,0,2332,,,,field_goal,0,0,0,0
2024,13,DEN,CLE,9,4,10,70,-3,2298,,base,,punt,0,0,0,0
2024,13,CLE,DEN,10,4,7,86,3,2238,11,nickel,,punt,0,0,0,0
2024,13,CLE,DEN,15,4,3,51,-4,1724,11,nickel,,punt,0,0,0,0
2024,13,DEN,CLE,16,4,2,61,4,1628,,base,,punt,0,0,0,0
2024,13,CLE,DEN,17,4,5,71,-4,1544,11,nickel,,punt,0,0,0,0
2024,13,DEN,CLE,20,4,10,70,3,1401,,base,,punt,0,0,0,0
2024,13,CLE,DEN,21,4,10,52,-3,1267,11,nickel,,punt,0,0,0,0
2024,13,DEN,CLE,22,4,7,18,3,1015,,base,,field_goal,0,0,0,0
2024,13,CLE,DEN,23,4,1,61,-6,903,11,nickel,7,run,1,1,0,0
2024,13,CLE,DEN,23,4,10,60,-6,768,11,base,,punt,0,0,0,0
2024,13,DEN,CLE,26,4,1,9,-1,177,,,,field_goal,0,0,0,0
2024,13,CLE,DEN,28,4,10,75,-9,70,11,nickel,6,pass,16,1,0,0
2024,13,JAX,HOU,1,4,3,71,0,3509,,base,,punt,0,0,0,0
2024,13,HOU,JAX,2,4,26,55,0,3156,11,base,,punt,0,0,0,0
2024,13,JAX,HOU,3,4,8,53,0,2992,,base,,punt,0,0,0,0
2024,13,HOU,JAX,4,4,8,67,0,2882,11,base,,punt,0,0,0,0
2024,13,JAX,HOU,5,4,4,73,0,2826,,base,,punt,0,0,0,0
2024,13,HOU,JAX,6,4,10,35,0,2696,,base,,field_goal,0,0,0,0
2024,13,HOU,JAX,8,4,2,36,3,2525,11,nickel,6,pass,6,1,0,0
2024,13,HOU,JAX,8,4,11,11,3,2189,,base,,field_goal,0,0,0,0
2024,13,JAX,HOU,9,4,9,15,-6,1812,,,,field_goal,0,0,0,0
2024,13,HOU,JAX,11,4,3,63,3,1721,11,base,,punt,0,0,0,0
2024,13,JAX,HOU,12,4,9,12,-3,1510,,,,field_goal,0,0,0,0
2024,13,JAX,HOU,14,4,4,64,-7,1285,,base,,punt,0,0,0,0
2024,13,HOU,JAX,15,4,4,10,7,980,,base,,field_goal,0,0,0,0
2024,13,JAX,HOU,16,4,5,37,-10,842,,,,field_goal,0,0,0,0
2024,13,JAX,HOU,18,4,2,29,-17,578,11,nickel,6,pass,5,1,0,0
2024,13,JAX,HOU,18,4,8,22,-17,476,11,nickel,6,pass,22,1,1,0
2024,13,HOU,JAX,19,4,5,65,11,372,11,base,,punt,0,0,0,0
2024,13,NE,IND,1,4,16,16,0,3255,,base,,field_goal,0,0,0,0
2024,13,NE,IND,3,4,13,13,-4,2746,,base,,field_goal,0,0,0,0
2024,13,NE,IND,5,4,4,36,-1,2574,,base,,field_goal,0,0,0,0
2024,13,IND,NE,8,4,12,72,-2,1990,heavy,dime,,punt,0,0,0,0
2024,13,NE,IND,9,4,6,7,2,1820,,base,,field_goal,0,0,0,0
2024,13,IND,NE,11,4,6,7,-2,1349,,base,,field_goal,0,0,0,0
2024,13,IND,NE,13,4,12,85,1,865,heavy,dime,,punt,0,0,0,0
2024,13,NE,IND,16,4,13,55,7,343,,,,punt,0,0,0,0
2024,13,IND,NE,17,4,3,60,-7,213,12,nickel,6,pass,11,1,0,0
2024,13,IND,NE,17,4,2,41,-7,117,12,nickel,6,run,6,1,0,0
2024,13,IND,NE,17,4,3,3,-7,17,11,nickel,6,pass,3,1,1,0
2024,13,ATL,LAC,1,4,6,17,0,3217,,,,field_goal,0,0,0,0
2024,13,LAC,ATL,4,4,17,27,-7,2803,,base,,field_goal,0,0,0,0
2024,13,LAC,ATL,6,4,8,33,-4,2474,,base,,field_goal,0,0,0,0
2024,13,ATL,LAC,7,4,4,64,1,2340,heavy,base,,punt,0,0,0,0
2024,13,LAC,ATL,8,4,10,16,-1,1862,,base,,field_goal,0,0,0,0
2024,13,ATL,LAC,9,4,9,50,-2,1819,heavy,base,,punt,0,0,0,0
2024,13,LAC,ATL,11,4,10,59,2,1708,12,base,,punt,0,0,0,0
2024,13,ATL,LAC,12,4,5,23,-2,1348,,,,field_goal,0,0,0,0
2024,13,LAC,ATL,13,4,7,67,-1,1230,12,base,,punt,0,0,0,0
2024,13,ATL,LAC,14,4,1,50,1,1126,11,nickel,5,pass,5,1,0,0
2024,13,ATL,LAC,14,4,5,40,1,1009,11,dime,4,pass,0,0,1,1
2024,13,ATL,LAC,15,4,8,8,-7,907,,,,field_goal,0,0,0,0
2024,13,LAC,ATL,16,4,4,64,4,849,12,base,6,pass,3,0,0,0
2024,13,ATL,LAC,17,4,2,14,-4,623,11,dime,4,pass,5,1,0,0
2024,13,LAC,ATL,18,4,5,63,4,379,12,base,,punt,0,0,0,0
2024,13,ATL,LAC,19,4,3,60,-4,120,11,dime,4,penalty,5,1,0,0
2024,13,ATL,LAC,19,4,12,35,-4,47,11,dime,3,pass,0,0,0,1
2024,13,NO,LA,1,4,1,49,0,3473,,base,5,pass,4,1,0,0
2024,13,NO,LA,1,4,12,36,0,3233,,base,,field_goal,0,0,0,0
2024,13,LA,NO,2,4,6,70,-3,3173,12,base,,punt,0,0,0,0
2024,13,NO,LA,3,4,5,40,3,2926,,base,,penalty,5,1,0,0
2024,13,NO,LA,3,4,16,18,3,2700,,base,,field_goal,0,0,0,0
2024,13,LA,NO,4,4,1,46,-3,2547,11,dime,8,run,4,1,0,0
2024,13,LA,NO,4,4,4,25,-3,2355,,dime,5,pass,0,0,0,0
2024,13,NO,LA,5,4,7,58,3,2184,,base,,punt,0,0,0,0
2024,13,LA,NO,6,4,9,48,-3,1917,12,base,,punt,0,0,0,0
2024,13,NO,LA,7,4,10,36,3,1807,,base,,field_goal,0,0,0,0
2024,13,NO,LA,10,4,9,69,-1,1344,,base,,punt,0,0,0,0
2024,13,LA,NO,11,4,13,49,1,1124,12,base,,punt,0,0,0,0
2024,13,NO,LA,12,4,10,51,-1,1031,,base,,punt,0,0,0,0
2024,13,NO,LA,16,4,1,36,-7,289,,base,7,run,2,1,0,0
2024,13,NO,LA,16,4,3,9,-7,73,12,nickel,6,pass,0,0,0,0
2024,13,KC,LV,1,4,4,7,0,3309,,,,field_goal,0,0,0,0
2024,13,LV,KC,2,4,19,69,-3,3100,,base,,punt,0,0,0,0
2024,13,KC,LV,3,4,20,37,3,2850,11,,,punt,0,0,0,0
2024,13,LV,KC,4,4,9,9,-3,2466,,,,field_goal,0,0,0,0
2024,13,KC,LV,5,4,16,82,0,2348,11,nickel,,punt,0,0,0,0
2024,13,LV,KC,6,4,4,38,0,2160,,,,field_goal,0,0,0,0
2024,13,LV,KC,8,4,11,55,-7,1866,,base,,punt,0,0,0,0
2024,13,LV,KC,10,4,1,30,-7,1608,11,nickel,7,run,0,0,0,0
2024,13,KC,LV,11,4,19,23,7,1424,,,,field_goal,0,0,0,0
2024,13,LV,KC,12,4,22,37,-10,1174,,,,field_goal,0,0,0,0
2024,13,KC,LV,13,4,3,17,10,1095,,,,field_goal,0,0,0,0
2024,13,KC,LV,15,4,11,71,6,916,11,nickel,,punt,0,0,0,0
2024,13,KC,LV,17,4,14,14,-1,597,,,,field_goal,0,0,0,0
2024,13,LV,KC,18,4,9,72,-2,418,,base,,punt,0,0,0,0
2024,13,KC,LV,19,4,3,68,2,327,11,nickel,,punt,0,0,0,0
2024,13,LV,KC,20,4,11,40,-2,141,,,,field_goal,0,0,0,0
2024,13,KC,LV,21,4,2,44,2,123,11,,,punt,0,0,0,0
2024,13,GB,MIA,1,4,14,58,0,3520,11,base,,punt,0,0,0,1
2024,13,MIA,GB,3,4,26,73,-7,3180,,,,punt,0,0,0,0
2024,13,MIA,GB,5,4,4,25,-14,2457,11,nickel,6,pass,16,1,0,0
2024,13,MIA,GB,5,4,15,15,-14,2327,,base,,field_goal,0,0,0,0
2024,13,GB,MIA,6,4,7,44,11,2203,11,base,,punt,0,0,0,0
2024,13,MIA,GB,7,4,17,82,-11,1989,,,,punt,0,0,0,0
2024,13,MIA,GB,9,4,5,38,-18,1827,11,nickel,6,pass,0,0,0,0
2024,13,MIA,GB,11,4,8,75,-21,1680,,,,punt,0,0,0,0
2024,13,GB,MIA,12,4,3,6,21,1366,,base,,field_goal,0,0,0,0
2024,13,MIA,GB,13,4,1,46,-24,1156,11,nickel,7,pass,16,1,0,0
2024,13,GB,MIA,14,4,3,53,16,943,11,base,,punt,0,0,0,0
2024,13,MIA,GB,15,4,1,1,-16,579,12,base,9,pass,-6,0,0,0
2024,13,GB,MIA,16,4,15,15,16,306,,base,,field_goal,0,0,0,0
2024,13,GB,MIA,18,4,11,50,13,125,11,base,,punt,0,0,0,0
2024,13,MIA,GB,19,4,5,75,-13,58,11,nickel,4,pass,11,1,0,0
2024,13,DAL,NYG,1,4,4,5,0,3286,,,,field_goal,0,0,0,0
2024,13,NYG,DAL,2,4,1,50,-3,3107,heavy,base,7,run,6,1,0,0
2024,13,DAL,NYG,3,4,6,15,-4,2508,,,,field_goal,0,0,0,0
2024,13,NYG,DAL,5,4,20,62,-6,2348,,,,punt,0,0,0,0
2024,13,DAL,NYG,6,4,1,56,6,2241,12,base,7,run,0,0,0,0
2024,13,NYG,DAL,7,4,8,42,-6,2179,,,,punt,0,0,0,0
2024,13,DAL,NYG,8,4,9,98,6,2122,,base,,punt,0,0,0,0
2024,13,NYG,DAL,9,4,9,28,-6,2005,,,,field_goal,0,0,0,0
2024,13,DAL,NYG,10,4,13,62,3,1920,,base,,punt,0,0,0,0
2024,13,NYG,DAL,11,4,12,88,-3,1896,,base,,punt,0,0,0,0
2024,13,DAL,NYG,12,4,10,51,3,1872,,base,,punt,0,0,0,0
2024,13,NYG,DAL,16,4,16,76,-10,1470,,,,punt,0,0,0,0
2024,13,NYG,DAL,18,4,9,29,-17,819,,,,field_goal,0,0,0,0
2024,13,DAL,NYG,19,4,8,47,14,600,,base,,punt,0,0,0,0
2024,13,NYG,DAL,20,4,10,80,-14,426,,,,punt,0,0,0,0
2024,13,DAL,NYG,21,4,11,45,14,287,,base,,punt,0,0,0,0
2024,13,PHI,BAL,1,4,16,64,0,3498,12,base,,punt,0,0,0,0
2024,13,BAL,PHI,2,4,9,16,0,3265,,base,,field_goal,0,0,0,0
2024,13,PHI,BAL,3,4,6,66,-3,3215,12,base,,punt,0,0,0,0
2024,13,PHI,BAL,5,4,18,81,-9,2798,12,base,,punt,0,0,0,0
2024,13,BAL,PHI,6,4,14,68,9,2700,,nickel,,punt,0,0,0,0
2024,13,PHI,BAL,7,4,2,59,-9,2546,12,,,punt,0,0,0,0
2024,13,BAL,PHI,8,4,5,94,9,2465,,nickel,,punt,0,0,0,0
2024,13,BAL,PHI,10,4,6,71,2,2170,,nickel,,punt,0,0,0,0
2024,13,BAL,PHI,14,4,19,29,-2,1500,,base,,field_goal,0,0,0,0
2024,13,PHI,BAL,15,4,11,64,2,1409,12,base,,punt,0,0,0,0
2024,13,BAL,PHI,16,4,1,61,-2,1206,12,base,8,run,2,1,0,0
2024,13,BAL,PHI,16,4,7,35,-2,986,,base,,field_goal,0,0,0,0
2024,13,PHI,BAL,17,4,6,53,2,901,12,base,,punt,0,0,0,0
2024,13,BAL,PHI,18,4,10,61,-2,690,,nickel,,punt,0,0,0,0
2024,13,BAL,PHI,20,4,8,58,-9,378,11,nickel,5,pass,0,0,0,0
2024,13,PHI,BAL,21,4,1,33,9,321,12,base,10,run,3,1,0,0
2024,13,PHI,BAL,21,4,7,17,9,67,,base,,field_goal,0,0,0,0
2024,13,CIN,PIT,1,4,3,56,0,3484,12,base,,punt,0,0,0,0
2024,13,PIT,CIN,9,4,10,32,0,2016,,base,,field_goal,0,0,0,0
2024,13,CIN,PIT,10,4,5,65,-3,1925,12,base,,punt,0,0,0,0
2024,13,PIT,CIN,12,4,5,23,6,1594,,base,,field_goal,0,0,0,0
2024,13,CIN,PIT,13,4,15,20,-6,1138,,base,,field_goal,0,0,0,0
2024,13,PIT,CIN,16,4,6,49,10,770,,nickel,,punt,0,0,0,0
2024,13,PIT,CIN,19,4,12,12,10,236,,base,,field_goal,0,0,0,0
2024,13,SEA,NYJ,1,4,10,59,0,3462,21,base,,punt,0,0,0,0
2024,13,NYJ,SEA,2,4,7,84,0,3410,12,,,punt,0,0,0,0
2024,13,SEA,NYJ,3,4,1,52,0,3275,21,base,,punt,0,0,0,0
2024,13,NYJ,SEA,11,4,2,48,8,2162,11,dime,6,pass,0,0,0,0
2024,13,SEA,NYJ,12,4,5,36,-8,2060,,base,,field_goal,0,0,0,0
2024,13,NYJ,SEA,13,4,4,50,5,1872,12,,,punt,0,0,0,0
2024,13,SEA,NYJ,14,4,4,79,-5,1814,21,base,,punt,0,0,0,0
2024,13,NYJ,SEA,16,4,13,42,5,1607,12,,,punt,0,0,0,0
2024,13,SEA,NYJ,17,4,1,1,-5,1232,12,base,7,pass,-15,0,0,0
2024,13,SEA,NYJ,19,4,6,44,-5,916,11,nickel,5,pass,24,1,0,0
2024,13,SEA,NYJ,19,4,15,25,-5,796,,base,,field_goal,0,0,0,0
2024,13,NYJ,SEA,20,4,11,63,2,701,heavy,,,punt,0,0,0,0
2024,13,SEA,NYJ,21,4,1,62,-2,558,heavy,base,8,penalty,20,1,0,0
2024,13,SEA,NYJ,21,4,1,33,-2,427,11,base,6,penalty,16,1,0,0
2024,13,NYJ,SEA,22,4,2,46,-5,211,11,dime,6,pass,5,1,0,0
2024,13,NYJ,SEA,22,4,15,34,-5,38,11,dime,7,pass,0,0,0,0
2024,13,BUF,SF,1,4,4,72,0,3451,11,,,punt,0,0,0,0
2024,13,SF,BUF,2,4,7,15,0,3164,,,,field_goal,0,0,0,0
2024,13,SF,BUF,4,4,8,27,-4,2332,,,,field_goal,0,0,0,0
2024,13,SF,BUF,6,4,14,41,-11,2023,heavy,base,,punt,0,0,0,0
2024,13,BUF,SF,10,4,2,44,18,1520,11,,,punt,0,0,0,0
2024,13,SF,BUF,11,4,10,94,-18,1455,heavy,base,,punt,0,0,0,0
2024,13,BUF,SF,12,4,2,25,18,1310,11,nickel,6,pass,18,1,0,0
2024,13,SF,BUF,13,4,5,43,-25,1162,11,dime,4,pass,26,1,0,0
2024,13,BUF,SF,14,4,2,65,18,940,11,,,punt,0,0,0,0
2024,13,BUF,SF,18,4,9,30,25,579,,base,,field_goal,0,0,0,0
2024,13,SF,BUF,19,4,14,65,-25,492,heavy,base,,punt,0,0,0,0
2024,13,CAR,TB,1,4,5,65,0,3555,,base,,punt,0,0,0,0
2024,13,TB,CAR,2,4,11,75,0,3466,12,,,punt,0,0,0,0
2024,13,CAR,TB,3,4,1,70,0,3345,,base,,punt,0,0,0,0
2024,13,TB,CAR,4,4,1,11,0,3103,12,base,6,run,2,1,0,0
2024,13,CAR,TB,5,4,1,29,-7,2752,,base,,field_goal,0,0,0,0
2024,13,TB,CAR,6,4,9,73,4,2700,12,,,punt,0,0,0,0
2024,13,CAR,TB,7,4,4,19,-4,2503,,base,,field_goal,0,0,0,0
2024,13,TB,CAR,8,4,24,86,4,2388,12,,,punt,0,0,0,0
2024,13,TB,CAR,10,4,9,9,-3,2022,,base,,field_goal,0,0,0,0
2024,13,CAR,TB,11,4,3,27,0,1905,,base,,field_goal,0,0,0,0
2024,13,CAR,TB,13,4,3,8,0,1807,,base,,field_goal,0,0,0,0
2024,13,TB,CAR,15,4,9,59,-3,1662,12,,,punt,0,0,0,0
2024,13,CAR,TB,16,4,7,47,3,1478,,base,,punt,0,0,0,0
2024,13,TB,CAR,17,4,16,65,-3,1300,12,base,,punt,0,0,0,0
2024,13,CAR,TB,18,4,4,82,3,1242,,base,,punt,0,0,0,0
2024,13,CAR,TB,20,4,4,4,3,922,,base,,field_goal,0,0,0,0
2024,13,CAR,TB,22,4,10,70,-1,446,,base,,punt,0,0,0,0
2024,13,TB,CAR,23,4,7,8,1,188,,base,,field_goal,0,0,0,0
2024,13,TB,CAR,26,4,7,37,0,396,,base,,field_goal,0,0,0,0
2024,13,TEN,WAS,1,4,22,84,0,3499,,dime,,punt,0,0,0,0
2024,13,TEN,WAS,3,4,4,53,-7,3249,,nickel,,punt,0,0,0,0
2024,13,TEN,WAS,9,4,7,82,-28,2342,,dime,,punt,0,0,0,0
2024,13,WAS,TEN,10,4,18,28,28,1916,,,,field_goal,0,0,0,0
2024,13,WAS,TEN,13,4,13,81,21,1677,11,nickel,,punt,0,0,0,0
2024,13,TEN,WAS,14,4,7,23,-21,1425,,base,,field_goal,0,0,0,0
2024,13,TEN,WAS,16,4,21,26,-18,1124,,base,,field_goal,0,0,0,0
2024,13,TEN,WAS,18,4,10,70,-22,839,12,dime,,punt,0,0,0,0
2024,13,WAS,TEN,19,4,6,34,22,561,,base,,field_goal,0,0,0,0
2024,13,WAS,TEN,21,4,2,38,16,285,11,nickel,5,pass,7,1,0,0
2024,13,TEN,WAS,22,4,8,68,-23,168,11,dime,6,pass,0,0,0,0
2024,14,ATL,MIN,1,4,1,8,0,3281,11,dime,8,run,2,1,0,0
2024,14,MIN,ATL,2,4,22,52,-7,3009,,base,,punt,0,0,0,0
2024,14,ATL,MIN,3,4,5,38,7,2792,11,dime,5,pass,0,0,0,0
2024,14,MIN,ATL,6,4,2,57,0,2512,,base,,punt,0,0,0,0
2024,14,ATL,MIN,7,4,7,53,0,2186,21,,,punt,0,0,0,0
2024,14,MIN,ATL,8,4,15,21,0,2010,,base,,penalty,5,1,0,0
2024,14,ATL,MIN,9,4,2,2,-7,1813,,,,field_goal,0,0,0,0
2024,14,MIN,ATL,11,4,7,29,4,1501,,base,,field_goal,0,0,0,0
2024,14,ATL,MIN,12,4,8,11,-4,1209,,,,field_goal,0,0,0,0
2024,14,ATL,MIN,20,4,3,13,-21,48,11,nickel,6,pass,0,0,0,0
2024,14,LA,BUF,3,4,3,3,0,2620,,,,field_goal,0,0,0,0
2024,14,BUF,LA,4,4,10,52,-3,2558,,base,,punt,0,0,1,0
2024,14,BUF,LA,7,4,2,59,-10,1856,,base,,punt,0,0,0,0
2024,14,BUF,LA,9,4,7,71,-10,1748,,base,,punt,0,0,0,0
2024,14,LA,BUF,14,4,2,62,10,780,12,nickel,,punt,0,0,0,0
2024,14,LA,BUF,16,4,5,35,3,233,11,dime,6,pass,11,1,0,0
2024,14,BUF,LA,17,4,15,50,-9,84,11,dime,6,penalty,34,1,0,0
2024,14,LA,BUF,18,4,7,42,2,7,12,nickel,,punt,0,0,0,0
2024,14,CAR,PHI,1,4,15,68,0,3505,,nickel,,punt,0,0,0,0
2024,14,PHI,CAR,2,4,18,66,0,3335,11,base,,punt,0,0,0,0
2024,14,CAR,PHI,3,4,14,55,0,3024,,nickel,,punt,0,0,0,0
2024,14,PHI,CAR,4,4,5,85,0,2892,11,base,,punt,0,0,0,0
2024,14,CAR,PHI,5,4,7,20,0,2773,,base,,field_goal,0,0,0,0
2024,14,CAR,PHI,7,4,3,3,-4,2044,11,nickel,7,pass,3,1,1,0
2024,14,PHI,CAR,8,4,7,73,-3,1985,11,base,,punt,0,0,0,0
2024,14,PHI,CAR,12,4,4,34,4,1547,,base,,field_goal,0,0,0,0
2024,14,CAR,PHI,13,4,2,11,-4,1199,11,nickel,6,pass,6,1,0,0
2024,14,CAR,PHI,15,4,2,27,-6,519,11,nickel,6,pass,0,0,0,0
2024,14,PHI,CAR,16,4,13,41,6,185,11,,,punt,0,0,0,0
2024,14,CAR,PHI,17,4,7,51,-6,83,11,nickel,6,pass,13,1,0,0
2024,14,CAR,PHI,17,4,9,37,-6,37,11,dime,5,pass,0,0,0,0
2024,14,CHI,SF,2,4,4,71,-7,3318,,,,punt,0,0,0,0
2024,14,SF,CHI,3,4,5,51,7,3077,heavy,nickel,,punt,0,0,0,0
2024,14,CHI,SF,4,4,17,89,-7,2941,,,,punt,0,0,0,0
2024,14,CHI,SF,6,4,12,72,-14,2714,,,,punt,0,0,0,0
2024,14,SF,CHI,7,4,1,23,14,2387,11,nickel,7,run,1,1,0,0
2024,14,CHI,SF,8,4,17,77,-21,2144,,,,punt,0,0,0,0
2024,14,SF,CHI,9,4,5,5,21,1913,,base,,field_goal,0,0,0,0
2024,14,CHI,SF,10,4,8,58,-24,1814,,,,punt,0,0,0,0
2024,14,SF,CHI,13,4,8,68,18,1207,heavy,nickel,,punt,0,0,0,0
2024,14,SF,CHI,17,4,1,25,18,423,12,base,6,run,6,1,0,0
2024,14,CHI,SF,18,4,18,78,-25,222,,,,punt,0,0,0,0
2024,14,CIN,DAL,1,4,6,66,0,3515,12,base,,punt,0,0,0,0
2024,14,DAL,CIN,2,4,1,11,0,3239,11,nickel,6,pass,11,1,1,0
2024,14,CIN,DAL,5,4,3,44,0,2396,11,nickel,6,pass,0,0,0,0
2024,14,DAL,CIN,6,4,5,17,0,2186,,base,,field_goal,0,0,0,0
2024,14,DAL,CIN,8,4,20,80,-4,1920,,base,,punt,0,0,0,0
2024,14,CIN,DAL,9,4,7,19,4,1834,,,,field_goal,0,0,0,0
2024,14,DAL,CIN,10,4,5,65,-7,1815,,base,,punt,0,0,0,0
2024,14,DAL,CIN,14,4,10,29,0,900,,base,,field_goal,0,0,0,0
2024,14,CIN,DAL,15,4,2,10,-3,628,,,,field_goal,0,0,0,0
2024,14,DAL,CIN,16,4,11,71,0,583,,base,,punt,0,0,0,0
2024,14,CIN,DAL,17,4,20,61,0,402,12,,,punt,0,0,0,0
2024,14,DAL,CIN,18,4,10,66,0,341,,base,,punt,0,0,0,0
2024,14,CIN,DAL,19,4,27,71,0,120,12,,,punt,0,0,0,1
2024,14,DAL,CIN,21,4,7,52,-7,24,11,dime,5,pass,0,0,0,0
2024,14,PIT,CLE,1,4,3,63,0,3523,,base,,punt,0,0,0,0
2024,14,CLE,PIT,2,4,22,95,0,3431,11,base,,punt,0,0,0,0
2024,14,PIT,CLE,3,4,6,12,0,3275,,base,,field_goal,0,0,0,0
2024,14,PIT,CLE,5,4,15,75,-4,2983,,,,punt,0,0,0,0
2024,14,CLE,PIT,6,4,7,41,4,2825,11,base,,punt,0,0,0,0
2024,14,PIT,CLE,7,4,1,81,-4,2756,,base,,punt,0,0,0,0
2024,14,CLE,PIT,8,4,11,63,4,2690,11,base,,punt,0,0,0,0
2024,14,PIT,CLE,9,4,6,76,-4,2617,,base,,punt,0,0,0,0
2024,14,CLE,PIT,12,4,5,65,-3,2412,11,base,,punt,0,0,0,0
2024,14,PIT,CLE,13,4,2,36,3,2067,,base,,field_goal,0,0,0,0
2024,14,CLE,PIT,14,4,7,20,-6,1828,,base,,field_goal,0,0,0,0
2024,14,CLE,PIT,16,4,14,25,-6,1664,,base,,field_goal,0,0,0,0
2024,14,CLE,PIT,18,4,1,49,-13,1250,heavy,nickel,7,run,-5,0,0,0
2024,14,CLE,PIT,20,4,1,27,-20,949,11,nickel,7,run,2,1,0,0
2024,14,CLE,PIT,20,4,24,39,-20,880,,,,punt,0,0,0,0
2024,14,PIT,CLE,21,4,5,91,20,794,,,,punt,0,0,0,0
2024,14,CLE,PIT,22,4,3,72,-20,708,11,nickel,5,pass,3,1,0,0
2024,14,CLE,PIT,22,4,6,55,-20,581,11,nickel,6,pass,9,1,0,0
2024,14,PIT,CLE,25,4,25,79,13,183,,base,,punt,0,0,0,1
2024,14,GB,DET,2,4,6,51,-7,3105,,base,,punt,0,0,0,0
2024,14,DET,GB,3,4,8,90,7,2987,21,,,punt,0,0,0,0
2024,14,GB,DET,4,4,10,52,-7,2937,,base,,punt,0,0,0,0
2024,14,DET,GB,5,4,8,77,7,2743,21,,,punt,0,0,0,0
2024,14,DET,GB,7,4,10,25,7,2585,,base,,field_goal,0,0,0,0
2024,14,DET,GB,9,4,2,2,3,1814,heavy,base,7,pass,2,1,1,0
2024,14,DET,GB,14,4,1,51,-4,1445,11,nickel,7,run,1,1,0,0
2024,14,DET,GB,14,4,3,3,-4,1205,12,base,7,pass,3,1,1,0
2024,14,GB,DET,15,4,3,63,-3,1110,,base,,punt,0,0,0,0
2024,14,DET,GB,16,4,1,69,3,989,11,nickel,7,run,-1,0,0,0
2024,14,GB,DET,19,4,14,14,-3,222,,,,field_goal,0,0,0,0
2024,14,DET,GB,20,4,1,21,0,43,heavy,base,9,run,7,1,0,0
2024,14,TEN,JAX,1,4,2,27,0,3217,,base,,field_goal,0,0,0,0
2024,14,TEN,JAX,3,4,4,57,3,2807,,base,,punt,0,0,0,0
2024,14,JAX,TEN,4,4,10,52,-3,2582,,nickel,,punt,0,0,0,0
2024,14,TEN,JAX,5,4,2,2,3,2086,12,,10,pass,0,0,0,0
2024,14,JAX,TEN,8,4,6,78,-3,1738,,nickel,,punt,0,0,0,0
2024,14,TEN,JAX,9,4,10,60,3,1652,,base,,punt,0,0,0,0
2024,14,JAX,TEN,10,4,1,87,-3,1515,,nickel,,punt,0,0,0,0
2024,14,TEN,JAX,11,4,5,21,3,1175,,base,,field_goal,0,0,0,0
2024,14,JAX,TEN,12,4,2,23,-6,853,heavy,base,7,run,12,1,0,0
2024,14,JAX,TEN,12,4,4,5,-6,732,,,,field_goal,0,0,0,0
2024,14,TEN,JAX,13,4,15,56,3,615,,base,,punt,0,0,0,0
2024,14,TEN,JAX,15,4,3,9,-4,75,11,nickel,6,pass,0,0,0,0
2024,14,JAX,TEN,16,4,5,86,4,59,,nickel,,punt,0,0,0,0
2024,14,TEN,JAX,17,4,15,65,-4,34,11,dime,6,pass,0,0,0,0
2024,14,KC,LAC,1,4,12,29,0,3310,,,,field_goal,0,0,0,0
2024,14,LAC,KC,2,4,9,39,-3,3103,12,base,,punt,0,0,0,0
2024,14,KC,LAC,3,4,4,61,3,2978,,,,punt,0,0,0,0
2024,14,LAC,KC,4,4,6,45,-3,2716,12,base,,punt,0,0,0,0
2024,14,KC,LAC,5,4,4,67,3,2553,,,,punt,0,0,0,0
2024,14,LAC,KC,6,4,9,82,-3,2492,11,base,,punt,0,0,0,0
2024,14,KC,LAC,7,4,5,15,3,2271,,,,field_goal,0,0,0,0
2024,14,LAC,KC,8,4,6,55,-6,2187,12,base,,punt,0,0,0,0
2024,14,KC,LAC,9,4,2,83,6,2092,,,,punt,0,0,0,0
2024,14,LAC,KC,10,4,8,63,-6,2018,12,base,,punt,0,0,0,0
2024,14,LAC,KC,13,4,2,40,-13,1500,11,nickel,7,pass,15,1,0,0
2024,14,KC,LAC,14,4,1,76,6,1249,,,,punt,0,0,0,0
2024,14,KC,LAC,16,4,16,32,-1,789,,,,field_goal,0,0,0,0
2024,14,LAC,KC,17,4,11,19,-2,279,,,,field_goal,0,0,0,0
2024,14,TB,LV,1,4,1,37,0,3278,11,nickel,7,run,7,1,0,0
2024,14,LV,TB,2,4,20,90,-7,3103,,nickel,,punt,0,0,0,0
2024,14,LV,TB,4,4,12,61,-14,2788,,nickel,,punt,0,0,0,0
2024,14,TB,LV,9,4,11,81,7,2275,12,nickel,,punt,0,0,0,0
2024,14,LV,TB,10,4,2,6,-7,2071,,base,,field_goal,0,0,0,0
2024,14,TB,LV,11,4,4,40,4,1874,11,dime,6,penalty,11,1,0,0
2024,14,LV,TB,13,4,1,14,-4,1290,heavy,,8,run,2,1,0,0
2024,14,TB,LV,14,4,9,73,4,1022,12,nickel,,punt,0,0,0,0
2024,14,LV,TB,15,4,2,44,-4,972,,base,,punt,0,0,0,0
2024,14,TB,LV,16,4,6,60,4,851,12,nickel,,punt,0,0,0,0
2024,14,LV,TB,17,4,1,71,-4,718,,base,,punt,0,0,0,0
2024,14,LV,TB,19,4,5,29,-11,342,11,nickel,6,pass,20,1,0,0
2024,14,LV,TB,19,4,8,8,-11,188,,base,,field_goal,0,0,0,0
2024,14,LV,TB,21,4,1,50,-15,49,12,dime,4,pass,8,1,0,0
2024,14,NO,NYG,1,4,5,79,0,3523,,base,,punt,0,0,0,0
2024,14,NYG,NO,2,4,8,36,0,3404,11,dime,6,pass,0,0,0,0
2024,14,NO,NYG,3,4,10,35,0,3175,,,,field_goal,0,0,0,0
2024,14,NYG,NO,4,4,2,49,0,3098,,base,,punt,0,0,0,0
2024,14,NYG,NO,6,4,6,64,-7,2717,,base,,punt,0,0,0,0
2024,14,NO,NYG,7,4,7,69,7,2652,,base,,punt,0,0,0,0
2024,14,NYG,NO,8,4,15,25,-7,2484,,base,,field_goal,0,0,0,0
2024,14,NO,NYG,9,4,3,54,4,2356,11,base,7,run,2,0,0,0
2024,14,NYG,NO,10,4,4,42,-4,2287,,base,,punt,0,0,0,0
2024,14,NO,NYG,11,4,5,87,4,2193,,base,,punt,0,0,0,0
2024,14,NYG,NO,12,4,9,50,-4,2064,,base,,punt,0,0,0,0
2024,14,NO,NYG,13,4,17,75,4,1915,,base,,punt,0,0,0,0
2024,14,NYG,NO,14,4,10,49,-4,1836,,base,,punt,0,0,0,0
2024,14,NYG,NO,16,4,2,62,-4,1712,,base,,punt,0,0,0,0
2024,14,NYG,NO,18,4,2,75,-4,1410,,base,,punt,0,0,0,0
2024,14,NYG,NO,20,4,17,45,-11,822,,base,,punt,0,0,0,0
2024,14,NO,NYG,21,4,2,54,11,623,,base,,punt,0,0,0,0
2024,14,NYG,NO,22,4,10,41,-11,312,11,dime,5,pass,18,1,0,0
2024,14,NO,NYG,23,4,2,62,3,196,,base,,punt,0,0,0,0
2024,14,NYG,NO,24,4,9,62,-3,112,11,dime,5,pass,0,0,0,1
2024,14,NO,NYG,25,4,18,61,3,91,,base,,punt,0,0,0,0
2024,14,NYG,NO,26,4,10,60,-3,49,11,dime,5,run,25,1,0,0
2024,14,NYG,NO,26,4,15,17,-3,11,,base,,field_goal,0,0,0,0
2024,14,NYJ,MIA,2,4,2,10,-6,3023,,base,,field_goal,0,0,0,0
2024,14,MIA,NYJ,3,4,1,21,3,2697,,base,,field_goal,0,0,0,0
2024,14,NYJ,MIA,4,4,4,52,-6,2559,11,nickel,5,pass,35,1,0,0
2024,14,MIA,NYJ,5,4,2,17,-1,2248,11,base,6,pass,5,1,0,0
2024,14,MIA,NYJ,5,4,4,6,-1,2100,,base,,field_goal,0,0,0,0
2024,14,NYJ,MIA,6,4,9,12,-2,1852,,base,,field_goal,0,0,0,0
2024,14,NYJ,MIA,9,4,2,18,-2,1625,11,nickel,6,pass,15,1,0,0
2024,14,MIA,NYJ,10,4,3,48,-5,1440,,nickel,,punt,0,0,0,0
2024,14,NYJ,MIA,11,4,9,22,5,966,,base,,field_goal,0,0,0,0
2024,14,MIA,NYJ,12,4,10,73,-8,942,,base,,punt,0,0,0,0
2024,14,NYJ,MIA,13,4,11,84,8,813,heavy,base,,punt,0,0,0,0
2024,14,MIA,NYJ,14,4,4,4,-8,549,11,nickel,6,pass,4,1,1,0
2024,14,NYJ,MIA,15,4,4,64,0,464,12,base,,punt,0,0,0,0
2024,14,MIA,NYJ,16,4,15,57,0,274,,,,punt,0,0,0,0
2024,14,NYJ,MIA,17,4,7,24,0,56,,base,,field_goal,0,0,0,0
2024,14,MIA,NYJ,18,4,4,34,-3,12,,base,,field_goal,0,0,0,0
2024,14,SEA,ARI,2,4,2,2,-7,2984,,base,,field_goal,0,0,0,0
2024,14,ARI,SEA,7,4,8,9,-10,2456,,base,,field_goal,0,0,0,0
2024,14,SEA,ARI,8,4,12,56,7,2333,12,base,,punt,0,0,0,0
2024,14,ARI,SEA,9,4,12,69,-7,2161,12,,,punt,0,0,0,0
2024,14,ARI,SEA,11,4,16,64,-14,1899,12,,,punt,0,0,0,0
2024,14,SEA,ARI,12,4,6,52,14,1813,12,base,,punt,0,0,0,0
2024,14,SEA,ARI,14,4,1,61,14,1686,12,,,punt,0,0,0,0
2024,14,ARI,SEA,15,4,11,81,-14,1567,12,,,punt,0,0,0,0
2024,14,SEA,ARI,16,4,14,18,14,1233,,base,,field_goal,0,0,0,0
2024,14,ARI,SEA,17,4,3,52,-17,1140,11,dime,5,pass,14,1,0,0
2024,14,SEA,ARI,18,4,6,66,9,856,12,base,,punt,0,0,0,0
2024,14,ARI,SEA,19,4,11,85,-9,738,12,,,punt,0,0,0,0
2024,14,SEA,ARI,20,4,8,50,9,650,12,base,,punt,0,0,0,0
2024,14,ARI,SEA,21,4,2,21,-9,439,,base,,field_goal,0,0,0,0
2024,14,SEA,ARI,22,4,8,17,9,120,,base,,field_goal,0,0,0,0
2024,15,LV,ATL,1,4,1,63,0,3482,11,nickel,8,run,3,1,0,0
2024,15,ATL,LV,2,4,15,38,0,3026,21,nickel,,punt,0,0,0,0
2024,15,LV,ATL,3,4,9,79,0,2935,,base,,punt,0,0,0,0
2024,15,LV,ATL,5,4,10,33,-7,2509,,base,,field_goal,0,0,0,0
2024,15,ATL,LV,6,4,11,43,4,2183,21,,,punt,0,0,0,0
2024,15,ATL,LV,8,4,17,50,6,1921,21,nickel,,punt,0,0,0,0
2024,15,LV,ATL,11,4,22,66,-6,1646,,,,punt,0,0,0,0
2024,15,ATL,LV,12,4,9,22,6,1469,,,,field_goal,0,0,0,0
2024,15,LV,ATL,13,4,15,55,-9,1372,,base,,punt,0,0,0,0
2024,15,ATL,LV,14,4,5,66,9,1165,21,dime,,punt,0,0,0,0
2024,15,LV,ATL,15,4,2,89,-9,1027,,base,,punt,0,0,0,0
2024,15,ATL,LV,16,4,3,30,9,811,,,,field_goal,0,0,0,0
2024,15,LV,ATL,17,4,10,59,-12,752,,base,,punt,0,0,0,0
2024,15,ATL,LV,18,4,11,46,12,588,21,,,punt,0,0,0,0
2024,15,ATL,LV,20,4,5,24,12,331,,,,field_goal,0,0,0,0
2024,15,ATL,LV,22,4,6,45,6,116,21,nickel,,punt,0,0,0,0
2024,15,LV,ATL,23,4,8,66,-6,35,12,dime,4,pass,9,1,0,0
2024,15,NYG,BAL,2,4,2,80,0,3469,,base,,punt,0,0,0,0
2024,15,BAL,NYG,3,4,6,54,0,3208,,base,,punt,0,0,0,0
2024,15,NYG,BAL,4,4,4,82,0,3119,,base,,punt,0,0,0,0
2024,15,NYG,BAL,6,4,1,30,-7,2631,11,nickel,8,run,0,0,0,0
2024,15,NYG,BAL,8,4,2,31,-14,2122,11,nickel,6,pass,2,1,0,0
2024,15,NYG,BAL,11,4,5,44,-14,1546,,base,,punt,0,0,0,0
2024,15,NYG,BAL,13,4,3,21,-21,956,11,nickel,5,penalty,16,1,0,0
2024,15,NYG,BAL,13,4,2,2,-21,900,11,nickel,7,pass,0,0,0,0
2024,15,NYG,BAL,15,4,1,61,-28,569,12,,10,run,2,1,0,0
2024,15,NYG,BAL,15,4,3,23,-28,401,11,nickel,6,pass,23,1,1,0
2024,15,BAL,NYG,16,4,6,68,21,241,,base,,punt,0,0,0,0
2024,15,NYG,BAL,17,4,4,85,-21,147,11,nickel,6,penalty,5,1,0,0
2024,15,DET,BUF,1,4,10,70,0,3555,heavy,base,,punt,0,0,0,0
2024,15,DET,BUF,3,4,18,67,-7,3175,heavy,base,,punt,0,0,0,0
2024,15,BUF,DET,6,4,2,51,7,2423,11,nickel,5,pass,31,1,0,0
2024,15,DET,BUF,7,4,4,46,-14,2155,11,nickel,6,pass,21,1,0,0
2024,15,BUF,DET,8,4,6,6,7,1907,,,,field_goal,0,0,0,0
2024,15,DET,BUF,9,4,10,34,-7,1842,,,,field_goal,0,0,0,0
2024,15,DET,BUF,12,4,15,75,-14,1589,heavy,base,,punt,0,0,0,0
2024,15,BUF,DET,13,4,5,55,14,1332,21,,,punt,0,0,0,0
2024,15,BUF,DET,17,4,7,32,14,846,,,,field_goal,0,0,0,0
2024,15,BUF,DET,21,4,23,23,10,126,,,,field_goal,0,0,0,0
2024,15,DET,BUF,22,4,5,65,-13,95,11,nickel,4,pass,6,1,0,0
2024,15,DET,BUF,22,4,10,36,-13,40,11,nickel,4,pass,23,1,0,0
2024,15,CHI,MIN,1,4,1,61,0,3482,heavy,base,6,run,0,0,0,0
2024,15,MIN,CHI,2,4,5,34,0,3429,,base,,field_goal,0,0,0,0
2024,15,CHI,MIN,5,4,7,57,-10,2840,,base,,punt,0,0,0,0
2024,15,MIN,CHI,6,4,3,23,10,2383,11,nickel,4,pass,0,0,0,1
2024,15,CHI,MIN,7,4,2,76,-10,2245,,base,,penalty,5,1,0,0
2024,15,CHI,MIN,7,4,1,29,-10,1959,heavy,base,6,run,0,0,0,0
2024,15,MIN,CHI,8,4,5,13,10,1808,,base,,field_goal,0,0,0,0
2024,15,MIN,CHI,10,4,20,80,13,1739,,nickel,,punt,0,0,0,0
2024,15,CHI,MIN,11,4,8,56,-13,1613,,base,,punt,0,0,0,0
2024,15,MIN,CHI,12,4,3,88,13,1549,,nickel,,punt,0,0,0,0
2024,15,CHI,MIN,13,4,11,11,-13,1325,,,,field_goal,0,0,0,0
2024,15,CHI,MIN,15,4,15,21,-17,784,,,,field_goal,0,0,0,0
2024,15,CHI,MIN,17,4,12,72,-21,495,,,,punt,0,0,0,0
2024,15,MIN,CHI,18,4,16,54,21,377,,nickel,,punt,0,0,0,0
2024,15,CHI,MIN,19,4,10,16,-21,324,11,nickel,5,pass,16,1,1,0
2024,15,MIN,CHI,20,4,6,28,15,76,,base,,field_goal,0,0,0,0
2024,15,CIN,TEN,11,4,3,3,7,1806,,base,,field_goal,0,0,0,0
2024,15,TEN,CIN,13,4,25,85,-10,1647,12,nickel,,punt,0,0,0,0
2024,15,CIN,TEN,18,4,10,49,17,636,12,nickel,,punt,0,0,0,0
2024,15,DAL,CAR,1,4,19,69,0,3379,,,,punt,0,0,0,0
2024,15,DAL,CAR,3,4,9,85,0,2806,,,,punt,0,0,0,0
2024,15,CAR,DAL,4,4,10,82,0,2700,,base,,punt,0,0,0,0
2024,15,DAL,CAR,7,4,9,34,7,2049,,base,,field_goal,0,0,0,0
2024,15,CAR,DAL,8,4,14,73,-10,1968,,base,,punt,0,0,0,0
2024,15,CAR,DAL,14,4,4,64,-10,1531,,base,,punt,0,0,0,0
2024,15,CAR,DAL,16,4,21,80,-17,1186,,base,,punt,0,0,0,0
2024,15,DAL,CAR,17,4,17,27,17,856,,base,,field_goal,0,0,0,0
2024,15,CAR,DAL,18,4,7,52,-20,721,11,nickel,6,pass,18,1,0,0
2024,15,CAR,DAL,18,4,14,25,-20,574,11,dime,5,penalty,20,1,0,0
2024,15,DAL,CAR,19,4,2,23,13,372,,base,,field_goal,0,0,0,0
2024,15,SEA,GB,2,4,13,63,-7,3110,12,,,punt,0,0,0,0
2024,15,SEA,GB,4,4,8,30,-14,2583,,base,,field_goal,0,0,0,0
2024,15,GB,SEA,5,4,6,20,11,2365,,base,,field_goal,0,0,0,0
2024,15,SEA,GB,8,4,17,43,-17,1532,12,,,punt,0,0,0,0
2024,15,GB,SEA,9,4,4,87,17,1375,,,,punt,0,0,0,0
2024,15,SEA,GB,10,4,12,26,-17,1285,,base,,field_goal,0,0,0,0
2024,15,GB,SEA,11,4,1,5,14,999,,base,,field_goal,0,0,0,0
2024,15,SEA,GB,12,4,16,80,-17,900,12,,,punt,0,0,0,0
2024,15,GB,SEA,13,4,8,55,17,807,,,,punt,0,0,0,0
2024,15,SEA,GB,14,4,10,96,-17,787,12,,,punt,0,0,0,0
2024,15,GB,SEA,17,4,6,62,10,616,,,,punt,0,0,0,0
2024,15,SEA,GB,18,4,5,63,-10,581,12,,,punt,0,0,0,0
2024,15,GB,SEA,19,4,2,39,10,355,11,nickel,6,run,0,0,0,0
2024,15,SEA,GB,22,4,14,69,-17,207,12,,,punt,0,0,0,0
2024,15,GB,SEA,23,4,2,76,17,114,,,,punt,0,0,0,0
2024,15,IND,DEN,3,4,1,39,7,2931,11,nickel,6,run,5,1,0,0
2024,15,IND,DEN,3,4,5,18,7,2693,,,,field_goal,0,0,0,0
2024,15,DEN,IND,4,4,15,65,-10,2511,,base,,punt,0,0,0,0
2024,15,IND,DEN,5,4,7,93,10,2408,heavy,base,,punt,0,0,0,0
2024,15,DEN,IND,8,4,5,57,-3,1989,,base,,punt,0,0,0,0
2024,15,IND,DEN,9,4,6,82,3,1968,heavy,base,,punt,0,0,0,0
2024,15,DEN,IND,10,4,7,69,-3,1912,,base,,punt,0,0,0,0
2024,15,IND,DEN,11,4,15,32,3,1810,,,,field_goal,0,0,0,0
2024,15,DEN,IND,15,4,4,62,-6,1529,,base,,punt,0,0,0,0
2024,15,IND,DEN,16,4,15,87,6,1404,heavy,base,,punt,0,0,0,0
2024,15,DEN,IND,19,4,5,26,-6,1222,,,,field_goal,0,0,0,0
2024,15,IND,DEN,20,4,15,75,3,1137,12,base,,punt,0,0,0,0
2024,15,DEN,IND,21,4,11,42,-3,973,,base,,punt,0,0,0,0
2024,15,IND,DEN,22,4,8,78,3,860,12,base,,punt,0,0,0,0
2024,15,IND,DEN,25,4,6,45,-11,614,11,nickel,6,pass,0,0,0,0
2024,15,DEN,IND,26,4,4,49,11,527,,base,,punt,0,0,0,0
2024,15,DEN,IND,28,4,4,29,11,371,,base,,penalty,5,1,0,0
2024,15,IND,DEN,29,4,1,27,-18,171,11,nickel,6,run,3,1,0,0
2024,15,IND,DEN,29,4,6,20,-18,120,11,dime,7,pass,0,0,0,0
2024,15,KC,CLE,1,4,3,63,0,3526,,base,,punt,0,0,0,1
2024,15,CLE,KC,3,4,7,52,-7,3173,11,base,,punt,0,0,0,0
2024,15,KC,CLE,4,4,4,58,7,3050,,base,,punt,0,0,0,0
2024,15,KC,CLE,6,4,1,71,7,2718,,base,,punt,0,0,0,0
2024,15,CLE,KC,7,4,10,70,-7,2648,11,base,,punt,0,0,0,0
2024,15,KC,CLE,8,4,6,73,7,2596,,base,,punt,0,0,0,0
2024,15,CLE,KC,9,4,4,61,-7,2509,11,base,,punt,0,0,0,0
2024,15,CLE,KC,11,4,1,40,-14,2008,11,nickel,6,pass,0,0,0,0
2024,15,KC,CLE,12,4,2,11,14,1824,,base,,field_goal,0,0,0,0
2024,15,KC,CLE,17,4,10,44,21,1613,,base,,punt,0,0,0,0
2024,15,CLE,KC,18,4,15,49,-21,1319,11,base,,punt,0,0,0,0
2024,15,KC,CLE,19,4,12,81,21,1161,,base,,punt,0,0,0,0
2024,15,KC,CLE,21,4,10,70,14,1081,,base,,punt,0,0,0,0
2024,15,CLE,KC,22,4,30,78,-14,934,11,base,5,punt,0,0,0,0
2024,15,KC,CLE,23,4,10,74,14,905,,base,,punt,0,0,0,0
2024,15,KC,CLE,25,4,3,39,14,481,12,dime,6,pass,0,0,0,0
2024,15,CLE,KC,26,4,16,56,-14,330,11,base,,punt,0,0,0,0
2024,15,KC,CLE,27,4,3,61,14,210,,base,,punt,0,0,0,0
2024,15,SF,LA,1,4,9,69,0,3550,heavy,base,,punt,0,0,0,0
2024,15,LA,SF,2,4,14,75,0,3479,21,,,punt,0,0,0,0
2024,15,SF,LA,3,4,4,35,0,3306,,base,,field_goal,0,0,0,0
2024,15,LA,SF,4,4,3,59,-3,3212,12,,,punt,0,0,0,0
2024,15,SF,LA,5,4,4,75,3,3121,heavy,base,,punt,0,0,0,0
2024,15,LA,SF,6,4,3,73,-3,3016,21,,,punt,0,0,0,0
2024,15,SF,LA,7,4,10,54,3,2827,heavy,base,,punt,0,0,0,0
2024,15,LA,SF,8,4,7,81,-3,2783,21,,,punt,0,0,0,0
2024,15,SF,LA,9,4,9,50,3,2626,heavy,base,,punt,0,0,0,0
2024,15,LA,SF,10,4,5,59,-3,2275,12,base,,punt,0,0,0,0
2024,15,SF,LA,11,4,15,83,3,2103,heavy,base,,punt,0,0,0,0
2024,15,LA,SF,12,4,2,30,-3,1870,,base,,field_goal,0,0,0,0
2024,15,SF,LA,13,4,4,64,0,1836,heavy,base,,punt,0,0,0,0
2024,15,LA,SF,15,4,5,71,0,1701,12,,,punt,0,0,0,0
2024,15,SF,LA,16,4,10,29,0,1408,,base,,field_goal,0,0,0,0
2024,15,LA,SF,17,4,1,37,-3,1206,11,nickel,7,run,2,1,0,0
2024,15,LA,SF,17,4,4,5,-3,821,,base,,field_goal,0,0,0,0
2024,15,SF,LA,18,4,4,74,0,754,heavy,base,,punt,0,0,0,0
2024,15,LA,SF,19,4,2,8,0,571,,base,,field_goal,0,0,0,0
2024,15,LA,SF,21,4,3,11,3,20,,base,,field_goal,0,0,0,0
2024,15,MIA,HOU,1,4,10,63,0,3393,,base,,punt,0,0,0,0
2024,15,HOU,MIA,2,4,2,26,0,3132,,base,,field_goal,0,0,0,0
2024,15,MIA,HOU,3,4,2,74,-3,3070,,base,,punt,0,0,0,0
2024,15,HOU,MIA,4,4,16,68,3,2962,,base,,punt,0,0,0,0
2024,15,MIA,HOU,5,4,17,37,-3,2500,,,,field_goal,0,0,0,0
2024,15,HOU,MIA,6,4,15,75,0,2418,,base,,punt,0,0,0,0
2024,15,MIA,HOU,9,4,7,18,-7,1920,,,,field_goal,0,0,0,0
2024,15,HOU,MIA,13,4,2,44,7,1637,,base,8,penalty,5,1,0,0
2024,15,MIA,HOU,14,4,2,7,-14,1177,11,nickel,6,pass,7,1,1,0
2024,15,HOU,MIA,15,4,9,69,8,1042,,base,,punt,0,0,0,0
2024,15,MIA,HOU,16,4,4,34,-8,764,11,dime,5,pass,9,1,0,0
2024,15,HOU,MIA,17,4,8,56,8,266,,base,,punt,0,0,0,0
2024,15,MIA,HOU,18,4,19,87,-8,182,,base,,punt,0,0,0,0
2024,15,HOU,MIA,19,4,15,74,8,116,,base,,punt,0,0,0,0
2024,15,NE,ARI,1,4,6,34,0,3344,,base,,field_goal,0,0,0,0
2024,15,ARI,NE,2,4,2,31,0,3138,,base,,field_goal,0,0,0,0
2024,15,NE,ARI,3,4,8,68,-3,3009,,base,,punt,0,0,0,0
2024,15,NE,ARI,5,4,8,68,-10,2671,,base,,punt,0,0,0,0
2024,15,ARI,NE,6,4,6,54,10,2380,11,dime,,punt,0,0,0,0
2024,15,NE,ARI,7,4,1,56,-10,2173,12,base,7,run,2,1,0,0
2024,15,NE,ARI,7,4,8,32,-10,1926,,base,,field_goal,0,0,0,0
2024,15,ARI,NE,8,4,6,17,7,1820,,base,,field_goal,0,0,0,0
2024,15,ARI,NE,10,4,5,21,10,1452,,base,,field_goal,0,0,0,0
2024,15,NE,ARI,11,4,1,4,-13,1199,12,,8,run,0,0,0,0
2024,15,ARI,NE,12,4,3,70,13,1018,11,nickel,,punt,0,0,0,0
2024,15,NYJ,JAX,2,4,5,65,-7,3130,12,,8,run,21,1,0,0
2024,15,NYJ,JAX,4,4,9,44,0,2635,12,,,punt,0,0,0,0
2024,15,JAX,NYJ,5,4,10,10,0,1964,,base,,field_goal,0,0,0,0
2024,15,NYJ,JAX,6,4,8,78,-3,1910,12,,,punt,0,0,0,0
2024,15,NYJ,JAX,8,4,23,25,-6,1532,,base,,field_goal,0,0,0,0
2024,15,JAX,NYJ,9,4,10,25,3,1389,,base,,field_goal,0,0,0,0
2024,15,JAX,NYJ,11,4,1,71,-1,1089,,nickel,,punt,0,0,0,0
2024,15,NYJ,JAX,12,4,6,68,1,900,12,,,punt,0,0,0,0
2024,15,NYJ,JAX,14,4,6,30,-5,472,,base,,field_goal,0,0,0,0
2024,15,JAX,NYJ,15,4,5,46,5,272,,base,,punt,0,0,0,0
2024,15,JAX,NYJ,17,4,5,25,-3,116,,base,,field_goal,0,0,0,0
2024,15,PIT,PHI,1,4,7,66,0,3517,,nickel,,punt,0,0,0,0
2024,15,PHI,PIT,2,4,6,16,0,3300,,base,,field_goal,0,0,0,0
2024,15,PIT,PHI,3,4,8,66,-3,3208,,nickel,,punt,0,0,0,0
2024,15,PIT,PHI,5,4,21,56,-3,2965,,nickel,,punt,0,0,0,1
2024,15,PIT,PHI,6,4,18,19,-3,2926,,base,,field_goal,0,0,0,0
2024,15,PIT,PHI,8,4,15,75,-7,2632,,nickel,,punt,0,0,0,0
2024,15,PHI,PIT,11,4,24,84,7,1889,11,base,,punt,0,0,0,0
2024,15,PIT,PHI,12,4,8,31,-7,1842,,base,,field_goal,0,0,0,0
2024,15,PHI,PIT,14,4,2,30,4,1485,,base,,penalty,15,1,0,0
2024,15,PHI,PIT,14,4,18,23,4,1375,,base,,field_goal,0,0,0,0
2024,15,PIT,PHI,17,4,7,46,-14,640,,dime,,punt,0,0,0,0
2024,15,PHI,PIT,18,4,1,30,14,244,12,,10,run,2,1,0,0
2024,15,TB,LAC,3,4,3,3,0,2624,,,,field_goal,0,0,0,0
2024,15,LAC,TB,4,4,19,23,-3,2331,,base,,field_goal,0,0,0,0
2024,15,LAC,TB,8,4,6,42,7,2023,12,base,,punt,0,0,0,0
2024,15,TB,LAC,9,4,7,19,-7,1837,,,,field_goal,0,0,0,0
2024,15,LAC,TB,11,4,4,64,4,1711,12,nickel,,punt,0,0,0,0
2024,15,LAC,TB,13,4,6,57,-3,1382,12,base,,punt,0,0,0,0
2024,15,TB,LAC,14,4,18,24,3,1210,,,,field_goal,0,0,0,0
2024,15,LAC,TB,17,4,6,34,-13,821,11,nickel,7,pass,0,0,0,0
2024,15,LAC,TB,19,4,7,49,-20,375,11,nickel,5,pass,4,0,0,0
2024,15,TB,LAC,20,4,7,25,20,175,,,,field_goal,0,0,0,0
2024,15,TB,LAC,22,4,3,30,23,31,heavy,base,6,run,4,1,0,0
2024,15,NO,WAS,1,4,24,80,0,3437,,dime,,punt,0,0,0,0
2024,15,WAS,NO,2,4,4,26,0,3177,,base,,penalty,13,1,0,0
2024,15,NO,WAS,3,4,15,49,-7,2814,,dime,,punt,0,0,0,0
2024,15,WAS,NO,4,4,23,76,7,2536,,base,,punt,0,0,0,0
2024,15,NO,WAS,7,4,14,74,-14,2028,,dime,,punt,0,0,0,0
2024,15,WAS,NO,8,4,24,74,14,1901,,nickel,,punt,0,0,0,0
2024,15,NO,WAS,9,4,10,54,-14,1860,,dime,,punt,0,0,0,0
2024,15,WAS,NO,11,4,5,5,14,1395,,base,,field_goal,0,0,0,0
2024,15,WAS,NO,13,4,9,23,10,900,,base,,field_goal,0,0,0,0
2024,15,NO,WAS,14,4,16,23,-13,673,,base,,field_goal,0,0,0,0
2024,15,WAS,NO,15,4,11,53,10,499,,base,,punt,0,0,0,0
2024,15,NO,WAS,16,4,10,33,-10,422,,base,,field_goal,0,0,0,0
2024,15,WAS,NO,17,4,1,55,7,340,12,,8,run,1,1,0,0
2024,15,WAS,NO,17,4,16,36,7,120,,base,,field_goal,0,0,0,0
2024,15,NO,WAS,18,4,3,8,-7,17,12,nickel,6,pass,7,1,0,0
2024,16,ARI,CAR,1,4,4,54,0,3485,11,base,,punt,0,0,0,0
2024,16,CAR,ARI,2,4,1,21,0,3228,12,nickel,7,run,7,1,0,0
2024,16,CAR,ARI,2,4,1,5,0,3090,12,base,7,run,1,1,0,0
2024,16,ARI,CAR,3,4,10,30,-7,2681,,base,,field_goal,0,0,0,0
2024,16,CAR,ARI,8,4,5,75,10,2067,,base,,punt,0,0,0,0
2024,16,CAR,ARI,11,4,4,11,3,1474,,base,,field_goal,0,0,0,0
2024,16,ARI,CAR,12,4,7,12,-6,1203,,base,,field_goal,0,0,0,0
2024,16,CAR,ARI,13,4,7,43,3,969,,base,,punt,0,0,0,0
2024,16,ARI,CAR,14,4,7,77,-3,912,11,base,,punt,0,0,0,0
2024,16,CAR,ARI,17,4,15,75,3,300,,,,punt,0,0,0,0
2024,16,CAR,ARI,19,4,8,56,3,117,,,,punt,0,0,0,0
2024,16,CAR,ARI,21,4,7,67,0,473,,,,punt,0,0,0,0
2024,16,ARI,CAR,22,4,2,82,0,408,12,base,7,run,4,1,0,0
2024,16,ARI,CAR,22,4,28,96,0,262,11,base,,punt,0,0,0,0
2024,16,CLE,CIN,3,4,8,71,-7,3043,11,nickel,,punt,0,0,0,0
2024,16,CIN,CLE,4,4,3,28,7,2782,,base,,field_goal,0,0,0,0
2024,16,CLE,CIN,5,4,11,64,-7,2697,11,nickel,,punt,0,0,0,0
2024,16,CIN,CLE,6,4,2,66,7,2600,12,base,,punt,0,0,0,0
2024,16,CLE,CIN,7,4,16,83,-7,2505,11,nickel,,punt,0,0,0,0
2024,16,CLE,CIN,9,4,9,66,-14,2042,11,nickel,,punt,0,0,0,0
2024,16,CIN,CLE,10,4,14,41,14,1803,,base,,field_goal,0,0,0,0
2024,16,CIN,CLE,11,4,9,63,17,1580,12,base,,punt,0,0,0,0
2024,16,CIN,CLE,13,4,16,80,11,1168,12,base,,punt,0,0,0,0
2024,16,CIN,CLE,15,4,1,71,11,686,12,base,,punt,0,0,0,0
2024,16,CLE,CIN,18,4,8,59,-11,180,11,dime,4,pass,12,1,0,0
2024,16,CLE,CIN,18,4,27,64,-11,120,11,nickel,4,pass,0,0,0,0
2024,16,CLE,CIN,20,4,16,57,-18,26,11,nickel,4,pass,0,0,0,0
2024,16,LAC,DEN,1,4,6,66,0,3517,12,nickel,,punt,0,0,0,0
2024,16,LAC,DEN,5,4,3,19,-7,2333,,,,field_goal,0,0,0,0
2024,16,LAC,DEN,7,4,3,63,-11,2107,12,base,,punt,0,0,0,0
2024,16,DEN,LAC,8,4,6,59,11,1965,,base,,punt,0,0,0,0
2024,16,DEN,LAC,10,4,12,84,11,1808,,base,,punt,0,0,0,0
2024,16,DEN,LAC,12,4,2,35,8,1547,11,nickel,6,pass,5,1,0,0
2024,16,DEN,LAC,12,4,3,23,8,1414,,,,field_goal,0,0,0,0
2024,16,DEN,LAC,14,4,7,67,5,953,,base,,punt,0,0,0,0
2024,16,DEN,LAC,16,4,8,50,-3,595,,base,,punt,0,0,0,0
2024,16,LAC,DEN,17,4,20,91,3,409,12,nickel,,punt,0,0,0,0
2024,16,DEN,LAC,18,4,6,51,-3,275,,base,,punt,0,0,0,0
2024,16,DEN,LAC,20,4,3,52,-10,86,11,dime,6,pass,4,1,0,0
2024,16,LAC,DEN,21,4,32,68,7,4,12,dime,5,pass,0,0,0,0
2024,16,CHI,DET,1,4,9,73,0,3540,,base,,punt,0,0,0,0
2024,16,DET,CHI,2,4,3,12,0,3279,,base,,field_goal,0,0,0,0
2024,16,DET,CHI,6,4,6,16,10,2706,,base,,field_goal,0,0,0,0
2024,16,CHI,DET,7,4,10,49,-13,2619,,base,,punt,0,0,0,0
2024,16,CHI,DET,9,4,3,31,-20,2358,11,nickel,5,pass,13,1,0,0
2024,16,DET,CHI,10,4,1,25,13,1922,11,nickel,,penalty,5,1,0,0
2024,16,CHI,DET,14,4,1,45,-20,1449,11,nickel,5,pass,30,1,0,0
2024,16,CHI,DET,14,4,7,12,-20,1267,,,,field_goal,0,0,0,0
2024,16,DET,CHI,15,4,3,13,17,894,11,nickel,6,pass,0,0,0,0
2024,16,CHI,DET,16,4,7,69,-17,719,11,nickel,6,pass,10,1,0,0
2024,16,CHI,DET,16,4,25,42,-17,501,,base,,punt,0,0,0,0
2024,16,DET,CHI,17,4,6,73,17,345,21,nickel,,punt,0,0,0,0
2024,16,CHI,DET,18,4,4,11,-17,156,11,nickel,6,pass,0,0,0,0
2024,16,KC,HOU,2,4,1,29,0,3180,11,nickel,6,pass,12,1,0,0
2024,16,HOU,KC,3,4,10,15,-7,2892,,,,field_goal,0,0,0,0
2024,16,KC,HOU,4,4,13,67,4,2782,12,base,,punt,0,0,0,0
2024,16,KC,HOU,8,4,12,26,4,1824,,,,field_goal,0,0,0,0
2024,16,KC,HOU,10,4,10,79,7,1706,12,base,,punt,0,0,0,0
2024,16,KC,HOU,12,4,1,51,1,1497,11,nickel,6,run,0,0,0,0
2024,16,HOU,KC,13,4,9,48,-1,1414,,base,,punt,0,0,0,0
2024,16,HOU,KC,15,4,20,20,-8,716,,base,,field_goal,0,0,0,0
2024,16,KC,HOU,16,4,5,9,5,322,,,,field_goal,0,0,0,0
2024,16,HOU,KC,17,4,23,87,-8,231,,base,,punt,0,0,0,0
2024,16,JAX,LV,1,4,1,61,0,3517,heavy,base,9,run,10,1,0,0
2024,16,JAX,LV,1,4,7,48,0,3413,,,,punt,0,0,0,0
2024,16,LV,JAX,2,4,22,77,0,3252,,,,punt,0,0,0,0
2024,16,JAX,LV,3,4,10,45,0,3133,,base,,punt,0,0,0,0
2024,16,LV,JAX,4,4,20,84,0,2959,,,,punt,0,0,0,0
2024,16,JAX,LV,7,4,11,71,0,2570,,base,,punt,0,0,0,0
2024,16,LV,JAX,8,4,6,31,0,2433,,base,,field_goal,0,0,0,0
2024,16,JAX,LV,9,4,13,73,-3,2354,,base,,punt,0,0,0,0
2024,16,LV,JAX,10,4,5,19,3,2040,,base,,field_goal,0,0,0,0
2024,16,LV,JAX,12,4,6,41,6,1972,,nickel,,punt,0,0,0,0
2024,16,LV,JAX,15,4,5,65,6,1747,,,,punt,0,0,0,0
2024,16,JAX,LV,16,4,16,56,-6,1424,,base,,punt,0,0,0,0
2024,16,LV,JAX,17,4,14,69,6,1220,,,,punt,0,0,0,0
2024,16,JAX,LV,18,4,17,87,-6,1114,,base,,punt,0,0,0,0
2024,16,LV,JAX,19,4,5,28,6,1042,,base,,field_goal,0,0,0,0
2024,16,JAX,LV,22,4,4,64,-5,567,,base,,punt,0,0,0,0
2024,16,LV,JAX,23,4,10,48,5,172,,,,punt,0,0,0,0
2024,16,JAX,LV,24,4,11,62,-5,60,11,dime,5,pass,8,0,0,0
2024,16,LA,NYJ,1,4,7,37,0,3235,heavy,base,,punt,0,0,0,0
2024,16,NYJ,LA,2,4,2,20,0,2810,11,dime,5,pass,8,1,0,0
2024,16,NYJ,LA,4,4,1,67,6,2281,11,nickel,7,run,0,0,0,0
2024,16,NYJ,LA,6,4,3,34,0,1874,11,dime,6,pass,11,1,0,0
2024,16,NYJ,LA,6,4,3,3,0,1803,,base,,field_goal,0,0,0,0
2024,16,NYJ,LA,7,4,4,13,3,1219,11,dime,6,pass,0,0,0,0
2024,16,LA,NYJ,8,4,13,20,-3,767,,base,,field_goal,0,0,0,0
2024,16,NYJ,LA,11,4,4,53,-7,507,11,dime,6,pass,0,0,0,0
2024,16,LA,NYJ,12,4,18,27,7,322,,base,,field_goal,0,0,0,0
2024,16,NYJ,LA,13,4,9,31,-10,122,,base,,field_goal,0,0,0,0
2024,16,LA,NYJ,14,4,5,56,10,104,heavy,base,,punt,0,0,0,1
2024,16,MIN,SEA,1,4,3,40,0,3436,11,dime,5,pass,8,1,0,0
2024,16,SEA,MIN,2,4,7,65,-7,3076,21,,,punt,0,0,0,0
2024,16,MIN,SEA,3,4,5,60,7,2866,,base,,punt,0,0,0,0
2024,16,MIN,SEA,5,4,16,76,0,2533,,base,,punt,0,0,0,0
2024,16,SEA,MIN,6,4,1,79,0,2437,21,,,punt,0,0,0,0
2024,16,MIN,SEA,9,4,13,34,7,2018,,base,,field_goal,0,0,0,0
2024,16,SEA,MIN,10,4,8,79,-10,1924,21,base,,punt,0,0,0,0
2024,16,MIN,SEA,11,4,3,64,10,1897,,base,,punt,0,0,0,0
2024,16,SEA,MIN,14,4,8,25,-3,1541,,,,field_goal,0,0,0,0
2024,16,MIN,SEA,15,4,7,30,0,1289,,base,,field_goal,0,0,0,0
2024,16,SEA,MIN,16,4,7,67,-3,1192,21,base,,punt,0,0,0,0
2024,16,MIN,SEA,17,4,9,46,3,1025,,,,punt,0,0,0,0
2024,16,SEA,MIN,18,4,1,54,-3,895,21,,8,run,2,1,0,0
2024,16,SEA,MIN,18,4,17,59,-3,750,21,base,,punt,0,0,0,0
2024,16,MIN,SEA,19,4,3,73,3,651,,,,punt,0,0,0,0
2024,16,SEA,MIN,22,4,15,42,-3,120,,,,field_goal,0,0,0,0
2024,16,MIN,SEA,23,4,15,55,3,61,,base,,punt,0,0,0,0
2024,16,BUF,NE,2,4,10,57,-7,3263,11,nickel,,punt,0,0,0,0
2024,16,NE,BUF,5,4,1,64,7,2468,,,,punt,0,0,0,0
2024,16,NE,BUF,7,4,1,77,7,2039,,,8,run,2,1,0,0
2024,16,NE,BUF,7,4,1,66,7,1920,,nickel,,punt,0,0,0,0
2024,16,BUF,NE,8,4,10,56,-7,1822,11,nickel,,punt,0,0,0,0
2024,16,BUF,NE,12,4,12,32,0,1267,,,,field_goal,0,0,0,0
2024,16,BUF,NE,14,4,9,40,3,667,11,base,,punt,0,0,0,0
2024,16,NE,BUF,16,4,5,54,-10,513,,,,punt,0,0,0,0
2024,16,BUF,NE,17,4,7,62,10,275,11,nickel,,punt,0,0,0,0
2024,16,NE,BUF,18,4,1,55,-10,184,11,nickel,7,run,13,1,0,0
2024,16,BUF,NE,19,4,1,27,3,10,,,7,run,2,1,0,0
2024,16,NO,GB,2,4,12,45,-7,3044,,,,punt,0,0,0,0
2024,16,GB,NO,3,4,1,45,7,2700,12,base,8,run,2,1,0,0
2024,16,GB,NO,3,4,2,35,7,2575,12,base,6,pass,21,1,0,0
2024,16,NO,GB,4,4,10,70,-14,2372,,,,punt,0,0,0,0
2024,16,GB,NO,7,4,4,60,21,1917,,base,,punt,0,0,0,0
2024,16,NO,GB,9,4,7,64,-21,1640,,,,punt,0,0,0,0
2024,16,GB,NO,10,4,6,37,21,1328,,,,field_goal,0,0,0,0
2024,16,GB,NO,12,4,25,67,24,795,,base,,punt,0,0,0,0
2024,16,NO,GB,13,4,8,53,-24,717,,,,punt,0,0,0,0
2024,16,GB,NO,14,4,4,28,24,437,,base,,field_goal,0,0,0,0
2024,16,NO,GB,15,4,7,67,-27,352,11,nickel,6,pass,0,0,0,0
2024,16,GB,NO,16,4,2,40,27,253,11,nickel,6,pass,34,1,0,0
2024,16,NO,GB,17,4,6,51,-34,78,12,nickel,5,pass,0,0,0,0
2024,16,ATL,NYG,1,4,2,25,0,3408,,,,field_goal,0,0,0,0
2024,16,NYG,ATL,2,4,4,61,0,3352,,base,,punt,0,0,0,0
2024,16,ATL,NYG,3,4,4,70,0,3195,21,,,punt,0,0,0,0
2024,16,ATL,NYG,5,4,9,34,-7,2441,,,,field_goal,0,0,0,0
2024,16,NYG,ATL,7,4,11,60,-3,2116,,base,,punt,0,0,0,0
2024,16,NYG,ATL,13,4,6,66,-17,1722,,base,,punt,0,0,0,0
2024,16,NYG,ATL,15,4,4,64,-24,1258,,,,punt,0,0,0,0
2024,16,ATL,NYG,16,4,7,18,24,650,,,,field_goal,0,0,0,0
2024,16,NYG,ATL,17,4,16,60,-27,452,,base,,punt,0,0,0,0
2024,16,ATL,NYG,18,4,2,53,27,334,21,,,punt,0,0,0,0
2024,16,NYG,ATL,19,4,21,21,-27,82,11,dime,3,pass,0,0,0,0
2024,16,WAS,PHI,1,4,1,51,0,3555,12,base,7,run,0,0,0,0
2024,16,WAS,PHI,5,4,11,79,-14,3024,,nickel,,punt,0,0,0,0
2024,16,PHI,WAS,10,4,8,43,14,2436,,base,,punt,0,0,0,0
2024,16,WAS,PHI,11,4,4,39,-14,2291,12,nickel,5,run,5,1,0,0
2024,16,PHI,WAS,12,4,1,66,7,2101,,dime,,punt,0,0,0,0
2024,16,WAS,PHI,13,4,4,70,-7,1994,,dime,,punt,0,0,0,0
2024,16,PHI,WAS,14,4,1,64,7,1920,,nickel,,punt,0,0,0,0
2024,16,PHI,WAS,16,4,4,43,7,1811,11,nickel,6,pass,5,1,0,0
2024,16,PHI,WAS,17,4,5,6,7,1602,,base,,field_goal,0,0,0,0
2024,16,PHI,WAS,19,4,19,22,10,1094,,base,,field_goal,0,0,0,0
2024,16,WAS,PHI,20,4,11,41,-13,919,11,nickel,4,run,29,1,0,0
2024,16,PHI,WAS,21,4,8,56,6,677,,dime,,punt,0,0,0,0
2024,16,PHI,WAS,23,4,1,57,-1,459,11,nickel,6,pass,4,1,0,0
2024,16,PHI,WAS,23,4,7,50,-1,370,11,nickel,6,pass,15,1,0,0
2024,16,PHI,WAS,23,4,7,32,-1,233,,base,,field_goal,0,0,0,0
2024,16,PHI,WAS,25,4,5,22,2,122,,base,,field_goal,0,0,0,0
2024,16,BAL,PIT,1,4,19,42,0,3361,,base,,punt,0,0,0,0
2024,16,PIT,BAL,2,4,2,89,0,3257,,nickel,,punt,0,0,0,0
2024,16,BAL,PIT,5,4,11,58,0,2618,,nickel,,punt,0,0,0,0
2024,16,PIT,BAL,8,4,10,70,-7,2163,,nickel,,punt,0,0,0,0
2024,16,BAL,PIT,9,4,8,33,7,1908,,base,,field_goal,0,0,0,0
2024,16,PIT,BAL,11,4,4,64,-7,1738,,nickel,,punt,0,0,0,0
2024,16,BAL,PIT,12,4,2,62,7,1499,,base,,punt,0,0,0,0
2024,16,PIT,BAL,15,4,6,45,-7,900,11,nickel,6,pass,0,0,0,0
2024,16,PIT,BAL,18,4,12,50,-14,566,,nickel,,punt,0,0,0,0
2024,16,BAL,PIT,19,4,1,6,14,194,,base,,field_goal,0,0,0,0
2024,16,PIT,BAL,20,4,13,63,-17,112,,nickel,,punt,0,0,0,0
2024,16,SF,MIA,1,4,1,61,0,3518,,base,,punt,0,0,0,0
2024,16,MIA,SF,2,4,9,78,0,3347,,,,punt,0,0,0,0
2024,16,SF,MIA,3,4,17,68,0,3160,,base,,punt,0,0,0,0
2024,16,MIA,SF,4,4,9,26,0,2914,,base,,field_goal,0,0,0,0
2024,16,SF,MIA,5,4,1,40,-3,2803,11,nickel,6,penalty,5,1,0,0
2024,16,MIA,SF,6,4,13,20,-4,2384,,base,,field_goal,0,0,0,0
2024,16,SF,MIA,7,4,19,79,1,2283,,base,,punt,0,0,0,0
2024,16,SF,MIA,9,4,3,3,-6,1850,,base,,field_goal,0,0,0,0
2024,16,MIA,SF,11,4,6,36,3,1561,,base,,field_goal,0,0,0,0
2024,16,SF,MIA,12,4,13,23,-6,1256,,base,,field_goal,0,0,0,0
2024,16,MIA,SF,13,4,1,15,6,971,,base,,field_goal,0,0,0,0
2024,16,MIA,SF,15,4,8,50,2,578,,base,,punt,0,0,0,0
2024,16,SF,MIA,16,4,3,63,-2,405,,base,,punt,0,0,0,0
2024,16,MIA,SF,17,4,5,30,2,133,,base,,field_goal,0,0,0,0
2024,16,SF,MIA,20,4,1,18,-12,13,11,nickel,7,pass,0,0,0,0
2024,16,DAL,TB,1,4,5,40,0,3250,,base,,field_goal,0,0,0,0
2024,16,TB,DAL,2,4,3,48,-3,3002,11,nickel,7,pass,0,0,0,0
2024,16,TB,DAL,4,4,1,61,-10,2778,12,,,punt,0,0,0,0
2024,16,DAL,TB,5,4,8,78,10,2695,,base,,punt,0,0,0,0
2024,16,DAL,TB,7,4,5,31,3,2360,,base,,field_goal,0,0,0,0
2024,16,TB,DAL,8,4,10,45,-6,2063,12,,,punt,0,0,0,0
2024,16,DAL,TB,11,4,15,40,6,1805,,base,,field_goal,0,0,0,0
2024,16,TB,DAL,12,4,40,56,-9,1459,11,base,,punt,0,0,0,0
2024,16,DAL,TB,13,4,6,35,9,1298,,base,,field_goal,0,0,0,0
2024,16,TB,DAL,14,4,8,27,-12,934,,base,,field_goal,0,0,0,0
2024,16,DAL,TB,15,4,13,57,9,707,,nickel,,punt,0,0,0,0
2024,16,TB,DAL,16,4,14,86,-9,559,12,base,,punt,0,0,0,0
2024,16,DAL,TB,17,4,6,48,9,458,,base,,punt,0,0,0,0
2024,16,DAL,TB,19,4,2,72,9,297,,nickel,,punt,0,0,0,0
2024,16,DAL,TB,21,4,2,62,2,112,,base,,punt,0,0,0,0
2024,16,TEN,IND,1,4,1,61,0,3478,12,base,,punt,0,0,0,0
2024,16,IND,TEN,2,4,3,76,0,3366,12,nickel,,punt,0,0,0,0
2024,16,IND,TEN,4,4,1,49,-7,3067,11,nickel,6,run,6,1,0,0
2024,16,TEN,IND,5,4,6,35,7,2656,,base,,field_goal,0,0,0,0
2024,16,TEN,IND,7,4,1,61,0,2383,12,base,,punt,0,0,0,0
2024,16,TEN,IND,9,4,7,54,-7,2189,12,,,punt,0,0,0,0
2024,16,IND,TEN,10,4,5,13,7,1933,,base,,field_goal,0,0,0,0
2024,16,TEN,IND,15,4,12,72,-24,1660,12,,,punt,0,0,0,0
2024,16,IND,TEN,16,4,2,70,24,1528,12,,,punt,0,0,0,0
2024,16,IND,TEN,20,4,7,37,23,636,,base,,field_goal,0,0,0,0
2024,16,IND,TEN,22,4,17,77,16,369,12,nickel,,punt,0,0,0,0
2024,16,IND,TEN,24,4,10,45,8,10,heavy,nickel,,punt,0,0,0,0
2024,17,LA,ARI,1,4,4,48,0,3502,heavy,base,,punt,0,0,0,0
2024,17,ARI,LA,2,4,1,78,0,3260,11,base,,punt,0,0,0,0
2024,17,LA,ARI,3,4,10,62,0,3143,heavy,base,,punt,0,0,0,0
2024,17,ARI,LA,4,4,30,80,0,2899,11,base,,punt,0,0,0,0
2024,17,LA,ARI,5,4,6,57,0,2775,heavy,base,,punt,0,0,0,0
2024,17,ARI,LA,6,4,1,14,0,2470,heavy,base,8,run,0,0,0,0
2024,17,LA,ARI,7,4,1,76,0,2375,heavy,base,,punt,0,0,0,0
2024,17,ARI,LA,8,4,16,79,0,2201,11,base,,punt,0,0,0,0
2024,17,ARI,LA,10,4,6,51,-7,1911,11,base,,punt,0,0,0,0
2024,17,LA,ARI,11,4,3,35,7,1832,,base,,field_goal,0,0,0,0
2024,17,LA,ARI,14,4,1,61,4,1289,heavy,,,punt,0,0,0,0
2024,17,ARI,LA,15,4,4,10,-4,844,,base,,field_goal,0,0,0,0
2024,17,LA,ARI,16,4,7,7,1,396,,base,,field_goal,0,0,0,0
2024,17,ARI,LA,17,4,10,40,-4,195,11,dime,6,pass,0,0,0,1
2024,17,LA,ARI,18,4,4,83,4,129,heavy,base,,punt,0,0,0,0
2024,17,WAS,ATL,2,4,2,7,0,3277,12,base,8,pass,7,1,1,0
2024,17,ATL,WAS,3,4,4,28,-7,3113,,base,,penalty,5,1,0,0
2024,17,WAS,ATL,4,4,11,71,0,2880,12,,,punt,0,0,0,0
2024,17,ATL,WAS,5,4,6,67,0,2759,21,nickel,,punt,0,0,0,0
2024,17,WAS,ATL,8,4,20,55,-7,1920,12,base,,punt,0,0,0,0
2024,17,ATL,WAS,9,4,7,21,7,1806,,base,,field_goal,0,0,0,0
2024,17,WAS,ATL,11,4,1,16,-10,1462,,base,6,run,4,1,0,0
2024,17,ATL,WAS,12,4,11,72,3,1213,21,nickel,,punt,0,0,0,0
2024,17,WAS,ATL,13,4,5,39,-3,1035,11,dime,5,pass,6,1,0,0
2024,17,ATL,WAS,14,4,16,55,-4,612,21,nickel,,punt,0,0,0,0
2024,17,WAS,ATL,15,4,12,12,4,275,,,,field_goal,0,0,0,0
2024,17,ATL,WAS,16,4,11,50,-7,154,11,dime,6,pass,31,1,0,0
2024,17,ATL,WAS,16,4,13,13,-7,83,11,dime,6,pass,13,1,1,0
2024,17,WAS,ATL,17,4,10,70,0,50,12,base,,punt,0,0,0,0
2024,17,HOU,BAL,2,4,15,59,-7,3080,11,base,,punt,0,0,0,0
2024,17,BAL,HOU,3,4,9,34,7,2871,,base,,field_goal,0,0,0,0
2024,17,HOU,BAL,4,4,10,54,-10,2818,11,base,,punt,0,0,0,0
2024,17,BAL,HOU,5,4,20,55,10,2611,,base,,punt,0,0,0,0
2024,17,HOU,BAL,6,4,20,73,-10,2427,11,base,,punt,0,0,0,0
2024,17,HOU,BAL,8,4,3,30,-8,2237,11,nickel,8,penalty,20,1,0,0
2024,17,HOU,BAL,8,4,4,4,-8,2139,11,nickel,6,pass,3,0,0,0
2024,17,HOU,BAL,10,4,2,43,-15,1878,11,,,punt,0,0,0,0
2024,17,BAL,HOU,11,4,10,52,15,1829,,base,,punt,0,0,0,0
2024,17,HOU,BAL,15,4,14,74,-22,1591,11,base,,punt,0,0,0,0
2024,17,HOU,BAL,17,4,7,19,-29,1035,11,dime,6,pass,6,0,0,0
2024,17,BAL,HOU,18,4,8,63,29,693,,base,,punt,0,0,0,0
2024,17,HOU,BAL,19,4,2,70,-29,637,11,,,punt,0,0,0,0
2024,17,BAL,HOU,20,4,14,50,29,212,,base,,punt,0,0,0,0
2024,17,TB,CAR,3,4,5,5,0,2776,,base,,field_goal,0,0,0,0
2024,17,CAR,TB,4,4,19,79,-3,2700,,base,,punt,0,0,0,0
2024,17,TB,CAR,5,4,8,16,3,2435,,base,,field_goal,0,0,0,0
2024,17,CAR,TB,6,4,10,70,-6,2416,,base,,punt,0,0,0,0
2024,17,CAR,TB,8,4,7,72,-13,2218,,base,,punt,0,0,0,0
2024,17,TB,CAR,11,4,3,76,13,1828,12,,,punt,0,0,0,0
2024,17,CAR,TB,13,4,16,58,-13,1611,,base,,punt,0,0,0,0
2024,17,CAR,TB,15,4,10,70,-20,1230,,base,,punt,0,0,1,0
2024,17,CAR,TB,16,4,12,61,-27,1123,,base,,punt,0,0,0,0
2024,17,CAR,TB,18,4,11,39,-34,459,11,nickel,5,pass,-9,0,0,0
2024,17,PHI,DAL,3,4,10,61,0,2977,,base,,punt,0,0,0,0
2024,17,DAL,PHI,4,4,2,83,0,2883,,dime,,punt,0,0,0,0
2024,17,PHI,DAL,5,4,1,54,0,2764,,,,punt,0,0,0,0
2024,17,DAL,PHI,6,4,1,59,0,2576,,nickel,,punt,0,0,0,0
2024,17,PHI,DAL,9,4,1,30,7,2095,11,nickel,8,run,2,1,0,0
2024,17,PHI,DAL,9,4,1,19,7,1995,11,nickel,8,penalty,5,1,0,0
2024,17,PHI,DAL,9,4,9,13,7,1918,,,,field_goal,0,0,0,0
2024,17,PHI,DAL,12,4,8,8,17,1387,,,,field_goal,0,0,0,0
2024,17,DAL,PHI,13,4,10,70,-20,1303,,dime,,punt,0,0,0,0
2024,17,DAL,PHI,17,4,15,43,-34,286,,nickel,,field_goal,0,0,0,0
2024,17,PHI,DAL,18,4,3,42,34,152,,base,,punt,0,0,0,0
2024,17,DAL,PHI,19,4,7,77,-34,69,,nickel,,punt,0,0,0,0
2024,17,DEN,CIN,1,4,2,12,0,3289,,base,,field_goal,0,0,0,0
2024,17,CIN,DEN,2,4,1,22,-3,2972,11,nickel,7,run,0,0,0,0
2024,17,DEN,CIN,3,4,6,63,3,2744,,nickel,,punt,0,0,0,0
2024,17,CIN,DEN,4,4,2,2,-3,2186,12,nickel,5,pass,-3,0,0,0
2024,17,DEN,CIN,5,4,1,86,3,2102,,nickel,,punt,0,0,0,0
2024,17,CIN,DEN,8,4,3,3,4,1451,,,,field_goal,0,0,0,0
2024,17,CIN,DEN,10,4,2,28,0,777,12,nickel,5,pass,11,1,0,0
2024,17,DEN,CIN,15,4,1,25,-7,14,,nickel,5,pass,25,1,1,0
2024,17,CIN,DEN,17,4,14,57,0,411,12,base,,punt,0,0,0,0
2024,17,DEN,CIN,18,4,6,86,0,316,,nickel,,punt,0,0,0,0
2024,17,DEN,CIN,20,4,8,75,0,149,,nickel,,punt,0,0,0,0
2024,17,SF,DET,1,4,1,5,0,3278,12,base,8,run,2,1,0,0
2024,17,DET,SF,6,4,3,8,-8,1878,11,nickel,6,pass,0,0,0,0
2024,17,SF,DET,7,4,5,33,8,1807,,,,field_goal,0,0,0,0
2024,17,DET,SF,11,4,16,39,-7,1171,,base,,field_goal,0,0,0,0
2024,17,DET,SF,13,4,4,4,-4,922,11,nickel,6,pass,4,1,1,0
2024,17,SF,DET,14,4,10,40,-3,810,,,,field_goal,0,0,0,0
2024,17,DET,SF,15,4,3,45,3,723,11,nickel,5,pass,19,1,0,0
2024,17,DET,SF,15,4,8,24,3,634,,base,,field_goal,0,0,0,0
2024,17,MIN,GB,2,4,7,45,0,3269,,,,punt,0,0,0,0
2024,17,GB,MIN,3,4,10,85,0,3247,,,,punt,0,0,0,0
2024,17,MIN,GB,4,4,3,39,0,3067,,,,field_goal,0,0,0,0
2024,17,GB,MIN,5,4,3,4,0,2810,,,,field_goal,0,0,0,0
2024,17,GB,MIN,7,4,2,23,-4,2253,11,nickel,6,pass,0,0,0,0
2024,17,MIN,GB,8,4,7,7,4,1939,,,,field_goal,0,0,0,0
2024,17,GB,MIN,9,4,5,65,-7,1886,11,,,punt,0,0,0,0
2024,17,GB,MIN,12,4,9,59,-17,1384,11,base,,punt,0,0,0,0
2024,17,GB,MIN,16,4,23,72,-17,808,11,,,punt,0,0,0,0
2024,17,MIN,GB,17,4,16,25,17,562,,,,field_goal,0,0,0,0
2024,17,MIN,GB,19,4,10,79,9,283,,,,punt,0,0,0,0
2024,17,NYG,IND,2,4,1,85,0,3275,,base,,punt,0,0,0,0
2024,17,IND,NYG,3,4,5,13,0,2928,,,,field_goal,0,0,0,0
2024,17,IND,NYG,5,4,3,35,-4,2624,,,,field_goal,0,0,0,0
2024,17,IND,NYG,7,4,9,11,-11,2369,,,,field_goal,0,0,0,0
2024,17,IND,NYG,9,4,5,8,-15,1867,11,nickel,7,pass,6,1,0,0
2024,17,NYG,IND,13,4,10,70,8,1439,,base,,punt,0,0,0,0
2024,17,IND,NYG,14,4,1,23,-8,1181,12,base,8,run,0,0,0,0
2024,17,NYG,IND,15,4,1,58,8,918,11,nickel,6,run,0,0,0,0
2024,17,IND,NYG,16,4,11,42,-8,884,12,,,punt,0,0,0,0
2024,17,NYG,IND,17,4,6,86,8,832,,base,,punt,0,0,0,0
2024,17,NYG,IND,23,4,5,12,9,144,,base,,field_goal,0,0,0,0
2024,17,PIT,KC,1,4,13,73,0,3510,,base,,punt,0,0,0,0
2024,17,KC,PIT,2,4,1,33,0,3385,11,nickel,7,run,4,1,0,0
2024,17,PIT,KC,3,4,18,73,-6,3105,,base,,punt,0,0,0,0
2024,17,KC,PIT,6,4,2,72,13,2748,11,,,punt,0,0,0,0
2024,17,KC,PIT,8,4,11,40,6,2174,11,nickel,,punt,0,0,0,0
2024,17,PIT,KC,9,4,1,56,-6,1937,,,,penalty,5,1,0,0
2024,17,PIT,KC,9,4,9,50,-6,1871,,base,,punt,0,0,0,0
2024,17,KC,PIT,10,4,3,72,6,1838,11,nickel,,punt,0,0,0,0
2024,17,KC,PIT,12,4,10,13,6,1644,,base,,field_goal,0,0,0,0
2024,17,PIT,KC,13,4,11,18,-9,1249,,base,,field_goal,0,0,0,0
2024,17,PIT,KC,17,4,20,42,-19,605,11,dime,5,pass,0,0,0,0
2024,17,KC,PIT,18,4,10,58,19,405,11,nickel,,punt,0,0,0,0
2024,17,PIT,KC,19,4,2,78,-19,361,,base,,punt,0,0,0,0
2024,17,KC,PIT,20,4,1,62,19,223,11,nickel,,punt,0,0,0,0
2024,17,LAC,NE,1,4,4,75,0,3409,12,nickel,,punt,0,0,0,0
2024,17,NE,LAC,2,4,6,59,0,3280,,,,punt,0,0,0,0
2024,17,LAC,NE,3,4,3,42,0,2951,11,base,6,pass,19,1,0,0
2024,17,NE,LAC,4,4,8,68,-7,2829,,,,punt,0,0,0,0
2024,17,LAC,NE,5,4,5,9,7,2418,,,,field_goal,0,0,0,0
2024,17,LAC,NE,9,4,3,44,10,1823,11,nickel,5,pass,9,1,0,0
2024,17,NE,LAC,11,4,9,69,-13,1699,,,,punt,0,0,0,0
2024,17,NE,LAC,13,4,2,62,-20,1269,11,nickel,6,pass,-15,0,0,0
2024,17,LAC,NE,14,4,10,23,20,1247,,,,field_goal,0,0,0,0
2024,17,NE,LAC,15,4,12,46,-23,1089,12,dime,5,penalty,12,1,0,0
2024,17,NE,LAC,15,4,7,31,-23,1042,12,dime,7,pass,-6,0,0,0
2024,17,NE,LAC,17,4,10,72,-30,666,,,,punt,0,0,0,0
2024,17,LAC,NE,18,4,11,56,30,385,12,dime,,punt,0,0,0,0
2024,17,NE,LAC,19,4,6,79,-30,332,11,dime,5,pass,5,0,0,0
2024,17,LAC,NE,20,4,1,17,30,231,,,,field_goal,0,0,0,0
2024,17,LV,NO,1,4,13,13,0,3053,,base,,field_goal,0,0,0,0
2024,17,NO,LV,2,4,11,43,-3,2904,,base,,punt,0,0,0,0
2024,17,LV,NO,3,4,1,85,3,2757,,base,,punt,0,0,0,0
2024,17,LV,NO,5,4,5,21,-4,2423,,base,,field_goal,0,0,0,0
2024,17,NO,LV,6,4,12,42,1,2072,,base,,punt,0,0,0,0
2024,17,NO,LV,9,4,6,55,-3,1680,,base,,punt,0,0,0,0
2024,17,LV,NO,10,4,4,36,3,1383,,base,,field_goal,0,0,0,0
2024,17,NO,LV,11,4,2,62,-6,1329,,base,,punt,0,0,0,0
2024,17,LV,NO,12,4,5,71,6,1266,,base,,punt,0,0,0,0
2024,17,NO,LV,13,4,20,90,-6,1201,,base,,punt,0,0,0,0
2024,17,LV,NO,14,4,3,7,6,856,,base,,field_goal,0,0,0,0
2024,17,NO,LV,15,4,2,62,-9,784,12,nickel,6,run,8,1,0,0
2024,17,NO,LV,17,4,17,77,-15,463,,base,,punt,0,0,0,0
2024,17,LV,NO,18,4,7,48,15,316,,base,,punt,0,0,0,0
2024,17,NO,LV,19,4,18,98,-15,215,,base,,punt,0,0,0,0
2024,17,LV,NO,20,4,4,43,15,190,,base,,punt,0,0,0,0
2024,17,MIA,CLE,1,4,5,54,0,3358,,base,,punt,0,0,0,0
2024,17,CLE,MIA,2,4,6,77,0,3274,11,base,,punt,0,0,0,0
2024,17,MIA,CLE,3,4,6,36,0,3050,,base,,field_goal,0,0,0,0
2024,17,CLE,MIA,4,4,7,7,-3,2609,,base,,field_goal,0,0,0,0
2024,17,MIA,CLE,5,4,9,44,0,2487,,base,,punt,0,0,0,0
2024,17,CLE,MIA,6,4,10,80,0,2469,11,base,,punt,0,0,0,0
2024,17,MIA,CLE,7,4,7,53,0,2289,,base,,punt,0,0,0,0
2024,17,MIA,CLE,9,4,19,74,0,1920,,base,,punt,0,0,0,0
2024,17,CLE,MIA,10,4,1,38,0,1845,12,base,7,run,0,0,0,0
2024,17,CLE,MIA,12,4,6,66,-3,1757,,base,,punt,0,0,0,0
2024,17,CLE,MIA,14,4,24,84,-10,1508,,base,,punt,0,0,0,0
2024,17,MIA,CLE,15,4,9,70,10,1399,,base,,punt,0,0,0,0
2024,17,MIA,CLE,17,4,1,36,10,1102,12,base,6,run,-2,0,0,0
2024,17,CLE,MIA,18,4,3,3,-10,854,11,nickel,7,pass,0,0,0,0
2024,17,MIA,CLE,19,4,5,92,10,780,,base,,punt,0,0,0,0
2024,17,CLE,MIA,20,4,19,54,-10,678,,base,,punt,0,0,0,0
2024,17,MIA,CLE,21,4,10,54,10,348,,base,,punt,0,0,0,0
2024,17,CLE,MIA,22,4,5,82,-10,241,11,nickel,5,pass,3,0,0,0
2024,17,CLE,MIA,24,4,5,17,-17,23,11,nickel,6,pass,0,0,0,0
2024,17,NYJ,BUF,2,4,1,24,-7,2838,11,nickel,6,run,0,0,0,0
2024,17,BUF,NYJ,3,4,12,61,7,2597,11,base,,punt,0,0,0,0
2024,17,BUF,NYJ,5,4,9,44,7,2005,11,base,,punt,0,0,0,0
2024,17,BUF,NYJ,7,4,2,21,9,1802,,base,,field_goal,0,0,0,0
2024,17,NYJ,BUF,8,4,10,42,-12,1601,21,dime,,punt,0,0,0,0
2024,17,BUF,NYJ,9,4,4,93,12,1506,11,base,,punt,0,0,0,0
2024,17,NYJ,BUF,12,4,14,89,-19,1099,21,,,punt,0,0,0,0
2024,17,NYJ,BUF,16,4,14,74,-33,866,21,,,punt,0,0,0,0
2024,17,BUF,NYJ,19,4,4,45,32,288,11,base,6,run,3,0,0,0
2024,17,SEA,CHI,1,4,3,9,0,3243,,base,,field_goal,0,0,0,0
2024,17,CHI,SEA,2,4,5,65,-3,3166,,base,,punt,0,0,0,0
2024,17,SEA,CHI,3,4,7,80,3,3070,12,nickel,,punt,0,0,0,0
2024,17,CHI,SEA,4,4,5,55,-3,2933,,base,,punt,0,0,0,0
2024,17,SEA,CHI,5,4,2,87,3,2840,12,nickel,,punt,0,0,0,0
2024,17,CHI,SEA,6,4,6,65,-3,2749,,base,,punt,0,0,0,0
2024,17,SEA,CHI,7,4,10,41,3,2428,12,nickel,,punt,0,0,0,0
2024,17,CHI,SEA,8,4,17,24,-3,1957,,base,,field_goal,0,0,0,0
2024,17,SEA,CHI,9,4,5,32,0,1826,,base,,field_goal,0,0,0,0
2024,17,CHI,SEA,11,4,1,69,-3,1674,,base,,punt,0,0,0,0
2024,17,SEA,CHI,12,4,10,59,3,1403,12,nickel,,punt,0,0,0,0
2024,17,CHI,SEA,13,4,20,74,-3,1184,,base,,punt,0,0,0,0
2024,17,CHI,SEA,15,4,22,61,-3,852,,base,,punt,0,0,0,0
2024,17,SEA,CHI,16,4,4,80,3,714,12,nickel,,punt,0,0,0,0
2024,17,CHI,SEA,17,4,16,57,-3,500,,base,,punt,0,0,0,0
2024,17,SEA,CHI,18,4,4,54,3,319,12,nickel,,punt,0,0,0,0
2024,17,CHI,SEA,19,4,5,65,-3,134,11,nickel,6,pass,14,1,0,0
2024,17,CHI,SEA,19,4,10,40,-3,20,11,nickel,6,pass,0,0,0,1
2024,17,JAX,TEN,1,4,6,30,0,3350,,,,field_goal,0,0,0,0
2024,17,TEN,JAX,2,4,11,42,-3,3172,,,,punt,0,0,0,0
2024,17,JAX,TEN,3,4,9,55,3,2835,,nickel,,punt,0,0,0,0
2024,17,TEN,JAX,6,4,9,61,-10,2247,,,,punt,0,0,0,0
2024,17,JAX,TEN,7,4,10,26,10,1926,,,,field_goal,0,0,0,0
2024,17,TEN,JAX,8,4,3,46,-13,1874,11,nickel,6,pass,9,1,0,0
2024,17,TEN,JAX,8,4,4,21,-13,1803,,base,,field_goal,0,0,0,0
2024,17,JAX,TEN,10,4,6,66,3,1222,,nickel,,punt,0,0,0,0
2024,17,TEN,JAX,11,4,16,67,-3,986,,,,punt,0,0,0,0
2024,17,TEN,JAX,13,4,9,10,-10,125,,base,,field_goal,0,0,0,0
2024,17,JAX,TEN,14,4,2,61,7,102,,nickel,,punt,0,0,0,0
2024,17,TEN,JAX,15,4,10,26,-7,14,11,dime,4,pass,0,0,0,0
2024,18,NE,BUF,1,4,22,82,0,3516,,nickel,,punt,0,0,0,0
2024,18,BUF,NE,2,4,1,45,0,3410,11,base,7,run,0,0,0,0
2024,18,NE,BUF,3,4,1,19,0,3155,12,nickel,6,run,1,1,0,0
2024,18,BUF,NE,4,4,2,2,-7,2534,11,dime,8,pass,2,1,1,0
2024,18,BUF,NE,6,4,7,31,-7,2084,,base,,field_goal,0,0,0,0
2024,18,NE,BUF,7,4,17,41,4,1920,,nickel,,punt,0,0,0,0
2024,18,BUF,NE,8,4,8,58,-4,1809,11,nickel,,punt,0,0,0,0
2024,18,BUF,NE,9,4,10,35,-4,1574,11,base,,punt,0,0,0,0
2024,18,NE,BUF,12,4,10,23,-2,964,,nickel,,field_goal,0,0,0,0
2024,18,BUF,NE,13,4,3,63,-1,854,11,nickel,,punt,0,0,0,0
2024,18,NE,BUF,14,4,24,24,1,538,,nickel,,field_goal,0,0,0,0
2024,18,BUF,NE,15,4,5,47,-4,325,11,dime,5,pass,3,0,0,0
2024,18,NE,BUF,16,4,8,54,4,264,,nickel,,punt,0,0,0,0
2024,18,BUF,NE,17,4,7,82,-4,206,11,nickel,,punt,0,0,0,0
2024,18,NE,BUF,18,4,7,31,4,120,,nickel,,field_goal,0,0,0,0
2024,18,BUF,NE,19,4,10,71,-7,91,11,dime,5,pass,0,0,0,0
2024,18,ATL,CAR,1,4,10,13,0,3372,,base,,field_goal,0,0,0,0
2024,18,CAR,ATL,2,4,8,17,-3,3127,,base,,field_goal,0,0,0,0
2024,18,ATL,CAR,3,4,1,60,0,2988,11,nickel,8,run,2,1,0,0
2024,18,ATL,CAR,3,4,4,42,0,2768,11,nickel,6,pass,0,0,0,0
2024,18,CAR,ATL,8,4,4,64,0,1847,,base,,punt,0,0,0,0
2024,18,CAR,ATL,11,4,5,65,-7,1719,,base,,punt,0,0,0,0
2024,18,CAR,ATL,13,4,1,12,-7,1547,12,base,7,pass,12,1,1,0
2024,18,ATL,CAR,14,4,13,34,0,1278,,base,,field_goal,0,0,0,0
2024,18,ATL,CAR,16,4,1,12,-7,689,11,nickel,8,run,1,1,0,0
2024,18,CAR,ATL,19,4,10,70,0,30,,base,,punt,0,0,0,0
2024,18,GB,CHI,1,4,7,65,0,3430,,nickel,,punt,0,0,0,0
2024,18,CHI,GB,2,4,19,79,0,3291,,base,,punt,0,0,0,0
2024,18,GB,CHI,3,4,6,44,0,3112,11,base,,punt,0,0,1,0
2024,18,GB,CHI,4,4,6,19,-7,2848,,base,,field_goal,0,0,0,0
2024,18,CHI,GB,5,4,12,76,4,2718,,base,,punt,0,0,0,0
2024,18,CHI,GB,9,4,8,53,4,2253,,base,,punt,0,0,0,0
2024,18,GB,CHI,10,4,4,12,-4,1920,,base,,field_goal,0,0,0,0
2024,18,CHI,GB,11,4,11,45,1,1837,,base,,punt,0,0,0,0
2024,18,CHI,GB,13,4,5,46,1,1606,11,nickel,5,pass,6,1,0,0
2024,18,CHI,GB,15,4,10,43,1,1155,,,,punt,0,0,0,0
2024,18,GB,CHI,16,4,3,37,-1,900,11,nickel,7,run,-2,0,0,0
2024,18,GB,CHI,18,4,4,60,-8,462,11,nickel,,punt,0,0,0,0
2024,18,CHI,GB,19,4,15,85,8,366,,base,,punt,0,0,0,0
2024,18,GB,CHI,22,4,4,37,-2,58,,base,,field_goal,0,0,0,0
2024,18,PIT,CIN,2,4,16,66,-7,3178,,nickel,,punt,0,0,0,0
2024,18,CIN,PIT,3,4,10,30,7,2789,,base,,field_goal,0,0,0,0
2024,18,CIN,PIT,5,4,1,37,3,2197,11,dime,5,pass,0,0,0,0
2024,18,PIT,CIN,6,4,3,55,-3,2139,,base,,punt,0,0,0,0
2024,18,CIN,PIT,7,4,7,81,3,1979,12,base,,punt,0,0,0,1
2024,18,PIT,CIN,9,4,1,63,-3,1849,heavy,base,7,run,0,0,0,0
2024,18,CIN,PIT,10,4,9,9,3,1818,,base,,field_goal,0,0,0,0
2024,18,PIT,CIN,12,4,8,68,-6,1716,,nickel,,punt,0,0,0,0
2024,18,CIN,PIT,13,4,14,17,6,1321,,base,,field_goal,0,0,0,0
2024,18,PIT,CIN,14,4,8,56,-9,1183,,nickel,,punt,0,0,0,0
2024,18,CIN,PIT,15,4,5,5,9,666,,base,,field_goal,0,0,0,0
2024,18,CIN,PIT,17,4,6,55,5,363,12,base,,punt,0,0,0,0
2024,18,PIT,CIN,18,4,1,80,-5,325,,base,,punt,0,0,0,1
2024,18,PIT,CIN,19,4,18,36,-5,164,,base,,field_goal,0,0,0,0
2024,18,CIN,PIT,20,4,14,60,2,120,12,base,,punt,0,0,0,0
2024,18,PIT,CIN,21,4,12,60,-2,15,11,nickel,5,pass,0,0,0,0
2024,18,CLE,BAL,1,4,4,43,0,3436,,,,punt,0,0,0,0
2024,18,BAL,CLE,2,4,4,47,0,3267,,base,,punt,0,0,0,0
2024,18,CLE,BAL,4,4,1,61,-7,3078,11,,9,pass,0,0,0,0
2024,18,BAL,CLE,5,4,1,9,7,2865,12,,10,pass,0,0,0,0
2024,18,CLE,BAL,6,4,9,79,-7,2666,,base,,punt,0,0,0,0
2024,18,CLE,BAL,8,4,5,5,-14,2196,,,,field_goal,0,0,0,0
2024,18,BAL,CLE,9,4,3,23,11,1983,12,dime,6,pass,0,0,0,0
2024,18,CLE,BAL,10,4,7,74,-11,1920,,base,,punt,0,0,0,0
2024,18,BAL,CLE,11,4,10,52,11,1804,12,dime,6,pass,0,0,0,0
2024,18,CLE,BAL,13,4,2,62,-18,1503,,base,,punt,0,0,0,0
2024,18,BAL,CLE,14,4,9,43,18,1308,,base,,punt,0,0,0,0
2024,18,CLE,BAL,15,4,18,81,-18,1152,,base,,punt,0,0,0,0
2024,18,BAL,CLE,16,4,8,57,18,1100,,nickel,,punt,0,0,0,0
2024,18,CLE,BAL,19,4,4,49,-18,280,11,nickel,6,pass,0,0,0,0
2024,18,BAL,CLE,22,4,2,70,25,33,,nickel,,punt,0,0,0,0
2024,18,TEN,HOU,2,4,8,65,-7,3041,,base,,punt,0,0,0,0
2024,18,HOU,TEN,3,4,2,64,7,2806,11,nickel,,punt,0,0,0,0
2024,18,TEN,HOU,4,4,6,58,-7,2656,,,,punt,0,0,0,0
2024,18,TEN,HOU,6,4,14,48,-13,2544,,base,,punt,0,0,0,0
2024,18,HOU,TEN,7,4,5,69,13,2451,11,base,,punt,0,0,0,0
2024,18,TEN,HOU,8,4,4,86,-13,2354,,base,,punt,0,0,0,0
2024,18,TEN,HOU,10,4,2,17,-13,1905,,base,,field_goal,0,0,0,0
2024,18,HOU,TEN,11,4,4,9,10,1803,,,,field_goal,0,0,0,0
2024,18,TEN,HOU,12,4,1,64,-13,1669,12,nickel,7,run,5,1,0,0
2024,18,TEN,HOU,12,4,12,20,-13,1311,,base,,field_goal,0,0,0,0
2024,18,HOU,TEN,13,4,1,1,10,982,11,nickel,7,pass,0,0,0,0
2024,18,TEN,HOU,15,4,5,40,-17,687,11,nickel,7,pass,0,0,0,0
2024,18,HOU,TEN,16,4,3,53,17,556,11,nickel,,punt,0,0,0,0
2024,18,TEN,HOU,17,4,6,76,-17,505,,base,,punt,0,0,0,0
2024,18,HOU,TEN,18,4,9,52,17,353,11,base,,punt,0,0,0,0
2024,18,TEN,HOU,19,4,1,70,-17,226,heavy,base,7,run,5,1,0,0
2024,18,HOU,TEN,20,4,1,17,9,74,12,base,7,run,3,1,0,0
2024,18,IND,JAX,3,4,6,53,0,3077,heavy,,,punt,0,0,0,0
2024,18,JAX,IND,4,4,1,82,0,2967,,base,,punt,0,0,0,0
2024,18,IND,JAX,5,4,1,52,0,2842,11,nickel,6,pass,0,0,0,0
2024,18,JAX,IND,6,4,8,35,0,2662,,,,field_goal,0,0,0,0
2024,18,JAX,IND,8,4,13,73,-4,2294,,,,punt,0,0,0,0
2024,18,IND,JAX,9,4,6,31,4,2007,,base,,field_goal,0,0,0,0
2024,18,JAX,IND,10,4,9,9,-7,1888,,,,field_goal,0,0,0,0
2024,18,IND,JAX,11,4,10,18,4,1817,,,,field_goal,0,0,0,0
2024,18,JAX,IND,13,4,4,53,-7,1619,,,,punt,0,0,0,0
2024,18,IND,JAX,14,4,8,91,7,1492,heavy,,,punt,0,0,0,0
2024,18,IND,JAX,16,4,7,33,7,1067,,base,,field_goal,0,0,0,0
2024,18,JAX,IND,17,4,10,59,-7,1048,,,,punt,0,0,0,0
2024,18,IND,JAX,18,4,7,65,7,894,heavy,,,punt,0,0,0,0
2024,18,IND,JAX,20,4,6,27,0,237,,base,,field_goal,0,0,0,0
2024,18,JAX,IND,21,4,3,35,-3,109,,,,field_goal,0,0,0,0
2024,18,IND,JAX,22,4,7,54,0,22,heavy,,,punt,0,0,0,0
2024,18,IND,JAX,24,4,5,20,0,327,,base,,field_goal,0,0,0,0
2024,18,JAX,IND,25,4,22,82,-3,200,11,dime,3,pass,20,0,0,0
2024,18,KC,DEN,2,4,3,63,-7,3334,21,base,,punt,0,0,0,0
2024,18,DEN,KC,3,4,1,61,7,3114,11,nickel,7,run,1,1,0,0
2024,18,KC,DEN,4,4,9,58,-14,2878,21,base,,punt,0,0,0,0
2024,18,DEN,KC,5,4,1,38,14,2475,12,base,7,run,2,1,0,0
2024,18,KC,DEN,6,4,4,36,-21,1987,11,nickel,6,pass,13,1,0,0
2024,18,KC,DEN,6,4,20,33,-21,1868,,,,field_goal,0,0,0,0
2024,18,KC,DEN,9,4,15,60,-24,1675,21,nickel,,punt,0,0,0,0
2024,18,DEN,KC,10,4,12,72,24,1512,,base,,punt,0,0,0,0
2024,18,KC,DEN,11,4,5,63,-24,1451,21,base,,punt,0,0,0,0
2024,18,KC,DEN,13,4,7,42,-31,938,11,nickel,6,pass,-7,0,0,0
2024,18,KC,DEN,15,4,6,66,-38,442,21,base,,punt,0,0,0,0
2024,18,DEN,KC,16,4,11,59,38,74,,base,,punt,0,0,0,0
2024,18,LV,LAC,1,4,2,62,0,3484,,,,punt,0,0,0,0
2024,18,LAC,LV,2,4,1,71,0,3356,11,base,,punt,0,0,0,0
2024,18,LV,LAC,3,4,4,70,0,3267,,,,punt,0,0,0,0
2024,18,LAC,LV,4,4,4,33,0,3008,,,,field_goal,0,0,0,0
2024,18,LV,LAC,5,4,4,22,0,2870,,,,field_goal,0,0,0,0
2024,18,LAC,LV,6,4,5,15,-3,2714,,,,field_goal,0,0,0,0
2024,18,LAC,LV,8,4,1,39,-7,2415,12,base,7,run,2,1,0,0
2024,18,LAC,LV,8,4,14,14,-7,2132,,,,field_goal,0,0,0,0
2024,18,LV,LAC,9,4,7,67,4,2045,,,,punt,0,0,0,0
2024,18,LAC,LV,10,4,7,31,-4,1870,,,,field_goal,0,0,0,0
2024,18,LAC,LV,14,4,1,1,7,1333,,,,field_goal,0,0,0,0
2024,18,LV,LAC,15,4,6,29,-10,1040,,,,field_goal,0,0,0,0
2024,18,LV,LAC,17,4,10,18,-14,655,12,dime,6,pass,0,0,0,0
2024,18,LV,LAC,19,4,7,40,-21,95,11,nickel,6,pass,11,1,0,0
2024,18,MIA,NYJ,1,4,8,65,0,3503,,base,,punt,0,0,0,0
2024,18,MIA,NYJ,3,4,3,8,0,3409,,,,field_goal,0,0,0,0
2024,18,NYJ,MIA,4,4,11,67,-3,3309,heavy,base,,punt,0,0,0,0
2024,18,MIA,NYJ,5,4,8,45,3,3182,,base,,punt,0,0,0,0
2024,18,NYJ,MIA,6,4,8,61,-3,3011,heavy,base,,punt,0,0,0,0
2024,18,MIA,NYJ,7,4,10,10,3,2701,,base,,field_goal,0,0,0,0
2024,18,NYJ,MIA,8,4,10,70,-6,2653,heavy,base,,punt,0,0,0,0
2024,18,MIA,NYJ,9,4,7,63,6,2519,,base,,punt,0,0,0,0
2024,18,NYJ,MIA,12,4,5,38,1,2000,11,nickel,5,pass,-7,0,0,0
2024,18,NYJ,MIA,17,4,18,78,9,1648,heavy,base,,punt,0,0,0,0
2024,18,NYJ,MIA,19,4,1,17,9,1390,11,base,6,run,2,1,0,0
2024,18,NYJ,MIA,19,4,2,2,9,1298,,base,,field_goal,0,0,0,0
2024,18,MIA,NYJ,22,4,7,52,-12,540,11,nickel,7,pass,20,1,0,0
2024,18,MIA,NYJ,22,4,3,8,-12,371,11,nickel,6,pass,4,1,0,0
2024,18,MIA,NYJ,24,4,2,66,-12,115,11,nickel,5,run,5,1,0,0
2024,18,DET,MIN,1,4,15,64,0,3370,21,,,punt,0,0,0,0
2024,18,MIN,DET,2,4,9,57,0,3132,,base,,punt,0,0,0,0
2024,18,DET,MIN,3,4,5,39,0,2845,11,dime,7,pass,14,1,0,0
2024,18,MIN,DET,4,4,18,88,-7,2707,,base,,punt,0,0,0,0
2024,18,DET,MIN,5,4,31,90,7,2599,21,base,,punt,0,0,0,0
2024,18,MIN,DET,6,4,3,3,-7,2416,11,base,6,pass,0,0,0,0
2024,18,MIN,DET,8,4,7,7,-7,2198,,,,field_goal,0,0,0,0
2024,18,DET,MIN,9,4,1,42,4,2022,12,base,8,pass,0,0,0,0
2024,18,MIN,DET,10,4,5,13,-4,1824,,,,field_goal,0,0,0,0
2024,18,MIN,DET,12,4,2,2,-4,1626,11,base,7,pass,0,0,0,0
2024,18,MIN,DET,14,4,6,33,-4,1500,,,,field_goal,0,0,0,0
2024,18,DET,MIN,15,4,2,10,1,1053,12,base,7,pass,10,1,1,0
2024,18,MIN,DET,16,4,4,34,-8,928,,,,field_goal,0,0,0,0
2024,18,MIN,DET,18,4,16,66,-15,623,,base,,punt,0,0,0,0
2024,18,DET,MIN,19,4,2,6,15,343,11,nickel,,penalty,2,1,0,0
2024,18,MIN,DET,20,4,15,57,-22,253,,nickel,6,pass,0,0,0,0
2024,18,DET,MIN,21,4,6,28,22,33,11,base,7,run,5,0,0,0
2024,18,NO,TB,1,4,3,16,0,3260,,base,,field_goal,0,0,0,0
2024,18,TB,NO,2,4,5,34,-3,2996,,base,,field_goal,0,0,0,0
2024,18,NO,TB,3,4,3,21,0,2695,,base,,field_goal,0,0,0,0
2024,18,TB,NO,4,4,4,64,-3,2641,12,base,,punt,0,0,0,0
2024,18,NO,TB,5,4,1,44,3,2464,11,nickel,7,pass,14,1,0,0
2024,18,NO,TB,5,4,1,21,3,2340,11,base,7,run,6,1,0,0
2024,18,TB,NO,6,4,4,7,-10,1865,,base,,field_goal,0,0,0,0
2024,18,NO,TB,7,4,7,21,7,1811,,base,,field_goal,0,0,0,0
2024,18,NO,TB,10,4,9,69,3,1469,,base,,punt,0,0,0,0
2024,18,NO,TB,12,4,4,31,3,1258,,base,,field_goal,0,0,0,0
2024,18,TB,NO,13,4,7,67,-6,1171,12,base,,punt,0,0,0,0
2024,18,NO,TB,14,4,17,54,6,1045,,base,,punt,0,0,0,0
2024,18,TB,NO,15,4,8,42,-6,649,11,dime,5,pass,33,1,0,0
2024,18,NO,TB,16,4,23,62,-1,470,,base,,punt,0,0,0,0
2024,18,NO,TB,18,4,5,32,-8,40,11,nickel,7,pass,0,0,0,0
2024,18,NYG,PHI,1,4,7,49,0,3238,11,nickel,6,pass,0,0,0,0
2024,18,NYG,PHI,3,4,7,57,-7,3022,,nickel,,punt,0,0,0,0
2024,18,PHI,NYG,4,4,1,64,7,2895,11,nickel,,penalty,5,1,0,0
2024,18,PHI,NYG,4,4,2,36,7,2734,11,nickel,6,pass,9,1,0,0
2024,18,PHI,NYG,4,4,4,21,7,2650,,,,field_goal,0,0,0,0
2024,18,NYG,PHI,5,4,3,64,-7,2531,,nickel,,run,10,1,0,0
2024,18,NYG,PHI,5,4,1,45,-7,2369,11,nickel,7,run,3,1,0,0
2024,18,NYG,PHI,5,4,2,34,-7,2218,11,nickel,6,pass,0,0,0,0
2024,18,PHI,NYG,6,4,5,6,7,1907,,,,field_goal,0,0,0,0
2024,18,NYG,PHI,7,4,3,63,-10,1850,,base,,punt,0,0,0,0
2024,18,PHI,NYG,8,4,10,45,10,1813,12,,,punt,0,0,0,0
2024,18,PHI,NYG,9,4,2,35,10,1705,11,nickel,6,pass,0,0,0,0
2024,18,NYG,PHI,10,4,3,7,-10,1358,,base,,field_goal,0,0,0,0
2024,18,PHI,NYG,11,4,12,73,7,1264,12,,,punt,0,0,0,0
2024,18,NYG,PHI,12,4,5,81,-7,1134,,nickel,,punt,0,0,0,0
2024,18,PHI,NYG,15,4,20,85,7,545,12,,,punt,0,0,0,0
2024,18,NYG,PHI,16,4,7,35,-7,446,,base,,field_goal,0,0,0,0
2024,18,PHI,NYG,17,4,3,41,4,120,11,nickel,,penalty,5,1,0,0
2024,18,PHI,NYG,17,4,7,14,4,51,,,,field_goal,0,0,0,0
2024,18,LA,SEA,1,4,21,58,0,3477,heavy,,,punt,0,0,0,0
2024,18,SEA,LA,2,4,3,75,0,3270,11,base,,punt,0,0,0,0
2024,18,LA,SEA,3,4,5,79,0,3223,heavy,,,punt,0,0,0,0
2024,18,LA,SEA,5,4,1,54,-7,2902,12,base,6,run,5,1,0,0
2024,18,LA,SEA,5,4,2,19,-7,2741,,base,,field_goal,0,0,0,0
2024,18,SEA,LA,8,4,10,38,4,2007,,base,,field_goal,0,0,0,0
2024,18,SEA,LA,10,4,6,51,7,1863,11,base,,punt,0,0,0,0
2024,18,SEA,LA,12,4,10,70,4,1715,11,,,punt,0,0,0,0
2024,18,LA,SEA,13,4,9,39,-4,1379,,base,,field_goal,0,0,0,0
2024,18,SEA,LA,16,4,1,61,2,682,11,base,,punt,0,0,0,0
2024,18,LA,SEA,17,4,8,20,-2,453,,base,,field_goal,0,0,0,0
2024,18,LA,SEA,19,4,6,66,-5,155,11,dime,5,pass,17,1,0,0
2024,18,LA,SEA,19,4,3,9,-5,21,11,dime,5,pass,0,0,0,0
2024,18,SF,ARI,1,4,5,33,0,3473,,base,,field_goal,0,0,0,0
2024,18,ARI,SF,2,4,6,55,-3,3321,12,,,punt,0,0,0,0
2024,18,SF,ARI,3,4,14,29,3,2925,,base,,field_goal,0,0,0,0
2024,18,ARI,SF,4,4,4,57,-3,2853,12,,8,run,22,1,0,0
2024,18,ARI,SF,4,4,8,33,-3,2761,,base,,field_goal,0,0,0,0
2024,18,SF,ARI,7,4,1,61,-7,2490,,base,,punt,0,0,0,0
2024,18,ARI,SF,8,4,1,73,7,2400,12,base,,punt,0,0,0,0
2024,18,ARI,SF,13,4,2,62,3,1724,12,base,,punt,0,0,0,0
2024,18,SF,ARI,14,4,18,84,-3,1611,,base,,punt,0,0,0,0
2024,18,SF,ARI,16,4,1,45,-9,1242,12,base,7,run,9,1,0,0
2024,18,ARI,SF,19,4,4,67,9,443,12,base,,punt,0,0,0,0
2024,18,SF,ARI,22,4,6,43,-16,252,11,dime,5,pass,0,0,0,0
2024,18,ARI,SF,23,4,1,48,16,120,12,base,7,run,2,1,0,0
2024,18,WAS,DAL,1,4,12,72,0,3482,12,base,,punt,0,0,0,0
2024,18,DAL,WAS,2,4,3,16,0,3204,,base,,field_goal,0,0,0,0
2024,18,WAS,DAL,3,4,19,63,-3,3009,12,base,,punt,0,0,0,0
2024,18,DAL,WAS,4,4,3,83,3,2913,,nickel,,punt,0,0,0,0
2024,18,WAS,DAL,5,4,5,67,-3,2860,12,base,,punt,0,0,0,0
2024,18,DAL,WAS,6,4,10,62,3,2694,,nickel,,punt,0,0,0,1
2024,18,DAL,WAS,7,4,11,23,3,2565,,base,,field_goal,0,0,0,0
2024,18,WAS,DAL,8,4,10,64,-6,2436,12,base,,punt,0,0,0,0
2024,18,DAL,WAS,9,4,17,72,6,2271,,nickel,,punt,0,0,0,0
2024,18,WAS,DAL,10,4,3,29,-6,2084,,,,field_goal,0,0,0,0
2024,18,DAL,WAS,11,4,1,37,3,1910,12,base,8,run,5,1,0,0
2024,18,DAL,WAS,11,4,2,2,3,1824,11,nickel,6,pass,0,0,0,0
2024,18,DAL,WAS,13,4,17,17,3,1435,,base,,field_goal,0,0,0,0
2024,18,DAL,WAS,15,4,4,4,-1,835,,base,,field_goal,0,0,0,0
2024,18,WAS,DAL,18,4,26,86,-3,341,12,base,,punt,0,0,0,0
2024,18,DAL,WAS,19,4,6,52,3,205,,base,,punt,0,0,0,0
2024,18,WAS,DAL,20,4,1,49,-3,33,11,nickel,6,run,33,1,0,0
2024,19,BUF,DEN,2,4,1,14,-7,3208,11,nickel,7,run,3,1,0,0
2024,19,BUF,DEN,2,4,7,8,-7,3130,,,,field_goal,0,0,0,0
2024,19,DEN,BUF,3,4,5,65,4,3042,,,,punt,0,0,0,0
2024,19,DEN,BUF,5,4,8,57,-3,2449,,,,pass,15,1,0,0
2024,19,DEN,BUF,5,4,7,39,-3,2317,,nickel,,punt,0,0,0,0
2024,19,BUF,DEN,6,4,8,60,3,1920,11,nickel,,punt,0,0,0,0
2024,19,BUF,DEN,8,4,9,9,3,1506,,,,field_goal,0,0,0,0
2024,19,DEN,BUF,9,4,5,75,-6,1428,,,,punt,0,0,0,0
2024,19,BUF,DEN,10,4,1,24,6,1095,11,nickel,6,pass,24,1,1,0
2024,19,DEN,BUF,11,4,11,71,-14,981,,,,punt,0,0,0,0
2024,19,DEN,BUF,13,4,2,14,-21,697,11,dime,6,pass,0,0,0,0
2024,19,BUF,DEN,14,4,8,16,21,281,,,,field_goal,0,0,0,0
2024,19,DEN,BUF,15,4,17,77,-24,204,11,dime,4,pass,0,0,0,0
2024,19,GB,PHI,3,4,8,85,-7,3438,,nickel,,punt,0,0,0,0
2024,19,PHI,GB,4,4,5,47,7,3261,11,,,punt,0,0,0,0
2024,19,GB,PHI,5,4,17,69,-7,3031,11,nickel,,punt,0,0,0,0
2024,19,PHI,GB,6,4,10,13,7,2722,,,,field_goal,0,0,0,0
2024,19,PHI,GB,8,4,9,77,10,2576,11,,,punt,0,0,0,0
2024,19,GB,PHI,9,4,1,19,-10,2239,11,nickel,7,run,2,1,0,0
2024,19,GB,PHI,9,4,13,20,-10,2109,,base,,field_goal,0,0,0,0
2024,19,PHI,GB,10,4,5,67,10,2012,11,,,punt,0,0,0,0
2024,19,PHI,GB,12,4,9,44,10,1822,11,,,punt,0,0,0,0
2024,19,PHI,GB,14,4,19,73,10,1606,11,,,punt,0,0,0,0
2024,19,GB,PHI,15,4,8,8,-10,1249,,base,,field_goal,0,0,0,0
2024,19,PHI,GB,18,4,1,51,6,815,12,base,8,run,3,1,0,0
2024,19,PHI,GB,18,4,8,12,6,456,,,,field_goal,0,0,0,0
2024,19,GB,PHI,19,4,3,59,-9,303,11,nickel,5,pass,0,0,0,0
2024,19,PHI,GB,20,4,4,14,9,195,,,,field_goal,0,0,0,0
2024,19,LAC,HOU,1,4,3,16,0,3281,,,,field_goal,0,0,0,0
2024,19,LAC,HOU,3,4,9,21,3,3099,,,,field_goal,0,0,0,0
2024,19,HOU,LAC,4,4,7,67,-6,3010,11,,,punt,0,0,0,0
2024,19,LAC,HOU,5,4,9,63,6,2868,12,base,,punt,0,0,0,0
2024,19,HOU,LAC,6,4,11,46,-6,2700,11,base,,punt,0,0,0,0
2024,19,LAC,HOU,7,4,4,59,6,2566,12,base,,punt,0,0,0,0
2024,19,HOU,LAC,10,4,8,75,-6,2368,11,,,punt,0,0,0,0
2024,19,LAC,HOU,11,4,8,56,6,2187,12,base,,punt,0,0,0,0
2024,19,LAC,HOU,13,4,10,70,-1,1839,12,base,,punt,0,0,0,0
2024,19,LAC,HOU,17,4,2,34,-4,1516,,nickel,7,pass,0,0,0,0
2024,19,HOU,LAC,18,4,10,19,4,1191,,,,field_goal,0,0,0,0
2024,19,LAC,HOU,19,4,12,73,-7,1060,11,base,,punt,0,0,0,0
2024,19,HOU,LAC,20,4,3,56,7,928,11,,,punt,0,0,0,0
2024,19,HOU,LAC,23,4,9,12,14,723,,,,field_goal,0,0,0,0
2024,19,HOU,LAC,25,4,1,38,13,288,12,base,8,run,2,1,0,0
2024,19,HOU,LAC,25,4,1,17,13,227,12,base,9,run,17,1,1,0
2024,19,LA,MIN,1,4,1,10,0,3341,heavy,base,,penalty,5,1,0,0
2024,19,MIN,LA,2,4,10,70,-7,3202,,base,,punt,0,0,0,0
2024,19,LA,MIN,3,4,5,16,7,2945,,,,field_goal,0,0,0,0
2024,19,MIN,LA,4,4,2,16,-10,2660,,base,,field_goal,0,0,0,0
2024,19,LA,MIN,5,4,10,70,7,2645,heavy,,,punt,0,0,0,0
2024,19,MIN,LA,6,4,15,65,-7,2510,,base,,penalty,15,1,0,0
2024,19,LA,MIN,7,4,10,58,7,2312,heavy,base,,punt,0,0,0,0
2024,19,MIN,LA,9,4,2,50,-14,1892,11,dime,6,pass,-11,0,0,0
2024,19,MIN,LA,12,4,5,50,-21,1718,,base,,punt,0,0,0,0
2024,19,LA,MIN,13,4,12,26,21,1344,,,,field_goal,0,0,0,0
2024,19,LA,MIN,15,4,9,58,18,1034,heavy,base,,punt,0,0,0,0
2024,19,MIN,LA,16,4,21,50,-18,730,,nickel,,punt,0,0,0,0
2024,19,LA,MIN,17,4,18,59,18,454,heavy,base,,punt,0,0,0,0
2024,19,MIN,LA,18,4,1,71,-18,402,12,base,7,run,1,1,0,0
2024,19,MIN,LA,18,4,11,46,-18,222,11,dime,4,pass,0,0,0,0
2024,19,LA,MIN,19,4,7,51,18,160,heavy,base,,punt,0,0,0,0
2024,19,MIN,LA,20,4,11,80,-18,51,11,dime,4,pass,0,0,0,0
2024,19,PIT,BAL,1,4,4,61,0,3428,,,,punt,0,0,0,0
2024,19,PIT,BAL,3,4,2,62,-7,2864,,,,punt,0,0,0,0
2024,19,BAL,PIT,4,4,7,46,7,2655,,base,,punt,0,0,0,0
2024,19,PIT,BAL,5,4,1,71,-7,2536,,,,punt,0,0,0,0
2024,19,PIT,BAL,7,4,9,57,-14,1920,,,,punt,0,0,0,0
2024,19,BAL,PIT,10,4,2,51,21,1597,,,,punt,0,0,0,0
2024,19,BAL,PIT,14,4,9,69,14,1054,,base,,punt,0,0,0,0
2024,19,PIT,BAL,15,4,16,64,-14,900,,,,punt,0,0,0,0
2024,19,BAL,PIT,16,4,1,60,14,659,12,,6,penalty,5,1,0,0
2024,19,BAL,PIT,16,4,10,55,14,530,,base,,punt,0,0,0,0
2024,19,PIT,BAL,17,4,15,43,-14,374,11,dime,4,pass,0,0,0,0
2024,19,TB,WAS,1,4,7,32,0,3400,,base,,field_goal,0,0,0,0
2024,19,WAS,TB,2,4,2,20,-3,3170,11,nickel,6,pass,0,0,0,0
2024,19,TB,WAS,3,4,7,49,3,2921,12,base,,punt,0,0,0,0
2024,19,WAS,TB,4,4,1,23,-3,2564,11,nickel,6,run,2,1,0,0
2024,19,TB,WAS,5,4,9,69,-4,2254,12,base,,punt,0,0,0,0
2024,19,WAS,TB,6,4,6,33,4,1917,,base,,field_goal,0,0,0,0
2024,19,WAS,TB,9,4,4,4,0,1533,,base,,field_goal,0,0,0,0
2024,19,WAS,TB,11,4,5,37,-4,979,11,nickel,6,pass,14,1,0,0
2024,19,WAS,TB,11,4,3,3,-4,845,12,nickel,7,pass,0,0,0,0
2024,19,WAS,TB,13,4,2,5,-4,590,11,nickel,6,pass,5,1,1,0
2024,19,TB,WAS,14,4,3,14,-3,285,,base,,field_goal,0,0,0,0
2024,20,BUF,BAL,2,4,2,26,-7,3150,11,nickel,5,run,7,1,0,0
2024,20,BUF,BAL,4,4,17,53,0,2748,11,,,punt,0,0,0,0
2024,20,BAL,BUF,7,4,8,8,-7,2026,,,,field_goal,0,0,0,0
2024,20,BUF,BAL,10,4,9,74,11,1740,11,,,punt,0,0,0,0
2024,20,BAL,BUF,11,4,12,29,-11,1491,,,,field_goal,0,0,0,0
2024,20,BUF,BAL,12,4,5,52,8,1230,11,,,punt,0,0,0,0
2024,20,BUF,BAL,14,4,8,33,2,728,,,,field_goal,0,0,0,0
2024,20,BAL,BUF,15,4,1,61,-5,610,12,base,8,run,2,1,0,0
2024,20,BUF,BAL,16,4,2,2,5,211,,,,field_goal,0,0,0,0
2024,20,KC,HOU,1,4,11,14,0,3541,,,,field_goal,0,0,0,0
2024,20,HOU,KC,2,4,8,12,-3,3224,,base,,field_goal,0,0,0,0
2024,20,KC,HOU,3,4,18,18,0,2943,,,,field_goal,0,0,0,0
2024,20,HOU,KC,4,4,20,58,-3,2759,,base,,punt,0,0,0,0
2024,20,KC,HOU,5,4,12,51,3,2492,11,base,,punt,0,0,0,0
2024,20,HOU,KC,6,4,8,37,-3,2226,,base,,field_goal,0,0,0,0
2024,20,HOU,KC,8,4,14,29,-10,1820,,base,,field_goal,0,0,0,0
2024,20,KC,HOU,11,4,1,37,1,900,12,base,8,run,3,1,0,0
2024,20,HOU,KC,12,4,10,40,-8,605,11,dime,5,pass,-16,0,0,0
2024,20,KC,HOU,13,4,9,43,8,519,11,base,,punt,0,0,0,0
2024,20,HOU,KC,14,4,6,89,-8,462,,base,,punt,0,0,0,0
2024,20,KC,HOU,15,4,1,9,8,281,,,,field_goal,0,0,0,0
2024,20,HOU,KC,16,4,14,17,-11,112,,base,,field_goal,0,0,0,0
2024,20,KC,HOU,17,4,15,82,11,15,11,nickel,10,run,-18,0,0,0
2024,20,LA,PHI,2,4,1,10,-6,3185,11,nickel,7,run,4,1,0,0
2024,20,PHI,LA,3,4,15,73,-1,3004,11,base,,punt,0,0,0,0
2024,20,LA,PHI,4,4,10,66,1,2867,heavy,nickel,,punt,0,0,0,0
2024,20,LA,PHI,6,4,3,12,-6,2571,,base,,field_goal,0,0,0,0
2024,20,PHI,LA,7,4,17,39,3,2304,11,base,,punt,0,0,0,0
2024,20,LA,PHI,8,4,3,58,-3,2126,heavy,nickel,,punt,0,0,0,0
2024,20,LA,PHI,10,4,3,63,-3,1709,heavy,nickel,,punt,0,0,0,0
2024,20,PHI,LA,11,4,3,78,3,1629,11,base,,punt,0,0,0,0
2024,20,LA,PHI,12,4,16,16,-3,1361,,base,,field_goal,0,0,0,0
2024,20,PHI,LA,13,4,14,26,0,1044,,base,,field_goal,0,0,0,0
2024,20,LA,PHI,14,4,2,62,-3,986,12,nickel,,punt,0,0,0,0
2024,20,PHI,LA,17,4,5,5,1,806,,base,,field_goal,0,0,0,0
2024,20,PHI,LA,19,4,4,32,4,535,11,nickel,6,pass,9,1,0,0
2024,20,PHI,LA,19,4,6,19,4,382,,base,,field_goal,0,0,0,0
2024,20,LA,PHI,20,4,10,70,-7,294,heavy,nickel,,punt,0,0,0,0
2024,20,PHI,LA,23,4,13,73,6,155,11,base,,punt,0,0,0,0
2024,20,LA,PHI,24,4,11,22,-6,31,11,nickel,6,pass,0,0,0,0
2024,20,DET,WAS,1,4,13,63,0,3533,21,nickel,,punt,0,0,0,0
2024,20,WAS,DET,2,4,1,28,0,3342,11,nickel,7,run,-1,0,0,0
2024,20,WAS,DET,4,4,10,29,-7,2934,,,,field_goal,0,0,0,0
2024,20,WAS,DET,6,4,3,9,-4,2593,21,nickel,7,pass,7,1,0,0
2024,20,WAS,DET,14,4,11,57,10,1683,12,base,,punt,0,0,0,0
2024,20,WAS,DET,16,4,2,16,3,1007,12,base,8,run,3,1,0,0
2024,20,WAS,DET,16,4,2,5,3,855,12,nickel,,penalty,3,1,0,0
2024,20,WAS,DET,18,4,2,13,10,504,11,nickel,6,pass,12,1,0,0
2024,20,DET,WAS,19,4,8,10,-17,304,,base,,field_goal,0,0,0,0
2024,20,WAS,DET,20,4,1,26,14,151,,,,field_goal,0,0,0,0
2024,20,DET,WAS,21,4,1,57,-14,101,11,nickel,5,run,7,1,0,0
2024,20,DET,WAS,21,4,1,30,-14,51,11,dime,4,pass,13,1,0,0
2024,21,BUF,KC,1,4,6,66,0,3548,11,base,,punt,0,0,0,0
2024,21,BUF,KC,3,4,5,35,-7,2929,,base,,field_goal,0,0,0,0
2024,21,KC,BUF,6,4,1,61,-3,2309,21,nickel,8,run,6,1,0,0
2024,21,BUF,KC,7,4,10,70,-4,2036,11,base,,punt,0,0,0,0
2024,21,KC,BUF,11,4,16,42,5,1508,11,,,punt,0,0,0,0
2024,21,BUF,KC,12,4,1,33,-5,1288,11,nickel,6,run,3,1,0,0
2024,21,BUF,KC,12,4,1,1,-5,1081,heavy,,8,run,1,1,1,0
2024,21,KC,BUF,13,4,15,75,-1,1027,11,,,punt,0,0,0,0
2024,21,BUF,KC,14,4,1,52,1,900,,base,8,run,2,1,0,0
2024,21,BUF,KC,14,4,1,41,1,781,11,nickel,6,run,0,0,0,0
2024,21,BUF,KC,16,4,4,4,-7,380,11,nickel,6,pass,4,1,1,0
2024,21,KC,BUF,17,4,17,17,0,217,,,,field_goal,0,0,0,0
2024,21,BUF,KC,18,4,5,53,-3,120,11,dime,6,pass,0,0,0,0
2024,21,WAS,PHI,1,4,5,43,0,3388,11,nickel,6,pass,7,1,0,0
2024,21,WAS,PHI,1,4,2,28,0,3290,11,nickel,6,run,5,1,0,0
2024,21,WAS,PHI,1,4,3,16,0,3181,,base,,field_goal,0,0,0,0
2024,21,WAS,PHI,5,4,6,69,-11,2846,12,nickel,,pass,23,1,0,0
2024,21,WAS,PHI,5,4,10,28,-11,2686,,base,,field_goal,0,0,0,0
2024,21,PHI,WAS,6,4,15,36,8,2335,,base,,field_goal,0,0,0,0
2024,21,PHI,WAS,8,4,5,45,2,1934,11,nickel,6,pass,31,1,0,0
2024,21,PHI,WAS,13,4,10,69,12,1670,11,nickel,,punt,0,0,0,0
2024,21,WAS,PHI,14,4,13,77,-12,1557,12,nickel,,punt,0,0,0,0
2024,21,PHI,WAS,17,4,8,40,11,1004,11,base,,punt,0,0,0,0
2024,21,WAS,PHI,20,4,6,66,-18,688,11,nickel,6,pass,7,1,0,0
2024,21,WAS,PHI,20,4,11,60,-18,624,11,dime,4,pass,-9,0,0,0
2024,21,WAS,PHI,24,4,3,63,-32,80,11,nickel,6,run,0,0,0,0
2024,22,PHI,KC,1,4,12,60,0,3395,11,base,,punt,0,0,0,0
2024,22,KC,PHI,2,4,9,76,0,3292,11,nickel,,punt,0,0,0,0
2024,22,KC,PHI,4,4,3,60,-7,2984,11,nickel,,punt,0,0,0,0
2024,22,KC,PHI,6,4,3,91,-7,2570,11,nickel,,punt,0,0,0,0
2024,22,PHI,KC,7,4,8,30,7,2322,,base,,field_goal,0,0,0,0
2024,22,KC,PHI,9,4,16,76,-17,2097,11,nickel,,punt,0,0,0,0
2024,22,PHI,KC,10,4,3,49,17,1916,11,base,,punt,0,0,0,0
2024,22,KC,PHI,13,4,11,71,-24,1834,11,nickel,,punt,0,0,0,0
2024,22,KC,PHI,15,4,9,55,-24,1629,11,nickel,,punt,0,0,0,0
2024,22,PHI,KC,16,4,11,11,24,1222,,base,,field_goal,0,0,0,0
2024,22,KC,PHI,17,4,4,53,-27,1070,11,nickel,5,pass,0,0,0,0
2024,22,PHI,KC,20,4,13,30,28,596,,base,,field_goal,0,0,0,0
2024,22,PHI,KC,22,4,9,32,31,485,,base,,field_goal,0,0,0,0
2024,22,PHI,KC,24,4,6,50,26,119,11,nickel,6,pass,0,0,0,0
2025,1,ARI,NO,1,4,22,76,0,3399,12,base,,punt,0,0,0,0
2025,1,NO,ARI,2,4,7,74,0,3346,21,nickel,,punt,0,0,0,0
2025,1,ARI,NO,3,4,12,24,0,3007,,base,,field_goal,0,0,0,0
2025,1,NO,ARI,6,4,5,18,-3,2102,,base,,field_goal,0,0,0,0
2025,1,NO,ARI,9,4,13,69,-7,1654,21,nickel,,punt,0,0,0,0
2025,1,ARI,NO,10,4,12,32,7,1461,,base,,field_goal,0,0,0,0
2025,1,NO,ARI,11,4,5,20,-10,1139,,base,,field_goal,0,0,0,0
2025,1,ARI,NO,12,4,11,61,10,961,heavy,base,,punt,0,0,0,0
2025,1,NO,ARI,13,4,7,60,-10,839,21,nickel,,punt,0,0,0,0
2025,1,ARI,NO,14,4,9,59,10,556,12,base,,punt,0,0,0,0
2025,1,NO,ARI,15,4,15,88,-10,537,21,nickel,,punt,0,0,0,0
2025,1,ARI,NO,16,4,10,28,10,280,,base,,field_goal,0,0,0,0
2025,1,NO,ARI,17,4,10,10,-10,164,,base,,field_goal,0,0,0,0
2025,1,ARI,NO,18,4,19,83,7,120,heavy,base,,punt,0,0,0,0
2025,1,NO,ARI,19,4,1,24,-7,26,11,dime,5,pass,6,1,0,0
2025,1,NO,ARI,19,4,10,18,-7,4,11,dime,5,pass,0,0,0,0
2025,1,BAL,BUF,2,4,22,34,-7,2923,,dime,,field_goal,0,0,0,0
2025,1,BUF,BAL,3,4,3,58,4,2809,,base,,punt,0,0,0,0
2025,1,BUF,BAL,5,4,6,73,-3,2534,,,,punt,0,0,0,0
2025,1,BUF,BAL,7,4,5,7,-10,1971,,base,,field_goal,0,0,0,0
2025,1,BAL,BUF,8,4,24,31,7,1835,,,,field_goal,0,0,0,0
2025,1,BUF,BAL,11,4,5,31,-14,1422,11,dime,5,penalty,27,1,0,0
2025,1,BAL,BUF,12,4,10,67,8,1285,,nickel,,punt,0,0,0,0
2025,1,BUF,BAL,13,4,8,71,-8,1070,,,,punt,0,0,0,0
2025,1,BUF,BAL,17,4,16,63,-15,567,,,,punt,0,0,0,0
2025,1,BAL,BUF,18,4,4,59,15,447,,nickel,,punt,0,0,0,0
2025,1,BUF,BAL,19,4,2,10,-15,245,11,dime,5,pass,10,1,1,0
2025,1,BAL,BUF,22,4,3,62,2,93,,nickel,,punt,0,0,0,0
2025,1,BUF,BAL,23,4,14,14,-2,3,,base,,field_goal,0,0,0,0
2025,1,JAX,CAR,1,4,1,63,0,3527,12,base,7,run,4,1,0,0
2025,1,JAX,CAR,1,4,8,17,0,3198,,base,,field_goal,0,0,0,0
2025,1,CAR,JAX,2,4,5,30,-3,2741,,base,,field_goal,0,0,0,0
2025,1,JAX,CAR,3,4,5,73,0,2615,11,,,punt,0,0,0,0
2025,1,CAR,JAX,6,4,8,39,-7,2031,,base,,punt,0,0,0,0
2025,1,CAR,JAX,11,4,1,5,-17,1491,11,nickel,5,pass,0,0,0,0
2025,1,JAX,CAR,12,4,7,91,17,1439,11,,,punt,0,0,0,0
2025,1,CAR,JAX,13,4,13,63,-17,1192,,base,,punt,0,0,0,0
2025,1,CAR,JAX,15,4,5,33,-17,923,11,dime,6,pass,0,0,0,0
2025,1,JAX,CAR,16,4,1,34,17,644,12,base,8,run,3,1,0,0
2025,1,JAX,CAR,16,4,9,18,17,432,,base,,field_goal,0,0,0,0
2025,1,CAR,JAX,17,4,10,32,-20,308,11,dime,5,penalty,5,1,0,0
2025,1,JAX,CAR,18,4,3,10,13,120,,base,,field_goal,0,0,0,0
2025,1,CLE,CIN,2,4,1,48,-7,2951,21,base,7,run,2,1,0,0
2025,1,CLE,CIN,2,4,1,1,-7,2564,12,,10,run,1,1,1,0
2025,1,CIN,CLE,3,4,7,42,0,2376,21,nickel,,punt,0,0,0,0
2025,1,CLE,CIN,4,4,8,78,0,2322,,nickel,,punt,0,0,0,0
2025,1,CLE,CIN,6,4,5,27,-7,1827,,base,,field_goal,0,0,0,0
2025,1,CIN,CLE,9,4,2,72,-2,1247,21,nickel,,punt,0,0,0,0
2025,1,CIN,CLE,11,4,4,17,-2,1072,,base,,field_goal,0,0,0,0
2025,1,CLE,CIN,12,4,5,39,-1,856,11,dime,5,pass,0,0,0,0
2025,1,CIN,CLE,13,4,9,60,1,798,21,nickel,,punt,0,0,0,0
2025,1,CLE,CIN,14,4,7,42,-1,570,,nickel,,punt,0,0,0,0
2025,1,CIN,CLE,15,4,28,98,1,428,21,nickel,,punt,0,0,0,0
2025,1,CLE,CIN,16,4,15,18,-1,145,,base,,field_goal,0,0,0,0
2025,1,CIN,CLE,17,4,6,70,1,120,21,nickel,,punt,0,0,0,0
2025,1,CIN,CLE,19,4,20,50,1,30,21,nickel,,punt,0,0,0,0
2025,1,DAL,PHI,5,4,10,23,0,1958,,base,,field_goal,0,0,0,0
2025,1,PHI,DAL,8,4,14,40,1,1415,,,,field_goal,0,0,0,0
2025,1,PHI,DAL,10,4,3,77,4,1098,,base,,punt,0,0,0,0
2025,1,DAL,PHI,11,4,10,51,-4,893,,base,,punt,0,0,0,0
2025,1,PHI,DAL,12,4,10,55,4,447,,base,,punt,0,0,0,0
2025,1,DAL,PHI,13,4,7,73,-4,290,,base,,punt,0,0,0,0
2025,1,PHI,DAL,14,4,3,69,4,189,,base,,punt,0,0,0,0
2025,1,DAL,PHI,15,4,3,55,-4,120,11,nickel,6,pass,0,0,0,0
2025,1,DET,GB,2,4,14,80,-7,3121,21,,,punt,0,0,0,0
2025,1,GB,DET,3,4,3,16,7,2942,,base,,field_goal,0,0,0,0
2025,1,DET,GB,4,4,5,12,-10,2370,,,,field_goal,0,0,0,0
2025,1,DET,GB,6,4,2,30,-14,1944,11,nickel,6,pass,11,1,0,0
2025,1,GB,DET,7,4,1,78,14,1821,,base,,punt,0,0,0,0
2025,1,DET,GB,9,4,9,9,-14,1483,,,,field_goal,0,0,0,0
2025,1,GB,DET,10,4,2,68,11,1372,,base,,punt,0,0,0,0
2025,1,DET,GB,11,4,12,68,-11,1164,21,,,punt,0,0,0,0
2025,1,GB,DET,12,4,5,46,11,903,,base,,punt,0,0,0,0
2025,1,DET,GB,13,4,17,99,-11,771,21,,,punt,0,0,0,0
2025,1,GB,DET,14,4,1,10,11,551,12,base,7,run,2,1,0,0
2025,1,DET,GB,15,4,2,65,-18,402,11,nickel,6,pass,-8,0,0,0
2025,1,GB,DET,16,4,3,20,18,265,,base,,field_goal,0,0,0,0
2025,1,DET,GB,17,4,5,60,-21,199,11,nickel,4,pass,5,1,0,0
2025,1,DET,GB,17,4,3,13,-21,60,11,nickel,6,pass,13,1,1,0
2025,1,HOU,LA,1,4,15,85,0,3479,,,,punt,0,0,0,0
2025,1,LA,HOU,2,4,9,46,0,3203,,,,punt,0,0,0,0
2025,1,HOU,LA,3,4,7,33,0,2780,,base,,field_goal,0,0,0,0
2025,1,LA,HOU,4,4,12,50,-3,2601,11,,,punt,0,0,0,0
2025,1,HOU,LA,5,4,9,79,3,2482,,,,punt,0,0,0,0
2025,1,LA,HOU,6,4,28,93,-3,2424,11,,,punt,0,0,0,0
2025,1,HOU,LA,7,4,1,19,3,2222,12,base,7,run,2,1,0,0
2025,1,HOU,LA,7,4,20,27,3,2092,,base,,field_goal,0,0,0,0
2025,1,LA,HOU,8,4,1,1,-6,1857,11,nickel,7,run,1,1,1,0
2025,1,LA,HOU,12,4,11,60,5,1306,11,,,punt,0,0,0,0
2025,1,HOU,LA,13,4,10,50,-5,1027,,base,,punt,0,0,0,0
2025,1,LA,HOU,14,4,10,39,5,733,,,,punt,0,0,0,0
2025,1,HOU,LA,15,4,1,74,-5,566,,base,,punt,0,0,0,0
2025,1,KC,LAC,1,4,6,72,0,3515,,base,,punt,0,0,0,0
2025,1,KC,LAC,3,4,9,42,-7,3070,,base,,punt,0,0,0,0
2025,1,LAC,KC,4,4,2,90,7,2980,,nickel,,punt,0,0,0,0
2025,1,KC,LAC,5,4,9,57,-7,2914,,base,,punt,0,0,0,0
2025,1,LAC,KC,6,4,16,21,7,2630,,,,field_goal,0,0,0,0
2025,1,KC,LAC,7,4,1,57,-10,2532,12,base,8,run,6,1,0,0
2025,1,KC,LAC,7,4,1,32,-10,2325,12,base,8,pass,6,1,0,0
2025,1,KC,LAC,7,4,17,17,-10,2093,,,,field_goal,0,0,0,0
2025,1,LAC,KC,8,4,8,18,7,1849,,,,field_goal,0,0,0,0
2025,1,KC,LAC,9,4,17,40,-10,1803,,dime,,field_goal,0,0,0,0
2025,1,LAC,KC,10,4,9,71,7,1748,,nickel,,punt,0,0,0,0
2025,1,LAC,KC,12,4,1,65,1,1246,12,base,8,run,4,1,0,0
2025,1,KC,LAC,15,4,7,58,-9,204,11,dime,6,pass,49,1,0,0
2025,1,KC,LAC,15,4,9,9,-9,157,,,,field_goal,0,0,0,0
2025,1,NE,LV,2,4,8,51,-7,3341,,,,punt,0,0,0,0
2025,1,LV,NE,5,4,13,72,0,2661,11,nickel,,punt,0,0,0,0
2025,1,NE,LV,6,4,17,22,0,2351,,,,field_goal,0,0,0,0
2025,1,LV,NE,7,4,6,66,0,2269,11,nickel,,punt,0,0,0,0
2025,1,NE,LV,8,4,1,47,0,2045,11,base,6,penalty,22,1,0,0
2025,1,NE,LV,8,4,2,17,0,1920,,,,field_goal,0,0,0,0
2025,1,LV,NE,9,4,31,85,-3,1896,11,nickel,,punt,0,0,0,0
2025,1,NE,LV,10,4,1,65,3,1847,,base,,punt,0,0,0,0
2025,1,NE,LV,14,4,11,61,-4,1430,,base,,punt,0,0,0,0
2025,1,LV,NE,15,4,20,60,4,1293,11,nickel,,punt,0,0,0,0
2025,1,NE,LV,16,4,7,72,-4,1179,,base,,punt,0,0,0,0
2025,1,LV,NE,17,4,7,32,4,956,,base,,field_goal,0,0,0,0
2025,1,NE,LV,18,4,5,50,-7,820,,,,punt,0,0,0,0
2025,1,LV,NE,19,4,1,38,7,565,12,base,6,pass,8,1,0,0
2025,1,LV,NE,19,4,2,22,7,410,,base,,field_goal,0,0,0,0
2025,1,NE,LV,20,4,10,56,-10,293,,,,punt,0,0,0,0
2025,1,LV,NE,21,4,10,39,10,115,11,nickel,,punt,0,0,0,0
2025,1,NE,LV,22,4,2,53,-10,69,11,nickel,6,pass,3,1,0,0
2025,1,IND,MIA,1,4,5,6,0,3341,,nickel,,field_goal,0,0,0,0
2025,1,MIA,IND,6,4,14,54,-17,2213,,base,,punt,0,0,0,0
2025,1,IND,MIA,7,4,2,69,17,2056,,base,,penalty,5,1,0,0
2025,1,IND,MIA,7,4,2,42,17,1962,11,nickel,5,pass,6,1,0,0
2025,1,IND,MIA,7,4,5,16,17,1803,,nickel,,field_goal,0,0,0,0
2025,1,IND,MIA,9,4,9,10,20,1353,,nickel,,field_goal,0,0,0,0
2025,1,MIA,IND,10,4,6,31,-23,1175,,dime,5,pass,0,0,0,0
2025,1,IND,MIA,11,4,2,46,23,1036,11,nickel,6,run,6,1,0,0
2025,1,IND,MIA,11,4,1,17,23,731,11,nickel,7,run,1,1,0,0
2025,1,MIA,IND,12,4,11,11,-30,389,,nickel,6,pass,11,1,1,0
2025,1,IND,MIA,13,4,10,30,22,148,,nickel,,field_goal,0,0,0,0
2025,1,MIN,CHI,1,4,3,68,0,3478,,base,,punt,0,0,0,0
2025,1,MIN,CHI,3,4,6,72,-7,3004,,base,,punt,0,0,0,0
2025,1,CHI,MIN,4,4,6,58,7,2764,,,,punt,0,0,0,0
2025,1,MIN,CHI,5,4,8,14,-7,2571,,base,,field_goal,0,0,0,0
2025,1,CHI,MIN,6,4,3,24,4,2339,12,base,5,pass,0,0,0,0
2025,1,MIN,CHI,7,4,1,66,-4,2218,,nickel,,punt,0,0,0,0
2025,1,CHI,MIN,8,4,8,63,4,2163,,,,punt,0,0,0,0
2025,1,MIN,CHI,9,4,18,84,-4,2079,,base,,punt,0,0,0,0
2025,1,CHI,MIN,10,4,2,24,4,1828,,base,,field_goal,0,0,0,0
2025,1,CHI,MIN,13,4,10,78,4,1781,,,,punt,0,0,0,0
2025,1,MIN,CHI,15,4,20,82,-11,1518,,base,,punt,0,0,0,0
2025,1,CHI,MIN,16,4,9,57,11,1347,,,,punt,0,0,0,0
2025,1,MIN,CHI,17,4,2,69,-11,1253,,base,,punt,0,0,0,0
2025,1,CHI,MIN,18,4,18,32,11,900,,base,,field_goal,0,0,0,0
2025,1,CHI,MIN,20,4,19,84,5,651,,,,punt,0,0,0,0
2025,1,CHI,MIN,22,4,14,57,-3,458,,,,punt,0,0,0,0
2025,1,MIN,CHI,25,4,5,69,3,16,,base,,punt,0,0,0,0
2025,1,WAS,NYG,1,4,10,64,0,3462,heavy,base,,punt,0,0,0,0
2025,1,NYG,WAS,2,4,7,74,0,3373,,nickel,,punt,0,0,0,0
2025,1,NYG,WAS,4,4,2,2,-7,2700,11,nickel,6,penalty,1,1,0,0
2025,1,NYG,WAS,4,4,2,2,-7,2640,,,,field_goal,0,0,0,0
2025,1,WAS,NYG,5,4,9,69,4,2597,heavy,base,,punt,0,0,0,0
2025,1,NYG,WAS,6,4,1,76,-4,2507,,nickel,,punt,0,0,0,0
2025,1,NYG,WAS,8,4,21,79,-11,1931,,nickel,,punt,0,0,0,0
2025,1,NYG,WAS,10,4,6,65,-11,1653,,nickel,,punt,0,0,0,0
2025,1,WAS,NYG,11,4,11,60,11,1468,12,base,,punt,0,0,0,0
2025,1,NYG,WAS,12,4,10,71,-11,1417,,nickel,,punt,0,0,0,0
2025,1,WAS,NYG,13,4,5,56,11,1332,12,base,,punt,0,0,0,0
2025,1,NYG,WAS,14,4,1,71,-11,1243,12,nickel,6,run,2,1,0,0
2025,1,NYG,WAS,14,4,14,37,-11,1007,,base,,field_goal,0,0,0,0
2025,1,WAS,NYG,15,4,1,51,8,859,12,base,,punt,0,0,0,0
2025,1,NYG,WAS,16,4,4,51,-8,734,,nickel,,punt,0,0,0,0
2025,1,NYG,WAS,18,4,2,33,-15,239,11,nickel,6,penalty,15,1,0,0
2025,1,NYG,WAS,18,4,3,3,-15,163,11,nickel,6,pass,0,0,0,0
2025,1,NYJ,PIT,1,4,8,17,0,3259,,base,,field_goal,0,0,0,0
2025,1,PIT,NYJ,4,4,6,37,-2,2610,,,,field_goal,0,0,0,0
2025,1,PIT,NYJ,6,4,8,70,-6,2274,,,,punt,0,0,0,0
2025,1,NYJ,PIT,7,4,5,33,6,1979,,,,field_goal,0,0,0,0
2025,1,PIT,NYJ,10,4,6,66,-2,1695,,base,,punt,0,0,0,0
2025,1,NYJ,PIT,11,4,3,77,2,1597,,base,,punt,0,0,0,0
2025,1,PIT,NYJ,12,4,7,63,-2,1448,,base,,punt,0,0,0,0
2025,1,NYJ,PIT,17,4,1,1,-5,426,12,,9,run,1,1,1,0
2025,1,PIT,NYJ,18,4,24,77,-1,329,,base,,punt,0,0,0,0
2025,1,NYJ,PIT,19,4,5,74,1,201,,base,,punt,0,0,0,0
2025,1,PIT,NYJ,20,4,11,42,-1,68,,,,field_goal,0,0,0,0
2025,1,NYJ,PIT,21,4,3,62,-2,25,11,nickel,6,pass,0,0,0,0
2025,1,SEA,SF,1,4,10,47,0,3434,heavy,base,,punt,0,0,0,0
2025,1,SEA,SF,3,4,3,4,-7,2626,11,nickel,6,penalty,3,1,0,0
2025,1,SF,SEA,4,4,5,60,0,2535,11,base,,punt,0,0,0,0
2025,1,SEA,SF,5,4,11,66,0,2476,heavy,base,,punt,0,0,0,0
2025,1,SF,SEA,6,4,7,68,0,2291,11,base,,punt,0,0,0,0
2025,1,SEA,SF,7,4,11,87,0,2174,heavy,base,,punt,0,0,0,0
2025,1,SF,SEA,8,4,8,8,0,1860,,base,,field_goal,0,0,0,0
2025,1,SEA,SF,12,4,3,64,3,1546,heavy,base,,punt,0,0,0,0
2025,1,SF,SEA,13,4,2,30,-3,1173,12,nickel,6,pass,4,1,0,0
2025,1,SF,SEA,13,4,2,18,-3,1041,,base,,field_goal,0,0,0,0
2025,1,SF,SEA,15,4,2,14,-3,678,11,nickel,7,pass,6,1,0,0
2025,1,SF,SEA,15,4,14,14,-3,585,,base,,field_goal,0,0,0,0
2025,1,SEA,SF,16,4,16,69,0,501,heavy,base,,punt,0,0,0,0
2025,1,SEA,SF,18,4,1,19,0,208,,base,,field_goal,0,0,0,0
2025,1,TB,ATL,2,4,8,58,-7,3441,12,base,,punt,0,0,0,0
2025,1,ATL,TB,3,4,8,41,7,3094,heavy,base,,punt,0,0,0,0
2025,1,TB,ATL,4,4,5,87,-7,2999,12,base,,punt,0,0,0,0
2025,1,ATL,TB,5,4,5,57,7,2913,heavy,base,,punt,0,0,0,0
2025,1,TB,ATL,6,4,1,64,-7,2722,12,base,7,pass,6,1,0,0
2025,1,TB,ATL,6,4,6,30,-7,2421,,base,,field_goal,0,0,0,0
2025,1,ATL,TB,7,4,1,47,4,2343,12,base,7,run,0,0,0,0
2025,1,ATL,TB,9,4,1,27,-3,1920,heavy,,8,run,2,1,0,0
2025,1,ATL,TB,9,4,7,22,-3,1857,,base,,field_goal,0,0,0,0
2025,1,TB,ATL,10,4,15,83,0,1820,12,base,,punt,0,0,0,0
2025,1,TB,ATL,12,4,6,26,0,1606,,base,,field_goal,0,0,0,0
2025,1,ATL,TB,13,4,17,73,0,1497,heavy,base,,punt,0,0,0,0
2025,1,ATL,TB,15,4,13,18,-7,923,,base,,field_goal,0,0,0,0
2025,1,TB,ATL,16,4,12,51,4,669,11,base,,punt,0,0,0,0
2025,1,ATL,TB,17,4,2,3,-4,181,11,nickel,6,run,2,1,0,0
2025,1,ATL,TB,17,4,4,4,-4,143,11,nickel,6,run,4,1,1,0
2025,1,TEN,DEN,1,4,6,32,0,3423,,base,,field_goal,0,0,0,0
2025,1,DEN,TEN,2,4,15,21,-3,3219,,,,field_goal,0,0,0,0
2025,1,TEN,DEN,3,4,18,58,0,3023,12,nickel,,punt,0,0,0,0
2025,1,DEN,TEN,6,4,3,61,0,2508,12,,,punt,0,0,0,0
2025,1,TEN,DEN,7,4,1,83,0,2382,12,base,,punt,0,0,0,0
2025,1,TEN,DEN,9,4,15,15,0,1939,,base,,field_goal,0,0,0,0
2025,1,DEN,TEN,10,4,2,52,-3,1854,12,,,punt,0,0,0,0
2025,1,TEN,DEN,11,4,16,99,3,1839,12,nickel,,punt,0,0,0,0
2025,1,TEN,DEN,16,4,1,17,-1,1619,,base,,field_goal,0,0,0,0
2025,1,DEN,TEN,17,4,7,15,-2,1160,,,,field_goal,0,0,0,0
2025,1,TEN,DEN,18,4,25,74,-1,1054,12,nickel,,punt,0,0,0,0
2025,1,DEN,TEN,19,4,6,53,1,900,12,,,punt,0,0,0,0
2025,1,TEN,DEN,20,4,1,66,-1,713,12,base,,punt,0,0,0,1
2025,1,TEN,DEN,21,4,35,49,-1,570,12,nickel,,punt,0,0,0,0
2025,1,TEN,DEN,23,4,13,73,-8,408,12,nickel,,punt,0,0,0,0
2025,1,DEN,TEN,24,4,1,54,8,311,12,base,7,run,0,0,0,0
2025,1,TEN,DEN,25,4,10,46,-8,256,12,nickel,,punt,0,0,0,0
2025,1,DEN,TEN,26,4,8,36,8,65,11,base,6,pass,0,0,0,0
2025,1,TEN,DEN,27,4,10,64,-8,47,11,dime,6,pass,-2,0,0,1
2025,2,ATL,MIN,1,4,7,20,0,3375,,base,,field_goal,0,0,0,0
2025,2,MIN,ATL,2,4,1,64,-3,3266,11,nickel,7,run,0,0,0,0
2025,2,ATL,MIN,3,4,5,10,3,3111,,base,,field_goal,0,0,0,0
2025,2,MIN,ATL,4,4,11,87,-6,2982,11,nickel,,punt,0,0,0,0
2025,2,MIN,ATL,6,4,15,15,-6,2228,,base,,field_goal,0,0,0,0
2025,2,ATL,MIN,7,4,5,59,3,2011,12,,,punt,0,0,0,0
2025,2,ATL,MIN,9,4,6,15,3,1828,,base,,field_goal,0,0,0,0
2025,2,MIN,ATL,11,4,2,70,-3,1751,11,base,,punt,0,0,0,0
2025,2,ATL,MIN,12,4,3,15,3,1280,,base,,field_goal,0,0,0,0
2025,2,MIN,ATL,13,4,1,60,-6,1145,11,nickel,6,run,1,1,0,0
2025,2,MIN,ATL,13,4,9,58,-6,995,11,base,,punt,0,0,0,0
2025,2,ATL,MIN,14,4,14,87,6,910,12,,,punt,0,0,0,0
2025,2,ATL,MIN,16,4,18,36,6,681,,base,,field_goal,0,0,0,0
2025,2,MIN,ATL,17,4,1,72,-9,587,11,base,,punt,0,0,0,0
2025,2,ATL,MIN,18,4,1,11,9,248,12,base,,penalty,5,1,0,0
2025,2,ATL,MIN,20,4,1,88,16,28,12,,,punt,0,0,0,1
2025,2,NYJ,BUF,1,4,11,65,0,3517,,nickel,,punt,0,0,0,0
2025,2,BUF,NYJ,2,4,1,25,0,3325,12,base,7,run,4,1,0,0
2025,2,BUF,NYJ,4,4,8,10,7,3004,,,,field_goal,0,0,0,0
2025,2,NYJ,BUF,5,4,20,55,-10,2861,11,nickel,,punt,0,0,0,0
2025,2,BUF,NYJ,6,4,7,34,10,2646,,,,field_goal,0,0,0,0
2025,2,NYJ,BUF,7,4,17,75,-13,2514,,nickel,,punt,0,0,0,0
2025,2,NYJ,BUF,9,4,3,32,-20,2065,,,,field_goal,0,0,0,0
2025,2,BUF,NYJ,10,4,14,48,17,1855,,base,,punt,0,0,0,0
2025,2,NYJ,BUF,11,4,10,53,-17,1817,,nickel,,punt,0,0,0,0
2025,2,BUF,NYJ,13,4,4,15,17,1444,,,,field_goal,0,0,0,0
2025,2,NYJ,BUF,14,4,1,72,-20,1324,,nickel,,punt,0,0,0,0
2025,2,BUF,NYJ,15,4,1,43,20,1094,11,nickel,6,penalty,5,1,0,0
2025,2,NYJ,BUF,16,4,19,76,-27,840,,nickel,,punt,0,0,0,0
2025,2,BUF,NYJ,17,4,11,62,27,730,,base,,punt,0,0,0,0
2025,2,NYJ,BUF,18,4,2,53,-27,588,11,nickel,7,pass,8,1,0,0
2025,2,NYJ,BUF,18,4,18,53,-27,510,,nickel,,punt,0,0,0,0
2025,2,BUF,NYJ,19,4,8,83,27,410,,base,,punt,0,0,0,0
2025,2,NYJ,BUF,20,4,4,48,-27,363,11,nickel,7,pass,6,1,0,0
2025,2,NYJ,BUF,20,4,2,5,-27,210,11,nickel,6,pass,5,1,1,0
2025,2,ARI,CAR,3,4,11,11,7,3022,,base,,field_goal,0,0,0,0
2025,2,CAR,ARI,4,4,9,9,-10,2753,,base,,field_goal,0,0,0,0
2025,2,ARI,CAR,5,4,16,73,7,2533,heavy,,,punt,0,0,0,0
2025,2,CAR,ARI,6,4,13,45,-7,2250,,nickel,,punt,0,0,0,0
2025,2,ARI,CAR,7,4,10,29,7,1920,,base,,field_goal,0,0,0,0
2025,2,CAR,ARI,8,4,7,86,-10,1864,,nickel,,punt,0,0,0,0
2025,2,CAR,ARI,12,4,1,56,-24,1290,heavy,base,6,run,14,1,0,0
2025,2,ARI,CAR,13,4,1,51,18,855,12,base,7,run,2,1,0,0
2025,2,CAR,ARI,14,4,1,5,-18,312,11,nickel,6,pass,5,1,1,0
2025,2,ARI,CAR,15,4,6,86,12,284,heavy,,,punt,0,0,0,0
2025,2,CAR,ARI,16,4,16,70,-12,201,11,dime,4,pass,26,1,0,0
2025,2,CAR,ARI,17,4,5,46,-5,105,11,nickel,6,penalty,5,1,0,0
2025,2,CAR,ARI,17,4,15,38,-5,33,11,nickel,5,pass,-8,0,0,0
2025,2,DET,CHI,3,4,6,50,0,3119,21,base,,punt,0,0,0,0
2025,2,CHI,DET,4,4,2,82,0,3013,,base,,punt,0,0,0,0
2025,2,DET,CHI,7,4,9,67,7,2691,21,base,,punt,0,0,0,0
2025,2,CHI,DET,8,4,1,63,-7,2599,12,base,8,run,0,0,0,0
2025,2,DET,CHI,9,4,10,37,7,2522,,base,,field_goal,0,0,0,0
2025,2,CHI,DET,15,4,9,75,-14,1732,11,base,,punt,0,0,0,0
2025,2,DET,CHI,16,4,14,16,14,1543,,base,,field_goal,0,0,0,0
2025,2,CHI,DET,17,4,5,54,-17,1365,11,nickel,5,pass,0,0,0,0
2025,2,CHI,DET,19,4,34,78,-24,1167,11,base,,punt,0,0,0,0
2025,2,DET,CHI,22,4,4,4,24,483,11,nickel,6,pass,4,1,1,0
2025,2,CHI,DET,23,4,4,77,-31,370,11,base,,punt,0,0,0,0
2025,2,DET,CHI,24,4,6,67,31,253,21,base,,punt,0,0,0,0
2025,2,CLE,BAL,1,4,8,58,0,3396,,,,punt,0,0,0,0
2025,2,BAL,CLE,2,4,7,73,0,3171,,base,,punt,0,0,0,0
2025,2,CLE,BAL,3,4,6,81,0,3117,,,,punt,0,0,0,0
2025,2,BAL,CLE,4,4,7,25,0,2890,,base,,field_goal,0,0,0,0
2025,2,CLE,BAL,5,4,14,64,-3,2837,,,,punt,0,0,0,0
2025,2,BAL,CLE,6,4,8,76,3,2700,,nickel,,punt,0,0,0,0
2025,2,CLE,BAL,7,4,8,55,-3,2532,,,,punt,0,0,0,0
2025,2,CLE,BAL,9,4,8,40,-10,2292,,base,,punt,0,0,0,0
2025,2,BAL,CLE,10,4,4,85,10,2216,,nickel,,punt,0,0,0,0
2025,2,CLE,BAL,11,4,4,54,-10,2033,,,,punt,0,0,0,0
2025,2,BAL,CLE,12,4,5,91,10,1920,,nickel,,punt,0,0,0,0
2025,2,CLE,BAL,13,4,2,20,-10,1833,,base,,field_goal,0,0,0,0
2025,2,BAL,CLE,14,4,4,68,7,1810,,nickel,,punt,0,0,0,0
2025,2,BAL,CLE,15,4,14,14,7,1649,,base,,field_goal,0,0,0,0
2025,2,BAL,CLE,17,4,2,2,10,1513,heavy,base,8,pass,2,1,1,0
2025,2,CLE,BAL,18,4,3,18,-17,1208,12,nickel,6,pass,18,1,1,0
2025,2,CLE,BAL,20,4,6,33,-17,513,12,nickel,6,pass,-4,0,1,1
2025,2,CLE,BAL,21,4,10,64,-24,382,11,dime,5,pass,0,0,0,0
2025,2,IND,DEN,1,4,7,11,0,3414,,base,,field_goal,0,0,0,0
2025,2,IND,DEN,3,4,7,15,-4,2962,,base,,field_goal,0,0,0,0
2025,2,DEN,IND,4,4,3,58,1,2872,11,base,,punt,0,0,0,0
2025,2,IND,DEN,7,4,1,50,-1,2252,11,nickel,6,run,0,0,0,0
2025,2,DEN,IND,10,4,6,64,1,1829,11,base,,punt,0,0,0,0
2025,2,IND,DEN,13,4,13,18,-8,1246,,base,,field_goal,0,0,0,0
2025,2,DEN,IND,14,4,4,45,5,1070,11,base,,punt,0,0,0,0
2025,2,IND,DEN,15,4,2,50,-5,786,heavy,base,6,pass,0,0,0,0
2025,2,IND,DEN,17,4,8,10,-5,517,,base,,field_goal,0,0,0,0
2025,2,DEN,IND,18,4,9,24,2,199,,base,,field_goal,0,0,0,0
2025,2,IND,DEN,19,4,9,42,-2,3,,base,,penalty,15,1,0,0
2025,2,CIN,JAX,2,4,12,76,-7,3267,21,base,,punt,0,0,0,0
2025,2,CIN,JAX,6,4,19,59,-7,2285,21,base,,punt,0,0,0,0
2025,2,CIN,JAX,8,4,3,13,-7,2012,,base,,field_goal,0,0,0,0
2025,2,JAX,CIN,9,4,12,24,4,1899,,base,,field_goal,0,0,0,0
2025,2,JAX,CIN,13,4,1,72,0,1470,,base,,punt,0,0,0,0
2025,2,JAX,CIN,17,4,7,7,0,707,,base,,field_goal,0,0,0,0
2025,2,CIN,JAX,18,4,12,65,-3,654,21,base,,punt,0,0,0,0
2025,2,JAX,CIN,19,4,2,47,3,369,,,,punt,0,0,0,0
2025,2,JAX,CIN,21,4,5,7,3,227,11,nickel,6,pass,0,0,0,0
2025,2,CIN,JAX,22,4,3,85,-3,165,11,nickel,7,pass,13,1,0,0
2025,2,CIN,JAX,22,4,5,67,-3,114,11,nickel,7,penalty,25,1,0,0
2025,2,LAC,LV,2,4,5,20,0,3527,,,,field_goal,0,0,0,0
2025,2,LV,LAC,3,4,17,36,-3,3247,,,,field_goal,0,0,0,0
2025,2,LAC,LV,4,4,10,65,0,3186,,base,,punt,0,0,0,0
2025,2,LV,LAC,5,4,7,81,0,3045,12,nickel,,punt,0,0,0,0
2025,2,LV,LAC,7,4,15,22,-7,2398,,,,field_goal,0,0,0,0
2025,2,LAC,LV,8,4,6,64,4,2294,,base,,punt,0,0,0,0
2025,2,LV,LAC,9,4,6,63,-4,2082,12,nickel,,punt,0,0,0,0
2025,2,LAC,LV,13,4,2,30,11,1524,,base,7,pass,25,1,0,0
2025,2,LAC,LV,13,4,2,2,11,1353,,,,field_goal,0,0,0,0
2025,2,LV,LAC,14,4,10,18,-14,679,,,,field_goal,0,0,0,0
2025,2,LAC,LV,15,4,1,50,11,494,11,base,8,run,0,0,0,0
2025,2,LAC,LV,17,4,4,74,11,276,,base,,punt,0,0,0,0
2025,2,LV,LAC,18,4,3,60,-11,237,11,dime,6,pass,-11,0,0,0
2025,2,LV,LAC,20,4,6,66,-11,196,11,dime,6,pass,0,0,0,0
2025,2,TEN,LA,1,4,9,71,0,3433,12,base,,punt,0,0,0,0
2025,2,LA,TEN,2,4,1,45,0,3228,11,nickel,6,run,45,1,1,0
2025,2,TEN,LA,3,4,3,58,-7,3105,12,base,,punt,0,0,0,0
2025,2,LA,TEN,4,4,3,66,7,2893,11,,,punt,0,0,0,0
2025,2,TEN,LA,5,4,1,50,-7,2700,12,base,7,run,3,1,0,0
2025,2,TEN,LA,5,4,12,37,-7,2486,,base,,field_goal,0,0,0,0
2025,2,LA,TEN,6,4,3,3,4,2248,,,,field_goal,0,0,0,0
2025,2,TEN,LA,7,4,13,48,-7,2077,12,base,,punt,0,0,0,0
2025,2,LA,TEN,8,4,5,90,7,2003,11,,,punt,0,0,0,0
2025,2,LA,TEN,12,4,3,3,-3,1473,,,,field_goal,0,0,0,0
2025,2,TEN,LA,13,4,11,39,0,1117,,base,,field_goal,0,0,0,0
2025,2,TEN,LA,15,4,5,81,-4,911,12,base,,punt,0,0,0,0
2025,2,LA,TEN,16,4,10,53,4,727,11,,,punt,0,0,0,0
2025,2,TEN,LA,19,4,15,81,-11,556,12,base,,punt,0,0,0,0
2025,2,TEN,LA,21,4,10,17,-17,164,,base,,field_goal,0,0,0,0
2025,2,NE,MIA,1,4,3,43,0,3390,12,base,6,pass,10,1,0,0
2025,2,MIA,NE,2,4,5,70,-6,3184,,dime,,punt,0,0,0,0
2025,2,NE,MIA,5,4,4,4,5,1919,,base,,field_goal,0,0,0,0
2025,2,MIA,NE,8,4,5,22,-1,1546,,base,,field_goal,0,0,0,0
2025,2,NE,MIA,9,4,23,96,-2,1467,,base,,punt,0,0,0,0
2025,2,MIA,NE,10,4,17,26,2,1122,,base,,field_goal,0,0,0,0
2025,2,MIA,NE,12,4,9,53,-3,736,,dime,,punt,0,0,0,0
2025,2,NE,MIA,13,4,25,91,3,459,,nickel,,punt,0,0,1,0
2025,2,MIA,NE,15,4,9,52,-3,141,11,nickel,5,pass,0,0,0,1
2025,2,NE,MIA,16,4,7,35,3,112,,base,,field_goal,0,0,0,0
2025,2,MIA,NE,17,4,12,28,-6,53,11,dime,4,pass,-9,0,0,0
2025,2,NYG,DAL,1,4,13,20,0,3075,,base,,field_goal,0,0,0,0
2025,2,DAL,NYG,2,4,6,64,-3,2998,,nickel,,punt,0,0,0,0
2025,2,NYG,DAL,3,4,7,14,3,2769,,base,,field_goal,0,0,0,0
2025,2,DAL,NYG,4,4,8,67,-6,2657,,nickel,,punt,0,0,0,0
2025,2,NYG,DAL,5,4,4,75,6,2541,,base,,punt,0,0,0,0
2025,2,DAL,NYG,6,4,18,33,-6,2310,,base,,field_goal,0,0,0,0
2025,2,NYG,DAL,9,4,5,72,3,1906,,base,,punt,0,0,0,0
2025,2,NYG,DAL,12,4,3,10,3,1525,11,nickel,5,pass,0,0,0,0
2025,2,NYG,DAL,14,4,10,15,-4,1241,,base,,field_goal,0,0,0,0
2025,2,DAL,NYG,15,4,13,26,1,857,,base,,field_goal,0,0,0,0
2025,2,NYG,DAL,18,4,4,32,-4,170,11,nickel,6,pass,32,1,1,0
2025,2,DAL,NYG,19,4,3,64,-3,126,11,dime,5,pass,11,1,0,0
2025,2,DAL,NYG,22,4,10,58,0,416,,nickel,,punt,0,0,0,0
2025,2,NYG,DAL,23,4,17,79,0,299,12,base,,punt,0,0,0,0
2025,2,DAL,NYG,24,4,10,62,0,181,,nickel,,punt,0,0,0,0
2025,2,PHI,KC,1,4,1,60,0,3440,12,base,8,penalty,5,1,0,0
2025,2,PHI,KC,1,4,5,50,0,3331,,base,,punt,0,0,0,0
2025,2,KC,PHI,2,4,3,84,0,3283,,base,,punt,0,0,0,0
2025,2,PHI,KC,3,4,10,78,0,3216,,base,,punt,0,0,0,0
2025,2,KC,PHI,4,4,13,40,0,3000,,base,,field_goal,0,0,0,0
2025,2,KC,PHI,6,4,19,38,-7,2508,,base,,field_goal,0,0,0,0
2025,2,PHI,KC,7,4,10,76,4,2316,,nickel,,punt,0,0,0,0
2025,2,KC,PHI,8,4,4,42,-4,2160,11,nickel,5,pass,18,1,0,0
2025,2,PHI,KC,9,4,5,39,-3,1802,,,,field_goal,0,0,0,0
2025,2,KC,PHI,10,4,1,64,0,1680,heavy,base,9,run,-1,0,0,0
2025,2,PHI,KC,11,4,8,33,0,1593,,,,field_goal,0,0,0,0
2025,2,KC,PHI,12,4,5,66,-3,1538,,base,,punt,0,0,0,0
2025,2,PHI,KC,13,4,8,63,3,1275,,nickel,,punt,0,0,0,0
2025,2,KC,PHI,14,4,1,13,-3,858,heavy,nickel,7,run,3,1,0,0
2025,2,PHI,KC,15,4,1,1,3,473,12,,9,run,1,1,1,0
2025,2,KC,PHI,16,4,7,71,-10,429,,base,,punt,0,0,0,0
2025,2,PHI,KC,17,4,4,68,10,272,,nickel,,punt,0,0,0,0
2025,2,PIT,SEA,2,4,2,30,-7,2991,,base,,field_goal,0,0,0,0
2025,2,PIT,SEA,4,4,9,30,-4,2838,,base,,field_goal,0,0,0,0
2025,2,SEA,PIT,5,4,1,21,1,2622,heavy,,9,run,2,1,0,0
2025,2,SEA,PIT,5,4,8,17,1,2529,,base,,field_goal,0,0,0,0
2025,2,PIT,SEA,6,4,12,76,-1,2448,,,,punt,0,0,0,0
2025,2,SEA,PIT,7,4,1,49,1,2231,heavy,,,punt,0,0,0,0
2025,2,PIT,SEA,8,4,9,86,-1,2185,,base,,punt,0,0,0,0
2025,2,SEA,PIT,9,4,1,29,1,2021,heavy,,8,pass,0,0,0,1
2025,2,SEA,PIT,11,4,6,52,-7,1827,heavy,base,,punt,0,0,0,0
2025,2,PIT,SEA,13,4,2,64,7,1578,,base,,punt,0,0,0,0
2025,2,SEA,PIT,16,4,10,80,0,1096,heavy,,,punt,0,0,0,0
2025,2,PIT,SEA,17,4,1,52,0,1001,,,,punt,0,0,0,0
2025,2,SEA,PIT,18,4,7,36,0,771,,base,,field_goal,0,0,0,0
2025,2,PIT,SEA,20,4,3,27,-10,474,,base,,field_goal,0,0,0,0
2025,2,PIT,SEA,22,4,13,68,-14,121,11,dime,4,pass,22,1,0,0
2025,2,PIT,SEA,22,4,10,46,-14,79,11,dime,5,pass,0,0,0,1
2025,2,SEA,PIT,23,4,11,55,14,53,heavy,,,punt,0,0,0,0
2025,2,NO,SF,1,4,6,22,0,3493,,base,,field_goal,0,0,0,0
2025,2,SF,NO,2,4,10,70,0,3478,11,base,,punt,0,0,0,0
2025,2,NO,SF,3,4,10,41,0,3388,11,base,,punt,0,0,0,0
2025,2,NO,SF,5,4,16,74,-6,2792,11,base,,punt,0,0,0,0
2025,2,SF,NO,6,4,14,26,6,2487,,base,,field_goal,0,0,0,0
2025,2,NO,SF,7,4,9,70,-9,2357,11,base,,punt,0,0,0,0
2025,2,SF,NO,8,4,13,70,9,2218,11,base,,punt,0,0,0,0
2025,2,NO,SF,13,4,1,21,-9,1450,21,nickel,6,run,3,1,0,0
2025,2,SF,NO,14,4,2,28,2,1104,,base,,field_goal,0,0,0,0
2025,2,SF,NO,18,4,6,48,5,281,11,base,,punt,0,0,0,0
2025,2,NO,SF,19,4,11,90,-5,192,11,base,,punt,0,0,0,0
2025,2,SF,NO,20,4,6,45,5,167,11,base,,punt,0,0,0,0
2025,2,NO,SF,21,4,1,58,-5,63,11,nickel,6,pass,-9,0,0,0
2025,2,HOU,TB,3,4,9,17,0,2909,,base,,field_goal,0,0,0,0
2025,2,HOU,TB,5,4,8,58,-4,2260,,base,,punt,0,0,0,0
2025,2,TB,HOU,6,4,9,74,4,1974,12,,,punt,0,0,0,0
2025,2,HOU,TB,7,4,14,48,-4,1838,,base,,punt,0,0,0,0
2025,2,TB,HOU,8,4,1,71,4,1814,12,,,punt,0,0,0,0
2025,2,TB,HOU,10,4,9,57,4,1591,12,,,punt,0,0,0,0
2025,2,HOU,TB,11,4,11,61,-4,1391,,base,,punt,0,0,0,0
2025,2,TB,HOU,12,4,7,79,4,1249,12,,,punt,0,0,0,0
2025,2,HOU,TB,13,4,15,72,-4,1157,,base,,punt,0,0,0,0
2025,2,TB,HOU,14,4,9,19,4,965,,,,field_goal,0,0,0,0
2025,2,HOU,TB,15,4,1,1,-4,679,12,base,8,pass,0,0,0,0
2025,2,TB,HOU,16,4,6,55,4,383,12,,,punt,0,0,0,0
2025,2,HOU,TB,17,4,10,35,-4,327,,base,,field_goal,0,0,0,0
2025,2,TB,HOU,18,4,16,71,1,198,,,,punt,0,0,0,0
2025,2,TB,HOU,20,4,10,68,-5,84,11,nickel,6,run,15,1,0,0
2025,2,GB,WAS,1,4,3,33,0,3330,11,dime,6,pass,0,0,0,0
2025,2,WAS,GB,2,4,4,61,0,3197,12,,,punt,0,0,0,0
2025,2,WAS,GB,4,4,15,70,-7,2828,12,base,,punt,0,0,0,0
2025,2,GB,WAS,5,4,4,70,7,2700,,nickel,,punt,0,0,0,0
2025,2,WAS,GB,6,4,9,43,-7,2550,12,,,punt,0,0,0,0
2025,2,WAS,GB,8,4,5,33,-14,2072,,,,field_goal,0,0,0,0
2025,2,GB,WAS,9,4,11,74,11,1934,,nickel,,punt,0,0,0,0
2025,2,WAS,GB,10,4,4,40,-11,1819,,,,field_goal,0,0,0,0
2025,2,WAS,GB,12,4,13,34,-11,1620,,,,field_goal,0,0,0,0
2025,2,GB,WAS,13,4,4,4,11,1300,,base,,field_goal,0,0,0,0
2025,2,WAS,GB,14,4,3,66,-14,1212,21,base,,punt,0,0,0,0
2025,2,GB,WAS,15,4,8,89,14,1121,,nickel,,punt,0,0,0,0
2025,2,WAS,GB,16,4,1,41,-14,1037,11,nickel,6,run,1,1,0,0
2025,2,WAS,GB,16,4,7,37,-14,922,11,nickel,5,penalty,5,1,0,0
2025,2,WAS,GB,18,4,4,59,-14,465,11,nickel,7,pass,0,0,0,0
2025,2,GB,WAS,19,4,8,38,14,407,,base,,field_goal,0,0,0,0
2025,2,GB,WAS,21,4,11,53,9,116,,nickel,,punt,0,0,0,0
2025,2,WAS,GB,22,4,10,67,-9,57,11,nickel,6,pass,0,0,0,0
2025,3,ARI,SF,1,4,1,52,0,3481,21,base,7,run,1,1,0,0
2025,3,ARI,SF,1,4,8,39,0,3199,,nickel,,field_goal,0,0,0,0
2025,3,SF,ARI,2,4,4,47,0,3118,11,,,punt,0,0,0,0
2025,3,ARI,SF,3,4,9,59,0,2761,12,base,,punt,0,0,0,0
2025,3,SF,ARI,4,4,9,76,0,2700,11,base,,punt,0,0,0,0
2025,3,ARI,SF,5,4,5,16,0,2328,,base,,field_goal,0,0,0,0
2025,3,SF,ARI,6,4,10,19,-3,2066,,base,,field_goal,0,0,0,0
2025,3,ARI,SF,7,4,1,63,0,1939,12,,,punt,0,0,0,0
2025,3,SF,ARI,8,4,4,33,0,1820,,base,,field_goal,0,0,0,0
2025,3,SF,ARI,10,4,10,54,3,1704,11,base,,punt,0,0,0,0
2025,3,ARI,SF,11,4,4,49,-3,1456,11,nickel,6,pass,5,1,0,0
2025,3,ARI,SF,11,4,5,9,-3,1300,,base,,field_goal,0,0,0,0
2025,3,SF,ARI,12,4,1,1,0,920,11,base,7,pass,0,0,0,0
2025,3,ARI,SF,13,4,11,99,0,851,12,base,,punt,0,0,0,0
2025,3,SF,ARI,14,4,2,40,0,726,11,dime,7,pass,34,1,0,0
2025,3,ARI,SF,17,4,5,56,0,216,12,,,punt,0,0,0,0
2025,3,ARI,SF,19,4,9,50,2,114,12,base,,punt,0,0,0,0
2025,3,ATL,CAR,1,4,8,31,0,3354,,base,,field_goal,0,0,0,0
2025,3,CAR,ATL,2,4,3,39,0,3198,11,nickel,6,pass,23,1,0,0
2025,3,ATL,CAR,3,4,6,70,-7,3014,12,,,punt,0,0,0,1
2025,3,ATL,CAR,4,4,13,36,-7,2913,,base,,field_goal,0,0,0,0
2025,3,CAR,ATL,5,4,12,47,7,2710,,base,,punt,0,0,0,0
2025,3,ATL,CAR,6,4,8,43,-7,2452,12,,,punt,0,0,0,0
2025,3,CAR,ATL,7,4,7,39,7,2129,,base,,field_goal,0,0,0,0
2025,3,ATL,CAR,8,4,5,56,-10,1964,12,,,punt,0,0,0,0
2025,3,CAR,ATL,9,4,16,75,10,1870,,,,punt,0,0,0,0
2025,3,CAR,ATL,11,4,10,58,10,1652,,base,,punt,0,0,0,0
2025,3,ATL,CAR,13,4,4,55,-17,1468,11,dime,6,pass,0,0,0,0
2025,3,CAR,ATL,14,4,9,17,17,1192,,base,,field_goal,0,0,0,0
2025,3,ATL,CAR,15,4,8,31,-20,994,11,dime,5,pass,0,0,0,1
2025,3,CAR,ATL,16,4,1,1,20,651,12,,10,run,1,1,1,0
2025,3,ATL,CAR,17,4,4,56,-27,486,11,dime,5,pass,0,0,0,0
2025,3,CAR,ATL,18,4,3,23,27,225,,base,,field_goal,0,0,0,0
2025,3,CIN,MIN,2,4,10,71,-7,3388,21,,,punt,0,0,0,0
2025,3,MIN,CIN,3,4,19,83,7,3242,11,base,,punt,0,0,0,0
2025,3,CIN,MIN,5,4,17,82,-14,2939,21,,,punt,0,0,0,0
2025,3,MIN,CIN,6,4,6,53,14,2805,11,base,,punt,0,0,0,0
2025,3,CIN,MIN,7,4,16,89,-14,2634,21,,,punt,0,0,0,0
2025,3,MIN,CIN,8,4,6,17,14,2363,,base,,field_goal,0,0,0,0
2025,3,CIN,MIN,9,4,8,27,-17,2086,,base,,field_goal,0,0,0,0
2025,3,MIN,CIN,10,4,16,83,14,1979,11,base,,punt,0,0,0,0
2025,3,MIN,CIN,15,4,7,44,28,1803,,,,field_goal,0,0,0,0
2025,3,CIN,MIN,16,4,7,73,-31,1675,12,,,punt,0,0,0,0
2025,3,CIN,MIN,20,4,1,21,-45,750,12,base,7,penalty,6,1,0,0
2025,3,MIN,CIN,21,4,7,62,38,620,11,base,,punt,0,0,0,0
2025,3,CIN,MIN,22,4,14,84,-38,494,12,,,punt,0,0,0,0
2025,3,MIN,CIN,23,4,4,51,38,365,11,base,,punt,0,0,0,0
2025,3,CIN,MIN,24,4,4,85,-38,233,12,base,,punt,0,0,0,0
2025,3,MIN,CIN,25,4,6,37,38,33,11,nickel,6,pass,20,1,0,0
2025,3,CHI,DAL,1,4,12,83,0,3506,12,base,,punt,0,0,0,0
2025,3,DAL,CHI,4,4,2,34,-7,2966,,base,,field_goal,0,0,0,0
2025,3,DAL,CHI,6,4,8,15,-11,2633,,base,,field_goal,0,0,0,0
2025,3,CHI,DAL,7,4,9,64,8,2541,12,base,,punt,0,0,0,0
2025,3,CHI,DAL,9,4,10,11,0,2059,,base,,field_goal,0,0,0,0
2025,3,DAL,CHI,10,4,4,70,-3,1956,,base,,punt,0,0,0,0
2025,3,DAL,CHI,13,4,15,54,-10,1512,,base,,punt,0,0,0,0
2025,3,CHI,DAL,14,4,4,4,10,914,11,nickel,5,pass,4,1,1,0
2025,3,CHI,DAL,16,4,6,44,17,546,12,base,,punt,0,0,0,0
2025,3,DAL,CHI,17,4,2,84,-17,454,11,nickel,5,pass,6,1,0,0
2025,3,DAL,CHI,17,4,5,73,-17,401,11,dime,7,pass,10,1,0,0
2025,3,DAL,CHI,17,4,1,1,-17,293,11,nickel,6,pass,0,0,0,1
2025,3,CHI,DAL,18,4,3,73,17,268,12,base,,punt,0,0,0,0
2025,3,LAC,DEN,1,4,8,13,0,3417,,base,,field_goal,0,0,0,0
2025,3,DEN,LAC,2,4,3,60,-3,3323,12,nickel,,punt,0,0,0,0
2025,3,LAC,DEN,3,4,4,73,3,3233,,base,,penalty,5,1,0,0
2025,3,LAC,DEN,3,4,14,61,3,3131,,base,,punt,0,0,0,0
2025,3,DEN,LAC,4,4,11,62,-3,2998,12,nickel,,punt,0,0,0,0
2025,3,LAC,DEN,5,4,18,90,3,2868,,base,,punt,0,0,0,0
2025,3,DEN,LAC,6,4,12,48,-3,2807,12,base,,punt,0,0,0,0
2025,3,DEN,LAC,8,4,19,63,-3,2167,12,nickel,,punt,0,0,0,0
2025,3,DEN,LAC,10,4,2,52,-10,1846,12,nickel,,pass,52,1,1,0
2025,3,LAC,DEN,11,4,9,74,3,1811,,base,,punt,0,0,0,0
2025,3,DEN,LAC,15,4,4,24,4,1626,,,,field_goal,0,0,0,0
2025,3,LAC,DEN,16,4,6,6,-7,1238,,base,,field_goal,0,0,0,0
2025,3,DEN,LAC,17,4,9,65,4,1126,12,nickel,,punt,0,0,0,0
2025,3,LAC,DEN,18,4,5,81,-4,1038,,base,,punt,0,0,0,0
2025,3,DEN,LAC,19,4,1,32,4,861,12,base,,penalty,5,1,0,0
2025,3,DEN,LAC,19,4,8,8,4,744,,,,field_goal,0,0,0,0
2025,3,LAC,DEN,20,4,10,41,-7,471,,base,,punt,0,0,0,0
2025,3,DEN,LAC,21,4,1,71,7,315,12,base,,punt,0,0,0,0
2025,3,DEN,LAC,23,4,10,78,0,113,12,nickel,,punt,0,0,0,0
2025,3,DET,BAL,1,4,3,11,0,3327,11,nickel,6,pass,7,1,0,0
2025,3,DET,BAL,3,4,11,69,0,2907,21,,,punt,0,0,0,0
2025,3,BAL,DET,4,4,3,66,0,2815,,base,,punt,0,0,0,0
2025,3,BAL,DET,6,4,2,2,-7,1890,11,base,8,pass,-18,0,0,0
2025,3,DET,BAL,7,4,10,75,7,1865,21,,,punt,0,0,0,0
2025,3,BAL,DET,12,4,10,60,0,1127,,base,,punt,0,0,0,0
2025,3,DET,BAL,13,4,1,4,0,900,heavy,,8,run,4,1,1,0
2025,3,BAL,DET,14,4,13,23,-7,584,,base,,field_goal,0,0,0,0
2025,3,DET,BAL,15,4,5,60,4,522,11,base,,punt,0,0,0,0
2025,3,DET,BAL,17,4,21,27,4,399,,,,field_goal,0,0,0,0
2025,3,BAL,DET,18,4,9,68,-7,272,,base,,punt,0,0,0,0
2025,3,DET,BAL,19,4,2,51,7,116,11,nickel,7,pass,20,1,0,0
2025,3,CLE,GB,1,4,5,44,0,3334,,,,punt,0,0,0,0
2025,3,GB,CLE,2,4,7,77,0,3261,,base,,punt,0,0,0,0
2025,3,CLE,GB,3,4,4,73,0,3146,,nickel,,punt,0,0,0,0
2025,3,GB,CLE,4,4,9,21,0,2697,,,,field_goal,0,0,0,0
2025,3,CLE,GB,5,4,14,52,-3,2462,,base,,punt,0,0,0,0
2025,3,GB,CLE,6,4,30,58,3,1930,,base,,punt,0,0,0,0
2025,3,CLE,GB,7,4,8,43,-3,1812,11,nickel,6,pass,0,0,0,1
2025,3,GB,CLE,9,4,11,75,3,1660,,base,,punt,0,0,0,0
2025,3,CLE,GB,10,4,18,79,-3,1572,,nickel,,punt,0,0,0,0
2025,3,CLE,GB,12,4,4,54,-10,979,,base,,punt,0,0,0,0
2025,3,GB,CLE,13,4,12,67,10,900,,base,,punt,0,0,0,0
2025,3,CLE,GB,14,4,1,66,-10,821,12,base,9,run,1,1,0,0
2025,3,CLE,GB,14,4,5,60,-10,702,,nickel,,punt,0,0,0,0
2025,3,GB,CLE,15,4,11,63,10,574,,base,,punt,0,0,0,0
2025,3,CLE,GB,16,4,17,17,-10,225,,,,field_goal,0,0,0,0
2025,3,GB,CLE,19,4,13,25,0,27,,,,field_goal,0,0,0,0
2025,3,HOU,JAX,1,4,3,58,0,3514,,base,,punt,0,0,0,0
2025,3,JAX,HOU,2,4,3,90,0,3380,,,,punt,0,0,0,0
2025,3,HOU,JAX,3,4,12,33,0,3105,,base,,field_goal,0,0,0,0
2025,3,HOU,JAX,5,4,14,84,-7,2742,,base,,punt,0,0,0,0
2025,3,JAX,HOU,6,4,6,54,7,2640,,,,punt,0,0,0,0
2025,3,HOU,JAX,7,4,4,9,-7,2217,,base,,field_goal,0,0,0,0
2025,3,JAX,HOU,8,4,5,75,4,2155,,,,punt,0,0,0,0
2025,3,HOU,JAX,9,4,1,56,-4,2065,,base,,punt,0,0,0,0
2025,3,JAX,HOU,10,4,31,90,4,1929,,,,punt,0,0,0,0
2025,3,HOU,JAX,11,4,4,52,-4,1861,,base,,punt,0,0,0,0
2025,3,JAX,HOU,12,4,2,56,4,1811,,,,punt,0,0,0,0
2025,3,JAX,HOU,14,4,10,33,4,1380,,,,penalty,15,1,0,0
2025,3,JAX,HOU,14,4,13,21,4,1287,,,,field_goal,0,0,0,0
2025,3,HOU,JAX,15,4,21,81,-7,1138,,base,,punt,0,0,0,0
2025,3,JAX,HOU,16,4,1,29,7,975,,,,field_goal,0,0,0,0
2025,3,JAX,HOU,18,4,3,68,7,740,,base,,punt,0,0,0,0
2025,3,HOU,JAX,19,4,4,86,-7,595,,base,,punt,0,0,0,0
2025,3,JAX,HOU,22,4,2,47,0,378,11,nickel,6,pass,0,0,0,0
2025,3,HOU,JAX,25,4,3,67,-7,72,11,nickel,6,pass,13,1,0,0
2025,3,TEN,IND,2,4,11,39,-7,3465,,,,field_goal,0,0,0,0
2025,3,IND,TEN,3,4,3,6,4,3160,,base,,field_goal,0,0,0,0
2025,3,TEN,IND,4,4,19,75,-7,3023,heavy,base,,punt,0,0,0,0
2025,3,TEN,IND,6,4,10,24,-14,2454,,,,field_goal,0,0,0,0
2025,3,IND,TEN,7,4,5,55,11,2360,12,,,punt,0,0,0,0
2025,3,TEN,IND,8,4,8,47,-11,2139,,,,field_goal,0,0,0,0
2025,3,IND,TEN,9,4,8,32,11,1999,,base,,field_goal,0,0,0,0
2025,3,TEN,IND,10,4,6,44,-11,1842,,,,field_goal,0,0,0,0
2025,3,IND,TEN,14,4,1,54,14,1080,11,nickel,8,run,2,1,0,0
2025,3,TEN,IND,15,4,4,20,-21,724,11,nickel,7,penalty,5,1,0,0
2025,3,TEN,IND,15,4,8,8,-21,525,11,nickel,6,pass,8,1,1,0
2025,3,TEN,IND,17,4,11,67,-21,285,11,nickel,6,pass,0,0,0,0
2025,3,IND,TEN,18,4,1,23,21,142,heavy,base,7,run,2,1,0,0
2025,3,NYG,KC,1,4,3,28,0,3250,12,nickel,7,pass,0,0,0,0
2025,3,KC,NYG,2,4,10,36,0,2929,,base,,field_goal,0,0,0,0
2025,3,NYG,KC,3,4,6,47,-3,2720,,nickel,,punt,0,0,0,0
2025,3,KC,NYG,4,4,7,30,3,2392,,base,,field_goal,0,0,0,0
2025,3,KC,NYG,6,4,12,22,6,2128,,base,,field_goal,0,0,0,0
2025,3,KC,NYG,8,4,19,87,0,1881,,nickel,,punt,0,0,0,0
2025,3,NYG,KC,12,4,4,48,-10,1186,,nickel,,punt,0,0,0,0
2025,3,KC,NYG,13,4,1,54,10,979,,base,,punt,0,0,0,0
2025,3,NYG,KC,14,4,6,45,-10,841,11,dime,6,penalty,5,1,0,0
2025,3,NYG,KC,14,4,5,7,-10,615,,,,field_goal,0,0,0,0
2025,3,NYG,KC,16,4,5,30,-13,213,11,dime,6,pass,26,1,0,0
2025,3,NYG,KC,16,4,10,10,-13,155,11,nickel,6,pass,0,0,0,0
2025,3,KC,NYG,17,4,4,84,13,134,,nickel,,punt,0,0,0,0
2025,3,NYG,KC,18,4,6,57,-13,109,11,dime,6,run,2,0,0,0
2025,3,PHI,LA,2,4,2,30,0,3376,heavy,base,6,run,18,1,0,0
2025,3,PHI,LA,2,4,1,3,0,3248,12,base,8,run,1,1,0,0
2025,3,LA,PHI,3,4,6,33,-7,2945,,base,,field_goal,0,0,0,0
2025,3,PHI,LA,4,4,15,85,4,2849,,base,,punt,0,0,0,0
2025,3,PHI,LA,6,4,18,89,-3,2700,,base,,punt,0,0,0,0
2025,3,LA,PHI,7,4,10,10,3,2358,,base,,field_goal,0,0,0,0
2025,3,PHI,LA,8,4,7,88,-6,2275,,base,,punt,0,0,0,0
2025,3,LA,PHI,9,4,3,15,6,2026,,base,,field_goal,0,0,0,0
2025,3,PHI,LA,10,4,9,85,-9,1920,,,,punt,0,0,0,0
2025,3,LA,PHI,11,4,2,28,9,1814,,base,,field_goal,0,0,0,0
2025,3,LA,PHI,16,4,2,49,12,1430,12,base,,punt,0,0,0,0
2025,3,PHI,LA,17,4,1,11,-12,1127,12,base,8,run,1,1,0,0
2025,3,LA,PHI,18,4,1,46,5,853,12,base,6,run,-1,0,0,0
2025,3,PHI,LA,19,4,7,50,-5,744,11,dime,6,pass,0,0,0,0
2025,3,LA,PHI,20,4,2,18,5,526,,base,,field_goal,0,0,0,0
2025,3,PHI,LA,21,4,4,4,-5,111,11,dime,5,pass,4,1,1,0
2025,3,LV,WAS,2,4,14,19,-7,3289,,base,,field_goal,0,0,0,0
2025,3,LV,WAS,4,4,6,72,-4,3033,12,nickel,,punt,0,0,0,0
2025,3,WAS,LV,5,4,5,19,4,2785,,,,field_goal,0,0,0,0
2025,3,LV,WAS,6,4,10,73,-4,2727,12,nickel,,punt,0,0,0,0
2025,3,WAS,LV,7,4,7,28,4,2400,,,,field_goal,0,0,0,0
2025,3,LV,WAS,10,4,1,61,-7,1920,12,base,8,run,2,1,0,0
2025,3,LV,WAS,10,4,15,64,-7,1836,11,nickel,,punt,0,0,0,0
2025,3,LV,WAS,12,4,12,72,-10,1671,11,base,,punt,0,0,0,0
2025,3,WAS,LV,13,4,18,87,10,1564,12,,,punt,0,0,0,0
2025,3,LV,WAS,14,4,12,66,-10,1494,11,,,punt,0,0,1,0
2025,3,LV,WAS,15,4,15,75,-17,1234,11,base,,punt,0,0,0,0
2025,3,LV,WAS,17,4,1,43,-24,921,12,base,8,run,3,1,0,0
2025,3,WAS,LV,18,4,20,39,18,415,12,,,punt,0,0,0,0
2025,3,LV,WAS,19,4,1,49,-18,292,11,nickel,6,run,0,0,0,0
2025,3,WAS,LV,20,4,21,62,18,271,12,base,,punt,0,0,0,0
2025,3,MIA,BUF,3,4,3,78,0,2857,,nickel,,punt,0,0,0,0
2025,3,MIA,BUF,5,4,9,73,-7,2452,,nickel,,punt,0,0,0,0
2025,3,BUF,MIA,6,4,15,21,7,2167,,nickel,,field_goal,0,0,0,0
2025,3,MIA,BUF,10,4,11,72,-7,1434,,nickel,,punt,0,0,0,0
2025,3,BUF,MIA,11,4,3,73,7,1303,,nickel,,punt,0,0,0,0
2025,3,MIA,BUF,12,4,5,59,-7,1240,,nickel,,punt,0,0,0,0
2025,3,BUF,MIA,13,4,10,69,7,1092,,nickel,,punt,0,0,0,0
2025,3,MIA,BUF,14,4,4,36,-7,856,11,dime,5,pass,15,1,0,0
2025,3,BUF,MIA,15,4,7,51,0,620,,base,,penalty,15,1,0,0
2025,3,BUF,MIA,17,4,5,30,7,27,,nickel,,field_goal,0,0,0,0
2025,3,NO,SEA,1,4,2,45,0,3446,11,nickel,6,pass,0,0,0,0
2025,3,NO,SEA,3,4,5,66,-7,3171,11,base,,punt,0,0,1,0
2025,3,NO,SEA,4,4,12,70,-14,2998,11,base,,punt,0,0,0,0
2025,3,NO,SEA,6,4,4,9,-21,2571,,base,,field_goal,0,0,0,0
2025,3,NO,SEA,8,4,6,68,-25,2384,11,base,,punt,0,0,0,0
2025,3,NO,SEA,10,4,2,33,-32,1973,,base,,field_goal,0,0,0,0
2025,3,SEA,NO,11,4,5,38,32,1894,,base,,field_goal,0,0,0,0
2025,3,SEA,NO,13,4,13,28,32,1593,,base,,field_goal,0,0,0,0
2025,3,NO,SEA,14,4,12,78,-35,1505,11,base,,punt,0,0,0,0
2025,3,SEA,NO,15,4,9,19,35,1182,,base,,field_goal,0,0,0,0
2025,3,SEA,NO,17,4,8,63,31,781,,base,,punt,0,0,0,0
2025,3,NO,SEA,18,4,4,38,-31,674,11,nickel,7,pass,0,0,0,1
2025,3,SEA,NO,19,4,4,58,31,540,,base,,punt,0,0,0,0
2025,3,NO,SEA,20,4,7,84,-31,481,11,base,,punt,0,0,0,0
2025,3,NO,SEA,22,4,4,60,-31,166,11,base,,punt,0,0,0,0
2025,3,NYJ,TB,1,4,4,20,0,3235,,base,,field_goal,0,0,0,0
2025,3,TB,NYJ,2,4,20,35,-3,2846,,,,field_goal,0,0,0,0
2025,3,NYJ,TB,3,4,5,24,0,2644,,base,,field_goal,0,0,0,0
2025,3,NYJ,TB,5,4,1,56,-4,2353,11,nickel,6,run,-1,0,0,0
2025,3,TB,NYJ,6,4,13,46,4,2267,,base,,punt,0,0,0,0
2025,3,NYJ,TB,7,4,4,76,-4,2150,,base,,punt,0,0,0,0
2025,3,TB,NYJ,8,4,17,77,4,2057,,base,,punt,0,0,0,0
2025,3,TB,NYJ,10,4,9,15,4,1907,,,,field_goal,0,0,0,0
2025,3,NYJ,TB,11,4,20,75,-7,1891,,base,,punt,0,0,0,0
2025,3,TB,NYJ,12,4,2,69,7,1852,,base,,punt,0,0,0,0
2025,3,TB,NYJ,15,4,10,10,14,1254,,,,field_goal,0,0,0,0
2025,3,NYJ,TB,16,4,12,47,-17,935,11,nickel,6,pass,9,0,0,0
2025,3,TB,NYJ,17,4,9,60,17,855,,base,,punt,0,0,0,0
2025,3,TB,NYJ,19,4,16,37,10,378,,,,field_goal,0,0,0,0
2025,3,NYJ,TB,20,4,4,4,-13,226,12,nickel,7,pass,4,1,1,0
2025,3,TB,NYJ,21,4,6,25,6,120,,,,field_goal,0,0,1,0
2025,3,NE,PIT,3,4,9,59,-7,3021,,nickel,,punt,0,0,0,0
2025,3,PIT,NE,6,4,5,61,7,2248,,dime,,punt,0,0,0,0
2025,3,NE,PIT,7,4,1,85,-7,2154,12,base,7,run,10,1,0,0
2025,3,PIT,NE,11,4,12,82,7,1595,,dime,,punt,0,0,0,0
2025,3,PIT,NE,13,4,7,54,7,1427,,dime,,punt,0,0,0,0
2025,3,NE,PIT,14,4,1,46,-7,1069,11,nickel,6,penalty,5,1,0,0
2025,3,NE,PIT,14,4,2,16,-7,900,12,nickel,7,pass,16,1,1,0
2025,3,PIT,NE,15,4,8,43,0,755,,nickel,,punt,0,0,0,0
2025,3,NE,PIT,16,4,1,40,0,508,21,,8,run,7,1,0,0
2025,3,NE,PIT,18,4,1,28,-7,67,11,nickel,8,pass,-1,0,0,0
2025,4,KC,BAL,2,4,2,45,-7,3178,11,nickel,5,pass,4,1,0,0
2025,4,KC,BAL,2,4,6,20,-7,3044,,base,,field_goal,0,0,0,0
2025,4,KC,BAL,4,4,1,36,-4,2660,11,base,7,run,2,1,0,0
2025,4,KC,BAL,4,4,5,5,-4,2403,,base,,field_goal,0,0,0,0
2025,4,BAL,KC,5,4,15,79,1,2218,,nickel,,punt,0,0,0,0
2025,4,BAL,KC,7,4,1,59,-6,1981,11,nickel,6,pass,0,0,0,0
2025,4,KC,BAL,10,4,11,37,13,1831,,base,,field_goal,0,0,0,0
2025,4,BAL,KC,13,4,5,14,-17,1346,,,,field_goal,0,0,0,0
2025,4,KC,BAL,14,4,11,12,14,970,,base,,field_goal,0,0,0,0
2025,4,BAL,KC,15,4,2,76,-17,867,11,nickel,7,pass,0,0,0,0
2025,4,KC,BAL,16,4,1,15,17,800,11,nickel,7,pass,15,1,1,0
2025,4,BAL,KC,17,4,3,62,-24,753,11,dime,6,pass,9,1,0,0
2025,4,BAL,KC,17,4,5,35,-24,618,11,nickel,7,pass,0,0,0,0
2025,4,KC,BAL,18,4,1,45,24,345,11,nickel,6,run,3,1,0,0
2025,4,KC,BAL,18,4,19,51,24,215,,base,,punt,0,0,0,0
2025,4,NE,CAR,2,4,8,63,-6,3266,,base,,punt,0,0,0,0
2025,4,CAR,NE,3,4,8,43,6,3055,,nickel,,punt,0,0,1,0
2025,4,CAR,NE,4,4,11,41,-1,2885,,nickel,,punt,0,0,0,0
2025,4,CAR,NE,6,4,16,37,-8,2399,,base,,field_goal,0,0,0,0
2025,4,CAR,NE,8,4,13,78,-15,2063,,dime,,punt,0,0,0,0
2025,4,CAR,NE,10,4,10,54,-22,1836,,nickel,,punt,0,0,0,0
2025,4,NE,CAR,11,4,5,93,22,1812,,base,,punt,0,0,0,0
2025,4,CAR,NE,14,4,5,35,-29,1293,11,nickel,6,pass,0,0,0,0
2025,4,NE,CAR,15,4,4,59,29,1172,,nickel,,punt,0,0,0,0
2025,4,CAR,NE,16,4,6,95,-29,1054,,dime,,punt,0,0,0,0
2025,4,NE,CAR,17,4,3,34,29,919,11,nickel,7,pass,30,1,0,0
2025,4,CAR,NE,18,4,2,41,-36,622,11,nickel,6,pass,0,0,0,0
2025,4,NE,CAR,19,4,2,51,36,527,,nickel,,punt,0,0,0,0
2025,4,CAR,NE,20,4,2,2,-36,120,11,nickel,7,pass,2,1,1,0
2025,4,CHI,LV,1,4,3,64,0,3504,11,base,,punt,0,0,0,0
2025,4,CHI,LV,3,4,14,28,0,3298,,,,field_goal,0,0,0,0
2025,4,LV,CHI,4,4,1,65,-3,3141,12,nickel,7,run,-11,0,0,1
2025,4,CHI,LV,7,4,1,60,-4,2613,11,base,6,pass,7,1,0,0
2025,4,CHI,LV,7,4,26,40,-4,2430,11,base,,punt,0,0,0,0
2025,4,CHI,LV,9,4,21,25,-4,2066,,,,field_goal,0,0,0,0
2025,4,CHI,LV,11,4,9,34,-8,1858,,,,field_goal,0,0,0,0
2025,4,CHI,LV,16,4,6,64,-5,1123,11,base,,punt,0,0,0,0
2025,4,LV,CHI,17,4,3,92,5,982,12,base,,punt,0,0,0,0
2025,4,CHI,LV,18,4,24,33,-5,703,,,,field_goal,0,0,0,0
2025,4,LV,CHI,19,4,11,11,2,408,,base,,field_goal,0,0,0,0
2025,4,LV,CHI,21,4,3,36,-1,38,,base,,field_goal,0,0,0,0
2025,4,CIN,DEN,1,4,2,8,0,3251,,base,,field_goal,0,0,0,0
2025,4,DEN,CIN,2,4,2,62,-3,3115,11,base,,punt,0,0,0,0
2025,4,CIN,DEN,3,4,7,60,3,2970,12,base,,punt,0,0,0,0
2025,4,CIN,DEN,5,4,15,56,-4,2521,12,base,,punt,0,0,0,0
2025,4,CIN,DEN,7,4,10,86,-11,2304,12,base,,punt,0,0,0,0
2025,4,DEN,CIN,8,4,1,2,11,1924,11,nickel,6,pass,0,0,0,1
2025,4,CIN,DEN,9,4,9,79,-11,1884,12,base,,punt,0,0,0,0
2025,4,DEN,CIN,12,4,9,56,18,1664,11,base,,punt,0,0,0,0
2025,4,CIN,DEN,13,4,2,62,-18,1568,12,base,,punt,0,0,0,0
2025,4,DEN,CIN,14,4,9,55,18,1288,11,nickel,,punt,0,0,0,0
2025,4,CIN,DEN,15,4,17,51,-18,1080,12,base,,punt,0,0,0,0
2025,4,DEN,CIN,16,4,9,56,18,774,11,nickel,,punt,0,0,0,0
2025,4,CIN,DEN,17,4,16,78,-18,681,12,base,,punt,0,0,0,0
2025,4,CIN,DEN,19,4,3,58,-25,180,12,base,,punt,0,0,0,0
2025,4,DET,CLE,1,4,3,49,0,3473,heavy,base,,punt,0,0,0,0
2025,4,CLE,DET,2,4,1,1,0,3041,12,,10,run,1,1,1,0
2025,4,DET,CLE,5,4,7,30,0,2660,,,,field_goal,0,0,0,0
2025,4,CLE,DET,6,4,21,60,-3,2540,,base,,punt,0,0,0,0
2025,4,DET,CLE,7,4,10,61,3,2359,heavy,nickel,,punt,0,0,0,0
2025,4,CLE,DET,8,4,1,83,-3,2264,,base,,punt,0,0,0,0
2025,4,DET,CLE,9,4,11,62,3,2170,heavy,nickel,,punt,0,0,0,0
2025,4,CLE,DET,12,4,7,64,-10,1863,,base,,punt,0,0,0,0
2025,4,DET,CLE,13,4,4,40,10,1812,,,,field_goal,0,0,0,0
2025,4,CLE,DET,15,4,10,51,-13,1660,,base,,punt,0,0,0,0
2025,4,CLE,DET,17,4,7,15,-13,1307,,base,,field_goal,0,0,0,0
2025,4,DET,CLE,18,4,4,57,10,1223,heavy,base,,punt,0,0,0,0
2025,4,CLE,DET,19,4,16,38,-10,990,,base,,field_goal,0,0,0,0
2025,4,DET,CLE,20,4,2,24,10,895,11,nickel,6,run,1,0,0,0
2025,4,CLE,DET,21,4,7,74,-10,836,,base,,punt,0,0,1,0
2025,4,CLE,DET,22,4,7,62,-17,775,,base,,punt,0,0,0,0
2025,4,DET,CLE,23,4,8,53,17,548,heavy,nickel,,punt,0,0,0,0
2025,4,CLE,DET,26,4,7,62,-24,156,,base,,punt,0,0,0,0
2025,4,DAL,GB,2,4,4,66,-7,3190,,base,,punt,0,0,0,0
2025,4,GB,DAL,3,4,7,54,7,2961,,base,,punt,0,0,0,0
2025,4,DAL,GB,4,4,6,74,-7,2791,,base,,punt,0,0,0,0
2025,4,DAL,GB,6,4,6,84,-11,2322,,base,,punt,0,0,0,0
2025,4,GB,DAL,7,4,5,45,11,2159,,base,,punt,0,0,0,0
2025,4,DAL,GB,12,4,14,61,3,1663,,base,,punt,0,0,0,0
2025,4,DAL,GB,16,4,2,57,-4,511,11,nickel,7,pass,12,1,0,0
2025,4,DAL,GB,20,4,4,4,0,282,,,,field_goal,0,0,0,0
2025,4,GB,DAL,21,4,6,76,-3,230,11,nickel,6,pass,14,1,0,0
2025,4,GB,DAL,21,4,14,16,-3,1,,,,field_goal,0,0,0,0
2025,4,LA,IND,2,4,8,23,0,3156,,,,field_goal,0,0,0,0
2025,4,IND,LA,3,4,16,34,-3,3000,,base,,field_goal,0,0,0,0
2025,4,LA,IND,4,4,1,55,0,2847,11,nickel,8,run,0,0,0,0
2025,4,IND,LA,5,4,1,2,0,2543,heavy,base,9,run,2,1,1,0
2025,4,LA,IND,6,4,16,19,-7,2124,,,,field_goal,0,0,0,0
2025,4,IND,LA,7,4,14,60,4,1943,11,base,,punt,0,0,0,0
2025,4,LA,IND,10,4,6,50,3,1660,11,base,,punt,0,0,0,0
2025,4,LA,IND,12,4,7,60,3,1483,11,base,,punt,0,0,0,0
2025,4,IND,LA,13,4,9,80,-3,1377,11,base,,punt,0,0,0,0
2025,4,LA,IND,14,4,12,75,3,1290,11,,,punt,0,0,0,0
2025,4,IND,LA,15,4,12,79,-3,1189,,base,,punt,0,0,0,0
2025,4,LA,IND,16,4,2,65,3,1069,11,base,,punt,0,0,0,0
2025,4,IND,LA,19,4,13,20,4,542,,base,,field_goal,0,0,0,0
2025,4,LA,IND,20,4,2,9,-7,204,11,nickel,6,pass,9,1,1,0
2025,4,IND,LA,21,4,17,60,0,111,,base,,punt,0,0,0,0
2025,4,SF,JAX,1,4,8,8,0,3216,,base,,field_goal,0,0,0,0
2025,4,JAX,SF,2,4,1,40,-3,2929,11,base,6,run,3,1,0,0
2025,4,JAX,SF,2,4,13,40,-3,2808,,,,punt,0,0,0,0
2025,4,SF,JAX,7,4,4,69,-11,2013,11,base,,punt,0,0,0,0
2025,4,JAX,SF,8,4,11,72,11,1957,,base,,punt,0,0,0,0
2025,4,SF,JAX,9,4,5,5,-11,1843,,base,,field_goal,0,0,0,0
2025,4,JAX,SF,10,4,4,8,8,1802,,base,,field_goal,0,0,0,0
2025,4,JAX,SF,11,4,6,61,11,1666,,,,punt,0,0,0,0
2025,4,JAX,SF,13,4,7,43,3,1282,,base,,punt,0,0,0,0
2025,4,JAX,SF,15,4,7,25,3,1151,,base,,field_goal,0,0,0,0
2025,4,SF,JAX,16,4,9,64,-6,1060,11,,,punt,0,0,1,0
2025,4,SF,JAX,17,4,2,26,-12,860,11,nickel,6,pass,0,0,0,0
2025,4,JAX,SF,18,4,2,66,12,725,,,,punt,0,0,0,0
2025,4,JAX,SF,20,4,4,29,5,215,,base,,field_goal,0,0,0,0
2025,4,LAC,NYG,1,4,7,62,0,3524,,base,,punt,0,0,0,0
2025,4,LAC,NYG,3,4,5,45,-7,3047,,base,,punt,0,0,0,0
2025,4,NYG,LAC,4,4,13,80,7,2827,,nickel,,punt,0,0,0,0
2025,4,NYG,LAC,6,4,4,4,7,2632,,,,field_goal,0,0,0,0
2025,4,LAC,NYG,7,4,15,25,-10,2290,,base,,field_goal,0,0,0,0
2025,4,NYG,LAC,8,4,11,13,7,1916,,,,field_goal,0,0,0,0
2025,4,LAC,NYG,9,4,2,41,-10,1838,11,nickel,6,penalty,5,1,0,0
2025,4,NYG,LAC,11,4,17,55,3,1560,,nickel,,punt,0,0,0,0
2025,4,LAC,NYG,12,4,9,67,-3,1325,,base,,punt,0,0,0,0
2025,4,NYG,LAC,13,4,13,99,3,1224,,nickel,,punt,0,0,0,0
2025,4,NYG,LAC,17,4,12,40,3,744,,base,,punt,0,0,0,0
2025,4,LAC,NYG,18,4,2,83,-3,691,,base,,punt,0,0,0,0
2025,4,NYG,LAC,19,4,3,3,3,344,11,nickel,6,pass,0,0,0,0
2025,4,LAC,NYG,20,4,25,70,-3,183,,base,,punt,0,0,0,0
2025,4,NYG,LAC,21,4,4,53,3,31,,nickel,,punt,0,0,0,0
2025,4,PIT,MIN,1,4,12,67,0,3480,,,,punt,0,0,0,0
2025,4,MIN,PIT,2,4,17,23,0,3088,,,,field_goal,0,0,0,0
2025,4,MIN,PIT,4,4,22,59,-4,2558,,nickel,,punt,0,0,0,0
2025,4,MIN,PIT,6,4,1,54,-11,2282,12,base,7,run,9,1,0,0
2025,4,PIT,MIN,7,4,7,12,11,1902,,,,field_goal,0,0,0,0
2025,4,MIN,PIT,8,4,7,10,-11,1816,,base,,field_goal,0,0,0,0
2025,4,MIN,PIT,10,4,19,77,-8,1698,,nickel,,punt,0,0,0,0
2025,4,PIT,MIN,11,4,3,67,8,1571,,,,punt,0,0,0,0
2025,4,MIN,PIT,14,4,19,91,-15,947,,nickel,,punt,0,0,0,0
2025,4,PIT,MIN,15,4,6,15,15,681,,,,field_goal,0,0,0,0
2025,4,PIT,MIN,17,4,3,3,10,254,12,base,7,run,2,0,0,0
2025,4,MIN,PIT,18,4,2,2,-10,133,12,nickel,6,pass,2,1,1,0
2025,4,PIT,MIN,19,4,6,45,3,68,,,,punt,0,0,0,0
2025,4,MIN,PIT,20,4,17,68,-3,14,11,nickel,4,pass,0,0,0,0
2025,4,NO,BUF,4,4,21,56,-7,2628,11,base,,punt,0,0,0,0
2025,4,NO,BUF,6,4,8,47,-7,2484,11,base,,punt,0,0,0,0
2025,4,BUF,NO,7,4,6,81,7,2331,,base,,punt,0,0,0,0
2025,4,NO,BUF,8,4,9,36,-7,2136,,,,field_goal,0,0,0,0
2025,4,BUF,NO,9,4,31,93,4,1982,,base,,punt,0,0,0,0
2025,4,NO,BUF,12,4,3,49,-4,1679,11,base,,punt,0,0,0,0
2025,4,BUF,NO,15,4,1,49,5,776,11,base,8,pass,-1,0,0,0
2025,4,NO,BUF,16,4,13,17,-5,536,,,,field_goal,0,0,0,0
2025,4,NO,BUF,18,4,3,43,-9,342,11,nickel,6,pass,2,0,0,0
2025,4,BUF,NO,19,4,7,56,9,318,,base,,penalty,15,1,0,0
2025,4,BUF,NO,19,4,3,17,9,132,,base,,field_goal,0,0,0,0
2025,4,NO,BUF,20,4,6,61,-12,111,11,dime,6,pass,-6,0,0,0
2025,4,MIA,NYJ,1,4,3,29,0,3355,,,,field_goal,0,0,0,0
2025,4,MIA,NYJ,3,4,4,4,3,2366,12,nickel,6,pass,4,1,1,0
2025,4,NYJ,MIA,4,4,5,36,-10,2063,11,nickel,6,pass,-17,0,0,1
2025,4,MIA,NYJ,5,4,10,43,10,1920,,base,,punt,0,0,0,0
2025,4,NYJ,MIA,9,4,1,43,-14,1476,12,base,8,run,43,1,1,0
2025,4,NYJ,MIA,11,4,7,51,-14,1063,11,base,,punt,0,0,0,0
2025,4,MIA,NYJ,12,4,3,83,14,997,,base,,punt,0,0,0,0
2025,4,NYJ,MIA,13,4,24,32,-14,794,,nickel,,field_goal,0,0,0,0
2025,4,MIA,NYJ,14,4,4,60,11,692,,base,,punt,0,0,0,0
2025,4,NYJ,MIA,15,4,10,69,-11,433,,base,,punt,0,0,0,0
2025,4,MIA,NYJ,16,4,10,18,11,216,,,,field_goal,0,0,0,0
2025,4,MIA,NYJ,18,4,10,45,6,13,,base,,punt,0,0,0,0
2025,4,TB,PHI,1,4,5,52,0,3479,11,base,,punt,0,0,1,0
2025,4,TB,PHI,2,4,2,67,-7,3388,11,base,,punt,0,0,0,0
2025,4,TB,PHI,4,4,18,23,-14,2701,,base,,field_goal,0,0,0,0
2025,4,PHI,TB,5,4,3,63,11,2569,heavy,nickel,,punt,0,0,0,0
2025,4,TB,PHI,6,4,7,61,-11,2390,11,base,,punt,0,0,0,0
2025,4,TB,PHI,8,4,4,74,-18,2110,11,base,,punt,0,0,0,0
2025,4,PHI,TB,9,4,11,21,18,1861,,base,,field_goal,0,0,0,0
2025,4,TB,PHI,10,4,4,47,-21,1804,,,,field_goal,0,0,0,0
2025,4,PHI,TB,11,4,19,77,18,1668,heavy,nickel,,punt,0,0,0,0
2025,4,TB,PHI,12,4,3,33,-18,1562,11,nickel,6,pass,0,0,0,0
2025,4,PHI,TB,13,4,3,59,18,1511,heavy,base,,punt,0,0,0,0
2025,4,PHI,TB,15,4,17,67,11,1401,heavy,base,,punt,0,0,0,0
2025,4,PHI,TB,19,4,22,70,11,900,heavy,base,,punt,0,0,0,0
2025,4,TB,PHI,20,4,12,40,-11,740,,base,,field_goal,0,0,0,0
2025,4,PHI,TB,21,4,10,77,8,720,heavy,base,,punt,0,0,0,0
2025,4,PHI,TB,23,4,2,72,8,378,heavy,base,,punt,0,0,0,0
2025,4,TB,PHI,24,4,1,69,-8,245,11,base,7,run,2,1,0,0
2025,4,TB,PHI,24,4,9,37,-8,62,11,dime,6,pass,2,0,0,0
2025,4,PHI,TB,25,4,11,66,8,6,heavy,base,,run,-34,0,0,0
2025,4,ARI,SEA,1,4,7,56,0,3445,12,base,,punt,0,0,0,0
2025,4,SEA,ARI,2,4,1,48,0,3247,heavy,base,7,run,0,0,0,0
2025,4,ARI,SEA,4,4,8,14,0,2981,,base,,field_goal,0,0,0,0
2025,4,ARI,SEA,6,4,11,75,-4,2700,12,base,,punt,0,0,0,0
2025,4,SEA,ARI,7,4,15,66,4,2529,,base,,punt,0,0,0,0
2025,4,SEA,ARI,9,4,22,44,4,2147,,base,,punt,0,0,0,0
2025,4,ARI,SEA,10,4,1,71,-4,2038,12,,,punt,0,0,0,0
2025,4,SEA,ARI,13,4,2,26,11,1441,,base,,field_goal,0,0,0,0
2025,4,ARI,SEA,14,4,14,53,-14,1293,12,base,,punt,0,0,0,0
2025,4,SEA,ARI,15,4,10,87,14,1197,,base,,punt,0,0,0,0
2025,4,ARI,SEA,16,4,17,39,-14,1004,,base,,field_goal,0,0,0,0
2025,4,SEA,ARI,17,4,13,13,11,577,,base,,field_goal,0,0,0,0
2025,4,SEA,ARI,19,4,7,35,7,201,,base,,field_goal,0,0,0,0
2025,4,ARI,SEA,20,4,4,51,-7,181,11,nickel,6,pass,5,1,0,0
2025,4,TEN,HOU,1,4,5,23,0,3404,,,,field_goal,0,0,0,0
2025,4,HOU,TEN,2,4,1,60,0,3287,11,nickel,7,run,2,1,0,0
2025,4,HOU,TEN,2,4,4,29,0,2995,,base,,field_goal,0,0,0,0
2025,4,TEN,HOU,3,4,7,63,-3,2893,12,,,punt,0,0,0,0
2025,4,HOU,TEN,4,4,6,25,3,2614,,base,,field_goal,0,0,0,0
2025,4,TEN,HOU,5,4,21,64,-6,2432,12,,,punt,0,0,0,0
2025,4,HOU,TEN,6,4,3,53,6,2336,21,,,punt,0,0,0,0
2025,4,TEN,HOU,7,4,6,86,-6,2274,12,,,punt,0,0,0,0
2025,4,HOU,TEN,8,4,1,54,6,2114,11,base,6,run,2,1,0,0
2025,4,HOU,TEN,8,4,17,48,6,1915,21,,,punt,0,0,0,0
2025,4,TEN,HOU,9,4,5,24,-6,1803,,,,field_goal,0,0,0,0
2025,4,HOU,TEN,10,4,3,36,6,1546,,base,,field_goal,0,0,0,0
2025,4,TEN,HOU,11,4,12,45,-6,1374,12,,,punt,0,0,0,0
2025,4,HOU,TEN,12,4,1,36,6,1017,11,nickel,6,run,2,1,0,0
2025,4,TEN,HOU,15,4,1,69,-19,412,11,nickel,6,pass,0,0,0,0
2025,4,TEN,HOU,17,4,2,78,-26,244,12,,,punt,0,0,0,0
2025,4,HOU,TEN,18,4,4,66,26,120,21,,,punt,0,0,0,0
2025,4,ATL,WAS,1,4,7,20,0,3349,,base,,field_goal,0,0,0,0
2025,4,WAS,ATL,2,4,16,74,-3,3249,12,base,,punt,0,0,0,0
2025,4,ATL,WAS,3,4,2,25,3,2968,12,nickel,7,run,3,1,0,0
2025,4,WAS,ATL,4,4,1,10,-10,2575,11,nickel,7,pass,4,1,0,0
2025,4,WAS,ATL,6,4,6,25,-10,2129,,base,,field_goal,0,0,0,0
2025,4,ATL,WAS,7,4,7,52,7,1920,12,,,punt,0,0,0,0
2025,4,WAS,ATL,8,4,14,71,-7,1836,12,base,,punt,0,0,0,0
2025,4,ATL,WAS,9,4,7,72,7,1807,12,,,punt,0,0,0,0
2025,4,WAS,ATL,10,4,7,34,-7,1516,,base,,field_goal,0,0,0,0
2025,4,WAS,ATL,14,4,8,23,-11,1166,,base,,field_goal,0,0,0,0
2025,4,WAS,ATL,16,4,3,24,-15,533,11,nickel,6,pass,24,1,1,0
2025,4,ATL,WAS,17,4,8,8,7,120,,base,,field_goal,0,0,0,0
2025,5,NYJ,DAL,1,4,7,7,0,3166,,base,,field_goal,0,0,0,0
2025,5,DAL,NYJ,2,4,6,16,-3,3000,,,,field_goal,0,0,0,0
2025,5,NYJ,DAL,3,4,5,43,0,2878,,,,punt,0,0,0,0
2025,5,NYJ,DAL,5,4,29,79,-7,2394,,,,punt,0,0,0,0
2025,5,DAL,NYJ,6,4,9,70,7,2296,,nickel,,punt,0,0,0,0
2025,5,NYJ,DAL,9,4,8,76,-14,1836,,,,punt,0,0,0,0
2025,5,DAL,NYJ,12,4,3,57,20,1713,,base,,punt,0,0,0,0
2025,5,NYJ,DAL,13,4,17,66,-20,1560,,,,punt,0,0,0,0
2025,5,DAL,NYJ,14,4,9,74,20,1378,,nickel,,punt,0,0,0,0
2025,5,NYJ,DAL,15,4,1,47,-20,1221,12,base,7,pass,0,0,0,0
2025,5,NYJ,DAL,17,4,16,30,-27,961,,base,,field_goal,0,0,0,0
2025,5,DAL,NYJ,18,4,6,61,24,896,,nickel,,punt,0,0,0,0
2025,5,NYJ,DAL,19,4,1,44,-24,827,11,nickel,9,run,0,0,0,0
2025,5,DAL,NYJ,20,4,7,68,24,737,,nickel,,punt,0,0,0,0
2025,5,NYJ,DAL,21,4,5,17,-24,521,11,dime,5,pass,16,1,0,0
2025,5,DEN,PHI,1,4,4,63,0,3510,11,base,,punt,0,0,0,0
2025,5,PHI,DEN,2,4,7,77,0,3442,heavy,nickel,,punt,0,0,0,0
2025,5,DEN,PHI,3,4,2,39,0,3171,11,nickel,,penalty,5,1,0,0
2025,5,DEN,PHI,3,4,13,37,0,3113,,base,,field_goal,0,0,0,0
2025,5,PHI,DEN,4,4,8,13,-3,2732,,base,,field_goal,0,0,0,0
2025,5,DEN,PHI,5,4,21,47,0,2519,11,base,,punt,0,0,0,0
2025,5,DEN,PHI,7,4,8,64,-7,2098,11,base,,punt,0,0,0,0
2025,5,PHI,DEN,8,4,15,53,7,1947,heavy,nickel,,punt,0,0,0,0
2025,5,DEN,PHI,9,4,5,59,-7,1886,11,base,,punt,0,0,0,0
2025,5,PHI,DEN,10,4,6,85,7,1862,heavy,nickel,,punt,0,0,0,0
2025,5,DEN,PHI,11,4,13,59,-7,1815,11,base,,punt,0,0,0,0
2025,5,DEN,PHI,14,4,15,42,-14,1345,11,base,,punt,0,0,0,0
2025,5,PHI,DEN,15,4,6,68,14,1226,heavy,nickel,,punt,0,0,0,0
2025,5,DEN,PHI,16,4,2,72,-14,1132,11,base,,punt,0,0,0,0
2025,5,PHI,DEN,17,4,26,72,14,1068,heavy,nickel,,punt,0,0,0,0
2025,5,PHI,DEN,19,4,16,78,7,682,heavy,nickel,,punt,0,0,0,0
2025,5,PHI,DEN,21,4,8,55,-1,313,heavy,base,,punt,0,0,0,0
2025,5,DEN,PHI,22,4,14,18,1,74,,,,field_goal,0,0,0,0
2025,5,PHI,DEN,23,4,7,71,-4,21,11,dime,5,penalty,18,1,0,0
2025,5,CIN,DET,2,4,15,43,-7,3199,12,base,,punt,0,0,0,0
2025,5,CIN,DET,4,4,4,66,-7,2911,12,base,,punt,0,0,0,0
2025,5,DET,CIN,5,4,13,66,7,2700,21,base,,punt,0,0,0,0
2025,5,CIN,DET,8,4,7,55,-14,2323,12,base,,punt,0,0,0,0
2025,5,DET,CIN,9,4,2,56,14,2193,21,base,,punt,0,0,0,0
2025,5,DET,CIN,11,4,6,41,14,2034,21,,,punt,0,0,0,0
2025,5,CIN,DET,12,4,4,32,-14,1803,,base,,field_goal,0,0,0,0
2025,5,CIN,DET,15,4,3,65,-18,1503,12,base,,punt,0,0,0,0
2025,5,CIN,DET,17,4,3,34,-25,939,11,nickel,5,penalty,4,1,0,0
2025,5,DET,CIN,18,4,4,67,18,760,21,base,,punt,0,0,0,0
2025,5,DET,CIN,22,4,14,44,11,120,21,base,,punt,0,0,0,0
2025,5,BAL,HOU,2,4,3,9,-7,2821,,,,field_goal,0,0,0,0
2025,5,HOU,BAL,3,4,13,32,4,2483,,base,,field_goal,0,0,0,0
2025,5,BAL,HOU,4,4,29,94,-7,2373,21,,,punt,0,0,0,0
2025,5,BAL,HOU,6,4,9,63,-14,2051,,,,punt,0,0,0,0
2025,5,BAL,HOU,11,4,7,77,-28,1475,,base,,punt,0,0,0,0
2025,5,HOU,BAL,12,4,2,39,28,1259,,base,,field_goal,0,0,0,0
2025,5,HOU,BAL,14,4,1,56,24,933,21,base,10,run,6,1,0,0
2025,5,HOU,BAL,16,4,5,16,31,634,,base,,field_goal,0,0,0,0
2025,5,BAL,HOU,17,4,7,62,-34,546,21,base,,punt,0,0,0,0
2025,5,HOU,BAL,18,4,9,76,34,458,21,,,punt,0,0,0,0
2025,5,JAX,KC,1,4,2,62,0,3513,,,,punt,0,0,0,0
2025,5,KC,JAX,2,4,2,46,0,3278,,base,,punt,0,0,0,0
2025,5,JAX,KC,3,4,2,78,0,3218,,base,,punt,0,0,0,0
2025,5,JAX,KC,5,4,1,1,-7,2621,heavy,,7,run,-1,0,0,1
2025,5,KC,JAX,8,4,8,63,7,1866,,base,,punt,0,0,0,0
2025,5,KC,JAX,10,4,2,59,7,1704,,base,,punt,0,0,0,0
2025,5,KC,JAX,13,4,10,44,-7,838,,base,,punt,0,0,0,0
2025,5,JAX,KC,16,4,5,34,0,493,,,,field_goal,0,0,0,0
2025,5,IND,LV,1,4,1,62,0,3503,,base,,punt,0,0,0,0
2025,5,LV,IND,2,4,6,6,0,2904,,base,,field_goal,0,0,0,0
2025,5,LV,IND,4,4,17,64,-4,2378,12,base,,punt,0,0,0,0
2025,5,LV,IND,9,4,8,62,-17,1686,12,base,,punt,0,0,0,0
2025,5,LV,IND,13,4,1,56,-29,1135,11,nickel,6,run,0,0,0,0
2025,5,LV,IND,15,4,1,30,-37,856,12,base,7,pass,7,1,0,0
2025,5,LV,IND,15,4,19,19,-37,703,,base,,field_goal,0,0,0,0
2025,5,IND,LV,16,4,13,56,34,412,12,base,,punt,0,0,0,0
2025,5,MIA,CAR,1,4,21,25,0,3248,,base,,field_goal,0,0,0,0
2025,5,MIA,CAR,3,4,5,40,3,2892,11,dime,5,pass,6,1,0,0
2025,5,CAR,MIA,6,4,5,48,-17,2217,11,nickel,5,pass,21,1,0,0
2025,5,MIA,CAR,7,4,15,80,10,1914,,,,punt,0,0,0,0
2025,5,CAR,MIA,9,4,24,31,-7,1639,,nickel,,field_goal,0,0,0,0
2025,5,MIA,CAR,10,4,3,68,4,1485,,,,punt,0,0,0,0
2025,5,CAR,MIA,11,4,7,72,-4,1328,,base,,punt,0,0,0,0
2025,5,MIA,CAR,12,4,8,63,4,1179,,,,punt,0,0,0,0
2025,5,CAR,MIA,13,4,2,72,-4,915,,base,,punt,0,0,0,0
2025,5,MIA,CAR,14,4,7,63,4,809,,,,punt,0,0,0,0
2025,5,CAR,MIA,15,4,6,71,-4,753,,nickel,,punt,0,0,0,0
2025,5,MIA,CAR,16,4,7,55,4,623,,,,punt,0,0,0,0
2025,5,CAR,MIA,19,4,5,33,-4,211,11,nickel,6,pass,17,1,0,0
2025,5,MIA,CAR,20,4,17,85,-3,70,,,,punt,0,0,0,0
2025,5,CLE,MIN,1,4,3,53,0,3488,,,,punt,0,0,0,0
2025,5,CLE,MIN,3,4,1,6,0,3195,11,,9,run,2,1,0,0
2025,5,CLE,MIN,5,4,8,54,0,2677,,,,punt,0,0,0,0
2025,5,MIN,CLE,6,4,3,50,0,2464,,base,,punt,0,0,0,0
2025,5,CLE,MIN,7,4,2,81,0,2329,,,,punt,0,0,0,0
2025,5,MIN,CLE,8,4,1,77,0,2186,,base,,punt,0,0,0,0
2025,5,CLE,MIN,9,4,13,66,0,2053,,base,,punt,0,0,0,0
2025,5,MIN,CLE,10,4,2,81,0,1961,,nickel,,punt,0,0,0,0
2025,5,CLE,MIN,11,4,1,57,0,1894,12,dime,5,run,2,1,0,0
2025,5,CLE,MIN,11,4,13,13,0,1813,,base,,field_goal,0,0,0,0
2025,5,CLE,MIN,14,4,1,11,-4,1177,12,base,7,run,2,1,0,0
2025,5,MIN,CLE,15,4,15,79,-3,970,,nickel,,punt,0,0,0,0
2025,5,CLE,MIN,16,4,1,90,3,857,,,,punt,0,0,0,0
2025,5,CLE,MIN,18,4,6,66,3,751,,,,punt,0,0,0,0
2025,5,MIN,CLE,19,4,6,33,-3,586,,,,field_goal,0,0,0,0
2025,5,CLE,MIN,20,4,8,42,3,422,,,,punt,0,0,0,0
2025,5,MIN,CLE,21,4,23,82,-3,218,,nickel,,punt,0,0,0,0
2025,5,CLE,MIN,22,4,11,60,3,196,,,,punt,0,0,0,0
2025,5,NE,BUF,1,4,9,54,0,3446,,base,,punt,0,0,0,0
2025,5,BUF,NE,4,4,10,42,0,3084,,nickel,,punt,0,0,0,0
2025,5,NE,BUF,5,4,3,50,0,2844,,base,,punt,0,0,0,0
2025,5,NE,BUF,7,4,11,12,0,2759,,base,,field_goal,0,0,0,0
2025,5,BUF,NE,8,4,6,13,-3,2377,,,,field_goal,0,0,0,0
2025,5,NE,BUF,9,4,8,52,0,2194,,base,,punt,0,0,0,0
2025,5,BUF,NE,10,4,15,73,0,1952,,dime,,punt,0,0,0,0
2025,5,NE,BUF,17,4,7,73,3,361,,base,,punt,0,0,0,0
2025,5,BUF,NE,18,4,10,27,-3,141,,,,field_goal,0,0,0,0
2025,5,NE,BUF,19,4,5,34,0,20,,base,,field_goal,0,0,0,0
2025,5,NO,NYG,1,4,11,92,0,3531,11,nickel,,punt,0,0,0,0
2025,5,NO,NYG,3,4,8,10,-7,2804,,base,,field_goal,0,0,0,0
2025,5,NO,NYG,5,4,12,35,-11,2266,,base,,field_goal,0,0,0,0
2025,5,NYG,NO,6,4,4,48,8,2134,,base,,punt,0,0,0,0
2025,5,NYG,NO,8,4,7,57,1,1962,,base,,punt,0,0,0,0
2025,5,NO,NYG,9,4,11,34,-1,1890,,base,,field_goal,0,0,0,0
2025,5,NYG,NO,12,4,1,55,-2,1665,11,nickel,6,run,2,1,0,0
2025,5,NO,NYG,13,4,9,9,2,1317,,base,,field_goal,0,0,0,0
2025,5,NYG,NO,15,4,1,44,-12,770,heavy,base,9,run,2,1,0,0
2025,5,NYG,NO,15,4,6,38,-12,606,11,nickel,5,pass,0,0,0,1
2025,5,NO,NYG,16,4,1,68,12,397,11,nickel,,punt,0,0,0,0
2025,5,NYG,NO,17,4,3,57,-12,353,11,nickel,6,run,6,1,0,0
2025,5,NO,NYG,18,4,5,40,12,252,11,dime,6,pass,8,1,0,0
2025,5,NO,NYG,18,4,6,28,12,120,,base,,field_goal,0,0,0,0
2025,5,NYG,NO,19,4,9,17,-12,49,11,nickel,5,pass,0,0,0,0
2025,5,LA,SF,2,4,14,60,-7,3131,11,base,,punt,0,0,0,0
2025,5,SF,LA,3,4,1,50,7,2959,11,base,7,run,2,1,0,0
2025,5,SF,LA,3,4,1,39,7,2831,21,nickel,6,run,1,1,0,0
2025,5,LA,SF,4,4,1,41,-14,2411,11,nickel,6,run,4,1,0,0
2025,5,SF,LA,5,4,5,48,14,2178,11,base,,punt,0,0,0,0
2025,5,SF,LA,7,4,2,19,7,1802,,base,,field_goal,0,0,0,0
2025,5,LA,SF,8,4,6,35,-10,1671,,base,,field_goal,0,0,0,0
2025,5,SF,LA,9,4,2,2,10,1296,,base,,field_goal,0,0,0,0
2025,5,SF,LA,11,4,1,64,6,1006,11,base,7,run,2,1,0,0
2025,5,SF,LA,11,4,4,56,6,855,11,base,,punt,0,0,0,0
2025,5,SF,LA,13,4,8,63,0,559,11,base,,punt,0,0,0,0
2025,5,LA,SF,14,4,1,61,0,498,11,,,punt,0,0,0,0
2025,5,SF,LA,15,4,11,41,0,177,,base,,field_goal,0,0,0,0
2025,5,SF,LA,17,4,8,97,3,53,11,base,,punt,0,0,0,0
2025,5,LA,SF,18,4,3,43,-3,25,11,nickel,4,pass,13,1,0,0
2025,5,SF,LA,20,4,12,23,0,355,,base,,field_goal,0,0,0,0
2025,5,LA,SF,21,4,1,11,-3,221,11,nickel,6,run,0,0,0,0
2025,5,TB,SEA,1,4,5,12,0,3180,,base,,field_goal,0,0,0,0
2025,5,SEA,TB,2,4,3,26,-3,2950,,base,,field_goal,0,0,0,0
2025,5,TB,SEA,3,4,4,18,3,2651,,base,,field_goal,0,0,0,0
2025,5,SEA,TB,4,4,5,44,-6,2489,,base,,punt,0,0,0,0
2025,5,TB,SEA,5,4,8,92,6,2358,11,,,punt,0,0,0,0
2025,5,TB,SEA,15,4,17,41,0,448,11,,,punt,0,0,0,0
2025,5,SEA,TB,16,4,2,21,0,205,11,nickel,7,pass,21,1,1,0
2025,5,TEN,ARI,2,4,8,26,-7,3004,,base,,field_goal,0,0,0,0
2025,5,TEN,ARI,4,4,11,63,-11,2646,12,nickel,,punt,0,0,0,0
2025,5,ARI,TEN,5,4,1,65,11,2552,heavy,base,,punt,0,0,0,0
2025,5,TEN,ARI,8,4,9,33,-18,2314,,base,,field_goal,0,0,0,0
2025,5,ARI,TEN,9,4,25,78,15,2105,heavy,base,,punt,0,0,0,0
2025,5,TEN,ARI,10,4,5,61,-15,1932,12,nickel,,punt,0,0,0,0
2025,5,ARI,TEN,11,4,18,97,15,1900,heavy,base,,punt,0,0,0,0
2025,5,TEN,ARI,12,4,10,40,-15,1854,11,dime,5,pass,-12,0,0,0
2025,5,ARI,TEN,13,4,8,46,15,1814,heavy,base,,punt,0,0,0,0
2025,5,TEN,ARI,15,4,2,64,-15,1671,12,,,punt,0,0,0,0
2025,5,TEN,ARI,17,4,1,65,-15,1102,12,,,punt,0,0,0,0
2025,5,ARI,TEN,18,4,9,83,15,1048,12,base,,punt,0,0,0,0
2025,5,TEN,ARI,19,4,4,57,-15,955,12,,,punt,0,0,0,0
2025,5,ARI,TEN,22,4,9,69,9,533,12,base,,punt,0,0,0,0
2025,5,ARI,TEN,24,4,8,65,2,120,12,base,,punt,0,0,0,0
2025,5,TEN,ARI,25,4,11,11,-2,3,,base,,field_goal,0,0,0,0
2025,5,LAC,WAS,1,4,5,11,0,3334,,base,,penalty,5,1,0,0
2025,5,WAS,LAC,2,4,5,53,-7,3209,heavy,base,,punt,0,0,0,0
2025,5,LAC,WAS,3,4,11,37,7,2882,,base,,field_goal,0,0,0,0
2025,5,WAS,LAC,4,4,5,62,-10,2704,heavy,base,,punt,0,0,0,0
2025,5,LAC,WAS,7,4,14,61,3,1905,,base,,punt,0,0,0,0
2025,5,WAS,LAC,8,4,15,98,-3,1850,heavy,base,,penalty,15,1,0,0
2025,5,LAC,WAS,11,4,23,85,-7,1411,,base,,punt,0,0,0,0
2025,5,WAS,LAC,12,4,10,18,7,1252,,,,field_goal,0,0,0,0
2025,5,LAC,WAS,13,4,2,39,-10,1015,11,nickel,7,pass,0,0,0,0
2025,5,WAS,LAC,16,4,7,8,10,74,11,nickel,6,pass,8,1,1,0
2025,5,LAC,WAS,17,4,4,36,-17,5,12,dime,4,pass,21,1,0,0
2025,6,ARI,IND,2,4,4,59,-7,3313,11,base,,punt,0,0,0,0
2025,6,IND,ARI,3,4,11,85,7,3184,11,nickel,,punt,0,0,0,0
2025,6,IND,ARI,5,4,3,64,0,2715,11,nickel,,punt,0,0,0,0
2025,6,ARI,IND,6,4,15,96,0,2652,11,base,,punt,0,0,0,0
2025,6,ARI,IND,10,4,16,22,-7,1919,,base,,field_goal,0,0,0,0
2025,6,IND,ARI,11,4,9,57,4,1836,11,nickel,,punt,0,0,0,0
2025,6,IND,ARI,14,4,6,27,-3,1176,,base,,field_goal,0,0,0,0
2025,6,ARI,IND,17,4,13,26,0,576,,base,,field_goal,0,0,0,0
2025,6,ARI,IND,19,4,7,9,-4,58,,dime,4,pass,0,0,0,0
2025,6,ATL,BUF,3,4,17,65,0,3097,12,nickel,,punt,0,0,0,0
2025,6,BUF,ATL,4,4,10,74,0,3032,,base,,punt,0,0,0,0
2025,6,BUF,ATL,6,4,23,57,-7,2519,,,,punt,0,0,0,0
2025,6,BUF,ATL,8,4,3,51,-14,2301,,base,,punt,0,0,0,0
2025,6,ATL,BUF,9,4,3,33,14,1920,12,nickel,6,pass,0,0,0,0
2025,6,BUF,ATL,10,4,6,62,-14,1882,,base,,punt,0,0,0,0
2025,6,ATL,BUF,11,4,8,71,14,1821,12,nickel,,punt,0,0,0,0
2025,6,ATL,BUF,15,4,13,66,7,1277,12,nickel,,punt,0,0,0,0
2025,6,BUF,ATL,16,4,2,46,-7,964,11,nickel,6,pass,0,0,0,0
2025,6,ATL,BUF,17,4,12,19,7,751,,base,,field_goal,0,0,0,0
2025,6,BUF,ATL,18,4,5,56,-7,624,,base,,punt,0,0,0,0
2025,6,ATL,BUF,19,4,2,77,7,523,12,base,,punt,0,0,0,0
2025,6,BUF,ATL,20,4,10,67,-7,415,,base,,punt,0,0,0,0
2025,6,ATL,BUF,21,4,15,15,7,107,,base,,field_goal,0,0,0,0
2025,6,CHI,WAS,1,4,4,29,0,3345,,base,,field_goal,0,0,0,0
2025,6,CHI,WAS,3,4,8,30,3,2850,,base,,field_goal,0,0,0,0
2025,6,CHI,WAS,7,4,1,31,6,2135,11,nickel,6,pass,0,0,0,0
2025,6,WAS,CHI,8,4,7,32,-6,1874,,base,,field_goal,0,0,0,0
2025,6,CHI,WAS,9,4,12,62,6,1825,11,base,,punt,0,0,0,0
2025,6,WAS,CHI,11,4,16,35,-6,1623,,base,,field_goal,0,0,0,0
2025,6,CHI,WAS,12,4,18,23,3,1389,,base,,field_goal,0,0,0,0
2025,6,WAS,CHI,13,4,2,47,-6,1170,11,nickel,6,pass,13,1,0,0
2025,6,CHI,WAS,14,4,6,30,-1,900,,base,,field_goal,0,0,0,0
2025,6,WAS,CHI,17,4,10,39,2,484,heavy,base,,punt,0,0,0,0
2025,6,CHI,WAS,18,4,2,83,-2,372,11,base,,punt,0,0,0,0
2025,6,GB,CIN,1,4,1,26,0,3351,11,nickel,6,run,2,1,0,0
2025,6,CIN,GB,2,4,9,63,0,3106,12,nickel,,punt,0,0,0,0
2025,6,GB,CIN,3,4,6,25,0,2660,,,,field_goal,0,0,0,0
2025,6,CIN,GB,4,4,10,55,-3,2556,12,base,,punt,0,0,0,0
2025,6,GB,CIN,5,4,6,80,3,2428,,base,,punt,0,0,0,0
2025,6,CIN,GB,6,4,5,58,-3,2302,12,base,,punt,0,0,0,0
2025,6,CIN,GB,8,4,12,62,-10,1981,12,base,,punt,0,0,0,0
2025,6,GB,CIN,9,4,5,42,10,1873,,base,,punt,0,0,0,0
2025,6,CIN,GB,10,4,1,49,-10,1801,,,,field_goal,0,0,0,0
2025,6,CIN,GB,11,4,2,2,-10,1190,11,nickel,6,pass,2,1,1,0
2025,6,CIN,GB,13,4,8,27,-10,647,,,,field_goal,0,0,0,0
2025,6,CIN,GB,15,4,5,19,-14,257,11,nickel,6,pass,19,1,1,0
2025,6,GB,CIN,16,4,2,21,6,116,,base,,field_goal,0,0,0,0
2025,6,CIN,GB,17,4,6,38,-9,46,,,,field_goal,0,0,0,0
2025,6,PIT,CLE,1,4,11,26,0,3359,,,,field_goal,0,0,0,0
2025,6,CLE,PIT,2,4,19,64,-3,3189,,nickel,,punt,0,0,0,0
2025,6,PIT,CLE,3,4,12,63,3,2942,,nickel,,punt,0,0,0,0
2025,6,CLE,PIT,4,4,8,50,-3,2712,,nickel,,punt,0,0,0,0
2025,6,PIT,CLE,5,4,10,32,3,2466,,,,field_goal,0,0,0,0
2025,6,CLE,PIT,6,4,10,72,-6,2349,,nickel,,punt,0,0,0,0
2025,6,PIT,CLE,7,4,7,30,6,2023,,,,field_goal,0,0,0,0
2025,6,CLE,PIT,9,4,5,73,-6,1742,,base,,punt,0,0,0,0
2025,6,PIT,CLE,10,4,4,73,6,1619,11,nickel,,penalty,5,1,0,0
2025,6,CLE,PIT,11,4,10,35,-13,1153,,,,field_goal,0,0,0,0
2025,6,CLE,PIT,13,4,3,45,-17,827,11,nickel,6,pass,7,1,0,0
2025,6,CLE,PIT,13,4,2,30,-17,719,12,,8,run,6,1,0,0
2025,6,CLE,PIT,13,4,14,14,-17,573,,,,field_goal,0,0,0,0
2025,6,PIT,CLE,14,4,4,66,14,439,11,nickel,,punt,0,0,0,0
2025,6,CLE,PIT,15,4,12,58,-14,249,11,nickel,5,pass,0,0,0,0
2025,6,PIT,CLE,16,4,4,36,14,224,,,,field_goal,0,0,0,0
2025,6,CLE,PIT,17,4,6,14,-14,87,12,nickel,5,pass,0,0,0,0
2025,6,DAL,CAR,1,4,4,68,0,3510,,,,punt,0,0,0,0
2025,6,CAR,DAL,2,4,2,13,0,3251,,base,,field_goal,0,0,0,0
2025,6,DAL,CAR,3,4,5,5,-3,2991,,base,,field_goal,0,0,0,0
2025,6,DAL,CAR,5,4,1,3,0,2700,12,,8,pass,3,1,1,0
2025,6,DAL,CAR,7,4,4,30,0,2084,11,nickel,5,pass,8,1,0,0
2025,6,CAR,DAL,8,4,10,37,-7,1825,,base,,field_goal,0,0,0,0
2025,6,DAL,CAR,11,4,6,65,-3,1493,,,,punt,0,0,0,0
2025,6,CAR,DAL,12,4,11,68,3,1238,11,nickel,,punt,0,0,0,0
2025,6,DAL,CAR,15,4,9,9,-3,563,,base,,field_goal,0,0,0,0
2025,6,CAR,DAL,16,4,12,84,0,511,11,nickel,,punt,0,0,0,0
2025,6,DAL,CAR,17,4,18,62,0,374,,,,punt,0,0,0,0
2025,6,CAR,DAL,18,4,4,40,0,151,11,nickel,5,pass,7,1,0,0
2025,6,NYJ,DEN,2,4,7,34,0,3365,,nickel,,field_goal,0,0,0,0
2025,6,DEN,NYJ,3,4,5,39,-3,3128,,,,field_goal,0,0,0,0
2025,6,NYJ,DEN,4,4,9,23,0,2999,,nickel,,field_goal,0,0,0,0
2025,6,DEN,NYJ,5,4,5,47,-3,2802,11,nickel,4,pass,11,1,0,0
2025,6,NYJ,DEN,6,4,5,69,-4,2615,11,nickel,,punt,0,0,0,0
2025,6,DEN,NYJ,7,4,5,49,4,2367,,base,,punt,0,0,0,0
2025,6,NYJ,DEN,8,4,18,88,-4,2275,11,nickel,,punt,0,0,0,0
2025,6,DEN,NYJ,9,4,7,45,4,2009,,base,,punt,0,0,0,0
2025,6,NYJ,DEN,10,4,1,63,-4,1864,heavy,base,,run,1,1,0,0
2025,6,NYJ,DEN,11,4,8,20,-4,1529,,nickel,,field_goal,0,0,0,0
2025,6,DEN,NYJ,12,4,4,71,1,1439,,base,,punt,0,0,0,0
2025,6,NYJ,DEN,13,4,8,45,-1,1213,21,nickel,,punt,0,0,0,0
2025,6,NYJ,DEN,15,4,13,67,1,1069,21,nickel,,punt,0,0,0,0
2025,6,DEN,NYJ,16,4,7,79,-1,975,,base,,punt,0,0,0,0
2025,6,NYJ,DEN,17,4,14,80,1,900,21,nickel,,punt,0,0,0,0
2025,6,DEN,NYJ,18,4,6,71,-1,822,,base,,punt,0,0,0,0
2025,6,NYJ,DEN,19,4,1,70,1,623,21,base,,punt,0,0,0,0
2025,6,DEN,NYJ,20,4,9,9,-1,309,,,,field_goal,0,0,0,0
2025,6,NYJ,DEN,21,4,17,74,-2,223,21,nickel,,punt,0,0,0,0
2025,6,DEN,NYJ,22,4,15,89,2,153,,base,,punt,0,0,0,0
2025,6,NYJ,DEN,23,4,8,44,-2,74,11,nickel,5,pass,-12,0,0,0
2025,6,DET,KC,1,4,10,10,0,3024,,,,field_goal,0,0,0,0
2025,6,KC,DET,2,4,3,6,-3,2774,12,base,9,pass,6,1,1,0
2025,6,KC,DET,4,4,1,40,-4,2414,21,nickel,7,run,2,1,0,0
2025,6,KC,DET,4,4,1,19,-4,2221,12,base,7,pass,0,0,0,0
2025,6,DET,KC,5,4,2,44,4,1966,11,nickel,5,pass,0,0,0,0
2025,6,DET,KC,7,4,2,60,-3,1817,21,,,punt,0,0,0,0
2025,6,DET,KC,10,4,10,48,-10,1310,21,base,,punt,0,0,0,0
2025,6,KC,DET,11,4,2,65,10,1121,,base,,punt,0,0,0,0
2025,6,DET,KC,14,4,14,78,-10,446,21,base,,punt,0,0,0,0
2025,6,KC,DET,15,4,10,15,10,149,,base,,field_goal,0,0,0,0
2025,6,DET,KC,16,4,1,64,-13,123,11,dime,6,pass,0,0,0,0
2025,6,LAC,MIA,2,4,1,50,0,3446,heavy,,9,run,2,1,0,0
2025,6,LAC,MIA,2,4,2,40,0,3270,,nickel,,penalty,15,1,0,0
2025,6,LAC,MIA,2,4,2,17,0,3175,,nickel,,field_goal,0,0,0,0
2025,6,MIA,LAC,3,4,6,72,-3,3087,,dime,,punt,0,0,0,0
2025,6,LAC,MIA,6,4,2,13,-4,2739,,nickel,,field_goal,0,0,0,0
2025,6,MIA,LAC,7,4,10,39,1,2522,,,,field_goal,0,0,0,0
2025,6,LAC,MIA,8,4,8,11,-1,2322,,nickel,,field_goal,0,0,0,0
2025,6,MIA,LAC,9,4,7,29,-2,2074,,,,field_goal,0,0,0,0
2025,6,LAC,MIA,10,4,14,57,-1,1908,,nickel,,punt,0,0,0,0
2025,6,MIA,LAC,11,4,2,9,1,1804,,dime,,field_goal,0,0,0,0
2025,6,MIA,LAC,15,4,18,78,-10,1051,,nickel,,punt,0,0,0,0
2025,6,LAC,MIA,16,4,2,17,10,770,,nickel,,field_goal,0,0,0,0
2025,6,LAC,MIA,18,4,9,65,6,390,,nickel,,punt,0,0,0,0
2025,6,LAC,MIA,20,4,8,15,-1,9,,nickel,,field_goal,0,0,0,0
2025,6,BAL,LA,1,4,14,19,0,3146,,base,,field_goal,0,0,0,0
2025,6,LA,BAL,2,4,5,8,-3,2847,,base,,field_goal,0,0,0,0
2025,6,BAL,LA,5,4,3,34,3,2656,12,base,6,pass,0,0,0,0
2025,6,LA,BAL,6,4,11,18,-3,2393,,base,,field_goal,0,0,0,0
2025,6,BAL,LA,7,4,8,53,0,2110,,base,,punt,0,0,0,0
2025,6,LA,BAL,8,4,8,88,0,2018,,base,,punt,0,0,0,0
2025,6,BAL,LA,9,4,1,1,0,1812,heavy,,10,run,-2,0,0,0
2025,6,LA,BAL,11,4,2,33,0,1640,11,nickel,5,pass,30,1,0,0
2025,6,BAL,LA,14,4,1,71,-14,1439,heavy,base,,penalty,5,1,0,0
2025,6,LA,BAL,15,4,3,6,14,813,11,nickel,8,pass,-5,0,0,0
2025,6,BAL,LA,16,4,12,51,-14,511,11,dime,7,run,19,1,0,0
2025,6,BAL,LA,16,4,10,15,-14,231,12,dime,6,pass,0,0,0,0
2025,6,LA,BAL,17,4,18,81,14,120,,base,,punt,0,0,0,0
2025,6,BAL,LA,18,4,6,73,-14,54,11,dime,6,pass,11,1,0,0
2025,6,BAL,LA,18,4,6,58,-14,28,12,dime,6,pass,0,0,0,0
2025,6,NO,NE,1,4,4,16,0,3474,,,,field_goal,0,0,0,0
2025,6,NO,NE,3,4,8,30,-4,3009,,,,field_goal,0,0,0,0
2025,6,NE,NO,6,4,7,39,1,2154,11,dime,5,run,0,0,0,0
2025,6,NO,NE,7,4,4,20,-1,1915,,,,field_goal,0,0,0,0
2025,6,NE,NO,10,4,4,36,6,1588,11,dime,6,pass,14,1,0,0
2025,6,NE,NO,10,4,6,6,6,1349,,,,field_goal,0,0,0,0
2025,6,NO,NE,11,4,17,47,-9,1163,,nickel,,punt,0,0,0,0
2025,6,NE,NO,12,4,6,72,9,1069,,base,,punt,0,0,0,0
2025,6,NO,NE,13,4,9,36,-9,826,,,,field_goal,0,0,0,0
2025,6,NE,NO,14,4,27,82,6,581,,base,,punt,0,0,0,0
2025,6,NE,NO,16,4,13,43,6,358,,base,,punt,0,0,0,0
2025,6,NO,NE,17,4,7,62,-6,235,,nickel,,punt,0,0,0,0
2025,6,PHI,NYG,1,4,5,24,0,3423,,base,,field_goal,0,0,0,0
2025,6,PHI,NYG,3,4,16,77,-4,3169,heavy,nickel,,punt,0,0,0,0
2025,6,NYG,PHI,6,4,4,71,3,2700,,base,,punt,0,0,0,0
2025,6,PHI,NYG,7,4,1,3,-3,2311,12,base,7,run,2,1,0,0
2025,6,NYG,PHI,10,4,2,63,3,1730,,base,,punt,0,0,0,0
2025,6,PHI,NYG,11,4,6,89,-3,1635,heavy,nickel,,punt,0,0,0,0
2025,6,PHI,NYG,13,4,16,62,-10,1233,heavy,nickel,,punt,0,0,0,0
2025,6,NYG,PHI,14,4,9,42,10,981,,base,,punt,0,0,0,0
2025,6,PHI,NYG,15,4,2,80,-10,849,heavy,nickel,,punt,0,0,0,0
2025,6,NYG,PHI,16,4,8,64,10,783,,base,,punt,0,0,0,0
2025,6,PHI,NYG,19,4,4,89,-17,500,11,dime,6,pass,9,1,0,0
2025,6,JAX,SEA,1,4,23,93,0,3460,,,,punt,0,0,0,0
2025,6,SEA,JAX,2,4,7,66,0,3373,,base,,punt,0,0,0,0
2025,6,JAX,SEA,3,4,11,60,0,3163,,,,punt,0,0,0,0
2025,6,SEA,JAX,4,4,6,76,0,3050,,base,,punt,0,0,0,0
2025,6,SEA,JAX,6,4,6,6,-6,2440,,base,,field_goal,0,0,0,0
2025,6,JAX,SEA,7,4,18,96,3,2336,,,,punt,0,0,0,0
2025,6,JAX,SEA,9,4,15,46,-4,2207,,,,punt,0,0,0,0
2025,6,SEA,JAX,10,4,7,77,4,2114,,base,,punt,0,0,0,0
2025,6,JAX,SEA,11,4,1,31,-4,1920,12,base,7,run,7,1,0,0
2025,6,JAX,SEA,11,4,18,32,-4,1863,,base,,field_goal,0,0,0,0
2025,6,SEA,JAX,12,4,6,35,4,1815,,base,,field_goal,0,0,0,0
2025,6,JAX,SEA,15,4,10,57,-14,1338,,,,punt,0,0,0,0
2025,6,SEA,JAX,16,4,12,75,14,1214,,base,,punt,0,0,0,0
2025,6,JAX,SEA,17,4,5,49,-14,929,11,nickel,5,pass,11,1,0,0
2025,6,JAX,SEA,17,4,2,30,-14,834,11,nickel,6,run,4,1,0,0
2025,6,SEA,JAX,18,4,11,66,8,660,,base,,punt,0,0,0,0
2025,6,JAX,SEA,19,4,5,83,-8,557,,,,punt,0,0,0,0
2025,6,SEA,JAX,20,4,7,62,8,465,,base,,punt,0,0,0,0
2025,6,JAX,SEA,21,4,6,59,-8,352,,,,punt,0,0,0,0
2025,6,SEA,JAX,22,4,8,79,8,255,,base,,punt,0,0,0,0
2025,6,JAX,SEA,23,4,18,72,-8,180,,,,punt,0,0,0,0
2025,6,SEA,JAX,24,4,7,9,8,120,,base,,penalty,5,1,0,0
2025,6,TB,SF,1,4,1,63,0,3428,11,,,punt,0,0,0,0
2025,6,SF,TB,4,4,15,34,-7,3178,,base,,field_goal,0,0,0,0
2025,6,TB,SF,5,4,17,61,4,3068,11,base,,punt,0,0,0,0
2025,6,SF,TB,6,4,14,77,-4,2802,12,base,,punt,0,0,0,0
2025,6,TB,SF,7,4,7,63,4,2714,11,base,,punt,0,0,0,0
2025,6,SF,TB,10,4,6,36,-4,1929,,base,,field_goal,0,0,0,0
2025,6,SF,TB,14,4,6,11,-4,1350,,base,,field_goal,0,0,0,0
2025,6,SF,TB,16,4,21,49,-8,805,12,base,,punt,0,0,0,0
2025,6,TB,SF,17,4,4,31,8,526,,base,,field_goal,0,0,0,0
2025,6,SF,TB,18,4,4,55,-8,432,12,base,,penalty,5,1,0,0
2025,6,SF,TB,18,4,5,33,-8,352,11,nickel,6,pass,0,0,0,1
2025,6,TB,SF,19,4,4,27,8,120,,base,,field_goal,0,0,0,0
2025,6,SF,TB,20,4,6,62,-11,40,11,nickel,5,pass,3,0,0,0
2025,6,TEN,LV,1,4,1,56,0,3479,12,base,,punt,0,0,0,0
2025,6,LV,TEN,2,4,19,32,0,2951,,base,,field_goal,0,0,0,0
2025,6,TEN,LV,3,4,17,57,-3,2700,12,nickel,,punt,0,0,0,0
2025,6,LV,TEN,4,4,4,59,3,2614,,base,,punt,0,0,0,0
2025,6,TEN,LV,5,4,10,76,-3,2479,,nickel,,punt,0,0,0,0
2025,6,LV,TEN,6,4,12,56,3,2266,,base,,punt,0,0,0,0
2025,6,TEN,LV,9,4,13,76,-10,1982,12,nickel,,punt,0,0,0,0
2025,6,LV,TEN,10,4,9,58,10,1920,,base,,punt,0,0,0,0
2025,6,LV,TEN,13,4,1,46,10,1608,11,nickel,6,pass,11,1,0,0
2025,6,TEN,LV,14,4,14,28,-17,970,,,,field_goal,0,0,0,0
2025,6,TEN,LV,16,4,9,79,-14,781,12,nickel,,punt,0,0,0,0
2025,6,LV,TEN,17,4,3,10,14,437,,base,,field_goal,0,0,0,0
2025,6,TEN,LV,18,4,1,40,-17,312,11,nickel,6,pass,11,1,0,0
2025,6,TEN,LV,18,4,3,4,-17,191,11,nickel,6,penalty,3,1,0,0
2025,6,LV,TEN,19,4,10,41,10,165,,base,,punt,0,0,0,0
2025,6,TEN,LV,20,4,15,95,-10,115,11,nickel,6,pass,20,1,0,0
2025,7,ATL,SF,1,4,1,69,0,3502,12,,,punt,0,0,0,0
2025,7,SF,ATL,2,4,9,42,0,3221,12,,,punt,0,0,0,0
2025,7,ATL,SF,3,4,9,20,0,2579,,base,,field_goal,0,0,0,0
2025,7,ATL,SF,5,4,7,48,3,2285,12,base,,punt,0,0,0,0
2025,7,SF,ATL,8,4,7,37,4,1843,,,,field_goal,0,0,0,0
2025,7,SF,ATL,10,4,11,25,7,1514,,,,field_goal,0,0,0,0
2025,7,SF,ATL,12,4,3,68,3,1168,12,base,,punt,0,0,0,0
2025,7,ATL,SF,13,4,14,47,-3,966,12,base,,punt,0,0,0,0
2025,7,SF,ATL,14,4,3,65,3,778,12,base,,punt,0,0,0,0
2025,7,ATL,SF,15,4,1,35,-3,500,11,nickel,6,pass,0,0,0,0
2025,7,ATL,SF,17,4,10,54,-10,91,11,nickel,5,pass,0,0,0,0
2025,7,NYJ,CAR,1,4,5,33,0,3439,11,nickel,6,pass,0,0,0,0
2025,7,CAR,NYJ,2,4,5,12,0,3045,,,,field_goal,0,0,0,0
2025,7,NYJ,CAR,3,4,5,57,-3,2874,21,base,,punt,0,0,0,0
2025,7,CAR,NYJ,4,4,1,51,3,2696,heavy,base,9,run,0,0,0,0
2025,7,NYJ,CAR,5,4,4,16,-3,2466,,base,,field_goal,0,0,0,0
2025,7,CAR,NYJ,6,4,9,53,0,2339,,base,,punt,0,0,0,0
2025,7,NYJ,CAR,7,4,7,84,0,2268,21,base,,punt,0,0,0,0
2025,7,CAR,NYJ,8,4,16,58,0,2179,,base,,punt,0,0,0,0
2025,7,NYJ,CAR,9,4,3,89,0,2036,21,base,,punt,0,0,0,0
2025,7,CAR,NYJ,10,4,3,45,0,1932,11,nickel,6,pass,11,1,0,0
2025,7,CAR,NYJ,12,4,1,40,7,1712,11,nickel,7,run,12,1,0,0
2025,7,CAR,NYJ,12,4,6,11,7,1543,,,,field_goal,0,0,0,0
2025,7,NYJ,CAR,13,4,7,46,-10,1336,11,,,punt,0,0,0,0
2025,7,CAR,NYJ,14,4,24,89,10,1136,,base,,punt,0,0,0,0
2025,7,CAR,NYJ,16,4,1,38,10,682,11,nickel,8,run,4,1,0,0
2025,7,CAR,NYJ,16,4,19,43,10,540,,,,punt,0,0,0,0
2025,7,NYJ,CAR,17,4,3,29,-10,390,,base,,field_goal,0,0,0,0
2025,7,CAR,NYJ,18,4,11,66,7,291,,base,,punt,0,0,0,0
2025,7,CAR,NYJ,20,4,2,52,7,176,,base,,punt,0,0,0,0
2025,7,NYJ,CAR,21,4,10,86,-7,115,11,base,,punt,0,0,0,0
2025,7,ARI,GB,1,4,14,14,0,3158,,,,field_goal,0,0,0,0
2025,7,GB,ARI,2,4,2,51,-3,2917,11,nickel,6,pass,8,1,0,0
2025,7,GB,ARI,2,4,5,38,-3,2784,11,nickel,6,pass,0,0,0,0
2025,7,ARI,GB,3,4,10,42,3,2615,,,,punt,0,0,0,0
2025,7,GB,ARI,4,4,7,13,-3,2350,,base,,field_goal,0,0,0,0
2025,7,ARI,GB,5,4,5,22,0,2106,,,,field_goal,0,0,0,0
2025,7,GB,ARI,6,4,17,75,-3,1996,,base,,punt,0,0,0,0
2025,7,GB,ARI,9,4,3,63,-7,1708,,base,,punt,0,0,0,0
2025,7,ARI,GB,14,4,21,21,0,542,,,,field_goal,0,0,0,0
2025,7,GB,ARI,15,4,6,80,-3,485,,base,,punt,0,0,0,0
2025,7,ARI,GB,16,4,1,52,3,358,heavy,base,7,run,0,0,0,0
2025,7,GB,ARI,17,4,2,29,-3,152,11,dime,5,pass,15,1,0,0
2025,7,ARI,GB,18,4,11,27,-4,13,11,dime,5,pass,0,0,0,0
2025,7,SEA,HOU,1,4,1,62,0,3511,,,,punt,0,0,0,0
2025,7,HOU,SEA,2,4,31,99,0,3315,21,,,punt,0,0,0,0
2025,7,HOU,SEA,4,4,2,55,-7,3017,21,,,punt,0,0,0,0
2025,7,SEA,HOU,5,4,1,39,7,2881,12,base,7,run,2,1,0,0
2025,7,HOU,SEA,6,4,10,59,-14,2596,21,,,punt,0,0,0,0
2025,7,SEA,HOU,7,4,11,69,14,2444,,,,punt,0,0,0,0
2025,7,HOU,SEA,8,4,7,73,-14,2359,21,,,punt,0,0,0,0
2025,7,HOU,SEA,10,4,7,17,-14,1942,,base,,field_goal,0,0,0,0
2025,7,SEA,HOU,11,4,4,34,11,1823,,,,field_goal,0,0,0,0
2025,7,SEA,HOU,14,4,1,29,8,1653,11,base,8,pass,18,1,0,0
2025,7,SEA,HOU,14,4,6,7,8,1537,,,,field_goal,0,0,0,0
2025,7,HOU,SEA,15,4,6,42,-11,1438,21,,,punt,0,0,0,0
2025,7,SEA,HOU,17,4,3,29,5,1219,,,,field_goal,0,0,0,0
2025,7,HOU,SEA,18,4,1,59,-8,1095,11,nickel,6,run,-2,0,0,0
2025,7,HOU,SEA,20,4,18,88,-15,903,21,,,punt,0,0,0,0
2025,7,SEA,HOU,21,4,6,49,15,801,,,,punt,0,0,0,0
2025,7,HOU,SEA,22,4,10,79,-15,777,21,base,,punt,0,0,0,0
2025,7,HOU,SEA,24,4,15,45,-15,543,11,nickel,5,pass,0,0,0,0
2025,7,HOU,SEA,26,4,5,24,-15,387,11,nickel,6,pass,21,1,0,0
2025,7,HOU,SEA,26,4,5,5,-15,308,11,nickel,4,pass,0,0,0,0
2025,7,SEA,HOU,27,4,15,99,15,284,,base,,punt,0,0,0,0
2025,7,LAC,IND,2,4,6,25,-6,3159,,base,,field_goal,0,0,0,0
2025,7,IND,LAC,3,4,1,61,3,3026,heavy,base,7,run,1,1,0,0
2025,7,IND,LAC,3,4,1,19,3,2780,11,nickel,6,run,7,1,0,0
2025,7,IND,LAC,3,4,2,4,3,2700,11,nickel,7,pass,4,1,1,0
2025,7,LAC,IND,4,4,7,53,-10,2618,21,base,,punt,0,0,0,0
2025,7,IND,LAC,7,4,13,66,17,2150,,nickel,,punt,0,0,0,0
2025,7,LAC,IND,10,4,5,7,-20,1685,11,dime,6,pass,7,1,1,0
2025,7,IND,LAC,15,4,2,55,14,768,11,base,,punt,0,0,0,0
2025,7,LAC,IND,16,4,7,75,-14,520,,dime,5,pass,9,1,0,0
2025,7,LAC,IND,16,4,6,39,-14,300,11,dime,5,pass,11,1,0,0
2025,7,LAC,IND,16,4,27,45,-14,216,11,dime,3,pass,23,0,0,0
2025,7,JAX,LA,1,4,7,67,0,3520,,base,,punt,0,0,0,0
2025,7,LA,JAX,2,4,3,16,0,3181,11,nickel,6,pass,9,1,0,0
2025,7,JAX,LA,3,4,13,70,-7,3012,,base,,punt,0,0,0,0
2025,7,JAX,LA,5,4,1,46,-14,2595,,nickel,6,run,3,1,0,0
2025,7,JAX,LA,5,4,12,45,-14,2478,,base,,punt,0,0,0,0
2025,7,LA,JAX,6,4,10,91,14,2415,21,base,,punt,0,0,0,0
2025,7,JAX,LA,7,4,3,32,-14,2222,,base,,field_goal,0,0,0,0
2025,7,JAX,LA,9,4,7,11,-21,1913,11,nickel,5,run,4,0,0,0
2025,7,LA,JAX,11,4,4,58,21,1737,21,base,,punt,0,0,0,0
2025,7,JAX,LA,12,4,2,30,-21,1541,,nickel,6,pass,0,0,0,0
2025,7,LA,JAX,13,4,3,52,21,1397,21,base,,punt,0,0,0,0
2025,7,JAX,LA,14,4,7,27,-21,1238,11,dime,5,pass,0,0,0,0
2025,7,LA,JAX,15,4,11,74,21,1193,21,base,,punt,0,0,0,0
2025,7,JAX,LA,16,4,23,48,-21,1063,,base,,punt,0,0,0,0
2025,7,LA,JAX,17,4,4,78,21,965,21,base,,punt,0,0,0,0
2025,7,JAX,LA,18,4,15,84,-21,936,,base,,punt,0,0,0,0
2025,7,LA,JAX,19,4,1,31,21,679,heavy,base,8,pass,31,1,1,0
2025,7,JAX,LA,22,4,10,38,-28,192,11,dime,6,pass,16,1,0,0
2025,7,JAX,LA,22,4,13,14,-28,115,11,dime,5,pass,0,0,0,0
2025,7,LV,KC,1,4,7,46,0,3412,,base,,punt,0,0,0,0
2025,7,LV,KC,3,4,2,54,-7,2887,,,,punt,0,0,0,0
2025,7,KC,LV,4,4,1,60,7,2700,heavy,base,7,run,3,1,0,0
2025,7,LV,KC,5,4,4,57,-14,2204,,base,,punt,0,0,0,0
2025,7,LV,KC,9,4,13,68,-28,1329,,base,,punt,0,0,0,0
2025,7,KC,LV,10,4,7,20,28,1061,,,,field_goal,0,0,0,0
2025,7,LV,KC,11,4,3,58,-31,912,11,nickel,7,pass,0,0,0,0
2025,7,KC,LV,12,4,7,38,31,803,,base,,punt,0,0,0,0
2025,7,LV,KC,13,4,20,88,-31,714,,base,,punt,0,0,0,0
2025,7,KC,LV,14,4,6,50,31,435,,nickel,,punt,0,0,0,0
2025,7,KC,LV,16,4,4,5,31,292,12,base,6,run,1,0,0,0
2025,7,LV,KC,17,4,1,87,-31,164,,base,,punt,0,0,0,0
2025,7,KC,LV,18,4,13,60,31,38,,nickel,,punt,0,0,0,0
2025,7,CLE,MIA,1,4,3,60,0,3467,,base,,punt,0,0,0,0
2025,7,MIA,CLE,2,4,16,74,0,3251,,nickel,,punt,0,0,0,0
2025,7,CLE,MIA,3,4,5,12,0,2841,,nickel,,field_goal,0,0,0,0
2025,7,MIA,CLE,4,4,9,15,-3,2658,,base,,field_goal,0,0,0,0
2025,7,MIA,CLE,8,4,13,54,-14,2050,,nickel,,punt,0,0,0,0
2025,7,CLE,MIA,9,4,19,99,14,1983,,nickel,,punt,0,0,0,0
2025,7,MIA,CLE,10,4,6,24,-14,1870,,base,,penalty,12,1,0,0
2025,7,MIA,CLE,10,4,6,8,-14,1803,,dime,,field_goal,0,0,0,0
2025,7,MIA,CLE,12,4,19,89,-18,1663,,nickel,,punt,0,0,0,0
2025,7,CLE,MIA,13,4,4,38,18,1533,,base,,punt,0,0,0,0
2025,7,MIA,CLE,14,4,1,83,-18,1399,11,base,6,run,2,1,0,0
2025,7,MIA,CLE,14,4,8,35,-18,1097,11,nickel,6,pass,7,0,0,0
2025,7,CLE,MIA,15,4,20,45,18,756,,base,,punt,0,0,0,0
2025,7,CLE,MIA,19,4,11,43,25,504,,base,,punt,0,0,0,0
2025,7,MIA,CLE,20,4,15,85,-25,413,,nickel,,punt,0,0,0,0
2025,7,CLE,MIA,21,4,14,44,25,228,,base,,punt,0,0,0,0
2025,7,MIA,CLE,22,4,4,85,-25,142,11,nickel,6,pass,5,1,0,0
2025,7,MIA,CLE,22,4,19,49,-25,42,11,nickel,6,pass,-10,0,0,0
2025,7,TEN,NE,1,4,7,31,0,3444,,,,field_goal,0,0,0,0
2025,7,NE,TEN,2,4,12,18,-3,3110,,,,field_goal,0,0,0,0
2025,7,NE,TEN,4,4,8,54,-7,2838,,base,,punt,0,0,0,0
2025,7,TEN,NE,5,4,11,45,7,2545,12,nickel,,punt,0,0,0,0
2025,7,TEN,NE,7,4,12,32,0,1913,,,,field_goal,0,0,0,0
2025,7,TEN,NE,9,4,3,58,-4,1803,heavy,nickel,4,pass,0,0,0,0
2025,7,NE,TEN,10,4,1,9,4,1394,11,nickel,6,pass,5,1,0,0
2025,7,TEN,NE,12,4,11,66,-18,1227,12,dime,,punt,0,0,0,0
2025,7,NE,TEN,13,4,19,74,18,1092,,,,punt,0,0,0,0
2025,7,TEN,NE,14,4,6,60,-18,967,12,dime,,punt,0,0,0,0
2025,7,NE,TEN,15,4,12,37,18,532,,,,punt,0,0,0,0
2025,7,TEN,NE,16,4,14,46,-18,359,11,nickel,4,pass,11,0,0,0
2025,7,NE,TEN,17,4,4,59,18,326,,,,punt,0,0,0,0
2025,7,NE,TEN,19,4,2,35,18,120,11,base,7,run,3,1,0,0
2025,7,CHI,NO,1,4,4,59,0,3523,21,base,,punt,0,0,0,0
2025,7,CHI,NO,3,4,7,9,0,3278,,,,field_goal,0,0,0,0
2025,7,NO,CHI,4,4,6,63,-3,3191,,base,,punt,0,0,0,0
2025,7,NO,CHI,6,4,9,35,-3,2880,,base,,field_goal,0,0,0,0
2025,7,CHI,NO,7,4,8,21,3,2650,,,,field_goal,0,0,0,0
2025,7,NO,CHI,10,4,21,76,-13,2254,,base,,punt,0,0,0,0
2025,7,NO,CHI,12,4,1,42,-20,1902,11,nickel,7,run,-1,0,0,0
2025,7,CHI,NO,13,4,4,51,20,1878,21,base,,punt,0,0,0,0
2025,7,CHI,NO,17,4,6,6,6,1150,,,,field_goal,0,0,0,0
2025,7,CHI,NO,19,4,14,68,9,810,21,base,,punt,0,0,0,0
2025,7,NO,CHI,20,4,20,73,-9,650,,base,,punt,0,0,0,0
2025,7,CHI,NO,21,4,11,15,9,386,,,,field_goal,0,0,0,0
2025,7,NO,CHI,22,4,2,26,-12,269,heavy,base,8,pass,0,0,0,1
2025,7,CHI,NO,23,4,3,26,12,120,11,nickel,6,pass,8,1,0,0
2025,7,NYG,DEN,1,4,8,41,0,3473,,base,,punt,0,0,0,0
2025,7,DEN,NYG,2,4,10,80,0,3450,12,nickel,,punt,0,0,0,0
2025,7,NYG,DEN,3,4,2,60,0,3376,,base,,punt,0,0,0,0
2025,7,DEN,NYG,4,4,2,64,0,3213,12,nickel,,punt,0,0,0,0
2025,7,DEN,NYG,6,4,18,76,-7,2825,12,nickel,,punt,0,0,0,0
2025,7,NYG,DEN,7,4,9,72,7,2771,,base,,punt,0,0,0,0
2025,7,DEN,NYG,8,4,6,64,-7,2697,12,nickel,,punt,0,0,0,0
2025,7,NYG,DEN,9,4,1,13,7,2459,12,base,7,run,1,1,0,0
2025,7,DEN,NYG,10,4,3,42,-13,2200,11,nickel,6,run,3,1,0,0
2025,7,DEN,NYG,10,4,2,2,-13,2019,11,nickel,6,pass,1,0,0,0
2025,7,NYG,DEN,11,4,4,64,13,1871,,base,,punt,0,0,0,0
2025,7,DEN,NYG,13,4,5,58,-13,1670,12,nickel,,punt,0,0,0,0
2025,7,NYG,DEN,14,4,18,42,13,1328,,base,,punt,0,0,0,0
2025,7,DEN,NYG,15,4,11,89,-13,1275,12,nickel,,punt,0,0,0,0
2025,7,DEN,NYG,19,4,3,44,-18,398,11,nickel,6,penalty,4,1,0,0
2025,7,NYG,DEN,22,4,8,70,3,171,,base,,punt,0,0,0,0
2025,7,NYG,DEN,24,4,19,74,-4,68,11,dime,4,penalty,15,1,0,0
2025,7,PHI,MIN,1,4,1,55,0,3390,12,base,9,run,1,1,0,0
2025,7,PHI,MIN,1,4,4,37,0,3127,11,dime,5,pass,37,1,1,0
2025,7,MIN,PHI,2,4,32,41,-7,2828,,base,,field_goal,0,0,0,0
2025,7,PHI,MIN,3,4,6,62,4,2738,heavy,,,punt,0,0,0,0
2025,7,PHI,MIN,6,4,7,53,11,2384,heavy,,,punt,0,0,0,0
2025,7,MIN,PHI,7,4,11,16,-11,2197,,base,,field_goal,0,0,0,0
2025,7,PHI,MIN,8,4,9,73,8,2070,,,,punt,0,0,0,0
2025,7,MIN,PHI,9,4,4,50,-8,1866,11,base,,punt,0,0,0,0
2025,7,MIN,PHI,11,4,9,10,-8,1445,,base,,field_goal,0,0,0,0
2025,7,PHI,MIN,14,4,5,23,5,859,,,,field_goal,0,0,0,0
2025,7,MIN,PHI,15,4,12,17,-5,610,,base,,field_goal,0,0,0,0
2025,7,MIN,PHI,17,4,2,15,-9,178,11,nickel,5,pass,5,1,0,0
2025,7,MIN,PHI,17,4,11,11,-9,120,,base,,field_goal,0,0,0,0
2025,7,CIN,PIT,2,4,4,53,-7,3155,21,nickel,,punt,0,0,0,0
2025,7,PIT,CIN,3,4,4,56,7,3066,,base,,punt,0,0,0,0
2025,7,CIN,PIT,4,4,12,50,-7,2872,21,nickel,,punt,0,0,0,0
2025,7,PIT,CIN,5,4,5,22,7,2431,,base,,field_goal,0,0,0,0
2025,7,CIN,PIT,11,4,1,9,7,1470,11,nickel,6,run,2,1,0,0
2025,7,CIN,PIT,11,4,5,5,7,1378,,,,field_goal,0,0,0,0
2025,7,CIN,PIT,15,4,13,27,3,423,,,,field_goal,0,0,0,0
2025,7,PIT,CIN,16,4,4,55,-6,326,,base,,punt,0,0,0,0
2025,7,CIN,PIT,17,4,17,85,6,176,21,nickel,,punt,0,0,0,0
2025,7,CIN,PIT,19,4,18,18,-1,11,,,,field_goal,0,0,0,0
2025,7,TB,DET,2,4,3,78,-7,3284,11,base,,punt,0,0,0,0
2025,7,TB,DET,4,4,9,59,-7,3075,11,base,,punt,0,0,0,0
2025,7,DET,TB,5,4,2,15,7,2746,11,nickel,6,pass,0,0,0,0
2025,7,TB,DET,6,4,3,53,-7,2602,11,base,,punt,0,0,0,0
2025,7,DET,TB,7,4,17,78,7,2418,21,base,,punt,0,0,0,0
2025,7,TB,DET,8,4,6,50,-7,2262,11,base,,punt,0,0,0,0
2025,7,TB,DET,10,4,11,66,-14,2060,11,base,,punt,0,0,0,0
2025,7,DET,TB,11,4,15,91,14,1986,21,base,,punt,0,0,0,0
2025,7,DET,TB,13,4,5,36,14,1916,,base,,field_goal,0,0,0,0
2025,7,TB,DET,17,4,2,28,-11,1521,12,,8,run,4,1,0,0
2025,7,TB,DET,19,4,3,72,-12,1079,11,base,,punt,0,0,0,0
2025,7,DET,TB,20,4,1,50,12,900,12,,8,run,1,1,0,0
2025,7,DET,TB,20,4,6,45,12,792,12,base,,punt,0,0,0,0
2025,7,TB,DET,21,4,4,63,-12,696,11,nickel,6,pass,3,0,0,0
2025,7,DET,TB,22,4,10,40,12,623,,base,,field_goal,0,0,0,0
2025,7,TB,DET,23,4,4,29,-15,432,11,nickel,5,pass,7,1,0,0
2025,7,TB,DET,23,4,5,17,-15,324,11,nickel,5,penalty,3,1,0,0
2025,7,TB,DET,23,4,8,12,-15,269,11,nickel,6,pass,0,0,0,0
2025,7,DET,TB,24,4,8,85,15,250,12,base,,punt,0,0,0,0
2025,7,TB,DET,25,4,21,48,-15,153,11,nickel,4,pass,14,0,0,0
2025,7,DET,TB,26,4,6,62,15,19,12,base,,punt,0,0,0,0
2025,7,WAS,DAL,2,4,8,59,-7,3406,heavy,,,punt,0,0,0,0
2025,7,DAL,WAS,5,4,3,29,-1,3079,,,,field_goal,0,0,0,0
2025,7,WAS,DAL,6,4,1,78,-2,2988,heavy,,,punt,0,0,0,0
2025,7,WAS,DAL,8,4,4,53,-9,2834,heavy,,,punt,0,0,0,0
2025,7,DAL,WAS,9,4,9,59,9,2657,12,nickel,,punt,0,0,0,0
2025,7,WAS,DAL,10,4,5,46,-9,2459,12,nickel,7,pass,0,0,0,0
2025,7,DAL,WAS,11,4,12,43,9,2247,,base,,field_goal,0,0,0,0
2025,7,WAS,DAL,12,4,7,87,-12,2140,heavy,,,punt,0,0,0,0
2025,7,DAL,WAS,13,4,11,62,12,1925,12,nickel,,punt,0,0,0,0
2025,7,WAS,DAL,20,4,8,26,-26,1105,11,nickel,6,penalty,14,1,0,0
2025,7,DAL,WAS,21,4,6,11,19,768,,base,,field_goal,0,0,0,0
2025,7,WAS,DAL,22,4,1,36,-22,631,11,nickel,7,pass,0,0,0,0
2025,7,DAL,WAS,23,4,11,49,22,417,12,nickel,,punt,0,0,0,0
2025,7,WAS,DAL,24,4,12,94,-22,285,heavy,base,,punt,0,0,0,0
2025,8,CAR,BUF,1,4,15,74,0,3477,,base,,punt,0,0,0,0
2025,8,BUF,CAR,2,4,14,27,0,3138,,base,,field_goal,0,0,0,0
2025,8,BUF,CAR,4,4,17,25,3,2587,,base,,field_goal,0,0,0,0
2025,8,CAR,BUF,5,4,7,30,-6,2343,,base,,field_goal,0,0,0,0
2025,8,CAR,BUF,7,4,7,70,-9,2151,,base,,punt,0,0,0,0
2025,8,BUF,CAR,8,4,6,60,9,2007,,nickel,,punt,0,0,0,0
2025,8,CAR,BUF,11,4,14,14,-16,1801,,dime,,field_goal,0,0,0,0
2025,8,CAR,BUF,13,4,25,68,-23,1524,,base,,punt,0,0,0,0
2025,8,CAR,BUF,17,4,10,35,-37,793,11,dime,5,pass,11,1,0,0
2025,8,BUF,CAR,18,4,12,58,31,306,,nickel,,punt,0,0,0,0
2025,8,CAR,BUF,19,4,3,74,-31,206,,base,,punt,0,0,0,0
2025,8,BUF,CAR,20,4,7,70,31,117,,nickel,,punt,0,0,0,0
2025,8,CHI,BAL,1,4,14,14,0,3115,,base,,field_goal,0,0,0,0
2025,8,BAL,CHI,2,4,2,64,-3,2984,,base,,punt,0,0,0,0
2025,8,CHI,BAL,3,4,7,22,3,2707,,base,,field_goal,0,0,0,0
2025,8,CHI,BAL,5,4,28,65,-1,2200,11,,,punt,0,0,0,0
2025,8,BAL,CHI,6,4,2,36,1,2008,12,nickel,6,pass,3,1,0,0
2025,8,BAL,CHI,6,4,15,24,1,1871,,base,,field_goal,0,0,0,0
2025,8,CHI,BAL,7,4,6,40,-4,1803,,dime,,field_goal,0,0,0,0
2025,8,BAL,CHI,8,4,3,10,4,1508,,base,,field_goal,0,0,0,0
2025,8,CHI,BAL,9,4,3,65,-7,1387,11,,,punt,0,0,0,0
2025,8,BAL,CHI,10,4,8,14,7,1118,,base,,field_goal,0,0,0,0
2025,8,BAL,CHI,12,4,10,44,3,595,,base,,punt,0,0,0,0
2025,8,CHI,BAL,15,4,5,30,-10,310,,base,,field_goal,0,0,0,0
2025,8,CHI,BAL,17,4,1,1,-14,29,11,nickel,7,pass,0,0,0,0
2025,8,NE,CLE,1,4,18,18,0,3229,,base,,field_goal,0,0,0,0
2025,8,NE,CLE,3,4,2,60,-4,2902,,base,,punt,0,0,0,0
2025,8,CLE,NE,4,4,8,54,4,2759,,dime,,punt,0,0,0,0
2025,8,CLE,NE,6,4,5,29,4,2486,,,,field_goal,0,0,0,0
2025,8,NE,CLE,7,4,13,14,-4,2264,,base,,field_goal,0,0,0,0
2025,8,CLE,NE,8,4,4,70,1,2176,,dime,,punt,0,0,0,0
2025,8,NE,CLE,9,4,5,61,-1,2063,,nickel,,punt,0,0,0,0
2025,8,CLE,NE,10,4,11,60,1,1935,,dime,,punt,0,0,0,0
2025,8,NE,CLE,11,4,2,24,-1,1802,,base,,field_goal,0,0,0,0
2025,8,CLE,NE,12,4,9,68,-2,1700,,dime,,punt,0,0,0,0
2025,8,CLE,NE,16,4,1,76,-16,1169,12,nickel,8,run,2,1,0,0
2025,8,CLE,NE,18,4,11,12,-23,738,,nickel,4,pass,0,0,0,0
2025,8,NE,CLE,19,4,12,89,23,623,,nickel,,punt,0,0,0,0
2025,8,CLE,NE,23,4,15,72,-19,205,11,nickel,4,pass,6,0,0,0
2025,8,DAL,DEN,2,4,6,6,0,3336,,base,,field_goal,0,0,0,0
2025,8,DAL,DEN,4,4,18,81,-4,3057,12,base,,punt,0,0,0,0
2025,8,DAL,DEN,6,4,20,52,-11,2696,12,base,,punt,0,0,0,0
2025,8,DEN,DAL,7,4,8,88,11,2634,12,,,punt,0,0,0,0
2025,8,DAL,DEN,10,4,1,71,-10,1945,12,base,,punt,0,0,0,0
2025,8,DAL,DEN,14,4,3,27,-17,1527,11,nickel,6,pass,17,1,0,0
2025,8,DEN,DAL,15,4,13,24,10,1266,,base,,field_goal,0,0,0,0
2025,8,DAL,DEN,16,4,6,56,-13,1105,12,base,,punt,0,0,0,0
2025,8,DEN,DAL,21,4,1,62,20,150,11,,,punt,0,0,0,0
2025,8,DAL,DEN,22,4,6,67,-20,35,12,nickel,,punt,0,0,0,0
2025,8,GB,PIT,1,4,1,71,0,3517,,nickel,,punt,0,0,0,0
2025,8,PIT,GB,2,4,20,38,0,3226,,,,field_goal,0,0,0,0
2025,8,PIT,GB,4,4,8,63,-4,2910,,nickel,,punt,0,0,0,0
2025,8,GB,PIT,5,4,10,39,4,2695,,,,field_goal,0,0,0,0
2025,8,PIT,GB,6,4,3,32,-4,2543,,,,field_goal,0,0,0,0
2025,8,GB,PIT,7,4,9,73,1,2477,,nickel,,punt,0,0,0,0
2025,8,PIT,GB,8,4,9,29,-1,2156,,,,field_goal,0,0,0,0
2025,8,GB,PIT,9,4,3,59,-2,2053,,nickel,,punt,0,0,0,0
2025,8,PIT,GB,12,4,8,71,9,1752,,base,,punt,0,0,0,0
2025,8,GB,PIT,13,4,1,17,-9,1518,12,nickel,7,pass,7,1,0,0
2025,8,PIT,GB,14,4,10,38,2,1239,,,,field_goal,0,0,0,0
2025,8,PIT,GB,16,4,13,80,-3,789,,base,,punt,0,0,0,0
2025,8,PIT,GB,18,4,19,84,-10,548,,nickel,,punt,0,0,0,0
2025,8,GB,PIT,19,4,6,9,10,331,,,,field_goal,0,0,0,0
2025,8,GB,PIT,21,4,3,7,13,242,,,,field_goal,0,0,0,0
2025,8,PIT,GB,22,4,5,54,-16,207,11,nickel,6,pass,14,1,0,0
2025,8,MIA,ATL,1,4,17,73,0,3516,,nickel,,punt,0,0,0,0
2025,8,ATL,MIA,2,4,5,63,0,3375,12,base,,punt,0,0,0,0
2025,8,MIA,ATL,3,4,1,8,0,2947,11,nickel,6,run,1,1,0,0
2025,8,ATL,MIA,4,4,3,38,-7,2727,21,nickel,5,pass,4,1,0,0
2025,8,ATL,MIA,4,4,2,26,-7,2583,,base,,field_goal,0,0,0,0
2025,8,MIA,ATL,5,4,4,57,4,2440,12,nickel,,punt,0,0,0,0
2025,8,ATL,MIA,6,4,6,92,-4,2322,12,base,,punt,0,0,0,0
2025,8,MIA,ATL,7,4,7,15,4,2178,,,,field_goal,0,0,0,0
2025,8,ATL,MIA,8,4,8,70,-7,2090,12,base,,punt,0,0,0,0
2025,8,ATL,MIA,11,4,3,64,-14,1713,12,base,,punt,0,0,0,0
2025,8,MIA,ATL,12,4,6,82,14,1591,12,nickel,,punt,0,0,0,0
2025,8,ATL,MIA,15,4,4,59,-21,1058,11,nickel,5,pass,0,0,0,0
2025,8,ATL,MIA,17,4,7,65,-28,664,11,nickel,7,pass,2,0,0,0
2025,8,MIA,ATL,18,4,8,17,28,521,,,,field_goal,0,0,0,0
2025,8,ATL,MIA,19,4,4,59,-31,483,11,nickel,6,pass,8,1,0,0
2025,8,MIA,ATL,20,4,1,27,24,69,11,nickel,5,pass,0,0,0,0
2025,8,MIN,LAC,1,4,1,59,0,3407,11,base,,punt,0,0,0,0
2025,8,MIN,LAC,3,4,19,91,-7,2844,11,base,,punt,0,0,0,0
2025,8,MIN,LAC,5,4,5,35,-14,2340,,,,field_goal,0,0,0,0
2025,8,LAC,MIN,6,4,17,31,11,2170,,,,field_goal,0,0,0,0
2025,8,MIN,LAC,7,4,2,53,-11,2052,11,base,,punt,0,0,0,0
2025,8,MIN,LAC,9,4,1,35,-18,1803,,nickel,,field_goal,0,0,0,0
2025,8,LAC,MIN,10,4,2,25,18,1505,,,,field_goal,0,0,0,0
2025,8,MIN,LAC,11,4,9,66,-21,1330,11,base,,punt,0,0,0,0
2025,8,MIN,LAC,13,4,9,9,-21,1186,11,nickel,6,penalty,5,1,0,0
2025,8,LAC,MIN,16,4,5,16,21,424,,,,field_goal,0,0,0,0
2025,8,MIN,LAC,17,4,8,63,-24,383,11,nickel,7,pass,0,0,0,0
2025,8,LAC,MIN,18,4,13,27,24,120,,,,field_goal,0,0,0,0
2025,8,NYG,PHI,2,4,11,70,-7,3441,,,,punt,0,0,0,0
2025,8,PHI,NYG,3,4,8,40,7,3075,,base,,field_goal,0,0,0,0
2025,8,PHI,NYG,5,4,3,46,0,2736,12,dime,6,run,5,1,0,0
2025,8,PHI,NYG,5,4,1,11,0,2577,12,base,7,run,2,1,0,0
2025,8,NYG,PHI,6,4,11,53,-7,2281,,,,punt,0,0,0,0
2025,8,PHI,NYG,7,4,14,91,7,2179,heavy,base,,punt,0,0,0,0
2025,8,NYG,PHI,8,4,6,29,-7,1977,,base,,field_goal,0,0,0,0
2025,8,NYG,PHI,11,4,10,65,-11,1702,,,,punt,0,0,0,0
2025,8,PHI,NYG,12,4,6,22,11,1328,,base,,field_goal,0,0,0,0
2025,8,NYG,PHI,13,4,13,16,-14,923,,base,,field_goal,0,0,0,0
2025,8,NYG,PHI,15,4,21,78,-18,576,,,,punt,0,0,0,0
2025,8,NYG,PHI,17,4,2,2,-25,169,12,nickel,6,run,2,1,1,0
2025,8,CIN,NYJ,1,4,6,8,0,3317,,,,field_goal,0,0,0,0
2025,8,NYJ,CIN,2,4,1,63,-3,3200,11,nickel,7,run,-2,0,0,0
2025,8,NYJ,CIN,4,4,9,63,-10,2882,11,base,,punt,0,0,0,0
2025,8,CIN,NYJ,5,4,9,74,10,2787,21,base,,punt,0,0,0,0
2025,8,NYJ,CIN,6,4,1,28,-10,2537,,base,,field_goal,0,0,0,0
2025,8,NYJ,CIN,8,4,2,15,-14,2123,12,nickel,6,pass,15,1,1,0
2025,8,NYJ,CIN,10,4,5,7,-14,1804,,base,,field_goal,0,0,0,0
2025,8,NYJ,CIN,11,4,6,43,-11,1652,11,,,punt,0,0,0,0
2025,8,CIN,NYJ,12,4,6,76,11,1558,21,base,,punt,0,0,0,0
2025,8,NYJ,CIN,13,4,6,6,-11,1275,,base,,field_goal,0,0,0,0
2025,8,NYJ,CIN,17,4,1,51,-14,521,11,nickel,7,pass,24,1,0,0
2025,8,CIN,NYJ,18,4,16,78,6,424,21,base,,punt,0,0,0,0
2025,8,CIN,NYJ,20,4,9,55,-1,32,11,dime,6,pass,0,0,0,0
2025,8,HOU,SF,1,4,1,24,0,3195,11,base,7,run,1,1,0,0
2025,8,HOU,SF,1,4,2,15,0,3024,,base,,field_goal,0,0,0,0
2025,8,SF,HOU,2,4,7,62,-3,2927,12,,,punt,0,0,0,0
2025,8,HOU,SF,3,4,5,16,3,2700,,base,,field_goal,0,0,0,0
2025,8,SF,HOU,4,4,3,68,-6,2612,12,,,punt,0,0,0,0
2025,8,SF,HOU,6,4,5,60,-13,2164,12,,,punt,0,0,0,0
2025,8,HOU,SF,7,4,6,18,13,1862,,base,,field_goal,0,0,0,0
2025,8,SF,HOU,10,4,3,53,-9,1725,12,,,punt,0,0,0,0
2025,8,HOU,SF,13,4,8,11,8,584,,base,,field_goal,0,0,0,0
2025,8,SF,HOU,14,4,11,69,-11,485,12,,,punt,0,0,0,0
2025,8,HOU,SF,15,4,3,54,11,263,21,nickel,,punt,0,0,0,0
2025,8,HOU,SF,17,4,4,93,11,62,21,nickel,,punt,0,0,0,0
2025,8,SF,HOU,18,4,13,53,-11,15,11,nickel,4,pass,9,0,0,0
2025,8,TB,NO,2,4,26,70,0,3247,11,base,,punt,0,0,0,0
2025,8,NO,TB,3,4,10,41,0,2869,,base,,punt,0,0,0,0
2025,8,TB,NO,4,4,1,1,0,2248,12,base,8,run,0,0,0,0
2025,8,NO,TB,6,4,7,46,-7,2045,,base,,punt,0,0,0,0
2025,8,TB,NO,7,4,7,84,7,1918,11,base,,punt,0,0,0,0
2025,8,TB,NO,12,4,1,1,4,1512,12,base,8,run,1,1,1,0
2025,8,NO,TB,13,4,17,92,-11,1411,,base,,punt,0,0,0,0
2025,8,TB,NO,14,4,9,37,11,1147,,,,field_goal,0,0,0,0
2025,8,TB,NO,16,4,10,34,14,848,,,,field_goal,0,0,0,0
2025,8,NO,TB,17,4,2,56,-17,708,11,nickel,6,pass,0,0,0,0
2025,8,TB,NO,18,4,2,36,17,572,,,,field_goal,0,0,0,0
2025,8,NO,TB,19,4,11,24,-20,297,11,nickel,6,pass,0,0,0,0
2025,8,TB,NO,20,4,4,70,20,156,11,base,,punt,0,0,0,0
2025,8,NO,TB,21,4,3,74,-20,96,11,nickel,6,run,4,1,0,0
2025,8,NO,TB,21,4,4,42,-20,38,11,nickel,5,pass,11,1,0,0
2025,8,IND,TEN,1,4,17,25,0,3288,,,,field_goal,0,0,0,0
2025,8,TEN,IND,2,4,12,55,-3,3017,12,,,punt,0,0,0,0
2025,8,TEN,IND,6,4,14,73,-10,2185,12,,,punt,0,0,0,0
2025,8,IND,TEN,7,4,19,72,10,2125,12,,,punt,0,0,0,0
2025,8,TEN,IND,8,4,4,48,-10,1913,12,base,,punt,0,0,0,0
2025,8,IND,TEN,9,4,8,68,10,1834,12,base,,punt,0,0,0,0
2025,8,TEN,IND,12,4,3,42,-10,1590,12,base,,punt,0,0,0,0
2025,8,TEN,IND,14,4,9,69,-17,1485,12,,,punt,0,0,0,0
2025,8,TEN,IND,16,4,6,56,-24,1096,11,dime,5,penalty,5,1,0,0
2025,8,TEN,IND,16,4,3,44,-24,1001,11,dime,5,pass,-10,0,0,0
2025,8,IND,TEN,17,4,1,37,24,912,11,nickel,7,run,4,1,0,0
2025,8,TEN,IND,18,4,16,16,-31,421,11,nickel,5,pass,0,0,0,1
2025,8,IND,TEN,19,4,7,77,31,337,12,,,punt,0,0,0,0
2025,8,TEN,IND,20,4,2,3,-31,160,11,nickel,7,run,3,1,1,0
2025,8,IND,TEN,21,4,8,63,24,79,12,,,punt,0,0,0,0
2025,8,KC,WAS,2,4,1,59,0,3161,11,base,7,run,5,1,0,0
2025,8,WAS,KC,3,4,6,40,0,2764,11,nickel,5,pass,5,0,0,0
2025,8,WAS,KC,5,4,1,28,0,2430,11,nickel,7,pass,0,0,0,0
2025,8,KC,WAS,9,4,2,2,0,1519,11,dime,6,pass,2,1,1,0
2025,8,WAS,KC,10,4,5,73,-7,1399,12,nickel,,punt,0,0,0,0
2025,8,WAS,KC,12,4,21,48,-14,900,12,nickel,,punt,0,0,0,0
2025,8,WAS,KC,14,4,9,64,-21,419,12,nickel,,punt,0,0,0,0
2025,8,KC,WAS,15,4,6,62,21,149,,base,,punt,0,0,0,0
2025,9,DAL,ARI,1,4,4,4,0,3337,11,nickel,6,pass,-7,0,0,0
2025,9,ARI,DAL,2,4,5,29,0,2922,,base,,field_goal,0,0,0,0
2025,9,DAL,ARI,3,4,22,89,-3,2831,heavy,base,,punt,0,0,0,0
2025,9,ARI,DAL,6,4,9,64,10,2044,12,,,punt,0,0,1,0
2025,9,DAL,ARI,10,4,8,8,-17,1338,,base,,field_goal,0,0,0,0
2025,9,ARI,DAL,11,4,5,16,14,1055,,nickel,,field_goal,0,0,0,0
2025,9,DAL,ARI,12,4,3,21,-17,900,11,dime,4,pass,0,0,0,0
2025,9,ARI,DAL,13,4,11,79,17,779,12,,,punt,0,0,0,0
2025,9,ARI,DAL,15,4,24,71,10,440,12,,,punt,0,0,0,0
2025,9,ARI,DAL,17,4,8,36,10,155,11,nickel,5,pass,0,0,0,0
2025,9,DAL,ARI,18,4,28,81,-10,89,11,nickel,4,pass,0,0,0,1
2025,9,ATL,NE,1,4,12,70,0,3507,12,nickel,,punt,0,0,0,0
2025,9,ATL,NE,3,4,9,52,-7,2996,12,nickel,,punt,0,0,0,0
2025,9,NE,ATL,4,4,5,89,7,2910,,nickel,,punt,0,0,0,0
2025,9,ATL,NE,7,4,7,67,-7,2272,12,nickel,,punt,0,0,0,0
2025,9,ATL,NE,9,4,2,29,-14,1881,11,nickel,6,pass,0,0,0,0
2025,9,NE,ATL,13,4,13,13,7,1290,,,,field_goal,0,0,0,0
2025,9,ATL,NE,14,4,6,80,-10,1234,12,nickel,,punt,0,0,0,0
2025,9,ATL,NE,16,4,6,20,-10,852,,base,,field_goal,0,0,0,0
2025,9,NE,ATL,17,4,12,47,7,587,,nickel,,punt,0,0,0,0
2025,9,ATL,NE,18,4,4,20,-7,363,21,nickel,5,pass,10,1,0,0
2025,9,ATL,NE,18,4,8,8,-7,284,11,nickel,6,pass,8,1,1,0
2025,9,NE,ATL,19,4,6,67,1,223,,nickel,,punt,0,0,0,0
2025,9,ATL,NE,20,4,20,58,-1,123,12,nickel,,punt,0,0,0,0
2025,9,MIA,BAL,1,4,4,31,0,3431,,base,,field_goal,0,0,0,0
2025,9,BAL,MIA,2,4,3,60,-3,3337,,base,,punt,0,0,0,0
2025,9,BAL,MIA,4,4,2,2,-3,3210,12,nickel,8,pass,2,1,1,0
2025,9,MIA,BAL,5,4,6,17,-4,2860,,base,,field_goal,0,0,0,0
2025,9,MIA,BAL,7,4,11,53,-11,2448,12,,,punt,0,0,0,0
2025,9,BAL,MIA,8,4,19,86,11,2345,,nickel,,punt,0,0,0,0
2025,9,MIA,BAL,9,4,6,25,-11,2282,,base,,field_goal,0,0,0,0
2025,9,BAL,MIA,10,4,2,64,8,2147,,base,,punt,0,0,0,0
2025,9,MIA,BAL,11,4,2,13,-8,1868,11,nickel,5,pass,0,0,0,0
2025,9,BAL,MIA,12,4,2,79,8,1841,,nickel,,punt,0,0,0,0
2025,9,MIA,BAL,15,4,17,94,-15,1294,,,,punt,0,0,0,0
2025,9,MIA,BAL,17,4,9,52,-22,1058,,,,punt,0,0,0,0
2025,9,BAL,MIA,18,4,7,47,22,926,,base,,punt,0,0,0,0
2025,9,MIA,BAL,19,4,1,44,-22,802,,nickel,5,pass,7,1,0,0
2025,9,MIA,BAL,19,4,11,38,-22,699,11,dime,5,pass,13,1,0,0
2025,9,BAL,MIA,20,4,11,72,22,489,,nickel,,punt,0,0,0,0
2025,9,CAR,GB,1,4,10,73,0,3451,,base,,punt,0,0,0,0
2025,9,CAR,GB,3,4,1,59,0,2927,11,nickel,8,run,4,1,0,0
2025,9,GB,CAR,4,4,23,31,0,2277,,base,,field_goal,0,0,0,0
2025,9,CAR,GB,5,4,1,6,-3,1995,11,nickel,9,run,1,1,0,0
2025,9,GB,CAR,6,4,6,8,-4,1805,,base,,field_goal,0,0,0,0
2025,9,GB,CAR,7,4,4,25,-1,1538,,base,,field_goal,0,0,0,0
2025,9,CAR,GB,8,4,4,49,1,1368,,base,,punt,0,0,0,0
2025,9,GB,CAR,11,4,4,36,-7,895,11,nickel,6,pass,8,1,0,0
2025,9,GB,CAR,11,4,8,13,-7,660,11,nickel,6,pass,0,0,0,0
2025,9,CAR,GB,12,4,10,74,7,455,,base,,punt,0,0,0,0
2025,9,GB,CAR,13,4,3,43,-7,350,11,dime,6,pass,11,1,0,0
2025,9,CHI,CIN,2,4,2,2,-7,3230,11,base,7,pass,2,1,1,0
2025,9,CIN,CHI,3,4,6,23,0,3046,,base,,field_goal,0,0,0,0
2025,9,CHI,CIN,4,4,1,25,-3,2749,11,nickel,6,run,5,1,0,0
2025,9,CIN,CHI,5,4,12,71,-4,2540,12,base,,punt,0,0,0,0
2025,9,CHI,CIN,6,4,2,74,4,2421,11,base,,punt,0,0,0,0
2025,9,CIN,CHI,7,4,15,15,-4,2151,,base,,field_goal,0,0,0,0
2025,9,CHI,CIN,8,4,2,6,1,1893,,base,,field_goal,0,0,0,0
2025,9,CHI,CIN,10,4,10,29,-3,1808,,base,,field_goal,0,0,0,0
2025,9,CHI,CIN,16,4,10,18,4,728,,base,,field_goal,0,0,0,0
2025,9,CIN,CHI,17,4,13,36,-7,358,,nickel,,field_goal,0,0,0,0
2025,9,CIN,CHI,19,4,10,33,-14,222,11,nickel,6,pass,21,1,0,0
2025,9,CHI,CIN,20,4,5,91,14,144,11,base,,punt,0,0,0,0
2025,9,HOU,DEN,1,4,2,30,0,3271,11,nickel,6,pass,2,1,0,0
2025,9,HOU,DEN,1,4,14,32,0,3149,,base,,field_goal,0,0,0,0
2025,9,DEN,HOU,2,4,8,33,0,2974,,base,,field_goal,0,0,0,0
2025,9,HOU,DEN,3,4,5,5,0,2707,,base,,field_goal,0,0,0,0
2025,9,DEN,HOU,4,4,10,65,-3,2691,,,,punt,0,0,0,0
2025,9,HOU,DEN,5,4,2,71,3,2623,21,base,,punt,0,0,0,0
2025,9,HOU,DEN,7,4,23,23,3,2235,,base,,field_goal,0,0,0,0
2025,9,HOU,DEN,9,4,1,20,-1,1915,,base,,field_goal,0,0,0,0
2025,9,DEN,HOU,10,4,16,74,-2,1871,,,,punt,0,0,0,0
2025,9,HOU,DEN,11,4,11,67,2,1846,21,base,,punt,0,0,0,1
2025,9,DEN,HOU,13,4,8,63,-5,1645,,base,,punt,0,0,0,0
2025,9,HOU,DEN,14,4,9,23,5,1462,,base,,field_goal,0,0,0,0
2025,9,DEN,HOU,15,4,11,69,-8,1327,,,,punt,0,0,0,0
2025,9,HOU,DEN,16,4,2,48,8,1234,21,base,,punt,0,0,0,0
2025,9,DEN,HOU,17,4,1,79,-8,1082,,,,punt,0,0,0,0
2025,9,HOU,DEN,18,4,3,81,8,986,21,,,punt,0,0,0,0
2025,9,HOU,DEN,20,4,15,57,0,653,21,,,punt,0,0,0,0
2025,9,DEN,HOU,21,4,8,78,0,597,,,,punt,0,0,0,0
2025,9,HOU,DEN,22,4,2,56,0,444,21,,,punt,0,0,0,0
2025,9,DEN,HOU,23,4,6,76,0,373,,,,punt,0,0,0,0
2025,9,HOU,DEN,24,4,3,73,0,289,21,,,punt,0,0,0,0
2025,9,DEN,HOU,25,4,8,50,0,81,,,,punt,0,0,0,0
2025,9,HOU,DEN,26,4,6,83,0,60,21,,,punt,0,0,0,0
2025,9,PIT,IND,1,4,4,55,0,3512,11,,,punt,0,0,0,0
2025,9,IND,PIT,2,4,1,7,0,3278,12,base,7,run,2,1,0,0
2025,9,IND,PIT,2,4,1,1,0,3187,11,nickel,6,run,1,1,1,0
2025,9,PIT,IND,3,4,14,78,-7,3063,11,,,punt,0,0,0,1
2025,9,PIT,IND,4,4,3,4,-7,2960,heavy,base,6,pass,0,0,0,0
2025,9,IND,PIT,5,4,1,75,7,2730,12,,,run,3,1,0,0
2025,9,PIT,IND,6,4,1,20,-7,2354,heavy,base,7,run,4,1,0,0
2025,9,IND,PIT,9,4,3,63,-7,2013,12,,,punt,0,0,0,0
2025,9,IND,PIT,11,4,1,65,-10,1696,12,nickel,6,run,2,1,0,0
2025,9,IND,PIT,11,4,9,62,-10,1529,12,,,punt,0,0,0,0
2025,9,PIT,IND,12,4,2,57,10,1332,11,base,,punt,0,0,0,0
2025,9,IND,PIT,13,4,3,60,-10,1168,11,nickel,7,pass,16,1,0,0
2025,9,IND,PIT,15,4,9,33,-17,650,,,,field_goal,0,0,0,0
2025,9,PIT,IND,16,4,3,64,14,519,11,,,punt,0,0,0,0
2025,9,PIT,IND,18,4,15,28,14,415,,base,,field_goal,0,0,0,0
2025,9,PIT,IND,22,4,20,71,10,73,11,,,punt,0,0,0,0
2025,9,JAX,LV,1,4,6,56,0,3515,,nickel,,punt,0,0,0,0
2025,9,LV,JAX,2,4,10,69,0,3404,,,,punt,0,0,0,0
2025,9,JAX,LV,3,4,1,15,0,2973,,base,6,run,4,1,0,0
2025,9,LV,JAX,4,4,1,37,0,2495,heavy,base,7,pass,0,0,0,0
2025,9,JAX,LV,5,4,20,46,0,2146,,nickel,,punt,0,0,0,0
2025,9,JAX,LV,9,4,5,15,-3,1497,,,,field_goal,0,0,0,0
2025,9,LV,JAX,10,4,6,6,0,1289,,base,,field_goal,0,0,0,0
2025,9,JAX,LV,11,4,2,13,-3,920,11,nickel,6,run,6,1,0,0
2025,9,JAX,LV,15,4,5,30,-3,20,,,,field_goal,0,0,0,0
2025,9,JAX,LV,17,4,1,1,0,206,12,base,7,run,1,1,1,0
2025,9,KC,BUF,2,4,7,64,-7,3128,,,,punt,0,0,0,0
2025,9,BUF,KC,3,4,2,47,7,2963,11,nickel,6,pass,0,0,0,0
2025,9,BUF,KC,5,4,5,65,0,2577,,nickel,,punt,0,0,0,0
2025,9,KC,BUF,6,4,5,28,0,2371,,base,,field_goal,0,0,0,0
2025,9,KC,BUF,8,4,3,39,-4,2055,11,dime,5,pass,0,0,0,0
2025,9,KC,BUF,10,4,1,1,-11,1806,,base,,field_goal,0,0,0,0
2025,9,KC,BUF,12,4,7,66,-8,1711,,,,punt,0,0,0,0
2025,9,BUF,KC,13,4,9,48,8,1429,,nickel,,punt,0,0,0,0
2025,9,KC,BUF,14,4,25,75,-8,1242,,,,punt,0,0,0,0
2025,9,KC,BUF,16,4,17,40,-15,860,11,dime,5,pass,29,1,0,0
2025,9,KC,BUF,16,4,1,2,-15,694,12,nickel,7,run,2,1,1,0
2025,9,BUF,KC,17,4,18,53,7,412,,nickel,,punt,0,0,0,0
2025,9,BUF,KC,19,4,6,34,7,27,,,,field_goal,0,0,0,0
2025,9,TEN,LAC,1,4,8,48,0,3429,12,base,,punt,0,0,0,0
2025,9,TEN,LAC,4,4,8,49,0,2986,12,base,,punt,0,0,0,0
2025,9,LAC,TEN,5,4,15,93,0,2893,,,,punt,0,0,1,0
2025,9,LAC,TEN,6,4,8,9,-7,2649,,,,field_goal,0,0,0,0
2025,9,TEN,LAC,7,4,16,71,4,2531,12,base,,punt,0,0,0,0
2025,9,TEN,LAC,9,4,7,31,-3,2107,,,,field_goal,0,0,0,0
2025,9,LAC,TEN,10,4,19,89,0,2040,,,,punt,0,0,0,0
2025,9,TEN,LAC,11,4,11,58,0,1951,12,base,,punt,0,0,0,0
2025,9,LAC,TEN,12,4,5,34,0,1825,,,,field_goal,0,0,0,0
2025,9,LAC,TEN,14,4,2,64,3,1708,,,,punt,0,0,0,0
2025,9,TEN,LAC,15,4,1,1,-3,1329,12,base,8,run,0,0,0,0
2025,9,TEN,LAC,17,4,15,75,-10,662,12,base,,punt,0,0,0,0
2025,9,LAC,TEN,18,4,27,77,10,522,,,,punt,0,0,0,0
2025,9,TEN,LAC,19,4,2,19,-10,263,,,,field_goal,0,0,0,0
2025,9,DET,MIN,1,4,4,40,0,3471,11,dime,6,pass,40,1,1,0
2025,9,DET,MIN,3,4,17,79,0,3178,21,,,punt,0,0,0,0
2025,9,DET,MIN,5,4,16,56,-7,2738,21,,,punt,0,0,0,0
2025,9,MIN,DET,6,4,13,96,7,2648,11,base,,punt,0,0,0,0
2025,9,DET,MIN,7,4,1,2,-7,2383,11,base,7,run,2,1,1,0
2025,9,MIN,DET,8,4,23,32,0,2086,,base,,field_goal,0,0,0,0
2025,9,DET,MIN,9,4,4,65,-3,2001,21,,,punt,0,0,0,0
2025,9,DET,MIN,11,4,11,62,-3,1835,21,,,punt,0,0,0,0
2025,9,MIN,DET,13,4,3,50,3,1657,11,base,,punt,0,0,0,0
2025,9,DET,MIN,14,4,2,84,-3,1591,heavy,,,punt,0,0,0,0
2025,9,MIN,DET,15,4,7,46,3,1466,11,base,,punt,0,0,0,0
2025,9,DET,MIN,18,4,17,23,-10,915,,,,field_goal,0,0,0,0
2025,9,MIN,DET,19,4,12,76,7,796,11,base,,punt,0,0,0,0
2025,9,DET,MIN,20,4,2,41,-7,637,11,nickel,7,pass,17,1,0,0
2025,9,DET,MIN,20,4,5,19,-7,491,11,nickel,,penalty,5,1,0,0
2025,9,DET,MIN,20,4,23,27,-7,389,,,,field_goal,0,0,0,0
2025,9,MIN,DET,21,4,2,2,7,213,,base,,field_goal,0,0,0,0
2025,9,NO,LA,1,4,1,61,0,3490,,base,,punt,0,0,0,0
2025,9,NO,LA,3,4,16,71,-7,3004,,base,,punt,0,0,0,0
2025,9,LA,NO,4,4,6,54,7,2945,21,base,,punt,0,0,0,0
2025,9,NO,LA,5,4,1,87,-7,2849,,base,,punt,0,0,0,0
2025,9,LA,NO,6,4,3,35,7,2654,11,nickel,7,penalty,5,1,0,0
2025,9,NO,LA,7,4,6,21,-13,2274,,base,,field_goal,0,0,0,0
2025,9,NO,LA,9,4,7,62,-17,2135,,base,,punt,0,0,0,0
2025,9,LA,NO,10,4,15,21,17,1858,,,,field_goal,0,0,0,0
2025,9,LA,NO,13,4,1,7,10,1260,heavy,base,8,run,3,1,0,0
2025,9,LA,NO,15,4,1,1,17,763,heavy,base,8,run,1,1,1,0
2025,9,NO,LA,16,4,2,7,-24,587,heavy,base,8,run,-1,0,0,0
2025,9,LA,NO,17,4,8,90,24,442,21,base,,punt,0,0,0,0
2025,9,NO,LA,18,4,4,24,-24,340,11,dime,6,pass,0,0,0,1
2025,9,WAS,SEA,1,4,13,62,0,3378,12,,,punt,0,0,0,0
2025,9,WAS,SEA,3,4,1,58,-7,2700,11,nickel,6,pass,10,1,0,0
2025,9,WAS,SEA,7,4,6,76,-21,2217,12,,,punt,0,0,0,0
2025,9,SEA,WAS,11,4,1,72,24,1710,,nickel,,punt,0,0,0,0
2025,9,WAS,SEA,12,4,13,52,-24,1556,12,,,punt,0,0,0,0
2025,9,WAS,SEA,14,4,15,46,-24,1249,11,nickel,5,run,7,0,0,0
2025,9,WAS,SEA,16,4,14,50,-31,900,12,,,punt,0,0,0,0
2025,9,SEA,WAS,17,4,2,78,31,758,,nickel,,punt,0,0,0,0
2025,9,SEA,WAS,19,4,1,63,24,290,,nickel,,punt,0,0,0,0
2025,9,SF,NYG,2,4,1,59,-7,3241,11,base,8,run,2,1,0,0
2025,9,NYG,SF,3,4,2,60,0,2841,,,,punt,0,0,0,0
2025,9,NYG,SF,5,4,6,50,-7,2376,,base,,punt,0,0,0,0
2025,9,SF,NYG,6,4,5,44,7,2150,12,nickel,,punt,0,0,0,0
2025,9,NYG,SF,7,4,7,90,-7,2022,,base,,punt,0,0,0,0
2025,9,SF,NYG,8,4,5,36,7,1920,,base,,field_goal,0,0,0,0
2025,9,NYG,SF,9,4,7,69,-10,1849,,base,,punt,0,0,0,0
2025,9,NYG,SF,11,4,10,27,-10,1820,,base,,field_goal,0,0,0,0
2025,9,SF,NYG,13,4,13,14,10,1499,,base,,field_goal,0,0,0,0
2025,9,NYG,SF,14,4,3,3,-13,1305,,base,,field_goal,0,0,0,0
2025,9,SF,NYG,15,4,5,71,10,1205,12,nickel,,punt,0,0,0,0
2025,9,NYG,SF,16,4,8,59,-10,1003,,base,,punt,0,0,0,0
2025,10,ARI,SEA,3,4,3,58,-14,3081,12,,,punt,0,0,0,0
2025,10,ARI,SEA,6,4,3,64,-28,2544,12,,,punt,0,0,0,0
2025,10,ARI,SEA,8,4,1,1,-35,2061,12,,8,run,0,0,0,0
2025,10,SEA,ARI,11,4,9,28,28,1902,,base,,field_goal,0,0,0,0
2025,10,ARI,SEA,12,4,25,45,-31,1851,12,,,punt,0,0,0,0
2025,10,ARI,SEA,14,4,11,50,-31,1683,11,nickel,7,pass,12,1,0,0
2025,10,ARI,SEA,14,4,2,2,-31,1494,11,nickel,6,pass,0,0,0,0
2025,10,ARI,SEA,16,4,6,15,-31,1427,11,dime,6,pass,15,1,1,0
2025,10,ARI,SEA,18,4,5,8,-23,1177,11,dime,3,pass,0,0,0,0
2025,10,SEA,ARI,19,4,6,13,23,717,,base,,field_goal,0,0,0,0
2025,10,SEA,ARI,21,4,4,15,19,334,,base,,field_goal,0,0,0,0
2025,10,ARI,SEA,22,4,5,75,-22,249,12,,,punt,0,0,0,0
2025,10,IND,ATL,1,4,2,27,0,3361,11,nickel,6,pass,0,0,0,0
2025,10,ATL,IND,6,4,9,45,-6,2872,12,base,,punt,0,0,0,0
2025,10,IND,ATL,7,4,6,35,6,2446,,,,field_goal,0,0,0,0
2025,10,ATL,IND,8,4,9,56,-6,2343,12,,,punt,0,0,0,0
2025,10,IND,ATL,9,4,6,89,6,2222,12,base,,punt,0,0,0,0
2025,10,ATL,IND,13,4,5,25,1,1650,,base,,field_goal,0,0,0,0
2025,10,ATL,IND,15,4,8,54,4,1487,12,,,punt,0,0,0,0
2025,10,IND,ATL,16,4,1,19,-4,1109,heavy,base,7,run,5,1,0,0
2025,10,IND,ATL,16,4,1,5,-4,952,11,nickel,6,run,-2,0,0,0
2025,10,ATL,IND,17,4,10,72,4,882,12,,,punt,0,0,0,0
2025,10,IND,ATL,18,4,12,16,-4,544,,,,field_goal,0,0,0,0
2025,10,ATL,IND,19,4,7,59,1,422,12,,,punt,0,0,0,0
2025,10,IND,ATL,22,4,2,40,-3,77,11,nickel,6,pass,10,1,0,0
2025,10,IND,ATL,22,4,6,26,-3,29,,,,field_goal,0,0,0,0
2025,10,ATL,IND,24,4,24,78,0,457,12,,,punt,0,0,0,0
2025,10,BAL,MIN,1,4,2,61,0,3505,,,,punt,0,0,0,0
2025,10,BAL,MIN,3,4,7,26,-7,2969,,,,field_goal,0,0,0,0
2025,10,MIN,BAL,4,4,2,63,4,2834,,base,,punt,0,0,0,0
2025,10,BAL,MIN,5,4,7,82,-4,2700,,,,punt,0,0,0,0
2025,10,MIN,BAL,6,4,8,31,4,2460,,base,,field_goal,0,0,0,0
2025,10,BAL,MIN,7,4,5,65,-7,2358,,,,punt,0,0,0,0
2025,10,BAL,MIN,9,4,2,10,-7,1874,,,,field_goal,0,0,0,0
2025,10,MIN,BAL,10,4,5,60,4,1840,,,,punt,0,0,0,0
2025,10,BAL,MIN,14,4,4,4,-1,1522,,,,field_goal,0,0,0,0
2025,10,MIN,BAL,17,4,2,46,-9,1250,11,dime,6,pass,0,0,0,0
2025,10,BAL,MIN,18,4,10,38,9,1200,,,,field_goal,0,0,0,0
2025,10,MIN,BAL,19,4,15,25,-9,1040,,base,,field_goal,0,0,0,0
2025,10,MIN,BAL,21,4,3,13,-14,439,11,dime,4,pass,0,0,0,0
2025,10,BAL,MIN,22,4,17,93,14,341,11,,,punt,0,0,0,0
2025,10,MIN,BAL,23,4,10,35,-14,289,11,dime,6,pass,28,1,0,0
2025,10,MIN,BAL,23,4,10,10,-14,208,11,dime,5,pass,10,1,1,0
2025,10,BAL,MIN,24,4,4,65,8,115,11,,,punt,0,0,0,0
2025,10,MIN,BAL,25,4,4,60,-8,21,11,dime,3,pass,0,0,0,0
2025,10,BUF,MIA,2,4,1,66,0,3443,,base,,punt,0,0,0,0
2025,10,BUF,MIA,4,4,1,49,-7,2782,12,base,9,pass,0,0,0,0
2025,10,BUF,MIA,6,4,10,69,-13,2632,,nickel,,punt,0,0,0,0
2025,10,MIA,BUF,7,4,2,69,13,2504,,base,,punt,0,0,0,0
2025,10,BUF,MIA,8,4,1,39,-13,2353,11,,,penalty,5,1,0,0
2025,10,MIA,BUF,9,4,13,28,13,1988,,base,,field_goal,0,0,0,0
2025,10,BUF,MIA,10,4,13,72,-16,1879,,nickel,,punt,0,0,0,0
2025,10,MIA,BUF,11,4,7,53,16,1851,,,,punt,0,0,0,0
2025,10,MIA,BUF,14,4,10,41,16,1030,,,,punt,0,0,0,0
2025,10,BUF,MIA,19,4,15,54,-17,293,11,nickel,4,pass,24,1,0,0
2025,10,BUF,MIA,21,4,8,63,-17,75,,nickel,,punt,0,0,0,0
2025,10,CLE,NYJ,1,4,18,78,0,3523,,base,,punt,0,0,0,0
2025,10,NYJ,CLE,2,4,8,57,0,3406,11,dime,,punt,0,0,0,0
2025,10,CLE,NYJ,5,4,10,71,0,3061,,base,,punt,0,0,1,0
2025,10,CLE,NYJ,6,4,7,61,-7,2815,,base,,punt,0,0,0,0
2025,10,NYJ,CLE,7,4,4,72,7,2719,21,dime,,punt,0,0,0,0
2025,10,CLE,NYJ,8,4,26,60,-7,2459,,base,,punt,0,0,0,0
2025,10,NYJ,CLE,11,4,8,8,0,2034,,,,field_goal,0,0,0,0
2025,10,CLE,NYJ,12,4,26,76,-3,1910,,base,,punt,0,0,0,0
2025,10,NYJ,CLE,13,4,22,79,3,1855,21,dime,,punt,0,0,0,0
2025,10,CLE,NYJ,14,4,15,27,-3,1801,,nickel,,field_goal,0,0,0,0
2025,10,NYJ,CLE,15,4,13,58,0,1712,21,dime,,punt,0,0,0,0
2025,10,CLE,NYJ,16,4,18,62,0,1385,,base,,punt,0,0,0,0
2025,10,NYJ,CLE,17,4,3,67,0,1291,21,nickel,,punt,0,0,0,0
2025,10,CLE,NYJ,18,4,10,81,0,1129,,base,,punt,0,0,0,0
2025,10,CLE,NYJ,20,4,1,33,-7,621,12,nickel,6,pass,-7,0,0,0
2025,10,NYJ,CLE,21,4,10,19,7,377,,,,field_goal,0,0,0,0
2025,10,CLE,NYJ,22,4,4,11,-10,180,,,,field_goal,0,0,0,0
2025,10,NYJ,CLE,23,4,5,51,7,58,12,,,penalty,5,1,0,0
2025,10,WAS,DET,1,4,3,67,0,3517,12,nickel,,punt,0,0,0,0
2025,10,WAS,DET,3,4,7,26,-7,3046,,base,,field_goal,0,0,0,0
2025,10,WAS,DET,5,4,22,62,-11,2700,12,nickel,,punt,0,0,0,0
2025,10,WAS,DET,7,4,1,14,-19,2105,11,base,6,pass,8,1,0,0
2025,10,DET,WAS,8,4,1,41,12,1920,11,nickel,6,pass,14,1,0,0
2025,10,DET,WAS,8,4,1,18,12,1859,11,nickel,6,pass,10,1,0,0
2025,10,DET,WAS,8,4,4,4,12,1814,,base,,field_goal,0,0,0,0
2025,10,WAS,DET,11,4,3,4,-22,1329,11,nickel,6,pass,4,1,1,0
2025,10,DET,WAS,12,4,8,10,16,1053,,base,,field_goal,0,0,0,0
2025,10,WAS,DET,13,4,3,72,-19,963,heavy,base,,punt,0,0,0,0
2025,10,WAS,DET,15,4,5,43,-25,604,11,nickel,5,pass,19,1,0,0
2025,10,DET,WAS,16,4,9,30,19,278,,base,,field_goal,0,0,0,0
2025,10,WAS,DET,17,4,7,69,-22,135,heavy,nickel,,punt,0,0,0,0
2025,10,JAX,HOU,2,4,7,37,0,3493,,,,penalty,15,1,0,0
2025,10,JAX,HOU,2,4,2,14,0,3368,,,,field_goal,0,0,0,0
2025,10,HOU,JAX,5,4,20,51,-10,2838,21,base,,punt,0,0,0,0
2025,10,JAX,HOU,6,4,13,62,10,2624,,base,,punt,0,0,0,0
2025,10,HOU,JAX,7,4,22,95,-10,2521,21,base,,punt,0,0,1,0
2025,10,HOU,JAX,8,4,4,4,-17,2288,,base,,field_goal,0,0,0,0
2025,10,JAX,HOU,9,4,5,34,14,2047,,,,field_goal,0,0,0,0
2025,10,JAX,HOU,13,4,4,15,10,1520,,,,field_goal,0,0,0,0
2025,10,HOU,JAX,14,4,5,42,-13,1349,11,nickel,7,pass,0,0,0,0
2025,10,HOU,JAX,16,4,2,17,-19,782,11,nickel,8,pass,5,1,0,0
2025,10,JAX,HOU,17,4,14,91,11,614,,base,,punt,0,0,0,0
2025,10,JAX,HOU,19,4,4,49,5,376,,base,,punt,0,0,0,0
2025,10,SF,LA,2,4,2,57,-7,3243,12,base,,punt,0,0,0,0
2025,10,SF,LA,6,4,1,11,-21,2325,12,base,6,run,0,0,0,0
2025,10,LA,SF,7,4,6,85,21,2217,21,base,,punt,0,0,0,0
2025,10,SF,LA,8,4,2,17,-21,2026,11,nickel,6,pass,11,1,0,0
2025,10,LA,SF,9,4,10,41,14,1875,21,base,,punt,0,0,0,0
2025,10,SF,LA,10,4,7,47,-14,1819,12,base,,punt,0,0,0,0
2025,10,LA,SF,13,4,3,28,7,1280,11,dime,6,pass,4,1,0,0
2025,10,SF,LA,16,4,4,59,-15,516,11,dime,6,pass,0,0,0,1
2025,10,LA,SF,19,4,1,34,16,162,heavy,base,,penalty,5,1,0,0
2025,10,LV,DEN,1,4,8,42,0,3260,,base,,punt,0,0,0,0
2025,10,DEN,LV,2,4,1,89,0,3132,,nickel,,punt,0,0,0,0
2025,10,DEN,LV,4,4,13,83,-7,2800,,nickel,,punt,0,0,0,0
2025,10,LV,DEN,5,4,18,76,7,2679,,nickel,,punt,0,0,0,0
2025,10,DEN,LV,6,4,8,65,-7,2525,,nickel,,punt,0,0,0,0
2025,10,LV,DEN,7,4,12,41,7,2346,,base,,punt,0,0,0,0
2025,10,DEN,LV,8,4,1,90,-7,2266,,nickel,,punt,0,0,0,0
2025,10,LV,DEN,9,4,5,38,7,2163,11,nickel,6,pass,-9,0,0,0
2025,10,LV,DEN,11,4,12,67,0,1920,,nickel,,punt,0,0,0,0
2025,10,DEN,LV,14,4,12,93,0,1743,21,nickel,,punt,0,0,0,0
2025,10,LV,DEN,15,4,2,63,0,1647,,base,,punt,0,0,0,0
2025,10,DEN,LV,16,4,6,41,0,1239,,,,field_goal,0,0,0,0
2025,10,DEN,LV,18,4,16,39,0,1085,21,base,,punt,0,0,0,0
2025,10,LV,DEN,19,4,16,86,0,997,,nickel,,punt,0,0,0,0
2025,10,DEN,LV,20,4,12,14,0,907,,,,field_goal,0,0,0,0
2025,10,LV,DEN,21,4,11,70,-3,836,,nickel,,punt,0,0,0,0
2025,10,DEN,LV,22,4,6,63,3,781,21,nickel,,punt,0,0,0,0
2025,10,LV,DEN,23,4,16,48,-3,522,,nickel,,punt,0,0,0,0
2025,10,LV,DEN,25,4,6,30,-3,270,,base,,field_goal,0,0,0,0
2025,10,NE,TB,2,4,1,57,-7,3259,12,,10,run,2,1,0,0
2025,10,NE,TB,2,4,10,55,-7,3210,,base,,punt,0,0,0,0
2025,10,TB,NE,3,4,6,53,7,3070,11,nickel,,punt,0,0,0,0
2025,10,NE,TB,4,4,6,61,-7,2815,,base,,punt,0,0,0,0
2025,10,TB,NE,5,4,13,80,7,2722,11,nickel,,punt,0,0,0,0
2025,10,TB,NE,7,4,2,62,0,2602,11,nickel,,punt,0,0,0,0
2025,10,NE,TB,8,4,3,69,0,2508,,base,,punt,0,0,0,0
2025,10,TB,NE,9,4,8,18,0,2239,,base,,field_goal,0,0,0,0
2025,10,NE,TB,10,4,1,1,-3,1802,12,,8,pass,1,1,1,0
2025,10,TB,NE,12,4,15,66,-11,1607,11,nickel,,punt,0,0,0,0
2025,10,NE,TB,13,4,7,67,11,1512,,base,,punt,0,0,0,0
2025,10,NE,TB,15,4,5,42,5,979,11,nickel,5,pass,0,0,0,0
2025,10,TB,NE,16,4,13,50,-5,763,11,nickel,,punt,0,0,0,0
2025,10,NE,TB,17,4,1,71,5,621,,base,,punt,0,0,0,0
2025,10,TB,NE,18,4,8,74,-5,490,11,nickel,,punt,0,0,0,0
2025,10,TB,NE,20,4,3,27,-5,115,11,nickel,5,pass,-3,0,0,0
2025,10,NO,CAR,2,4,2,2,-7,2875,,base,,field_goal,0,0,0,0
2025,10,CAR,NO,3,4,5,53,4,2756,,base,,punt,0,0,0,0
2025,10,NO,CAR,4,4,3,91,-4,2700,,base,,punt,0,0,0,0
2025,10,CAR,NO,5,4,22,65,4,2607,,base,,punt,0,0,0,0
2025,10,NO,CAR,6,4,1,66,-4,2489,12,base,7,run,2,1,0,0
2025,10,CAR,NO,7,4,3,55,-3,2271,,base,,punt,0,0,0,0
2025,10,NO,CAR,8,4,4,60,3,2181,,base,,punt,0,0,0,0
2025,10,CAR,NO,9,4,7,84,-3,2049,,base,,punt,0,0,0,0
2025,10,NO,CAR,10,4,9,45,3,1827,,base,,punt,0,0,0,0
2025,10,NO,CAR,12,4,2,55,3,1677,,,,punt,0,0,0,0
2025,10,CAR,NO,13,4,7,30,-3,1296,,,,field_goal,0,0,0,1
2025,10,NO,CAR,15,4,1,50,3,980,heavy,base,8,run,2,1,0,0
2025,10,NO,CAR,15,4,4,32,3,822,11,nickel,5,pass,-8,0,0,0
2025,10,CAR,NO,18,4,2,42,-10,460,11,nickel,6,pass,1,0,0,0
2025,10,CHI,NYG,1,4,4,30,0,3441,11,dime,6,pass,0,0,0,0
2025,10,NYG,CHI,2,4,2,49,0,3268,11,nickel,6,pass,-4,0,0,0
2025,10,NYG,CHI,4,4,14,69,-7,2924,,base,,punt,0,0,0,0
2025,10,CHI,NYG,5,4,4,51,7,2748,11,nickel,,punt,0,0,0,0
2025,10,CHI,NYG,7,4,8,36,0,2489,11,nickel,,punt,0,0,0,0
2025,10,NYG,CHI,8,4,1,19,0,2132,heavy,,8,pass,0,0,0,0
2025,10,CHI,NYG,9,4,2,48,0,1933,11,nickel,6,run,9,1,0,0
2025,10,CHI,NYG,9,4,4,33,0,1873,11,dime,5,pass,0,0,0,0
2025,10,NYG,CHI,10,4,10,14,0,1807,,base,,field_goal,0,0,0,0
2025,10,CHI,NYG,13,4,5,59,-10,1461,21,nickel,,punt,0,0,0,0
2025,10,NYG,CHI,14,4,1,53,10,1356,12,nickel,7,run,10,1,0,0
2025,10,CHI,NYG,15,4,4,4,-10,938,,base,,field_goal,0,0,0,0
2025,10,NYG,CHI,16,4,1,1,7,621,,base,,field_goal,0,0,0,0
2025,10,CHI,NYG,17,4,3,57,-10,531,11,dime,6,pass,0,0,0,0
2025,10,NYG,CHI,18,4,6,39,10,380,,base,,punt,0,0,0,0
2025,10,NYG,CHI,20,4,18,73,3,181,,base,,punt,0,0,0,0
2025,10,NYG,CHI,22,4,10,54,-4,43,11,nickel,7,pass,0,0,0,0
2025,10,GB,PHI,1,4,1,41,0,3412,11,nickel,6,run,2,1,0,0
2025,10,GB,PHI,1,4,20,49,0,3282,,,,punt,0,0,0,0
2025,10,GB,PHI,3,4,5,59,0,2700,,,,punt,0,0,0,0
2025,10,PHI,GB,4,4,7,76,0,2560,heavy,nickel,,punt,0,0,0,0
2025,10,GB,PHI,5,4,7,59,0,2316,,,,punt,0,0,0,0
2025,10,PHI,GB,6,4,2,72,0,2255,heavy,base,,punt,0,0,0,0
2025,10,GB,PHI,7,4,8,57,0,2208,,,,punt,0,0,0,0
2025,10,PHI,GB,8,4,17,67,0,1927,heavy,nickel,,punt,0,0,0,0
2025,10,PHI,GB,10,4,4,59,0,1805,heavy,dime,4,pass,0,0,0,0
2025,10,PHI,GB,11,4,8,21,0,1442,,,,field_goal,0,0,0,0
2025,10,GB,PHI,12,4,9,41,-3,1187,11,nickel,5,pass,0,0,0,0
2025,10,PHI,GB,13,4,9,58,3,1060,heavy,base,,punt,0,0,0,0
2025,10,GB,PHI,14,4,11,40,-3,773,,base,,punt,0,0,0,0
2025,10,PHI,GB,17,4,13,48,3,145,heavy,nickel,,punt,0,0,0,0
2025,10,GB,PHI,18,4,1,56,-3,90,11,nickel,6,run,-5,0,0,1
2025,10,PHI,GB,19,4,6,35,3,33,11,nickel,6,pass,0,0,0,0
2025,10,PIT,LAC,1,4,4,54,0,3517,11,base,,punt,0,0,0,0
2025,10,LAC,PIT,2,4,9,88,0,3431,,,,punt,0,0,0,0
2025,10,PIT,LAC,3,4,5,41,0,3330,,,,field_goal,0,0,0,0
2025,10,LAC,PIT,4,4,1,60,-3,3239,12,,8,run,2,1,0,0
2025,10,LAC,PIT,4,4,3,51,-3,3114,,,,punt,0,0,0,0
2025,10,LAC,PIT,6,4,9,65,-1,2902,11,,,punt,0,0,0,0
2025,10,PIT,LAC,7,4,8,27,1,2594,,,,field_goal,0,0,0,0
2025,10,LAC,PIT,8,4,10,14,-1,2255,,,,field_goal,0,0,0,0
2025,10,PIT,LAC,9,4,8,70,-2,2155,11,base,,punt,0,0,0,0
2025,10,LAC,PIT,10,4,11,71,2,1987,11,,,punt,0,0,0,0
2025,10,LAC,PIT,14,4,15,58,9,1612,11,,,punt,0,0,0,0
2025,10,PIT,LAC,15,4,5,73,-9,1428,11,base,,punt,0,0,0,0
2025,10,LAC,PIT,16,4,4,41,9,1272,,,,field_goal,0,0,0,0
2025,10,PIT,LAC,17,4,8,80,-12,1216,11,base,,punt,0,0,0,0
2025,10,LAC,PIT,18,4,2,37,12,949,,,,field_goal,0,0,0,0
2025,10,PIT,LAC,19,4,6,10,-12,764,12,dime,5,pass,0,0,0,0
2025,10,LAC,PIT,22,4,19,48,19,395,11,,,punt,0,0,0,1
2025,10,LAC,PIT,23,4,13,24,19,298,,,,field_goal,0,0,0,0
2025,11,CLE,BAL,1,4,5,65,0,3467,,,,punt,0,0,0,0
2025,11,BAL,CLE,2,4,7,7,0,2999,,base,,field_goal,0,0,0,0
2025,11,CLE,BAL,3,4,6,12,-3,2704,,base,,field_goal,0,0,0,0
2025,11,BAL,CLE,4,4,6,50,0,2571,,base,,punt,0,0,0,0
2025,11,CLE,BAL,5,4,11,60,0,2426,,,,punt,0,0,0,1
2025,11,CLE,BAL,6,4,6,6,0,2327,,base,,field_goal,0,0,0,0
2025,11,CLE,BAL,9,4,4,64,3,1920,,,,penalty,5,1,0,0
2025,11,CLE,BAL,9,4,5,28,3,1862,,base,,field_goal,0,0,0,0
2025,11,BAL,CLE,10,4,2,58,-6,1835,,base,,punt,0,0,0,0
2025,11,BAL,CLE,12,4,5,60,-6,1674,,nickel,,punt,0,0,0,0
2025,11,CLE,BAL,13,4,21,86,6,1509,,,,punt,0,0,0,0
2025,11,BAL,CLE,14,4,14,43,-6,1213,,base,,punt,0,0,0,0
2025,11,CLE,BAL,17,4,20,75,6,971,,,,punt,0,0,0,0
2025,11,BAL,CLE,18,4,5,5,-6,849,,base,,field_goal,0,0,0,0
2025,11,CLE,BAL,19,4,6,40,3,661,,base,,punt,0,0,0,0
2025,11,BAL,CLE,20,4,6,26,-3,303,,base,,field_goal,0,0,0,0
2025,11,CLE,BAL,21,4,25,95,0,280,,,,punt,0,0,0,0
2025,11,BAL,CLE,22,4,1,35,0,159,12,,11,run,35,1,1,0
2025,11,CLE,BAL,23,4,5,25,-7,62,11,dime,5,pass,0,0,0,0
2025,11,ATL,CAR,1,4,14,73,0,3487,12,base,,punt,0,0,0,0
2025,11,CAR,ATL,2,4,2,42,0,3263,11,nickel,6,pass,22,1,0,0
2025,11,CAR,ATL,4,4,14,54,0,2767,,nickel,,punt,0,0,0,0
2025,11,CAR,ATL,6,4,21,91,-7,2133,,nickel,,punt,0,0,0,0
2025,11,CAR,ATL,8,4,4,11,-14,1828,,,,field_goal,0,0,0,0
2025,11,CAR,ATL,12,4,1,8,-5,1395,12,base,7,pass,-1,0,0,0
2025,11,ATL,CAR,13,4,5,73,5,1220,12,base,,punt,0,0,0,0
2025,11,CAR,ATL,14,4,6,16,-5,961,,,,field_goal,0,0,0,0
2025,11,ATL,CAR,15,4,2,59,2,739,12,,,punt,0,0,0,0
2025,11,CAR,ATL,16,4,14,59,-2,622,,nickel,,punt,0,0,0,0
2025,11,ATL,CAR,17,4,10,61,2,481,12,base,,punt,0,0,0,0
2025,11,CAR,ATL,18,4,1,67,-2,313,heavy,base,8,run,2,1,0,0
2025,11,CAR,ATL,18,4,1,56,-2,185,heavy,base,8,pass,-5,0,0,0
2025,11,ATL,CAR,19,4,5,34,2,168,,,,field_goal,0,0,0,0
2025,11,CAR,ATL,20,4,4,59,-5,114,11,nickel,5,pass,10,1,0,0
2025,11,ATL,CAR,21,4,4,27,-3,21,,base,,field_goal,0,0,0,0
2025,11,ATL,CAR,23,4,11,81,0,537,12,base,,punt,0,0,0,0
2025,11,CAR,ATL,24,4,5,10,0,313,,,,field_goal,0,0,0,0
2025,11,MIN,CHI,1,4,3,52,0,3326,11,base,,punt,0,0,0,0
2025,11,CHI,MIN,2,4,9,89,0,3270,21,,,punt,0,0,0,0
2025,11,MIN,CHI,3,4,7,61,0,3180,,,,punt,0,0,0,0
2025,11,CHI,MIN,4,4,9,79,0,3094,21,,,punt,0,0,0,0
2025,11,MIN,CHI,5,4,6,13,0,2833,,base,,field_goal,0,0,0,0
2025,11,CHI,MIN,6,4,4,57,-3,2696,21,,,punt,0,0,0,0
2025,11,MIN,CHI,7,4,4,67,3,2607,,,,punt,0,0,0,0
2025,11,CHI,MIN,10,4,5,20,4,1924,,,,field_goal,0,0,0,0
2025,11,CHI,MIN,12,4,1,71,7,1821,11,,,punt,0,0,0,0
2025,11,CHI,MIN,14,4,7,36,7,1536,,,,field_goal,0,0,0,0
2025,11,MIN,CHI,15,4,7,67,-10,1348,,,,punt,0,0,0,0
2025,11,CHI,MIN,16,4,3,15,10,1035,,,,field_goal,0,0,0,0
2025,11,MIN,CHI,17,4,2,71,-13,974,,base,,punt,0,0,0,0
2025,11,CHI,MIN,18,4,23,81,13,808,11,,,punt,0,0,0,0
2025,11,CHI,MIN,20,4,3,27,6,493,,,,field_goal,0,0,0,0
2025,11,MIN,CHI,21,4,8,63,-6,445,,,,punt,0,0,0,0
2025,11,CHI,MIN,22,4,10,48,6,201,11,,,punt,0,0,0,0
2025,11,MIN,CHI,23,4,4,55,-6,119,,nickel,7,pass,5,1,0,0
2025,11,CHI,MIN,24,4,1,31,-1,4,,,,field_goal,0,0,0,0
2025,11,PIT,CIN,3,4,1,62,1,2836,heavy,base,7,run,1,1,0,0
2025,11,PIT,CIN,3,4,3,54,1,2718,,base,,punt,0,0,0,0
2025,11,CIN,PIT,4,4,6,55,-1,2458,12,base,,punt,0,0,0,0
2025,11,PIT,CIN,5,4,3,73,1,2359,,base,,punt,0,0,0,0
2025,11,CIN,PIT,6,4,8,72,-1,2307,12,base,,punt,0,0,0,0
2025,11,PIT,CIN,7,4,6,55,1,2111,,base,,punt,0,0,0,0
2025,11,CIN,PIT,8,4,7,59,-1,1923,12,base,,punt,0,0,0,0
2025,11,PIT,CIN,9,4,7,7,1,1813,,base,,field_goal,0,0,0,0
2025,11,CIN,PIT,11,4,5,25,-4,1618,,,,field_goal,0,0,0,0
2025,11,PIT,CIN,12,4,3,12,1,1160,,base,,field_goal,0,0,0,0
2025,11,CIN,PIT,14,4,22,30,-11,585,,,,field_goal,0,0,0,0
2025,11,CIN,PIT,17,4,1,15,-22,10,11,nickel,6,pass,0,0,0,0
2025,11,DAL,LV,1,4,4,68,0,3513,12,base,,punt,0,0,0,0
2025,11,LV,DAL,2,4,6,47,0,3336,,base,,punt,0,0,0,0
2025,11,LV,DAL,4,4,12,17,0,3179,,base,,field_goal,0,0,0,0
2025,11,DAL,LV,5,4,3,32,-3,3041,,,,field_goal,0,0,0,0
2025,11,LV,DAL,6,4,20,27,0,2826,,base,,field_goal,0,0,0,0
2025,11,LV,DAL,8,4,23,60,-4,2520,,base,,punt,0,0,0,0
2025,11,DAL,LV,9,4,1,5,4,2119,11,nickel,6,pass,5,1,1,0
2025,11,LV,DAL,12,4,5,20,-18,1804,,base,,field_goal,0,0,0,0
2025,11,LV,DAL,13,4,6,64,-15,1715,,base,,punt,0,0,0,0
2025,11,LV,DAL,15,4,1,53,-22,1144,12,base,7,run,2,1,0,0
2025,11,LV,DAL,15,4,4,13,-22,854,12,nickel,6,run,7,1,0,0
2025,11,DAL,LV,16,4,7,54,15,716,12,base,,punt,0,0,0,0
2025,11,DAL,LV,18,4,1,4,17,239,11,base,8,pass,0,0,0,0
2025,11,LV,DAL,19,4,1,86,-17,156,heavy,base,7,pass,-8,0,0,0
2025,11,PHI,DET,1,4,14,57,0,3448,heavy,base,,punt,0,0,0,0
2025,11,PHI,DET,3,4,8,9,0,3287,,base,,field_goal,0,0,0,0
2025,11,DET,PHI,4,4,16,85,-3,3211,21,,,punt,0,0,0,0
2025,11,PHI,DET,5,4,2,58,3,3046,heavy,base,,punt,0,0,0,0
2025,11,DET,PHI,6,4,11,45,-3,2785,21,nickel,,punt,0,0,0,0
2025,11,PHI,DET,7,4,8,83,3,2694,heavy,base,,punt,0,0,0,0
2025,11,DET,PHI,8,4,1,52,-3,2587,,nickel,6,run,0,0,0,0
2025,11,PHI,DET,9,4,10,48,3,2566,heavy,base,,punt,0,0,0,0
2025,11,DET,PHI,10,4,2,57,-3,2482,21,base,7,run,0,0,0,0
2025,11,PHI,DET,11,4,5,16,3,2166,,base,,field_goal,0,0,0,0
2025,11,DET,PHI,15,4,5,32,-7,1639,,dime,6,pass,0,0,0,0
2025,11,PHI,DET,16,4,10,68,7,1537,heavy,base,,punt,0,0,0,0
2025,11,DET,PHI,17,4,3,3,-7,1214,11,nickel,6,pass,0,0,0,0
2025,11,PHI,DET,18,4,15,52,7,1089,heavy,base,,punt,0,0,0,0
2025,11,DET,PHI,19,4,3,45,-7,978,11,nickel,6,pass,0,0,0,0
2025,11,PHI,DET,20,4,4,30,7,620,,base,,field_goal,0,0,0,0
2025,11,DET,PHI,21,4,10,61,-10,556,21,,,punt,0,0,0,0
2025,11,PHI,DET,22,4,5,63,10,385,heavy,base,,punt,0,0,0,0
2025,11,DET,PHI,23,4,10,58,-10,312,21,base,,punt,0,0,0,0
2025,11,PHI,DET,24,4,1,71,10,180,12,base,10,run,0,0,0,0
2025,11,DET,PHI,25,4,17,36,-10,123,,base,,field_goal,0,0,0,0
2025,11,GB,NYG,2,4,11,49,-7,3200,,base,,punt,0,0,0,0
2025,11,NYG,GB,3,4,9,84,7,3086,,nickel,,punt,0,0,0,0
2025,11,NYG,GB,5,4,3,70,1,2557,,base,,punt,0,0,0,0
2025,11,GB,NYG,8,4,16,68,0,1825,,base,,punt,0,0,0,0
2025,11,NYG,GB,11,4,1,64,-6,1474,12,base,7,run,2,1,0,0
2025,11,NYG,GB,11,4,3,55,-6,1344,12,nickel,6,pass,12,1,0,0
2025,11,NYG,GB,11,4,3,10,-6,1022,12,nickel,6,pass,-7,0,0,0
2025,11,GB,NYG,12,4,2,75,6,929,,base,,punt,0,0,0,0
2025,11,NYG,GB,13,4,2,22,-6,542,11,nickel,6,pass,13,1,0,0
2025,11,GB,NYG,16,4,9,79,7,21,,base,,punt,0,0,0,0
2025,11,HOU,TEN,1,4,2,13,0,3311,,,,penalty,7,1,0,0
2025,11,HOU,TEN,1,4,1,1,0,3204,,base,7,pass,-11,0,0,0
2025,11,TEN,HOU,2,4,15,38,0,2755,,,,field_goal,0,0,0,0
2025,11,HOU,TEN,3,4,6,50,-3,2622,,base,,punt,0,0,0,0
2025,11,TEN,HOU,4,4,11,76,3,2400,11,,,punt,0,0,0,0
2025,11,HOU,TEN,5,4,15,38,-3,1979,,,,punt,0,0,0,0
2025,11,TEN,HOU,6,4,9,79,3,1916,11,,,punt,0,0,0,0
2025,11,HOU,TEN,7,4,3,55,-3,1860,21,,,punt,0,0,0,0
2025,11,TEN,HOU,8,4,9,78,3,1820,11,,,punt,0,0,0,0
2025,11,TEN,HOU,10,4,2,28,3,1549,,,,field_goal,0,0,0,0
2025,11,TEN,HOU,12,4,3,63,-1,1261,11,,,punt,0,0,0,0
2025,11,HOU,TEN,13,4,5,23,1,996,,base,,field_goal,0,0,0,0
2025,11,HOU,TEN,15,4,1,25,4,723,,base,,field_goal,0,0,0,0
2025,11,TEN,HOU,16,4,11,81,-7,638,11,,,punt,0,0,0,0
2025,11,HOU,TEN,17,4,4,56,7,580,,base,,punt,0,0,0,0
2025,11,TEN,HOU,18,4,7,85,-7,443,11,,,punt,0,0,0,0
2025,11,HOU,TEN,19,4,12,56,7,305,,base,,punt,0,0,0,0
2025,11,DEN,KC,1,4,9,11,0,3159,,,,field_goal,0,0,0,0
2025,11,KC,DEN,2,4,10,61,-3,3098,,nickel,,punt,0,0,0,0
2025,11,DEN,KC,3,4,5,6,3,2996,,,,field_goal,0,0,0,0
2025,11,KC,DEN,4,4,9,12,-6,2752,,base,,field_goal,0,0,0,0
2025,11,DEN,KC,5,4,12,62,3,2661,11,nickel,,punt,0,0,0,0
2025,11,KC,DEN,6,4,3,12,-3,2081,,base,,field_goal,0,0,0,0
2025,11,DEN,KC,7,4,8,54,0,1991,11,nickel,,punt,0,0,0,0
2025,11,KC,DEN,8,4,8,88,0,1914,,nickel,,punt,0,0,0,0
2025,11,DEN,KC,9,4,1,64,0,1837,11,,,punt,0,0,0,0
2025,11,KC,DEN,10,4,6,59,0,1802,11,dime,4,pass,-9,0,0,0
2025,11,DEN,KC,14,4,11,20,0,774,,,,field_goal,0,0,0,0
2025,11,DEN,KC,16,4,7,69,-3,498,11,nickel,,punt,0,0,0,0
2025,11,KC,DEN,17,4,2,80,3,401,,nickel,,punt,0,0,0,0
2025,11,DEN,KC,18,4,6,36,-3,255,,,,field_goal,0,0,0,0
2025,11,KC,DEN,19,4,21,85,0,190,,nickel,,punt,0,0,0,0
2025,11,LAC,JAX,1,4,2,69,0,3517,11,base,,punt,0,0,0,0
2025,11,JAX,LAC,2,4,3,41,0,3197,11,dime,6,pass,0,0,0,0
2025,11,LAC,JAX,3,4,3,23,0,2915,,base,,field_goal,0,0,0,0
2025,11,LAC,JAX,5,4,15,84,-4,2584,11,base,,punt,0,0,0,0
2025,11,LAC,JAX,7,4,24,28,-4,2302,,base,,field_goal,0,0,0,0
2025,11,JAX,LAC,8,4,1,36,1,2192,11,nickel,6,run,4,1,0,0
2025,11,LAC,JAX,9,4,7,42,-8,1829,11,,,punt,0,0,0,0
2025,11,LAC,JAX,12,4,8,70,-15,1268,11,,,punt,0,0,0,0
2025,11,LAC,JAX,16,4,8,63,-29,631,11,dime,6,pass,0,0,0,0
2025,11,JAX,LAC,17,4,3,30,29,487,11,nickel,5,pass,0,0,0,0
2025,11,LAC,JAX,18,4,1,32,-29,368,11,nickel,6,run,1,1,0,0
2025,11,LAC,JAX,18,4,10,31,-29,312,11,dime,6,pass,-7,0,0,0
2025,11,JAX,LAC,19,4,1,53,29,171,11,base,7,penalty,15,1,0,0
2025,11,JAX,LAC,19,4,2,18,29,31,12,base,7,run,7,1,0,0
2025,11,NE,NYJ,2,4,2,38,-7,2936,11,nickel,6,pass,7,1,0,0
2025,11,NYJ,NE,3,4,3,62,0,2572,21,nickel,,punt,0,0,0,0
2025,11,NYJ,NE,5,4,4,56,-7,2174,21,nickel,,punt,0,0,0,0
2025,11,NE,NYJ,6,4,8,70,7,2011,,nickel,,punt,0,0,0,0
2025,11,NYJ,NE,7,4,2,85,-7,1915,21,nickel,,punt,0,0,0,0
2025,11,NE,NYJ,9,4,7,63,7,1757,,base,,punt,0,0,0,0
2025,11,NYJ,NE,10,4,28,64,-7,1583,21,nickel,,punt,0,0,0,0
2025,11,NE,NYJ,13,4,13,26,7,731,,,,field_goal,0,0,0,0
2025,11,NYJ,NE,14,4,12,64,-10,557,21,nickel,,punt,0,0,0,0
2025,11,NE,NYJ,15,4,15,63,10,463,,base,,punt,0,0,0,0
2025,11,NE,NYJ,17,4,7,8,10,398,,,,field_goal,0,0,0,0
2025,11,NYJ,NE,18,4,4,15,-13,122,11,dime,6,pass,0,0,0,0
2025,11,LA,SEA,1,4,1,8,0,3432,heavy,,8,pass,0,0,0,0
2025,11,LA,SEA,3,4,1,1,0,3221,11,dime,6,run,1,1,1,0
2025,11,SEA,LA,4,4,8,39,-7,3096,,base,,field_goal,0,0,0,0
2025,11,LA,SEA,5,4,1,35,4,2801,11,nickel,7,run,34,1,0,0
2025,11,SEA,LA,6,4,8,12,-11,2347,,base,,field_goal,0,0,0,0
2025,11,LA,SEA,7,4,9,59,8,2276,21,,,punt,0,0,0,0
2025,11,SEA,LA,8,4,1,8,-8,1882,12,base,9,run,1,1,0,0
2025,11,SEA,LA,8,4,3,3,-8,1804,,base,,field_goal,0,0,0,0
2025,11,SEA,LA,11,4,6,11,-5,1385,,base,,field_goal,0,0,0,0
2025,11,LA,SEA,12,4,13,55,2,1261,21,,,punt,0,0,0,0
2025,11,SEA,LA,13,4,1,60,-2,1119,,base,,punt,0,0,0,0
2025,11,LA,SEA,14,4,1,68,2,988,21,,,punt,0,0,0,0
2025,11,LA,SEA,18,4,6,45,9,578,21,,,punt,0,0,0,0
2025,11,SEA,LA,19,4,3,80,-9,491,,base,,punt,0,0,0,0
2025,11,LA,SEA,20,4,3,68,9,367,21,,,punt,0,0,0,0
2025,11,LA,SEA,22,4,10,51,2,110,21,,,punt,0,0,0,0
2025,11,ARI,SF,2,4,10,61,-7,3429,12,base,,punt,0,0,0,0
2025,11,SF,ARI,5,4,10,65,6,2883,12,base,,punt,0,0,0,0
2025,11,ARI,SF,6,4,6,40,-6,2760,,base,,field_goal,0,0,0,0
2025,11,ARI,SF,8,4,8,8,-12,2194,,base,,field_goal,0,0,0,0
2025,11,SF,ARI,9,4,5,43,9,2123,12,,,punt,0,0,0,0
2025,11,ARI,SF,10,4,2,84,-9,1979,,,,punt,0,0,0,0
2025,11,SF,ARI,11,4,3,30,9,1866,,base,,field_goal,0,0,0,0
2025,11,ARI,SF,14,4,10,69,-15,1665,,nickel,,punt,0,0,0,0
2025,11,SF,ARI,15,4,18,29,15,1352,,base,,field_goal,0,0,0,0
2025,11,SF,ARI,19,4,2,89,25,719,12,base,,punt,0,0,0,0
2025,11,TB,BUF,1,4,8,39,0,3346,,nickel,,punt,0,0,0,0
2025,11,TB,BUF,3,4,5,5,0,3237,,base,,field_goal,0,0,0,0
2025,11,BUF,TB,4,4,4,30,-3,3133,11,nickel,6,pass,7,1,0,0
2025,11,TB,BUF,5,4,1,4,-4,2524,11,nickel,6,run,4,1,1,0
2025,11,BUF,TB,8,4,2,43,-3,2070,12,base,6,pass,0,0,0,1
2025,11,TB,BUF,9,4,5,43,3,1877,,nickel,,punt,0,0,0,0
2025,11,BUF,TB,12,4,9,55,1,1678,,base,,punt,0,0,0,0
2025,11,TB,BUF,13,4,1,87,-1,1582,,base,,punt,0,0,0,1
2025,11,BUF,TB,15,4,6,21,-5,1205,,base,,field_goal,0,0,0,0
2025,11,TB,BUF,20,4,2,61,-5,448,,base,,punt,0,0,0,0
2025,11,BUF,TB,23,4,1,52,12,50,,base,,punt,0,0,0,0
2025,11,MIA,WAS,1,4,6,28,0,3339,,base,,field_goal,0,0,0,0
2025,11,WAS,MIA,2,4,1,54,-3,3146,12,base,8,pass,4,1,0,0
2025,11,WAS,MIA,2,4,7,8,-3,2860,,nickel,,field_goal,0,0,0,0
2025,11,MIA,WAS,3,4,13,21,0,2490,,base,,field_goal,0,0,0,0
2025,11,WAS,MIA,4,4,16,33,-3,2255,,nickel,,field_goal,0,0,0,0
2025,11,MIA,WAS,5,4,17,66,3,2145,,nickel,,punt,0,0,0,0
2025,11,WAS,MIA,6,4,5,12,-3,1803,,nickel,,field_goal,0,0,0,0
2025,11,MIA,WAS,8,4,2,2,-7,1269,11,nickel,5,pass,0,0,0,0
2025,11,WAS,MIA,9,4,8,85,7,1077,12,nickel,,punt,0,0,0,0
2025,11,WAS,MIA,11,4,1,1,0,366,12,nickel,7,pass,0,0,0,0
2025,11,MIA,WAS,12,4,19,87,0,261,,dime,,punt,0,0,0,1
2025,11,MIA,WAS,13,4,1,1,0,104,,base,7,run,-2,0,0,0
2025,11,WAS,MIA,14,4,8,38,0,15,,nickel,,field_goal,0,0,0,0
2025,12,ATL,NO,1,4,8,72,0,3510,12,base,,punt,0,0,0,0
2025,12,ATL,NO,3,4,9,38,0,3347,,,,field_goal,0,0,0,0
2025,12,NO,ATL,4,4,15,21,-3,3215,,,,field_goal,0,0,0,0
2025,12,ATL,NO,5,4,18,63,3,3013,12,base,,punt,0,0,0,0
2025,12,NO,ATL,6,4,1,62,-3,2728,,base,,punt,0,0,0,0
2025,12,NO,ATL,8,4,13,49,-10,2345,,nickel,,punt,0,0,0,0
2025,12,ATL,NO,10,4,10,23,3,1920,,,,field_goal,0,0,0,0
2025,12,NO,ATL,11,4,4,29,-6,1856,,,,field_goal,0,0,0,0
2025,12,ATL,NO,12,4,1,53,6,1834,heavy,base,6,run,2,1,0,0
2025,12,ATL,NO,12,4,6,36,6,1804,,,,field_goal,0,0,0,0
2025,12,NO,ATL,13,4,1,1,-9,1358,,,6,pass,0,0,0,0
2025,12,ATL,NO,14,4,1,89,9,1246,12,base,,punt,0,0,0,0
2025,12,NO,ATL,15,4,1,50,-9,1120,heavy,base,7,run,2,1,0,0
2025,12,NO,ATL,15,4,1,7,-9,859,heavy,,8,run,2,1,0,0
2025,12,NO,ATL,15,4,15,15,-9,737,,,,field_goal,0,0,0,0
2025,12,NO,ATL,17,4,14,69,-14,572,,nickel,,punt,0,0,0,0
2025,12,ATL,NO,18,4,2,55,14,303,11,base,,punt,0,0,0,0
2025,12,NO,ATL,19,4,15,71,-14,214,11,nickel,6,pass,14,0,0,0
2025,12,ATL,NO,20,4,11,43,14,189,11,base,,punt,0,0,0,0
2025,12,NO,ATL,21,4,7,29,-14,16,11,nickel,6,pass,0,0,0,1
2025,12,HOU,BUF,1,4,4,72,0,3544,,base,,punt,0,0,0,0
2025,12,BUF,HOU,2,4,1,72,0,3466,11,base,7,run,3,1,0,0
2025,12,HOU,BUF,3,4,5,5,-6,2976,,base,,field_goal,0,0,0,0
2025,12,BUF,HOU,4,4,4,82,3,2868,,,,punt,0,0,0,0
2025,12,HOU,BUF,5,4,6,62,-3,2812,,base,,punt,0,0,0,0
2025,12,BUF,HOU,6,4,2,37,3,2509,11,nickel,7,pass,23,1,0,0
2025,12,BUF,HOU,6,4,22,26,3,2379,,,,field_goal,0,0,0,0
2025,12,HOU,BUF,7,4,1,24,-6,2216,11,nickel,6,run,6,1,0,0
2025,12,HOU,BUF,9,4,5,25,1,1920,,base,,field_goal,0,0,0,0
2025,12,BUF,HOU,13,4,24,75,-4,1579,,,,punt,0,0,0,0
2025,12,HOU,BUF,14,4,16,75,4,1455,21,base,,punt,0,0,0,0
2025,12,BUF,HOU,15,4,11,91,-4,1356,,,,punt,0,0,0,0
2025,12,HOU,BUF,16,4,7,50,4,1255,21,base,,punt,0,0,0,0
2025,12,HOU,BUF,18,4,7,8,4,921,,base,,field_goal,0,0,0,0
2025,12,BUF,HOU,19,4,1,23,-7,614,12,base,7,run,-2,0,0,0
2025,12,HOU,BUF,20,4,9,74,7,561,21,base,,punt,0,0,0,0
2025,12,BUF,HOU,21,4,10,20,-7,348,,,,field_goal,0,0,0,0
2025,12,HOU,BUF,22,4,2,55,4,177,21,base,,punt,0,0,0,0
2025,12,BUF,HOU,23,4,27,70,-4,51,11,nickel,4,pass,44,1,0,0
2025,12,BUF,HOU,23,4,6,22,-4,24,11,nickel,7,pass,0,0,0,1
2025,12,CAR,SF,2,4,3,58,-7,2930,11,,,punt,0,0,0,0
2025,12,SF,CAR,5,4,1,47,7,2544,12,base,7,run,3,1,0,0
2025,12,CAR,SF,6,4,2,72,-7,2293,11,,,punt,0,0,0,0
2025,12,CAR,SF,8,4,7,7,-7,1952,,base,,field_goal,0,0,0,0
2025,12,SF,CAR,9,4,10,29,4,1864,,base,,field_goal,0,0,0,0
2025,12,CAR,SF,10,4,14,79,-7,1825,11,base,,punt,0,0,0,0
2025,12,CAR,SF,12,4,6,52,-7,1653,11,base,,punt,0,0,0,0
2025,12,SF,CAR,15,4,6,11,8,565,,base,,field_goal,0,0,0,0
2025,12,SF,CAR,17,4,4,68,11,294,12,base,,punt,0,0,0,0
2025,12,CAR,SF,18,4,8,39,-11,167,,base,,field_goal,0,0,0,0
2025,12,SF,CAR,19,4,1,44,11,120,11,base,7,run,3,1,0,0
2025,12,CLE,LV,1,4,2,60,0,3479,,base,,punt,0,0,0,0
2025,12,LV,CLE,2,4,18,83,0,3267,,dime,,punt,0,0,0,0
2025,12,LV,CLE,4,4,19,74,-7,3126,,dime,,punt,0,0,0,0
2025,12,CLE,LV,5,4,16,66,7,3028,,base,,punt,0,0,0,0
2025,12,LV,CLE,6,4,4,68,-7,2897,,dime,,punt,0,0,0,0
2025,12,LV,CLE,8,4,13,30,-14,2493,,,,field_goal,0,0,0,0
2025,12,LV,CLE,10,4,7,23,-14,2356,,,,field_goal,0,0,0,0
2025,12,CLE,LV,11,4,11,60,11,2260,,base,,punt,0,0,0,0
2025,12,LV,CLE,12,4,22,64,-11,2056,,dime,,punt,0,0,0,0
2025,12,LV,CLE,14,4,10,76,-11,1950,,dime,,punt,0,0,0,0
2025,12,CLE,LV,15,4,3,65,11,1907,,base,,punt,0,0,0,0
2025,12,LV,CLE,16,4,25,59,-11,1825,,dime,,punt,0,0,0,0
2025,12,LV,CLE,18,4,4,43,-11,1563,11,nickel,6,pass,-9,0,0,0
2025,12,CLE,LV,19,4,8,46,11,1454,,base,,punt,0,0,0,0
2025,12,LV,CLE,20,4,6,76,-11,1398,,dime,,punt,0,0,0,0
2025,12,CLE,LV,21,4,6,70,11,1126,,base,,punt,0,0,0,0
2025,12,LV,CLE,22,4,3,22,-11,958,12,nickel,5,pass,0,0,0,0
2025,12,CLE,LV,23,4,26,34,11,733,,,,field_goal,0,0,0,0
2025,12,LV,CLE,24,4,11,69,-14,567,,dime,,punt,0,0,0,0
2025,12,LV,CLE,26,4,2,5,-21,316,12,nickel,8,pass,5,1,1,0
2025,12,CLE,LV,27,4,10,72,14,253,,base,,punt,0,0,0,0
2025,12,CLE,LV,29,4,2,29,14,59,,base,,punt,0,0,0,0
2025,12,IND,KC,1,4,8,56,0,3281,12,nickel,,punt,0,0,0,0
2025,12,KC,IND,4,4,10,10,-7,2695,,base,,field_goal,0,0,0,0
2025,12,KC,IND,6,4,1,57,-11,2192,21,nickel,8,run,1,1,0,0
2025,12,KC,IND,6,4,10,30,-11,1944,,base,,field_goal,0,0,0,0
2025,12,IND,KC,7,4,6,65,8,1910,12,,,punt,0,0,0,0
2025,12,KC,IND,8,4,4,4,-8,1810,,base,,field_goal,0,0,0,0
2025,12,KC,IND,10,4,3,64,-5,1709,,,,punt,0,0,0,0
2025,12,IND,KC,11,4,4,14,5,1456,,,,field_goal,0,0,0,0
2025,12,KC,IND,12,4,3,57,-8,1287,,,,punt,0,0,0,0
2025,12,IND,KC,13,4,5,5,8,989,,,,field_goal,0,0,0,0
2025,12,IND,KC,15,4,12,96,11,842,12,nickel,,punt,0,0,0,0
2025,12,IND,KC,17,4,3,60,3,454,12,,,punt,0,0,0,0
2025,12,KC,IND,18,4,11,89,-3,355,,,,punt,0,0,0,0
2025,12,IND,KC,19,4,9,50,3,292,12,nickel,,punt,0,0,0,0
2025,12,KC,IND,20,4,3,43,-3,198,11,dime,5,pass,19,1,0,0
2025,12,KC,IND,20,4,7,7,-3,3,,base,,field_goal,0,0,0,0
2025,12,IND,KC,21,4,3,60,0,482,12,,,punt,0,0,0,0
2025,12,ARI,JAX,1,4,14,53,0,3288,,base,,punt,0,0,0,0
2025,12,ARI,JAX,3,4,22,46,-7,2909,,base,,punt,0,0,0,0
2025,12,JAX,ARI,5,4,14,34,0,2581,,base,,field_goal,0,0,0,0
2025,12,JAX,ARI,7,4,6,61,-4,2174,,base,,punt,0,0,0,0
2025,12,ARI,JAX,8,4,1,66,4,1920,12,base,,penalty,6,1,0,0
2025,12,ARI,JAX,8,4,7,15,4,1817,,base,,field_goal,0,0,0,0
2025,12,ARI,JAX,11,4,14,84,4,1572,,base,,punt,0,0,0,0
2025,12,ARI,JAX,13,4,27,86,-3,1216,,base,,punt,0,0,0,0
2025,12,ARI,JAX,15,4,18,47,-3,1003,,base,,punt,0,0,0,0
2025,12,JAX,ARI,16,4,1,70,3,825,,,,punt,0,0,0,0
2025,12,ARI,JAX,17,4,10,66,-3,760,,base,,punt,0,0,0,0
2025,12,ARI,JAX,21,4,12,72,-3,127,11,dime,6,pass,0,0,0,0
2025,12,JAX,ARI,22,4,1,19,3,104,21,base,7,pass,0,0,0,0
2025,12,ARI,JAX,23,4,1,71,-3,67,11,dime,6,run,8,1,0,0
2025,12,JAX,ARI,25,4,4,34,0,471,,base,,field_goal,0,0,0,0
2025,12,ARI,JAX,26,4,4,42,-3,247,11,dime,5,pass,0,0,0,0
2025,12,MIN,GB,1,4,10,34,0,3478,,,,field_goal,0,0,0,0
2025,12,MIN,GB,3,4,4,55,-4,3012,,base,,punt,0,0,0,0
2025,12,GB,MIN,4,4,19,76,4,2776,,,,punt,0,0,0,0
2025,12,MIN,GB,5,4,1,17,-4,2431,12,base,7,run,-1,0,0,0
2025,12,GB,MIN,6,4,5,14,4,1948,,,,field_goal,0,0,0,0
2025,12,MIN,GB,7,4,11,41,-7,1815,,,,field_goal,0,0,0,0
2025,12,GB,MIN,9,4,15,50,4,1609,,,,punt,0,0,0,1
2025,12,MIN,GB,11,4,8,64,-11,1435,,base,,punt,0,0,0,0
2025,12,GB,MIN,12,4,3,63,11,1169,,,,punt,0,0,0,0
2025,12,MIN,GB,13,4,22,99,-11,1037,,base,,punt,0,0,0,0
2025,12,GB,MIN,14,4,4,12,11,737,,,,field_goal,0,0,0,0
2025,12,MIN,GB,15,4,27,98,-14,629,,base,,punt,0,0,0,0
2025,12,GB,MIN,16,4,2,21,14,460,,,,field_goal,0,0,0,0
2025,12,GB,MIN,18,4,9,39,17,353,,,,punt,0,0,0,0
2025,12,NE,CIN,1,4,4,59,0,3421,,base,,punt,0,0,0,0
2025,12,CIN,NE,2,4,3,35,0,3101,,base,,field_goal,0,0,0,0
2025,12,NE,CIN,3,4,6,68,-3,3038,,base,,punt,0,0,0,0
2025,12,CIN,NE,4,4,5,45,3,2797,11,nickel,,penalty,5,1,0,0
2025,12,CIN,NE,4,4,15,45,3,2704,12,nickel,,punt,0,0,0,0
2025,12,CIN,NE,8,4,6,50,-4,2066,12,nickel,,punt,0,0,0,0
2025,12,NE,CIN,9,4,2,23,4,1833,,base,,field_goal,0,0,0,0
2025,12,CIN,NE,11,4,4,63,-4,1715,12,nickel,,punt,0,0,0,0
2025,12,NE,CIN,12,4,1,1,4,1518,11,nickel,7,penalty,0,1,0,0
2025,12,NE,CIN,12,4,1,1,4,1374,11,nickel,6,run,0,0,0,0
2025,12,CIN,NE,13,4,4,63,-4,1205,12,nickel,,punt,0,0,0,0
2025,12,NE,CIN,14,4,2,27,4,969,,base,,field_goal,0,0,0,0
2025,12,CIN,NE,15,4,6,60,-7,790,12,nickel,,punt,0,0,0,0
2025,12,NE,CIN,16,4,1,1,7,358,,base,,field_goal,0,0,0,0
2025,12,NE,CIN,18,4,7,33,3,116,,base,,field_goal,0,0,0,0
2025,12,CIN,NE,19,4,1,63,-6,74,12,dime,6,run,4,1,0,0
2025,12,CIN,NE,19,4,8,57,-6,51,,nickel,6,pass,12,1,0,0
2025,12,CIN,NE,19,4,10,26,-6,23,12,dime,7,pass,0,0,0,0
2025,12,DET,NYG,2,4,19,48,-7,3182,21,base,,punt,0,0,0,0
2025,12,NYG,DET,3,4,9,91,7,3091,,base,,punt,0,0,0,0
2025,12,DET,NYG,4,4,9,52,-7,3010,21,base,,punt,0,0,0,0
2025,12,NYG,DET,5,4,3,3,7,2703,,base,,field_goal,0,0,0,0
2025,12,DET,NYG,8,4,17,68,-10,2181,21,base,,punt,0,0,0,0
2025,12,NYG,DET,9,4,1,79,10,2050,,,,punt,0,0,0,0
2025,12,NYG,DET,11,4,7,26,3,1842,,base,,field_goal,0,0,0,0
2025,12,DET,NYG,13,4,8,43,-3,1556,21,base,,punt,0,0,0,0
2025,12,NYG,DET,14,4,9,46,3,1343,,base,,punt,0,0,0,0
2025,12,DET,NYG,19,4,9,44,-3,594,21,base,,punt,0,0,0,0
2025,12,NYG,DET,20,4,6,6,3,179,12,base,5,pass,0,0,0,0
2025,12,DET,NYG,21,4,10,41,-3,33,,base,,field_goal,0,0,0,0
2025,12,NYG,DET,24,4,10,70,-7,523,11,nickel,5,run,11,1,0,0
2025,12,NYG,DET,24,4,5,27,-7,266,11,nickel,5,pass,-4,0,0,0
2025,12,NYJ,BAL,1,4,6,53,0,3549,,,,punt,0,0,0,0
2025,12,BAL,NYJ,2,4,1,73,0,3420,12,,8,run,2,1,0,0
2025,12,BAL,NYJ,2,4,3,64,0,3289,,base,,punt,0,0,0,0
2025,12,NYJ,BAL,3,4,10,47,0,2949,,,,punt,0,0,0,0
2025,12,BAL,NYJ,4,4,3,87,0,2844,,base,,punt,0,0,0,0
2025,12,NYJ,BAL,5,4,8,44,0,2660,,base,,punt,0,0,0,0
2025,12,BAL,NYJ,6,4,17,87,0,2445,,base,,punt,0,0,0,0
2025,12,BAL,NYJ,8,4,4,13,-7,1899,,,,field_goal,0,0,0,0
2025,12,NYJ,BAL,9,4,10,47,4,1833,,,,punt,0,0,0,0
2025,12,NYJ,BAL,12,4,2,58,-3,1302,11,dime,6,pass,0,0,0,0
2025,12,BAL,NYJ,13,4,2,2,3,1115,11,nickel,6,run,2,1,1,0
2025,12,NYJ,BAL,14,4,10,24,-10,886,,base,,field_goal,0,0,0,0
2025,12,BAL,NYJ,15,4,8,17,7,579,,,,field_goal,0,0,0,0
2025,12,BAL,NYJ,17,4,2,72,10,199,,base,,punt,0,0,0,0
2025,12,NYJ,BAL,18,4,14,89,-10,107,11,nickel,4,pass,0,0,0,0
2025,12,BAL,NYJ,19,4,8,9,10,45,,,,field_goal,0,0,0,0
2025,12,DAL,PHI,1,4,3,50,0,3416,11,nickel,6,pass,0,0,0,0
2025,12,DAL,PHI,3,4,6,72,-7,3133,12,,,punt,0,0,0,0
2025,12,PHI,DAL,4,4,10,76,7,2985,heavy,base,,penalty,15,1,0,0
2025,12,PHI,DAL,8,4,12,82,21,1980,heavy,base,,punt,0,0,0,0
2025,12,PHI,DAL,11,4,7,65,14,1725,heavy,base,,punt,0,0,0,0
2025,12,DAL,PHI,12,4,6,88,-14,1598,12,,,punt,0,0,0,0
2025,12,PHI,DAL,13,4,5,52,14,1464,heavy,base,,punt,0,0,0,0
2025,12,DAL,PHI,14,4,9,33,-14,1299,,base,,field_goal,0,0,0,0
2025,12,PHI,DAL,15,4,3,52,14,1165,heavy,base,,punt,0,0,0,0
2025,12,PHI,DAL,17,4,5,38,7,794,,,,field_goal,0,0,0,0
2025,12,DAL,PHI,20,4,13,60,0,325,12,,,punt,0,0,0,1
2025,12,DAL,PHI,21,4,1,1,0,226,11,nickel,6,pass,0,0,0,0
2025,12,PHI,DAL,22,4,20,81,0,104,heavy,base,,punt,0,0,0,0
2025,12,DAL,PHI,23,4,12,24,0,3,,base,,field_goal,0,0,0,0
2025,12,CHI,PIT,1,4,6,67,0,3510,,base,,punt,0,0,0,0
2025,12,PIT,CHI,7,4,1,30,7,2335,heavy,,9,run,0,0,0,0
2025,12,CHI,PIT,8,4,1,61,-7,2273,11,nickel,7,run,8,1,0,0
2025,12,PIT,CHI,9,4,1,56,0,1892,heavy,,10,run,55,1,0,0
2025,12,PIT,CHI,11,4,20,74,4,1583,,base,,punt,0,0,0,0
2025,12,PIT,CHI,13,4,3,66,-3,1290,,base,,punt,0,0,0,0
2025,12,CHI,PIT,14,4,1,64,3,1217,,,,punt,0,0,0,0
2025,12,CHI,PIT,18,4,2,60,3,286,,,,punt,0,0,0,0
2025,12,PIT,CHI,19,4,9,77,-3,121,,nickel,,punt,0,0,0,0
2025,12,CHI,PIT,20,4,7,53,3,96,,base,,punt,0,0,0,0
2025,12,PIT,CHI,21,4,6,47,-3,21,12,dime,6,pass,0,0,0,0
2025,12,TEN,SEA,1,4,2,42,0,3429,11,dime,7,pass,10,1,0,0
2025,12,TEN,SEA,1,4,4,4,0,3053,,base,,field_goal,0,0,0,0
2025,12,SEA,TEN,2,4,4,28,-3,2838,,,,field_goal,0,0,0,0
2025,12,TEN,SEA,3,4,7,62,0,2575,21,,,punt,0,0,0,0
2025,12,TEN,SEA,5,4,19,94,-7,2336,21,,,punt,0,0,0,0
2025,12,SEA,TEN,6,4,11,11,7,2088,,,,field_goal,0,0,0,0
2025,12,TEN,SEA,7,4,1,40,-10,1914,11,,8,run,0,0,0,0
2025,12,TEN,SEA,10,4,15,78,-20,1607,21,,,punt,0,0,0,0
2025,12,SEA,TEN,11,4,2,70,20,1544,,,,punt,0,0,1,0
2025,12,SEA,TEN,14,4,3,41,13,802,,nickel,6,pass,-5,0,0,0
2025,12,TEN,SEA,15,4,1,45,-13,690,12,,8,run,1,1,0,0
2025,12,TEN,SEA,15,4,21,35,-13,381,11,nickel,6,pass,15,0,0,0
2025,12,SEA,TEN,16,4,14,84,13,315,11,,,punt,0,0,0,0
2025,12,TEN,SEA,17,4,4,56,-13,257,11,dime,6,pass,11,1,0,0
2025,12,TEN,SEA,17,4,6,41,-13,179,12,dime,6,run,9,1,0,0
2025,12,TEN,SEA,17,4,5,27,-13,116,11,dime,5,pass,9,1,0,0
2025,12,TB,LA,1,4,9,43,0,3317,,base,,punt,0,0,0,0
2025,12,TB,LA,4,4,19,74,-14,2755,,base,,punt,0,0,0,0
2025,12,TB,LA,8,4,2,72,-21,1903,11,nickel,4,pass,0,0,0,0
2025,12,LA,TB,9,4,3,21,21,1866,,base,,field_goal,0,0,0,0
2025,12,TB,LA,10,4,24,63,-24,1805,11,dime,4,pass,0,0,0,1
2025,12,LA,TB,11,4,4,40,24,1682,11,nickel,7,pass,0,0,0,0
2025,12,TB,LA,12,4,6,32,-24,1471,11,dime,6,pass,13,1,0,0
2025,12,TB,LA,12,4,9,18,-24,1373,11,dime,5,pass,-9,0,0,0
2025,12,LA,TB,13,4,8,48,24,1175,,base,,punt,0,0,0,0
2025,12,TB,LA,14,4,1,83,-24,1045,,base,,punt,0,0,0,0
2025,12,LA,TB,15,4,7,34,24,820,,base,,field_goal,0,0,0,0
2025,12,TB,LA,16,4,3,13,-27,577,11,dime,4,pass,-12,0,0,0
2025,12,LA,TB,17,4,1,66,27,439,,base,,punt,0,0,0,0
2025,12,TB,LA,18,4,7,45,-27,333,,base,,punt,0,0,0,0
2025,12,LA,TB,19,4,8,65,27,120,,base,,punt,0,0,0,0
2025,13,TB,ARI,1,4,10,47,0,3336,,base,,punt,0,0,0,0
2025,13,TB,ARI,3,4,15,78,0,2700,,base,,punt,0,0,0,0
2025,13,ARI,TB,4,4,3,70,0,2606,,base,,punt,0,0,0,0
2025,13,TB,ARI,5,4,7,7,0,2284,,base,,field_goal,0,0,0,0
2025,13,ARI,TB,6,4,20,79,-3,2181,,base,,punt,0,0,0,0
2025,13,TB,ARI,7,4,2,14,3,1920,11,nickel,6,pass,5,1,0,0
2025,13,TB,ARI,10,4,12,62,7,1677,,base,,punt,0,0,0,0
2025,13,ARI,TB,11,4,3,25,-7,1370,,base,,field_goal,0,0,0,0
2025,13,TB,ARI,14,4,5,55,7,845,,base,,punt,0,0,0,0
2025,13,ARI,TB,15,4,1,61,-7,646,12,nickel,7,run,0,0,0,0
2025,13,TB,ARI,16,4,10,39,7,543,,base,,field_goal,0,0,0,0
2025,13,TB,ARI,18,4,5,63,3,120,,base,,punt,0,0,0,0
2025,13,ARI,TB,19,4,2,83,-3,55,11,nickel,7,pass,0,0,0,0
2025,13,ATL,NYJ,1,4,2,51,0,3412,12,base,,punt,0,0,0,0
2025,13,NYJ,ATL,2,4,2,48,0,3139,,,,punt,0,0,0,0
2025,13,ATL,NYJ,3,4,10,45,0,2881,12,base,,punt,0,0,0,0
2025,13,NYJ,ATL,4,4,6,44,0,2651,,base,,punt,0,0,0,1
2025,13,ATL,NYJ,6,4,14,50,-7,2459,12,base,,punt,0,0,0,0
2025,13,NYJ,ATL,7,4,4,76,7,2374,,base,,punt,0,0,0,0
2025,13,ATL,NYJ,8,4,3,49,-7,2147,11,base,,punt,0,0,0,0
2025,13,NYJ,ATL,9,4,22,93,7,2000,,base,,punt,0,0,0,0
2025,13,NYJ,ATL,12,4,5,60,0,1735,,base,,punt,0,0,0,0
2025,13,ATL,NYJ,15,4,12,32,0,1191,,,,field_goal,0,0,0,0
2025,13,NYJ,ATL,16,4,6,36,0,1009,,base,,field_goal,0,0,0,0
2025,13,ATL,NYJ,17,4,5,34,0,902,,,,field_goal,0,0,0,0
2025,13,NYJ,ATL,18,4,9,14,-3,806,,base,,field_goal,0,0,0,0
2025,13,NYJ,ATL,20,4,1,11,-7,176,12,base,7,run,2,1,0,0
2025,13,ATL,NYJ,21,4,9,69,0,96,12,base,,punt,0,0,0,0
2025,13,NYJ,ATL,22,4,11,87,0,66,21,base,,punt,0,0,0,0
2025,13,ATL,NYJ,23,4,10,67,0,44,12,base,,punt,0,0,0,0
2025,13,PIT,BUF,2,4,10,53,0,3159,,,,punt,0,0,0,0
2025,13,BUF,PIT,3,4,15,47,0,2907,,base,,punt,0,0,0,0
2025,13,PIT,BUF,4,4,4,74,0,2808,,,,punt,0,0,0,0
2025,13,BUF,PIT,5,4,4,81,0,2715,,base,,punt,0,0,0,0
2025,13,PIT,BUF,6,4,9,46,0,2641,,,,punt,0,0,0,0
2025,13,BUF,PIT,9,4,8,9,-7,1855,,,,field_goal,0,0,0,0
2025,13,BUF,PIT,13,4,1,1,3,1433,12,nickel,6,pass,1,1,1,0
2025,13,PIT,BUF,14,4,1,66,-9,1350,,base,,punt,0,0,0,0
2025,13,BUF,PIT,15,4,2,23,9,989,21,base,9,run,2,1,0,0
2025,13,PIT,BUF,16,4,2,7,-16,616,12,base,8,run,-2,0,0,0
2025,13,BUF,PIT,17,4,2,19,16,72,,,,field_goal,0,0,0,0
2025,13,CHI,PHI,1,4,1,25,0,3276,12,,8,run,0,0,0,0
2025,13,PHI,CHI,2,4,5,60,0,3125,heavy,base,,punt,0,0,0,0
2025,13,PHI,CHI,4,4,8,26,-7,2588,,base,,field_goal,0,0,0,0
2025,13,CHI,PHI,5,4,10,12,4,2207,,base,,field_goal,0,0,0,0
2025,13,PHI,CHI,6,4,3,63,-7,2107,heavy,nickel,,punt,0,0,0,0
2025,13,CHI,PHI,7,4,20,77,7,1979,11,,,punt,0,0,0,0
2025,13,PHI,CHI,8,4,8,63,-7,1903,heavy,base,,punt,0,0,0,0
2025,13,PHI,CHI,10,4,9,72,-7,1741,heavy,base,,punt,0,0,0,0
2025,13,CHI,PHI,11,4,10,66,7,1647,11,,,punt,0,0,0,0
2025,13,CHI,PHI,13,4,3,44,7,1506,11,base,,punt,0,0,0,0
2025,13,CHI,PHI,17,4,5,37,1,956,11,nickel,6,pass,7,1,0,0
2025,13,PHI,CHI,18,4,8,77,-8,682,heavy,base,,punt,0,0,0,0
2025,13,CHI,PHI,21,4,4,30,9,75,11,base,6,pass,0,0,0,0
2025,13,PHI,CHI,22,4,4,34,-9,13,,base,,field_goal,0,0,0,0
2025,13,CIN,BAL,1,4,7,13,0,3282,,base,,field_goal,0,0,0,0
2025,13,CIN,BAL,3,4,8,65,-4,3008,12,,,punt,0,0,0,0
2025,13,CIN,BAL,5,4,2,2,-4,2855,12,nickel,7,pass,0,0,0,0
2025,13,BAL,CIN,6,4,11,99,4,2805,11,nickel,,punt,0,0,0,0
2025,13,CIN,BAL,7,4,1,32,-4,2586,11,nickel,7,run,2,1,0,0
2025,13,CIN,BAL,7,4,4,24,-4,2488,,base,,field_goal,0,0,0,0
2025,13,CIN,BAL,9,4,6,6,-1,1959,,base,,field_goal,0,0,0,0
2025,13,BAL,CIN,10,4,19,45,-2,1902,11,base,,punt,0,0,0,0
2025,13,CIN,BAL,11,4,10,54,2,1844,12,,,punt,0,0,0,0
2025,13,CIN,BAL,13,4,6,15,2,1814,,base,,field_goal,0,0,0,0
2025,13,BAL,CIN,15,4,4,72,-5,1677,11,nickel,,punt,0,0,0,0
2025,13,CIN,BAL,20,4,3,34,12,570,,base,,field_goal,0,0,0,0
2025,13,BAL,CIN,21,4,8,51,-15,481,12,dime,5,pass,0,0,0,0
2025,13,BAL,CIN,23,4,2,76,-15,283,11,nickel,6,pass,14,1,0,0
2025,13,CIN,BAL,24,4,9,23,15,71,,base,,field_goal,0,0,0,0
2025,13,DEN,WAS,1,4,5,15,0,3331,,base,,field_goal,0,0,0,0
2025,13,WAS,DEN,2,4,8,39,-3,2983,,base,,punt,0,0,0,0
2025,13,DEN,WAS,3,4,4,83,3,2884,,nickel,,punt,0,0,0,0
2025,13,DEN,WAS,5,4,1,45,3,2465,11,nickel,7,pass,22,1,0,0
2025,13,DEN,WAS,5,4,8,10,3,2274,,base,,field_goal,0,0,0,0
2025,13,WAS,DEN,11,4,9,54,-6,955,,nickel,,punt,0,0,0,0
2025,13,WAS,DEN,13,4,8,20,-6,760,,base,,field_goal,0,0,0,0
2025,13,DEN,WAS,14,4,9,70,3,619,,base,,punt,0,0,0,0
2025,13,WAS,DEN,15,4,2,65,-3,528,,base,,punt,0,0,0,0
2025,13,DEN,WAS,16,4,4,47,3,292,,nickel,,punt,0,0,0,0
2025,13,WAS,DEN,17,4,21,75,-3,222,,nickel,,punt,0,0,0,0
2025,13,DEN,WAS,18,4,4,65,3,189,,nickel,,punt,0,0,0,0
2025,13,WAS,DEN,19,4,1,65,-3,137,11,nickel,6,run,2,1,0,0
2025,13,WAS,DEN,19,4,6,45,-3,52,11,dime,6,pass,8,1,0,0
2025,13,WAS,DEN,21,4,6,41,-7,329,11,dime,5,penalty,5,1,0,0
2025,13,WAS,DEN,21,4,3,3,-7,170,11,nickel,5,pass,3,1,1,0
2025,13,GB,DET,1,4,10,27,0,3257,,base,,field_goal,0,0,0,0
2025,13,DET,GB,2,4,8,63,-3,3207,21,base,,punt,0,0,0,0
2025,13,GB,DET,3,4,5,78,3,3107,,base,,punt,0,0,0,0
2025,13,DET,GB,4,4,21,60,-3,2916,21,base,,punt,0,0,0,0
2025,13,GB,DET,5,4,3,22,3,2665,11,base,7,pass,22,1,1,0
2025,13,GB,DET,7,4,1,2,3,1936,11,,7,pass,2,1,1,0
2025,13,DET,GB,10,4,3,47,-3,1573,11,nickel,7,run,-2,0,0,0
2025,13,DET,GB,14,4,3,21,-10,655,11,nickel,6,pass,0,0,0,0
2025,13,GB,DET,15,4,4,72,10,553,,base,,punt,0,0,0,0
2025,13,DET,GB,16,4,13,13,-10,182,,,,field_goal,0,0,0,0
2025,13,GB,DET,17,4,3,45,7,115,11,base,6,pass,16,1,0,0
2025,13,IND,HOU,1,4,8,63,0,3557,12,,,punt,0,0,0,0
2025,13,HOU,IND,2,4,4,4,0,3178,,base,,field_goal,0,0,0,0
2025,13,IND,HOU,3,4,10,73,-3,3048,12,,,punt,0,0,0,0
2025,13,HOU,IND,4,4,4,62,3,2877,21,base,,punt,0,0,0,0
2025,13,IND,HOU,5,4,7,59,-3,2743,12,,,punt,0,0,0,0
2025,13,HOU,IND,6,4,7,80,3,2662,21,base,,punt,0,0,0,0
2025,13,IND,HOU,7,4,1,9,-3,2419,heavy,base,8,run,0,0,0,0
2025,13,IND,HOU,11,4,15,47,-4,1920,12,,,punt,0,0,0,0
2025,13,HOU,IND,12,4,2,47,4,1802,11,nickel,4,pass,0,0,0,0
2025,13,HOU,IND,13,4,21,25,4,1312,,base,,field_goal,0,0,0,0
2025,13,IND,HOU,16,4,7,24,-7,524,,base,,field_goal,0,0,0,0
2025,13,HOU,IND,17,4,1,17,4,293,11,base,10,run,0,0,0,0
2025,13,IND,HOU,18,4,9,31,-4,109,11,nickel,5,pass,0,0,0,0
2025,13,JAX,TEN,1,4,5,49,0,3373,,,,punt,0,0,0,0
2025,13,TEN,JAX,2,4,3,10,0,3008,,,,field_goal,0,0,0,0
2025,13,TEN,JAX,6,4,15,80,-12,2559,21,base,,punt,0,0,0,0
2025,13,JAX,TEN,7,4,10,71,12,2464,,,,punt,0,0,0,0
2025,13,TEN,JAX,8,4,3,65,-12,2360,21,base,,punt,0,0,0,0
2025,13,JAX,TEN,9,4,7,72,12,2238,,,,punt,0,0,0,0
2025,13,TEN,JAX,10,4,8,57,-12,2128,21,base,,punt,0,0,0,0
2025,13,JAX,TEN,11,4,25,95,12,1962,,,,punt,0,0,0,0
2025,13,TEN,JAX,12,4,2,21,-12,1825,12,base,8,pass,0,0,0,0
2025,13,TEN,JAX,14,4,1,72,-15,1708,21,base,,punt,0,0,0,0
2025,13,JAX,TEN,15,4,20,81,15,1654,,,,penalty,15,1,0,0
2025,13,JAX,TEN,15,4,1,4,15,1352,11,nickel,8,run,2,1,0,0
2025,13,TEN,JAX,16,4,7,55,-22,1094,21,base,,punt,0,0,0,0
2025,13,JAX,TEN,17,4,35,78,22,862,,,,punt,0,0,0,0
2025,13,TEN,JAX,18,4,6,34,-22,798,11,nickel,7,pass,0,0,0,0
2025,13,JAX,TEN,19,4,15,71,22,700,,,,punt,0,0,0,0
2025,13,TEN,JAX,20,4,4,50,-22,548,11,nickel,5,pass,5,1,0,0
2025,13,TEN,JAX,20,4,18,53,-22,416,11,nickel,4,pass,5,0,0,0
2025,13,JAX,TEN,21,4,8,50,22,325,,,,punt,0,0,0,0
2025,13,KC,DAL,4,4,2,2,0,2705,11,nickel,5,pass,2,1,1,0
2025,13,DAL,KC,5,4,4,48,-7,2549,11,nickel,6,pass,10,1,0,0
2025,13,DAL,KC,5,4,3,31,-7,2427,,,,field_goal,0,0,0,0
2025,13,KC,DAL,6,4,16,47,4,2170,,base,,punt,0,0,0,0
2025,13,KC,DAL,8,4,19,52,-3,1818,,base,,punt,0,0,0,0
2025,13,KC,DAL,10,4,5,49,-3,1646,,base,,punt,0,0,0,0
2025,13,DAL,KC,11,4,2,89,3,1562,12,nickel,,punt,0,0,0,0
2025,13,KC,DAL,12,4,1,54,-3,1430,12,base,8,pass,4,1,0,0
2025,13,KC,DAL,12,4,4,44,-3,1332,,base,,punt,0,0,0,0
2025,13,DAL,KC,13,4,8,18,3,1153,,,,field_goal,0,0,0,0
2025,13,KC,DAL,14,4,3,3,-6,896,11,nickel,5,pass,3,1,1,0
2025,13,KC,DAL,16,4,8,59,-7,575,,base,,punt,0,0,0,0
2025,13,DAL,KC,17,4,4,8,7,320,,,,field_goal,0,0,0,0
2025,13,CAR,LA,4,4,3,73,0,2864,,,,punt,0,0,0,0
2025,13,CAR,LA,7,4,1,24,0,2330,heavy,base,8,run,6,1,0,0
2025,13,CAR,LA,7,4,6,14,0,2138,,base,,field_goal,0,0,0,0
2025,13,CAR,LA,9,4,10,48,-4,1821,,,,punt,0,0,0,0
2025,13,CAR,LA,11,4,3,33,-4,1434,11,nickel,6,pass,33,1,1,0
2025,13,LA,CAR,12,4,13,75,-3,1332,11,,,punt,0,0,0,0
2025,13,CAR,LA,13,4,20,39,3,821,,,,punt,0,0,0,0
2025,13,CAR,LA,15,4,2,43,-4,403,11,nickel,8,pass,43,1,1,0
2025,13,LV,LAC,1,4,13,66,0,3503,,base,,punt,0,0,0,0
2025,13,LV,LAC,3,4,18,53,-7,2814,,base,,punt,0,0,0,0
2025,13,LAC,LV,6,4,1,18,7,2197,11,nickel,6,run,0,0,0,0
2025,13,LAC,LV,8,4,1,57,0,1829,11,base,,punt,0,0,0,0
2025,13,LV,LAC,11,4,9,64,-7,1623,,base,,punt,0,0,0,0
2025,13,LAC,LV,12,4,10,86,7,1489,11,base,,punt,0,0,0,0
2025,13,LV,LAC,13,4,13,73,-7,1355,,base,,punt,0,0,0,0
2025,13,LV,LAC,15,4,1,57,-14,955,heavy,base,7,run,-1,0,0,0
2025,13,LAC,LV,16,4,6,38,14,894,,,,field_goal,0,0,0,0
2025,13,LV,LAC,19,4,13,69,-17,50,11,dime,5,run,6,0,0,0
2025,13,MIN,SEA,1,4,12,60,0,3378,,,,punt,0,0,0,0
2025,13,SEA,MIN,2,4,24,69,0,3058,,,,punt,0,0,0,0
2025,13,MIN,SEA,3,4,2,66,0,2918,,,,punt,0,0,0,0
2025,13,SEA,MIN,4,4,9,85,0,2856,,,,punt,0,0,0,0
2025,13,MIN,SEA,5,4,8,71,0,2796,,,,punt,0,0,0,0
2025,13,SEA,MIN,6,4,15,15,0,2232,,,,field_goal,0,0,0,0
2025,13,MIN,SEA,7,4,5,53,-3,2133,,,,punt,0,0,0,0
2025,13,MIN,SEA,9,4,1,4,-3,1994,11,nickel,7,pass,0,0,1,1
2025,13,MIN,SEA,10,4,18,76,-10,1872,,,,punt,0,0,0,0
2025,13,SEA,MIN,11,4,3,38,10,1812,,,,field_goal,0,0,0,0
2025,13,SEA,MIN,13,4,1,36,13,1579,,,,field_goal,0,0,0,0
2025,13,SEA,MIN,15,4,9,21,16,1099,,,,field_goal,0,0,0,0
2025,13,SEA,MIN,17,4,5,53,19,814,,,,punt,0,0,0,0
2025,13,SEA,MIN,19,4,1,23,19,640,11,base,7,pass,2,1,0,0
2025,13,MIN,SEA,21,4,13,40,-26,195,,nickel,6,pass,-7,0,0,0
2025,13,SEA,MIN,22,4,4,47,26,60,,,,punt,0,0,0,0
2025,13,NO,MIA,2,4,2,65,-7,3248,,base,,punt,0,0,0,0
2025,13,MIA,NO,3,4,8,80,7,3193,,base,,punt,0,0,0,0
2025,13,NO,MIA,4,4,4,60,-7,3097,,base,,punt,0,0,0,0
2025,13,MIA,NO,5,4,18,88,7,2958,,base,,punt,0,0,0,0
2025,13,NO,MIA,6,4,3,49,-7,2828,,base,,punt,0,0,0,0
2025,13,MIA,NO,7,4,7,21,7,2653,,,,field_goal,0,0,0,0
2025,13,NO,MIA,10,4,10,80,-10,2503,,base,,punt,0,0,0,0
2025,13,MIA,NO,11,4,7,7,10,2170,,,,field_goal,0,0,0,0
2025,13,MIA,NO,15,4,1,64,8,1445,,base,,punt,0,0,0,0
2025,13,NO,MIA,16,4,13,58,-8,1197,,base,,punt,0,0,0,0
2025,13,MIA,NO,17,4,12,57,8,922,,base,,punt,0,0,0,0
2025,13,NO,MIA,18,4,12,90,-8,813,,base,,punt,0,0,0,0
2025,13,MIA,NO,19,4,14,15,8,582,,,,field_goal,0,0,0,0
2025,13,NO,MIA,20,4,7,37,-11,373,,nickel,,field_goal,0,0,0,0
2025,13,MIA,NO,21,4,1,43,8,185,11,base,7,run,-1,0,0,0
2025,13,NO,MIA,23,4,1,36,-4,35,11,nickel,6,run,0,0,0,0
2025,13,NE,NYG,1,4,4,4,0,3257,,base,,field_goal,0,0,0,0
2025,13,NYG,NE,2,4,7,60,-3,3037,,nickel,,punt,0,0,1,0
2025,13,NYG,NE,3,4,16,76,-10,2929,,nickel,,punt,0,0,0,0
2025,13,NE,NYG,6,4,1,66,10,2444,,base,,punt,0,0,0,0
2025,13,NYG,NE,7,4,10,29,-10,2188,,base,,run,-13,0,0,0
2025,13,NE,NYG,10,4,6,12,17,1911,,base,,field_goal,0,0,0,0
2025,13,NYG,NE,11,4,6,65,-20,1873,,nickel,,punt,0,0,0,0
2025,13,NYG,NE,13,4,6,38,-23,1550,11,nickel,6,pass,0,0,0,0
2025,13,NE,NYG,14,4,6,36,23,1234,11,dime,7,pass,10,1,0,0
2025,13,NE,NYG,14,4,11,27,23,1153,,base,,field_goal,0,0,0,0
2025,13,NE,NYG,16,4,13,46,15,652,,dime,,punt,0,0,0,0
2025,13,NYG,NE,17,4,8,73,-15,472,,nickel,,punt,0,0,0,0
2025,13,NE,NYG,18,4,5,5,15,137,,base,,field_goal,0,0,0,0
2025,13,NYG,NE,19,4,8,41,-18,72,11,nickel,6,pass,0,0,0,0
2025,13,SF,CLE,1,4,9,51,0,3499,12,dime,,punt,0,0,0,0
2025,13,CLE,SF,2,4,3,66,0,3340,,base,,punt,0,0,0,0
2025,13,CLE,SF,4,4,1,20,-7,2882,12,base,7,run,-1,0,0,0
2025,13,SF,CLE,5,4,9,78,7,2798,12,dime,,punt,0,0,0,0
2025,13,CLE,SF,6,4,28,49,-7,2553,,base,,punt,0,0,0,0
2025,13,SF,CLE,7,4,4,40,7,2188,12,base,,punt,0,0,0,0
2025,13,CLE,SF,10,4,6,59,-2,1641,,base,,punt,0,0,0,0
2025,13,SF,CLE,11,4,13,59,2,1454,12,dime,,punt,0,0,0,0
2025,13,CLE,SF,12,4,1,67,-2,1328,12,base,7,run,0,0,0,1
2025,13,CLE,SF,14,4,9,94,-9,938,,base,,punt,0,0,0,0
2025,13,SF,CLE,15,4,11,48,9,815,12,dime,,punt,0,0,0,1
2025,13,CLE,SF,17,4,16,48,-15,450,11,nickel,4,pass,-10,0,0,0
2025,13,SF,CLE,18,4,9,13,15,253,,base,,field_goal,0,0,0,0
2025,13,CLE,SF,19,4,26,44,-18,111,11,nickel,4,run,6,0,0,0
2025,14,CHI,GB,1,4,15,77,0,3533,11,nickel,,punt,0,0,0,0
2025,14,CHI,GB,3,4,15,41,0,3031,11,base,,punt,0,0,0,0
2025,14,GB,CHI,4,4,19,74,0,2893,,base,,punt,0,0,0,0
2025,14,CHI,GB,5,4,7,60,0,2718,11,base,,punt,0,0,0,0
2025,14,CHI,GB,7,4,1,39,-7,2089,12,base,7,run,5,1,0,0
2025,14,CHI,GB,7,4,7,15,-7,1877,,,,field_goal,0,0,0,0
2025,14,CHI,GB,9,4,9,62,-11,1810,11,nickel,,punt,0,0,0,0
2025,14,GB,CHI,10,4,21,76,11,1743,11,base,,punt,0,0,0,0
2025,14,CHI,GB,13,4,7,23,-10,1099,,,,field_goal,0,0,0,0
2025,14,GB,CHI,14,4,4,67,7,1002,11,nickel,,punt,0,0,0,0
2025,14,CHI,GB,17,4,1,14,-7,27,12,base,8,pass,0,0,0,1
2025,14,BUF,CIN,2,4,5,8,-7,2817,,base,,field_goal,0,0,0,0
2025,14,BUF,CIN,4,4,4,45,-11,2483,11,nickel,6,pass,17,1,0,0
2025,14,BUF,CIN,4,4,4,11,-11,2256,11,nickel,6,pass,11,1,1,0
2025,14,BUF,CIN,6,4,3,43,-10,1876,11,dime,6,pass,0,0,0,0
2025,14,CIN,BUF,7,4,18,48,10,1823,12,base,,punt,0,0,0,0
2025,14,CIN,BUF,10,4,13,76,3,1400,12,base,,punt,0,0,0,0
2025,14,BUF,CIN,16,4,3,3,4,189,11,base,7,pass,3,1,1,0
2025,14,DET,DAL,1,4,18,20,0,3350,,,,field_goal,0,0,0,0
2025,14,DAL,DET,2,4,10,39,-3,3192,,base,,field_goal,0,0,0,0
2025,14,DET,DAL,3,4,8,51,0,3139,21,base,,punt,0,0,0,0
2025,14,DAL,DET,4,4,14,99,0,3036,12,base,,punt,0,0,0,0
2025,14,DAL,DET,6,4,19,24,-7,2367,,base,,field_goal,0,0,0,0
2025,14,DET,DAL,7,4,2,63,4,2308,21,,,punt,0,0,0,0
2025,14,DAL,DET,10,4,4,37,-11,1855,,base,,field_goal,0,0,0,0
2025,14,DAL,DET,14,4,5,9,-18,1616,11,nickel,5,pass,7,1,0,0
2025,14,DET,DAL,15,4,5,34,11,1252,,,,field_goal,0,0,0,0
2025,14,DAL,DET,16,4,19,45,-11,1074,,base,,field_goal,0,0,0,0
2025,14,DET,DAL,17,4,9,28,8,714,,,,field_goal,0,0,0,0
2025,14,DAL,DET,20,4,3,11,-10,225,,base,,field_goal,0,0,0,0
2025,14,DAL,DET,22,4,10,69,-14,115,11,nickel,6,pass,10,1,0,0
2025,14,DEN,LV,3,4,6,40,0,2410,,base,,punt,0,0,0,0
2025,14,LV,DEN,4,4,15,94,0,2204,,nickel,,punt,0,0,1,0
2025,14,LV,DEN,5,4,7,55,-7,2090,,nickel,,punt,0,0,0,0
2025,14,DEN,LV,6,4,4,43,7,1825,,dime,5,pass,2,0,0,0
2025,14,LV,DEN,7,4,3,52,-7,1807,11,dime,4,pass,-4,0,0,0
2025,14,LV,DEN,9,4,8,67,-7,1711,,nickel,,punt,0,0,0,0
2025,14,LV,DEN,11,4,2,39,-14,1062,11,nickel,6,pass,17,1,0,0
2025,14,LV,DEN,11,4,5,5,-14,859,12,nickel,6,pass,0,0,0,0
2025,14,DEN,LV,12,4,1,13,14,330,12,base,7,run,1,1,0,0
2025,14,DEN,LV,12,4,3,5,14,239,,,,field_goal,0,0,0,0
2025,14,DEN,LV,14,4,4,28,10,64,12,base,6,run,0,0,0,0
2025,14,KC,HOU,1,4,4,61,0,3531,,base,,punt,0,0,0,0
2025,14,HOU,KC,2,4,8,63,0,3264,21,nickel,,punt,0,0,0,0
2025,14,KC,HOU,3,4,14,69,0,3117,,base,,punt,0,0,0,0
2025,14,HOU,KC,4,4,5,16,0,2962,,,,field_goal,0,0,0,0
2025,14,KC,HOU,5,4,10,49,-3,2700,,,,punt,0,0,0,0
2025,14,HOU,KC,8,4,6,42,10,2139,21,nickel,,punt,0,0,0,0
2025,14,KC,HOU,9,4,8,25,-10,1863,,,,field_goal,0,0,0,0
2025,14,HOU,KC,11,4,14,87,10,1748,21,nickel,,punt,0,0,0,0
2025,14,KC,HOU,12,4,1,2,-10,1499,12,nickel,6,run,2,1,1,0
2025,14,HOU,KC,13,4,8,63,3,1460,21,nickel,,punt,0,0,0,0
2025,14,KC,HOU,14,4,4,56,-3,1243,,,,punt,0,0,0,0
2025,14,HOU,KC,15,4,10,88,3,1183,21,nickel,,punt,0,0,0,0
2025,14,KC,HOU,16,4,2,18,-3,1014,,,,field_goal,0,0,0,0
2025,14,HOU,KC,17,4,10,77,0,951,21,nickel,,punt,0,0,0,0
2025,14,HOU,KC,19,4,1,65,0,692,21,nickel,,punt,0,0,0,0
2025,14,KC,HOU,20,4,1,69,0,622,11,base,7,pass,0,0,0,0
2025,14,KC,HOU,22,4,4,59,-7,331,11,nickel,6,pass,0,0,0,0
2025,14,HOU,KC,23,4,12,43,7,233,21,nickel,,punt,0,0,0,0
2025,14,HOU,KC,25,4,5,10,7,33,,,,field_goal,0,0,0,0
2025,14,JAX,IND,1,4,7,60,0,3492,,,,punt,0,0,0,0
2025,14,IND,JAX,6,4,18,68,-7,2700,12,base,,punt,0,0,0,0
2025,14,JAX,IND,7,4,8,69,7,2638,,,,punt,0,0,0,0
2025,14,IND,JAX,10,4,7,9,-14,2097,,,,field_goal,0,0,0,0
2025,14,IND,JAX,12,4,1,44,-11,1910,12,base,7,run,-1,0,0,0
2025,14,IND,JAX,15,4,8,18,-18,1501,,,,field_goal,0,0,0,0
2025,14,JAX,IND,16,4,10,78,15,1442,,,,punt,0,0,0,0
2025,14,IND,JAX,17,4,12,71,-15,1313,12,base,,punt,0,0,0,0
2025,14,JAX,IND,18,4,1,54,15,1099,12,base,7,run,1,1,0,0
2025,14,JAX,IND,18,4,4,17,15,849,,base,,field_goal,0,0,0,0
2025,14,JAX,IND,20,4,1,9,18,428,heavy,base,7,run,0,0,0,0
2025,14,JAX,IND,22,4,8,29,20,285,,base,,field_goal,0,0,0,0
2025,14,LA,ARI,2,4,8,8,-7,3163,,base,,field_goal,0,0,0,0
2025,14,ARI,LA,3,4,12,71,4,3008,,base,,punt,0,0,0,0
2025,14,ARI,LA,5,4,18,20,-3,2319,,base,,field_goal,0,0,0,0
2025,14,ARI,LA,7,4,10,65,-7,1915,,base,,punt,0,0,0,0
2025,14,ARI,LA,11,4,5,60,-21,1461,,base,,punt,0,0,0,0
2025,14,LA,ARI,12,4,6,45,21,1163,21,base,,punt,0,0,0,0
2025,14,ARI,LA,13,4,11,91,-21,1089,,base,,punt,0,0,0,0
2025,14,LA,ARI,14,4,8,59,21,975,21,base,,punt,0,0,0,0
2025,14,ARI,LA,17,4,9,79,-28,849,,base,,punt,0,0,0,0
2025,14,LA,ARI,20,4,6,56,28,516,21,base,,punt,0,0,0,0
2025,14,ARI,LA,21,4,10,16,-28,328,12,dime,5,pass,0,0,0,0
2025,14,NYJ,MIA,2,4,7,56,-7,3415,,base,,punt,0,0,0,0
2025,14,NYJ,MIA,6,4,1,56,-21,2834,,base,,punt,0,0,0,0
2025,14,MIA,NYJ,7,4,2,80,21,2742,,base,,punt,0,0,1,0
2025,14,MIA,NYJ,8,4,9,53,14,2649,11,base,,punt,0,0,0,0
2025,14,NYJ,MIA,9,4,4,81,-14,2516,11,base,,punt,0,0,0,0
2025,14,MIA,NYJ,10,4,14,63,14,2400,11,base,,punt,0,0,0,0
2025,14,NYJ,MIA,11,4,2,72,-14,2240,21,base,,punt,0,0,0,0
2025,14,MIA,NYJ,12,4,10,25,14,1920,,,,field_goal,0,0,0,0
2025,14,MIA,NYJ,14,4,5,90,17,1819,11,base,,punt,0,0,0,0
2025,14,NYJ,MIA,16,4,7,52,-17,1639,11,base,,punt,0,0,0,0
2025,14,MIA,NYJ,17,4,4,87,17,1544,11,base,,punt,0,0,0,0
2025,14,NYJ,MIA,18,4,17,66,-17,1414,11,base,,punt,0,0,0,0
2025,14,MIA,NYJ,19,4,6,42,17,1067,12,base,,punt,0,0,0,0
2025,14,NYJ,MIA,20,4,8,75,-17,967,11,base,7,run,19,1,0,0
2025,14,NYJ,MIA,20,4,9,12,-17,737,,nickel,,field_goal,0,0,0,0
2025,14,NYJ,MIA,22,4,10,45,-21,275,11,nickel,7,pass,-13,0,0,0
2025,14,MIA,NYJ,23,4,14,35,21,149,,,,field_goal,0,0,0,0
2025,14,NO,TB,3,4,11,78,0,3081,,base,,punt,0,0,0,0
2025,14,TB,NO,4,4,1,45,0,2761,heavy,base,7,run,-7,0,0,0
2025,14,NO,TB,5,4,5,30,0,2625,,base,,field_goal,0,0,0,0
2025,14,TB,NO,6,4,13,47,0,2506,,base,,punt,0,0,0,0
2025,14,TB,NO,8,4,5,23,0,2355,,,,field_goal,0,0,0,0
2025,14,NO,TB,9,4,20,82,-3,2198,,base,,punt,0,0,0,0
2025,14,TB,NO,10,4,1,49,3,1962,heavy,base,7,run,0,0,0,0
2025,14,NO,TB,11,4,1,42,-3,1857,12,base,7,run,-2,0,0,0
2025,14,TB,NO,12,4,1,46,3,1840,11,nickel,6,run,4,1,0,0
2025,14,TB,NO,12,4,15,47,3,1802,11,dime,4,pass,0,0,0,0
2025,14,NO,TB,16,4,5,12,-3,996,,base,,field_goal,0,0,0,0
2025,14,TB,NO,17,4,2,46,0,776,11,nickel,6,pass,0,0,0,0
2025,14,TB,NO,19,4,1,19,-7,395,11,nickel,6,run,2,1,0,0
2025,14,TB,NO,19,4,12,19,-7,298,,,,field_goal,0,0,0,0
2025,14,NO,TB,20,4,11,50,4,114,,base,,punt,0,0,0,0
2025,14,TB,NO,21,4,4,74,-4,87,11,nickel,6,pass,3,0,0,0
2025,14,PHI,LAC,1,4,13,60,0,3405,heavy,base,,punt,0,0,0,0
2025,14,PHI,LAC,3,4,8,23,-7,2906,,,,field_goal,0,0,0,0
2025,14,LAC,PHI,4,4,7,63,4,2777,11,,,punt,0,0,0,0
2025,14,PHI,LAC,5,4,5,85,-4,2695,heavy,base,,punt,0,0,0,0
2025,14,LAC,PHI,6,4,15,68,4,2566,11,,,punt,0,0,0,0
2025,14,LAC,PHI,8,4,6,27,4,2100,,base,,field_goal,0,0,0,0
2025,14,PHI,LAC,11,4,12,12,-7,1852,,,,field_goal,0,0,0,0
2025,14,LAC,PHI,14,4,1,18,4,1332,,base,,penalty,9,1,0,0
2025,14,LAC,PHI,14,4,16,16,4,1236,,base,,field_goal,0,0,0,0
2025,14,PHI,LAC,15,4,8,36,-7,1107,,,,field_goal,0,0,0,0
2025,14,LAC,PHI,16,4,18,83,4,945,11,,,punt,0,0,0,0
2025,14,LAC,PHI,18,4,3,51,-3,722,11,base,,punt,0,0,0,0
2025,14,LAC,PHI,20,4,3,13,-3,449,,base,,field_goal,0,0,0,0
2025,14,PHI,LAC,21,4,6,67,0,355,heavy,base,,punt,0,0,0,0
2025,14,LAC,PHI,22,4,14,79,0,226,11,,,punt,0,0,0,0
2025,14,PHI,LAC,23,4,11,26,0,140,,,,field_goal,0,0,0,0
2025,14,LAC,PHI,24,4,1,29,-3,12,,base,,field_goal,0,0,0,0
2025,14,LAC,PHI,26,4,6,36,0,389,,base,,field_goal,0,0,0,0
2025,14,PHI,LAC,27,4,4,41,-3,203,11,dime,,penalty,5,1,0,0
2025,14,BAL,PIT,1,4,4,18,0,3362,,,,field_goal,0,0,0,0
2025,14,PIT,BAL,2,4,1,4,-3,3226,11,nickel,9,run,2,1,0,0
2025,14,BAL,PIT,3,4,13,77,-4,3002,11,base,,punt,0,0,0,0
2025,14,PIT,BAL,4,4,1,59,4,2894,,base,,punt,0,0,0,0
2025,14,BAL,PIT,5,4,4,65,-4,2734,11,,,punt,0,0,0,0
2025,14,PIT,BAL,6,4,3,5,4,2441,,base,,field_goal,0,0,0,0
2025,14,PIT,BAL,8,4,1,13,7,2173,,base,,penalty,7,1,0,0
2025,14,PIT,BAL,11,4,10,10,8,1561,,base,,field_goal,0,0,0,0
2025,14,BAL,PIT,14,4,4,10,-11,826,,,,field_goal,0,0,0,0
2025,14,PIT,BAL,15,4,5,72,8,691,,base,,punt,0,0,0,0
2025,14,BAL,PIT,16,4,1,24,-8,529,12,,9,run,4,1,0,0
2025,14,BAL,PIT,16,4,8,18,-8,435,,,,field_goal,0,0,0,0
2025,14,PIT,BAL,17,4,15,64,5,353,,nickel,,punt,0,0,0,0
2025,14,BAL,PIT,18,4,5,54,-5,264,11,nickel,6,pass,6,1,0,0
2025,14,BAL,PIT,18,4,5,8,-5,148,12,nickel,6,pass,0,0,0,0
2025,14,PIT,BAL,19,4,7,89,5,128,,base,,punt,0,0,0,0
2025,14,BAL,PIT,20,4,2,66,-5,47,12,nickel,6,pass,8,1,0,0
2025,14,ATL,SEA,1,4,7,50,0,3400,12,,,punt,0,0,0,0
2025,14,SEA,ATL,2,4,20,99,0,3270,,base,,punt,0,0,0,0
2025,14,ATL,SEA,3,4,8,17,0,3137,,base,,field_goal,0,0,0,0
2025,14,SEA,ATL,4,4,1,22,-3,2876,12,base,,penalty,6,1,0,0
2025,14,SEA,ATL,4,4,4,4,-3,2752,,,,field_goal,0,0,0,0
2025,14,ATL,SEA,5,4,1,62,0,2625,12,nickel,6,run,5,1,0,0
2025,14,ATL,SEA,5,4,8,55,0,2489,12,,,punt,0,0,0,0
2025,14,ATL,SEA,7,4,12,32,0,2258,,base,,field_goal,0,0,0,0
2025,14,SEA,ATL,8,4,8,64,0,2156,,base,,punt,0,0,0,0
2025,14,ATL,SEA,9,4,5,25,0,1866,,base,,field_goal,0,0,0,0
2025,14,SEA,ATL,15,4,7,19,14,1063,,,,field_goal,0,0,0,0
2025,14,ATL,SEA,16,4,2,9,-17,900,,base,,field_goal,0,0,0,0
2025,14,ATL,SEA,20,4,3,3,-28,313,11,nickel,5,pass,0,0,0,0
2025,14,SEA,ATL,21,4,4,48,28,31,,base,,punt,0,0,0,0
2025,14,CLE,TEN,2,4,18,93,-7,3139,,,,punt,0,0,0,0
2025,14,CLE,TEN,4,4,8,20,-7,2807,,,,field_goal,0,0,0,0
2025,14,TEN,CLE,7,4,6,50,4,2508,11,dime,,punt,0,0,0,0
2025,14,CLE,TEN,8,4,8,49,-4,2214,,,,punt,0,0,0,0
2025,14,TEN,CLE,9,4,4,67,4,2034,11,nickel,,punt,0,0,0,0
2025,14,TEN,CLE,11,4,13,56,-3,1833,11,dime,,punt,0,0,0,0
2025,14,CLE,TEN,13,4,10,52,3,1605,,,,punt,0,0,0,0
2025,14,TEN,CLE,14,4,7,72,-3,1505,11,dime,,punt,0,0,0,0
2025,14,CLE,TEN,15,4,3,65,3,1411,,,,punt,0,0,0,0
2025,14,TEN,CLE,16,4,8,74,-3,1365,11,dime,,punt,0,0,0,0
2025,14,CLE,TEN,17,4,6,73,3,1263,,,,punt,0,0,0,0
2025,14,TEN,CLE,18,4,7,53,-3,1102,11,dime,,punt,0,0,0,0
2025,14,CLE,TEN,21,4,18,85,-4,842,,,,punt,0,0,0,0
2025,14,TEN,CLE,22,4,12,54,4,676,11,dime,,punt,0,0,0,0
2025,14,CLE,TEN,25,4,15,56,-11,510,,,,punt,0,0,0,0
2025,14,TEN,CLE,26,4,4,23,11,381,,,,field_goal,0,0,0,0
2025,14,TEN,CLE,28,4,10,65,8,173,11,dime,,punt,0,0,0,0
2025,14,WAS,MIN,2,4,2,2,-7,2866,,base,6,pass,0,0,0,0
2025,14,WAS,MIN,4,4,1,67,-14,2065,,,,punt,0,0,0,0
2025,14,MIN,WAS,5,4,20,76,14,1911,,nickel,,punt,0,0,0,0
2025,14,WAS,MIN,6,4,11,55,-14,1827,,,,punt,0,0,0,0
2025,14,WAS,MIN,8,4,1,37,-14,1526,heavy,base,7,pass,11,1,0,0
2025,14,WAS,MIN,8,4,3,19,-14,1404,11,nickel,6,pass,0,0,0,1
2025,14,MIN,WAS,9,4,7,27,14,1326,,base,,field_goal,0,0,0,0
2025,14,WAS,MIN,12,4,19,79,-24,988,,,,punt,0,0,0,0
2025,14,MIN,WAS,13,4,2,2,24,691,11,nickel,6,pass,2,1,1,0
2025,14,MIN,WAS,15,4,1,35,31,123,12,nickel,7,run,10,1,0,0
2025,15,HOU,ARI,3,4,11,12,7,3423,,base,,field_goal,0,0,0,0
2025,15,ARI,HOU,4,4,17,85,-10,3330,,base,,punt,0,0,0,0
2025,15,HOU,ARI,7,4,8,37,10,2345,,base,,field_goal,0,0,0,0
2025,15,ARI,HOU,8,4,3,64,-13,2257,,,,punt,0,0,0,0
2025,15,HOU,ARI,9,4,3,3,13,1906,,base,,field_goal,0,0,0,0
2025,15,ARI,HOU,10,4,2,42,-16,1840,12,nickel,6,pass,-6,0,0,0
2025,15,HOU,ARI,11,4,3,34,16,1802,,base,,field_goal,0,0,0,0
2025,15,ARI,HOU,12,4,1,66,-16,1700,12,base,7,run,3,1,0,0
2025,15,HOU,ARI,15,4,12,15,16,818,,base,,field_goal,0,0,0,0
2025,15,ARI,HOU,16,4,5,68,-19,759,12,nickel,6,penalty,5,1,0,0
2025,15,HOU,ARI,17,4,4,47,13,534,21,base,,punt,0,0,0,0
2025,15,ARI,HOU,18,4,4,90,-13,463,,base,,punt,0,0,0,0
2025,15,ARI,HOU,20,4,18,49,-20,82,11,nickel,6,pass,4,0,0,0
2025,15,TB,ATL,1,4,10,44,0,3463,,base,,punt,0,0,0,0
2025,15,ATL,TB,2,4,8,55,0,3089,12,base,,punt,0,0,0,0
2025,15,ATL,TB,4,4,4,13,-7,2539,,base,,penalty,5,1,0,0
2025,15,TB,ATL,5,4,8,64,0,2384,,base,,punt,0,0,0,0
2025,15,ATL,TB,6,4,4,53,0,2197,12,base,,punt,0,0,0,0
2025,15,TB,ATL,7,4,8,31,0,1928,,,,field_goal,0,0,0,0
2025,15,ATL,TB,10,4,8,47,1,1603,12,base,,punt,0,0,0,0
2025,15,ATL,TB,12,4,20,41,-6,1174,12,base,,punt,0,0,0,0
2025,15,TB,ATL,13,4,12,50,6,960,,base,,punt,0,0,0,0
2025,15,TB,ATL,19,4,14,65,2,120,,base,,punt,0,0,0,0
2025,15,ATL,TB,20,4,14,57,-2,49,11,nickel,6,pass,21,1,0,0
2025,15,BAL,CIN,1,4,9,53,0,3384,,base,,punt,0,0,0,0
2025,15,CIN,BAL,2,4,19,40,0,2882,12,base,,punt,0,0,0,0
2025,15,BAL,CIN,3,4,14,89,0,2751,,base,,punt,0,0,0,0
2025,15,CIN,BAL,4,4,2,49,0,2612,11,dime,,penalty,5,1,0,0
2025,15,CIN,BAL,6,4,2,65,0,2267,12,base,,punt,0,0,0,0
2025,15,CIN,BAL,8,4,19,62,-7,1873,12,,,punt,0,0,0,0
2025,15,CIN,BAL,11,4,4,32,-14,1615,12,dime,6,pass,0,0,0,0
2025,15,BAL,CIN,12,4,3,8,14,1448,,base,,field_goal,0,0,0,0
2025,15,CIN,BAL,13,4,6,59,-17,1190,12,,,punt,0,0,0,0
2025,15,BAL,CIN,14,4,21,51,17,928,11,base,,punt,0,0,0,0
2025,15,CIN,BAL,15,4,1,78,-17,837,12,nickel,6,pass,2,1,0,0
2025,15,CIN,BAL,15,4,6,72,-17,730,12,dime,6,pass,27,1,0,0
2025,15,CIN,BAL,16,4,3,48,-24,248,12,dime,8,pass,12,1,0,0
2025,15,CIN,BAL,16,4,1,27,-24,128,12,base,9,run,0,0,0,0
2025,15,BUF,NE,2,4,5,44,-7,3257,,nickel,,punt,0,0,0,0
2025,15,NE,BUF,3,4,1,67,7,3087,,nickel,,punt,0,0,0,0
2025,15,BUF,NE,4,4,15,88,-7,2934,,nickel,,punt,0,0,0,0
2025,15,BUF,NE,6,4,8,41,-14,2439,,nickel,,punt,0,0,0,0
2025,15,NE,BUF,11,4,16,80,10,1469,,,,punt,0,0,0,0
2025,15,BUF,NE,14,4,3,45,-3,682,11,nickel,6,pass,37,1,0,0
2025,15,NE,BUF,17,4,17,80,-4,319,,,,punt,0,0,0,0
2025,15,BUF,NE,18,4,4,65,4,174,,nickel,,punt,0,0,0,0
2025,15,NE,BUF,19,4,5,78,-4,114,11,nickel,6,pass,0,0,0,0
2025,15,NO,CAR,1,4,6,68,0,3548,,,,punt,0,0,0,0
2025,15,NO,CAR,3,4,9,49,-7,2872,,,,punt,0,0,0,0
2025,15,CAR,NO,4,4,13,61,7,2700,,base,,punt,0,0,0,0
2025,15,NO,CAR,5,4,1,6,-7,2055,heavy,base,6,run,2,1,0,0
2025,15,CAR,NO,6,4,3,42,0,1878,11,nickel,5,pass,21,1,0,0
2025,15,CAR,NO,6,4,11,22,0,1825,,,,field_goal,0,0,0,0
2025,15,NO,CAR,9,4,20,24,-10,1020,,,,field_goal,0,0,0,0
2025,15,CAR,NO,10,4,1,58,7,869,11,nickel,6,run,3,1,0,0
2025,15,CAR,NO,10,4,1,35,7,660,heavy,base,7,run,0,0,0,0
2025,15,NO,CAR,11,4,1,23,-7,419,11,nickel,7,pass,0,0,0,0
2025,15,CAR,NO,12,4,1,68,7,285,,base,,punt,0,0,0,0
2025,15,CAR,NO,14,4,7,57,0,64,,base,,punt,0,0,0,0
2025,15,CHI,CLE,1,4,9,46,0,3542,,,,punt,0,0,0,0
2025,15,CLE,CHI,2,4,4,93,0,3389,11,base,,punt,0,0,0,0
2025,15,CLE,CHI,4,4,1,61,-7,3062,11,base,,punt,0,0,0,0
2025,15,CLE,CHI,6,4,9,76,-14,2656,11,base,,punt,0,0,0,0
2025,15,CHI,CLE,7,4,17,17,14,2085,,,,field_goal,0,0,0,0
2025,15,CLE,CHI,8,4,17,40,-14,1920,11,nickel,,punt,0,0,0,0
2025,15,CHI,CLE,9,4,1,81,14,1881,,,,punt,0,0,0,0
2025,15,CLE,CHI,10,4,15,67,-14,1852,11,base,,punt,0,0,0,0
2025,15,CHI,CLE,11,4,3,42,14,1803,11,dime,4,pass,16,1,0,0
2025,15,CLE,CHI,12,4,10,80,-14,1753,11,base,,punt,0,0,0,0
2025,15,CHI,CLE,13,4,3,46,14,1640,11,nickel,6,pass,-6,0,0,0
2025,15,CLE,CHI,14,4,10,32,-14,1508,,base,,field_goal,0,0,0,0
2025,15,CHI,CLE,15,4,7,58,11,1442,,nickel,,punt,0,0,0,0
2025,15,CLE,CHI,20,4,19,89,-25,900,11,base,,punt,0,0,0,0
2025,15,CHI,CLE,21,4,23,54,25,717,,base,,punt,0,0,0,0
2025,15,CHI,CLE,23,4,11,23,25,455,,,,field_goal,0,0,0,0
2025,15,CLE,CHI,24,4,8,8,-28,19,12,dime,4,pass,-5,0,0,0
2025,15,DET,LA,1,4,4,25,0,3376,,base,,field_goal,0,0,0,0
2025,15,LA,DET,4,4,4,45,-7,3034,11,nickel,4,pass,6,1,0,0
2025,15,LA,DET,4,4,8,37,-7,2954,11,nickel,5,pass,10,1,0,0
2025,15,DET,LA,5,4,6,6,0,2527,,base,,field_goal,0,0,0,0
2025,15,LA,DET,8,4,5,55,-3,2001,heavy,base,,punt,0,0,0,0
2025,15,DET,LA,9,4,1,71,3,1920,heavy,base,8,pass,14,1,0,0
2025,15,LA,DET,11,4,1,25,-7,1574,heavy,base,7,run,1,1,0,0
2025,15,LA,DET,11,4,12,26,-7,1451,,base,,field_goal,0,0,0,0
2025,15,DET,LA,12,4,5,60,4,1308,21,base,,punt,0,0,0,0
2025,15,DET,LA,14,4,22,90,-3,988,21,base,,punt,0,0,0,0
2025,15,DET,LA,16,4,7,62,-10,848,21,base,,punt,0,0,0,0
2025,15,LA,DET,17,4,3,73,10,756,11,base,,punt,0,0,0,0
2025,15,DET,LA,18,4,1,37,-10,634,11,base,7,pass,11,1,0,0
2025,15,DET,LA,18,4,14,30,-10,478,,base,,field_goal,0,0,0,0
2025,15,DET,LA,20,4,4,4,-14,170,11,nickel,6,penalty,3,1,0,0
2025,15,LA,DET,21,4,9,52,7,23,heavy,base,,punt,0,0,0,0
2025,15,GB,DEN,2,4,1,43,0,3281,11,nickel,7,run,1,1,0,0
2025,15,GB,DEN,2,4,3,35,0,3126,,base,,field_goal,0,0,0,0
2025,15,DEN,GB,3,4,4,54,-3,3007,,base,,punt,0,0,0,0
2025,15,GB,DEN,4,4,6,8,3,2654,,base,,field_goal,0,0,0,0
2025,15,DEN,GB,11,4,9,70,-9,1683,11,base,,punt,0,0,0,0
2025,15,GB,DEN,14,4,20,57,2,1200,,nickel,,punt,0,0,0,0
2025,15,DEN,GB,15,4,1,61,-2,1097,11,base,7,run,2,1,0,0
2025,15,GB,DEN,16,4,11,19,-4,658,,base,,field_goal,0,0,0,0
2025,15,DEN,GB,17,4,2,41,1,543,11,nickel,6,pass,26,1,0,0
2025,15,DEN,GB,19,4,3,45,8,304,,nickel,6,pass,0,0,0,0
2025,15,GB,DEN,20,4,9,43,-8,153,11,nickel,6,pass,-11,0,0,0
2025,15,DEN,GB,21,4,1,37,8,72,,base,8,run,-1,0,0,0
2025,15,GB,DEN,22,4,15,67,-8,50,11,dime,5,pass,0,0,0,0
2025,15,IND,SEA,1,4,10,45,0,3369,12,,,punt,0,0,0,0
2025,15,SEA,IND,2,4,3,83,0,3245,11,,,punt,0,0,0,0
2025,15,IND,SEA,3,4,5,24,0,2924,,base,,field_goal,0,0,0,0
2025,15,SEA,IND,4,4,5,28,-3,2754,,base,,field_goal,0,0,0,0
2025,15,IND,SEA,5,4,5,60,0,2697,12,,,punt,0,0,0,0
2025,15,SEA,IND,6,4,15,90,0,2578,11,,,punt,0,0,0,0
2025,15,IND,SEA,7,4,5,36,0,2311,,base,,field_goal,0,0,0,0
2025,15,SEA,IND,8,4,20,92,-3,2156,11,,,punt,0,0,0,0
2025,15,SEA,IND,10,4,4,34,-10,1805,,base,,field_goal,0,0,0,0
2025,15,SEA,IND,11,4,4,38,-7,1580,,dime,6,pass,7,1,0,0
2025,15,SEA,IND,11,4,7,28,-7,1493,,base,,field_goal,0,0,0,0
2025,15,IND,SEA,12,4,9,54,4,1392,12,,,punt,0,0,0,0
2025,15,SEA,IND,13,4,4,74,-4,1255,11,,,punt,0,0,0,0
2025,15,IND,SEA,14,4,5,59,4,1063,12,,,punt,0,0,0,0
2025,15,SEA,IND,15,4,7,14,-4,808,,base,,field_goal,0,0,0,0
2025,15,IND,SEA,16,4,8,42,1,496,12,,,punt,0,0,0,0
2025,15,SEA,IND,17,4,7,12,-1,150,,base,,field_goal,0,0,0,0
2025,15,IND,SEA,18,4,3,42,-2,52,,base,,field_goal,0,0,0,0
2025,15,SEA,IND,19,4,2,38,-1,22,,base,,field_goal,0,0,0,0
2025,15,LAC,KC,2,4,1,30,-7,2855,,,,field_goal,0,0,0,0
2025,15,KC,LAC,3,4,8,66,4,2764,,nickel,,punt,0,0,0,0
2025,15,LAC,KC,4,4,6,75,-4,2620,11,nickel,,punt,0,0,0,0
2025,15,KC,LAC,5,4,9,63,4,2527,,nickel,,punt,0,0,0,0
2025,15,KC,LAC,7,4,9,9,4,2287,,,,field_goal,0,0,0,0
2025,15,LAC,KC,8,4,1,48,-7,2074,11,base,5,penalty,5,1,0,0
2025,15,LAC,KC,8,4,14,47,-7,1977,11,nickel,,punt,0,0,0,0
2025,15,KC,LAC,9,4,4,29,7,1842,,,,field_goal,0,0,0,0
2025,15,LAC,KC,12,4,5,5,-3,1438,,,,field_goal,0,0,0,0
2025,15,KC,LAC,13,4,21,82,0,1381,,nickel,,punt,0,0,0,0
2025,15,LAC,KC,14,4,16,60,0,1203,11,nickel,,punt,0,0,0,0
2025,15,KC,LAC,15,4,3,81,0,1118,,base,,punt,0,0,0,0
2025,15,LAC,KC,16,4,7,31,0,957,,,,field_goal,0,0,0,0
2025,15,LAC,KC,18,4,7,44,3,329,11,nickel,,punt,0,0,0,0
2025,15,LV,PHI,2,4,6,33,-7,2779,12,nickel,6,pass,0,0,0,0
2025,15,PHI,LV,3,4,8,8,7,2573,,,,field_goal,0,0,0,0
2025,15,LV,PHI,4,4,7,66,-10,2519,,,,punt,0,0,0,0
2025,15,PHI,LV,5,4,6,71,10,2423,heavy,base,,punt,0,0,0,0
2025,15,LV,PHI,6,4,12,74,-10,2296,,,,punt,0,0,0,0
2025,15,LV,PHI,8,4,8,54,-17,1836,,,,punt,0,0,0,0
2025,15,LV,PHI,12,4,20,78,-24,1070,,,,punt,0,0,0,0
2025,15,LV,PHI,14,4,16,74,-31,807,,,,punt,0,0,0,0
2025,15,PHI,LV,15,4,1,1,31,120,heavy,base,7,run,-1,0,0,0
2025,15,MIA,PIT,1,4,7,50,0,3466,11,base,,punt,0,0,0,0
2025,15,PIT,MIA,2,4,1,71,0,3326,,base,,punt,0,0,0,0
2025,15,PIT,MIA,4,4,1,72,0,3056,heavy,base,7,run,2,1,0,0
2025,15,PIT,MIA,4,4,3,41,0,2839,11,nickel,5,pass,9,1,0,0
2025,15,PIT,MIA,4,4,20,42,0,2700,,base,,punt,0,0,0,0
2025,15,MIA,PIT,5,4,5,65,0,2472,11,base,,punt,0,0,0,0
2025,15,PIT,MIA,6,4,10,71,0,2324,,base,,punt,0,0,0,0
2025,15,MIA,PIT,7,4,5,36,0,2117,,,,field_goal,0,0,0,0
2025,15,PIT,MIA,8,4,1,15,-3,1906,heavy,base,7,run,1,1,0,0
2025,15,MIA,PIT,11,4,18,68,-11,1456,11,base,,punt,0,0,0,0
2025,15,MIA,PIT,13,4,22,83,-18,1104,11,base,,punt,0,0,0,0
2025,15,PIT,MIA,16,4,1,55,19,456,,base,,punt,0,0,0,0
2025,15,PIT,MIA,18,4,13,53,13,134,,base,,punt,0,0,0,0
2025,15,MIA,PIT,19,4,2,89,-13,67,11,nickel,4,pass,6,1,0,0
2025,15,DAL,MIN,2,4,4,29,0,3461,,,,run,6,1,0,0
2025,15,DAL,MIN,2,4,1,2,0,3223,12,base,7,run,1,1,0,0
2025,15,MIN,DAL,3,4,2,68,-7,2983,,,,punt,0,0,0,0
2025,15,DAL,MIN,4,4,2,89,7,2896,12,,,punt,0,0,0,0
2025,15,MIN,DAL,7,4,1,1,-7,2374,12,,8,run,1,1,1,0
2025,15,DAL,MIN,8,4,3,50,0,2280,11,nickel,6,pass,17,1,0,0
2025,15,DAL,MIN,8,4,10,33,0,2156,,,,field_goal,0,0,0,0
2025,15,MIN,DAL,9,4,10,11,0,1912,,,,field_goal,0,0,0,0
2025,15,DAL,MIN,10,4,7,19,-3,1808,,,,field_goal,0,0,0,0
2025,15,DAL,MIN,12,4,7,8,0,1577,,,,field_goal,0,0,0,0
2025,15,MIN,DAL,13,4,9,57,-3,1517,,nickel,,punt,0,0,0,0
2025,15,DAL,MIN,14,4,8,23,3,1194,,,,field_goal,0,0,0,0
2025,15,MIN,DAL,15,4,3,37,-6,1069,11,nickel,7,pass,23,1,0,0
2025,15,DAL,MIN,16,4,8,41,-1,744,,,,field_goal,0,0,0,0
2025,15,DAL,MIN,18,4,7,45,-8,335,11,nickel,5,pass,6,0,0,0
2025,15,MIN,DAL,19,4,1,52,8,201,11,nickel,7,run,4,1,0,0
2025,15,MIN,DAL,19,4,15,35,8,73,,,,field_goal,0,0,0,0
2025,15,NYJ,JAX,2,4,1,56,-7,3229,12,base,8,run,-6,0,0,0
2025,15,NYJ,JAX,6,4,9,42,-14,2450,,base,,punt,0,0,0,0
2025,15,JAX,NYJ,7,4,18,98,14,2395,,,,punt,0,0,0,0
2025,15,NYJ,JAX,8,4,10,23,-14,2107,,,,field_goal,0,0,0,0
2025,15,JAX,NYJ,9,4,10,15,11,1897,,,,field_goal,0,0,0,0
2025,15,NYJ,JAX,13,4,12,33,-21,1552,,,,field_goal,0,0,0,0
2025,15,NYJ,JAX,15,4,3,58,-25,1185,11,nickel,7,pass,0,0,0,0
2025,15,JAX,NYJ,16,4,4,4,25,1006,,,,field_goal,0,0,0,0
2025,15,NYJ,JAX,19,4,9,54,-28,643,21,base,,punt,0,0,0,0
2025,15,JAX,NYJ,22,4,1,71,28,314,,,,punt,0,0,0,0
2025,15,NYJ,JAX,23,4,7,52,-28,123,11,nickel,6,pass,10,1,0,0
2025,15,TEN,SF,1,4,6,66,0,3539,21,nickel,,punt,0,0,0,0
2025,15,TEN,SF,3,4,7,7,-7,2786,,base,,field_goal,0,0,0,0
2025,15,SF,TEN,6,4,11,15,4,1860,,,,field_goal,0,0,0,0
2025,15,TEN,SF,9,4,6,61,-14,1597,21,nickel,,punt,0,0,0,0
2025,15,SF,TEN,10,4,1,33,14,1277,11,base,7,run,2,1,0,0
2025,15,TEN,SF,11,4,15,70,-21,923,21,nickel,,punt,0,0,0,0
2025,15,SF,TEN,14,4,3,33,14,682,,,,penalty,15,1,0,0
2025,15,SF,TEN,14,4,11,19,14,572,,,,field_goal,0,0,0,0
2025,15,TEN,SF,15,4,1,8,-17,372,12,base,7,run,2,1,0,0
2025,15,SF,TEN,16,4,1,22,10,74,,,,field_goal,0,0,0,0
2025,15,TEN,SF,17,4,4,59,-13,16,11,nickel,6,pass,9,1,0,0
2025,15,WAS,NYG,1,4,9,28,0,3266,,base,,field_goal,0,0,0,0
2025,15,NYG,WAS,2,4,6,33,-3,3124,,base,,field_goal,0,0,0,0
2025,15,WAS,NYG,3,4,13,38,3,2840,,nickel,,punt,0,0,0,0
2025,15,NYG,WAS,4,4,1,82,-3,2743,,nickel,,punt,0,0,0,0
2025,15,NYG,WAS,6,4,7,61,-10,2536,,nickel,,punt,0,0,0,0
2025,15,WAS,NYG,7,4,6,21,10,2311,,base,,field_goal,0,0,0,0
2025,15,WAS,NYG,9,4,16,83,6,1914,,nickel,,punt,0,0,0,0
2025,15,NYG,WAS,10,4,20,85,-6,1880,,nickel,,punt,0,0,1,0
2025,15,WAS,NYG,14,4,3,64,8,1456,,nickel,,punt,0,0,0,0
2025,15,NYG,WAS,15,4,4,75,-8,1352,,nickel,,punt,0,0,0,0
2025,15,WAS,NYG,16,4,3,57,8,1266,,nickel,,punt,0,0,0,0
2025,15,NYG,WAS,17,4,1,60,-8,1064,12,base,7,pass,12,1,0,0
2025,15,NYG,WAS,17,4,18,33,-8,900,,base,,field_goal,0,0,0,0
2025,15,NYG,WAS,19,4,4,4,-15,627,11,nickel,5,pass,0,0,0,0
2025,15,NYG,WAS,21,4,5,16,-15,229,11,nickel,6,pass,16,1,1,0
2025,15,NYG,WAS,23,4,8,38,-8,103,11,dime,5,pass,0,0,0,0
2025,16,ARI,ATL,1,4,2,31,0,3471,,base,,field_goal,0,0,0,0
2025,16,ATL,ARI,2,4,6,39,-3,3305,12,nickel,6,pass,0,0,0,1
2025,16,ATL,ARI,4,4,15,31,-10,2842,,base,,field_goal,0,0,0,0
2025,16,ARI,ATL,5,4,2,33,7,2612,,base,,field_goal,0,0,0,0
2025,16,ARI,ATL,7,4,6,6,3,2106,,base,,field_goal,0,0,0,0
2025,16,ATL,ARI,8,4,1,28,-6,1920,12,base,7,run,2,1,0,0
2025,16,ATL,ARI,10,4,2,36,0,1472,11,nickel,6,pass,10,1,0,0
2025,16,ATL,ARI,10,4,5,21,0,1349,,base,,field_goal,0,0,0,0
2025,16,ARI,ATL,11,4,11,26,-3,1126,,base,,field_goal,0,0,0,0
2025,16,ARI,ATL,13,4,15,76,-10,655,heavy,base,,punt,0,0,0,0
2025,16,ATL,ARI,14,4,1,46,10,445,heavy,base,7,run,0,0,0,1
2025,16,ARI,ATL,15,4,8,16,-10,281,,base,,field_goal,0,0,0,0
2025,16,ATL,ARI,16,4,1,39,7,134,12,base,7,run,0,0,0,0
2025,16,CLE,BUF,5,4,6,6,-6,2141,,base,,field_goal,0,0,0,0
2025,16,CLE,BUF,7,4,12,62,-10,1909,11,base,,punt,0,0,0,0
2025,16,BUF,CLE,8,4,22,98,10,1817,,nickel,,punt,0,0,0,0
2025,16,BUF,CLE,10,4,2,62,10,1676,,nickel,,punt,0,0,0,0
2025,16,BUF,CLE,12,4,8,23,10,1481,,,,field_goal,0,0,0,0
2025,16,BUF,CLE,14,4,4,33,6,815,11,nickel,6,pass,0,0,0,0
2025,16,CLE,BUF,15,4,10,23,-6,530,,base,,field_goal,0,0,0,0
2025,16,BUF,CLE,16,4,22,77,3,433,,nickel,,punt,0,0,0,0
2025,16,CLE,BUF,17,4,2,56,-3,308,11,nickel,6,pass,-13,0,0,0
2025,16,BUF,CLE,18,4,1,11,3,173,heavy,base,8,pass,0,0,0,0
2025,16,CLE,BUF,19,4,32,99,-3,109,11,base,,punt,0,0,0,0
2025,16,CIN,MIA,1,4,13,68,0,3438,12,base,,punt,0,0,0,0
2025,16,MIA,CIN,2,4,3,53,0,3185,11,base,,punt,0,0,0,0
2025,16,CIN,MIA,5,4,7,62,0,2700,12,base,,punt,0,0,0,0
2025,16,MIA,CIN,6,4,6,62,0,2510,11,base,,punt,0,0,0,0
2025,16,CIN,MIA,7,4,13,27,0,2166,,base,,field_goal,0,0,0,0
2025,16,MIA,CIN,10,4,5,55,-3,1848,11,base,,punt,0,0,0,0
2025,16,CIN,MIA,13,4,1,25,3,1572,12,nickel,6,run,1,1,0,0
2025,16,MIA,CIN,16,4,1,47,-17,1234,heavy,base,7,run,0,0,0,0
2025,16,MIA,CIN,20,4,5,64,-31,694,11,base,,punt,0,0,0,0
2025,16,CIN,MIA,21,4,4,48,31,560,12,base,,punt,0,0,0,0
2025,16,CIN,MIA,23,4,4,63,24,120,12,base,,punt,0,0,0,0
2025,16,MIA,CIN,24,4,1,55,-24,17,11,nickel,7,run,3,1,0,0
2025,16,GB,CHI,1,4,1,7,0,3291,11,nickel,6,pass,0,0,0,0
2025,16,CHI,GB,2,4,1,4,0,2935,heavy,base,8,run,0,0,0,0
2025,16,GB,CHI,3,4,8,8,0,2569,,base,,field_goal,0,0,0,0
2025,16,CHI,GB,4,4,13,45,-3,2381,11,base,,punt,0,0,0,0
2025,16,GB,CHI,5,4,1,59,3,2152,11,nickel,6,run,13,1,0,0
2025,16,GB,CHI,5,4,4,4,3,1905,,base,,field_goal,0,0,0,0
2025,16,CHI,GB,6,4,9,50,-6,1851,11,base,,punt,0,0,0,0
2025,16,CHI,GB,8,4,8,28,-6,1637,,,,field_goal,0,0,0,0
2025,16,CHI,GB,10,4,4,79,-3,1165,11,base,,punt,0,0,0,0
2025,16,CHI,GB,12,4,19,33,-10,657,,,,field_goal,0,0,0,0
2025,16,GB,CHI,13,4,4,10,7,306,,base,,field_goal,0,0,0,0
2025,16,CHI,GB,14,4,1,48,-10,240,12,base,5,run,12,1,0,0
2025,16,CHI,GB,14,4,4,25,-10,124,,,,field_goal,0,0,0,0
2025,16,CHI,GB,15,4,4,6,-7,28,11,nickel,7,pass,6,1,1,0
2025,16,GB,CHI,17,4,1,36,0,374,11,nickel,8,run,0,0,0,0
2025,16,JAX,DEN,1,4,5,66,0,3513,11,nickel,,punt,0,0,0,0
2025,16,DEN,JAX,2,4,3,85,0,3422,11,base,,punt,0,0,0,0
2025,16,JAX,DEN,3,4,10,59,0,3293,11,nickel,,punt,0,0,0,0
2025,16,DEN,JAX,4,4,1,62,0,3187,12,base,6,run,1,1,0,0
2025,16,DEN,JAX,4,4,6,26,0,3015,,base,,field_goal,0,0,0,0
2025,16,JAX,DEN,7,4,26,88,0,2486,11,nickel,,punt,0,0,0,0
2025,16,DEN,JAX,8,4,4,36,0,2354,,base,,field_goal,0,0,0,0
2025,16,DEN,JAX,10,4,4,46,-4,1915,11,base,,punt,0,0,0,0
2025,16,DEN,JAX,14,4,13,53,-7,1272,11,base,,punt,0,0,0,0
2025,16,JAX,DEN,17,4,7,7,14,818,,base,,field_goal,0,0,0,0
2025,16,DEN,JAX,18,4,3,3,-17,647,,base,,field_goal,0,0,0,0
2025,16,JAX,DEN,19,4,10,67,14,583,11,base,,punt,0,0,0,0
2025,16,DEN,JAX,20,4,2,41,-14,492,11,dime,6,pass,0,0,0,1
2025,16,JAX,DEN,21,4,6,54,14,261,11,base,,punt,0,0,0,0
2025,16,DEN,JAX,22,4,11,45,-14,138,11,dime,5,pass,0,0,0,0
2025,16,JAX,DEN,23,4,5,38,14,104,11,base,,punt,0,0,0,0
2025,16,KC,TEN,1,4,12,74,0,3474,,,,punt,0,0,0,0
2025,16,TEN,KC,2,4,1,44,0,3318,12,base,8,pass,0,0,0,0
2025,16,KC,TEN,3,4,7,52,0,3211,,,,punt,0,0,0,0
2025,16,TEN,KC,4,4,17,53,0,2847,21,nickel,,punt,0,0,0,0
2025,16,KC,TEN,5,4,10,71,0,2693,,,,punt,0,0,0,0
2025,16,TEN,KC,6,4,11,59,0,2599,21,nickel,,punt,0,0,0,0
2025,16,TEN,KC,8,4,10,48,2,2510,21,nickel,,punt,0,0,0,0
2025,16,KC,TEN,9,4,4,36,-2,2265,,,,field_goal,0,0,0,0
2025,16,KC,TEN,14,4,4,33,-10,1367,,,,field_goal,0,0,0,0
2025,16,TEN,KC,15,4,1,50,10,1289,11,nickel,6,run,0,0,0,0
2025,16,KC,TEN,16,4,9,9,-10,1084,,,,field_goal,0,0,0,0
2025,16,TEN,KC,17,4,1,33,7,854,,,,penalty,5,1,0,0
2025,16,KC,TEN,18,4,24,98,-14,614,,,,punt,0,0,0,0
2025,16,TEN,KC,19,4,9,9,14,227,,,,field_goal,0,0,0,0
2025,16,KC,TEN,20,4,29,84,-17,120,,,,punt,0,0,0,0
2025,16,DAL,LAC,1,4,2,39,0,3419,11,nickel,6,pass,28,1,0,0
2025,16,DAL,LAC,3,4,14,15,0,2647,,,,field_goal,0,0,0,0
2025,16,LAC,DAL,8,4,5,19,4,1615,,,,field_goal,0,0,0,0
2025,16,DAL,LAC,9,4,4,59,-7,1450,12,base,,punt,0,0,0,0
2025,16,LAC,DAL,10,4,1,74,7,1353,11,,,punt,0,0,0,0
2025,16,DAL,LAC,11,4,1,16,-7,1038,,base,7,run,0,0,0,0
2025,16,LAC,DAL,12,4,5,8,7,540,,,,field_goal,0,0,0,0
2025,16,DAL,LAC,13,4,10,54,-10,425,11,dime,4,pass,0,0,0,0
2025,16,LA,SEA,1,4,1,62,0,3516,heavy,base,8,run,3,1,0,0
2025,16,LA,SEA,1,4,1,39,0,3295,heavy,base,8,run,0,0,0,0
2025,16,LA,SEA,3,4,5,30,-7,2966,11,dime,6,pass,6,1,0,0
2025,16,LA,SEA,3,4,5,5,-7,2805,,base,,field_goal,0,0,0,0
2025,16,SEA,LA,4,4,1,56,4,2765,,base,,punt,0,0,0,0
2025,16,LA,SEA,5,4,7,10,-4,2569,,base,,field_goal,0,0,0,0
2025,16,SEA,LA,6,4,8,63,1,2440,,base,,punt,0,0,0,0
2025,16,LA,SEA,11,4,8,22,-1,1420,,base,,field_goal,0,0,0,0
2025,16,SEA,LA,14,4,14,47,-9,1119,,base,,punt,0,0,0,0
2025,16,LA,SEA,17,4,6,85,16,498,11,,,punt,0,0,1,0
2025,16,LA,SEA,18,4,7,75,8,429,11,,,punt,0,0,0,0
2025,16,LA,SEA,20,4,3,67,0,294,11,,,punt,0,0,0,0
2025,16,SEA,LA,21,4,4,71,0,205,,base,,punt,0,0,0,0
2025,16,LA,SEA,22,4,8,29,0,131,,base,,field_goal,0,0,0,0
2025,16,SEA,LA,23,4,17,69,0,110,,base,,punt,0,0,0,0
2025,16,LA,SEA,24,4,10,51,0,49,heavy,,,punt,0,0,0,0
2025,16,LV,HOU,1,4,10,71,0,3577,,,,punt,0,0,0,0
2025,16,HOU,LV,2,4,8,62,0,3430,21,base,,punt,0,0,0,0
2025,16,LV,HOU,4,4,1,66,-7,3197,,,,punt,0,0,0,0
2025,16,HOU,LV,5,4,4,76,7,3142,heavy,base,,punt,0,0,0,0
2025,16,LV,HOU,6,4,6,61,-7,2905,,,,punt,0,0,0,0
2025,16,HOU,LV,7,4,11,85,7,2777,heavy,base,,punt,0,0,0,0
2025,16,HOU,LV,9,4,3,37,0,2357,,,,field_goal,0,0,0,0
2025,16,LV,HOU,10,4,4,58,-3,2127,,,,punt,0,0,0,0
2025,16,HOU,LV,11,4,5,32,3,1854,,,,field_goal,0,0,0,0
2025,16,LV,HOU,12,4,3,62,-6,1825,,,,punt,0,0,0,0
2025,16,HOU,LV,14,4,8,68,6,1704,heavy,base,,punt,0,0,0,0
2025,16,HOU,LV,16,4,18,78,-1,1364,heavy,base,,punt,0,0,0,0
2025,16,LV,HOU,17,4,17,78,1,1268,,,,punt,0,0,0,0
2025,16,HOU,LV,18,4,1,31,-1,1094,,,,field_goal,0,0,0,0
2025,16,LV,HOU,19,4,3,46,-2,826,,,,punt,0,0,0,0
2025,16,MIN,NYG,1,4,4,25,0,3354,,base,,field_goal,0,0,0,0
2025,16,NYG,MIN,2,4,5,10,-3,3021,,nickel,6,pass,-5,0,0,0
2025,16,NYG,MIN,4,4,8,9,-3,2468,,,,field_goal,0,0,0,0
2025,16,MIN,NYG,5,4,1,47,0,2248,11,nickel,6,penalty,15,1,0,0
2025,16,MIN,NYG,5,4,13,13,0,2093,,base,,field_goal,0,0,0,0
2025,16,NYG,MIN,8,4,14,74,-10,1864,,,,punt,0,0,0,0
2025,16,NYG,MIN,11,4,5,63,-3,1575,,,,punt,0,0,0,0
2025,16,MIN,NYG,12,4,6,44,3,1235,,base,,punt,0,0,0,0
2025,16,NYG,MIN,13,4,2,54,-3,1019,12,nickel,6,pass,8,1,0,0
2025,16,NYG,MIN,13,4,10,21,-3,670,,,,field_goal,0,0,0,0
2025,16,MIN,NYG,14,4,3,12,0,258,,,,field_goal,0,0,0,0
2025,16,NYG,MIN,15,4,3,53,-3,125,11,nickel,7,pass,-8,0,0,0
2025,16,NE,BAL,2,4,1,17,-7,3221,11,,7,run,2,1,0,0
2025,16,BAL,NE,5,4,9,64,0,2432,,nickel,,punt,0,0,0,0
2025,16,NE,BAL,6,4,12,27,0,2144,,base,,field_goal,0,0,0,0
2025,16,BAL,NE,7,4,5,18,-3,1867,,base,,field_goal,0,0,0,0
2025,16,NE,BAL,10,4,11,71,0,1754,,,,punt,0,0,0,0
2025,16,BAL,NE,11,4,9,38,0,1543,,base,,field_goal,0,0,0,0
2025,16,NE,BAL,12,4,2,22,0,1367,,base,,field_goal,0,0,0,0
2025,16,NE,BAL,14,4,10,56,-4,1021,,,,pass,0,0,0,0
2025,16,BAL,NE,17,4,9,56,3,312,,nickel,,punt,0,0,0,0
2025,16,NE,BAL,18,4,2,48,-3,182,11,dime,6,pass,21,1,0,0
2025,16,NYJ,NO,2,4,8,11,0,3342,,,,field_goal,0,0,0,0
2025,16,NO,NYJ,3,4,4,17,-3,3095,,,,field_goal,0,0,0,0
2025,16,NYJ,NO,4,4,5,65,0,2908,,base,,punt,0,0,0,0
2025,16,NO,NYJ,5,4,16,31,0,2663,,,,field_goal,0,0,0,0
2025,16,NYJ,NO,6,4,8,18,-3,2561,,,,field_goal,0,0,0,0
2025,16,NO,NYJ,7,4,1,55,0,2395,12,base,7,run,0,0,0,0
2025,16,NYJ,NO,8,4,12,47,0,2245,,base,,punt,0,0,0,0
2025,16,NO,NYJ,9,4,1,67,0,2134,,base,7,run,2,1,0,0
2025,16,NO,NYJ,9,4,5,18,0,1894,,,,field_goal,0,0,0,0
2025,16,NYJ,NO,10,4,19,63,-3,1861,,base,,punt,0,0,0,0
2025,16,NO,NYJ,11,4,10,43,3,1803,,,,field_goal,0,0,0,0
2025,16,NYJ,NO,12,4,16,60,-3,1600,,base,,punt,0,0,0,0
2025,16,NO,NYJ,13,4,13,76,3,1508,,base,,punt,0,0,0,0
2025,16,NYJ,NO,14,4,12,62,-3,1272,,base,,punt,0,0,0,0
2025,16,NO,NYJ,17,4,8,32,10,674,,,,field_goal,0,0,0,0
2025,16,NYJ,NO,18,4,6,39,-13,557,11,nickel,6,pass,0,0,0,1
2025,16,NO,NYJ,19,4,11,21,13,322,,,,field_goal,0,0,0,0
2025,16,NYJ,NO,20,4,13,68,-16,218,11,nickel,5,pass,26,1,0,0
2025,16,NYJ,NO,20,4,10,42,-16,175,11,dime,5,pass,-14,0,0,0
2025,16,NYJ,NO,22,4,7,65,-23,52,11,nickel,6,pass,17,1,0,0
2025,16,WAS,PHI,2,4,2,2,0,3402,,base,,field_goal,0,0,0,0
2025,16,PHI,WAS,3,4,6,64,-3,3272,heavy,nickel,,punt,0,0,0,0
2025,16,WAS,PHI,4,4,14,76,3,3075,,,,punt,0,0,0,0
2025,16,WAS,PHI,6,4,11,57,-4,2700,,,,punt,0,0,0,0
2025,16,PHI,WAS,7,4,11,25,4,2350,,base,,field_goal,0,0,0,0
2025,16,WAS,PHI,8,4,1,2,-4,2114,12,base,7,run,1,1,0,0
2025,16,PHI,WAS,9,4,4,39,-3,1818,,base,,penalty,5,1,0,0
2025,16,WAS,PHI,11,4,10,44,3,1749,,base,,punt,0,0,0,0
2025,16,PHI,WAS,12,4,7,38,-3,1434,11,dime,5,penalty,5,1,0,0
2025,16,WAS,PHI,15,4,4,60,-11,557,,base,,punt,0,0,0,0
2025,16,PHI,WAS,16,4,8,78,11,501,heavy,dime,,punt,0,0,0,0
2025,16,WAS,PHI,17,4,6,56,-11,404,,base,,punt,0,0,0,0
2025,16,DET,PIT,1,4,11,73,0,3497,21,base,,punt,0,0,0,0
2025,16,PIT,DET,2,4,14,41,0,3266,,,,field_goal,0,0,0,0
2025,16,DET,PIT,3,4,3,3,-3,2835,12,,7,pass,0,0,0,0
2025,16,PIT,DET,4,4,10,66,3,2621,,base,,punt,0,0,0,0
2025,16,DET,PIT,5,4,11,18,-3,2413,,,,field_goal,0,0,0,0
2025,16,PIT,DET,6,4,3,65,0,2284,,base,,punt,0,0,0,0
2025,16,DET,PIT,7,4,10,85,0,2186,21,base,,punt,0,0,0,0
2025,16,PIT,DET,8,4,10,79,0,2053,,base,,punt,0,0,0,0
2025,16,PIT,DET,14,4,2,42,2,1307,11,base,6,pass,7,1,0,0
2025,16,PIT,DET,14,4,1,11,2,1066,heavy,,9,run,9,1,0,0
2025,16,PIT,DET,14,4,5,5,2,900,,base,,field_goal,0,0,0,0
2025,16,DET,PIT,15,4,15,91,-5,873,21,base,,punt,0,0,0,0
2025,16,DET,PIT,17,4,2,27,-12,525,11,nickel,6,pass,27,1,1,0
2025,16,PIT,DET,20,4,8,18,5,129,,base,,field_goal,0,0,0,0
2025,16,DET,PIT,21,4,2,65,-5,90,11,nickel,6,penalty,14,1,0,0
2025,16,SF,IND,6,4,1,48,0,2559,12,nickel,6,run,2,1,0,0
2025,16,IND,SF,7,4,2,72,-7,2236,12,,,punt,0,0,0,0
2025,16,SF,IND,8,4,6,7,7,1915,,base,,field_goal,0,0,0,0
2025,16,IND,SF,9,4,4,21,-10,1821,,,,field_goal,0,0,0,0
2025,16,IND,SF,12,4,8,33,-14,1401,,base,,field_goal,0,0,0,0
2025,16,SF,IND,13,4,7,19,11,1147,,base,,field_goal,0,0,0,0
2025,16,IND,SF,16,4,25,95,-14,392,11,base,,punt,0,0,0,0
2025,16,IND,SF,19,4,1,56,-21,120,11,nickel,6,pass,0,0,0,0
2025,16,CAR,TB,1,4,6,9,0,3334,,base,,field_goal,0,0,0,0
2025,16,CAR,TB,3,4,20,59,-4,2728,,base,,punt,0,0,0,0
2025,16,TB,CAR,4,4,4,30,4,2540,,,,penalty,15,1,0,0
2025,16,TB,CAR,4,4,5,5,4,2293,,,,field_goal,0,0,0,0
2025,16,CAR,TB,5,4,2,57,-7,2254,,base,,punt,0,0,0,0
2025,16,TB,CAR,6,4,22,91,7,2075,11,,,punt,0,0,0,0
2025,16,CAR,TB,7,4,10,23,-7,1930,,base,,field_goal,0,0,0,0
2025,16,TB,CAR,8,4,12,69,4,1877,11,,,punt,0,0,0,0
2025,16,TB,CAR,13,4,13,32,-3,689,,,,field_goal,0,0,0,0
2025,16,CAR,TB,14,4,12,56,0,482,,base,,punt,0,0,0,0
2025,16,TB,CAR,15,4,17,56,0,297,11,,,punt,0,0,0,0
2025,16,CAR,TB,16,4,7,30,0,144,,base,,field_goal,0,0,0,0
2025,17,ARI,CIN,2,4,4,59,-7,3178,12,base,,punt,0,0,0,0
2025,17,CIN,ARI,3,4,1,2,7,2708,12,base,9,run,1,1,0,0
2025,17,CIN,ARI,5,4,15,70,6,2424,12,base,,punt,0,0,0,0
2025,17,ARI,CIN,6,4,8,65,-6,2357,12,base,,punt,0,0,0,0
2025,17,CIN,ARI,7,4,7,38,6,2005,,base,,field_goal,0,0,0,0
2025,17,ARI,CIN,8,4,8,71,-9,1953,12,base,,punt,0,0,0,0
2025,17,ARI,CIN,10,4,20,70,-16,1825,12,base,,punt,0,0,0,0
2025,17,ARI,CIN,12,4,13,71,-16,1749,12,base,,punt,0,0,0,0
2025,17,ARI,CIN,14,4,9,82,-23,1294,12,base,,punt,0,0,0,0
2025,17,ARI,CIN,16,4,6,55,-30,869,11,dime,5,pass,23,1,0,0
2025,17,ARI,CIN,16,4,7,18,-30,734,11,dime,7,pass,4,0,0,0
2025,17,CIN,ARI,17,4,4,45,30,388,12,base,,punt,0,0,0,0
2025,17,ARI,CIN,18,4,3,40,-30,174,12,nickel,6,pass,15,1,0,0
2025,17,ARI,CIN,18,4,3,18,-30,116,12,nickel,6,pass,18,1,1,0
2025,17,GB,BAL,4,4,1,66,-7,2485,,nickel,6,run,0,0,0,0
2025,17,BAL,GB,5,4,4,4,7,2233,,,,field_goal,0,0,0,0
2025,17,BAL,GB,7,4,9,16,10,2019,,,,field_goal,0,0,0,0
2025,17,GB,BAL,11,4,6,6,-13,1453,,base,,field_goal,0,0,0,0
2025,17,BAL,GB,12,4,11,56,10,1208,,base,,punt,0,0,0,0
2025,17,BAL,GB,16,4,1,42,10,223,12,base,,penalty,6,1,0,0
2025,17,GB,BAL,17,4,8,50,-17,32,12,nickel,6,pass,0,0,0,0
2025,17,CHI,SF,3,4,3,64,0,3307,11,,,punt,0,0,0,0
2025,17,SF,CHI,4,4,6,65,0,3172,,base,,punt,0,0,0,0
2025,17,CHI,SF,5,4,4,78,0,3084,11,base,,punt,0,0,0,0
2025,17,SF,CHI,10,4,3,38,0,2287,11,nickel,6,pass,14,1,0,0
2025,17,CHI,SF,11,4,7,66,-7,1875,11,base,,punt,0,0,0,0
2025,17,CHI,SF,15,4,5,31,-7,916,12,nickel,6,pass,9,1,0,0
2025,17,SF,CHI,16,4,7,43,0,690,,nickel,,punt,0,0,0,0
2025,17,CHI,SF,17,4,11,11,0,326,,base,,field_goal,0,0,0,0
2025,17,CHI,SF,19,4,5,26,-4,33,12,nickel,6,pass,13,1,0,0
2025,17,DAL,WAS,1,4,1,56,0,3488,11,nickel,7,run,4,1,0,0
2025,17,WAS,DAL,2,4,11,11,-7,2987,,,,field_goal,0,0,0,0
2025,17,DAL,WAS,3,4,1,50,4,2788,11,nickel,6,pass,19,1,0,0
2025,17,DAL,WAS,3,4,2,23,4,2694,11,dime,5,pass,4,1,0,0
2025,17,DAL,WAS,3,4,1,10,4,2569,11,nickel,7,run,1,1,0,0
2025,17,WAS,DAL,4,4,7,43,-11,2360,,nickel,,punt,0,0,0,0
2025,17,DAL,WAS,7,4,7,23,11,1822,,base,,field_goal,0,0,0,0
2025,17,WAS,DAL,9,4,8,60,-14,1675,,nickel,,punt,0,0,0,0
2025,17,DAL,WAS,10,4,18,91,14,1493,12,nickel,,punt,0,0,0,0
2025,17,DAL,WAS,12,4,8,34,7,1187,,base,,field_goal,0,0,0,0
2025,17,WAS,DAL,13,4,5,5,-10,919,,,,field_goal,0,0,0,0
2025,17,DAL,WAS,14,4,7,40,7,816,,base,,field_goal,0,0,0,0
2025,17,WAS,DAL,15,4,8,50,-7,698,,nickel,,punt,0,0,0,0
2025,17,DAL,WAS,16,4,2,55,7,391,11,dime,6,pass,7,1,0,0
2025,17,DAL,WAS,16,4,4,33,7,242,,base,,field_goal,0,0,0,0
2025,17,DAL,WAS,18,4,1,34,7,10,,base,8,run,3,1,0,0
2025,17,DEN,KC,1,4,6,9,0,3122,,,,field_goal,0,0,0,0
2025,17,KC,DEN,2,4,9,59,-3,2940,,nickel,,punt,0,0,0,0
2025,17,KC,DEN,4,4,1,11,-3,2659,12,base,8,run,5,1,0,0
2025,17,DEN,KC,5,4,8,52,-4,2441,11,nickel,,punt,0,0,0,0
2025,17,KC,DEN,6,4,3,62,4,2313,,base,,punt,0,0,0,0
2025,17,DEN,KC,7,4,10,11,-4,1822,,,,field_goal,0,0,0,0
2025,17,KC,DEN,9,4,24,35,1,1607,,base,,field_goal,0,0,0,0
2025,17,DEN,KC,10,4,1,10,-4,1073,,nickel,9,run,1,1,0,0
2025,17,KC,DEN,11,4,6,61,-3,900,,base,,punt,0,0,0,0
2025,17,DEN,KC,12,4,11,69,3,674,11,nickel,,punt,0,0,0,0
2025,17,KC,DEN,13,4,7,29,-3,488,,base,,field_goal,0,0,0,0
2025,17,DEN,KC,14,4,2,9,0,120,11,base,,penalty,5,1,0,0
2025,17,KC,DEN,15,4,8,26,-7,20,12,dime,5,pass,0,0,0,0
2025,17,MIN,DET,1,4,16,81,0,3512,,base,,punt,0,0,0,0
2025,17,DET,MIN,2,4,8,50,0,3342,21,,,punt,0,0,0,0
2025,17,MIN,DET,3,4,24,51,0,2984,,base,,punt,0,0,0,0
2025,17,MIN,DET,7,4,22,59,7,2480,,base,,punt,0,0,0,0
2025,17,DET,MIN,8,4,1,3,-7,1996,heavy,,7,run,1,1,0,0
2025,17,DET,MIN,8,4,4,4,-7,1870,11,base,6,pass,4,1,1,0
2025,17,MIN,DET,9,4,6,56,0,1826,,base,,punt,0,0,0,0
2025,17,DET,MIN,11,4,6,53,0,1571,21,,,punt,0,0,0,0
2025,17,MIN,DET,12,4,3,79,0,1484,,base,,punt,0,0,0,0
2025,17,MIN,DET,14,4,13,34,0,1087,,base,,field_goal,0,0,0,0
2025,17,MIN,DET,16,4,6,38,3,1022,,base,,field_goal,0,0,0,0
2025,17,MIN,DET,18,4,20,50,6,783,,base,,punt,0,0,0,0
2025,17,DET,MIN,19,4,8,71,-6,541,21,,,punt,0,0,0,0
2025,17,MIN,DET,20,4,5,94,6,444,,base,,punt,0,0,0,0
2025,17,DET,MIN,21,4,8,30,-6,284,,,,field_goal,0,0,0,0
2025,17,MIN,DET,24,4,4,24,10,68,,base,,field_goal,0,0,0,0
2025,17,LAC,HOU,2,4,14,69,-7,3388,11,base,,punt,0,0,0,0
2025,17,LAC,HOU,4,4,12,61,-14,3009,11,base,,punt,0,0,0,0
2025,17,HOU,LAC,5,4,9,67,14,2835,11,base,,punt,0,0,0,0
2025,17,LAC,HOU,6,4,4,76,-14,2743,11,base,,punt,0,0,0,0
2025,17,HOU,LAC,7,4,13,52,14,2472,11,base,,punt,0,0,0,0
2025,17,LAC,HOU,8,4,3,85,-14,2388,11,base,,punt,0,0,0,0
2025,17,LAC,HOU,10,4,4,9,-14,2173,,,,field_goal,0,0,0,0
2025,17,HOU,LAC,11,4,5,58,11,2005,12,base,,punt,0,0,0,0
2025,17,LAC,HOU,14,4,13,14,-11,1814,,,,field_goal,0,0,0,0
2025,17,LAC,HOU,16,4,4,59,-11,1712,11,base,,punt,0,0,0,0
2025,17,HOU,LAC,17,4,4,79,11,1619,12,base,,punt,0,0,0,0
2025,17,LAC,HOU,18,4,15,75,-11,1485,11,base,,punt,0,0,0,0
2025,17,HOU,LAC,19,4,13,23,11,1267,,,,field_goal,0,0,0,0
2025,17,HOU,LAC,21,4,7,54,7,804,12,base,,punt,0,0,0,0
2025,17,LAC,HOU,22,4,8,79,-7,642,,,,punt,0,0,0,0
2025,17,HOU,LAC,23,4,5,26,7,393,,,,field_goal,0,0,0,0
2025,17,IND,JAX,1,4,6,15,0,3378,,base,,field_goal,0,0,0,0
2025,17,IND,JAX,5,4,10,60,3,2038,,base,,punt,0,0,0,0
2025,17,JAX,IND,6,4,24,71,-3,1920,11,,,punt,0,0,0,0
2025,17,IND,JAX,7,4,7,87,3,1863,,base,,punt,0,0,0,0
2025,17,JAX,IND,10,4,12,66,-3,1698,11,,,punt,0,0,0,0
2025,17,IND,JAX,11,4,14,73,3,1514,,base,,punt,0,0,0,0
2025,17,JAX,IND,14,4,3,16,-3,989,,base,,field_goal,0,0,0,0
2025,17,IND,JAX,15,4,13,68,0,852,,base,,punt,0,0,0,0
2025,17,JAX,IND,16,4,1,24,0,570,12,base,7,run,0,0,0,0
2025,17,JAX,IND,18,4,13,24,0,423,,base,,field_goal,0,0,0,0
2025,17,IND,JAX,19,4,11,51,-3,191,11,dime,5,pass,0,0,0,0
2025,17,JAX,IND,20,4,1,39,3,120,21,nickel,6,run,3,1,0,0
2025,17,JAX,IND,20,4,9,35,3,24,,base,,field_goal,0,0,0,0
2025,17,ATL,LA,1,4,7,70,0,3515,12,base,,punt,0,0,0,0
2025,17,LA,ATL,2,4,1,85,0,3413,11,,,punt,0,0,0,0
2025,17,LA,ATL,4,4,1,11,-7,2764,11,nickel,6,run,-2,0,0,0
2025,17,ATL,LA,5,4,9,52,7,2401,12,base,,punt,0,0,0,0
2025,17,LA,ATL,7,4,11,41,-14,2062,12,base,,punt,0,0,0,0
2025,17,ATL,LA,8,4,7,96,14,1920,12,base,,punt,0,0,0,0
2025,17,LA,ATL,12,4,6,51,-21,1712,11,nickel,6,pass,36,1,0,0
2025,17,LA,ATL,12,4,12,17,-21,1572,,,,field_goal,0,0,0,0
2025,17,ATL,LA,13,4,10,37,18,1371,,base,,field_goal,0,0,0,0
2025,17,ATL,LA,15,4,4,19,14,943,,base,,field_goal,0,0,1,0
2025,17,ATL,LA,16,4,4,57,7,829,12,base,,punt,0,0,0,0
2025,17,LA,ATL,17,4,2,27,-7,553,11,nickel,6,pass,0,0,0,1
2025,17,ATL,LA,18,4,1,49,7,454,12,base,,punt,0,0,0,0
2025,17,ATL,LA,20,4,8,33,0,25,,base,,field_goal,0,0,0,0
2025,17,LA,ATL,21,4,10,65,-3,5,11,dime,3,pass,0,0,0,0
2025,17,NYJ,NE,2,4,2,63,-7,3260,,nickel,,punt,0,0,0,0
2025,17,NYJ,NE,6,4,11,21,-21,2399,,base,,field_goal,0,0,0,0
2025,17,NE,NYJ,7,4,3,20,18,2141,11,nickel,5,run,11,1,0,0
2025,17,NE,NYJ,7,4,3,3,18,1983,12,base,7,pass,3,1,1,0
2025,17,NYJ,NE,8,4,4,59,-25,1915,,nickel,,punt,0,0,0,0
2025,17,NYJ,NE,11,4,2,57,-32,1749,,nickel,,pass,3,1,0,0
2025,17,NYJ,NE,11,4,6,50,-32,1610,21,nickel,,run,-3,0,0,0
2025,17,NYJ,NE,13,4,11,44,-39,1240,11,nickel,6,pass,10,0,0,0
2025,17,NE,NYJ,14,4,2,23,39,1012,,base,,field_goal,0,0,0,0
2025,17,NE,NYJ,16,4,7,70,32,777,,base,,punt,0,0,0,0
2025,17,NYJ,NE,17,4,8,8,-32,243,11,nickel,7,pass,0,0,0,0
2025,17,NE,NYJ,18,4,6,87,32,153,,nickel,,punt,0,0,0,0
2025,17,NYJ,NE,19,4,4,52,-32,116,11,nickel,6,pass,12,1,0,0
2025,17,NYJ,NE,19,4,8,20,-32,58,11,nickel,6,pass,3,0,0,0
2025,17,TEN,NO,1,4,5,49,0,3439,21,base,,punt,0,0,0,0
2025,17,NO,TEN,2,4,12,82,0,3350,,,,punt,0,0,0,0
2025,17,TEN,NO,3,4,7,32,0,3255,,,,field_goal,0,0,0,0
2025,17,NO,TEN,4,4,6,25,-3,3161,,,,field_goal,0,0,0,0
2025,17,TEN,NO,5,4,9,20,3,2975,,,,field_goal,0,0,0,0
2025,17,NO,TEN,6,4,4,74,-6,2835,,,,punt,0,0,0,0
2025,17,TEN,NO,7,4,2,43,6,2588,11,nickel,6,pass,43,1,1,0
2025,17,NO,TEN,8,4,6,38,-13,2158,,,,field_goal,0,0,0,0
2025,17,TEN,NO,13,4,10,10,3,1343,,,,field_goal,0,0,0,0
2025,17,NO,TEN,14,4,9,39,-6,1016,,,,field_goal,0,0,0,0
2025,17,TEN,NO,15,4,12,40,3,775,,,,field_goal,0,0,0,0
2025,17,TEN,NO,17,4,6,64,6,537,21,base,,punt,0,0,0,0
2025,17,TEN,NO,19,4,17,72,-1,303,21,base,,punt,0,0,0,0
2025,17,TEN,NO,21,4,10,37,-8,129,11,nickel,6,pass,-1,0,0,0
2025,17,NO,TEN,22,4,13,65,8,107,,,,punt,0,0,0,0
2025,17,TEN,NO,23,4,11,57,-8,26,11,dime,5,pass,14,1,0,0
2025,17,NYG,LV,1,4,24,59,0,3339,,base,,punt,0,0,0,0
2025,17,LV,NYG,2,4,1,75,0,3251,11,base,,punt,0,0,0,0
2025,17,NYG,LV,3,4,5,68,0,3178,,base,,punt,0,0,0,0
2025,17,LV,NYG,4,4,1,51,0,3021,11,nickel,7,run,6,1,0,0
2025,17,LV,NYG,6,4,8,24,-7,2386,,base,,field_goal,0,0,0,0
2025,17,LV,NYG,8,4,14,69,-11,2011,12,base,,punt,0,0,0,0
2025,17,NYG,LV,9,4,1,26,11,1848,11,nickel,,penalty,6,1,0,0
2025,17,NYG,LV,9,4,14,14,11,1802,,,,field_goal,0,0,0,0
2025,17,LV,NYG,10,4,21,74,-14,1625,12,base,,punt,0,0,0,0
2025,17,NYG,LV,11,4,5,5,14,1341,,,,field_goal,0,0,0,0
2025,17,LV,NYG,12,4,6,40,-17,1163,12,nickel,5,pass,19,1,0,0
2025,17,LV,NYG,12,4,2,13,-17,1048,11,nickel,6,pass,7,1,0,0
2025,17,LV,NYG,12,4,4,4,-17,936,11,base,6,pass,4,1,1,0
2025,17,NYG,LV,15,4,1,2,17,225,heavy,base,10,run,2,1,1,0
2025,17,LV,NYG,16,4,16,47,-24,108,11,nickel,5,pass,11,0,0,0
2025,17,PHI,BUF,1,4,2,64,0,3538,heavy,base,,punt,0,0,0,0
2025,17,BUF,PHI,2,4,17,59,0,3226,,,,punt,0,0,0,0
2025,17,PHI,BUF,3,4,4,70,0,3065,heavy,base,,punt,0,0,0,0
2025,17,BUF,PHI,6,4,8,44,-7,2467,,base,,punt,0,0,0,0
2025,17,PHI,BUF,7,4,5,29,7,2107,,base,,field_goal,0,0,0,0
2025,17,BUF,PHI,8,4,12,70,-10,1980,,,,punt,0,0,0,0
2025,17,PHI,BUF,9,4,5,10,10,1811,,base,,field_goal,0,0,0,0
2025,17,BUF,PHI,11,4,1,71,-13,1712,,,,punt,0,0,0,0
2025,17,PHI,BUF,12,4,12,65,13,1570,heavy,base,,punt,0,0,0,0
2025,17,BUF,PHI,13,4,15,52,-13,1296,,base,,punt,0,0,0,0
2025,17,PHI,BUF,14,4,10,84,13,1274,heavy,base,,punt,0,0,0,0
2025,17,BUF,PHI,15,4,3,3,-13,1045,11,nickel,5,run,2,0,0,0
2025,17,PHI,BUF,16,4,8,97,13,913,heavy,base,,punt,0,0,0,0
2025,17,BUF,PHI,17,4,27,46,-13,776,,,,punt,0,0,0,0
2025,17,PHI,BUF,18,4,6,76,13,674,heavy,base,,punt,0,0,0,0
2025,17,PHI,BUF,20,4,12,72,7,209,heavy,base,,punt,0,0,0,0
2025,17,BUF,PHI,21,4,10,71,-7,111,11,nickel,6,pass,25,1,0,0
2025,17,BUF,PHI,21,4,1,1,-7,8,11,base,11,run,1,1,1,0
2025,17,CLE,PIT,1,4,7,32,0,3352,,,,field_goal,0,0,0,0
2025,17,PIT,CLE,2,4,2,66,-3,3220,,nickel,,punt,0,0,0,0
2025,17,PIT,CLE,4,4,13,25,-10,2698,,,,field_goal,0,0,0,0
2025,17,CLE,PIT,5,4,6,33,7,2418,11,nickel,6,pass,0,0,0,0
2025,17,PIT,CLE,6,4,6,47,-7,2318,,nickel,,punt,0,0,0,0
2025,17,PIT,CLE,8,4,1,22,-7,1970,11,base,5,pass,0,0,0,0
2025,17,CLE,PIT,9,4,2,70,7,1920,11,,,punt,0,0,0,0
2025,17,PIT,CLE,10,4,4,22,-7,1803,,,,field_goal,0,0,0,0
2025,17,PIT,CLE,11,4,6,57,-4,1622,,nickel,,punt,0,0,0,0
2025,17,CLE,PIT,12,4,13,68,4,1268,11,base,,punt,0,0,0,0
2025,17,PIT,CLE,13,4,19,36,-4,779,,,,field_goal,0,0,0,0
2025,17,PIT,CLE,15,4,5,46,-4,591,,nickel,,punt,0,0,0,0
2025,17,CLE,PIT,16,4,4,82,4,435,11,base,,punt,0,0,0,0
2025,17,PIT,CLE,17,4,6,53,-4,301,,nickel,,punt,0,0,0,0
2025,17,CLE,PIT,18,4,1,81,4,144,11,,,punt,0,0,0,0
2025,17,PIT,CLE,19,4,10,80,-4,122,11,dime,5,pass,0,0,0,0
2025,17,CLE,PIT,20,4,5,15,4,104,,,,field_goal,0,0,0,0
2025,17,PIT,CLE,21,4,7,7,-7,21,11,dime,4,pass,0,0,0,0
2025,17,CAR,SEA,1,4,9,53,0,3496,,,,punt,0,0,0,0
2025,17,SEA,CAR,2,4,14,73,0,3348,,,,punt,0,0,0,0
2025,17,CAR,SEA,3,4,5,75,0,3220,,,,punt,0,0,0,0
2025,17,SEA,CAR,4,4,4,30,0,2908,,,,field_goal,0,0,0,0
2025,17,CAR,SEA,5,4,9,64,-3,2820,,,,punt,0,0,0,0
2025,17,SEA,CAR,6,4,7,58,3,2610,,,,punt,0,0,0,0
2025,17,CAR,SEA,7,4,1,48,-3,2399,12,base,7,run,1,1,0,0
2025,17,CAR,SEA,7,4,4,41,-3,2220,11,dime,8,pass,0,0,0,0
2025,17,CAR,SEA,9,4,1,17,-3,2030,,base,,field_goal,0,0,0,0
2025,17,SEA,CAR,10,4,1,39,0,1826,11,nickel,6,run,0,0,0,0
2025,17,CAR,SEA,17,4,1,60,-14,1153,11,nickel,4,run,8,1,0,0
2025,17,SEA,CAR,18,4,10,12,7,336,,,,field_goal,0,0,0,0
2025,17,CAR,SEA,19,4,17,80,-10,227,11,dime,6,pass,5,0,0,0
2025,17,MIA,TB,1,4,16,71,0,3489,11,base,,punt,0,0,0,0
2025,17,TB,MIA,2,4,1,44,0,3322,12,base,6,run,2,1,0,0
2025,17,TB,MIA,4,4,6,54,0,2646,12,base,,punt,0,0,0,0
2025,17,MIA,TB,5,4,11,11,0,2303,,base,,field_goal,0,0,0,0
2025,17,TB,MIA,8,4,6,37,-10,1827,,base,,field_goal,0,0,0,0
2025,17,TB,MIA,10,4,3,58,-10,1714,12,base,,punt,0,0,0,0
2025,17,MIA,TB,11,4,22,81,10,1627,11,base,,punt,0,0,0,0
2025,17,TB,MIA,12,4,15,15,-10,1133,,base,,field_goal,0,0,0,0
2025,17,MIA,TB,13,4,3,13,7,859,,base,,field_goal,0,0,0,0
2025,17,TB,MIA,14,4,7,62,-10,767,12,base,,punt,0,0,0,0
2025,17,MIA,TB,15,4,1,73,10,525,12,base,,punt,0,0,0,0
2025,17,MIA,TB,17,4,11,75,10,328,12,base,,punt,0,0,0,0
2025,17,TB,MIA,18,4,1,49,-10,271,11,nickel,7,pass,11,1,0,0
2025,17,MIA,TB,19,4,4,39,10,120,11,base,,punt,0,0,0,0
2025,18,LA,ARI,2,4,3,16,0,3371,,base,,field_goal,0,0,0,0
2025,18,ARI,LA,3,4,18,27,-3,2910,,base,,field_goal,0,0,0,0
2025,18,LA,ARI,4,4,13,23,0,2509,,base,,field_goal,0,0,0,0
2025,18,ARI,LA,5,4,16,38,-3,2380,,base,,field_goal,0,0,0,0
2025,18,LA,ARI,6,4,2,2,0,1886,11,nickel,7,pass,2,1,1,0
2025,18,LA,ARI,8,4,2,22,7,1805,,base,,field_goal,0,0,0,0
2025,18,LA,ARI,9,4,16,73,10,1733,11,base,,punt,0,0,0,0
2025,18,ARI,LA,10,4,8,71,-10,1586,heavy,,,pass,28,1,0,0
2025,18,LA,ARI,11,4,10,68,3,1518,12,base,,punt,0,0,0,0
2025,18,ARI,LA,14,4,16,86,-3,820,heavy,base,,punt,0,0,0,0
2025,18,ARI,LA,16,4,12,67,-10,567,heavy,base,,punt,0,0,0,0
2025,18,ARI,LA,18,4,3,11,-17,115,11,dime,5,pass,-7,0,0,0
2025,18,BAL,PIT,1,4,3,38,0,3361,11,nickel,6,pass,38,1,1,0
2025,18,PIT,BAL,2,4,11,47,-7,3271,,base,,punt,0,0,0,0
2025,18,BAL,PIT,3,4,19,68,7,3011,,base,,punt,0,0,0,0
2025,18,PIT,BAL,4,4,1,55,-7,2807,12,,7,run,0,0,0,0
2025,18,BAL,PIT,5,4,5,22,7,2617,,,,field_goal,0,0,0,0
2025,18,PIT,BAL,6,4,6,39,-10,2336,,base,,field_goal,0,0,0,0
2025,18,BAL,PIT,7,4,14,69,7,2182,,base,,punt,0,0,0,0
2025,18,PIT,BAL,8,4,15,88,-7,2147,,,,punt,0,0,0,0
2025,18,BAL,PIT,9,4,8,42,7,1999,,base,,punt,0,0,0,0
2025,18,PIT,BAL,11,4,1,2,-7,1444,12,,9,run,1,1,0,0
2025,18,PIT,BAL,13,4,2,7,0,1171,,base,,field_goal,0,0,0,0
2025,18,BAL,PIT,14,4,8,64,-3,975,,base,,punt,0,0,0,0
2025,18,PIT,BAL,15,4,11,62,3,662,,,,punt,0,0,0,0
2025,18,BAL,PIT,20,4,7,50,-2,21,12,nickel,6,pass,26,1,0,0
2025,18,CAR,TB,2,4,10,50,-7,3152,,base,,punt,0,0,0,0
2025,18,TB,CAR,3,4,8,11,7,2821,,,,field_goal,0,0,0,0
2025,18,CAR,TB,4,4,13,48,-10,2698,,base,,punt,0,0,0,0
2025,18,TB,CAR,7,4,10,56,3,2070,12,,,punt,0,0,0,0
2025,18,CAR,TB,11,4,1,56,-6,1690,11,nickel,7,run,3,1,0,0
2025,18,CAR,TB,11,4,12,36,-6,1531,,base,,field_goal,0,0,0,0
2025,18,TB,CAR,12,4,7,53,6,1394,12,,,punt,0,0,0,0
2025,18,CAR,TB,13,4,12,78,-6,1177,,nickel,,punt,0,0,0,0
2025,18,TB,CAR,14,4,5,30,6,857,,,,field_goal,0,0,0,0
2025,18,TB,CAR,16,4,5,20,9,318,,,,field_goal,0,0,0,0
2025,18,CAR,TB,17,4,8,48,-9,190,11,nickel,7,pass,40,1,0,0
2025,18,TB,CAR,18,4,9,44,2,26,12,,,punt,0,0,0,0
2025,18,CIN,CLE,1,4,5,61,0,3472,12,nickel,,punt,0,0,0,0
2025,18,CLE,CIN,4,4,6,72,-6,3089,11,base,,punt,0,0,0,0
2025,18,CIN,CLE,7,4,6,50,-8,2391,12,base,,punt,0,0,0,0
2025,18,CLE,CIN,8,4,18,74,8,2239,11,base,,punt,0,0,0,0
2025,18,CIN,CLE,9,4,8,76,-8,2186,12,nickel,,punt,0,0,0,0
2025,18,CLE,CIN,10,4,4,64,8,2091,11,base,,punt,0,0,0,0
2025,18,CLE,CIN,13,4,1,56,2,1693,heavy,,7,run,5,1,0,0
2025,18,CLE,CIN,13,4,9,9,2,1385,,base,,field_goal,0,0,0,0
2025,18,CIN,CLE,14,4,1,47,-5,1185,11,nickel,6,pass,3,1,0,0
2025,18,CIN,CLE,14,4,10,44,-5,1022,12,nickel,,punt,0,0,0,0
2025,18,CLE,CIN,15,4,5,41,5,642,11,base,,punt,0,0,0,0
2025,18,CIN,CLE,16,4,15,50,-5,236,12,nickel,,punt,0,0,0,0
2025,18,CLE,CIN,17,4,1,82,5,170,11,base,,punt,0,0,0,0
2025,18,CLE,CIN,19,4,3,31,-1,3,,base,,field_goal,0,0,0,0
2025,18,NYG,DAL,1,4,11,49,0,3459,,base,,punt,0,0,0,0
2025,18,NYG,DAL,3,4,8,26,0,3260,,,,field_goal,0,0,0,0
2025,18,DAL,NYG,4,4,4,4,-3,3024,,base,,field_goal,0,0,0,0
2025,18,NYG,DAL,5,4,17,17,0,2780,,,,field_goal,0,0,0,0
2025,18,NYG,DAL,7,4,3,4,-4,2388,,,,field_goal,0,0,0,0
2025,18,DAL,NYG,8,4,2,3,1,1974,,base,7,pass,0,0,0,0
2025,18,DAL,NYG,11,4,4,82,-6,1667,12,base,,punt,0,0,0,0
2025,18,DAL,NYG,13,4,8,39,-14,1316,,base,,field_goal,0,0,0,0
2025,18,DAL,NYG,15,4,1,47,-14,1012,,nickel,6,run,23,1,0,0
2025,18,NYG,DAL,16,4,8,12,7,565,,,,field_goal,0,0,0,0
2025,18,DAL,NYG,19,4,10,60,-17,269,12,base,,punt,0,0,0,0
2025,18,NYG,DAL,20,4,16,74,17,27,,base,,punt,0,0,0,0
2025,18,DET,CHI,1,4,5,16,0,3220,,base,,field_goal,0,0,0,0
2025,18,CHI,DET,2,4,9,44,-3,2929,12,base,,punt,0,0,0,0
2025,18,DET,CHI,3,4,10,12,3,2492,,base,,field_goal,0,0,0,0
2025,18,CHI,DET,4,4,10,69,-6,2399,12,base,,punt,0,0,0,0
2025,18,DET,CHI,5,4,1,67,6,2258,12,,,penalty,5,1,0,0
2025,18,CHI,DET,6,4,1,49,-13,1940,heavy,base,6,pass,11,1,0,0
2025,18,CHI,DET,6,4,2,30,-13,1834,11,nickel,6,pass,0,0,0,0
2025,18,CHI,DET,8,4,4,66,-13,1725,12,base,,punt,0,0,0,0
2025,18,DET,CHI,9,4,19,75,13,1541,21,base,,punt,0,0,0,0
2025,18,CHI,DET,10,4,4,48,-13,1416,11,nickel,5,penalty,5,1,0,0
2025,18,DET,CHI,11,4,6,6,13,1035,,base,,field_goal,0,0,0,0
2025,18,DET,CHI,13,4,6,46,8,687,21,,,punt,0,0,0,0
2025,18,CHI,DET,16,4,5,69,0,115,12,base,,punt,0,0,0,0
2025,18,MIN,GB,1,4,6,25,0,3332,,base,,field_goal,0,0,0,0
2025,18,GB,MIN,2,4,9,64,-3,3254,11,,,punt,0,0,0,0
2025,18,MIN,GB,3,4,1,78,3,3096,,nickel,,punt,0,0,0,0
2025,18,GB,MIN,4,4,18,68,-3,2950,11,,,punt,0,0,0,0
2025,18,MIN,GB,5,4,2,59,3,2751,,nickel,,punt,0,0,0,0
2025,18,GB,MIN,6,4,3,78,-3,2622,11,,,punt,0,0,0,0
2025,18,MIN,GB,7,4,6,74,3,2561,,nickel,,punt,0,0,0,0
2025,18,GB,MIN,8,4,4,53,-3,2353,11,,,punt,0,0,0,0
2025,18,MIN,GB,9,4,1,21,3,2074,,nickel,7,run,1,1,0,0
2025,18,MIN,GB,9,4,7,7,3,1985,,base,,field_goal,0,0,0,0
2025,18,GB,MIN,10,4,24,92,-6,1914,11,,,punt,0,0,0,0
2025,18,GB,MIN,13,4,15,44,-13,1542,11,,,punt,0,0,0,0
2025,18,MIN,GB,14,4,2,67,13,1336,,nickel,,punt,0,0,0,0
2025,18,GB,MIN,15,4,20,60,-13,1023,11,,,punt,0,0,0,0
2025,18,GB,MIN,17,4,16,81,-13,592,11,,,punt,0,0,0,0
2025,18,MIN,GB,18,4,12,19,13,253,,base,,field_goal,0,0,0,0
2025,18,GB,MIN,19,4,4,5,-16,1,,,,field_goal,0,0,0,0
2025,18,HOU,IND,1,4,22,33,0,3431,,base,,field_goal,0,0,0,0
2025,18,HOU,IND,3,4,4,30,-4,3101,,base,,field_goal,0,0,0,0
2025,18,IND,HOU,4,4,5,71,1,2960,11,,,pass,16,1,0,0
2025,18,IND,HOU,4,4,3,32,1,2739,,base,,field_goal,0,0,0,0
2025,18,IND,HOU,8,4,7,62,-10,2235,11,base,,punt,0,0,0,0
2025,18,HOU,IND,9,4,10,41,10,2047,11,base,,punt,0,0,0,0
2025,18,HOU,IND,11,4,4,11,3,1803,,base,,field_goal,0,0,0,0
2025,18,HOU,IND,13,4,7,52,-1,1595,12,,,punt,0,0,0,0
2025,18,IND,HOU,14,4,4,72,1,1531,11,base,,punt,0,0,0,0
2025,18,HOU,IND,15,4,7,24,-1,1318,,base,,field_goal,0,0,0,0
2025,18,IND,HOU,16,4,21,21,-2,1007,,base,,field_goal,0,0,0,0
2025,18,HOU,IND,17,4,7,53,-1,896,12,,,punt,0,0,0,0
2025,18,HOU,IND,19,4,2,25,-1,680,,base,,field_goal,0,0,0,0
2025,18,IND,HOU,20,4,2,4,-2,162,,base,,field_goal,0,0,0,0
2025,18,HOU,IND,21,4,7,25,-1,17,,base,,field_goal,0,0,0,0
2025,18,KC,LV,1,4,14,69,0,3486,,base,,punt,0,0,0,0
2025,18,KC,LV,3,4,11,47,0,3346,,base,,punt,0,0,0,0
2025,18,LV,KC,4,4,12,98,0,3218,,nickel,,punt,0,0,0,0
2025,18,KC,LV,5,4,4,18,0,3003,,,,field_goal,0,0,0,0
2025,18,LV,KC,6,4,13,56,-3,2834,,nickel,,punt,0,0,0,0
2025,18,KC,LV,7,4,5,74,3,2621,,base,,punt,0,0,0,0
2025,18,LV,KC,8,4,4,67,-3,2558,12,nickel,7,run,3,0,0,0
2025,18,LV,KC,10,4,4,14,-3,2244,,,,field_goal,0,0,0,0
2025,18,KC,LV,11,4,6,61,0,2187,,base,,punt,0,0,0,0
2025,18,LV,KC,12,4,3,61,0,2063,12,,,punt,0,0,0,0
2025,18,LV,KC,14,4,2,5,0,1916,,,,field_goal,0,0,0,0
2025,18,LV,KC,16,4,1,27,3,1609,12,base,8,run,-1,0,0,0
2025,18,KC,LV,17,4,1,53,-3,1447,11,base,7,run,3,1,0,0
2025,18,KC,LV,17,4,10,22,-3,1156,,,,field_goal,0,0,0,0
2025,18,LV,KC,18,4,9,37,0,801,,,,field_goal,0,0,0,0
2025,18,KC,LV,19,4,10,80,-3,750,,base,,punt,0,0,0,0
2025,18,LV,KC,20,4,11,80,3,691,11,nickel,,punt,0,0,0,0
2025,18,KC,LV,21,4,8,71,-3,628,,base,,punt,0,0,0,0
2025,18,LV,KC,22,4,5,54,3,366,12,nickel,,punt,0,0,0,0
2025,18,KC,LV,25,4,18,29,-5,217,,,,field_goal,0,0,0,0
2025,18,LV,KC,26,4,15,79,2,156,12,nickel,,punt,0,0,0,0
2025,18,KC,LV,27,4,10,23,-2,65,,,,field_goal,0,0,0,0
2025,18,LV,KC,28,4,5,42,-1,13,,,,field_goal,0,0,0,0
2025,18,LAC,DEN,1,4,4,66,0,3546,12,base,,punt,0,0,0,0
2025,18,DEN,LAC,2,4,6,6,0,3009,,,,field_goal,0,0,0,0
2025,18,LAC,DEN,4,4,10,58,-10,2824,12,base,,punt,0,0,0,0
2025,18,DEN,LAC,5,4,5,75,10,2741,,nickel,,punt,0,0,0,0
2025,18,LAC,DEN,6,4,1,70,-10,2659,12,base,,punt,0,0,0,0
2025,18,DEN,LAC,7,4,8,69,10,2438,,nickel,,punt,0,0,0,0
2025,18,LAC,DEN,8,4,12,54,-10,2214,12,nickel,,punt,0,0,0,0
2025,18,DEN,LAC,9,4,14,73,10,1983,,nickel,,punt,0,0,0,0
2025,18,LAC,DEN,10,4,1,43,-10,1890,11,base,7,run,3,1,0,0
2025,18,DEN,LAC,12,4,4,59,7,1756,11,nickel,,punt,0,0,0,0
2025,18,LAC,DEN,13,4,8,86,-7,1701,12,nickel,,punt,0,0,0,0
2025,18,DEN,LAC,14,4,8,8,7,1510,,,,field_goal,0,0,0,0
2025,18,LAC,DEN,15,4,16,65,-10,1279,12,nickel,,punt,0,0,0,0
2025,18,DEN,LAC,16,4,3,48,10,1120,11,base,,punt,0,0,0,0
2025,18,LAC,DEN,17,4,8,67,-10,945,12,base,,punt,0,0,0,0
2025,18,DEN,LAC,18,4,2,73,10,816,,base,,punt,0,0,0,0
2025,18,DEN,LAC,20,4,12,22,10,709,,,,field_goal,0,0,0,0
2025,18,LAC,DEN,21,4,7,42,-13,482,11,nickel,6,pass,-2,0,0,0
2025,18,DEN,LAC,22,4,3,4,13,146,,,,field_goal,0,0,0,0
2025,18,LAC,DEN,23,4,4,59,-16,120,12,dime,5,run,15,1,0,0
2025,18,LAC,DEN,23,4,10,34,-16,58,12,nickel,6,pass,12,1,0,0
2025,18,LAC,DEN,23,4,11,11,-16,22,12,nickel,6,pass,0,0,0,0
2025,18,MIA,NE,2,4,1,8,-7,3057,,base,8,pass,0,0,0,0
2025,18,NE,MIA,5,4,10,65,7,2394,,,,punt,0,0,0,0
2025,18,MIA,NE,6,4,2,81,-7,2265,11,nickel,,punt,0,0,0,0
2025,18,NE,MIA,7,4,1,60,7,2104,12,base,7,run,0,0,0,0
2025,18,NE,MIA,9,4,6,20,7,1902,,base,,field_goal,0,0,0,0
2025,18,MIA,NE,10,4,4,34,-7,1832,,base,,field_goal,0,0,0,0
2025,18,MIA,NE,14,4,16,64,-14,1171,11,nickel,,punt,0,0,0,0
2025,18,MIA,NE,16,4,11,75,-21,947,11,nickel,,punt,0,0,0,0
2025,18,MIA,NE,18,4,19,74,-28,668,11,base,,punt,0,0,0,0
2025,18,NE,MIA,19,4,7,65,28,579,,,,punt,0,0,0,0
2025,18,MIA,NE,20,4,11,80,-28,474,11,base,,punt,0,0,0,0
2025,18,NE,MIA,21,4,1,60,28,355,,base,,punt,0,0,0,0
2025,18,MIA,NE,22,4,9,82,-28,298,11,base,,punt,0,0,0,0
2025,18,ATL,NO,1,4,12,77,0,3488,12,base,,punt,0,0,0,0
2025,18,ATL,NO,3,4,3,32,0,3335,11,nickel,6,pass,9,1,0,0
2025,18,NO,ATL,4,4,1,77,0,3079,,,,punt,0,0,0,0
2025,18,ATL,NO,5,4,5,63,0,2972,12,base,,punt,0,0,0,0
2025,18,NO,ATL,6,4,8,87,0,2911,,base,,punt,0,0,0,0
2025,18,NO,ATL,8,4,10,38,-7,2658,,base,,field_goal,0,0,0,0
2025,18,ATL,NO,9,4,7,22,7,2423,,,,field_goal,0,0,0,0
2025,18,ATL,NO,11,4,6,64,3,1983,12,base,,punt,0,0,0,0
2025,18,NO,ATL,12,4,6,63,-3,1853,,base,,punt,0,0,0,0
2025,18,NO,ATL,14,4,23,62,-3,1576,,base,,punt,0,0,0,0
2025,18,ATL,NO,15,4,9,33,3,1435,,,,field_goal,0,0,0,0
2025,18,NO,ATL,16,4,4,43,-6,1293,11,nickel,6,pass,14,1,0,0
2025,18,NO,ATL,16,4,3,22,-6,1146,11,nickel,6,pass,13,1,0,0
2025,18,NO,ATL,16,4,11,11,-6,1039,,base,,field_goal,0,0,0,0
2025,18,ATL,NO,17,4,11,19,3,647,,,,field_goal,0,0,0,0
2025,18,NO,ATL,18,4,5,70,-6,593,,base,,punt,0,0,0,0
2025,18,ATL,NO,19,4,23,72,6,398,12,base,,punt,0,0,0,0
2025,18,ATL,NO,21,4,3,20,6,177,,,,field_goal,0,0,0,0
2025,18,NO,ATL,22,4,1,56,-9,142,11,nickel,6,run,2,1,0,0
2025,18,NYJ,BUF,2,4,10,65,-7,3101,11,base,,punt,0,0,0,0
2025,18,BUF,NYJ,3,4,1,33,7,2978,11,nickel,6,run,0,0,0,0
2025,18,NYJ,BUF,4,4,6,63,-7,2891,,base,,punt,0,0,0,0
2025,18,BUF,NYJ,5,4,4,34,7,2692,11,nickel,6,pass,7,1,0,0
2025,18,NYJ,BUF,6,4,1,49,-14,2275,12,nickel,7,pass,0,0,0,0
2025,18,NYJ,BUF,8,4,1,66,-21,2013,12,base,8,run,2,1,0,0
2025,18,NYJ,BUF,8,4,14,41,-21,1836,11,base,,punt,0,0,0,0
2025,18,NYJ,BUF,10,4,1,61,-21,1672,12,base,7,run,0,0,0,0
2025,18,BUF,NYJ,11,4,2,2,21,1372,11,,6,pass,2,1,1,0
2025,18,NYJ,BUF,12,4,19,73,-29,1314,11,base,,punt,0,0,0,0
2025,18,BUF,NYJ,13,4,1,1,29,1039,21,,8,run,-2,0,0,0
2025,18,NYJ,BUF,14,4,6,93,-29,905,11,base,,punt,0,0,0,0
2025,18,BUF,NYJ,17,4,1,30,27,132,11,nickel,7,run,2,1,0,0
2025,18,SEA,SF,1,4,4,4,0,3147,11,nickel,6,pass,0,0,0,0
2025,18,SF,SEA,2,4,3,88,0,3064,,,,punt,0,0,0,0
2025,18,SF,SEA,4,4,2,57,-7,2853,,,,punt,0,0,0,0
2025,18,SEA,SF,5,4,13,29,7,2552,,base,,field_goal,0,0,0,0
2025,18,SF,SEA,6,4,1,39,-7,2381,12,nickel,7,pass,0,0,0,0
2025,18,SEA,SF,7,4,6,27,7,2123,,base,,field_goal,0,0,0,0
2025,18,SF,SEA,8,4,3,30,-10,1870,,,,field_goal,0,0,0,0
2025,18,SF,SEA,10,4,13,61,-7,1521,,,,punt,0,0,0,0
2025,18,SEA,SF,11,4,7,45,7,1314,,,,punt,0,0,0,0
2025,18,SF,SEA,12,4,1,82,-7,1177,,,,punt,0,0,0,0
2025,18,SEA,SF,13,4,6,13,7,858,,base,,field_goal,0,0,0,0
2025,18,SEA,SF,15,4,6,8,10,144,,base,,field_goal,0,0,0,0
2025,18,SF,SEA,16,4,6,76,-10,115,11,dime,6,pass,0,0,0,0
2025,18,JAX,TEN,1,4,28,87,0,3520,11,,,punt,0,0,0,0
2025,18,TEN,JAX,4,4,6,61,0,2895,21,base,,punt,0,0,0,0
2025,18,JAX,TEN,5,4,12,82,0,2807,11,,,punt,0,0,0,0
2025,18,TEN,JAX,6,4,4,63,0,2700,21,base,,punt,0,0,0,0
2025,18,TEN,JAX,9,4,8,63,-14,2230,21,base,,punt,0,0,0,0
2025,18,TEN,JAX,11,4,8,51,-21,1809,11,dime,4,pass,0,0,0,0
2025,18,TEN,JAX,13,4,17,72,-24,1710,21,base,,punt,0,0,0,0
2025,18,JAX,TEN,14,4,17,48,24,1468,11,,,punt,0,0,0,0
2025,18,TEN,JAX,15,4,1,76,-24,1325,21,base,,punt,0,0,0,0
2025,18,JAX,TEN,16,4,6,34,24,968,,,,field_goal,0,0,0,0
2025,18,TEN,JAX,17,4,4,49,-27,807,11,nickel,7,pass,0,0,0,0
2025,18,TEN,JAX,19,4,3,36,-34,175,11,nickel,6,pass,10,1,0,0
2025,18,TEN,JAX,19,4,18,34,-34,120,,nickel,,field_goal,0,0,0,0
2025,18,PHI,WAS,1,4,9,50,0,3451,heavy,base,,punt,0,0,0,0
2025,18,WAS,PHI,2,4,3,44,0,3145,11,nickel,6,pass,5,1,0,0
2025,18,WAS,PHI,2,4,5,6,0,2856,,base,,field_goal,0,0,0,0
2025,18,PHI,WAS,5,4,2,6,0,2089,11,nickel,6,pass,0,0,0,0
2025,18,WAS,PHI,9,4,8,72,3,1741,,,,punt,0,0,0,0
2025,18,PHI,WAS,10,4,6,76,-3,1605,heavy,base,,punt,0,0,0,0
2025,18,WAS,PHI,13,4,7,62,-4,1199,,,,punt,0,0,0,0
2025,18,PHI,WAS,14,4,8,21,4,935,,base,,field_goal,0,0,0,0
2025,18,PHI,WAS,16,4,4,59,0,524,heavy,base,,punt,0,0,0,0
2025,18,PHI,WAS,18,4,3,31,-7,81,11,nickel,6,pass,0,0,0,0
2025,18,WAS,PHI,19,4,2,61,7,64,,,,punt,0,0,0,0
2025,18,PHI,WAS,20,4,17,79,-7,16,11,dime,5,pass,0,0,0,0
2025,19,JAX,BUF,1,4,8,64,0,3522,,base,,punt,0,0,0,0
2025,19,BUF,JAX,2,4,7,62,0,3178,,base,,punt,0,0,0,0
2025,19,BUF,JAX,4,4,9,32,0,2880,,base,,field_goal,0,0,0,0
2025,19,JAX,BUF,7,4,2,9,4,2481,12,base,6,run,1,0,0,0
2025,19,JAX,BUF,9,4,6,70,-3,2081,,base,,punt,0,0,0,0
2025,19,BUF,JAX,10,4,9,50,3,1874,,base,,punt,0,0,0,0
2025,19,BUF,JAX,12,4,4,29,3,1396,,base,,field_goal,0,0,0,0
2025,19,JAX,BUF,13,4,9,25,-6,1252,,base,,field_goal,0,0,0,0
2025,19,BUF,JAX,14,4,20,79,3,1145,,base,,punt,0,0,0,0
2025,19,BUF,JAX,16,4,1,19,-4,582,11,base,7,run,4,1,0,0
2025,19,BUF,JAX,18,4,1,11,-4,70,11,base,8,run,10,1,0,0
2025,19,CHI,GB,1,4,5,9,0,3126,,,,field_goal,0,0,0,0
2025,19,CHI,GB,3,4,2,62,-4,2700,12,base,5,pass,18,1,0,0
2025,19,CHI,GB,3,4,6,40,-4,2550,11,nickel,5,pass,0,0,0,1
2025,19,CHI,GB,5,4,5,68,-11,2119,11,nickel,6,pass,0,0,0,0
2025,19,GB,CHI,6,4,1,23,11,2013,11,nickel,6,pass,22,1,0,0
2025,19,GB,CHI,6,4,1,1,11,1920,11,nickel,8,pass,1,1,1,0
2025,19,CHI,GB,7,4,4,37,-18,1837,11,nickel,4,pass,0,0,0,0
2025,19,GB,CHI,9,4,12,82,18,1744,,base,,punt,0,0,0,0
2025,19,CHI,GB,10,4,14,16,-18,1511,,,,field_goal,0,0,0,0
2025,19,GB,CHI,11,4,2,55,15,1419,,base,,punt,0,0,0,0
2025,19,CHI,GB,12,4,1,6,-15,1098,heavy,base,8,pass,0,0,0,1
2025,19,GB,CHI,13,4,9,78,15,948,,base,,punt,0,0,0,0
2025,19,CHI,GB,14,4,19,33,-15,814,,,,field_goal,0,0,0,0
2025,19,GB,CHI,15,4,20,70,12,772,,base,,punt,0,0,0,0
2025,19,CHI,GB,18,4,8,57,-11,337,11,nickel,6,pass,27,1,0,0
2025,19,GB,CHI,19,4,15,26,3,176,,base,,field_goal,0,0,0,0
2025,19,GB,CHI,21,4,7,69,-4,65,11,nickel,5,pass,13,1,0,0
2025,19,PIT,HOU,1,4,7,50,0,3424,,,,punt,0,0,0,0
2025,19,HOU,PIT,2,4,11,50,0,3241,11,base,,punt,0,0,0,0
2025,19,PIT,HOU,3,4,3,14,0,3066,,,,field_goal,0,0,0,0
2025,19,PIT,HOU,5,4,5,51,3,2737,,,,punt,0,0,0,0
2025,19,PIT,HOU,7,4,10,62,-4,2230,,,,punt,0,0,0,0
2025,19,PIT,HOU,9,4,2,13,-4,2044,11,nickel,8,pass,4,1,0,0
2025,19,PIT,HOU,9,4,17,17,-4,1920,,,,field_goal,0,0,0,0
2025,19,HOU,PIT,10,4,6,51,1,1813,11,,,punt,0,0,0,0
2025,19,PIT,HOU,12,4,12,73,-1,1245,,,,punt,0,0,0,0
2025,19,HOU,PIT,13,4,10,70,1,1134,11,base,,punt,0,0,0,0
2025,19,PIT,HOU,14,4,25,70,-1,998,,,,punt,0,0,0,0
2025,19,HOU,PIT,15,4,6,32,1,792,,,,field_goal,0,0,0,0
2025,19,PIT,HOU,17,4,13,48,-11,576,,,,punt,0,0,0,0
2025,19,PIT,HOU,19,4,5,66,-18,172,11,nickel,6,pass,0,0,1,1
2025,19,PIT,HOU,20,4,2,57,-24,77,11,base,7,pass,2,1,0,0
2025,19,NE,LAC,1,4,9,55,0,3450,,,,punt,0,0,0,0
2025,19,LAC,NE,2,4,7,52,0,3198,11,nickel,,punt,0,0,0,0
2025,19,LAC,NE,4,4,2,2,0,3017,11,nickel,7,pass,0,0,0,0
2025,19,NE,LAC,5,4,4,30,0,2801,11,dime,6,pass,7,1,0,0
2025,19,NE,LAC,5,4,4,5,0,2614,,,,field_goal,0,0,0,0
2025,19,LAC,NE,6,4,2,3,-3,2215,,base,,field_goal,0,0,0,0
2025,19,NE,LAC,7,4,6,45,0,2012,,base,,punt,0,0,0,0
2025,19,LAC,NE,8,4,15,77,0,1841,11,nickel,,punt,0,0,0,0
2025,19,LAC,NE,11,4,7,65,-3,1702,11,nickel,,punt,0,0,0,0
2025,19,LAC,NE,13,4,4,49,-3,1218,11,nickel,,punt,0,0,0,0
2025,19,NE,LAC,14,4,4,21,3,998,,,,field_goal,0,0,0,0
2025,19,LAC,NE,15,4,7,54,-6,850,11,nickel,,punt,0,0,0,0
2025,19,NE,LAC,18,4,15,50,13,345,,base,,punt,0,0,0,0
2025,19,LAC,NE,19,4,9,75,-13,250,,nickel,6,pass,10,1,0,0
2025,19,LAC,NE,19,4,9,34,-13,120,11,dime,5,pass,-9,0,0,0
2025,19,CAR,LA,1,4,1,55,0,3512,heavy,base,8,pass,0,0,0,0
2025,19,CAR,LA,3,4,9,67,-7,3274,,base,,punt,0,0,0,0
2025,19,LA,CAR,4,4,2,69,7,3052,11,base,,punt,0,0,0,0
2025,19,LA,CAR,8,4,4,28,7,2128,,,,field_goal,0,0,0,0
2025,19,CAR,LA,9,4,2,68,-10,2035,,base,,punt,0,0,0,0
2025,19,LA,CAR,10,4,6,84,10,1976,11,base,,punt,0,0,0,1
2025,19,LA,CAR,11,4,3,19,10,1897,11,nickel,6,pass,0,0,0,0
2025,19,LA,CAR,13,4,10,46,3,1815,heavy,,,punt,0,0,0,0
2025,19,LA,CAR,15,4,10,65,3,1785,11,base,,punt,0,0,0,0
2025,19,CAR,LA,16,4,3,28,-3,1354,,base,,field_goal,0,0,0,0
2025,19,LA,CAR,17,4,6,24,0,1161,,,,field_goal,0,0,0,0
2025,19,CAR,LA,18,4,4,48,-3,1073,11,nickel,6,pass,0,0,0,0
2025,19,LA,CAR,21,4,1,30,-4,711,11,nickel,6,run,2,1,0,0
2025,19,CAR,LA,22,4,13,68,-3,441,,base,,punt,0,0,0,0
2025,19,LA,CAR,23,4,7,58,3,258,11,base,,punt,0,0,0,0
2025,19,CAR,LA,26,4,10,72,-3,12,11,dime,6,pass,0,0,0,0
2025,19,SF,PHI,3,4,3,67,1,3008,,base,,punt,0,0,0,0
2025,19,PHI,SF,4,4,2,48,-1,2793,11,nickel,6,pass,0,0,0,0
2025,19,SF,PHI,5,4,7,49,1,2718,,,,punt,0,0,0,0
2025,19,PHI,SF,6,4,1,57,-1,2484,11,nickel,7,run,3,1,0,0
2025,19,PHI,SF,6,4,2,9,-1,2173,12,nickel,6,pass,9,1,1,0
2025,19,SF,PHI,7,4,2,18,-6,1974,,base,,field_goal,0,0,0,0
2025,19,PHI,SF,8,4,9,64,3,1922,heavy,base,,punt,0,0,0,0
2025,19,PHI,SF,10,4,3,63,3,1717,heavy,,,punt,0,0,0,0
2025,19,PHI,SF,12,4,14,56,3,1405,heavy,base,,punt,0,0,0,0
2025,19,SF,PHI,13,4,9,79,-3,1352,,,,punt,0,0,0,0
2025,19,PHI,SF,14,4,9,23,3,1035,,base,,field_goal,0,0,0,0
2025,19,PHI,SF,16,4,13,68,-1,805,heavy,base,,punt,0,0,0,0
2025,19,PHI,SF,18,4,4,15,-1,484,,base,,field_goal,0,0,0,0
2025,19,PHI,SF,20,4,5,60,-4,141,11,nickel,6,pass,15,1,0,0
2025,19,PHI,SF,20,4,11,21,-4,43,11,nickel,6,pass,0,0,0,0
2025,20,DEN,BUF,1,4,1,18,0,3247,11,nickel,5,run,4,1,0,0
2025,20,DEN,BUF,1,4,6,10,0,3153,,base,,field_goal,0,0,0,0
2025,20,BUF,DEN,2,4,1,2,-3,2793,11,dime,7,run,1,1,0,0
2025,20,DEN,BUF,3,4,10,80,-4,2689,,base,,punt,0,0,0,0
2025,20,BUF,DEN,6,4,9,14,-3,1937,,base,,field_goal,0,0,0,0
2025,20,DEN,BUF,11,4,8,15,10,1599,,base,,field_goal,0,0,0,0
2025,20,DEN,BUF,15,4,9,40,6,1058,11,base,,punt,0,0,0,0
2025,20,DEN,BUF,17,4,7,65,-1,717,,base,,punt,0,0,0,0
2025,20,BUF,DEN,18,4,8,12,1,254,,base,,field_goal,0,0,0,0
2025,20,BUF,DEN,20,4,10,32,-3,10,,base,,field_goal,0,0,0,0
2025,20,DEN,BUF,22,4,11,62,0,798,11,base,,punt,0,0,0,0
2025,20,NE,HOU,1,4,4,59,0,3528,,,,punt,0,0,0,0
2025,20,HOU,NE,2,4,7,71,0,3488,,nickel,,punt,0,0,0,0
2025,20,NE,HOU,3,4,1,28,0,3281,11,nickel,6,pass,28,1,1,0
2025,20,HOU,NE,4,4,6,6,-7,3029,,base,,field_goal,0,0,0,0
2025,20,NE,HOU,5,4,29,97,4,2931,,,,punt,0,0,0,0
2025,20,HOU,NE,6,4,1,38,-4,2844,12,base,7,run,2,1,0,0
2025,20,NE,HOU,9,4,9,61,-3,2449,,,,punt,0,0,0,0
2025,20,NE,HOU,12,4,8,46,4,2200,,,,punt,0,0,0,0
2025,20,HOU,NE,13,4,10,91,-4,2172,,nickel,,punt,0,0,0,0
2025,20,NE,HOU,16,4,7,49,11,1870,,,,punt,0,0,0,0
2025,20,HOU,NE,17,4,9,89,-11,1849,,nickel,,punt,0,0,0,0
2025,20,NE,HOU,18,4,11,46,11,1802,11,nickel,2,pass,0,0,0,1
2025,20,HOU,NE,19,4,2,7,-11,1488,,base,,field_goal,0,0,0,0
2025,20,NE,HOU,22,4,7,85,8,1114,,,,punt,0,0,0,0
2025,20,HOU,NE,23,4,8,33,-8,997,,base,,field_goal,0,0,0,0
2025,20,HOU,NE,25,4,6,73,-12,729,,nickel,,punt,0,0,0,0
2025,20,NE,HOU,26,4,8,52,12,354,,,,punt,0,0,0,0
2025,20,HOU,NE,27,4,18,79,-12,257,,nickel,,punt,0,0,0,0
2025,20,NE,HOU,28,4,10,61,12,114,,,,punt,0,0,0,0
2025,20,HOU,NE,29,4,4,53,-12,71,11,dime,5,pass,0,0,0,0
2025,20,CHI,LA,1,4,2,21,0,3482,12,base,5,pass,0,0,0,1
2025,20,CHI,LA,3,4,3,3,-7,2700,11,nickel,7,pass,3,1,1,0
2025,20,LA,CHI,4,4,4,59,0,2645,11,base,,punt,0,0,0,0
2025,20,CHI,LA,5,4,5,75,0,2552,11,base,,punt,0,0,0,0
2025,20,LA,CHI,6,4,11,59,0,2341,11,base,,punt,0,0,0,0
2025,20,CHI,LA,7,4,1,32,0,2070,heavy,base,7,run,0,0,0,0
2025,20,LA,CHI,8,4,22,75,0,1984,11,base,,punt,0,0,0,0
2025,20,CHI,LA,9,4,4,29,0,1875,,base,,field_goal,0,0,0,0
2025,20,LA,CHI,10,4,10,14,-3,1803,,base,,field_goal,0,0,0,0
2025,20,LA,CHI,11,4,4,55,0,1628,11,base,,punt,0,0,0,0
2025,20,CHI,LA,12,4,6,68,0,1360,12,base,,punt,0,0,0,0
2025,20,LA,CHI,13,4,3,69,0,1242,11,base,,punt,0,0,0,0
2025,20,LA,CHI,15,4,10,50,0,1129,12,base,,punt,0,0,0,0
2025,20,CHI,LA,16,4,2,55,0,900,12,base,,punt,0,0,0,0
2025,20,LA,CHI,17,4,1,7,0,564,11,nickel,6,run,2,1,0,0
2025,20,CHI,LA,18,4,2,2,-7,186,11,nickel,6,pass,0,0,0,0
2025,20,LA,CHI,19,4,7,83,7,120,12,base,,punt,0,0,0,0
2025,20,CHI,LA,20,4,4,14,-7,27,11,dime,7,pass,14,1,1,0
2025,20,LA,CHI,22,4,3,66,0,769,11,base,,punt,0,0,0,0
2025,20,CHI,LA,23,4,1,53,0,484,12,base,7,run,3,1,0,0
2025,20,LA,CHI,24,4,7,24,0,204,,base,,field_goal,0,0,0,0
2025,20,SF,SEA,2,4,1,40,-7,3381,12,nickel,7,run,-3,0,0,0
2025,20,SEA,SF,3,4,4,13,7,3010,,base,,field_goal,0,0,0,0
2025,20,SF,SEA,6,4,3,22,-17,2521,,,,field_goal,0,0,0,0
2025,20,SEA,SF,7,4,2,55,14,2421,11,,,punt,0,0,0,0
2025,20,SF,SEA,8,4,6,38,-14,2077,,,,field_goal,0,0,0,0
2025,20,SF,SEA,11,4,2,44,-18,1630,11,dime,5,pass,-14,0,0,0
2025,20,SEA,SF,12,4,2,6,18,1330,,base,,field_goal,0,0,0,0
2025,20,SF,SEA,15,4,3,62,-28,952,11,dime,6,pass,0,0,0,0
2025,20,SEA,SF,18,4,9,58,35,420,11,base,,punt,0,0,0,0
2025,20,SF,SEA,19,4,6,65,-35,270,,,,punt,0,0,0,0
2025,20,SEA,SF,20,4,1,77,35,130,,base,,punt,0,0,0,0
2025,21,LA,SEA,1,4,3,62,0,3520,11,,,punt,0,0,0,0
2025,21,LA,SEA,3,4,10,26,-7,3199,,,,field_goal,0,0,0,0
2025,21,SEA,LA,4,4,9,9,4,2758,,base,,field_goal,0,0,0,0
2025,21,LA,SEA,5,4,19,32,-7,2536,,,,field_goal,0,0,0,0
2025,21,SEA,LA,6,4,24,63,4,2367,,base,,punt,0,0,0,0
2025,21,SEA,LA,8,4,8,63,-3,1901,,base,,punt,0,0,0,0
2025,21,LA,SEA,9,4,5,67,3,1863,11,,,punt,0,0,0,0
2025,21,SEA,LA,12,4,20,73,4,1637,,base,,punt,0,0,0,1
2025,21,SEA,LA,17,4,10,44,4,744,,base,,punt,0,0,0,0
2025,21,LA,SEA,18,4,1,26,-4,496,11,nickel,6,run,3,1,0,0
2025,21,LA,SEA,18,4,4,6,-4,299,11,dime,7,pass,0,0,0,0
2025,21,SEA,LA,19,4,12,45,4,31,,base,,punt,0,0,0,0
2025,21,DEN,NE,1,4,9,64,0,3516,,nickel,,punt,0,0,0,0
2025,21,NE,DEN,2,4,4,86,0,3428,,base,,punt,0,0,0,0
2025,21,NE,DEN,4,4,9,56,-7,3106,,base,,punt,0,0,0,0
2025,21,DEN,NE,5,4,9,55,7,2848,,nickel,,punt,0,0,0,0
2025,21,NE,DEN,6,4,15,85,-7,2762,,base,,punt,0,0,0,0
2025,21,DEN,NE,7,4,1,14,7,2368,12,base,7,pass,0,0,0,0
2025,21,NE,DEN,8,4,3,62,-7,2157,,base,,punt,0,0,0,0
2025,21,DEN,NE,11,4,6,51,0,1902,,nickel,,punt,0,0,0,0
2025,21,NE,DEN,12,4,2,82,0,1857,,base,,punt,0,0,0,0
2025,21,DEN,NE,13,4,6,36,0,1824,,base,,field_goal,0,0,0,0
2025,21,NE,DEN,15,4,1,8,0,1390,12,,8,run,1,1,0,0
2025,21,NE,DEN,15,4,5,5,0,1232,,base,,field_goal,0,0,0,0
2025,21,DEN,NE,16,4,4,71,-3,1139,,nickel,,punt,0,0,0,0
2025,21,NE,DEN,17,4,7,28,3,915,,base,,field_goal,0,0,0,0
2025,21,DEN,NE,18,4,7,60,-3,858,,nickel,,punt,0,0,0,0
2025,21,NE,DEN,19,4,11,70,3,697,,base,,punt,0,0,0,0
2025,21,DEN,NE,20,4,6,53,-3,508,,nickel,,punt,0,0,0,0
2025,21,NE,DEN,21,4,11,93,3,421,,base,,punt,0,0,0,0
2025,21,DEN,NE,22,4,5,28,-3,286,,base,,field_goal,0,0,0,0
2025,21,NE,DEN,23,4,9,63,3,191,,base,,punt,0,0,0,0
2025,22,SEA,NE,1,4,7,14,0,3422,,base,,field_goal,0,0,0,0
2025,22,NE,SEA,2,4,9,44,-3,3138,,,,punt,0,0,0,0
2025,22,SEA,NE,3,4,6,86,3,3075,11,nickel,,punt,0,0,0,0
2025,22,NE,SEA,4,4,25,58,-3,2919,,,,punt,0,0,0,0
2025,22,SEA,NE,5,4,15,77,3,2732,11,nickel,,punt,0,0,0,0
2025,22,NE,SEA,6,4,5,63,-3,2658,,,,punt,0,0,0,0
2025,22,SEA,NE,7,4,14,21,3,2480,,base,,field_goal,0,0,0,0
2025,22,NE,SEA,8,4,12,67,-6,2363,,,,punt,0,0,0,0
2025,22,SEA,NE,9,4,5,42,6,2105,11,nickel,,punt,0,0,0,0
2025,22,NE,SEA,10,4,12,88,-6,1983,,,,punt,0,0,0,0
2025,22,SEA,NE,11,4,3,23,6,1816,,base,,field_goal,0,0,0,0
2025,22,NE,SEA,13,4,3,61,-9,1748,,,,punt,0,0,0,0
2025,22,SEA,NE,14,4,9,22,9,1457,,base,,field_goal,0,0,0,0
2025,22,NE,SEA,15,4,1,59,-12,1361,,,,punt,0,0,0,0
2025,22,SEA,NE,16,4,8,80,12,1224,11,nickel,,punt,0,0,0,0
2025,22,NE,SEA,17,4,4,67,-12,1125,,,,punt,0,0,0,0
2025,22,SEA,NE,18,4,4,73,12,1028,11,nickel,,punt,0,0,0,0
2025,22,SEA,NE,22,4,11,59,12,655,11,nickel,,punt,0,0,0,0
2025,22,SEA,NE,24,4,4,8,12,338,,base,,field_goal,0,0,0,0
2025,22,SEA,NE,27,4,22,58,16,117,11,nickel,,punt,0,0,0,0
