season,week,gameId,offense,defense,half,startYard,result,plays,netYards,firstCall,firstYards,spread,total
2022,1,2022_01_BAL_NYJ,NYJ,BAL,1,78,Punt,4,24,run,19,-6.5,44
2022,1,2022_01_BAL_NYJ,BAL,NYJ,2,75,Punt,6,11,run,2,6.5,44
2022,1,2022_01_BUF_LA,BUF,LA,1,75,Touchdown,9,75,pass,6,1,51.5
2022,1,2022_01_BUF_LA,LA,BUF,2,89,Punt,3,-1,run,2,-1,51.5
2022,1,2022_01_CLE_CAR,CAR,CLE,1,78,Punt,3,-1,pass,0,2.5,42.5
2022,1,2022_01_CLE_CAR,CLE,CAR,2,74,Field goal,12,58,pass,0,-2.5,42.5
2022,1,2022_01_DEN_SEA,SEA,DEN,1,70,Touchdown,6,70,run,0,-6,44
2022,1,2022_01_DEN_SEA,DEN,SEA,2,80,Turnover,10,78,run,-2,6,44
2022,1,2022_01_GB_MIN,MIN,GB,1,78,Touchdown,10,78,pass,12,2.5,47
2022,1,2022_01_GB_MIN,GB,MIN,2,82,Turnover,5,15,pass,2,-2.5,47
2022,1,2022_01_IND_HOU,IND,HOU,1,75,Punt,3,9,run,4,7,46
2022,1,2022_01_IND_HOU,HOU,IND,2,75,Field goal,4,50,pass,42,-7,46
2022,1,2022_01_JAX_WAS,JAX,WAS,1,75,Field goal,6,60,pass,25,-3,43.5
2022,1,2022_01_JAX_WAS,WAS,JAX,2,75,Punt,5,7,pass,0,3,43.5
2022,1,2022_01_KC_ARI,KC,ARI,1,75,Touchdown,11,75,run,9,6,54
2022,1,2022_01_KC_ARI,ARI,KC,2,74,Punt,5,0,run,1,-6,54
2022,1,2022_01_LV_LAC,LAC,LV,1,75,Field goal,11,50,run,8,3.5,52.5
2022,1,2022_01_LV_LAC,LV,LAC,2,75,Touchdown,5,75,pass,11,-3.5,52.5
2022,1,2022_01_NE_MIA,NE,MIA,1,75,Turnover,8,53,pass,9,-3,47
2022,1,2022_01_NE_MIA,MIA,NE,2,74,Punt,3,8,pass,7,3,47
2022,1,2022_01_NO_ATL,ATL,NO,1,75,Field goal,9,40,run,11,-6,43.5
2022,1,2022_01_NO_ATL,NO,ATL,2,75,Field goal,10,44,run,5,6,43.5
2022,1,2022_01_NYG_TEN,NYG,TEN,1,78,Punt,3,9,run,1,-5.5,43.5
2022,1,2022_01_NYG_TEN,TEN,NYG,2,76,Punt,3,9,run,7,5.5,43.5
2022,1,2022_01_PHI_DET,DET,PHI,1,75,Touchdown,9,75,pass,-1,-6,49
2022,1,2022_01_PHI_DET,PHI,DET,2,82,Touchdown,10,82,run,-1,6,49
2022,1,2022_01_PIT_CIN,PIT,CIN,1,75,Punt,3,9,pass,3,-7.5,44.5
2022,1,2022_01_PIT_CIN,CIN,PIT,2,75,Punt,3,8,run,5,7.5,44.5
2022,1,2022_01_SF_CHI,CHI,SF,1,77,Punt,3,-7,pass,0,-6.5,38
2022,1,2022_01_SF_CHI,SF,CHI,2,75,Field goal,10,68,run,11,6.5,38
2022,1,2022_01_TB_DAL,DAL,TB,1,86,Field goal,13,54,pass,7,-2.5,49.5
2022,1,2022_01_TB_DAL,TB,DAL,2,75,Punt,4,7,run,10,2.5,49.5
2022,2,2022_02_ARI_LV,LV,ARI,1,75,Touchdown,15,75,run,7,5.5,51.5
2022,2,2022_02_ARI_LV,ARI,LV,2,75,Punt,4,17,run,1,-5.5,51.5
2022,2,2022_02_ATL_LA,ATL,LA,1,75,Missed field goal,12,49,pass,10,-10.5,46.5
2022,2,2022_02_ATL_LA,LA,ATL,2,75,Touchdown,10,75,pass,15,10.5,46.5
2022,2,2022_02_CAR_NYG,NYG,CAR,1,22,Field goal,3,4,run,2,-1,44
2022,2,2022_02_CAR_NYG,NYG,CAR,2,75,Punt,3,-1,run,1,-1,44
2022,2,2022_02_CHI_GB,GB,CHI,1,75,Field goal,12,53,run,3,10.5,42
2022,2,2022_02_CHI_GB,CHI,GB,2,78,Punt,3,7,run,7,-10.5,42
2022,2,2022_02_CIN_DAL,DAL,CIN,1,75,Touchdown,12,75,run,4,-7.5,42
2022,2,2022_02_CIN_DAL,CIN,DAL,2,75,Field goal,10,43,run,10,7.5,42
2022,2,2022_02_HOU_DEN,HOU,DEN,1,75,Punt,3,8,pass,0,-10.5,46
2022,2,2022_02_HOU_DEN,DEN,HOU,2,85,Turnover,2,4,run,4,10.5,46
2022,2,2022_02_IND_JAX,IND,JAX,1,75,Turnover,7,35,pass,19,3,43.5
2022,2,2022_02_IND_JAX,JAX,IND,2,75,Punt,8,29,run,-1,-3,43.5
2022,2,2022_02_LAC_KC,KC,LAC,1,75,Punt,7,29,run,5,4,52.5
2022,2,2022_02_LAC_KC,LAC,KC,2,75,Touchdown,11,75,run,2,-4,52.5
2022,2,2022_02_MIA_BAL,MIA,BAL,1,75,Turnover,8,46,run,7,-3,44
2022,2,2022_02_MIA_BAL,MIA,BAL,2,75,Touchdown,12,75,pass,3,-3,44
2022,2,2022_02_MIN_PHI,PHI,MIN,1,82,Touchdown,11,82,pass,5,2.5,49.5
2022,2,2022_02_MIN_PHI,MIN,PHI,2,79,Turnover,9,60,run,5,-2.5,49.5
2022,2,2022_02_NE_PIT,PIT,NE,1,75,Punt,3,6,run,2,-3,40
2022,2,2022_02_NE_PIT,NE,PIT,2,75,Missed field goal,10,41,run,5,3,40
2022,2,2022_02_NYJ_CLE,NYJ,CLE,1,69,Punt,3,9,run,1,-6.5,38.5
2022,2,2022_02_NYJ_CLE,CLE,NYJ,2,80,Field goal,10,76,run,5,6.5,38.5
2022,2,2022_02_SEA_SF,SF,SEA,1,75,Field goal,10,73,run,6,8.5,40
2022,2,2022_02_SEA_SF,SEA,SF,2,84,Punt,3,8,pass,-8,-8.5,40
2022,2,2022_02_TB_NO,NO,TB,1,75,Field goal,10,63,pass,2,-2.5,44
2022,2,2022_02_TB_NO,TB,NO,2,74,Punt,8,19,run,3,2.5,44
2022,2,2022_02_TEN_BUF,BUF,TEN,1,75,Touchdown,12,75,pass,4,10,47.5
2022,2,2022_02_TEN_BUF,TEN,BUF,2,75,Punt,5,20,pass,0,-10,47.5
2022,2,2022_02_WAS_DET,DET,WAS,1,75,Punt,3,-14,pass,3,-1,48.5
2022,2,2022_02_WAS_DET,WAS,DET,2,64,Touchdown,5,64,run,4,1,48.5
2022,3,2022_03_ATL_SEA,SEA,ATL,1,75,Field goal,10,61,run,10,1,43
2022,3,2022_03_ATL_SEA,ATL,SEA,2,75,Field goal,8,39,run,5,-1,43
2022,3,2022_03_BAL_NE,BAL,NE,1,75,Punt,3,6,pass,0,2.5,45.5
2022,3,2022_03_BAL_NE,NE,BAL,2,75,Touchdown,7,75,run,2,-2.5,45.5
2022,3,2022_03_BUF_MIA,BUF,MIA,1,75,Touchdown,10,75,pass,28,4,54
2022,3,2022_03_BUF_MIA,MIA,BUF,2,75,Punt,4,21,pass,22,-4,54
2022,3,2022_03_CIN_NYJ,CIN,NYJ,1,75,Touchdown,11,75,pass,13,6.5,46
2022,3,2022_03_CIN_NYJ,NYJ,CIN,2,75,Turnover,3,-2,pass,0,-6.5,46
2022,3,2022_03_DAL_NYG,DAL,NYG,1,75,Punt,5,25,pass,15,-1,38.5
2022,3,2022_03_DAL_NYG,NYG,DAL,2,75,Field goal,9,42,run,4,1,38.5
2022,3,2022_03_DET_MIN,DET,MIN,1,80,Missed field goal,6,50,run,6,-6.5,52
2022,3,2022_03_DET_MIN,MIN,DET,2,74,Punt,3,2,run,2,6.5,52
2022,3,2022_03_GB_TB,TB,GB,1,75,Field goal,9,48,pass,24,1,41.5
2022,3,2022_03_GB_TB,GB,TB,2,75,Punt,4,7,pass,8,-1,41.5
2022,3,2022_03_HOU_CHI,CHI,HOU,1,75,Field goal,8,45,run,0,3,40
2022,3,2022_03_HOU_CHI,HOU,CHI,2,75,Field goal,6,54,pass,12,-3,40
2022,3,2022_03_JAX_LAC,JAX,LAC,1,75,Turnover on downs,6,36,pass,6,-6.5,46
2022,3,2022_03_JAX_LAC,LAC,JAX,2,75,Field goal,9,68,run,2,6.5,46
2022,3,2022_03_KC_IND,IND,KC,1,66,Punt,3,5,pass,0,-4.5,51
2022,3,2022_03_KC_IND,KC,IND,2,74,Field goal,14,72,pass,11,4.5,51
2022,3,2022_03_LA_ARI,ARI,LA,1,75,Punt,3,8,pass,6,-3.5,49
2022,3,2022_03_LA_ARI,LA,ARI,2,75,Punt,3,5,run,5,3.5,49
2022,3,2022_03_LV_TEN,TEN,LV,1,75,Touchdown,12,75,run,-3,-1.5,45.5
2022,3,2022_03_LV_TEN,LV,TEN,2,75,Field goal,13,61,run,1,1.5,45.5
2022,3,2022_03_NO_CAR,CAR,NO,1,73,Punt,4,15,run,14,-2,41
2022,3,2022_03_NO_CAR,NO,CAR,2,92,Missed field goal,13,62,run,6,2,41
2022,3,2022_03_PHI_WAS,WAS,PHI,1,75,Punt,4,13,run,15,-6,47
2022,3,2022_03_PHI_WAS,PHI,WAS,2,75,Punt,4,31,pass,40,6,47
2022,3,2022_03_PIT_CLE,CLE,PIT,1,75,Punt,5,14,run,1,4.5,38
2022,3,2022_03_PIT_CLE,PIT,CLE,2,84,Punt,10,43,pass,1,-4.5,38
2022,3,2022_03_SF_DEN,SF,DEN,1,90,Punt,5,16,run,2,1,44
2022,3,2022_03_SF_DEN,DEN,SF,2,75,Punt,3,-4,run,4,-1,44
2022,4,2022_04_ARI_CAR,ARI,CAR,1,76,Punt,3,6,pass,6,-1,44
2022,4,2022_04_ARI_CAR,CAR,ARI,2,75,Punt,3,-4,run,5,1,44
2022,4,2022_04_BUF_BAL,BUF,BAL,1,75,Turnover,3,1,run,1,3,50
2022,4,2022_04_BUF_BAL,BAL,BUF,2,70,Punt,3,0,pass,0,-3,50
2022,4,2022_04_CHI_NYG,NYG,CHI,1,75,Punt,3,1,run,0,3,39
2022,4,2022_04_CHI_NYG,CHI,NYG,2,75,Field goal,8,58,pass,23,-3,39
2022,4,2022_04_CLE_ATL,CLE,ATL,1,75,Turnover on downs,8,71,pass,13,1,48
2022,4,2022_04_CLE_ATL,ATL,CLE,2,75,Punt,3,4,pass,0,-1,48
2022,4,2022_04_DEN_LV,LV,DEN,1,68,Field goal,10,60,run,5,2.5,45.5
2022,4,2022_04_DEN_LV,DEN,LV,2,75,Punt,5,12,run,-1,-2.5,45.5
2022,4,2022_04_JAX_PHI,JAX,PHI,1,77,Punt,3,5,run,5,-6.5,44
2022,4,2022_04_JAX_PHI,PHI,JAX,2,70,Punt,4,23,pass,22,6.5,44
2022,4,2022_04_KC_TB,KC,TB,1,21,Touchdown,2,21,run,5,-1,46.5
2022,4,2022_04_KC_TB,KC,TB,2,75,Field goal,9,49,pass,15,-1,46.5
2022,4,2022_04_LAC_HOU,HOU,LAC,1,75,Turnover,3,5,run,4,-5.5,45
2022,4,2022_04_LAC_HOU,LAC,HOU,2,79,Punt,3,6,run,4,5.5,45
2022,4,2022_04_LA_SF,LA,SF,1,75,Field goal,13,54,run,4,-1,42
2022,4,2022_04_LA_SF,SF,LA,2,75,Punt,5,26,run,1,1,42
2022,4,2022_04_MIA_CIN,CIN,MIA,1,75,Touchdown,9,75,run,1,4,48.5
2022,4,2022_04_MIA_CIN,MIA,CIN,2,76,Punt,3,-5,run,0,-4,48.5
2022,4,2022_04_MIN_NO,MIN,NO,1,75,Touchdown,13,75,pass,10,4,42
2022,4,2022_04_MIN_NO,NO,MIN,2,80,Punt,4,23,pass,20,-4,42
2022,4,2022_04_NE_GB,NE,GB,1,75,Field goal,9,56,run,5,-10,40.5
2022,4,2022_04_NE_GB,GB,NE,2,81,Touchdown,10,81,pass,0,10,40.5
2022,4,2022_04_NYJ_PIT,PIT,NYJ,1,75,Punt,8,30,run,6,3,41
2022,4,2022_04_NYJ_PIT,NYJ,PIT,2,75,Punt,3,1,run,1,-3,41
2022,4,2022_04_SEA_DET,SEA,DET,1,75,Touchdown,11,75,pass,9,-3,48.5
2022,4,2022_04_SEA_DET,DET,SEA,2,75,Opp touchdown,1,0,pass,0,3,48.5
2022,4,2022_04_TEN_IND,IND,TEN,1,75,Turnover,10,8,run,1,4.5,43
2022,4,2022_04_TEN_IND,TEN,IND,2,76,Punt,3,-6,run,3,-4.5,43
2022,4,2022_04_WAS_DAL,DAL,WAS,1,75,Field goal,6,40,run,5,3,40.5
2022,4,2022_04_WAS_DAL,WAS,DAL,2,75,Punt,6,13,run,-2,-3,40.5
2022,5,2022_05_ATL_TB,TB,ATL,1,81,Punt,5,16,pass,0,10.5,46
2022,5,2022_05_ATL_TB,ATL,TB,2,87,Punt,7,23,pass,9,-10.5,46
2022,5,2022_05_CHI_MIN,MIN,CHI,1,86,Touchdown,12,86,run,4,10,44
2022,5,2022_05_CHI_MIN,CHI,MIN,2,67,Touchdown,9,65,run,3,-10,44
2022,5,2022_05_CIN_BAL,CIN,BAL,1,75,Punt,4,17,pass,11,-3,47.5
2022,5,2022_05_CIN_BAL,BAL,CIN,2,60,Turnover on downs,6,19,pass,0,3,47.5
2022,5,2022_05_DAL_LA,LA,DAL,1,75,Opp touchdown,4,60,pass,3,5.5,42
2022,5,2022_05_DAL_LA,DAL,LA,2,75,Field goal,12,53,pass,5,-5.5,42
2022,5,2022_05_DET_NE,DET,NE,1,75,Turnover on downs,7,20,run,3,-3,46.5
2022,5,2022_05_DET_NE,NE,DET,2,75,Field goal,8,56,pass,0,3,46.5
2022,5,2022_05_HOU_JAX,HOU,JAX,1,75,Punt,3,4,pass,0,-7,44
2022,5,2022_05_HOU_JAX,JAX,HOU,2,75,Turnover,9,68,run,2,7,44
2022,5,2022_05_IND_DEN,IND,DEN,1,75,Punt,3,8,pass,0,-3.5,42
2022,5,2022_05_IND_DEN,DEN,IND,2,75,Punt,4,11,pass,10,3.5,42
2022,5,2022_05_LAC_CLE,CLE,LAC,1,75,Touchdown,5,75,run,1,-1,47
2022,5,2022_05_LAC_CLE,LAC,CLE,2,75,Touchdown,9,75,run,6,1,47
2022,5,2022_05_LV_KC,LV,KC,1,75,Punt,3,1,run,3,-7.5,51.5
2022,5,2022_05_LV_KC,KC,LV,2,75,Touchdown,12,75,pass,8,7.5,51.5
2022,5,2022_05_MIA_NYJ,NYJ,MIA,1,75,Punt,4,19,pass,11,-3,46
2022,5,2022_05_MIA_NYJ,MIA,NYJ,2,75,Field goal,10,47,run,0,3,46
2022,5,2022_05_NYG_GB,GB,NYG,1,76,Field goal,8,54,run,2,8.5,42
2022,5,2022_05_NYG_GB,NYG,GB,2,70,Field goal,10,51,run,5,-8.5,42
2022,5,2022_05_PHI_ARI,ARI,PHI,1,83,Punt,5,11,run,4,-5.5,48.5
2022,5,2022_05_PHI_ARI,PHI,ARI,2,75,Field goal,9,51,run,12,5.5,48.5
2022,5,2022_05_PIT_BUF,BUF,PIT,1,98,Touchdown,3,98,pass,0,14,44
2022,5,2022_05_PIT_BUF,PIT,BUF,2,75,Turnover on downs,8,55,pass,23,-14,44
2022,5,2022_05_SEA_NO,NO,SEA,1,78,Field goal,9,41,run,6,5.5,45.5
2022,5,2022_05_SEA_NO,SEA,NO,2,77,Turnover,1,8,pass,8,-5.5,45.5
2022,5,2022_05_SF_CAR,SF,CAR,1,75,Touchdown,7,75,pass,5,6,40
2022,5,2022_05_SF_CAR,CAR,SF,2,51,Touchdown,8,50,run,5,-6,40
2022,5,2022_05_TEN_WAS,TEN,WAS,1,75,Punt,3,4,pass,-7,1,43
2022,5,2022_05_TEN_WAS,WAS,TEN,2,84,Punt,4,40,pass,34,-1,43
2022,6,2022_06_ARI_SEA,ARI,SEA,1,81,Field goal,9,76,pass,3,2.5,50
2022,6,2022_06_ARI_SEA,SEA,ARI,2,75,Punt,3,-11,pass,7,-2.5,50
2022,6,2022_06_BAL_NYG,BAL,NYG,1,75,Punt,8,33,run,6,5.5,46
2022,6,2022_06_BAL_NYG,NYG,BAL,2,75,Punt,5,14,run,5,-5.5,46
2022,6,2022_06_BUF_KC,BUF,KC,1,75,Turnover,9,62,pass,-1,2.5,54
2022,6,2022_06_BUF_KC,KC,BUF,2,84,Missed field goal,10,51,run,11,-2.5,54
2022,6,2022_06_CAR_LA,CAR,LA,1,75,Field goal,11,51,run,6,-10,41.5
2022,6,2022_06_CAR_LA,LA,CAR,2,75,Punt,3,-4,pass,7,10,41.5
2022,6,2022_06_CIN_NO,CIN,NO,1,75,Punt,3,-1,run,5,3,42.5
2022,6,2022_06_CIN_NO,NO,CIN,2,75,Field goal,13,56,pass,0,-3,42.5
2022,6,2022_06_DAL_PHI,DAL,PHI,1,84,Punt,3,9,run,8,-6.5,42.5
2022,6,2022_06_DAL_PHI,PHI,DAL,2,75,Punt,4,15,pass,14,6.5,42.5
2022,6,2022_06_DEN_LAC,LAC,DEN,1,45,Punt,7,6,run,8,3.5,45.5
2022,6,2022_06_DEN_LAC,DEN,LAC,2,75,Punt,3,8,run,8,-3.5,45.5
2022,6,2022_06_JAX_IND,IND,JAX,1,86,Punt,7,38,pass,0,1,41
2022,6,2022_06_JAX_IND,JAX,IND,2,75,Touchdown,7,75,run,27,-1,41
2022,6,2022_06_MIN_MIA,MIN,MIA,1,75,Punt,3,8,pass,8,3,45
2022,6,2022_06_MIN_MIA,MIA,MIN,2,75,Turnover on downs,4,9,pass,2,-3,45
2022,6,2022_06_NE_CLE,CLE,NE,1,75,Turnover,2,6,pass,6,2.5,43
2022,6,2022_06_NE_CLE,NE,CLE,2,75,Touchdown,7,75,run,1,-2.5,43
2022,6,2022_06_NYJ_GB,GB,NYJ,1,75,Punt,3,1,run,1,7.5,44.5
2022,6,2022_06_NYJ_GB,NYJ,GB,2,75,Punt,3,1,run,1,-7.5,44.5
2022,6,2022_06_SF_ATL,ATL,SF,1,74,Touchdown,11,74,pass,2,-3.5,46
2022,6,2022_06_SF_ATL,SF,ATL,2,70,Punt,3,5,pass,0,3.5,46
2022,6,2022_06_TB_PIT,TB,PIT,1,75,Punt,3,1,run,1,10,47
2022,6,2022_06_TB_PIT,PIT,TB,2,12,Field goal,3,5,pass,5,-10,47
2022,6,2022_06_WAS_CHI,CHI,WAS,1,75,Punt,7,6,run,8,-1,38.5
2022,6,2022_06_WAS_CHI,WAS,CHI,2,75,Punt,5,19,run,4,1,38.5
2022,7,2022_07_ATL_CIN,CIN,ATL,1,84,Touchdown,4,84,pass,11,6.5,47.5
2022,7,2022_07_ATL_CIN,ATL,CIN,2,75,Punt,3,1,run,1,-6.5,47.5
2022,7,2022_07_CHI_NE,NE,CHI,1,83,Punt,3,5,run,0,9.5,40
2022,7,2022_07_CHI_NE,CHI,NE,2,76,Field goal,9,56,run,4,-9.5,40
2022,7,2022_07_CLE_BAL,CLE,BAL,1,75,Touchdown,11,75,run,5,-6.5,46
2022,7,2022_07_CLE_BAL,BAL,CLE,2,75,Punt,3,-19,pass,-7,6.5,46
2022,7,2022_07_DET_DAL,DAL,DET,1,75,Punt,3,-7,pass,0,7,49.5
2022,7,2022_07_DET_DAL,DET,DAL,2,75,Turnover,3,24,pass,16,-7,49.5
2022,7,2022_07_GB_WAS,GB,WAS,1,75,Punt,5,17,run,8,4,41.5
2022,7,2022_07_GB_WAS,WAS,GB,2,74,Touchdown,5,74,pass,4,-4,41.5
2022,7,2022_07_HOU_LV,LV,HOU,1,76,Field goal,10,44,run,7,7,46
2022,7,2022_07_HOU_LV,HOU,LV,2,84,Field goal,7,67,run,5,-7,46
2022,7,2022_07_IND_TEN,TEN,IND,1,83,Punt,5,9,pass,6,2.5,43
2022,7,2022_07_IND_TEN,IND,TEN,2,83,Punt,6,23,pass,11,-2.5,43
2022,7,2022_07_KC_SF,SF,KC,1,75,Field goal,9,63,run,7,-1,49
2022,7,2022_07_KC_SF,KC,SF,2,33,Touchdown,3,33,run,3,1,49
2022,7,2022_07_NO_ARI,NO,ARI,1,75,Touchdown,4,75,pass,6,-2.5,44
2022,7,2022_07_NO_ARI,ARI,NO,2,75,Punt,3,5,pass,5,2.5,44
2022,7,2022_07_NYG_JAX,NYG,JAX,1,75,Touchdown,9,75,pass,12,-3,44
2022,7,2022_07_NYG_JAX,JAX,NYG,2,73,Touchdown,7,73,run,49,3,44
2022,7,2022_07_NYJ_DEN,NYJ,DEN,1,75,Punt,3,0,pass,0,2,37
2022,7,2022_07_NYJ_DEN,DEN,NYJ,2,75,Punt,6,23,pass,0,-2,37
2022,7,2022_07_PIT_MIA,MIA,PIT,1,76,Touchdown,9,76,pass,-4,7.5,44.5
2022,7,2022_07_PIT_MIA,PIT,MIA,2,73,Punt,3,-2,run,-1,-7.5,44.5
2022,7,2022_07_SEA_LAC,SEA,LAC,1,81,Turnover,4,31,pass,16,-5.5,51.5
2022,7,2022_07_SEA_LAC,LAC,SEA,2,77,Punt,6,29,run,2,5.5,51.5
2022,7,2022_07_TB_CAR,TB,CAR,1,75,Punt,5,10,run,1,13,39.5
2022,7,2022_07_TB_CAR,CAR,TB,2,75,Punt,3,6,pass,0,-13,39.5
2022,8,2022_08_ARI_MIN,MIN,ARI,1,70,Touchdown,10,70,run,3,4,48.5
2022,8,2022_08_ARI_MIN,ARI,MIN,2,92,Punt,3,12,pass,3,-4,48.5
2022,8,2022_08_BAL_TB,BAL,TB,1,79,Punt,4,23,pass,22,-2,46
2022,8,2022_08_BAL_TB,TB,BAL,2,75,Punt,3,4,run,4,2,46
2022,8,2022_08_CAR_ATL,ATL,CAR,1,75,Turnover,2,0,pass,0,4.5,41
2022,8,2022_08_CAR_ATL,CAR,ATL,2,75,Field goal,8,51,pass,2,-4.5,41
2022,8,2022_08_CHI_DAL,DAL,CHI,1,75,Touchdown,11,75,pass,4,10.5,43
2022,8,2022_08_CHI_DAL,CHI,DAL,2,75,Punt,3,7,run,3,-10.5,43
2022,8,2022_08_CIN_CLE,CIN,CLE,1,81,Turnover,9,54,run,4,3,45
2022,8,2022_08_CIN_CLE,CLE,CIN,2,75,Touchdown,11,75,run,5,-3,45
2022,8,2022_08_DEN_JAX,DEN,JAX,1,78,Punt,3,-3,pass,0,-1,41
2022,8,2022_08_DEN_JAX,JAX,DEN,2,76,Punt,8,29,run,1,1,41
2022,8,2022_08_GB_BUF,BUF,GB,1,75,Punt,3,6,run,6,10.5,47
2022,8,2022_08_GB_BUF,GB,BUF,2,87,Field goal,7,67,run,32,-10.5,47
2022,8,2022_08_LV_NO,LV,NO,1,75,Punt,3,-2,run,1,1,48.5
2022,8,2022_08_LV_NO,NO,LV,2,75,Touchdown,7,75,run,1,-1,48.5
2022,8,2022_08_MIA_DET,DET,MIA,1,75,Touchdown,5,75,pass,10,-3.5,52
2022,8,2022_08_MIA_DET,MIA,DET,2,75,Touchdown,9,75,pass,20,3.5,52
2022,8,2022_08_NE_NYJ,NYJ,NE,1,82,Punt,3,5,run,5,-3,40
2022,8,2022_08_NE_NYJ,NE,NYJ,2,62,Touchdown,6,62,run,35,3,40
2022,8,2022_08_NYG_SEA,SEA,NYG,1,71,Punt,6,13,run,3,3,44.5
2022,8,2022_08_NYG_SEA,NYG,SEA,2,92,Field goal,13,79,run,2,-3,44.5
2022,8,2022_08_PIT_PHI,PIT,PHI,1,75,Punt,3,-7,run,0,-11,43
2022,8,2022_08_PIT_PHI,PHI,PIT,2,75,Touchdown,5,75,pass,0,11,43
2022,8,2022_08_SF_LA,LA,SF,1,71,Punt,3,-2,run,0,-1,42
2022,8,2022_08_SF_LA,SF,LA,2,75,Punt,4,22,run,25,1,42
2022,8,2022_08_TEN_HOU,TEN,HOU,1,75,Missed field goal,5,40,run,2,1,39
2022,8,2022_08_TEN_HOU,HOU,TEN,2,75,Punt,4,12,pass,16,-1,39
2022,8,2022_08_WAS_IND,IND,WAS,1,75,Punt,3,8,run,2,3,40.5
2022,8,2022_08_WAS_IND,WAS,IND,2,75,Turnover on downs,6,25,pass,6,-3,40.5
2022,9,2022_09_BAL_NO,NO,BAL,1,75,Punt,4,19,pass,15,-1,46
2022,9,2022_09_BAL_NO,BAL,NO,2,75,Field goal,11,61,run,8,1,46
2022,9,2022_09_BUF_NYJ,BUF,NYJ,1,55,Turnover,3,42,pass,42,11,46
2022,9,2022_09_BUF_NYJ,NYJ,BUF,2,80,Turnover,14,52,pass,19,-11,46
2022,9,2022_09_CAR_CIN,CIN,CAR,1,90,Touchdown,9,90,pass,5,7,43
2022,9,2022_09_CAR_CIN,CAR,CIN,2,37,Touchdown,8,37,pass,0,-7,43
2022,9,2022_09_GB_DET,DET,GB,1,62,Turnover on downs,9,55,run,4,-4,49.5
2022,9,2022_09_GB_DET,GB,DET,2,67,Punt,6,23,run,6,4,49.5
2022,9,2022_09_IND_NE,NE,IND,1,75,Punt,3,-2,run,-2,5,40
2022,9,2022_09_IND_NE,IND,NE,2,75,Punt,3,1,run,2,-5,40
2022,9,2022_09_LAC_ATL,ATL,LAC,1,75,Touchdown,8,75,pass,9,-2.5,49.5
2022,9,2022_09_LAC_ATL,LAC,ATL,2,79,Punt,3,3,pass,0,2.5,49.5
2022,9,2022_09_LA_TB,LA,TB,1,73,Punt,3,5,pass,0,-3,43
2022,9,2022_09_LA_TB,TB,LA,2,75,Punt,3,-1,run,-1,3,43
2022,9,2022_09_LV_JAX,LV,JAX,1,75,Punt,3,0,pass,0,2.5,47.5
2022,9,2022_09_LV_JAX,JAX,LV,2,45,Touchdown,9,45,run,5,-2.5,47.5
2022,9,2022_09_MIA_CHI,CHI,MIA,1,75,Field goal,7,61,pass,7,-4,46
2022,9,2022_09_MIA_CHI,MIA,CHI,2,75,Touchdown,4,75,pass,22,4,46
2022,9,2022_09_MIN_WAS,MIN,WAS,1,78,Touchdown,9,78,run,-1,3,43.5
2022,9,2022_09_MIN_WAS,WAS,MIN,2,52,Touchdown,2,52,run,3,-3,43.5
2022,9,2022_09_PHI_HOU,HOU,PHI,1,75,Touchdown,9,75,run,11,-14,45.5
2022,9,2022_09_PHI_HOU,PHI,HOU,2,83,Punt,3,-2,pass,-6,14,45.5
2022,9,2022_09_SEA_ARI,SEA,ARI,1,65,Field goal,7,34,pass,3,-1.5,49.5
2022,9,2022_09_SEA_ARI,ARI,SEA,2,74,Punt,3,6,run,2,1.5,49.5
2022,9,2022_09_TEN_KC,KC,TEN,1,74,Field goal,14,69,pass,2,14,45
2022,9,2022_09_TEN_KC,TEN,KC,2,84,Punt,3,7,run,1,-14,45
2022,10,2022_10_ARI_LA,LA,ARI,1,75,Field goal,13,57,pass,8,3.5,38
2022,10,2022_10_ARI_LA,ARI,LA,2,75,Punt,5,14,pass,0,-3.5,38
2022,10,2022_10_ATL_CAR,ATL,CAR,1,83,Punt,6,9,run,3,2.5,41.5
2022,10,2022_10_ATL_CAR,CAR,ATL,2,75,Punt,3,-6,pass,0,-2.5,41.5
2022,10,2022_10_CLE_MIA,CLE,MIA,1,53,Touchdown,4,53,pass,38,-3,49
2022,10,2022_10_CLE_MIA,MIA,CLE,2,70,Touchdown,6,70,pass,14,3,49
2022,10,2022_10_DAL_GB,DAL,GB,1,61,Punt,3,1,run,1,3.5,44.5
2022,10,2022_10_DAL_GB,GB,DAL,2,70,Punt,6,28,pass,11,-3.5,44.5
2022,10,2022_10_DEN_TEN,TEN,DEN,1,75,Punt,3,7,run,2,2.5,40
2022,10,2022_10_DEN_TEN,DEN,TEN,2,75,Punt,3,5,pass,0,-2.5,40
2022,10,2022_10_DET_CHI,CHI,DET,1,75,Field goal,7,60,run,28,3,48.5
2022,10,2022_10_DET_CHI,DET,CHI,2,75,Punt,3,7,run,6,-3,48.5
2022,10,2022_10_HOU_NYG,HOU,NYG,1,62,Punt,3,-13,pass,0,-5.5,41.5
2022,10,2022_10_HOU_NYG,NYG,HOU,2,75,Touchdown,5,75,run,8,5.5,41.5
2022,10,2022_10_IND_LV,LV,IND,1,70,Punt,3,5,pass,0,4.5,41
2022,10,2022_10_IND_LV,IND,LV,2,75,Missed field goal,10,45,run,5,-4.5,41
2022,10,2022_10_JAX_KC,JAX,KC,1,54,Punt,5,15,run,7,-10,51.5
2022,10,2022_10_JAX_KC,JAX,KC,2,75,Field goal,16,58,run,10,-10,51.5
2022,10,2022_10_LAC_SF,LAC,SF,1,75,Touchdown,7,75,run,0,-8.5,45.5
2022,10,2022_10_LAC_SF,SF,LAC,2,75,Field goal,11,67,pass,21,8.5,45.5
2022,10,2022_10_MIN_BUF,BUF,MIN,1,76,Punt,3,2,pass,-4,6.5,47
2022,10,2022_10_MIN_BUF,MIN,BUF,2,78,Turnover,6,42,run,3,-6.5,47
2022,10,2022_10_NO_PIT,PIT,NO,1,75,Punt,6,21,pass,0,1,39.5
2022,10,2022_10_NO_PIT,NO,PIT,2,75,Punt,3,8,pass,8,-1,39.5
2022,10,2022_10_SEA_TB,TB,SEA,1,84,Punt,3,0,run,0,2.5,45
2022,10,2022_10_SEA_TB,SEA,TB,2,75,Field goal,7,53,pass,13,-2.5,45
2022,10,2022_10_WAS_PHI,WAS,PHI,1,92,Turnover,4,10,run,3,-11,43
2022,10,2022_10_WAS_PHI,PHI,WAS,2,75,Punt,3,7,run,3,11,43
2022,11,2022_11_CAR_BAL,BAL,CAR,1,75,Punt,5,32,pass,12,13,42
2022,11,2022_11_CAR_BAL,CAR,BAL,2,69,Punt,3,4,pass,4,-13,42
2022,11,2022_11_CHI_ATL,ATL,CHI,1,75,Touchdown,10,75,pass,0,3,48.5
2022,11,2022_11_CHI_ATL,CHI,ATL,2,75,Punt,3,0,pass,-6,-3,48.5
2022,11,2022_11_CIN_PIT,CIN,PIT,1,62,Punt,3,2,run,4,3.5,39
2022,11,2022_11_CIN_PIT,PIT,CIN,2,75,Punt,3,1,pass,1,-3.5,39
2022,11,2022_11_CLE_BUF,CLE,BUF,1,75,Touchdown,9,75,pass,17,-7.5,50.5
2022,11,2022_11_CLE_BUF,BUF,CLE,2,74,Field goal,7,36,pass,16,7.5,50.5
2022,11,2022_11_DAL_MIN,MIN,DAL,1,75,Turnover,3,2,run,4,-1.5,48.5
2022,11,2022_11_DAL_MIN,DAL,MIN,2,75,Touchdown,5,75,run,1,1.5,48.5
2022,11,2022_11_DET_NYG,NYG,DET,1,77,Punt,3,-4,run,-3,3,44
2022,11,2022_11_DET_NYG,DET,NYG,2,56,Touchdown,9,56,pass,0,-3,44
2022,11,2022_11_KC_LAC,KC,LAC,1,75,Field goal,10,60,run,3,5.5,52.5
2022,11,2022_11_KC_LAC,LAC,KC,2,89,Punt,5,9,run,4,-5.5,52.5
2022,11,2022_11_LA_NO,LA,NO,1,75,Punt,3,8,run,4,-2.5,39.5
2022,11,2022_11_LA_NO,NO,LA,2,75,Touchdown,9,75,pass,18,2.5,39.5
2022,11,2022_11_LV_DEN,LV,DEN,1,74,Punt,8,36,run,3,-2.5,41.5
2022,11,2022_11_LV_DEN,DEN,LV,2,87,Punt,3,-1,run,-4,2.5,41.5
2022,11,2022_11_NYJ_NE,NE,NYJ,1,75,Punt,3,4,pass,-7,3.5,38.5
2022,11,2022_11_NYJ_NE,NYJ,NE,2,66,Punt,3,-6,pass,0,-3.5,38.5
2022,11,2022_11_PHI_IND,IND,PHI,1,75,Touchdown,10,75,run,3,-6.5,45.5
2022,11,2022_11_PHI_IND,PHI,IND,2,75,Turnover,1,-3,pass,-3,6.5,45.5
2022,11,2022_11_SF_ARI,ARI,SF,1,75,Punt,3,0,run,-6,-10,43.5
2022,11,2022_11_SF_ARI,SF,ARI,2,75,Touchdown,8,75,run,5,10,43.5
2022,11,2022_11_TEN_GB,TEN,GB,1,83,Touchdown,8,83,pass,0,-3,40.5
2022,11,2022_11_TEN_GB,GB,TEN,2,72,Field goal,12,51,pass,9,3,40.5
2022,11,2022_11_WAS_HOU,WAS,HOU,1,76,Punt,3,1,run,1,3,41
2022,11,2022_11_WAS_HOU,HOU,WAS,2,75,Field goal,10,64,pass,9,-3,41
2022,12,2022_12_ATL_WAS,ATL,WAS,1,75,Field goal,10,46,run,3,-3.5,40.5
2022,12,2022_12_ATL_WAS,WAS,ATL,2,75,Punt,6,25,run,6,3.5,40.5
2022,12,2022_12_BAL_JAX,BAL,JAX,1,75,Field goal,10,65,pass,25,3.5,43
2022,12,2022_12_BAL_JAX,JAX,BAL,2,75,Punt,3,7,pass,0,-3.5,43
2022,12,2022_12_BUF_DET,DET,BUF,1,76,Punt,3,0,run,0,-10,54
2022,12,2022_12_BUF_DET,BUF,DET,2,75,Turnover,10,65,run,5,10,54
2022,12,2022_12_CHI_NYJ,NYJ,CHI,1,75,Touchdown,9,75,run,6,8.5,36.5
2022,12,2022_12_CHI_NYJ,CHI,NYJ,2,75,Punt,3,-3,pass,-7,-8.5,36.5
2022,12,2022_12_CIN_TEN,CIN,TEN,1,75,Punt,7,21,pass,7,1,43
2022,12,2022_12_CIN_TEN,TEN,CIN,2,82,Punt,3,-6,run,4,-1,43
2022,12,2022_12_DEN_CAR,CAR,DEN,1,75,Punt,4,19,pass,15,-1,36.5
2022,12,2022_12_DEN_CAR,DEN,CAR,2,75,Punt,3,8,run,0,1,36.5
2022,12,2022_12_GB_PHI,PHI,GB,1,75,Touchdown,10,75,pass,0,6.5,46
2022,12,2022_12_GB_PHI,GB,PHI,2,53,Punt,3,-2,run,2,-6.5,46
2022,12,2022_12_HOU_MIA,HOU,MIA,1,75,Punt,3,4,run,1,-14,47
2022,12,2022_12_HOU_MIA,MIA,HOU,2,75,Punt,6,23,run,7,14,47
2022,12,2022_12_LAC_ARI,LAC,ARI,1,75,Punt,6,15,run,7,2.5,48.5
2022,12,2022_12_LAC_ARI,ARI,LAC,2,75,Missed field goal,5,44,run,18,-2.5,48.5
2022,12,2022_12_LA_KC,KC,LA,1,75,Punt,5,18,run,9,16.5,42
2022,12,2022_12_LA_KC,LA,KC,2,75,Punt,3,-2,run,3,-16.5,42
2022,12,2022_12_LV_SEA,LV,SEA,1,80,Turnover,1,0,pass,0,-4,47.5
2022,12,2022_12_LV_SEA,SEA,LV,2,75,Touchdown,7,75,run,5,4,47.5
2022,12,2022_12_NE_MIN,MIN,NE,1,80,Touchdown,8,80,run,4,2.5,42.5
2022,12,2022_12_NE_MIN,NE,MIN,2,75,Touchdown,8,75,run,2,-2.5,42.5
2022,12,2022_12_NO_SF,NO,SF,1,72,Turnover,4,13,pass,7,-9.5,44
2022,12,2022_12_NO_SF,SF,NO,2,75,Field goal,8,47,run,4,9.5,44
2022,12,2022_12_NYG_DAL,NYG,DAL,1,75,Punt,4,27,pass,20,-10.5,45.5
2022,12,2022_12_NYG_DAL,DAL,NYG,2,75,Touchdown,14,75,run,1,10.5,45.5
2022,12,2022_12_PIT_IND,PIT,IND,1,75,Field goal,9,48,run,8,-2.5,40
2022,12,2022_12_PIT_IND,IND,PIT,2,19,Touchdown,4,19,run,2,2.5,40
2022,12,2022_12_TB_CLE,CLE,TB,1,78,Touchdown,7,78,run,5,-3,42
2022,12,2022_12_TB_CLE,TB,CLE,2,75,Punt,3,0,run,-2,3,42
2022,13,2022_13_BUF_NE,NE,BUF,1,80,Punt,3,9,run,2,-3.5,43.5
2022,13,2022_13_BUF_NE,BUF,NE,2,75,Punt,7,33,run,4,3.5,43.5
2022,13,2022_13_CLE_HOU,HOU,CLE,1,75,Turnover,1,0,pass,0,-7.5,47
2022,13,2022_13_CLE_HOU,CLE,HOU,2,87,Punt,8,41,run,9,7.5,47
2022,13,2022_13_DEN_BAL,DEN,BAL,1,83,Field goal,10,49,run,3,-9.5,40.5
2022,13,2022_13_DEN_BAL,BAL,DEN,2,84,Punt,6,17,run,4,9.5,40.5
2022,13,2022_13_GB_CHI,CHI,GB,1,75,Field goal,10,53,pass,1,-4,45
2022,13,2022_13_GB_CHI,GB,CHI,2,80,Punt,3,9,run,7,4,45
2022,13,2022_13_IND_DAL,DAL,IND,1,82,Punt,3,6,run,0,11,44.5
2022,13,2022_13_IND_DAL,IND,DAL,2,91,Punt,3,1,run,-1,-11,44.5
2022,13,2022_13_JAX_DET,JAX,DET,1,79,Turnover,2,17,run,4,-1,51.5
2022,13,2022_13_JAX_DET,DET,JAX,2,61,Touchdown,10,61,pass,14,1,51.5
2022,13,2022_13_KC_CIN,CIN,KC,1,75,Touchdown,11,75,run,3,-2.5,53
2022,13,2022_13_KC_CIN,KC,CIN,2,77,Touchdown,7,77,run,3,2.5,53
2022,13,2022_13_LAC_LV,LV,LAC,1,75,Punt,3,6,run,1,2.5,49
2022,13,2022_13_LAC_LV,LAC,LV,2,79,Turnover,2,11,pass,0,-2.5,49
2022,13,2022_13_MIA_SF,MIA,SF,1,75,Touchdown,1,75,pass,75,-4.5,46
2022,13,2022_13_MIA_SF,SF,MIA,2,75,Punt,6,13,run,1,4.5,46
2022,13,2022_13_NO_TB,TB,NO,1,75,Field goal,15,72,run,0,3.5,41
2022,13,2022_13_NO_TB,NO,TB,2,75,Punt,3,2,run,0,-3.5,41
2022,13,2022_13_NYJ_MIN,NYJ,MIN,1,75,Turnover,4,8,run,7,-3,44
2022,13,2022_13_NYJ_MIN,MIN,NYJ,2,75,Punt,3,6,run,6,3,44
2022,13,2022_13_PIT_ATL,PIT,ATL,1,75,Field goal,15,47,run,6,1,43
2022,13,2022_13_PIT_ATL,ATL,PIT,2,74,Punt,6,10,run,2,-1,43
2022,13,2022_13_SEA_LA,LA,SEA,1,77,Touchdown,10,77,run,8,-7,41
2022,13,2022_13_SEA_LA,SEA,LA,2,75,Turnover,4,35,pass,12,7,41
2022,13,2022_13_TEN_PHI,PHI,TEN,1,80,Touchdown,7,80,run,5,5,44.5
2022,13,2022_13_TEN_PHI,TEN,PHI,2,78,Punt,3,-7,run,2,-5,44.5
2022,13,2022_13_WAS_NYG,NYG,WAS,1,75,Turnover,4,22,run,3,-2.5,40
2022,13,2022_13_WAS_NYG,WAS,NYG,2,77,Turnover,3,0,run,2,2.5,40
2022,14,2022_14_BAL_PIT,BAL,PIT,1,75,Punt,3,9,run,0,-1.5,37
2022,14,2022_14_BAL_PIT,PIT,BAL,2,75,Punt,6,27,run,0,1.5,37
2022,14,2022_14_CAR_SEA,CAR,SEA,1,77,Field goal,12,48,run,2,-3.5,44.5
2022,14,2022_14_CAR_SEA,SEA,CAR,2,60,Field goal,8,51,run,1,3.5,44.5
2022,14,2022_14_CLE_CIN,CIN,CLE,1,75,Punt,3,3,run,3,4.5,47
2022,14,2022_14_CLE_CIN,CLE,CIN,2,81,Punt,3,8,run,0,-4.5,47
2022,14,2022_14_HOU_DAL,DAL,HOU,1,76,Touchdown,9,76,pass,8,17,44.5
2022,14,2022_14_HOU_DAL,HOU,DAL,2,75,Turnover,4,12,pass,1,-17,44.5
2022,14,2022_14_JAX_TEN,TEN,JAX,1,76,Touchdown,10,76,pass,0,3,42
2022,14,2022_14_JAX_TEN,JAX,TEN,2,72,Touchdown,12,72,pass,9,-3,42
2022,14,2022_14_KC_DEN,KC,DEN,1,75,Field goal,7,58,pass,12,8.5,44.5
2022,14,2022_14_KC_DEN,DEN,KC,2,75,Touchdown,5,75,pass,0,-8.5,44.5
2022,14,2022_14_LV_LA,LV,LA,1,75,Touchdown,12,75,run,4,6.5,42.5
2022,14,2022_14_LV_LA,LA,LV,2,82,Punt,6,2,pass,0,-6.5,42.5
2022,14,2022_14_MIA_LAC,MIA,LAC,1,75,Punt,3,0,pass,0,3,54.5
2022,14,2022_14_MIA_LAC,LAC,MIA,2,75,Punt,3,6,pass,0,-3,54.5
2022,14,2022_14_MIN_DET,DET,MIN,1,79,Punt,3,1,run,1,2.5,51.5
2022,14,2022_14_MIN_DET,MIN,DET,2,75,Punt,3,9,pass,4,-2.5,51.5
2022,14,2022_14_NE_ARI,ARI,NE,1,74,Missed field goal,8,43,pass,9,-2,44
2022,14,2022_14_NE_ARI,NE,ARI,2,75,Field goal,7,71,pass,15,2,44
2022,14,2022_14_NYJ_BUF,BUF,NYJ,1,77,Punt,3,8,pass,6,10,43.5
2022,14,2022_14_NYJ_BUF,NYJ,BUF,2,72,Touchdown,10,72,pass,-2,-10,43.5
2022,14,2022_14_PHI_NYG,NYG,PHI,1,76,Punt,5,9,run,4,-7.5,44.5
2022,14,2022_14_PHI_NYG,PHI,NYG,2,84,Field goal,7,63,run,22,7.5,44.5
2022,14,2022_14_TB_SF,SF,TB,1,52,Touchdown,5,52,pass,0,3.5,38
2022,14,2022_14_TB_SF,TB,SF,2,44,Turnover,3,5,run,5,-3.5,38
2022,15,2022_15_ARI_DEN,DEN,ARI,1,75,Field goal,9,41,pass,7,1.5,37.5
2022,15,2022_15_ARI_DEN,ARI,DEN,2,75,Field goal,10,38,pass,4,-1.5,37.5
2022,15,2022_15_ATL_NO,NO,ATL,1,75,Touchdown,10,75,pass,0,5,43.5
2022,15,2022_15_ATL_NO,ATL,NO,2,75,Touchdown,8,75,pass,0,-5,43.5
2022,15,2022_15_BAL_CLE,CLE,BAL,1,89,Punt,3,4,pass,5,2.5,39.5
2022,15,2022_15_BAL_CLE,BAL,CLE,2,75,Turnover,11,60,run,3,-2.5,39.5
2022,15,2022_15_CIN_TB,CIN,TB,1,75,Turnover,5,35,pass,12,3.5,47
2022,15,2022_15_CIN_TB,TB,CIN,2,83,Turnover on downs,4,9,run,4,-3.5,47
2022,15,2022_15_DAL_JAX,DAL,JAX,1,75,Punt,8,34,run,5,4,48.5
2022,15,2022_15_DAL_JAX,JAX,DAL,2,75,Field goal,9,61,run,0,-4,48.5
2022,15,2022_15_DET_NYJ,DET,NYJ,1,75,Turnover on downs,14,73,run,9,-2,44
2022,15,2022_15_DET_NYJ,NYJ,DET,2,76,Turnover,4,12,pass,0,2,44
2022,15,2022_15_IND_MIN,IND,MIN,1,52,Field goal,10,44,run,19,-3.5,46.5
2022,15,2022_15_IND_MIN,MIN,IND,2,77,Punt,3,-8,run,-1,3.5,46.5
2022,15,2022_15_KC_HOU,HOU,KC,1,75,Punt,4,14,pass,11,-14.5,48.5
2022,15,2022_15_KC_HOU,KC,HOU,2,75,Field goal,9,67,run,9,14.5,48.5
2022,15,2022_15_LA_GB,LA,GB,1,80,Punt,7,20,run,15,-8,39.5
2022,15,2022_15_LA_GB,GB,LA,2,68,Touchdown,11,68,run,-1,8,39.5
2022,15,2022_15_MIA_BUF,MIA,BUF,1,64,Punt,4,12,run,13,-7,44
2022,15,2022_15_MIA_BUF,BUF,MIA,2,82,Punt,3,6,pass,9,7,44
2022,15,2022_15_NE_LV,LV,NE,1,73,Field goal,11,42,pass,3,1,45
2022,15,2022_15_NE_LV,NE,LV,2,75,Punt,6,26,run,6,-1,45
2022,15,2022_15_NYG_WAS,WAS,NYG,1,75,Punt,10,41,run,7,4.5,40.5
2022,15,2022_15_NYG_WAS,NYG,WAS,2,75,Punt,5,17,pass,7,-4.5,40.5
2022,15,2022_15_PHI_CHI,CHI,PHI,1,75,Turnover on downs,10,43,pass,3,-8.5,48
2022,15,2022_15_PHI_CHI,PHI,CHI,2,42,Touchdown,6,42,run,2,8.5,48
2022,15,2022_15_PIT_CAR,CAR,PIT,1,75,Punt,3,8,run,-1,2.5,36.5
2022,15,2022_15_PIT_CAR,PIT,CAR,2,91,Touchdown,21,91,pass,7,-2.5,36.5
2022,15,2022_15_SF_SEA,SEA,SF,1,65,Punt,5,7,run,5,-3,43
2022,15,2022_15_SF_SEA,SF,SEA,2,59,Touchdown,2,59,run,5,3,43
2022,15,2022_15_TEN_LAC,TEN,LAC,1,87,Punt,3,10,pass,2,-3,46.5
2022,15,2022_15_TEN_LAC,LAC,TEN,2,75,Punt,5,20,pass,9,3,46.5
2022,16,2022_16_ATL_BAL,BAL,ATL,1,72,Punt,4,19,run,11,6.5,35
2022,16,2022_16_ATL_BAL,ATL,BAL,2,79,Field goal,16,63,pass,10,-6.5,35
2022,16,2022_16_BUF_CHI,CHI,BUF,1,64,Touchdown,8,64,run,7,-8,40
2022,16,2022_16_BUF_CHI,BUF,CHI,2,86,Touchdown,9,86,pass,15,8,40
2022,16,2022_16_CIN_NE,CIN,NE,1,78,Touchdown,5,78,pass,8,3,42
2022,16,2022_16_CIN_NE,NE,CIN,2,76,Punt,4,15,pass,4,-3,42
2022,16,2022_16_DEN_LA,LA,DEN,1,75,Field goal,10,38,run,4,-3,36.5
2022,16,2022_16_DEN_LA,DEN,LA,2,75,Turnover,5,37,pass,9,3,36.5
2022,16,2022_16_DET_CAR,CAR,DET,1,78,Touchdown,5,78,run,30,-2.5,43.5
2022,16,2022_16_DET_CAR,DET,CAR,2,70,Punt,3,-3,pass,5,2.5,43.5
2022,16,2022_16_GB_MIA,MIA,GB,1,80,Field goal,7,52,pass,0,3.5,49
2022,16,2022_16_GB_MIA,GB,MIA,2,78,Touchdown,11,78,run,3,-3.5,49
2022,16,2022_16_HOU_TEN,TEN,HOU,1,73,Punt,3,-9,run,2,3,34
2022,16,2022_16_HOU_TEN,HOU,TEN,2,72,Turnover on downs,7,25,pass,0,-3,34
2022,16,2022_16_JAX_NYJ,JAX,NYJ,1,75,Turnover,3,-7,run,4,-2.5,36.5
2022,16,2022_16_JAX_NYJ,NYJ,JAX,2,83,Punt,3,9,pass,6,2.5,36.5
2022,16,2022_16_LAC_IND,IND,LAC,1,72,Punt,3,4,run,2,-3.5,44.5
2022,16,2022_16_LAC_IND,LAC,IND,2,75,Punt,5,20,run,1,3.5,44.5
2022,16,2022_16_LV_PIT,LV,PIT,1,72,Touchdown,14,72,run,4,-2.5,38.5
2022,16,2022_16_LV_PIT,PIT,LV,2,75,Turnover,6,39,pass,10,2.5,38.5
2022,16,2022_16_NO_CLE,CLE,NO,1,60,Punt,3,2,run,0,3,32
2022,16,2022_16_NO_CLE,NO,CLE,2,67,Touchdown,9,67,run,8,-3,32
2022,16,2022_16_NYG_MIN,MIN,NYG,1,75,Punt,5,23,pass,6,4.5,48
2022,16,2022_16_NYG_MIN,NYG,MIN,2,75,Field goal,7,49,run,3,-4.5,48
2022,16,2022_16_PHI_DAL,PHI,DAL,1,75,Field goal,6,68,run,7,-4,48
2022,16,2022_16_PHI_DAL,DAL,PHI,2,86,Punt,3,6,pass,6,4,48
2022,16,2022_16_SEA_KC,KC,SEA,1,71,Punt,3,8,pass,8,10.5,50.5
2022,16,2022_16_SEA_KC,SEA,KC,2,75,Punt,3,4,run,4,-10.5,50.5
2022,16,2022_16_TB_ARI,TB,ARI,1,45,Field goal,4,25,run,18,7.5,41.5
2022,16,2022_16_TB_ARI,ARI,TB,2,75,Punt,3,8,run,0,-7.5,41.5
2022,16,2022_16_WAS_SF,WAS,SF,1,83,Punt,3,4,run,-2,-6.5,37.5
2022,16,2022_16_WAS_SF,SF,WAS,2,76,Touchdown,7,76,pass,13,6.5,37.5
2022,17,2022_17_ARI_ATL,ARI,ATL,1,75,Field goal,13,55,pass,3,-7,41
2022,17,2022_17_ARI_ATL,ATL,ARI,2,75,Punt,4,12,pass,15,7,41
2022,17,2022_17_CAR_TB,CAR,TB,1,75,Touchdown,6,75,pass,26,-3.5,40.5
2022,17,2022_17_CAR_TB,TB,CAR,2,75,Punt,5,12,run,0,3.5,40.5
2022,17,2022_17_CHI_DET,CHI,DET,1,75,Touchdown,9,75,run,1,-4.5,52.5
2022,17,2022_17_CHI_DET,DET,CHI,2,75,Touchdown,6,75,run,1,4.5,52.5
2022,17,2022_17_CLE_WAS,CLE,WAS,1,75,Punt,6,6,pass,0,-1,41.5
2022,17,2022_17_CLE_WAS,WAS,CLE,2,73,Punt,3,-2,run,-2,1,41.5
2022,17,2022_17_DAL_TEN,DAL,TEN,1,75,Punt,5,24,pass,4,14,41
2022,17,2022_17_DAL_TEN,TEN,DAL,2,75,Punt,3,4,run,3,-14,41
2022,17,2022_17_DEN_KC,DEN,KC,1,83,Punt,3,5,run,4,-13.5,46
2022,17,2022_17_DEN_KC,KC,DEN,2,75,Punt,3,2,run,2,13.5,46
2022,17,2022_17_IND_NYG,IND,NYG,1,75,Punt,5,12,run,-3,-5.5,38.5
2022,17,2022_17_IND_NYG,NYG,IND,2,75,Turnover,1,5,pass,5,5.5,38.5
2022,17,2022_17_JAX_HOU,HOU,JAX,1,74,Turnover on downs,7,19,run,9,-3.5,43
2022,17,2022_17_JAX_HOU,JAX,HOU,2,75,Touchdown,11,75,run,-3,3.5,43
2022,17,2022_17_LA_LAC,LA,LAC,1,75,Punt,5,15,run,8,-6.5,41.5
2022,17,2022_17_LA_LAC,LAC,LA,2,75,Touchdown,11,75,pass,17,6.5,41.5
2022,17,2022_17_MIA_NE,MIA,NE,1,77,Punt,5,21,run,2,-3,41.5
2022,17,2022_17_MIA_NE,NE,MIA,2,75,Punt,3,4,pass,0,3,41.5
2022,17,2022_17_MIN_GB,MIN,GB,1,67,Punt,3,6,run,4,-3,47.5
2022,17,2022_17_MIN_GB,GB,MIN,2,75,Punt,5,16,run,6,3,47.5
2022,17,2022_17_NO_PHI,NO,PHI,1,75,Touchdown,15,75,pass,16,-5.5,41.5
2022,17,2022_17_NO_PHI,PHI,NO,2,91,Field goal,8,53,run,9,5.5,41.5
2022,17,2022_17_NYJ_SEA,SEA,NYJ,1,73,Touchdown,3,73,run,60,-1,43
2022,17,2022_17_NYJ_SEA,NYJ,SEA,2,72,Missed field goal,6,33,run,0,1,43
2022,17,2022_17_PIT_BAL,PIT,BAL,1,75,Field goal,14,73,run,3,-1,35.5
2022,17,2022_17_PIT_BAL,BAL,PIT,2,75,Field goal,7,42,pass,14,1,35.5
2022,17,2022_17_SF_LV,LV,SF,1,70,Touchdown,6,70,pass,20,-10,41.5
2022,17,2022_17_SF_LV,SF,LV,2,75,Punt,3,3,run,4,10,41.5
2022,18,2022_18_ARI_SF,ARI,SF,1,80,Touchdown,2,80,pass,3,-14,40
2022,18,2022_18_ARI_SF,SF,ARI,2,75,Touchdown,7,75,pass,20,14,40
2022,18,2022_18_BAL_CIN,BAL,CIN,1,71,Punt,4,16,run,11,-11,39
2022,18,2022_18_BAL_CIN,CIN,BAL,2,75,Punt,3,3,pass,3,11,39
2022,18,2022_18_CAR_NO,NO,CAR,1,75,Touchdown,8,75,run,5,3.5,41.5
2022,18,2022_18_CAR_NO,CAR,NO,2,82,Touchdown,14,81,pass,0,-3.5,41.5
2022,18,2022_18_CLE_PIT,CLE,PIT,1,76,Punt,4,20,pass,19,-2.5,40
2022,18,2022_18_CLE_PIT,PIT,CLE,2,75,Field goal,11,59,run,5,2.5,40
2022,18,2022_18_DAL_WAS,DAL,WAS,1,90,Turnover on downs,7,23,run,1,7.5,40.5
2022,18,2022_18_DAL_WAS,WAS,DAL,2,71,Punt,3,7,run,9,-7.5,40.5
2022,18,2022_18_DET_GB,GB,DET,1,79,Field goal,6,75,run,6,5.5,49
2022,18,2022_18_DET_GB,DET,GB,2,74,Punt,3,8,pass,0,-5.5,49
2022,18,2022_18_HOU_IND,HOU,IND,1,75,Touchdown,7,75,pass,33,-3,38
2022,18,2022_18_HOU_IND,IND,HOU,2,83,Turnover on downs,7,80,run,26,3,38
2022,18,2022_18_KC_LV,KC,LV,1,75,Touchdown,5,75,run,5,9,51.5
2022,18,2022_18_KC_LV,LV,KC,2,75,Field goal,12,55,run,5,-9,51.5
2022,18,2022_18_LAC_DEN,LAC,DEN,1,75,Touchdown,8,75,run,2,-6,38.5
2022,18,2022_18_LAC_DEN,DEN,LAC,2,75,Touchdown,6,75,run,5,6,38.5
2022,18,2022_18_LA_SEA,SEA,LA,1,75,Turnover,1,0,pass,0,5.5,41.5
2022,18,2022_18_LA_SEA,LA,SEA,2,75,Punt,7,9,run,5,-5.5,41.5
2022,18,2022_18_MIN_CHI,CHI,MIN,1,79,Punt,3,9,pass,3,-6.5,42.5
2022,18,2022_18_MIN_CHI,MIN,CHI,2,75,Touchdown,11,75,pass,5,6.5,42.5
2022,18,2022_18_NE_BUF,NE,BUF,1,74,Punt,3,-7,pass,0,-8,44
2022,18,2022_18_NE_BUF,NE,BUF,2,81,Turnover,10,60,pass,11,-8,44
2022,18,2022_18_NYG_PHI,NYG,PHI,1,74,Punt,3,7,run,4,-16.5,42.5
2022,18,2022_18_NYG_PHI,PHI,NYG,2,48,Turnover,8,41,pass,0,16.5,42.5
2022,18,2022_18_NYJ_MIA,MIA,NYJ,1,75,Turnover on downs,9,31,run,6,3.5,37.5
2022,18,2022_18_NYJ_MIA,NYJ,MIA,2,75,Punt,3,9,run,2,-3.5,37.5
2022,18,2022_18_TB_ATL,TB,ATL,1,70,Touchdown,10,70,run,2,-6,40.5
2022,18,2022_18_TB_ATL,ATL,TB,2,75,Field goal,8,69,run,9,6,40.5
2022,18,2022_18_TEN_JAX,TEN,JAX,1,75,Punt,3,6,run,-1,-6,39.5
2022,18,2022_18_TEN_JAX,JAX,TEN,2,72,Field goal,11,64,pass,8,6,39.5
2022,19,2022_19_BAL_CIN,CIN,BAL,1,75,Field goal,13,54,run,6,7.5,40
2022,19,2022_19_BAL_CIN,BAL,CIN,2,80,Punt,4,21,run,15,-7.5,40
2022,19,2022_19_DAL_TB,DAL,TB,1,75,Punt,3,0,pass,0,2.5,45.5
2022,19,2022_19_DAL_TB,TB,DAL,2,73,Punt,3,6,pass,6,-2.5,45.5
2022,19,2022_19_LAC_JAX,JAX,LAC,1,76,Turnover,2,4,run,4,-2,46.5
2022,19,2022_19_LAC_JAX,LAC,JAX,2,75,Punt,7,37,run,-4,2,46.5
2022,19,2022_19_MIA_BUF,BUF,MIA,1,70,Turnover on downs,6,38,pass,17,14,44
2022,19,2022_19_MIA_BUF,MIA,BUF,2,75,Punt,3,1,run,1,-14,44
2022,19,2022_19_NYG_MIN,MIN,NYG,1,75,Touchdown,12,75,pass,10,2.5,48
2022,19,2022_19_NYG_MIN,NYG,MIN,2,75,Touchdown,6,75,run,-3,-2.5,48
2022,19,2022_19_SEA_SF,SEA,SF,1,80,Punt,3,-2,run,9,-10,42
2022,19,2022_19_SEA_SF,SF,SEA,2,75,Touchdown,13,75,pass,6,10,42
2022,20,2022_20_CIN_BUF,CIN,BUF,1,79,Touchdown,6,79,pass,6,-6,48.5
2022,20,2022_20_CIN_BUF,BUF,CIN,2,72,Field goal,13,65,run,3,6,48.5
2022,20,2022_20_DAL_SF,SF,DAL,1,75,Punt,3,3,run,0,3.5,46.5
2022,20,2022_20_DAL_SF,DAL,SF,2,75,Punt,6,23,run,3,-3.5,46.5
2022,20,2022_20_JAX_KC,JAX,KC,1,75,Punt,3,6,pass,0,-10,52.5
2022,20,2022_20_JAX_KC,KC,JAX,2,75,Punt,6,13,run,3,10,52.5
2022,20,2022_20_NYG_PHI,PHI,NYG,1,75,Touchdown,8,75,run,2,8,48
2022,20,2022_20_NYG_PHI,NYG,PHI,2,74,Punt,3,4,run,4,-8,48
2022,21,2022_21_CIN_KC,CIN,KC,1,81,Punt,5,4,pass,3,-2,48.5
2022,21,2022_21_CIN_KC,KC,CIN,2,79,Punt,3,2,run,3,2,48.5
2022,21,2022_21_SF_PHI,PHI,SF,1,66,Touchdown,11,66,pass,6,2.5,45
2022,21,2022_21_SF_PHI,SF,PHI,2,75,Punt,6,19,run,-3,-2.5,45
2022,22,2022_22_KC_PHI,PHI,KC,1,75,Touchdown,11,75,run,-1,1,51
2022,22,2022_22_KC_PHI,KC,PHI,2,75,Touchdown,10,75,run,7,-1,51
2023,1,2023_01_ARI_WAS,WAS,ARI,1,75,Punt,8,26,run,3,7,38
2023,1,2023_01_ARI_WAS,ARI,WAS,2,75,Field goal,10,56,pass,11,-7,38
2023,1,2023_01_BUF_NYJ,BUF,NYJ,1,75,Punt,5,17,pass,7,2.5,44.5
2023,1,2023_01_BUF_NYJ,NYJ,BUF,2,75,Field goal,11,50,run,0,-2.5,44.5
2023,1,2023_01_CAR_ATL,ATL,CAR,1,75,Punt,3,-6,pass,-6,3.5,40.5
2023,1,2023_01_CAR_ATL,CAR,ATL,2,75,Field goal,8,50,pass,2,-3.5,40.5
2023,1,2023_01_CIN_CLE,CIN,CLE,1,65,Punt,6,16,pass,0,1,46.5
2023,1,2023_01_CIN_CLE,CLE,CIN,2,75,Punt,3,-1,run,2,-1,46.5
2023,1,2023_01_DAL_NYG,NYG,DAL,1,75,Opp touchdown,10,62,run,5,-3.5,44.5
2023,1,2023_01_DAL_NYG,DAL,NYG,2,75,Touchdown,10,75,pass,10,3.5,44.5
2023,1,2023_01_DET_KC,DET,KC,1,75,Punt,3,7,run,7,-4,53
2023,1,2023_01_DET_KC,KC,DET,2,75,Punt,5,14,run,2,4,53
2023,1,2023_01_GB_CHI,CHI,GB,1,88,Turnover on downs,6,28,run,0,1,41
2023,1,2023_01_GB_CHI,GB,CHI,2,75,Touchdown,8,75,run,9,-1,41
2023,1,2023_01_HOU_BAL,BAL,HOU,1,92,Punt,3,1,run,4,9.5,43.5
2023,1,2023_01_HOU_BAL,HOU,BAL,2,75,Punt,3,-2,pass,-11,-9.5,43.5
2023,1,2023_01_JAX_IND,IND,JAX,1,75,Punt,3,0,pass,2,-4,45.5
2023,1,2023_01_JAX_IND,JAX,IND,2,84,Punt,3,-1,run,-1,4,45.5
2023,1,2023_01_LA_SEA,SEA,LA,1,75,Field goal,11,57,pass,5,4.5,45
2023,1,2023_01_LA_SEA,LA,SEA,2,76,Touchdown,10,76,run,6,-4.5,45
2023,1,2023_01_LV_DEN,LV,DEN,1,44,Touchdown,10,44,run,1,-3,43
2023,1,2023_01_LV_DEN,DEN,LV,2,74,Missed field goal,9,37,run,6,3,43
2023,1,2023_01_MIA_LAC,MIA,LAC,1,70,Turnover,5,68,pass,16,-3,50.5
2023,1,2023_01_MIA_LAC,LAC,MIA,2,75,Touchdown,11,75,run,8,3,50.5
2023,1,2023_01_PHI_NE,PHI,NE,1,75,Field goal,13,61,pass,6,3.5,44.5
2023,1,2023_01_PHI_NE,NE,PHI,2,75,Punt,3,6,run,1,-3.5,44.5
2023,1,2023_01_SF_PIT,PIT,SF,1,75,Punt,3,-5,pass,6,-1.5,41.5
2023,1,2023_01_SF_PIT,SF,PIT,2,75,Touchdown,2,75,pass,10,1.5,41.5
2023,1,2023_01_TB_MIN,MIN,TB,1,75,Punt,3,3,run,8,4,45
2023,1,2023_01_TB_MIN,TB,MIN,2,75,Touchdown,16,75,run,2,-4,45
2023,1,2023_01_TEN_NO,TEN,NO,1,29,Field goal,3,-3,pass,0,-3,41
2023,1,2023_01_TEN_NO,TEN,NO,2,75,Turnover,4,28,pass,4,-3,41
2023,2,2023_02_BAL_CIN,BAL,CIN,1,75,Touchdown,13,75,pass,8,-3.5,45.5
2023,2,2023_02_BAL_CIN,CIN,BAL,2,75,Turnover,8,58,run,5,3.5,45.5
2023,2,2023_02_CHI_TB,TB,CHI,1,75,Field goal,11,67,run,2,2.5,41
2023,2,2023_02_CHI_TB,CHI,TB,2,75,Punt,6,7,run,8,-2.5,41
2023,2,2023_02_CLE_PIT,CLE,PIT,1,75,Opp touchdown,1,0,pass,0,2.5,39
2023,2,2023_02_CLE_PIT,PIT,CLE,2,75,Field goal,8,44,pass,0,-2.5,39
2023,2,2023_02_GB_ATL,GB,ATL,1,31,Punt,3,-2,run,3,-3,40.5
2023,2,2023_02_GB_ATL,ATL,GB,2,80,Punt,3,0,pass,0,3,40.5
2023,2,2023_02_IND_HOU,IND,HOU,1,75,Touchdown,10,75,pass,12,1,40
2023,2,2023_02_IND_HOU,HOU,IND,2,75,Punt,9,24,run,0,-1,40
2023,2,2023_02_KC_JAX,JAX,KC,1,75,Punt,7,29,run,1,-3.5,50.5
2023,2,2023_02_KC_JAX,KC,JAX,2,81,Touchdown,7,81,run,31,3.5,50.5
2023,2,2023_02_LAC_TEN,LAC,TEN,1,75,Punt,3,0,pass,0,2.5,45.5
2023,2,2023_02_LAC_TEN,TEN,LAC,2,75,Touchdown,9,75,run,4,-2.5,45.5
2023,2,2023_02_LV_BUF,LV,BUF,1,75,Touchdown,5,75,run,-4,-7.5,47
2023,2,2023_02_LV_BUF,BUF,LV,2,75,Touchdown,15,75,pass,8,7.5,47
2023,2,2023_02_MIA_NE,NE,MIA,1,75,Punt,8,21,pass,5,-2,46.5
2023,2,2023_02_MIA_NE,MIA,NE,2,75,Punt,3,-4,run,3,2,46.5
2023,2,2023_02_MIN_PHI,PHI,MIN,1,75,Field goal,8,69,pass,6,6,49
2023,2,2023_02_MIN_PHI,MIN,PHI,2,75,Turnover,2,-10,run,1,-6,49
2023,2,2023_02_NO_CAR,NO,CAR,1,75,Punt,6,11,run,5,3,39.5
2023,2,2023_02_NO_CAR,CAR,NO,2,75,Punt,6,24,run,3,-3,39.5
2023,2,2023_02_NYG_ARI,ARI,NYG,1,75,Missed field goal,6,38,run,17,-5,40
2023,2,2023_02_NYG_ARI,NYG,ARI,2,75,Touchdown,3,75,pass,58,5,40
2023,2,2023_02_NYJ_DAL,DAL,NYJ,1,75,Touchdown,12,75,run,4,8.5,38.5
2023,2,2023_02_NYJ_DAL,NYJ,DAL,2,75,Punt,3,-5,pass,0,-8.5,38.5
2023,2,2023_02_SEA_DET,SEA,DET,1,75,Touchdown,12,75,run,14,-4.5,47.5
2023,2,2023_02_SEA_DET,DET,SEA,2,75,Turnover,1,-2,run,-2,4.5,47.5
2023,2,2023_02_SF_LA,SF,LA,1,75,Touchdown,11,75,run,7,7.5,45
2023,2,2023_02_SF_LA,LA,SF,2,79,Punt,7,30,pass,7,-7.5,45
2023,2,2023_02_WAS_DEN,WAS,DEN,1,75,Missed field goal,8,45,run,2,-4,38.5
2023,2,2023_02_WAS_DEN,DEN,WAS,2,75,Punt,3,-11,pass,-9,4,38.5
2023,3,2023_03_ATL_DET,ATL,DET,1,79,Punt,3,8,pass,7,-3,47.5
2023,3,2023_03_ATL_DET,DET,ATL,2,75,Punt,3,9,pass,7,3,47.5
2023,3,2023_03_BUF_WAS,BUF,WAS,1,75,Field goal,10,57,pass,-1,5.5,44
2023,3,2023_03_BUF_WAS,WAS,BUF,2,83,Turnover,10,68,run,4,-5.5,44
2023,3,2023_03_CAR_SEA,SEA,CAR,1,75,Punt,3,0,run,2,5,42.5
2023,3,2023_03_CAR_SEA,CAR,SEA,2,69,Punt,3,1,run,1,-5,42.5
2023,3,2023_03_CHI_KC,KC,CHI,1,75,Punt,6,17,run,2,13,48
2023,3,2023_03_CHI_KC,CHI,KC,2,75,Punt,3,2,run,7,-13,48
2023,3,2023_03_DAL_ARI,ARI,DAL,1,75,Field goal,5,54,pass,2,-11.5,43.5
2023,3,2023_03_DAL_ARI,DAL,ARI,2,75,Field goal,12,67,pass,6,11.5,43.5
2023,3,2023_03_DEN_MIA,MIA,DEN,1,75,Touchdown,3,75,run,6,6,47.5
2023,3,2023_03_DEN_MIA,DEN,MIA,2,75,Punt,4,17,pass,12,-6,47.5
2023,3,2023_03_HOU_JAX,HOU,JAX,1,87,Punt,3,5,pass,0,-7.5,43.5
2023,3,2023_03_HOU_JAX,JAX,HOU,2,67,Touchdown,7,67,run,11,7.5,43.5
2023,3,2023_03_IND_BAL,IND,BAL,1,75,Punt,4,16,run,24,-7.5,43.5
2023,3,2023_03_IND_BAL,BAL,IND,2,75,Punt,6,18,run,3,7.5,43.5
2023,3,2023_03_LAC_MIN,LAC,MIN,1,75,Punt,3,5,run,2,-1,54
2023,3,2023_03_LAC_MIN,MIN,LAC,2,75,Punt,4,23,run,15,1,54
2023,3,2023_03_LA_CIN,CIN,LA,1,75,Missed field goal,8,37,pass,0,3,45.5
2023,3,2023_03_LA_CIN,LA,CIN,2,75,Field goal,6,51,pass,22,-3,45.5
2023,3,2023_03_NE_NYJ,NYJ,NE,1,75,Punt,3,-5,pass,1,-2.5,35.5
2023,3,2023_03_NE_NYJ,NE,NYJ,2,75,Field goal,9,42,run,6,2.5,35.5
2023,3,2023_03_NO_GB,NO,GB,1,75,Punt,3,-9,run,0,1.5,41.5
2023,3,2023_03_NO_GB,GB,NO,2,75,Turnover,3,-4,run,-6,-1.5,41.5
2023,3,2023_03_NYG_SF,SF,NYG,1,75,Field goal,14,64,run,4,10.5,43.5
2023,3,2023_03_NYG_SF,NYG,SF,2,75,Punt,5,18,run,2,-10.5,43.5
2023,3,2023_03_PHI_TB,TB,PHI,1,75,Punt,6,16,run,2,-6,44
2023,3,2023_03_PHI_TB,PHI,TB,2,75,Touchdown,13,75,pass,0,6,44
2023,3,2023_03_PIT_LV,PIT,LV,1,75,Punt,3,9,run,5,-3,43.5
2023,3,2023_03_PIT_LV,LV,PIT,2,75,Punt,3,7,pass,0,3,43.5
2023,3,2023_03_TEN_CLE,CLE,TEN,1,78,Field goal,11,48,pass,8,3.5,38
2023,3,2023_03_TEN_CLE,TEN,CLE,2,75,Punt,6,10,run,9,-3.5,38
2023,4,2023_04_ARI_SF,ARI,SF,1,75,Punt,3,8,pass,6,-15,44
2023,4,2023_04_ARI_SF,SF,ARI,2,87,Punt,7,41,pass,9,15,44
2023,4,2023_04_ATL_JAX,JAX,ATL,1,75,Punt,6,18,run,4,3.5,42.5
2023,4,2023_04_ATL_JAX,ATL,JAX,2,75,Touchdown,8,75,run,9,-3.5,42.5
2023,4,2023_04_BAL_CLE,BAL,CLE,1,76,Punt,3,6,run,6,2,38.5
2023,4,2023_04_BAL_CLE,CLE,BAL,2,75,Punt,5,-16,pass,4,-2,38.5
2023,4,2023_04_CIN_TEN,CIN,TEN,1,75,Field goal,10,72,pass,9,2.5,41.5
2023,4,2023_04_CIN_TEN,TEN,CIN,2,82,Field goal,14,65,run,0,-2.5,41.5
2023,4,2023_04_DEN_CHI,CHI,DEN,1,75,Punt,5,25,pass,9,-3,47
2023,4,2023_04_DEN_CHI,DEN,CHI,2,75,Punt,3,4,pass,0,3,47
2023,4,2023_04_DET_GB,DET,GB,1,75,Turnover,3,-2,run,0,2.5,45
2023,4,2023_04_DET_GB,GB,DET,2,86,Touchdown,13,86,pass,6,-2.5,45
2023,4,2023_04_KC_NYJ,KC,NYJ,1,75,Field goal,7,57,run,4,9.5,41.5
2023,4,2023_04_KC_NYJ,NYJ,KC,2,75,Touchdown,8,75,pass,25,-9.5,41.5
2023,4,2023_04_LA_IND,LA,IND,1,75,Touchdown,9,75,pass,26,1,44.5
2023,4,2023_04_LA_IND,IND,LA,2,75,Punt,4,4,pass,0,-1,44.5
2023,4,2023_04_LV_LAC,LAC,LV,1,86,Touchdown,9,86,pass,0,7,49
2023,4,2023_04_LV_LAC,LV,LAC,2,75,Punt,3,0,pass,-3,-7,49
2023,4,2023_04_MIA_BUF,BUF,MIA,1,75,Touchdown,8,75,run,8,2.5,53
2023,4,2023_04_MIA_BUF,MIA,BUF,2,75,Touchdown,12,73,pass,0,-2.5,53
2023,4,2023_04_MIN_CAR,MIN,CAR,1,80,Opp touchdown,7,75,run,12,4.5,46.5
2023,4,2023_04_MIN_CAR,CAR,MIN,2,75,Punt,3,8,run,1,-4.5,46.5
2023,4,2023_04_NE_DAL,DAL,NE,1,75,Field goal,9,70,pass,6,6.5,43
2023,4,2023_04_NE_DAL,NE,DAL,2,75,Turnover,7,35,run,8,-6.5,43
2023,4,2023_04_PIT_HOU,HOU,PIT,1,69,Touchdown,12,69,pass,0,-3,41.5
2023,4,2023_04_PIT_HOU,PIT,HOU,2,75,Field goal,9,58,run,15,3,41.5
2023,4,2023_04_SEA_NYG,NYG,SEA,1,75,Turnover on downs,11,48,run,5,-2.5,46.5
2023,4,2023_04_SEA_NYG,SEA,NYG,2,72,Turnover on downs,9,57,run,5,2.5,46.5
2023,4,2023_04_TB_NO,NO,TB,1,75,Field goal,10,56,pass,0,4,41
2023,4,2023_04_TB_NO,TB,NO,2,75,Punt,3,-5,run,1,-4,41
2023,4,2023_04_WAS_PHI,WAS,PHI,1,75,Touchdown,14,75,run,1,-9.5,43
2023,4,2023_04_WAS_PHI,PHI,WAS,2,75,Field goal,8,45,run,6,9.5,43
2023,5,2023_05_BAL_PIT,BAL,PIT,1,75,Punt,6,34,pass,8,4.5,38.5
2023,5,2023_05_BAL_PIT,PIT,BAL,2,75,Punt,3,9,run,5,-4.5,38.5
2023,5,2023_05_CAR_DET,CAR,DET,1,75,Punt,8,36,pass,8,-9.5,43.5
2023,5,2023_05_CAR_DET,DET,CAR,2,75,Punt,11,37,pass,0,9.5,43.5
2023,5,2023_05_CHI_WAS,CHI,WAS,1,75,Touchdown,6,75,pass,0,-6,45.5
2023,5,2023_05_CHI_WAS,WAS,CHI,2,75,Touchdown,6,75,pass,24,6,45.5
2023,5,2023_05_CIN_ARI,ARI,CIN,1,75,Punt,3,-3,run,5,-3,45.5
2023,5,2023_05_CIN_ARI,CIN,ARI,2,75,Touchdown,3,75,pass,6,3,45.5
2023,5,2023_05_DAL_SF,SF,DAL,1,75,Touchdown,7,75,run,3,3.5,45
2023,5,2023_05_DAL_SF,DAL,SF,2,71,Field goal,5,39,run,5,-3.5,45
2023,5,2023_05_GB_LV,GB,LV,1,75,Punt,8,28,run,4,-1,45
2023,5,2023_05_GB_LV,LV,GB,2,75,Turnover,4,12,pass,7,1,45
2023,5,2023_05_HOU_ATL,ATL,HOU,1,89,Punt,3,4,run,-3,2.5,42
2023,5,2023_05_HOU_ATL,HOU,ATL,2,75,Punt,7,31,pass,14,-2.5,42
2023,5,2023_05_JAX_BUF,JAX,BUF,1,85,Punt,4,25,pass,16,-5.5,48.5
2023,5,2023_05_JAX_BUF,BUF,JAX,2,75,Punt,4,14,pass,14,5.5,48.5
2023,5,2023_05_KC_MIN,MIN,KC,1,75,Turnover,1,15,pass,15,-3.5,52.5
2023,5,2023_05_KC_MIN,KC,MIN,2,75,Touchdown,11,75,pass,-8,3.5,52.5
2023,5,2023_05_NO_NE,NO,NE,1,78,Punt,8,24,run,3,-2.5,38.5
2023,5,2023_05_NO_NE,NE,NO,2,75,Turnover,3,9,pass,1,2.5,38.5
2023,5,2023_05_NYG_MIA,NYG,MIA,1,75,Punt,5,26,run,6,-12.5,47.5
2023,5,2023_05_NYG_MIA,MIA,NYG,2,75,Touchdown,3,75,pass,0,12.5,47.5
2023,5,2023_05_NYJ_DEN,NYJ,DEN,1,75,Punt,3,1,run,0,-2.5,42.5
2023,5,2023_05_NYJ_DEN,DEN,NYJ,2,75,Punt,3,4,run,2,2.5,42.5
2023,5,2023_05_PHI_LA,PHI,LA,1,75,Touchdown,12,75,pass,5,3.5,50.5
2023,5,2023_05_PHI_LA,LA,PHI,2,80,Punt,7,32,pass,-11,-3.5,50.5
2023,5,2023_05_TEN_IND,IND,TEN,1,80,Punt,6,31,run,6,-2.5,43.5
2023,5,2023_05_TEN_IND,TEN,IND,2,75,Touchdown,4,75,run,4,2.5,43.5
2023,6,2023_06_ARI_LA,ARI,LA,1,75,Field goal,7,38,run,0,-7,48
2023,6,2023_06_ARI_LA,LA,ARI,2,75,Touchdown,10,75,run,17,7,48
2023,6,2023_06_BAL_TEN,BAL,TEN,1,73,Field goal,7,50,pass,2,5.5,42.5
2023,6,2023_06_BAL_TEN,TEN,BAL,2,75,Punt,3,1,run,2,-5.5,42.5
2023,6,2023_06_CAR_MIA,CAR,MIA,1,75,Punt,3,6,run,4,-14,47.5
2023,6,2023_06_CAR_MIA,MIA,CAR,2,75,Punt,3,0,pass,0,14,47.5
2023,6,2023_06_DAL_LAC,DAL,LAC,1,78,Punt,3,-7,run,1,1.5,49.5
2023,6,2023_06_DAL_LAC,LAC,DAL,2,80,Turnover on downs,13,73,pass,0,-1.5,49.5
2023,6,2023_06_DEN_KC,DEN,KC,1,75,Turnover on downs,9,34,run,9,-10.5,47.5
2023,6,2023_06_DEN_KC,KC,DEN,2,75,Field goal,11,68,run,6,10.5,47.5
2023,6,2023_06_DET_TB,TB,DET,1,75,Punt,5,19,run,2,-3,43.5
2023,6,2023_06_DET_TB,DET,TB,2,76,Missed field goal,8,42,run,0,3,43.5
2023,6,2023_06_IND_JAX,IND,JAX,1,75,Field goal,15,65,pass,4,-4,44
2023,6,2023_06_IND_JAX,JAX,IND,2,75,Punt,3,0,pass,0,4,44
2023,6,2023_06_MIN_CHI,CHI,MIN,1,68,Punt,6,3,pass,-7,-3,44.5
2023,6,2023_06_MIN_CHI,MIN,CHI,2,75,Punt,3,5,run,5,3,44.5
2023,6,2023_06_NE_LV,LV,NE,1,75,Field goal,15,69,run,4,3,41.5
2023,6,2023_06_NE_LV,NE,LV,2,75,Touchdown,10,75,run,15,-3,41.5
2023,6,2023_06_NO_HOU,HOU,NO,1,91,Punt,8,39,run,2,-2,42.5
2023,6,2023_06_NO_HOU,NO,HOU,2,75,Punt,5,5,pass,7,2,42.5
2023,6,2023_06_NYG_BUF,BUF,NYG,1,75,Punt,3,3,pass,3,15.5,43.5
2023,6,2023_06_NYG_BUF,NYG,BUF,2,83,Punt,9,39,pass,13,-15.5,43.5
2023,6,2023_06_PHI_NYJ,NYJ,PHI,1,75,Punt,5,12,pass,0,-6.5,43
2023,6,2023_06_PHI_NYJ,PHI,NYJ,2,75,Punt,6,22,pass,13,6.5,43
2023,6,2023_06_SEA_CIN,SEA,CIN,1,75,Touchdown,11,75,pass,10,-3,45.5
2023,6,2023_06_SEA_CIN,CIN,SEA,2,65,Turnover,2,5,run,5,3,45.5
2023,6,2023_06_SF_CLE,SF,CLE,1,84,Touchdown,5,84,run,8,9.5,36
2023,6,2023_06_SF_CLE,CLE,SF,2,72,Field goal,8,48,pass,0,-9.5,36
2023,6,2023_06_WAS_ATL,WAS,ATL,1,75,Field goal,11,56,pass,0,-1.5,42
2023,6,2023_06_WAS_ATL,ATL,WAS,2,75,Turnover,5,20,pass,0,1.5,42
2023,7,2023_07_ARI_SEA,ARI,SEA,1,60,Punt,6,15,pass,8,-9.5,43.5
2023,7,2023_07_ARI_SEA,SEA,ARI,2,75,Field goal,12,72,run,1,9.5,43.5
2023,7,2023_07_ATL_TB,TB,ATL,1,75,Turnover on downs,10,34,pass,2,3,37.5
2023,7,2023_07_ATL_TB,ATL,TB,2,70,Punt,3,2,run,-4,-3,37.5
2023,7,2023_07_BUF_NE,NE,BUF,1,75,Field goal,8,63,pass,9,-7.5,41
2023,7,2023_07_BUF_NE,BUF,NE,2,81,Touchdown,10,81,pass,-2,7.5,41
2023,7,2023_07_CLE_IND,CLE,IND,1,77,Touchdown,3,77,pass,0,3.5,40
2023,7,2023_07_CLE_IND,IND,CLE,2,70,Punt,3,2,run,2,-3.5,40
2023,7,2023_07_DET_BAL,BAL,DET,1,75,Touchdown,7,75,pass,2,3,43.5
2023,7,2023_07_DET_BAL,DET,BAL,2,75,Turnover on downs,11,69,run,3,-3,43.5
2023,7,2023_07_GB_DEN,DEN,GB,1,75,Field goal,10,62,pass,0,1.5,44
2023,7,2023_07_GB_DEN,GB,DEN,2,75,Field goal,11,64,run,6,-1.5,44
2023,7,2023_07_JAX_NO,JAX,NO,1,75,Touchdown,10,75,run,0,-2.5,41
2023,7,2023_07_JAX_NO,NO,JAX,2,75,Field goal,10,52,pass,14,2.5,41
2023,7,2023_07_LAC_KC,LAC,KC,1,75,Punt,5,12,pass,1,-5.5,48.5
2023,7,2023_07_LAC_KC,KC,LAC,2,75,Turnover,9,56,pass,12,5.5,48.5
2023,7,2023_07_LV_CHI,CHI,LV,1,75,Punt,3,3,pass,4,-2.5,38.5
2023,7,2023_07_LV_CHI,LV,CHI,2,76,Punt,5,21,run,7,2.5,38.5
2023,7,2023_07_MIA_PHI,PHI,MIA,1,77,Field goal,11,71,run,7,3,52
2023,7,2023_07_MIA_PHI,MIA,PHI,2,73,Punt,8,28,run,2,-3,52
2023,7,2023_07_PIT_LA,PIT,LA,1,75,Punt,3,3,pass,8,-3.5,44
2023,7,2023_07_PIT_LA,LA,PIT,2,74,Turnover,1,0,pass,0,3.5,44
2023,7,2023_07_SF_MIN,MIN,SF,1,75,Turnover,3,19,run,19,-7,44.5
2023,7,2023_07_SF_MIN,SF,MIN,2,75,Punt,6,-4,run,1,7,44.5
2023,7,2023_07_WAS_NYG,NYG,WAS,1,75,Punt,3,-1,run,-1,-3,37
2023,7,2023_07_WAS_NYG,WAS,NYG,2,75,Punt,3,6,run,1,3,37
2023,8,2023_08_ATL_TEN,TEN,ATL,1,75,Turnover,4,12,run,3,-2.5,35
2023,8,2023_08_ATL_TEN,ATL,TEN,2,75,Field goal,6,44,run,25,2.5,35
2023,8,2023_08_BAL_ARI,ARI,BAL,1,75,Touchdown,12,75,pass,7,-9.5,44.5
2023,8,2023_08_BAL_ARI,BAL,ARI,2,75,Punt,4,3,run,5,9.5,44.5
2023,8,2023_08_CHI_LAC,CHI,LAC,1,79,Punt,4,30,pass,41,-9.5,46
2023,8,2023_08_CHI_LAC,LAC,CHI,2,75,Field goal,9,40,run,-3,9.5,46
2023,8,2023_08_CIN_SF,SF,CIN,1,75,Punt,3,8,run,8,4,44
2023,8,2023_08_CIN_SF,CIN,SF,2,75,Field goal,6,37,pass,0,-4,44
2023,8,2023_08_CLE_SEA,CLE,SEA,1,80,Punt,3,7,run,3,-4,39.5
2023,8,2023_08_CLE_SEA,SEA,CLE,2,69,Punt,3,9,run,6,4,39.5
2023,8,2023_08_HOU_CAR,HOU,CAR,1,79,Punt,3,8,run,1,3,43
2023,8,2023_08_HOU_CAR,CAR,HOU,2,77,Field goal,8,49,pass,0,-3,43
2023,8,2023_08_JAX_PIT,PIT,JAX,1,75,Punt,3,-5,pass,0,-2.5,41
2023,8,2023_08_JAX_PIT,JAX,PIT,2,75,Turnover,9,39,pass,8,2.5,41
2023,8,2023_08_KC_DEN,KC,DEN,1,75,Punt,3,-4,run,0,7,45.5
2023,8,2023_08_KC_DEN,DEN,KC,2,75,Missed field goal,12,55,run,1,-7,45.5
2023,8,2023_08_LA_DAL,DAL,LA,1,75,Touchdown,10,75,pass,-5,6.5,44.5
2023,8,2023_08_LA_DAL,LA,DAL,2,75,Touchdown,8,75,run,7,-6.5,44.5
2023,8,2023_08_LV_DET,DET,LV,1,80,Field goal,13,54,run,6,7,46
2023,8,2023_08_LV_DET,LV,DET,2,75,Punt,4,5,pass,11,-7,46
2023,8,2023_08_MIN_GB,GB,MIN,1,81,Punt,3,9,pass,2,-1,41.5
2023,8,2023_08_MIN_GB,MIN,GB,2,75,Touchdown,13,75,pass,0,1,41.5
2023,8,2023_08_NE_MIA,NE,MIA,1,75,Punt,3,2,pass,-4,-7.5,46.5
2023,8,2023_08_NE_MIA,MIA,NE,2,75,Turnover,1,0,run,0,7.5,46.5
2023,8,2023_08_NO_IND,IND,NO,1,75,Punt,3,6,run,4,-2,43.5
2023,8,2023_08_NO_IND,NO,IND,2,75,Punt,6,19,run,-1,2,43.5
2023,8,2023_08_NYJ_NYG,NYJ,NYG,1,75,Turnover,4,1,pass,12,3,35
2023,8,2023_08_NYJ_NYG,NYG,NYJ,2,75,Touchdown,11,75,run,6,-3,35
2023,8,2023_08_PHI_WAS,WAS,PHI,1,75,Punt,8,27,pass,7,-7,42.5
2023,8,2023_08_PHI_WAS,PHI,WAS,2,70,Turnover,8,69,run,9,7,42.5
2023,8,2023_08_TB_BUF,TB,BUF,1,73,Punt,6,16,run,6,-10,43
2023,8,2023_08_TB_BUF,BUF,TB,2,75,Touchdown,9,75,pass,18,10,43
2023,9,2023_09_ARI_CLE,ARI,CLE,1,75,Punt,6,27,run,2,-13,38
2023,9,2023_09_ARI_CLE,CLE,ARI,2,75,Punt,3,1,run,-4,13,38
2023,9,2023_09_BUF_CIN,CIN,BUF,1,76,Touchdown,9,76,pass,8,1.5,51
2023,9,2023_09_BUF_CIN,BUF,CIN,2,74,Field goal,10,58,pass,5,-1.5,51
2023,9,2023_09_CHI_NO,CHI,NO,1,75,Touchdown,9,75,pass,13,-9,42
2023,9,2023_09_CHI_NO,NO,CHI,2,78,Punt,3,7,run,4,9,42
2023,9,2023_09_DAL_PHI,DAL,PHI,1,75,Punt,3,4,run,2,-3.5,46.5
2023,9,2023_09_DAL_PHI,PHI,DAL,2,60,Touchdown,6,60,run,6,3.5,46.5
2023,9,2023_09_IND_CAR,CAR,IND,1,75,Punt,3,9,run,4,-1.5,45
2023,9,2023_09_IND_CAR,IND,CAR,2,75,Punt,4,-1,run,0,1.5,45
2023,9,2023_09_LAC_NYJ,LAC,NYJ,1,75,Punt,3,2,run,2,3,41
2023,9,2023_09_LAC_NYJ,NYJ,LAC,2,75,Field goal,8,47,pass,31,-3,41
2023,9,2023_09_LA_GB,LA,GB,1,75,Punt,6,22,run,5,-3.5,38
2023,9,2023_09_LA_GB,GB,LA,2,53,Turnover,1,11,pass,11,3.5,38
2023,9,2023_09_MIA_KC,KC,MIA,1,75,Touchdown,7,75,pass,21,1,51
2023,9,2023_09_MIA_KC,MIA,KC,2,75,Punt,3,0,run,3,-1,51
2023,9,2023_09_MIN_ATL,ATL,MIN,1,75,Punt,7,22,run,2,3.5,38.5
2023,9,2023_09_MIN_ATL,MIN,ATL,2,75,Turnover,3,5,pass,0,-3.5,38.5
2023,9,2023_09_NYG_LV,NYG,LV,1,80,Punt,3,9,pass,0,-1,38.5
2023,9,2023_09_NYG_LV,LV,NYG,2,75,Field goal,13,47,pass,0,1,38.5
2023,9,2023_09_SEA_BAL,SEA,BAL,1,75,Punt,3,6,run,2,-6,44.5
2023,9,2023_09_SEA_BAL,BAL,SEA,2,75,Field goal,4,49,run,42,6,44.5
2023,9,2023_09_TB_HOU,HOU,TB,1,75,Turnover,3,9,pass,0,2.5,39.5
2023,9,2023_09_TB_HOU,TB,HOU,2,73,Field goal,6,42,pass,3,-2.5,39.5
2023,9,2023_09_TEN_PIT,PIT,TEN,1,78,Touchdown,10,78,run,4,3.5,37
2023,9,2023_09_TEN_PIT,TEN,PIT,2,75,Punt,3,2,run,2,-3.5,37
2023,9,2023_09_WAS_NE,WAS,NE,1,64,Punt,3,8,pass,4,-2.5,40.5
2023,9,2023_09_WAS_NE,NE,WAS,2,75,Field goal,11,51,pass,11,2.5,40.5
2023,10,2023_10_ATL_ARI,ARI,ATL,1,80,Punt,3,1,pass,0,-2,43.5
2023,10,2023_10_ATL_ARI,ATL,ARI,2,75,Punt,3,4,run,4,2,43.5
2023,10,2023_10_CAR_CHI,CHI,CAR,1,75,Punt,4,18,pass,16,3,38
2023,10,2023_10_CAR_CHI,CAR,CHI,2,75,Punt,3,1,pass,0,-3,38
2023,10,2023_10_CLE_BAL,CLE,BAL,1,75,Opp touchdown,2,4,run,4,-6,38.5
2023,10,2023_10_CLE_BAL,BAL,CLE,2,78,Touchdown,6,78,pass,7,6,38.5
2023,10,2023_10_DEN_BUF,BUF,DEN,1,75,Turnover,1,3,pass,3,7.5,47.5
2023,10,2023_10_DEN_BUF,DEN,BUF,2,75,Punt,3,-2,run,0,-7.5,47.5
2023,10,2023_10_DET_LAC,LAC,DET,1,75,Punt,3,4,run,1,-2.5,48.5
2023,10,2023_10_DET_LAC,DET,LAC,2,75,Punt,8,38,pass,0,2.5,48.5
2023,10,2023_10_GB_PIT,PIT,GB,1,75,Touchdown,9,75,run,5,3,38.5
2023,10,2023_10_GB_PIT,GB,PIT,2,44,Field goal,10,31,run,3,-3,38.5
2023,10,2023_10_HOU_CIN,CIN,HOU,1,60,Touchdown,10,60,run,2,5.5,46
2023,10,2023_10_HOU_CIN,HOU,CIN,2,75,Field goal,10,72,run,12,-5.5,46
2023,10,2023_10_IND_NE,NE,IND,1,80,Field goal,12,61,run,3,-1,42
2023,10,2023_10_IND_NE,IND,NE,2,75,Turnover,4,17,run,4,1,42
2023,10,2023_10_NO_MIN,MIN,NO,1,75,Field goal,7,53,pass,9,-3,41
2023,10,2023_10_NO_MIN,NO,MIN,2,75,Punt,3,9,run,7,3,41
2023,10,2023_10_NYG_DAL,DAL,NYG,1,75,Turnover on downs,10,74,pass,4,17.5,38.5
2023,10,2023_10_NYG_DAL,NYG,DAL,2,75,Punt,3,-8,pass,-8,-17.5,38.5
2023,10,2023_10_NYJ_LV,LV,NYJ,1,75,Punt,3,9,pass,0,-1,35.5
2023,10,2023_10_NYJ_LV,NYJ,LV,2,75,Punt,4,-6,pass,0,1,35.5
2023,10,2023_10_SF_JAX,JAX,SF,1,75,Punt,3,-1,pass,0,-3,44.5
2023,10,2023_10_SF_JAX,SF,JAX,2,75,Touchdown,2,75,pass,9,3,44.5
2023,10,2023_10_TEN_TB,TEN,TB,1,75,Field goal,11,55,pass,15,-2.5,39.5
2023,10,2023_10_TEN_TB,TB,TEN,2,75,Field goal,10,68,pass,4,2.5,39.5
2023,10,2023_10_WAS_SEA,WAS,SEA,1,65,Touchdown,4,65,pass,0,-6,44
2023,10,2023_10_WAS_SEA,SEA,WAS,2,75,Punt,3,6,run,3,6,44
2023,11,2023_11_ARI_HOU,ARI,HOU,1,75,Touchdown,3,75,pass,13,-5.5,48
2023,11,2023_11_ARI_HOU,HOU,ARI,2,75,Missed field goal,9,45,run,5,5.5,48
2023,11,2023_11_CHI_DET,CHI,DET,1,75,Touchdown,10,75,pass,0,-8,48
2023,11,2023_11_CHI_DET,DET,CHI,2,75,Punt,4,23,run,20,8,48
2023,11,2023_11_CIN_BAL,BAL,CIN,1,75,Touchdown,9,75,pass,14,4,46.5
2023,11,2023_11_CIN_BAL,CIN,BAL,2,75,Field goal,9,67,run,2,-4,46.5
2023,11,2023_11_DAL_CAR,DAL,CAR,1,75,Punt,3,7,pass,7,11,43
2023,11,2023_11_DAL_CAR,CAR,DAL,2,75,Punt,4,3,run,1,-11,43
2023,11,2023_11_LAC_GB,GB,LAC,1,92,Turnover on downs,7,41,pass,15,-3,44
2023,11,2023_11_LAC_GB,LAC,GB,2,78,Field goal,9,71,pass,9,3,44
2023,11,2023_11_LV_MIA,LV,MIA,1,75,Punt,4,11,pass,17,-14,44.5
2023,11,2023_11_LV_MIA,MIA,LV,2,75,Turnover,1,0,pass,0,14,44.5
2023,11,2023_11_MIN_DEN,MIN,DEN,1,75,Turnover,3,9,run,4,-2.5,43.5
2023,11,2023_11_MIN_DEN,DEN,MIN,2,75,Punt,4,-2,run,-1,2.5,43.5
2023,11,2023_11_NYG_WAS,NYG,WAS,1,75,Punt,6,19,run,-3,-7.5,39
2023,11,2023_11_NYG_WAS,NYG,WAS,2,34,Punt,3,-11,pass,-7,-7.5,39
2023,11,2023_11_NYJ_BUF,BUF,NYJ,1,21,Field goal,3,-9,run,3,8,39.5
2023,11,2023_11_NYJ_BUF,BUF,NYJ,2,75,Touchdown,8,75,run,-3,8,39.5
2023,11,2023_11_PHI_KC,KC,PHI,1,75,Punt,3,-5,pass,0,2.5,46
2023,11,2023_11_PHI_KC,PHI,KC,2,75,Punt,3,1,run,4,-2.5,46
2023,11,2023_11_PIT_CLE,CLE,PIT,1,75,Punt,8,31,run,4,2.5,34
2023,11,2023_11_PIT_CLE,PIT,CLE,2,75,Touchdown,2,75,run,1,-2.5,34
2023,11,2023_11_SEA_LA,LA,SEA,1,75,Punt,3,5,run,2,2.5,45
2023,11,2023_11_SEA_LA,SEA,LA,2,75,Punt,3,8,pass,0,-2.5,45
2023,11,2023_11_TB_SF,SF,TB,1,80,Punt,5,14,run,-1,13.5,41.5
2023,11,2023_11_TB_SF,TB,SF,2,77,Punt,5,19,run,7,-13.5,41.5
2023,11,2023_11_TEN_JAX,TEN,JAX,1,75,Punt,3,0,run,3,-6.5,40
2023,11,2023_11_TEN_JAX,JAX,TEN,2,73,Touchdown,9,73,run,9,6.5,40
2023,12,2023_12_BAL_LAC,LAC,BAL,1,75,Field goal,11,54,run,2,-3,49
2023,12,2023_12_BAL_LAC,BAL,LAC,2,75,Field goal,8,45,run,2,3,49
2023,12,2023_12_BUF_PHI,BUF,PHI,1,75,Punt,3,8,run,1,-2.5,49
2023,12,2023_12_BUF_PHI,PHI,BUF,2,75,Punt,3,-4,pass,-4,2.5,49
2023,12,2023_12_CAR_TEN,TEN,CAR,1,80,Punt,4,20,pass,19,3.5,36
2023,12,2023_12_CAR_TEN,CAR,TEN,2,67,Touchdown,11,67,run,4,-3.5,36
2023,12,2023_12_CHI_MIN,CHI,MIN,1,77,Missed field goal,13,47,pass,1,-3,43.5
2023,12,2023_12_CHI_MIN,MIN,CHI,2,75,Turnover on downs,5,30,run,21,3,43.5
2023,12,2023_12_CLE_DEN,CLE,DEN,1,75,Punt,3,3,run,3,-1.5,37.5
2023,12,2023_12_CLE_DEN,DEN,CLE,2,75,Punt,3,6,pass,2,1.5,37.5
2023,12,2023_12_GB_DET,GB,DET,1,75,Touchdown,5,75,pass,53,-8.5,47
2023,12,2023_12_GB_DET,DET,GB,2,72,Touchdown,7,72,run,23,8.5,47
2023,12,2023_12_JAX_HOU,HOU,JAX,1,75,Punt,4,22,pass,16,-1,48
2023,12,2023_12_JAX_HOU,JAX,HOU,2,84,Turnover,7,36,pass,0,1,48
2023,12,2023_12_KC_LV,LV,KC,1,75,Touchdown,9,75,run,7,-9,42.5
2023,12,2023_12_KC_LV,KC,LV,2,75,Touchdown,10,75,run,4,9,42.5
2023,12,2023_12_LA_ARI,LA,ARI,1,75,Touchdown,9,75,pass,0,3,45
2023,12,2023_12_LA_ARI,ARI,LA,2,75,Punt,7,6,run,3,-3,45
2023,12,2023_12_MIA_NYJ,NYJ,MIA,1,75,Punt,5,16,run,1,-9.5,40
2023,12,2023_12_MIA_NYJ,MIA,NYJ,2,75,Field goal,6,39,run,3,9.5,40
2023,12,2023_12_NE_NYG,NYG,NE,1,75,Turnover,5,49,pass,6,-4.5,36.5
2023,12,2023_12_NE_NYG,NE,NYG,2,60,Touchdown,11,60,run,13,4.5,36.5
2023,12,2023_12_NO_ATL,NO,ATL,1,75,Punt,3,3,run,-2,2,42
2023,12,2023_12_NO_ATL,ATL,NO,2,75,Punt,6,31,run,1,-2,42
2023,12,2023_12_PIT_CIN,PIT,CIN,1,75,Punt,4,32,pass,24,2,36
2023,12,2023_12_PIT_CIN,CIN,PIT,2,75,Turnover,10,57,run,1,-2,36
2023,12,2023_12_SF_SEA,SF,SEA,1,71,Touchdown,9,71,pass,14,7,43.5
2023,12,2023_12_SF_SEA,SEA,SF,2,75,Punt,7,33,run,2,-7,43.5
2023,12,2023_12_TB_IND,TB,IND,1,75,Field goal,14,72,pass,5,-2.5,45
2023,12,2023_12_TB_IND,IND,TB,2,75,Field goal,10,57,run,-2,2.5,45
2023,12,2023_12_WAS_DAL,WAS,DAL,1,75,Punt,6,31,run,8,-13,48
2023,12,2023_12_WAS_DAL,DAL,WAS,2,75,Punt,4,17,pass,10,13,48
2023,13,2023_13_ARI_PIT,PIT,ARI,1,76,Field goal,6,65,pass,13,6,41
2023,13,2023_13_ARI_PIT,ARI,PIT,2,75,Punt,3,6,pass,0,-6,41
2023,13,2023_13_ATL_NYJ,ATL,NYJ,1,75,Punt,6,14,run,0,2,33
2023,13,2023_13_ATL_NYJ,NYJ,ATL,2,75,Field goal,8,47,pass,31,-2,33
2023,13,2023_13_CAR_TB,TB,CAR,1,75,Punt,8,24,run,8,4,37
2023,13,2023_13_CAR_TB,CAR,TB,2,75,Punt,3,-1,run,2,-4,37
2023,13,2023_13_CIN_JAX,CIN,JAX,1,78,Turnover on downs,8,29,run,4,-10,41
2023,13,2023_13_CIN_JAX,JAX,CIN,2,68,Punt,3,9,pass,0,10,41
2023,13,2023_13_CLE_LA,CLE,LA,1,75,Touchdown,9,75,pass,6,-3.5,39.5
2023,13,2023_13_CLE_LA,LA,CLE,2,83,Punt,4,25,run,18,3.5,39.5
2023,13,2023_13_DEN_HOU,HOU,DEN,1,75,Punt,3,9,run,1,3.5,47.5
2023,13,2023_13_DEN_HOU,DEN,HOU,2,75,Punt,3,-6,pass,-4,-3.5,47.5
2023,13,2023_13_DET_NO,DET,NO,1,85,Touchdown,7,85,run,4,4,47.5
2023,13,2023_13_DET_NO,NO,DET,2,75,Touchdown,10,75,pass,5,-4,47.5
2023,13,2023_13_IND_TEN,TEN,IND,1,64,Touchdown,4,64,run,3,-1.5,42
2023,13,2023_13_IND_TEN,IND,TEN,2,75,Field goal,18,70,pass,7,1.5,42
2023,13,2023_13_KC_GB,GB,KC,1,75,Touchdown,13,75,pass,9,-5.5,43.5
2023,13,2023_13_KC_GB,KC,GB,2,75,Touchdown,10,73,pass,21,5.5,43.5
2023,13,2023_13_LAC_NE,NE,LAC,1,75,Punt,3,5,pass,0,-4.5,38.5
2023,13,2023_13_LAC_NE,LAC,NE,2,75,Punt,3,0,pass,0,4.5,38.5
2023,13,2023_13_MIA_WAS,WAS,MIA,1,75,Punt,8,30,run,2,-8.5,50
2023,13,2023_13_MIA_WAS,MIA,WAS,2,75,Touchdown,9,75,run,5,8.5,50
2023,13,2023_13_SEA_DAL,DAL,SEA,1,75,Field goal,13,63,run,2,9.5,47.5
2023,13,2023_13_SEA_DAL,SEA,DAL,2,75,Touchdown,10,75,run,2,-9.5,47.5
2023,13,2023_13_SF_PHI,PHI,SF,1,75,Field goal,11,67,pass,0,-3,46.5
2023,13,2023_13_SF_PHI,SF,PHI,2,75,Touchdown,7,75,run,5,3,46.5
2023,14,2023_14_BUF_KC,KC,BUF,1,75,Turnover,8,45,run,5,2,49.5
2023,14,2023_14_BUF_KC,BUF,KC,2,75,Field goal,9,62,pass,12,-2,49.5
2023,14,2023_14_CAR_NO,CAR,NO,1,85,Punt,3,3,run,3,-5.5,39
2023,14,2023_14_CAR_NO,NO,CAR,2,66,Punt,6,10,run,4,5.5,39
2023,14,2023_14_DEN_LAC,LAC,DEN,1,75,Punt,5,4,run,8,3,45
2023,14,2023_14_DEN_LAC,DEN,LAC,2,75,Punt,3,9,pass,3,-3,45
2023,14,2023_14_DET_CHI,CHI,DET,1,69,Touchdown,8,69,run,1,-3,44.5
2023,14,2023_14_DET_CHI,DET,CHI,2,75,Punt,3,4,pass,0,3,44.5
2023,14,2023_14_GB_NYG,GB,NYG,1,76,Punt,5,19,pass,5,6,37.5
2023,14,2023_14_GB_NYG,NYG,GB,2,75,Punt,3,8,run,6,-6,37.5
2023,14,2023_14_HOU_NYJ,HOU,NYJ,1,75,Punt,5,21,run,3,3.5,33.5
2023,14,2023_14_HOU_NYJ,NYJ,HOU,2,75,Touchdown,7,75,pass,7,-3.5,33.5
2023,14,2023_14_IND_CIN,IND,CIN,1,75,Punt,3,2,pass,-7,-3,45
2023,14,2023_14_IND_CIN,CIN,IND,2,75,Touchdown,6,75,run,4,3,45
2023,14,2023_14_JAX_CLE,CLE,JAX,1,75,Touchdown,6,75,run,8,2.5,37.5
2023,14,2023_14_JAX_CLE,JAX,CLE,2,75,Turnover,3,-3,run,-6,-2.5,37.5
2023,14,2023_14_LA_BAL,BAL,LA,1,85,Punt,5,20,run,3,7.5,42
2023,14,2023_14_LA_BAL,LA,BAL,2,75,Punt,3,4,pass,-2,-7.5,42
2023,14,2023_14_MIN_LV,LV,MIN,1,80,Punt,12,27,pass,4,-3,40.5
2023,14,2023_14_MIN_LV,MIN,LV,2,86,Punt,6,3,run,6,3,40.5
2023,14,2023_14_NE_PIT,NE,PIT,1,75,Touchdown,8,75,run,0,-6,30
2023,14,2023_14_NE_PIT,PIT,NE,2,83,Punt,11,32,pass,0,6,30
2023,14,2023_14_PHI_DAL,DAL,PHI,1,75,Touchdown,10,75,pass,6,3.5,52.5
2023,14,2023_14_PHI_DAL,PHI,DAL,2,70,Turnover,4,26,run,7,-3.5,52.5
2023,14,2023_14_SEA_SF,SF,SEA,1,75,Touchdown,2,75,run,72,14.5,44.5
2023,14,2023_14_SEA_SF,SEA,SF,2,69,Punt,3,9,pass,0,-14.5,44.5
2023,14,2023_14_TB_ATL,TB,ATL,1,75,Field goal,8,38,run,6,-1.5,41.5
2023,14,2023_14_TB_ATL,ATL,TB,2,75,Punt,5,27,run,8,1.5,41.5
2023,14,2023_14_TEN_MIA,TEN,MIA,1,75,Punt,3,0,run,-1,-14,45
2023,14,2023_14_TEN_MIA,MIA,TEN,2,79,Field goal,10,77,run,6,14,45
2023,15,2023_15_ATL_CAR,ATL,CAR,1,77,Turnover on downs,10,42,run,2,3,32
2023,15,2023_15_ATL_CAR,CAR,ATL,2,60,Turnover on downs,5,30,run,21,-3,32
2023,15,2023_15_BAL_JAX,JAX,BAL,1,79,Punt,6,23,run,6,-4,42.5
2023,15,2023_15_BAL_JAX,BAL,JAX,2,75,Punt,8,18,run,6,4,42.5
2023,15,2023_15_CHI_CLE,CLE,CHI,1,75,Punt,6,19,run,6,3,38
2023,15,2023_15_CHI_CLE,CHI,CLE,2,75,Punt,3,-4,run,-4,-3,38
2023,15,2023_15_DAL_BUF,BUF,DAL,1,75,Touchdown,12,75,run,2,2,49.5
2023,15,2023_15_DAL_BUF,DAL,BUF,2,82,Punt,6,11,pass,8,-2,49.5
2023,15,2023_15_DEN_DET,DET,DEN,1,75,Punt,5,25,pass,0,5.5,49
2023,15,2023_15_DEN_DET,DEN,DET,2,75,Touchdown,10,75,run,3,-5.5,49
2023,15,2023_15_HOU_TEN,HOU,TEN,1,75,Punt,3,8,pass,6,-3,38
2023,15,2023_15_HOU_TEN,TEN,HOU,2,75,Turnover,5,15,run,-2,3,38
2023,15,2023_15_KC_NE,NE,KC,1,87,Punt,3,2,run,-1,-10,39.5
2023,15,2023_15_KC_NE,KC,NE,2,75,Field goal,10,64,pass,24,10,39.5
2023,15,2023_15_LAC_LV,LAC,LV,1,71,Punt,3,7,run,6,-3,36
2023,15,2023_15_LAC_LV,LV,LAC,2,75,Touchdown,9,75,run,4,3,36
2023,15,2023_15_MIN_CIN,CIN,MIN,1,75,Field goal,10,59,pass,0,3,41.5
2023,15,2023_15_MIN_CIN,MIN,CIN,2,92,Touchdown,8,92,run,24,-3,41.5
2023,15,2023_15_NYG_NO,NYG,NO,1,75,Field goal,8,37,pass,0,-6,39.5
2023,15,2023_15_NYG_NO,NO,NYG,2,68,Touchdown,10,68,pass,0,6,39.5
2023,15,2023_15_NYJ_MIA,MIA,NYJ,1,75,Punt,5,25,pass,8,7.5,36
2023,15,2023_15_NYJ_MIA,NYJ,MIA,2,75,Punt,3,-9,run,1,-7.5,36
2023,15,2023_15_PHI_SEA,PHI,SEA,1,75,Touchdown,15,75,run,13,5,46
2023,15,2023_15_PHI_SEA,SEA,PHI,2,75,Touchdown,9,75,pass,8,-5,46
2023,15,2023_15_PIT_IND,PIT,IND,1,62,Punt,3,0,run,0,-1.5,41.5
2023,15,2023_15_PIT_IND,IND,PIT,2,75,Punt,3,8,run,5,1.5,41.5
2023,15,2023_15_SF_ARI,ARI,SF,1,70,Touchdown,7,70,run,0,-12.5,48
2023,15,2023_15_SF_ARI,SF,ARI,2,75,Touchdown,4,75,run,-1,12.5,48
2023,15,2023_15_TB_GB,TB,GB,1,75,Field goal,9,54,pass,11,-4,41.5
2023,15,2023_15_TB_GB,GB,TB,2,75,Punt,3,3,pass,0,4,41.5
2023,15,2023_15_WAS_LA,WAS,LA,1,75,Punt,3,6,pass,6,-6.5,48.5
2023,15,2023_15_WAS_LA,LA,WAS,2,75,Touchdown,2,75,run,13,6.5,48.5
2023,16,2023_16_ARI_CHI,CHI,ARI,1,74,Punt,4,21,run,13,4.5,42
2023,16,2023_16_ARI_CHI,ARI,CHI,2,57,Field goal,4,20,pass,18,-4.5,42
2023,16,2023_16_BAL_SF,BAL,SF,1,69,Punt,3,2,run,2,-6.5,47.5
2023,16,2023_16_BAL_SF,SF,BAL,2,75,Punt,3,5,run,1,6.5,47.5
2023,16,2023_16_BUF_LAC,BUF,LAC,1,75,Punt,5,16,pass,0,13,44.5
2023,16,2023_16_BUF_LAC,LAC,BUF,2,75,Punt,5,25,pass,4,-13,44.5
2023,16,2023_16_CIN_PIT,CIN,PIT,1,75,Punt,6,22,run,0,3,39.5
2023,16,2023_16_CIN_PIT,PIT,CIN,2,75,Punt,6,20,pass,6,-3,39.5
2023,16,2023_16_CLE_HOU,CLE,HOU,1,59,Touchdown,4,59,pass,53,3,40
2023,16,2023_16_CLE_HOU,HOU,CLE,2,67,Punt,4,21,run,17,-3,40
2023,16,2023_16_DAL_MIA,DAL,MIA,1,75,Turnover,15,74,pass,9,-1.5,48.5
2023,16,2023_16_DAL_MIA,MIA,DAL,2,75,Punt,4,15,run,14,1.5,48.5
2023,16,2023_16_DET_MIN,DET,MIN,1,75,Touchdown,14,75,pass,16,2.5,47.5
2023,16,2023_16_DET_MIN,MIN,DET,2,81,Touchdown,5,81,run,1,-2.5,47.5
2023,16,2023_16_GB_CAR,CAR,GB,1,85,Punt,6,18,pass,9,-3.5,39.5
2023,16,2023_16_GB_CAR,GB,CAR,2,75,Punt,3,-7,run,5,3.5,39.5
2023,16,2023_16_IND_ATL,IND,ATL,1,75,Touchdown,13,75,pass,0,-3,44
2023,16,2023_16_IND_ATL,ATL,IND,2,75,Touchdown,8,75,run,0,3,44
2023,16,2023_16_JAX_TB,TB,JAX,1,75,Field goal,13,69,pass,8,-2,43
2023,16,2023_16_JAX_TB,JAX,TB,2,78,Turnover,3,15,run,3,2,43
2023,16,2023_16_LV_KC,KC,LV,1,68,Punt,3,-11,run,0,11,40.5
2023,16,2023_16_LV_KC,LV,KC,2,75,Punt,5,23,run,4,-11,40.5
2023,16,2023_16_NE_DEN,NE,DEN,1,75,Turnover,1,-16,pass,-16,-7,37.5
2023,16,2023_16_NE_DEN,DEN,NE,2,69,Punt,3,0,pass,-8,7,37.5
2023,16,2023_16_NO_LA,NO,LA,1,75,Punt,8,38,run,2,-4,45.5
2023,16,2023_16_NO_LA,LA,NO,2,75,Field goal,9,72,pass,41,4,45.5
2023,16,2023_16_NYG_PHI,NYG,PHI,1,75,Punt,3,1,run,2,-14,41
2023,16,2023_16_NYG_PHI,NYG,PHI,2,14,Touchdown,3,14,run,5,-14,41
2023,16,2023_16_SEA_TEN,TEN,SEA,1,75,Punt,3,-10,pass,0,-3,42
2023,16,2023_16_SEA_TEN,SEA,TEN,2,55,Field goal,9,46,run,11,3,42
2023,16,2023_16_WAS_NYJ,WAS,NYJ,1,75,Turnover,2,0,pass,0,-3,36.5
2023,16,2023_16_WAS_NYJ,NYJ,WAS,2,75,Punt,5,17,run,0,3,36.5
2023,17,2023_17_ARI_PHI,PHI,ARI,1,75,Punt,3,8,run,3,12,48
2023,17,2023_17_ARI_PHI,ARI,PHI,2,75,Touchdown,10,75,run,4,-12,48
2023,17,2023_17_ATL_CHI,ATL,CHI,1,75,Missed field goal,5,44,pass,22,-3,39
2023,17,2023_17_ATL_CHI,CHI,ATL,2,75,Field goal,6,71,pass,28,3,39
2023,17,2023_17_CAR_JAX,JAX,CAR,1,60,Field goal,12,43,run,5,3.5,38
2023,17,2023_17_CAR_JAX,CAR,JAX,2,75,Punt,3,7,run,1,-3.5,38
2023,17,2023_17_CIN_KC,CIN,KC,1,75,Field goal,14,59,pass,0,-7.5,46
2023,17,2023_17_CIN_KC,KC,CIN,2,75,Punt,3,2,run,2,7.5,46
2023,17,2023_17_DET_DAL,DET,DAL,1,75,Field goal,10,52,run,0,-5.5,53
2023,17,2023_17_DET_DAL,DAL,DET,2,75,Punt,6,9,run,3,5.5,53
2023,17,2023_17_GB_MIN,GB,MIN,1,80,Punt,3,3,pass,0,-1,42.5
2023,17,2023_17_GB_MIN,MIN,GB,2,57,Turnover on downs,10,48,pass,12,1,42.5
2023,17,2023_17_LAC_DEN,LAC,DEN,1,75,Punt,3,8,run,5,-3.5,39.5
2023,17,2023_17_LAC_DEN,DEN,LAC,2,75,Punt,6,20,run,-3,3.5,39.5
2023,17,2023_17_LA_NYG,LA,NYG,1,75,Turnover on downs,11,54,pass,14,6,43.5
2023,17,2023_17_LA_NYG,NYG,LA,2,75,Punt,6,24,pass,-1,-6,43.5
2023,17,2023_17_LV_IND,IND,LV,1,75,Touchdown,6,75,run,4,3.5,42.5
2023,17,2023_17_LV_IND,LV,IND,2,75,Touchdown,15,75,run,4,-3.5,42.5
2023,17,2023_17_MIA_BAL,MIA,BAL,1,75,Touchdown,8,75,pass,23,-3,47
2023,17,2023_17_MIA_BAL,BAL,MIA,2,18,Touchdown,3,18,run,8,3,47
2023,17,2023_17_NE_BUF,BUF,NE,1,75,Punt,3,4,pass,-15,15,40
2023,17,2023_17_NE_BUF,BUF,NE,2,75,Touchdown,8,75,run,-4,15,40
2023,17,2023_17_NO_TB,NO,TB,1,73,Touchdown,14,73,pass,4,-2.5,42.5
2023,17,2023_17_NO_TB,TB,NO,2,75,Punt,3,4,pass,0,2.5,42.5
2023,17,2023_17_NYJ_CLE,CLE,NYJ,1,75,Touchdown,7,75,run,5,6.5,33.5
2023,17,2023_17_NYJ_CLE,NYJ,CLE,2,71,Missed field goal,10,63,run,4,-6.5,33.5
2023,17,2023_17_PIT_SEA,PIT,SEA,1,75,Turnover on downs,8,34,run,4,-4.5,40.5
2023,17,2023_17_PIT_SEA,SEA,PIT,2,65,Field goal,8,41,pass,4,4.5,40.5
2023,17,2023_17_SF_WAS,SF,WAS,1,75,Field goal,11,55,run,9,14,49
2023,17,2023_17_SF_WAS,WAS,SF,2,75,Punt,3,3,run,1,-14,49
2023,17,2023_17_TEN_HOU,TEN,HOU,1,75,Punt,3,4,run,4,-5,44
2023,17,2023_17_TEN_HOU,HOU,TEN,2,80,Field goal,11,71,pass,7,5,44
2023,18,2023_18_ATL_NO,NO,ATL,1,75,Punt,4,10,pass,11,3.5,41.5
2023,18,2023_18_ATL_NO,ATL,NO,2,75,Turnover,3,2,pass,-1,-3.5,41.5
2023,18,2023_18_BUF_MIA,MIA,BUF,1,75,Turnover,5,19,pass,0,-2.5,47.5
2023,18,2023_18_BUF_MIA,BUF,MIA,2,75,Punt,8,19,pass,7,2.5,47.5
2023,18,2023_18_CHI_GB,CHI,GB,1,69,Field goal,9,37,run,-2,-2.5,45.5
2023,18,2023_18_CHI_GB,GB,CHI,2,75,Touchdown,9,75,pass,9,2.5,45.5
2023,18,2023_18_CLE_CIN,CLE,CIN,1,77,Turnover,3,6,run,4,-7.5,37
2023,18,2023_18_CLE_CIN,CIN,CLE,2,77,Punt,3,-13,pass,-1,7.5,37
2023,18,2023_18_DAL_WAS,WAS,DAL,1,75,Turnover on downs,9,42,run,15,-13,47.5
2023,18,2023_18_DAL_WAS,DAL,WAS,2,75,Touchdown,12,75,pass,12,13,47.5
2023,18,2023_18_DEN_LV,DEN,LV,1,68,Punt,3,-1,pass,0,-3.5,37.5
2023,18,2023_18_DEN_LV,LV,DEN,2,76,Punt,3,3,run,3,3.5,37.5
2023,18,2023_18_HOU_IND,IND,HOU,1,75,Field goal,10,61,run,4,-1.5,47.5
2023,18,2023_18_HOU_IND,HOU,IND,2,75,Punt,4,18,pass,23,1.5,47.5
2023,18,2023_18_JAX_TEN,JAX,TEN,1,75,Field goal,10,49,run,0,3.5,41.5
2023,18,2023_18_JAX_TEN,TEN,JAX,2,75,Touchdown,4,75,run,2,-3.5,41.5
2023,18,2023_18_KC_LAC,KC,LAC,1,75,Punt,3,6,run,6,-3.5,35
2023,18,2023_18_KC_LAC,LAC,KC,2,55,Punt,3,-1,run,6,3.5,35
2023,18,2023_18_LA_SF,SF,LA,1,75,Touchdown,12,75,pass,6,5.5,40
2023,18,2023_18_LA_SF,LA,SF,2,75,Touchdown,17,75,run,2,-5.5,40
2023,18,2023_18_MIN_DET,DET,MIN,1,75,Punt,3,4,run,4,3.5,47.5
2023,18,2023_18_MIN_DET,MIN,DET,2,75,Turnover on downs,8,46,run,1,-3.5,47.5
2023,18,2023_18_NYJ_NE,NE,NYJ,1,75,Punt,3,2,run,2,2.5,28.5
2023,18,2023_18_NYJ_NE,NYJ,NE,2,70,Punt,3,7,run,3,-2.5,28.5
2023,18,2023_18_PHI_NYG,NYG,PHI,1,75,Punt,4,15,pass,18,-4.5,43
2023,18,2023_18_PHI_NYG,PHI,NYG,2,77,Punt,7,38,pass,11,4.5,43
2023,18,2023_18_PIT_BAL,PIT,BAL,1,75,Punt,6,22,run,2,3,34
2023,18,2023_18_PIT_BAL,BAL,PIT,2,80,Punt,3,-1,run,2,-3,34
2023,18,2023_18_SEA_ARI,ARI,SEA,1,82,Punt,8,30,run,0,-2.5,48
2023,18,2023_18_SEA_ARI,SEA,ARI,2,75,Punt,4,20,run,14,2.5,48
2023,18,2023_18_TB_CAR,TB,CAR,1,75,Punt,8,28,pass,7,5,36.5
2023,18,2023_18_TB_CAR,CAR,TB,2,85,Punt,8,34,run,-1,-5,36.5
2023,19,2023_19_CLE_HOU,CLE,HOU,1,75,Punt,4,6,pass,11,2.5,45
2023,19,2023_19_CLE_HOU,HOU,CLE,2,75,Punt,5,17,run,0,-2.5,45
2023,19,2023_19_GB_DAL,GB,DAL,1,75,Touchdown,12,75,run,0,-7,52.5
2023,19,2023_19_GB_DAL,DAL,GB,2,76,Field goal,11,60,pass,13,7,52.5
2023,19,2023_19_LA_DET,DET,LA,1,75,Touchdown,10,75,run,10,3.5,52.5
2023,19,2023_19_LA_DET,LA,DET,2,75,Punt,4,13,pass,14,-3.5,52.5
2023,19,2023_19_MIA_KC,KC,MIA,1,69,Touchdown,9,69,pass,0,4.5,43.5
2023,19,2023_19_MIA_KC,MIA,KC,2,79,Punt,3,6,pass,0,-4.5,43.5
2023,19,2023_19_PHI_TB,TB,PHI,1,75,Field goal,11,65,pass,0,-2.5,43
2023,19,2023_19_PHI_TB,PHI,TB,2,75,Punt,3,-10,run,-1,2.5,43
2023,19,2023_19_PIT_BUF,PIT,BUF,1,70,Punt,5,19,run,1,-10,39.5
2023,19,2023_19_PIT_BUF,BUF,PIT,2,75,Punt,3,2,pass,0,10,39.5
2023,20,2023_20_GB_SF,GB,SF,1,69,Field goal,13,58,pass,0,-10.5,50.5
2023,20,2023_20_GB_SF,SF,GB,2,75,Punt,3,6,run,-1,10.5,50.5
2023,20,2023_20_HOU_BAL,HOU,BAL,1,75,Punt,3,7,run,0,-10,44
2023,20,2023_20_HOU_BAL,BAL,HOU,2,55,Touchdown,6,55,pass,9,10,44
2023,20,2023_20_KC_BUF,BUF,KC,1,69,Field goal,13,60,pass,3,2.5,45.5
2023,20,2023_20_KC_BUF,KC,BUF,2,75,Touchdown,6,75,pass,30,-2.5,45.5
2023,20,2023_20_TB_DET,DET,TB,1,75,Punt,3,7,pass,0,6,49.5
2023,20,2023_20_TB_DET,TB,DET,2,75,Punt,6,28,pass,12,-6,49.5
2023,21,2023_21_DET_SF,DET,SF,1,75,Touchdown,4,75,run,4,-7.5,52.5
2023,21,2023_21_DET_SF,SF,DET,2,75,Field goal,8,50,run,8,7.5,52.5
2023,21,2023_21_KC_BAL,BAL,KC,1,75,Punt,3,3,run,1,4.5,44
2023,21,2023_21_KC_BAL,KC,BAL,2,75,Punt,3,7,run,1,-4.5,44
2023,22,2023_22_SF_KC,SF,KC,1,75,Turnover,5,48,run,6,1.5,47
2023,22,2023_22_SF_KC,KC,SF,2,75,Turnover,3,-2,run,0,-1.5,47
2024,1,2024_01_ARI_BUF,ARI,BUF,1,70,Touchdown,13,70,run,3,-6.5,46
2024,1,2024_01_ARI_BUF,BUF,ARI,2,60,Touchdown,10,60,run,1,6.5,46
2024,1,2024_01_BAL_KC,BAL,KC,1,70,Touchdown,11,70,run,2,-3,46
2024,1,2024_01_BAL_KC,KC,BAL,2,81,Touchdown,6,81,run,5,3,46
2024,1,2024_01_CAR_NO,NO,CAR,1,76,Touchdown,5,76,run,9,3.5,41.5
2024,1,2024_01_CAR_NO,CAR,NO,2,74,Turnover,3,-7,run,-2,-3.5,41.5
2024,1,2024_01_DAL_CLE,DAL,CLE,1,77,Punt,3,9,pass,-7,-2.5,42
2024,1,2024_01_DAL_CLE,CLE,DAL,2,75,Opp touchdown,3,-14,run,4,2.5,42
2024,1,2024_01_DEN_SEA,SEA,DEN,1,70,Turnover,2,-7,pass,-7,6.5,42
2024,1,2024_01_DEN_SEA,DEN,SEA,2,73,Punt,3,-8,run,-4,-6.5,42
2024,1,2024_01_GB_PHI,GB,PHI,1,65,Punt,6,27,run,-1,-2,49.5
2024,1,2024_01_GB_PHI,PHI,GB,2,70,Touchdown,2,70,run,3,2,49.5
2024,1,2024_01_HOU_IND,IND,HOU,1,73,Turnover on downs,6,27,run,5,-3,49
2024,1,2024_01_HOU_IND,HOU,IND,2,70,Field goal,8,37,run,0,3,49
2024,1,2024_01_JAX_MIA,MIA,JAX,1,80,Turnover on downs,7,38,run,0,3.5,49.5
2024,1,2024_01_JAX_MIA,JAX,MIA,2,70,Punt,3,5,run,2,-3.5,49.5
2024,1,2024_01_LA_DET,LA,DET,1,70,Punt,3,-3,pass,-1,-5,54
2024,1,2024_01_LA_DET,DET,LA,2,70,Punt,3,6,run,2,5,54
2024,1,2024_01_LV_LAC,LAC,LV,1,64,Punt,4,15,pass,13,3,41
2024,1,2024_01_LV_LAC,LV,LAC,2,70,Punt,3,8,pass,4,-3,41
2024,1,2024_01_MIN_NYG,NYG,MIN,1,70,Punt,3,-9,run,2,-1,42.5
2024,1,2024_01_MIN_NYG,MIN,NYG,2,70,Touchdown,6,70,run,4,1,42.5
2024,1,2024_01_NE_CIN,CIN,NE,1,65,Punt,3,8,run,4,8,40.5
2024,1,2024_01_NE_CIN,NE,CIN,2,70,Punt,3,6,pass,0,-8,40.5
2024,1,2024_01_NYJ_SF,NYJ,SF,1,70,Punt,3,7,run,4,-3.5,43
2024,1,2024_01_NYJ_SF,SF,NYJ,2,70,Touchdown,11,70,run,1,3.5,43
2024,1,2024_01_PIT_ATL,ATL,PIT,1,70,Field goal,11,64,run,7,4,43
2024,1,2024_01_PIT_ATL,PIT,ATL,2,70,Punt,3,-9,run,5,-4,43
2024,1,2024_01_TEN_CHI,TEN,CHI,1,78,Punt,3,1,run,1,-4,43
2024,1,2024_01_TEN_CHI,CHI,TEN,2,70,Punt,6,-3,run,5,4,43
2024,1,2024_01_WAS_TB,TB,WAS,1,70,Field goal,6,32,run,4,4,42
2024,1,2024_01_WAS_TB,WAS,TB,2,70,Missed field goal,11,32,pass,0,-4,42
2024,2,2024_02_ATL_PHI,PHI,ATL,1,67,Punt,4,19,pass,15,5.5,46.5
2024,2,2024_02_ATL_PHI,ATL,PHI,2,70,Field goal,8,54,pass,7,-5.5,46.5
2024,2,2024_02_BUF_MIA,MIA,BUF,1,70,Turnover,6,9,pass,3,2.5,48.5
2024,2,2024_02_BUF_MIA,BUF,MIA,2,67,Punt,5,17,pass,9,-2.5,48.5
2024,2,2024_02_CHI_HOU,HOU,CHI,1,71,Field goal,7,33,pass,0,6,45.5
2024,2,2024_02_CHI_HOU,CHI,HOU,2,70,Punt,3,7,pass,3,-6,45.5
2024,2,2024_02_CIN_KC,CIN,KC,1,70,Field goal,9,66,pass,8,-6.5,47.5
2024,2,2024_02_CIN_KC,KC,CIN,2,70,Touchdown,13,70,run,2,6.5,47.5
2024,2,2024_02_CLE_JAX,JAX,CLE,1,80,Punt,5,15,pass,9,3,41.5
2024,2,2024_02_CLE_JAX,CLE,JAX,2,70,Punt,3,6,pass,0,-3,41.5
2024,2,2024_02_IND_GB,GB,IND,1,70,Field goal,7,42,run,3,-3,41.5
2024,2,2024_02_IND_GB,IND,GB,2,70,Turnover on downs,6,16,run,3,3,41.5
2024,2,2024_02_LAC_CAR,LAC,CAR,1,67,Touchdown,9,67,pass,3,5,39
2024,2,2024_02_LAC_CAR,CAR,LAC,2,60,Field goal,5,40,pass,12,-5,39
2024,2,2024_02_LA_ARI,LA,ARI,1,49,Turnover on downs,4,9,run,9,1,47.5
2024,2,2024_02_LA_ARI,ARI,LA,2,70,Touchdown,8,70,pass,9,-1,47.5
2024,2,2024_02_LV_BAL,LV,BAL,1,76,Punt,3,-8,pass,-8,-9,41
2024,2,2024_02_LV_BAL,BAL,LV,2,70,Touchdown,6,70,run,14,9,41
2024,2,2024_02_NO_DAL,NO,DAL,1,80,Touchdown,7,80,run,1,-6.5,47
2024,2,2024_02_NO_DAL,DAL,NO,2,73,Field goal,9,61,run,3,6.5,47
2024,2,2024_02_NYG_WAS,WAS,NYG,1,73,Field goal,15,69,pass,-2,1.5,42.5
2024,2,2024_02_NYG_WAS,NYG,WAS,2,74,Turnover,4,39,pass,19,-1.5,42.5
2024,2,2024_02_NYJ_TEN,TEN,NYJ,1,70,Punt,3,6,run,3,-3.5,41.5
2024,2,2024_02_NYJ_TEN,NYJ,TEN,2,70,Touchdown,5,70,run,0,3.5,41.5
2024,2,2024_02_PIT_DEN,DEN,PIT,1,70,Punt,3,7,run,3,-3,36.5
2024,2,2024_02_PIT_DEN,PIT,DEN,2,70,Punt,5,12,run,3,3,36.5
2024,2,2024_02_SEA_NE,NE,SEA,1,70,Punt,3,-1,run,1,-3.5,39
2024,2,2024_02_SEA_NE,SEA,NE,2,70,Turnover on downs,10,46,pass,0,3.5,39
2024,2,2024_02_SF_MIN,SF,MIN,1,70,Punt,3,7,pass,5,4.5,46.5
2024,2,2024_02_SF_MIN,MIN,SF,2,70,Punt,3,-7,run,4,-4.5,46.5
2024,2,2024_02_TB_DET,TB,DET,1,70,Field goal,6,58,pass,1,-7.5,51.5
2024,2,2024_02_TB_DET,DET,TB,2,70,Field goal,5,57,pass,20,7.5,51.5
2024,3,2024_03_BAL_DAL,DAL,BAL,1,85,Punt,7,13,pass,1,-1.5,47.5
2024,3,2024_03_BAL_DAL,BAL,DAL,2,70,Touchdown,5,70,run,6,1.5,47.5
2024,3,2024_03_CAR_LV,CAR,LV,1,70,Touchdown,9,70,pass,4,-5.5,40
2024,3,2024_03_CAR_LV,LV,CAR,2,73,Punt,3,4,run,2,5.5,40
2024,3,2024_03_CHI_IND,CHI,IND,1,70,Missed field goal,10,32,run,4,-1.5,43
2024,3,2024_03_CHI_IND,IND,CHI,2,70,Turnover,1,0,pass,0,1.5,43
2024,3,2024_03_DEN_TB,DEN,TB,1,70,Touchdown,6,70,pass,22,-6,40.5
2024,3,2024_03_DEN_TB,TB,DEN,2,70,Punt,5,19,pass,13,6,40.5
2024,3,2024_03_DET_ARI,DET,ARI,1,70,Touchdown,9,70,run,11,3,51.5
2024,3,2024_03_DET_ARI,ARI,DET,2,70,Turnover,5,34,pass,13,-3,51.5
2024,3,2024_03_GB_TEN,GB,TEN,1,70,Touchdown,6,70,pass,30,-3,37
2024,3,2024_03_GB_TEN,TEN,GB,2,85,Turnover on downs,6,22,pass,8,3,37
2024,3,2024_03_HOU_MIN,HOU,MIN,1,80,Turnover,1,0,pass,0,2,46
2024,3,2024_03_HOU_MIN,MIN,HOU,2,77,Touchdown,8,77,run,3,-2,46
2024,3,2024_03_JAX_BUF,BUF,JAX,1,70,Touchdown,10,70,pass,19,4,46.5
2024,3,2024_03_JAX_BUF,JAX,BUF,2,70,Touchdown,8,70,run,4,-4,46.5
2024,3,2024_03_KC_ATL,ATL,KC,1,70,Touchdown,7,70,pass,9,-3,46
2024,3,2024_03_KC_ATL,KC,ATL,2,70,Field goal,10,67,pass,9,3,46
2024,3,2024_03_LAC_PIT,LAC,PIT,1,70,Punt,3,7,run,2,-3,36
2024,3,2024_03_LAC_PIT,PIT,LAC,2,70,Field goal,11,50,run,6,3,36
2024,3,2024_03_MIA_SEA,SEA,MIA,1,65,Field goal,6,28,run,4,4,41.5
2024,3,2024_03_MIA_SEA,MIA,SEA,2,81,Punt,3,1,pass,6,-4,41.5
2024,3,2024_03_NE_NYJ,NYJ,NE,1,70,Punt,7,27,pass,6,6.5,39
2024,3,2024_03_NE_NYJ,NE,NYJ,2,70,Punt,3,6,run,-1,-6.5,39
2024,3,2024_03_NYG_CLE,CLE,NYG,1,24,Touchdown,1,24,pass,24,6.5,38
2024,3,2024_03_NYG_CLE,CLE,NYG,2,70,Punt,3,-2,pass,0,6.5,38
2024,3,2024_03_PHI_NO,NO,PHI,1,70,Field goal,14,54,run,0,2.5,49
2024,3,2024_03_PHI_NO,PHI,NO,2,77,Turnover on downs,10,37,run,11,-2.5,49
2024,3,2024_03_SF_LA,SF,LA,1,70,Touchdown,8,70,run,6,6,44.5
2024,3,2024_03_SF_LA,LA,SF,2,70,Punt,4,20,pass,15,-6,44.5
2024,3,2024_03_WAS_CIN,CIN,WAS,1,71,Touchdown,6,71,pass,1,7.5,46
2024,3,2024_03_WAS_CIN,WAS,CIN,2,33,Touchdown,9,33,run,5,-7.5,46
2024,4,2024_04_BUF_BAL,BUF,BAL,1,70,Punt,7,20,pass,5,-2.5,46.5
2024,4,2024_04_BUF_BAL,BAL,BUF,2,70,Punt,3,-10,pass,0,2.5,46.5
2024,4,2024_04_CIN_CAR,CAR,CIN,1,70,Turnover on downs,12,69,run,6,-4.5,47
2024,4,2024_04_CIN_CAR,CIN,CAR,2,71,Touchdown,8,71,pass,10,4.5,47
2024,4,2024_04_CLE_LV,CLE,LV,1,70,Touchdown,15,70,run,6,2.5,36.5
2024,4,2024_04_CLE_LV,LV,CLE,2,70,Field goal,7,55,pass,19,-2.5,36.5
2024,4,2024_04_DAL_NYG,DAL,NYG,1,70,Punt,3,5,run,6,5.5,45
2024,4,2024_04_DAL_NYG,NYG,DAL,2,80,Field goal,10,77,run,-3,-5.5,45
2024,4,2024_04_DEN_NYJ,NYJ,DEN,1,70,Turnover,3,-1,pass,-8,7.5,39.5
2024,4,2024_04_DEN_NYJ,DEN,NYJ,2,70,Punt,5,21,run,3,-7.5,39.5
2024,4,2024_04_JAX_HOU,JAX,HOU,1,70,Punt,5,15,pass,6,-5.5,44.5
2024,4,2024_04_JAX_HOU,HOU,JAX,2,70,Punt,3,4,run,4,5.5,44.5
2024,4,2024_04_KC_LAC,KC,LAC,1,70,Turnover,4,43,pass,0,7.5,41.5
2024,4,2024_04_KC_LAC,LAC,KC,2,70,Missed field goal,5,33,run,4,-7.5,41.5
2024,4,2024_04_LA_CHI,CHI,LA,1,75,Punt,5,19,run,6,3,40
2024,4,2024_04_LA_CHI,LA,CHI,2,70,Field goal,11,63,run,9,-3,40
2024,4,2024_04_MIN_GB,MIN,GB,1,73,Touchdown,6,73,run,5,-2.5,44
2024,4,2024_04_MIN_GB,GB,MIN,2,70,Punt,3,6,run,3,2.5,44
2024,4,2024_04_NE_SF,NE,SF,1,70,Punt,9,29,run,1,-10.5,41.5
2024,4,2024_04_NE_SF,NE,SF,2,27,Touchdown,5,27,run,13,-10.5,41.5
2024,4,2024_04_NO_ATL,ATL,NO,1,70,Touchdown,8,24,run,2,2.5,41.5
2024,4,2024_04_NO_ATL,NO,ATL,2,70,Punt,5,12,run,0,-2.5,41.5
2024,4,2024_04_PHI_TB,TB,PHI,1,79,Touchdown,10,79,pass,8,-1,42
2024,4,2024_04_PHI_TB,PHI,TB,2,70,Touchdown,5,70,run,59,1,42
2024,4,2024_04_PIT_IND,IND,PIT,1,70,Touchdown,8,70,pass,32,-2.5,40
2024,4,2024_04_PIT_IND,PIT,IND,2,65,Punt,6,17,run,3,2.5,40
2024,4,2024_04_SEA_DET,DET,SEA,1,73,Punt,3,-10,pass,1,3.5,46.5
2024,4,2024_04_SEA_DET,SEA,DET,2,75,Touchdown,10,75,run,6,-3.5,46.5
2024,4,2024_04_TEN_MIA,TEN,MIA,1,77,Turnover,7,34,pass,4,-2.5,37
2024,4,2024_04_TEN_MIA,MIA,TEN,2,70,Punt,3,1,run,1,2.5,37
2024,4,2024_04_WAS_ARI,ARI,WAS,1,55,Touchdown,9,55,pass,9,3.5,49
2024,4,2024_04_WAS_ARI,WAS,ARI,2,70,Touchdown,3,70,pass,9,-3.5,49
2024,5,2024_05_ARI_SF,SF,ARI,1,70,Punt,3,2,pass,0,7,48.5
2024,5,2024_05_ARI_SF,ARI,SF,2,74,Punt,3,1,pass,-6,-7,48.5
2024,5,2024_05_BAL_CIN,BAL,CIN,1,70,Touchdown,12,70,run,9,2.5,48.5
2024,5,2024_05_BAL_CIN,CIN,BAL,2,70,Touchdown,12,70,pass,-4,-2.5,48.5
2024,5,2024_05_BUF_HOU,BUF,HOU,1,70,Punt,3,7,run,7,-1,48
2024,5,2024_05_BUF_HOU,HOU,BUF,2,70,Field goal,7,41,pass,18,1,48
2024,5,2024_05_CAR_CHI,CAR,CHI,1,70,Punt,3,5,run,5,-4,40
2024,5,2024_05_CAR_CHI,CHI,CAR,2,70,Punt,3,7,run,0,4,40
2024,5,2024_05_CLE_WAS,CLE,WAS,1,70,Turnover on downs,5,23,pass,14,-3,44
2024,5,2024_05_CLE_WAS,WAS,CLE,2,70,Turnover,1,2,run,2,3,44
2024,5,2024_05_DAL_PIT,DAL,PIT,1,57,Field goal,5,21,pass,3,-2.5,43.5
2024,5,2024_05_DAL_PIT,PIT,DAL,2,57,Touchdown,6,57,run,5,2.5,43.5
2024,5,2024_05_GB_LA,GB,LA,1,70,Punt,3,-5,pass,0,3,49.5
2024,5,2024_05_GB_LA,LA,GB,2,71,Turnover,5,46,run,6,-3,49.5
2024,5,2024_05_IND_JAX,IND,JAX,1,71,Touchdown,12,71,pass,13,-3.5,45
2024,5,2024_05_IND_JAX,JAX,IND,2,70,Punt,5,20,run,2,3.5,45
2024,5,2024_05_LV_DEN,LV,DEN,1,70,Touchdown,4,70,pass,3,-3,36
2024,5,2024_05_LV_DEN,DEN,LV,2,80,Punt,3,7,run,13,3,36
2024,5,2024_05_MIA_NE,MIA,NE,1,74,Field goal,7,38,run,4,2,37
2024,5,2024_05_MIA_NE,NE,MIA,2,70,Field goal,9,50,run,16,-2,37
2024,5,2024_05_NO_KC,NO,KC,1,70,Turnover,6,31,pass,7,-5.5,43
2024,5,2024_05_NO_KC,KC,NO,2,71,Missed field goal,9,38,run,4,5.5,43
2024,5,2024_05_NYG_SEA,SEA,NYG,1,70,Punt,5,20,pass,0,7,42.5
2024,5,2024_05_NYG_SEA,NYG,SEA,2,70,Punt,3,5,run,1,-7,42.5
2024,5,2024_05_NYJ_MIN,NYJ,MIN,1,74,Punt,3,9,run,1,-2.5,42
2024,5,2024_05_NYJ_MIN,MIN,NYJ,2,70,Punt,3,2,run,1,2.5,42
2024,5,2024_05_TB_ATL,ATL,TB,1,70,Touchdown,7,70,run,2,2.5,44
2024,5,2024_05_TB_ATL,TB,ATL,2,63,Punt,3,-2,run,2,-2.5,44
2024,6,2024_06_ARI_GB,GB,ARI,1,65,Punt,5,11,run,2,5.5,47
2024,6,2024_06_ARI_GB,ARI,GB,2,74,Field goal,8,53,run,1,-5.5,47
2024,6,2024_06_ATL_CAR,CAR,ATL,1,65,Punt,3,-3,run,4,-6,45.5
2024,6,2024_06_ATL_CAR,ATL,CAR,2,70,Field goal,10,67,run,1,6,45.5
2024,6,2024_06_BUF_NYJ,NYJ,BUF,1,70,Field goal,7,54,run,3,-1,42
2024,6,2024_06_BUF_NYJ,BUF,NYJ,2,77,Missed field goal,6,48,pass,38,1,42
2024,6,2024_06_CIN_NYG,CIN,NYG,1,69,Touchdown,8,69,run,4,4.5,46
2024,6,2024_06_CIN_NYG,NYG,CIN,2,70,Turnover on downs,4,8,pass,0,-4.5,46
2024,6,2024_06_CLE_PHI,PHI,CLE,1,74,Punt,3,5,run,5,8,42
2024,6,2024_06_CLE_PHI,CLE,PHI,2,70,Missed field goal,7,36,run,1,-8,42
2024,6,2024_06_DET_DAL,DAL,DET,1,70,Field goal,8,54,run,1,-3.5,52.5
2024,6,2024_06_DET_DAL,DET,DAL,2,70,Touchdown,5,70,run,11,3.5,52.5
2024,6,2024_06_HOU_NE,HOU,NE,1,65,Touchdown,11,65,run,3,6.5,38.5
2024,6,2024_06_HOU_NE,NE,HOU,2,79,Turnover,2,-11,run,1,-6.5,38.5
2024,6,2024_06_IND_TEN,IND,TEN,1,70,Touchdown,10,70,pass,0,-2.5,42
2024,6,2024_06_IND_TEN,TEN,IND,2,70,Touchdown,14,70,run,6,2.5,42
2024,6,2024_06_JAX_CHI,CHI,JAX,1,75,Punt,3,4,run,3,-1.5,44.5
2024,6,2024_06_JAX_CHI,JAX,CHI,2,66,Turnover,1,24,pass,24,1.5,44.5
2024,6,2024_06_LAC_DEN,DEN,LAC,1,70,Turnover,3,2,run,1,-3,37
2024,6,2024_06_LAC_DEN,LAC,DEN,2,70,Punt,6,12,run,6,3,37
2024,6,2024_06_PIT_LV,PIT,LV,1,71,Field goal,8,37,pass,11,3.5,36.5
2024,6,2024_06_PIT_LV,LV,PIT,2,70,Punt,6,4,run,-1,-3.5,36.5
2024,6,2024_06_SF_SEA,SEA,SF,1,64,Turnover,6,39,run,3,-3.5,49
2024,6,2024_06_SF_SEA,SF,SEA,2,70,Touchdown,9,70,run,8,3.5,49
2024,6,2024_06_TB_NO,TB,NO,1,74,Touchdown,8,74,pass,12,3.5,42.5
2024,6,2024_06_TB_NO,NO,TB,2,70,Punt,7,35,pass,11,-3.5,42.5
2024,6,2024_06_WAS_BAL,BAL,WAS,1,66,Turnover,4,46,run,2,6.5,51.5
2024,6,2024_06_WAS_BAL,WAS,BAL,2,70,Field goal,5,33,run,0,-6.5,51.5
2024,7,2024_07_BAL_TB,TB,BAL,1,70,Touchdown,8,70,run,6,-4.5,51
2024,7,2024_07_BAL_TB,BAL,TB,2,58,Field goal,4,24,run,6,4.5,51
2024,7,2024_07_CAR_WAS,CAR,WAS,1,86,Opp touchdown,8,61,pass,7,-10,51
2024,7,2024_07_CAR_WAS,WAS,CAR,2,59,Touchdown,10,59,run,1,10,51
2024,7,2024_07_CIN_CLE,CLE,CIN,1,76,Punt,3,9,pass,0,-5.5,42
2024,7,2024_07_CIN_CLE,CLE,CIN,2,92,Turnover on downs,8,57,pass,9,-5.5,42
2024,7,2024_07_DEN_NO,DEN,NO,1,65,Punt,6,24,run,14,2.5,37
2024,7,2024_07_DEN_NO,NO,DEN,2,70,Punt,3,3,pass,0,-2.5,37
2024,7,2024_07_DET_MIN,DET,MIN,1,70,Turnover on downs,4,4,run,3,-1,50.5
2024,7,2024_07_DET_MIN,MIN,DET,2,80,Touchdown,9,80,pass,15,1,50.5
2024,7,2024_07_HOU_GB,GB,HOU,1,80,Turnover,4,30,pass,23,3,48
2024,7,2024_07_HOU_GB,HOU,GB,2,70,Punt,3,-3,run,-2,-3,48
2024,7,2024_07_KC_SF,SF,KC,1,70,Punt,3,5,run,-1,2.5,47.5
2024,7,2024_07_KC_SF,KC,SF,2,71,Turnover,3,2,pass,0,-2.5,47.5
2024,7,2024_07_LAC_ARI,ARI,LAC,1,70,Turnover,6,29,pass,0,-1,44
2024,7,2024_07_LAC_ARI,LAC,ARI,2,70,Punt,7,24,run,6,1,44
2024,7,2024_07_LV_LA,LV,LA,1,70,Punt,6,19,pass,8,-7,43
2024,7,2024_07_LV_LA,LA,LV,2,70,Punt,3,6,pass,0,7,43
2024,7,2024_07_MIA_IND,IND,MIA,1,70,Punt,3,4,run,-2,3,44
2024,7,2024_07_MIA_IND,MIA,IND,2,70,Punt,4,20,run,12,-3,44
2024,7,2024_07_NE_JAX,NE,JAX,1,68,Touchdown,11,68,run,2,-6.5,42
2024,7,2024_07_NE_JAX,JAX,NE,2,70,Field goal,11,67,pass,10,6.5,42
2024,7,2024_07_NYJ_PIT,PIT,NYJ,1,70,Field goal,6,42,run,4,-3,40
2024,7,2024_07_NYJ_PIT,NYJ,PIT,2,75,Punt,4,26,pass,18,3,40
2024,7,2024_07_PHI_NYG,NYG,PHI,1,65,Punt,4,20,pass,13,-3,42
2024,7,2024_07_PHI_NYG,PHI,NYG,2,70,Punt,3,4,pass,1,3,42
2024,7,2024_07_SEA_ATL,SEA,ATL,1,76,Field goal,10,56,pass,0,-3,51.5
2024,7,2024_07_SEA_ATL,ATL,SEA,2,79,Touchdown,14,79,run,0,3,51.5
2024,7,2024_07_TEN_BUF,BUF,TEN,1,70,Punt,3,9,run,5,9.5,41
2024,7,2024_07_TEN_BUF,TEN,BUF,2,64,Turnover on downs,4,5,run,1,-9.5,41
2024,8,2024_08_ARI_MIA,MIA,ARI,1,64,Touchdown,10,64,run,11,4,46.5
2024,8,2024_08_ARI_MIA,ARI,MIA,2,70,Field goal,4,32,pass,37,-4,46.5
2024,8,2024_08_ATL_TB,TB,ATL,1,70,Turnover,2,13,run,8,-1.5,47
2024,8,2024_08_ATL_TB,ATL,TB,2,72,Punt,4,2,run,3,1.5,47
2024,8,2024_08_BAL_CLE,BAL,CLE,1,77,Turnover on downs,10,68,pass,9,7.5,44.5
2024,8,2024_08_BAL_CLE,CLE,BAL,2,70,Touchdown,8,70,pass,14,-7.5,44.5
2024,8,2024_08_BUF_SEA,SEA,BUF,1,70,Punt,3,1,pass,0,-3,45.5
2024,8,2024_08_BUF_SEA,BUF,SEA,2,87,Field goal,10,79,pass,15,3,45.5
2024,8,2024_08_CAR_DEN,DEN,CAR,1,70,Turnover,3,18,run,3,13,40.5
2024,8,2024_08_CAR_DEN,CAR,DEN,2,70,Punt,3,-1,run,2,-13,40.5
2024,8,2024_08_CHI_WAS,CHI,WAS,1,70,Punt,3,-10,run,1,-1.5,46.5
2024,8,2024_08_CHI_WAS,WAS,CHI,2,70,Punt,8,31,pass,6,1.5,46.5
2024,8,2024_08_DAL_SF,DAL,SF,1,75,Punt,5,16,run,7,-5.5,48
2024,8,2024_08_DAL_SF,SF,DAL,2,60,Touchdown,5,60,run,0,5.5,48
2024,8,2024_08_GB_JAX,GB,JAX,1,70,Punt,6,16,pass,7,3.5,49
2024,8,2024_08_GB_JAX,JAX,GB,2,70,Punt,3,8,run,4,-3.5,49
2024,8,2024_08_IND_HOU,HOU,IND,1,57,Field goal,8,41,pass,0,5,45
2024,8,2024_08_IND_HOU,IND,HOU,2,70,Punt,6,29,run,13,-5,45
2024,8,2024_08_KC_LV,KC,LV,1,70,Touchdown,9,70,pass,-1,9,42
2024,8,2024_08_KC_LV,LV,KC,2,70,Punt,3,1,run,1,-9,42
2024,8,2024_08_MIN_LA,MIN,LA,1,70,Touchdown,8,70,run,5,3,47.5
2024,8,2024_08_MIN_LA,LA,MIN,2,70,Turnover,6,24,pass,4,-3,47.5
2024,8,2024_08_NO_LAC,LAC,NO,1,75,Punt,3,-2,pass,-2,7,41.5
2024,8,2024_08_NO_LAC,NO,LAC,2,60,Punt,3,7,run,3,-7,41.5
2024,8,2024_08_NYG_PIT,PIT,NYG,1,70,Field goal,9,57,pass,12,6,37.5
2024,8,2024_08_NYG_PIT,NYG,PIT,2,70,Punt,8,27,run,0,-6,37.5
2024,8,2024_08_NYJ_NE,NE,NYJ,1,70,Punt,3,5,run,6,-7,41
2024,8,2024_08_NYJ_NE,NYJ,NE,2,70,Punt,3,6,run,6,7,41
2024,8,2024_08_PHI_CIN,CIN,PHI,1,70,Touchdown,17,70,run,3,2.5,47.5
2024,8,2024_08_PHI_CIN,PHI,CIN,2,70,Touchdown,8,70,run,3,-2.5,47.5
2024,8,2024_08_TEN_DET,DET,TEN,1,70,Punt,3,5,pass,-7,12.5,45
2024,8,2024_08_TEN_DET,TEN,DET,2,75,Opp touchdown,3,9,pass,5,-12.5,45
2024,9,2024_09_CHI_ARI,ARI,CHI,1,70,Punt,3,4,run,3,1.5,44.5
2024,9,2024_09_CHI_ARI,CHI,ARI,2,70,Punt,3,5,run,1,-1.5,44.5
2024,9,2024_09_DAL_ATL,ATL,DAL,1,70,Punt,4,2,run,9,3,52
2024,9,2024_09_DAL_ATL,DAL,ATL,2,75,Turnover on downs,4,13,run,10,-3,52
2024,9,2024_09_DEN_BAL,DEN,BAL,1,70,Turnover,2,1,run,1,-9,46.5
2024,9,2024_09_DEN_BAL,BAL,DEN,2,70,Touchdown,11,70,run,1,9,46.5
2024,9,2024_09_DET_GB,GB,DET,1,75,Field goal,13,63,run,9,-2.5,47.5
2024,9,2024_09_DET_GB,DET,GB,2,71,Touchdown,9,71,pass,11,2.5,47.5
2024,9,2024_09_HOU_NYJ,HOU,NYJ,1,84,Punt,6,27,pass,0,-2.5,43.5
2024,9,2024_09_HOU_NYJ,NYJ,HOU,2,70,Touchdown,11,70,run,5,2.5,43.5
2024,9,2024_09_IND_MIN,IND,MIN,1,70,Turnover,5,44,run,3,-6.5,47
2024,9,2024_09_IND_MIN,MIN,IND,2,70,Touchdown,9,70,pass,21,6.5,47
2024,9,2024_09_JAX_PHI,PHI,JAX,1,70,Punt,6,19,pass,0,7.5,46
2024,9,2024_09_JAX_PHI,JAX,PHI,2,83,Punt,3,5,run,5,-7.5,46
2024,9,2024_09_LAC_CLE,LAC,CLE,1,70,Punt,4,18,pass,16,2,42.5
2024,9,2024_09_LAC_CLE,CLE,LAC,2,80,Turnover,14,76,pass,12,-2,42.5
2024,9,2024_09_LA_SEA,SEA,LA,1,70,Punt,9,30,run,4,-1.5,48.5
2024,9,2024_09_LA_SEA,LA,SEA,2,75,Touchdown,11,75,run,6,1.5,48.5
2024,9,2024_09_LV_CIN,LV,CIN,1,70,Touchdown,11,70,pass,0,-8,45
2024,9,2024_09_LV_CIN,CIN,LV,2,70,Touchdown,7,70,run,10,8,45
2024,9,2024_09_MIA_BUF,BUF,MIA,1,70,Punt,3,3,run,4,6.5,49
2024,9,2024_09_MIA_BUF,MIA,BUF,2,70,Turnover,3,29,run,7,-6.5,49
2024,9,2024_09_NE_TEN,TEN,NE,1,75,Touchdown,8,75,run,1,3,38.5
2024,9,2024_09_NE_TEN,NE,TEN,2,70,Touchdown,12,70,run,0,-3,38.5
2024,9,2024_09_NO_CAR,NO,CAR,1,78,Field goal,9,67,run,20,7,43.5
2024,9,2024_09_NO_CAR,CAR,NO,2,86,Touchdown,9,86,run,1,-7,43.5
2024,9,2024_09_TB_KC,KC,TB,1,70,Punt,10,29,run,5,9,45.5
2024,9,2024_09_TB_KC,TB,KC,2,51,Touchdown,6,51,run,3,-9,45.5
2024,9,2024_09_WAS_NYG,NYG,WAS,1,70,Punt,3,8,run,3,-4.5,44.5
2024,9,2024_09_WAS_NYG,WAS,NYG,2,70,Punt,3,2,run,2,4.5,44.5
2024,10,2024_10_ATL_NO,ATL,NO,1,74,Punt,6,17,run,6,3.5,46.5
2024,10,2024_10_ATL_NO,NO,ATL,2,72,Punt,3,6,run,5,-3.5,46.5
2024,10,2024_10_BUF_IND,BUF,IND,1,78,Punt,4,21,pass,14,4.5,46.5
2024,10,2024_10_BUF_IND,IND,BUF,2,70,Punt,3,2,run,-1,-4.5,46.5
2024,10,2024_10_CIN_BAL,CIN,BAL,1,70,Touchdown,12,70,pass,7,-6,53
2024,10,2024_10_CIN_BAL,BAL,CIN,2,80,Punt,3,12,run,1,6,53
2024,10,2024_10_DEN_KC,DEN,KC,1,70,Punt,3,1,run,4,-7.5,42.5
2024,10,2024_10_DEN_KC,KC,DEN,2,73,Punt,3,-6,run,0,7.5,42.5
2024,10,2024_10_DET_HOU,DET,HOU,1,70,Turnover,5,11,pass,0,4.5,49
2024,10,2024_10_DET_HOU,HOU,DET,2,70,Turnover,1,0,pass,0,-4.5,49
2024,10,2024_10_MIA_LA,MIA,LA,1,70,Touchdown,5,70,pass,19,-2.5,49.5
2024,10,2024_10_MIA_LA,LA,MIA,2,70,Missed field goal,8,36,run,9,2.5,49.5
2024,10,2024_10_MIN_JAX,JAX,MIN,1,70,Punt,3,2,run,0,-7,42.5
2024,10,2024_10_MIN_JAX,MIN,JAX,2,70,Turnover,7,52,run,4,7,42.5
2024,10,2024_10_NE_CHI,NE,CHI,1,70,Punt,3,6,run,6,-6.5,37.5
2024,10,2024_10_NE_CHI,CHI,NE,2,70,Punt,4,20,pass,18,6.5,37.5
2024,10,2024_10_NYG_CAR,CAR,NYG,1,72,Punt,3,6,run,5,-6.5,40.5
2024,10,2024_10_NYG_CAR,NYG,CAR,2,65,Touchdown,10,65,run,8,6.5,40.5
2024,10,2024_10_NYJ_ARI,ARI,NYJ,1,70,Touchdown,6,70,pass,0,-2,45.5
2024,10,2024_10_NYJ_ARI,NYJ,ARI,2,70,Turnover,10,62,run,0,2,45.5
2024,10,2024_10_PHI_DAL,DAL,PHI,1,70,Punt,3,3,pass,4,-7.5,44.5
2024,10,2024_10_PHI_DAL,PHI,DAL,2,63,Punt,3,1,run,1,7.5,44.5
2024,10,2024_10_PIT_WAS,PIT,WAS,1,75,Punt,3,9,run,2,-1.5,45
2024,10,2024_10_PIT_WAS,WAS,PIT,2,71,Touchdown,5,71,pass,54,1.5,45
2024,10,2024_10_SF_TB,SF,TB,1,70,Punt,6,31,run,6,6.5,50.5
2024,10,2024_10_SF_TB,TB,SF,2,70,Punt,3,6,run,6,-6.5,50.5
2024,10,2024_10_TEN_LAC,LAC,TEN,1,70,Field goal,11,68,pass,8,8,40
2024,10,2024_10_TEN_LAC,TEN,LAC,2,70,Field goal,10,62,pass,15,-8,40
2024,11,2024_11_ATL_DEN,DEN,ATL,1,70,Touchdown,9,70,run,1,2,44.5
2024,11,2024_11_ATL_DEN,ATL,DEN,2,70,Punt,3,3,run,0,-2,44.5
2024,11,2024_11_BAL_PIT,BAL,PIT,1,71,Turnover,2,7,run,3,3,48
2024,11,2024_11_BAL_PIT,PIT,BAL,2,70,Field goal,7,31,run,2,-3,48
2024,11,2024_11_CIN_LAC,CIN,LAC,1,65,Punt,5,17,run,5,-1,48
2024,11,2024_11_CIN_LAC,LAC,CIN,2,70,Punt,3,3,pass,3,1,48
2024,11,2024_11_CLE_NO,CLE,NO,1,70,Turnover on downs,6,19,run,6,1,44
2024,11,2024_11_CLE_NO,NO,CLE,2,70,Punt,5,28,pass,16,-1,44
2024,11,2024_11_GB_CHI,GB,CHI,1,70,Touchdown,8,70,run,1,6,41
2024,11,2024_11_GB_CHI,CHI,GB,2,70,Field goal,9,61,run,14,-6,41
2024,11,2024_11_HOU_DAL,HOU,DAL,1,82,Touchdown,6,82,run,1,7.5,41.5
2024,11,2024_11_HOU_DAL,DAL,HOU,2,70,Punt,3,5,run,1,-7.5,41.5
2024,11,2024_11_IND_NYJ,NYJ,IND,1,70,Punt,3,7,run,7,4,43
2024,11,2024_11_IND_NYJ,IND,NYJ,2,60,Turnover,2,-11,run,4,-4,43
2024,11,2024_11_JAX_DET,JAX,DET,1,69,Field goal,8,29,run,4,-14,47.5
2024,11,2024_11_JAX_DET,DET,JAX,2,80,Touchdown,4,80,run,5,14,47.5
2024,11,2024_11_KC_BUF,KC,BUF,1,70,Turnover,2,7,run,7,-2.5,46.5
2024,11,2024_11_KC_BUF,BUF,KC,2,70,Punt,3,3,pass,3,2.5,46.5
2024,11,2024_11_LA_NE,NE,LA,1,55,Punt,6,11,pass,4,-4,42.5
2024,11,2024_11_LA_NE,LA,NE,2,70,Touchdown,2,70,run,1,4,42.5
2024,11,2024_11_LV_MIA,MIA,LV,1,70,Touchdown,14,70,run,5,8,43.5
2024,11,2024_11_LV_MIA,LV,MIA,2,70,Punt,5,10,run,3,-8,43.5
2024,11,2024_11_MIN_TEN,TEN,MIN,1,75,Punt,6,4,pass,0,-6,40
2024,11,2024_11_MIN_TEN,MIN,TEN,2,70,Punt,3,4,run,5,6,40
2024,11,2024_11_SEA_SF,SF,SEA,1,74,Punt,3,9,run,3,6,49
2024,11,2024_11_SEA_SF,SEA,SF,2,85,Turnover,3,2,run,2,-6,49
2024,11,2024_11_WAS_PHI,PHI,WAS,1,70,Missed field goal,10,44,pass,8,4.5,49.5
2024,11,2024_11_WAS_PHI,WAS,PHI,2,69,Field goal,7,47,run,8,-4.5,49.5
2024,12,2024_12_ARI_SEA,ARI,SEA,1,67,Punt,4,1,pass,11,1,46.5
2024,12,2024_12_ARI_SEA,SEA,ARI,2,70,Punt,5,29,pass,6,-1,46.5
2024,12,2024_12_BAL_LAC,LAC,BAL,1,70,Touchdown,9,70,run,0,-3,51
2024,12,2024_12_BAL_LAC,BAL,LAC,2,70,Field goal,9,43,run,3,3,51
2024,12,2024_12_DAL_WAS,DAL,WAS,1,65,Missed field goal,6,48,pass,8,-10.5,45
2024,12,2024_12_DAL_WAS,WAS,DAL,2,60,Touchdown,10,60,run,3,10.5,45
2024,12,2024_12_DEN_LV,LV,DEN,1,70,Punt,6,28,run,0,-6.5,41.5
2024,12,2024_12_DEN_LV,DEN,LV,2,70,Punt,3,2,run,-4,6.5,41.5
2024,12,2024_12_DET_IND,IND,DET,1,70,Field goal,10,61,pass,9,-7,50.5
2024,12,2024_12_DET_IND,DET,IND,2,70,Turnover on downs,11,54,run,-2,7,50.5
2024,12,2024_12_KC_CAR,KC,CAR,1,41,Touchdown,3,41,run,5,11,43
2024,12,2024_12_KC_CAR,CAR,KC,2,75,Touchdown,15,75,run,3,-11,43
2024,12,2024_12_MIN_CHI,CHI,MIN,1,80,Punt,3,15,pass,10,-3,39.5
2024,12,2024_12_MIN_CHI,MIN,CHI,2,77,Field goal,4,55,pass,69,3,39.5
2024,12,2024_12_NE_MIA,NE,MIA,1,70,Punt,3,9,run,1,-7.5,46
2024,12,2024_12_NE_MIA,MIA,NE,2,70,Punt,3,4,run,2,7.5,46
2024,12,2024_12_PHI_LA,LA,PHI,1,70,Turnover,5,53,pass,7,-3,49
2024,12,2024_12_PHI_LA,PHI,LA,2,70,Touchdown,1,70,run,70,3,49
2024,12,2024_12_PIT_CLE,PIT,CLE,1,79,Missed field goal,8,39,run,-1,3.5,36.5
2024,12,2024_12_PIT_CLE,CLE,PIT,2,70,Turnover,3,39,pass,12,-3.5,36.5
2024,12,2024_12_SF_GB,GB,SF,1,67,Touchdown,12,67,pass,0,6.5,44.5
2024,12,2024_12_SF_GB,SF,GB,2,74,Turnover on downs,7,35,run,7,-6.5,44.5
2024,12,2024_12_TB_NYG,TB,NYG,1,70,Touchdown,14,70,pass,0,6.5,40.5
2024,12,2024_12_TB_NYG,NYG,TB,2,70,Turnover,9,65,pass,21,-6.5,40.5
2024,12,2024_12_TEN_HOU,HOU,TEN,1,19,Touchdown,1,19,pass,19,8,40.5
2024,12,2024_12_TEN_HOU,TEN,HOU,2,73,Field goal,10,44,run,2,-8,40.5
2024,13,2024_13_ARI_MIN,ARI,MIN,1,70,Field goal,10,57,pass,9,-3.5,45.5
2024,13,2024_13_ARI_MIN,MIN,ARI,2,42,Missed field goal,5,17,run,5,3.5,45.5
2024,13,2024_13_CHI_DET,DET,CHI,1,70,Field goal,14,58,run,10,9.5,47.5
2024,13,2024_13_CHI_DET,CHI,DET,2,74,Touchdown,9,74,run,4,-9.5,47.5
2024,13,2024_13_CLE_DEN,DEN,CLE,1,70,Punt,3,7,pass,0,6.5,41.5
2024,13,2024_13_CLE_DEN,CLE,DEN,2,70,Punt,4,19,pass,12,-6.5,41.5
2024,13,2024_13_HOU_JAX,JAX,HOU,1,78,Punt,3,7,run,4,-3.5,44.5
2024,13,2024_13_HOU_JAX,HOU,JAX,2,70,Punt,3,7,pass,4,3.5,44.5
2024,13,2024_13_IND_NE,NE,IND,1,76,Field goal,10,60,pass,5,-2.5,41.5
2024,13,2024_13_IND_NE,IND,NE,2,75,Field goal,12,68,run,8,2.5,41.5
2024,13,2024_13_LAC_ATL,ATL,LAC,1,70,Missed field goal,12,53,run,15,-1,47
2024,13,2024_13_LAC_ATL,LAC,ATL,2,70,Punt,4,11,pass,11,1,47
2024,13,2024_13_LA_NO,NO,LA,1,70,Field goal,11,34,run,12,-2.5,48.5
2024,13,2024_13_LA_NO,LA,NO,2,70,Touchdown,11,70,run,4,2.5,48.5
2024,13,2024_13_LV_KC,KC,LV,1,73,Field goal,12,66,run,-1,13.5,42
2024,13,2024_13_LV_KC,LV,KC,2,75,Turnover on downs,8,45,pass,0,-13.5,42
2024,13,2024_13_MIA_GB,GB,MIA,1,54,Punt,3,-4,run,1,3.5,47.5
2024,13,2024_13_MIA_GB,MIA,GB,2,77,Punt,3,2,pass,2,-3.5,47.5
2024,13,2024_13_NYG_DAL,DAL,NYG,1,70,Field goal,10,65,run,4,4.5,39
2024,13,2024_13_NYG_DAL,NYG,DAL,2,70,Turnover,3,8,run,4,-4.5,39
2024,13,2024_13_PHI_BAL,PHI,BAL,1,70,Punt,4,16,run,12,-3,50
2024,13,2024_13_PHI_BAL,BAL,PHI,2,70,Missed field goal,9,41,run,12,3,50
2024,13,2024_13_PIT_CIN,CIN,PIT,1,63,Punt,3,7,pass,0,3,46
2024,13,2024_13_PIT_CIN,PIT,CIN,2,70,Missed field goal,6,47,pass,18,-3,46
2024,13,2024_13_SEA_NYJ,SEA,NYJ,1,70,Punt,6,11,run,7,-1,41.5
2024,13,2024_13_SEA_NYJ,NYJ,SEA,2,69,Punt,7,27,pass,17,1,41.5
2024,13,2024_13_SF_BUF,BUF,SF,1,78,Punt,3,6,pass,0,6.5,45
2024,13,2024_13_SF_BUF,SF,BUF,2,37,Turnover,5,32,run,2,-6.5,45
2024,13,2024_13_TB_CAR,CAR,TB,1,70,Punt,3,5,pass,5,-6.5,46
2024,13,2024_13_TB_CAR,TB,CAR,2,70,Punt,4,11,pass,10,6.5,46
2024,13,2024_13_TEN_WAS,TEN,WAS,1,77,Punt,3,-7,run,1,-6,45
2024,13,2024_13_TEN_WAS,WAS,TEN,2,78,Punt,3,-3,run,1,6,45
2024,14,2024_14_ATL_MIN,ATL,MIN,1,70,Touchdown,11,70,run,12,-6,46.5
2024,14,2024_14_ATL_MIN,MIN,ATL,2,70,Missed field goal,8,41,run,5,6,46.5
2024,14,2024_14_BUF_LA,LA,BUF,1,70,Touchdown,12,70,run,-3,-3.5,49.5
2024,14,2024_14_BUF_LA,BUF,LA,2,74,Punt,3,3,pass,0,3.5,49.5
2024,14,2024_14_CAR_PHI,CAR,PHI,1,74,Punt,5,11,pass,8,-14,44.5
2024,14,2024_14_CAR_PHI,PHI,CAR,2,70,Missed field goal,8,36,pass,0,14,44.5
2024,14,2024_14_CHI_SF,SF,CHI,1,70,Touchdown,5,70,pass,7,3,43.5
2024,14,2024_14_CHI_SF,CHI,SF,2,70,Touchdown,17,68,run,8,-3,43.5
2024,14,2024_14_CIN_DAL,CIN,DAL,1,70,Punt,3,4,pass,3,5,51
2024,14,2024_14_CIN_DAL,DAL,CIN,2,70,Touchdown,8,70,pass,0,-5,51
2024,14,2024_14_CLE_PIT,PIT,CLE,1,65,Punt,3,2,run,3,6,43
2024,14,2024_14_CLE_PIT,CLE,PIT,2,39,Missed field goal,4,14,run,3,-6,43
2024,14,2024_14_GB_DET,DET,GB,1,70,Touchdown,11,70,run,2,3,53
2024,14,2024_14_GB_DET,GB,DET,2,70,Touchdown,5,70,run,-1,-3,53
2024,14,2024_14_JAX_TEN,TEN,JAX,1,78,Field goal,10,51,run,14,3,40
2024,14,2024_14_JAX_TEN,JAX,TEN,2,82,Punt,3,4,run,4,-3,40
2024,14,2024_14_LAC_KC,KC,LAC,1,63,Field goal,10,34,run,3,5,43.5
2024,14,2024_14_LAC_KC,LAC,KC,2,79,Touchdown,13,79,run,3,-5,43.5
2024,14,2024_14_LV_TB,TB,LV,1,85,Touchdown,12,85,pass,6,7,47
2024,14,2024_14_LV_TB,LV,TB,2,71,Turnover,16,61,run,6,-7,47
2024,14,2024_14_NO_NYG,NO,NYG,1,84,Punt,3,5,run,-1,5.5,41
2024,14,2024_14_NO_NYG,NYG,NO,2,70,Punt,3,8,run,7,-5.5,41
2024,14,2024_14_NYJ_MIA,MIA,NYJ,1,70,Touchdown,8,70,run,7,6.5,45
2024,14,2024_14_NYJ_MIA,NYJ,MIA,2,70,Touchdown,7,70,run,2,-6.5,45
2024,14,2024_14_SEA_ARI,ARI,SEA,1,70,Touchdown,6,70,pass,11,3,45.5
2024,14,2024_14_SEA_ARI,SEA,ARI,2,70,Punt,3,9,run,6,-3,45.5
2024,15,2024_15_ATL_LV,LV,ATL,1,77,Turnover,10,21,run,5,-6.5,44.5
2024,15,2024_15_ATL_LV,ATL,LV,2,55,Turnover,1,0,pass,0,6.5,44.5
2024,15,2024_15_BAL_NYG,BAL,NYG,1,37,Turnover,2,25,pass,10,16.5,43.5
2024,15,2024_15_BAL_NYG,NYG,BAL,2,70,Punt,6,26,pass,5,-16.5,43.5
2024,15,2024_15_BUF_DET,DET,BUF,1,70,Punt,3,0,pass,0,2.5,55.5
2024,15,2024_15_BUF_DET,BUF,DET,2,70,Touchdown,4,70,run,4,-2.5,55.5
2024,15,2024_15_CHI_MIN,CHI,MIN,1,70,Turnover on downs,4,9,run,4,-7,43.5
2024,15,2024_15_CHI_MIN,MIN,CHI,2,80,Punt,3,5,pass,5,7,43.5
2024,15,2024_15_CIN_TEN,CIN,TEN,1,85,Turnover,2,4,pass,4,6,46.5
2024,15,2024_15_CIN_TEN,TEN,CIN,2,70,Punt,3,-15,run,3,-6,46.5
2024,15,2024_15_DAL_CAR,DAL,CAR,1,76,Punt,5,7,run,4,-2.5,42
2024,15,2024_15_DAL_CAR,CAR,DAL,2,66,Turnover,1,-5,pass,-5,2.5,42
2024,15,2024_15_GB_SEA,GB,SEA,1,63,Touchdown,10,63,pass,4,3,48
2024,15,2024_15_GB_SEA,SEA,GB,2,62,Punt,8,19,run,3,-3,48
2024,15,2024_15_IND_DEN,IND,DEN,1,70,Touchdown,10,70,run,0,-4.5,43.5
2024,15,2024_15_IND_DEN,DEN,IND,2,65,Turnover,3,9,pass,6,4.5,43.5
2024,15,2024_15_KC_CLE,KC,CLE,1,70,Punt,3,7,run,-1,4.5,41.5
2024,15,2024_15_KC_CLE,CLE,KC,2,70,Turnover,1,0,pass,0,-4.5,41.5
2024,15,2024_15_LA_SF,SF,LA,1,70,Punt,3,1,pass,0,3,48.5
2024,15,2024_15_LA_SF,LA,SF,2,76,Punt,3,5,run,3,-3,48.5
2024,15,2024_15_MIA_HOU,MIA,HOU,1,74,Punt,6,11,pass,-3,-2.5,46.5
2024,15,2024_15_MIA_HOU,HOU,MIA,2,70,Touchdown,8,70,run,4,2.5,46.5
2024,15,2024_15_NE_ARI,NE,ARI,1,70,Missed field goal,6,36,pass,11,-6,46.5
2024,15,2024_15_NE_ARI,ARI,NE,2,70,Field goal,9,49,pass,0,6,46.5
2024,15,2024_15_NYJ_JAX,JAX,NYJ,1,70,Touchdown,13,70,pass,8,-3.5,41.5
2024,15,2024_15_NYJ_JAX,NYJ,JAX,2,70,Field goal,6,45,pass,12,3.5,41.5
2024,15,2024_15_PIT_PHI,PIT,PHI,1,69,Punt,3,3,run,2,-5.5,43
2024,15,2024_15_PIT_PHI,PHI,PIT,2,70,Field goal,12,47,run,2,5.5,43
2024,15,2024_15_TB_LAC,TB,LAC,1,70,Touchdown,7,70,run,2,-3,46
2024,15,2024_15_TB_LAC,LAC,TB,2,70,Punt,3,6,run,3,3,46
2024,15,2024_15_WAS_NO,NO,WAS,1,66,Punt,3,-14,run,3,-7.5,44.5
2024,15,2024_15_WAS_NO,WAS,NO,2,68,Field goal,10,63,run,3,7.5,44.5
2024,16,2024_16_ARI_CAR,ARI,CAR,1,65,Punt,3,11,run,0,5.5,47
2024,16,2024_16_ARI_CAR,CAR,ARI,2,66,Field goal,10,55,run,12,-5.5,47
2024,16,2024_16_CLE_CIN,CLE,CIN,1,77,Turnover,5,76,run,66,-10,46.5
2024,16,2024_16_CLE_CIN,CIN,CLE,2,75,Punt,6,17,pass,8,10,46.5
2024,16,2024_16_DEN_LAC,LAC,DEN,1,70,Punt,3,4,run,4,3,41.5
2024,16,2024_16_DEN_LAC,DEN,LAC,2,70,Field goal,10,47,run,7,-3,41.5
2024,16,2024_16_DET_CHI,CHI,DET,1,74,Punt,3,1,pass,0,-7,47.5
2024,16,2024_16_DET_CHI,DET,CHI,2,79,Touchdown,5,79,pass,25,7,47.5
2024,16,2024_16_HOU_KC,HOU,KC,1,70,Turnover,5,13,run,2,-3.5,42.5
2024,16,2024_16_HOU_KC,KC,HOU,2,90,Punt,5,11,run,3,3.5,42.5
2024,16,2024_16_JAX_LV,JAX,LV,1,70,Punt,7,22,run,0,-2.5,41.5
2024,16,2024_16_JAX_LV,LV,JAX,2,70,Punt,3,5,pass,0,2.5,41.5
2024,16,2024_16_LA_NYJ,LA,NYJ,1,79,Punt,11,42,pass,9,3,47
2024,16,2024_16_LA_NYJ,NYJ,LA,2,71,Turnover on downs,14,58,pass,0,-3,47
2024,16,2024_16_MIN_SEA,MIN,SEA,1,70,Touchdown,12,70,pass,9,2.5,43
2024,16,2024_16_MIN_SEA,SEA,MIN,2,65,Field goal,7,40,pass,3,-2.5,43
2024,16,2024_16_NE_BUF,NE,BUF,1,58,Touchdown,6,58,pass,0,-14,48
2024,16,2024_16_NE_BUF,BUF,NE,2,68,Touchdown,9,68,run,25,14,48
2024,16,2024_16_NO_GB,GB,NO,1,63,Touchdown,10,63,run,5,14,44
2024,16,2024_16_NO_GB,NO,GB,2,78,Punt,5,19,run,3,-14,44
2024,16,2024_16_NYG_ATL,ATL,NYG,1,70,Missed field goal,7,45,pass,0,9.5,42.5
2024,16,2024_16_NYG_ATL,NYG,ATL,2,70,Opp touchdown,2,3,run,3,-9.5,42.5
2024,16,2024_16_PHI_WAS,WAS,PHI,1,60,Turnover on downs,4,9,pass,0,-4,47
2024,16,2024_16_PHI_WAS,PHI,WAS,2,75,Field goal,5,69,run,2,4,47
2024,16,2024_16_PIT_BAL,BAL,PIT,1,70,Punt,7,28,run,6,7,44.5
2024,16,2024_16_PIT_BAL,PIT,BAL,2,70,Punt,3,6,run,0,-7,44.5
2024,16,2024_16_SF_MIA,SF,MIA,1,70,Punt,3,9,pass,0,2,44
2024,16,2024_16_SF_MIA,MIA,SF,2,70,Field goal,7,34,run,1,-2,44
2024,16,2024_16_TB_DAL,DAL,TB,1,70,Field goal,9,30,pass,7,-4.5,47.5
2024,16,2024_16_TB_DAL,TB,DAL,2,62,Punt,9,6,run,7,4.5,47.5
2024,16,2024_16_TEN_IND,TEN,IND,1,70,Punt,3,9,run,3,-4,42.5
2024,16,2024_16_TEN_IND,IND,TEN,2,70,Touchdown,1,70,run,70,4,42.5
2024,17,2024_17_ARI_LA,LA,ARI,1,70,Punt,4,22,pass,16,6.5,48
2024,17,2024_17_ARI_LA,ARI,LA,2,68,Touchdown,13,68,pass,0,-6.5,48
2024,17,2024_17_ATL_WAS,ATL,WAS,1,70,Turnover,5,17,run,7,-3.5,46.5
2024,17,2024_17_ATL_WAS,WAS,ATL,2,79,Touchdown,15,79,pass,5,3.5,46.5
2024,17,2024_17_BAL_HOU,BAL,HOU,1,75,Touchdown,8,75,run,6,5.5,46.5
2024,17,2024_17_BAL_HOU,HOU,BAL,2,70,Turnover,3,7,pass,0,-5.5,46.5
2024,17,2024_17_CAR_TB,TB,CAR,1,70,Touchdown,6,70,run,6,9.5,47.5
2024,17,2024_17_CAR_TB,CAR,TB,2,70,Punt,5,12,run,-2,-9.5,47.5
2024,17,2024_17_DAL_PHI,DAL,PHI,1,70,Opp touchdown,7,35,run,1,-7.5,37.5
2024,17,2024_17_DAL_PHI,PHI,DAL,2,67,Field goal,11,59,run,5,7.5,37.5
2024,17,2024_17_DEN_CIN,DEN,CIN,1,70,Field goal,9,58,run,12,-3.5,50.5
2024,17,2024_17_DEN_CIN,CIN,DEN,2,72,Field goal,10,69,pass,15,3.5,50.5
2024,17,2024_17_DET_SF,SF,DET,1,61,Touchdown,11,61,run,3,-4,50.5
2024,17,2024_17_DET_SF,DET,SF,2,66,Touchdown,11,66,pass,13,4,50.5
2024,17,2024_17_GB_MIN,GB,MIN,1,70,Turnover,5,29,run,2,1,49
2024,17,2024_17_GB_MIN,MIN,GB,2,70,Touchdown,9,70,run,2,-1,49
2024,17,2024_17_IND_NYG,IND,NYG,1,70,Turnover,7,41,pass,6,7.5,40.5
2024,17,2024_17_IND_NYG,IND,NYG,2,70,Touchdown,7,70,run,5,7.5,40.5
2024,17,2024_17_KC_PIT,PIT,KC,1,70,Punt,3,-3,pass,7,-3,43.5
2024,17,2024_17_KC_PIT,KC,PIT,2,67,Field goal,7,54,pass,15,3,43.5
2024,17,2024_17_LAC_NE,LAC,NE,1,92,Punt,6,17,run,0,6,42
2024,17,2024_17_LAC_NE,NE,LAC,2,80,Punt,3,11,pass,9,-6,42
2024,17,2024_17_LV_NO,LV,NO,1,73,Field goal,16,60,pass,6,2,37.5
2024,17,2024_17_LV_NO,NO,LV,2,70,Punt,5,15,run,1,-2,37.5
2024,17,2024_17_MIA_CLE,MIA,CLE,1,70,Punt,7,16,run,9,3,32.5
2024,17,2024_17_MIA_CLE,CLE,MIA,2,70,Punt,3,4,pass,0,-3,32.5
2024,17,2024_17_NYJ_BUF,BUF,NYJ,1,70,Touchdown,12,70,pass,0,10,44.5
2024,17,2024_17_NYJ_BUF,NYJ,BUF,2,70,Punt,6,33,run,1,-10,44.5
2024,17,2024_17_SEA_CHI,SEA,CHI,1,80,Field goal,10,71,pass,3,3.5,43.5
2024,17,2024_17_SEA_CHI,CHI,SEA,2,78,Punt,3,9,pass,0,-3.5,43.5
2024,17,2024_17_TEN_JAX,JAX,TEN,1,68,Field goal,8,38,pass,11,-1,38
2024,17,2024_17_TEN_JAX,TEN,JAX,2,85,Touchdown,13,85,run,8,1,38
2024,18,2024_18_BUF_NE,NE,BUF,1,70,Punt,3,-12,run,2,-3,36.5
2024,18,2024_18_BUF_NE,BUF,NE,2,70,Punt,9,35,run,2,3,36.5
2024,18,2024_18_CAR_ATL,ATL,CAR,1,71,Field goal,11,58,run,5,7.5,48.5
2024,18,2024_18_CAR_ATL,CAR,ATL,2,70,Punt,3,5,pass,0,-7.5,48.5
2024,18,2024_18_CHI_GB,GB,CHI,1,85,Punt,5,20,pass,7,10,41.5
2024,18,2024_18_CHI_GB,CHI,GB,2,70,Turnover,8,30,run,3,-10,41.5
2024,18,2024_18_CIN_PIT,CIN,PIT,1,73,Touchdown,9,73,run,0,2.5,48.5
2024,18,2024_18_CIN_PIT,PIT,CIN,2,70,Punt,3,2,run,-4,-2.5,48.5
2024,18,2024_18_CLE_BAL,CLE,BAL,1,70,Punt,4,27,pass,21,-19.5,42.5
2024,18,2024_18_CLE_BAL,BAL,CLE,2,70,Touchdown,7,70,run,25,19.5,42.5
2024,18,2024_18_HOU_TEN,HOU,TEN,1,69,Touchdown,11,69,pass,11,-2.5,36.5
2024,18,2024_18_HOU_TEN,TEN,HOU,2,73,Field goal,12,53,run,7,2.5,36.5
2024,18,2024_18_JAX_IND,IND,JAX,1,70,Touchdown,3,70,pass,21,3.5,45.5
2024,18,2024_18_JAX_IND,JAX,IND,2,70,Punt,6,17,pass,4,-3.5,45.5
2024,18,2024_18_KC_DEN,DEN,KC,1,70,Touchdown,6,70,pass,12,10.5,40.5
2024,18,2024_18_KC_DEN,KC,DEN,2,70,Punt,4,10,pass,15,-10.5,40.5
2024,18,2024_18_LAC_LV,LV,LAC,1,70,Punt,3,8,run,2,-7,42.5
2024,18,2024_18_LAC_LV,LAC,LV,2,70,Field goal,12,69,pass,7,7,42.5
2024,18,2024_18_MIA_NYJ,MIA,NYJ,1,67,Punt,3,2,pass,0,-1.5,39.5
2024,18,2024_18_MIA_NYJ,NYJ,MIA,2,70,Punt,4,-8,run,2,1.5,39.5
2024,18,2024_18_MIN_DET,DET,MIN,1,70,Punt,6,6,run,2,3,56.5
2024,18,2024_18_MIN_DET,MIN,DET,2,70,Turnover on downs,8,68,run,2,-3,56.5
2024,18,2024_18_NO_TB,NO,TB,1,70,Field goal,10,54,pass,0,-14.5,44.5
2024,18,2024_18_NO_TB,TB,NO,2,72,Touchdown,10,72,run,1,14.5,44.5
2024,18,2024_18_NYG_PHI,NYG,PHI,1,80,Turnover on downs,10,31,pass,6,-3,36.5
2024,18,2024_18_NYG_PHI,PHI,NYG,2,43,Turnover on downs,4,8,run,3,3,36.5
2024,18,2024_18_SEA_LA,LA,SEA,1,70,Punt,4,12,pass,23,-7.5,38.5
2024,18,2024_18_SEA_LA,SEA,LA,2,70,Punt,3,0,pass,0,7.5,38.5
2024,18,2024_18_SF_ARI,SF,ARI,1,70,Field goal,5,37,pass,2,-4.5,42.5
2024,18,2024_18_SF_ARI,ARI,SF,2,70,Punt,3,8,pass,7,4.5,42.5
2024,18,2024_18_WAS_DAL,WAS,DAL,1,70,Punt,3,-2,pass,-4,7,43.5
2024,18,2024_18_WAS_DAL,DAL,WAS,2,70,Field goal,11,53,pass,10,-7,43.5
2024,19,2024_19_DEN_BUF,DEN,BUF,1,70,Touchdown,5,70,run,5,-7.5,48.5
2024,19,2024_19_DEN_BUF,BUF,DEN,2,64,Field goal,7,55,run,6,7.5,48.5
2024,19,2024_19_GB_PHI,PHI,GB,1,28,Touchdown,3,28,run,16,5.5,45.5
2024,19,2024_19_GB_PHI,PHI,GB,2,75,Punt,5,2,run,4,5.5,45.5
2024,19,2024_19_LAC_HOU,LAC,HOU,1,73,Field goal,9,57,run,2,3,41.5
2024,19,2024_19_LAC_HOU,HOU,LAC,2,70,Turnover,4,44,run,5,-3,41.5
2024,19,2024_19_MIN_LA,LA,MIN,1,70,Touchdown,7,70,pass,27,-2.5,47.5
2024,19,2024_19_MIN_LA,MIN,LA,2,70,Punt,5,20,pass,0,2.5,47.5
2024,19,2024_19_PIT_BAL,PIT,BAL,1,80,Punt,6,19,pass,0,-9.5,44.5
2024,19,2024_19_PIT_BAL,BAL,PIT,2,70,Punt,5,19,run,3,9.5,44.5
2024,19,2024_19_WAS_TB,TB,WAS,1,70,Field goal,7,38,pass,11,3,51.5
2024,19,2024_19_WAS_TB,WAS,TB,2,70,Field goal,9,66,pass,8,-3,51.5
2024,20,2024_20_BAL_BUF,BAL,BUF,1,73,Touchdown,8,73,run,1,1.5,51.5
2024,20,2024_20_BAL_BUF,BUF,BAL,2,75,Punt,3,1,run,1,-1.5,51.5
2024,20,2024_20_HOU_KC,KC,HOU,1,13,Field goal,3,-1,run,-1,9.5,41.5
2024,20,2024_20_HOU_KC,HOU,KC,2,82,Touchdown,15,82,run,1,-9.5,41.5
2024,20,2024_20_LA_PHI,PHI,LA,1,74,Touchdown,6,74,pass,14,7,43.5
2024,20,2024_20_LA_PHI,LA,PHI,2,70,Punt,3,7,pass,0,-7,43.5
2024,20,2024_20_WAS_DET,DET,WAS,1,60,Punt,3,-3,run,2,8.5,55.5
2024,20,2024_20_WAS_DET,WAS,DET,2,70,Punt,4,13,run,14,-8.5,55.5
2024,21,2024_21_BUF_KC,BUF,KC,1,70,Punt,3,4,run,4,-1.5,49.5
2024,21,2024_21_BUF_KC,KC,BUF,2,75,Punt,8,33,run,11,1.5,49.5
2024,21,2024_21_WAS_PHI,WAS,PHI,1,70,Field goal,17,54,run,1,-6,46.5
2024,21,2024_21_WAS_PHI,PHI,WAS,2,69,Punt,3,0,run,-2,6,46.5
2024,22,2024_22_KC_PHI,PHI,KC,1,70,Punt,5,20,run,4,-1.5,48.5
2024,22,2024_22_KC_PHI,KC,PHI,2,70,Punt,5,15,run,6,1.5,48.5
2025,1,2025_01_ARI_NO,ARI,NO,1,78,Punt,5,2,run,3,6,44.5
2025,1,2025_01_ARI_NO,NO,ARI,2,85,Punt,5,16,pass,2,-6,44.5
2025,1,2025_01_BAL_BUF,BUF,BAL,1,50,Touchdown,7,50,pass,8,-1.5,50.5
2025,1,2025_01_BAL_BUF,BAL,BUF,2,65,Touchdown,4,65,run,3,1.5,50.5
2025,1,2025_01_CAR_JAX,JAX,CAR,1,72,Field goal,12,55,pass,0,4.5,45.5
2025,1,2025_01_CAR_JAX,CAR,JAX,2,60,Turnover on downs,8,55,pass,9,-4.5,45.5
2025,1,2025_01_CIN_CLE,CIN,CLE,1,68,Touchdown,12,68,pass,12,5.5,47.5
2025,1,2025_01_CIN_CLE,CLE,CIN,2,69,Touchdown,13,69,pass,7,-5.5,47.5
2025,1,2025_01_DAL_PHI,DAL,PHI,1,53,Touchdown,6,53,run,7,-8.5,47.5
2025,1,2025_01_DAL_PHI,PHI,DAL,2,72,Field goal,9,32,pass,5,8.5,47.5
2025,1,2025_01_DET_GB,GB,DET,1,83,Touchdown,12,83,run,1,1.5,48.5
2025,1,2025_01_DET_GB,DET,GB,2,68,Field goal,8,59,pass,5,-1.5,48.5
2025,1,2025_01_HOU_LA,HOU,LA,1,90,Punt,3,5,run,3,-3.5,43.5
2025,1,2025_01_HOU_LA,LA,HOU,2,68,Touchdown,5,68,pass,-3,3.5,43.5
2025,1,2025_01_KC_LAC,KC,LAC,1,76,Punt,3,4,run,4,3,47.5
2025,1,2025_01_KC_LAC,LAC,KC,2,72,Punt,3,1,run,1,-3,47.5
2025,1,2025_01_LV_NE,LV,NE,1,66,Touchdown,6,66,pass,23,-2.5,44.5
2025,1,2025_01_LV_NE,NE,LV,2,88,Turnover,6,36,pass,6,2.5,44.5
2025,1,2025_01_MIA_IND,IND,MIA,1,68,Field goal,8,62,pass,14,1.5,47.5
2025,1,2025_01_MIA_IND,MIA,IND,2,68,Turnover,6,19,pass,6,-1.5,47.5
2025,1,2025_01_MIN_CHI,MIN,CHI,1,75,Punt,3,7,run,3,1.5,43.5
2025,1,2025_01_MIN_CHI,CHI,MIN,2,78,Punt,3,0,pass,0,-1.5,43.5
2025,1,2025_01_NYG_WAS,WAS,NYG,1,80,Punt,6,16,pass,4,6,45.5
2025,1,2025_01_NYG_WAS,NYG,WAS,2,80,Punt,4,15,pass,11,-6,45.5
2025,1,2025_01_PIT_NYJ,NYJ,PIT,1,65,Field goal,9,48,run,18,-3,37.5
2025,1,2025_01_PIT_NYJ,PIT,NYJ,2,70,Punt,3,4,run,9,3,37.5
2025,1,2025_01_SF_SEA,SEA,SF,1,65,Punt,4,23,pass,18,-2.5,43.5
2025,1,2025_01_SF_SEA,SF,SEA,2,75,Turnover,5,36,pass,25,2.5,43.5
2025,1,2025_01_TB_ATL,ATL,TB,1,65,Touchdown,3,65,pass,11,-1.5,47.5
2025,1,2025_01_TB_ATL,TB,ATL,2,65,Missed field goal,7,39,run,2,1.5,47.5
2025,1,2025_01_TEN_DEN,TEN,DEN,1,65,Field goal,6,33,run,-1,-8.5,42.5
2025,1,2025_01_TEN_DEN,DEN,TEN,2,77,Turnover,2,6,run,6,8.5,42.5
2025,2,2025_02_ATL_MIN,ATL,MIN,1,65,Field goal,5,50,run,25,-3.5,44.5
2025,2,2025_02_ATL_MIN,MIN,ATL,2,78,Punt,3,8,run,8,3.5,44.5
2025,2,2025_02_BUF_NYJ,NYJ,BUF,1,64,Punt,3,-1,run,2,-6,47.5
2025,2,2025_02_BUF_NYJ,BUF,NYJ,2,79,Field goal,10,64,run,7,6,47.5
2025,2,2025_02_CAR_ARI,CAR,ARI,1,73,Opp touchdown,3,-8,pass,6,-7,45.5
2025,2,2025_02_CAR_ARI,ARI,CAR,2,71,Touchdown,9,71,pass,7,7,45.5
2025,2,2025_02_CHI_DET,DET,CHI,1,60,Touchdown,5,60,pass,34,6,46.5
2025,2,2025_02_CHI_DET,CHI,DET,2,81,Punt,3,6,run,4,-6,46.5
2025,2,2025_02_CLE_BAL,CLE,BAL,1,78,Punt,5,20,pass,6,-12.5,46.5
2025,2,2025_02_CLE_BAL,BAL,CLE,2,65,Field goal,6,51,pass,19,12.5,46.5
2025,2,2025_02_DEN_IND,IND,DEN,1,72,Field goal,8,61,run,4,-2.5,43.5
2025,2,2025_02_DEN_IND,DEN,IND,2,60,Touchdown,7,60,run,5,2.5,43.5
2025,2,2025_02_JAX_CIN,JAX,CIN,1,69,Touchdown,9,69,pass,7,-3.5,49.5
2025,2,2025_02_JAX_CIN,CIN,JAX,2,76,Touchdown,7,76,run,5,3.5,49.5
2025,2,2025_02_LAC_LV,LV,LAC,1,76,Turnover,1,0,pass,0,-3.5,46.5
2025,2,2025_02_LAC_LV,LAC,LV,2,74,Field goal,11,72,run,-1,3.5,46.5
2025,2,2025_02_LA_TEN,TEN,LA,1,72,Punt,3,1,pass,5,-5.5,41.5
2025,2,2025_02_LA_TEN,LA,TEN,2,65,Field goal,10,62,pass,0,5.5,41.5
2025,2,2025_02_NE_MIA,NE,MIA,1,68,Touchdown,10,68,run,3,-1.5,43.5
2025,2,2025_02_NE_MIA,MIA,NE,2,71,Field goal,6,49,run,7,1.5,43.5
2025,2,2025_02_NYG_DAL,NYG,DAL,1,80,Field goal,15,60,run,4,-4.5,44.5
2025,2,2025_02_NYG_DAL,DAL,NYG,2,79,Turnover,2,0,pass,0,4.5,44.5
2025,2,2025_02_PHI_KC,PHI,KC,1,69,Punt,6,19,pass,-3,1.5,46.5
2025,2,2025_02_PHI_KC,KC,PHI,2,73,Turnover on downs,4,8,pass,5,-1.5,46.5
2025,2,2025_02_SEA_PIT,SEA,PIT,1,65,Touchdown,8,65,run,1,-3.5,40.5
2025,2,2025_02_SEA_PIT,PIT,SEA,2,83,Punt,6,19,run,4,3.5,40.5
2025,2,2025_02_SF_NO,NO,SF,1,65,Missed field goal,5,43,run,5,-3,40.5
2025,2,2025_02_SF_NO,SF,NO,2,60,Turnover,6,7,run,2,3,40.5
2025,2,2025_02_TB_HOU,HOU,TB,1,64,Touchdown,6,64,pass,0,2.5,42.5
2025,2,2025_02_TB_HOU,TB,HOU,2,72,Punt,6,15,run,7,-2.5,42.5
2025,2,2025_02_WAS_GB,GB,WAS,1,72,Turnover on downs,9,39,run,4,3.5,48.5
2025,2,2025_02_WAS_GB,WAS,GB,2,44,Missed field goal,6,10,run,4,-3.5,48.5
2025,3,2025_03_ARI_SF,ARI,SF,1,61,Missed field goal,9,22,pass,2,-1.5,44.5
2025,3,2025_03_ARI_SF,SF,ARI,2,65,Punt,5,11,run,4,1.5,44.5
2025,3,2025_03_ATL_CAR,ATL,CAR,1,73,Missed field goal,9,42,pass,0,5.5,44.5
2025,3,2025_03_ATL_CAR,CAR,ATL,2,71,Punt,5,13,pass,9,-5.5,44.5
2025,3,2025_03_CIN_MIN,MIN,CIN,1,64,Touchdown,6,64,run,10,3,41.5
2025,3,2025_03_CIN_MIN,CIN,MIN,2,76,Punt,3,3,run,-1,-3,41.5
2025,3,2025_03_DAL_CHI,CHI,DAL,1,81,Punt,3,-2,pass,0,-1.5,49.5
2025,3,2025_03_DAL_CHI,DAL,CHI,2,72,Punt,7,18,run,9,1.5,49.5
2025,3,2025_03_DEN_LAC,LAC,DEN,1,69,Field goal,7,56,run,-4,2.5,45.5
2025,3,2025_03_DEN_LAC,DEN,LAC,2,66,Touchdown,3,66,run,41,-2.5,45.5
2025,3,2025_03_DET_BAL,DET,BAL,1,67,Touchdown,11,67,run,2,-4.5,53.5
2025,3,2025_03_DET_BAL,BAL,DET,2,73,Touchdown,11,73,pass,7,4.5,53.5
2025,3,2025_03_GB_CLE,CLE,GB,1,74,Punt,8,30,run,7,-8.5,41.5
2025,3,2025_03_GB_CLE,GB,CLE,2,74,Punt,3,-1,run,4,8.5,41.5
2025,3,2025_03_HOU_JAX,HOU,JAX,1,65,Punt,3,7,run,6,-1.5,43.5
2025,3,2025_03_HOU_JAX,JAX,HOU,2,80,Field goal,12,59,run,7,1.5,43.5
2025,3,2025_03_IND_TEN,TEN,IND,1,65,Opp touchdown,3,1,run,1,-6,43.5
2025,3,2025_03_IND_TEN,IND,TEN,2,67,Touchdown,6,67,pass,5,6,43.5
2025,3,2025_03_KC_NYG,NYG,KC,1,69,Turnover on downs,10,41,run,1,-6,44.5
2025,3,2025_03_KC_NYG,KC,NYG,2,74,Touchdown,11,74,run,3,6,44.5
2025,3,2025_03_LA_PHI,LA,PHI,1,77,Turnover,4,13,run,5,-3.5,45.5
2025,3,2025_03_LA_PHI,PHI,LA,2,90,Turnover,2,0,pass,3,3.5,45.5
2025,3,2025_03_LV_WAS,WAS,LV,1,27,Touchdown,5,27,run,5,2.5,43.5
2025,3,2025_03_LV_WAS,LV,WAS,2,70,Punt,3,-2,run,6,-2.5,43.5
2025,3,2025_03_MIA_BUF,MIA,BUF,1,47,Touchdown,10,47,pass,5,-12.5,50.5
2025,3,2025_03_MIA_BUF,BUF,MIA,2,61,Touchdown,8,61,run,1,12.5,50.5
2025,3,2025_03_NO_SEA,NO,SEA,1,69,Turnover on downs,6,24,pass,9,-7.5,41.5
2025,3,2025_03_NO_SEA,SEA,NO,2,65,Field goal,6,32,run,10,7.5,41.5
2025,3,2025_03_NYJ_TB,NYJ,TB,1,71,Field goal,10,51,run,7,-6.5,43.5
2025,3,2025_03_NYJ_TB,TB,NYJ,2,77,Field goal,15,67,run,16,6.5,43.5
2025,3,2025_03_PIT_NE,NE,PIT,1,73,Turnover,3,12,run,4,-1.5,44.5
2025,3,2025_03_PIT_NE,PIT,NE,2,65,Turnover,3,0,pass,5,1.5,44.5
2025,4,2025_04_BAL_KC,BAL,KC,1,70,Touchdown,9,70,pass,5,2.5,48.5
2025,4,2025_04_BAL_KC,KC,BAL,2,65,Touchdown,6,65,pass,5,-2.5,48.5
2025,4,2025_04_CAR_NE,CAR,NE,1,76,Touchdown,7,76,run,12,-5.5,42.5
2025,4,2025_04_CAR_NE,NE,CAR,2,78,Touchdown,8,78,pass,18,5.5,42.5
2025,4,2025_04_CHI_LV,CHI,LV,1,71,Punt,3,7,run,2,-1.5,47.5
2025,4,2025_04_CHI_LV,LV,CHI,2,73,Turnover,1,0,pass,0,1.5,47.5
2025,4,2025_04_CIN_DEN,CIN,DEN,1,65,Field goal,11,57,pass,0,-7.5,44.5
2025,4,2025_04_CIN_DEN,DEN,CIN,2,70,Punt,5,14,pass,8,7.5,44.5
2025,4,2025_04_CLE_DET,DET,CLE,1,69,Punt,4,20,pass,13,10,44.5
2025,4,2025_04_CLE_DET,CLE,DET,2,72,Punt,7,21,run,2,-10,44.5
2025,4,2025_04_GB_DAL,GB,DAL,1,69,Touchdown,8,69,pass,4,7,47.5
2025,4,2025_04_GB_DAL,DAL,GB,2,70,Punt,5,9,run,5,-7,47.5
2025,4,2025_04_IND_LA,IND,LA,1,74,Turnover,4,16,run,5,-3.5,49.5
2025,4,2025_04_IND_LA,LA,IND,2,65,Punt,4,15,run,11,3.5,49.5
2025,4,2025_04_JAX_SF,SF,JAX,1,65,Field goal,12,57,pass,18,3.5,45.5
2025,4,2025_04_JAX_SF,JAX,SF,2,65,Punt,3,9,run,1,-3.5,45.5
2025,4,2025_04_LAC_NYG,LAC,NYG,1,70,Punt,3,8,pass,9,6,43.5
2025,4,2025_04_LAC_NYG,NYG,LAC,2,75,Punt,8,20,run,4,-6,43.5
2025,4,2025_04_MIN_PIT,PIT,MIN,1,65,Punt,3,-2,pass,-8,-2.5,41.5
2025,4,2025_04_MIN_PIT,MIN,PIT,2,68,Punt,3,-9,run,3,2.5,41.5
2025,4,2025_04_NO_BUF,BUF,NO,1,79,Touchdown,7,79,run,3,15.5,48.5
2025,4,2025_04_NO_BUF,NO,BUF,2,68,Punt,4,19,run,12,-15.5,48.5
2025,4,2025_04_NYJ_MIA,MIA,NYJ,1,66,Field goal,9,37,run,3,2.5,44.5
2025,4,2025_04_NYJ_MIA,MIA,NYJ,2,36,Touchdown,6,36,run,1,2.5,44.5
2025,4,2025_04_PHI_TB,TB,PHI,1,80,Opp touchdown,5,28,pass,8,-3.5,44.5
2025,4,2025_04_PHI_TB,PHI,TB,2,68,Punt,3,-9,run,-3,3.5,44.5
2025,4,2025_04_SEA_ARI,ARI,SEA,1,74,Punt,5,18,pass,8,-1.5,43.5
2025,4,2025_04_SEA_ARI,SEA,ARI,2,66,Field goal,9,40,pass,-1,1.5,43.5
2025,4,2025_04_TEN_HOU,TEN,HOU,1,72,Missed field goal,6,49,run,3,-7.5,39.5
2025,4,2025_04_TEN_HOU,HOU,TEN,2,69,Missed field goal,7,33,run,11,7.5,39.5
2025,4,2025_04_WAS_ATL,ATL,WAS,1,65,Field goal,8,45,run,5,2.5,43.5
2025,4,2025_04_WAS_ATL,WAS,ATL,2,71,Field goal,7,37,run,16,-2.5,43.5
2025,5,2025_05_DAL_NYJ,NYJ,DAL,1,73,Field goal,12,66,pass,3,1.5,48.5
2025,5,2025_05_DAL_NYJ,DAL,NYJ,2,64,Punt,3,7,run,1,-1.5,48.5
2025,5,2025_05_DEN_PHI,DEN,PHI,1,69,Punt,3,6,run,3,-3.5,44.5
2025,5,2025_05_DEN_PHI,PHI,DEN,2,74,Touchdown,4,74,pass,0,3.5,44.5
2025,5,2025_05_DET_CIN,DET,CIN,1,58,Touchdown,7,58,run,1,10.5,49.5
2025,5,2025_05_DET_CIN,CIN,DET,2,73,Turnover,2,5,run,5,-10.5,49.5
2025,5,2025_05_HOU_BAL,HOU,BAL,1,67,Touchdown,10,67,run,3,2.5,41.5
2025,5,2025_05_HOU_BAL,BAL,HOU,2,66,Turnover,4,12,pass,3,-2.5,41.5
2025,5,2025_05_KC_JAX,JAX,KC,1,70,Punt,3,8,run,7,-3.5,45.5
2025,5,2025_05_KC_JAX,KC,JAX,2,67,Punt,3,8,run,0,3.5,45.5
2025,5,2025_05_LV_IND,IND,LV,1,71,Punt,3,9,pass,5,7,46.5
2025,5,2025_05_LV_IND,LV,IND,2,74,Punt,4,12,run,10,-7,46.5
2025,5,2025_05_MIA_CAR,MIA,CAR,1,73,Field goal,10,48,pass,5,1.5,44.5
2025,5,2025_05_MIA_CAR,CAR,MIA,2,70,Field goal,4,39,run,53,-1.5,44.5
2025,5,2025_05_MIN_CLE,CLE,MIN,1,60,Punt,4,7,run,4,-3.5,35.5
2025,5,2025_05_MIN_CLE,MIN,CLE,2,71,Touchdown,8,71,pass,0,3.5,35.5
2025,5,2025_05_NE_BUF,NE,BUF,1,70,Punt,4,16,pass,15,-7.5,49.5
2025,5,2025_05_NE_BUF,BUF,NE,2,71,Touchdown,10,71,run,6,7.5,49.5
2025,5,2025_05_NYG_NO,NO,NYG,1,91,Punt,3,-1,pass,0,1.5,41.5
2025,5,2025_05_NYG_NO,NYG,NO,2,64,Turnover,7,18,pass,-2,-1.5,41.5
2025,5,2025_05_SF_LA,SF,LA,1,72,Touchdown,8,72,run,4,-8.5,43.5
2025,5,2025_05_SF_LA,LA,SF,2,63,Missed field goal,5,28,pass,4,8.5,43.5
2025,5,2025_05_TB_SEA,TB,SEA,1,80,Field goal,10,68,run,-1,-3.5,44.5
2025,5,2025_05_TB_SEA,SEA,TB,2,77,Touchdown,4,77,pass,5,3.5,44.5
2025,5,2025_05_TEN_ARI,ARI,TEN,1,67,Touchdown,8,67,run,7,7.5,41.5
2025,5,2025_05_TEN_ARI,TEN,ARI,2,72,Punt,3,8,run,-2,-7.5,41.5
2025,5,2025_05_WAS_LAC,LAC,WAS,1,76,Touchdown,9,76,run,8,2.5,47.5
2025,5,2025_05_WAS_LAC,WAS,LAC,2,69,Touchdown,7,69,run,0,-2.5,47.5
2025,6,2025_06_ARI_IND,IND,ARI,1,65,Touchdown,9,65,pass,9,8.5,46.5
2025,6,2025_06_ARI_IND,ARI,IND,2,61,Touchdown,10,61,pass,20,-8.5,46.5
2025,6,2025_06_BUF_ATL,ATL,BUF,1,64,Touchdown,5,64,pass,23,-3.5,49.5
2025,6,2025_06_BUF_ATL,BUF,ATL,2,73,Touchdown,9,73,run,8,3.5,49.5
2025,6,2025_06_CHI_WAS,CHI,WAS,1,70,Field goal,8,41,run,2,-5.5,49.5
2025,6,2025_06_CHI_WAS,WAS,CHI,2,60,Field goal,7,25,pass,9,5.5,49.5
2025,6,2025_06_CIN_GB,GB,CIN,1,66,Turnover,11,47,pass,21,14,44.5
2025,6,2025_06_CIN_GB,CIN,GB,2,78,Touchdown,17,78,run,5,-14,44.5
2025,6,2025_06_CLE_PIT,PIT,CLE,1,72,Field goal,7,46,pass,36,5.5,37.5
2025,6,2025_06_CLE_PIT,CLE,PIT,2,78,Punt,3,5,run,5,-5.5,37.5
2025,6,2025_06_DAL_CAR,DAL,CAR,1,74,Punt,3,6,pass,2,3,47.5
2025,6,2025_06_DAL_CAR,CAR,DAL,2,80,Touchdown,4,80,pass,34,-3,47.5
2025,6,2025_06_DEN_NYJ,DEN,NYJ,1,78,Turnover,3,10,run,1,7.5,43.5
2025,6,2025_06_DEN_NYJ,NYJ,DEN,2,57,Field goal,9,37,run,7,-7.5,43.5
2025,6,2025_06_DET_KC,DET,KC,1,71,Field goal,14,70,run,4,-2.5,51.5
2025,6,2025_06_DET_KC,KC,DET,2,81,Touchdown,8,81,pass,9,2.5,51.5
2025,6,2025_06_LAC_MIA,MIA,LAC,1,54,Turnover,2,2,run,2,-3.5,45.5
2025,6,2025_06_LAC_MIA,LAC,MIA,2,72,Touchdown,13,72,run,10,3.5,45.5
2025,6,2025_06_LA_BAL,BAL,LA,1,72,Field goal,11,53,run,6,-7,43.5
2025,6,2025_06_LA_BAL,LA,BAL,2,76,Touchdown,9,76,pass,21,7,43.5
2025,6,2025_06_NE_NO,NO,NE,1,75,Field goal,4,59,pass,53,-3.5,46.5
2025,6,2025_06_NE_NO,NE,NO,2,56,Field goal,11,50,run,3,3.5,46.5
2025,6,2025_06_PHI_NYG,PHI,NYG,1,60,Field goal,5,36,run,18,7,40.5
2025,6,2025_06_PHI_NYG,NYG,PHI,2,71,Punt,3,8,pass,4,-7,40.5
2025,6,2025_06_SEA_JAX,JAX,SEA,1,80,Punt,3,-13,pass,-2,-1.5,47.5
2025,6,2025_06_SEA_JAX,SEA,JAX,2,77,Touchdown,8,77,run,4,1.5,47.5
2025,6,2025_06_SF_TB,TB,SF,1,84,Punt,5,21,pass,7,3.5,46.5
2025,6,2025_06_SF_TB,SF,TB,2,81,Field goal,13,70,pass,9,-3.5,46.5
2025,6,2025_06_TEN_LV,TEN,LV,1,65,Punt,3,9,run,3,-3.5,41.5
2025,6,2025_06_TEN_LV,LV,TEN,2,70,Touchdown,13,70,pass,9,3.5,41.5
2025,7,2025_07_ATL_SF,ATL,SF,1,78,Punt,3,9,run,5,-1.5,46.5
2025,7,2025_07_ATL_SF,SF,ATL,2,68,Field goal,10,43,run,1,1.5,46.5
2025,7,2025_07_CAR_NYJ,NYJ,CAR,1,55,Turnover on downs,6,22,pass,9,1.5,39.5
2025,7,2025_07_CAR_NYJ,CAR,NYJ,2,49,Field goal,9,38,run,5,-1.5,39.5
2025,7,2025_07_GB_ARI,ARI,GB,1,73,Field goal,14,59,pass,4,-7,44.5
2025,7,2025_07_GB_ARI,GB,ARI,2,70,Punt,3,7,run,2,7,44.5
2025,7,2025_07_HOU_SEA,SEA,HOU,1,71,Punt,3,9,run,2,3,41.5
2025,7,2025_07_HOU_SEA,HOU,SEA,2,75,Turnover,2,4,run,4,-3,41.5
2025,7,2025_07_IND_LAC,IND,LAC,1,75,Touchdown,5,75,pass,6,-2.5,48.5
2025,7,2025_07_IND_LAC,LAC,IND,2,70,Touchdown,6,70,run,5,2.5,48.5
2025,7,2025_07_LA_JAX,JAX,LA,1,70,Punt,3,3,pass,-2,-3,44.5
2025,7,2025_07_LA_JAX,LA,JAX,2,64,Punt,3,6,run,6,3,44.5
2025,7,2025_07_LV_KC,LV,KC,1,62,Punt,5,16,run,3,-13.5,44.5
2025,7,2025_07_LV_KC,KC,LV,2,65,Touchdown,11,65,pass,0,13.5,44.5
2025,7,2025_07_MIA_CLE,CLE,MIA,1,67,Punt,3,7,run,6,2.5,34.5
2025,7,2025_07_MIA_CLE,MIA,CLE,2,70,Opp touchdown,1,0,pass,0,-2.5,34.5
2025,7,2025_07_NE_TEN,TEN,NE,1,65,Field goal,5,34,pass,11,-6.5,40.5
2025,7,2025_07_NE_TEN,NE,TEN,2,88,Touchdown,12,88,run,1,6.5,40.5
2025,7,2025_07_NO_CHI,CHI,NO,1,65,Punt,3,6,run,5,4.5,43.5
2025,7,2025_07_NO_CHI,NO,CHI,2,80,Touchdown,10,80,run,1,-4.5,43.5
2025,7,2025_07_NYG_DEN,NYG,DEN,1,65,Punt,6,24,run,4,-7.5,39.5
2025,7,2025_07_NYG_DEN,DEN,NYG,2,73,Punt,5,15,run,3,7.5,39.5
2025,7,2025_07_PHI_MIN,PHI,MIN,1,75,Touchdown,12,75,run,8,2.5,43.5
2025,7,2025_07_PHI_MIN,MIN,PHI,2,52,Field goal,9,42,run,7,-2.5,43.5
2025,7,2025_07_PIT_CIN,PIT,CIN,1,69,Touchdown,8,69,pass,4,5.5,45.5
2025,7,2025_07_PIT_CIN,CIN,PIT,2,68,Field goal,13,63,pass,5,-5.5,45.5
2025,7,2025_07_TB_DET,DET,TB,1,69,Touchdown,6,69,pass,0,6,54.5
2025,7,2025_07_TB_DET,TB,DET,2,67,Touchdown,12,65,run,3,-6,54.5
2025,7,2025_07_WAS_DAL,DAL,WAS,1,66,Touchdown,5,66,pass,0,1.5,54.5
2025,7,2025_07_WAS_DAL,WAS,DAL,2,65,Turnover,7,22,run,3,-1.5,54.5
2025,8,2025_08_BUF_CAR,CAR,BUF,1,69,Punt,3,-5,run,3,-7,47.5
2025,8,2025_08_BUF_CAR,BUF,CAR,2,75,Touchdown,4,75,run,5,7,47.5
2025,8,2025_08_CHI_BAL,CHI,BAL,1,78,Field goal,12,64,pass,18,-2.5,45.5
2025,8,2025_08_CHI_BAL,BAL,CHI,2,66,Field goal,7,56,pass,36,2.5,45.5
2025,8,2025_08_CLE_NE,NE,CLE,1,72,Field goal,11,54,run,2,7,40.5
2025,8,2025_08_CLE_NE,CLE,NE,2,69,Punt,3,1,pass,-1,-7,40.5
2025,8,2025_08_DAL_DEN,DEN,DAL,1,72,Turnover,3,18,run,7,3.5,51.5
2025,8,2025_08_DAL_DEN,DAL,DEN,2,65,Touchdown,13,65,pass,7,-3.5,51.5
2025,8,2025_08_GB_PIT,GB,PIT,1,80,Punt,3,9,run,4,3,46.5
2025,8,2025_08_GB_PIT,PIT,GB,2,73,Punt,3,2,pass,0,-3,46.5
2025,8,2025_08_MIA_ATL,MIA,ATL,1,66,Punt,3,-7,pass,0,-7,44.5
2025,8,2025_08_MIA_ATL,ATL,MIA,2,71,Punt,3,7,run,6,7,44.5
2025,8,2025_08_MIN_LAC,MIN,LAC,1,84,Punt,6,25,pass,0,-3,45.5
2025,8,2025_08_MIN_LAC,LAC,MIN,2,67,Field goal,8,42,run,7,3,45.5
2025,8,2025_08_NYG_PHI,PHI,NYG,1,65,Touchdown,2,65,pass,0,7,43.5
2025,8,2025_08_NYG_PHI,NYG,PHI,2,65,Punt,3,0,pass,-8,-7,43.5
2025,8,2025_08_NYJ_CIN,CIN,NYJ,1,75,Field goal,10,67,run,7,5.5,43.5
2025,8,2025_08_NYJ_CIN,NYJ,CIN,2,76,Punt,6,33,run,3,-5.5,43.5
2025,8,2025_08_SF_HOU,HOU,SF,1,72,Field goal,15,57,pass,0,2.5,41.5
2025,8,2025_08_SF_HOU,SF,HOU,2,60,Punt,3,7,pass,7,-2.5,41.5
2025,8,2025_08_TB_NO,NO,TB,1,63,Turnover,5,29,pass,10,-4.5,46.5
2025,8,2025_08_TB_NO,TB,NO,2,73,Touchdown,10,73,pass,16,4.5,46.5
2025,8,2025_08_TEN_IND,IND,TEN,1,78,Field goal,9,53,run,12,15.5,47.5
2025,8,2025_08_TEN_IND,TEN,IND,2,70,Punt,5,28,run,3,-15.5,47.5
2025,8,2025_08_WAS_KC,WAS,KC,1,57,Turnover,9,39,pass,6,-10.5,48.5
2025,8,2025_08_WAS_KC,KC,WAS,2,80,Touchdown,8,80,run,5,10.5,48.5
2025,9,2025_09_ARI_DAL,DAL,ARI,1,66,Turnover on downs,10,55,run,9,3.5,53.5
2025,9,2025_09_ARI_DAL,ARI,DAL,2,74,Touchdown,3,74,pass,50,-3.5,53.5
2025,9,2025_09_ATL_NE,ATL,NE,1,68,Punt,3,-2,pass,2,-5.5,45.5
2025,9,2025_09_ATL_NE,NE,ATL,2,69,Field goal,14,56,pass,-4,5.5,45.5
2025,9,2025_09_BAL_MIA,MIA,BAL,1,57,Field goal,4,26,pass,20,-7.5,51.5
2025,9,2025_09_BAL_MIA,BAL,MIA,2,68,Touchdown,11,68,run,2,7.5,51.5
2025,9,2025_09_CAR_GB,CAR,GB,1,78,Punt,3,14,pass,1,-12.5,43.5
2025,9,2025_09_CAR_GB,GB,CAR,2,68,Missed field goal,8,43,run,6,12.5,43.5
2025,9,2025_09_CHI_CIN,CHI,CIN,1,73,Touchdown,12,73,pass,0,3,51.5
2025,9,2025_09_CHI_CIN,CHI,CIN,2,77,Touchdown,12,77,pass,0,3,51.5
2025,9,2025_09_DEN_HOU,HOU,DEN,1,64,Missed field goal,13,32,run,2,1.5,40.5
2025,9,2025_09_DEN_HOU,DEN,HOU,2,76,Punt,5,13,run,9,-1.5,40.5
2025,9,2025_09_IND_PIT,PIT,IND,1,61,Punt,3,6,pass,0,-3.5,51.5
2025,9,2025_09_IND_PIT,IND,PIT,2,74,Punt,7,12,pass,8,3.5,51.5
2025,9,2025_09_JAX_LV,JAX,LV,1,60,Punt,3,4,run,4,2.5,43.5
2025,9,2025_09_JAX_LV,LV,JAX,2,71,Turnover,2,3,run,3,-2.5,43.5
2025,9,2025_09_KC_BUF,BUF,KC,1,84,Touchdown,11,84,pass,4,-2.5,53.5
2025,9,2025_09_KC_BUF,KC,BUF,2,69,Punt,3,3,pass,5,2.5,53.5
2025,9,2025_09_LAC_TEN,TEN,LAC,1,78,Punt,6,30,pass,0,-10,44.5
2025,9,2025_09_LAC_TEN,LAC,TEN,2,72,Punt,3,8,run,1,10,44.5
2025,9,2025_09_MIN_DET,DET,MIN,1,72,Touchdown,6,72,pass,15,9.5,47.5
2025,9,2025_09_MIN_DET,MIN,DET,2,71,Punt,5,21,run,6,-9.5,47.5
2025,9,2025_09_NO_LA,NO,LA,1,70,Punt,3,9,run,1,-14,44.5
2025,9,2025_09_NO_LA,LA,NO,2,80,Touchdown,16,80,run,7,14,44.5
2025,9,2025_09_SEA_WAS,WAS,SEA,1,74,Punt,6,12,run,3,-2.5,47.5
2025,9,2025_09_SEA_WAS,SEA,WAS,2,81,Punt,3,9,run,1,2.5,47.5
2025,9,2025_09_SF_NYG,NYG,SF,1,64,Touchdown,10,64,run,5,-2.5,47.5
2025,9,2025_09_SF_NYG,SF,NYG,2,60,Field goal,12,46,run,4,2.5,47.5
2025,10,2025_10_ARI_SEA,SEA,ARI,1,65,Touchdown,7,65,pass,3,7,44.5
2025,10,2025_10_ARI_SEA,ARI,SEA,2,75,Turnover on downs,17,73,pass,9,-7,44.5
2025,10,2025_10_ATL_IND,IND,ATL,1,75,Turnover on downs,8,48,run,2,6.5,48.5
2025,10,2025_10_ATL_IND,ATL,IND,2,69,Field goal,6,44,run,4,-6.5,48.5
2025,10,2025_10_BAL_MIN,BAL,MIN,1,69,Punt,3,8,pass,0,4.5,48.5
2025,10,2025_10_BAL_MIN,MIN,BAL,2,76,Turnover,4,26,run,17,-4.5,48.5
2025,10,2025_10_BUF_MIA,MIA,BUF,1,70,Turnover,3,4,pass,1,-8.5,50.5
2025,10,2025_10_BUF_MIA,BUF,MIA,2,82,Turnover,14,77,run,3,8.5,50.5
2025,10,2025_10_CLE_NYJ,CLE,NYJ,1,70,Punt,4,-8,run,2,1.5,37.5
2025,10,2025_10_CLE_NYJ,NYJ,CLE,2,55,Punt,3,-3,run,-1,-1.5,37.5
2025,10,2025_10_DET_WAS,WAS,DET,1,74,Punt,3,7,run,5,-8.5,49.5
2025,10,2025_10_DET_WAS,DET,WAS,2,72,Touchdown,5,72,pass,22,8.5,49.5
2025,10,2025_10_JAX_HOU,HOU,JAX,1,69,Turnover,3,12,pass,12,-1.5,37.5
2025,10,2025_10_JAX_HOU,JAX,HOU,2,74,Field goal,8,59,pass,4,1.5,37.5
2025,10,2025_10_LA_SF,LA,SF,1,64,Touchdown,10,64,pass,0,5.5,49.5
2025,10,2025_10_LA_SF,SF,LA,2,65,Touchdown,10,65,pass,3,-5.5,49.5
2025,10,2025_10_LV_DEN,LV,DEN,1,65,Punt,8,23,run,0,-9.5,42.5
2025,10,2025_10_LV_DEN,DEN,LV,2,96,Punt,3,3,run,3,9.5,42.5
2025,10,2025_10_NE_TB,TB,NE,1,65,Touchdown,6,65,run,4,2.5,48.5
2025,10,2025_10_NE_TB,NE,TB,2,65,Touchdown,2,65,pass,10,-2.5,48.5
2025,10,2025_10_NO_CAR,CAR,NO,1,67,Touchdown,12,67,pass,7,5.5,38.5
2025,10,2025_10_NO_CAR,NO,CAR,2,63,Punt,3,8,run,3,-5.5,38.5
2025,10,2025_10_NYG_CHI,CHI,NYG,1,60,Turnover on downs,6,30,pass,9,4.5,45.5
2025,10,2025_10_NYG_CHI,NYG,CHI,2,56,Touchdown,6,56,pass,0,-4.5,45.5
2025,10,2025_10_PHI_GB,GB,PHI,1,61,Punt,9,12,run,5,1.5,45.5
2025,10,2025_10_PHI_GB,PHI,GB,2,71,Field goal,9,50,run,7,-1.5,45.5
2025,10,2025_10_PIT_LAC,PIT,LAC,1,65,Punt,3,11,pass,3,-3,45.5
2025,10,2025_10_PIT_LAC,LAC,PIT,2,67,Punt,6,9,run,2,3,45.5
2025,11,2025_11_BAL_CLE,CLE,BAL,1,70,Punt,3,9,pass,2,-7.5,37.5
2025,11,2025_11_BAL_CLE,BAL,CLE,2,65,Punt,3,5,run,8,7.5,37.5
2025,11,2025_11_CAR_ATL,ATL,CAR,1,79,Punt,3,6,run,4,4.5,42.5
2025,11,2025_11_CAR_ATL,CAR,ATL,2,68,Touchdown,6,66,pass,4,-4.5,42.5
2025,11,2025_11_CHI_MIN,MIN,CHI,1,80,Punt,9,28,run,3,3,47.5
2025,11,2025_11_CHI_MIN,CHI,MIN,2,69,Field goal,8,33,run,-1,-3,47.5
2025,11,2025_11_CIN_PIT,PIT,CIN,1,78,Touchdown,8,78,pass,4,5.5,48.5
2025,11,2025_11_CIN_PIT,CIN,PIT,2,76,Field goal,6,51,run,35,-5.5,48.5
2025,11,2025_11_DAL_LV,DAL,LV,1,74,Punt,3,6,run,2,3.5,48.5
2025,11,2025_11_DAL_LV,LV,DAL,2,68,Punt,3,4,run,-3,-3.5,48.5
2025,11,2025_11_DET_PHI,PHI,DET,1,65,Punt,6,8,pass,0,2.5,46.5
2025,11,2025_11_DET_PHI,DET,PHI,2,65,Turnover on downs,6,33,pass,17,-2.5,46.5
2025,11,2025_11_GB_NYG,NYG,GB,1,65,Touchdown,9,65,run,1,-7.5,41.5
2025,11,2025_11_GB_NYG,GB,NYG,2,66,Touchdown,6,66,pass,0,7.5,41.5
2025,11,2025_11_HOU_TEN,HOU,TEN,1,65,Turnover on downs,15,53,run,2,5.5,37.5
2025,11,2025_11_HOU_TEN,TEN,HOU,2,65,Field goal,7,37,run,4,-5.5,37.5
2025,11,2025_11_KC_DEN,DEN,KC,1,65,Field goal,13,54,pass,-6,-3.5,44.5
2025,11,2025_11_KC_DEN,KC,DEN,2,68,Turnover,9,47,run,3,3.5,44.5
2025,11,2025_11_LAC_JAX,LAC,JAX,1,77,Punt,3,8,pass,0,3,43.5
2025,11,2025_11_LAC_JAX,JAX,LAC,2,65,Touchdown,11,65,run,0,-3,43.5
2025,11,2025_11_NYJ_NE,NYJ,NE,1,72,Touchdown,14,72,pass,6,-12.5,43.5
2025,11,2025_11_NYJ_NE,NE,NYJ,2,66,Punt,3,3,pass,3,12.5,43.5
2025,11,2025_11_SEA_LA,LA,SEA,1,70,Turnover on downs,7,62,pass,0,3,49.5
2025,11,2025_11_SEA_LA,SEA,LA,2,65,Turnover,3,1,pass,0,-3,49.5
2025,11,2025_11_SF_ARI,SF,ARI,1,1,Touchdown,1,1,run,1,3.5,48.5
2025,11,2025_11_SF_ARI,ARI,SF,2,69,Punt,3,9,pass,0,-3.5,48.5
2025,11,2025_11_TB_BUF,TB,BUF,1,65,Punt,7,26,run,3,-6,46.5
2025,11,2025_11_TB_BUF,BUF,TB,2,56,Punt,3,6,run,2,6,46.5
2025,11,2025_11_WAS_MIA,MIA,WAS,1,80,Field goal,6,57,run,11,2.5,47.5
2025,11,2025_11_WAS_MIA,WAS,MIA,2,59,Touchdown,6,59,pass,6,-2.5,47.5
2025,12,2025_12_ATL_NO,ATL,NO,1,74,Punt,3,2,run,2,-1.5,41.5
2025,12,2025_12_ATL_NO,NO,ATL,2,75,Turnover on downs,15,74,pass,18,1.5,41.5
2025,12,2025_12_BUF_HOU,HOU,BUF,1,78,Punt,3,6,pass,0,-5.5,43.5
2025,12,2025_12_BUF_HOU,BUF,HOU,2,80,Punt,5,5,run,1,5.5,43.5
2025,12,2025_12_CAR_SF,SF,CAR,1,72,Touchdown,15,72,run,3,7.5,48.5
2025,12,2025_12_CAR_SF,CAR,SF,2,73,Punt,4,21,run,17,-7.5,48.5
2025,12,2025_12_CLE_LV,CLE,LV,1,68,Punt,3,8,run,0,-3,35.5
2025,12,2025_12_CLE_LV,LV,CLE,2,63,Turnover on downs,7,11,run,6,3,35.5
2025,12,2025_12_IND_KC,IND,KC,1,69,Punt,7,18,run,8,-3.5,50.5
2025,12,2025_12_IND_KC,KC,IND,2,71,Punt,3,7,pass,0,3.5,50.5
2025,12,2025_12_JAX_ARI,ARI,JAX,1,72,Punt,8,19,pass,9,-2.5,47.5
2025,12,2025_12_JAX_ARI,JAX,ARI,2,57,Turnover,4,51,pass,15,2.5,47.5
2025,12,2025_12_MIN_GB,MIN,GB,1,65,Field goal,6,31,run,3,-6.5,41.5
2025,12,2025_12_MIN_GB,GB,MIN,2,72,Punt,6,22,run,3,6.5,41.5
2025,12,2025_12_NE_CIN,NE,CIN,1,76,Punt,6,17,run,3,7.5,50.5
2025,12,2025_12_NE_CIN,CIN,NE,2,69,Punt,3,6,pass,3,-7.5,50.5
2025,12,2025_12_NYG_DET,NYG,DET,1,70,Touchdown,4,70,pass,23,-14,50.5
2025,12,2025_12_NYG_DET,DET,NYG,2,76,Punt,6,33,run,8,14,50.5
2025,12,2025_12_NYJ_BAL,NYJ,BAL,1,57,Punt,3,4,run,4,-14,44.5
2025,12,2025_12_NYJ_BAL,BAL,NYJ,2,74,Touchdown,11,74,pass,0,14,44.5
2025,12,2025_12_PHI_DAL,DAL,PHI,1,72,Turnover on downs,6,22,run,2,-3,47.5
2025,12,2025_12_PHI_DAL,PHI,DAL,2,68,Punt,3,3,pass,8,3,47.5
2025,12,2025_12_PIT_CHI,CHI,PIT,1,71,Punt,3,4,run,1,3,46.5
2025,12,2025_12_PIT_CHI,PIT,CHI,2,75,Punt,6,11,run,6,-3,46.5
2025,12,2025_12_SEA_TEN,TEN,SEA,1,67,Field goal,14,63,run,3,-12.5,41.5
2025,12,2025_12_SEA_TEN,SEA,TEN,2,76,Touchdown,3,76,pass,56,12.5,41.5
2025,12,2025_12_TB_LA,TB,LA,1,72,Punt,9,29,run,6,-7,49.5
2025,12,2025_12_TB_LA,LA,TB,2,60,Turnover on downs,6,20,run,7,7,49.5
2025,13,2025_13_ARI_TB,TB,ARI,1,73,Punt,6,26,run,2,4.5,44.5
2025,13,2025_13_ARI_TB,ARI,TB,2,58,Turnover,2,15,run,13,-4.5,44.5
2025,13,2025_13_ATL_NYJ,ATL,NYJ,1,76,Punt,5,25,run,6,3,38.5
2025,13,2025_13_ATL_NYJ,NYJ,ATL,2,65,Punt,3,5,pass,5,-3,38.5
2025,13,2025_13_BUF_PIT,BUF,PIT,1,77,Turnover,7,35,run,19,3,44.5
2025,13,2025_13_BUF_PIT,PIT,BUF,2,74,Opp touchdown,1,-9,pass,-9,-3,44.5
2025,13,2025_13_CHI_PHI,CHI,PHI,1,67,Turnover on downs,11,42,run,3,-7,43.5
2025,13,2025_13_CHI_PHI,PHI,CHI,2,73,Punt,3,1,pass,0,7,43.5
2025,13,2025_13_CIN_BAL,CIN,BAL,1,64,Field goal,9,51,pass,8,-7,52.5
2025,13,2025_13_CIN_BAL,BAL,CIN,2,78,Punt,3,6,run,3,7,52.5
2025,13,2025_13_DEN_WAS,DEN,WAS,1,74,Field goal,10,59,run,11,6.5,43.5
2025,13,2025_13_DEN_WAS,WAS,DEN,2,72,Touchdown,10,72,run,6,-6.5,43.5
2025,13,2025_13_GB_DET,GB,DET,1,83,Field goal,11,56,run,4,-2.5,48.5
2025,13,2025_13_GB_DET,DET,GB,2,66,Turnover on downs,7,17,run,3,2.5,48.5
2025,13,2025_13_HOU_IND,IND,HOU,1,65,Punt,3,2,pass,2,3,44.5
2025,13,2025_13_HOU_IND,HOU,IND,2,73,Field goal,13,48,run,0,-3,44.5
2025,13,2025_13_JAX_TEN,JAX,TEN,1,71,Punt,5,22,run,6,6,42.5
2025,13,2025_13_JAX_TEN,TEN,JAX,2,81,Punt,3,9,pass,0,-6,42.5
2025,13,2025_13_KC_DAL,DAL,KC,1,73,Turnover,3,6,run,4,-3.5,53.5
2025,13,2025_13_KC_DAL,KC,DAL,2,54,Punt,3,5,run,4,3.5,53.5
2025,13,2025_13_LA_CAR,LA,CAR,1,35,Touchdown,6,35,pass,0,10,44.5
2025,13,2025_13_LA_CAR,CAR,LA,2,71,Touchdown,10,71,run,3,-10,44.5
2025,13,2025_13_LV_LAC,LV,LAC,1,63,Punt,3,-3,run,5,-10,40.5
2025,13,2025_13_LV_LAC,LAC,LV,2,67,Touchdown,3,67,pass,0,10,40.5
2025,13,2025_13_MIN_SEA,MIN,SEA,1,67,Punt,5,7,run,4,-12.5,42.5
2025,13,2025_13_MIN_SEA,SEA,MIN,2,80,Field goal,7,44,run,24,12.5,42.5
2025,13,2025_13_NO_MIA,MIA,NO,1,69,Touchdown,6,69,run,8,5.5,41.5
2025,13,2025_13_NO_MIA,NO,MIA,2,65,Touchdown,11,65,run,5,-5.5,41.5
2025,13,2025_13_NYG_NE,NE,NYG,1,53,Field goal,11,49,run,4,7,46.5
2025,13,2025_13_NYG_NE,NYG,NE,2,71,Turnover on downs,7,33,pass,8,-7,46.5
2025,13,2025_13_SF_CLE,SF,CLE,1,75,Punt,4,24,pass,23,5.5,35.5
2025,13,2025_13_SF_CLE,CLE,SF,2,73,Punt,5,14,run,5,-5.5,35.5
2025,14,2025_14_CHI_GB,CHI,GB,1,72,Punt,3,-5,run,5,-6.5,44.5
2025,14,2025_14_CHI_GB,GB,CHI,2,65,Punt,3,-1,pass,0,6.5,44.5
2025,14,2025_14_CIN_BUF,CIN,BUF,1,67,Touchdown,14,67,run,4,-6,54.5
2025,14,2025_14_CIN_BUF,BUF,CIN,2,75,Touchdown,9,75,pass,-8,6,54.5
2025,14,2025_14_DAL_DET,DET,DAL,1,64,Field goal,7,44,pass,7,3.5,55.5
2025,14,2025_14_DAL_DET,DAL,DET,2,70,Turnover,1,0,pass,0,-3.5,55.5
2025,14,2025_14_DEN_LV,DEN,LV,1,81,Touchdown,14,81,run,11,8.5,40.5
2025,14,2025_14_DEN_LV,LV,DEN,2,69,Punt,3,2,run,1,-8.5,40.5
2025,14,2025_14_HOU_KC,KC,HOU,1,67,Punt,3,6,run,3,4.5,41.5
2025,14,2025_14_HOU_KC,HOU,KC,2,83,Punt,3,-4,run,-4,-4.5,41.5
2025,14,2025_14_IND_JAX,JAX,IND,1,74,Punt,4,14,pass,11,-2.5,44.5
2025,14,2025_14_IND_JAX,IND,JAX,2,74,Field goal,7,56,run,7,2.5,44.5
2025,14,2025_14_LA_ARI,ARI,LA,1,67,Touchdown,5,67,run,3,-9.5,49.5
2025,14,2025_14_LA_ARI,LA,ARI,2,74,Touchdown,10,74,pass,6,9.5,49.5
2025,14,2025_14_MIA_NYJ,MIA,NYJ,1,64,Touchdown,4,64,run,1,2.5,41.5
2025,14,2025_14_MIA_NYJ,NYJ,MIA,2,68,Punt,5,16,pass,9,-2.5,41.5
2025,14,2025_14_NO_TB,NO,TB,1,45,Touchdown,6,45,pass,0,-7.5,41.5
2025,14,2025_14_NO_TB,TB,NO,2,80,Turnover,4,21,run,0,7.5,41.5
2025,14,2025_14_PHI_LAC,PHI,LAC,1,67,Punt,6,7,pass,0,1.5,41.5
2025,14,2025_14_PHI_LAC,LAC,PHI,2,67,Field goal,15,51,run,0,-1.5,41.5
2025,14,2025_14_PIT_BAL,BAL,PIT,1,73,Field goal,8,55,pass,7,5.5,43.5
2025,14,2025_14_PIT_BAL,PIT,BAL,2,60,Field goal,7,50,pass,41,-5.5,43.5
2025,14,2025_14_SEA_ATL,ATL,SEA,1,77,Punt,7,27,run,5,-7,44.5
2025,14,2025_14_SEA_ATL,ATL,SEA,2,65,Turnover,6,47,pass,26,-7,44.5
2025,14,2025_14_TEN_CLE,TEN,CLE,1,53,Touchdown,8,53,run,-1,-4.5,33.5
2025,14,2025_14_TEN_CLE,CLE,TEN,2,78,Punt,7,26,run,14,4.5,33.5
2025,14,2025_14_WAS_MIN,MIN,WAS,1,61,Touchdown,7,61,run,3,-1.5,43.5
2025,14,2025_14_WAS_MIN,WAS,MIN,2,77,Turnover,12,58,run,4,1.5,43.5
2025,15,2025_15_ARI_HOU,HOU,ARI,1,59,Touchdown,2,59,run,2,10.5,42.5
2025,15,2025_15_ARI_HOU,ARI,HOU,2,75,Turnover,11,53,pass,7,-10.5,42.5
2025,15,2025_15_ATL_TB,TB,ATL,1,66,Punt,5,22,run,11,6,43.5
2025,15,2025_15_ATL_TB,ATL,TB,2,65,Punt,4,18,pass,16,-6,43.5
2025,15,2025_15_BAL_CIN,BAL,CIN,1,66,Punt,6,13,run,4,2.5,51.5
2025,15,2025_15_BAL_CIN,CIN,BAL,2,75,Turnover on downs,6,43,run,3,-2.5,51.5
2025,15,2025_15_BUF_NE,NE,BUF,1,73,Touchdown,8,73,run,15,-2.5,49.5
2025,15,2025_15_BUF_NE,BUF,NE,2,44,Touchdown,6,44,run,11,2.5,49.5
2025,15,2025_15_CAR_NO,NO,CAR,1,72,Punt,3,4,run,4,-2.5,41.5
2025,15,2025_15_CAR_NO,CAR,NO,2,70,Touchdown,8,70,run,-1,2.5,41.5
2025,15,2025_15_CLE_CHI,CHI,CLE,1,47,Punt,3,1,pass,0,7.5,38.5
2025,15,2025_15_CLE_CHI,CLE,CHI,2,80,Punt,3,0,run,0,-7.5,38.5
2025,15,2025_15_DET_LA,DET,LA,1,65,Missed field goal,7,40,run,4,-5.5,54.5
2025,15,2025_15_DET_LA,LA,DET,2,67,Field goal,10,41,pass,22,5.5,54.5
2025,15,2025_15_GB_DEN,DEN,GB,1,69,Turnover,6,22,run,2,-1.5,42.5
2025,15,2025_15_GB_DEN,GB,DEN,2,71,Touchdown,3,71,pass,0,1.5,42.5
2025,15,2025_15_IND_SEA,IND,SEA,1,72,Punt,8,27,run,2,-13.5,41.5
2025,15,2025_15_IND_SEA,SEA,IND,2,71,Field goal,10,43,pass,7,13.5,41.5
2025,15,2025_15_LAC_KC,KC,LAC,1,68,Touchdown,11,68,run,2,5.5,41.5
2025,15,2025_15_LAC_KC,LAC,KC,2,66,Field goal,10,61,run,6,-5.5,41.5
2025,15,2025_15_LV_PHI,PHI,LV,1,67,Touchdown,13,67,run,1,12.5,37.5
2025,15,2025_15_LV_PHI,LV,PHI,2,64,Turnover,7,29,pass,0,-12.5,37.5
2025,15,2025_15_MIA_PIT,MIA,PIT,1,73,Punt,4,23,pass,20,-3,42.5
2025,15,2025_15_MIA_PIT,PIT,MIA,2,71,Touchdown,6,71,run,6,3,42.5
2025,15,2025_15_MIN_DAL,MIN,DAL,1,68,Turnover,2,6,run,6,-5.5,47.5
2025,15,2025_15_MIN_DAL,DAL,MIN,2,58,Field goal,6,50,run,15,5.5,47.5
2025,15,2025_15_NYJ_JAX,JAX,NYJ,1,72,Touchdown,9,72,pass,7,13.5,40.5
2025,15,2025_15_NYJ_JAX,NYJ,JAX,2,65,Field goal,8,32,run,4,-13.5,40.5
2025,15,2025_15_TEN_SF,TEN,SF,1,70,Punt,3,4,pass,0,-12.5,44.5
2025,15,2025_15_TEN_SF,SF,TEN,2,67,Touchdown,4,67,pass,14,12.5,44.5
2025,15,2025_15_WAS_NYG,WAS,NYG,1,67,Field goal,9,39,run,-1,-2.5,46.5
2025,15,2025_15_WAS_NYG,NYG,WAS,2,82,Touchdown,7,82,pass,5,2.5,46.5
2025,16,2025_16_ATL_ARI,ARI,ATL,1,60,Field goal,6,29,pass,0,-2.5,48.5
2025,16,2025_16_ATL_ARI,ATL,ARI,2,65,Field goal,12,44,run,-2,2.5,48.5
2025,16,2025_16_BUF_CLE,CLE,BUF,1,69,Touchdown,8,69,pass,6,-10.5,41.5
2025,16,2025_16_BUF_CLE,BUF,CLE,2,70,Punt,3,8,run,4,10.5,41.5
2025,16,2025_16_CIN_MIA,CIN,MIA,1,75,Punt,6,7,run,2,3.5,48.5
2025,16,2025_16_CIN_MIA,MIA,CIN,2,70,Turnover,3,6,run,5,-3.5,48.5
2025,16,2025_16_GB_CHI,GB,CHI,1,53,Turnover on downs,9,46,run,2,-1.5,45.5
2025,16,2025_16_GB_CHI,CHI,GB,2,66,Field goal,5,38,run,2,1.5,45.5
2025,16,2025_16_JAX_DEN,JAX,DEN,1,71,Punt,3,5,pass,0,-3.5,46.5
2025,16,2025_16_JAX_DEN,DEN,JAX,2,73,Touchdown,4,73,run,1,3.5,46.5
2025,16,2025_16_KC_TEN,KC,TEN,1,72,Punt,3,-2,run,0,3.5,37.5
2025,16,2025_16_KC_TEN,TEN,KC,2,75,Touchdown,9,75,pass,2,-3.5,37.5
2025,16,2025_16_LAC_DAL,DAL,LAC,1,79,Touchdown,10,79,pass,14,1.5,50.5
2025,16,2025_16_LAC_DAL,LAC,DAL,2,76,Field goal,5,57,run,2,-1.5,50.5
2025,16,2025_16_LA_SEA,LA,SEA,1,71,Turnover on downs,10,32,run,8,-1.5,42.5
2025,16,2025_16_LA_SEA,SEA,LA,2,65,Touchdown,4,65,run,2,1.5,42.5
2025,16,2025_16_LV_HOU,LV,HOU,1,71,Punt,3,0,pass,0,-14.5,39.5
2025,16,2025_16_LV_HOU,HOU,LV,2,70,Punt,3,2,run,3,14.5,39.5
2025,16,2025_16_MIN_NYG,MIN,NYG,1,60,Field goal,8,35,pass,0,2.5,41.5
2025,16,2025_16_MIN_NYG,NYG,MIN,2,69,Punt,4,6,run,1,-2.5,41.5
2025,16,2025_16_NE_BAL,BAL,NE,1,65,Touchdown,5,65,pass,19,3.5,48.5
2025,16,2025_16_NE_BAL,NE,BAL,2,70,Punt,3,4,pass,4,-3.5,48.5
2025,16,2025_16_NYJ_NO,NO,NYJ,1,72,Turnover,2,8,pass,0,6.5,39.5
2025,16,2025_16_NYJ_NO,NYJ,NO,2,65,Punt,5,5,run,6,-6.5,39.5
2025,16,2025_16_PHI_WAS,WAS,PHI,1,26,Field goal,7,24,run,3,-7,43.5
2025,16,2025_16_PHI_WAS,WAS,PHI,2,68,Punt,4,24,pass,24,-7,43.5
2025,16,2025_16_PIT_DET,DET,PIT,1,72,Punt,3,-1,pass,7,7.5,52.5
2025,16,2025_16_PIT_DET,PIT,DET,2,69,Turnover,9,65,run,5,-7.5,52.5
2025,16,2025_16_SF_IND,IND,SF,1,72,Touchdown,9,72,pass,0,-4.5,46.5
2025,16,2025_16_SF_IND,SF,IND,2,64,Touchdown,8,64,pass,15,4.5,46.5
2025,16,2025_16_TB_CAR,CAR,TB,1,65,Field goal,8,56,pass,0,-3,44.5
2025,16,2025_16_TB_CAR,TB,CAR,2,66,Touchdown,14,66,pass,-1,3,44.5
2025,17,2025_17_ARI_CIN,CIN,ARI,1,72,Touchdown,12,72,pass,0,7,52.5
2025,17,2025_17_ARI_CIN,ARI,CIN,2,68,Punt,3,-3,pass,0,-7,52.5
2025,17,2025_17_BAL_GB,BAL,GB,1,75,Touchdown,13,75,pass,9,-2.5,38.5
2025,17,2025_17_BAL_GB,GB,BAL,2,74,Field goal,10,68,run,1,2.5,38.5
2025,17,2025_17_CHI_SF,SF,CHI,1,76,Opp touchdown,1,0,pass,0,3.5,51.5
2025,17,2025_17_CHI_SF,CHI,SF,2,65,Touchdown,10,65,pass,11,-3.5,51.5
2025,17,2025_17_DAL_WAS,DAL,WAS,1,78,Touchdown,13,78,run,4,8.5,50.5
2025,17,2025_17_DAL_WAS,WAS,DAL,2,74,Punt,4,14,pass,12,-8.5,50.5
2025,17,2025_17_DEN_KC,DEN,KC,1,65,Field goal,13,56,pass,9,13.5,37.5
2025,17,2025_17_DEN_KC,KC,DEN,2,63,Field goal,5,28,run,3,-13.5,37.5
2025,17,2025_17_DET_MIN,MIN,DET,1,75,Punt,3,-6,pass,0,-7,45.5
2025,17,2025_17_DET_MIN,DET,MIN,2,67,Punt,5,19,run,0,7,45.5
2025,17,2025_17_HOU_LAC,HOU,LAC,1,84,Touchdown,3,84,run,5,-1.5,40.5
2025,17,2025_17_HOU_LAC,LAC,HOU,2,65,Punt,3,6,run,7,1.5,40.5
2025,17,2025_17_JAX_IND,IND,JAX,1,44,Field goal,7,29,run,4,-3.5,48.5
2025,17,2025_17_JAX_IND,JAX,IND,2,64,Punt,3,-2,run,3,3.5,48.5
2025,17,2025_17_LA_ATL,ATL,LA,1,73,Punt,3,3,run,1,-7.5,48.5
2025,17,2025_17_LA_ATL,LA,ATL,2,55,Field goal,7,38,pass,-7,7.5,48.5
2025,17,2025_17_NE_NYJ,NE,NYJ,1,61,Touchdown,7,61,run,5,12.5,42.5
2025,17,2025_17_NE_NYJ,NYJ,NE,2,65,Turnover on downs,8,12,pass,0,-12.5,42.5
2025,17,2025_17_NO_TEN,TEN,NO,1,65,Punt,5,16,run,8,-1.5,39.5
2025,17,2025_17_NO_TEN,NO,TEN,2,74,Touchdown,9,74,run,6,1.5,39.5
2025,17,2025_17_NYG_LV,NYG,LV,1,78,Punt,8,19,pass,4,3,40.5
2025,17,2025_17_NYG_LV,LV,NYG,2,76,Punt,4,2,pass,13,-3,40.5
2025,17,2025_17_PHI_BUF,PHI,BUF,1,72,Punt,3,8,pass,0,-3,45.5
2025,17,2025_17_PHI_BUF,BUF,PHI,2,80,Punt,3,9,pass,7,3,45.5
2025,17,2025_17_PIT_CLE,CLE,PIT,1,73,Field goal,8,41,run,6,-4.5,35.5
2025,17,2025_17_PIT_CLE,PIT,CLE,2,75,Punt,5,18,run,7,4.5,35.5
2025,17,2025_17_SEA_CAR,CAR,SEA,1,65,Punt,4,12,run,11,-6.5,42.5
2025,17,2025_17_SEA_CAR,SEA,CAR,2,60,Turnover,6,42,run,1,6.5,42.5
2025,17,2025_17_TB_MIA,MIA,TB,1,65,Punt,3,-6,pass,4,-5.5,44.5
2025,17,2025_17_TB_MIA,TB,MIA,2,65,Punt,3,7,pass,7,5.5,44.5
2025,18,2025_18_ARI_LA,ARI,LA,1,77,Turnover,3,0,pass,7,-14.5,49.5
2025,18,2025_18_ARI_LA,LA,ARI,2,67,Punt,3,-6,run,-1,14.5,49.5
2025,18,2025_18_BAL_PIT,BAL,PIT,1,85,Touchdown,8,85,run,41,4.5,41.5
2025,18,2025_18_BAL_PIT,PIT,BAL,2,67,Touchdown,12,67,run,9,-4.5,41.5
2025,18,2025_18_CAR_TB,TB,CAR,1,74,Touchdown,9,74,run,9,3,43.5
2025,18,2025_18_CAR_TB,CAR,TB,2,65,Missed field goal,9,29,run,4,-3,43.5
2025,18,2025_18_CLE_CIN,CIN,CLE,1,66,Punt,3,5,run,3,9.5,47.5
2025,18,2025_18_CLE_CIN,CLE,CIN,2,65,Field goal,11,56,run,6,-9.5,47.5
2025,18,2025_18_DAL_NYG,NYG,DAL,1,60,Punt,6,11,run,3,-3,50.5
2025,18,2025_18_DAL_NYG,DAL,NYG,2,88,Punt,3,6,run,-3,3,50.5
2025,18,2025_18_DET_CHI,DET,CHI,1,71,Field goal,10,55,run,4,-3.5,51.5
2025,18,2025_18_DET_CHI,CHI,DET,2,72,Punt,3,6,run,1,3.5,51.5
2025,18,2025_18_GB_MIN,MIN,GB,1,71,Field goal,7,46,run,13,12.5,37.5
2025,18,2025_18_GB_MIN,GB,MIN,2,70,Punt,7,26,run,2,-12.5,37.5
2025,18,2025_18_IND_HOU,HOU,IND,1,70,Field goal,7,37,pass,17,9.5,37.5
2025,18,2025_18_IND_HOU,IND,HOU,2,65,Touchdown,4,65,pass,0,-9.5,37.5
2025,18,2025_18_KC_LV,KC,LV,1,65,Punt,3,-4,run,4,3.5,36.5
2025,18,2025_18_KC_LV,LV,KC,2,59,Turnover on downs,5,31,pass,23,-3.5,36.5
2025,18,2025_18_LAC_DEN,LAC,DEN,1,72,Punt,3,6,pass,0,-14.5,37.5
2025,18,2025_18_LAC_DEN,DEN,LAC,2,65,Punt,3,6,pass,0,14.5,37.5
2025,18,2025_18_MIA_NE,NE,MIA,1,70,Touchdown,3,70,run,9,14,44.5
2025,18,2025_18_MIA_NE,MIA,NE,2,43,Turnover,6,30,run,-7,-14,44.5
2025,18,2025_18_NO_ATL,ATL,NO,1,75,Punt,3,-2,run,3,4.5,43.5
2025,18,2025_18_NO_ATL,NO,ATL,2,60,Punt,6,-2,pass,1,-4.5,43.5
2025,18,2025_18_NYJ_BUF,BUF,NYJ,1,80,Touchdown,11,80,run,10,12.5,39.5
2025,18,2025_18_NYJ_BUF,NYJ,BUF,2,70,Turnover on downs,4,9,pass,4,-12.5,39.5
2025,18,2025_18_SEA_SF,SEA,SF,1,70,Turnover on downs,12,66,pass,2,2.5,47.5
2025,18,2025_18_SEA_SF,SF,SEA,2,88,Punt,8,27,run,5,-2.5,47.5
2025,18,2025_18_TEN_JAX,JAX,TEN,1,69,Punt,3,-18,pass,-8,12.5,46.5
2025,18,2025_18_TEN_JAX,TEN,JAX,2,65,Punt,3,-7,run,-1,-12.5,46.5
2025,18,2025_18_WAS_PHI,PHI,WAS,1,68,Punt,4,18,pass,17,3,38.5
2025,18,2025_18_WAS_PHI,WAS,PHI,2,74,Punt,3,2,pass,0,-3,38.5
2025,19,2025_19_BUF_JAX,JAX,BUF,1,66,Punt,3,2,run,-3,1.5,51.5
2025,19,2025_19_BUF_JAX,BUF,JAX,2,74,Field goal,10,45,run,2,-1.5,51.5
2025,19,2025_19_GB_CHI,CHI,GB,1,68,Field goal,15,59,run,1,-2.5,45.5
2025,19,2025_19_GB_CHI,GB,CHI,2,80,Punt,3,-2,pass,0,2.5,45.5
2025,19,2025_19_HOU_PIT,PIT,HOU,1,80,Punt,5,30,run,10,-3,38.5
2025,19,2025_19_HOU_PIT,HOU,PIT,2,75,Turnover,8,61,pass,16,3,38.5
2025,19,2025_19_LAC_NE,NE,LAC,1,69,Punt,5,14,run,6,3.5,45.5
2025,19,2025_19_LAC_NE,LAC,NE,2,68,Punt,3,3,run,3,-3.5,45.5
2025,19,2025_19_LA_CAR,CAR,LA,1,64,Turnover on downs,4,9,run,1,-10,44.5
2025,19,2025_19_LA_CAR,LA,CAR,2,65,Punt,3,0,pass,0,10,44.5
2025,19,2025_19_SF_PHI,SF,PHI,1,76,Touchdown,6,76,run,-1,-6,44.5
2025,19,2025_19_SF_PHI,PHI,SF,2,70,Punt,3,7,run,8,6,44.5
2025,20,2025_20_BUF_DEN,DEN,BUF,1,74,Field goal,13,64,pass,12,1.5,45.5
2025,20,2025_20_BUF_DEN,BUF,DEN,2,75,Turnover,2,-10,run,0,-1.5,45.5
2025,20,2025_20_HOU_NE,NE,HOU,1,65,Punt,3,6,run,0,3,40.5
2025,20,2025_20_HOU_NE,HOU,NE,2,65,Field goal,10,58,run,2,-3,40.5
2025,20,2025_20_LA_CHI,CHI,LA,1,63,Turnover,5,42,pass,34,-3.5,49.5
2025,20,2025_20_LA_CHI,LA,CHI,2,74,Punt,5,19,run,7,3.5,49.5
2025,20,2025_20_SF_SEA,SF,SEA,1,60,Turnover on downs,7,17,pass,0,-6.5,44.5
2025,20,2025_20_SF_SEA,SF,SEA,2,72,Turnover on downs,7,14,run,1,-6.5,44.5
2025,21,2025_21_LA_SEA,LA,SEA,1,69,Punt,3,7,run,4,-2.5,45.5
2025,21,2025_21_LA_SEA,SEA,LA,2,80,Punt,5,7,run,5,2.5,45.5
2025,21,2025_21_NE_DEN,DEN,NE,1,65,Punt,3,1,run,1,-3.5,43.5
2025,21,2025_21_NE_DEN,NE,DEN,2,69,Field goal,15,64,pass,5,3.5,43.5
2025,22,2025_22_SEA_NE,SEA,NE,1,65,Field goal,7,51,run,10,4.5,45.5
2025,22,2025_22_SEA_NE,NE,SEA,2,68,Punt,3,7,pass,0,-4.5,45.5
