season,player,team,redTargets,redCarries,goalCarries,scores,teamRedTargets,teamRedCarries,teamGoalCarries,teamScores
2021,00-0034681,ARI,7,20,5,2,88,103,31,54
2021,00-0036936,ARI,8,5,1,1,88,103,31,54
2021,00-0027942,ARI,18,0,0,3,88,103,31,54
2021,00-0030155,ARI,1,0,0,0,88,103,31,54
2021,00-0030564,ARI,15,0,0,8,88,103,31,54
2021,00-0027944,TEN,7,0,0,1,86,88,29,48
2021,00-0032141,TEN,8,0,0,3,86,88,29,48
2021,00-0036182,TEN,11,0,0,4,86,88,29,48
2021,00-0032764,TEN,2,38,12,11,86,88,29,48
2021,00-0029701,TEN,0,14,7,7,86,88,29,48
2021,00-0033553,ARI,3,43,19,19,88,103,31,54
2021,00-0035228,ARI,0,25,5,5,88,103,31,54
2021,00-0035676,TEN,12,1,0,6,86,88,29,48
2021,00-0034775,ARI,10,0,0,5,88,103,31,54
2021,00-0036457,BAL,3,5,1,1,86,76,25,43
2021,00-0035249,BAL,2,0,0,0,86,76,25,43
2021,00-0035662,BAL,18,0,0,6,86,76,25,43
2021,00-0036357,LV,1,1,0,2,99,79,22,41
2021,00-0031610,LV,18,0,0,2,99,79,22,41
2021,00-0035700,LV,7,39,13,9,99,79,22,41
2021,00-0035125,LV,3,1,1,1,99,79,22,41
2021,00-0034983,LV,27,0,0,9,99,79,22,41
2021,00-0030513,BAL,4,22,6,6,86,76,25,43
2021,00-0031280,LV,0,8,2,0,99,79,22,41
2021,00-0030663,LV,2,0,0,0,99,79,22,41
2021,00-0033891,LV,10,0,0,2,99,79,22,41
2021,00-0030874,CHI,1,8,4,3,67,88,25,33
2021,00-0030068,CHI,3,1,1,1,67,88,25,33
2021,00-0036309,CHI,12,3,0,5,67,88,25,33
2021,00-0036415,LA,18,0,0,6,140,110,25,67
2021,00-0035664,LA,11,27,9,8,140,110,25,67
2021,00-0033908,LA,49,1,0,22,140,110,25,67
2021,00-0030431,LA,17,2,0,5,140,110,25,67
2021,00-0031428,CHI,7,0,0,1,67,88,25,33
2021,00-0035685,CHI,8,43,13,7,67,88,25,33
2021,00-0027973,CHI,0,8,2,0,67,88,25,33
2021,00-0027696,CHI,9,0,0,3,67,88,25,33
2021,00-0036945,CHI,0,10,1,2,67,88,25,33
2021,00-0033110,LA,21,0,0,5,140,110,25,67
2021,00-0026498,LA,0,15,5,2,140,110,25,67
2021,00-0032392,CLE,13,0,0,3,62,95,23,42
2021,00-0034791,CLE,1,41,11,9,62,95,23,42
2021,00-0033923,CLE,4,18,5,5,62,95,23,42
2021,00-0033040,KC,32,2,0,12,126,103,29,69
2021,00-0032775,KC,4,0,0,3,126,103,29,69
2021,00-0033885,CLE,9,0,0,4,62,95,23,42
2021,00-0031382,CLE,10,4,2,4,62,95,23,42
2021,00-0029164,KC,1,0,0,0,126,103,29,69
2021,00-0033873,KC,0,23,3,3,126,103,29,69
2021,00-0030506,KC,21,2,2,13,126,103,29,69
2021,00-0034301,KC,10,34,14,8,126,103,29,69
2021,00-0036360,KC,6,15,3,6,126,103,29,69
2021,00-0033856,TB,18,44,15,12,139,89,33,70
2021,00-0033921,TB,26,2,2,6,139,89,33,70
2021,00-0036358,DAL,13,2,1,6,116,86,29,60
2021,00-0027656,TB,14,0,0,7,139,89,33,70
2021,00-0033045,DAL,17,42,17,12,116,86,29,60
2021,00-0031544,DAL,21,0,0,9,116,86,29,60
2021,00-0033077,DAL,0,17,7,2,116,86,29,60
2021,00-0034764,DAL,8,0,0,2,116,86,29,60
2021,00-0027793,TB,3,0,0,4,139,89,33,70
2021,00-0035261,DAL,8,17,2,3,116,86,29,60
2021,00-0036412,DEN,1,0,0,0,73,87,25,39
2021,00-0035644,DEN,17,0,0,4,73,87,25,39
2021,00-0036997,DEN,8,31,10,7,73,87,25,39
2021,00-0031237,DEN,0,11,3,2,73,87,25,39
2021,00-0032385,NYG,9,0,0,1,58,50,16,26
2021,00-0036423,DEN,5,0,0,2,73,87,25,39
2021,00-0033375,DEN,11,0,0,5,73,87,25,39
2021,00-0034844,NYG,3,12,3,4,58,50,16,26
2021,00-0032972,NYG,2,16,5,3,58,50,16,26
2021,00-0027981,NYG,9,0,0,1,58,50,16,26
2021,00-0033932,NYG,11,0,0,0,58,50,16,26
2021,00-0032144,DEN,8,40,11,10,73,87,25,39
2021,00-0035535,NYG,2,0,0,2,58,50,16,26
2021,00-0033367,NYG,1,0,0,0,58,50,16,26
2021,00-0035710,NYG,0,15,5,2,58,50,16,26
2021,00-0033906,NO,14,42,12,9,71,79,18,44
2021,00-0035860,NO,1,4,1,0,71,79,18,44
2021,00-0032200,NO,2,0,0,0,71,79,18,44
2021,00-0033357,NO,0,15,3,5,71,79,18,44
2021,00-0036040,NO,7,0,0,4,71,79,18,44
2021,00-0033757,GB,6,0,0,2,127,94,25,55
2021,00-0033293,GB,17,34,8,10,127,94,25,55
2021,00-0031381,GB,29,0,0,11,127,94,25,55
2021,00-0028237,NO,2,0,0,1,71,79,18,44
2021,00-0035215,NO,5,1,0,3,71,79,18,44
2021,00-0035480,GB,2,0,0,0,127,94,25,55
2021,00-0034109,HOU,1,8,2,2,48,55,16,30
2021,00-0027966,HOU,6,25,7,2,48,55,16,30
2021,00-0032187,HOU,7,7,0,1,48,55,16,30
2021,00-0031484,JAX,0,0,0,1,60,61,22,30
2021,00-0034364,HOU,5,0,0,0,48,55,16,30
2021,00-0028118,HOU,0,4,1,3,48,55,16,30
2021,00-0026035,HOU,4,0,0,3,48,55,16,30
2021,00-0034777,JAX,2,0,0,2,60,61,22,30
2021,00-0036554,HOU,6,0,0,1,48,55,16,30
2021,00-0029293,JAX,18,0,0,4,60,61,22,30
2021,00-0036650,LAC,0,7,2,1,115,107,31,60
2021,00-0027061,LAC,15,0,0,4,115,107,31,60
2021,00-0030279,LAC,26,0,0,6,115,107,31,60
2021,00-0033699,LAC,17,50,18,20,115,107,31,60
2021,00-0036328,WAS,7,48,18,10,63,83,32,38
2021,00-0032009,WAS,6,0,0,0,63,83,32,38
2021,00-0023682,WAS,0,1,0,0,63,83,32,38
2021,00-0036355,LAC,1,23,6,3,115,107,31,60
2021,00-0035414,LAC,7,0,0,3,115,107,31,60
2021,00-0031260,WAS,5,0,0,3,63,83,32,38
2021,00-0033536,LAC,24,0,0,9,115,107,31,60
2021,00-0034440,LAC,5,21,3,2,115,107,31,60
2021,00-0032725,LAC,2,0,0,1,115,107,31,60
2021,00-0035329,LAC,7,0,0,3,115,107,31,60
2021,00-0035311,MIA,9,32,8,7,82,70,26,34
2021,00-0036212,MIA,0,9,5,3,82,70,26,34
2021,00-0033858,NE,10,2,0,1,84,101,30,55
2021,00-0035657,NE,2,47,17,15,84,101,30,55
2021,00-0031549,NE,7,0,0,3,84,101,30,55
2021,00-0036020,MIA,3,3,0,0,82,70,26,34
2021,00-0031806,MIA,1,7,4,1,82,70,26,34
2021,00-0036613,MIA,15,1,1,7,82,70,26,34
2021,00-0034960,NE,19,0,0,2,84,101,30,55
2021,00-0033893,MIN,3,47,17,6,81,92,26,48
2021,00-0030035,MIN,15,0,0,10,81,92,26,48
2021,00-0033897,CIN,11,57,18,17,85,78,24,62
2021,00-0036410,CIN,19,0,0,8,85,78,24,62
2021,00-0036900,CIN,18,2,0,14,85,78,24,62
2021,00-0034365,CAR,4,0,0,0,58,75,22,34
2021,00-0033280,CAR,3,19,3,2,58,75,22,34
2021,00-0034869,CAR,0,9,6,5,58,75,22,34
2021,00-0036955,CAR,4,0,0,0,58,75,22,34
2021,00-0032688,CAR,8,1,0,5,58,75,22,34
2021,00-0033871,NYJ,5,0,0,4,70,78,35,35
2021,00-0037013,NYJ,1,10,7,4,70,78,35,35
2021,00-0036980,NYJ,9,2,0,6,70,78,35,35
2021,00-0032063,ATL,6,20,4,4,84,70,16,35
2021,00-0034830,ATL,7,0,0,3,84,70,16,35
2021,00-0034411,ATL,14,0,0,4,84,70,16,35
2021,00-0036912,PHI,11,0,0,5,68,113,44,48
2021,00-0036970,ATL,15,0,0,1,84,70,16,35
2021,00-0030578,ATL,12,33,7,11,84,70,16,35
2021,00-0034351,PHI,8,0,0,4,68,113,44,48
2021,00-0035243,PHI,3,22,7,0,68,113,44,48
2021,00-0036919,PHI,11,13,4,7,68,113,44,48
2021,00-0036387,PHI,5,0,0,2,68,113,44,48
2021,00-0031588,BUF,36,0,0,10,133,122,30,69
2021,00-0034857,BUF,1,36,11,6,133,122,30,69
2021,00-0029000,BUF,15,0,0,1,133,122,30,69
2021,00-0036196,BUF,21,0,0,11,133,122,30,69
2021,00-0035216,PIT,28,0,0,9,106,42,17,36
2021,00-0036893,PIT,14,29,11,10,106,42,17,36
2021,00-0031387,PIT,3,1,1,2,106,42,17,36
2021,00-0035223,BUF,0,0,0,1,133,122,30,69
2021,00-0035250,BUF,7,48,12,11,133,122,30,69
2021,00-0036223,IND,4,89,30,20,72,112,38,50
2021,00-0032211,SEA,8,0,0,8,59,61,20,50
2021,00-0034750,SEA,1,19,4,6,59,61,20,50
2021,00-0033895,SEA,8,0,0,4,59,61,20,50
2021,00-0033251,IND,13,1,0,3,72,112,38,50
2021,00-0033594,SEA,0,7,2,3,59,61,20,50
2021,00-0035640,SEA,20,0,0,12,59,61,20,50
2021,00-0032950,IND,0,10,6,1,72,112,38,50
2021,00-0037012,SF,0,6,3,1,64,68,21,52
2021,00-0036567,SF,2,25,6,7,64,68,21,52
2021,00-0029632,SF,4,0,0,0,64,68,21,52
2021,00-0034487,SF,4,0,0,1,64,68,21,52
2021,00-0036275,DET,11,20,6,7,72,56,14,37
2021,00-0035229,DET,12,0,0,4,72,56,14,37
2021,00-0032160,DET,1,0,0,0,72,56,14,37
2021,00-0035719,SF,10,16,1,16,64,68,21,52
2021,00-0035806,SF,5,4,2,1,64,68,21,52
2021,00-0034982,DET,0,0,0,1,72,56,14,37
2021,00-0033948,DET,0,24,5,3,72,56,14,37
2021,00-0036277,DET,4,0,0,2,72,56,14,37
2021,00-0031408,TB,25,0,0,16,139,89,33,70
2021,00-0034837,ATL,11,0,0,2,84,70,16,35
2021,00-0031273,TB,22,0,0,4,139,89,33,70
2021,00-0019596,TB,0,8,2,2,139,89,33,70
2021,00-0026143,ATL,0,12,5,1,84,70,16,35
2021,00-0035681,ATL,0,0,0,2,84,70,16,35
2021,00-0030669,MIA,2,0,0,0,82,70,26,34
2021,00-0032791,MIA,2,0,0,3,82,70,26,34
2021,00-0035689,BUF,21,0,0,11,133,122,30,69
2021,00-0036187,BUF,1,2,0,0,133,122,30,69
2021,00-0027685,BUF,11,0,0,5,133,122,30,69
2021,00-0036251,BUF,6,27,6,5,133,122,30,69
2021,00-0031787,BUF,3,0,0,0,133,122,30,69
2021,00-0034874,CIN,0,0,0,1,85,78,24,62
2021,00-0033658,DAL,6,0,0,2,116,86,29,60
2021,00-0036268,JAX,10,2,0,0,60,61,22,30
2021,00-0033572,JAX,4,0,0,4,60,61,22,30
2021,00-0032464,DET,6,0,0,4,72,56,14,37
2021,00-0036265,GB,5,43,11,8,127,94,25,55
2021,00-0034272,GB,9,0,0,3,127,94,25,55
2021,00-0032956,CLE,1,2,1,1,62,95,23,42
2021,00-0034855,CLE,0,4,1,1,62,95,23,42
2021,00-0036654,CLE,2,0,0,2,62,95,23,42
2021,00-0031236,HOU,10,0,0,6,48,55,16,30
2021,00-0030459,BAL,0,0,0,1,86,76,25,43
2021,00-0036331,BAL,8,0,0,3,86,76,25,43
2021,00-0031376,KC,8,9,2,2,126,103,29,69
2021,00-0034297,KC,10,0,0,8,126,103,29,69
2021,00-0034796,BAL,0,17,8,2,86,76,25,43
2021,00-0034753,BAL,27,1,0,9,86,76,25,43
2021,00-0030181,IND,10,0,0,3,72,112,38,50
2021,00-0036252,IND,18,1,0,6,72,112,38,50
2021,00-0035021,LA,2,0,0,3,140,110,25,67
2021,00-0034845,LA,3,51,8,5,140,110,25,67
2021,00-0033118,LV,6,12,1,3,99,79,22,41
2021,00-0033857,PIT,0,1,1,1,106,42,17,36
2021,00-0032741,LV,3,11,3,2,99,79,22,41
2021,00-0034981,LV,8,0,0,3,99,79,22,41
2021,00-0036345,MIN,9,0,0,7,81,92,26,48
2021,00-0034972,MIN,8,32,5,4,81,92,26,48
2021,00-0036322,MIN,25,2,0,10,81,92,26,48
2021,00-0032892,ARI,0,0,0,1,88,103,31,54
2021,00-0031062,NE,1,2,0,1,84,101,30,55
2021,00-0036924,NYJ,2,26,10,4,70,78,35,35
2021,00-0035537,NYJ,4,12,6,4,70,78,35,35
2021,00-0036096,NE,0,5,3,2,84,101,30,55
2021,00-0033090,NE,19,0,0,9,84,101,30,55
2021,00-0034052,CAR,3,0,0,1,58,75,22,34
2021,00-0034827,CAR,15,0,0,4,58,75,22,34
2021,00-0031503,NO,0,4,0,1,71,79,18,44
2021,00-0035659,WAS,9,0,0,5,63,83,32,38
2021,00-0036626,WAS,3,0,0,0,63,83,32,38
2021,00-0031800,WAS,0,14,6,1,63,83,32,38
2021,00-0032602,WAS,4,7,4,4,63,83,32,38
2021,00-0033611,WAS,15,0,0,2,63,83,32,38
2021,00-0030061,PHI,21,1,1,5,68,113,44,48
2021,00-0036389,PHI,1,33,13,10,68,113,44,48
2021,00-0036259,SF,7,0,0,5,64,68,21,52
2021,00-0031345,SF,0,3,3,3,64,68,21,52
2021,00-0032355,TEN,5,0,0,1,86,88,29,48
2021,00-0036247,SEA,5,0,0,4,59,61,20,50
2021,00-0033955,TEN,7,5,1,1,86,88,29,48
2021,00-0036971,JAX,0,12,6,2,60,61,22,30
2021,00-0035831,JAX,2,24,10,8,60,61,22,30
2021,00-0033387,JAX,5,0,0,1,60,61,22,30
2021,00-0031045,JAX,1,12,4,1,60,61,22,30
2021,00-0035236,JAX,0,0,0,1,60,61,22,30
2021,00-0033881,NYG,5,1,1,3,58,50,16,26
2021,00-0035208,ATL,9,0,0,3,84,70,16,35
2021,00-0028097,ATL,2,0,0,1,84,70,16,35
2021,00-0034854,DET,6,0,0,0,72,56,14,37
2021,00-0036963,DET,17,0,0,6,72,56,14,37
2021,00-0031325,BAL,4,0,0,1,86,76,25,43
2021,00-0036555,CAR,3,24,5,6,58,75,22,34
2021,00-0034011,CAR,5,0,0,0,58,75,22,34
2021,00-0034353,HOU,1,0,0,1,48,55,16,30
2021,00-0037005,CAR,5,3,1,2,58,75,22,34
2021,00-0034838,CAR,0,6,1,0,58,75,22,34
2021,00-0035628,CLE,1,19,2,3,62,95,23,42
2021,00-0028986,CLE,0,6,0,0,62,95,23,42
2021,00-0033009,CIN,12,0,0,6,85,78,24,62
2021,00-0036894,PIT,21,0,0,7,106,42,17,36
2021,00-0036442,CIN,0,10,4,2,85,78,24,62
2021,00-0034676,PIT,9,0,0,3,106,42,17,36
2021,00-0023459,GB,1,7,3,3,127,94,25,55
2021,00-0028002,GB,14,0,0,5,127,94,25,55
2021,00-0029892,SF,5,3,1,2,64,68,21,52
2021,00-0036261,SF,12,0,0,5,64,68,21,52
2021,00-0036984,SF,0,1,1,1,64,68,21,52
2021,00-0034367,IND,5,5,0,3,72,112,38,50
2021,00-0035639,IND,1,0,0,1,72,112,38,50
2021,00-0036652,TEN,2,0,0,0,86,88,29,48
2021,00-0036173,TEN,1,0,0,0,86,88,29,48
2021,00-0035140,KC,18,1,1,4,126,103,29,69
2021,00-0035547,KC,2,0,0,2,126,103,29,69
2021,00-0032442,LV,0,0,0,1,99,79,22,41
2021,00-0033119,MIA,0,3,3,1,82,70,26,34
2021,00-0033127,MIA,1,0,0,0,82,70,26,34
2021,00-0036422,NO,9,0,0,2,71,79,18,44
2021,00-0036219,NO,9,0,0,6,71,79,18,44
2021,00-0026990,NE,0,0,0,1,84,101,30,55
2021,00-0029239,NE,10,9,3,3,84,101,30,55
2021,00-0033307,NE,9,2,0,7,84,101,30,55
2021,00-0034348,DEN,14,0,0,2,73,87,25,39
2021,00-0035448,DEN,0,3,0,0,73,87,25,39
2021,00-0029653,DAL,0,0,0,1,116,86,29,60
2021,00-0034383,DAL,16,0,0,8,116,86,29,60
2021,00-0036361,PHI,0,0,0,2,68,113,44,48
2021,00-0034418,DAL,11,1,1,6,116,86,29,60
2021,00-0033733,PHI,6,0,0,3,68,113,44,48
2021,00-0034270,MIN,16,0,0,3,81,92,26,48
2021,00-0032918,MIN,1,2,1,0,81,92,26,48
2021,00-0034816,TB,1,14,5,4,139,89,33,70
2021,00-0030456,TB,8,5,1,4,139,89,33,70
2021,00-0026189,LA,1,0,0,2,140,110,25,67
2021,00-0036427,TB,12,0,0,0,139,89,33,70
2021,00-0031558,ARI,1,0,0,1,88,103,31,54
2021,00-0035864,DEN,2,0,0,1,73,87,25,39
2021,00-0029604,MIN,0,5,1,1,81,92,26,48
2021,00-0032977,CLE,5,0,0,1,62,95,23,42
2021,00-0031235,CLE,16,0,0,7,62,95,23,42
2021,00-0033106,DET,0,3,1,0,72,56,14,37
2021,00-0036290,CHI,14,1,1,0,67,88,25,33
2021,00-0034930,DET,1,0,0,0,72,56,14,37
2021,00-0033869,BUF,0,1,1,1,133,122,30,69
2021,00-0033896,MIA,6,0,0,0,82,70,26,34
2021,00-0033217,IND,9,0,0,4,72,112,38,50
2021,00-0034829,MIA,12,0,0,2,82,70,26,34
2021,00-0031547,MIA,6,0,0,2,82,70,26,34
2021,00-0033951,IND,0,2,0,0,72,112,38,50
2021,00-0036887,JAX,1,0,0,0,60,61,22,30
2021,00-0033854,JAX,3,8,2,2,60,61,22,30
2021,00-0032134,CIN,10,0,0,6,85,78,24,62
2021,00-0036637,KC,5,0,0,1,126,103,29,69
2021,00-0036271,PHI,10,0,0,1,68,113,44,48
2021,00-0033460,NYG,1,0,0,1,58,50,16,26
2021,00-0034521,GB,17,0,0,8,127,94,25,55
2021,00-0034073,SF,0,0,0,1,64,68,21,52
2021,00-0032426,SEA,0,13,4,2,59,61,20,50
2021,00-0029263,SEA,0,7,3,2,59,61,20,50
2021,00-0034735,TB,1,0,0,0,139,89,33,70
2021,00-0033943,TEN,6,0,0,2,86,88,29,48
2021,00-0034652,TEN,2,0,0,1,86,88,29,48
2021,00-0034419,NYJ,8,3,2,5,70,78,35,35
2021,00-0031941,NYJ,14,0,0,2,70,78,35,35
2021,00-0030108,NYJ,6,0,0,2,70,78,35,35
2021,00-0031585,TEN,7,0,0,3,86,88,29,48
2021,00-0033455,TEN,6,0,0,3,86,88,29,48
2021,00-0032058,NYJ,6,13,6,0,70,78,35,35
2021,00-0031763,WAS,4,1,0,4,63,83,32,38
2021,00-0030090,KC,0,0,0,1,126,103,29,69
2021,00-0036365,LV,9,0,0,3,99,79,22,41
2021,00-0035562,CHI,3,0,0,2,67,88,25,33
2021,00-0036906,CHI,2,12,3,2,67,88,25,33
2021,00-0036326,PIT,14,2,2,2,106,42,17,36
2021,00-0031319,DEN,1,0,0,0,73,87,25,39
2021,00-0033839,MIN,1,0,0,0,81,92,26,48
2021,00-0033526,CIN,6,2,0,3,85,78,24,62
2021,00-0031285,BAL,9,18,7,6,86,76,25,43
2021,00-0034159,SEA,3,0,0,1,59,61,20,50
2021,00-0034798,MIA,7,1,0,0,82,70,26,34
2021,00-0027948,TB,0,3,2,0,139,89,33,70
2021,00-0032398,HOU,2,0,0,2,48,55,16,30
2021,00-0033421,HOU,2,0,0,1,48,55,16,30
2021,00-0032128,HOU,1,0,0,2,48,55,16,30
2021,00-0036875,NE,3,26,7,5,84,101,30,55
2021,00-0036972,NE,0,7,0,0,84,101,30,55
2021,00-0033282,WAS,1,0,0,0,63,83,32,38
2021,00-0036755,WAS,0,6,1,2,63,83,32,38
2021,00-0036913,NYG,5,1,0,0,58,50,16,26
2021,00-0033047,NYG,0,0,0,1,58,50,16,26
2021,00-0033132,JAX,0,0,0,2,60,61,22,30
2021,00-0033258,ARI,1,0,0,0,88,103,31,54
2021,00-0036233,CLE,4,0,0,3,62,95,23,42
2021,00-0027688,ARI,0,6,0,0,88,103,31,54
2021,00-0033466,BUF,5,5,0,2,133,122,30,69
2021,00-0035308,BUF,1,0,0,1,133,122,30,69
2021,00-0036857,CIN,4,1,1,2,85,78,24,62
2021,00-0035291,CIN,0,3,0,0,85,78,24,62
2021,00-0034686,CIN,1,0,0,1,85,78,24,62
2021,00-0030496,BAL,1,8,4,3,86,76,25,43
2021,00-0034860,NYG,2,0,0,1,58,50,16,26
2021,00-0036254,NYG,1,0,0,0,58,50,16,26
2021,00-0032813,NYG,2,4,2,2,58,50,16,26
2021,00-0032951,JAX,6,0,0,1,60,61,22,30
2021,00-0036572,CAR,1,0,0,0,58,75,22,34
2021,00-0034766,MIN,1,0,0,1,81,92,26,48
2021,00-0036283,MIN,0,0,0,1,81,92,26,48
2021,00-0032208,SEA,1,0,0,0,59,61,20,50
2021,00-0022924,PIT,0,5,2,1,106,42,17,36
2021,00-0033879,TB,3,0,0,1,139,89,33,70
2021,00-0035350,MIA,4,0,0,0,82,70,26,34
2021,00-0033471,MIA,3,0,0,2,82,70,26,34
2021,00-0033555,MIA,9,0,0,4,82,70,26,34
2021,00-0034311,CLE,1,1,1,1,62,95,23,42
2021,00-0036439,DEN,1,0,0,0,73,87,25,39
2021,00-0032626,DET,1,0,0,0,72,56,14,37
2021,00-0032980,TEN,3,0,0,0,86,88,29,48
2021,00-0033025,LV,3,2,0,0,99,79,22,41
2021,00-0034414,PHI,1,20,12,8,68,113,44,48
2021,00-0036671,WAS,1,1,0,0,63,83,32,38
2021,00-0032104,CAR,7,7,1,1,58,75,22,34
2021,00-0034317,CAR,1,0,0,0,58,75,22,34
2021,00-0033681,NYJ,7,0,0,1,70,78,35,35
2021,00-0036255,NYJ,2,0,0,0,70,78,35,35
2021,00-0032214,NYJ,2,0,0,1,70,78,35,35
2021,00-0034401,NYJ,1,0,0,0,70,78,35,35
2021,00-0033591,DAL,2,0,0,0,116,86,29,60
2021,00-0035593,GB,3,0,0,0,127,94,25,55
2021,00-0024243,GB,7,0,0,0,127,94,25,55
2021,00-0036991,GB,3,0,0,0,127,94,25,55
2021,00-0034279,GB,4,0,0,0,127,94,25,55
2021,00-0030565,SEA,0,1,1,1,59,61,20,50
2021,00-0035594,SEA,3,3,1,2,59,61,20,50
2021,00-0030525,JAX,3,1,0,1,60,61,22,30
2021,00-0030288,HOU,3,17,8,3,48,55,16,30
2021,00-0036069,HOU,0,1,0,0,48,55,16,30
2021,00-0036556,HOU,4,0,0,3,48,55,16,30
2021,00-0036898,HOU,0,3,1,0,48,55,16,30
2021,00-0035726,NE,1,0,0,0,84,101,30,55
2021,00-0031404,LAC,0,0,0,1,115,107,31,60
2021,00-0036988,LAC,8,0,0,4,115,107,31,60
2021,00-0029664,KC,3,0,0,1,126,103,29,69
2021,00-0035715,KC,2,10,2,2,126,103,29,69
2021,00-0032780,PHI,1,24,8,3,68,113,44,48
2021,00-0030062,DET,0,0,0,3,72,56,14,37
2021,00-0036741,PHI,2,0,0,0,68,113,44,48
2021,00-0036670,DET,0,2,0,2,72,56,14,37
2021,00-0034407,PIT,10,1,0,0,106,42,17,36
2021,00-0035222,PIT,6,0,0,0,106,42,17,36
2021,00-0032135,CHI,2,0,0,1,67,88,25,33
2021,00-0034765,NO,10,0,0,3,71,79,18,44
2021,00-0033296,NO,1,1,0,1,71,79,18,44
2021,00-0033215,TB,1,0,0,2,139,89,33,70
2021,00-0032059,TB,0,0,0,1,139,89,33,70
2021,00-0032156,NO,0,2,0,1,71,79,18,44
2021,00-0036876,IND,4,0,0,0,72,112,38,50
2021,00-0036992,IND,0,0,0,1,72,112,38,50
2021,00-0036407,DEN,3,0,0,0,73,87,25,39
2021,00-0034104,WAS,5,0,0,2,63,83,32,38
2021,00-0033288,SF,11,0,0,7,64,68,21,52
2021,00-0036383,ARI,1,3,0,1,88,103,31,54
2021,00-0030085,NO,2,0,0,1,71,79,18,44
2021,00-0032790,CHI,0,0,0,1,67,88,25,33
2021,00-0034856,CIN,0,0,0,1,85,78,24,62
2021,00-0034867,DAL,6,0,0,3,116,86,29,60
2021,00-0036388,LV,0,0,0,1,99,79,22,41
2021,00-0036842,MIN,1,4,2,2,81,92,26,48
2021,00-0033376,BAL,2,0,0,1,86,76,25,43
2021,00-0036550,BAL,6,0,0,1,86,76,25,43
2021,00-0034591,CAR,0,0,0,1,58,75,22,34
2021,00-0036879,IND,0,1,1,0,72,112,38,50
2021,00-0036215,IND,1,0,0,1,72,112,38,50
2021,00-0026300,NYJ,0,3,2,0,70,78,35,35
2021,00-0025394,TEN,1,9,5,2,86,88,29,48
2021,00-0033925,TEN,2,22,6,3,86,88,29,48
2021,00-0036986,ATL,0,0,0,1,84,70,16,35
2021,00-0033050,BAL,0,0,0,2,86,76,25,43
2021,00-0033308,BUF,3,3,0,3,133,122,30,69
2021,00-0027939,CAR,0,10,5,5,58,75,22,34
2021,00-0036232,CLE,6,0,0,3,62,95,23,42
2021,00-0034614,DET,0,1,0,1,72,56,14,37
2021,00-0035217,PIT,0,2,0,0,106,42,17,36
2021,00-0034771,PIT,0,1,0,0,106,42,17,36
2021,00-0034987,JAX,0,0,0,2,60,61,22,30
2021,00-0032062,KC,2,1,0,0,126,103,29,69
2021,00-0034115,SF,3,10,4,2,64,68,21,52
2021,00-0031298,LA,0,0,0,1,140,110,25,67
2021,00-0036862,LA,2,0,0,0,140,110,25,67
2021,00-0035603,LA,4,0,0,1,140,110,25,67
2021,00-0036627,TEN,2,0,0,1,86,88,29,48
2021,00-0035022,SEA,1,0,0,0,59,61,20,50
2021,00-0036332,GB,7,0,0,2,127,94,25,55
2021,00-0035973,GB,1,9,2,1,127,94,25,55
2021,00-0036425,SEA,2,6,2,2,59,61,20,50
2021,00-0035993,BAL,0,7,1,2,86,76,25,43
2021,00-0034253,TEN,5,4,1,2,86,88,29,48
2021,00-0035342,MIA,1,0,0,0,82,70,26,34
2021,00-0032257,MIA,0,9,4,3,82,70,26,34
2021,00-0032778,ATL,5,0,0,0,84,70,16,35
2021,00-0030968,ATL,0,1,0,0,84,70,16,35
2021,00-0035273,ATL,2,3,0,1,84,70,16,35
2021,00-0031360,ATL,0,0,0,1,84,70,16,35
2021,00-0035406,NO,2,0,0,2,71,79,18,44
2021,00-0036386,NYG,1,0,0,1,58,50,16,26
2021,00-0032054,TB,3,0,0,1,139,89,33,70
2021,00-0034799,PIT,1,0,0,0,106,42,17,36
2021,00-0027857,SF,1,0,0,0,64,68,21,52
2021,00-0033950,ATL,0,1,0,0,84,70,16,35
2021,00-0031951,JAX,1,0,0,0,60,61,22,30
2021,00-0032394,NO,3,0,0,1,71,79,18,44
2021,00-0031796,CAR,0,0,0,1,58,75,22,34
2021,00-0031868,CHI,5,0,0,1,67,88,25,33
2021,00-0033576,DEN,1,0,0,1,73,87,25,39
2021,00-0036874,LAC,0,0,0,1,115,107,31,60
2021,00-0036370,LAC,2,5,2,0,115,107,31,60
2021,00-0033551,LA,0,0,0,2,140,110,25,67
2021,00-0036032,DAL,1,0,0,1,116,86,29,60
2021,00-0032268,LV,0,5,2,1,99,79,22,41
2021,00-0035428,LV,1,0,0,0,99,79,22,41
2021,00-0035187,NYJ,0,9,2,1,70,78,35,35
2021,00-0035345,NYG,1,0,0,1,58,50,16,26
2021,00-0032521,PIT,0,0,0,1,106,42,17,36
2021,00-0029608,IND,4,0,0,3,72,112,38,50
2021,00-0033386,TEN,2,0,0,0,86,88,29,48
2021,00-0033563,NO,0,0,0,1,71,79,18,44
2021,00-0030665,DEN,0,0,0,1,73,87,25,39
2021,00-0036493,IND,0,3,1,1,72,112,38,50
2021,00-0034903,CIN,0,0,0,1,85,78,24,62
2021,00-0036754,DET,2,0,0,2,72,56,14,37
2021,00-0036620,SEA,4,0,0,1,59,61,20,50
2021,00-0036291,TB,0,0,0,1,139,89,33,70
2021,00-0036300,CAR,0,0,0,1,58,75,22,34
2021,00-0033868,BAL,0,0,0,1,86,76,25,43
2021,00-0033725,DAL,4,5,0,1,116,86,29,60
2021,00-0034373,WAS,0,0,0,1,63,83,32,38
2021,00-0032975,WAS,0,4,2,1,63,83,32,38
2021,00-0034577,WAS,0,1,1,0,63,83,32,38
2021,00-0035286,DAL,0,0,0,1,116,86,29,60
2021,00-0035567,DET,0,5,2,0,72,56,14,37
2021,00-0036534,DET,2,0,0,0,72,56,14,37
2021,00-0034843,LV,0,0,0,1,99,79,22,41
2021,00-0031595,KC,1,4,2,1,126,103,29,69
2021,00-0035045,NYJ,1,0,0,0,70,78,35,35
2021,00-0034631,NYJ,1,0,0,0,70,78,35,35
2021,00-0030520,NYG,0,1,0,1,58,50,16,26
2021,00-0035126,ARI,7,0,0,3,88,103,31,54
2021,00-0034171,DET,1,0,0,1,72,56,14,37
2021,00-0034132,ATL,1,0,0,0,84,70,16,35
2021,00-0035704,DEN,1,2,1,2,73,87,25,39
2021,00-0033528,DAL,2,0,0,0,116,86,29,60
2021,00-0033111,NYG,2,0,0,0,58,50,16,26
2021,00-0036133,BAL,1,0,0,0,86,76,25,43
2021,00-0036630,BAL,1,0,0,0,86,76,25,43
2021,00-0034278,HOU,0,1,0,1,48,55,16,30
2021,00-0027691,LAC,0,1,0,1,115,107,31,60
2021,00-0036635,MIN,1,0,0,2,81,92,26,48
2021,00-0035624,NE,1,0,0,0,84,101,30,55
2021,00-0035231,MIA,1,0,0,1,82,70,26,34
2021,00-0036504,MIA,0,0,0,1,82,70,26,34
2021,00-0036244,SEA,3,0,0,0,59,61,20,50
2021,00-0029567,CHI,0,2,0,0,67,88,25,33
2021,00-0036999,CLE,2,0,0,1,62,95,23,42
2021,00-0035544,DET,1,0,0,0,72,56,14,37
2021,00-0036228,IND,1,0,0,1,72,112,38,50
2021,00-0034380,JAX,0,0,0,1,60,61,22,30
2021,00-0036313,NYJ,0,1,0,0,70,78,35,35
2021,00-0033300,NYJ,1,0,0,1,70,78,35,35
2021,00-0034488,LAC,0,0,0,1,115,107,31,60
2021,00-0034646,MIN,0,0,0,1,81,92,26,48
2021,00-0036860,LA,0,1,0,0,140,110,25,67
2021,00-0035346,NO,0,0,0,1,71,79,18,44
2021,00-0032881,MIA,1,0,0,0,82,70,26,34
2021,00-0030561,PHI,1,0,0,1,68,113,44,48
2021,00-0031898,NYG,0,0,0,1,58,50,16,26
2021,00-0026197,KC,0,2,0,0,126,103,29,69
2021,00-0036450,TB,1,9,4,3,139,89,33,70
2021,00-0036438,CAR,1,0,0,0,58,75,22,34
2021,00-0034578,CAR,1,0,0,0,58,75,22,34
2021,00-0035956,CAR,1,0,0,0,58,75,22,34
2021,00-0031411,WAS,0,0,0,1,63,83,32,38
2021,00-0036036,DAL,1,0,0,1,116,86,29,60
2021,00-0036982,WAS,0,0,0,1,63,83,32,38
2021,00-0036628,WAS,3,0,0,1,63,83,32,38
2021,00-0035500,ARI,1,0,0,0,88,103,31,54
2021,00-0033904,BUF,1,0,0,0,133,122,30,69
2021,00-0035328,DET,1,0,0,0,72,56,14,37
2021,00-0032381,DET,1,0,0,1,72,56,14,37
2021,00-0034177,DET,0,1,0,0,72,56,14,37
2021,00-0036183,NE,2,0,0,2,84,101,30,55
2021,00-0035280,NE,0,1,0,0,84,101,30,55
2021,00-0032434,CIN,0,2,1,0,85,78,24,62
2021,00-0033294,LA,0,0,0,1,140,110,25,67
2021,00-0031598,BAL,1,0,0,0,86,76,25,43
2021,00-0036250,GB,2,0,0,0,127,94,25,55
2021,00-0030465,TB,0,1,0,0,139,89,33,70
2021,00-0035298,TB,0,0,0,1,139,89,33,70
2021,00-0027943,CHI,0,0,0,1,67,88,25,33
2021,00-0034533,CLE,0,0,0,1,62,95,23,42
2021,00-0035399,CIN,0,1,0,0,85,78,24,62
2021,00-0033292,CIN,3,0,0,0,85,78,24,62
2021,00-0035341,CIN,1,0,0,0,85,78,24,62
2021,00-0031384,PHI,1,0,0,0,68,113,44,48
2021,00-0035356,PHI,1,0,0,1,68,113,44,48
2021,00-0036278,PHI,0,1,0,0,68,113,44,48
2021,00-0034378,DAL,0,1,1,1,116,86,29,60
2021,00-0036768,DAL,0,1,0,1,116,86,29,60
2021,00-0036264,GB,0,1,1,0,127,94,25,55
2021,00-0035268,JAX,0,2,0,0,60,61,22,30
2021,00-0036621,DEN,0,0,0,1,73,87,25,39
2021,00-0037011,LAC,1,0,0,0,115,107,31,60
2021,00-0034902,NE,0,0,0,1,84,101,30,55
2021,00-0035248,SEA,0,0,0,1,59,61,20,50
2021,00-0036414,LA,1,13,3,0,140,110,25,67
2021,00-0031587,NYG,0,0,0,1,58,50,16,26
2021,00-0035359,NYG,1,0,0,0,58,50,16,26
2021,00-0035665,ARI,0,0,0,1,88,103,31,54
2021,00-0036560,BUF,1,0,0,1,133,122,30,69
2021,00-0033886,KC,0,0,0,1,126,103,29,69
2021,00-0035149,KC,1,0,0,1,126,103,29,69
2021,00-0036564,GB,0,0,0,1,127,94,25,55
2021,00-0035269,LA,1,0,0,0,140,110,25,67
2022,00-0033118,BAL,6,20,4,5,80,99,24,38
2022,00-0032775,BAL,11,0,0,3,80,99,24,38
2022,00-0037838,BAL,11,0,0,3,80,99,24,38
2022,00-0036331,BAL,8,3,0,5,80,99,24,38
2022,00-0034796,BAL,0,19,4,3,80,99,24,38
2022,00-0036550,BAL,1,0,0,2,80,99,24,38
2022,00-0038120,NYJ,5,15,7,5,63,64,20,30
2022,00-0036980,NYJ,7,0,0,1,63,64,20,30
2022,00-0037740,NYJ,19,1,0,4,63,64,20,30
2022,00-0036924,NYJ,8,20,4,3,63,64,20,30
2022,00-0033871,NYJ,8,0,0,2,63,64,20,30
2022,00-0034419,NYJ,5,2,0,2,63,64,20,30
2022,00-0034270,NYJ,4,1,1,3,63,64,20,30
2022,00-0036196,BUF,17,0,0,8,99,94,28,59
2022,00-0035664,LA,2,10,3,3,68,55,15,35
2022,00-0033908,LA,11,1,0,7,68,55,15,35
2022,00-0035250,BUF,9,39,11,6,99,94,28,59
2022,00-0033466,BUF,12,3,1,5,99,94,28,59
2022,00-0034857,BUF,0,31,15,8,99,94,28,59
2022,00-0031588,BUF,26,0,0,11,99,94,28,59
2022,00-0036251,BUF,0,17,3,1,99,94,28,59
2022,00-0033110,LA,16,0,0,3,68,55,15,35
2022,00-0031428,LA,14,0,0,3,68,55,15,35
2022,00-0033923,CLE,8,25,5,4,76,85,21,38
2022,00-0037005,CAR,7,0,0,3,43,81,21,35
2022,00-0033280,CAR,15,47,16,16,43,81,21,35
2022,00-0034791,CLE,1,42,13,13,76,85,21,38
2022,00-0036233,CLE,13,0,0,4,76,85,21,38
2022,00-0036232,CLE,9,0,0,1,76,85,21,38
2022,00-0032688,CAR,3,0,0,1,43,81,21,35
2022,00-0034855,CAR,0,7,0,1,43,81,21,35
2022,00-0034159,SEA,6,0,0,3,81,72,10,47
2022,00-0036997,DEN,7,4,2,0,54,41,20,32
2022,00-0032144,DEN,2,14,8,2,54,41,20,32
2022,00-0034750,SEA,1,5,0,2,81,72,10,47
2022,00-0035644,SEA,10,0,0,4,81,72,10,47
2022,00-0030565,SEA,0,7,0,1,81,72,10,47
2022,00-0036407,DEN,11,0,0,6,54,41,20,32
2022,00-0036244,SEA,7,0,0,2,81,72,10,47
2022,00-0034208,DEN,2,1,0,0,54,41,20,32
2022,00-0036423,DEN,2,0,0,1,54,41,20,32
2022,00-0033576,DEN,3,0,0,1,54,41,20,32
2022,00-0031690,DEN,4,0,0,2,54,41,20,32
2022,00-0034348,DEN,14,0,0,2,54,41,20,32
2022,00-0034970,MIN,8,0,0,3,117,73,29,55
2022,00-0035823,MIN,1,0,0,0,117,73,29,55
2022,00-0030035,MIN,24,0,0,6,117,73,29,55
2022,00-0036322,MIN,33,1,1,9,117,73,29,55
2022,00-0038124,GB,14,3,0,9,84,70,17,42
2022,00-0031325,GB,6,0,0,0,84,70,17,42
2022,00-0033293,GB,11,31,3,7,84,70,17,42
2022,00-0036265,GB,4,28,10,7,84,70,17,42
2022,00-0036345,MIN,12,0,0,6,117,73,29,55
2022,00-0033893,MIN,12,44,17,10,117,73,29,55
2022,00-0037816,GB,8,0,0,3,84,70,17,42
2022,00-0034972,MIN,5,14,4,6,117,73,29,55
2022,00-0033757,GB,9,0,0,2,84,70,17,42
2022,00-0036223,IND,5,32,9,4,67,76,18,30
2022,00-0037664,IND,6,0,0,2,67,76,18,30
2022,00-0034367,IND,9,6,2,4,67,76,18,30
2022,00-0033879,HOU,3,0,0,2,70,62,18,36
2022,00-0036252,IND,15,0,0,4,67,76,18,30
2022,00-0035021,IND,4,0,0,1,67,76,18,30
2022,00-0036971,JAX,0,16,7,5,96,96,33,47
2022,00-0036973,JAX,6,49,16,6,96,96,33,47
2022,00-0033891,JAX,23,2,1,6,96,96,33,47
2022,00-0036328,WAS,6,26,10,5,67,81,24,35
2022,00-0033282,WAS,12,7,0,5,67,81,24,35
2022,00-0031260,WAS,9,0,0,1,67,81,24,35
2022,00-0037741,WAS,10,0,0,7,67,81,24,35
2022,00-0034775,JAX,26,0,0,10,96,96,33,47
2022,00-0035831,JAX,3,19,5,5,96,96,33,47
2022,00-0033881,JAX,14,1,0,5,96,96,33,47
2022,00-0035659,WAS,14,0,0,5,67,81,24,35
2022,00-0032602,WAS,6,1,0,0,67,81,24,35
2022,00-0035140,KC,10,2,1,6,128,106,34,68
2022,00-0030506,KC,39,2,1,16,128,106,34,68
2022,00-0036360,KC,6,11,4,6,128,106,34,68
2022,00-0033553,ARI,4,25,8,8,73,74,23,34
2022,00-0033857,KC,19,0,0,3,128,106,34,68
2022,00-0036637,KC,4,1,1,2,128,106,34,68
2022,00-0037197,KC,1,38,13,6,128,106,34,68
2022,00-0035547,KC,5,0,0,2,128,106,34,68
2022,00-0034272,KC,13,0,0,4,128,106,34,68
2022,00-0030061,ARI,17,0,0,4,73,74,23,34
2022,00-0035662,ARI,12,0,0,3,73,74,23,34
2022,00-0034386,KC,3,0,0,2,128,106,34,68
2022,00-0027942,ARI,8,0,0,2,73,74,23,34
2022,00-0035700,LV,4,44,13,12,74,58,15,43
2022,00-0031381,LV,23,0,0,14,74,58,15,43
2022,00-0031610,LV,12,0,0,3,74,58,15,43
2022,00-0034845,LAC,0,6,2,0,114,84,20,45
2022,00-0037011,LAC,4,0,0,0,114,84,20,45
2022,00-0036355,LAC,1,7,2,0,114,84,20,45
2022,00-0031384,LAC,2,0,0,0,114,84,20,45
2022,00-0033895,LAC,19,0,0,5,114,84,20,45
2022,00-0037331,LAC,2,1,1,2,114,84,20,45
2022,00-0031763,LAC,10,0,0,3,114,84,20,45
2022,00-0029239,LV,1,3,2,1,74,58,15,43
2022,00-0036988,LAC,10,0,0,3,114,84,20,45
2022,00-0034983,LV,6,0,0,2,74,58,15,43
2022,00-0031687,MIA,7,21,5,5,71,58,15,47
2022,00-0029249,NE,0,0,0,1,55,67,20,33
2022,00-0036613,MIA,10,1,0,8,71,58,15,47
2022,00-0035657,NE,7,13,4,3,55,67,20,33
2022,00-0032200,NE,1,0,0,1,55,67,20,33
2022,00-0034487,MIA,8,0,0,2,71,58,15,47
2022,00-0036212,MIA,0,5,0,0,71,58,15,47
2022,00-0036040,NO,11,0,0,7,64,65,14,40
2022,00-0033357,NO,3,18,3,9,64,65,14,40
2022,00-0030578,ATL,4,31,8,9,51,117,28,35
2022,00-0032268,ATL,0,19,4,4,51,117,28,35
2022,00-0035572,ATL,2,0,0,0,51,117,28,35
2022,00-0033455,ATL,1,0,0,0,51,117,28,35
2022,00-0036365,ATL,3,0,0,0,51,117,28,35
2022,00-0032765,NO,3,0,0,3,64,65,14,40
2022,00-0037239,NO,12,0,0,4,64,65,14,40
2022,00-0027966,NO,5,9,4,1,64,65,14,40
2022,00-0034253,TEN,7,0,0,4,60,53,20,35
2022,00-0032764,TEN,6,40,15,13,60,53,20,35
2022,00-0032141,TEN,5,0,0,1,60,53,20,35
2022,00-0033308,NYG,0,12,2,2,53,88,29,43
2022,00-0034844,NYG,3,39,16,12,53,88,29,43
2022,00-0035042,NYG,0,1,0,0,53,88,29,43
2022,00-0032385,NYG,1,0,0,1,53,88,29,43
2022,00-0035710,NYG,0,28,9,7,53,88,29,43
2022,00-0035345,NYG,2,0,0,1,53,88,29,43
2022,00-0033948,DET,2,59,34,17,88,102,43,55
2022,00-0034777,DET,4,0,0,3,88,102,43,55
2022,00-0035229,DET,23,0,0,6,88,102,43,55
2022,00-0035676,PHI,16,0,0,12,65,160,59,74
2022,00-0035243,PHI,0,55,15,13,65,160,59,74
2022,00-0036389,PHI,0,55,29,18,65,160,59,74
2022,00-0032890,DET,0,0,0,1,88,102,43,55
2022,00-0036275,DET,14,25,5,8,88,102,43,55
2022,00-0036919,PHI,7,25,8,5,65,160,59,74
2022,00-0033106,DET,0,6,1,0,88,102,43,55
2022,00-0033943,DET,13,0,0,3,88,102,43,55
2022,00-0036963,DET,22,4,1,6,88,102,43,55
2022,00-0034414,PHI,0,19,6,5,65,160,59,74
2022,00-0034789,CIN,0,0,0,1,111,94,35,58
2022,00-0036893,PIT,7,42,12,10,66,79,27,29
2022,00-0036894,PIT,13,0,0,2,66,79,27,29
2022,00-0036326,PIT,6,1,1,1,66,79,27,29
2022,00-0033897,CIN,15,48,20,10,111,94,35,58
2022,00-0034830,CIN,14,0,0,3,111,94,35,58
2022,00-0036900,CIN,30,1,0,11,111,94,35,58
2022,00-0036442,CIN,0,24,11,6,111,94,35,58
2022,00-0033009,CIN,14,0,0,5,111,94,35,58
2022,00-0033114,CIN,4,0,0,0,111,94,35,58
2022,00-0035631,CIN,1,0,0,0,111,94,35,58
2022,00-0035719,SF,14,8,1,6,74,121,41,58
2022,00-0036567,SF,4,17,4,3,74,121,41,58
2022,00-0037012,SF,0,4,0,0,74,121,41,58
2022,00-0034115,SF,6,29,10,7,74,121,41,58
2022,00-0034860,CHI,6,0,0,3,46,91,25,40
2022,00-0034279,CHI,4,0,0,1,46,91,25,40
2022,00-0036945,CHI,0,29,11,8,46,91,25,40
2022,00-0036906,CHI,2,20,8,5,46,91,25,40
2022,00-0027944,TB,16,0,0,3,123,54,17,33
2022,00-0037256,TB,8,12,4,3,123,54,17,33
2022,00-0033921,TB,20,2,0,3,123,54,17,33
2022,00-0033856,TB,10,27,11,6,123,54,17,33
2022,00-0031408,TB,16,0,0,6,123,54,17,33
2022,00-0033555,LV,12,0,0,4,74,58,15,43
2022,00-0036383,ARI,5,15,4,2,73,74,23,34
2022,00-0035500,ARI,7,2,1,2,73,74,23,34
2022,00-0038040,LV,0,2,0,0,74,58,15,43
2022,00-0034301,ARI,1,4,1,1,73,74,23,34
2022,00-0035228,ARI,0,13,6,3,73,74,23,34
2022,00-0035236,LV,0,0,0,1,74,58,15,43
2022,00-0037263,ATL,0,40,11,4,51,117,28,35
2022,00-0036414,LA,3,28,8,7,68,55,15,35
2022,00-0037238,ATL,17,0,0,4,51,117,28,35
2022,00-0036970,ATL,5,0,0,2,51,117,28,35
2022,00-0035208,ATL,6,0,0,3,51,117,28,35
2022,00-0034360,LA,0,0,0,2,68,55,15,35
2022,00-0036913,NYG,7,3,0,4,53,88,29,43
2022,00-0035359,NYG,2,0,0,0,53,88,29,43
2022,00-0036572,CAR,6,0,0,2,43,81,21,35
2022,00-0034827,CAR,11,1,0,7,43,81,21,35
2022,00-0038115,NYG,8,1,1,4,53,88,29,43
2022,00-0034521,GB,19,0,0,6,84,70,17,42
2022,00-0035685,CHI,3,34,4,6,46,91,25,40
2022,00-0036358,DAL,18,2,0,10,86,85,30,61
2022,00-0037801,DAL,0,1,0,0,86,85,30,61
2022,00-0033591,DAL,14,0,0,3,86,85,30,61
2022,00-0035261,DAL,9,25,7,12,86,85,30,61
2022,00-0033526,CIN,8,19,3,7,111,94,35,58
2022,00-0036410,CIN,16,0,0,8,111,94,35,58
2022,00-0037258,HOU,2,33,9,5,70,62,18,36
2022,00-0036554,HOU,8,0,0,2,70,62,18,36
2022,00-0031236,HOU,10,0,0,3,70,62,18,36
2022,00-0034011,JAX,2,0,0,0,96,96,33,47
2022,00-0033217,IND,4,0,0,3,67,76,18,30
2022,00-0036482,IND,4,0,0,0,67,76,18,30
2022,00-0035639,IND,10,1,0,3,67,76,18,30
2022,00-0036228,IND,1,0,0,0,67,76,18,30
2022,00-0031376,KC,19,23,6,10,128,106,34,68
2022,00-0036370,LAC,1,14,4,2,114,84,20,45
2022,00-0033699,LAC,26,56,11,20,114,84,20,45
2022,00-0033536,LAC,14,0,0,4,114,84,20,45
2022,00-0037195,LAC,0,0,0,1,114,84,20,45
2022,00-0032063,BAL,0,3,2,0,80,99,24,38
2022,00-0034798,MIA,3,2,1,2,71,58,15,47
2022,00-0034753,BAL,21,0,0,5,80,99,24,38
2022,00-0034829,MIA,15,0,0,6,71,58,15,47
2022,00-0034054,MIA,3,0,0,2,71,58,15,47
2022,00-0033040,MIA,13,3,1,9,71,58,15,47
2022,00-0034351,PHI,14,0,0,4,65,160,59,74
2022,00-0036271,PHI,4,1,0,3,65,160,59,74
2022,00-0033246,MIN,3,0,0,1,117,73,29,55
2022,00-0036972,NE,0,9,1,1,55,67,20,33
2022,00-0033090,NE,7,0,0,2,55,67,20,33
2022,00-0031549,NE,3,0,0,2,55,67,20,33
2022,00-0037228,PIT,5,13,2,1,66,79,27,29
2022,00-0035216,PIT,20,2,0,0,66,79,27,29
2022,00-0033119,CLE,0,11,2,2,76,85,21,38
2022,00-0033885,CLE,20,0,0,4,76,85,21,38
2022,00-0031544,CLE,19,0,0,9,76,85,21,38
2022,00-0037827,SF,0,10,1,0,74,121,41,58
2022,00-0036261,SF,17,0,0,8,74,121,41,58
2022,00-0034073,SF,0,0,0,1,74,121,41,58
2022,00-0038134,SEA,1,54,10,10,81,72,10,47
2022,00-0035640,SEA,32,0,0,8,81,72,10,47
2022,00-0029892,SF,2,6,2,2,74,121,41,58
2022,00-0031345,SF,0,5,4,2,74,121,41,58
2022,00-0035277,SF,0,0,0,1,74,121,41,58
2022,00-0035860,NO,1,0,0,0,64,65,14,40
2022,00-0032054,TB,0,0,0,1,123,54,17,33
2022,00-0035681,NO,0,0,0,1,64,65,14,40
2022,00-0036187,BUF,2,0,0,1,99,94,28,59
2022,00-0032392,TEN,7,0,0,2,60,53,20,35
2022,00-0036182,TEN,7,0,0,3,60,53,20,35
2022,00-0035689,BUF,14,0,0,7,99,94,28,59
2022,00-0031941,BUF,1,0,0,0,99,94,28,59
2022,00-0037248,BUF,6,15,0,4,99,94,28,59
2022,00-0033571,TEN,0,0,0,1,60,53,20,35
2022,00-0028986,BUF,0,2,0,0,99,94,28,59
2022,00-0034104,WAS,3,0,0,0,67,81,24,35
2022,00-0036671,WAS,3,0,0,1,67,81,24,35
2022,00-0032950,WAS,0,5,2,1,67,81,24,35
2022,00-0036425,SEA,2,3,0,0,81,72,10,47
2022,00-0032211,SEA,10,0,0,9,81,72,10,47
2022,00-0033376,BAL,2,2,0,0,80,99,24,38
2022,00-0036875,NE,9,32,12,6,55,67,20,33
2022,00-0036158,BAL,3,15,4,4,80,99,24,38
2022,00-0035249,BAL,10,0,0,2,80,99,24,38
2022,00-0033858,NE,4,1,0,0,55,67,20,33
2022,00-0031547,NE,4,0,0,3,55,67,20,33
2022,00-0035125,MIA,2,2,2,2,71,58,15,47
2022,00-0034681,MIA,4,6,2,3,71,58,15,47
2022,00-0033045,DAL,3,42,21,12,86,85,30,61
2022,00-0037666,DAL,1,0,0,0,86,85,30,61
2022,00-0032918,MIN,2,2,2,2,117,73,29,55
2022,00-0034411,TB,23,0,0,5,123,54,17,33
2022,00-0035298,TB,5,0,0,0,123,54,17,33
2022,00-0031273,TB,5,0,0,1,123,54,17,33
2022,00-0034364,HOU,13,0,0,5,70,62,18,36
2022,00-0030288,HOU,9,3,3,2,70,62,18,36
2022,00-0029293,JAX,12,0,0,4,96,96,33,47
2022,00-0037755,IND,6,0,0,3,67,76,18,30
2022,00-0031595,KC,0,1,0,0,128,106,34,68
2022,00-0033873,KC,0,18,7,4,128,106,34,68
2022,00-0034646,LA,6,3,0,0,68,55,15,35
2022,00-0029701,TEN,0,7,4,2,60,53,20,35
2022,00-0037742,TEN,4,0,0,2,60,53,20,35
2022,00-0031280,LV,0,5,0,0,74,58,15,43
2022,00-0033681,LV,3,0,0,1,74,58,15,43
2022,00-0034382,NO,0,0,0,1,64,65,14,40
2022,00-0033906,NO,11,25,4,4,64,65,14,40
2022,00-0031382,NO,7,0,0,1,64,65,14,40
2022,00-0036268,CAR,2,0,0,2,43,81,21,35
2022,00-0036555,CAR,1,16,1,2,43,81,21,35
2022,00-0036219,NO,5,0,0,1,64,65,14,40
2022,00-0036912,PHI,18,0,0,8,65,160,59,74
2022,00-0033251,PHI,2,1,0,1,65,160,59,74
2022,00-0036741,PHI,1,0,0,0,65,160,59,74
2022,00-0033869,PIT,0,3,3,2,66,79,27,29
2022,00-0034856,PIT,0,0,0,2,66,79,27,29
2022,00-0033288,SF,17,0,0,11,74,121,41,58
2022,00-0036936,ARI,7,1,0,1,73,74,23,34
2022,00-0034302,ARI,0,0,0,1,73,74,23,34
2022,00-0034975,BAL,1,4,0,0,80,99,24,38
2022,00-0036290,CHI,11,0,0,7,46,91,25,40
2022,00-0036829,ATL,0,20,3,1,51,117,28,35
2022,00-0030968,ATL,1,0,0,0,51,117,28,35
2022,00-0036375,DEN,0,0,0,1,54,41,20,32
2022,00-0029263,DEN,0,5,2,3,54,41,20,32
2022,00-0036941,PHI,0,0,0,1,65,160,59,74
2022,00-0033572,JAX,9,2,0,3,96,96,33,47
2022,00-0036862,LA,3,1,0,1,68,55,15,35
2022,00-0036564,LA,0,0,0,1,68,55,15,35
2022,00-0027973,NO,0,6,2,0,64,65,14,40
2022,00-0030513,NO,0,13,8,6,64,65,14,40
2022,00-0036422,NO,3,0,0,1,64,65,14,40
2022,00-0038039,GB,0,0,0,1,84,70,17,42
2022,00-0037013,NYJ,1,8,3,2,63,64,20,30
2022,00-0035222,PIT,2,0,0,0,66,79,27,29
2022,00-0038102,PIT,0,11,6,3,66,79,27,29
2022,00-0037079,DET,0,0,0,1,88,102,43,55
2022,00-0034440,DET,4,6,2,2,88,102,43,55
2022,00-0030431,TEN,14,0,0,2,60,53,20,35
2022,00-0037809,TEN,7,0,0,3,60,53,20,35
2022,00-0036876,IND,3,0,0,0,67,76,18,30
2022,00-0034764,DAL,14,0,0,5,86,85,30,61
2022,00-0032975,WAS,0,6,1,0,67,81,24,35
2022,00-0034383,DAL,20,0,0,8,86,85,30,61
2022,00-0038041,DAL,3,0,0,2,86,85,30,61
2022,00-0038129,TB,17,0,0,2,123,54,17,33
2022,00-0036950,ATL,3,2,0,1,51,117,28,35
2022,00-0034854,ATL,1,0,0,1,51,117,28,35
2022,00-0019596,TB,0,11,2,1,123,54,17,33
2022,00-0036387,MIN,1,1,0,1,117,73,29,55
2022,00-0036635,CHI,1,0,0,0,46,91,25,40
2022,00-0037745,CHI,2,1,0,2,46,91,25,40
2022,00-0029604,MIN,0,8,4,3,117,73,29,55
2022,00-0035399,CIN,1,0,0,0,111,94,35,58
2022,00-0031411,LA,0,0,0,1,68,55,15,35
2022,00-0029692,DAL,0,1,0,0,86,85,30,61
2022,00-0036231,DET,0,0,0,3,88,102,43,55
2022,00-0033307,NE,5,2,0,1,55,67,20,33
2022,00-0034960,NE,10,0,0,6,55,67,20,33
2022,00-0032464,DET,9,1,0,1,88,102,43,55
2022,00-0038108,NE,0,1,0,0,55,67,20,33
2022,00-0031484,JAX,1,0,0,0,96,96,33,47
2022,00-0036439,DEN,1,0,0,0,54,41,20,32
2022,00-0036493,IND,3,9,1,2,67,76,18,30
2022,00-0035329,LAC,4,0,0,1,114,84,20,45
2022,00-0037257,CLE,2,0,0,0,76,85,21,38
2022,00-0035311,MIA,3,0,0,0,71,58,15,47
2022,00-0028002,GB,7,0,0,1,84,70,17,42
2022,00-0024243,GB,3,0,0,2,84,70,17,42
2022,00-0035535,NYG,4,1,0,2,53,88,29,43
2022,00-0036569,NYG,3,5,1,1,53,88,29,43
2022,00-0037261,BUF,2,0,0,1,99,94,28,59
2022,00-0037247,PIT,8,1,1,5,66,79,27,29
2022,00-0036165,BUF,10,0,0,5,99,94,28,59
2022,00-0036590,BUF,2,0,0,1,99,94,28,59
2022,00-0032058,SF,1,4,2,2,74,121,41,58
2022,00-0034096,CAR,0,0,0,1,43,81,21,35
2022,00-0036626,WAS,0,0,0,2,67,81,24,35
2022,00-0037299,ARI,1,8,2,1,73,74,23,34
2022,00-0030068,SEA,5,0,0,4,81,72,10,47
2022,00-0029747,SEA,0,0,0,1,81,72,10,47
2022,00-0032980,NYG,4,0,0,0,53,88,29,43
2022,00-0038117,NYG,2,0,0,1,53,88,29,43
2022,00-0034356,LA,0,0,0,1,68,55,15,35
2022,00-0037557,LA,1,1,0,0,68,55,15,35
2022,00-0031806,LA,2,4,3,1,68,55,15,35
2022,00-0036955,CAR,6,0,0,1,43,81,21,35
2022,00-0034765,NO,2,0,0,1,64,65,14,40
2022,00-0037545,NO,1,0,0,3,64,65,14,40
2022,00-0037252,DEN,2,0,0,2,54,41,20,32
2022,00-0035806,JAX,1,8,3,3,96,96,33,47
2022,00-0034109,IND,0,1,1,0,67,76,18,30
2022,00-0031237,MIA,0,1,0,0,71,58,15,47
2022,00-0038104,NE,5,2,1,3,55,67,20,33
2022,00-0037286,NE,0,3,0,1,55,67,20,33
2022,00-0032958,GB,0,0,0,1,84,70,17,42
2022,00-0031585,ATL,8,0,0,4,51,117,28,35
2022,00-0036302,SF,0,0,0,1,74,121,41,58
2022,00-0030108,CHI,2,0,0,0,46,91,25,40
2022,00-0037746,WAS,1,24,9,3,67,81,24,35
2022,00-0036309,CHI,8,1,0,2,46,91,25,40
2022,00-0031868,ATL,0,0,0,2,51,117,28,35
2022,00-0037087,CHI,0,6,2,0,46,91,25,40
2022,00-0034184,BAL,0,17,5,3,80,99,24,38
2022,00-0036754,DET,5,0,0,4,88,102,43,55
2022,00-0033077,DAL,0,10,1,2,86,85,30,61
2022,00-0037569,DAL,2,1,1,3,86,85,30,61
2022,00-0037078,WAS,1,0,0,0,67,81,24,35
2022,00-0032401,WAS,0,0,0,1,67,81,24,35
2022,00-0036556,HOU,2,0,0,0,70,62,18,36
2022,00-0032398,HOU,11,0,0,2,70,62,18,36
2022,00-0032208,HOU,2,0,0,1,70,62,18,36
2022,00-0030383,HOU,0,0,0,1,70,62,18,36
2022,00-0033854,HOU,2,9,3,1,70,62,18,36
2022,00-0032637,IND,0,0,0,1,67,76,18,30
2022,00-0033386,TEN,1,0,0,0,60,53,20,35
2022,00-0034407,SF,1,0,0,2,74,121,41,58
2022,00-0036259,SF,4,0,0,1,74,121,41,58
2022,00-0030564,ARI,8,0,0,3,73,74,23,34
2022,00-0036884,NO,0,0,0,1,64,65,14,40
2022,00-0036356,NO,0,0,0,1,64,65,14,40
2022,00-0030279,LAC,20,0,0,4,114,84,20,45
2022,00-0036620,SEA,2,0,0,0,81,72,10,47
2022,00-0036133,BAL,2,0,0,0,80,99,24,38
2022,00-0027981,TB,2,0,0,1,123,54,17,33
2022,00-0033925,CAR,1,36,11,5,43,81,21,35
2022,00-0036543,CAR,0,2,1,0,43,81,21,35
2022,00-0037563,DAL,2,3,0,1,86,85,30,61
2022,00-0035624,CHI,1,0,0,1,46,91,25,40
2022,00-0036932,CHI,0,0,0,1,46,91,25,40
2022,00-0035628,CLE,0,1,0,0,76,85,21,38
2022,00-0036412,DEN,0,1,0,0,54,41,20,32
2022,00-0036332,GB,1,0,0,0,84,70,17,42
2022,00-0037098,GB,1,0,0,1,84,70,17,42
2022,00-0032104,LV,7,1,0,1,74,58,15,43
2022,00-0035567,DET,0,1,0,0,88,102,43,55
2022,00-0035537,NYJ,0,2,0,1,63,64,20,30
2022,00-0032897,PIT,2,2,1,2,66,79,27,29
2022,00-0026498,LA,0,1,1,1,68,55,15,35
2022,00-0038128,TEN,0,3,1,1,60,53,20,35
2022,00-0036879,IND,0,4,1,0,67,76,18,30
2022,00-0031800,WAS,0,4,2,1,67,81,24,35
2022,00-0032450,NO,0,1,0,0,64,65,14,40
2022,00-0036255,NYJ,1,0,0,0,63,64,20,30
2022,00-0033292,CIN,0,2,1,0,111,94,35,58
2022,00-0037429,CAR,1,5,2,3,43,81,21,35
2022,00-0035544,DET,1,0,0,0,88,102,43,55
2022,00-0030074,GB,1,0,0,0,84,70,17,42
2022,00-0036534,DET,4,0,0,4,88,102,43,55
2022,00-0037282,DET,1,0,0,1,88,102,43,55
2022,00-0036991,GB,2,0,0,1,84,70,17,42
2022,00-0036096,NE,0,1,1,0,55,67,20,33
2022,00-0034400,IND,2,4,0,0,67,76,18,30
2022,00-0032580,IND,0,0,0,1,67,76,18,30
2022,00-0036959,LAC,1,0,0,0,114,84,20,45
2022,00-0035272,CHI,0,0,0,1,46,91,25,40
2022,00-0035259,CHI,3,0,0,0,46,91,25,40
2022,00-0037277,HOU,5,0,0,2,70,62,18,36
2022,00-0036898,HOU,0,6,2,2,70,62,18,36
2022,00-0036933,SEA,0,0,0,1,81,72,10,47
2022,00-0027688,ARI,0,2,0,0,73,74,23,34
2022,00-0035939,LA,0,2,0,0,68,55,15,35
2022,00-0036424,LA,1,0,0,0,68,55,15,35
2022,00-0036415,LA,5,0,0,3,68,55,15,35
2022,00-0033439,CLE,2,0,0,0,76,85,21,38
2022,00-0023459,GB,0,7,4,1,84,70,17,42
2022,00-0037387,DEN,0,0,0,1,54,41,20,32
2022,00-0036274,CHI,0,0,0,1,46,91,25,40
2022,00-0036145,NYG,3,0,0,1,53,88,29,43
2022,00-0026143,IND,0,4,2,1,67,76,18,30
2022,00-0034981,LV,5,0,0,2,74,58,15,43
2022,00-0032257,BUF,0,1,0,0,99,94,28,59
2022,00-0031554,BUF,0,0,0,1,99,94,28,59
2022,00-0034928,PIT,1,1,0,0,66,79,27,29
2022,00-0035022,SEA,1,0,0,0,81,72,10,47
2022,00-0036403,PHI,0,0,0,1,65,160,59,74
2022,00-0035341,CIN,5,0,0,4,111,94,35,58
2022,00-0035645,PIT,1,0,0,0,66,79,27,29
2022,00-0034171,DET,1,0,0,0,88,102,43,55
2022,00-0034286,NYG,9,0,0,4,53,88,29,43
2022,00-0036849,LA,2,3,0,2,68,55,15,35
2022,00-0037840,LA,1,0,0,0,68,55,15,35
2022,00-0037253,NYJ,0,0,0,3,63,64,20,30
2022,00-0033084,HOU,0,0,0,2,70,62,18,36
2022,00-0036628,WAS,2,0,0,1,67,81,24,35
2022,00-0037157,NYJ,2,10,3,1,63,64,20,30
2022,00-0034297,CHI,1,0,0,2,46,91,25,40
2022,00-0034365,CAR,2,0,0,0,43,81,21,35
2022,00-0037272,DEN,0,1,0,0,54,41,20,32
2022,00-0034869,CAR,0,6,3,2,43,81,21,35
2022,00-0035864,DEN,4,0,0,0,54,41,20,32
2022,00-0037382,DEN,2,0,0,1,54,41,20,32
2022,00-0037086,PHI,3,0,0,0,65,160,59,74
2022,00-0033050,HOU,0,0,0,1,70,62,18,36
2022,00-0032380,HOU,1,0,0,0,70,62,18,36
2022,00-0034816,KC,0,3,1,1,128,106,34,68
2022,00-0037055,LA,1,0,0,0,68,55,15,35
2022,00-0038090,KC,2,1,0,1,128,106,34,68
2022,00-0035594,SEA,1,3,0,1,81,72,10,47
2022,00-0036842,MIN,0,0,0,1,117,73,29,55
2022,00-0036336,PIT,0,1,0,0,66,79,27,29
2022,00-0035217,PIT,0,2,1,1,66,79,27,29
2022,00-0036999,CLE,0,0,0,1,76,85,21,38
2022,00-0037311,TB,1,0,0,1,123,54,17,33
2022,00-0037456,HOU,1,0,0,0,70,62,18,36
2022,00-0036634,HOU,0,0,0,1,70,62,18,36
2022,00-0035993,BAL,0,15,5,1,80,99,24,38
2022,00-0033877,IND,0,0,0,1,67,76,18,30
2022,00-0036857,CIN,1,0,0,1,111,94,35,58
2022,00-0031904,LV,0,0,0,1,74,58,15,43
2022,00-0034982,MIA,0,0,0,1,71,58,15,47
2022,00-0034401,NYJ,0,3,2,1,63,64,20,30
2022,00-0037304,PIT,3,0,0,1,66,79,27,29
2022,00-0032951,SEA,2,0,0,0,81,72,10,47
2022,00-0037594,TEN,0,3,0,0,60,53,20,35
2022,00-0033537,CLE,0,6,1,1,76,85,21,38
2022,00-0032436,HOU,0,3,1,0,70,62,18,36
2022,00-0036652,TEN,1,0,0,0,60,53,20,35
2022,00-0036362,DEN,0,0,0,1,54,41,20,32
2022,00-0033951,DEN,0,1,1,2,54,41,20,32
2022,00-0036527,LV,1,1,0,0,74,58,15,43
2022,00-0037240,DET,0,0,0,1,88,102,43,55
2022,00-0038098,NE,0,3,1,1,55,67,20,33
2022,00-0033461,ARI,0,0,0,1,73,74,23,34
2022,00-0037834,SF,0,10,6,2,74,121,41,58
2022,00-0026300,SF,0,1,0,0,74,121,41,58
2022,00-0035184,DEN,0,1,0,0,54,41,20,32
2022,00-0032187,NO,0,2,0,0,64,65,14,40
2022,00-0038122,ATL,0,5,2,0,51,117,28,35
2022,00-0026189,BAL,2,0,0,0,80,99,24,38
2022,00-0037300,CLE,2,0,0,0,76,85,21,38
2022,00-0035771,CIN,2,0,0,1,111,94,35,58
2022,00-0033941,DAL,0,0,0,1,86,85,30,61
2022,00-0032134,NYJ,1,0,0,2,63,64,20,30
2022,00-0035510,NYJ,1,0,0,0,63,64,20,30
2022,00-0037393,MIN,0,0,0,1,117,73,29,55
2022,00-0036253,MIN,0,0,0,1,117,73,29,55
2022,00-0034838,HOU,0,8,0,0,70,62,18,36
2022,00-0036020,MIA,0,3,0,1,71,58,15,47
2022,00-0029585,NE,0,0,0,1,55,67,20,33
2022,00-0037611,WAS,0,0,0,1,67,81,24,35
2022,00-0037839,DEN,0,0,0,1,54,41,20,32
2022,00-0029567,IND,0,1,0,0,67,76,18,30
2022,00-0036727,NO,0,2,0,0,64,65,14,40
2022,00-0035289,PHI,0,4,1,1,65,160,59,74
2022,00-0034381,DAL,0,0,0,1,86,85,30,61
2022,00-0035146,ARI,0,1,0,0,73,74,23,34
2022,00-0037744,ARI,1,0,0,1,73,74,23,34
2022,00-0033111,ARI,0,1,0,0,73,74,23,34
2022,00-0035876,ARI,1,0,0,0,73,74,23,34
2022,00-0035924,TEN,1,0,0,0,60,53,20,35
2022,00-0035889,KC,0,1,0,0,128,106,34,68
2022,00-0032062,KC,1,0,0,1,128,106,34,68
2022,00-0032262,IND,0,0,0,1,67,76,18,30
2022,00-0036974,HOU,0,0,0,1,70,62,18,36
2022,00-0037265,JAX,0,1,1,1,96,96,33,47
2022,00-0035133,GB,0,0,0,1,84,70,17,42
2022,00-0034968,MIN,0,0,0,1,117,73,29,55
2022,00-0035973,GB,0,1,0,0,84,70,17,42
2022,00-0037291,MIN,1,0,0,1,117,73,29,55
2022,00-0033874,PHI,0,0,0,1,65,160,59,74
2022,00-0036059,SEA,1,0,0,1,81,72,10,47
2022,00-0035527,BAL,0,1,0,0,80,99,24,38
2022,00-0037525,SF,0,4,2,1,74,121,41,58
2022,00-0035264,LV,0,2,0,0,74,58,15,43
2022,00-0033725,ARI,0,3,1,1,73,74,23,34
2022,00-0036902,BAL,0,0,0,1,80,99,24,38
2022,00-0038046,BAL,1,0,0,0,80,99,24,38
2022,00-0035266,CAR,0,0,0,1,43,81,21,35
2022,00-0036755,WAS,0,7,0,0,67,81,24,35
2022,00-0037077,WAS,0,1,0,1,67,81,24,35
2022,00-0036224,IND,0,0,0,1,67,76,18,30
2022,00-0028899,HOU,0,0,0,1,70,62,18,36
2022,00-0026197,KC,0,2,0,0,128,106,34,68
2022,00-0037085,DEN,0,0,0,1,54,41,20,32
2022,00-0033319,MIN,0,3,1,0,117,73,29,55
2022,00-0031051,BUF,0,0,0,1,99,94,28,59
2022,00-0032394,NYG,1,0,0,0,53,88,29,43
2022,00-0033932,NYG,1,0,0,1,53,88,29,43
2022,00-0033550,NYG,0,1,0,1,53,88,29,43
2022,00-0030456,TB,0,2,0,0,123,54,17,33
2022,00-0035642,TEN,0,0,0,1,60,53,20,35
2022,00-0034834,BAL,0,0,0,1,80,99,24,38
2022,00-0034285,BUF,0,0,0,1,99,94,28,59
2022,00-0029000,BUF,2,0,0,1,99,94,28,59
2022,00-0036621,PHI,0,0,0,1,65,160,59,74
2023,00-0033282,WAS,16,4,1,5,70,60,20,44
2023,00-0037746,WAS,5,28,9,9,70,60,20,44
2023,00-0030061,ARI,8,0,0,1,67,70,29,38
2023,00-0033949,ARI,0,13,4,6,67,70,29,38
2023,00-0036328,WAS,5,9,1,3,70,60,20,44
2023,00-0037815,WAS,0,0,0,1,70,60,20,44
2023,00-0036936,ARI,6,1,0,2,67,70,29,38
2023,00-0033553,ARI,7,37,14,9,67,70,29,38
2023,00-0035662,ARI,12,0,0,4,67,70,29,38
2023,00-0038611,WAS,0,7,3,2,70,60,20,44
2023,00-0037077,WAS,1,10,4,5,70,60,20,44
2023,00-0033893,NYJ,0,9,1,0,58,42,5,21
2023,00-0031588,BUF,17,1,0,8,78,123,37,59
2023,00-0035657,BUF,0,6,3,1,78,123,37,59
2023,00-0037013,NYJ,0,3,1,0,58,42,5,21
2023,00-0037740,NYJ,19,0,0,3,58,42,5,21
2023,00-0036924,NYJ,5,5,1,1,58,42,5,21
2023,00-0038496,BUF,6,2,0,2,78,123,37,59
2023,00-0036555,CAR,1,36,11,5,42,66,21,25
2023,00-0035243,CAR,3,11,4,1,42,66,21,25
2023,00-0036268,CAR,0,4,0,0,42,66,21,25
2023,00-0038542,ATL,12,23,3,8,60,85,16,32
2023,00-0034830,CAR,5,0,0,1,42,66,21,25
2023,00-0037263,ATL,3,37,7,5,60,85,16,32
2023,00-0036980,CLE,14,1,0,2,74,81,26,48
2023,00-0031544,CLE,16,0,0,5,74,81,26,48
2023,00-0033537,CLE,0,6,3,1,74,81,26,48
2023,00-0033885,CLE,20,0,0,6,74,81,26,48
2023,00-0034791,CLE,0,3,0,0,74,81,26,48
2023,00-0036232,CLE,6,0,0,3,74,81,26,48
2023,00-0034844,NYG,6,43,9,10,37,71,9,28
2023,00-0035710,NYG,0,8,0,1,37,71,9,28
2023,00-0036287,NYG,0,0,0,1,37,71,9,28
2023,00-0038041,DAL,29,0,0,8,123,116,34,56
2023,00-0035261,DAL,14,64,19,7,123,116,34,56
2023,00-0037801,DAL,6,2,0,4,123,116,34,56
2023,00-0037275,NYG,0,0,0,5,37,71,9,28
2023,00-0036139,DAL,6,17,5,4,123,116,34,56
2023,00-0033077,DAL,0,19,5,2,123,116,34,56
2023,00-0035639,NYG,4,0,0,0,37,71,9,28
2023,00-0037569,DAL,2,1,1,0,123,116,34,56
2023,00-0035685,DET,1,64,28,15,100,132,46,71
2023,00-0039139,DET,11,45,11,14,100,132,46,71
2023,00-0036963,DET,33,1,0,11,100,132,46,71
2023,00-0037197,KC,11,63,15,12,113,99,25,49
2023,00-0036913,KC,5,5,0,1,113,99,25,49
2023,00-0039067,KC,28,1,0,8,113,99,25,49
2023,00-0033106,DET,0,12,2,2,100,132,46,71
2023,00-0029293,DET,2,0,0,0,100,132,46,71
2023,00-0032062,KC,1,0,0,1,113,99,25,49
2023,00-0039141,KC,0,0,0,1,113,99,25,49
2023,00-0038090,KC,7,0,0,1,113,99,25,49
2023,00-0033293,GB,13,46,10,6,114,111,27,51
2023,00-0038393,GB,9,0,0,5,114,111,27,51
2023,00-0036265,GB,1,36,10,2,114,111,27,51
2023,00-0037816,GB,22,0,0,9,114,111,27,51
2023,00-0036290,CHI,15,1,1,6,63,78,25,40
2023,00-0036309,CHI,8,1,0,1,63,78,25,40
2023,00-0036906,CHI,4,16,2,3,63,78,25,40
2023,00-0037074,CHI,0,0,0,1,63,78,25,40
2023,00-0039021,CHI,4,11,6,2,63,78,25,40
2023,00-0034827,CHI,14,1,0,9,63,78,25,40
2023,00-0034975,BAL,2,26,4,4,73,123,37,61
2023,00-0039064,BAL,17,2,0,7,73,123,37,61
2023,00-0036158,BAL,1,1,1,1,73,123,37,61
2023,00-0037258,HOU,1,23,9,3,81,85,30,44
2023,00-0033591,HOU,8,1,0,2,81,85,30,44
2023,00-0034184,BAL,0,42,25,13,73,123,37,61
2023,00-0034383,HOU,15,0,0,6,81,85,30,44
2023,00-0036973,JAX,2,41,13,12,70,72,21,40
2023,00-0033572,JAX,2,2,0,1,70,72,21,40
2023,00-0034837,JAX,28,1,0,8,70,72,21,40
2023,00-0036493,IND,0,4,1,0,70,99,31,38
2023,00-0039164,IND,0,8,3,4,70,99,31,38
2023,00-0033891,JAX,11,0,0,2,70,72,21,40
2023,00-0036252,IND,22,0,0,4,70,99,31,38
2023,00-0032378,JAX,0,0,0,1,70,72,21,40
2023,00-0036971,JAX,0,14,5,4,70,72,21,40
2023,00-0038555,JAX,0,9,3,2,70,72,21,40
2023,00-0036876,IND,6,0,0,1,70,99,31,38
2023,00-0037664,IND,6,0,0,2,70,99,31,38
2023,00-0038997,IND,10,0,0,2,70,99,31,38
2023,00-0038134,SEA,3,38,15,9,68,71,23,34
2023,00-0032211,SEA,15,0,0,5,68,71,23,34
2023,00-0033110,LA,5,0,0,2,86,92,29,49
2023,00-0037840,LA,13,58,18,15,86,92,29,49
2023,00-0039075,LA,16,4,0,7,86,92,29,49
2023,00-0039165,SEA,1,22,6,1,68,71,23,34
2023,00-0035640,SEA,23,0,0,8,68,71,23,34
2023,00-0036425,SEA,0,2,0,0,68,71,23,34
2023,00-0036414,LA,2,7,2,2,86,92,29,49
2023,00-0026498,LA,1,3,1,0,86,92,29,49
2023,00-0036862,LA,3,0,0,1,86,92,29,49
2023,00-0031345,LV,0,3,1,0,80,72,19,32
2023,00-0035700,LV,7,38,10,6,80,72,19,32
2023,00-0034960,LV,16,3,1,10,80,72,19,32
2023,00-0036422,DEN,13,0,0,3,74,87,22,39
2023,00-0036997,DEN,5,44,10,5,74,87,22,39
2023,00-0035406,DEN,4,0,0,3,74,87,22,39
2023,00-0038040,LV,2,16,3,1,80,72,19,32
2023,00-0034348,DEN,19,0,0,10,74,87,22,39
2023,00-0031381,LV,30,0,0,8,80,72,19,32
2023,00-0032104,LV,3,0,0,0,80,72,19,32
2023,00-0033526,DEN,3,12,3,1,74,87,22,39
2023,00-0037382,DEN,7,0,0,4,74,87,22,39
2023,00-0036020,MIA,5,6,1,2,74,99,30,63
2023,00-0038092,MIA,0,2,1,0,74,99,30,63
2023,00-0036212,MIA,0,9,2,0,74,99,30,63
2023,00-0036370,LAC,1,14,3,2,79,74,27,38
2023,00-0030279,LAC,14,1,0,7,79,74,27,38
2023,00-0033699,LAC,9,30,16,6,79,74,27,38
2023,00-0031687,MIA,6,47,20,21,74,99,30,63
2023,00-0035125,MIA,3,0,0,0,74,99,30,63
2023,00-0033040,MIA,26,1,0,14,74,99,30,63
2023,00-0034798,MIA,5,0,0,0,74,99,30,63
2023,00-0035329,LAC,10,0,0,4,79,74,27,38
2023,00-0034054,MIA,4,0,0,1,74,99,30,63
2023,00-0036355,LAC,0,12,5,3,79,74,27,38
2023,00-0033536,LAC,2,0,0,1,79,74,27,38
2023,00-0036919,PHI,0,25,4,2,56,111,36,49
2023,00-0030062,NE,0,0,0,1,41,46,9,31
2023,00-0036912,PHI,8,0,0,7,56,111,36,49
2023,00-0032200,NE,2,0,0,0,41,46,9,31
2023,00-0036875,NE,4,19,3,4,41,46,9,31
2023,00-0033090,NE,6,0,0,6,41,46,9,31
2023,00-0033307,NE,6,0,0,4,41,46,9,31
2023,00-0033045,NE,5,22,5,5,41,46,9,31
2023,00-0034829,NE,7,0,0,2,41,46,9,31
2023,00-0038608,NE,2,0,0,0,41,46,9,31
2023,00-0036261,SF,12,0,0,8,81,118,40,70
2023,00-0033280,SF,18,74,21,26,81,118,40,70
2023,00-0033288,SF,14,0,0,7,81,118,40,70
2023,00-0036894,PIT,7,0,0,2,51,82,24,31
2023,00-0035216,PIT,13,0,0,6,51,82,24,31
2023,00-0036336,PIT,2,0,0,0,51,82,24,31
2023,00-0037247,PIT,10,0,0,5,51,82,24,31
2023,00-0037304,PIT,3,0,0,0,51,82,24,31
2023,00-0036893,PIT,3,48,13,8,51,82,24,31
2023,00-0037228,PIT,5,21,5,4,51,82,24,31
2023,00-0037311,TB,2,0,0,1,77,65,15,42
2023,00-0037256,TB,10,39,11,10,77,65,15,42
2023,00-0038994,MIN,17,1,0,10,87,54,16,38
2023,00-0035249,MIN,5,0,0,2,87,54,16,38
2023,00-0036345,MIN,11,0,0,3,87,54,16,38
2023,00-0034972,MIN,11,24,9,3,87,54,16,38
2023,00-0031408,TB,19,0,0,14,77,65,15,42
2023,00-0038129,TB,15,0,0,5,77,65,15,42
2023,00-0033921,TB,18,1,0,4,77,65,15,42
2023,00-0039052,TB,5,0,0,4,77,65,15,42
2023,00-0035229,MIN,14,0,0,5,87,54,16,38
2023,00-0029604,MIN,0,4,2,0,87,54,16,38
2023,00-0033948,NO,1,14,2,1,70,100,27,43
2023,00-0032765,NO,9,0,0,1,70,100,27,43
2023,00-0039032,TEN,6,11,3,3,49,57,21,33
2023,00-0032764,TEN,2,37,16,12,49,57,21,33
2023,00-0036182,TEN,7,0,0,3,49,57,21,33
2023,00-0037545,NO,7,0,0,6,70,100,27,43
2023,00-0033357,NO,5,28,8,6,70,100,27,43
2023,00-0030564,TEN,18,2,0,7,49,57,21,33
2023,00-0034317,NO,3,0,0,1,70,100,27,43
2023,00-0031280,NO,0,7,0,0,70,100,27,43
2023,00-0031235,BAL,11,0,0,3,73,123,37,61
2023,00-0038576,BAL,0,0,0,1,73,123,37,61
2023,00-0033897,CIN,15,59,21,12,85,78,25,40
2023,00-0035291,CIN,1,1,0,0,85,78,25,40
2023,00-0036900,CIN,21,0,0,7,85,78,25,40
2023,00-0036410,CIN,12,0,0,5,85,78,25,40
2023,00-0034753,BAL,14,1,0,6,73,123,37,61
2023,00-0033009,CIN,9,0,0,2,85,78,25,40
2023,00-0034796,BAL,0,35,5,7,73,123,37,61
2023,00-0031549,BAL,8,0,0,5,73,123,37,61
2023,00-0034970,CIN,6,0,0,1,85,78,25,40
2023,00-0034681,TB,0,4,0,0,77,65,15,42
2023,00-0036945,CHI,0,22,5,4,63,78,25,40
2023,00-0034855,TB,0,17,3,1,77,65,15,42
2023,00-0036326,CHI,2,0,0,1,63,78,25,40
2023,00-0031101,CHI,0,0,0,1,63,78,25,40
2023,00-0036333,CLE,0,0,0,1,74,81,26,48
2023,00-0037267,CLE,6,18,6,9,74,81,26,48
2023,00-0038098,CLE,0,7,3,1,74,81,26,48
2023,00-0033886,CLE,0,0,0,1,74,81,26,48
2023,00-0038122,ATL,0,12,2,5,60,85,16,32
2023,00-0036970,ATL,5,0,0,3,60,85,16,32
2023,00-0033858,ATL,9,1,1,3,60,85,16,32
2023,00-0039144,GB,7,0,0,2,114,111,27,51
2023,00-0039146,GB,19,3,1,10,114,111,27,51
2023,00-0038797,GB,0,6,1,0,114,111,27,51
2023,00-0035973,GB,3,8,1,0,114,111,27,51
2023,00-0037238,ATL,18,0,0,2,60,85,16,32
2023,00-0033555,ATL,2,0,0,0,60,85,16,32
2023,00-0030431,HOU,12,0,0,1,81,85,30,44
2023,00-0033854,HOU,0,2,0,0,81,85,30,44
2023,00-0036554,HOU,18,1,0,9,81,85,30,44
2023,00-0036251,IND,9,40,11,7,70,99,31,38
2023,00-0034959,HOU,7,3,3,4,81,85,30,44
2023,00-0038977,HOU,9,2,0,7,81,85,30,44
2023,00-0030506,KC,26,0,0,8,113,99,25,49
2023,00-0033873,KC,0,15,6,0,113,99,25,49
2023,00-0038862,LAC,0,1,0,0,79,74,27,38
2023,00-0033895,LAC,11,0,0,3,79,74,27,38
2023,00-0036988,LAC,9,0,0,2,79,74,27,38
2023,00-0035688,LAC,1,0,0,0,79,74,27,38
2023,00-0038045,LAC,2,7,0,0,79,74,27,38
2023,00-0038544,LAC,8,0,0,2,79,74,27,38
2023,00-0037742,TEN,1,1,0,0,49,57,21,33
2023,00-0029701,TEN,0,2,0,1,49,57,21,33
2023,00-0035215,BUF,3,1,0,2,78,123,37,59
2023,00-0034857,BUF,0,38,16,18,78,123,37,59
2023,00-0030513,BUF,4,20,12,4,78,123,37,59
2023,00-0035689,BUF,11,0,0,3,78,123,37,59
2023,00-0037248,BUF,8,38,5,6,78,123,37,59
2023,00-0038933,BUF,9,0,0,3,78,123,37,59
2023,00-0037261,BUF,6,1,0,4,78,123,37,59
2023,00-0036196,BUF,13,0,0,7,78,123,37,59
2023,00-0034419,MIA,2,0,0,1,74,99,30,63
2023,00-0033857,NE,3,0,0,1,41,46,9,31
2023,00-0035676,PHI,18,0,0,7,56,111,36,49
2023,00-0036275,PHI,5,38,14,6,56,111,36,49
2023,00-0036389,PHI,0,45,17,15,56,111,36,49
2023,00-0036322,MIN,11,1,0,5,87,54,16,38
2023,00-0034981,NO,4,0,0,1,70,100,27,43
2023,00-0037239,NO,13,0,0,5,70,100,27,43
2023,00-0035860,NO,1,5,2,2,70,100,27,43
2023,00-0036040,NO,8,0,0,4,70,100,27,43
2023,00-0030035,CAR,16,1,0,4,42,66,21,25
2023,00-0031610,NYG,4,0,0,1,37,71,9,28
2023,00-0032385,NYG,7,1,0,1,37,71,9,28
2023,00-0036165,NYG,5,0,0,3,37,71,9,28
2023,00-0034764,DAL,6,0,0,2,123,116,34,56
2023,00-0038622,DAL,0,5,1,0,123,116,34,56
2023,00-0038547,DAL,5,0,0,2,123,116,34,56
2023,00-0033943,DET,15,0,0,6,100,132,46,71
2023,00-0032464,DET,4,1,0,1,100,132,46,71
2023,00-0039065,DET,24,0,0,11,100,132,46,71
2023,00-0038543,SEA,10,0,0,4,68,71,23,34
2023,00-0036885,DET,0,0,0,1,100,132,46,71
2023,00-0035567,DET,0,8,5,2,100,132,46,71
2023,00-0037834,SF,0,8,2,2,81,118,40,70
2023,00-0035719,SF,18,10,3,12,81,118,40,70
2023,00-0038976,DEN,1,2,0,2,74,87,22,39
2023,00-0038794,DEN,7,7,2,3,74,87,22,39
2023,00-0036628,WAS,3,0,0,0,70,60,20,44
2023,00-0031260,WAS,10,0,0,4,70,60,20,44
2023,00-0035659,WAS,10,0,0,5,70,60,20,44
2023,00-0037078,WAS,4,0,0,0,70,60,20,44
2023,00-0029263,DEN,0,19,5,3,74,87,22,39
2023,00-0036192,WAS,0,0,0,1,70,60,20,44
2023,00-0034777,CAR,6,0,0,5,42,66,21,25
2023,00-0038752,SEA,4,1,1,3,68,71,23,34
2023,00-0036244,SEA,8,0,0,2,68,71,23,34
2023,00-0035644,SEA,2,0,0,0,68,71,23,34
2023,00-0031376,KC,5,3,0,5,113,99,25,49
2023,00-0036360,KC,6,8,2,2,113,99,25,49
2023,00-0034272,KC,7,0,0,2,113,99,25,49
2023,00-0034386,KC,7,0,0,3,113,99,25,49
2023,00-0038941,CHI,5,0,0,0,63,78,25,40
2023,00-0031236,DAL,13,3,0,8,123,116,34,56
2023,00-0036358,DAL,35,3,1,14,123,116,34,56
2023,00-0039040,MIA,6,23,5,11,74,99,30,63
2023,00-0031484,DEN,1,0,0,0,74,87,22,39
2023,00-0036407,DEN,11,0,0,2,74,87,22,39
2023,00-0038720,MIA,2,0,0,0,74,99,30,63
2023,00-0032688,MIA,0,0,0,1,74,99,30,63
2023,00-0039163,HOU,0,12,7,3,81,85,30,44
2023,00-0036556,HOU,2,0,0,3,81,85,30,44
2023,00-0035250,HOU,4,35,9,5,81,85,30,44
2023,00-0034775,JAX,6,0,0,3,70,72,21,40
2023,00-0032144,BAL,0,6,0,1,73,123,37,61
2023,00-0037276,MIN,3,11,3,3,87,54,16,38
2023,00-0036849,LA,6,1,0,4,86,92,29,49
2023,00-0033439,NE,0,0,0,1,41,46,9,31
2023,00-0028002,NYJ,5,0,0,1,58,42,5,21
2023,00-0034433,NYJ,0,1,1,1,58,42,5,21
2023,00-0027696,NO,5,0,0,4,70,100,27,43
2023,00-0038465,GB,5,0,0,1,114,111,27,51
2023,00-0036264,GB,0,11,4,4,114,111,27,51
2023,00-0037098,GB,3,0,0,0,114,111,27,51
2023,00-0038647,SF,4,0,0,3,81,118,40,70
2023,00-0036567,SF,2,17,10,3,81,118,40,70
2023,00-0033308,NYG,0,8,0,1,37,71,9,28
2023,00-0035208,PHI,3,0,0,2,56,111,36,49
2023,00-0036741,PHI,2,0,0,0,56,111,36,49
2023,00-0034351,PHI,11,1,0,4,56,111,36,49
2023,00-0037487,TB,5,3,0,1,77,65,15,42
2023,00-0037837,PIT,1,1,0,3,51,82,24,31
2023,00-0039066,LV,8,0,0,2,80,72,19,32
2023,00-0038559,ARI,8,0,0,3,67,70,29,38
2023,00-0037744,ARI,11,0,0,3,67,70,29,38
2023,00-0029892,SF,5,3,2,2,81,118,40,70
2023,00-0034407,SF,1,0,0,0,81,118,40,70
2023,00-0033251,ARI,3,0,0,0,67,70,29,38
2023,00-0034203,ATL,0,0,0,1,60,85,16,32
2023,00-0031585,ATL,4,0,0,1,60,85,16,32
2023,00-0038979,CLE,7,0,0,0,74,81,26,48
2023,00-0038589,TEN,5,0,0,1,49,57,21,33
2023,00-0036952,CHI,0,0,0,1,63,78,25,40
2023,00-0038996,GB,11,0,0,3,114,111,27,51
2023,00-0038124,GB,13,1,0,5,114,111,27,51
2023,00-0036637,KC,4,1,0,2,113,99,25,49
2023,00-0037805,NYJ,1,0,0,0,58,42,5,21
2023,00-0034270,NYJ,9,0,0,0,58,42,5,21
2023,00-0032134,NYJ,4,0,0,1,58,42,5,21
2023,00-0038120,NYJ,7,25,2,9,58,42,5,21
2023,00-0034521,NYJ,4,0,0,1,58,42,5,21
2023,00-0036424,LA,1,0,0,0,86,92,29,49
2023,00-0033217,IND,5,0,0,3,70,99,31,38
2023,00-0037292,IND,2,0,0,2,70,99,31,38
2023,00-0038579,LV,0,6,3,1,80,72,19,32
2023,00-0034983,LV,5,0,0,0,80,72,19,32
2023,00-0034487,BUF,3,0,0,1,78,123,37,59
2023,00-0036613,MIA,9,0,0,4,74,99,30,63
2023,00-0036037,MIN,0,0,0,1,87,54,16,38
2023,00-0034365,CAR,1,0,0,0,42,66,21,25
2023,00-0036955,CAR,3,0,0,0,42,66,21,25
2023,00-0036335,CAR,0,0,0,1,42,66,21,25
2023,00-0034674,NE,0,0,0,1,41,46,9,31
2023,00-0036982,DAL,1,0,0,0,123,116,34,56
2023,00-0038738,DAL,0,2,2,1,123,116,34,56
2023,00-0037614,HOU,4,1,0,0,81,85,30,44
2023,00-0031428,PIT,4,0,0,0,51,82,24,31
2023,00-0039169,NYG,0,0,0,1,37,71,9,28
2023,00-0033906,NO,9,40,14,6,70,100,27,43
2023,00-0036450,TB,1,1,1,0,77,65,15,42
2023,00-0037741,WAS,12,0,0,4,70,60,20,44
2023,00-0036550,BAL,4,0,0,1,73,123,37,61
2023,00-0035703,PIT,1,0,0,0,51,82,24,31
2023,00-0038102,PIT,0,5,2,1,51,82,24,31
2023,00-0036754,DET,1,0,0,1,100,132,46,71
2023,00-0027973,CAR,0,1,0,0,42,66,21,25
2023,00-0039062,CAR,3,0,0,0,42,66,21,25
2023,00-0037005,CAR,4,0,0,3,42,66,21,25
2023,00-0036626,WAS,2,0,0,1,70,60,20,44
2023,00-0035341,CIN,7,0,0,1,85,78,25,40
2023,00-0032141,ARI,2,0,0,0,67,70,29,38
2023,00-0038705,ARI,1,3,1,2,67,70,29,38
2023,00-0037753,ARI,0,0,0,1,67,70,29,38
2023,00-0037525,SF,0,5,1,3,81,118,40,70
2023,00-0031763,LV,1,1,0,0,80,72,19,32
2023,00-0034854,ATL,0,1,1,0,60,85,16,32
2023,00-0034646,MIN,6,0,0,1,87,54,16,38
2023,00-0037216,KC,1,0,0,0,113,99,25,49
2023,00-0030459,NE,0,0,0,1,41,46,9,31
2023,00-0031503,NO,0,3,0,0,70,100,27,43
2023,00-0036502,MIA,0,0,0,1,74,99,30,63
2023,00-0028118,NYG,0,3,0,0,37,71,9,28
2023,00-0031595,DEN,1,1,1,0,74,87,22,39
2023,00-0036241,DEN,0,0,0,1,74,87,22,39
2023,00-0033908,LA,25,1,0,5,86,92,29,49
2023,00-0036271,PHI,3,0,0,1,56,111,36,49
2023,00-0037809,TEN,6,0,0,1,49,57,21,33
2023,00-0036223,IND,4,34,12,8,70,99,31,38
2023,00-0035289,IND,0,7,4,3,70,99,31,38
2023,00-0037299,ARI,0,2,0,0,67,70,29,38
2023,00-0032398,TEN,1,0,0,0,49,57,21,33
2023,00-0033376,BAL,3,0,0,1,73,123,37,61
2023,00-0037429,CAR,0,3,1,0,42,66,21,25
2023,00-0031785,MIA,0,0,0,1,74,99,30,63
2023,00-0038685,MIA,0,2,0,0,74,99,30,63
2023,00-0037240,DET,5,1,0,5,100,132,46,71
2023,00-0038935,JAX,4,0,0,1,70,72,21,40
2023,00-0036297,CHI,2,5,1,1,63,78,25,40
2023,00-0033925,CHI,2,17,7,5,63,78,25,40
2023,00-0032129,CHI,0,0,0,1,63,78,25,40
2023,00-0033757,CHI,3,0,0,0,63,78,25,40
2023,00-0038416,CHI,0,4,3,2,63,78,25,40
2023,00-0038563,LV,4,1,0,2,80,72,19,32
2023,00-0038618,HOU,1,2,1,0,81,85,30,44
2023,00-0038117,NYG,3,1,0,2,37,71,9,28
2023,00-0038396,NYG,0,2,0,0,37,71,9,28
2023,00-0036590,BUF,2,0,0,1,78,123,37,59
2023,00-0034414,PHI,0,2,1,0,56,111,36,49
2023,00-0038597,CIN,1,7,0,1,85,78,25,40
2023,00-0038619,CIN,5,0,0,4,85,78,25,40
2023,00-0030565,SEA,0,8,1,1,68,71,23,34
2023,00-0033923,CLE,2,37,13,11,74,81,26,48
2023,00-0030578,ATL,2,10,2,1,60,85,16,32
2023,00-0030968,ATL,1,0,0,0,60,85,16,32
2023,00-0036972,NE,0,1,1,0,41,46,9,31
2023,00-0038621,NE,4,0,0,0,41,46,9,31
2023,00-0030068,CLE,0,1,0,0,74,81,26,48
2023,00-0036634,IND,0,0,0,1,70,99,31,38
2023,00-0038627,DET,1,0,0,0,100,132,46,71
2023,00-0034413,NO,0,0,0,1,70,100,27,43
2023,00-0035140,KC,4,1,0,1,113,99,25,49
2023,00-0024243,CHI,2,0,0,1,63,78,25,40
2023,00-0035099,CHI,2,0,0,0,63,78,25,40
2023,00-0036292,LV,0,0,0,1,80,72,19,32
2023,00-0032392,LV,4,0,0,0,80,72,19,32
2023,00-0034797,PHI,0,0,0,1,56,111,36,49
2023,00-0035664,LA,3,5,3,2,86,92,29,49
2023,00-0034073,SF,1,0,0,0,81,118,40,70
2023,00-0038128,TEN,0,1,0,0,49,57,21,33
2023,00-0035298,ATL,3,0,0,2,60,85,16,32
2023,00-0036646,LAC,1,0,0,1,79,74,27,38
2023,00-0036442,CIN,0,2,0,0,85,78,25,40
2023,00-0039150,CAR,0,8,5,0,42,66,21,25
2023,00-0033881,JAX,11,0,0,4,70,72,21,40
2023,00-0036032,DAL,1,0,0,0,123,116,34,56
2023,00-0034838,LA,0,15,6,2,86,92,29,49
2023,00-0032165,DET,0,0,0,1,100,132,46,71
2023,00-0033246,MIN,4,0,0,1,87,54,16,38
2023,00-0034418,MIA,5,0,0,3,74,99,30,63
2023,00-0036387,NE,1,0,0,1,41,46,9,31
2023,00-0035535,NYG,4,0,0,4,37,71,9,28
2023,00-0038476,NYG,1,4,0,1,37,71,9,28
2023,00-0027944,PHI,4,0,0,3,56,111,36,49
2023,00-0031941,WAS,1,0,0,1,70,60,20,44
2023,00-0035631,CIN,3,0,0,2,85,78,25,40
2023,00-0037666,DAL,5,0,0,2,123,116,34,56
2023,00-0033393,CAR,0,0,0,2,42,66,21,25
2023,00-0038573,NYJ,1,3,0,1,58,42,5,21
2023,00-0037193,MIA,0,0,0,1,74,99,30,63
2023,00-0038598,MIN,0,1,1,0,87,54,16,38
2023,00-0035934,MIN,3,0,0,0,87,54,16,38
2023,00-0036331,BAL,1,1,0,0,73,123,37,61
2023,00-0038454,BAL,1,4,0,2,73,123,37,61
2023,00-0037838,BAL,9,0,0,6,73,123,37,61
2023,00-0035993,BAL,0,4,2,0,73,123,37,61
2023,00-0039152,TEN,0,3,2,1,49,57,21,33
2023,00-0031800,ATL,0,1,0,1,60,85,16,32
2023,00-0035228,ARI,0,14,7,3,67,70,29,38
2023,00-0038582,ARI,0,2,2,1,67,70,29,38
2023,00-0036635,CHI,0,2,0,2,63,78,25,40
2023,00-0038038,CLE,0,0,0,1,74,81,26,48
2023,00-0036996,BAL,0,0,0,1,73,123,37,61
2023,00-0032943,DEN,0,1,0,0,74,87,22,39
2023,00-0035414,LAC,4,0,0,1,79,74,27,38
2023,00-0037475,LAC,2,0,0,1,79,74,27,38
2023,00-0038612,NO,4,0,0,4,70,100,27,43
2023,00-0036145,NYG,2,0,0,1,37,71,9,28
2023,00-0037410,NYG,0,1,0,0,37,71,9,28
2023,00-0037273,TEN,1,0,0,0,49,57,21,33
2023,00-0034208,HOU,0,1,0,0,81,85,30,44
2023,00-0035500,ARI,3,0,0,2,67,70,29,38
2023,00-0035100,CIN,0,9,4,3,85,78,25,40
2023,00-0035715,WAS,0,1,1,0,70,60,20,44
2023,00-0036356,WAS,0,0,0,1,70,60,20,44
2023,00-0035537,BUF,2,11,0,1,78,123,37,59
2023,00-0032775,LA,9,0,0,4,86,92,29,49
2023,00-0036259,SF,3,0,0,2,81,118,40,70
2023,00-0035628,JAX,0,5,0,0,70,72,21,40
2023,00-0035643,TEN,1,0,0,1,49,57,21,33
2023,00-0038583,CLE,0,3,1,0,74,81,26,48
2023,00-0037257,CLE,3,0,0,3,74,81,26,48
2023,00-0034485,DET,0,0,0,1,100,132,46,71
2023,00-0036887,JAX,1,0,0,0,70,72,21,40
2023,00-0039074,LA,2,0,0,1,86,92,29,49
2023,00-0036504,MIA,0,0,0,1,74,99,30,63
2023,00-0036998,NYJ,0,0,0,1,58,42,5,21
2023,00-0038104,NE,0,1,0,0,41,46,9,31
2023,00-0034675,NO,0,0,0,1,70,100,27,43
2023,00-0036409,SF,0,0,0,1,81,118,40,70
2023,00-0033589,TB,1,0,0,2,77,65,15,42
2023,00-0038394,IND,1,0,0,0,70,99,31,38
2023,00-0039050,TB,1,0,0,0,77,65,15,42
2023,00-0034177,NYJ,0,1,0,0,58,42,5,21
2023,00-0038606,JAX,3,0,0,2,70,72,21,40
2023,00-0037539,DEN,2,0,0,1,74,87,22,39
2023,00-0036233,DET,1,0,0,0,100,132,46,71
2023,00-0036672,TEN,0,0,0,1,49,57,21,33
2023,00-0038809,GB,3,0,0,1,114,111,27,51
2023,00-0035272,WAS,0,0,0,1,70,60,20,44
2023,00-0034115,MIA,1,9,1,0,74,99,30,63
2023,00-0034159,SEA,2,0,0,1,68,71,23,34
2023,00-0034286,KC,1,0,0,0,113,99,25,49
2023,00-0037271,CAR,0,0,0,1,42,66,21,25
2023,00-0032543,LAC,2,0,0,1,79,74,27,38
2023,00-0034779,CIN,0,0,0,1,85,78,25,40
2023,00-0034613,CIN,3,0,0,1,85,78,25,40
2023,00-0026158,CLE,0,5,0,0,74,81,26,48
2023,00-0036630,LA,0,0,0,1,86,92,29,49
2023,00-0033869,PIT,0,4,3,2,51,82,24,31
2023,00-0038558,PIT,2,0,0,0,51,82,24,31
2023,00-0038386,DAL,0,0,0,1,123,116,34,56
2023,00-0036429,SF,1,0,0,0,81,118,40,70
2023,00-0034285,TEN,0,0,0,1,49,57,21,33
2023,00-0038046,BAL,2,0,0,1,73,123,37,61
2023,00-0038667,JAX,1,0,0,0,70,72,21,40
2023,00-0034673,CLE,0,0,0,1,74,81,26,48
2023,00-0036992,HOU,0,0,0,1,81,85,30,44
2023,00-0028986,HOU,0,1,1,0,81,85,30,44
2023,00-0037286,NE,1,2,0,1,41,46,9,31
2023,00-0029239,LV,0,3,1,1,80,72,19,32
2023,00-0030070,LAC,0,0,0,1,79,74,27,38
2023,00-0038039,LAC,0,0,0,2,79,74,27,38
2023,00-0033319,MIN,0,2,0,0,87,54,16,38
2023,00-0035771,CIN,2,0,0,0,85,78,25,40
2023,00-0037120,IND,3,4,0,0,70,99,31,38
2023,00-0035045,IND,2,0,0,1,70,99,31,38
2023,00-0036984,IND,0,2,0,0,70,99,31,38
2023,00-0034573,ARI,0,0,0,1,67,70,29,38
2023,00-0039041,ARI,2,0,0,1,67,70,29,38
2023,00-0037091,GB,5,0,0,2,114,111,27,51
2023,00-0033119,WAS,0,1,1,0,70,60,20,44
2023,00-0030663,SF,1,0,0,0,81,118,40,70
2023,00-0035282,LAC,0,6,3,1,79,74,27,38
2023,00-0033856,BUF,0,5,1,0,78,123,37,59
2023,00-0034771,PIT,0,3,1,0,51,82,24,31
2023,00-0036898,HOU,0,1,0,0,81,85,30,44
2023,00-0036497,JAX,1,0,0,0,70,72,21,40
2023,00-0034387,KC,0,0,0,1,113,99,25,49
2023,00-0035190,LV,0,1,0,0,80,72,19,32
2023,00-0029764,DEN,0,0,0,1,74,87,22,39
2023,00-0037086,PHI,1,0,0,0,56,111,36,49
2023,00-0033878,PHI,0,0,0,1,56,111,36,49
2023,00-0038492,NYJ,2,0,0,1,58,42,5,21
2023,00-0039002,ARI,0,0,0,1,67,70,29,38
2023,00-0037282,DET,1,0,0,0,100,132,46,71
2023,00-0035120,LAC,2,0,0,0,79,74,27,38
2023,00-0038115,NYG,1,0,0,0,37,71,9,28
2023,00-0035645,LA,0,0,0,1,86,92,29,49
2023,00-0033551,NE,0,0,0,1,41,46,9,31
2023,00-0038108,NE,0,1,0,1,41,46,9,31
2023,00-0034577,BUF,0,2,0,0,78,123,37,59
2023,00-0038715,NYJ,0,0,0,1,58,42,5,21
2023,00-0037663,CLE,0,0,0,1,74,81,26,48
2023,00-0032759,TEN,0,0,0,1,49,57,21,33
2023,00-0034193,TEN,1,0,0,0,49,57,21,33
2023,00-0038551,NO,0,3,1,1,70,100,27,43
2023,00-0038678,NO,1,0,0,0,70,100,27,43
2023,00-0036415,ATL,1,0,0,0,60,85,16,32
2023,00-0033296,WAS,1,0,0,0,70,60,20,44
2023,00-0035264,DEN,0,1,1,0,74,87,22,39
2023,00-0035681,LAC,0,0,0,1,79,74,27,38
2023,00-0036269,KC,0,2,2,0,113,99,25,49
2023,00-0034869,SF,0,1,1,1,81,118,40,70
2023,00-0032128,SF,1,0,0,0,81,118,40,70
2023,00-0032950,LA,0,3,0,1,86,92,29,49
2023,00-0036427,LA,1,0,0,1,86,92,29,49
2023,00-0037132,PHI,1,0,0,0,56,111,36,49
2023,00-0032150,CLE,0,0,0,1,74,81,26,48
2023,00-0037823,CLE,0,0,0,1,74,81,26,48
2023,00-0034968,DAL,0,0,0,1,123,116,34,56
2023,00-0037557,LA,1,0,0,0,86,92,29,49
2023,00-0034928,BAL,0,0,0,1,73,123,37,61
2023,00-0033455,DET,1,0,0,0,100,132,46,71
2024,00-0033553,ARI,5,54,15,9,67,84,23,44
2024,00-0038559,ARI,8,0,0,4,67,84,23,44
2024,00-0035500,ARI,8,2,0,3,67,84,23,44
2024,00-0038705,ARI,4,0,0,1,67,84,23,44
2024,00-0037248,BUF,5,64,19,21,74,146,42,73
2024,00-0039921,ARI,0,3,1,1,67,84,23,44
2024,00-0037744,ARI,22,1,1,4,67,84,23,44
2024,00-0034857,BUF,0,41,15,15,74,146,42,73
2024,00-0039875,BUF,2,20,4,7,74,146,42,73
2024,00-0038933,BUF,10,0,0,2,74,146,42,73
2024,00-0033555,BUF,7,0,0,6,74,146,42,73
2024,00-0039901,BUF,14,0,0,4,74,146,42,73
2024,00-0035537,BUF,7,11,2,5,74,146,42,73
2024,00-0037261,BUF,10,0,0,4,74,146,42,73
2024,00-0036425,ARI,1,1,0,2,67,84,23,44
2024,00-0034796,BAL,0,22,2,4,71,98,25,70
2024,00-0032764,BAL,6,61,22,21,71,98,25,70
2024,00-0039894,KC,25,8,1,12,122,102,31,51
2024,00-0033857,KC,6,0,0,2,122,102,31,51
2024,00-0037197,KC,2,13,4,1,122,102,31,51
2024,00-0030506,KC,30,1,1,4,122,102,31,51
2024,00-0037838,BAL,14,0,0,7,71,98,25,70
2024,00-0039064,BAL,8,2,0,4,71,98,25,70
2024,00-0034975,BAL,9,7,1,5,71,98,25,70
2024,00-0036637,KC,10,0,0,5,122,102,31,51
2024,00-0037545,NO,4,3,0,4,47,65,17,39
2024,00-0033906,NO,6,35,11,8,47,65,17,39
2024,00-0034981,NO,9,0,0,5,47,65,17,39
2024,00-0036040,NO,8,0,0,3,47,65,17,39
2024,00-0035216,CAR,12,0,0,3,79,71,29,42
2024,00-0039150,CAR,0,10,3,6,79,71,29,42
2024,00-0033948,NO,2,10,1,1,47,65,17,39
2024,00-0039342,CAR,13,0,0,4,79,71,29,42
2024,00-0033589,CAR,11,1,1,3,79,71,29,42
2024,00-0031236,DAL,8,1,0,3,72,58,15,33
2024,00-0033045,DAL,2,14,5,3,72,58,15,33
2024,00-0038041,DAL,6,0,0,0,72,58,15,33
2024,00-0037801,CLE,7,1,0,4,68,52,18,31
2024,00-0036980,CLE,7,0,0,1,68,52,18,31
2024,00-0036407,CLE,17,0,0,4,68,52,18,31
2024,00-0031544,CLE,6,0,0,4,68,52,18,31
2024,00-0037267,CLE,1,10,3,3,68,52,18,31
2024,00-0036997,DEN,4,28,10,4,75,77,24,43
2024,00-0038794,DEN,4,15,3,3,75,77,24,43
2024,00-0034348,DEN,23,0,0,8,75,77,24,43
2024,00-0030565,SEA,0,8,3,2,63,59,28,41
2024,00-0035640,SEA,10,0,0,5,63,59,28,41
2024,00-0038134,SEA,10,23,12,8,63,59,28,41
2024,00-0035644,SEA,5,0,0,1,63,59,28,41
2024,00-0039165,SEA,1,24,13,9,63,59,28,41
2024,00-0033943,DEN,3,0,0,1,75,77,24,43
2024,00-0039732,DEN,1,19,6,5,75,77,24,43
2024,00-0035700,GB,4,63,25,17,82,107,36,55
2024,00-0037816,GB,12,0,0,4,82,107,36,55
2024,00-0038996,GB,17,1,0,7,82,107,36,55
2024,00-0038124,GB,9,1,0,2,82,107,36,55
2024,00-0034844,PHI,11,79,26,20,68,173,58,71
2024,00-0039146,GB,12,3,0,7,82,107,36,55
2024,00-0036389,PHI,0,60,26,19,68,173,58,71
2024,00-0035676,PHI,14,0,0,9,68,173,58,71
2024,00-0037741,PHI,3,0,0,1,68,173,58,71
2024,00-0038797,GB,3,14,5,5,82,107,36,55
2024,00-0036912,PHI,14,1,0,9,68,173,58,71
2024,00-0037664,IND,6,0,0,7,66,106,39,42
2024,00-0037258,HOU,1,4,0,2,74,96,19,38
2024,00-0038977,HOU,9,1,0,3,74,96,19,38
2024,00-0031588,HOU,5,1,0,4,74,96,19,38
2024,00-0033897,HOU,8,66,16,14,74,96,19,38
2024,00-0036223,IND,3,60,20,12,66,106,39,42
2024,00-0036876,IND,6,0,0,0,66,106,39,42
2024,00-0035021,IND,1,1,0,1,66,106,39,42
2024,00-0039163,HOU,1,9,2,0,74,96,19,38
2024,00-0039164,IND,0,21,11,6,66,106,39,42
2024,00-0033217,IND,7,0,0,1,66,106,39,42
2024,00-0036973,JAX,6,21,5,2,70,70,22,32
2024,00-0039893,JAX,18,0,0,10,70,70,22,32
2024,00-0033040,MIA,20,0,0,6,90,71,20,36
2024,00-0036613,MIA,13,2,0,2,90,71,20,36
2024,00-0039040,MIA,14,38,14,12,90,71,20,36
2024,00-0039074,LA,6,0,0,1,97,103,29,41
2024,00-0036963,DET,32,1,0,12,103,130,41,74
2024,00-0035685,DET,3,52,19,12,103,130,41,74
2024,00-0039065,DET,21,0,0,8,103,130,41,74
2024,00-0039139,DET,14,60,18,22,103,130,41,74
2024,00-0036754,DET,5,0,0,2,103,130,41,74
2024,00-0037840,LA,11,74,21,17,97,103,29,41
2024,00-0033908,LA,12,1,0,6,97,103,29,41
2024,00-0032775,LA,15,0,0,7,97,103,29,41
2024,00-0036427,LA,10,0,0,1,97,103,29,41
2024,00-0037240,DET,12,1,1,9,103,130,41,74
2024,00-0034972,LV,2,25,13,5,65,62,23,32
2024,00-0034184,LAC,0,21,7,4,56,82,28,42
2024,00-0036988,LAC,9,0,0,1,56,82,28,42
2024,00-0036158,LAC,5,32,9,9,56,82,28,42
2024,00-0034830,LAC,3,0,0,0,56,82,28,42
2024,00-0039915,LAC,10,0,0,8,56,82,28,42
2024,00-0038396,NYG,2,6,3,0,52,60,21,35
2024,00-0038115,NYG,1,0,0,0,52,60,21,35
2024,00-0035710,NYG,0,15,7,2,52,60,21,35
2024,00-0035250,NYG,0,11,5,4,52,60,21,35
2024,00-0033293,MIN,19,43,13,7,95,68,20,47
2024,00-0037276,MIN,1,5,0,0,95,68,20,47
2024,00-0038994,MIN,19,1,0,10,95,68,20,47
2024,00-0036322,MIN,27,0,0,10,95,68,20,47
2024,00-0037291,MIN,7,2,1,6,95,68,20,47
2024,00-0035272,NYG,0,0,0,2,52,60,21,35
2024,00-0038117,NYG,18,0,0,3,52,60,21,35
2024,00-0035535,NYG,6,2,0,2,52,60,21,35
2024,00-0036875,NE,13,41,12,8,66,70,19,32
2024,00-0036345,NE,3,0,0,1,66,70,19,32
2024,00-0038597,CIN,14,46,14,11,123,72,26,58
2024,00-0034829,CIN,10,0,0,2,123,72,26,58
2024,00-0034613,CIN,5,0,0,1,123,72,26,58
2024,00-0036328,NE,2,15,3,1,66,70,19,32
2024,00-0033090,NE,18,0,0,2,66,70,19,32
2024,00-0036442,CIN,0,6,3,2,123,72,26,58
2024,00-0036251,CIN,3,16,8,3,123,72,26,58
2024,00-0034521,NYJ,12,0,0,6,95,45,13,42
2024,00-0037740,NYJ,25,0,0,7,95,45,13,42
2024,00-0038120,NYJ,9,26,11,8,95,45,13,42
2024,00-0037525,SF,3,34,9,3,83,100,30,40
2024,00-0035719,SF,14,10,2,4,83,100,30,40
2024,00-0036261,SF,6,0,0,0,83,100,30,40
2024,00-0036259,SF,15,0,0,6,83,100,30,40
2024,00-0028118,NYJ,0,1,0,0,95,45,13,42
2024,00-0038496,NYJ,2,0,0,1,95,45,13,42
2024,00-0037238,ATL,27,0,0,9,62,93,27,42
2024,00-0038542,ATL,7,61,18,15,62,93,27,42
2024,00-0036970,ATL,13,0,0,4,62,93,27,42
2024,00-0036945,PIT,0,17,7,5,63,97,28,39
2024,00-0036893,PIT,4,51,12,6,63,97,28,39
2024,00-0036415,PIT,8,0,0,3,63,97,28,39
2024,00-0035261,TEN,3,34,6,5,51,63,11,40
2024,00-0039032,TEN,3,12,4,5,51,63,11,40
2024,00-0037809,TEN,6,0,0,2,51,63,11,40
2024,00-0036290,CHI,12,0,0,4,78,60,24,33
2024,00-0030279,CHI,17,0,0,7,78,60,24,33
2024,00-0034485,TEN,0,0,0,1,51,63,11,40
2024,00-0039071,TEN,0,0,0,1,51,63,11,40
2024,00-0036275,CHI,1,31,10,6,78,60,24,33
2024,00-0031408,TB,16,0,0,12,87,86,27,60
2024,00-0033699,WAS,7,22,5,4,96,151,44,63
2024,00-0037746,WAS,5,50,19,10,96,151,44,63
2024,00-0037256,TB,11,21,8,9,87,86,27,60
2024,00-0033921,TB,7,0,0,5,87,86,27,60
2024,00-0039910,WAS,0,51,13,7,96,151,44,63
2024,00-0039855,TB,8,1,0,8,87,86,27,60
2024,00-0039355,WAS,4,0,0,0,96,151,44,63
2024,00-0036919,PHI,3,25,3,1,68,173,58,71
2024,00-0039236,PHI,3,0,0,1,68,173,58,71
2024,00-0034351,PHI,10,1,0,3,68,173,58,71
2024,00-0037132,PHI,2,0,0,0,68,173,58,71
2024,00-0037263,ATL,1,26,7,3,62,93,27,42
2024,00-0036309,ATL,6,0,0,5,62,93,27,42
2024,00-0034407,ATL,6,1,0,1,62,93,27,42
2024,00-0037661,MIA,0,0,0,1,90,71,20,36
2024,00-0038720,MIA,6,0,0,0,90,71,20,36
2024,00-0033858,MIA,18,1,0,8,90,71,20,36
2024,00-0036212,MIA,0,2,0,0,90,71,20,36
2024,00-0034419,MIA,1,0,0,0,90,71,20,36
2024,00-0034798,MIA,3,0,0,0,90,71,20,36
2024,00-0032688,MIA,2,0,0,0,90,71,20,36
2024,00-0036554,HOU,15,0,0,8,74,96,19,38
2024,00-0039918,CHI,0,11,1,0,78,60,24,33
2024,00-0039919,CHI,17,0,0,3,78,60,24,33
2024,00-0036906,CHI,4,7,4,1,78,60,24,33
2024,00-0034383,HOU,8,0,0,2,74,96,19,38
2024,00-0036414,HOU,4,13,4,5,74,96,19,38
2024,00-0036900,CIN,36,0,0,17,123,72,26,58
2024,00-0035341,CIN,6,0,0,0,123,72,26,58
2024,00-0034386,KC,6,0,0,2,122,102,31,51
2024,00-0039325,KC,2,10,4,0,122,102,31,51
2024,00-0038619,CIN,10,0,0,6,123,72,26,58
2024,00-0039067,KC,2,0,0,2,122,102,31,51
2024,00-0038981,KC,1,0,0,1,122,102,31,51
2024,00-0038982,CIN,0,0,0,1,123,72,26,58
2024,00-0033925,CLE,0,14,6,0,68,52,18,31
2024,00-0037257,CLE,1,0,0,0,68,52,18,31
2024,00-0033537,CLE,0,5,2,1,68,52,18,31
2024,00-0036196,JAX,10,0,0,2,70,70,22,32
2024,00-0035628,JAX,3,7,1,0,70,70,22,32
2024,00-0038935,JAX,6,0,0,2,70,70,22,32
2024,00-0038393,GB,14,0,0,5,82,107,36,55
2024,00-0036252,IND,14,0,0,3,66,106,39,42
2024,00-0038128,GB,0,5,3,1,82,107,36,55
2024,00-0036984,IND,3,14,7,2,66,106,39,42
2024,00-0038544,LAC,12,0,0,8,56,82,28,42
2024,00-0036355,LAC,0,8,4,2,56,82,28,42
2024,00-0039849,ARI,14,0,0,8,67,84,23,44
2024,00-0039041,ARI,3,0,0,2,67,84,23,44
2024,00-0036244,LA,10,0,0,2,97,103,29,41
2024,00-0035228,ARI,0,15,3,5,67,84,23,44
2024,00-0038582,ARI,0,1,0,0,67,84,23,44
2024,00-0034960,LV,16,0,0,4,65,62,23,32
2024,00-0031381,LV,27,0,0,8,65,62,23,32
2024,00-0039338,LV,16,0,0,5,65,62,23,32
2024,00-0038622,DAL,0,3,1,0,72,58,15,33
2024,00-0036358,DAL,20,1,0,6,72,58,15,33
2024,00-0037239,NO,6,0,0,1,47,65,17,39
2024,00-0031280,NO,0,4,3,1,47,65,17,39
2024,00-0037666,DAL,13,0,0,7,72,58,15,33
2024,00-0039530,DAL,2,0,0,0,72,58,15,33
2024,00-0039337,NYG,17,1,0,7,52,60,21,35
2024,00-0039384,NYG,6,22,5,6,52,60,21,35
2024,00-0036626,WAS,7,0,0,2,96,151,44,63
2024,00-0034837,TEN,8,2,0,5,51,63,11,40
2024,00-0039794,NYJ,1,11,2,3,95,45,13,42
2024,00-0037805,NYJ,3,0,0,0,95,45,13,42
2024,00-0039152,TEN,0,7,0,0,51,63,11,40
2024,00-0030564,TEN,14,0,0,6,51,63,11,40
2024,00-0033009,TEN,8,0,0,0,51,63,11,40
2024,00-0036894,PIT,14,0,0,7,63,97,28,39
2024,00-0038558,PIT,2,0,0,1,63,97,28,39
2024,00-0037228,PIT,7,17,4,1,63,97,28,39
2024,00-0037085,DEN,1,0,0,0,75,77,24,43
2024,00-0037252,DEN,1,0,0,0,75,77,24,43
2024,00-0039907,NE,5,1,0,2,66,70,19,32
2024,00-0033119,NE,0,3,1,0,66,70,19,32
2024,00-0033288,SF,21,0,0,8,83,100,30,40
2024,00-0034646,MIN,1,0,0,0,95,68,20,47
2024,00-0038129,TB,16,0,0,4,87,86,27,60
2024,00-0033106,DET,1,10,2,1,103,130,41,74
2024,00-0032464,DET,3,0,0,3,103,130,41,74
2024,00-0034855,TB,0,10,2,3,87,86,27,60
2024,00-0036550,BAL,11,0,0,11,71,98,25,70
2024,00-0033077,DAL,0,2,2,1,72,58,15,33
2024,00-0038547,DAL,1,0,0,1,72,58,15,33
2024,00-0036139,DAL,8,25,5,5,72,58,15,33
2024,00-0036555,CAR,11,46,22,11,79,71,29,42
2024,00-0038040,LV,0,7,2,1,65,62,23,32
2024,00-0039066,LV,6,0,0,0,65,62,23,32
2024,00-0035289,LV,0,2,0,0,65,62,23,32
2024,00-0030035,CAR,8,0,0,5,79,71,29,42
2024,00-0035243,CAR,4,7,2,3,79,71,29,42
2024,00-0038563,LV,5,3,1,4,65,62,23,32
2024,00-0033895,CHI,2,0,0,0,78,60,24,33
2024,00-0034827,CHI,23,0,0,6,78,60,24,33
2024,00-0039021,CHI,2,14,9,6,78,60,24,33
2024,00-0031763,CHI,3,0,0,0,78,60,24,33
2024,00-0039868,DEN,8,0,0,3,75,77,24,43
2024,00-0039361,TB,10,42,14,9,87,86,27,60
2024,00-0038589,TEN,5,0,0,1,51,63,11,40
2024,00-0032394,TEN,5,0,0,3,51,63,11,40
2024,00-0034728,TEN,0,0,0,1,51,63,11,40
2024,00-0033246,MIN,5,0,0,2,95,68,20,47
2024,00-0035689,BUF,7,0,0,1,74,146,42,73
2024,00-0033282,BUF,7,2,1,3,74,146,42,73
2024,00-0034775,JAX,5,0,0,1,70,70,22,32
2024,00-0036331,JAX,2,1,0,0,70,70,22,32
2024,00-0036332,JAX,2,0,0,0,70,70,22,32
2024,00-0038606,JAX,9,0,0,4,70,70,22,32
2024,00-0030578,PIT,3,1,1,1,63,97,28,39
2024,00-0038573,LAC,2,2,0,2,56,82,28,42
2024,00-0036646,LAC,2,0,0,0,56,82,28,42
2024,00-0037837,PIT,5,0,0,5,63,97,28,39
2024,00-0037247,PIT,16,0,0,4,63,97,28,39
2024,00-0037348,MIA,1,0,0,0,90,71,20,36
2024,00-0035125,MIA,1,2,1,1,90,71,20,36
2024,00-0034270,NYJ,10,0,0,4,95,45,13,42
2024,00-0023459,NYJ,0,2,0,0,95,45,13,42
2024,00-0033536,NYJ,3,0,0,1,95,45,13,42
2024,00-0039847,NYG,1,0,0,1,52,60,21,35
2024,00-0037834,SF,0,15,6,5,83,100,30,40
2024,00-0033591,WAS,4,0,0,1,96,151,44,63
2024,00-0034571,WAS,1,0,0,1,96,151,44,63
2024,00-0036410,CIN,25,0,0,10,123,72,26,58
2024,00-0035659,WAS,21,0,0,16,96,151,44,63
2024,00-0033376,BAL,2,0,0,2,71,98,25,70
2024,00-0039356,CAR,6,0,0,1,79,71,29,42
2024,00-0038710,CLE,2,0,0,1,68,52,18,31
2024,00-0037450,LV,0,1,0,0,65,62,23,32
2024,00-0036527,LV,4,3,0,2,65,62,23,32
2024,00-0028899,LV,0,0,0,2,65,62,23,32
2024,00-0036096,HOU,0,2,0,0,74,96,19,38
2024,00-0038555,JAX,0,35,11,7,70,70,22,32
2024,00-0036971,JAX,0,4,3,3,70,70,22,32
2024,00-0033854,HOU,6,5,0,1,74,96,19,38
2024,00-0033873,KC,0,16,2,4,122,102,31,51
2024,00-0033923,KC,10,47,18,9,122,102,31,51
2024,00-0033526,KC,4,2,1,2,122,102,31,51
2024,00-0037557,LA,0,4,0,0,97,103,29,41
2024,00-0039751,LA,2,0,0,0,97,103,29,41
2024,00-0036849,LA,3,2,1,0,97,103,29,41
2024,00-0035249,MIN,3,0,0,3,95,68,20,47
2024,00-0034869,MIN,0,7,2,1,95,68,20,47
2024,00-0034815,NE,0,0,0,1,66,70,19,32
2024,00-0032392,NE,9,0,0,3,66,70,19,32
2024,00-0034854,ATL,2,0,0,2,62,93,27,42
2024,00-0033357,NO,2,9,2,6,47,65,17,39
2024,00-0039623,NO,1,0,0,0,47,65,17,39
2024,00-0037810,NO,0,0,0,1,47,65,17,39
2024,00-0039052,TB,2,0,0,1,87,86,27,60
2024,00-0039589,TB,1,0,0,0,87,86,27,60
2024,00-0035639,PHI,1,0,0,1,68,173,58,71
2024,00-0038997,IND,14,0,0,5,66,106,39,42
2024,00-0039890,IND,7,2,0,0,66,106,39,42
2024,00-0037292,IND,3,0,0,1,66,106,39,42
2024,00-0039793,SEA,7,0,0,4,63,59,28,41
2024,00-0038752,SEA,3,0,0,1,63,59,28,41
2024,00-0032211,SEA,10,0,0,2,63,59,28,41
2024,00-0038543,SEA,16,0,0,6,63,59,28,41
2024,00-0039874,MIA,1,5,0,0,90,71,20,36
2024,00-0035993,MIA,0,3,1,2,90,71,20,36
2024,00-0033955,WAS,2,15,4,5,96,151,44,63
2024,00-0030061,WAS,27,0,0,8,96,151,44,63
2024,00-0039363,SF,0,14,5,4,83,100,30,40
2024,00-0036563,ARI,0,0,0,1,67,84,23,44
2024,00-0034753,BAL,17,2,0,11,71,98,25,70
2024,00-0038046,BAL,1,0,0,1,71,98,25,70
2024,00-0034364,CLE,7,0,0,2,68,52,18,31
2024,00-0038738,DAL,0,3,1,0,72,58,15,33
2024,00-0037304,PIT,2,0,0,1,63,97,28,39
2024,00-0039738,LA,0,8,5,0,97,103,29,41
2024,00-0039776,GB,0,0,0,1,82,107,36,55
2024,00-0036887,JAX,1,0,0,0,70,70,22,32
2024,00-0037120,IND,2,6,1,2,66,106,39,42
2024,00-0026158,IND,0,2,0,0,66,106,39,42
2024,00-0036874,LV,0,0,0,1,65,62,23,32
2024,00-0032104,LV,6,13,4,5,65,62,23,32
2024,00-0038621,NE,6,0,0,3,66,70,19,32
2024,00-0031687,MIA,3,15,4,2,90,71,20,36
2024,00-0035140,KC,5,3,0,1,122,102,31,51
2024,00-0033941,NYG,0,0,0,1,52,60,21,35
2024,00-0038477,SEA,0,0,0,1,63,59,28,41
2024,00-0035311,MIN,0,1,0,0,95,68,20,47
2024,00-0032918,MIN,0,1,1,1,95,68,20,47
2024,00-0032385,TB,7,4,0,1,87,86,27,60
2024,00-0036264,GB,0,11,2,1,82,107,36,55
2024,00-0034365,CAR,1,0,0,0,79,71,29,42
2024,00-0029604,ATL,0,3,0,0,62,93,27,42
2024,00-0039814,CIN,2,0,0,0,123,72,26,58
2024,00-0033885,CLE,16,0,0,5,68,52,18,31
2024,00-0033375,DET,10,0,0,3,103,130,41,74
2024,00-0032381,DET,1,0,0,0,103,130,41,74
2024,00-0038640,DAL,4,0,0,1,72,58,15,33
2024,00-0038608,NE,5,0,0,3,66,70,19,32
2024,00-0039757,NE,0,2,0,0,66,70,19,32
2024,00-0036182,TEN,10,0,0,9,51,63,11,40
2024,00-0033881,JAX,7,0,0,1,70,70,22,32
2024,00-0039391,LAC,0,5,0,1,56,82,28,42
2024,00-0034159,LAC,8,0,0,2,56,82,28,42
2024,00-0038976,DEN,6,0,0,6,75,77,24,43
2024,00-0036183,LV,3,0,0,1,65,62,23,32
2024,00-0035602,LV,1,0,0,0,65,62,23,32
2024,00-0037609,PIT,0,1,1,0,63,97,28,39
2024,00-0029892,SF,2,3,2,3,83,100,30,40
2024,00-0035973,SF,1,13,4,1,83,100,30,40
2024,00-0036268,SEA,0,0,0,1,63,59,28,41
2024,00-0036411,NO,0,0,0,1,47,65,17,39
2024,00-0039386,NO,1,0,0,1,47,65,17,39
2024,00-0038951,TB,0,5,3,3,87,86,27,60
2024,00-0035208,WAS,11,0,0,3,96,151,44,63
2024,00-0032052,CAR,0,0,0,1,79,71,29,42
2024,00-0039912,WAS,1,0,0,1,96,151,44,63
2024,00-0032268,WAS,0,2,1,1,96,151,44,63
2024,00-0038576,CIN,0,0,0,1,123,72,26,58
2024,00-0034791,CLE,1,18,6,4,68,52,18,31
2024,00-0038979,CLE,7,0,0,3,68,52,18,31
2024,00-0036422,DEN,5,0,0,2,75,77,24,43
2024,00-0035406,DEN,6,0,0,1,75,77,24,43
2024,00-0035672,NO,0,0,0,1,47,65,17,39
2024,00-0034418,NO,1,0,0,1,47,65,17,39
2024,00-0038807,DET,0,0,0,1,103,130,41,74
2024,00-0039365,SF,3,0,0,0,83,100,30,40
2024,00-0032128,SF,1,0,0,0,83,100,30,40
2024,00-0039916,SF,8,1,0,3,83,100,30,40
2024,00-0038647,SF,1,0,0,0,83,100,30,40
2024,00-0036349,LV,0,0,0,1,65,62,23,32
2024,00-0031235,MIA,4,0,0,0,90,71,20,36
2024,00-0035806,NE,1,0,0,1,66,70,19,32
2024,00-0037156,NYJ,1,0,0,0,95,45,13,42
2024,00-0029263,PIT,0,10,3,2,63,97,28,39
2024,00-0039047,ATL,0,0,0,1,62,93,27,42
2024,00-0037594,TEN,0,4,1,0,51,63,11,40
2024,00-0038098,CLE,1,0,0,0,68,52,18,31
2024,00-0031549,BAL,2,0,0,2,71,98,25,70
2024,00-0033869,BUF,0,7,0,0,74,146,42,73
2024,00-0039491,CAR,7,0,0,2,79,71,29,42
2024,00-0039424,DEN,7,0,0,3,75,77,24,43
2024,00-0038783,DEN,4,0,0,3,75,77,24,43
2024,00-0039373,DEN,0,11,2,2,75,77,24,43
2024,00-0038809,GB,2,0,0,0,82,107,36,55
2024,00-0038685,GB,3,9,1,1,82,107,36,55
2024,00-0037614,HOU,9,0,0,1,74,96,19,38
2024,00-0035547,KC,1,0,0,0,122,102,31,51
2024,00-0034487,MIN,1,0,0,1,95,68,20,47
2024,00-0039075,LA,17,4,1,4,97,103,29,41
2024,00-0037617,LAC,0,13,8,3,56,82,28,42
2024,00-0031690,LAC,1,0,0,0,56,82,28,42
2024,00-0039851,NE,0,5,1,2,66,70,19,32
2024,00-0038104,NE,1,0,0,0,66,70,19,32
2024,00-0033307,NE,2,0,0,1,66,70,19,32
2024,00-0039810,CIN,4,0,0,0,123,72,26,58
2024,00-0039746,PHI,1,5,1,1,68,173,58,71
2024,00-0034771,TEN,0,4,0,1,51,63,11,40
2024,00-0033662,DAL,0,5,0,0,72,58,15,33
2024,00-0031595,DEN,2,4,3,2,75,77,24,43
2024,00-0037667,GB,0,0,0,1,82,107,36,55
2024,00-0039920,NYJ,2,2,0,0,95,45,13,42
2024,00-0038618,HOU,3,0,0,0,74,96,19,38
2024,00-0035229,MIN,9,0,0,1,95,68,20,47
2024,00-0033393,MIN,0,0,0,1,95,68,20,47
2024,00-0038489,PHI,1,0,0,0,68,173,58,71
2024,00-0037235,PHI,0,0,0,1,68,173,58,71
2024,00-0031503,CLE,0,3,1,1,68,52,18,31
2024,00-0026498,LA,0,10,1,0,97,103,29,41
2024,00-0039834,SEA,0,0,0,1,63,59,28,41
2024,00-0035631,CIN,2,1,1,1,123,72,26,58
2024,00-0038039,CIN,0,0,0,1,123,72,26,58
2024,00-0036590,BUF,1,0,0,1,74,146,42,73
2024,00-0038678,NO,1,1,0,0,47,65,17,39
2024,00-0038824,TB,3,0,0,2,87,86,27,60
2024,00-0031484,NYG,1,0,0,1,52,60,21,35
2024,00-0038611,WAS,0,11,2,2,96,151,44,63
2024,00-0034272,NO,2,0,0,4,47,65,17,39
2024,00-0034376,IND,0,0,0,2,66,106,39,42
2024,00-0036630,BAL,1,0,0,1,71,98,25,70
2024,00-0037216,KC,1,0,0,0,122,102,31,51
2024,00-0039359,HOU,3,0,0,1,74,96,19,38
2024,00-0030431,HOU,4,0,0,0,74,96,19,38
2024,00-0039880,MIA,2,1,0,1,90,71,20,36
2024,00-0036972,JAX,0,2,2,1,70,70,22,32
2024,00-0033280,SF,4,7,1,0,83,100,30,40
2024,00-0038821,TB,2,0,0,0,87,86,27,60
2024,00-0036387,LAC,0,1,0,0,56,82,28,42
2024,00-0037654,LAC,1,0,0,0,56,82,28,42
2024,00-0039062,DAL,1,0,0,0,72,58,15,33
2024,00-0033876,DAL,0,0,0,2,72,58,15,33
2024,00-0036510,NYJ,1,0,0,1,95,45,13,42
2024,00-0038550,DET,0,1,0,0,103,130,41,74
2024,00-0037569,KC,1,0,0,0,122,102,31,51
2024,00-0037287,NE,1,0,0,1,66,70,19,32
2024,00-0039543,LV,1,0,0,0,65,62,23,32
2024,00-0038136,ARI,0,0,0,1,67,84,23,44
2024,00-0037012,DAL,0,3,1,0,72,58,15,33
2024,00-0037578,DAL,0,0,0,1,72,58,15,33
2024,00-0037487,CAR,1,1,0,0,79,71,29,42
2024,00-0037005,CAR,4,0,0,2,79,71,29,42
2024,00-0039147,MIA,0,0,0,1,90,71,20,36
2024,00-0038465,GB,3,0,0,2,82,107,36,55
2024,00-0038476,NYG,0,1,0,0,52,60,21,35
2024,00-0031298,TEN,0,0,0,1,51,63,11,40
2024,00-0037249,CLE,0,0,0,2,68,52,18,31
2024,00-0037300,CLE,3,0,0,0,68,52,18,31
2024,00-0037384,CLE,0,0,0,1,68,52,18,31
2024,00-0039366,ATL,0,0,0,1,62,93,27,42
2024,00-0034860,NO,4,0,0,1,47,65,17,39
2024,00-0038556,NYG,0,0,0,1,52,60,21,35
2024,00-0035704,NYG,0,2,1,2,52,60,21,35
2024,00-0037753,PIT,0,0,0,1,63,97,28,39
2024,00-0039741,CIN,0,0,0,1,123,72,26,58
2024,00-0039798,NYJ,3,3,0,2,95,45,13,42
2024,00-0036842,NYJ,0,0,0,1,95,45,13,42
2024,00-0031933,NYJ,0,0,0,1,95,45,13,42
2024,00-0036640,BUF,1,0,0,0,74,146,42,73
2024,00-0039344,CAR,2,3,1,0,79,71,29,42
2024,00-0037004,BUF,0,0,0,1,74,146,42,73
2024,00-0037086,PHI,2,0,0,1,68,173,58,71
2024,00-0037509,LV,1,5,2,0,65,62,23,32
2024,00-0038579,LV,0,2,1,1,65,62,23,32
2024,00-0038122,LV,0,1,0,0,65,62,23,32
2024,00-0038551,NO,0,3,0,1,47,65,17,39
2024,00-0038636,SEA,0,4,0,0,63,59,28,41
2024,00-0033439,SEA,1,0,0,0,63,59,28,41
2024,00-0039792,BAL,0,0,0,1,71,98,25,70
2024,00-0039796,BAL,0,3,0,0,71,98,25,70
2024,00-0026300,BAL,0,1,0,0,71,98,25,70
2024,00-0033863,DET,1,0,0,1,103,130,41,74
2024,00-0039631,CIN,2,0,0,0,123,72,26,58
2024,00-0034834,CIN,1,0,0,1,123,72,26,58
2024,00-0036199,TEN,0,0,0,1,51,63,11,40
2024,00-0039650,TEN,1,0,0,0,51,63,11,40
2024,00-0032950,KC,0,2,0,0,122,102,31,51
2024,00-0035629,ARI,0,0,0,1,67,84,23,44
2024,00-0035298,PIT,1,0,0,0,63,97,28,39
2024,00-0037475,LAC,1,0,0,0,56,82,28,42
2024,00-0034208,CAR,0,2,0,0,79,71,29,42
2024,00-0038583,CLE,0,2,0,0,68,52,18,31
2024,00-0039573,DEN,1,0,0,0,75,77,24,43
2024,00-0035567,DET,0,2,0,0,103,130,41,74
2024,00-0035662,KC,4,0,0,0,122,102,31,51
2024,00-0033110,LA,11,0,0,3,97,103,29,41
2024,00-0034675,NYG,0,0,0,1,52,60,21,35
2024,00-0032415,NYG,0,0,0,1,52,60,21,35
2024,00-0031941,WAS,3,0,0,2,96,151,44,63
2024,00-0031585,PIT,1,0,0,1,63,97,28,39
2024,00-0033281,PIT,0,0,0,1,63,97,28,39
2024,00-0033576,SF,4,0,0,1,83,100,30,40
2024,00-0036924,ARI,2,7,3,1,67,84,23,44
2024,00-0039917,ATL,0,2,2,1,62,93,27,42
2024,00-0036628,WAS,3,0,0,0,96,151,44,63
2024,00-0037429,CAR,0,1,0,0,79,71,29,42
2024,00-0039754,TB,2,0,0,0,87,86,27,60
2024,00-0039050,TB,2,0,0,2,87,86,27,60
2024,00-0037491,CAR,0,0,0,1,79,71,29,42
2024,00-0036928,TB,0,3,0,0,87,86,27,60
2024,00-0035253,DAL,0,0,0,1,72,58,15,33
2024,00-0038498,PHI,2,0,0,1,68,173,58,71
2024,00-0038102,PHI,0,2,2,1,68,173,58,71
2024,00-0036670,DET,0,3,1,0,103,130,41,74
2024,00-0033949,SF,0,3,1,2,83,100,30,40
2024,00-0037091,GB,2,0,0,0,82,107,36,55
2024,00-0039144,GB,1,0,0,0,82,107,36,55
2024,00-0036635,NYG,0,0,0,1,52,60,21,35
2024,00-0034115,MIA,0,2,0,0,90,71,20,36
2024,00-0038679,BUF,0,0,0,1,74,146,42,73
2024,00-0039398,NE,0,3,2,1,66,70,19,32
2024,00-0036187,BUF,0,1,1,0,74,146,42,73
2024,00-0037129,GB,0,0,0,1,82,107,36,55
2024,00-0039232,CLE,0,0,0,1,68,52,18,31
2024,00-0039617,CLE,2,0,0,0,68,52,18,31
2024,00-0036898,HOU,0,3,0,0,74,96,19,38
2024,00-0037524,TEN,0,0,0,1,51,63,11,40
2024,00-0034777,LAC,2,0,0,1,56,82,28,42
2024,00-0034054,MIA,1,0,0,0,90,71,20,36
2024,00-0039747,PHI,1,0,0,1,68,173,58,71
2024,00-0035860,ARI,0,0,0,1,67,84,23,44
2024,00-0033038,LAC,0,0,0,1,56,82,28,42
2024,00-0039852,MIN,0,0,0,1,95,68,20,47
2024,00-0039149,DET,0,0,0,1,103,130,41,74
2024,00-0039841,KC,0,0,0,1,122,102,31,51
2025,00-0039041,ARI,5,0,0,0,105,52,20,41
2025,00-0033906,NO,5,15,2,1,52,67,17,30
2025,00-0039921,ARI,2,3,1,0,105,52,20,41
2025,00-0035228,ARI,0,4,1,1,105,52,20,41
2025,00-0033553,ARI,1,5,3,2,105,52,20,41
2025,00-0039849,ARI,11,0,0,4,105,52,20,41
2025,00-0037744,ARI,34,0,0,11,105,52,20,41
2025,00-0037545,NO,10,1,0,5,52,67,17,30
2025,00-0039376,NO,1,5,1,0,52,67,17,30
2025,00-0039424,NO,5,0,0,2,52,67,17,30
2025,00-0036040,NO,8,0,0,3,52,67,17,30
2025,00-0037239,NO,15,0,0,9,52,67,17,30
2025,00-0039875,BUF,5,7,2,3,92,131,48,66
2025,00-0038933,BUF,11,0,0,7,92,131,48,66
2025,00-0032764,BAL,2,63,27,16,56,106,32,47
2025,00-0039796,BAL,1,2,0,1,56,106,32,47
2025,00-0034796,BAL,0,13,1,2,56,106,32,47
2025,00-0037248,BUF,3,63,18,14,92,131,48,66
2025,00-0037261,BUF,20,0,0,4,92,131,48,66
2025,00-0039901,BUF,14,0,0,5,92,131,48,66
2025,00-0034975,BAL,1,3,1,3,56,106,32,47
2025,00-0039064,BAL,12,1,0,6,56,106,32,47
2025,00-0034857,BUF,0,40,20,16,92,131,48,66
2025,00-0030564,BAL,3,0,0,2,56,106,32,47
2025,00-0036988,BUF,6,0,0,0,92,131,48,66
2025,00-0035537,BUF,4,19,6,5,92,131,48,66
2025,00-0036973,JAX,11,56,12,14,94,122,35,56
2025,00-0036971,JAX,0,28,12,9,94,122,35,56
2025,00-0040718,JAX,5,1,0,1,94,122,35,56
2025,00-0037004,JAX,4,0,0,2,94,122,35,56
2025,00-0040719,JAX,2,27,8,7,94,122,35,56
2025,00-0039893,JAX,8,1,0,4,94,122,35,56
2025,00-0036555,CAR,6,23,4,6,78,75,16,39
2025,00-0039342,CAR,13,0,0,3,78,75,16,39
2025,00-0038555,JAX,1,19,6,2,94,122,35,56
2025,00-0038597,CIN,12,37,13,11,82,62,20,57
2025,00-0040162,CLE,6,7,0,2,57,61,24,29
2025,00-0037267,CLE,6,4,3,0,57,61,24,29
2025,00-0040466,CLE,0,7,4,1,57,61,24,29
2025,00-0034829,CIN,8,0,0,2,82,62,20,57
2025,00-0035644,CIN,4,0,0,3,82,62,20,57
2025,00-0038979,CLE,4,0,0,2,57,61,24,29
2025,00-0040663,CLE,11,2,1,7,57,61,24,29
2025,00-0036997,DAL,12,54,20,13,104,90,33,49
2025,00-0034844,PHI,8,49,16,9,64,97,35,45
2025,00-0036389,PHI,0,27,12,8,64,97,35,45
2025,00-0037666,DAL,5,0,0,1,104,90,33,49
2025,00-0035243,DAL,1,6,1,1,104,90,33,49
2025,00-0040009,GB,4,1,0,1,74,100,29,48
2025,00-0037816,GB,20,0,0,7,74,100,29,48
2025,00-0038996,GB,12,0,0,6,74,100,29,48
2025,00-0038685,GB,3,3,0,0,74,100,29,48
2025,00-0039139,DET,15,52,10,18,90,92,27,56
2025,00-0039065,DET,6,0,0,3,90,92,27,56
2025,00-0039146,GB,6,0,0,2,74,100,29,48
2025,00-0035685,DET,2,35,17,8,90,92,27,56
2025,00-0036963,DET,35,1,0,11,90,92,27,56
2025,00-0035700,GB,6,58,22,14,74,100,29,48
2025,00-0036264,GB,0,6,2,0,74,100,29,48
2025,00-0037240,DET,9,1,0,7,90,92,27,56
2025,00-0040669,DET,11,0,0,6,90,92,27,56
2025,00-0039163,HOU,0,8,2,1,88,88,25,39
2025,00-0036554,HOU,19,1,0,7,88,88,25,39
2025,00-0037258,HOU,0,1,0,0,88,88,25,39
2025,00-0039751,LA,1,1,0,0,126,103,37,76
2025,00-0037840,LA,14,61,20,17,126,103,37,76
2025,00-0026498,LA,0,8,3,0,126,103,37,76
2025,00-0039074,LA,7,0,0,3,126,103,37,76
2025,00-0036244,LA,24,0,0,9,126,103,37,76
2025,00-0040666,LAC,2,26,8,5,81,81,23,39
2025,00-0038544,LAC,15,0,0,8,81,81,23,39
2025,00-0037197,KC,4,20,0,2,81,88,21,39
2025,00-0035662,KC,10,0,0,5,81,88,21,39
2025,00-0033873,KC,0,15,2,5,81,88,21,39
2025,00-0030279,LAC,17,0,0,4,81,81,23,39
2025,00-0030506,KC,13,1,1,5,81,88,21,39
2025,00-0036637,KC,3,0,0,0,81,88,21,39
2025,00-0038492,KC,1,0,0,0,81,88,21,39
2025,00-0038563,LV,10,1,0,5,62,47,13,28
2025,00-0032392,NE,5,0,0,2,73,103,30,64
2025,00-0036875,NE,8,31,13,10,73,103,30,64
2025,00-0038621,NE,7,1,0,4,73,103,30,64
2025,00-0040734,NE,4,37,8,10,73,103,30,64
2025,00-0040122,LV,10,35,11,10,62,47,13,28
2025,00-0039066,LV,6,0,0,1,62,47,13,28
2025,00-0036223,IND,5,71,24,20,83,103,36,54
2025,00-0037664,IND,9,0,0,6,83,103,36,54
2025,00-0035710,IND,0,16,6,5,83,103,36,54
2025,00-0036252,IND,18,0,0,7,83,103,36,54
2025,00-0040128,IND,23,4,3,5,83,103,36,54
2025,00-0040179,IND,1,5,1,0,83,103,36,54
2025,00-0035021,IND,1,2,0,0,83,103,36,54
2025,00-0040198,MIA,2,19,6,4,67,70,16,39
2025,00-0036613,MIA,11,0,0,6,67,70,16,39
2025,00-0037348,MIA,3,0,0,0,67,70,16,39
2025,00-0039040,MIA,11,32,5,12,67,70,16,39
2025,00-0038720,MIA,4,0,0,0,67,70,16,39
2025,00-0035208,CHI,14,0,0,3,85,114,32,53
2025,00-0036275,CHI,1,47,17,11,85,114,32,53
2025,00-0039918,CHI,1,21,2,4,85,114,32,53
2025,00-0037525,MIN,1,29,7,6,77,58,15,37
2025,00-0036322,MIN,19,0,0,2,77,58,15,37
2025,00-0036986,MIN,0,0,0,1,77,58,15,37
2025,00-0037291,MIN,13,0,0,4,77,58,15,37
2025,00-0035249,MIN,7,0,0,4,77,58,15,37
2025,00-0033293,MIN,5,14,3,3,77,58,15,37
2025,00-0030035,MIN,5,0,0,0,77,58,15,37
2025,00-0039923,MIN,0,6,1,4,77,58,15,37
2025,00-0039919,CHI,14,0,0,6,85,114,32,53
2025,00-0033699,WAS,0,2,0,0,51,94,37,40
2025,00-0030061,WAS,9,0,0,4,51,94,37,40
2025,00-0039337,NYG,4,0,0,2,68,98,31,47
2025,00-0039847,NYG,14,0,0,5,68,98,31,47
2025,00-0029263,NYG,0,7,1,0,68,98,31,47
2025,00-0040715,NYG,4,24,10,7,68,98,31,47
2025,00-0040242,WAS,1,32,13,8,51,94,37,40
2025,00-0033591,WAS,2,0,0,0,51,94,37,40
2025,00-0039910,WAS,0,7,3,2,51,94,37,40
2025,00-0035719,WAS,13,4,1,6,51,94,37,40
2025,00-0038115,NYG,6,0,0,2,68,98,31,47
2025,00-0038117,NYG,14,0,0,4,68,98,31,47
2025,00-0039794,NYJ,2,7,1,1,61,63,12,28
2025,00-0039798,NYJ,2,9,0,1,61,63,12,28
2025,00-0036862,PIT,1,0,0,1,79,81,29,46
2025,00-0037740,NYJ,5,0,0,4,61,63,12,28
2025,00-0037228,PIT,5,41,14,8,79,81,29,46
2025,00-0033858,PIT,8,2,0,3,79,81,29,46
2025,00-0036945,NYJ,1,13,5,4,61,63,12,28
2025,00-0037837,PIT,4,0,0,3,79,81,29,46
2025,00-0038120,NYJ,9,24,4,5,61,63,12,28
2025,00-0033280,SF,27,80,21,19,95,105,27,53
2025,00-0037834,SF,0,7,2,3,95,105,27,53
2025,00-0033288,SF,13,1,0,7,95,105,27,53
2025,00-0038134,SEA,4,51,9,9,81,119,31,57
2025,00-0039793,SEA,16,3,1,8,81,119,31,57
2025,00-0039165,SEA,3,53,19,12,81,119,31,57
2025,00-0036259,SF,23,0,0,9,95,105,27,53
2025,00-0039916,SF,4,0,0,0,95,105,27,53
2025,00-0037112,SF,7,0,0,5,95,105,27,53
2025,00-0038542,ATL,13,36,11,11,64,72,24,39
2025,00-0040129,TB,15,1,1,6,76,71,22,42
2025,00-0039361,TB,4,18,0,4,76,71,22,42
2025,00-0037263,ATL,1,32,10,8,64,72,24,39
2025,00-0039917,ATL,0,3,2,1,64,72,24,39
2025,00-0037238,ATL,16,0,0,7,64,72,24,39
2025,00-0035261,TEN,1,19,4,5,51,45,12,29
2025,00-0037594,TEN,0,4,2,0,51,45,12,29
2025,00-0034348,DEN,21,0,0,8,95,87,21,47
2025,00-0036158,DEN,0,20,7,4,95,87,21,47
2025,00-0039732,DEN,1,22,1,5,95,87,21,47
2025,00-0034487,DEN,2,0,0,0,95,87,21,47
2025,00-0036309,ATL,8,0,0,1,64,72,24,39
2025,00-0034407,ATL,1,0,0,0,64,72,24,39
2025,00-0035689,BUF,14,0,0,4,92,131,48,66
2025,00-0036980,BUF,0,1,1,1,92,131,48,66
2025,00-0040736,NYJ,9,0,0,1,61,63,12,28
2025,00-0037805,NYJ,3,0,0,1,61,63,12,28
2025,00-0036933,CAR,0,0,0,1,78,75,16,39
2025,00-0040124,CAR,15,0,0,7,78,75,16,39
2025,00-0036139,CAR,6,35,9,7,78,75,16,39
2025,00-0039150,CAR,0,12,2,3,78,75,16,39
2025,00-0034983,CAR,6,0,0,2,78,75,16,39
2025,00-0038559,ARI,17,0,0,7,105,52,20,41
2025,00-0039356,CAR,10,0,0,1,78,75,16,39
2025,00-0036754,DET,2,0,0,2,90,92,27,56
2025,00-0040236,CHI,4,42,13,5,85,114,32,53
2025,00-0040735,CHI,7,0,0,2,85,114,32,53
2025,00-0036630,BAL,2,0,0,1,56,106,32,47
2025,00-0037340,BAL,1,0,0,0,56,106,32,47
2025,00-0034753,BAL,15,3,3,6,56,106,32,47
2025,00-0039792,BAL,1,0,0,3,56,106,32,47
2025,00-0034874,CLE,0,0,0,1,57,61,24,29
2025,00-0040782,CLE,4,0,0,0,57,61,24,29
2025,00-0038997,IND,15,0,0,4,83,103,36,54
2025,00-0038976,DEN,3,2,0,4,95,87,21,47
2025,00-0033217,IND,6,0,0,1,83,103,36,54
2025,00-0039868,DEN,21,0,0,6,95,87,21,47
2025,00-0036422,DEN,1,0,0,1,95,87,21,47
2025,00-0036626,JAX,9,1,0,1,94,122,35,56
2025,00-0033375,JAX,9,0,0,3,94,122,35,56
2025,00-0036900,CIN,22,0,0,8,82,62,20,57
2025,00-0036410,CIN,16,0,0,11,82,62,20,57
2025,00-0038839,CIN,5,0,0,2,82,62,20,57
2025,00-0040238,JAX,2,4,1,0,94,122,35,56
2025,00-0035100,CIN,0,2,1,1,82,62,20,57
2025,00-0040727,LAC,5,1,0,1,81,81,23,39
2025,00-0034960,LV,16,2,1,3,62,47,13,28
2025,00-0039338,LV,18,0,0,7,62,47,13,28
2025,00-0036893,LAC,0,1,0,0,81,81,23,39
2025,00-0036355,LAC,0,17,5,2,81,81,23,39
2025,00-0039075,LA,21,4,1,14,126,103,37,76
2025,00-0033110,LA,10,0,0,3,126,103,37,76
2025,00-0039738,LA,1,28,13,6,126,103,37,76
2025,00-0031381,LA,34,0,0,15,126,103,37,76
2025,00-0034837,TEN,2,0,0,0,51,45,12,29
2025,00-0040170,TEN,8,0,0,4,51,45,12,29
2025,00-0040705,TEN,14,2,2,6,51,45,12,29
2025,00-0036328,NE,0,4,2,2,73,103,30,64
2025,00-0033555,NE,6,0,0,3,73,103,30,64
2025,00-0038608,NE,5,0,0,7,73,103,30,64
2025,00-0039851,NE,0,25,4,5,73,103,30,64
2025,00-0033090,NE,24,0,0,8,73,103,30,64
2025,00-0039880,NE,11,3,0,5,73,103,30,64
2025,00-0037247,DAL,24,0,0,9,104,90,33,49
2025,00-0036358,DAL,17,0,0,3,104,90,33,49
2025,00-0037801,DAL,5,0,0,2,104,90,33,49
2025,00-0035535,NYG,8,0,0,1,68,98,31,47
2025,00-0036265,PHI,1,2,0,0,64,97,35,45
2025,00-0033923,KC,5,38,15,9,81,88,21,39
2025,00-0038104,KC,4,0,0,3,81,88,21,39
2025,00-0040648,SEA,4,0,0,6,81,119,31,57
2025,00-0040739,SEA,5,0,0,1,81,119,31,57
2025,00-0035640,PIT,13,1,0,7,79,81,29,46
2025,00-0038558,PIT,9,0,0,1,79,81,29,46
2025,00-0036919,PIT,17,23,9,8,79,81,29,46
2025,00-0036894,PIT,9,0,0,4,79,81,29,46
2025,00-0039299,PIT,0,6,0,2,79,81,29,46
2025,00-0029892,SF,6,1,1,2,95,105,27,53
2025,00-0036887,SF,4,0,0,2,95,105,27,53
2025,00-0038551,NO,0,5,0,1,52,67,17,30
2025,00-0038824,TB,1,0,0,1,76,71,22,42
2025,00-0034791,HOU,2,13,6,3,88,88,25,39
2025,00-0034386,HOU,2,0,0,0,88,88,25,39
2025,00-0031408,TB,9,0,0,3,76,71,22,42
2025,00-0037256,TB,10,19,9,4,76,71,22,42
2025,00-0038129,TB,7,0,0,1,76,71,22,42
2025,00-0040667,GB,2,2,0,1,74,100,29,48
2025,00-0035659,WAS,8,0,0,3,51,94,37,40
2025,00-0039355,WAS,3,0,0,3,51,94,37,40
2025,00-0035500,ARI,7,3,1,4,105,52,20,41
2025,00-0038705,ARI,4,5,0,1,105,52,20,41
2025,00-0037746,SF,4,13,2,2,95,105,27,53
2025,00-0036972,SF,0,3,1,0,95,105,27,53
2025,00-0037005,CAR,5,0,0,2,78,75,16,39
2025,00-0039380,ATL,0,0,0,1,64,72,24,39
2025,00-0036222,CIN,0,0,0,2,82,62,20,57
2025,00-0035229,MIN,11,1,0,3,77,58,15,37
2025,00-0032950,MIN,0,2,0,0,77,58,15,37
2025,00-0035631,CIN,1,0,0,1,82,62,20,57
2025,00-0038041,DAL,25,0,0,8,104,90,33,49
2025,00-0036290,CHI,9,0,0,3,85,114,32,53
2025,00-0034827,CHI,13,3,0,9,85,114,32,53
2025,00-0040189,LAC,15,0,0,3,81,81,23,39
2025,00-0039915,LAC,15,0,0,6,81,81,23,39
2025,00-0033106,DET,0,3,0,0,90,92,27,56
2025,00-0036550,BAL,9,0,0,2,56,106,32,47
2025,00-0038393,GB,4,0,0,2,74,100,29,48
2025,00-0037306,GB,4,0,0,1,74,100,29,48
2025,00-0040784,CLE,1,33,12,7,57,61,24,29
2025,00-0038609,CLE,1,0,0,0,57,61,24,29
2025,00-0038606,JAX,19,1,1,8,94,122,35,56
2025,00-0040583,HOU,10,41,9,7,88,88,25,39
2025,00-0034383,HOU,14,0,0,3,88,88,25,39
2025,00-0033393,TEN,0,0,0,1,51,45,12,29
2025,00-0040676,TEN,0,10,2,2,51,45,12,29
2025,00-0040078,KC,7,10,1,1,81,88,21,39
2025,00-0033857,KC,9,0,0,1,81,88,21,39
2025,00-0037741,PHI,5,0,0,1,64,97,35,45
2025,00-0036912,PHI,13,0,0,4,64,97,35,45
2025,00-0034351,PHI,17,1,1,13,64,97,35,45
2025,00-0035676,PHI,13,0,0,7,64,97,35,45
2025,00-0037073,LA,0,0,0,1,126,103,37,76
2025,00-0038611,WAS,1,33,14,6,51,94,37,40
2025,00-0032268,WAS,0,8,3,1,51,94,37,40
2025,00-0040164,WAS,2,0,0,2,51,94,37,40
2025,00-0033955,WAS,3,6,2,1,51,94,37,40
2025,00-0040194,BUF,3,0,0,3,92,131,48,66
2025,00-0033040,MIA,2,0,0,1,67,70,16,39
2025,00-0038543,SEA,23,0,0,12,81,119,31,57
2025,00-0033908,SEA,16,0,0,3,81,119,31,57
2025,00-0033576,SEA,4,0,0,0,81,119,31,57
2025,00-0036741,NO,1,0,0,1,52,67,17,30
2025,00-0035699,NYJ,0,0,0,1,61,63,12,28
2025,00-0032385,TB,8,0,0,1,76,71,22,42
2025,00-0034521,NYJ,6,0,0,1,61,63,12,28
2025,00-0039142,TB,0,0,0,1,76,71,22,42
2025,00-0034855,TB,0,9,1,1,76,71,22,42
2025,00-0037253,CAR,0,0,0,4,78,75,16,39
2025,00-0031588,NE,13,0,0,5,73,103,30,64
2025,00-0040644,CAR,0,4,1,0,78,75,16,39
2025,00-0040187,CAR,5,0,0,2,78,75,16,39
2025,00-0031687,LV,1,4,0,0,62,47,13,28
2025,00-0040581,LV,2,0,0,0,62,47,13,28
2025,00-0036727,DEN,2,2,1,0,95,87,21,47
2025,00-0040134,DEN,8,1,0,1,95,87,21,47
2025,00-0033881,DEN,12,0,0,1,95,87,21,47
2025,00-0040730,DEN,13,31,10,12,95,87,21,47
2025,00-0036407,CLE,9,0,0,2,57,61,24,29
2025,00-0026158,CLE,0,7,3,1,57,61,24,29
2025,00-0033885,CLE,9,0,0,4,57,61,24,29
2025,00-0032464,CLE,2,0,0,2,57,61,24,29
2025,00-0033077,DAL,0,12,7,2,104,90,33,49
2025,00-0038797,GB,3,24,4,3,74,100,29,48
2025,00-0036849,LA,1,0,0,1,126,103,37,76
2025,00-0040691,NYG,0,22,7,9,68,98,31,47
2025,00-0035250,NYG,2,22,10,5,68,98,31,47
2025,00-0038440,MIN,3,3,1,1,77,58,15,37
2025,00-0040142,PIT,0,4,0,0,79,81,29,46
2025,00-0035298,PIT,2,0,0,0,79,81,29,46
2025,00-0031236,NO,2,0,0,0,52,67,17,30
2025,00-0031610,MIA,8,0,0,6,67,70,16,39
2025,00-0039002,TB,0,0,0,1,76,71,22,42
2025,00-0033921,TB,8,0,0,2,76,71,22,42
2025,00-0034775,HOU,10,0,0,3,88,88,25,39
2025,00-0040130,HOU,9,0,0,6,88,88,25,39
2025,00-0036970,ATL,13,0,0,5,64,72,24,39
2025,00-0034959,NYJ,2,1,0,2,61,63,12,28
2025,00-0033943,NYJ,2,0,0,0,61,63,12,28
2025,00-0033526,CIN,1,16,4,3,82,62,20,57
2025,00-0038619,CIN,7,0,0,2,82,62,20,57
2025,00-0038618,HOU,8,1,0,3,88,88,25,39
2025,00-0038454,BAL,0,14,0,1,56,106,32,47
2025,00-0040138,HOU,5,2,0,2,88,88,25,39
2025,00-0039894,KC,6,0,0,1,81,88,21,39
2025,00-0037244,KC,0,0,0,1,81,88,21,39
2025,00-0030565,LV,0,7,2,0,62,47,13,28
2025,00-0037757,IND,1,0,0,0,83,103,36,54
2025,00-0040729,LV,4,0,0,0,62,47,13,28
2025,00-0032104,IND,1,3,1,1,83,103,36,54
2025,00-0036423,LV,1,0,0,0,62,47,13,28
2025,00-0040218,CAR,3,0,0,0,78,75,16,39
2025,00-0038994,MIN,13,0,0,4,77,58,15,37
2025,00-0033282,BUF,3,0,0,1,92,131,48,66
2025,00-0033357,NO,0,13,3,1,52,67,17,30
2025,00-0038588,NYG,0,0,0,1,68,98,31,47
2025,00-0033307,SF,2,0,0,0,95,105,27,53
2025,00-0032775,SF,5,0,0,2,95,105,27,53
2025,00-0038951,TB,3,21,11,8,76,71,22,42
2025,00-0036924,ARI,7,8,3,1,105,52,20,41
2025,00-0037157,ARI,6,17,8,5,105,52,20,41
2025,00-0040584,TEN,8,0,0,2,51,45,12,29
2025,00-0032211,TEN,3,0,0,2,51,45,12,29
2025,00-0032398,WAS,2,0,0,1,51,94,37,40
2025,00-0039391,LAC,6,28,8,4,81,81,23,39
2025,00-0033891,ARI,2,0,0,0,105,52,20,41
2025,00-0033119,ARI,0,5,3,1,105,52,20,41
2025,00-0040126,CHI,19,1,0,6,85,114,32,53
2025,00-0034613,CIN,6,0,0,2,82,62,20,57
2025,00-0037304,PIT,2,6,4,3,79,81,29,46
2025,00-0039379,CLE,1,0,0,0,57,61,24,29
2025,00-0036425,CAR,0,1,0,0,78,75,16,39
2025,00-0039410,DAL,7,0,0,4,104,90,33,49
2025,00-0038738,DAL,4,1,0,1,104,90,33,49
2025,00-0038547,DAL,2,0,0,0,104,90,33,49
2025,00-0038783,DEN,2,0,0,1,95,87,21,47
2025,00-0036427,NYJ,3,0,0,1,61,63,12,28
2025,00-0040184,LAC,2,0,0,1,81,81,23,39
2025,00-0037617,LAC,0,2,0,0,81,81,23,39
2025,00-0035125,MIA,0,1,0,0,67,70,16,39
2025,00-0040737,LA,4,1,0,3,126,103,37,76
2025,00-0035993,BAL,0,7,0,0,56,106,32,47
2025,00-0035406,NYG,5,0,0,2,68,98,31,47
2025,00-0039384,NYG,5,21,2,4,68,98,31,47
2025,00-0034869,SEA,0,6,2,0,81,119,31,57
2025,00-0039589,TB,0,0,0,1,76,71,22,42
2025,00-0040237,TB,7,2,0,5,76,71,22,42
2025,00-0034678,LV,1,0,0,0,62,47,13,28
2025,00-0036415,TEN,3,0,0,1,51,45,12,29
2025,00-0039032,TEN,7,10,2,2,51,45,12,29
2025,00-0037809,TEN,5,0,0,2,51,45,12,29
2025,00-0039648,TEN,1,0,0,1,51,45,12,29
2025,00-0039108,SEA,0,0,0,1,81,119,31,57
2025,00-0034419,HOU,2,0,0,0,88,88,25,39
2025,00-0040590,LA,6,0,0,1,126,103,37,76
2025,00-0038359,LA,3,0,0,0,126,103,37,76
2025,00-0039067,KC,19,3,2,6,81,88,21,39
2025,00-0040704,CLE,0,2,0,0,57,61,24,29
2025,00-0036212,MIA,0,2,0,0,67,70,16,39
2025,00-0036974,MIA,0,0,0,1,67,70,16,39
2025,00-0036286,TEN,0,0,0,1,51,45,12,29
2025,00-0033538,DEN,1,0,0,0,95,87,21,47
2025,00-0037085,DEN,4,2,1,0,95,87,21,47
2025,00-0039740,MIN,0,0,0,1,77,58,15,37
2025,00-0037275,WAS,0,0,0,1,51,94,37,40
2025,00-0036628,WAS,2,0,0,1,51,94,37,40
2025,00-0037838,BAL,6,0,0,1,56,106,32,47
2025,00-0038046,BAL,3,0,0,2,56,106,32,47
2025,00-0036331,CHI,1,0,0,0,85,114,32,53
2025,00-0040586,DAL,0,7,1,1,104,90,33,49
2025,00-0039739,PIT,1,0,0,2,79,81,29,46
2025,00-0036182,MIA,2,0,0,0,67,70,16,39
2025,00-0034418,MIA,3,0,0,0,67,70,16,39
2025,00-0040432,NYG,1,0,0,0,68,98,31,47
2025,00-0033854,HOU,3,6,3,1,88,88,25,39
2025,00-0035254,NO,0,0,0,1,52,67,17,30
2025,00-0039623,NO,2,0,0,0,52,67,17,30
2025,00-0039900,ARI,0,0,0,1,105,52,20,41
2025,00-0039757,NE,0,4,2,1,73,103,30,64
2025,00-0038840,CAR,2,0,0,0,78,75,16,39
2025,00-0038576,CIN,0,0,0,1,82,62,20,57
2025,00-0037329,CHI,0,0,0,1,85,114,32,53
2025,00-0039603,HOU,0,2,2,0,88,88,25,39
2025,00-0036898,HOU,0,3,2,1,88,88,25,39
2025,00-0023459,PIT,0,3,2,1,79,81,29,46
2025,00-0037120,IND,1,0,0,0,83,103,36,54
2025,00-0035672,LAC,0,0,0,1,81,81,23,39
2025,00-0038614,LAC,1,0,0,1,81,81,23,39
2025,00-0036755,LAC,0,6,2,1,81,81,23,39
2025,00-0040202,NO,1,5,2,2,52,67,17,30
2025,00-0035891,SEA,0,0,0,1,81,119,31,57
2025,00-0035645,NYG,2,0,0,1,68,98,31,47
2025,00-0031411,ARI,0,0,0,2,105,52,20,41
2025,00-0040058,SEA,1,0,0,0,81,119,31,57
2025,00-0039874,MIA,0,12,4,2,67,70,16,39
2025,00-0036842,NYJ,0,3,2,1,61,63,12,28
2025,00-0039451,CLE,1,0,0,2,57,61,24,29
2025,00-0039912,WAS,1,0,0,1,51,94,37,40
2025,00-0032759,JAX,0,0,0,2,94,122,35,56
2025,00-0040131,NE,0,0,0,3,73,103,30,64
2025,00-0035628,NE,0,1,1,0,73,103,30,64
2025,00-0034981,NO,1,0,0,0,52,67,17,30
2025,00-0040743,NO,0,14,6,3,52,67,17,30
2025,00-0035525,BAL,0,0,0,2,56,106,32,47
2025,00-0039491,CAR,7,0,0,4,78,75,16,39
2025,00-0036231,CIN,0,0,0,1,82,62,20,57
2025,00-0035795,CIN,0,0,0,1,82,62,20,57
2025,00-0037563,DAL,0,8,2,2,104,90,33,49
2025,00-0039530,DAL,2,0,0,1,104,90,33,49
2025,00-0038124,GB,7,1,0,7,74,100,29,48
2025,00-0038589,GB,1,0,0,1,74,100,29,48
2025,00-0031503,NYG,0,2,1,2,68,98,31,47
2025,00-0038938,NYG,1,0,0,0,68,98,31,47
2025,00-0038794,DEN,0,6,1,1,95,87,21,47
2025,00-0033246,JAX,1,0,0,0,94,122,35,56
2025,00-0039890,NYJ,8,0,0,2,61,63,12,28
2025,00-0037614,NYJ,5,0,0,2,61,63,12,28
2025,00-0039521,ARI,3,0,0,0,105,52,20,41
2025,00-0035876,ARI,2,0,0,0,105,52,20,41
2025,00-0036196,BUF,6,0,0,1,92,131,48,66
2025,00-0038679,BUF,0,0,0,1,92,131,48,66
2025,00-0036187,BUF,1,1,1,0,92,131,48,66
2025,00-0037252,MIA,7,1,1,1,67,70,16,39
2025,00-0035359,ATL,6,0,0,2,64,72,24,39
2025,00-0034361,ATL,0,0,0,1,64,72,24,39
2025,00-0037292,IND,2,0,0,1,83,103,36,54
2025,00-0040706,JAX,0,0,0,1,94,122,35,56
2025,00-0038935,JAX,11,0,0,3,94,122,35,56
2025,00-0036199,NE,0,0,0,1,73,103,30,64
2025,00-0036165,NYG,4,0,0,1,68,98,31,47
2025,00-0038496,PHI,1,0,0,0,64,97,35,45
2025,00-0038577,CHI,0,0,0,1,85,114,32,53
2025,00-0034771,PIT,0,1,0,0,79,81,29,46
2025,00-0040522,TEN,1,0,0,0,51,45,12,29
2025,00-0037839,TB,0,0,0,1,76,71,22,42
2025,00-0036406,TB,1,0,0,1,76,71,22,42
2025,00-0028118,NYJ,0,3,0,1,61,63,12,28
2025,00-0037288,PIT,0,0,0,2,79,81,29,46
2025,00-0036442,CIN,0,2,1,0,82,62,20,57
2025,00-0037742,WAS,4,0,0,1,51,94,37,40
2025,00-0033455,DET,3,0,0,0,90,92,27,56
2025,00-0034073,DET,3,0,0,0,90,92,27,56
2025,00-0039359,HOU,4,5,0,0,88,88,25,39
2025,00-0036841,JAX,1,0,0,0,94,122,35,56
2025,00-0036590,JAX,2,0,0,1,94,122,35,56
2025,00-0035277,LA,0,0,0,1,126,103,37,76
2025,00-0036994,MIN,0,0,0,1,77,58,15,37
2025,00-0037091,GB,0,0,0,1,74,100,29,48
2025,00-0038891,LV,0,0,0,1,62,47,13,28
2025,00-0040206,IND,0,2,1,2,83,103,36,54
2025,00-0039373,NO,0,6,3,1,52,67,17,30
2025,00-0038953,ATL,4,0,0,0,64,72,24,39
2025,00-0039920,CLE,1,2,1,0,57,61,24,29
2025,00-0040668,CLE,0,2,1,1,57,61,24,29
2025,00-0040259,CLE,1,0,0,0,57,61,24,29
2025,00-0033439,ARI,1,0,0,0,105,52,20,41
2025,00-0039405,HOU,0,5,1,0,88,88,25,39
2025,00-0039855,TB,1,1,0,0,76,71,22,42
2025,00-0039754,TB,1,0,0,1,76,71,22,42
2025,00-0036429,ATL,1,0,0,0,64,72,24,39
2025,00-0036380,CIN,0,0,0,1,82,62,20,57
2025,00-0038397,NO,0,3,0,0,52,67,17,30
2025,00-0035291,CLE,2,0,0,0,57,61,24,29
2025,00-0036959,DEN,1,0,0,1,95,87,21,47
2025,00-0039144,GB,1,0,0,0,74,100,29,48
2025,00-0037241,LAC,1,0,0,0,81,81,23,39
2025,00-0034272,PIT,5,0,0,1,79,81,29,46
2025,00-0032918,MIN,0,2,2,2,77,58,15,37
2025,00-0035643,TEN,1,0,0,1,51,45,12,29
2025,00-0040556,ARI,1,2,0,0,105,52,20,41
2025,00-0031279,ATL,1,0,0,0,64,72,24,39
2025,00-0029604,ATL,0,1,1,1,64,72,24,39
2025,00-0039458,CLE,1,0,0,0,57,61,24,29
2025,00-0038128,GB,0,5,1,2,74,100,29,48
2025,00-0040277,CHI,2,0,0,2,85,114,32,53
2025,00-0037237,LV,0,0,0,1,62,47,13,28
2025,00-0039861,MIN,0,0,0,1,77,58,15,37
2025,00-0037755,NYJ,1,0,0,0,61,63,12,28
2025,00-0037231,NO,2,0,0,1,52,67,17,30
2025,00-0036534,DET,1,0,0,0,90,92,27,56
2025,00-0038625,IND,0,0,0,1,83,103,36,54
2025,00-0035386,SF,0,0,0,1,95,105,27,53
2025,00-0037324,KC,0,1,0,0,81,88,21,39
2025,00-0035956,DET,1,0,0,0,90,92,27,56
2025,00-0034159,LAC,1,0,0,0,81,81,23,39
2025,00-0034675,LA,0,0,0,1,126,103,37,76
2025,00-0039852,ATL,0,0,0,1,64,72,24,39
2025,00-0040563,NE,1,0,0,1,73,103,30,64
2025,00-0036906,NYJ,1,3,0,0,61,63,12,28
2025,00-0036321,TEN,0,0,0,1,51,45,12,29
2025,00-0039000,NYG,0,0,0,1,68,98,31,47
2025,00-0037086,PHI,3,0,0,1,64,97,35,45
2025,00-0040311,MIA,1,0,0,1,67,70,16,39
2025,00-0040234,MIA,1,0,0,0,67,70,16,39
2025,00-0036332,ARI,1,0,0,1,105,52,20,41
2025,00-0039050,TB,1,0,0,0,76,71,22,42
2025,00-0037516,CIN,0,0,0,1,82,62,20,57
2025,00-0039398,DAL,0,1,1,0,104,90,33,49
2025,00-0040021,DAL,0,1,1,1,104,90,33,49
2025,00-0031484,NYG,1,0,0,0,68,98,31,47
2025,00-0037276,MIN,2,1,1,0,77,58,15,37
2025,00-0038809,MIN,1,0,0,0,77,58,15,37
2025,00-0040628,GB,1,0,0,0,74,100,29,48
2025,00-0036883,IND,0,0,0,1,83,103,36,54
2025,00-0037384,LAC,0,0,0,1,81,81,23,39
2025,00-0039884,MIA,1,0,0,0,67,70,16,39
2025,00-0038647,NO,2,0,0,1,52,67,17,30
2025,00-0037098,NO,1,0,0,0,52,67,17,30
2025,00-0040406,NYJ,1,0,0,0,61,63,12,28
2025,00-0038596,TEN,0,0,0,1,51,45,12,29
2025,00-0039746,PHI,1,0,0,0,64,97,35,45
2025,00-0036876,PHI,1,0,0,0,64,97,35,45
2025,00-0026300,WAS,0,2,1,1,51,94,37,40
2025,00-0039838,PIT,0,0,0,1,79,81,29,46
2025,00-0037654,LAC,1,0,0,0,81,81,23,39
2025,00-0035140,BUF,1,0,0,1,92,131,48,66
2025,00-0039568,DEN,1,0,0,1,95,87,21,47
2025,00-0038752,SEA,2,0,0,1,81,119,31,57
2025,00-0035264,DEN,0,1,0,0,95,87,21,47
2025,00-0034350,NE,0,0,0,1,73,103,30,64
