season,player,team,situation,targets,receptions,recYds,carries,rushYds,scores,teamPlays
2021,00-0032764,TEN,earlyAndLong,13,12,105,144,670,2,577
2021,00-0032355,TEN,thirdAndLong,10,7,82,0,0,0,93
2021,00-0030564,ARI,earlyAndLong,28,21,297,0,0,0,560
2021,00-0035228,ARI,earlyAndLong,0,0,0,35,190,0,560
2021,00-0034681,ARI,earlyAndLong,30,22,156,73,341,0,560
2021,00-0027942,ARI,earlyAndLong,37,25,274,0,0,0,560
2021,00-0034681,ARI,insideTen,1,1,5,8,8,0,64
2021,00-0034775,ARI,earlyAndLong,55,40,483,1,11,0,560
2021,00-0036936,ARI,redZone,6,5,10,4,4,0,95
2021,00-0027942,ARI,insideTen,8,3,14,0,0,1,64
2021,00-0030564,ARI,insideTen,6,3,23,0,0,3,64
2021,00-0033955,TEN,thirdAndLong,11,9,92,6,17,0,93
2021,00-0030564,ARI,earlyDown,8,6,70,0,0,0,144
2021,00-0027942,ARI,thirdAndMedium,9,4,116,0,0,1,52
2021,00-0032355,TEN,earlyAndLong,21,16,169,1,9,0,577
2021,00-0033553,ARI,earlyAndLong,26,24,226,97,432,1,560
2021,00-0034681,ARI,earlyDown,3,3,13,20,79,0,144
2021,00-0033553,ARI,earlyDown,6,5,18,28,104,0,144
2021,00-0030564,ARI,redZone,7,4,65,0,0,4,95
2021,00-0035676,TEN,earlyAndLong,64,37,665,1,3,2,577
2021,00-0033455,TEN,earlyAndLong,11,9,73,0,0,0,577
2021,00-0027944,TEN,redZone,4,1,8,0,0,0,95
2021,00-0032141,TEN,redZone,4,1,8,0,0,0,95
2021,00-0036182,TEN,redZone,6,5,53,0,0,1,95
2021,00-0032764,TEN,goalLine,0,0,0,11,10,5,34
2021,00-0029701,TEN,goalLine,0,0,0,5,6,5,34
2021,00-0031558,ARI,earlyAndLong,12,11,137,0,0,0,560
2021,00-0036936,ARI,thirdAndLong,15,13,98,0,0,0,93
2021,00-0035228,ARI,earlyDown,0,0,0,9,79,0,144
2021,00-0034775,ARI,thirdAndMedium,10,7,126,0,0,1,52
2021,00-0033553,ARI,redZone,2,2,33,14,65,4,95
2021,00-0034681,ARI,redZone,6,6,20,8,44,1,95
2021,00-0033553,ARI,insideTen,1,1,5,13,52,3,64
2021,00-0035228,ARI,goalLine,0,0,0,5,3,3,36
2021,00-0027944,TEN,earlyAndLong,22,16,188,0,0,0,577
2021,00-0033955,TEN,earlyAndLong,8,6,48,17,60,0,577
2021,00-0027944,TEN,earlyDown,12,10,155,0,0,0,145
2021,00-0035676,TEN,thirdAndShort,4,2,10,0,0,0,39
2021,00-0036936,ARI,earlyAndLong,34,28,286,11,57,1,560
2021,00-0035676,TEN,redZone,8,5,60,1,7,3,95
2021,00-0032764,TEN,earlyDown,2,1,15,39,136,0,145
2021,00-0027944,TEN,thirdAndMedium,6,4,44,0,0,0,70
2021,00-0034775,ARI,redZone,4,3,28,0,0,1,95
2021,00-0035676,TEN,earlyDown,6,2,26,0,0,0,145
2021,00-0035676,TEN,thirdAndMedium,11,7,49,0,0,0,70
2021,00-0036182,TEN,earlyAndLong,21,14,180,0,0,0,577
2021,00-0033455,TEN,thirdAndLong,14,11,107,0,0,0,93
2021,00-0034681,ARI,thirdAndMedium,1,0,0,3,52,0,52
2021,00-0033553,ARI,thirdAndMedium,3,3,36,2,11,0,52
2021,00-0032355,TEN,earlyDown,3,3,26,0,0,0,145
2021,00-0033553,ARI,thirdAndShort,1,1,23,17,33,1,43
2021,00-0033553,ARI,aheadLate,0,0,0,8,8,0,13
2021,00-0035228,ARI,thirdAndLong,0,0,0,8,63,0,93
2021,00-0033955,TEN,chasingLate,7,5,35,5,16,0,36
2021,00-0031610,LV,earlyAndLong,53,32,403,0,0,0,552
2021,00-0035125,LV,earlyAndLong,6,5,64,0,0,0,552
2021,00-0033118,LV,earlyAndLong,20,18,183,32,141,1,552
2021,00-0031280,LV,earlyAndLong,0,0,0,10,53,0,552
2021,00-0031610,LV,thirdAndLong,8,5,94,0,0,0,79
2021,00-0035700,LV,earlyAndLong,44,38,255,125,555,0,552
2021,00-0034983,LV,earlyAndLong,62,52,534,2,7,0,552
2021,00-0031280,LV,thirdAndLong,0,0,0,3,42,0,79
2021,00-0036457,BAL,earlyAndLong,6,5,51,21,107,0,595
2021,00-0034796,BAL,earlyDown,0,0,0,17,93,0,152
2021,00-0034796,BAL,earlyAndLong,0,0,0,67,481,0,595
2021,00-0031325,BAL,thirdAndMedium,5,2,15,0,0,0,62
2021,00-0034753,BAL,earlyAndLong,80,56,740,0,0,0,595
2021,00-0035662,BAL,earlyAndLong,77,54,681,0,0,3,595
2021,00-0031325,BAL,earlyDown,4,1,49,0,0,0,152
2021,00-0034753,BAL,thirdAndLong,17,9,112,0,0,0,98
2021,00-0036331,BAL,earlyAndLong,19,13,76,4,15,0,595
2021,00-0030513,BAL,earlyDown,0,0,0,27,96,0,152
2021,00-0031325,BAL,thirdAndLong,8,3,42,0,0,0,98
2021,00-0031325,BAL,earlyAndLong,26,16,223,0,0,0,595
2021,00-0036457,BAL,redZone,3,2,15,3,14,0,88
2021,00-0035662,BAL,insideTen,7,3,18,0,0,2,54
2021,00-0033118,LV,earlyDown,7,4,26,10,27,0,157
2021,00-0031610,LV,redZone,11,5,33,0,0,0,109
2021,00-0035700,LV,goalLine,0,0,0,10,9,7,26
2021,00-0030513,BAL,earlyAndLong,7,7,49,59,296,1,595
2021,00-0034753,BAL,earlyDown,14,13,185,0,0,0,152
2021,00-0036457,BAL,thirdAndMedium,1,0,0,2,2,0,62
2021,00-0030513,BAL,fourthDown,1,0,0,2,0,0,22
2021,00-0033891,LV,earlyAndLong,35,26,308,1,-1,1,552
2021,00-0036357,LV,earlyAndLong,18,12,160,1,7,0,552
2021,00-0034983,LV,thirdAndLong,20,17,226,0,0,0,79
2021,00-0036365,LV,earlyDown,5,0,0,0,0,0,157
2021,00-0033118,LV,thirdAndLong,3,2,31,1,2,0,79
2021,00-0033376,BAL,earlyAndLong,9,6,50,0,0,0,595
2021,00-0036457,BAL,earlyDown,1,1,7,5,10,0,152
2021,00-0034983,LV,redZone,12,10,72,0,0,3,109
2021,00-0035700,LV,redZone,4,2,9,18,88,1,109
2021,00-0035700,LV,thirdAndShort,1,1,1,10,12,0,40
2021,00-0035662,BAL,thirdAndShort,3,0,0,1,5,0,29
2021,00-0030513,BAL,insideTen,0,0,0,9,32,2,54
2021,00-0036357,LV,earlyDown,8,6,84,1,7,0,157
2021,00-0036357,LV,thirdAndLong,4,3,138,0,0,1,79
2021,00-0031610,LV,insideTen,5,2,8,0,0,1,56
2021,00-0034796,BAL,thirdAndMedium,0,0,0,10,51,0,62
2021,00-0036365,LV,chasingLate,3,3,48,0,0,0,46
2021,00-0036365,LV,earlyAndLong,33,23,372,0,0,1,552
2021,00-0036365,LV,thirdAndMedium,8,5,136,0,0,0,60
2021,00-0034983,LV,insideTen,12,6,38,0,0,4,56
2021,00-0036309,CHI,earlyAndLong,71,49,699,3,14,1,522
2021,00-0035685,CHI,earlyDown,5,5,35,33,187,0,118
2021,00-0030874,CHI,redZone,1,1,6,4,15,0,84
2021,00-0036309,CHI,insideTen,6,3,9,1,0,2,58
2021,00-0035664,LA,earlyAndLong,26,21,152,84,409,1,644
2021,00-0033110,LA,earlyDown,10,7,56,0,0,0,155
2021,00-0036415,LA,earlyAndLong,46,28,448,2,20,2,644
2021,00-0035685,CHI,earlyAndLong,20,15,102,131,543,0,522
2021,00-0031428,CHI,earlyAndLong,25,12,127,0,0,0,522
2021,00-0036290,CHI,earlyDown,8,6,82,0,0,0,118
2021,00-0030874,CHI,thirdAndLong,5,3,34,1,1,1,92
2021,00-0033908,LA,earlyAndLong,109,83,1036,3,20,2,644
2021,00-0026189,LA,earlyAndLong,18,13,222,1,4,1,644
2021,00-0026498,LA,earlyAndLong,0,0,0,10,36,0,644
2021,00-0036415,LA,thirdAndMedium,5,1,5,0,0,0,66
2021,00-0030874,CHI,earlyAndLong,10,8,43,21,89,0,522
2021,00-0030068,CHI,earlyAndLong,21,11,154,1,-2,0,522
2021,00-0031868,CHI,thirdAndLong,4,3,40,0,0,0,92
2021,00-0033110,LA,earlyAndLong,44,34,388,0,0,0,644
2021,00-0030431,LA,earlyAndLong,33,21,287,5,28,0,644
2021,00-0035664,LA,thirdAndShort,0,0,0,8,28,0,45
2021,00-0035664,LA,redZone,6,2,20,14,67,0,129
2021,00-0035664,LA,goalLine,2,1,3,7,2,5,42
2021,00-0033908,LA,insideTen,18,9,61,0,0,7,83
2021,00-0030431,LA,insideTen,4,1,5,0,0,0,83
2021,00-0031868,CHI,earlyDown,4,2,17,0,0,0,118
2021,00-0031428,CHI,thirdAndShort,4,3,57,0,0,0,36
2021,00-0030431,LA,thirdAndLong,7,5,85,0,0,0,89
2021,00-0036290,CHI,earlyAndLong,45,30,305,0,0,0,522
2021,00-0031428,CHI,earlyDown,6,3,30,0,0,0,118
2021,00-0031428,CHI,redZone,5,5,30,0,0,1,84
2021,00-0035685,CHI,redZone,6,5,30,19,43,0,84
2021,00-0027973,CHI,redZone,0,0,0,3,17,0,84
2021,00-0035685,CHI,goalLine,0,0,0,8,8,5,21
2021,00-0031428,CHI,thirdAndMedium,7,6,63,0,0,0,46
2021,00-0030068,CHI,earlyDown,4,3,40,0,0,0,118
2021,00-0030874,CHI,earlyDown,3,3,16,5,38,0,118
2021,00-0027696,CHI,redZone,4,3,43,0,0,2,84
2021,00-0033908,LA,earlyDown,25,20,351,1,1,1,155
2021,00-0033110,LA,thirdAndMedium,10,8,59,0,0,0,66
2021,00-0033908,LA,redZone,26,22,202,1,-5,7,129
2021,00-0035685,CHI,thirdAndShort,1,0,0,13,30,0,36
2021,00-0036290,CHI,thirdAndLong,14,9,93,0,0,0,92
2021,00-0036309,CHI,fourthDown,3,1,6,0,0,0,25
2021,00-0035664,LA,earlyDown,2,2,-2,24,134,0,155
2021,00-0033908,LA,thirdAndLong,19,14,369,0,0,1,89
2021,00-0034845,LA,earlyAndLong,27,19,107,120,631,0,644
2021,00-0033110,LA,insideTen,7,5,29,0,0,2,83
2021,00-0035664,LA,insideTen,3,1,6,6,23,2,83
2021,00-0030431,LA,goalLine,4,2,4,0,0,2,42
2021,00-0031428,CHI,chasingLate,4,2,14,0,0,0,58
2021,00-0031868,CHI,chasingLate,4,3,45,0,0,0,58
2021,00-0030874,CHI,chasingLate,3,1,4,0,0,0,58
2021,00-0034791,CLE,earlyAndLong,17,13,81,140,714,2,531
2021,00-0032392,CLE,earlyDown,8,6,84,0,0,0,120
2021,00-0034855,CLE,earlyAndLong,0,0,0,13,46,0,531
2021,00-0033885,CLE,earlyAndLong,22,17,221,1,1,0,531
2021,00-0032392,CLE,thirdAndLong,7,2,12,0,0,0,101
2021,00-0032392,CLE,redZone,7,6,56,0,0,1,86
2021,00-0034791,CLE,insideTen,1,1,5,16,42,3,50
2021,00-0033923,CLE,goalLine,0,0,0,5,8,3,28
2021,00-0036360,KC,earlyAndLong,14,13,82,86,394,0,650
2021,00-0030506,KC,earlyAndLong,82,61,862,0,0,2,650
2021,00-0030506,KC,earlyDown,16,11,74,0,0,0,184
2021,00-0033040,KC,earlyAndLong,82,58,713,8,88,2,650
2021,00-0033040,KC,redZone,20,13,90,2,6,1,124
2021,00-0032775,KC,redZone,3,2,13,0,0,0,124
2021,00-0036999,CLE,earlyAndLong,12,8,114,3,21,0,531
2021,00-0036232,CLE,earlyAndLong,17,14,192,0,0,0,531
2021,00-0033923,CLE,redZone,3,2,10,10,19,0,86
2021,00-0033885,CLE,redZone,4,4,48,0,0,2,86
2021,00-0033923,CLE,insideTen,1,0,0,3,15,1,50
2021,00-0031382,CLE,insideTen,4,2,14,2,5,2,50
2021,00-0036360,KC,earlyDown,5,4,38,26,141,0,184
2021,00-0031595,KC,thirdAndShort,0,0,0,6,15,0,44
2021,00-0035140,KC,earlyAndLong,45,34,386,11,80,1,650
2021,00-0033040,KC,thirdAndLong,15,8,166,0,0,0,83
2021,00-0034297,KC,earlyAndLong,28,18,217,0,0,0,650
2021,00-0033040,KC,thirdAndMedium,18,16,181,0,0,1,60
2021,00-0033873,KC,insideTen,0,0,0,7,37,3,72
2021,00-0036999,CLE,earlyDown,0,0,0,3,18,0,120
2021,00-0031382,CLE,earlyAndLong,44,30,289,1,6,1,531
2021,00-0031382,CLE,earlyDown,12,6,66,1,8,0,120
2021,00-0034791,CLE,redZone,0,0,0,19,93,1,86
2021,00-0033040,KC,earlyDown,28,20,157,0,0,0,184
2021,00-0033923,CLE,earlyAndLong,12,10,83,40,201,0,531
2021,00-0033923,CLE,earlyDown,2,2,22,12,53,0,120
2021,00-0031382,CLE,fourthDown,3,1,32,0,0,0,15
2021,00-0035140,KC,earlyDown,15,14,191,1,9,0,184
2021,00-0033873,KC,thirdAndLong,0,0,0,7,69,0,83
2021,00-0033873,KC,redZone,0,0,0,11,62,0,124
2021,00-0030506,KC,redZone,9,6,59,0,0,1,124
2021,00-0034791,CLE,earlyDown,5,5,81,34,356,1,120
2021,00-0032062,KC,earlyDown,4,2,9,0,0,0,184
2021,00-0034301,KC,redZone,5,2,8,14,26,0,124
2021,00-0032775,KC,thirdAndLong,6,3,33,0,0,0,83
2021,00-0033885,CLE,earlyDown,8,7,139,0,0,1,120
2021,00-0033885,CLE,thirdAndLong,8,3,28,0,0,0,101
2021,00-0036360,KC,redZone,1,0,0,7,37,0,124
2021,00-0036360,KC,insideTen,1,1,10,6,28,3,72
2021,00-0030506,KC,insideTen,8,8,39,1,4,5,72
2021,00-0036360,KC,goalLine,3,1,1,2,2,3,48
2021,00-0036999,CLE,thirdAndLong,6,0,0,0,0,0,101
2021,00-0033040,KC,thirdAndShort,3,3,51,0,0,0,44
2021,00-0033923,CLE,chasingLate,3,3,25,1,5,0,32
2021,00-0033856,TB,earlyAndLong,52,44,323,107,539,2,591
2021,00-0033856,TB,earlyDown,14,13,98,23,104,0,172
2021,00-0033921,TB,thirdAndShort,8,6,49,0,0,0,47
2021,00-0031544,DAL,earlyAndLong,52,33,425,0,0,2,584
2021,00-0033045,DAL,earlyAndLong,32,23,140,136,603,0,584
2021,00-0034383,DAL,earlyDown,11,9,87,0,0,0,147
2021,00-0033045,DAL,thirdAndShort,1,1,0,17,62,0,46
2021,00-0036358,DAL,earlyAndLong,65,47,714,6,65,1,584
2021,00-0036358,DAL,thirdAndLong,13,7,144,0,0,1,83
2021,00-0034816,TB,earlyAndLong,7,5,43,63,325,0,591
2021,00-0031408,TB,earlyDown,18,11,101,0,0,0,172
2021,00-0031408,TB,earlyAndLong,65,42,649,1,10,3,591
2021,00-0027656,TB,earlyAndLong,59,38,550,0,0,0,591
2021,00-0027793,TB,earlyAndLong,27,19,260,1,6,2,591
2021,00-0033856,TB,redZone,13,10,52,17,57,0,112
2021,00-0033921,TB,redZone,18,15,107,0,0,3,112
2021,00-0033921,TB,insideTen,7,5,23,0,0,2,84
2021,00-0035261,DAL,earlyAndLong,24,21,188,79,505,1,584
2021,00-0034764,DAL,earlyAndLong,25,15,127,0,0,0,584
2021,00-0034764,DAL,earlyDown,10,7,116,0,0,0,147
2021,00-0033658,DAL,earlyAndLong,6,5,47,0,0,0,584
2021,00-0036358,DAL,earlyDown,16,11,119,1,5,1,147
2021,00-0027793,TB,earlyDown,12,9,56,0,0,0,172
2021,00-0027793,TB,thirdAndMedium,6,4,52,0,0,0,70
2021,00-0034418,DAL,earlyAndLong,27,22,261,1,5,1,584
2021,00-0035261,DAL,thirdAndMedium,3,3,15,2,6,0,64
2021,00-0033921,TB,thirdAndMedium,7,4,62,0,0,0,70
2021,00-0033921,TB,earlyAndLong,49,37,474,0,0,0,591
2021,00-0033856,TB,insideTen,4,2,9,17,55,4,84
2021,00-0027656,TB,goalLine,4,3,5,0,0,3,37
2021,00-0033045,DAL,redZone,12,7,37,21,106,3,124
2021,00-0031544,DAL,redZone,14,10,78,0,0,2,124
2021,00-0036358,DAL,redZone,8,4,43,1,2,1,124
2021,00-0034418,DAL,thirdAndLong,13,9,190,0,0,1,83
2021,00-0033077,DAL,redZone,0,0,0,3,7,0,124
2021,00-0031544,DAL,insideTen,6,5,26,0,0,4,47
2021,00-0034764,DAL,redZone,6,1,13,0,0,0,124
2021,00-0036358,DAL,thirdAndMedium,8,6,50,0,0,0,64
2021,00-0033077,DAL,thirdAndLong,0,0,0,4,30,0,83
2021,00-0030456,TB,earlyAndLong,10,8,71,9,68,0,591
2021,00-0036427,TB,earlyAndLong,24,18,181,0,0,0,591
2021,00-0034383,DAL,earlyAndLong,52,41,385,0,0,0,584
2021,00-0031544,DAL,thirdAndMedium,6,4,56,0,0,1,64
2021,00-0033045,DAL,earlyDown,3,0,0,45,172,0,147
2021,00-0035261,DAL,redZone,7,6,37,14,36,0,124
2021,00-0033077,DAL,insideTen,0,0,0,7,21,2,47
2021,00-0033045,DAL,insideTen,5,5,22,6,17,3,47
2021,00-0033045,DAL,goalLine,0,0,0,15,16,6,36
2021,00-0027656,TB,redZone,7,4,51,0,0,3,112
2021,00-0035261,DAL,earlyDown,8,7,77,25,138,0,147
2021,00-0034383,DAL,thirdAndShort,5,5,54,0,0,1,46
2021,00-0033077,DAL,earlyAndLong,0,0,0,15,67,0,584
2021,00-0033921,TB,thirdAndLong,10,6,35,0,0,0,80
2021,00-0031544,DAL,thirdAndLong,11,4,61,0,0,0,83
2021,00-0033921,TB,earlyDown,23,22,295,3,19,0,172
2021,00-0036358,DAL,thirdAndShort,2,2,11,1,10,0,46
2021,00-0031544,DAL,chasingLate,5,3,62,0,0,0,49
2021,00-0034418,DAL,chasingLate,6,4,39,0,0,0,49
2021,00-0036358,DAL,chasingLate,5,0,0,0,0,0,49
2021,00-0033045,DAL,chasingLate,5,5,11,2,5,0,49
2021,00-0031408,TB,chasingLate,5,3,71,0,0,1,40
2021,00-0030456,TB,thirdAndShort,5,4,22,0,0,0,47
2021,00-0027656,TB,chasingLate,3,2,26,0,0,0,40
2021,00-0033921,TB,chasingLate,3,2,45,0,0,0,40
2021,00-0034844,NYG,earlyAndLong,41,29,171,108,451,1,530
2021,00-0035535,NYG,earlyDown,6,2,22,0,0,0,110
2021,00-0035535,NYG,thirdAndMedium,5,1,42,0,0,0,53
2021,00-0036913,NYG,earlyAndLong,24,18,169,1,1,0,530
2021,00-0032972,NYG,earlyAndLong,23,21,141,84,299,0,530
2021,00-0032385,NYG,thirdAndLong,7,5,69,0,0,0,116
2021,00-0032144,DEN,earlyAndLong,13,8,61,116,560,2,519
2021,00-0035644,DEN,earlyAndLong,48,39,438,0,0,0,519
2021,00-0036997,DEN,earlyAndLong,24,19,158,118,552,0,519
2021,00-0034348,DEN,thirdAndMedium,7,2,47,0,0,0,38
2021,00-0036913,NYG,earlyDown,8,6,66,0,0,0,110
2021,00-0036407,DEN,earlyAndLong,28,20,248,2,3,0,519
2021,00-0033576,DEN,earlyAndLong,8,6,40,0,0,0,519
2021,00-0032144,DEN,earlyDown,3,3,8,35,203,0,116
2021,00-0033375,DEN,thirdAndShort,3,3,26,0,0,0,36
2021,00-0036407,DEN,thirdAndLong,12,7,88,0,0,0,106
2021,00-0033375,DEN,fourthDown,4,2,20,0,0,0,19
2021,00-0035644,DEN,redZone,12,8,79,0,0,1,82
2021,00-0036997,DEN,redZone,5,4,38,10,29,1,82
2021,00-0031237,DEN,redZone,0,0,0,8,38,1,82
2021,00-0033932,NYG,earlyAndLong,37,21,292,0,0,0,530
2021,00-0034844,NYG,earlyDown,5,5,22,23,54,0,110
2021,00-0032385,NYG,thirdAndMedium,5,3,30,0,0,0,53
2021,00-0032385,NYG,earlyAndLong,20,14,153,1,-9,1,530
2021,00-0036423,DEN,insideTen,3,3,14,0,0,2,54
2021,00-0032813,NYG,earlyAndLong,7,3,-4,14,61,0,530
2021,00-0027981,NYG,thirdAndLong,5,4,75,0,0,0,116
2021,00-0034348,DEN,fourthDown,5,4,65,0,0,0,19
2021,00-0033375,DEN,redZone,4,3,36,0,0,1,82
2021,00-0033375,DEN,goalLine,3,1,2,0,0,1,31
2021,00-0034348,DEN,earlyDown,14,8,141,0,0,0,116
2021,00-0035644,DEN,earlyDown,5,3,33,0,0,0,116
2021,00-0036412,DEN,earlyAndLong,4,1,5,0,0,0,519
2021,00-0027981,NYG,earlyDown,4,3,21,0,0,0,110
2021,00-0035535,NYG,earlyAndLong,34,16,193,1,-13,1,530
2021,00-0034844,NYG,thirdAndShort,1,1,2,4,13,0,32
2021,00-0035710,NYG,earlyAndLong,1,1,16,21,109,0,530
2021,00-0036412,DEN,thirdAndLong,3,2,50,0,0,0,106
2021,00-0031237,DEN,earlyDown,0,0,0,3,16,0,116
2021,00-0032144,DEN,thirdAndLong,7,6,51,2,-1,0,106
2021,00-0035710,NYG,earlyDown,0,0,0,9,111,0,110
2021,00-0035710,NYG,fourthDown,0,0,0,3,9,0,21
2021,00-0034844,NYG,redZone,2,1,18,6,4,1,58
2021,00-0032972,NYG,redZone,0,0,0,8,49,1,58
2021,00-0034844,NYG,insideTen,1,0,0,4,11,1,34
2021,00-0027981,NYG,insideTen,3,0,0,0,0,0,34
2021,00-0032144,DEN,thirdAndMedium,5,3,17,0,0,0,38
2021,00-0027981,NYG,earlyAndLong,18,15,145,0,0,0,530
2021,00-0033932,NYG,chasingLate,7,4,68,0,0,0,62
2021,00-0027981,NYG,redZone,3,1,7,0,0,0,58
2021,00-0036997,DEN,aheadLate,0,0,0,4,14,0,7
2021,00-0036997,DEN,thirdAndLong,10,8,72,4,29,0,106
2021,00-0032385,NYG,chasingLate,10,7,78,0,0,0,62
2021,00-0035535,NYG,chasingLate,3,2,29,0,0,0,62
2021,00-0032385,NYG,redZone,6,4,30,0,0,0,58
2021,00-0035710,NYG,insideTen,0,0,0,4,17,2,34
2021,00-0033906,NO,earlyAndLong,38,30,297,135,542,1,517
2021,00-0036219,NO,earlyAndLong,30,18,311,0,0,1,517
2021,00-0031503,NO,earlyAndLong,0,0,0,7,62,0,517
2021,00-0031503,NO,earlyDown,0,0,0,3,37,0,124
2021,00-0036422,NO,earlyDown,3,2,15,0,0,0,124
2021,00-0036219,NO,thirdAndLong,21,8,148,0,0,1,97
2021,00-0033293,GB,earlyAndLong,35,31,283,110,571,1,524
2021,00-0031381,GB,earlyAndLong,86,67,920,0,0,1,524
2021,00-0033293,GB,thirdAndLong,9,6,33,0,0,0,74
2021,00-0033757,GB,earlyAndLong,12,6,48,0,0,0,524
2021,00-0035860,NO,earlyDown,1,1,6,9,26,0,124
2021,00-0033357,NO,thirdAndShort,0,0,0,7,31,0,32
2021,00-0033906,NO,earlyDown,4,3,32,38,171,0,124
2021,00-0035215,NO,earlyAndLong,32,17,248,3,13,1,517
2021,00-0035860,NO,earlyAndLong,5,3,20,29,73,0,517
2021,00-0031503,NO,thirdAndLong,0,0,0,4,45,0,97
2021,00-0033906,NO,redZone,9,6,61,24,79,5,91
2021,00-0035860,NO,redZone,0,0,0,3,18,0,91
2021,00-0033906,NO,goalLine,1,1,3,7,-5,3,21
2021,00-0036265,GB,earlyAndLong,21,20,159,91,424,0,524
2021,00-0036265,GB,earlyDown,9,8,116,40,206,0,152
2021,00-0034272,GB,thirdAndLong,8,3,105,0,0,0,74
2021,00-0036422,NO,earlyAndLong,25,19,179,0,0,0,517
2021,00-0033906,NO,thirdAndLong,9,5,40,7,48,0,97
2021,00-0033906,NO,insideTen,4,2,6,11,16,0,44
2021,00-0034521,GB,earlyAndLong,26,21,246,3,32,0,524
2021,00-0034272,GB,earlyAndLong,23,11,173,0,0,0,524
2021,00-0034272,GB,earlyDown,9,6,40,0,0,0,152
2021,00-0024243,GB,earlyAndLong,18,17,173,0,0,0,524
2021,00-0033757,GB,redZone,4,3,36,0,0,1,125
2021,00-0033293,GB,redZone,12,9,47,18,62,2,125
2021,00-0031381,GB,insideTen,9,6,23,0,0,3,64
2021,00-0031503,NO,thirdAndShort,0,0,0,4,9,0,32
2021,00-0036422,NO,thirdAndLong,4,1,6,0,0,0,97
2021,00-0031381,GB,thirdAndLong,17,12,162,0,0,0,74
2021,00-0031381,GB,fourthDown,4,1,2,0,0,0,13
2021,00-0036265,GB,thirdAndLong,2,1,2,1,11,0,74
2021,00-0036669,GB,earlyAndLong,1,1,5,2,3,0,524
2021,00-0027966,HOU,earlyAndLong,14,13,99,93,364,0,490
2021,00-0031236,HOU,earlyDown,12,5,113,0,0,1,118
2021,00-0036554,HOU,thirdAndMedium,6,4,33,0,0,0,54
2021,00-0034777,JAX,earlyAndLong,11,3,72,0,0,1,504
2021,00-0036268,JAX,thirdAndLong,15,7,82,0,0,0,90
2021,00-0027966,HOU,earlyDown,8,6,30,30,92,0,118
2021,00-0033439,HOU,earlyAndLong,21,14,94,0,0,0,490
2021,00-0028118,HOU,earlyAndLong,0,0,0,10,73,0,490
2021,00-0026035,HOU,earlyAndLong,15,13,136,0,0,1,490
2021,00-0026035,HOU,thirdAndMedium,4,2,12,0,0,0,54
2021,00-0032187,HOU,earlyAndLong,17,13,96,39,111,0,490
2021,00-0031236,HOU,thirdAndLong,22,13,253,0,0,2,109
2021,00-0027966,HOU,goalLine,0,0,0,6,4,1,15
2021,00-0029293,JAX,earlyAndLong,65,43,501,0,0,1,504
2021,00-0031951,JAX,earlyDown,4,1,6,0,0,0,127
2021,00-0032128,HOU,earlyAndLong,22,13,174,0,0,1,490
2021,00-0027966,HOU,redZone,4,1,5,13,38,1,52
2021,00-0032187,HOU,insideTen,4,2,10,2,2,1,44
2021,00-0036268,JAX,earlyAndLong,43,32,331,6,31,0,504
2021,00-0036268,JAX,earlyDown,4,3,19,3,14,0,127
2021,00-0031045,JAX,earlyAndLong,11,5,29,37,139,0,504
2021,00-0034777,JAX,thirdAndLong,3,1,27,0,0,0,90
2021,00-0035831,JAX,earlyAndLong,23,14,77,97,455,0,504
2021,00-0031484,JAX,earlyDown,3,2,33,0,0,1,127
2021,00-0034109,HOU,earlyAndLong,3,3,23,52,138,0,490
2021,00-0031236,HOU,thirdAndShort,7,6,122,0,0,1,45
2021,00-0030288,HOU,thirdAndMedium,4,3,25,1,4,0,54
2021,00-0035831,JAX,earlyDown,6,4,52,33,223,0,127
2021,00-0027966,HOU,thirdAndShort,1,0,0,6,36,0,45
2021,00-0027966,HOU,insideTen,2,0,0,6,12,0,44
2021,00-0031951,JAX,earlyAndLong,19,14,129,0,0,0,504
2021,00-0035831,JAX,thirdAndLong,6,3,15,0,0,0,90
2021,00-0032187,HOU,earlyDown,2,2,10,14,73,0,118
2021,00-0031045,JAX,earlyDown,2,1,1,14,49,0,127
2021,00-0036268,JAX,thirdAndMedium,13,8,90,0,0,0,58
2021,00-0034109,HOU,earlyDown,1,1,22,22,90,1,118
2021,00-0032187,HOU,thirdAndShort,2,1,10,1,3,0,45
2021,00-0034109,HOU,insideTen,0,0,0,3,4,1,44
2021,00-0035831,JAX,thirdAndMedium,2,2,15,1,7,0,58
2021,00-0031236,HOU,thirdAndMedium,12,6,56,0,0,0,54
2021,00-0028118,HOU,thirdAndMedium,0,0,0,3,43,0,54
2021,00-0036554,HOU,insideTen,4,0,0,0,0,0,44
2021,00-0034364,HOU,insideTen,3,1,3,0,0,0,44
2021,00-0036268,JAX,fourthDown,6,4,35,0,0,0,24
2021,00-0031045,JAX,thirdAndLong,3,2,5,4,21,0,90
2021,00-0027966,HOU,aheadLate,0,0,0,4,4,0,4
2021,00-0026035,HOU,thirdAndLong,8,3,14,0,0,0,109
2021,00-0031045,JAX,chasingLate,4,3,26,1,0,0,60
2021,00-0034777,JAX,chasingLate,3,1,18,0,0,0,60
2021,00-0036268,JAX,chasingLate,5,2,13,0,0,0,60
2021,00-0031045,JAX,thirdAndShort,0,0,0,4,12,0,35
2021,00-0031951,JAX,chasingLate,6,5,51,0,0,0,60
2021,00-0029293,JAX,redZone,7,3,22,0,0,0,55
2021,00-0029293,JAX,chasingLate,4,4,40,0,0,0,60
2021,00-0029293,JAX,insideTen,8,3,13,0,0,1,42
2021,00-0035414,LAC,earlyAndLong,17,13,196,5,23,1,525
2021,00-0027061,LAC,earlyAndLong,37,24,272,0,0,0,525
2021,00-0033699,LAC,earlyDown,7,4,33,30,74,0,132
2021,00-0033536,LAC,earlyAndLong,62,42,576,0,0,1,525
2021,00-0036650,LAC,earlyDown,0,0,0,10,28,0,132
2021,00-0036650,LAC,redZone,0,0,0,3,2,0,112
2021,00-0027061,LAC,redZone,7,3,23,0,0,1,112
2021,00-0030279,LAC,insideTen,10,7,43,0,0,6,70
2021,00-0033699,LAC,goalLine,2,1,2,12,11,7,44
2021,00-0036328,WAS,earlyAndLong,34,27,227,141,646,1,518
2021,00-0036328,WAS,earlyDown,9,8,29,46,243,0,134
2021,00-0030279,LAC,earlyAndLong,69,46,440,0,0,0,525
2021,00-0033699,LAC,earlyAndLong,47,36,303,114,625,0,525
2021,00-0034440,LAC,thirdAndLong,4,3,12,1,2,0,81
2021,00-0036328,WAS,redZone,2,2,9,22,49,1,73
2021,00-0032009,WAS,redZone,4,3,8,0,0,0,73
2021,00-0035414,LAC,thirdAndMedium,6,3,50,0,0,0,69
2021,00-0036328,WAS,thirdAndShort,0,0,0,18,47,0,49
2021,00-0036650,LAC,earlyAndLong,2,1,-1,16,51,0,525
2021,00-0030279,LAC,earlyDown,20,14,170,0,0,0,132
2021,00-0033699,LAC,redZone,13,12,123,23,117,8,112
2021,00-0030279,LAC,redZone,13,9,69,0,0,0,112
2021,00-0032602,WAS,earlyAndLong,25,19,181,30,143,0,518
2021,00-0036626,WAS,earlyAndLong,9,3,78,0,0,0,518
2021,00-0036626,WAS,thirdAndLong,7,3,23,0,0,0,87
2021,00-0032725,LAC,earlyDown,5,5,73,0,0,0,132
2021,00-0033536,LAC,earlyDown,14,9,82,0,0,0,132
2021,00-0033536,LAC,thirdAndMedium,11,5,102,0,0,1,69
2021,00-0036988,LAC,earlyAndLong,19,16,158,1,6,0,525
2021,00-0033699,LAC,insideTen,2,1,10,15,46,5,70
2021,00-0036355,LAC,insideTen,0,0,0,3,19,2,70
2021,00-0035414,LAC,insideTen,3,2,9,0,0,1,70
2021,00-0031260,WAS,earlyAndLong,14,9,117,0,0,0,518
2021,00-0031800,WAS,earlyDown,1,1,-2,4,19,0,134
2021,00-0031800,WAS,earlyAndLong,0,0,0,21,179,0,518
2021,00-0035659,WAS,earlyDown,17,10,97,0,0,0,134
2021,00-0035659,WAS,earlyAndLong,65,51,737,1,12,1,518
2021,00-0035659,WAS,thirdAndMedium,10,2,40,0,0,0,54
2021,00-0027061,LAC,thirdAndMedium,8,4,30,0,0,0,69
2021,00-0027061,LAC,thirdAndLong,11,4,59,0,0,0,81
2021,00-0033536,LAC,redZone,11,6,71,0,0,3,112
2021,00-0034440,LAC,redZone,4,4,26,12,61,1,112
2021,00-0030279,LAC,thirdAndLong,20,13,230,0,0,0,81
2021,00-0035329,LAC,goalLine,3,0,0,0,0,0,44
2021,00-0033536,LAC,goalLine,4,1,3,0,0,1,44
2021,00-0036755,WAS,earlyAndLong,4,3,29,41,145,0,518
2021,00-0036755,WAS,earlyDown,2,2,7,13,67,0,134
2021,00-0032009,WAS,earlyAndLong,23,17,149,0,0,0,518
2021,00-0031800,WAS,thirdAndLong,0,0,0,5,21,0,87
2021,00-0033536,LAC,thirdAndLong,9,6,159,0,0,1,81
2021,00-0035657,NE,earlyAndLong,19,17,141,121,523,0,551
2021,00-0033858,NE,earlyDown,3,1,11,2,10,0,127
2021,00-0031062,NE,earlyAndLong,6,5,40,3,6,0,551
2021,00-0031062,NE,thirdAndLong,3,3,38,0,0,0,73
2021,00-0036613,MIA,earlyAndLong,66,51,614,1,2,0,540
2021,00-0035311,MIA,earlyAndLong,33,27,131,97,381,0,540
2021,00-0035311,MIA,thirdAndMedium,6,4,40,2,17,0,82
2021,00-0034798,MIA,earlyDown,6,5,48,0,0,0,149
2021,00-0036020,MIA,earlyAndLong,12,10,99,33,81,0,540
2021,00-0035311,MIA,redZone,3,1,1,12,27,0,69
2021,00-0036212,MIA,goalLine,0,0,0,3,5,3,35
2021,00-0031549,NE,earlyAndLong,41,25,351,3,11,1,551
2021,00-0036875,NE,earlyDown,4,4,19,27,108,0,127
2021,00-0034960,NE,thirdAndShort,8,6,69,0,0,0,39
2021,00-0036875,NE,earlyAndLong,15,12,133,77,404,0,551
2021,00-0034829,MIA,earlyAndLong,53,34,336,0,0,0,540
2021,00-0035657,NE,earlyDown,0,0,0,33,187,1,127
2021,00-0035657,NE,thirdAndShort,0,0,0,4,6,0,39
2021,00-0033858,NE,earlyAndLong,29,21,254,4,18,0,551
2021,00-0034960,NE,earlyAndLong,58,40,446,1,9,0,551
2021,00-0034960,NE,thirdAndLong,17,12,151,0,0,0,73
2021,00-0033858,NE,redZone,5,3,20,1,2,0,99
2021,00-0031547,MIA,earlyAndLong,37,22,309,0,0,0,540
2021,00-0036613,MIA,thirdAndLong,17,12,139,0,0,0,78
2021,00-0034960,NE,earlyDown,10,6,54,0,0,0,127
2021,00-0031549,NE,thirdAndMedium,4,2,13,0,0,0,63
2021,00-0036020,MIA,earlyDown,4,1,9,16,32,0,149
2021,00-0034829,MIA,thirdAndMedium,17,9,78,0,0,0,82
2021,00-0035657,NE,insideTen,0,0,0,19,69,3,58
2021,00-0031547,MIA,earlyDown,7,2,25,0,0,0,149
2021,00-0035311,MIA,earlyDown,7,7,45,23,80,1,149
2021,00-0033119,MIA,thirdAndShort,0,0,0,3,6,0,35
2021,00-0030669,MIA,earlyDown,8,5,36,0,0,0,149
2021,00-0034798,MIA,earlyAndLong,25,22,242,0,0,0,540
2021,00-0031547,MIA,thirdAndLong,7,3,62,0,0,0,78
2021,00-0031806,MIA,earlyAndLong,2,1,7,16,87,1,540
2021,00-0036020,MIA,redZone,3,1,9,2,14,0,69
2021,00-0036613,MIA,goalLine,3,3,6,1,1,4,35
2021,00-0033090,NE,earlyAndLong,30,21,293,0,0,0,551
2021,00-0031062,NE,earlyDown,2,2,12,3,11,0,127
2021,00-0033307,NE,thirdAndLong,9,5,98,0,0,0,73
2021,00-0035311,MIA,thirdAndLong,5,4,0,3,20,0,78
2021,00-0033307,NE,earlyAndLong,36,31,352,9,99,1,551
2021,00-0033090,NE,earlyDown,8,6,104,0,0,0,127
2021,00-0033090,NE,thirdAndMedium,9,6,57,0,0,0,63
2021,00-0033307,NE,earlyDown,11,8,104,1,8,1,127
2021,00-0035657,NE,redZone,2,1,3,16,70,2,99
2021,00-0034960,NE,redZone,8,6,28,0,0,1,99
2021,00-0030669,MIA,thirdAndLong,6,3,22,0,0,0,78
2021,00-0034960,NE,thirdAndMedium,13,7,81,0,0,0,63
2021,00-0029239,NE,earlyAndLong,20,17,156,15,135,0,551
2021,00-0031806,MIA,earlyDown,2,1,-1,4,11,0,149
2021,00-0033893,MIN,earlyAndLong,30,21,160,132,670,1,512
2021,00-0034270,MIN,earlyAndLong,43,31,334,0,0,0,512
2021,00-0030035,MIN,thirdAndMedium,9,4,40,0,0,0,56
2021,00-0036322,MIN,earlyAndLong,75,52,662,4,14,0,512
2021,00-0033839,MIN,thirdAndLong,7,5,39,0,0,0,102
2021,00-0033897,CIN,earlyAndLong,43,40,257,218,982,0,661
2021,00-0033897,CIN,earlyDown,7,5,10,65,259,1,175
2021,00-0036900,CIN,earlyAndLong,80,52,835,7,20,3,661
2021,00-0033009,CIN,earlyAndLong,60,46,474,2,22,1,661
2021,00-0032134,CIN,thirdAndLong,11,8,86,0,0,0,107
2021,00-0033893,MIN,earlyDown,4,4,8,47,195,0,122
2021,00-0033526,CIN,thirdAndLong,13,13,104,4,6,0,107
2021,00-0036410,CIN,thirdAndMedium,14,7,108,0,0,0,82
2021,00-0034972,MIN,earlyAndLong,19,19,158,62,301,0,512
2021,00-0033893,MIN,thirdAndMedium,3,2,10,2,-1,0,56
2021,00-0036345,MIN,earlyAndLong,34,20,334,1,10,4,512
2021,00-0032104,MIN,earlyAndLong,24,20,144,27,124,0,512
2021,00-0036345,MIN,thirdAndLong,20,13,131,0,0,0,102
2021,00-0033893,MIN,redZone,3,2,7,19,77,1,90
2021,00-0030035,MIN,insideTen,5,5,30,0,0,4,58
2021,00-0033526,CIN,earlyAndLong,12,9,92,27,177,2,661
2021,00-0036900,CIN,thirdAndLong,20,15,224,0,0,0,107
2021,00-0033897,CIN,goalLine,2,1,0,16,11,7,40
2021,00-0036410,CIN,goalLine,5,2,3,0,0,2,40
2021,00-0034270,MIN,thirdAndLong,12,11,80,0,0,0,102
2021,00-0036410,CIN,earlyAndLong,71,52,823,0,0,2,661
2021,00-0030035,MIN,earlyAndLong,38,25,267,1,2,0,512
2021,00-0036322,MIN,thirdAndLong,23,15,222,0,0,1,102
2021,00-0033897,CIN,thirdAndShort,2,2,16,10,20,0,37
2021,00-0033009,CIN,thirdAndMedium,13,12,144,0,0,0,82
2021,00-0036442,CIN,fourthDown,0,0,0,3,8,0,20
2021,00-0036410,CIN,redZone,9,3,42,0,0,0,86
2021,00-0032104,MIN,thirdAndShort,1,1,10,2,4,0,30
2021,00-0034766,MIN,earlyAndLong,4,1,14,0,0,0,512
2021,00-0033897,CIN,fourthDown,1,1,40,2,2,1,20
2021,00-0036322,MIN,thirdAndMedium,15,11,236,0,0,1,56
2021,00-0030035,MIN,fourthDown,3,2,56,0,0,1,17
2021,00-0032918,MIN,earlyDown,3,3,5,0,0,0,122
2021,00-0033893,MIN,thirdAndLong,6,3,32,4,17,0,102
2021,00-0036322,MIN,earlyDown,14,10,210,0,0,0,122
2021,00-0033893,MIN,goalLine,0,0,0,9,6,3,28
2021,00-0036900,CIN,earlyDown,25,16,377,2,16,2,175
2021,00-0033897,CIN,thirdAndMedium,3,2,61,1,1,0,82
2021,00-0033893,MIN,chasingLate,3,2,7,8,59,0,47
2021,00-0034270,MIN,chasingLate,5,3,39,0,0,0,47
2021,00-0036345,MIN,chasingLate,9,5,58,0,0,0,47
2021,00-0030035,MIN,chasingLate,7,6,75,0,0,0,47
2021,00-0033114,CIN,earlyAndLong,4,3,36,0,0,0,661
2021,00-0030035,MIN,thirdAndLong,10,8,86,0,0,0,102
2021,00-0036900,CIN,thirdAndMedium,13,7,137,0,0,1,82
2021,00-0032918,MIN,earlyAndLong,12,12,84,1,1,0,512
2021,00-0030035,MIN,earlyDown,11,8,94,0,0,0,122
2021,00-0036322,MIN,thirdAndShort,6,5,127,0,0,1,30
2021,00-0033897,CIN,redZone,5,4,14,23,124,4,86
2021,00-0032058,NYJ,earlyAndLong,9,5,14,46,250,0,498
2021,00-0030108,NYJ,earlyAndLong,22,13,133,0,0,0,498
2021,00-0035537,NYJ,earlyAndLong,22,13,160,28,119,0,498
2021,00-0036924,NYJ,thirdAndLong,4,1,12,0,0,0,98
2021,00-0033280,CAR,earlyAndLong,20,18,172,63,316,1,542
2021,00-0036955,CAR,thirdAndMedium,3,2,10,0,0,0,63
2021,00-0036924,NYJ,earlyAndLong,32,25,209,91,389,0,498
2021,00-0033871,NYJ,earlyAndLong,32,19,322,0,0,2,498
2021,00-0035537,NYJ,thirdAndLong,12,8,76,3,38,0,98
2021,00-0034827,CAR,earlyAndLong,85,50,577,3,1,0,542
2021,00-0036955,CAR,earlyAndLong,11,7,69,0,0,0,542
2021,00-0034011,CAR,thirdAndLong,8,5,49,0,0,0,102
2021,00-0032058,NYJ,earlyDown,1,1,11,18,48,0,116
2021,00-0036924,NYJ,thirdAndShort,0,0,0,5,35,0,31
2021,00-0036980,NYJ,earlyAndLong,40,27,313,3,28,0,498
2021,00-0036980,NYJ,thirdAndLong,12,1,62,0,0,1,98
2021,00-0034827,CAR,earlyDown,16,11,149,2,14,0,129
2021,00-0033280,CAR,thirdAndMedium,5,4,43,0,0,0,63
2021,00-0034365,CAR,redZone,4,2,0,0,0,0,71
2021,00-0033280,CAR,redZone,3,3,39,10,34,1,71
2021,00-0033280,CAR,insideTen,0,0,0,6,22,0,47
2021,00-0034869,CAR,insideTen,0,0,0,3,10,2,47
2021,00-0035510,NYJ,earlyAndLong,5,0,0,0,0,0,498
2021,00-0032214,NYJ,earlyAndLong,18,11,114,0,0,0,498
2021,00-0032688,CAR,earlyAndLong,57,28,304,2,33,1,542
2021,00-0034419,NYJ,earlyAndLong,24,16,137,4,28,0,498
2021,00-0034011,CAR,earlyDown,7,5,49,0,0,0,129
2021,00-0034419,NYJ,thirdAndLong,11,7,79,0,0,0,98
2021,00-0034365,CAR,earlyDown,3,3,46,0,0,0,129
2021,00-0036555,CAR,earlyAndLong,24,18,160,100,376,0,542
2021,00-0036955,CAR,thirdAndLong,7,3,25,0,0,0,102
2021,00-0036924,NYJ,earlyDown,11,5,54,24,149,0,116
2021,00-0037013,NYJ,goalLine,0,0,0,6,1,2,44
2021,00-0034827,CAR,thirdAndMedium,17,10,165,0,0,0,63
2021,00-0033280,CAR,earlyDown,6,5,58,10,38,0,129
2021,00-0034827,CAR,thirdAndShort,2,2,10,1,14,0,38
2021,00-0033280,CAR,thirdAndLong,4,4,12,0,0,0,102
2021,00-0034419,NYJ,chasingLate,10,9,63,0,0,0,59
2021,00-0035537,NYJ,chasingLate,6,3,27,1,2,0,59
2021,00-0034419,NYJ,fourthDown,5,3,49,0,0,0,22
2021,00-0036255,NYJ,chasingLate,7,4,56,0,0,0,59
2021,00-0033871,NYJ,redZone,3,2,15,0,0,0,74
2021,00-0036980,NYJ,goalLine,3,1,3,0,0,1,44
2021,00-0034837,ATL,earlyAndLong,21,12,108,0,0,0,495
2021,00-0032063,ATL,earlyAndLong,29,24,130,90,331,0,495
2021,00-0030578,ATL,earlyDown,16,14,135,18,112,1,114
2021,00-0034837,ATL,thirdAndMedium,4,2,19,0,0,0,47
2021,00-0036970,ATL,earlyAndLong,55,37,647,0,0,0,495
2021,00-0034837,ATL,thirdAndLong,11,7,93,0,0,0,95
2021,00-0032063,ATL,redZone,2,1,-2,10,48,1,89
2021,00-0034830,ATL,redZone,6,5,59,0,0,2,89
2021,00-0032063,ATL,insideTen,3,1,7,7,24,1,43
2021,00-0032063,ATL,goalLine,1,0,0,3,4,2,28
2021,00-0036271,PHI,earlyAndLong,31,18,237,1,3,0,548
2021,00-0036389,PHI,earlyAndLong,0,0,0,60,407,0,548
2021,00-0035243,PHI,earlyAndLong,18,13,81,87,552,0,548
2021,00-0036912,PHI,redZone,4,2,28,0,0,1,82
2021,00-0030578,ATL,earlyAndLong,27,19,164,93,359,0,495
2021,00-0030968,ATL,earlyAndLong,7,6,26,2,10,0,495
2021,00-0034830,ATL,earlyAndLong,18,14,116,0,0,0,495
2021,00-0026143,ATL,thirdAndLong,0,0,0,3,12,0,95
2021,00-0036970,ATL,redZone,8,2,15,0,0,0,89
2021,00-0030578,ATL,redZone,10,8,79,20,92,4,89
2021,00-0034351,PHI,earlyAndLong,43,31,417,0,0,0,548
2021,00-0030061,PHI,earlyAndLong,56,39,441,0,0,1,548
2021,00-0036912,PHI,thirdAndMedium,9,5,56,0,0,0,72
2021,00-0030578,ATL,thirdAndLong,6,5,55,1,11,0,95
2021,00-0036912,PHI,earlyDown,12,11,148,0,0,0,137
2021,00-0036912,PHI,earlyAndLong,69,40,604,0,0,2,548
2021,00-0036387,PHI,earlyDown,3,2,10,1,10,0,137
2021,00-0036919,PHI,earlyAndLong,20,15,105,30,127,0,548
2021,00-0036387,PHI,thirdAndLong,8,4,9,0,0,0,74
2021,00-0032063,ATL,thirdAndLong,8,6,74,2,4,0,95
2021,00-0036919,PHI,earlyDown,2,1,9,7,17,0,137
2021,00-0036919,PHI,thirdAndShort,2,1,8,4,21,0,41
2021,00-0036389,PHI,thirdAndMedium,0,0,0,6,68,1,72
2021,00-0036389,PHI,earlyDown,0,0,0,17,115,0,137
2021,00-0036387,PHI,earlyAndLong,28,19,162,9,22,1,548
2021,00-0034351,PHI,redZone,4,3,40,0,0,0,82
2021,00-0035243,PHI,goalLine,0,0,0,5,-6,0,48
2021,00-0032063,ATL,earlyDown,6,5,29,12,32,0,114
2021,00-0035243,PHI,earlyDown,8,7,37,27,165,0,137
2021,00-0036919,PHI,redZone,10,9,64,4,16,3,82
2021,00-0026143,ATL,earlyDown,0,0,0,6,15,0,114
2021,00-0035243,PHI,thirdAndShort,1,1,16,7,21,0,41
2021,00-0036919,PHI,insideTen,1,0,0,6,32,3,58
2021,00-0036912,PHI,thirdAndLong,10,5,83,0,0,0,74
2021,00-0030968,ATL,earlyDown,3,3,30,1,3,0,114
2021,00-0036970,ATL,thirdAndLong,18,13,185,0,0,0,95
2021,00-0035243,PHI,thirdAndLong,6,4,26,0,0,0,74
2021,00-0034411,ATL,thirdAndLong,19,15,177,0,0,0,95
2021,00-0036919,PHI,aheadLate,0,0,0,7,27,0,16
2021,00-0036919,PHI,thirdAndLong,6,2,7,3,13,0,74
2021,00-0030968,ATL,chasingLate,0,0,0,3,13,0,37
2021,00-0029000,BUF,earlyAndLong,62,49,466,0,0,0,586
2021,00-0031588,BUF,redZone,20,11,100,0,0,5,139
2021,00-0036893,PIT,earlyAndLong,45,38,226,208,809,0,582
2021,00-0035216,PIT,earlyAndLong,76,45,501,4,53,1,582
2021,00-0036893,PIT,earlyDown,10,8,57,57,253,0,148
2021,00-0035216,PIT,thirdAndMedium,16,9,130,0,0,1,72
2021,00-0035250,BUF,earlyAndLong,33,25,170,111,534,1,586
2021,00-0035250,BUF,earlyDown,7,6,34,45,211,0,138
2021,00-0031588,BUF,earlyAndLong,88,62,823,0,0,0,586
2021,00-0035689,BUF,thirdAndLong,6,3,25,0,0,0,79
2021,00-0027685,BUF,earlyAndLong,42,26,422,1,24,3,586
2021,00-0029000,BUF,thirdAndLong,13,8,110,0,0,1,79
2021,00-0036326,PIT,earlyDown,12,4,146,3,4,0,148
2021,00-0034857,BUF,earlyAndLong,0,0,0,43,364,0,586
2021,00-0031588,BUF,thirdAndShort,6,2,19,0,0,0,42
2021,00-0033857,PIT,earlyAndLong,16,11,75,2,6,0,582
2021,00-0034676,PIT,earlyAndLong,24,18,249,0,0,1,582
2021,00-0036326,PIT,thirdAndMedium,11,5,48,0,0,0,72
2021,00-0034857,BUF,earlyDown,0,0,0,14,76,0,138
2021,00-0031588,BUF,earlyDown,15,10,81,0,0,0,138
2021,00-0029000,BUF,thirdAndMedium,13,7,43,0,0,0,58
2021,00-0033857,PIT,thirdAndLong,4,1,17,0,0,0,101
2021,00-0033466,BUF,earlyAndLong,17,12,140,5,26,0,586
2021,00-0036893,PIT,thirdAndLong,11,9,76,2,4,1,101
2021,00-0035689,BUF,earlyAndLong,37,29,398,0,0,1,586
2021,00-0036196,BUF,thirdAndMedium,3,2,38,0,0,0,58
2021,00-0034857,BUF,redZone,0,0,0,16,100,1,139
2021,00-0029000,BUF,redZone,11,7,36,0,0,0,139
2021,00-0034857,BUF,insideTen,0,0,0,12,47,3,86
2021,00-0036196,BUF,goalLine,3,2,1,0,0,1,44
2021,00-0033857,PIT,earlyDown,6,4,39,0,0,0,148
2021,00-0031387,PIT,thirdAndMedium,3,3,28,0,0,0,72
2021,00-0036326,PIT,earlyAndLong,43,29,333,8,89,0,582
2021,00-0035216,PIT,redZone,15,9,75,0,0,2,79
2021,00-0036893,PIT,insideTen,4,3,16,8,27,3,48
2021,00-0031588,BUF,thirdAndMedium,12,8,77,0,0,0,58
2021,00-0033308,BUF,earlyAndLong,3,2,20,13,67,0,586
2021,00-0034857,BUF,thirdAndMedium,0,0,0,9,69,0,58
2021,00-0036196,BUF,earlyAndLong,28,19,403,0,0,1,586
2021,00-0036196,BUF,fourthDown,4,2,32,0,0,1,18
2021,00-0036893,PIT,thirdAndShort,3,3,24,17,62,1,48
2021,00-0036894,PIT,earlyAndLong,32,24,228,0,0,0,582
2021,00-0034857,BUF,thirdAndLong,0,0,0,8,121,0,79
2021,00-0035222,PIT,earlyAndLong,15,12,116,0,0,0,582
2021,00-0035216,PIT,insideTen,8,6,31,0,0,4,48
2021,00-0027685,BUF,earlyDown,7,3,40,1,7,0,138
2021,00-0035250,BUF,insideTen,2,2,3,15,28,3,86
2021,00-0036326,PIT,thirdAndLong,18,10,131,0,0,0,101
2021,00-0034676,PIT,thirdAndLong,6,1,1,0,0,0,101
2021,00-0036196,BUF,chasingLate,6,3,60,0,0,0,36
2021,00-0035250,BUF,chasingLate,5,4,27,1,17,0,36
2021,00-0035250,BUF,thirdAndLong,4,2,12,0,0,0,79
2021,00-0035689,BUF,chasingLate,3,3,41,0,0,0,36
2021,00-0029000,BUF,chasingLate,6,4,33,0,0,0,36
2021,00-0031588,BUF,thirdAndLong,11,6,119,0,0,0,79
2021,00-0036223,IND,earlyAndLong,33,26,175,165,1150,4,526
2021,00-0030181,IND,earlyAndLong,21,14,160,0,0,0,526
2021,00-0033251,IND,earlyAndLong,42,25,300,1,9,0,526
2021,00-0036223,IND,earlyDown,7,4,67,54,305,1,107
2021,00-0034367,IND,earlyAndLong,35,23,190,32,164,1,526
2021,00-0034367,IND,earlyDown,4,3,19,7,30,0,107
2021,00-0032950,IND,earlyAndLong,0,0,0,20,128,0,526
2021,00-0036223,IND,redZone,2,2,9,48,197,1,100
2021,00-0036223,IND,insideTen,1,1,7,21,52,6,51
2021,00-0033594,SEA,earlyAndLong,5,5,32,33,111,0,472
2021,00-0029263,SEA,earlyDown,0,0,0,3,7,0,119
2021,00-0029263,SEA,thirdAndLong,0,0,0,7,50,0,91
2021,00-0033594,SEA,earlyDown,1,1,-3,8,57,1,119
2021,00-0033594,SEA,thirdAndShort,0,0,0,5,40,0,32
2021,00-0034750,SEA,earlyAndLong,6,5,44,80,533,2,472
2021,00-0032211,SEA,thirdAndMedium,8,4,67,0,0,1,45
2021,00-0033895,SEA,earlyAndLong,26,24,207,2,7,0,472
2021,00-0034159,SEA,earlyDown,7,6,95,0,0,0,119
2021,00-0034750,SEA,redZone,1,0,0,11,32,1,71
2021,00-0033895,SEA,insideTen,5,2,15,0,0,2,33
2021,00-0035639,IND,earlyAndLong,9,5,77,0,0,0,526
2021,00-0036223,IND,thirdAndShort,0,0,0,12,57,0,24
2021,00-0036252,IND,earlyAndLong,57,46,535,3,33,1,526
2021,00-0033251,IND,insideTen,8,2,18,0,0,2,51
2021,00-0032211,SEA,earlyAndLong,62,45,677,2,9,2,472
2021,00-0033217,IND,thirdAndLong,5,0,0,0,0,0,81
2021,00-0036620,SEA,earlyAndLong,5,4,3,3,29,0,472
2021,00-0036620,SEA,earlyDown,3,2,23,0,0,0,119
2021,00-0029263,SEA,thirdAndShort,0,0,0,6,17,0,32
2021,00-0030181,IND,thirdAndMedium,3,2,29,0,0,0,58
2021,00-0035640,SEA,earlyDown,12,6,66,0,0,0,119
2021,00-0036247,SEA,earlyAndLong,19,15,187,4,24,1,472
2021,00-0035639,IND,thirdAndMedium,3,1,51,0,0,1,58
2021,00-0036425,SEA,earlyAndLong,7,7,71,14,57,0,472
2021,00-0035640,SEA,earlyAndLong,52,35,464,1,6,2,472
2021,00-0034367,IND,thirdAndMedium,3,2,10,3,14,0,58
2021,00-0032950,IND,fourthDown,0,0,0,7,10,0,20
2021,00-0035640,SEA,thirdAndMedium,13,6,104,0,0,1,45
2021,00-0030181,IND,thirdAndShort,4,3,24,0,0,0,24
2021,00-0036252,IND,thirdAndLong,21,13,269,0,0,1,81
2021,00-0032211,SEA,earlyDown,13,10,154,0,0,1,119
2021,00-0036425,SEA,earlyDown,1,1,3,6,23,0,119
2021,00-0033594,SEA,redZone,0,0,0,4,11,0,71
2021,00-0035640,SEA,redZone,15,10,109,0,0,6,71
2021,00-0036223,IND,goalLine,1,0,0,20,12,7,44
2021,00-0033251,IND,redZone,4,3,19,1,12,1,100
2021,00-0034367,IND,chasingLate,5,4,26,2,9,0,22
2021,00-0033217,IND,chasingLate,3,1,3,0,0,0,22
2021,00-0033948,DET,earlyAndLong,21,20,118,82,394,0,515
2021,00-0035229,DET,earlyAndLong,40,30,324,0,0,0,515
2021,00-0033948,DET,thirdAndLong,3,2,13,3,8,0,96
2021,00-0033948,DET,fourthDown,0,0,0,5,8,0,32
2021,00-0031345,SF,earlyAndLong,0,0,0,10,24,0,632
2021,00-0036275,DET,earlyAndLong,36,29,177,90,347,0,515
2021,00-0032464,DET,earlyDown,10,7,74,2,10,0,137
2021,00-0036963,DET,earlyAndLong,50,38,372,4,11,0,515
2021,00-0036275,DET,thirdAndLong,7,3,67,11,119,2,96
2021,00-0033288,SF,earlyDown,7,6,91,2,11,1,145
2021,00-0037012,SF,redZone,0,0,0,3,4,0,61
2021,00-0036567,SF,redZone,1,1,12,13,54,1,61
2021,00-0029632,SF,redZone,4,3,21,0,0,0,61
2021,00-0035229,DET,thirdAndLong,11,6,56,0,0,0,96
2021,00-0036275,DET,redZone,8,5,32,9,21,1,71
2021,00-0035229,DET,redZone,6,4,37,0,0,1,71
2021,00-0036275,DET,insideTen,3,2,9,7,14,1,42
2021,00-0035229,DET,insideTen,4,3,23,0,0,3,42
2021,00-0036567,SF,earlyAndLong,23,20,156,164,726,0,632
2021,00-0035719,SF,earlyDown,12,8,132,10,93,0,145
2021,00-0035719,SF,earlyAndLong,67,45,817,49,281,6,632
2021,00-0036567,SF,earlyDown,3,3,7,46,215,1,145
2021,00-0029892,SF,earlyAndLong,23,19,181,4,9,0,632
2021,00-0035719,SF,insideTen,5,2,15,8,18,3,51
2021,00-0036275,DET,earlyDown,8,8,60,20,75,1,137
2021,00-0033288,SF,earlyAndLong,57,44,571,1,9,1,632
2021,00-0034487,SF,earlyAndLong,12,3,39,0,0,0,632
2021,00-0037012,SF,thirdAndLong,0,0,0,7,47,0,104
2021,00-0032464,DET,earlyAndLong,31,18,286,2,18,2,515
2021,00-0035719,SF,thirdAndLong,20,15,314,3,19,1,104
2021,00-0033106,DET,earlyAndLong,0,0,0,6,30,0,515
2021,00-0033948,DET,earlyDown,0,0,0,27,114,0,137
2021,00-0037012,SF,thirdAndShort,0,0,0,4,6,0,36
2021,00-0035806,SF,thirdAndLong,6,4,30,0,0,0,104
2021,00-0033288,SF,thirdAndLong,14,9,165,0,0,0,104
2021,00-0034930,DET,earlyAndLong,9,4,39,0,0,0,515
2021,00-0032464,DET,thirdAndLong,7,6,52,0,0,0,96
2021,00-0035719,SF,thirdAndMedium,13,6,52,3,12,0,64
2021,00-0035229,DET,earlyDown,12,12,87,0,0,0,137
2021,00-0036275,DET,thirdAndMedium,6,5,17,3,24,0,51
2021,00-0033948,DET,chasingLate,3,3,20,2,9,0,56
2021,00-0036277,DET,chasingLate,4,2,10,0,0,0,56
2021,00-0033948,DET,goalLine,0,0,0,5,2,3,21
2021,00-0034930,DET,chasingLate,4,2,35,0,0,0,56
2021,00-0035229,DET,chasingLate,3,2,18,0,0,0,56
2021,00-0033106,DET,chasingLate,0,0,0,3,37,0,56
2021,00-0032464,DET,chasingLate,8,7,114,0,0,0,56
2021,00-0036567,SF,aheadLate,0,0,0,13,76,0,18
2021,00-0036963,DET,chasingLate,7,5,61,0,0,0,56
2021,00-0036963,DET,fourthDown,7,4,65,0,0,0,32
2021,00-0030578,ATL,thirdAndMedium,6,3,43,0,0,0,47
2021,00-0031408,TB,redZone,12,7,83,0,0,2,112
2021,00-0034411,ATL,thirdAndShort,4,3,39,0,0,0,31
2021,00-0035208,ATL,earlyAndLong,19,11,207,0,0,0,495
2021,00-0028097,ATL,earlyAndLong,6,5,36,0,0,0,495
2021,00-0030578,ATL,thirdAndShort,0,0,0,6,0,0,31
2021,00-0031408,TB,thirdAndLong,11,7,112,0,0,0,80
2021,00-0026143,ATL,thirdAndMedium,0,0,0,3,5,0,47
2021,00-0034411,ATL,earlyAndLong,35,27,338,0,0,1,495
2021,00-0030578,ATL,insideTen,1,1,7,8,24,5,43
2021,00-0034816,TB,thirdAndShort,0,0,0,6,28,0,47
2021,00-0032778,ATL,earlyAndLong,16,13,110,0,0,0,495
2021,00-0033879,TB,earlyAndLong,14,11,115,0,0,0,591
2021,00-0031408,TB,goalLine,5,5,9,0,0,4,37
2021,00-0034837,ATL,redZone,6,4,21,0,0,0,89
2021,00-0034411,ATL,earlyDown,11,6,52,0,0,0,114
2021,00-0031273,TB,redZone,13,9,87,0,0,0,112
2021,00-0019596,TB,insideTen,0,0,0,3,12,0,84
2021,00-0035208,ATL,thirdAndLong,6,3,36,0,0,0,95
2021,00-0030578,ATL,goalLine,1,0,0,5,3,1,28
2021,00-0036970,ATL,insideTen,4,2,14,0,0,0,43
2021,00-0035208,ATL,earlyDown,10,6,47,0,0,0,114
2021,00-0026143,ATL,goalLine,0,0,0,4,4,1,28
2021,00-0034816,TB,earlyDown,5,5,21,17,31,0,172
2021,00-0030456,TB,thirdAndLong,7,6,30,1,7,0,80
2021,00-0034411,ATL,thirdAndMedium,5,2,30,0,0,0,47
2021,00-0032063,ATL,chasingLate,2,2,13,4,20,0,37
2021,00-0031588,BUF,insideTen,11,8,46,0,0,5,86
2021,00-0036251,BUF,earlyAndLong,19,14,134,42,191,0,586
2021,00-0027685,BUF,thirdAndLong,8,3,43,0,0,0,79
2021,00-0034829,MIA,earlyDown,13,9,128,0,0,0,149
2021,00-0036613,MIA,thirdAndMedium,17,11,87,0,0,0,82
2021,00-0033119,MIA,earlyAndLong,0,0,0,5,17,0,540
2021,00-0036613,MIA,earlyDown,18,13,92,0,0,0,149
2021,00-0034829,MIA,thirdAndLong,10,7,99,0,0,0,78
2021,00-0036613,MIA,redZone,7,5,23,0,0,0,69
2021,00-0036251,BUF,thirdAndShort,1,1,13,5,10,0,42
2021,00-0031547,MIA,thirdAndMedium,9,6,61,0,0,0,82
2021,00-0030669,MIA,earlyAndLong,17,13,132,4,17,0,540
2021,00-0035250,BUF,redZone,5,5,9,25,121,2,139
2021,00-0035689,BUF,insideTen,8,6,33,0,0,3,86
2021,00-0035350,MIA,earlyDown,4,3,40,0,0,0,149
2021,00-0036251,BUF,earlyDown,2,1,8,12,38,0,138
2021,00-0036187,BUF,redZone,1,0,0,2,2,0,139
2021,00-0027685,BUF,redZone,4,2,20,0,0,0,139
2021,00-0036251,BUF,redZone,3,3,17,10,38,0,139
2021,00-0036251,BUF,insideTen,2,1,7,12,28,3,86
2021,00-0036251,BUF,goalLine,1,0,0,5,-6,2,44
2021,00-0030669,MIA,thirdAndMedium,5,2,16,0,0,0,82
2021,00-0036309,CHI,thirdAndLong,13,7,71,0,0,0,92
2021,00-0033009,CIN,earlyDown,11,4,106,1,3,1,175
2021,00-0027973,CHI,earlyAndLong,0,0,0,4,37,0,522
2021,00-0032134,CIN,earlyAndLong,40,33,336,0,0,2,661
2021,00-0036410,CIN,fourthDown,5,2,30,0,0,0,20
2021,00-0036410,CIN,thirdAndLong,15,12,197,0,0,0,107
2021,00-0036945,CHI,earlyAndLong,0,0,0,32,200,0,522
2021,00-0036309,CHI,thirdAndMedium,12,6,45,0,0,0,46
2021,00-0036857,CIN,thirdAndLong,3,3,38,1,13,0,107
2021,00-0036945,CHI,earlyDown,0,0,0,3,15,0,118
2021,00-0031428,CHI,thirdAndLong,13,7,89,0,0,0,92
2021,00-0035685,CHI,insideTen,2,2,11,16,25,2,58
2021,00-0036945,CHI,redZone,0,0,0,6,30,0,84
2021,00-0036410,CIN,earlyDown,13,9,156,0,0,1,175
2021,00-0035685,CHI,thirdAndLong,6,5,43,1,1,0,92
2021,00-0036945,CHI,insideTen,0,0,0,3,5,0,58
2021,00-0033009,CIN,thirdAndLong,10,7,97,0,0,0,107
2021,00-0030068,CHI,thirdAndLong,6,4,61,0,0,0,92
2021,00-0036410,CIN,insideTen,5,3,23,0,0,3,49
2021,00-0036945,CHI,thirdAndLong,0,0,0,6,48,0,92
2021,00-0033045,DAL,thirdAndMedium,6,6,49,3,24,0,64
2021,00-0035261,DAL,thirdAndShort,1,0,0,5,15,0,46
2021,00-0035261,DAL,insideTen,0,0,0,3,14,1,47
2021,00-0033699,LAC,thirdAndMedium,6,4,32,1,1,0,69
2021,00-0036355,LAC,thirdAndMedium,0,0,0,6,85,0,69
2021,00-0033699,LAC,thirdAndShort,0,0,0,7,6,0,23
2021,00-0036355,LAC,fourthDown,0,0,0,4,8,0,26
2021,00-0034440,LAC,earlyAndLong,9,8,56,33,238,0,525
2021,00-0036355,LAC,redZone,0,0,0,9,27,0,112
2021,00-0032725,LAC,earlyAndLong,10,8,51,0,0,0,525
2021,00-0036988,LAC,thirdAndMedium,3,2,29,0,0,0,69
2021,00-0035414,LAC,redZone,4,2,9,0,0,0,112
2021,00-0033536,LAC,insideTen,9,2,9,0,0,1,70
2021,00-0034383,DAL,thirdAndMedium,7,6,84,0,0,0,64
2021,00-0035414,LAC,earlyDown,4,2,8,2,11,0,132
2021,00-0036355,LAC,earlyAndLong,0,0,0,15,105,0,525
2021,00-0034440,LAC,earlyDown,3,3,55,7,23,0,132
2021,00-0033699,LAC,thirdAndLong,8,7,84,0,0,0,81
2021,00-0031544,DAL,earlyDown,14,12,154,0,0,0,147
2021,00-0029293,JAX,earlyDown,9,4,30,0,0,0,127
2021,00-0032951,JAX,earlyDown,5,1,16,0,0,0,127
2021,00-0029293,JAX,thirdAndMedium,12,6,90,0,0,0,58
2021,00-0036268,JAX,redZone,5,3,18,2,-4,0,55
2021,00-0029293,JAX,thirdAndLong,11,8,127,0,0,1,90
2021,00-0036423,DEN,earlyAndLong,24,19,230,0,0,0,519
2021,00-0033375,DEN,earlyAndLong,42,26,398,0,0,3,519
2021,00-0036997,DEN,earlyDown,5,5,3,31,144,0,116
2021,00-0032144,DEN,redZone,5,3,31,19,77,2,82
2021,00-0034348,DEN,earlyAndLong,39,24,329,0,0,1,519
2021,00-0035864,DEN,earlyAndLong,9,8,80,0,0,0,519
2021,00-0036887,JAX,earlyAndLong,6,5,46,0,0,0,504
2021,00-0036971,JAX,fourthDown,0,0,0,3,13,0,24
2021,00-0032144,DEN,fourthDown,1,1,30,2,4,0,19
2021,00-0034348,DEN,thirdAndLong,14,8,64,0,0,0,106
2021,00-0033375,DEN,thirdAndLong,12,9,136,0,0,0,106
2021,00-0036997,DEN,thirdAndShort,0,0,0,10,95,0,36
2021,00-0036971,JAX,earlyAndLong,0,0,0,27,151,0,504
2021,00-0036997,DEN,insideTen,3,2,20,13,20,4,54
2021,00-0033948,DET,redZone,0,0,0,14,23,0,71
2021,00-0033293,GB,earlyDown,5,4,43,28,111,0,152
2021,00-0033293,GB,thirdAndShort,1,1,10,8,52,0,31
2021,00-0023459,GB,earlyAndLong,0,0,0,7,29,0,524
2021,00-0033293,GB,insideTen,4,4,18,10,23,2,64
2021,00-0033948,DET,thirdAndShort,0,0,0,9,28,0,35
2021,00-0036277,DET,earlyAndLong,7,6,74,0,0,0,515
2021,00-0034171,DET,earlyDown,2,2,6,1,21,0,137
2021,00-0032464,DET,redZone,3,2,14,0,0,0,71
2021,00-0033948,DET,insideTen,0,0,0,5,12,0,42
2021,00-0031381,GB,earlyDown,18,16,213,0,0,0,152
2021,00-0036265,GB,redZone,4,4,31,21,84,1,125
2021,00-0034272,GB,goalLine,3,0,0,0,0,0,40
2021,00-0033293,GB,goalLine,1,1,1,6,9,5,40
2021,00-0023459,GB,earlyDown,0,0,0,5,38,0,152
2021,00-0033757,GB,thirdAndMedium,5,4,70,0,0,1,54
2021,00-0036963,DET,thirdAndLong,15,11,114,2,38,1,96
2021,00-0028002,GB,thirdAndLong,8,8,123,0,0,1,74
2021,00-0028002,GB,earlyAndLong,11,8,95,0,0,0,524
2021,00-0035229,DET,thirdAndMedium,6,3,23,0,0,0,51
2021,00-0034279,GB,earlyAndLong,7,4,57,4,15,0,524
2021,00-0036669,GB,aheadLate,0,0,0,4,7,0,16
2021,00-0034272,GB,thirdAndShort,3,1,5,0,0,0,31
2021,00-0036275,DET,chasingLate,7,7,75,1,-1,0,56
2021,00-0034791,CLE,goalLine,0,0,0,6,4,2,28
2021,00-0036554,HOU,earlyAndLong,27,17,282,0,0,0,490
2021,00-0031236,HOU,earlyAndLong,55,42,311,2,21,0,490
2021,00-0036233,CLE,earlyAndLong,33,17,325,0,0,1,531
2021,00-0032977,CLE,earlyAndLong,18,11,115,0,0,0,531
2021,00-0032392,CLE,earlyAndLong,28,17,151,0,0,0,531
2021,00-0034109,HOU,redZone,0,0,0,5,12,0,52
2021,00-0032187,HOU,thirdAndLong,9,8,58,5,33,0,109
2021,00-0036654,CLE,earlyAndLong,10,9,110,6,24,1,531
2021,00-0036898,HOU,earlyAndLong,0,0,0,5,8,0,490
2021,00-0034855,CLE,redZone,0,0,0,3,5,0,86
2021,00-0034364,HOU,thirdAndLong,5,4,42,0,0,0,109
2021,00-0034364,HOU,earlyAndLong,13,11,98,0,0,0,490
2021,00-0031236,HOU,redZone,7,4,36,0,0,0,52
2021,00-0034855,CLE,thirdAndShort,0,0,0,5,26,0,34
2021,00-0033923,CLE,thirdAndMedium,1,1,2,2,34,1,43
2021,00-0031236,HOU,chasingLate,9,6,72,0,0,0,55
2021,00-0032128,HOU,chasingLate,3,1,7,0,0,0,55
2021,00-0031285,BAL,earlyAndLong,20,15,67,78,427,0,595
2021,00-0030506,KC,thirdAndShort,8,8,83,0,0,0,44
2021,00-0032775,KC,earlyAndLong,27,16,224,0,0,2,650
2021,00-0034796,BAL,thirdAndShort,0,0,0,3,16,0,29
2021,00-0035662,BAL,thirdAndLong,24,14,124,0,0,0,98
2021,00-0034301,KC,earlyAndLong,34,29,300,74,343,0,650
2021,00-0032775,KC,earlyDown,7,4,24,0,0,0,184
2021,00-0035662,BAL,earlyDown,14,8,81,0,0,0,152
2021,00-0030513,BAL,redZone,3,2,10,10,65,2,88
2021,00-0035662,BAL,redZone,9,5,25,0,0,0,88
2021,00-0032062,KC,earlyAndLong,7,5,63,0,0,0,650
2021,00-0031376,KC,redZone,6,5,44,5,19,1,124
2021,00-0034301,KC,goalLine,1,1,2,14,13,6,48
2021,00-0034297,KC,earlyDown,21,16,197,0,0,2,184
2021,00-0035662,BAL,thirdAndMedium,5,5,56,0,0,1,62
2021,00-0033873,KC,thirdAndMedium,0,0,0,4,56,0,60
2021,00-0031285,BAL,earlyDown,2,2,3,26,80,0,152
2021,00-0030506,KC,thirdAndLong,16,8,131,0,0,1,83
2021,00-0034796,BAL,goalLine,0,0,0,6,-3,2,31
2021,00-0034753,BAL,insideTen,12,8,52,0,0,7,54
2021,00-0034796,BAL,redZone,0,0,0,9,64,0,88
2021,00-0030506,KC,chasingLate,6,4,50,0,0,0,32
2021,00-0034796,BAL,fourthDown,0,0,0,4,10,0,22
2021,00-0035021,IND,earlyAndLong,14,9,140,3,32,1,526
2021,00-0030181,IND,redZone,4,3,20,0,0,1,100
2021,00-0033217,IND,earlyAndLong,22,14,184,0,0,1,526
2021,00-0036252,IND,insideTen,6,3,22,0,0,1,51
2021,00-0030181,IND,goalLine,5,1,1,0,0,1,44
2021,00-0030431,LA,earlyDown,5,3,30,1,-3,0,155
2021,00-0030431,LA,redZone,9,6,57,2,21,3,129
2021,00-0033951,IND,earlyAndLong,5,2,8,14,60,0,526
2021,00-0033951,IND,earlyDown,0,0,0,7,22,0,107
2021,00-0032950,IND,insideTen,0,0,0,3,6,0,51
2021,00-0036252,IND,redZone,8,4,44,1,8,2,100
2021,00-0033908,LA,thirdAndShort,6,6,94,0,0,0,45
2021,00-0034845,LA,earlyDown,3,1,11,36,109,0,155
2021,00-0034845,LA,redZone,2,1,-4,25,56,0,129
2021,00-0033251,IND,chasingLate,4,2,14,0,0,0,22
2021,00-0034845,LA,thirdAndLong,1,1,0,7,22,0,89
2021,00-0036252,IND,chasingLate,4,2,28,0,0,0,22
2021,00-0034981,LV,earlyAndLong,20,15,186,0,0,0,552
2021,00-0031280,LV,thirdAndShort,0,0,0,5,5,0,40
2021,00-0032741,LV,earlyAndLong,6,4,25,34,157,0,552
2021,00-0034983,LV,earlyDown,12,9,97,1,-4,0,157
2021,00-0033118,LV,thirdAndMedium,2,0,0,3,5,0,60
2021,00-0035216,PIT,thirdAndLong,27,19,247,0,0,1,101
2021,00-0035216,PIT,earlyDown,24,17,140,1,0,0,148
2021,00-0035217,PIT,earlyAndLong,0,0,0,27,66,0,582
2021,00-0036326,PIT,fourthDown,3,1,9,0,0,0,17
2021,00-0033118,LV,redZone,6,4,25,10,55,1,109
2021,00-0034983,LV,thirdAndMedium,10,8,67,0,0,0,60
2021,00-0032741,LV,redZone,3,3,16,6,17,0,109
2021,00-0032741,LV,earlyDown,4,3,26,5,25,0,157
2021,00-0036894,PIT,thirdAndMedium,8,8,56,0,0,0,72
2021,00-0036894,PIT,earlyDown,6,6,48,0,0,0,148
2021,00-0031387,PIT,earlyAndLong,9,6,43,0,0,0,582
2021,00-0031610,LV,earlyDown,11,7,89,0,0,0,157
2021,00-0034676,PIT,earlyDown,2,1,19,2,13,0,148
2021,00-0033857,PIT,chasingLate,3,0,0,0,0,0,45
2021,00-0035216,PIT,chasingLate,8,5,58,0,0,0,45
2021,00-0030564,ARI,thirdAndLong,7,6,111,0,0,0,93
2021,00-0034270,MIN,thirdAndShort,3,2,36,0,0,0,30
2021,00-0029604,MIN,earlyDown,0,0,0,4,39,0,122
2021,00-0034972,MIN,insideTen,3,1,-3,13,28,2,58
2021,00-0031558,ARI,earlyDown,4,4,42,0,0,0,144
2021,00-0029604,MIN,earlyAndLong,0,0,0,9,60,0,512
2021,00-0034972,MIN,redZone,5,2,18,17,50,1,90
2021,00-0036322,MIN,redZone,13,8,86,2,0,4,90
2021,00-0034775,ARI,thirdAndLong,11,8,105,0,0,2,93
2021,00-0036936,ARI,insideTen,2,2,3,1,3,0,64
2021,00-0035228,ARI,redZone,0,0,0,13,40,1,95
2021,00-0033893,MIN,thirdAndShort,0,0,0,7,98,0,30
2021,00-0036936,ARI,earlyDown,9,7,43,2,12,0,144
2021,00-0027942,ARI,earlyDown,13,9,145,0,0,0,144
2021,00-0034775,ARI,fourthDown,4,4,98,0,0,0,24
2021,00-0032104,MIN,thirdAndMedium,10,5,58,0,0,1,56
2021,00-0034681,ARI,thirdAndLong,9,7,65,2,58,0,93
2021,00-0034972,MIN,chasingLate,4,3,20,1,2,0,47
2021,00-0036322,MIN,chasingLate,7,2,30,0,0,0,47
2021,00-0031062,NE,thirdAndMedium,2,1,5,1,6,0,63
2021,00-0033871,NYJ,earlyDown,7,2,17,0,0,0,116
2021,00-0035537,NYJ,earlyDown,2,1,15,13,54,0,116
2021,00-0035537,NYJ,thirdAndShort,1,0,0,2,5,0,31
2021,00-0036980,NYJ,earlyDown,5,5,71,0,0,0,116
2021,00-0036924,NYJ,redZone,1,1,4,9,17,0,74
2021,00-0036924,NYJ,insideTen,0,0,0,10,37,1,44
2021,00-0035537,NYJ,goalLine,0,0,0,5,3,2,44
2021,00-0036980,NYJ,thirdAndMedium,7,3,19,0,0,0,50
2021,00-0033871,NYJ,thirdAndMedium,3,1,17,0,0,0,50
2021,00-0037013,NYJ,earlyAndLong,0,0,0,5,70,0,498
2021,00-0037013,NYJ,thirdAndLong,0,0,0,4,26,0,98
2021,00-0036096,NE,earlyAndLong,3,3,3,13,19,0,551
2021,00-0033090,NE,redZone,9,4,56,0,0,4,99
2021,00-0033090,NE,thirdAndLong,9,5,69,0,0,0,73
2021,00-0036980,NYJ,redZone,6,4,50,2,26,4,74
2021,00-0035537,NYJ,redZone,4,3,37,4,2,1,74
2021,00-0036980,NYJ,thirdAndShort,4,2,20,0,0,0,31
2021,00-0035657,NE,goalLine,0,0,0,12,9,8,34
2021,00-0035510,NYJ,chasingLate,4,2,27,0,0,0,59
2021,00-0034052,CAR,redZone,3,2,28,0,0,1,71
2021,00-0034011,CAR,thirdAndShort,3,2,31,0,0,0,38
2021,00-0028237,NO,thirdAndMedium,3,0,0,0,0,0,48
2021,00-0036955,CAR,earlyDown,4,2,11,0,0,0,129
2021,00-0033280,CAR,thirdAndShort,1,1,9,3,16,0,38
2021,00-0034011,CAR,earlyAndLong,21,16,210,0,0,0,542
2021,00-0033280,CAR,goalLine,0,0,0,3,-2,0,24
2021,00-0034365,CAR,earlyAndLong,13,7,67,0,0,0,542
2021,00-0035406,NO,thirdAndLong,3,3,47,0,0,0,97
2021,00-0036040,NO,earlyAndLong,7,2,37,0,0,0,517
2021,00-0035215,NO,thirdAndLong,10,6,111,0,0,1,97
2021,00-0034869,CAR,earlyAndLong,0,0,0,10,68,0,542
2021,00-0034052,CAR,earlyAndLong,9,8,89,0,0,0,542
2021,00-0035860,NO,thirdAndMedium,1,0,0,3,11,0,48
2021,00-0036555,CAR,thirdAndShort,0,0,0,9,25,0,38
2021,00-0033357,NO,earlyAndLong,6,4,52,22,128,0,517
2021,00-0033906,NO,thirdAndShort,0,0,0,6,27,0,32
2021,00-0033357,NO,redZone,0,0,0,8,45,0,91
2021,00-0033280,CAR,aheadLate,0,0,0,3,3,0,11
2021,00-0034827,CAR,thirdAndLong,16,10,140,0,0,0,102
2021,00-0036555,CAR,aheadLate,0,0,0,7,19,0,11
2021,00-0036555,CAR,thirdAndLong,7,4,4,3,9,0,102
2021,00-0033367,NYG,earlyAndLong,3,1,2,1,6,0,530
2021,00-0032972,NYG,earlyDown,5,5,13,27,105,0,110
2021,00-0036626,WAS,earlyDown,3,3,46,1,-4,0,134
2021,00-0031763,WAS,earlyAndLong,18,11,125,5,37,0,518
2021,00-0031800,WAS,fourthDown,0,0,0,3,17,0,24
2021,00-0035659,WAS,redZone,5,5,52,0,0,3,73
2021,00-0032602,WAS,thirdAndLong,11,11,131,0,0,1,87
2021,00-0032813,NYG,thirdAndShort,1,1,16,3,7,0,32
2021,00-0032602,WAS,earlyDown,3,2,13,3,11,0,134
2021,00-0032602,WAS,thirdAndShort,2,2,29,5,21,0,49
2021,00-0036626,WAS,redZone,3,2,13,0,0,0,73
2021,00-0031800,WAS,insideTen,0,0,0,7,23,1,52
2021,00-0032602,WAS,goalLine,1,0,0,3,3,1,27
2021,00-0034988,NYG,earlyAndLong,3,3,33,0,0,0,530
2021,00-0035535,NYG,thirdAndLong,8,5,53,0,0,1,116
2021,00-0035659,WAS,thirdAndShort,4,1,5,0,0,0,49
2021,00-0032009,WAS,thirdAndLong,12,8,78,0,0,0,87
2021,00-0035710,NYG,thirdAndLong,0,0,0,4,26,0,116
2021,00-0033611,WAS,redZone,8,7,53,0,0,1,73
2021,00-0032602,WAS,chasingLate,6,4,28,2,3,0,46
2021,00-0032009,WAS,chasingLate,7,5,80,0,0,0,46
2021,00-0032009,WAS,thirdAndMedium,8,5,32,0,0,0,54
2021,00-0035659,WAS,chasingLate,6,1,6,0,0,0,46
2021,00-0029632,SF,thirdAndLong,8,4,63,0,0,0,104
2021,00-0036919,PHI,thirdAndMedium,6,4,50,5,38,0,72
2021,00-0036261,SF,earlyAndLong,56,40,603,3,15,0,632
2021,00-0036271,PHI,thirdAndLong,12,10,285,0,0,1,74
2021,00-0029892,SF,earlyDown,6,5,54,1,13,0,145
2021,00-0036567,SF,thirdAndShort,0,0,0,6,14,0,36
2021,00-0030061,PHI,goalLine,5,3,6,0,0,3,48
2021,00-0036389,PHI,insideTen,0,0,0,9,26,2,58
2021,00-0036389,PHI,goalLine,1,0,0,11,12,7,48
2021,00-0035806,SF,earlyAndLong,8,8,58,6,42,0,632
2021,00-0035806,SF,earlyDown,3,3,16,1,9,0,145
2021,00-0031345,SF,thirdAndShort,0,0,0,10,27,0,36
2021,00-0036259,SF,redZone,4,3,34,0,0,2,61
2021,00-0030061,PHI,thirdAndMedium,10,4,31,0,0,0,72
2021,00-0036259,SF,earlyAndLong,17,7,72,0,0,1,632
2021,00-0036567,SF,goalLine,0,0,0,3,4,2,28
2021,00-0036984,SF,earlyAndLong,2,1,0,27,140,0,632
2021,00-0036919,PHI,goalLine,0,0,0,3,5,1,48
2021,00-0032211,SEA,redZone,5,2,14,0,0,1,71
2021,00-0032141,TEN,earlyAndLong,25,20,155,0,0,0,577
2021,00-0032764,TEN,redZone,2,2,7,17,61,1,95
2021,00-0029701,TEN,redZone,0,0,0,5,13,0,95
2021,00-0032764,TEN,insideTen,0,0,0,10,45,3,54
2021,00-0035594,SEA,earlyAndLong,5,5,59,5,16,0,472
2021,00-0036247,SEA,earlyDown,3,3,28,1,8,0,119
2021,00-0032426,SEA,earlyDown,1,1,9,21,116,0,119
2021,00-0031585,TEN,earlyDown,3,3,17,0,0,0,145
2021,00-0032764,TEN,thirdAndShort,0,0,0,8,22,0,39
2021,00-0031585,TEN,earlyAndLong,8,7,100,0,0,0,577
2021,00-0029263,SEA,earlyAndLong,0,0,0,12,63,0,472
2021,00-0036247,SEA,thirdAndLong,11,4,74,0,0,1,91
2021,00-0033895,SEA,earlyDown,10,5,111,1,13,1,119
2021,00-0035640,SEA,thirdAndShort,4,3,46,0,0,0,32
2021,00-0029701,TEN,thirdAndShort,0,0,0,7,36,0,39
2021,00-0029701,TEN,earlyAndLong,0,0,0,14,128,0,577
2021,00-0027944,TEN,thirdAndLong,5,4,83,0,0,0,93
2021,00-0035640,SEA,thirdAndLong,18,8,130,0,0,0,91
2021,00-0032764,TEN,chasingLate,3,3,27,2,8,0,36
2021,00-0033955,TEN,insideTen,3,2,15,2,2,1,54
2021,00-0033387,JAX,earlyAndLong,5,4,31,0,0,0,504
2021,00-0027942,ARI,thirdAndShort,5,2,17,0,0,0,43
2021,00-0034681,ARI,goalLine,0,0,0,4,5,1,36
2021,00-0036971,JAX,redZone,0,0,0,5,23,0,55
2021,00-0035831,JAX,redZone,1,1,7,7,16,0,55
2021,00-0036971,JAX,thirdAndMedium,0,0,0,6,27,0,58
2021,00-0030564,ARI,thirdAndShort,3,1,5,0,0,0,43
2021,00-0031045,JAX,insideTen,0,0,0,4,18,0,42
2021,00-0035831,JAX,insideTen,1,1,-2,9,27,3,42
2021,00-0034775,ARI,earlyDown,13,11,125,0,0,0,144
2021,00-0036971,JAX,thirdAndLong,0,0,0,6,36,0,90
2021,00-0027942,ARI,thirdAndLong,9,8,251,0,0,0,93
2021,00-0035228,ARI,insideTen,0,0,0,6,17,1,64
2021,00-0033553,ARI,goalLine,0,0,0,16,8,10,36
2021,00-0035831,JAX,chasingLate,7,6,58,4,14,0,60
2021,00-0035710,NYG,redZone,0,0,0,8,31,0,58
2021,00-0033881,NYG,insideTen,3,2,14,0,0,2,34
2021,00-0033881,NYG,earlyAndLong,29,16,116,0,0,0,530
2021,00-0033932,NYG,thirdAndLong,10,6,88,0,0,0,116
2021,00-0033932,NYG,earlyDown,3,0,0,0,0,0,110
2021,00-0036913,NYG,thirdAndLong,9,7,107,0,0,0,116
2021,00-0034837,ATL,insideTen,4,3,9,0,0,1,43
2021,00-0035208,ATL,insideTen,4,2,10,0,0,2,43
2021,00-0036254,NYG,earlyAndLong,10,6,53,0,0,0,530
2021,00-0036254,NYG,thirdAndMedium,3,1,5,0,0,0,53
2021,00-0035208,ATL,thirdAndMedium,7,3,43,0,0,0,47
2021,00-0035710,NYG,goalLine,0,0,0,3,4,0,24
2021,00-0034844,NYG,thirdAndLong,2,1,10,7,30,0,116
2021,00-0029738,DET,earlyAndLong,3,3,41,0,0,0,515
2021,00-0031285,BAL,thirdAndMedium,1,1,5,4,-1,0,62
2021,00-0035249,BAL,earlyAndLong,5,4,20,0,0,0,595
2021,00-0034796,BAL,thirdAndLong,0,0,0,8,45,0,98
2021,00-0033106,DET,thirdAndLong,0,0,0,3,18,0,96
2021,00-0036331,BAL,redZone,3,3,43,0,0,1,88
2021,00-0032464,DET,thirdAndShort,3,2,11,0,0,0,35
2021,00-0036133,BAL,earlyAndLong,9,8,101,0,0,0,595
2021,00-0036275,DET,thirdAndShort,3,3,13,5,5,0,35
2021,00-0034854,DET,redZone,4,2,13,0,0,0,71
2021,00-0036963,DET,insideTen,4,2,9,0,0,1,42
2021,00-0036275,DET,goalLine,0,0,0,4,3,2,21
2021,00-0031325,BAL,redZone,3,2,10,0,0,0,88
2021,00-0036331,BAL,chasingLate,5,4,55,0,0,0,43
2021,00-0034869,CAR,thirdAndShort,0,0,0,4,6,0,38
2021,00-0034353,HOU,earlyAndLong,4,2,14,0,0,0,490
2021,00-0034869,CAR,earlyDown,0,0,0,7,39,0,129
2021,00-0036555,CAR,redZone,1,0,0,15,54,1,71
2021,00-0034011,CAR,redZone,3,2,26,0,0,0,71
2021,00-0036555,CAR,insideTen,0,0,0,7,11,2,47
2021,00-0030288,HOU,thirdAndLong,8,8,31,5,27,0,109
2021,00-0034838,CAR,earlyAndLong,11,6,59,37,117,0,542
2021,00-0034364,HOU,earlyDown,3,3,19,0,0,0,118
2021,00-0037005,CAR,insideTen,3,3,9,3,11,2,47
2021,00-0037005,CAR,earlyAndLong,14,9,112,0,0,0,542
2021,00-0032688,CAR,earlyDown,9,5,24,0,0,0,129
2021,00-0034838,CAR,redZone,0,0,0,5,16,0,71
2021,00-0036555,CAR,goalLine,2,1,2,2,4,2,24
2021,00-0034869,CAR,goalLine,0,0,0,3,2,2,24
2021,00-0036898,HOU,chasingLate,0,0,0,3,11,0,55
2021,00-0031236,HOU,fourthDown,7,5,53,0,0,0,20
2021,00-0031235,CLE,earlyAndLong,46,34,486,1,10,1,531
2021,00-0031235,CLE,thirdAndLong,18,9,138,0,0,0,101
2021,00-0034855,CLE,thirdAndLong,0,0,0,4,44,0,101
2021,00-0036654,CLE,thirdAndMedium,4,2,31,0,0,0,43
2021,00-0032977,CLE,thirdAndLong,13,6,89,0,0,0,101
2021,00-0036309,CHI,earlyDown,16,8,134,0,0,0,118
2021,00-0036233,CLE,thirdAndMedium,4,3,77,0,0,0,43
2021,00-0027696,CHI,earlyAndLong,10,7,94,0,0,0,522
2021,00-0031235,CLE,earlyDown,11,6,38,1,4,0,120
2021,00-0034791,CLE,thirdAndMedium,1,1,7,3,13,0,43
2021,00-0035685,CHI,chasingLate,8,7,58,0,0,0,58
2021,00-0036290,CHI,chasingLate,8,6,52,0,0,0,58
2021,00-0035628,CLE,aheadLate,0,0,0,3,15,0,3
2021,00-0035628,CLE,redZone,1,1,6,12,47,0,86
2021,00-0034676,PIT,thirdAndMedium,3,0,0,0,0,0,72
2021,00-0033009,CIN,redZone,6,4,41,0,0,1,86
2021,00-0036442,CIN,thirdAndLong,0,0,0,4,35,0,107
2021,00-0036894,PIT,thirdAndShort,4,4,15,0,0,0,48
2021,00-0036893,PIT,thirdAndMedium,5,4,32,2,9,0,72
2021,00-0032897,PIT,earlyAndLong,4,3,15,0,0,0,582
2021,00-0036894,PIT,insideTen,6,5,29,0,0,4,48
2021,00-0034686,CIN,earlyAndLong,3,2,32,0,0,0,661
2021,00-0036857,CIN,thirdAndMedium,3,2,38,0,0,1,82
2021,00-0033857,PIT,thirdAndMedium,4,1,5,0,0,0,72
2021,00-0036900,CIN,insideTen,4,2,15,1,0,2,49
2021,00-0033897,CIN,thirdAndLong,2,2,4,1,1,0,107
2021,00-0034407,PIT,earlyAndLong,24,12,100,0,0,0,582
2021,00-0034407,PIT,thirdAndMedium,10,9,66,0,0,0,72
2021,00-0034407,PIT,earlyDown,11,9,49,1,5,0,148
2021,00-0036894,PIT,redZone,11,6,61,0,0,2,79
2021,00-0034676,PIT,redZone,6,5,44,0,0,1,79
2021,00-0036893,PIT,redZone,8,4,10,12,60,0,79
2021,00-0033897,CIN,aheadLate,0,0,0,5,12,0,11
2021,00-0036893,PIT,chasingLate,6,5,23,0,0,0,45
2021,00-0036326,PIT,thirdAndShort,8,4,103,1,2,0,48
2021,00-0036893,PIT,fourthDown,2,1,-1,4,1,0,17
2021,00-0034521,GB,thirdAndMedium,6,4,64,0,0,0,54
2021,00-0023459,GB,redZone,1,1,-4,3,15,0,125
2021,00-0031381,GB,redZone,15,9,84,0,0,3,125
2021,00-0031381,GB,goalLine,5,4,8,0,0,4,40
2021,00-0028002,GB,goalLine,5,2,3,0,0,2,40
2021,00-0036332,GB,earlyAndLong,16,14,141,0,0,1,524
2021,00-0031381,GB,thirdAndMedium,19,12,125,0,0,0,54
2021,00-0029632,SF,earlyAndLong,5,4,59,0,0,0,632
2021,00-0029892,SF,redZone,3,3,28,0,0,1,61
2021,00-0036261,SF,insideTen,4,2,14,0,0,2,51
2021,00-0036261,SF,goalLine,5,1,2,0,0,1,28
2021,00-0036984,SF,earlyDown,2,2,26,9,17,0,145
2021,00-0031381,GB,thirdAndShort,5,4,81,0,0,0,31
2021,00-0034272,GB,redZone,5,2,23,0,0,2,125
2021,00-0029892,SF,insideTen,2,0,0,3,12,1,51
2021,00-0035719,SF,chasingLate,9,5,130,1,2,0,40
2021,00-0033288,SF,chasingLate,7,5,44,0,0,0,40
2021,00-0035639,IND,thirdAndLong,5,2,23,0,0,0,81
2021,00-0029701,TEN,thirdAndMedium,0,0,0,3,20,0,70
2021,00-0032355,TEN,insideTen,3,2,6,0,0,1,54
2021,00-0036252,IND,thirdAndMedium,14,10,87,0,0,0,58
2021,00-0034367,IND,redZone,4,4,29,3,12,0,100
2021,00-0034367,IND,insideTen,1,1,8,2,11,2,51
2021,00-0036698,TEN,earlyAndLong,1,0,0,2,4,0,577
2021,00-0036223,IND,fourthDown,0,0,0,4,15,0,20
2021,00-0033955,TEN,thirdAndMedium,3,2,34,0,0,0,70
2021,00-0034652,TEN,earlyAndLong,3,1,13,2,15,0,577
2021,00-0033873,KC,earlyAndLong,0,0,0,23,167,0,650
2021,00-0035908,LAC,earlyAndLong,3,3,17,2,6,0,525
2021,00-0036355,LAC,thirdAndLong,0,0,0,5,53,0,81
2021,00-0036355,LAC,thirdAndShort,0,0,0,4,7,0,23
2021,00-0035329,LAC,earlyDown,3,3,46,0,0,1,132
2021,00-0034301,KC,earlyDown,4,4,28,22,106,0,184
2021,00-0030506,KC,thirdAndMedium,10,4,112,0,0,0,60
2021,00-0035140,KC,redZone,10,6,46,0,0,0,124
2021,00-0034301,KC,insideTen,4,3,10,6,24,0,72
2021,00-0030279,LAC,thirdAndMedium,15,10,112,0,0,0,69
2021,00-0030279,LAC,fourthDown,5,4,52,0,0,0,26
2021,00-0036637,KC,earlyAndLong,5,3,21,0,0,0,650
2021,00-0035140,KC,insideTen,5,3,20,1,3,2,72
2021,00-0033040,KC,chasingLate,7,5,109,0,0,1,32
2021,00-0033873,KC,chasingLate,0,0,0,3,54,0,32
2021,00-0034981,LV,earlyDown,8,3,23,0,0,0,157
2021,00-0034981,LV,thirdAndLong,4,2,52,0,0,0,79
2021,00-0032741,LV,insideTen,0,0,0,4,14,1,56
2021,00-0033127,MIA,earlyAndLong,4,1,10,0,0,0,540
2021,00-0033891,LV,thirdAndMedium,6,2,21,0,0,0,60
2021,00-0034829,MIA,chasingLate,5,4,32,0,0,0,21
2021,00-0031547,MIA,fourthDown,3,1,15,0,0,0,17
2021,00-0031806,MIA,goalLine,0,0,0,4,1,0,35
2021,00-0033119,MIA,goalLine,0,0,0,3,2,1,35
2021,00-0031549,NE,earlyDown,4,3,52,0,0,0,127
2021,00-0030085,NO,earlyAndLong,13,2,21,1,1,0,517
2021,00-0036422,NO,redZone,5,3,39,0,0,2,91
2021,00-0030085,NO,earlyDown,3,1,6,0,0,0,124
2021,00-0033357,NO,thirdAndMedium,0,0,0,3,9,0,48
2021,00-0033296,NO,earlyDown,0,0,0,4,18,0,124
2021,00-0036972,NE,earlyAndLong,0,0,0,9,50,0,551
2021,00-0029239,NE,thirdAndShort,1,0,0,8,7,0,39
2021,00-0036972,NE,thirdAndShort,0,0,0,5,10,0,39
2021,00-0031549,NE,redZone,6,4,35,0,0,1,99
2021,00-0029239,NE,redZone,8,7,70,5,20,3,99
2021,00-0036972,NE,thirdAndLong,0,0,0,3,36,0,73
2021,00-0035215,NO,earlyDown,3,2,16,0,0,0,124
2021,00-0033357,NO,insideTen,0,0,0,5,29,3,44
2021,00-0033090,NE,chasingLate,3,3,26,0,0,0,28
2021,00-0031549,NE,chasingLate,3,1,18,0,0,0,28
2021,00-0033307,NE,chasingLate,4,2,95,0,0,1,28
2021,00-0029239,NE,chasingLate,6,3,27,1,3,0,28
2021,00-0029239,NE,thirdAndMedium,8,7,79,5,34,0,63
2021,00-0036972,NE,fourthDown,0,0,0,3,10,0,16
2021,00-0034960,NE,chasingLate,7,4,18,0,0,0,28
2021,00-0033375,DEN,earlyDown,10,6,78,0,0,0,116
2021,00-0032144,DEN,goalLine,0,0,0,8,6,4,31
2021,00-0036997,DEN,goalLine,0,0,0,8,1,2,31
2021,00-0035537,NYJ,thirdAndMedium,5,5,50,1,5,1,50
2021,00-0033871,NYJ,thirdAndLong,6,3,51,0,0,0,98
2021,00-0035644,DEN,thirdAndLong,14,10,77,0,0,0,106
2021,00-0031237,DEN,thirdAndLong,0,0,0,3,32,0,106
2021,00-0034348,DEN,redZone,7,6,46,0,0,1,82
2021,00-0031319,DEN,earlyAndLong,3,1,-3,0,0,0,519
2021,00-0034419,NYJ,earlyDown,5,3,33,0,0,0,116
2021,00-0033681,NYJ,earlyAndLong,23,12,153,0,0,0,498
2021,00-0036924,NYJ,thirdAndMedium,3,1,4,2,9,0,50
2021,00-0035537,NYJ,fourthDown,3,1,7,1,0,0,22
2021,00-0032144,DEN,insideTen,3,3,19,13,28,2,54
2021,00-0034348,DEN,insideTen,4,2,8,0,0,0,54
2021,00-0032144,DEN,aheadLate,0,0,0,3,14,0,7
2021,00-0035448,DEN,redZone,0,0,0,3,7,0,82
2021,00-0033871,NYJ,chasingLate,5,4,53,0,0,0,59
2021,00-0036358,DAL,insideTen,3,1,9,1,-1,1,47
2021,00-0033077,DAL,goalLine,0,0,0,4,2,0,36
2021,00-0034383,DAL,redZone,7,4,44,0,0,1,124
2021,00-0033591,DAL,earlyAndLong,13,10,128,0,0,0,584
2021,00-0034351,PHI,thirdAndMedium,14,8,129,0,0,1,72
2021,00-0036389,PHI,thirdAndLong,0,0,0,8,74,0,74
2021,00-0033045,DAL,thirdAndLong,4,1,14,1,13,0,83
2021,00-0030061,PHI,earlyDown,9,9,102,0,0,0,137
2021,00-0035243,PHI,redZone,3,3,9,11,27,0,82
2021,00-0036389,PHI,redZone,0,0,0,11,76,0,82
2021,00-0034418,DAL,goalLine,3,2,4,1,0,2,36
2021,00-0036387,PHI,thirdAndMedium,7,2,46,0,0,0,72
2021,00-0036919,PHI,chasingLate,7,5,50,0,0,0,32
2021,00-0033733,PHI,redZone,3,3,49,0,0,3,82
2021,00-0033725,DAL,aheadLate,0,0,0,5,17,0,13
2021,00-0033725,DAL,thirdAndMedium,1,0,0,2,-1,0,64
2021,00-0034414,PHI,chasingLate,1,1,-4,2,7,0,32
2021,00-0036387,PHI,chasingLate,5,3,27,0,0,0,32
2021,00-0034414,PHI,thirdAndLong,2,2,13,1,4,0,74
2021,00-0036389,PHI,fourthDown,0,0,0,3,8,0,22
2021,00-0035640,SEA,insideTen,4,2,15,0,0,2,33
2021,00-0034972,MIN,earlyDown,4,4,29,22,71,0,122
2021,00-0034270,MIN,insideTen,3,2,12,0,0,2,58
2021,00-0034270,MIN,earlyDown,7,4,39,0,0,0,122
2021,00-0034270,MIN,redZone,11,7,52,0,0,0,90
2021,00-0030035,MIN,redZone,7,5,70,0,0,3,90
2021,00-0035022,SEA,earlyAndLong,6,6,54,0,0,0,472
2021,00-0032918,MIN,thirdAndShort,0,0,0,4,32,0,30
2021,00-0036322,MIN,goalLine,8,2,6,0,0,2,28
2021,00-0034972,MIN,thirdAndShort,0,0,0,4,13,0,30
2021,00-0035594,SEA,thirdAndLong,7,5,59,6,61,0,91
2021,00-0036345,MIN,thirdAndMedium,8,4,69,0,0,0,56
2021,00-0030035,MIN,goalLine,3,3,5,0,0,2,28
2021,00-0034972,MIN,aheadLate,0,0,0,9,15,0,14
2021,00-0032104,MIN,thirdAndLong,8,4,37,2,6,0,102
2021,00-0033895,SEA,chasingLate,6,5,48,0,0,0,45
2021,00-0035640,SEA,chasingLate,9,4,32,0,0,0,45
2021,00-0032211,SEA,chasingLate,6,1,15,0,0,0,45
2021,00-0031273,TB,earlyAndLong,20,14,116,0,0,0,591
2021,00-0036427,TB,thirdAndMedium,7,3,17,0,0,0,70
2021,00-0031273,TB,earlyDown,6,3,27,0,0,0,172
2021,00-0026189,LA,thirdAndLong,4,2,143,0,0,1,89
2021,00-0027656,TB,thirdAndMedium,7,5,116,0,0,1,70
2021,00-0034845,LA,thirdAndShort,0,0,0,11,32,0,45
2021,00-0033110,LA,redZone,11,9,77,0,0,2,129
2021,00-0034845,LA,insideTen,0,0,0,19,40,1,83
2021,00-0035298,TB,earlyAndLong,10,6,31,2,42,1,591
2021,00-0036877,TB,earlyAndLong,6,4,11,1,11,0,591
2021,00-0034816,TB,insideTen,1,0,0,6,25,3,84
2021,00-0030456,TB,insideTen,7,5,23,0,0,3,84
2021,00-0033921,TB,goalLine,1,0,0,2,2,1,37
2021,00-0033908,LA,goalLine,5,4,8,0,0,4,42
2021,00-0027656,TB,earlyDown,15,9,141,0,0,0,172
2021,00-0026189,LA,thirdAndMedium,6,2,51,0,0,0,66
2021,00-0019596,TB,earlyAndLong,0,0,0,5,40,0,591
2021,00-0036427,TB,insideTen,6,2,16,0,0,0,84
2021,00-0027656,TB,insideTen,3,0,0,0,0,0,84
2021,00-0036415,LA,thirdAndShort,4,3,27,0,0,0,45
2021,00-0027656,TB,thirdAndLong,6,3,29,0,0,0,80
2021,00-0036427,TB,chasingLate,6,5,66,0,0,0,40
2021,00-0036196,BUF,thirdAndLong,9,3,45,0,0,0,79
2021,00-0035308,BUF,earlyAndLong,7,6,36,0,0,0,586
2021,00-0031260,WAS,thirdAndLong,3,2,26,0,0,0,87
2021,00-0033466,BUF,thirdAndShort,2,2,12,2,9,0,42
2021,00-0027685,BUF,thirdAndMedium,4,4,54,0,0,0,58
2021,00-0035689,BUF,redZone,10,6,51,0,0,3,139
2021,00-0034104,WAS,earlyAndLong,10,7,134,1,7,1,518
2021,00-0036328,WAS,insideTen,4,3,15,19,25,3,52
2021,00-0029000,BUF,earlyDown,11,10,64,0,0,0,138
2021,00-0035689,BUF,thirdAndMedium,4,3,63,0,0,0,58
2021,00-0035659,WAS,thirdAndLong,16,6,115,0,0,1,87
2021,00-0027685,BUF,insideTen,5,2,13,0,0,2,86
2021,00-0035250,BUF,goalLine,0,0,0,8,9,5,44
2021,00-0034857,BUF,goalLine,1,0,0,8,8,2,44
2021,00-0036251,BUF,aheadLate,0,0,0,10,39,0,14
2021,00-0036415,LA,earlyDown,18,13,154,1,15,0,155
2021,00-0026189,LA,earlyDown,6,3,38,0,0,0,155
2021,00-0026498,LA,thirdAndShort,0,0,0,3,11,0,45
2021,00-0036415,LA,redZone,9,4,51,0,0,2,129
2021,00-0034681,ARI,thirdAndShort,1,1,7,5,33,0,43
2021,00-0036415,LA,thirdAndLong,10,7,192,0,0,1,89
2021,00-0033908,LA,thirdAndMedium,15,10,186,0,0,0,66
2021,00-0026498,LA,insideTen,0,0,0,3,10,0,83
2021,00-0026498,LA,goalLine,0,0,0,5,2,2,42
2021,00-0033110,LA,goalLine,3,1,2,0,0,1,42
2021,00-0030431,LA,chasingLate,3,3,32,0,0,0,34
2021,00-0035664,LA,chasingLate,2,2,18,2,6,0,34
2021,00-0036415,LA,chasingLate,3,1,12,0,0,0,34
2021,00-0030496,BAL,thirdAndMedium,1,1,15,2,8,0,62
2021,00-0030496,BAL,earlyAndLong,3,2,2,20,43,0,595
2021,00-0030496,BAL,earlyDown,1,0,0,5,20,0,152
2021,00-0036331,BAL,thirdAndLong,7,4,42,0,0,0,98
2021,00-0036133,BAL,earlyDown,4,2,19,0,0,0,152
2021,00-0035249,BAL,earlyDown,3,2,25,0,0,0,152
2021,00-0030513,BAL,thirdAndShort,0,0,0,8,13,0,29
2021,00-0035864,DEN,thirdAndLong,3,1,40,0,0,0,106
2021,00-0034753,BAL,redZone,11,6,50,1,0,2,88
2021,00-0036331,BAL,earlyDown,5,3,26,2,22,0,152
2021,00-0036331,BAL,thirdAndMedium,3,3,21,0,0,0,62
2021,00-0036133,BAL,thirdAndMedium,4,3,50,0,0,0,62
2021,00-0036331,BAL,insideTen,5,3,9,0,0,1,54
2021,00-0032144,DEN,thirdAndShort,1,1,-4,5,27,0,36
2021,00-0035644,DEN,chasingLate,3,3,20,0,0,0,24
2021,00-0034348,DEN,chasingLate,4,3,66,0,0,0,24
2021,00-0034383,DAL,goalLine,5,2,3,0,0,2,36
2021,00-0034827,CAR,insideTen,8,4,33,0,0,3,47
2021,00-0033658,DAL,redZone,3,2,24,0,0,1,124
2021,00-0032688,CAR,thirdAndLong,15,6,59,0,0,0,102
2021,00-0034869,CAR,thirdAndLong,0,0,0,4,45,0,102
2021,00-0034838,CAR,earlyDown,1,0,0,9,27,0,129
2021,00-0035957,CAR,earlyAndLong,4,4,41,0,0,0,542
2021,00-0034869,CAR,redZone,0,0,0,3,23,1,71
2021,00-0034418,DAL,thirdAndMedium,6,4,56,0,0,1,64
2021,00-0032688,CAR,thirdAndMedium,7,2,12,0,0,0,63
2021,00-0034365,CAR,thirdAndLong,5,2,19,0,0,0,102
2021,00-0034383,DAL,insideTen,4,3,24,0,0,3,47
2021,00-0034827,CAR,fourthDown,5,1,25,2,19,0,29
2021,00-0036555,CAR,earlyDown,0,0,0,26,102,1,129
2021,00-0034052,CAR,fourthDown,4,2,64,0,0,0,29
2021,00-0033045,DAL,aheadLate,0,0,0,3,19,0,13
2021,00-0033893,MIN,insideTen,0,0,0,19,31,1,58
2021,00-0036654,CLE,earlyDown,3,3,22,0,0,0,120
2021,00-0034855,CLE,thirdAndMedium,0,0,0,3,16,0,43
2021,00-0032977,CLE,thirdAndMedium,3,1,16,0,0,0,43
2021,00-0033923,CLE,thirdAndShort,1,1,2,2,4,0,34
2021,00-0033923,CLE,thirdAndLong,4,3,28,4,49,0,101
2021,00-0032977,CLE,redZone,3,2,26,0,0,0,86
2021,00-0031235,CLE,goalLine,4,2,3,0,0,2,28
2021,00-0032392,CLE,goalLine,4,2,3,0,0,2,28
2021,00-0034972,MIN,thirdAndLong,2,1,2,4,10,0,102
2021,00-0031235,CLE,thirdAndMedium,8,3,52,0,0,0,43
2021,00-0035685,CHI,fourthDown,1,1,12,3,13,0,25
2021,00-0036309,CHI,thirdAndShort,6,2,22,0,0,0,36
2021,00-0030874,CHI,insideTen,0,0,0,3,8,2,58
2021,00-0032464,DET,insideTen,3,2,11,0,0,2,42
2021,00-0036290,CHI,redZone,10,6,50,0,0,0,84
2021,00-0034854,DET,earlyAndLong,13,8,103,0,0,0,515
2021,00-0034930,DET,earlyDown,3,3,16,0,0,0,137
2021,00-0036963,DET,redZone,10,7,71,0,0,2,71
2021,00-0036906,CHI,aheadLate,0,0,0,4,4,0,7
2021,00-0034857,BUF,fourthDown,0,0,0,5,44,0,18
2021,00-0030288,HOU,earlyAndLong,11,8,81,63,251,1,490
2021,00-0034857,BUF,thirdAndShort,0,0,0,12,70,0,42
2021,00-0031588,BUF,fourthDown,3,1,23,0,0,0,18
2021,00-0036196,BUF,insideTen,5,2,12,0,0,2,86
2021,00-0035689,BUF,earlyDown,6,1,7,0,0,0,138
2021,00-0035689,BUF,goalLine,3,2,3,0,0,2,44
2021,00-0036187,BUF,earlyAndLong,7,6,35,0,0,0,586
2021,00-0033439,HOU,chasingLate,3,2,11,0,0,0,55
2021,00-0033896,MIA,redZone,4,3,19,0,0,0,69
2021,00-0036876,IND,earlyAndLong,7,5,35,0,0,0,526
2021,00-0033217,IND,earlyDown,4,3,63,0,0,0,107
2021,00-0036252,IND,earlyDown,11,7,73,1,3,0,107
2021,00-0036223,IND,thirdAndLong,4,3,84,2,8,1,81
2021,00-0033217,IND,redZone,5,3,26,0,0,2,100
2021,00-0032791,MIA,earlyDown,4,3,45,0,0,1,149
2021,00-0034829,MIA,goalLine,3,1,1,0,0,1,35
2021,00-0033951,IND,aheadLate,0,0,0,3,0,0,11
2021,00-0035831,JAX,thirdAndShort,0,0,0,5,18,0,35
2021,00-0033572,JAX,earlyAndLong,12,9,100,6,100,1,504
2021,00-0030525,JAX,earlyAndLong,14,10,57,1,7,0,504
2021,00-0030525,JAX,thirdAndShort,3,1,7,0,0,0,35
2021,00-0036971,JAX,thirdAndShort,0,0,0,4,26,0,35
2021,00-0033854,JAX,earlyAndLong,8,7,45,25,90,0,504
2021,00-0031484,JAX,earlyAndLong,5,4,38,0,0,0,504
2021,00-0036971,JAX,insideTen,0,0,0,5,20,2,42
2021,00-0033854,JAX,insideTen,2,0,0,1,2,0,42
2021,00-0036268,JAX,insideTen,4,2,5,0,0,0,42
2021,00-0036442,CIN,earlyAndLong,0,0,0,11,28,0,661
2021,00-0032134,CIN,earlyDown,10,9,88,0,0,1,175
2021,00-0036900,CIN,redZone,9,7,70,1,4,2,86
2021,00-0033897,CIN,insideTen,4,3,19,18,51,4,49
2021,00-0036442,CIN,goalLine,0,0,0,3,0,0,40
2021,00-0033572,JAX,earlyDown,6,5,47,1,11,0,127
2021,00-0036971,JAX,earlyDown,0,0,0,6,9,0,127
2021,00-0032134,CIN,thirdAndMedium,7,6,65,0,0,1,82
2021,00-0036268,JAX,thirdAndShort,4,2,26,0,0,0,35
2021,00-0033526,CIN,earlyDown,2,1,6,9,20,0,175
2021,00-0030061,PHI,redZone,11,3,21,0,0,0,82
2021,00-0030061,PHI,thirdAndLong,9,8,102,0,0,0,74
2021,00-0036637,KC,insideTen,4,1,5,0,0,0,72
2021,00-0033040,KC,insideTen,7,5,34,0,0,4,72
2021,00-0036389,PHI,thirdAndShort,0,0,0,9,36,0,41
2021,00-0036271,PHI,earlyDown,8,5,58,0,0,0,137
2021,00-0033733,PHI,goalLine,3,0,0,0,0,0,48
2021,00-0036271,PHI,insideTen,4,2,-4,0,0,0,58
2021,00-0035140,KC,thirdAndShort,5,4,31,0,0,0,44
2021,00-0034351,PHI,earlyDown,11,10,177,0,0,1,137
2021,00-0034301,KC,thirdAndShort,1,1,1,7,19,0,44
2021,00-0034301,KC,aheadLate,0,0,0,6,15,0,13
2021,00-0036912,PHI,chasingLate,3,1,8,0,0,0,32
2021,00-0030061,PHI,chasingLate,6,6,52,0,0,0,32
2021,00-0027061,LAC,earlyDown,7,6,99,0,0,0,132
2021,00-0034440,LAC,insideTen,1,1,0,7,21,1,70
2021,00-0035329,LAC,insideTen,4,2,12,0,0,2,70
2021,00-0033536,LAC,thirdAndShort,3,2,30,0,0,0,23
2021,00-0035700,LV,earlyDown,8,8,77,53,248,0,157
2021,00-0031610,LV,thirdAndMedium,4,3,40,0,0,0,60
2021,00-0035329,LAC,earlyAndLong,15,13,120,0,0,0,525
2021,00-0030663,LV,earlyAndLong,3,2,21,0,0,0,552
2021,00-0031280,LV,redZone,0,0,0,4,13,0,109
2021,00-0027061,LAC,fourthDown,3,2,19,0,0,0,26
2021,00-0035700,LV,insideTen,3,2,1,11,32,1,56
2021,00-0031280,LV,chasingLate,0,0,0,3,12,0,46
2021,00-0031610,LV,chasingLate,8,5,45,0,0,0,46
2021,00-0036365,LV,thirdAndLong,5,2,24,0,0,0,79
2021,00-0036913,NYG,thirdAndMedium,6,2,37,0,0,0,53
2021,00-0035860,NO,thirdAndShort,0,0,0,4,7,0,32
2021,00-0033460,NYG,earlyAndLong,10,8,143,1,16,1,530
2021,00-0033357,NO,earlyDown,0,0,0,11,68,0,124
2021,00-0032450,NO,earlyAndLong,1,1,6,4,16,0,517
2021,00-0032200,NO,thirdAndLong,5,3,14,1,8,0,97
2021,00-0036040,NO,redZone,4,2,19,0,0,1,91
2021,00-0033932,NYG,thirdAndShort,3,1,8,0,0,0,32
2021,00-0032200,NO,earlyAndLong,13,6,31,7,23,0,517
2021,00-0033881,NYG,thirdAndShort,3,0,0,0,0,0,32
2021,00-0033881,NYG,thirdAndLong,17,12,115,0,0,0,116
2021,00-0036219,NO,earlyDown,8,6,58,0,0,0,124
2021,00-0033881,NYG,chasingLate,8,7,56,0,0,0,62
2021,00-0034844,NYG,chasingLate,4,3,29,3,13,0,62
2021,00-0033932,NYG,thirdAndMedium,4,3,53,0,0,0,53
2021,00-0033757,GB,earlyDown,3,1,33,0,0,0,152
2021,00-0024243,GB,earlyDown,4,3,13,0,0,0,152
2021,00-0028002,GB,redZone,3,1,12,0,0,0,125
2021,00-0023459,GB,insideTen,0,0,0,3,14,2,64
2021,00-0036265,GB,thirdAndShort,0,0,0,9,24,0,31
2021,00-0034521,GB,redZone,12,5,65,0,0,3,125
2021,00-0036893,PIT,goalLine,2,1,3,9,4,5,26
2021,00-0036265,GB,aheadLate,0,0,0,8,35,0,16
2021,00-0033288,SF,thirdAndMedium,10,4,49,0,0,0,64
2021,00-0034159,SEA,earlyAndLong,14,12,126,0,0,0,472
2021,00-0036261,SF,thirdAndMedium,11,7,118,0,0,0,64
2021,00-0032426,SEA,earlyAndLong,7,7,58,65,225,0,472
2021,00-0032426,SEA,redZone,0,0,0,6,38,1,71
2021,00-0029892,SF,thirdAndLong,6,5,48,0,0,0,104
2021,00-0037012,SF,thirdAndMedium,0,0,0,3,11,0,64
2021,00-0029263,SEA,redZone,0,0,0,4,38,1,71
2021,00-0036247,SEA,redZone,3,1,13,0,0,1,71
2021,00-0037012,SF,earlyAndLong,0,0,0,13,72,0,632
2021,00-0035719,SF,fourthDown,4,3,62,1,1,1,17
2021,00-0031549,NE,thirdAndLong,5,2,15,0,0,0,73
2021,00-0033856,TB,thirdAndShort,1,1,5,11,66,0,47
2021,00-0031273,TB,thirdAndMedium,7,0,0,0,0,0,70
2021,00-0029239,NE,thirdAndLong,9,8,82,3,12,0,73
2021,00-0036427,TB,earlyDown,6,3,26,0,0,0,172
2021,00-0027793,TB,thirdAndLong,9,5,81,0,0,0,80
2021,00-0034816,TB,redZone,0,0,0,5,13,0,112
2021,00-0031273,TB,thirdAndLong,3,3,31,0,0,0,80
2021,00-0033858,NE,insideTen,4,1,4,1,5,0,58
2021,00-0029239,NE,insideTen,2,2,4,3,3,0,58
2021,00-0033856,TB,chasingLate,2,2,8,4,20,0,40
2021,00-0033681,NYJ,thirdAndLong,10,5,57,0,0,0,98
2021,00-0033943,TEN,redZone,4,0,0,0,0,0,95
2021,00-0033943,TEN,thirdAndMedium,5,3,25,0,0,0,70
2021,00-0034419,NYJ,redZone,3,2,10,1,9,0,74
2021,00-0031941,NYJ,redZone,10,7,51,0,0,0,74
2021,00-0036924,NYJ,goalLine,1,1,2,7,3,3,44
2021,00-0033943,TEN,earlyAndLong,23,17,209,0,0,1,577
2021,00-0033943,TEN,thirdAndLong,5,2,59,0,0,1,93
2021,00-0031941,NYJ,thirdAndLong,9,6,55,0,0,0,98
2021,00-0033955,TEN,earlyDown,1,1,7,7,42,0,145
2021,00-0031941,NYJ,earlyAndLong,29,21,221,0,0,0,498
2021,00-0035537,NYJ,insideTen,0,0,0,3,10,0,44
2021,00-0031941,NYJ,goalLine,4,2,5,0,0,2,44
2021,00-0037013,NYJ,thirdAndMedium,0,0,0,3,60,1,50
2021,00-0036182,TEN,earlyDown,6,2,27,0,0,0,145
2021,00-0033955,TEN,redZone,4,2,12,2,15,0,95
2021,00-0036182,TEN,thirdAndLong,9,6,83,0,0,0,93
2021,00-0033943,TEN,chasingLate,6,3,29,0,0,0,36
2021,00-0033455,TEN,insideTen,3,3,16,0,0,1,54
2021,00-0032058,NYJ,insideTen,2,2,12,7,18,0,44
2021,00-0032764,TEN,fourthDown,0,0,0,4,14,0,19
2021,00-0036825,ATL,earlyAndLong,0,0,0,3,6,0,495
2021,00-0033950,ATL,earlyDown,1,0,0,4,11,0,114
2021,00-0033611,WAS,earlyAndLong,22,14,102,0,0,0,518
2021,00-0033282,WAS,earlyAndLong,4,2,-2,3,8,0,518
2021,00-0036328,WAS,goalLine,1,0,0,7,8,5,27
2021,00-0033611,WAS,thirdAndMedium,3,0,0,0,0,0,54
2021,00-0032602,WAS,redZone,1,1,3,2,13,0,73
2021,00-0032602,WAS,insideTen,2,2,10,2,12,2,52
2021,00-0033950,ATL,earlyAndLong,2,1,21,23,92,0,495
2021,00-0036970,ATL,earlyDown,7,4,38,0,0,0,114
2021,00-0032602,WAS,thirdAndMedium,2,1,-2,1,2,0,54
2021,00-0033611,WAS,goalLine,3,0,0,0,0,0,27
2021,00-0031763,WAS,chasingLate,5,1,24,0,0,0,46
2021,00-0031376,KC,earlyDown,4,2,22,6,18,0,184
2021,00-0033873,KC,earlyDown,0,0,0,6,57,0,184
2021,00-0029664,KC,earlyAndLong,7,3,26,0,0,0,650
2021,00-0031376,KC,earlyAndLong,13,10,109,28,141,0,650
2021,00-0034297,KC,insideTen,3,2,10,0,0,2,72
2021,00-0030506,KC,goalLine,4,4,8,1,-1,4,48
2021,00-0036945,CHI,thirdAndMedium,0,0,0,7,46,0,46
2021,00-0036365,LV,redZone,3,1,8,0,0,0,109
2021,00-0036906,CHI,earlyDown,1,0,0,16,62,0,118
2021,00-0036906,CHI,earlyAndLong,6,6,38,63,293,0,522
2021,00-0030874,CHI,thirdAndShort,0,0,0,3,8,0,36
2021,00-0036906,CHI,redZone,1,1,-6,7,43,1,84
2021,00-0036906,CHI,insideTen,1,1,2,4,-1,0,58
2021,00-0033025,LV,earlyAndLong,4,4,25,1,5,0,552
2021,00-0036906,CHI,thirdAndShort,0,0,0,3,12,0,36
2021,00-0036365,LV,thirdAndShort,2,1,18,1,0,0,40
2021,00-0034983,LV,chasingLate,4,3,35,0,0,0,46
2021,00-0036370,LAC,earlyAndLong,3,3,19,20,60,0,525
2021,00-0031235,CLE,redZone,8,3,32,0,0,1,86
2021,00-0034791,CLE,thirdAndShort,0,0,0,4,20,0,34
2021,00-0036233,CLE,earlyDown,4,3,67,0,0,1,120
2021,00-0033699,LAC,fourthDown,1,1,11,4,9,0,26
2021,00-0036370,LAC,earlyDown,0,0,0,4,22,0,132
2021,00-0035414,LAC,chasingLate,3,2,38,0,0,0,33
2021,00-0027061,LAC,chasingLate,3,1,29,0,0,0,33
2021,00-0032977,CLE,chasingLate,3,1,6,0,0,0,32
2021,00-0033885,CLE,chasingLate,4,2,19,0,0,0,32
2021,00-0035217,PIT,earlyDown,1,0,0,3,18,0,148
2021,00-0034799,PIT,earlyAndLong,4,1,2,10,27,0,582
2021,00-0034348,DEN,thirdAndShort,3,1,10,0,0,0,36
2021,00-0034407,PIT,thirdAndLong,10,5,49,0,0,0,101
2021,00-0036326,PIT,redZone,7,4,40,0,0,1,79
2021,00-0034348,DEN,goalLine,3,0,0,0,0,0,31
2021,00-0036997,DEN,chasingLate,5,4,26,0,0,0,24
2021,00-0035864,DEN,thirdAndMedium,4,2,30,0,0,0,38
2021,00-0033375,DEN,insideTen,4,0,0,0,0,0,54
2021,00-0034854,DET,thirdAndLong,4,1,11,0,0,0,96
2021,00-0036963,DET,thirdAndMedium,9,8,67,1,12,0,51
2021,00-0036963,DET,earlyDown,14,13,148,0,0,1,137
2021,00-0034930,DET,thirdAndLong,3,1,5,0,0,0,96
2021,00-0033839,MIN,thirdAndMedium,3,1,6,0,0,0,56
2021,00-0034972,MIN,thirdAndMedium,2,2,4,1,-1,0,56
2021,00-0035631,CIN,earlyAndLong,10,6,43,0,0,0,661
2021,00-0033757,GB,thirdAndLong,3,2,10,0,0,0,74
2021,00-0033526,CIN,fourthDown,2,1,5,1,0,0,20
2021,00-0033526,CIN,redZone,5,5,29,1,9,0,86
2021,00-0036410,CIN,thirdAndShort,3,2,18,0,0,0,37
2021,00-0036265,GB,insideTen,1,1,5,16,33,4,64
2021,00-0028002,GB,insideTen,6,2,13,0,0,2,64
2021,00-0036857,CIN,earlyAndLong,6,5,32,15,63,0,661
2021,00-0033526,CIN,thirdAndShort,1,1,3,5,1,0,37
2021,00-0035631,CIN,earlyDown,5,4,30,0,0,0,175
2021,00-0033009,CIN,thirdAndShort,6,4,23,0,0,0,37
2021,00-0033526,CIN,thirdAndMedium,2,0,0,3,6,0,82
2021,00-0036900,CIN,thirdAndShort,2,2,103,1,-2,1,37
2021,00-0034753,BAL,thirdAndMedium,10,7,153,0,0,0,62
2021,00-0036252,IND,fourthDown,4,2,22,0,0,0,20
2021,00-0031285,BAL,redZone,6,5,37,7,20,0,88
2021,00-0034753,BAL,goalLine,4,0,0,0,0,0,31
2021,00-0031285,BAL,chasingLate,6,6,47,0,0,0,43
2021,00-0034753,BAL,chasingLate,7,5,50,0,0,0,43
2021,00-0035662,BAL,chasingLate,5,2,23,0,0,0,43
2021,00-0036425,SEA,thirdAndShort,0,0,0,4,3,0,32
2021,00-0036415,LA,insideTen,7,0,0,0,0,0,83
2021,00-0035664,LA,thirdAndLong,2,2,20,3,3,0,89
2021,00-0030431,LA,thirdAndMedium,4,3,38,0,0,0,66
2021,00-0030565,SEA,earlyAndLong,0,0,0,4,30,0,472
2021,00-0034845,LA,goalLine,1,1,3,7,4,4,42
2021,00-0035350,MIA,earlyAndLong,4,3,31,1,7,0,540
2021,00-0035311,MIA,insideTen,5,4,18,14,41,3,50
2021,00-0036613,MIA,insideTen,5,4,22,0,0,3,50
2021,00-0033555,MIA,earlyAndLong,10,6,70,0,0,0,540
2021,00-0033896,MIA,earlyAndLong,4,4,23,0,0,0,540
2021,00-0031408,TB,thirdAndMedium,12,9,179,0,0,2,70
2021,00-0027793,TB,thirdAndShort,3,3,89,0,0,1,47
2021,00-0033471,MIA,earlyAndLong,10,7,109,0,0,0,540
2021,00-0033856,TB,goalLine,1,1,3,10,6,6,37
2021,00-0035311,MIA,goalLine,1,1,1,6,8,3,35
2021,00-0030456,TB,earlyDown,2,1,7,2,11,0,172
2021,00-0030456,TB,aheadLate,0,0,0,3,5,0,14
2021,00-0030456,TB,redZone,1,0,0,4,5,0,112
2021,00-0036427,TB,redZone,5,5,43,0,0,0,112
2021,00-0036898,HOU,thirdAndShort,0,0,0,3,6,0,45
2021,00-0032187,HOU,thirdAndMedium,2,2,8,1,3,0,54
2021,00-0034960,NE,insideTen,7,4,24,0,0,1,58
2021,00-0035624,NE,earlyAndLong,14,7,88,0,0,0,551
2021,00-0032398,HOU,thirdAndLong,4,4,22,0,0,0,109
2021,00-0032128,HOU,earlyDown,4,3,57,0,0,1,118
2021,00-0033307,NE,redZone,5,4,21,2,25,0,99
2021,00-0036875,NE,redZone,2,2,4,14,48,0,99
2021,00-0036875,NE,insideTen,0,0,0,7,20,2,58
2021,00-0031763,WAS,thirdAndMedium,3,1,14,0,0,0,54
2021,00-0036755,WAS,thirdAndShort,1,1,9,5,13,0,49
2021,00-0033611,WAS,insideTen,4,0,0,0,0,0,52
2021,00-0033611,WAS,thirdAndLong,6,4,46,0,0,0,87
2021,00-0031800,WAS,thirdAndShort,0,0,0,4,24,0,49
2021,00-0035659,WAS,fourthDown,3,0,0,0,0,0,24
2021,00-0036328,WAS,thirdAndLong,2,1,8,1,3,0,87
2021,00-0036671,WAS,earlyAndLong,5,5,43,0,0,0,518
2021,00-0036755,WAS,redZone,0,0,0,4,18,1,73
2021,00-0031763,WAS,redZone,3,2,40,1,11,2,73
2021,00-0031763,WAS,thirdAndLong,5,2,15,1,11,0,87
2021,00-0036219,NO,redZone,6,3,40,0,0,2,91
2021,00-0031763,WAS,fourthDown,3,3,59,0,0,0,24
2021,00-0031503,NO,fourthDown,0,0,0,3,5,0,19
2021,00-0033906,NO,aheadLate,0,0,0,6,7,0,12
2021,00-0033045,DAL,fourthDown,1,0,0,3,2,0,19
2021,00-0033591,DAL,thirdAndLong,3,1,6,0,0,0,83
2021,00-0034418,DAL,fourthDown,3,2,20,1,6,0,19
2021,00-0034383,DAL,thirdAndLong,8,4,38,0,0,0,83
2021,00-0033881,NYG,earlyDown,5,4,66,0,0,1,110
2021,00-0032972,NYG,goalLine,1,1,3,5,1,2,24
2021,00-0031544,DAL,thirdAndShort,3,2,53,0,0,0,46
2021,00-0035261,DAL,thirdAndLong,4,3,22,1,1,0,83
2021,00-0032972,NYG,insideTen,1,1,7,3,4,0,34
2021,00-0034418,DAL,thirdAndShort,4,2,38,0,0,0,46
2021,00-0035261,DAL,aheadLate,0,0,0,4,7,0,13
2021,00-0036254,NYG,chasingLate,3,1,11,0,0,0,62
2021,00-0032972,NYG,chasingLate,3,3,18,3,17,0,62
2021,00-0032972,NYG,thirdAndLong,9,7,72,5,38,0,116
2021,00-0032778,ATL,earlyDown,4,2,23,0,0,0,114
2021,00-0036970,ATL,goalLine,3,1,2,0,0,1,28
2021,00-0036970,ATL,thirdAndShort,3,1,22,0,0,0,31
2021,00-0036255,NYJ,earlyDown,5,2,30,0,0,0,116
2021,00-0032058,NYJ,redZone,4,3,12,4,26,0,74
2021,00-0034132,ATL,earlyAndLong,3,2,11,0,0,0,495
2021,00-0030108,NYJ,thirdAndLong,4,4,24,0,0,0,98
2021,00-0032778,ATL,thirdAndLong,3,2,22,0,0,0,95
2021,00-0031941,NYJ,earlyDown,7,4,7,0,0,0,116
2021,00-0032063,ATL,thirdAndShort,3,1,0,2,12,0,31
2021,00-0033681,NYJ,earlyDown,4,3,48,0,0,0,116
2021,00-0036255,NYJ,earlyAndLong,8,2,47,0,0,0,498
2021,00-0031941,NYJ,thirdAndMedium,5,4,59,0,0,0,50
2021,00-0034869,CAR,thirdAndMedium,0,0,0,3,10,0,63
2021,00-0034827,CAR,redZone,5,1,14,0,0,0,71
2021,00-0032688,CAR,insideTen,4,2,12,1,3,2,47
2021,00-0037005,CAR,thirdAndLong,3,2,19,0,0,0,102
2021,00-0030061,PHI,fourthDown,3,1,9,0,0,0,22
2021,00-0034351,PHI,chasingLate,4,2,31,0,0,0,32
2021,00-0036912,PHI,goalLine,4,0,0,0,0,0,48
2021,00-0037005,CAR,chasingLate,5,0,0,0,0,0,43
2021,00-0034365,CAR,chasingLate,4,3,15,0,0,0,43
2021,00-0032688,CAR,chasingLate,8,4,47,0,0,0,43
2021,00-0029269,SF,earlyAndLong,5,1,17,0,0,0,632
2021,00-0034775,ARI,insideTen,6,3,14,0,0,1,64
2021,00-0027942,ARI,goalLine,4,0,0,0,0,0,36
2021,00-0034073,SF,thirdAndLong,3,2,25,0,0,0,104
2021,00-0036429,SF,earlyAndLong,5,3,42,0,0,0,632
2021,00-0035719,SF,redZone,5,3,29,7,69,4,61
2021,00-0031045,JAX,redZone,1,1,4,6,16,0,55
2021,00-0035831,JAX,goalLine,0,0,0,8,7,5,28
2021,00-0032980,TEN,thirdAndMedium,3,2,30,0,0,0,70
2021,00-0030525,JAX,earlyDown,6,4,64,1,6,0,127
2021,00-0032980,TEN,earlyAndLong,8,4,53,0,0,0,577
2021,00-0033943,TEN,earlyDown,3,3,63,0,0,0,145
2021,00-0033572,JAX,thirdAndLong,7,2,15,0,0,0,90
2021,00-0033455,TEN,redZone,3,2,26,0,0,1,95
2021,00-0030525,JAX,thirdAndLong,4,3,23,0,0,0,90
2021,00-0032141,TEN,earlyDown,4,3,21,0,0,0,145
2021,00-0029701,TEN,fourthDown,0,0,0,4,26,0,19
2021,00-0032764,TEN,aheadLate,0,0,0,4,29,0,10
2021,00-0033572,JAX,chasingLate,4,3,19,0,0,0,60
2021,00-0030525,JAX,chasingLate,4,2,22,0,0,0,60
2021,00-0033854,JAX,chasingLate,5,4,55,1,0,1,60
2021,00-0035628,CLE,thirdAndMedium,4,4,32,3,19,0,43
2021,00-0027942,ARI,redZone,6,2,22,0,0,1,95
2021,00-0031235,CLE,thirdAndShort,5,3,44,0,0,0,34
2021,00-0031235,CLE,insideTen,4,3,18,0,0,3,50
2021,00-0035628,CLE,earlyAndLong,10,8,71,49,273,0,531
2021,00-0035924,ARI,fourthDown,1,1,23,2,9,0,24
2021,00-0033466,BUF,redZone,3,3,15,3,19,0,139
2021,00-0029701,TEN,insideTen,0,0,0,4,13,2,54
2021,00-0035676,TEN,thirdAndLong,15,13,181,0,0,1,93
2021,00-0035676,TEN,goalLine,3,0,0,0,0,0,34
2021,00-0029000,BUF,insideTen,3,2,4,0,0,0,86
2021,00-0036182,TEN,thirdAndMedium,7,5,95,0,0,0,70
2021,00-0027685,BUF,chasingLate,4,4,72,0,0,0,36
2021,00-0036442,CIN,thirdAndMedium,0,0,0,9,57,0,82
2021,00-0032464,DET,thirdAndMedium,4,3,5,0,0,0,51
2021,00-0036857,CIN,earlyDown,2,2,16,1,3,0,175
2021,00-0036857,CIN,redZone,3,2,23,0,0,0,86
2021,00-0035291,CIN,earlyDown,0,0,0,4,20,0,175
2021,00-0035291,CIN,redZone,0,0,0,3,0,0,86
2021,00-0036963,DET,goalLine,3,1,2,0,0,1,21
2021,00-0034418,DAL,redZone,8,4,40,0,0,1,124
2021,00-0036875,NE,goalLine,1,0,0,5,3,3,34
2021,00-0034960,NE,goalLine,4,0,0,0,0,0,34
2021,00-0034383,DAL,chasingLate,12,8,142,0,0,1,49
2021,00-0034867,DAL,chasingLate,3,1,11,0,0,0,49
2021,00-0034521,GB,earlyDown,5,4,79,0,0,1,152
2021,00-0034521,GB,goalLine,3,3,4,0,0,3,40
2021,00-0031868,CHI,earlyAndLong,18,13,133,0,0,0,522
2021,00-0036991,GB,earlyAndLong,4,3,26,1,11,0,524
2021,00-0036906,CHI,chasingLate,6,5,55,1,8,0,58
2021,00-0029608,IND,earlyAndLong,20,13,233,0,0,1,526
2021,00-0034367,IND,thirdAndLong,4,2,12,2,7,0,81
2021,00-0029608,IND,thirdAndMedium,5,2,24,0,0,0,58
2021,00-0032398,HOU,earlyAndLong,11,11,104,0,0,1,490
2021,00-0033439,HOU,earlyDown,4,3,10,0,0,0,118
2021,00-0036554,HOU,thirdAndShort,3,0,0,0,0,0,45
2021,00-0032128,HOU,thirdAndLong,3,2,21,0,0,0,109
2021,00-0029608,IND,thirdAndLong,7,4,54,0,0,0,81
2021,00-0030288,HOU,chasingLate,4,3,19,0,0,0,55
2021,00-0034301,KC,fourthDown,1,1,-2,2,16,0,11
2021,00-0035140,KC,thirdAndMedium,3,2,64,0,0,0,60
2021,00-0033611,WAS,earlyDown,3,3,56,0,0,1,134
2021,00-0034297,KC,thirdAndLong,7,4,55,0,0,0,83
2021,00-0036628,WAS,earlyAndLong,13,10,101,0,0,0,518
2021,00-0031376,KC,thirdAndLong,4,2,29,0,0,0,83
2021,00-0035140,KC,thirdAndLong,6,3,73,0,0,0,83
2021,00-0033040,KC,goalLine,5,4,4,0,0,3,48
2021,00-0036671,WAS,thirdAndLong,3,2,5,0,0,0,87
2021,00-0034297,KC,thirdAndMedium,6,4,58,0,0,0,60
2021,00-0032775,KC,thirdAndMedium,3,2,37,0,0,1,60
2021,00-0036755,WAS,chasingLate,2,2,10,2,18,0,46
2021,00-0030496,BAL,goalLine,1,1,1,3,5,3,31
2021,00-0033536,LAC,fourthDown,3,2,61,0,0,0,26
2021,00-0036988,LAC,thirdAndLong,4,1,8,0,0,0,81
2021,00-0036550,BAL,earlyAndLong,36,22,295,0,0,0,595
2021,00-0027061,LAC,goalLine,6,2,2,0,0,2,44
2021,00-0036550,BAL,earlyDown,8,6,47,0,0,0,152
2021,00-0036550,BAL,thirdAndMedium,7,5,56,0,0,0,62
2021,00-0031285,BAL,insideTen,3,2,6,5,19,2,54
2021,00-0036988,LAC,earlyDown,6,3,55,0,0,0,132
2021,00-0035414,LAC,thirdAndLong,8,5,117,0,0,1,81
2021,00-0030496,BAL,aheadLate,0,0,0,3,1,0,3
2021,00-0034860,NYG,thirdAndLong,5,3,33,0,0,0,116
2021,00-0032972,NYG,thirdAndShort,0,0,0,8,44,0,32
2021,00-0034860,NYG,earlyAndLong,6,4,28,0,0,0,530
2021,00-0033460,NYG,thirdAndLong,4,3,81,0,0,0,116
2021,00-0026498,LA,thirdAndMedium,1,0,0,2,15,0,66
2021,00-0032813,NYG,redZone,1,1,1,2,10,0,58
2021,00-0027981,NYG,goalLine,3,2,2,0,0,1,24
2021,00-0033025,LV,thirdAndShort,1,1,3,3,9,0,40
2021,00-0034208,DEN,earlyAndLong,1,1,3,4,35,0,519
2021,00-0034983,LV,thirdAndShort,4,3,20,0,0,0,40
2021,00-0033025,LV,thirdAndLong,3,2,8,3,24,0,79
2021,00-0035644,DEN,insideTen,3,2,9,0,0,2,54
2021,00-0036212,MIA,redZone,0,0,0,4,19,0,69
2021,00-0034011,JAX,thirdAndMedium,4,2,18,0,0,0,58
2021,00-0034829,MIA,redZone,7,5,24,0,0,0,69
2021,00-0036613,MIA,thirdAndShort,4,3,19,0,0,0,35
2021,00-0034798,MIA,insideTen,3,3,7,0,0,0,50
2021,00-0037004,MIA,earlyAndLong,3,1,8,0,0,0,540
2021,00-0036212,MIA,thirdAndMedium,0,0,0,3,31,0,82
2021,00-0036212,MIA,earlyAndLong,0,0,0,6,39,0,540
2021,00-0035311,MIA,thirdAndShort,2,0,0,5,4,0,35
2021,00-0036345,MIN,redZone,4,3,36,0,0,1,90
2021,00-0036322,MIN,insideTen,4,1,9,0,0,1,58
2021,00-0036572,CAR,earlyAndLong,4,3,65,0,0,0,542
2021,00-0034052,CAR,earlyDown,3,2,31,0,0,0,129
2021,00-0033893,MIN,aheadLate,0,0,0,3,5,0,14
2021,00-0034827,CAR,chasingLate,8,3,42,0,0,0,43
2021,00-0034869,CAR,chasingLate,0,0,0,3,30,0,43
2021,00-0033839,MIN,earlyAndLong,3,3,17,0,0,0,512
2021,00-0036894,PIT,thirdAndLong,12,8,70,0,0,0,101
2021,00-0036326,PIT,insideTen,6,2,10,1,3,1,48
2021,00-0032426,SEA,insideTen,0,0,0,3,7,0,33
2021,00-0032426,SEA,goalLine,0,0,0,4,3,1,21
2021,00-0036425,SEA,thirdAndLong,3,2,2,1,13,0,91
2021,00-0036425,SEA,chasingLate,8,8,45,2,7,0,45
2021,00-0030061,PHI,insideTen,5,2,8,1,4,1,58
2021,00-0035243,PHI,insideTen,0,0,0,6,12,0,58
2021,00-0035350,MIA,insideTen,3,0,0,0,0,0,50
2021,00-0032063,ATL,thirdAndMedium,3,3,3,2,10,0,47
2021,00-0034798,MIA,redZone,3,1,9,1,2,0,69
2021,00-0036212,MIA,thirdAndLong,0,0,0,5,34,0,78
2021,00-0033555,MIA,insideTen,5,3,14,0,0,3,50
2021,00-0036970,ATL,chasingLate,4,3,58,0,0,0,37
2021,00-0036555,CAR,thirdAndMedium,2,2,8,1,1,0,63
2021,00-0037005,CAR,thirdAndMedium,4,4,35,0,0,0,63
2021,00-0032688,CAR,fourthDown,5,3,27,0,0,0,29
2021,00-0036572,CAR,chasingLate,3,2,23,0,0,0,43
2021,00-0032135,CHI,thirdAndLong,3,3,21,0,0,0,92
2021,00-0030456,TB,thirdAndMedium,2,2,2,1,4,0,70
2021,00-0031273,TB,insideTen,8,3,14,0,0,3,84
2021,00-0031408,TB,insideTen,8,4,26,0,0,4,84
2021,00-0031868,CHI,thirdAndMedium,4,3,77,0,0,1,46
2021,00-0034816,TB,goalLine,0,0,0,3,1,1,37
2021,00-0036450,TB,earlyAndLong,5,4,23,25,82,0,591
2021,00-0036450,TB,earlyDown,1,1,7,12,84,1,172
2021,00-0036450,TB,thirdAndShort,0,0,0,3,18,0,47
2021,00-0036945,CHI,chasingLate,0,0,0,4,31,0,58
2021,00-0030068,CHI,chasingLate,3,0,0,0,0,0,58
2021,00-0036442,CIN,earlyDown,0,0,0,4,10,0,175
2021,00-0036900,CIN,fourthDown,2,1,9,1,15,0,20
2021,00-0031285,BAL,goalLine,0,0,0,6,13,4,31
2021,00-0033526,CIN,aheadLate,0,0,0,3,2,0,11
2021,00-0035628,CLE,insideTen,0,0,0,7,27,3,50
2021,00-0035628,CLE,earlyDown,2,2,19,13,80,0,120
2021,00-0031382,CLE,thirdAndMedium,5,3,69,0,0,0,43
2021,00-0035628,CLE,thirdAndShort,0,0,0,4,11,0,34
2021,00-0031382,CLE,thirdAndLong,10,5,63,0,0,0,101
2021,00-0031237,DEN,thirdAndShort,0,0,0,4,7,0,36
2021,00-0026035,HOU,earlyDown,3,0,0,0,0,0,118
2021,00-0033553,ARI,thirdAndLong,1,1,21,7,52,0,93
2021,00-0033439,HOU,thirdAndLong,3,2,17,0,0,0,109
2021,00-0036554,HOU,thirdAndLong,8,5,53,0,0,0,109
2021,00-0035806,SF,redZone,4,3,10,1,1,0,61
2021,00-0035806,SF,thirdAndMedium,4,2,25,1,3,0,64
2021,00-0035806,SF,thirdAndShort,0,0,0,3,4,0,36
2021,00-0036223,IND,thirdAndMedium,4,4,18,5,15,0,58
2021,00-0035806,SF,chasingLate,6,4,24,0,0,0,40
2021,00-0036259,SF,chasingLate,3,2,2,0,0,0,40
2021,00-0031585,TEN,insideTen,3,1,5,0,0,1,54
2021,00-0032980,TEN,earlyDown,3,2,67,2,-2,0,145
2021,00-0032980,TEN,redZone,3,1,10,0,0,0,95
2021,00-0032775,KC,chasingLate,3,1,7,0,0,0,32
2021,00-0035715,KC,thirdAndShort,1,1,7,2,14,0,44
2021,00-0032426,SEA,thirdAndShort,0,0,0,4,7,0,32
2021,00-0034765,NO,earlyAndLong,21,16,162,0,0,0,517
2021,00-0034765,NO,thirdAndMedium,8,4,50,0,0,0,48
2021,00-0036040,NO,earlyDown,3,3,49,0,0,0,124
2021,00-0033895,SEA,thirdAndLong,6,5,47,0,0,0,91
2021,00-0031545,NO,earlyAndLong,3,1,38,0,0,0,517
2021,00-0030085,NO,thirdAndLong,3,0,0,0,0,0,97
2021,00-0036219,NO,thirdAndMedium,8,5,65,0,0,0,48
2021,00-0035726,NE,earlyAndLong,4,3,41,0,0,0,551
2021,00-0034960,NE,fourthDown,5,4,35,0,0,0,16
2021,00-0033090,NE,goalLine,4,3,7,0,0,3,34
2021,00-0033307,NE,thirdAndMedium,6,6,151,0,0,1,63
2021,00-0036096,NE,goalLine,0,0,0,3,2,2,34
2021,00-0036924,NYJ,chasingLate,3,2,22,0,0,0,59
2021,00-0033891,LV,thirdAndLong,12,7,110,0,0,0,79
2021,00-0034981,LV,redZone,6,3,36,0,0,2,109
2021,00-0034414,PHI,earlyAndLong,9,7,56,40,209,1,548
2021,00-0034414,PHI,earlyDown,4,4,19,13,75,0,137
2021,00-0032268,LV,earlyAndLong,0,0,0,3,12,0,552
2021,00-0033025,LV,redZone,2,1,5,1,1,0,109
2021,00-0036365,LV,insideTen,4,1,5,0,0,1,56
2021,00-0034414,PHI,insideTen,0,0,0,6,12,0,58
2021,00-0034414,PHI,goalLine,1,0,0,10,16,7,48
2021,00-0033025,LV,earlyDown,3,3,8,0,0,0,157
2021,00-0036271,PHI,redZone,5,3,25,0,0,0,82
2021,00-0036387,PHI,redZone,3,1,17,0,0,1,82
2021,00-0033293,GB,thirdAndMedium,8,5,85,1,9,0,54
2021,00-0028002,GB,earlyDown,4,4,35,0,0,0,152
2021,00-0031800,WAS,goalLine,0,0,0,4,4,0,27
2021,00-0031763,WAS,earlyDown,4,1,7,3,30,0,134
2021,00-0036671,WAS,chasingLate,3,1,13,0,0,0,46
2021,00-0032104,CAR,redZone,5,4,22,4,17,0,71
2021,00-0032104,CAR,earlyDown,1,1,15,13,16,0,129
2021,00-0036970,ATL,thirdAndMedium,6,4,44,0,0,0,47
2021,00-0037005,CAR,earlyDown,5,1,4,0,0,0,129
2021,00-0032778,ATL,chasingLate,5,4,44,0,0,0,37
2021,00-0030108,NYJ,earlyDown,3,2,23,0,0,0,116
2021,00-0036900,CIN,goalLine,5,2,4,0,0,2,40
2021,00-0033681,NYJ,redZone,5,1,11,0,0,0,74
2021,00-0034419,NYJ,insideTen,4,4,30,0,0,2,44
2021,00-0036269,NYJ,earlyAndLong,0,0,0,7,17,0,498
2021,00-0033009,CIN,insideTen,4,3,25,0,0,3,49
2021,00-0035593,GB,earlyAndLong,6,3,34,0,0,0,524
2021,00-0035126,ARI,earlyAndLong,17,12,140,0,0,0,560
2021,00-0024243,GB,goalLine,3,0,0,0,0,0,40
2021,00-0035126,ARI,fourthDown,3,1,7,0,0,0,24
2021,00-0036332,GB,thirdAndShort,3,2,13,0,0,0,31
2021,00-0034279,GB,redZone,3,1,7,0,0,0,125
2021,00-0034681,ARI,chasingLate,3,3,45,1,0,0,42
2021,00-0034775,ARI,chasingLate,10,7,70,0,0,0,42
2021,00-0035228,ARI,chasingLate,0,0,0,3,11,0,42
2021,00-0034750,SEA,goalLine,0,0,0,3,3,1,21
2021,00-0033572,JAX,fourthDown,3,2,26,0,0,0,24
2021,00-0032211,SEA,thirdAndLong,6,6,128,0,0,0,91
2021,00-0035594,SEA,earlyDown,1,1,4,2,7,0,119
2021,00-0035594,SEA,thirdAndShort,1,1,9,2,5,0,32
2021,00-0035594,SEA,insideTen,1,1,3,2,-2,0,33
2021,00-0034750,SEA,earlyDown,0,0,0,16,146,1,119
2021,00-0034750,SEA,thirdAndMedium,1,1,4,2,-3,0,45
2021,00-0034011,JAX,chasingLate,3,3,25,0,0,0,60
2021,00-0030525,JAX,redZone,2,1,5,1,8,0,55
2021,00-0033572,JAX,thirdAndShort,3,1,5,0,0,0,35
2021,00-0036556,HOU,thirdAndLong,5,3,32,0,0,0,109
2021,00-0036069,HOU,earlyAndLong,2,1,8,4,8,0,490
2021,00-0036862,LA,earlyAndLong,13,7,72,0,0,0,644
2021,00-0036862,LA,thirdAndLong,4,2,10,0,0,0,89
2021,00-0036554,HOU,earlyDown,3,2,16,0,0,0,118
2021,00-0030288,HOU,earlyDown,1,0,0,20,74,0,118
2021,00-0030288,HOU,redZone,1,1,10,4,12,0,52
2021,00-0030288,HOU,goalLine,0,0,0,3,3,2,15
2021,00-0036556,HOU,chasingLate,6,5,45,0,0,0,55
2021,00-0034364,HOU,chasingLate,4,3,37,0,0,0,55
2021,00-0033555,MIA,thirdAndLong,6,1,40,0,0,0,78
2021,00-0036196,BUF,redZone,13,8,117,0,0,6,139
2021,00-0035311,MIA,chasingLate,1,1,-2,4,21,0,21
2021,00-0036972,NE,redZone,0,0,0,6,13,0,99
2021,00-0036972,NE,thirdAndMedium,0,0,0,3,10,0,63
2021,00-0033307,NE,insideTen,3,2,8,0,0,2,58
2021,00-0033090,NE,insideTen,6,2,14,0,0,2,58
2021,00-0036875,NE,thirdAndShort,0,0,0,4,27,0,39
2021,00-0033699,LAC,chasingLate,9,4,49,0,0,0,33
2021,00-0036988,LAC,chasingLate,6,3,40,0,0,1,33
2021,00-0035715,KC,redZone,2,1,3,8,34,0,124
2021,00-0032385,NYG,insideTen,3,2,5,0,0,0,34
2021,00-0035715,KC,earlyDown,1,1,50,8,29,0,184
2021,00-0035715,KC,earlyAndLong,4,4,29,30,174,1,650
2021,00-0036913,NYG,redZone,3,1,6,0,0,0,58
2021,00-0036670,DET,earlyDown,1,1,5,3,12,0,137
2021,00-0032780,PHI,earlyDown,0,0,0,15,88,0,137
2021,00-0032780,PHI,earlyAndLong,3,1,10,35,210,0,548
2021,00-0036670,DET,earlyAndLong,4,3,18,9,51,1,515
2021,00-0032780,PHI,insideTen,0,0,0,12,34,2,58
2021,00-0034614,DET,earlyAndLong,4,3,40,8,64,1,515
2021,00-0032780,PHI,redZone,1,1,9,10,40,0,82
2021,00-0034414,PHI,redZone,0,0,0,4,28,0,82
2021,00-0035544,DET,earlyAndLong,6,3,23,0,0,0,515
2021,00-0034614,DET,thirdAndLong,2,1,13,1,9,0,96
2021,00-0034614,DET,fourthDown,1,0,0,2,8,0,32
2021,00-0031382,CLE,redZone,6,4,28,2,21,1,86
2021,00-0036336,PIT,earlyAndLong,0,0,0,3,3,0,582
2021,00-0034407,PIT,redZone,7,2,12,1,10,0,79
2021,00-0035222,PIT,redZone,3,2,23,0,0,0,79
2021,00-0035628,CLE,thirdAndLong,5,3,8,6,56,0,101
2021,00-0035222,PIT,insideTen,3,1,5,0,0,0,48
2021,00-0032977,CLE,earlyDown,4,2,16,0,0,0,120
2021,00-0036894,PIT,goalLine,4,2,2,0,0,1,26
2021,00-0035216,PIT,goalLine,5,0,0,0,0,0,26
2021,00-0034791,CLE,chasingLate,1,0,0,5,18,0,32
2021,00-0031382,CLE,chasingLate,3,1,9,0,0,0,32
2021,00-0036945,CHI,thirdAndShort,0,0,0,3,26,0,36
2021,00-0036259,SF,earlyDown,4,2,40,0,0,0,145
2021,00-0036290,CHI,insideTen,4,0,0,0,0,0,58
2021,00-0036567,SF,insideTen,1,1,8,9,25,3,51
2021,00-0036309,CHI,chasingLate,8,2,34,0,0,0,58
2021,00-0032200,NO,earlyDown,2,1,8,4,6,0,124
2021,00-0033095,NO,earlyAndLong,4,4,39,0,0,0,517
2021,00-0034765,NO,redZone,5,4,48,0,0,3,91
2021,00-0036427,TB,thirdAndLong,8,4,48,0,0,0,80
2021,00-0033906,NO,thirdAndMedium,2,0,0,3,8,0,48
2021,00-0034765,NO,goalLine,3,1,2,0,0,0,21
2021,00-0019596,TB,thirdAndShort,0,0,0,3,7,0,47
2021,00-0035215,NO,redZone,5,4,27,1,6,0,91
2021,00-0033215,TB,earlyAndLong,3,3,119,1,14,1,591
2021,00-0035215,NO,chasingLate,3,1,70,1,22,1,35
2021,00-0032200,NO,chasingLate,1,1,4,3,7,0,35
2021,00-0027966,NO,chasingLate,5,5,18,1,3,0,35
2021,00-0036219,NO,chasingLate,5,3,51,0,0,0,35
2021,00-0036252,IND,goalLine,4,1,2,0,0,1,44
2021,00-0033455,TEN,thirdAndMedium,7,6,57,0,0,0,70
2021,00-0036182,TEN,insideTen,3,3,14,0,0,2,54
2021,00-0036407,DEN,earlyDown,3,2,10,0,0,0,116
2021,00-0036423,DEN,thirdAndLong,7,6,54,0,0,0,106
2021,00-0034104,WAS,redZone,3,2,6,0,0,0,73
2021,00-0032009,WAS,fourthDown,3,1,6,0,0,0,24
2021,00-0033258,ARI,earlyAndLong,5,3,2,0,0,0,560
2021,00-0027688,ARI,earlyDown,0,0,0,3,10,0,144
2021,00-0036261,SF,earlyDown,8,4,48,2,2,0,145
2021,00-0036383,ARI,earlyAndLong,4,4,48,15,51,0,560
2021,00-0027688,ARI,redZone,0,0,0,3,20,0,95
2021,00-0036261,SF,thirdAndLong,7,5,100,0,0,0,104
2021,00-0033288,SF,insideTen,4,3,15,0,0,2,51
2021,00-0030061,ARI,thirdAndShort,3,2,12,0,0,0,43
2021,00-0036383,ARI,earlyDown,0,0,0,8,29,1,144
2021,00-0036261,SF,redZone,3,2,23,0,0,2,61
2021,00-0036383,ARI,thirdAndLong,0,0,0,3,0,0,93
2021,00-0036261,SF,chasingLate,4,3,55,0,0,0,40
2021,00-0033553,ARI,fourthDown,0,0,0,4,6,0,24
2021,00-0026143,ATL,earlyAndLong,0,0,0,7,24,0,495
2021,00-0034411,ATL,redZone,10,7,82,0,0,2,89
2021,00-0035215,NO,thirdAndMedium,4,4,79,0,0,0,48
2021,00-0034765,NO,earlyDown,3,2,22,0,0,0,124
2021,00-0032063,ATL,fourthDown,1,1,5,2,4,0,15
2021,00-0033466,BUF,thirdAndMedium,2,2,21,1,8,0,58
2021,00-0029293,JAX,goalLine,3,1,3,0,0,1,28
2021,00-0032951,JAX,earlyAndLong,22,17,253,0,0,0,504
2021,00-0027696,CHI,insideTen,3,0,0,0,0,0,58
2021,00-0036309,CHI,redZone,5,3,35,2,18,2,84
2021,00-0033885,CLE,goalLine,3,1,3,0,0,1,28
2021,00-0036233,CLE,thirdAndLong,8,5,69,0,0,0,101
2021,00-0033526,CIN,chasingLate,0,0,0,4,26,0,18
2021,00-0036358,DAL,fourthDown,4,1,21,0,0,0,19
2021,00-0036407,DEN,thirdAndMedium,5,3,48,0,0,0,38
2021,00-0036997,DEN,thirdAndMedium,1,1,-1,5,19,0,38
2021,00-0034867,DAL,earlyAndLong,7,7,54,0,0,0,584
2021,00-0034867,DAL,insideTen,4,3,18,0,0,3,47
2021,00-0036456,GB,earlyAndLong,4,2,34,0,0,0,524
2021,00-0031376,KC,thirdAndMedium,4,4,28,0,0,0,60
2021,00-0036264,GB,earlyAndLong,0,0,0,4,23,0,524
2021,00-0035140,KC,goalLine,3,1,3,0,0,1,48
2021,00-0032187,HOU,redZone,2,1,5,5,3,0,52
2021,00-0035844,MIA,earlyAndLong,3,1,13,0,0,0,540
2021,00-0030288,HOU,insideTen,2,1,0,10,14,0,44
2021,00-0036556,HOU,earlyAndLong,6,3,26,0,0,0,490
2021,00-0035311,MIA,aheadLate,0,0,0,7,13,0,9
2021,00-0036554,HOU,chasingLate,4,4,51,0,0,0,55
2021,00-0030279,LAC,goalLine,3,1,1,0,0,0,44
2021,00-0032780,PHI,thirdAndShort,0,0,0,3,14,0,41
2021,00-0036912,PHI,insideTen,3,2,9,0,0,2,58
2021,00-0034983,LV,goalLine,3,2,4,0,0,2,26
2021,00-0033891,LV,redZone,7,4,33,0,0,1,109
2021,00-0033118,LV,chasingLate,2,2,26,3,12,0,46
2021,00-0036550,BAL,redZone,4,4,26,0,0,0,88
2021,00-0030496,BAL,redZone,0,0,0,3,8,0,88
2021,00-0036972,NE,earlyDown,0,0,0,7,22,0,127
2021,00-0035657,NE,thirdAndMedium,0,0,0,3,67,1,63
2021,00-0033251,IND,thirdAndLong,5,2,9,0,0,0,81
2021,00-0030108,NYJ,redZone,3,2,13,0,0,1,74
2021,00-0035510,NYJ,thirdAndLong,3,1,14,0,0,0,98
2021,00-0031941,NYJ,chasingLate,5,5,57,0,0,0,59
2021,00-0025394,TEN,earlyAndLong,3,3,9,20,64,0,577
2021,00-0025394,TEN,earlyDown,0,0,0,6,20,0,145
2021,00-0033110,LA,thirdAndLong,7,2,21,0,0,0,89
2021,00-0033925,TEN,earlyAndLong,6,5,55,82,328,1,577
2021,00-0025394,TEN,redZone,0,0,0,3,10,0,95
2021,00-0033925,TEN,insideTen,0,0,0,10,26,1,54
2021,00-0025394,TEN,goalLine,1,1,-1,5,3,2,34
2021,00-0034845,LA,thirdAndMedium,3,1,3,0,0,0,66
2021,00-0035664,LA,thirdAndMedium,2,1,2,1,6,0,66
2021,00-0033908,LA,chasingLate,10,10,118,0,0,0,34
2021,00-0033110,LA,chasingLate,4,3,17,0,0,0,34
2021,00-0034845,LA,chasingLate,0,0,0,3,19,0,34
2021,00-0034764,DAL,thirdAndMedium,10,4,47,0,0,1,64
2021,00-0035208,ATL,redZone,3,2,9,0,0,0,89
2021,00-0033725,DAL,earlyAndLong,2,2,12,14,84,0,584
2021,00-0033725,DAL,thirdAndLong,0,0,0,3,16,0,83
2021,00-0031285,BAL,thirdAndLong,3,2,21,2,6,0,98
2021,00-0033555,MIA,redZone,3,1,7,0,0,0,69
2021,00-0036550,BAL,chasingLate,5,4,47,0,0,0,43
2021,00-0033308,BUF,redZone,3,3,24,1,15,2,139
2021,00-0033466,BUF,thirdAndLong,3,2,24,0,0,0,79
2021,00-0033466,BUF,insideTen,1,1,6,2,11,1,86
2021,00-0036196,BUF,thirdAndShort,4,4,83,0,0,0,42
2021,00-0033308,BUF,earlyDown,1,0,0,6,40,0,138
2021,00-0032688,CAR,redZone,3,1,19,0,0,1,71
2021,00-0027939,CAR,goalLine,0,0,0,4,5,2,24
2021,00-0036383,ARI,thirdAndShort,0,0,0,3,19,0,43
2021,00-0033275,CAR,earlyAndLong,0,0,0,3,5,0,542
2021,00-0027939,CAR,earlyDown,0,0,0,9,20,0,129
2021,00-0027939,CAR,redZone,0,0,0,4,22,1,71
2021,00-0032104,CAR,insideTen,2,1,0,3,-1,0,47
2021,00-0036383,ARI,chasingLate,3,2,5,3,17,0,42
2021,00-0036233,CLE,goalLine,3,0,0,0,0,0,28
2021,00-0036233,CLE,fourthDown,3,3,36,0,0,0,15
2021,00-0036232,CLE,redZone,3,1,5,0,0,0,86
2021,00-0035628,CLE,chasingLate,3,1,1,3,6,0,32
2021,00-0034676,PIT,insideTen,3,1,9,0,0,1,48
2021,00-0036754,DET,earlyAndLong,11,8,88,0,0,2,515
2021,00-0034407,PIT,insideTen,3,1,1,0,0,0,48
2021,00-0033217,IND,insideTen,3,1,0,0,0,0,51
2021,00-0032951,JAX,thirdAndLong,7,4,66,0,0,0,90
2021,00-0032062,KC,redZone,2,2,10,1,3,0,124
2021,00-0033891,LV,earlyDown,6,6,51,1,4,0,157
2021,00-0034301,KC,thirdAndLong,4,3,57,0,0,1,83
2021,00-0034115,SF,earlyAndLong,5,5,30,44,186,0,632
2021,00-0034115,SF,redZone,1,1,-2,4,10,0,61
2021,00-0034115,SF,earlyDown,0,0,0,19,76,0,145
2021,00-0036862,LA,earlyDown,3,2,43,0,0,0,155
2021,00-0035603,LA,redZone,3,2,11,0,0,0,129
2021,00-0034115,SF,thirdAndShort,0,0,0,3,7,0,36
2021,00-0036567,SF,thirdAndLong,0,0,0,3,8,0,104
2021,00-0036988,LAC,insideTen,4,2,5,0,0,0,70
2021,00-0034765,NO,thirdAndLong,7,5,93,0,0,0,97
2021,00-0033925,TEN,redZone,2,2,26,11,41,0,95
2021,00-0033925,TEN,earlyDown,3,2,42,21,156,0,145
2021,00-0034351,PHI,thirdAndLong,5,3,68,0,0,0,74
2021,00-0034414,PHI,thirdAndShort,0,0,0,5,11,0,41
2021,00-0036741,PHI,earlyAndLong,3,2,9,0,0,0,548
2021,00-0036407,DEN,chasingLate,3,2,33,0,0,0,24
2021,00-0034414,PHI,aheadLate,0,0,0,5,40,0,16
2021,00-0034521,GB,thirdAndLong,4,2,38,0,0,0,74
2021,00-0033895,SEA,thirdAndMedium,5,4,40,0,0,0,45
2021,00-0035594,SEA,redZone,2,1,6,1,13,0,71
2021,00-0036332,GB,redZone,6,3,13,0,0,0,125
2021,00-0036265,GB,goalLine,0,0,0,6,6,3,40
2021,00-0035973,GB,redZone,0,0,0,6,19,0,125
2021,00-0032211,SEA,fourthDown,3,1,16,0,0,0,8
2021,00-0031800,WAS,redZone,0,0,0,3,20,0,73
2021,00-0031408,TB,fourthDown,3,2,36,0,0,0,16
2021,00-0036628,WAS,earlyDown,3,3,53,0,0,0,134
2021,00-0036383,ARI,redZone,1,1,10,2,7,0,95
2021,00-0036425,SEA,redZone,2,2,5,4,29,0,71
2021,00-0035993,BAL,earlyAndLong,0,0,0,17,115,0,595
2021,00-0032791,CHI,earlyAndLong,5,3,53,4,29,0,522
2021,00-0035993,BAL,redZone,0,0,0,5,17,0,88
2021,00-0035993,BAL,fourthDown,0,0,0,3,25,0,22
2021,00-0036550,BAL,thirdAndLong,4,2,8,0,0,0,98
2021,00-0035993,BAL,chasingLate,0,0,0,4,40,0,43
2021,00-0035399,CIN,earlyAndLong,3,2,11,0,0,0,661
2021,00-0033891,LV,chasingLate,6,4,47,0,0,0,46
2021,00-0035700,LV,chasingLate,6,4,39,1,1,0,46
2021,00-0034764,DAL,thirdAndLong,4,3,53,0,0,0,83
2021,00-0034764,DAL,chasingLate,3,2,48,0,0,0,49
2021,00-0034171,DET,earlyAndLong,3,1,4,0,0,0,515
2021,00-0036110,CLE,thirdAndLong,3,3,27,0,0,0,101
2021,00-0035973,GB,earlyAndLong,0,0,0,10,58,0,524
2021,00-0034253,TEN,earlyAndLong,13,9,13,33,194,0,577
2021,00-0034253,TEN,earlyDown,4,4,19,10,34,0,145
2021,00-0033925,TEN,thirdAndShort,0,0,0,6,44,0,39
2021,00-0030288,HOU,thirdAndShort,1,1,20,11,28,0,45
2021,00-0036556,HOU,thirdAndMedium,4,3,40,0,0,0,54
2021,00-0030288,HOU,fourthDown,0,0,0,3,15,0,20
2021,00-0036627,TEN,earlyAndLong,3,1,14,0,0,0,577
2021,00-0034253,TEN,redZone,4,3,18,3,3,0,95
2021,00-0032950,IND,thirdAndLong,0,0,0,5,44,0,81
2021,00-0036493,IND,aheadLate,0,0,0,4,9,0,11
2021,00-0034419,NYJ,goalLine,1,0,0,2,3,2,44
2021,00-0032257,MIA,earlyAndLong,4,3,36,39,224,0,540
2021,00-0036212,MIA,thirdAndShort,0,0,0,5,4,0,35
2021,00-0032257,MIA,earlyDown,1,1,5,13,51,0,149
2021,00-0032257,MIA,redZone,0,0,0,3,7,0,69
2021,00-0035273,ATL,earlyAndLong,3,2,0,15,64,0,495
2021,00-0032778,ATL,redZone,3,1,4,0,0,0,89
2021,00-0035273,ATL,redZone,0,0,0,3,24,1,89
2021,00-0036875,NE,aheadLate,0,0,0,4,15,0,9
2021,00-0034411,ATL,chasingLate,4,3,23,0,0,0,37
2021,00-0035246,PHI,earlyAndLong,3,1,23,0,0,0,548
2021,00-0033881,NYG,thirdAndMedium,5,3,20,0,0,0,53
2021,00-0032054,TB,earlyAndLong,10,8,102,0,0,0,591
2021,00-0032054,TB,earlyDown,4,1,7,1,-3,0,172
2021,00-0036450,TB,aheadLate,0,0,0,3,4,0,14
2021,00-0033536,LAC,chasingLate,4,1,53,0,0,1,33
2021,00-0034115,SF,goalLine,1,0,0,3,-1,1,28
2021,00-0032951,JAX,thirdAndMedium,4,3,27,0,0,0,58
2021,00-0027939,CAR,thirdAndShort,0,0,0,5,5,0,38
2021,00-0027939,CAR,earlyAndLong,0,0,0,17,129,1,542
2021,00-0027939,CAR,thirdAndMedium,0,0,0,3,19,0,63
2021,00-0033854,JAX,redZone,1,0,0,5,12,0,55
2021,00-0032951,JAX,thirdAndShort,3,2,7,0,0,0,35
2021,00-0035406,NO,earlyAndLong,8,7,117,0,0,1,517
2021,00-0032394,NO,redZone,3,1,11,0,0,1,91
2021,00-0035250,BUF,thirdAndMedium,2,2,11,2,-1,0,58
2021,00-0035860,NO,chasingLate,0,0,0,3,8,0,35
2021,00-0034614,DET,earlyDown,0,0,0,3,21,0,137
2021,00-0031868,CHI,redZone,3,2,17,0,0,0,84
2021,00-0030513,BAL,goalLine,1,0,0,3,-1,1,31
2021,00-0031285,BAL,thirdAndShort,1,1,4,4,4,0,29
2021,00-0036370,LAC,redZone,1,0,0,2,8,0,112
2021,00-0031235,LA,chasingLate,5,2,14,0,0,0,34
2021,00-0034981,LV,thirdAndMedium,3,2,18,0,0,0,60
2021,00-0036259,SF,thirdAndMedium,7,7,103,0,0,0,64
2021,00-0033288,SF,redZone,6,5,54,0,0,2,61
2021,00-0036842,MIN,earlyAndLong,3,3,3,8,46,0,512
2021,00-0036322,MIN,fourthDown,4,1,16,0,0,0,17
2021,00-0035187,NYJ,redZone,0,0,0,7,27,0,74
2021,00-0037013,NYJ,insideTen,1,0,0,3,9,1,44
2021,00-0035187,NYJ,earlyAndLong,3,2,9,13,53,0,498
2021,00-0033681,NYJ,fourthDown,4,3,62,0,0,1,22
2021,00-0036554,HOU,fourthDown,3,0,0,0,0,0,20
2021,00-0033932,NYG,redZone,8,1,5,0,0,0,58
2021,00-0036271,PHI,thirdAndMedium,5,4,56,0,0,0,72
2021,00-0036387,PHI,fourthDown,3,0,0,0,0,0,22
2021,00-0033111,NYG,thirdAndLong,4,1,6,0,0,0,116
2021,00-0036442,CIN,insideTen,0,0,0,3,11,2,49
2021,00-0035216,PIT,thirdAndShort,4,2,13,0,0,0,48
2021,00-0034799,PIT,chasingLate,1,1,6,2,16,0,45
2021,00-0033856,TB,thirdAndMedium,5,4,6,0,0,0,70
2021,00-0030181,IND,thirdAndLong,3,3,46,0,0,0,81
2021,00-0034253,TEN,thirdAndMedium,4,3,36,2,76,1,70
2021,00-0033925,TEN,chasingLate,0,0,0,3,21,0,36
2021,00-0035099,TEN,chasingLate,0,0,0,3,6,0,36
2021,00-0032791,CHI,thirdAndMedium,2,0,0,1,4,0,46
2021,00-0030155,ARI,earlyAndLong,3,3,10,0,0,0,560
2021,00-0035217,PIT,chasingLate,3,3,22,2,13,0,45
2021,00-0032394,NO,earlyDown,3,2,22,0,0,0,124
2021,00-0033357,NO,thirdAndLong,0,0,0,5,54,1,97
2021,00-0032394,NO,earlyAndLong,6,5,80,0,0,0,517
2021,00-0034301,KC,thirdAndMedium,3,3,48,0,0,1,60
2021,00-0032128,HOU,thirdAndMedium,3,1,18,0,0,0,54
2021,00-0034331,HOU,earlyAndLong,1,0,0,5,9,0,490
2021,00-0026498,LA,fourthDown,0,0,0,3,4,0,13
2021,00-0036355,LAC,goalLine,1,0,0,3,3,1,44
2021,00-0032134,CIN,redZone,6,4,11,0,0,0,86
2021,00-0034440,LAC,thirdAndMedium,1,1,8,2,6,0,69
2021,00-0034440,LAC,aheadLate,0,0,0,4,7,0,8
2021,00-0036345,MIN,insideTen,5,3,16,0,0,2,58
2021,00-0035289,PHI,earlyAndLong,0,0,0,4,17,0,548
2021,00-0034750,SEA,insideTen,0,0,0,5,21,1,33
2021,00-0032054,TB,thirdAndMedium,3,1,58,0,0,1,70
2021,00-0027939,CAR,thirdAndLong,0,0,0,3,25,0,102
2021,00-0026143,ATL,insideTen,0,0,0,4,10,0,43
2021,00-0032063,ATL,aheadLate,0,0,0,4,14,0,4
2021,00-0035993,BAL,thirdAndMedium,0,0,0,4,9,0,62
2021,00-0034753,BAL,fourthDown,3,3,19,0,0,0,22
2021,00-0033466,BUF,earlyDown,1,1,5,2,18,0,138
2021,00-0035250,BUF,thirdAndShort,0,0,0,5,49,0,42
2021,00-0031588,BUF,chasingLate,4,1,4,0,0,0,36
2021,00-0033725,DAL,redZone,3,3,9,5,10,0,124
2021,00-0033725,DAL,earlyDown,0,0,0,3,12,0,147
2021,00-0032975,WAS,earlyAndLong,3,2,7,2,9,0,518
2021,00-0032975,WAS,thirdAndMedium,1,1,19,2,9,0,54
2021,00-0034104,WAS,chasingLate,3,2,19,0,0,0,46
2021,00-0035567,DET,earlyAndLong,2,2,18,30,125,0,515
2021,00-0035567,DET,earlyDown,2,1,9,10,36,0,137
2021,00-0034614,DET,thirdAndMedium,2,2,11,2,7,0,51
2021,00-0035567,DET,thirdAndShort,0,0,0,4,9,0,35
2021,00-0035567,DET,chasingLate,1,1,2,2,8,0,56
2021,00-0029701,TEN,thirdAndLong,0,0,0,4,29,0,93
2021,00-0032951,JAX,fourthDown,3,3,47,0,0,0,24
2021,00-0034253,TEN,thirdAndLong,2,1,5,1,39,1,93
2021,00-0033854,JAX,thirdAndLong,2,1,11,1,6,0,90
2021,00-0035603,LA,earlyAndLong,8,6,80,0,0,0,644
2021,00-0034845,LA,aheadLate,0,0,0,4,8,0,9
2021,00-0027942,ARI,chasingLate,4,1,9,0,0,0,42
2021,00-0035045,NYJ,chasingLate,3,2,28,0,0,0,59
2021,00-0033357,NO,aheadLate,0,0,0,3,2,0,12
2021,00-0036988,LAC,redZone,3,3,22,0,0,1,112
2021,00-0034844,NYG,thirdAndMedium,0,0,0,4,12,0,53
2021,00-0036370,LAC,thirdAndLong,2,2,19,1,4,0,81
2021,00-0036326,PIT,chasingLate,3,3,53,0,0,0,45
2021,00-0032208,HOU,earlyAndLong,6,3,57,1,0,0,490
2021,00-0034838,HOU,chasingLate,3,3,17,0,0,0,55
2021,00-0036259,SF,thirdAndLong,8,6,63,0,0,0,104
2021,00-0036900,CIN,chasingLate,3,2,49,0,0,1,18
2021,00-0035567,DET,thirdAndMedium,1,1,4,4,43,0,51
2021,00-0035126,ARI,thirdAndMedium,4,2,10,0,0,0,52
2021,00-0035924,ARI,chasingLate,2,1,9,1,6,0,42
2021,00-0034115,SF,insideTen,1,1,3,3,10,1,51
2021,00-0035993,BAL,earlyDown,0,0,0,5,38,0,152
2021,00-0032208,HOU,thirdAndLong,4,2,43,0,0,0,109
2021,00-0033854,JAX,thirdAndShort,0,0,0,3,10,0,35
2021,00-0037011,LAC,earlyAndLong,3,3,18,0,0,0,525
2021,00-0034297,KC,redZone,5,4,36,0,0,2,124
2021,00-0033891,LV,thirdAndShort,3,3,37,0,0,0,40
2021,00-0034981,LV,chasingLate,3,3,21,0,0,0,46
2021,00-0036635,MIN,thirdAndLong,3,2,63,0,0,1,102
2021,00-0032950,IND,thirdAndMedium,0,0,0,3,15,0,58
2021,00-0032257,MIA,goalLine,0,0,0,4,3,2,35
2021,00-0031547,MIA,redZone,4,2,20,0,0,1,69
2021,00-0036620,SEA,redZone,3,1,13,0,0,0,71
2021,00-0032780,PHI,fourthDown,0,0,0,3,11,0,22
2021,00-0032975,WAS,earlyDown,0,0,0,3,10,0,134
2021,00-0033733,PHI,earlyAndLong,3,2,17,0,0,0,548
2021,00-0032780,PHI,aheadLate,0,0,0,4,9,0,16
2021,00-0032780,PHI,thirdAndLong,2,1,7,1,1,0,74
2021,00-0031588,BUF,goalLine,5,0,0,0,0,0,44
2021,00-0036244,SEA,redZone,3,1,12,0,0,0,71
2021,00-0033854,JAX,earlyDown,2,0,0,5,17,0,127
2021,00-0034440,LAC,chasingLate,3,2,21,0,0,0,33
2021,00-0032257,MIA,thirdAndMedium,0,0,0,4,13,0,82
2021,00-0032972,NYG,thirdAndMedium,3,2,14,1,5,0,53
2021,00-0035356,PHI,earlyAndLong,3,2,19,0,0,0,548
2021,00-0035222,PIT,chasingLate,4,4,25,0,0,0,45
2021,00-0035099,TEN,earlyAndLong,3,2,4,0,0,0,577
2021,00-0036450,TB,insideTen,1,1,5,5,17,0,84
2021,00-0032975,WAS,thirdAndShort,0,0,0,3,28,0,49
2021,00-0036628,WAS,redZone,3,1,13,0,0,1,73
2021,00-0035500,ARI,earlyAndLong,2,2,5,1,24,0,560
2021,00-0036620,SEA,thirdAndLong,3,1,7,0,0,0,91
2021,00-0034331,HOU,chasingLate,3,3,14,0,0,0,55
2021,00-0036183,NE,earlyAndLong,4,2,16,0,0,0,551
2021,00-0035268,JAX,earlyAndLong,3,2,10,10,63,0,504
2021,00-0035268,JAX,earlyDown,1,1,6,2,8,0,127
2021,00-0034253,TEN,thirdAndShort,0,0,0,3,8,0,39
2021,00-0033215,TB,chasingLate,5,4,52,0,0,1,40
2021,00-0036450,TB,goalLine,0,0,0,3,5,2,37
2021,00-0030465,TB,aheadLate,0,0,0,3,2,0,14
2021,00-0035771,CIN,earlyAndLong,4,2,8,0,0,0,661
2021,00-0035291,CIN,earlyAndLong,1,0,0,4,16,0,661
2021,00-0036278,PHI,earlyAndLong,1,0,0,9,45,0,548
2021,00-0034279,GB,chasingLate,3,1,18,0,0,0,12
2021,00-0033891,LV,insideTen,3,0,0,0,0,0,56
2021,00-0036414,LA,earlyAndLong,7,6,60,47,127,0,644
2021,00-0036414,LA,redZone,1,1,2,6,18,0,129
2021,00-0036414,LA,earlyDown,2,2,16,11,21,0,155
2021,00-0036414,LA,insideTen,0,0,0,5,7,0,83
2021,00-0031376,KC,insideTen,2,2,9,4,-1,1,72
2021,00-0031376,KC,chasingLate,2,0,0,1,14,0,32
2022,00-0036924,NYJ,earlyAndLong,22,19,144,71,252,0,534
2022,00-0036550,BAL,earlyAndLong,15,10,218,0,0,2,535
2022,00-0036331,BAL,earlyDown,6,5,58,0,0,0,129
2022,00-0034796,BAL,thirdAndShort,0,0,0,12,169,1,45
2022,00-0033118,BAL,earlyAndLong,10,6,35,63,356,1,535
2022,00-0036331,BAL,earlyAndLong,28,21,245,4,31,0,535
2022,00-0033118,BAL,thirdAndShort,0,0,0,3,-4,0,45
2022,00-0038120,NYJ,earlyAndLong,13,8,131,48,298,2,534
2022,00-0033871,NYJ,thirdAndLong,9,3,40,0,0,0,113
2022,00-0037838,BAL,earlyAndLong,21,14,152,0,0,1,535
2022,00-0032063,BAL,earlyAndLong,2,2,4,1,1,0,535
2022,00-0037838,BAL,thirdAndLong,12,6,43,0,0,0,87
2022,00-0036980,NYJ,earlyAndLong,29,16,160,3,-8,0,534
2022,00-0036145,NYJ,earlyAndLong,11,10,106,0,0,0,534
2022,00-0033118,BAL,redZone,5,3,25,13,25,0,102
2022,00-0032775,BAL,redZone,7,3,22,0,0,1,102
2022,00-0037838,BAL,insideTen,7,3,22,0,0,2,61
2022,00-0033871,NYJ,earlyAndLong,27,17,272,0,0,0,534
2022,00-0037740,NYJ,thirdAndLong,19,12,104,0,0,0,113
2022,00-0032775,BAL,earlyAndLong,49,35,357,0,0,1,535
2022,00-0034975,BAL,earlyAndLong,6,6,35,29,154,0,535
2022,00-0036550,BAL,thirdAndMedium,3,1,13,0,0,0,49
2022,00-0036924,NYJ,earlyDown,8,5,28,17,91,0,109
2022,00-0034419,NYJ,earlyAndLong,13,8,51,4,37,0,534
2022,00-0036980,NYJ,thirdAndMedium,5,2,30,0,0,1,52
2022,00-0034753,BAL,earlyAndLong,57,36,472,0,0,0,535
2022,00-0034753,BAL,earlyDown,14,8,107,0,0,0,129
2022,00-0036550,BAL,thirdAndLong,7,2,43,0,0,0,87
2022,00-0038120,NYJ,earlyDown,2,2,12,9,45,0,109
2022,00-0034270,NYJ,thirdAndLong,17,10,119,0,0,0,113
2022,00-0036331,BAL,thirdAndMedium,2,2,46,2,9,1,49
2022,00-0034419,NYJ,earlyDown,5,5,52,2,17,0,109
2022,00-0034270,NYJ,thirdAndMedium,9,7,75,0,0,0,52
2022,00-0034796,BAL,thirdAndLong,0,0,0,9,47,0,87
2022,00-0036924,NYJ,thirdAndLong,7,5,49,3,6,0,113
2022,00-0034796,BAL,earlyAndLong,0,0,0,36,330,0,535
2022,00-0033118,BAL,earlyDown,3,2,-4,13,62,0,129
2022,00-0034796,BAL,redZone,0,0,0,10,60,0,102
2022,00-0036331,BAL,redZone,4,3,23,2,22,2,102
2022,00-0033871,NYJ,thirdAndShort,4,0,0,0,0,0,36
2022,00-0032063,BAL,earlyDown,0,0,0,3,13,0,129
2022,00-0037740,NYJ,earlyAndLong,65,38,606,3,-3,1,534
2022,00-0034753,BAL,thirdAndLong,13,8,91,0,0,0,87
2022,00-0037838,BAL,thirdAndMedium,6,3,30,0,0,0,49
2022,00-0034270,NYJ,earlyAndLong,35,21,190,0,0,0,534
2022,00-0033871,NYJ,fourthDown,4,3,60,0,0,0,19
2022,00-0038120,NYJ,redZone,3,1,3,6,36,0,76
2022,00-0036980,NYJ,redZone,6,3,12,0,0,0,76
2022,00-0037740,NYJ,insideTen,6,2,13,0,0,1,41
2022,00-0038120,NYJ,insideTen,2,2,14,6,17,2,41
2022,00-0036924,NYJ,insideTen,3,0,0,5,17,1,41
2022,00-0033376,BAL,earlyAndLong,11,10,62,0,0,0,535
2022,00-0033118,BAL,aheadLate,0,0,0,6,18,0,11
2022,00-0032775,BAL,thirdAndMedium,5,2,32,0,0,0,49
2022,00-0038120,NYJ,chasingLate,3,2,22,1,-2,0,58
2022,00-0036980,NYJ,chasingLate,4,3,42,0,0,0,58
2022,00-0037740,NYJ,chasingLate,9,4,39,0,0,0,58
2022,00-0036924,NYJ,redZone,5,5,14,12,26,0,76
2022,00-0033871,NYJ,redZone,5,0,0,0,0,0,76
2022,00-0034419,NYJ,redZone,2,1,6,2,35,2,76
2022,00-0037740,NYJ,fourthDown,5,3,32,0,0,0,19
2022,00-0037740,NYJ,goalLine,4,1,2,0,0,1,21
2022,00-0031588,BUF,earlyAndLong,85,66,868,1,-3,1,588
2022,00-0034857,BUF,earlyDown,0,0,0,11,69,0,140
2022,00-0035250,BUF,earlyAndLong,36,25,194,114,616,1,588
2022,00-0035250,BUF,earlyDown,6,4,20,24,128,0,140
2022,00-0036251,BUF,earlyAndLong,6,6,24,54,300,0,588
2022,00-0036196,BUF,thirdAndShort,6,4,49,0,0,1,46
2022,00-0035664,LA,earlyAndLong,12,11,60,39,157,0,477
2022,00-0033908,LA,thirdAndLong,7,6,70,0,0,0,88
2022,00-0033110,LA,earlyAndLong,54,37,326,0,0,0,477
2022,00-0036862,LA,earlyAndLong,29,20,154,0,0,0,477
2022,00-0031588,BUF,thirdAndMedium,9,8,127,0,0,1,47
2022,00-0031941,BUF,earlyAndLong,7,3,29,0,0,0,588
2022,00-0033466,BUF,earlyAndLong,31,21,240,6,47,0,588
2022,00-0035689,BUF,earlyAndLong,40,33,373,0,0,1,588
2022,00-0033466,BUF,earlyDown,8,5,35,1,6,0,140
2022,00-0033908,LA,earlyAndLong,50,35,354,5,10,1,477
2022,00-0035664,LA,thirdAndMedium,2,1,1,1,1,0,63
2022,00-0037248,BUF,earlyAndLong,19,14,132,61,353,1,588
2022,00-0036414,LA,earlyAndLong,10,6,61,113,456,0,477
2022,00-0036196,BUF,earlyAndLong,48,27,456,0,0,3,588
2022,00-0036251,BUF,earlyDown,2,2,4,9,56,0,140
2022,00-0036196,BUF,thirdAndMedium,4,1,17,0,0,0,47
2022,00-0036849,LA,earlyDown,5,2,37,0,0,0,129
2022,00-0036862,LA,thirdAndMedium,6,4,41,0,0,0,63
2022,00-0034646,LA,earlyAndLong,19,15,107,9,55,0,477
2022,00-0031428,LA,thirdAndLong,7,5,76,0,0,0,88
2022,00-0035664,LA,insideTen,0,0,0,6,23,2,49
2022,00-0033908,LA,insideTen,3,3,12,0,0,2,49
2022,00-0031588,BUF,thirdAndLong,16,5,154,0,0,1,83
2022,00-0036414,LA,earlyDown,2,2,20,34,159,0,129
2022,00-0034857,BUF,earlyAndLong,0,0,0,44,373,0,588
2022,00-0034857,BUF,thirdAndLong,0,0,0,9,91,0,83
2022,00-0035250,BUF,redZone,6,4,13,21,57,0,114
2022,00-0033466,BUF,insideTen,3,3,19,1,7,4,61
2022,00-0036862,LA,thirdAndLong,8,3,40,0,0,0,88
2022,00-0036196,BUF,thirdAndLong,14,7,241,0,0,1,83
2022,00-0034857,BUF,insideTen,0,0,0,9,26,3,61
2022,00-0031588,BUF,insideTen,10,5,21,0,0,4,61
2022,00-0033110,LA,thirdAndMedium,7,4,30,0,0,0,63
2022,00-0033110,LA,thirdAndLong,8,7,78,0,0,0,88
2022,00-0033110,LA,earlyDown,16,11,91,0,0,0,129
2022,00-0036251,BUF,redZone,0,0,0,10,42,1,114
2022,00-0035664,LA,earlyDown,3,3,30,9,33,0,129
2022,00-0033908,LA,thirdAndShort,3,3,93,0,0,1,32
2022,00-0036862,LA,chasingLate,8,7,63,0,0,0,49
2022,00-0033110,LA,chasingLate,6,4,28,0,0,0,49
2022,00-0033908,LA,thirdAndMedium,6,5,53,1,4,0,63
2022,00-0035664,LA,redZone,2,1,7,3,11,0,62
2022,00-0033110,LA,redZone,6,3,30,0,0,0,62
2022,00-0032688,CAR,earlyAndLong,24,14,226,0,0,1,482
2022,00-0033280,CAR,earlyAndLong,60,47,365,149,822,2,482
2022,00-0032688,CAR,thirdAndLong,6,3,20,0,0,0,84
2022,00-0034791,CLE,earlyAndLong,24,18,150,194,1028,2,536
2022,00-0036233,CLE,earlyAndLong,43,33,463,1,2,0,536
2022,00-0034791,CLE,thirdAndMedium,0,0,0,3,25,0,53
2022,00-0031544,CLE,earlyAndLong,50,36,552,0,0,2,536
2022,00-0034791,CLE,earlyDown,9,6,68,45,226,1,123
2022,00-0031544,CLE,thirdAndMedium,17,11,225,0,0,1,53
2022,00-0036233,CLE,fourthDown,6,2,59,0,0,0,31
2022,00-0036555,CAR,earlyAndLong,7,6,90,44,223,0,482
2022,00-0034855,CAR,thirdAndLong,0,0,0,3,9,0,84
2022,00-0033119,CLE,earlyAndLong,0,0,0,14,99,0,536
2022,00-0033923,CLE,thirdAndMedium,1,1,7,4,9,0,53
2022,00-0031544,CLE,thirdAndLong,21,12,186,0,0,0,98
2022,00-0034827,CAR,earlyAndLong,58,31,421,7,36,0,482
2022,00-0034827,CAR,earlyDown,9,3,25,2,16,0,114
2022,00-0032688,CAR,earlyDown,4,1,21,0,0,0,114
2022,00-0033923,CLE,earlyAndLong,17,15,91,65,263,0,536
2022,00-0036999,CLE,earlyAndLong,2,0,0,4,57,1,536
2022,00-0033280,CAR,earlyDown,13,11,135,52,221,0,114
2022,00-0036572,CAR,earlyAndLong,20,11,134,0,0,0,482
2022,00-0034365,CAR,earlyAndLong,21,15,152,0,0,0,482
2022,00-0036572,CAR,thirdAndLong,4,2,10,0,0,0,84
2022,00-0033923,CLE,goalLine,1,1,1,4,6,3,24
2022,00-0036233,CLE,thirdAndLong,15,9,122,0,0,0,98
2022,00-0036232,CLE,earlyDown,4,3,18,0,0,0,123
2022,00-0034791,CLE,thirdAndShort,0,0,0,8,79,0,37
2022,00-0033923,CLE,earlyDown,3,1,11,12,83,1,123
2022,00-0034827,CAR,thirdAndMedium,13,7,110,0,0,1,57
2022,00-0037005,CAR,goalLine,4,2,1,0,0,0,24
2022,00-0033280,CAR,goalLine,3,2,6,13,8,8,24
2022,00-0033923,CLE,thirdAndLong,10,10,76,3,17,0,98
2022,00-0034791,CLE,redZone,0,0,0,21,62,2,92
2022,00-0034791,CLE,insideTen,0,0,0,11,26,2,48
2022,00-0036233,CLE,insideTen,5,1,4,0,0,0,48
2022,00-0036654,CLE,earlyAndLong,3,1,5,1,-4,0,536
2022,00-0033923,CLE,thirdAndShort,1,1,1,9,27,0,37
2022,00-0033119,CLE,fourthDown,0,0,0,9,30,0,31
2022,00-0033923,CLE,redZone,5,2,8,13,27,0,92
2022,00-0036232,CLE,redZone,4,1,5,0,0,0,92
2022,00-0033925,CAR,earlyAndLong,7,4,30,112,626,0,482
2022,00-0033885,CLE,thirdAndLong,8,6,71,0,0,0,98
2022,00-0033925,CAR,earlyDown,0,0,0,38,105,0,114
2022,00-0034855,CAR,earlyAndLong,0,0,0,12,49,0,482
2022,00-0033280,CAR,thirdAndLong,16,13,72,8,69,0,84
2022,00-0033280,CAR,redZone,10,6,44,20,79,3,74
2022,00-0036232,CLE,earlyAndLong,21,18,153,0,0,0,536
2022,00-0036233,CLE,thirdAndMedium,5,3,45,0,0,0,53
2022,00-0034827,CAR,chasingLate,4,2,88,0,0,1,41
2022,00-0033280,CAR,chasingLate,5,5,85,1,4,0,41
2022,00-0034855,CAR,redZone,0,0,0,6,18,0,74
2022,00-0033923,CLE,chasingLate,4,3,10,2,3,0,51
2022,00-0036233,CLE,chasingLate,8,4,42,0,0,0,51
2022,00-0031544,CLE,chasingLate,7,3,34,0,0,0,51
2022,00-0034750,SEA,earlyAndLong,2,1,3,35,199,0,545
2022,00-0035640,SEA,earlyAndLong,75,56,633,0,0,0,545
2022,00-0032211,SEA,thirdAndMedium,8,6,56,0,0,0,45
2022,00-0034750,SEA,earlyDown,0,0,0,12,48,0,145
2022,00-0034959,DEN,earlyAndLong,9,4,42,0,0,0,574
2022,00-0036997,DEN,earlyAndLong,11,9,40,33,169,0,574
2022,00-0036997,DEN,redZone,3,2,6,0,0,0,38
2022,00-0032144,DEN,earlyAndLong,18,14,126,54,198,0,574
2022,00-0032144,DEN,redZone,1,1,6,4,10,0,38
2022,00-0035644,SEA,earlyAndLong,30,22,264,0,0,0,545
2022,00-0035594,SEA,earlyAndLong,7,6,89,12,54,0,545
2022,00-0034750,SEA,redZone,1,1,4,4,4,0,105
2022,00-0035644,SEA,insideTen,7,5,23,0,0,3,47
2022,00-0036423,DEN,earlyAndLong,6,4,28,0,0,0,574
2022,00-0032144,DEN,earlyDown,5,5,43,17,88,0,127
2022,00-0036423,DEN,thirdAndLong,3,1,12,0,0,0,113
2022,00-0036620,SEA,earlyAndLong,6,4,38,1,4,0,545
2022,00-0030068,SEA,thirdAndLong,6,3,25,0,0,0,92
2022,00-0036407,DEN,thirdAndShort,4,4,96,0,0,1,36
2022,00-0034159,SEA,earlyAndLong,24,21,191,0,0,0,545
2022,00-0030068,SEA,earlyAndLong,21,13,182,2,5,1,545
2022,00-0036244,SEA,earlyAndLong,15,13,150,0,0,0,545
2022,00-0036244,SEA,earlyDown,6,4,63,0,0,1,145
2022,00-0029263,DEN,earlyAndLong,1,1,1,19,98,0,574
2022,00-0036412,DEN,earlyAndLong,5,4,53,1,14,0,574
2022,00-0034348,DEN,thirdAndLong,13,9,156,0,0,0,113
2022,00-0034348,DEN,earlyAndLong,49,27,339,1,5,0,574
2022,00-0036997,DEN,thirdAndLong,3,2,19,1,-4,0,113
2022,00-0034348,DEN,thirdAndMedium,10,7,94,0,0,0,60
2022,00-0036407,DEN,insideTen,6,4,21,0,0,3,36
2022,00-0032144,DEN,insideTen,1,1,8,5,6,0,36
2022,00-0032144,DEN,goalLine,0,0,0,5,2,2,24
2022,00-0032211,SEA,earlyAndLong,69,53,680,0,0,5,545
2022,00-0035640,SEA,thirdAndLong,19,12,128,0,0,0,92
2022,00-0036997,DEN,goalLine,2,0,0,1,0,0,24
2022,00-0032211,SEA,thirdAndLong,13,10,127,0,0,1,92
2022,00-0030565,SEA,earlyAndLong,0,0,0,27,237,0,545
2022,00-0030565,SEA,thirdAndShort,0,0,0,6,9,0,34
2022,00-0035644,SEA,thirdAndLong,8,7,61,0,0,0,92
2022,00-0036997,DEN,earlyDown,0,0,0,7,27,0,127
2022,00-0036407,DEN,earlyAndLong,47,29,478,3,39,0,574
2022,00-0036407,DEN,earlyDown,13,9,64,1,1,0,127
2022,00-0033576,DEN,redZone,3,1,7,0,0,0,38
2022,00-0036997,DEN,insideTen,2,1,6,3,8,0,36
2022,00-0031690,DEN,goalLine,4,2,6,0,0,2,24
2022,00-0034348,DEN,insideTen,3,1,5,0,0,1,36
2022,00-0036407,DEN,chasingLate,5,4,31,0,0,0,38
2022,00-0036423,DEN,thirdAndMedium,4,1,5,0,0,0,60
2022,00-0032144,DEN,chasingLate,4,3,34,1,2,0,38
2022,00-0033246,MIN,earlyAndLong,13,12,72,0,0,0,564
2022,00-0033893,MIN,earlyAndLong,30,22,100,179,848,1,564
2022,00-0036322,MIN,thirdAndMedium,9,7,120,0,0,1,50
2022,00-0036322,MIN,earlyDown,25,19,305,1,3,0,140
2022,00-0034970,MIN,redZone,4,3,25,0,0,0,90
2022,00-0030035,MIN,redZone,11,9,70,0,0,1,90
2022,00-0036322,MIN,insideTen,18,10,64,0,0,5,72
2022,00-0038124,GB,earlyAndLong,23,13,227,3,9,1,514
2022,00-0033293,GB,earlyAndLong,32,26,187,124,608,1,514
2022,00-0033757,GB,earlyAndLong,34,28,251,0,0,1,514
2022,00-0037816,GB,thirdAndLong,8,4,11,0,0,0,74
2022,00-0036345,MIN,earlyAndLong,39,26,279,0,0,0,564
2022,00-0036265,GB,earlyAndLong,22,16,128,107,490,1,514
2022,00-0036265,GB,earlyDown,9,6,50,31,139,0,140
2022,00-0028002,GB,thirdAndMedium,4,4,59,0,0,0,50
2022,00-0034972,MIN,earlyAndLong,8,6,19,41,127,0,564
2022,00-0032918,MIN,earlyDown,3,3,28,0,0,0,140
2022,00-0034972,MIN,earlyDown,2,1,2,11,68,0,140
2022,00-0030035,MIN,thirdAndShort,4,2,8,0,0,0,38
2022,00-0033293,GB,earlyDown,15,14,100,41,306,0,140
2022,00-0038124,GB,redZone,7,5,38,3,25,3,89
2022,00-0031325,GB,redZone,3,2,13,0,0,0,89
2022,00-0033293,GB,insideTen,5,5,22,8,18,3,49
2022,00-0036265,GB,insideTen,2,1,6,10,28,1,49
2022,00-0036265,GB,goalLine,0,0,0,7,6,4,18
2022,00-0033893,MIN,earlyDown,7,5,27,37,206,1,140
2022,00-0036322,MIN,earlyAndLong,94,70,906,1,8,1,564
2022,00-0036345,MIN,redZone,6,5,34,0,0,1,90
2022,00-0033893,MIN,insideTen,4,3,13,16,37,4,72
2022,00-0036250,GB,earlyAndLong,5,2,0,0,0,0,514
2022,00-0033293,GB,thirdAndLong,9,7,47,2,14,0,74
2022,00-0033893,MIN,thirdAndShort,2,2,8,3,40,0,38
2022,00-0028002,GB,earlyAndLong,28,17,196,0,0,0,514
2022,00-0034970,MIN,earlyAndLong,12,8,71,0,0,0,564
2022,00-0033893,MIN,thirdAndLong,7,4,39,5,15,0,102
2022,00-0037816,GB,earlyAndLong,34,24,262,1,11,0,514
2022,00-0036265,GB,thirdAndShort,1,1,0,11,20,0,44
2022,00-0036322,MIN,thirdAndLong,16,11,238,0,0,0,102
2022,00-0031325,GB,earlyAndLong,15,8,180,0,0,0,514
2022,00-0037816,GB,redZone,7,5,50,0,0,2,89
2022,00-0036345,MIN,thirdAndMedium,12,8,61,0,0,0,50
2022,00-0030035,MIN,earlyAndLong,49,34,425,1,4,0,564
2022,00-0030035,MIN,earlyDown,12,9,101,0,0,0,140
2022,00-0034972,MIN,redZone,4,4,34,2,24,2,90
2022,00-0034972,MIN,insideTen,1,1,-1,9,35,2,72
2022,00-0036345,MIN,insideTen,4,3,23,0,0,3,72
2022,00-0028002,GB,earlyDown,4,4,62,0,0,0,140
2022,00-0031325,GB,earlyDown,4,3,34,0,0,0,140
2022,00-0038124,GB,chasingLate,4,3,49,0,0,0,30
2022,00-0033757,GB,redZone,9,6,37,0,0,1,89
2022,00-0033893,MIN,aheadLate,0,0,0,8,28,0,11
2022,00-0036265,GB,chasingLate,3,1,12,0,0,0,30
2022,00-0036332,GB,chasingLate,3,3,33,0,0,0,30
2022,00-0036223,IND,earlyAndLong,23,16,101,104,419,0,551
2022,00-0036223,IND,earlyDown,3,2,7,28,190,1,119
2022,00-0036223,IND,thirdAndMedium,4,2,3,5,12,0,71
2022,00-0031236,HOU,earlyAndLong,41,28,319,2,7,0,486
2022,00-0037258,HOU,earlyDown,2,2,6,35,193,0,122
2022,00-0031236,HOU,thirdAndShort,3,0,0,0,0,0,39
2022,00-0036252,IND,earlyAndLong,68,48,513,3,30,0,551
2022,00-0035639,IND,earlyAndLong,41,31,318,4,57,1,551
2022,00-0034367,IND,earlyAndLong,23,17,141,9,19,0,551
2022,00-0036252,IND,thirdAndLong,16,12,86,0,0,0,87
2022,00-0036223,IND,thirdAndLong,5,5,29,2,4,0,87
2022,00-0037258,HOU,earlyAndLong,30,21,121,134,660,1,486
2022,00-0036482,IND,earlyAndLong,4,3,59,0,0,0,551
2022,00-0036223,IND,redZone,2,1,1,16,46,0,82
2022,00-0036223,IND,insideTen,1,1,4,10,11,0,51
2022,00-0037664,IND,redZone,3,1,15,0,0,1,82
2022,00-0034367,IND,redZone,8,7,48,1,1,0,82
2022,00-0033439,HOU,earlyAndLong,10,6,75,0,0,0,486
2022,00-0037456,HOU,earlyAndLong,6,4,19,0,0,0,486
2022,00-0030288,HOU,earlyDown,4,1,-3,4,16,0,122
2022,00-0032128,HOU,earlyAndLong,3,2,34,0,0,0,486
2022,00-0032398,HOU,earlyAndLong,31,22,205,2,1,0,486
2022,00-0030288,HOU,earlyAndLong,14,12,63,14,47,0,486
2022,00-0030288,HOU,thirdAndShort,1,0,0,3,6,0,39
2022,00-0031236,HOU,thirdAndLong,12,5,94,0,0,0,100
2022,00-0036223,IND,thirdAndShort,2,1,-2,13,101,0,35
2022,00-0034367,IND,earlyDown,1,1,6,6,0,0,119
2022,00-0035639,IND,thirdAndShort,3,3,22,0,0,0,35
2022,00-0036876,IND,earlyAndLong,22,18,180,0,0,0,551
2022,00-0036252,IND,earlyDown,11,9,97,0,0,0,119
2022,00-0030288,HOU,thirdAndMedium,8,6,39,2,11,0,54
2022,00-0036554,HOU,earlyAndLong,34,21,330,0,0,0,486
2022,00-0036556,HOU,earlyAndLong,13,7,61,0,0,0,486
2022,00-0036554,HOU,thirdAndLong,9,5,44,0,0,0,100
2022,00-0035021,IND,earlyAndLong,11,6,108,1,3,0,551
2022,00-0032398,HOU,earlyDown,12,8,100,1,2,0,122
2022,00-0036898,HOU,earlyAndLong,0,0,0,9,27,0,486
2022,00-0030288,HOU,thirdAndLong,14,11,60,0,0,0,100
2022,00-0032436,HOU,thirdAndShort,0,0,0,4,23,0,39
2022,00-0031236,HOU,thirdAndMedium,8,4,51,0,0,0,54
2022,00-0033217,IND,earlyAndLong,17,13,139,0,0,0,551
2022,00-0036252,IND,insideTen,7,3,15,0,0,2,51
2022,00-0037664,IND,insideTen,3,0,0,0,0,0,51
2022,00-0036223,IND,goalLine,2,0,0,6,8,3,23
2022,00-0036223,IND,chasingLate,0,0,0,7,70,0,59
2022,00-0036252,IND,redZone,5,4,40,0,0,1,82
2022,00-0036876,IND,earlyDown,5,4,48,0,0,0,119
2022,00-0032208,HOU,earlyAndLong,20,11,136,0,0,0,486
2022,00-0026143,IND,earlyAndLong,0,0,0,6,10,0,551
2022,00-0035639,IND,thirdAndLong,10,6,106,0,0,0,87
2022,00-0031236,HOU,earlyDown,12,8,71,0,0,0,122
2022,00-0034775,JAX,earlyAndLong,79,53,757,4,20,1,584
2022,00-0033891,JAX,earlyAndLong,57,45,513,2,11,2,584
2022,00-0035831,JAX,earlyAndLong,7,5,27,60,265,1,584
2022,00-0036971,JAX,redZone,0,0,0,5,8,0,96
2022,00-0036973,JAX,redZone,4,3,1,24,120,0,96
2022,00-0033891,JAX,redZone,14,6,51,1,7,2,96
2022,00-0037741,WAS,earlyAndLong,24,13,245,2,-7,0,549
2022,00-0033282,WAS,earlyAndLong,27,18,169,21,113,0,549
2022,00-0033282,WAS,thirdAndMedium,13,7,57,2,5,0,66
2022,00-0037168,WAS,earlyAndLong,4,3,38,1,2,0,549
2022,00-0032950,WAS,earlyAndLong,0,0,0,8,48,0,549
2022,00-0036328,WAS,earlyDown,7,6,58,28,90,0,147
2022,00-0036328,WAS,insideTen,2,2,18,10,13,2,55
2022,00-0033891,JAX,thirdAndMedium,10,7,98,0,0,0,68
2022,00-0031260,WAS,earlyAndLong,26,14,86,0,0,0,549
2022,00-0032602,WAS,earlyAndLong,12,9,65,11,30,0,549
2022,00-0035659,WAS,thirdAndLong,19,10,107,0,0,0,88
2022,00-0036328,WAS,earlyAndLong,35,29,183,83,341,0,549
2022,00-0035659,WAS,earlyAndLong,57,37,747,6,22,2,549
2022,00-0031260,WAS,redZone,6,4,35,0,0,1,77
2022,00-0037741,WAS,insideTen,4,3,21,0,0,3,55
2022,00-0036973,JAX,earlyAndLong,22,19,173,146,878,1,584
2022,00-0029293,JAX,thirdAndMedium,7,3,19,0,0,0,68
2022,00-0032602,WAS,thirdAndLong,9,8,51,1,6,0,88
2022,00-0033572,JAX,earlyAndLong,13,11,87,6,43,0,584
2022,00-0036973,JAX,earlyDown,2,2,20,34,126,0,137
2022,00-0036971,JAX,insideTen,0,0,0,3,12,0,62
2022,00-0034775,JAX,goalLine,4,1,3,0,0,1,39
2022,00-0033891,JAX,goalLine,3,1,3,0,0,1,39
2022,00-0036973,JAX,goalLine,1,0,0,10,4,2,39
2022,00-0036328,WAS,thirdAndShort,1,1,25,3,21,0,42
2022,00-0033881,JAX,earlyAndLong,56,45,478,1,13,1,584
2022,00-0029293,JAX,earlyDown,7,4,29,0,0,0,137
2022,00-0034775,JAX,redZone,13,7,65,0,0,1,96
2022,00-0035831,JAX,earlyDown,3,3,10,18,49,0,137
2022,00-0035831,JAX,goalLine,1,1,3,3,1,1,39
2022,00-0033881,JAX,goalLine,4,1,3,0,0,1,39
2022,00-0033282,WAS,earlyDown,14,11,119,7,32,1,147
2022,00-0029293,JAX,earlyAndLong,40,24,299,0,0,0,584
2022,00-0029293,JAX,thirdAndLong,8,3,42,0,0,0,89
2022,00-0033572,JAX,earlyDown,2,2,12,4,15,0,137
2022,00-0034775,JAX,thirdAndMedium,12,6,51,0,0,0,68
2022,00-0035831,JAX,redZone,1,0,0,9,39,1,96
2022,00-0031260,WAS,thirdAndLong,8,8,106,0,0,0,88
2022,00-0033881,JAX,earlyDown,13,12,145,0,0,0,137
2022,00-0032602,WAS,earlyDown,3,2,17,6,48,0,147
2022,00-0034104,WAS,earlyAndLong,9,4,33,0,0,0,549
2022,00-0036671,WAS,earlyAndLong,4,3,13,0,0,0,549
2022,00-0033282,WAS,chasingLate,8,7,83,1,11,0,56
2022,00-0036328,WAS,chasingLate,1,1,10,3,15,0,56
2022,00-0037741,WAS,thirdAndLong,10,6,91,0,0,1,88
2022,00-0032602,WAS,goalLine,4,0,0,0,0,0,34
2022,00-0029293,JAX,chasingLate,10,4,51,0,0,0,49
2022,00-0034775,JAX,chasingLate,8,6,61,0,0,0,49
2022,00-0034775,JAX,thirdAndLong,17,10,162,0,0,0,89
2022,00-0036360,KC,earlyAndLong,12,7,78,39,194,0,631
2022,00-0033873,KC,earlyDown,1,1,6,7,54,0,176
2022,00-0036360,KC,earlyDown,3,3,31,14,45,0,176
2022,00-0035140,KC,earlyAndLong,15,12,157,1,25,1,631
2022,00-0030506,KC,earlyAndLong,89,68,851,0,0,1,631
2022,00-0031376,KC,earlyAndLong,40,33,269,44,204,1,631
2022,00-0033857,KC,thirdAndLong,10,8,196,0,0,1,79
2022,00-0035140,KC,insideTen,4,3,17,0,0,2,88
2022,00-0030506,KC,insideTen,14,8,47,1,4,6,88
2022,00-0035228,ARI,earlyAndLong,0,0,0,27,204,0,571
2022,00-0034272,KC,earlyAndLong,38,22,323,1,-3,0,631
2022,00-0033857,KC,earlyAndLong,54,41,481,0,0,0,631
2022,00-0030506,KC,redZone,16,10,109,0,0,4,116
2022,00-0036360,KC,goalLine,2,2,5,4,4,4,49
2022,00-0033553,ARI,earlyAndLong,35,27,182,107,483,1,571
2022,00-0035662,ARI,earlyAndLong,52,38,388,1,1,0,571
2022,00-0033553,ARI,thirdAndShort,0,0,0,17,65,0,35
2022,00-0035500,ARI,earlyAndLong,30,25,236,3,23,0,571
2022,00-0033553,ARI,earlyDown,7,7,46,22,87,0,132
2022,00-0033553,ARI,goalLine,0,0,0,5,4,3,26
2022,00-0037197,KC,earlyAndLong,11,10,82,123,700,0,631
2022,00-0035140,KC,thirdAndShort,1,1,8,2,-2,0,41
2022,00-0033857,KC,redZone,14,12,74,0,0,0,116
2022,00-0035140,KC,redZone,4,3,30,1,5,0,116
2022,00-0037197,KC,insideTen,0,0,0,17,51,2,88
2022,00-0036360,KC,insideTen,3,3,14,1,0,1,88
2022,00-0027942,ARI,thirdAndMedium,7,4,19,0,0,0,69
2022,00-0030506,KC,earlyDown,22,21,232,0,0,0,176
2022,00-0031376,KC,thirdAndMedium,5,2,18,0,0,0,53
2022,00-0035662,ARI,earlyDown,9,5,78,0,0,0,132
2022,00-0035500,ARI,thirdAndLong,12,10,88,0,0,0,95
2022,00-0035500,ARI,thirdAndMedium,5,4,56,0,0,0,69
2022,00-0033553,ARI,fourthDown,1,0,0,2,7,0,34
2022,00-0030061,ARI,earlyAndLong,27,19,191,0,0,0,571
2022,00-0027942,ARI,earlyAndLong,15,12,76,0,0,0,571
2022,00-0033873,KC,earlyAndLong,0,0,0,26,155,0,631
2022,00-0038090,KC,earlyAndLong,23,14,144,2,13,0,631
2022,00-0036383,ARI,earlyAndLong,15,12,79,49,188,0,571
2022,00-0035140,KC,earlyDown,4,2,4,1,7,0,176
2022,00-0030506,KC,thirdAndMedium,16,11,186,0,0,1,53
2022,00-0031376,KC,earlyDown,2,1,16,13,59,0,176
2022,00-0034272,KC,redZone,7,3,44,0,0,2,116
2022,00-0035140,KC,goalLine,2,2,5,1,3,3,49
2022,00-0036383,ARI,earlyDown,2,1,9,12,56,0,132
2022,00-0033553,ARI,thirdAndMedium,3,2,13,3,21,0,69
2022,00-0033553,ARI,insideTen,2,1,6,10,48,4,46
2022,00-0030061,ARI,insideTen,6,4,26,0,0,3,46
2022,00-0030061,ARI,goalLine,6,1,2,0,0,1,26
2022,00-0037197,KC,earlyDown,9,8,104,33,189,0,176
2022,00-0034272,KC,thirdAndShort,3,1,8,0,0,0,41
2022,00-0037197,KC,redZone,1,1,9,15,41,0,116
2022,00-0031376,KC,thirdAndLong,10,10,93,2,3,0,79
2022,00-0037197,KC,goalLine,0,0,0,6,8,4,49
2022,00-0027942,ARI,earlyDown,5,3,103,0,0,1,132
2022,00-0035662,ARI,redZone,10,5,23,0,0,0,79
2022,00-0033553,ARI,redZone,2,2,13,10,30,0,79
2022,00-0037197,KC,aheadLate,0,0,0,5,10,0,18
2022,00-0035146,ARI,thirdAndLong,0,0,0,5,39,0,95
2022,00-0036383,ARI,chasingLate,5,1,3,0,0,0,50
2022,00-0035662,ARI,thirdAndMedium,9,4,53,0,0,1,69
2022,00-0033699,LAC,earlyAndLong,72,61,456,121,544,1,600
2022,00-0030279,LAC,earlyDown,6,4,30,1,8,0,134
2022,00-0037331,LAC,thirdAndShort,1,1,0,2,2,0,56
2022,00-0036370,LAC,earlyAndLong,13,8,76,44,179,0,600
2022,00-0033699,LAC,earlyDown,12,9,44,21,134,1,134
2022,00-0033895,LAC,thirdAndLong,12,8,125,0,0,0,98
2022,00-0036988,LAC,earlyAndLong,53,41,395,0,0,0,600
2022,00-0030279,LAC,earlyAndLong,44,35,402,0,0,0,600
2022,00-0033536,LAC,thirdAndLong,11,6,97,0,0,0,98
2022,00-0031381,LV,earlyAndLong,90,51,733,2,0,5,529
2022,00-0031381,LV,thirdAndLong,18,11,179,0,0,1,85
2022,00-0035700,LV,earlyAndLong,39,32,212,201,1110,2,529
2022,00-0035726,LV,earlyDown,4,3,2,0,0,0,139
2022,00-0033555,LV,thirdAndMedium,6,3,44,0,0,0,55
2022,00-0031381,LV,thirdAndMedium,16,11,269,0,0,2,55
2022,00-0035700,LV,insideTen,1,0,0,14,30,4,45
2022,00-0031381,LV,insideTen,7,3,14,0,0,2,45
2022,00-0031610,LV,insideTen,5,1,6,0,0,0,45
2022,00-0037331,LAC,earlyDown,3,2,6,0,0,0,134
2022,00-0033699,LAC,thirdAndShort,1,1,3,15,34,0,56
2022,00-0035700,LV,earlyDown,14,12,100,65,306,0,139
2022,00-0034845,LAC,earlyAndLong,11,7,41,20,69,0,600
2022,00-0034845,LAC,redZone,0,0,0,4,11,0,110
2022,00-0036355,LAC,insideTen,1,1,-2,2,3,0,69
2022,00-0033895,LAC,goalLine,4,1,3,0,0,1,32
2022,00-0031610,LV,earlyDown,3,3,45,0,0,0,139
2022,00-0037011,LAC,earlyAndLong,10,7,54,0,0,0,600
2022,00-0031763,LAC,earlyAndLong,31,24,282,2,-15,2,600
2022,00-0033895,LAC,earlyAndLong,48,31,297,1,0,0,600
2022,00-0036355,LAC,fourthDown,0,0,0,4,6,0,19
2022,00-0031610,LV,earlyAndLong,21,16,226,0,0,1,529
2022,00-0031763,LAC,earlyDown,5,4,59,0,0,1,134
2022,00-0029239,LV,earlyAndLong,2,2,10,10,45,0,529
2022,00-0036370,LAC,earlyDown,3,1,6,14,71,0,134
2022,00-0033699,LAC,thirdAndMedium,4,4,23,2,4,0,62
2022,00-0036988,LAC,redZone,5,2,7,0,0,0,110
2022,00-0033895,LAC,redZone,10,7,56,0,0,2,110
2022,00-0034983,LV,earlyDown,3,1,12,0,0,0,139
2022,00-0034983,LV,thirdAndMedium,7,5,45,0,0,0,55
2022,00-0029239,LV,thirdAndLong,5,5,24,1,5,0,85
2022,00-0031763,LAC,thirdAndMedium,6,5,67,0,0,0,62
2022,00-0033699,LAC,thirdAndLong,9,8,54,0,0,0,98
2022,00-0033536,LAC,earlyDown,15,14,284,0,0,0,134
2022,00-0036988,LAC,thirdAndShort,4,1,4,1,4,0,56
2022,00-0034845,LAC,earlyDown,0,0,0,5,10,0,134
2022,00-0031381,LV,goalLine,6,2,4,0,0,2,23
2022,00-0033536,LAC,earlyAndLong,38,27,333,0,0,0,600
2022,00-0033536,LAC,thirdAndMedium,8,3,42,0,0,0,62
2022,00-0031381,LV,chasingLate,12,4,79,0,0,0,47
2022,00-0034983,LV,chasingLate,6,4,33,0,0,0,47
2022,00-0034960,NE,earlyAndLong,50,36,390,0,0,2,524
2022,00-0035657,NE,earlyDown,3,3,21,19,119,0,115
2022,00-0035657,NE,earlyAndLong,11,9,68,67,270,0,524
2022,00-0036875,NE,earlyAndLong,47,42,229,119,623,0,524
2022,00-0036875,NE,earlyDown,8,6,27,27,157,0,115
2022,00-0033090,NE,earlyAndLong,20,18,232,0,0,1,524
2022,00-0031547,NE,earlyAndLong,28,20,398,0,0,2,524
2022,00-0033040,MIA,earlyAndLong,98,68,996,4,24,1,567
2022,00-0035125,MIA,earlyAndLong,17,11,64,0,0,0,567
2022,00-0033040,MIA,thirdAndShort,7,5,23,0,0,0,31
2022,00-0034681,MIA,earlyAndLong,10,6,29,41,121,0,567
2022,00-0035125,MIA,thirdAndShort,1,0,0,3,6,0,31
2022,00-0031687,MIA,redZone,3,3,-6,13,45,1,75
2022,00-0032200,NE,earlyAndLong,3,2,9,1,-2,0,524
2022,00-0031549,NE,thirdAndLong,7,6,54,0,0,0,93
2022,00-0033090,NE,thirdAndLong,12,7,74,0,0,0,93
2022,00-0033040,MIA,earlyDown,19,13,146,2,15,0,119
2022,00-0031687,MIA,earlyAndLong,19,16,115,116,662,1,567
2022,00-0034681,MIA,thirdAndLong,7,5,74,2,8,0,107
2022,00-0034798,MIA,earlyAndLong,11,9,118,0,0,0,567
2022,00-0034681,MIA,earlyDown,2,1,19,10,19,0,119
2022,00-0033858,NE,earlyAndLong,27,21,210,0,0,0,524
2022,00-0034960,NE,thirdAndLong,16,9,164,0,0,1,93
2022,00-0036972,NE,thirdAndLong,0,0,0,6,21,0,93
2022,00-0034798,MIA,earlyDown,5,3,19,0,0,0,119
2022,00-0036613,MIA,thirdAndLong,22,14,188,0,0,0,107
2022,00-0036613,MIA,earlyAndLong,58,33,678,2,18,1,567
2022,00-0031547,NE,earlyDown,5,4,72,0,0,0,115
2022,00-0034960,NE,thirdAndMedium,11,8,99,0,0,0,54
2022,00-0031549,NE,earlyAndLong,29,16,134,0,0,0,524
2022,00-0035657,NE,insideTen,5,3,3,4,15,1,43
2022,00-0034418,MIA,earlyAndLong,12,7,93,1,8,0,567
2022,00-0031687,MIA,earlyDown,6,2,7,36,149,0,119
2022,00-0033040,MIA,thirdAndMedium,15,9,223,0,0,2,42
2022,00-0034960,NE,earlyDown,5,5,58,1,7,0,115
2022,00-0034681,MIA,thirdAndShort,0,0,0,3,23,0,31
2022,00-0036613,MIA,earlyDown,11,6,87,0,0,0,119
2022,00-0034487,MIA,earlyAndLong,21,13,213,0,0,1,567
2022,00-0033307,NE,earlyAndLong,23,17,214,2,30,0,524
2022,00-0034487,MIA,redZone,6,5,43,0,0,1,75
2022,00-0032268,ATL,earlyAndLong,0,0,0,28,165,0,478
2022,00-0030578,ATL,earlyAndLong,18,12,84,74,381,0,478
2022,00-0036970,ATL,earlyDown,13,8,90,0,0,0,145
2022,00-0036970,ATL,earlyAndLong,22,10,143,0,0,0,478
2022,00-0037238,ATL,thirdAndMedium,14,9,130,0,0,0,45
2022,00-0033906,NO,earlyAndLong,41,32,291,138,595,1,501
2022,00-0036040,NO,thirdAndMedium,9,5,33,0,0,0,76
2022,00-0035208,ATL,thirdAndLong,13,9,111,0,0,0,80
2022,00-0033357,NO,thirdAndShort,1,1,1,8,132,1,39
2022,00-0036040,NO,redZone,7,4,60,0,0,3,81
2022,00-0033357,NO,redZone,0,0,0,6,24,1,81
2022,00-0035208,ATL,earlyAndLong,28,19,253,2,7,0,478
2022,00-0032765,NO,earlyAndLong,9,6,61,0,0,0,501
2022,00-0027966,NO,earlyAndLong,8,7,37,41,162,0,501
2022,00-0027966,NO,thirdAndMedium,2,2,3,2,7,0,76
2022,00-0033357,NO,earlyAndLong,6,4,49,41,232,1,501
2022,00-0031382,NO,thirdAndMedium,4,1,1,0,0,0,76
2022,00-0030578,ATL,earlyDown,2,2,13,28,147,0,145
2022,00-0030578,ATL,thirdAndShort,0,0,0,3,3,0,30
2022,00-0036950,ATL,earlyAndLong,3,3,10,11,48,0,478
2022,00-0030578,ATL,redZone,2,2,6,19,100,2,89
2022,00-0030578,ATL,insideTen,2,0,0,7,23,2,53
2022,00-0037238,ATL,earlyAndLong,54,35,461,0,0,0,478
2022,00-0034854,ATL,earlyAndLong,15,8,109,0,0,0,478
2022,00-0033455,ATL,thirdAndLong,6,5,36,0,0,0,80
2022,00-0031382,NO,earlyAndLong,20,16,171,0,0,0,501
2022,00-0036970,ATL,thirdAndMedium,6,3,40,0,0,0,45
2022,00-0031382,NO,earlyDown,5,3,26,0,0,0,140
2022,00-0033906,NO,earlyDown,10,6,29,43,160,0,140
2022,00-0037239,NO,thirdAndMedium,18,10,147,0,0,0,76
2022,00-0027966,NO,earlyDown,0,0,0,7,19,0,140
2022,00-0037239,NO,thirdAndLong,19,12,179,0,0,1,69
2022,00-0032268,ATL,goalLine,0,0,0,4,4,3,28
2022,00-0032268,ATL,redZone,0,0,0,9,28,0,89
2022,00-0032765,NO,thirdAndMedium,4,3,39,0,0,0,76
2022,00-0036950,ATL,earlyDown,3,3,9,2,23,0,145
2022,00-0032268,ATL,thirdAndMedium,0,0,0,4,26,0,45
2022,00-0036040,NO,earlyAndLong,27,19,282,0,0,2,501
2022,00-0030578,ATL,thirdAndMedium,1,1,6,2,16,0,45
2022,00-0037239,NO,earlyAndLong,53,34,484,0,0,1,501
2022,00-0036040,NO,earlyDown,8,5,43,0,0,0,140
2022,00-0027966,NO,goalLine,0,0,0,3,2,0,17
2022,00-0032268,ATL,earlyDown,0,0,0,15,97,0,145
2022,00-0032268,ATL,thirdAndShort,0,0,0,8,59,0,30
2022,00-0036970,ATL,chasingLate,3,1,18,0,0,0,32
2022,00-0030578,ATL,thirdAndLong,5,3,8,0,0,0,80
2022,00-0030578,ATL,chasingLate,1,1,5,3,8,0,32
2022,00-0034844,NYG,earlyAndLong,51,42,276,195,858,2,609
2022,00-0035710,NYG,earlyAndLong,0,0,0,52,411,1,609
2022,00-0035710,NYG,thirdAndMedium,0,0,0,7,47,0,81
2022,00-0032764,TEN,earlyAndLong,25,22,292,234,1085,1,495
2022,00-0030431,TEN,earlyAndLong,34,22,211,0,0,0,495
2022,00-0037742,TEN,earlyDown,8,5,46,1,15,0,120
2022,00-0032385,NYG,earlyAndLong,11,7,117,0,0,1,609
2022,00-0038117,NYG,thirdAndMedium,3,2,15,0,0,0,81
2022,00-0034286,NYG,earlyAndLong,33,31,312,2,6,0,609
2022,00-0034286,NYG,thirdAndLong,14,8,107,0,0,0,98
2022,00-0032764,TEN,earlyDown,7,5,70,54,185,0,120
2022,00-0030431,TEN,thirdAndMedium,11,7,59,0,0,0,65
2022,00-0037742,TEN,earlyAndLong,25,18,209,2,28,0,495
2022,00-0034253,TEN,thirdAndMedium,2,2,39,3,32,0,65
2022,00-0036182,TEN,earlyAndLong,23,12,249,0,0,1,495
2022,00-0037742,TEN,thirdAndLong,9,4,69,0,0,0,89
2022,00-0034844,NYG,earlyDown,12,9,47,59,318,0,161
2022,00-0033308,NYG,earlyAndLong,16,14,104,30,120,0,609
2022,00-0033932,NYG,earlyDown,3,1,7,0,0,0,161
2022,00-0033386,TEN,earlyAndLong,4,2,49,0,0,0,495
2022,00-0032764,TEN,redZone,3,2,9,23,107,1,68
2022,00-0032764,TEN,insideTen,3,2,8,6,13,3,30
2022,00-0033308,NYG,earlyDown,2,2,6,8,31,0,161
2022,00-0032385,NYG,thirdAndMedium,3,0,0,0,0,0,81
2022,00-0037273,TEN,earlyAndLong,4,2,16,0,0,0,495
2022,00-0033932,NYG,earlyAndLong,6,3,44,0,0,0,609
2022,00-0034286,NYG,earlyDown,11,10,92,0,0,0,161
2022,00-0032764,TEN,thirdAndShort,1,1,15,10,58,1,37
2022,00-0033308,NYG,redZone,0,0,0,6,34,0,69
2022,00-0034844,NYG,insideTen,1,0,0,13,38,1,49
2022,00-0034253,TEN,earlyAndLong,9,8,44,10,68,1,495
2022,00-0034253,TEN,earlyDown,2,1,12,3,10,0,120
2022,00-0036182,TEN,thirdAndMedium,5,2,23,0,0,0,65
2022,00-0036913,NYG,earlyAndLong,16,11,137,3,52,0,609
2022,00-0034286,NYG,thirdAndMedium,10,4,21,0,0,0,81
2022,00-0035710,NYG,redZone,0,0,0,13,53,1,69
2022,00-0037809,TEN,earlyAndLong,24,17,249,1,0,1,495
2022,00-0032141,TEN,earlyAndLong,7,7,37,0,0,0,495
2022,00-0037809,TEN,thirdAndShort,3,2,27,1,-4,0,37
2022,00-0033308,NYG,chasingLate,2,2,3,3,11,0,35
2022,00-0034844,NYG,redZone,1,0,0,15,53,1,69
2022,00-0034844,NYG,goalLine,1,0,0,11,17,7,30
2022,00-0037273,TEN,chasingLate,3,3,32,0,0,0,38
2022,00-0032392,TEN,chasingLate,4,3,38,0,0,0,38
2022,00-0036275,DET,earlyAndLong,35,23,178,54,317,1,518
2022,00-0033948,DET,earlyAndLong,12,8,60,132,584,0,518
2022,00-0033948,DET,redZone,1,1,2,13,41,1,86
2022,00-0035229,DET,redZone,12,9,64,0,0,2,86
2022,00-0033948,DET,insideTen,1,1,3,24,60,2,62
2022,00-0033948,DET,goalLine,0,0,0,22,12,13,48
2022,00-0036389,PHI,earlyAndLong,0,0,0,62,343,0,649
2022,00-0036389,PHI,earlyDown,0,0,0,20,116,0,165
2022,00-0034351,PHI,earlyAndLong,52,42,535,0,0,1,649
2022,00-0036919,PHI,earlyAndLong,20,16,92,25,133,0,649
2022,00-0036389,PHI,thirdAndLong,0,0,0,10,104,1,91
2022,00-0035243,PHI,earlyAndLong,24,18,67,156,826,1,649
2022,00-0036912,PHI,earlyDown,17,13,124,0,0,0,165
2022,00-0036912,PHI,thirdAndMedium,14,10,160,0,0,0,74
2022,00-0035676,PHI,fourthDown,6,2,21,0,0,0,24
2022,00-0036963,DET,earlyAndLong,62,50,531,2,60,0,518
2022,00-0036963,DET,thirdAndMedium,18,11,177,0,0,0,50
2022,00-0035676,PHI,earlyAndLong,88,55,947,0,0,5,649
2022,00-0035676,PHI,earlyDown,22,13,197,0,0,2,165
2022,00-0036389,PHI,thirdAndMedium,0,0,0,8,61,0,74
2022,00-0035676,PHI,thirdAndMedium,14,12,251,0,0,0,74
2022,00-0035676,PHI,insideTen,6,3,21,0,0,2,75
2022,00-0035243,PHI,insideTen,0,0,0,21,55,4,75
2022,00-0036389,PHI,goalLine,0,0,0,23,28,12,47
2022,00-0034777,DET,thirdAndLong,9,3,59,0,0,0,88
2022,00-0035229,DET,earlyAndLong,60,39,438,0,0,1,518
2022,00-0036963,DET,thirdAndLong,17,13,144,1,10,0,88
2022,00-0034351,PHI,thirdAndShort,3,3,49,0,0,0,49
2022,00-0036389,PHI,insideTen,0,0,0,12,38,4,75
2022,00-0035243,PHI,goalLine,0,0,0,8,11,5,47
2022,00-0034777,DET,earlyAndLong,21,13,245,0,0,1,518
2022,00-0036275,DET,redZone,11,9,57,13,68,1,86
2022,00-0036275,DET,insideTen,2,1,7,8,46,4,62
2022,00-0036919,PHI,earlyDown,3,3,25,11,48,0,165
2022,00-0036919,PHI,insideTen,5,1,5,10,41,3,75
2022,00-0036389,PHI,redZone,0,0,0,17,94,0,110
2022,00-0036919,PHI,goalLine,0,0,0,4,5,1,47
2022,00-0036275,DET,thirdAndLong,6,6,52,6,73,1,88
2022,00-0034777,DET,thirdAndMedium,6,4,26,0,0,0,50
2022,00-0032464,DET,earlyAndLong,27,22,308,4,17,0,518
2022,00-0033943,DET,insideTen,8,3,16,0,0,1,62
2022,00-0036963,DET,insideTen,5,4,19,1,4,3,62
2022,00-0034414,PHI,goalLine,0,0,0,6,6,3,47
2022,00-0036963,DET,earlyDown,15,13,141,0,0,0,134
2022,00-0036912,PHI,earlyAndLong,84,60,739,0,0,1,649
2022,00-0036912,PHI,thirdAndLong,20,11,153,0,0,0,91
2022,00-0033943,DET,earlyDown,14,8,87,0,0,0,134
2022,00-0036275,DET,earlyDown,6,5,54,9,23,0,134
2022,00-0036275,DET,thirdAndMedium,3,1,7,3,19,0,50
2022,00-0034777,DET,thirdAndShort,4,2,28,0,0,1,32
2022,00-0035243,PHI,earlyDown,3,3,14,54,308,0,165
2022,00-0035243,PHI,thirdAndShort,0,0,0,12,62,0,49
2022,00-0034414,PHI,earlyAndLong,6,5,25,29,169,0,649
2022,00-0036389,PHI,fourthDown,0,0,0,10,46,0,24
2022,00-0036894,PIT,earlyAndLong,38,25,268,0,0,0,549
2022,00-0036326,PIT,earlyDown,6,4,25,1,15,0,138
2022,00-0035216,PIT,thirdAndShort,4,3,14,1,1,0,44
2022,00-0033009,CIN,earlyAndLong,40,32,451,0,0,1,609
2022,00-0033897,CIN,earlyAndLong,53,45,349,139,589,0,609
2022,00-0033897,CIN,earlyDown,12,9,58,49,205,0,178
2022,00-0034830,CIN,thirdAndLong,12,9,81,0,0,0,96
2022,00-0036410,CIN,earlyAndLong,74,59,745,0,0,2,609
2022,00-0034830,CIN,earlyAndLong,41,31,264,0,0,0,609
2022,00-0036326,PIT,earlyAndLong,39,24,266,6,40,0,549
2022,00-0036893,PIT,earlyAndLong,21,16,110,166,649,0,549
2022,00-0036893,PIT,goalLine,1,1,1,8,2,3,32
2022,00-0036900,CIN,earlyAndLong,70,49,583,5,12,2,609
2022,00-0036900,CIN,thirdAndShort,6,5,41,0,0,0,39
2022,00-0036442,CIN,thirdAndMedium,0,0,0,7,56,0,63
2022,00-0037228,PIT,earlyAndLong,14,11,106,37,175,0,549
2022,00-0035222,PIT,earlyAndLong,12,9,77,0,0,0,549
2022,00-0036893,PIT,insideTen,4,2,16,14,49,6,43
2022,00-0036326,PIT,insideTen,3,2,10,0,0,1,43
2022,00-0036900,CIN,thirdAndMedium,12,5,51,0,0,1,63
2022,00-0033897,CIN,insideTen,6,3,16,20,49,2,65
2022,00-0036900,CIN,insideTen,7,4,26,0,0,4,65
2022,00-0036442,CIN,thirdAndLong,0,0,0,5,33,0,96
2022,00-0037247,PIT,earlyAndLong,40,23,345,2,23,0,549
2022,00-0037247,PIT,thirdAndLong,14,10,137,0,0,2,91
2022,00-0033526,CIN,earlyAndLong,27,23,162,54,257,1,609
2022,00-0033009,CIN,thirdAndMedium,8,6,38,0,0,0,63
2022,00-0036442,CIN,insideTen,0,0,0,8,22,1,65
2022,00-0033009,CIN,goalLine,6,3,7,0,0,2,41
2022,00-0035216,PIT,earlyAndLong,78,49,507,4,19,0,549
2022,00-0035222,PIT,thirdAndLong,5,5,29,0,0,0,91
2022,00-0033526,CIN,thirdAndLong,12,8,63,4,17,0,96
2022,00-0035216,PIT,thirdAndLong,14,6,106,0,0,0,91
2022,00-0036900,CIN,earlyDown,27,15,217,0,0,1,178
2022,00-0037247,PIT,earlyDown,7,6,68,0,0,0,138
2022,00-0036894,PIT,thirdAndMedium,9,4,83,0,0,0,67
2022,00-0036442,CIN,earlyAndLong,0,0,0,20,172,0,609
2022,00-0033897,CIN,chasingLate,3,2,20,0,0,0,7
2022,00-0036900,CIN,redZone,19,14,132,1,-1,2,103
2022,00-0033897,CIN,goalLine,1,0,0,13,10,6,41
2022,00-0036900,CIN,goalLine,4,0,0,0,0,0,41
2022,00-0034830,CIN,goalLine,3,2,3,0,0,1,41
2022,00-0036326,PIT,thirdAndLong,11,7,109,1,4,0,91
2022,00-0036326,PIT,thirdAndMedium,9,6,37,0,0,0,67
2022,00-0033526,CIN,earlyDown,9,5,35,23,119,0,178
2022,00-0034830,CIN,thirdAndMedium,6,5,58,0,0,0,63
2022,00-0033897,CIN,redZone,8,8,34,15,58,2,103
2022,00-0035216,PIT,thirdAndMedium,15,8,76,0,0,0,67
2022,00-0036442,CIN,earlyDown,0,0,0,7,23,0,178
2022,00-0036894,PIT,thirdAndShort,3,3,43,0,0,0,44
2022,00-0035685,CHI,earlyAndLong,14,12,134,111,456,0,480
2022,00-0036261,SF,earlyAndLong,72,55,817,2,23,2,611
2022,00-0035719,SF,earlyAndLong,63,37,462,35,235,2,611
2022,00-0037012,SF,thirdAndShort,0,0,0,3,8,0,38
2022,00-0035719,SF,redZone,7,5,30,5,18,1,96
2022,00-0035685,CHI,earlyDown,4,3,10,32,128,0,114
2022,00-0035685,CHI,thirdAndMedium,4,3,55,6,27,0,67
2022,00-0030108,CHI,earlyAndLong,5,3,24,0,0,0,480
2022,00-0036309,CHI,thirdAndLong,6,5,75,0,0,0,86
2022,00-0036567,SF,earlyAndLong,2,1,5,39,225,0,611
2022,00-0032214,SF,earlyAndLong,4,3,29,0,0,0,611
2022,00-0036906,CHI,earlyAndLong,7,5,29,79,516,1,480
2022,00-0036945,CHI,earlyDown,0,0,0,19,101,0,114
2022,00-0036259,SF,thirdAndMedium,15,10,128,0,0,0,61
2022,00-0035685,CHI,thirdAndLong,9,8,57,5,21,0,86
2022,00-0036567,SF,redZone,1,1,18,9,26,0,96
2022,00-0037012,SF,redZone,0,0,0,3,16,0,96
2022,00-0035719,SF,insideTen,7,3,16,3,11,2,64
2022,00-0034279,CHI,earlyAndLong,17,10,175,6,54,0,480
2022,00-0034115,SF,earlyAndLong,17,9,74,115,652,1,611
2022,00-0035719,SF,earlyDown,11,6,63,8,13,0,143
2022,00-0037012,SF,thirdAndLong,0,0,0,3,22,0,99
2022,00-0034115,SF,thirdAndLong,8,4,37,2,8,0,99
2022,00-0036945,CHI,earlyAndLong,0,0,0,58,410,1,480
2022,00-0036906,CHI,earlyDown,0,0,0,23,105,0,114
2022,00-0036290,CHI,earlyDown,6,3,69,0,0,1,114
2022,00-0036906,CHI,thirdAndMedium,0,0,0,3,19,0,67
2022,00-0036259,SF,earlyAndLong,24,15,232,0,0,0,611
2022,00-0035719,SF,thirdAndMedium,10,4,82,0,0,1,61
2022,00-0034115,SF,insideTen,3,3,19,8,21,1,64
2022,00-0034115,SF,goalLine,0,0,0,9,3,4,42
2022,00-0034860,CHI,thirdAndLong,9,4,77,0,0,1,86
2022,00-0034297,CHI,earlyAndLong,7,4,46,0,0,0,480
2022,00-0036945,CHI,thirdAndLong,0,0,0,15,142,0,86
2022,00-0036945,CHI,thirdAndShort,0,0,0,14,145,1,31
2022,00-0036309,CHI,earlyAndLong,33,22,306,0,0,0,480
2022,00-0034279,CHI,redZone,4,2,32,0,0,1,72
2022,00-0037012,SF,earlyAndLong,0,0,0,3,8,0,611
2022,00-0036945,CHI,redZone,0,0,0,10,42,0,72
2022,00-0036906,CHI,redZone,2,1,-2,12,63,2,72
2022,00-0036906,CHI,goalLine,0,0,0,6,2,2,24
2022,00-0034073,SF,earlyAndLong,3,1,38,0,0,1,611
2022,00-0034407,SF,thirdAndLong,6,3,50,1,2,0,99
2022,00-0034383,DAL,earlyAndLong,59,39,402,0,0,1,622
2022,00-0033045,DAL,earlyDown,3,3,13,40,135,0,147
2022,00-0035261,DAL,earlyAndLong,29,24,185,138,726,2,622
2022,00-0037570,DAL,earlyAndLong,4,2,16,0,0,0,622
2022,00-0036358,DAL,thirdAndLong,26,18,269,0,0,1,100
2022,00-0033045,DAL,earlyAndLong,12,9,32,135,488,0,622
2022,00-0036358,DAL,earlyAndLong,89,65,836,8,33,1,622
2022,00-0033591,DAL,thirdAndLong,11,4,97,0,0,0,100
2022,00-0034383,DAL,thirdAndLong,10,5,91,0,0,0,100
2022,00-0033921,TB,earlyAndLong,78,61,599,1,2,0,608
2022,00-0033856,TB,earlyAndLong,47,39,252,108,435,0,608
2022,00-0031408,TB,earlyAndLong,67,44,693,0,0,2,608
2022,00-0033856,TB,earlyDown,10,9,84,31,125,0,150
2022,00-0033856,TB,thirdAndShort,1,1,12,14,41,0,57
2022,00-0027944,TB,earlyAndLong,21,13,194,3,40,1,608
2022,00-0027944,TB,redZone,10,6,54,0,0,0,80
2022,00-0036358,DAL,thirdAndMedium,15,6,88,0,0,1,70
2022,00-0027944,TB,earlyDown,5,4,34,1,0,0,150
2022,00-0037256,TB,redZone,6,4,10,6,21,0,80
2022,00-0033921,TB,redZone,7,5,44,0,0,0,80
2022,00-0033856,TB,redZone,6,6,37,8,17,1,80
2022,00-0033856,TB,insideTen,3,3,13,11,18,1,63
2022,00-0033077,DAL,earlyAndLong,0,0,0,10,54,0,622
2022,00-0033591,DAL,earlyAndLong,32,20,223,0,0,0,622
2022,00-0031273,TB,thirdAndMedium,3,1,7,0,0,0,69
2022,00-0032054,TB,earlyAndLong,5,2,38,1,0,0,608
2022,00-0031273,TB,earlyAndLong,18,8,72,0,0,0,608
2022,00-0032054,TB,thirdAndLong,7,3,23,0,0,0,93
2022,00-0037256,TB,earlyAndLong,32,30,196,86,361,0,608
2022,00-0031408,TB,thirdAndMedium,18,13,235,0,0,1,69
2022,00-0031408,TB,earlyDown,14,8,99,0,0,0,150
2022,00-0031408,TB,insideTen,4,1,5,0,0,1,63
2022,00-0035261,DAL,thirdAndMedium,4,2,10,4,12,0,70
2022,00-0034411,TB,earlyAndLong,33,24,230,0,0,0,608
2022,00-0037256,TB,earlyDown,10,5,17,20,77,0,150
2022,00-0037256,TB,thirdAndShort,2,2,12,13,40,0,57
2022,00-0032054,TB,thirdAndMedium,2,1,28,1,-7,1,69
2022,00-0033555,LV,thirdAndLong,15,8,135,0,0,0,85
2022,00-0035700,LV,thirdAndShort,0,0,0,17,56,0,35
2022,00-0034981,LV,earlyAndLong,34,23,311,0,0,0,529
2022,00-0033555,LV,earlyAndLong,38,22,259,3,24,1,529
2022,00-0033555,LV,insideTen,6,3,17,0,0,2,45
2022,00-0035700,LV,goalLine,0,0,0,10,5,4,23
2022,00-0035662,ARI,thirdAndLong,9,7,72,0,0,0,95
2022,00-0034981,LV,earlyDown,5,3,41,0,0,0,139
2022,00-0033555,LV,earlyDown,12,9,83,1,16,1,139
2022,00-0034983,LV,earlyAndLong,20,16,146,0,0,0,529
2022,00-0031381,LV,redZone,10,5,21,0,0,0,68
2022,00-0030061,ARI,earlyDown,8,6,41,0,0,0,132
2022,00-0033553,ARI,thirdAndLong,8,7,40,3,16,0,95
2022,00-0032104,LV,thirdAndLong,17,15,138,0,0,0,85
2022,00-0031610,LV,goalLine,3,1,3,0,0,1,23
2022,00-0035662,ARI,thirdAndShort,5,2,33,0,0,1,35
2022,00-0031280,LV,earlyAndLong,0,0,0,6,52,0,529
2022,00-0034301,ARI,earlyAndLong,3,2,1,9,65,0,571
2022,00-0031610,LV,thirdAndLong,5,3,45,0,0,0,85
2022,00-0034301,ARI,earlyDown,2,1,2,4,9,0,132
2022,00-0030061,ARI,thirdAndMedium,5,4,37,0,0,0,69
2022,00-0036383,ARI,insideTen,1,0,0,4,7,1,46
2022,00-0035500,ARI,insideTen,3,3,15,1,3,2,46
2022,00-0034983,LV,redZone,4,3,34,0,0,2,68
2022,00-0035228,ARI,earlyDown,0,0,0,7,45,0,132
2022,00-0035876,ARI,earlyAndLong,5,3,18,0,0,0,571
2022,00-0036383,ARI,redZone,4,4,27,9,56,1,79
2022,00-0030061,ARI,redZone,5,3,14,0,0,0,79
2022,00-0034981,LV,thirdAndLong,3,2,24,0,0,0,85
2022,00-0035662,ARI,fourthDown,8,3,42,0,0,0,34
2022,00-0035228,ARI,goalLine,0,0,0,3,1,1,26
2022,00-0030061,ARI,chasingLate,7,6,59,0,0,0,50
2022,00-0035662,ARI,chasingLate,3,2,14,0,0,0,50
2022,00-0035228,ARI,chasingLate,0,0,0,5,41,0,50
2022,00-0027942,ARI,insideTen,4,1,6,0,0,1,46
2022,00-0032725,ARI,earlyAndLong,5,2,3,0,0,0,571
2022,00-0037263,ATL,earlyAndLong,10,9,81,110,617,1,478
2022,00-0032268,ATL,thirdAndLong,0,0,0,4,52,0,80
2022,00-0037238,ATL,earlyDown,15,11,113,0,0,0,145
2022,00-0037263,ATL,redZone,0,0,0,22,103,0,89
2022,00-0031428,LA,earlyAndLong,14,12,130,0,0,0,477
2022,00-0036414,LA,insideTen,2,1,3,8,25,2,49
2022,00-0033110,LA,insideTen,9,5,31,0,0,3,49
2022,00-0031428,LA,goalLine,4,1,1,0,0,1,20
2022,00-0037263,ATL,thirdAndShort,0,0,0,9,60,0,30
2022,00-0030578,ATL,fourthDown,0,0,0,3,6,0,14
2022,00-0036414,LA,redZone,0,0,0,14,55,1,62
2022,00-0036829,ATL,earlyAndLong,1,1,1,47,233,0,478
2022,00-0037263,ATL,insideTen,0,0,0,13,40,2,53
2022,00-0037238,ATL,redZone,7,5,46,0,0,1,89
2022,00-0033908,LA,earlyDown,16,13,138,2,18,0,129
2022,00-0033908,LA,goalLine,3,1,3,0,0,1,20
2022,00-0036414,LA,thirdAndShort,1,1,17,9,63,0,32
2022,00-0036950,ATL,thirdAndLong,3,3,23,1,-2,0,80
2022,00-0037238,ATL,insideTen,6,2,11,0,0,2,53
2022,00-0033908,LA,redZone,5,4,41,1,20,2,62
2022,00-0037263,ATL,earlyDown,1,1,5,33,128,0,145
2022,00-0035208,ATL,redZone,3,3,30,0,0,2,89
2022,00-0031428,LA,thirdAndMedium,11,8,61,0,0,0,63
2022,00-0037238,ATL,goalLine,4,1,2,0,0,1,28
2022,00-0037238,ATL,chasingLate,8,5,49,0,0,0,32
2022,00-0037263,ATL,chasingLate,2,2,24,5,19,0,32
2022,00-0035664,LA,thirdAndLong,1,0,0,6,45,0,88
2022,00-0036913,NYG,redZone,2,2,1,3,39,1,69
2022,00-0032385,NYG,thirdAndLong,4,3,14,0,0,0,98
2022,00-0034844,NYG,thirdAndMedium,8,7,57,3,5,0,81
2022,00-0035710,NYG,fourthDown,0,0,0,4,24,0,23
2022,00-0034613,NYG,thirdAndMedium,3,2,11,0,0,0,81
2022,00-0035710,NYG,goalLine,0,0,0,5,-1,3,30
2022,00-0033280,CAR,fourthDown,0,0,0,3,6,0,16
2022,00-0035956,CAR,earlyAndLong,4,4,58,0,0,0,482
2022,00-0036572,CAR,redZone,4,2,32,0,0,2,74
2022,00-0033308,NYG,thirdAndLong,5,2,26,0,0,0,98
2022,00-0034365,CAR,thirdAndMedium,4,2,25,0,0,0,57
2022,00-0036438,CAR,earlyAndLong,3,1,13,0,0,0,482
2022,00-0034613,NYG,thirdAndLong,4,2,31,0,0,0,98
2022,00-0034827,CAR,redZone,6,3,41,1,1,2,74
2022,00-0034613,NYG,earlyAndLong,5,4,53,0,0,0,609
2022,00-0038115,NYG,redZone,5,4,39,0,0,1,69
2022,00-0035710,NYG,earlyDown,0,0,0,21,152,0,161
2022,00-0035359,NYG,earlyAndLong,7,4,45,0,0,0,609
2022,00-0036572,CAR,thirdAndShort,3,1,24,0,0,0,30
2022,00-0035710,NYG,thirdAndLong,0,0,0,8,57,0,98
2022,00-0035710,NYG,thirdAndShort,0,0,0,9,50,0,31
2022,00-0032688,CAR,chasingLate,3,1,6,0,0,0,41
2022,00-0034521,GB,thirdAndLong,15,10,185,0,0,0,74
2022,00-0034521,GB,redZone,8,5,55,0,0,2,89
2022,00-0035685,CHI,redZone,2,2,5,18,64,0,72
2022,00-0036945,CHI,goalLine,0,0,0,7,13,4,24
2022,00-0023459,GB,earlyAndLong,0,0,0,7,25,0,514
2022,00-0036265,GB,redZone,2,1,6,11,58,1,89
2022,00-0033293,GB,redZone,5,4,12,22,86,2,89
2022,00-0028002,GB,thirdAndLong,4,4,61,0,0,0,74
2022,00-0036290,CHI,earlyAndLong,31,21,197,1,8,0,480
2022,00-0034279,CHI,thirdAndLong,3,3,36,0,0,0,86
2022,00-0034521,GB,insideTen,9,5,15,0,0,3,49
2022,00-0035685,CHI,insideTen,1,1,10,13,53,4,41
2022,00-0036945,CHI,insideTen,0,0,0,7,14,1,41
2022,00-0023459,GB,thirdAndShort,0,0,0,3,6,0,44
2022,00-0034279,CHI,chasingLate,4,1,6,0,0,0,49
2022,00-0036265,GB,aheadLate,0,0,0,3,6,0,6
2022,00-0036265,GB,thirdAndMedium,3,2,4,5,21,0,50
2022,00-0035261,DAL,earlyDown,8,7,67,34,154,1,147
2022,00-0036358,DAL,thirdAndShort,4,3,44,1,14,0,55
2022,00-0036358,DAL,redZone,12,9,106,2,10,3,84
2022,00-0033591,DAL,insideTen,4,2,13,0,0,1,57
2022,00-0035261,DAL,goalLine,0,0,0,6,4,2,34
2022,00-0033591,DAL,thirdAndMedium,8,5,87,0,0,0,70
2022,00-0035261,DAL,thirdAndLong,8,5,84,0,0,1,100
2022,00-0036410,CIN,earlyDown,16,9,137,0,0,0,178
2022,00-0036410,CIN,thirdAndMedium,9,4,80,0,0,1,63
2022,00-0036410,CIN,thirdAndLong,12,8,152,0,0,1,96
2022,00-0033045,DAL,thirdAndLong,3,1,11,4,32,0,100
2022,00-0036358,DAL,earlyDown,19,12,146,0,0,1,147
2022,00-0034830,CIN,thirdAndShort,5,5,33,0,0,0,39
2022,00-0035771,CIN,earlyAndLong,15,13,90,0,0,0,609
2022,00-0033526,CIN,redZone,6,5,34,11,22,2,103
2022,00-0036410,CIN,redZone,8,4,44,0,0,1,103
2022,00-0036410,CIN,insideTen,6,3,19,0,0,3,65
2022,00-0033591,DAL,earlyDown,7,4,32,0,0,0,147
2022,00-0037258,HOU,thirdAndShort,1,1,1,11,12,0,39
2022,00-0034348,DEN,earlyDown,13,10,120,0,0,0,127
2022,00-0036554,HOU,thirdAndMedium,6,2,9,0,0,0,54
2022,00-0037272,DEN,earlyAndLong,6,3,-2,4,29,0,574
2022,00-0034348,DEN,goalLine,3,0,0,0,0,0,24
2022,00-0033576,DEN,earlyAndLong,13,8,97,0,0,1,574
2022,00-0032144,DEN,thirdAndLong,3,1,6,1,4,0,113
2022,00-0033879,HOU,earlyAndLong,13,8,107,0,0,0,486
2022,00-0034348,DEN,redZone,8,4,45,0,0,1,38
2022,00-0037258,HOU,redZone,1,1,2,17,44,0,77
2022,00-0036554,HOU,redZone,5,2,16,0,0,1,77
2022,00-0037258,HOU,insideTen,0,0,0,10,18,0,45
2022,00-0031236,HOU,insideTen,4,1,6,0,0,1,45
2022,00-0034348,DEN,fourthDown,3,1,6,0,0,0,21
2022,00-0036439,DEN,earlyAndLong,3,2,28,0,0,0,574
2022,00-0035864,DEN,earlyAndLong,17,12,167,2,13,0,574
2022,00-0036554,HOU,chasingLate,4,4,48,0,0,0,49
2022,00-0033439,HOU,thirdAndLong,4,3,31,0,0,0,100
2022,00-0031236,HOU,fourthDown,5,4,87,0,0,0,19
2022,00-0035021,IND,thirdAndMedium,3,3,25,0,0,0,71
2022,00-0035021,IND,thirdAndLong,3,2,28,0,0,0,87
2022,00-0033881,JAX,thirdAndMedium,12,7,55,0,0,1,68
2022,00-0033891,JAX,fourthDown,7,5,55,0,0,0,25
2022,00-0035831,JAX,thirdAndShort,1,1,4,6,12,0,40
2022,00-0034775,JAX,insideTen,9,7,49,0,0,7,62
2022,00-0036876,IND,thirdAndLong,7,5,60,0,0,0,87
2022,00-0033881,JAX,thirdAndLong,12,9,97,0,0,0,89
2022,00-0036973,JAX,thirdAndLong,10,8,65,4,25,0,89
2022,00-0036228,IND,earlyAndLong,4,2,24,0,0,0,551
2022,00-0033217,IND,thirdAndMedium,3,0,0,0,0,0,71
2022,00-0036971,JAX,earlyAndLong,0,0,0,15,120,0,584
2022,00-0035831,JAX,insideTen,1,1,7,7,1,1,62
2022,00-0033217,IND,insideTen,3,2,11,0,0,2,51
2022,00-0034367,IND,thirdAndLong,4,3,35,2,3,0,87
2022,00-0036482,IND,insideTen,3,0,0,0,0,0,51
2022,00-0035639,IND,insideTen,5,3,16,0,0,2,51
2022,00-0033891,JAX,thirdAndLong,13,9,104,0,0,0,89
2022,00-0035639,IND,chasingLate,8,5,40,0,0,0,59
2022,00-0036973,JAX,aheadLate,0,0,0,3,9,0,7
2022,00-0036973,JAX,fourthDown,0,0,0,3,27,0,25
2022,00-0036493,IND,chasingLate,2,1,1,3,14,0,59
2022,00-0031595,KC,thirdAndShort,0,0,0,4,5,0,41
2022,00-0031595,KC,earlyAndLong,3,2,11,0,0,0,631
2022,00-0031763,LAC,thirdAndShort,4,3,25,0,0,0,56
2022,00-0036988,LAC,earlyDown,17,11,149,0,0,1,134
2022,00-0036637,KC,earlyDown,7,5,61,0,0,0,176
2022,00-0031376,KC,insideTen,9,6,41,3,8,4,88
2022,00-0037197,KC,thirdAndShort,0,0,0,5,15,0,41
2022,00-0036370,LAC,redZone,1,1,8,6,13,0,110
2022,00-0033699,LAC,redZone,13,7,69,29,167,4,110
2022,00-0033536,LAC,redZone,13,8,73,0,0,3,110
2022,00-0036637,KC,earlyAndLong,25,22,220,0,0,0,631
2022,00-0034386,KC,thirdAndLong,6,3,97,0,0,1,79
2022,00-0037331,LAC,earlyAndLong,2,0,0,1,3,0,600
2022,00-0035140,KC,thirdAndLong,5,3,75,0,0,0,79
2022,00-0034386,KC,earlyAndLong,21,9,135,0,0,0,631
2022,00-0031376,KC,goalLine,5,4,8,6,-2,3,49
2022,00-0030506,KC,goalLine,9,7,6,1,1,4,49
2022,00-0033895,LAC,earlyDown,10,9,107,0,0,0,134
2022,00-0034272,KC,thirdAndMedium,4,0,0,0,0,0,53
2022,00-0031376,KC,redZone,5,3,24,14,52,1,116
2022,00-0033699,LAC,chasingLate,6,6,46,1,-1,0,23
2022,00-0031763,LAC,fourthDown,4,2,41,0,0,0,19
2022,00-0033699,LAC,insideTen,10,9,-3,20,60,5,69
2022,00-0036988,LAC,insideTen,4,2,13,0,0,2,69
2022,00-0034829,MIA,thirdAndLong,8,3,18,0,0,0,107
2022,00-0033376,BAL,thirdAndShort,0,0,0,4,9,0,45
2022,00-0034796,BAL,goalLine,0,0,0,3,1,1,26
2022,00-0034798,MIA,redZone,2,1,5,1,0,0,75
2022,00-0036613,MIA,insideTen,5,3,18,1,8,3,35
2022,00-0034796,BAL,earlyDown,0,0,0,10,69,0,129
2022,00-0034753,BAL,goalLine,4,2,0,0,0,1,26
2022,00-0036613,MIA,thirdAndMedium,11,10,212,0,0,2,42
2022,00-0037838,BAL,earlyDown,7,5,88,0,0,0,129
2022,00-0036613,MIA,redZone,4,1,18,0,0,1,75
2022,00-0034829,MIA,redZone,6,5,58,0,0,2,75
2022,00-0034829,MIA,insideTen,6,4,23,0,0,3,35
2022,00-0034796,BAL,thirdAndMedium,0,0,0,4,30,0,49
2022,00-0034796,BAL,fourthDown,0,0,0,4,12,0,17
2022,00-0034829,MIA,earlyAndLong,24,16,219,0,0,0,567
2022,00-0033040,MIA,thirdAndLong,23,15,225,0,0,1,107
2022,00-0036613,MIA,chasingLate,6,5,89,0,0,0,35
2022,00-0033040,MIA,chasingLate,7,6,82,0,0,0,35
2022,00-0034681,MIA,chasingLate,0,0,0,5,61,0,35
2022,00-0034753,BAL,chasingLate,7,6,59,0,0,0,34
2022,00-0034351,PHI,earlyDown,8,7,75,0,0,0,165
2022,00-0035676,PHI,thirdAndLong,17,9,129,0,0,1,91
2022,00-0034414,PHI,earlyDown,0,0,0,7,19,0,165
2022,00-0034351,PHI,redZone,10,7,66,0,0,1,110
2022,00-0036271,PHI,earlyAndLong,33,23,277,0,0,3,649
2022,00-0029604,MIN,earlyAndLong,0,0,0,5,26,0,564
2022,00-0034970,MIN,goalLine,3,3,6,0,0,3,40
2022,00-0033251,PHI,thirdAndLong,4,3,26,0,0,0,91
2022,00-0036389,PHI,thirdAndShort,0,0,0,20,101,1,49
2022,00-0036322,MIN,redZone,12,8,68,0,0,1,90
2022,00-0030035,MIN,thirdAndLong,7,3,30,0,0,0,102
2022,00-0036919,PHI,thirdAndLong,6,6,63,7,68,1,91
2022,00-0034970,MIN,thirdAndLong,11,8,45,0,0,0,102
2022,00-0036387,MIN,earlyAndLong,7,4,69,2,3,0,564
2022,00-0030035,MIN,insideTen,6,3,9,0,0,1,72
2022,00-0036387,MIN,chasingLate,3,2,9,0,0,0,44
2022,00-0033893,MIN,chasingLate,3,3,70,0,0,1,44
2022,00-0030035,MIN,chasingLate,9,7,80,0,0,0,44
2022,00-0036322,MIN,chasingLate,4,4,61,0,0,0,44
2022,00-0034972,MIN,chasingLate,1,1,7,4,24,0,44
2022,00-0035406,NE,earlyAndLong,3,2,20,0,0,0,524
2022,00-0033090,NE,redZone,4,1,13,0,0,0,57
2022,00-0033869,PIT,earlyAndLong,0,0,0,3,22,0,549
2022,00-0037228,PIT,earlyDown,0,0,0,19,126,0,138
2022,00-0036894,PIT,earlyDown,9,8,67,0,0,0,138
2022,00-0032897,PIT,thirdAndShort,0,0,0,7,18,0,44
2022,00-0036893,PIT,earlyDown,7,7,30,51,212,0,138
2022,00-0036893,PIT,thirdAndShort,3,1,7,5,9,0,44
2022,00-0036894,PIT,thirdAndLong,13,6,60,0,0,0,91
2022,00-0036972,NE,thirdAndShort,0,0,0,5,13,0,33
2022,00-0036972,NE,earlyAndLong,0,0,0,7,45,0,524
2022,00-0033307,NE,earlyDown,6,5,44,1,15,0,115
2022,00-0031549,NE,thirdAndMedium,5,3,85,0,0,1,54
2022,00-0036875,NE,thirdAndLong,12,8,72,8,98,1,93
2022,00-0037228,PIT,thirdAndLong,7,6,50,1,21,0,91
2022,00-0035657,NE,goalLine,1,0,0,2,4,2,25
2022,00-0035645,PIT,earlyAndLong,5,3,14,6,32,0,549
2022,00-0036893,PIT,redZone,2,1,2,20,90,1,80
2022,00-0037228,PIT,redZone,4,4,20,9,31,0,80
2022,00-0036894,PIT,insideTen,5,2,18,0,0,2,43
2022,00-0035216,PIT,goalLine,4,0,0,0,0,0,32
2022,00-0036893,PIT,thirdAndLong,5,4,21,2,8,0,91
2022,00-0035657,NE,redZone,1,1,1,7,28,0,57
2022,00-0034270,NYJ,thirdAndShort,4,2,21,1,2,0,36
2022,00-0033885,CLE,earlyDown,13,11,113,0,0,0,123
2022,00-0033119,CLE,redZone,0,0,0,6,19,0,92
2022,00-0033885,CLE,redZone,13,9,66,0,0,2,92
2022,00-0037740,NYJ,thirdAndShort,4,1,3,0,0,0,36
2022,00-0038120,NYJ,thirdAndShort,1,1,5,3,27,0,36
2022,00-0033923,CLE,insideTen,2,1,5,8,26,0,48
2022,00-0031544,CLE,insideTen,5,3,17,0,0,3,48
2022,00-0037257,CLE,thirdAndLong,8,6,47,0,0,0,98
2022,00-0036980,NYJ,earlyDown,4,3,53,1,10,0,109
2022,00-0035537,NYJ,earlyAndLong,10,3,13,17,89,1,534
2022,00-0037740,NYJ,thirdAndMedium,13,11,183,0,0,0,52
2022,00-0033119,CLE,thirdAndShort,0,0,0,5,12,0,37
2022,00-0033885,CLE,insideTen,7,3,21,0,0,2,48
2022,00-0036232,CLE,insideTen,3,1,8,0,0,0,48
2022,00-0036980,NYJ,thirdAndLong,11,8,126,0,0,0,113
2022,00-0033885,CLE,earlyAndLong,29,21,276,2,-8,0,536
2022,00-0031544,CLE,thirdAndShort,4,3,41,0,0,0,37
2022,00-0034270,NYJ,chasingLate,10,9,64,0,0,0,58
2022,00-0033871,NYJ,chasingLate,5,5,128,0,0,1,58
2022,00-0036924,NYJ,chasingLate,8,6,55,0,0,0,58
2022,00-0035537,NYJ,chasingLate,3,2,17,0,0,0,58
2022,00-0037740,NYJ,redZone,9,2,20,1,7,1,76
2022,00-0034115,SF,earlyDown,3,0,0,29,89,0,143
2022,00-0037827,SF,earlyAndLong,0,0,0,16,68,0,611
2022,00-0037827,SF,insideTen,0,0,0,3,0,0,64
2022,00-0038134,SEA,thirdAndShort,0,0,0,12,21,0,34
2022,00-0035640,SEA,thirdAndMedium,10,7,172,0,0,2,45
2022,00-0036261,SF,redZone,13,7,63,0,0,3,96
2022,00-0032211,SEA,earlyDown,14,10,101,0,0,1,145
2022,00-0038134,SEA,earlyAndLong,28,20,96,124,684,1,545
2022,00-0038134,SEA,thirdAndLong,2,2,7,4,9,0,92
2022,00-0036261,SF,thirdAndLong,19,12,157,0,0,0,99
2022,00-0038134,SEA,redZone,1,1,4,37,152,5,105
2022,00-0035640,SEA,insideTen,9,2,12,0,0,2,47
2022,00-0034115,SF,redZone,3,2,14,12,67,1,96
2022,00-0029892,SF,goalLine,1,1,3,2,1,2,42
2022,00-0031345,SF,goalLine,0,0,0,4,3,2,42
2022,00-0034407,SF,earlyAndLong,11,5,103,2,73,1,611
2022,00-0037828,SF,earlyAndLong,4,0,0,1,9,0,611
2022,00-0029892,SF,thirdAndLong,5,3,40,0,0,0,99
2022,00-0030565,SEA,thirdAndMedium,0,0,0,3,13,0,45
2022,00-0037827,SF,earlyDown,0,0,0,5,12,0,143
2022,00-0035719,SF,thirdAndLong,10,9,130,1,2,0,99
2022,00-0034115,SF,thirdAndMedium,2,1,13,2,15,0,61
2022,00-0035640,SEA,chasingLate,4,4,33,0,0,0,35
2022,00-0035594,SEA,chasingLate,2,2,15,1,5,0,35
2022,00-0036727,NO,earlyAndLong,2,2,6,1,3,0,501
2022,00-0035860,NO,earlyAndLong,6,4,25,7,10,0,501
2022,00-0032765,NO,earlyDown,3,2,29,0,0,0,140
2022,00-0033357,NO,earlyDown,1,1,8,21,112,0,140
2022,00-0027966,NO,redZone,2,2,5,4,16,0,81
2022,00-0037239,NO,redZone,9,5,54,0,0,1,81
2022,00-0035298,TB,thirdAndLong,3,2,29,0,0,0,93
2022,00-0019596,TB,thirdAndShort,0,0,0,3,2,0,57
2022,00-0032450,NO,earlyAndLong,1,1,7,5,21,0,501
2022,00-0038129,TB,earlyDown,7,5,43,0,0,0,150
2022,00-0034411,TB,thirdAndLong,4,3,19,0,0,0,93
2022,00-0038129,TB,earlyAndLong,30,22,222,0,0,0,608
2022,00-0035298,TB,earlyDown,5,4,33,1,8,0,150
2022,00-0035298,TB,earlyAndLong,18,7,58,0,0,0,608
2022,00-0027966,NO,thirdAndShort,0,0,0,4,21,0,39
2022,00-0032450,NO,earlyDown,0,0,0,3,6,0,140
2022,00-0035298,TB,thirdAndMedium,5,4,33,0,0,0,69
2022,00-0031273,TB,thirdAndLong,7,5,43,0,0,0,93
2022,00-0036040,NO,insideTen,3,2,12,0,0,1,37
2022,00-0033856,TB,aheadLate,0,0,0,4,5,0,6
2022,00-0037239,NO,chasingLate,8,4,126,0,0,0,32
2022,00-0033856,TB,thirdAndLong,6,6,52,2,11,0,93
2022,00-0031382,NO,thirdAndLong,3,2,19,0,0,0,69
2022,00-0035689,BUF,thirdAndShort,3,2,32,0,0,0,46
2022,00-0032392,TEN,earlyDown,5,5,55,0,0,0,120
2022,00-0032392,TEN,redZone,5,3,43,0,0,1,68
2022,00-0036182,TEN,redZone,4,1,13,0,0,0,68
2022,00-0032764,TEN,goalLine,0,0,0,11,14,7,18
2022,00-0036187,BUF,earlyAndLong,7,6,50,0,0,0,588
2022,00-0036251,BUF,thirdAndShort,1,1,4,3,3,0,46
2022,00-0037617,TEN,earlyAndLong,4,3,22,14,59,0,495
2022,00-0036590,BUF,earlyDown,3,2,9,0,0,0,140
2022,00-0037617,TEN,thirdAndLong,4,4,11,2,10,0,89
2022,00-0031787,BUF,earlyAndLong,3,2,49,0,0,0,588
2022,00-0031588,BUF,redZone,14,6,70,0,0,3,114
2022,00-0035689,BUF,insideTen,6,4,20,0,0,3,61
2022,00-0032392,TEN,earlyAndLong,23,14,162,0,0,0,495
2022,00-0036182,TEN,thirdAndLong,9,5,78,0,0,0,89
2022,00-0031588,BUF,earlyDown,24,21,250,0,0,1,140
2022,00-0030431,TEN,earlyDown,13,7,109,0,0,0,120
2022,00-0037248,BUF,redZone,4,2,20,10,33,1,114
2022,00-0038128,TEN,earlyAndLong,0,0,0,7,39,0,495
2022,00-0038128,TEN,thirdAndShort,0,0,0,3,-1,0,37
2022,00-0037261,BUF,earlyDown,7,2,29,0,0,0,140
2022,00-0037261,BUF,thirdAndLong,3,0,0,0,0,0,83
2022,00-0037617,TEN,earlyDown,0,0,0,5,12,0,120
2022,00-0038128,TEN,thirdAndMedium,0,0,0,5,21,0,65
2022,00-0037248,BUF,earlyDown,4,1,6,21,97,0,140
2022,00-0037248,BUF,aheadLate,0,0,0,4,19,0,11
2022,00-0033948,DET,earlyDown,2,2,8,44,251,1,134
2022,00-0033282,WAS,thirdAndLong,13,10,113,0,0,0,88
2022,00-0035567,DET,earlyAndLong,6,5,92,16,83,0,518
2022,00-0036963,DET,redZone,15,8,78,3,8,2,86
2022,00-0035659,WAS,thirdAndMedium,11,5,71,0,0,0,66
2022,00-0033943,DET,earlyAndLong,21,17,237,0,0,0,518
2022,00-0035567,DET,earlyDown,0,0,0,3,12,0,134
2022,00-0033943,DET,redZone,3,1,12,0,0,0,86
2022,00-0031260,WAS,earlyDown,8,6,55,0,0,0,147
2022,00-0037741,WAS,thirdAndMedium,8,2,18,0,0,0,66
2022,00-0032602,WAS,thirdAndShort,3,2,4,2,8,0,42
2022,00-0037741,WAS,earlyDown,5,4,63,0,0,0,147
2022,00-0035659,WAS,redZone,11,7,66,0,0,2,77
2022,00-0033282,WAS,redZone,3,2,35,6,16,2,77
2022,00-0035229,DET,thirdAndLong,25,20,243,0,0,0,88
2022,00-0037741,WAS,goalLine,3,1,1,0,0,1,34
2022,00-0035659,WAS,fourthDown,3,0,0,1,7,0,18
2022,00-0036628,WAS,earlyAndLong,7,5,43,0,0,0,549
2022,00-0036328,WAS,redZone,4,1,11,10,35,0,77
2022,00-0036328,WAS,goalLine,0,0,0,6,4,3,34
2022,00-0035229,DET,earlyDown,12,11,83,0,0,0,134
2022,00-0033948,DET,aheadLate,0,0,0,6,7,0,7
2022,00-0036963,DET,fourthDown,5,3,42,1,7,0,25
2022,00-0036628,WAS,chasingLate,6,5,32,0,0,0,56
2022,00-0038134,SEA,earlyDown,3,3,28,38,197,1,145
2022,00-0035640,SEA,redZone,19,6,54,0,0,2,105
2022,00-0033455,ATL,earlyAndLong,3,2,38,0,0,0,478
2022,00-0035644,SEA,earlyDown,13,12,112,0,0,0,145
2022,00-0036244,SEA,thirdAndShort,3,2,40,0,0,0,34
2022,00-0034159,SEA,redZone,4,4,44,0,0,2,105
2022,00-0037238,ATL,thirdAndLong,7,2,22,0,0,0,80
2022,00-0030565,SEA,earlyDown,0,0,0,8,25,0,145
2022,00-0035640,SEA,earlyDown,15,10,121,0,0,0,145
2022,00-0036970,ATL,thirdAndLong,9,2,43,0,0,0,80
2022,00-0036244,SEA,thirdAndMedium,3,1,8,0,0,0,45
2022,00-0036425,SEA,earlyAndLong,6,6,73,23,108,0,545
2022,00-0030068,SEA,earlyDown,4,2,10,0,0,0,145
2022,00-0036425,SEA,redZone,1,1,7,3,5,0,105
2022,00-0034159,SEA,earlyDown,5,5,49,0,0,0,145
2022,00-0032211,SEA,redZone,5,4,28,0,0,0,105
2022,00-0036425,SEA,thirdAndMedium,4,3,12,0,0,0,45
2022,00-0032211,SEA,chasingLate,6,2,43,0,0,0,35
2022,00-0036158,BAL,earlyAndLong,7,7,60,69,455,0,535
2022,00-0034753,BAL,redZone,13,8,65,0,0,3,102
2022,00-0034753,BAL,insideTen,4,2,2,0,0,1,61
2022,00-0036875,NE,redZone,5,4,17,13,32,0,57
2022,00-0036972,NE,earlyDown,0,0,0,5,12,0,115
2022,00-0036875,NE,insideTen,1,1,5,13,22,2,43
2022,00-0036158,BAL,earlyDown,1,1,11,18,79,0,129
2022,00-0035249,BAL,earlyAndLong,12,8,111,0,0,0,535
2022,00-0036158,BAL,redZone,0,0,0,7,19,0,102
2022,00-0034975,BAL,earlyDown,0,0,0,11,68,0,129
2022,00-0036158,BAL,insideTen,1,0,0,7,22,2,61
2022,00-0033090,NE,earlyDown,9,8,96,0,0,0,115
2022,00-0036331,BAL,insideTen,3,2,13,1,2,1,61
2022,00-0033858,NE,redZone,2,2,6,1,5,0,57
2022,00-0036875,NE,goalLine,3,1,3,6,-1,2,25
2022,00-0032775,BAL,thirdAndLong,8,6,64,0,0,0,87
2022,00-0034796,BAL,insideTen,0,0,0,6,16,1,61
2022,00-0036875,NE,chasingLate,5,3,41,4,51,1,20
2022,00-0033307,NE,thirdAndLong,9,5,104,0,0,0,93
2022,00-0033307,NE,chasingLate,3,2,32,0,0,0,20
2022,00-0035250,BUF,insideTen,1,1,1,13,34,2,61
2022,00-0035250,BUF,goalLine,2,1,2,5,1,3,24
2022,00-0031687,MIA,thirdAndShort,0,0,0,3,3,0,31
2022,00-0035689,BUF,earlyDown,6,4,63,0,0,0,140
2022,00-0035250,BUF,thirdAndLong,3,3,38,2,8,0,83
2022,00-0034857,BUF,fourthDown,0,0,0,4,11,0,9
2022,00-0033466,BUF,thirdAndMedium,6,6,55,0,0,0,47
2022,00-0033466,BUF,thirdAndLong,6,2,15,0,0,0,83
2022,00-0036196,BUF,redZone,12,5,52,0,0,2,114
2022,00-0035689,BUF,thirdAndLong,7,4,28,0,0,0,83
2022,00-0031687,MIA,insideTen,3,2,17,6,12,1,35
2022,00-0034857,BUF,thirdAndMedium,0,0,0,9,56,0,47
2022,00-0034857,BUF,goalLine,0,0,0,6,8,3,24
2022,00-0033466,BUF,goalLine,2,0,0,1,0,0,24
2022,00-0036212,MIA,earlyAndLong,0,0,0,7,39,0,567
2022,00-0031687,MIA,thirdAndLong,4,2,8,0,0,0,107
2022,00-0031588,BUF,chasingLate,6,4,37,0,0,0,28
2022,00-0036196,BUF,chasingLate,4,3,56,0,0,0,28
2022,00-0033009,CIN,thirdAndLong,13,8,159,0,0,1,96
2022,00-0037740,NYJ,earlyDown,13,9,101,0,0,0,109
2022,00-0038120,NYJ,thirdAndLong,4,1,6,3,41,0,113
2022,00-0038120,NYJ,thirdAndMedium,3,2,25,1,5,0,52
2022,00-0034419,NYJ,thirdAndLong,4,2,29,1,2,0,113
2022,00-0036900,CIN,thirdAndLong,13,11,102,0,0,0,96
2022,00-0032134,NYJ,earlyAndLong,16,14,193,0,0,1,534
2022,00-0036980,NYJ,fourthDown,3,1,20,0,0,0,19
2022,00-0034830,CIN,earlyDown,7,6,38,0,0,0,178
2022,00-0036857,CIN,thirdAndMedium,3,2,30,0,0,0,63
2022,00-0034270,NYJ,earlyDown,6,6,63,0,0,0,109
2022,00-0036442,CIN,thirdAndShort,0,0,0,6,10,0,39
2022,00-0033526,CIN,aheadLate,0,0,0,4,9,0,9
2022,00-0038041,DAL,earlyAndLong,17,15,184,0,0,0,622
2022,00-0038115,NYG,earlyAndLong,19,16,138,0,0,0,609
2022,00-0038115,NYG,earlyDown,5,4,47,0,0,0,161
2022,00-0033591,DAL,redZone,8,6,62,0,0,1,84
2022,00-0033045,DAL,insideTen,2,1,3,15,41,3,57
2022,00-0035261,DAL,insideTen,5,2,10,7,21,2,57
2022,00-0035359,NYG,thirdAndMedium,3,2,11,0,0,0,81
2022,00-0033308,NYG,thirdAndShort,0,0,0,4,18,0,31
2022,00-0035261,DAL,redZone,4,3,28,12,84,3,84
2022,00-0035261,DAL,thirdAndShort,0,0,0,11,84,1,55
2022,00-0034844,NYG,thirdAndLong,9,6,35,2,5,0,98
2022,00-0033045,DAL,thirdAndShort,0,0,0,19,87,0,55
2022,00-0037569,DAL,earlyAndLong,6,5,64,0,0,0,622
2022,00-0033045,DAL,goalLine,0,0,0,14,13,8,34
2022,00-0035345,NYG,earlyAndLong,5,4,50,0,0,0,609
2022,00-0036358,DAL,goalLine,3,2,4,0,0,2,34
2022,00-0033932,NYG,thirdAndLong,3,0,0,0,0,0,98
2022,00-0033591,DAL,thirdAndShort,3,2,27,0,0,0,55
2022,00-0034777,DET,earlyDown,5,4,117,0,0,0,134
2022,00-0033948,DET,fourthDown,0,0,0,5,9,0,25
2022,00-0032464,DET,thirdAndMedium,5,4,27,1,7,0,50
2022,00-0033943,DET,fourthDown,3,2,33,0,0,0,25
2022,00-0035229,DET,insideTen,7,3,13,0,0,2,62
2022,00-0032918,MIN,earlyAndLong,7,5,51,0,0,0,564
2022,00-0033893,MIN,redZone,8,4,33,19,64,1,90
2022,00-0030035,MIN,goalLine,7,3,4,0,0,3,40
2022,00-0035229,DET,fourthDown,5,3,33,0,0,0,25
2022,00-0030035,MIN,fourthDown,4,2,29,0,0,1,19
2022,00-0033106,DET,earlyAndLong,1,1,5,7,41,0,518
2022,00-0035567,DET,thirdAndLong,2,2,6,1,0,0,88
2022,00-0033106,DET,thirdAndLong,0,0,0,4,20,0,88
2022,00-0033246,MIN,earlyDown,6,6,62,0,0,0,140
2022,00-0033948,DET,thirdAndLong,0,0,0,4,22,0,88
2022,00-0036345,MIN,chasingLate,7,5,79,0,0,1,44
2022,00-0036963,DET,chasingLate,4,2,32,0,0,0,31
2022,00-0033943,DET,chasingLate,4,3,52,0,0,0,31
2022,00-0027981,TB,earlyAndLong,3,2,20,0,0,0,608
2022,00-0037816,GB,earlyDown,5,4,63,0,0,0,140
2022,00-0033757,GB,thirdAndLong,8,6,40,0,0,0,74
2022,00-0031273,TB,earlyDown,4,2,10,0,0,0,150
2022,00-0034521,GB,thirdAndShort,5,2,45,0,0,0,44
2022,00-0033757,GB,earlyDown,3,3,21,0,0,0,140
2022,00-0029000,TB,thirdAndLong,3,2,10,0,0,0,93
2022,00-0033757,GB,thirdAndMedium,6,4,65,0,0,0,50
2022,00-0034411,TB,earlyDown,5,2,16,0,0,0,150
2022,00-0033293,GB,thirdAndShort,0,0,0,10,57,0,44
2022,00-0029000,TB,earlyAndLong,6,4,32,0,0,0,608
2022,00-0034521,GB,earlyAndLong,38,24,321,1,1,1,514
2022,00-0034521,GB,thirdAndMedium,9,6,58,0,0,0,50
2022,00-0034411,TB,chasingLate,7,7,67,0,0,0,49
2022,00-0033856,TB,chasingLate,6,6,64,2,12,0,49
2022,00-0035298,TB,chasingLate,4,3,18,0,0,0,49
2022,00-0034411,TB,redZone,11,6,51,0,0,0,80
2022,00-0035298,TB,insideTen,3,1,5,0,0,0,63
2022,00-0033856,TB,goalLine,1,1,1,8,7,4,35
2022,00-0034411,TB,goalLine,5,3,5,0,0,3,35
2022,00-0034411,TB,insideTen,7,3,20,0,0,2,63
2022,00-0034364,HOU,thirdAndMedium,5,3,69,0,0,0,54
2022,00-0032398,HOU,thirdAndLong,8,5,69,0,0,0,100
2022,00-0034364,HOU,insideTen,3,2,7,0,0,1,45
2022,00-0037087,CHI,earlyAndLong,4,0,0,14,35,0,480
2022,00-0036906,CHI,thirdAndLong,3,3,30,1,10,0,86
2022,00-0036554,HOU,earlyDown,3,1,5,0,0,0,122
2022,00-0037258,HOU,goalLine,1,1,3,6,0,4,20
2022,00-0036945,CHI,thirdAndMedium,0,0,0,13,211,1,67
2022,00-0036290,CHI,thirdAndMedium,5,4,55,0,0,0,67
2022,00-0034364,HOU,earlyAndLong,14,12,140,0,0,0,486
2022,00-0032208,HOU,thirdAndLong,6,3,44,0,0,1,100
2022,00-0030288,HOU,redZone,4,3,15,0,0,0,77
2022,00-0030288,HOU,insideTen,5,3,15,2,2,1,45
2022,00-0036309,CHI,thirdAndMedium,8,3,44,0,0,0,67
2022,00-0029293,JAX,fourthDown,4,3,50,0,0,0,25
2022,00-0034775,JAX,earlyDown,13,8,76,2,9,0,137
2022,00-0029293,JAX,insideTen,5,4,32,0,0,3,62
2022,00-0033891,JAX,insideTen,5,3,11,1,0,1,62
2022,00-0033881,JAX,redZone,6,3,27,0,0,1,96
2022,00-0035806,JAX,earlyAndLong,16,11,72,29,106,1,584
2022,00-0034775,JAX,thirdAndShort,6,1,8,0,0,0,40
2022,00-0031763,LAC,thirdAndLong,6,5,48,0,0,0,98
2022,00-0033881,JAX,insideTen,4,1,9,1,0,1,62
2022,00-0036988,LAC,thirdAndLong,16,9,153,0,0,0,98
2022,00-0033536,LAC,fourthDown,4,1,12,0,0,0,19
2022,00-0036973,JAX,thirdAndMedium,4,3,19,5,26,0,68
2022,00-0036973,JAX,insideTen,1,1,2,15,42,3,62
2022,00-0029293,JAX,redZone,6,3,40,0,0,1,96
2022,00-0036355,LAC,thirdAndMedium,0,0,0,3,26,0,62
2022,00-0036988,LAC,chasingLate,3,1,6,0,0,0,23
2022,00-0036370,LAC,insideTen,0,0,0,6,12,1,69
2022,00-0031763,LAC,redZone,6,2,17,0,0,0,110
2022,00-0034272,KC,thirdAndLong,17,9,257,0,0,0,79
2022,00-0036252,IND,thirdAndMedium,18,12,94,0,0,0,71
2022,00-0030506,KC,thirdAndLong,9,6,101,0,0,0,79
2022,00-0037664,IND,earlyAndLong,35,17,312,0,0,0,551
2022,00-0033857,KC,earlyDown,17,16,137,0,0,0,176
2022,00-0036360,KC,redZone,1,1,9,6,23,1,116
2022,00-0033873,KC,redZone,0,0,0,9,88,1,116
2022,00-0037755,IND,earlyAndLong,19,10,165,0,0,0,551
2022,00-0034272,KC,earlyDown,14,10,125,0,0,0,176
2022,00-0036876,IND,thirdAndMedium,3,2,11,0,0,0,71
2022,00-0035639,IND,thirdAndMedium,7,5,57,0,0,0,71
2022,00-0026143,IND,fourthDown,0,0,0,3,4,0,18
2022,00-0034367,IND,chasingLate,2,2,4,1,7,0,59
2022,00-0037664,IND,chasingLate,10,6,60,0,0,0,59
2022,00-0037755,IND,redZone,3,2,18,0,0,1,82
2022,00-0034272,KC,chasingLate,3,2,42,0,0,0,9
2022,00-0031428,LA,insideTen,8,3,17,0,0,2,49
2022,00-0030061,ARI,thirdAndLong,5,3,30,0,0,0,95
2022,00-0035500,ARI,earlyDown,5,5,28,1,6,0,132
2022,00-0035876,ARI,earlyDown,3,3,20,0,0,0,132
2022,00-0036862,LA,thirdAndShort,4,3,64,0,0,0,32
2022,00-0036414,LA,goalLine,1,1,1,6,5,4,20
2022,00-0035500,ARI,chasingLate,3,3,30,0,0,0,50
2022,00-0035500,ARI,redZone,4,1,0,1,9,0,79
2022,00-0032392,TEN,thirdAndLong,10,7,74,0,0,0,89
2022,00-0035700,LV,redZone,3,2,7,20,102,2,68
2022,00-0031381,LV,earlyDown,12,7,120,0,0,1,139
2022,00-0033555,LV,fourthDown,4,4,71,0,0,0,20
2022,00-0033555,LV,redZone,5,3,22,0,0,0,68
2022,00-0030431,TEN,thirdAndLong,11,6,62,0,0,0,89
2022,00-0034253,TEN,thirdAndLong,5,5,36,6,35,0,89
2022,00-0033681,LV,earlyAndLong,5,3,28,0,0,0,529
2022,00-0032764,TEN,aheadLate,0,0,0,4,35,0,6
2022,00-0035700,LV,chasingLate,5,5,70,3,18,0,47
2022,00-0033681,LV,thirdAndLong,3,1,20,0,0,0,85
2022,00-0033555,LV,chasingLate,7,5,59,0,0,0,47
2022,00-0031280,LV,redZone,0,0,0,4,13,0,68
2022,00-0036555,CAR,earlyDown,1,0,0,13,83,0,114
2022,00-0034827,CAR,thirdAndLong,15,10,160,0,0,0,84
2022,00-0032394,NO,earlyAndLong,7,4,34,0,0,0,501
2022,00-0036040,NO,thirdAndLong,7,4,34,0,0,0,69
2022,00-0033280,CAR,thirdAndShort,0,0,0,10,29,0,30
2022,00-0037005,CAR,thirdAndLong,5,2,36,0,0,1,84
2022,00-0033906,NO,redZone,10,6,36,17,44,1,81
2022,00-0031382,NO,redZone,4,1,8,0,0,0,81
2022,00-0037239,NO,thirdAndShort,3,2,25,0,0,0,39
2022,00-0034765,NO,earlyAndLong,12,8,103,0,0,0,501
2022,00-0033280,CAR,thirdAndMedium,13,11,84,11,86,2,57
2022,00-0034765,NO,earlyDown,4,3,41,0,0,0,140
2022,00-0032688,CAR,thirdAndMedium,4,0,0,0,0,0,57
2022,00-0036422,NO,earlyAndLong,11,10,127,0,0,1,501
2022,00-0027966,NO,insideTen,3,2,6,2,7,1,37
2022,00-0036268,CAR,earlyAndLong,14,12,166,8,64,2,482
2022,00-0036555,CAR,redZone,1,1,6,11,46,1,74
2022,00-0036268,CAR,thirdAndLong,6,4,30,0,0,0,84
2022,00-0034765,NO,chasingLate,3,2,68,0,0,0,32
2022,00-0033280,CAR,aheadLate,0,0,0,5,17,0,15
2022,00-0036271,PHI,thirdAndMedium,9,3,48,1,-3,0,74
2022,00-0035243,PHI,redZone,0,0,0,26,103,3,110
2022,00-0036912,PHI,redZone,12,6,60,0,0,2,110
2022,00-0032975,WAS,thirdAndShort,0,0,0,3,16,0,42
2022,00-0033251,PHI,earlyAndLong,8,6,78,0,0,1,649
2022,00-0036741,PHI,earlyAndLong,14,12,128,0,0,0,649
2022,00-0036919,PHI,redZone,2,2,7,11,43,0,110
2022,00-0037086,PHI,earlyAndLong,5,4,83,0,0,0,649
2022,00-0036919,PHI,thirdAndMedium,1,1,17,8,43,0,74
2022,00-0031260,WAS,thirdAndMedium,3,2,20,0,0,0,66
2022,00-0033282,WAS,insideTen,7,3,9,1,10,1,55
2022,00-0032602,WAS,thirdAndMedium,3,1,5,1,2,0,66
2022,00-0035659,WAS,earlyDown,7,6,78,0,0,0,147
2022,00-0032602,WAS,chasingLate,6,5,31,0,0,0,56
2022,00-0035243,PHI,aheadLate,0,0,0,7,9,0,18
2022,00-0035243,PHI,thirdAndMedium,0,0,0,6,19,0,74
2022,00-0031544,CLE,redZone,11,4,49,0,0,3,92
2022,00-0035216,PIT,earlyDown,13,9,59,0,0,0,138
2022,00-0031544,CLE,earlyDown,11,5,35,0,0,0,123
2022,00-0033885,CLE,thirdAndMedium,4,4,46,0,0,0,53
2022,00-0033869,PIT,goalLine,0,0,0,3,2,2,32
2022,00-0031544,CLE,fourthDown,4,1,21,0,0,0,31
2022,00-0033923,CLE,fourthDown,0,0,0,3,7,0,31
2022,00-0034791,CLE,goalLine,1,1,2,10,10,6,24
2022,00-0035216,PIT,chasingLate,5,4,72,0,0,0,36
2022,00-0036894,PIT,chasingLate,11,10,129,0,0,0,36
2022,00-0037247,PIT,chasingLate,4,2,32,0,0,0,36
2022,00-0033288,SF,thirdAndLong,14,8,112,0,0,0,99
2022,00-0036407,DEN,thirdAndLong,12,10,157,0,0,0,113
2022,00-0033288,SF,redZone,8,5,54,0,0,1,96
2022,00-0036407,DEN,thirdAndMedium,7,3,51,0,0,0,60
2022,00-0036261,SF,thirdAndMedium,3,0,0,0,0,0,61
2022,00-0029263,DEN,thirdAndLong,0,0,0,6,48,0,113
2022,00-0033288,SF,earlyAndLong,52,39,496,1,4,2,611
2022,00-0036259,SF,thirdAndLong,13,9,91,0,0,0,99
2022,00-0037525,SF,earlyAndLong,0,0,0,23,112,0,611
2022,00-0031345,SF,earlyAndLong,0,0,0,3,9,0,611
2022,00-0034208,DEN,thirdAndLong,6,4,30,0,0,0,113
2022,00-0029892,SF,earlyAndLong,11,11,113,0,0,0,611
2022,00-0035864,DEN,thirdAndLong,4,4,83,0,0,0,113
2022,00-0035719,SF,chasingLate,3,1,21,0,0,0,19
2022,00-0034407,SF,chasingLate,3,3,46,0,0,0,19
2022,00-0034115,SF,chasingLate,3,2,19,0,0,0,19
2022,00-0037744,ARI,earlyAndLong,23,18,152,0,0,0,571
2022,00-0036936,ARI,thirdAndMedium,4,2,40,0,0,0,69
2022,00-0035228,ARI,redZone,0,0,0,7,18,0,79
2022,00-0036936,ARI,earlyAndLong,31,24,190,3,-5,0,571
2022,00-0036936,ARI,redZone,5,2,4,0,0,0,79
2022,00-0037005,CAR,earlyAndLong,9,7,55,0,0,0,482
2022,00-0037005,CAR,earlyDown,6,3,42,0,0,0,114
2022,00-0035228,ARI,thirdAndShort,0,0,0,3,2,0,35
2022,00-0037744,ARI,earlyDown,10,7,86,0,0,0,132
2022,00-0036936,ARI,thirdAndLong,8,7,68,0,0,0,95
2022,00-0035228,ARI,insideTen,0,0,0,3,11,2,46
2022,00-0034827,CAR,fourthDown,6,3,31,0,0,0,16
2022,00-0033553,ARI,aheadLate,0,0,0,3,13,0,5
2022,00-0036158,BAL,goalLine,2,2,3,1,-3,2,26
2022,00-0033466,BUF,redZone,7,3,31,1,-5,1,114
2022,00-0034975,BAL,redZone,1,1,9,3,12,0,102
2022,00-0034975,BAL,thirdAndShort,2,2,3,2,3,0,45
2022,00-0036331,BAL,thirdAndLong,5,4,22,0,0,0,87
2022,00-0035250,BUF,thirdAndShort,1,1,10,8,14,0,46
2022,00-0035689,BUF,redZone,7,3,37,0,0,2,114
2022,00-0036196,BUF,earlyDown,12,8,104,0,0,0,140
2022,00-0037261,BUF,earlyAndLong,14,10,165,0,0,0,588
2022,00-0034857,BUF,redZone,0,0,0,12,69,1,114
2022,00-0034860,CHI,redZone,3,1,2,0,0,0,72
2022,00-0035710,NYG,insideTen,0,0,0,7,35,2,49
2022,00-0036309,CHI,earlyDown,5,3,13,0,0,0,114
2022,00-0034860,CHI,earlyAndLong,13,8,125,1,29,1,480
2022,00-0036290,CHI,thirdAndLong,9,8,114,0,0,0,86
2022,00-0036290,CHI,redZone,5,5,40,0,0,3,72
2022,00-0034860,CHI,thirdAndMedium,4,0,0,0,0,0,67
2022,00-0035535,NYG,earlyAndLong,55,32,506,0,0,1,609
2022,00-0036569,NYG,thirdAndMedium,1,0,0,3,12,0,81
2022,00-0034844,NYG,aheadLate,0,0,0,6,26,0,7
2022,00-0037087,CHI,chasingLate,1,1,6,2,-5,0,49
2022,00-0031868,ATL,earlyAndLong,13,5,120,0,0,1,478
2022,00-0037263,ATL,thirdAndLong,3,3,20,4,35,0,80
2022,00-0032268,ATL,insideTen,0,0,0,3,13,1,53
2022,00-0035572,ATL,earlyAndLong,4,4,46,0,0,0,478
2022,00-0036232,CLE,thirdAndMedium,5,4,31,0,0,0,53
2022,00-0037257,CLE,earlyAndLong,16,12,104,0,0,0,536
2022,00-0036829,ATL,earlyDown,1,1,2,8,41,0,145
2022,00-0036829,ATL,redZone,0,0,0,12,62,0,89
2022,00-0036829,ATL,insideTen,0,0,0,8,29,1,53
2022,00-0037263,ATL,thirdAndMedium,1,1,9,4,12,0,45
2022,00-0033885,CLE,chasingLate,3,1,8,0,0,0,51
2022,00-0037257,CLE,chasingLate,4,3,45,0,0,0,51
2022,00-0031610,LV,redZone,4,2,19,0,0,0,68
2022,00-0031280,LV,earlyDown,0,0,0,3,16,0,139
2022,00-0038040,LV,earlyDown,0,0,0,5,10,0,139
2022,00-0036407,DEN,redZone,5,3,38,0,0,2,38
2022,00-0034208,DEN,earlyAndLong,4,4,64,17,73,0,574
2022,00-0029263,DEN,chasingLate,0,0,0,3,26,0,38
2022,00-0033251,PHI,earlyDown,4,2,7,0,0,0,165
2022,00-0033572,JAX,thirdAndMedium,4,2,40,0,0,0,68
2022,00-0034011,JAX,earlyAndLong,11,8,127,0,0,0,584
2022,00-0033572,JAX,insideTen,4,4,17,0,0,2,62
2022,00-0036497,JAX,earlyAndLong,3,2,27,0,0,0,584
2022,00-0036971,JAX,thirdAndShort,0,0,0,7,15,0,40
2022,00-0033572,JAX,thirdAndLong,6,3,19,0,0,0,89
2022,00-0036971,JAX,earlyDown,0,0,0,7,33,0,137
2022,00-0034351,PHI,insideTen,4,3,10,0,0,2,75
2022,00-0031484,JAX,earlyAndLong,4,3,28,0,0,0,584
2022,00-0036919,PHI,aheadLate,0,0,0,3,7,0,18
2022,00-0033856,TB,thirdAndMedium,3,2,9,2,0,0,69
2022,00-0033857,KC,thirdAndShort,4,3,36,0,0,0,41
2022,00-0036360,KC,thirdAndShort,1,1,14,2,22,0,41
2022,00-0034272,KC,insideTen,5,2,10,0,0,2,88
2022,00-0031408,TB,redZone,7,5,34,0,0,1,80
2022,00-0031376,KC,thirdAndShort,3,2,75,4,16,1,41
2022,00-0033921,TB,earlyDown,20,17,203,0,0,0,150
2022,00-0031408,TB,thirdAndShort,5,2,21,0,0,0,57
2022,00-0031408,TB,goalLine,5,1,1,0,0,1,35
2022,00-0033921,TB,thirdAndLong,17,9,92,0,0,0,93
2022,00-0035547,KC,insideTen,3,1,10,0,0,1,88
2022,00-0037256,TB,goalLine,1,1,3,3,2,2,35
2022,00-0033857,KC,thirdAndMedium,8,5,91,0,0,1,53
2022,00-0036360,KC,aheadLate,0,0,0,4,12,0,18
2022,00-0038129,TB,chasingLate,8,5,63,0,0,0,49
2022,00-0031408,TB,chasingLate,6,3,30,0,0,0,49
2022,00-0037256,TB,chasingLate,2,2,3,3,13,0,49
2022,00-0033895,LAC,thirdAndMedium,4,3,37,0,0,0,62
2022,00-0036959,LAC,earlyAndLong,13,6,52,0,0,0,600
2022,00-0034845,LAC,thirdAndShort,0,0,0,5,16,0,56
2022,00-0034364,HOU,earlyDown,5,4,80,0,0,1,122
2022,00-0036370,LAC,thirdAndLong,6,3,18,0,0,0,98
2022,00-0031236,HOU,redZone,6,6,48,0,0,2,77
2022,00-0033536,LAC,thirdAndShort,3,3,44,0,0,0,56
2022,00-0032398,HOU,chasingLate,5,3,68,0,0,0,49
2022,00-0032208,HOU,chasingLate,5,1,18,0,0,0,49
2022,00-0037258,HOU,chasingLate,2,2,14,2,8,0,49
2022,00-0034646,LA,redZone,4,3,29,3,20,0,62
2022,00-0036862,LA,redZone,2,0,0,1,17,1,62
2022,00-0031345,SF,thirdAndShort,0,0,0,7,17,0,38
2022,00-0034407,SF,thirdAndMedium,2,0,0,1,3,0,61
2022,00-0036414,LA,fourthDown,0,0,0,4,23,0,16
2022,00-0029892,SF,redZone,0,0,0,3,21,0,96
2022,00-0033288,SF,goalLine,4,2,3,0,0,2,42
2022,00-0035664,LA,chasingLate,2,1,4,1,5,0,49
2022,00-0033908,LA,chasingLate,3,3,32,0,0,0,49
2022,00-0033040,MIA,redZone,5,4,37,2,-4,1,75
2022,00-0034681,MIA,redZone,2,2,21,4,6,0,75
2022,00-0033897,CIN,thirdAndShort,0,0,0,8,25,0,39
2022,00-0036194,CIN,earlyAndLong,4,2,5,0,0,0,609
2022,00-0033009,CIN,earlyDown,13,8,129,0,0,0,178
2022,00-0034487,MIA,thirdAndLong,14,5,60,0,0,0,107
2022,00-0034829,MIA,thirdAndMedium,3,2,10,0,0,0,42
2022,00-0031687,MIA,goalLine,1,1,2,2,1,2,25
2022,00-0033040,MIA,goalLine,5,2,5,1,2,3,25
2022,00-0034829,MIA,chasingLate,4,1,30,0,0,0,35
2022,00-0031687,MIA,chasingLate,4,3,17,0,0,0,35
2022,00-0033040,MIA,fourthDown,4,3,40,0,0,0,21
2022,00-0036345,MIN,earlyDown,10,8,67,0,0,0,140
2022,00-0036422,NO,thirdAndLong,5,3,25,0,0,0,69
2022,00-0036219,NO,earlyDown,7,5,49,0,0,0,140
2022,00-0030513,NO,earlyAndLong,23,17,81,107,523,0,501
2022,00-0030513,NO,earlyDown,2,2,9,28,111,0,140
2022,00-0036219,NO,earlyAndLong,10,4,53,0,0,0,501
2022,00-0027966,NO,thirdAndLong,3,3,17,0,0,0,69
2022,00-0030513,NO,goalLine,0,0,0,6,10,5,17
2022,00-0037291,MIN,fourthDown,3,2,50,0,0,0,19
2022,00-0036422,NO,redZone,3,2,19,0,0,0,81
2022,00-0033357,NO,goalLine,1,1,3,3,2,3,17
2022,00-0036322,MIN,goalLine,3,0,0,1,3,1,40
2022,00-0030513,NO,chasingLate,1,0,0,3,17,0,32
2022,00-0036345,MIN,thirdAndLong,11,5,118,1,-1,0,102
2022,00-0031549,NE,earlyDown,8,4,65,0,0,1,115
2022,00-0036875,NE,thirdAndShort,2,1,-1,6,17,0,33
2022,00-0036875,NE,thirdAndMedium,7,3,28,7,14,0,54
2022,00-0033293,GB,fourthDown,0,0,0,4,19,0,22
2022,00-0033293,GB,thirdAndMedium,3,1,1,0,0,0,50
2022,00-0036332,GB,earlyAndLong,9,7,45,0,0,0,514
2022,00-0033090,NE,thirdAndMedium,6,4,53,0,0,0,54
2022,00-0034521,GB,earlyDown,8,6,66,0,0,0,140
2022,00-0037013,NYJ,earlyAndLong,0,0,0,6,43,0,534
2022,00-0037228,PIT,thirdAndMedium,4,3,17,0,0,0,67
2022,00-0037013,NYJ,goalLine,1,1,2,2,0,1,21
2022,00-0038102,PIT,fourthDown,0,0,0,3,7,0,11
2022,00-0038102,PIT,goalLine,0,0,0,4,4,3,32
2022,00-0038102,PIT,thirdAndMedium,0,0,0,5,32,0,67
2022,00-0037247,PIT,thirdAndMedium,10,8,190,0,0,0,67
2022,00-0036894,PIT,redZone,7,4,43,0,0,0,80
2022,00-0037013,NYJ,thirdAndLong,0,0,0,3,37,0,113
2022,00-0033871,NYJ,insideTen,3,2,10,0,0,1,41
2022,00-0038102,PIT,earlyAndLong,0,0,0,20,104,0,549
2022,00-0038120,NYJ,goalLine,0,0,0,3,-4,1,21
2022,00-0034750,SEA,thirdAndMedium,1,1,6,2,48,1,45
2022,00-0030565,SEA,thirdAndLong,0,0,0,5,68,0,92
2022,00-0032464,DET,earlyDown,7,5,51,0,0,0,134
2022,00-0034440,DET,earlyDown,1,0,0,6,57,0,134
2022,00-0035229,DET,thirdAndMedium,8,5,68,0,0,0,50
2022,00-0035544,DET,thirdAndLong,4,2,57,0,0,0,88
2022,00-0036620,SEA,earlyDown,2,1,11,1,6,0,145
2022,00-0035544,DET,earlyAndLong,6,2,44,0,0,0,518
2022,00-0035229,DET,goalLine,4,1,1,0,0,1,48
2022,00-0034440,DET,earlyAndLong,11,7,59,27,77,0,518
2022,00-0038134,SEA,insideTen,0,0,0,11,17,2,47
2022,00-0032211,SEA,insideTen,5,3,16,0,0,2,47
2022,00-0032464,DET,thirdAndLong,14,10,135,0,0,0,88
2022,00-0032211,SEA,thirdAndShort,3,1,11,0,0,0,34
2022,00-0035567,DET,chasingLate,2,2,18,1,9,0,31
2022,00-0035229,DET,chasingLate,8,4,32,0,0,0,31
2022,00-0034440,DET,goalLine,1,1,2,2,1,1,48
2022,00-0029701,TEN,thirdAndMedium,0,0,0,4,17,0,65
2022,00-0030431,TEN,insideTen,5,3,20,0,0,2,30
2022,00-0032392,TEN,thirdAndMedium,10,6,55,0,0,0,65
2022,00-0030431,TEN,redZone,9,5,41,0,0,0,68
2022,00-0037809,TEN,insideTen,3,2,18,0,0,2,30
2022,00-0030431,TEN,thirdAndShort,4,1,10,0,0,0,37
2022,00-0037664,IND,thirdAndMedium,6,3,43,0,0,0,71
2022,00-0036876,IND,redZone,3,2,3,0,0,0,82
2022,00-0035639,IND,earlyDown,11,10,64,0,0,0,119
2022,00-0034764,DAL,earlyDown,15,8,99,0,0,0,147
2022,00-0033045,DAL,thirdAndMedium,5,3,42,3,41,0,70
2022,00-0032975,WAS,earlyAndLong,3,3,29,18,110,0,549
2022,00-0036628,WAS,thirdAndLong,3,1,5,0,0,0,88
2022,00-0034764,DAL,thirdAndLong,12,3,43,0,0,0,100
2022,00-0034764,DAL,insideTen,4,2,16,0,0,1,57
2022,00-0032975,WAS,redZone,0,0,0,5,12,0,77
2022,00-0036328,WAS,thirdAndMedium,5,3,20,2,4,0,66
2022,00-0036626,WAS,earlyAndLong,6,2,90,1,15,1,549
2022,00-0033045,DAL,redZone,1,1,0,13,58,1,84
2022,00-0034383,DAL,redZone,10,4,37,0,0,2,84
2022,00-0031260,WAS,chasingLate,6,4,21,0,0,0,56
2022,00-0036626,WAS,chasingLate,3,1,6,0,0,0,56
2022,00-0033045,DAL,aheadLate,1,1,1,8,5,0,14
2022,00-0033921,TB,thirdAndShort,9,5,50,0,0,0,57
2022,00-0033921,TB,thirdAndMedium,13,10,75,0,0,0,69
2022,00-0038129,TB,redZone,9,4,26,0,0,0,80
2022,00-0033921,TB,insideTen,9,6,32,2,3,3,63
2022,00-0038129,TB,thirdAndLong,4,3,25,0,0,0,93
2022,00-0038129,TB,insideTen,6,1,5,0,0,0,63
2022,00-0035208,ATL,earlyDown,9,4,46,0,0,0,145
2022,00-0031408,TB,thirdAndLong,10,3,44,0,0,0,93
2022,00-0033893,MIN,goalLine,0,0,0,9,-3,2,40
2022,00-0036322,MIN,thirdAndShort,11,5,62,1,10,0,38
2022,00-0034279,CHI,earlyDown,3,2,29,0,0,0,114
2022,00-0036945,CHI,fourthDown,0,0,0,3,11,0,19
2022,00-0029604,MIN,redZone,0,0,0,3,37,1,90
2022,00-0029604,MIN,goalLine,0,0,0,4,-1,2,40
2022,00-0035685,CHI,chasingLate,5,4,39,1,9,0,49
2022,00-0036133,BAL,earlyAndLong,5,4,37,0,0,0,535
2022,00-0036331,BAL,thirdAndShort,0,0,0,3,20,0,45
2022,00-0033114,CIN,earlyAndLong,5,1,33,0,0,0,609
2022,00-0034830,CIN,redZone,9,7,78,0,0,2,103
2022,00-0034753,BAL,thirdAndMedium,10,6,94,0,0,0,49
2022,00-0035249,BAL,redZone,7,3,23,0,0,1,102
2022,00-0036442,CIN,goalLine,0,0,0,4,4,4,41
2022,00-0034796,BAL,chasingLate,0,0,0,3,32,0,34
2022,00-0033118,BAL,chasingLate,3,2,14,1,4,0,34
2022,00-0036849,LA,thirdAndLong,7,3,23,0,0,0,88
2022,00-0036849,LA,earlyAndLong,14,9,209,5,28,1,477
2022,00-0034764,DAL,earlyAndLong,23,16,165,0,0,0,622
2022,00-0034764,DAL,thirdAndShort,3,1,23,0,0,0,55
2022,00-0033948,DET,thirdAndShort,0,0,0,10,70,0,32
2022,00-0038108,NE,earlyAndLong,0,0,0,3,5,0,524
2022,00-0033307,NE,redZone,3,3,19,2,-8,0,57
2022,00-0036963,DET,thirdAndShort,3,1,10,1,6,0,32
2022,00-0038104,NE,earlyAndLong,25,14,146,1,-2,0,524
2022,00-0032464,DET,insideTen,3,1,3,0,0,0,62
2022,00-0036875,NE,aheadLate,0,0,0,6,27,0,11
2022,00-0033891,JAX,earlyDown,22,14,106,0,0,0,137
2022,00-0036971,JAX,thirdAndMedium,0,0,0,6,54,0,68
2022,00-0034364,HOU,thirdAndLong,10,6,38,0,0,0,100
2022,00-0036971,JAX,chasingLate,0,0,0,3,27,0,49
2022,00-0033881,JAX,chasingLate,6,4,31,0,0,0,49
2022,00-0036973,JAX,chasingLate,3,1,12,1,4,0,49
2022,00-0037258,HOU,thirdAndLong,2,2,18,1,-2,0,100
2022,00-0033891,JAX,chasingLate,9,3,24,0,0,0,49
2022,00-0036493,IND,earlyAndLong,17,14,126,41,151,0,551
2022,00-0036493,IND,thirdAndLong,5,5,32,0,0,0,87
2022,00-0033576,DEN,thirdAndLong,4,4,27,0,0,0,113
2022,00-0034109,IND,earlyAndLong,6,5,14,8,25,0,551
2022,00-0034109,IND,earlyDown,0,0,0,6,23,0,119
2022,00-0036412,DEN,thirdAndLong,4,1,10,0,0,0,113
2022,00-0037664,IND,thirdAndLong,13,7,92,0,0,1,87
2022,00-0031690,DEN,earlyAndLong,8,6,57,0,0,0,574
2022,00-0035184,DEN,earlyAndLong,1,1,3,2,6,0,574
2022,00-0034208,DEN,earlyDown,0,0,0,5,29,0,127
2022,00-0036493,IND,redZone,2,2,15,8,26,0,82
2022,00-0026143,IND,thirdAndMedium,0,0,0,3,42,0,71
2022,00-0036355,LAC,thirdAndShort,0,0,0,8,11,0,56
2022,00-0036355,LAC,earlyDown,1,1,-8,2,5,0,134
2022,00-0036355,LAC,earlyAndLong,0,0,0,12,76,0,600
2022,00-0033895,LAC,insideTen,5,3,17,0,0,2,69
2022,00-0033119,CLE,thirdAndLong,0,0,0,3,49,0,98
2022,00-0031381,LV,fourthDown,3,2,69,0,0,1,20
2022,00-0033857,KC,insideTen,3,1,4,0,0,1,88
2022,00-0035562,LV,earlyAndLong,4,3,19,0,0,0,529
2022,00-0031381,LV,thirdAndShort,7,4,28,1,-1,0,35
2022,00-0036924,NYJ,goalLine,0,0,0,3,4,2,21
2022,00-0036613,MIA,thirdAndShort,5,4,59,0,0,0,31
2022,00-0034054,MIA,earlyAndLong,9,7,89,0,0,0,567
2022,00-0035311,MIA,earlyAndLong,2,2,10,4,6,0,567
2022,00-0037348,MIA,earlyAndLong,3,0,0,0,0,0,567
2022,00-0031687,MIA,fourthDown,0,0,0,3,8,0,21
2022,00-0034418,MIA,chasingLate,3,2,18,0,0,0,35
2022,00-0035311,MIA,redZone,3,1,2,0,0,0,75
2022,00-0032980,NYG,earlyAndLong,7,5,58,0,0,0,609
2022,00-0028002,GB,redZone,5,3,25,0,0,1,89
2022,00-0024243,GB,goalLine,3,2,3,0,0,2,18
2022,00-0035535,NYG,redZone,2,1,10,1,3,0,69
2022,00-0033308,NYG,insideTen,0,0,0,5,16,1,49
2022,00-0035535,NYG,thirdAndMedium,6,5,59,0,0,0,81
2022,00-0038115,NYG,thirdAndMedium,6,5,36,0,0,0,81
2022,00-0036569,NYG,redZone,2,1,12,2,5,0,69
2022,00-0034521,GB,chasingLate,3,1,17,0,0,0,30
2022,00-0037816,GB,chasingLate,4,2,18,0,0,0,30
2022,00-0035676,PHI,redZone,8,5,61,0,0,2,110
2022,00-0036936,ARI,earlyDown,4,4,81,2,4,1,132
2022,00-0027942,ARI,thirdAndLong,4,0,0,0,0,0,95
2022,00-0034351,PHI,thirdAndLong,6,5,59,0,0,0,91
2022,00-0032897,PIT,earlyAndLong,3,3,9,0,0,0,549
2022,00-0035216,PIT,redZone,13,5,40,2,5,0,80
2022,00-0036165,BUF,thirdAndMedium,9,5,42,0,0,0,47
2022,00-0036590,BUF,earlyAndLong,4,2,25,0,0,0,588
2022,00-0036893,PIT,thirdAndMedium,4,4,5,1,1,0,67
2022,00-0037247,PIT,redZone,3,1,14,0,0,1,80
2022,00-0036165,BUF,redZone,4,4,36,0,0,1,114
2022,00-0036326,PIT,fourthDown,3,0,0,0,0,0,11
2022,00-0036165,BUF,earlyAndLong,26,24,258,0,0,0,588
2022,00-0037304,PIT,earlyAndLong,7,5,29,1,21,0,549
2022,00-0037304,PIT,thirdAndMedium,3,2,50,0,0,0,67
2022,00-0036326,PIT,chasingLate,4,2,7,0,0,0,36
2022,00-0036326,PIT,redZone,3,0,0,0,0,0,80
2022,00-0027973,NO,earlyDown,0,0,0,3,20,0,140
2022,00-0036219,NO,thirdAndMedium,3,3,15,0,0,0,76
2022,00-0033906,NO,thirdAndShort,2,2,32,12,68,0,39
2022,00-0033357,NO,insideTen,2,1,5,9,43,3,37
2022,00-0037239,NO,earlyDown,7,3,18,0,0,0,140
2022,00-0027973,NO,thirdAndShort,0,0,0,4,9,0,39
2022,00-0034765,NO,thirdAndMedium,3,2,20,0,0,0,76
2022,00-0036425,SEA,thirdAndLong,4,3,13,4,16,0,92
2022,00-0035640,SEA,goalLine,4,2,6,0,0,2,15
2022,00-0033288,SF,thirdAndMedium,5,5,108,0,0,2,61
2022,00-0032058,SF,earlyAndLong,1,1,5,6,22,0,611
2022,00-0036955,CAR,earlyAndLong,18,12,208,0,0,1,482
2022,00-0036955,CAR,chasingLate,9,7,99,0,0,0,41
2022,00-0036572,CAR,chasingLate,5,4,84,0,0,0,41
2022,00-0037746,WAS,earlyAndLong,6,4,14,125,502,0,549
2022,00-0037078,WAS,earlyAndLong,4,2,23,0,0,0,549
2022,00-0034253,TEN,redZone,5,4,39,0,0,2,68
2022,00-0037746,WAS,earlyDown,5,4,32,34,172,0,147
2022,00-0036626,WAS,thirdAndMedium,3,1,17,0,0,0,66
2022,00-0033282,WAS,fourthDown,4,3,50,0,0,0,18
2022,00-0037809,TEN,redZone,3,1,10,0,0,0,68
2022,00-0037746,WAS,fourthDown,0,0,0,5,12,0,18
2022,00-0035659,WAS,chasingLate,5,5,69,0,0,0,56
2022,00-0029701,TEN,earlyAndLong,0,0,0,7,44,0,495
2022,00-0035228,ARI,thirdAndMedium,0,0,0,4,78,0,69
2022,00-0030565,SEA,redZone,0,0,0,5,27,0,105
2022,00-0036383,ARI,thirdAndMedium,3,3,33,1,1,0,69
2022,00-0037299,ARI,earlyAndLong,3,2,25,16,41,0,571
2022,00-0037299,ARI,redZone,1,1,-1,6,13,0,79
2022,00-0030068,SEA,redZone,5,4,47,0,0,2,105
2022,00-0027942,ARI,fourthDown,3,1,4,0,0,0,34
2022,00-0038134,SEA,aheadLate,0,0,0,9,10,0,16
2022,00-0027942,ARI,chasingLate,6,3,28,0,0,0,50
2022,00-0032980,NYG,thirdAndMedium,3,3,28,0,0,0,81
2022,00-0032980,NYG,thirdAndLong,4,0,0,0,0,0,98
2022,00-0033118,BAL,thirdAndLong,2,1,8,2,5,0,87
2022,00-0035535,NYG,thirdAndLong,9,5,112,0,0,1,98
2022,00-0038117,NYG,thirdAndLong,6,4,56,0,0,0,98
2022,00-0038117,NYG,earlyAndLong,15,11,111,2,-1,0,609
2022,00-0034857,BUF,thirdAndShort,0,0,0,11,77,1,46
2022,00-0038090,KC,thirdAndLong,6,3,48,0,0,0,79
2022,00-0033873,KC,insideTen,0,0,0,4,14,1,88
2022,00-0033873,KC,thirdAndLong,0,0,0,7,65,0,79
2022,00-0034857,BUF,chasingLate,0,0,0,4,57,0,28
2022,00-0031588,BUF,thirdAndShort,5,4,51,0,0,0,46
2022,00-0037557,LA,earlyDown,1,1,4,2,3,0,129
2022,00-0031806,LA,thirdAndLong,1,1,10,4,38,0,88
2022,00-0036862,LA,earlyDown,3,2,14,0,0,0,129
2022,00-0036955,CAR,redZone,3,0,0,0,0,0,74
2022,00-0037545,NO,earlyAndLong,19,16,218,2,51,2,501
2022,00-0033906,NO,thirdAndLong,5,4,28,3,12,0,69
2022,00-0036442,CIN,redZone,0,0,0,6,35,1,103
2022,00-0036219,NO,redZone,3,1,12,0,0,0,81
2022,00-0033906,NO,chasingLate,5,4,36,1,7,0,32
2022,00-0036271,PHI,redZone,3,2,1,1,4,0,110
2022,00-0034414,PHI,redZone,0,0,0,9,22,0,110
2022,00-0034764,DAL,redZone,6,4,33,0,0,2,84
2022,00-0036912,PHI,insideTen,4,3,25,0,0,3,75
2022,00-0036358,DAL,chasingLate,3,3,34,0,0,0,27
2022,00-0034764,DAL,chasingLate,3,0,0,0,0,0,27
2022,00-0034414,PHI,aheadLate,0,0,0,7,14,0,18
2022,00-0036959,LAC,thirdAndLong,3,0,0,0,0,0,98
2022,00-0037252,DEN,thirdAndMedium,7,5,36,0,0,0,60
2022,00-0037252,DEN,earlyAndLong,31,17,194,0,0,1,574
2022,00-0035329,LAC,earlyAndLong,10,10,129,0,0,0,600
2022,00-0036988,LAC,thirdAndMedium,10,7,73,0,0,0,62
2022,00-0029263,DEN,thirdAndShort,0,0,0,5,26,0,36
2022,00-0033572,JAX,redZone,3,2,13,2,27,0,96
2022,00-0036971,JAX,goalLine,0,0,0,7,9,5,39
2022,00-0036493,IND,earlyDown,4,4,-1,11,37,0,119
2022,00-0037664,IND,earlyDown,4,3,30,0,0,0,119
2022,00-0035806,JAX,thirdAndShort,1,1,6,2,61,1,40
2022,00-0036252,IND,goalLine,3,2,3,0,0,1,23
2022,00-0035806,JAX,earlyDown,2,2,6,9,25,0,137
2022,00-0036971,JAX,fourthDown,0,0,0,3,14,0,25
2022,00-0034109,IND,chasingLate,2,1,5,1,1,0,59
2022,00-0037755,IND,chasingLate,4,2,26,0,0,0,59
2022,00-0034487,MIA,chasingLate,4,2,30,0,0,0,35
2022,00-0034829,MIA,goalLine,3,1,3,0,0,1,25
2022,00-0031547,NE,thirdAndLong,3,2,38,0,0,0,93
2022,00-0037286,NE,earlyAndLong,0,0,0,13,35,0,524
2022,00-0038098,NE,earlyAndLong,6,6,39,4,67,0,524
2022,00-0036233,CLE,redZone,6,2,15,0,0,1,92
2022,00-0038104,NE,insideTen,2,1,7,1,-1,1,43
2022,00-0037816,GB,fourthDown,3,0,0,0,0,0,22
2022,00-0036991,GB,earlyAndLong,12,7,84,2,7,1,514
2022,00-0034270,NYJ,insideTen,2,2,17,1,1,2,41
2022,00-0033757,GB,chasingLate,4,4,44,0,0,0,30
2022,00-0034521,GB,fourthDown,3,0,0,1,-1,0,22
2022,00-0034115,SF,thirdAndShort,0,0,0,4,13,0,38
2022,00-0029892,SF,earlyDown,4,4,50,2,4,0,143
2022,00-0033288,SF,earlyDown,6,5,112,0,0,2,143
2022,00-0036261,SF,earlyDown,9,5,58,0,0,0,143
2022,00-0037263,ATL,aheadLate,0,0,0,4,15,0,6
2022,00-0033288,SF,chasingLate,3,3,30,0,0,0,19
2022,00-0038102,PIT,thirdAndLong,0,0,0,4,36,0,91
2022,00-0035216,PIT,insideTen,3,2,8,0,0,0,43
2022,00-0037247,PIT,insideTen,3,1,7,0,0,1,43
2022,00-0037256,TB,thirdAndLong,6,6,47,0,0,0,93
2022,00-0034928,PIT,earlyAndLong,11,9,65,9,36,0,549
2022,00-0038129,TB,thirdAndMedium,3,2,27,0,0,0,69
2022,00-0033856,TB,fourthDown,1,1,5,4,8,0,18
2022,00-0033921,TB,goalLine,4,0,0,0,0,0,35
2022,00-0033869,PIT,earlyDown,0,0,0,3,-1,0,138
2022,00-0036290,CHI,insideTen,5,3,20,0,0,3,41
2022,00-0037745,CHI,thirdAndLong,4,3,23,0,0,0,86
2022,00-0037746,WAS,redZone,1,1,14,10,33,1,77
2022,00-0037746,WAS,insideTen,0,0,0,9,15,0,55
2022,00-0037746,WAS,goalLine,0,0,0,5,4,2,34
2022,00-0036290,CHI,chasingLate,8,6,49,0,0,0,49
2022,00-0036328,WAS,thirdAndLong,3,3,28,4,23,0,88
2022,00-0034860,CHI,chasingLate,4,2,15,0,0,0,49
2022,00-0036945,CHI,chasingLate,0,0,0,5,61,0,49
2022,00-0036309,CHI,insideTen,3,2,6,0,0,0,41
2022,00-0036950,ATL,thirdAndMedium,2,1,8,1,13,0,45
2022,00-0033009,CIN,redZone,7,5,51,0,0,1,103
2022,00-0037263,ATL,goalLine,0,0,0,5,2,1,28
2022,00-0033526,CIN,thirdAndShort,0,0,0,4,8,0,39
2022,00-0034279,CHI,thirdAndMedium,6,3,36,0,0,0,67
2022,00-0035624,CHI,earlyAndLong,4,4,86,0,0,0,480
2022,00-0036972,NE,thirdAndMedium,0,0,0,4,29,0,54
2022,00-0031547,NE,thirdAndShort,4,2,19,0,0,0,33
2022,00-0035685,CHI,goalLine,0,0,0,3,3,2,24
2022,00-0038104,NE,thirdAndShort,3,2,22,0,0,0,33
2022,00-0038104,NE,fourthDown,3,1,12,0,0,0,11
2022,00-0037087,CHI,insideTen,0,0,0,3,6,0,41
2022,00-0034184,BAL,earlyAndLong,3,1,13,48,273,0,535
2022,00-0034184,BAL,earlyDown,0,0,0,22,103,0,129
2022,00-0034184,BAL,thirdAndMedium,0,0,0,3,24,0,49
2022,00-0034184,BAL,redZone,0,0,0,7,13,0,102
2022,00-0034184,BAL,insideTen,0,0,0,6,17,1,61
2022,00-0033118,BAL,insideTen,1,1,5,5,13,2,61
2022,00-0034184,BAL,goalLine,0,0,0,4,3,2,26
2022,00-0034184,BAL,thirdAndShort,0,0,0,7,28,0,45
2022,00-0034753,BAL,thirdAndShort,2,2,30,2,4,0,45
2022,00-0034791,CLE,chasingLate,3,2,19,7,41,0,51
2022,00-0036754,DET,earlyAndLong,13,10,95,0,0,0,518
2022,00-0037801,DAL,earlyAndLong,1,1,9,2,14,0,622
2022,00-0034383,DAL,earlyDown,7,6,44,0,0,0,147
2022,00-0033077,DAL,redZone,0,0,0,6,33,0,84
2022,00-0034383,DAL,insideTen,9,8,46,0,0,5,57
2022,00-0031800,WAS,earlyAndLong,0,0,0,10,41,0,549
2022,00-0037746,WAS,thirdAndShort,0,0,0,13,49,0,42
2022,00-0035659,WAS,thirdAndShort,4,4,39,0,0,0,42
2022,00-0036991,GB,thirdAndLong,4,3,24,0,0,0,74
2022,00-0037098,GB,earlyAndLong,5,3,48,0,0,1,514
2022,00-0033293,GB,chasingLate,3,2,26,0,0,1,30
2022,00-0032398,HOU,redZone,9,4,29,0,0,2,77
2022,00-0034981,LV,thirdAndMedium,6,3,35,0,0,0,55
2022,00-0036527,LV,earlyAndLong,0,0,0,3,20,0,529
2022,00-0038040,LV,earlyAndLong,0,0,0,9,43,0,529
2022,00-0035700,LV,thirdAndMedium,0,0,0,4,7,0,55
2022,00-0035700,LV,fourthDown,1,1,4,4,6,0,20
2022,00-0036556,HOU,earlyDown,6,4,54,0,0,0,122
2022,00-0034364,HOU,fourthDown,3,3,46,0,0,1,19
2022,00-0033854,HOU,chasingLate,9,7,56,0,0,0,49
2022,00-0033854,HOU,thirdAndShort,0,0,0,5,13,0,39
2022,00-0033854,HOU,redZone,1,0,0,4,12,0,77
2022,00-0032141,TEN,redZone,3,1,3,0,0,0,68
2022,00-0036252,IND,fourthDown,5,4,29,0,0,0,18
2022,00-0034367,IND,insideTen,1,1,10,4,5,2,51
2022,00-0037755,IND,earlyDown,7,6,44,0,0,0,119
2022,00-0030506,KC,thirdAndShort,6,4,49,0,0,0,41
2022,00-0033288,SF,insideTen,5,2,11,0,0,2,64
2022,00-0035547,KC,earlyAndLong,6,5,78,0,0,0,631
2022,00-0030564,ARI,earlyAndLong,52,39,418,0,0,0,571
2022,00-0030564,ARI,thirdAndMedium,12,4,71,0,0,1,69
2022,00-0033906,NO,insideTen,1,1,5,5,5,1,37
2022,00-0033906,NO,goalLine,0,0,0,3,4,1,17
2022,00-0030564,ARI,earlyDown,11,8,93,0,0,0,132
2022,00-0030564,ARI,redZone,4,2,12,0,0,0,79
2022,00-0035806,JAX,redZone,0,0,0,4,8,0,96
2022,00-0038117,NYG,earlyDown,3,3,22,0,0,0,161
2022,00-0035535,NYG,earlyDown,9,5,86,0,0,0,161
2022,00-0032980,NYG,goalLine,3,0,0,0,0,0,30
2022,00-0034844,NYG,thirdAndShort,1,0,0,7,46,0,31
2022,00-0030513,DEN,insideTen,0,0,0,6,22,1,36
2022,00-0030513,DEN,thirdAndLong,7,6,35,2,10,0,113
2022,00-0036255,NYJ,earlyAndLong,16,7,66,0,0,0,534
2022,00-0036924,NYJ,thirdAndShort,1,1,-2,3,6,0,36
2022,00-0030513,DEN,thirdAndShort,1,1,1,12,20,0,36
2022,00-0035537,NYJ,earlyDown,1,1,6,4,13,0,109
2022,00-0034348,DEN,chasingLate,6,4,41,0,0,0,38
2022,00-0036212,MIA,redZone,0,0,0,3,8,0,75
2022,00-0034487,MIA,thirdAndMedium,3,2,23,0,0,0,42
2022,00-0036425,SEA,earlyDown,0,0,0,4,52,0,145
2022,00-0030279,LAC,redZone,10,8,57,0,0,1,110
2022,00-0038045,LAC,earlyDown,0,0,0,6,2,0,134
2022,00-0033699,LAC,goalLine,3,3,3,7,8,9,32
2022,00-0036425,SEA,aheadLate,0,0,0,5,11,0,16
2022,00-0036555,CAR,thirdAndLong,4,4,26,8,33,0,84
2022,00-0037311,TB,earlyAndLong,8,5,56,0,0,0,608
2022,00-0036555,CAR,thirdAndShort,1,1,2,6,31,0,30
2022,00-0036955,CAR,thirdAndMedium,5,3,55,0,0,0,57
2022,00-0034411,TB,thirdAndMedium,6,4,23,0,0,0,69
2022,00-0036955,CAR,earlyDown,4,3,62,0,0,0,114
2022,00-0036555,CAR,thirdAndMedium,1,0,0,5,25,0,57
2022,00-0037429,CAR,earlyDown,1,1,27,2,1,0,114
2022,00-0019596,TB,redZone,0,0,0,3,4,0,80
2022,00-0037429,CAR,earlyAndLong,7,6,45,14,51,0,482
2022,00-0033925,CAR,aheadLate,0,0,0,10,54,0,15
2022,00-0033925,CAR,thirdAndLong,1,0,0,2,9,0,84
2022,00-0029604,MIN,thirdAndShort,1,1,-2,3,7,0,38
2022,00-0036383,ARI,thirdAndLong,3,3,39,0,0,0,95
2022,00-0034301,ARI,redZone,0,0,0,3,7,0,79
2022,00-0030564,ARI,chasingLate,6,4,49,0,0,0,50
2022,00-0036133,BAL,thirdAndLong,3,1,10,0,0,0,87
2022,00-0032054,TB,earlyDown,3,2,12,0,0,0,150
2022,00-0034975,BAL,thirdAndLong,2,2,13,2,20,0,87
2022,00-0037838,BAL,redZone,4,3,14,0,0,0,102
2022,00-0032775,BAL,insideTen,4,1,6,0,0,1,61
2022,00-0027944,TB,insideTen,4,1,8,0,0,1,63
2022,00-0034796,BAL,aheadLate,0,0,0,3,10,0,11
2022,00-0036268,CAR,earlyDown,8,8,54,1,1,0,114
2022,00-0035572,ATL,earlyDown,4,3,33,0,0,0,145
2022,00-0033925,CAR,redZone,1,1,-4,19,84,2,74
2022,00-0033925,CAR,insideTen,0,0,0,11,26,1,34
2022,00-0033925,CAR,goalLine,0,0,0,6,4,2,24
2022,00-0033275,CAR,earlyAndLong,0,0,0,3,34,0,482
2022,00-0036543,CAR,earlyAndLong,0,0,0,4,19,0,482
2022,00-0036955,CAR,thirdAndLong,5,3,66,0,0,0,84
2022,00-0031868,ATL,chasingLate,3,3,86,0,0,1,32
2022,00-0036543,CAR,chasingLate,2,1,9,1,7,0,41
2022,00-0037005,CAR,chasingLate,3,1,3,0,0,0,41
2022,00-0034764,DAL,thirdAndMedium,13,8,86,0,0,0,70
2022,00-0037563,DAL,redZone,2,2,15,2,15,0,84
2022,00-0033077,DAL,insideTen,0,0,0,3,16,1,57
2022,00-0037563,DAL,earlyAndLong,2,2,26,23,73,0,622
2022,00-0037745,CHI,earlyAndLong,4,2,47,7,82,1,480
2022,00-0033077,DAL,thirdAndShort,0,0,0,9,50,0,55
2022,00-0035685,CHI,fourthDown,1,1,6,3,15,0,19
2022,00-0037563,DAL,earlyDown,0,0,0,4,17,0,147
2022,00-0037563,DAL,thirdAndLong,2,2,22,1,4,0,100
2022,00-0036410,CIN,thirdAndShort,4,0,0,0,0,0,39
2022,00-0035341,CIN,earlyAndLong,16,10,180,1,11,2,609
2022,00-0036973,JAX,thirdAndShort,2,2,52,6,37,0,40
2022,00-0029263,DEN,fourthDown,0,0,0,6,18,0,21
2022,00-0035806,JAX,thirdAndLong,4,2,13,2,23,0,89
2022,00-0037252,DEN,earlyDown,9,7,129,0,0,0,127
2022,00-0036971,JAX,thirdAndLong,0,0,0,4,44,0,89
2022,00-0037252,DEN,thirdAndLong,6,3,41,0,0,0,113
2022,00-0030513,DEN,thirdAndMedium,1,1,6,5,38,0,60
2022,00-0038124,GB,thirdAndLong,7,4,53,0,0,0,74
2022,00-0037248,BUF,insideTen,2,1,4,5,9,1,61
2022,00-0035250,BUF,aheadLate,0,0,0,5,28,0,11
2022,00-0036991,GB,thirdAndMedium,4,3,44,0,0,0,50
2022,00-0037545,NO,earlyDown,4,4,128,2,6,1,140
2022,00-0033906,NO,thirdAndMedium,3,2,33,1,2,0,76
2022,00-0033681,LV,chasingLate,5,3,69,0,0,1,47
2022,00-0037282,DET,earlyAndLong,5,5,49,0,0,0,518
2022,00-0037355,MIA,earlyAndLong,3,2,17,0,0,0,567
2022,00-0036020,MIA,earlyAndLong,4,3,45,9,29,0,567
2022,00-0037013,NYJ,redZone,0,0,0,3,8,0,76
2022,00-0036980,NYJ,thirdAndShort,2,1,7,1,3,0,36
2022,00-0033858,NE,thirdAndLong,3,2,15,0,0,0,93
2022,00-0035657,NE,thirdAndShort,1,0,0,3,14,0,33
2022,00-0034960,NE,redZone,3,1,9,0,0,0,57
2022,00-0034960,NE,insideTen,3,2,10,0,0,1,43
2022,00-0035537,NYJ,thirdAndLong,6,5,36,5,49,0,113
2022,00-0034613,NYG,earlyDown,3,2,37,0,0,0,161
2022,00-0036145,NYG,earlyDown,3,1,0,0,0,0,161
2022,00-0038134,SEA,goalLine,0,0,0,6,-3,1,15
2022,00-0035594,SEA,earlyDown,2,2,8,2,7,0,145
2022,00-0032980,NYG,chasingLate,4,1,13,0,0,0,35
2022,00-0038102,PIT,thirdAndShort,0,0,0,4,8,0,44
2022,00-0038102,PIT,redZone,0,0,0,4,22,0,80
2022,00-0032897,PIT,goalLine,2,2,2,1,1,2,32
2022,00-0036919,PHI,thirdAndShort,0,0,0,6,27,0,49
2022,00-0034351,PHI,thirdAndMedium,3,3,44,0,0,0,74
2022,00-0038102,PIT,earlyDown,0,0,0,4,26,0,138
2022,00-0034414,PHI,thirdAndMedium,0,0,0,5,23,0,74
2022,00-0037557,LA,earlyAndLong,2,2,13,6,17,0,477
2022,00-0033280,SF,insideTen,2,2,11,14,36,1,64
2022,00-0031428,LA,earlyDown,3,1,15,0,0,0,129
2022,00-0031806,LA,chasingLate,1,1,9,3,10,0,49
2022,00-0037809,TEN,thirdAndLong,5,4,16,1,6,0,89
2022,00-0034364,HOU,redZone,8,4,48,0,0,2,77
2022,00-0032208,HOU,earlyDown,5,5,59,0,0,0,122
2022,00-0036898,HOU,thirdAndLong,0,0,0,5,37,0,100
2022,00-0033854,HOU,earlyAndLong,9,7,5,21,70,0,486
2022,00-0036879,IND,earlyAndLong,0,0,0,5,24,0,551
2022,00-0036252,IND,chasingLate,3,2,36,0,0,0,59
2022,00-0036252,IND,thirdAndShort,6,3,12,0,0,0,35
2022,00-0026189,BAL,earlyAndLong,8,7,116,0,0,0,535
2022,00-0026189,BAL,thirdAndLong,4,2,37,0,0,0,87
2022,00-0035250,BUF,thirdAndMedium,2,1,11,1,6,0,47
2022,00-0036255,NYJ,thirdAndLong,6,2,45,0,0,0,113
2022,00-0035510,NYJ,earlyAndLong,4,4,79,0,0,0,534
2022,00-0033292,CIN,earlyAndLong,6,2,10,2,9,0,609
2022,00-0033526,CIN,thirdAndMedium,4,3,13,2,3,0,63
2022,00-0037429,CAR,insideTen,1,1,0,2,15,2,34
2022,00-0033292,CIN,thirdAndLong,3,3,47,0,0,0,96
2022,00-0023459,GB,thirdAndLong,0,0,0,4,48,0,74
2022,00-0038124,GB,thirdAndMedium,4,2,24,0,0,0,50
2022,00-0036534,DET,goalLine,3,3,5,0,0,3,48
2022,00-0034440,DET,redZone,3,2,17,3,22,1,86
2022,00-0036096,NE,earlyAndLong,1,1,8,6,5,0,524
2022,00-0034960,NE,thirdAndShort,4,3,60,1,2,0,33
2022,00-0034400,IND,earlyAndLong,3,1,4,7,31,0,551
2022,00-0036879,IND,earlyDown,0,0,0,3,25,0,119
2022,00-0035639,IND,redZone,4,0,0,1,1,0,82
2022,00-0034400,IND,redZone,1,1,2,4,13,0,82
2022,00-0038104,NE,earlyDown,5,0,0,0,0,0,115
2022,00-0036493,IND,fourthDown,2,2,32,1,0,0,18
2022,00-0031585,ATL,insideTen,3,3,17,0,0,2,53
2022,00-0030578,ATL,goalLine,0,0,0,5,11,4,28
2022,00-0036950,ATL,redZone,2,2,4,1,-2,0,89
2022,00-0038045,LAC,earlyAndLong,3,3,13,12,39,0,600
2022,00-0036415,LA,earlyAndLong,20,10,161,0,0,0,477
2022,00-0036450,TB,earlyAndLong,0,0,0,11,24,0,608
2022,00-0036415,LA,thirdAndMedium,4,3,73,0,0,0,63
2022,00-0036450,TB,earlyDown,0,0,0,4,11,0,150
2022,00-0027944,TB,thirdAndLong,8,4,66,0,0,1,93
2022,00-0036415,LA,thirdAndLong,6,3,44,0,0,0,88
2022,00-0032104,LV,redZone,6,4,46,0,0,1,68
2022,00-0036309,CHI,redZone,4,3,45,1,2,2,72
2022,00-0035685,CHI,thirdAndShort,0,0,0,7,26,0,31
2022,00-0033040,MIA,insideTen,3,1,2,0,0,0,35
2022,00-0034829,MIA,fourthDown,3,0,0,0,0,0,21
2022,00-0032398,HOU,thirdAndMedium,5,3,22,0,0,0,54
2022,00-0036898,HOU,redZone,0,0,0,3,24,1,77
2022,00-0035594,SEA,thirdAndMedium,3,2,6,0,0,0,45
2022,00-0038128,TEN,earlyDown,0,0,0,3,27,0,120
2022,00-0033873,KC,goalLine,0,0,0,3,8,2,49
2022,00-0034899,LA,earlyAndLong,0,0,0,4,13,0,477
2022,00-0035939,LA,earlyAndLong,0,0,0,6,42,0,477
2022,00-0030564,ARI,thirdAndLong,6,4,42,0,0,0,95
2022,00-0035939,LA,thirdAndLong,0,0,0,3,20,0,88
2022,00-0034646,LA,thirdAndLong,3,1,2,0,0,0,88
2022,00-0037840,LA,chasingLate,4,4,34,4,21,0,49
2022,00-0036415,LA,chasingLate,3,2,28,0,0,1,49
2022,00-0033925,CAR,thirdAndShort,0,0,0,4,6,0,30
2022,00-0031868,ATL,thirdAndLong,3,2,31,0,0,0,80
2022,00-0031585,ATL,earlyAndLong,9,7,102,0,0,0,478
2022,00-0034115,MIA,fourthDown,2,2,22,3,14,0,21
2022,00-0036233,CLE,earlyDown,4,4,42,0,0,0,123
2022,00-0038124,GB,earlyDown,5,2,47,1,46,1,140
2022,00-0033077,DAL,fourthDown,0,0,0,5,15,0,18
2022,00-0038124,GB,thirdAndShort,5,5,86,0,0,1,44
2022,00-0024243,GB,earlyAndLong,3,2,30,0,0,0,514
2022,00-0038124,GB,fourthDown,4,3,70,0,0,1,22
2022,00-0038124,GB,insideTen,6,3,19,0,0,2,49
2022,00-0036182,TEN,earlyDown,3,2,15,0,0,0,120
2022,00-0037742,TEN,insideTen,3,1,6,0,0,0,30
2022,00-0036275,DET,goalLine,1,0,0,4,0,1,48
2022,00-0034297,CHI,earlyDown,3,2,24,0,0,0,114
2022,00-0036534,DET,thirdAndLong,3,2,11,0,0,0,88
2022,00-0036275,DET,chasingLate,5,2,13,1,-5,0,31
2022,00-0036165,NYG,thirdAndLong,7,4,65,0,0,0,98
2022,00-0033854,HOU,thirdAndLong,4,4,31,0,0,0,100
2022,00-0033681,LV,thirdAndMedium,3,1,9,0,0,0,55
2022,00-0034981,LV,insideTen,3,2,9,0,0,2,45
2022,00-0032104,LV,thirdAndMedium,2,1,8,1,4,0,55
2022,00-0034386,KC,earlyDown,4,4,97,0,0,0,176
2022,00-0036913,KC,insideTen,5,5,30,0,0,3,88
2022,00-0038090,KC,earlyDown,7,6,40,2,15,0,176
2022,00-0036913,KC,earlyDown,3,3,37,0,0,0,176
2022,00-0031376,KC,aheadLate,0,0,0,5,11,0,18
2022,00-0037011,LAC,thirdAndLong,4,4,31,0,0,0,98
2022,00-0036567,SF,insideTen,3,2,6,5,21,3,64
2022,00-0036567,SF,earlyDown,1,1,3,12,61,0,143
2022,00-0036567,SF,goalLine,0,0,0,3,-1,0,42
2022,00-0034972,MIN,goalLine,0,0,0,3,-3,2,40
2022,00-0036345,MIN,fourthDown,2,1,7,1,2,0,19
2022,00-0033893,MIN,thirdAndMedium,2,2,15,1,-2,0,50
2022,00-0036196,BUF,insideTen,3,1,8,0,0,1,61
2022,00-0035689,BUF,chasingLate,4,3,33,0,0,0,28
2022,00-0037247,PIT,goalLine,2,0,0,1,1,1,32
2022,00-0034928,PIT,thirdAndLong,4,0,0,0,0,0,91
2022,00-0027973,NO,earlyAndLong,0,0,0,3,10,0,501
2022,00-0036893,PIT,aheadLate,0,0,0,5,14,0,10
2022,00-0034928,PIT,thirdAndShort,1,0,0,2,25,0,44
2022,00-0037228,PIT,aheadLate,0,0,0,5,14,0,10
2022,00-0037256,TB,insideTen,1,1,6,3,2,1,63
2022,00-0036450,TB,thirdAndLong,3,3,19,0,0,0,93
2022,00-0034414,PHI,insideTen,0,0,0,4,24,2,75
2022,00-0037741,WAS,redZone,3,2,33,0,0,1,77
2022,00-0031800,WAS,thirdAndShort,0,0,0,3,24,0,42
2022,00-0036271,PHI,earlyDown,3,2,15,1,0,0,165
2022,00-0035243,PHI,chasingLate,1,0,0,4,10,0,12
2022,00-0035249,BAL,earlyDown,3,2,9,0,0,0,129
2022,00-0036572,CAR,earlyDown,3,2,12,0,0,0,114
2022,00-0035291,CIN,earlyAndLong,1,0,0,3,13,0,609
2022,00-0033526,CIN,insideTen,2,1,6,6,15,3,65
2022,00-0037248,BUF,thirdAndShort,0,0,0,3,45,1,46
2022,00-0030035,MIN,thirdAndMedium,4,1,10,0,0,0,50
2022,00-0036358,DAL,insideTen,3,2,13,0,0,1,57
2022,00-0033077,DAL,thirdAndMedium,0,0,0,5,40,0,70
2022,00-0037563,DAL,thirdAndMedium,1,0,0,2,29,1,70
2022,00-0036842,MIN,chasingLate,1,1,5,3,1,0,44
2022,00-0036275,DET,thirdAndShort,1,1,7,2,3,0,32
2022,00-0036165,NYG,earlyDown,5,4,61,0,0,0,161
2022,00-0034286,NYG,insideTen,3,3,17,0,0,2,49
2022,00-0030279,LAC,thirdAndMedium,13,9,77,0,0,0,62
2022,00-0036355,LAC,thirdAndLong,0,0,0,3,28,0,98
2022,00-0030279,LAC,goalLine,3,2,5,0,0,2,32
2022,00-0030279,LAC,thirdAndLong,11,6,130,0,0,0,98
2022,00-0030279,LAC,chasingLate,3,2,29,0,0,0,23
2022,00-0037840,LA,earlyAndLong,6,4,34,19,67,0,477
2022,00-0036415,LA,earlyDown,6,2,43,0,0,0,129
2022,00-0037840,LA,earlyDown,1,1,8,4,19,0,129
2022,00-0032187,NO,earlyAndLong,3,3,39,6,14,0,501
2022,00-0037840,LA,thirdAndLong,0,0,0,4,19,0,88
2022,00-0033357,NO,aheadLate,0,0,0,6,32,0,6
2022,00-0032104,LV,earlyAndLong,3,3,9,1,7,0,529
2022,00-0037382,DEN,earlyAndLong,4,3,21,0,0,0,574
2022,00-0035864,DEN,earlyDown,3,3,23,0,0,0,127
2022,00-0036271,PHI,thirdAndLong,3,3,16,0,0,0,91
2022,00-0035719,SF,thirdAndShort,5,4,39,1,-2,0,38
2022,00-0027688,ARI,earlyAndLong,0,0,0,5,12,0,571
2022,00-0035146,ARI,earlyAndLong,0,0,0,4,13,0,571
2022,00-0037525,SF,aheadLate,0,0,0,11,52,0,18
2022,00-0037809,TEN,earlyDown,3,1,31,0,0,0,120
2022,00-0036898,HOU,insideTen,0,0,0,3,10,1,45
2022,00-0032975,WAS,earlyDown,1,0,0,6,8,0,147
2022,00-0035806,JAX,insideTen,1,1,9,2,9,1,62
2022,00-0037265,JAX,earlyAndLong,0,0,0,5,22,0,584
2022,00-0032464,DET,redZone,6,4,36,1,8,0,86
2022,00-0037282,DET,earlyDown,4,4,56,0,0,0,134
2022,00-0037157,NYJ,earlyDown,3,3,30,15,53,0,109
2022,00-0036297,CHI,earlyAndLong,0,0,0,9,24,0,480
2022,00-0036297,CHI,earlyDown,1,1,33,2,5,0,114
2022,00-0033871,NYJ,thirdAndMedium,6,2,26,0,0,0,52
2022,00-0037157,NYJ,earlyAndLong,9,8,61,56,215,0,534
2022,00-0035341,CIN,thirdAndLong,3,2,29,0,0,0,96
2022,00-0035291,CIN,thirdAndLong,2,2,30,1,2,0,96
2022,00-0037382,DEN,thirdAndLong,6,2,20,0,0,0,113
2022,00-0034827,CAR,insideTen,3,3,15,0,0,3,34
2022,00-0034869,CAR,earlyAndLong,0,0,0,9,59,0,482
2022,00-0034869,CAR,goalLine,0,0,0,3,7,2,24
2022,00-0033951,DEN,earlyAndLong,5,4,88,9,58,1,574
2022,00-0033951,DEN,earlyDown,1,1,-4,3,8,0,127
2022,00-0037387,DEN,earlyAndLong,3,0,0,0,0,0,574
2022,00-0033951,DEN,thirdAndLong,3,2,7,0,0,0,113
2022,00-0037086,PHI,redZone,3,1,-2,0,0,0,110
2022,00-0033854,HOU,earlyDown,1,1,6,7,16,0,122
2022,00-0033854,HOU,goalLine,0,0,0,3,5,1,20
2022,00-0037327,MIA,earlyAndLong,0,0,0,8,12,0,567
2022,00-0037277,HOU,earlyAndLong,7,4,96,0,0,0,486
2022,00-0036355,LAC,redZone,0,0,0,4,21,0,110
2022,00-0030279,LAC,insideTen,7,2,10,0,0,0,69
2022,00-0033725,ARI,thirdAndLong,4,3,30,0,0,0,95
2022,00-0034646,LA,earlyDown,4,3,14,1,3,0,129
2022,00-0034816,KC,earlyDown,1,1,22,3,7,0,176
2022,00-0034816,KC,earlyAndLong,0,0,0,9,41,0,631
2022,00-0038090,KC,insideTen,2,2,6,1,3,1,88
2022,00-0037545,NO,thirdAndMedium,8,5,118,0,0,0,76
2022,00-0033045,DAL,fourthDown,0,0,0,3,29,0,18
2022,00-0036569,NYG,earlyDown,1,1,6,4,23,0,161
2022,00-0036569,NYG,earlyAndLong,2,1,3,16,83,0,609
2022,00-0033308,NYG,thirdAndMedium,1,1,-2,2,8,0,81
2022,00-0034286,NYG,chasingLate,6,4,33,0,0,0,35
2022,00-0034928,PIT,earlyDown,2,2,5,1,10,0,138
2022,00-0036336,PIT,earlyAndLong,2,2,11,3,22,0,549
2022,00-0035217,PIT,earlyDown,0,0,0,7,30,0,138
2022,00-0035217,PIT,earlyAndLong,1,1,11,9,52,0,549
2022,00-0033854,HOU,insideTen,1,0,0,2,10,0,45
2022,00-0033537,CLE,earlyAndLong,0,0,0,12,81,0,536
2022,00-0034364,HOU,chasingLate,5,2,37,0,0,0,49
2022,00-0035993,BAL,insideTen,0,0,0,3,11,0,61
2022,00-0035993,BAL,thirdAndShort,0,0,0,4,4,0,45
2022,00-0035993,BAL,earlyAndLong,0,0,0,13,98,0,535
2022,00-0035993,BAL,fourthDown,0,0,0,5,10,0,17
2022,00-0035993,BAL,thirdAndLong,0,0,0,3,11,0,87
2022,00-0037838,BAL,chasingLate,3,2,24,0,0,0,34
2022,00-0035993,BAL,redZone,0,0,0,8,19,0,102
2022,00-0035993,BAL,goalLine,0,0,0,4,4,1,26
2022,00-0035973,GB,earlyDown,0,0,0,5,18,0,140
2022,00-0034764,DAL,goalLine,4,2,5,0,0,2,34
2022,00-0036251,IND,chasingLate,0,0,0,5,28,0,59
2022,00-0033881,JAX,thirdAndShort,4,3,45,0,0,0,40
2022,00-0037240,DET,earlyAndLong,6,0,0,1,40,0,518
2022,00-0036534,DET,earlyAndLong,4,3,13,0,0,0,518
2022,00-0037475,LAC,earlyAndLong,3,2,3,0,0,0,600
2022,00-0037525,SF,earlyDown,0,0,0,4,21,0,143
2022,00-0037256,TB,thirdAndMedium,4,3,22,0,0,0,69
2022,00-0037157,NYJ,redZone,2,2,9,6,29,1,76
2022,00-0035860,SEA,earlyDown,0,0,0,3,14,0,145
2022,00-0036849,LA,redZone,1,1,3,3,12,1,62
2022,00-0036425,SEA,chasingLate,3,3,17,1,5,0,35
2022,00-0037742,TEN,thirdAndMedium,3,2,46,0,0,1,65
2022,00-0036912,PHI,fourthDown,4,4,115,0,0,1,24
2022,00-0037594,TEN,earlyAndLong,2,2,37,3,3,0,495
2022,00-0037594,TEN,redZone,0,0,0,3,-5,0,68
2022,00-0034286,NYG,redZone,5,5,52,0,0,1,69
2022,00-0036165,NYG,insideTen,4,3,19,0,0,3,49
2022,00-0037741,WAS,chasingLate,6,4,51,0,0,1,56
2022,00-0035993,BAL,thirdAndMedium,0,0,0,5,25,0,49
2022,00-0036244,SEA,redZone,5,2,19,0,0,1,105
2022,00-0036555,CAR,insideTen,0,0,0,4,10,0,34
2022,00-0036244,SEA,chasingLate,3,3,54,0,0,0,35
2022,00-0033537,CLE,thirdAndLong,0,0,0,4,53,0,98
2022,00-0033537,CLE,thirdAndMedium,0,0,0,3,15,0,53
2022,00-0032436,HOU,earlyAndLong,0,0,0,7,31,0,486
2022,00-0032436,HOU,earlyDown,1,1,4,3,20,0,122
2022,00-0034383,DAL,chasingLate,7,4,61,0,0,0,27
2022,00-0036652,TEN,earlyAndLong,3,0,0,0,0,0,495
2022,00-0037809,TEN,chasingLate,3,3,51,0,0,0,38
2022,00-0029263,DEN,redZone,0,0,0,3,29,1,38
2022,00-0036370,LAC,thirdAndShort,0,0,0,3,24,0,56
2022,00-0030279,LAC,thirdAndShort,4,3,38,0,0,0,56
2022,00-0034440,DET,thirdAndLong,2,2,23,1,4,0,88
2022,00-0037744,ARI,thirdAndLong,3,3,23,0,0,0,95
2022,00-0031051,BUF,earlyAndLong,3,1,42,0,0,1,588
2022,00-0034419,NYJ,chasingLate,4,0,0,0,0,0,58
2022,00-0036569,NYG,insideTen,1,1,6,2,0,0,49
2022,00-0036569,NYG,chasingLate,1,1,12,2,14,0,35
2022,00-0037834,SF,goalLine,0,0,0,3,3,2,42
2022,00-0037834,SF,thirdAndShort,0,0,0,3,5,0,38
2022,00-0031408,TB,fourthDown,4,3,36,0,0,0,18
2022,00-0038122,ATL,redZone,0,0,0,3,8,0,89
2022,00-0036133,BAL,fourthDown,3,0,0,0,0,0,17
2022,00-0037487,TB,earlyAndLong,5,3,20,2,26,0,608
2022,00-0035341,CIN,thirdAndMedium,3,2,23,0,0,0,63
2022,00-0033077,DAL,earlyDown,0,0,0,3,10,0,147
2022,00-0036251,IND,insideTen,0,0,0,5,7,0,51
2022,00-0036251,IND,aheadLate,0,0,0,3,14,0,4
2022,00-0034838,HOU,earlyDown,1,1,2,8,25,0,122
2022,00-0034838,HOU,earlyAndLong,5,3,13,22,65,0,486
2022,00-0034838,HOU,insideTen,0,0,0,3,6,0,45
2022,00-0034838,HOU,redZone,0,0,0,5,12,0,77
2022,00-0037816,GB,thirdAndMedium,3,2,16,0,0,0,50
2022,00-0035973,GB,earlyAndLong,0,0,0,4,11,0,514
2022,00-0036020,MIA,redZone,0,0,0,3,17,1,75
2022,00-0034983,LV,thirdAndLong,5,5,42,0,0,0,85
2022,00-0034960,NE,goalLine,4,2,4,0,0,2,25
2022,00-0034860,CHI,fourthDown,3,1,6,0,0,0,19
2022,00-0033869,PIT,thirdAndShort,0,0,0,3,9,0,44
2022,00-0037228,PIT,insideTen,1,1,3,2,7,0,43
2022,00-0032764,TEN,chasingLate,1,1,4,5,36,0,38
2022,00-0031585,ATL,redZone,3,2,8,0,0,0,89
2022,00-0036424,LA,earlyDown,3,2,41,0,0,0,129
2022,00-0035752,NYJ,earlyAndLong,0,0,0,4,29,0,534
2022,00-0037228,PIT,thirdAndShort,2,2,11,1,-2,0,44
2022,00-0036893,PIT,chasingLate,5,4,32,0,0,0,36
2022,00-0032187,NO,earlyDown,0,0,0,3,4,0,140
2022,00-0029608,DAL,thirdAndLong,6,3,94,0,0,0,100
2022,00-0032951,SEA,fourthDown,3,2,24,0,0,0,18
2022,00-0032951,SEA,earlyAndLong,3,1,2,0,0,0,545
2022,00-0036913,KC,thirdAndMedium,3,1,8,0,0,0,53
2022,00-0030565,SEA,fourthDown,0,0,0,3,10,0,18
2022,00-0037827,SF,redZone,0,0,0,6,9,0,96
2022,00-0032975,WAS,chasingLate,2,0,0,2,7,0,56
2022,00-0035040,ARI,earlyAndLong,0,0,0,3,5,0,571
2022,00-0033111,ARI,earlyAndLong,2,2,6,3,13,0,571
2022,00-0033725,ARI,earlyAndLong,1,0,0,8,31,0,571
2022,00-0032975,WAS,thirdAndMedium,2,2,5,1,3,0,66
2022,00-0037267,CLE,aheadLate,0,0,0,3,0,0,6
2022,00-0033949,TEN,earlyAndLong,0,0,0,3,15,0,495
2022,00-0029608,DAL,earlyAndLong,7,5,46,0,0,0,622
2022,00-0035924,TEN,chasingLate,0,0,0,4,26,0,38
2022,00-0036650,LAC,earlyAndLong,1,1,1,8,23,0,600
2022,00-0037291,MIN,earlyAndLong,5,4,98,0,0,1,564
2022,00-0036810,SEA,earlyAndLong,3,2,21,0,0,0,545
2022,00-0035264,LV,earlyDown,0,0,0,4,20,0,139
2022,00-0035264,LV,earlyAndLong,0,0,0,6,43,0,529
2022,00-0037834,SF,earlyAndLong,0,0,0,4,20,0,611
2022,00-0036755,WAS,earlyAndLong,0,0,0,10,56,0,549
2022,00-0036755,WAS,redZone,0,0,0,4,16,0,77
2022,00-0036755,WAS,insideTen,0,0,0,3,6,0,55
2022,00-0036842,MIN,earlyAndLong,0,0,0,3,11,0,564
2022,00-0033550,NYG,earlyAndLong,0,0,0,3,23,0,609
2022,00-0030456,TB,earlyAndLong,1,1,-7,4,18,0,608
2022,00-0035250,BUF,chasingLate,3,3,28,0,0,0,28
2023,00-0037746,WAS,earlyAndLong,24,19,257,109,471,1,530
2023,00-0037741,WAS,earlyDown,11,7,77,0,0,0,127
2023,00-0038611,WAS,thirdAndShort,0,0,0,5,24,0,37
2023,00-0031260,WAS,earlyAndLong,43,30,280,0,0,0,530
2023,00-0037741,WAS,earlyAndLong,39,26,282,0,0,2,530
2023,00-0033282,WAS,earlyAndLong,48,37,351,1,15,0,530
2023,00-0033282,WAS,thirdAndLong,12,5,91,0,0,0,98
2023,00-0033553,ARI,earlyAndLong,18,13,105,127,723,1,512
2023,00-0030061,ARI,thirdAndMedium,3,3,22,0,0,0,60
2023,00-0033251,ARI,earlyAndLong,8,2,14,0,0,0,512
2023,00-0030061,ARI,earlyAndLong,15,13,93,0,0,0,512
2023,00-0033553,ARI,thirdAndLong,0,0,0,3,18,0,109
2023,00-0036328,WAS,earlyDown,11,9,116,13,46,0,127
2023,00-0033282,WAS,redZone,9,5,47,3,17,1,69
2023,00-0037746,WAS,insideTen,1,1,7,8,24,3,35
2023,00-0036936,ARI,earlyAndLong,18,10,82,21,112,0,512
2023,00-0030061,ARI,redZone,6,1,8,0,0,0,68
2023,00-0033949,ARI,redZone,0,0,0,7,35,1,68
2023,00-0037299,ARI,earlyDown,0,0,0,5,0,0,105
2023,00-0035662,ARI,thirdAndLong,18,8,105,0,0,1,109
2023,00-0037746,WAS,earlyDown,5,4,44,28,152,1,127
2023,00-0037077,WAS,earlyAndLong,0,0,0,17,49,0,530
2023,00-0035659,WAS,thirdAndShort,8,4,83,0,0,0,37
2023,00-0037078,WAS,earlyAndLong,6,5,58,0,0,0,530
2023,00-0036328,WAS,redZone,4,3,25,8,24,1,69
2023,00-0035659,WAS,earlyAndLong,65,44,544,0,0,2,530
2023,00-0037744,ARI,earlyDown,12,11,78,0,0,0,105
2023,00-0037744,ARI,earlyAndLong,55,41,460,0,0,0,512
2023,00-0037299,ARI,earlyAndLong,3,3,19,24,59,0,512
2023,00-0036936,ARI,thirdAndLong,13,10,77,1,8,0,109
2023,00-0035662,ARI,earlyAndLong,46,24,279,1,-6,0,512
2023,00-0038559,ARI,earlyDown,6,3,30,0,0,0,105
2023,00-0030061,ARI,earlyDown,4,2,14,0,0,0,105
2023,00-0035662,ARI,thirdAndMedium,13,7,102,0,0,0,60
2023,00-0036936,ARI,redZone,4,4,20,1,-1,0,68
2023,00-0033553,ARI,redZone,4,3,24,17,57,1,68
2023,00-0035662,ARI,redZone,6,2,13,0,0,0,68
2023,00-0030061,ARI,thirdAndLong,7,4,23,0,0,0,109
2023,00-0031260,WAS,thirdAndLong,7,6,55,0,0,0,98
2023,00-0033949,ARI,earlyAndLong,0,0,0,30,195,2,512
2023,00-0037746,WAS,redZone,3,3,-5,14,71,2,69
2023,00-0037077,WAS,insideTen,1,1,4,3,17,2,35
2023,00-0036328,WAS,thirdAndLong,11,9,59,1,2,0,98
2023,00-0038559,ARI,earlyAndLong,19,13,218,0,0,0,512
2023,00-0033553,ARI,thirdAndShort,1,1,6,4,12,0,26
2023,00-0038559,ARI,chasingLate,8,7,100,0,0,0,83
2023,00-0033553,ARI,chasingLate,5,5,5,6,28,0,83
2023,00-0038559,ARI,fourthDown,3,2,30,0,0,0,29
2023,00-0031588,BUF,earlyAndLong,97,66,666,0,0,1,610
2023,00-0037248,BUF,earlyAndLong,45,40,372,162,728,1,610
2023,00-0037248,BUF,earlyDown,6,4,41,63,356,1,177
2023,00-0031588,BUF,thirdAndMedium,11,6,65,0,0,0,57
2023,00-0038120,NYJ,earlyAndLong,49,41,359,149,694,2,521
2023,00-0037740,NYJ,earlyAndLong,89,54,653,3,-3,1,521
2023,00-0036924,NYJ,thirdAndLong,9,7,36,2,7,0,112
2023,00-0035215,BUF,earlyAndLong,11,7,66,3,3,0,610
2023,00-0034857,BUF,thirdAndLong,0,0,0,11,144,1,89
2023,00-0035689,BUF,earlyAndLong,18,13,130,0,0,0,610
2023,00-0031588,BUF,earlyDown,23,15,214,1,7,1,177
2023,00-0033893,NYJ,earlyAndLong,13,9,39,44,173,0,521
2023,00-0034521,NYJ,thirdAndLong,5,3,42,0,0,0,112
2023,00-0033893,NYJ,earlyDown,3,3,15,18,44,0,113
2023,00-0035215,BUF,thirdAndLong,4,2,20,0,0,0,89
2023,00-0033893,NYJ,redZone,0,0,0,7,1,0,56
2023,00-0038933,BUF,earlyAndLong,62,53,527,0,0,2,610
2023,00-0034857,BUF,thirdAndShort,0,0,0,19,56,0,53
2023,00-0036196,BUF,earlyAndLong,40,27,440,1,-2,2,610
2023,00-0031588,BUF,redZone,11,9,86,0,0,5,103
2023,00-0031588,BUF,insideTen,5,2,7,1,5,1,69
2023,00-0034270,NYJ,earlyAndLong,32,21,195,0,0,0,521
2023,00-0028002,NYJ,earlyAndLong,8,1,3,0,0,0,521
2023,00-0038933,BUF,earlyDown,11,9,79,0,0,0,177
2023,00-0037740,NYJ,thirdAndLong,21,10,115,0,0,0,112
2023,00-0038120,NYJ,earlyDown,11,9,73,30,170,2,113
2023,00-0034521,NYJ,earlyAndLong,23,12,156,0,0,0,521
2023,00-0037248,BUF,thirdAndMedium,2,2,32,1,4,0,57
2023,00-0035657,BUF,earlyAndLong,1,1,3,7,29,0,610
2023,00-0030513,BUF,thirdAndLong,7,6,61,1,7,0,89
2023,00-0030513,BUF,earlyAndLong,11,8,54,28,127,0,610
2023,00-0030513,BUF,earlyDown,3,3,20,14,89,0,177
2023,00-0034521,NYJ,thirdAndMedium,6,2,35,0,0,0,71
2023,00-0037740,NYJ,thirdAndMedium,12,6,46,0,0,0,71
2023,00-0034857,BUF,earlyAndLong,0,0,0,30,233,0,610
2023,00-0036924,NYJ,redZone,3,1,6,4,21,0,56
2023,00-0036196,BUF,chasingLate,3,2,35,0,0,0,19
2023,00-0031588,BUF,chasingLate,7,5,66,0,0,0,19
2023,00-0031588,BUF,thirdAndLong,18,10,125,0,0,0,89
2023,00-0038122,ATL,earlyAndLong,1,1,-6,20,90,0,549
2023,00-0038542,ATL,earlyAndLong,38,26,179,135,640,1,549
2023,00-0035243,CAR,earlyAndLong,21,13,66,78,270,0,530
2023,00-0036955,CAR,earlyDown,5,3,31,0,0,0,133
2023,00-0036555,CAR,earlyDown,2,2,6,36,137,0,133
2023,00-0039150,CAR,earlyAndLong,0,0,0,9,56,0,530
2023,00-0036268,CAR,earlyAndLong,6,6,26,6,25,0,530
2023,00-0036268,CAR,thirdAndLong,3,3,27,0,0,0,117
2023,00-0036555,CAR,redZone,1,0,0,19,48,0,63
2023,00-0035243,CAR,redZone,3,2,4,4,3,0,63
2023,00-0036268,CAR,redZone,0,0,0,3,11,0,63
2023,00-0037263,ATL,earlyAndLong,16,12,145,92,389,2,549
2023,00-0038542,ATL,thirdAndLong,13,8,57,5,14,0,99
2023,00-0034830,CAR,earlyAndLong,15,8,62,0,0,0,530
2023,00-0038542,ATL,redZone,6,6,39,11,36,2,77
2023,00-0036555,CAR,thirdAndLong,9,9,57,1,5,0,117
2023,00-0037238,ATL,earlyAndLong,48,32,477,0,0,0,549
2023,00-0033555,ATL,thirdAndLong,6,3,41,0,0,0,99
2023,00-0036955,CAR,earlyAndLong,15,11,77,0,0,0,530
2023,00-0030035,CAR,earlyAndLong,64,49,481,0,0,0,530
2023,00-0039062,CAR,thirdAndLong,12,7,55,0,0,0,117
2023,00-0036555,CAR,earlyAndLong,23,20,118,133,571,0,530
2023,00-0035243,CAR,insideTen,0,0,0,3,7,0,36
2023,00-0034830,CAR,insideTen,3,1,4,0,0,1,36
2023,00-0033555,ATL,earlyAndLong,19,12,140,0,0,0,549
2023,00-0039062,CAR,earlyAndLong,43,22,203,0,0,0,530
2023,00-0038542,ATL,thirdAndMedium,9,6,70,5,21,0,64
2023,00-0035243,CAR,earlyDown,2,2,7,32,145,0,133
2023,00-0036970,ATL,earlyAndLong,42,27,346,1,-4,2,549
2023,00-0037263,ATL,thirdAndLong,1,1,7,2,8,0,99
2023,00-0038542,ATL,earlyDown,6,4,100,34,182,1,133
2023,00-0037263,ATL,insideTen,0,0,0,7,14,1,47
2023,00-0037263,ATL,goalLine,1,0,0,4,2,2,24
2023,00-0035243,CAR,thirdAndShort,0,0,0,7,2,0,41
2023,00-0036955,CAR,thirdAndLong,4,1,0,0,0,0,117
2023,00-0036970,ATL,earlyDown,8,4,64,0,0,0,133
2023,00-0037263,ATL,thirdAndMedium,1,1,1,3,7,0,64
2023,00-0035243,CAR,chasingLate,6,4,29,1,5,0,51
2023,00-0034830,CAR,chasingLate,3,2,18,0,0,0,51
2023,00-0036555,CAR,chasingLate,6,6,39,6,26,0,51
2023,00-0030035,CAR,thirdAndMedium,18,15,187,0,0,0,63
2023,00-0039150,CAR,fourthDown,0,0,0,5,33,0,41
2023,00-0036410,CIN,earlyAndLong,37,18,347,0,0,1,511
2023,00-0033897,CIN,earlyAndLong,34,25,200,150,695,0,511
2023,00-0036900,CIN,thirdAndLong,16,10,102,0,0,0,97
2023,00-0036900,CIN,earlyAndLong,73,53,658,2,2,2,511
2023,00-0034791,CLE,earlyAndLong,4,4,21,20,125,0,624
2023,00-0031544,CLE,earlyDown,13,8,88,0,0,0,159
2023,00-0033897,CIN,earlyDown,10,10,34,31,145,0,127
2023,00-0030068,CLE,earlyDown,2,0,0,2,21,0,159
2023,00-0033537,CLE,earlyAndLong,0,0,0,9,38,0,624
2023,00-0037267,CLE,earlyDown,8,5,51,44,216,1,159
2023,00-0034970,CIN,earlyDown,5,2,11,0,0,0,127
2023,00-0033009,CIN,thirdAndLong,10,9,112,0,0,0,97
2023,00-0034791,CLE,earlyDown,0,0,0,3,7,0,159
2023,00-0031544,CLE,earlyAndLong,63,38,738,0,0,2,624
2023,00-0036980,CLE,thirdAndLong,21,9,135,0,0,0,127
2023,00-0033009,CIN,earlyAndLong,50,36,290,1,5,0,511
2023,00-0037267,CLE,earlyAndLong,37,28,170,125,446,1,624
2023,00-0030068,CLE,thirdAndLong,5,1,6,0,0,0,127
2023,00-0035291,CIN,earlyAndLong,4,3,9,7,26,0,511
2023,00-0036410,CIN,thirdAndMedium,6,2,41,0,0,0,51
2023,00-0033885,CLE,earlyAndLong,58,38,477,0,0,1,624
2023,00-0036233,CLE,earlyDown,3,1,29,0,0,0,159
2023,00-0033897,CIN,thirdAndShort,2,1,9,7,12,0,34
2023,00-0031544,CLE,thirdAndLong,16,6,119,0,0,0,127
2023,00-0036410,CIN,thirdAndLong,8,6,79,0,0,0,97
2023,00-0036980,CLE,earlyAndLong,51,34,368,6,23,0,624
2023,00-0037257,CLE,earlyAndLong,11,9,53,0,0,0,624
2023,00-0036233,CLE,earlyAndLong,10,5,39,0,0,0,624
2023,00-0036980,CLE,redZone,8,6,26,1,-20,0,86
2023,00-0031544,CLE,redZone,9,4,42,0,0,1,86
2023,00-0033537,CLE,redZone,0,0,0,3,27,1,86
2023,00-0036410,CIN,earlyDown,5,4,54,0,0,0,127
2023,00-0034970,CIN,thirdAndLong,8,6,40,0,0,0,97
2023,00-0036900,CIN,thirdAndMedium,7,6,58,0,0,0,51
2023,00-0033885,CLE,redZone,10,5,34,0,0,1,86
2023,00-0036232,CLE,thirdAndMedium,3,1,2,0,0,0,67
2023,00-0036232,CLE,goalLine,3,3,7,0,0,2,31
2023,00-0033537,CLE,goalLine,0,0,0,3,6,0,31
2023,00-0036900,CIN,earlyDown,23,14,204,1,-8,0,127
2023,00-0037267,CLE,thirdAndLong,7,5,33,7,8,0,127
2023,00-0037267,CLE,aheadLate,0,0,0,6,3,0,9
2023,00-0034364,CLE,thirdAndLong,4,3,26,0,0,0,127
2023,00-0034844,NYG,earlyAndLong,26,19,152,129,651,2,520
2023,00-0035710,NYG,earlyDown,0,0,0,3,19,0,112
2023,00-0034844,NYG,thirdAndShort,4,3,54,8,14,0,37
2023,00-0033308,NYG,earlyAndLong,10,8,11,29,91,0,520
2023,00-0034844,NYG,redZone,2,2,-3,27,48,0,73
2023,00-0035710,NYG,redZone,0,0,0,6,35,1,73
2023,00-0035535,NYG,earlyAndLong,40,24,324,0,0,1,520
2023,00-0031610,NYG,earlyAndLong,41,27,264,0,0,0,520
2023,00-0038041,DAL,earlyAndLong,47,35,346,0,0,0,561
2023,00-0035261,DAL,earlyAndLong,40,33,146,138,623,1,561
2023,00-0036358,DAL,thirdAndMedium,15,12,209,0,0,0,73
2023,00-0038041,DAL,redZone,15,10,110,0,0,3,131
2023,00-0035261,DAL,insideTen,2,1,3,21,45,2,76
2023,00-0038041,DAL,insideTen,7,4,18,0,0,3,76
2023,00-0037801,DAL,insideTen,3,3,14,1,7,2,76
2023,00-0038041,DAL,goalLine,7,2,2,0,0,2,44
2023,00-0034844,NYG,thirdAndLong,9,3,20,4,13,0,120
2023,00-0034844,NYG,earlyDown,3,3,8,50,188,0,112
2023,00-0035710,NYG,thirdAndShort,0,0,0,5,8,0,37
2023,00-0031236,DAL,earlyAndLong,40,24,312,2,20,1,561
2023,00-0035261,DAL,thirdAndLong,7,5,83,4,20,0,72
2023,00-0031236,DAL,fourthDown,3,2,11,0,0,0,18
2023,00-0036139,DAL,earlyAndLong,12,9,72,56,234,0,561
2023,00-0036139,DAL,redZone,6,4,38,10,32,2,131
2023,00-0037801,DAL,earlyAndLong,3,1,4,6,70,0,561
2023,00-0033077,DAL,redZone,0,0,0,8,55,1,131
2023,00-0035261,DAL,goalLine,0,0,0,11,4,4,44
2023,00-0031610,NYG,thirdAndShort,4,3,18,0,0,0,37
2023,00-0036165,NYG,earlyAndLong,15,12,128,0,0,0,520
2023,00-0035710,NYG,thirdAndLong,0,0,0,4,40,0,120
2023,00-0034844,NYG,thirdAndMedium,6,4,14,4,6,0,63
2023,00-0035639,NYG,redZone,3,2,5,0,0,0,73
2023,00-0034764,DAL,earlyAndLong,38,25,310,0,0,1,561
2023,00-0038938,NYG,earlyAndLong,21,12,227,0,0,0,520
2023,00-0036358,DAL,thirdAndShort,4,3,27,0,0,0,41
2023,00-0035261,DAL,redZone,12,11,38,32,129,0,131
2023,00-0035710,NYG,earlyAndLong,0,0,0,15,89,0,520
2023,00-0034844,NYG,fourthDown,2,2,11,6,17,0,32
2023,00-0036358,DAL,earlyDown,22,16,178,2,31,1,146
2023,00-0031236,DAL,thirdAndLong,8,7,102,0,0,0,72
2023,00-0038115,NYG,earlyAndLong,13,11,104,0,0,0,520
2023,00-0035639,NYG,earlyAndLong,15,11,68,0,0,0,520
2023,00-0035535,NYG,thirdAndLong,12,6,73,0,0,0,120
2023,00-0035710,NYG,fourthDown,0,0,0,3,1,0,32
2023,00-0032385,NYG,earlyAndLong,10,6,45,0,0,0,520
2023,00-0035639,NYG,thirdAndLong,5,4,18,0,0,0,120
2023,00-0036165,NYG,fourthDown,3,0,0,0,0,0,32
2023,00-0036358,DAL,earlyAndLong,95,75,881,10,70,0,561
2023,00-0037801,DAL,redZone,3,2,17,1,6,0,131
2023,00-0038622,DAL,earlyAndLong,6,6,36,8,17,0,561
2023,00-0038622,DAL,thirdAndMedium,1,1,4,2,-3,0,73
2023,00-0033308,NYG,thirdAndShort,0,0,0,4,10,0,37
2023,00-0036569,NYG,earlyAndLong,4,2,23,5,9,0,520
2023,00-0035535,NYG,fourthDown,3,1,33,0,0,0,32
2023,00-0038622,DAL,aheadLate,0,0,0,3,6,0,14
2023,00-0037666,DAL,fourthDown,3,0,0,0,0,0,18
2023,00-0036569,NYG,chasingLate,2,2,6,3,8,0,43
2023,00-0035685,DET,earlyAndLong,16,10,72,128,697,2,617
2023,00-0033943,DET,thirdAndMedium,8,4,60,0,0,0,67
2023,00-0036360,KC,earlyAndLong,12,10,97,50,181,0,658
2023,00-0036360,KC,earlyDown,5,4,57,12,48,0,159
2023,00-0031376,KC,thirdAndShort,4,3,25,4,17,0,47
2023,00-0036637,KC,earlyAndLong,30,22,211,0,0,0,658
2023,00-0033873,KC,thirdAndMedium,0,0,0,4,14,0,59
2023,00-0029293,DET,earlyDown,3,1,5,0,0,0,159
2023,00-0039139,DET,earlyAndLong,41,31,208,115,609,1,617
2023,00-0036963,DET,earlyAndLong,85,62,882,1,11,2,617
2023,00-0033943,DET,earlyAndLong,30,19,397,0,0,1,617
2023,00-0039139,DET,earlyDown,14,11,79,25,185,2,159
2023,00-0035685,DET,redZone,1,1,-7,22,93,0,104
2023,00-0039139,DET,insideTen,5,3,17,18,40,2,86
2023,00-0036963,DET,insideTen,11,7,43,0,0,3,86
2023,00-0037197,KC,earlyAndLong,38,35,212,159,718,0,658
2023,00-0034386,KC,thirdAndLong,14,9,212,0,0,0,110
2023,00-0038090,KC,earlyAndLong,16,8,98,3,23,0,658
2023,00-0037197,KC,earlyDown,7,7,29,46,233,0,159
2023,00-0034272,KC,earlyDown,5,4,79,0,0,0,159
2023,00-0039067,KC,earlyAndLong,66,54,649,0,0,0,658
2023,00-0033873,KC,earlyAndLong,0,0,0,28,215,0,658
2023,00-0037197,KC,insideTen,4,4,15,19,66,3,76
2023,00-0039067,KC,goalLine,3,2,0,0,0,1,35
2023,00-0036754,DET,earlyAndLong,9,9,55,0,0,0,617
2023,00-0036963,DET,earlyDown,23,19,239,1,6,1,159
2023,00-0039065,DET,earlyAndLong,57,42,486,1,4,2,617
2023,00-0036637,KC,thirdAndMedium,4,1,17,0,0,0,59
2023,00-0034286,KC,earlyAndLong,8,6,49,0,0,0,658
2023,00-0034272,KC,thirdAndLong,8,3,82,0,0,0,110
2023,00-0034386,KC,earlyAndLong,22,11,166,0,0,0,658
2023,00-0039065,DET,earlyDown,12,10,79,0,0,0,159
2023,00-0029293,DET,earlyAndLong,4,2,22,0,0,0,617
2023,00-0036963,DET,thirdAndLong,25,19,226,1,4,1,95
2023,00-0032062,KC,earlyAndLong,5,2,11,0,0,0,658
2023,00-0036637,KC,thirdAndLong,4,3,19,0,0,0,110
2023,00-0039065,DET,thirdAndLong,20,14,121,0,0,0,95
2023,00-0036913,KC,earlyAndLong,18,12,78,5,38,0,658
2023,00-0036913,KC,thirdAndMedium,4,3,33,0,0,0,59
2023,00-0038090,KC,thirdAndMedium,5,3,70,0,0,0,59
2023,00-0033873,KC,earlyDown,0,0,0,10,83,0,159
2023,00-0038090,KC,redZone,5,2,11,0,0,0,112
2023,00-0036913,KC,redZone,2,0,0,4,-5,0,112
2023,00-0032464,DET,earlyAndLong,29,22,327,4,60,1,617
2023,00-0036963,DET,thirdAndShort,6,4,57,0,0,0,40
2023,00-0036637,KC,earlyDown,8,6,64,0,0,0,159
2023,00-0033943,DET,thirdAndLong,8,6,78,0,0,0,95
2023,00-0035685,DET,earlyDown,6,6,58,41,206,0,159
2023,00-0035685,DET,thirdAndShort,0,0,0,9,15,0,40
2023,00-0035685,DET,insideTen,0,0,0,23,58,3,86
2023,00-0037216,KC,earlyAndLong,8,5,43,0,0,0,658
2023,00-0039067,KC,thirdAndShort,2,2,34,2,0,0,47
2023,00-0035685,DET,thirdAndMedium,2,1,11,5,34,0,67
2023,00-0033943,DET,fourthDown,4,0,0,0,0,0,31
2023,00-0039067,KC,thirdAndLong,11,10,148,0,0,0,110
2023,00-0034386,KC,fourthDown,3,1,11,0,0,0,19
2023,00-0036906,CHI,earlyAndLong,17,12,106,78,322,0,536
2023,00-0038941,CHI,earlyAndLong,12,9,78,5,38,0,536
2023,00-0036906,CHI,earlyDown,4,3,20,27,140,0,134
2023,00-0036290,CHI,thirdAndShort,2,1,2,1,0,0,35
2023,00-0036945,CHI,fourthDown,0,0,0,3,2,0,21
2023,00-0033293,GB,earlyAndLong,18,12,69,88,575,0,522
2023,00-0039146,GB,earlyAndLong,45,36,401,9,114,3,522
2023,00-0037816,GB,thirdAndLong,12,8,123,0,0,0,90
2023,00-0033293,GB,earlyDown,6,3,73,33,123,0,146
2023,00-0033293,GB,redZone,9,7,19,31,117,0,146
2023,00-0038393,GB,redZone,7,4,46,0,0,2,146
2023,00-0036265,GB,insideTen,0,0,0,11,25,1,56
2023,00-0033293,GB,insideTen,3,2,3,8,20,1,56
2023,00-0037816,GB,insideTen,8,5,33,0,0,5,56
2023,00-0036309,CHI,earlyAndLong,26,15,273,1,2,0,536
2023,00-0036945,CHI,earlyAndLong,0,0,0,56,269,0,536
2023,00-0033925,CHI,earlyAndLong,9,6,33,65,267,0,536
2023,00-0036326,CHI,thirdAndLong,4,0,0,0,0,0,104
2023,00-0038465,GB,earlyAndLong,15,10,83,0,0,0,522
2023,00-0036265,GB,earlyAndLong,17,15,155,89,371,0,522
2023,00-0039144,GB,thirdAndLong,4,4,59,0,0,0,90
2023,00-0033925,CHI,earlyDown,3,2,28,18,74,0,134
2023,00-0036945,CHI,thirdAndLong,0,0,0,12,180,0,104
2023,00-0034827,CHI,earlyAndLong,56,45,656,2,5,2,536
2023,00-0036290,CHI,insideTen,6,4,22,1,1,3,48
2023,00-0036290,CHI,redZone,8,6,42,0,0,1,77
2023,00-0037816,GB,earlyAndLong,44,29,411,0,0,0,522
2023,00-0039146,GB,thirdAndShort,6,4,35,1,-1,0,47
2023,00-0035099,CHI,earlyAndLong,5,2,-2,3,14,0,536
2023,00-0039144,GB,earlyAndLong,23,17,199,0,0,1,522
2023,00-0037098,GB,earlyAndLong,9,4,46,0,0,0,522
2023,00-0036290,CHI,earlyAndLong,36,32,348,0,0,0,536
2023,00-0036309,CHI,earlyDown,8,6,52,0,0,0,134
2023,00-0036906,CHI,thirdAndLong,3,2,-4,2,22,0,104
2023,00-0039146,GB,thirdAndLong,16,8,129,0,0,1,90
2023,00-0038393,GB,earlyAndLong,22,16,228,1,1,1,522
2023,00-0036264,GB,thirdAndShort,0,0,0,8,44,0,47
2023,00-0036265,GB,goalLine,0,0,0,7,2,1,32
2023,00-0033293,GB,goalLine,1,0,0,7,8,4,32
2023,00-0039021,CHI,thirdAndLong,12,11,96,6,27,0,104
2023,00-0036264,GB,thirdAndLong,0,0,0,5,49,0,90
2023,00-0039021,CHI,earlyAndLong,15,12,74,47,227,0,536
2023,00-0036309,CHI,redZone,3,1,20,1,3,1,77
2023,00-0036906,CHI,goalLine,1,1,2,2,3,2,27
2023,00-0036326,CHI,earlyAndLong,11,6,54,0,0,0,536
2023,00-0036309,CHI,thirdAndLong,5,2,25,0,0,0,104
2023,00-0036265,GB,earlyDown,2,1,-10,33,100,0,146
2023,00-0036265,GB,thirdAndMedium,2,1,12,1,2,0,50
2023,00-0035973,GB,earlyAndLong,9,6,39,10,28,0,522
2023,00-0036265,GB,thirdAndLong,3,2,25,2,17,0,90
2023,00-0033925,CHI,thirdAndShort,1,1,2,5,17,0,35
2023,00-0036945,CHI,earlyDown,0,0,0,11,46,0,134
2023,00-0039021,CHI,redZone,3,2,14,4,9,0,77
2023,00-0039021,CHI,insideTen,1,1,1,3,13,0,48
2023,00-0039021,CHI,goalLine,0,0,0,4,4,2,27
2023,00-0034827,CHI,insideTen,7,4,16,0,0,2,48
2023,00-0035973,GB,aheadLate,0,0,0,7,27,0,19
2023,00-0035973,GB,thirdAndLong,1,0,0,2,3,0,90
2023,00-0036290,CHI,chasingLate,7,4,38,0,0,0,29
2023,00-0039021,CHI,chasingLate,3,2,7,0,0,0,29
2023,00-0038941,CHI,thirdAndMedium,6,3,29,0,0,0,67
2023,00-0036158,BAL,earlyAndLong,2,1,10,5,15,0,595
2023,00-0037838,BAL,earlyDown,6,5,70,0,0,0,155
2023,00-0037258,HOU,earlyAndLong,12,8,61,104,354,0,596
2023,00-0039163,HOU,earlyDown,1,1,0,4,14,0,127
2023,00-0034796,BAL,earlyAndLong,0,0,0,74,443,0,595
2023,00-0039064,BAL,earlyDown,16,12,88,0,0,0,155
2023,00-0039064,BAL,thirdAndShort,3,1,8,0,0,0,41
2023,00-0034975,BAL,redZone,2,2,22,15,51,2,101
2023,00-0036550,BAL,earlyAndLong,36,19,239,1,18,0,595
2023,00-0039064,BAL,redZone,9,5,15,1,3,0,101
2023,00-0034383,HOU,earlyAndLong,41,25,294,0,0,1,596
2023,00-0033591,HOU,thirdAndLong,14,8,128,0,0,0,120
2023,00-0039064,BAL,earlyAndLong,54,44,645,6,12,2,595
2023,00-0034796,BAL,thirdAndShort,0,0,0,8,77,0,41
2023,00-0039064,BAL,thirdAndMedium,14,8,69,1,37,1,63
2023,00-0035250,HOU,earlyAndLong,31,25,132,149,623,0,596
2023,00-0036554,HOU,earlyDown,13,9,104,0,0,0,127
2023,00-0034383,HOU,thirdAndLong,16,13,117,0,0,0,120
2023,00-0030431,HOU,thirdAndShort,3,3,35,0,0,0,33
2023,00-0030431,HOU,thirdAndMedium,8,6,49,0,0,0,58
2023,00-0036554,HOU,earlyAndLong,50,37,652,1,7,1,596
2023,00-0037258,HOU,redZone,1,1,9,9,11,0,79
2023,00-0033591,HOU,redZone,2,1,9,1,-1,0,79
2023,00-0034796,BAL,earlyDown,1,1,13,19,140,0,155
2023,00-0031235,BAL,thirdAndLong,4,1,8,0,0,0,85
2023,00-0038977,HOU,thirdAndLong,10,4,79,0,0,0,120
2023,00-0030431,HOU,earlyAndLong,34,18,211,1,7,0,596
2023,00-0034208,HOU,earlyAndLong,4,2,6,2,16,0,596
2023,00-0037258,HOU,thirdAndLong,2,2,4,1,5,0,120
2023,00-0039064,BAL,insideTen,6,6,30,1,6,2,70
2023,00-0034975,BAL,goalLine,0,0,0,4,4,2,31
2023,00-0034184,BAL,goalLine,0,0,0,17,23,11,31
2023,00-0036554,HOU,thirdAndLong,27,19,331,0,0,1,120
2023,00-0034184,BAL,earlyAndLong,13,12,103,113,524,0,595
2023,00-0034184,BAL,earlyDown,1,1,80,30,149,0,155
2023,00-0034975,BAL,insideTen,0,0,0,7,20,0,70
2023,00-0033591,HOU,earlyAndLong,17,14,282,0,0,1,596
2023,00-0036554,HOU,thirdAndShort,5,4,69,0,0,0,33
2023,00-0038977,HOU,earlyAndLong,40,26,345,6,24,3,596
2023,00-0035250,HOU,earlyDown,6,6,49,41,177,0,127
2023,00-0030431,HOU,thirdAndLong,13,5,52,0,0,0,120
2023,00-0038046,BAL,earlyAndLong,6,5,51,0,0,0,595
2023,00-0034975,BAL,earlyAndLong,32,24,128,41,219,0,595
2023,00-0034383,HOU,redZone,9,4,64,0,0,2,79
2023,00-0039064,BAL,thirdAndLong,14,7,126,1,2,1,85
2023,00-0031235,BAL,thirdAndMedium,7,6,152,0,0,1,63
2023,00-0030431,HOU,chasingLate,5,2,19,0,0,0,41
2023,00-0038977,HOU,thirdAndMedium,7,4,91,0,0,1,58
2023,00-0039163,HOU,thirdAndLong,0,0,0,4,21,0,120
2023,00-0033591,HOU,fourthDown,3,0,0,0,0,0,16
2023,00-0034184,BAL,aheadLate,0,0,0,9,36,0,13
2023,00-0034975,BAL,thirdAndMedium,3,1,7,5,2,0,63
2023,00-0036554,HOU,chasingLate,6,5,49,0,0,0,41
2023,00-0038997,IND,earlyAndLong,49,37,333,0,0,0,529
2023,00-0037292,IND,earlyAndLong,13,7,129,0,0,1,529
2023,00-0033891,JAX,earlyAndLong,28,17,189,0,0,0,564
2023,00-0033881,JAX,earlyAndLong,82,69,627,0,0,1,564
2023,00-0034837,JAX,thirdAndMedium,10,6,73,0,0,0,65
2023,00-0036493,IND,earlyAndLong,4,3,10,7,2,0,529
2023,00-0036973,JAX,earlyAndLong,45,34,281,152,595,4,564
2023,00-0034775,JAX,earlyAndLong,41,29,438,0,0,2,564
2023,00-0036971,JAX,thirdAndShort,0,0,0,4,6,0,44
2023,00-0034837,JAX,earlyAndLong,69,41,634,8,20,2,564
2023,00-0036973,JAX,redZone,2,2,6,23,100,1,79
2023,00-0033572,JAX,redZone,1,1,14,2,-2,0,79
2023,00-0034837,JAX,redZone,14,5,60,1,3,2,79
2023,00-0034837,JAX,insideTen,9,2,15,0,0,1,46
2023,00-0036876,IND,earlyAndLong,21,12,202,0,0,0,529
2023,00-0036876,IND,thirdAndShort,3,1,7,0,0,0,40
2023,00-0039164,IND,earlyAndLong,0,0,0,12,74,0,529
2023,00-0039164,IND,goalLine,0,0,0,3,5,2,36
2023,00-0034837,JAX,earlyDown,13,9,111,0,0,0,146
2023,00-0038555,JAX,earlyAndLong,3,1,6,16,58,0,564
2023,00-0039164,IND,earlyDown,0,0,0,3,14,0,128
2023,00-0039164,IND,redZone,0,0,0,4,34,2,97
2023,00-0038555,JAX,earlyDown,0,0,0,10,19,0,146
2023,00-0038997,IND,earlyDown,5,4,29,0,0,0,128
2023,00-0036252,IND,fourthDown,4,3,50,0,0,0,21
2023,00-0036973,JAX,earlyDown,12,9,72,51,241,1,146
2023,00-0038555,JAX,thirdAndShort,1,0,0,4,4,0,44
2023,00-0033891,JAX,redZone,6,4,31,0,0,1,79
2023,00-0033217,IND,earlyAndLong,13,6,91,0,0,1,529
2023,00-0035628,JAX,earlyDown,2,2,42,6,9,0,146
2023,00-0037664,IND,earlyDown,8,5,43,0,0,0,128
2023,00-0033891,JAX,thirdAndLong,9,3,22,0,0,0,80
2023,00-0036252,IND,earlyAndLong,74,52,593,0,0,2,529
2023,00-0036252,IND,earlyDown,25,16,179,0,0,0,128
2023,00-0036973,JAX,thirdAndShort,3,3,10,10,17,0,44
2023,00-0036973,JAX,thirdAndMedium,3,3,27,5,18,0,65
2023,00-0033881,JAX,fourthDown,3,2,4,0,0,0,20
2023,00-0036252,IND,thirdAndLong,13,10,90,0,0,0,88
2023,00-0034775,JAX,thirdAndMedium,11,8,139,0,0,1,65
2023,00-0037664,IND,earlyAndLong,29,16,229,0,0,1,529
2023,00-0036876,IND,thirdAndLong,8,4,29,0,0,0,88
2023,00-0036971,JAX,fourthDown,0,0,0,3,15,0,20
2023,00-0038997,IND,thirdAndLong,14,10,205,0,0,1,88
2023,00-0036971,JAX,earlyAndLong,0,0,0,23,177,0,564
2023,00-0033881,JAX,earlyDown,15,10,87,0,0,0,146
2023,00-0036973,JAX,thirdAndLong,4,3,22,3,6,0,80
2023,00-0036971,JAX,redZone,0,0,0,3,14,0,79
2023,00-0033891,JAX,earlyDown,5,2,19,0,0,0,146
2023,00-0036252,IND,chasingLate,9,6,33,0,0,0,37
2023,00-0036252,IND,thirdAndShort,5,3,31,0,0,0,40
2023,00-0037664,IND,redZone,4,0,0,0,0,0,97
2023,00-0038997,IND,redZone,5,3,27,0,0,0,97
2023,00-0036252,IND,redZone,16,12,88,0,0,0,97
2023,00-0038997,IND,goalLine,3,1,2,0,0,1,36
2023,00-0036252,IND,goalLine,3,0,0,0,0,0,36
2023,00-0032211,SEA,earlyAndLong,57,41,444,0,0,0,482
2023,00-0038134,SEA,earlyDown,9,8,31,46,281,0,126
2023,00-0032211,SEA,thirdAndShort,5,4,38,0,0,0,34
2023,00-0038134,SEA,earlyAndLong,24,19,232,125,515,1,482
2023,00-0035640,SEA,thirdAndShort,3,3,44,0,0,0,34
2023,00-0038134,SEA,redZone,3,2,-4,19,58,1,82
2023,00-0032211,SEA,redZone,8,4,40,0,0,1,82
2023,00-0036414,LA,earlyAndLong,8,8,43,36,90,0,560
2023,00-0037840,LA,earlyAndLong,23,18,151,124,649,1,560
2023,00-0033110,LA,thirdAndMedium,7,6,62,0,0,0,63
2023,00-0037840,LA,thirdAndMedium,1,1,3,2,9,0,63
2023,00-0039075,LA,earlyAndLong,82,55,771,6,61,0,560
2023,00-0036415,LA,thirdAndLong,10,2,15,0,0,0,91
2023,00-0037840,LA,redZone,9,1,15,25,124,1,83
2023,00-0039075,LA,redZone,8,5,67,4,7,1,83
2023,00-0037840,LA,goalLine,1,1,3,12,21,7,41
2023,00-0038543,SEA,earlyAndLong,41,33,265,0,0,1,482
2023,00-0034159,SEA,earlyAndLong,18,15,140,0,0,0,482
2023,00-0035640,SEA,earlyAndLong,53,30,501,0,0,1,482
2023,00-0030565,SEA,earlyAndLong,1,1,-2,10,80,0,482
2023,00-0039165,SEA,redZone,1,0,0,9,14,0,82
2023,00-0035640,SEA,insideTen,7,3,24,0,0,3,49
2023,00-0039075,LA,thirdAndLong,18,14,166,0,0,1,91
2023,00-0039165,SEA,earlyDown,2,1,3,18,105,0,126
2023,00-0038543,SEA,thirdAndMedium,14,8,89,0,0,0,56
2023,00-0036424,LA,earlyAndLong,3,2,39,0,0,0,560
2023,00-0036849,LA,earlyDown,5,2,27,1,8,0,143
2023,00-0036849,LA,thirdAndLong,9,6,128,0,0,0,91
2023,00-0036425,SEA,earlyAndLong,1,1,14,6,33,0,482
2023,00-0036415,LA,earlyAndLong,19,9,116,1,4,0,560
2023,00-0036414,LA,earlyDown,1,1,0,8,42,0,143
2023,00-0039075,LA,thirdAndMedium,18,10,234,0,0,1,63
2023,00-0036414,LA,insideTen,0,0,0,3,10,1,67
2023,00-0037840,LA,insideTen,3,3,4,21,78,6,67
2023,00-0036244,SEA,earlyDown,6,4,50,0,0,0,126
2023,00-0036849,LA,earlyAndLong,37,22,331,3,23,2,560
2023,00-0033110,LA,earlyAndLong,37,24,254,0,0,0,560
2023,00-0035640,SEA,thirdAndMedium,7,4,57,0,0,0,56
2023,00-0026498,LA,earlyAndLong,0,0,0,7,41,0,560
2023,00-0036862,LA,earlyAndLong,7,5,29,1,11,0,560
2023,00-0036244,SEA,earlyAndLong,15,12,146,0,0,1,482
2023,00-0036414,LA,aheadLate,0,0,0,6,0,0,17
2023,00-0036414,LA,thirdAndLong,1,1,30,2,5,0,91
2023,00-0039165,SEA,chasingLate,4,4,45,2,11,0,39
2023,00-0035700,LV,earlyAndLong,39,26,223,137,577,1,489
2023,00-0031381,LV,earlyAndLong,83,49,579,0,0,1,489
2023,00-0031345,LV,thirdAndShort,0,0,0,3,2,0,39
2023,00-0031381,LV,fourthDown,4,4,76,0,0,1,19
2023,00-0035700,LV,insideTen,3,1,0,15,24,0,51
2023,00-0035700,LV,goalLine,0,0,0,7,9,5,26
2023,00-0036422,DEN,earlyAndLong,11,8,91,0,0,0,483
2023,00-0037382,DEN,earlyDown,3,3,63,0,0,0,110
2023,00-0036997,DEN,earlyAndLong,41,32,164,128,529,0,483
2023,00-0036997,DEN,earlyDown,9,7,21,29,108,0,110
2023,00-0037382,DEN,earlyAndLong,9,5,59,0,0,0,483
2023,00-0033526,DEN,earlyAndLong,25,21,184,23,71,0,483
2023,00-0036422,DEN,redZone,4,1,15,0,0,0,87
2023,00-0036997,DEN,goalLine,3,2,3,9,8,4,29
2023,00-0035700,LV,earlyDown,3,2,16,40,132,0,127
2023,00-0035700,LV,thirdAndShort,1,1,3,10,13,0,39
2023,00-0034960,LV,earlyAndLong,45,28,376,0,0,1,489
2023,00-0038040,LV,insideTen,1,1,5,4,7,0,51
2023,00-0034960,LV,insideTen,7,5,36,1,5,4,51
2023,00-0033526,DEN,thirdAndShort,1,1,5,3,10,0,37
2023,00-0029263,DEN,earlyAndLong,0,0,0,16,125,0,483
2023,00-0038794,DEN,earlyAndLong,24,21,105,50,316,1,483
2023,00-0033526,DEN,thirdAndLong,7,6,57,5,30,0,83
2023,00-0031381,LV,earlyDown,17,10,97,0,0,0,127
2023,00-0034960,LV,thirdAndMedium,12,9,91,0,0,0,69
2023,00-0034348,DEN,earlyAndLong,38,26,334,0,0,2,483
2023,00-0033526,DEN,earlyDown,4,4,52,5,51,0,110
2023,00-0034348,DEN,redZone,11,10,98,0,0,5,87
2023,00-0034348,DEN,insideTen,7,3,18,0,0,3,58
2023,00-0033526,DEN,thirdAndMedium,6,6,49,3,12,0,52
2023,00-0038976,DEN,thirdAndLong,6,4,35,0,0,0,83
2023,00-0031381,LV,thirdAndLong,12,8,92,0,0,0,69
2023,00-0038040,LV,earlyAndLong,12,9,56,58,255,0,489
2023,00-0031381,LV,insideTen,9,5,28,0,0,1,51
2023,00-0038976,DEN,earlyDown,5,3,10,1,2,0,110
2023,00-0031595,DEN,thirdAndShort,1,1,3,2,-1,0,37
2023,00-0033526,DEN,redZone,2,2,14,5,37,0,87
2023,00-0036422,DEN,insideTen,7,4,26,0,0,2,58
2023,00-0032392,LV,earlyAndLong,19,15,153,0,0,0,489
2023,00-0036422,DEN,thirdAndLong,5,4,30,0,0,0,83
2023,00-0031763,LV,earlyAndLong,3,3,36,1,0,0,489
2023,00-0034960,LV,thirdAndLong,13,8,109,0,0,0,69
2023,00-0031345,LV,earlyAndLong,0,0,0,4,7,0,489
2023,00-0033040,MIA,earlyDown,23,18,334,1,6,2,142
2023,00-0036613,MIA,earlyAndLong,61,45,567,2,11,1,536
2023,00-0036020,MIA,redZone,4,4,33,3,10,1,70
2023,00-0033699,LAC,earlyAndLong,40,30,248,99,389,0,527
2023,00-0030279,LAC,earlyDown,16,14,190,1,2,0,144
2023,00-0036355,LAC,thirdAndMedium,1,1,10,3,14,0,66
2023,00-0036370,LAC,earlyAndLong,8,6,26,62,280,1,527
2023,00-0033895,LAC,earlyDown,9,6,62,1,2,0,144
2023,00-0036355,LAC,thirdAndShort,0,0,0,3,7,0,37
2023,00-0036370,LAC,earlyDown,1,0,0,22,56,0,144
2023,00-0036370,LAC,redZone,1,1,0,7,32,0,67
2023,00-0030279,LAC,insideTen,9,5,33,1,4,3,55
2023,00-0033699,LAC,insideTen,0,0,0,13,30,0,55
2023,00-0033699,LAC,goalLine,2,1,2,11,8,5,38
2023,00-0033040,MIA,earlyAndLong,82,58,852,4,19,3,536
2023,00-0034054,MIA,earlyAndLong,7,5,96,0,0,0,536
2023,00-0031687,MIA,earlyAndLong,16,13,88,123,617,1,536
2023,00-0034798,MIA,earlyDown,13,9,95,0,0,0,142
2023,00-0034419,MIA,thirdAndLong,7,5,56,0,0,0,93
2023,00-0031687,MIA,redZone,3,3,24,14,94,4,70
2023,00-0031687,MIA,goalLine,1,1,3,16,7,11,41
2023,00-0033536,LAC,earlyAndLong,15,12,160,1,3,1,527
2023,00-0036370,LAC,thirdAndLong,2,1,6,1,10,0,91
2023,00-0035125,MIA,redZone,3,3,22,0,0,0,70
2023,00-0033040,MIA,insideTen,10,5,16,0,0,2,67
2023,00-0033699,LAC,earlyDown,11,9,96,31,121,1,144
2023,00-0035329,LAC,goalLine,4,3,5,0,0,3,38
2023,00-0036020,MIA,earlyAndLong,8,6,31,11,25,0,536
2023,00-0030279,LAC,earlyAndLong,73,54,572,0,0,1,527
2023,00-0038544,LAC,thirdAndShort,3,2,16,0,0,0,37
2023,00-0034798,MIA,earlyAndLong,16,15,161,0,0,0,536
2023,00-0033040,MIA,thirdAndLong,21,12,242,0,0,2,93
2023,00-0034419,MIA,earlyAndLong,10,7,52,1,11,0,536
2023,00-0033040,MIA,redZone,9,7,37,1,-10,0,70
2023,00-0036988,LAC,earlyAndLong,28,20,318,1,6,2,527
2023,00-0030279,LAC,thirdAndMedium,16,12,150,0,0,0,66
2023,00-0038544,LAC,earlyAndLong,28,19,204,3,9,0,527
2023,00-0035329,LAC,earlyAndLong,13,9,104,0,0,0,527
2023,00-0033895,LAC,earlyAndLong,33,27,232,2,8,0,527
2023,00-0036355,LAC,thirdAndLong,0,0,0,5,53,0,91
2023,00-0036355,LAC,earlyDown,0,0,0,5,52,0,144
2023,00-0036370,LAC,thirdAndShort,0,0,0,3,11,0,37
2023,00-0036355,LAC,goalLine,0,0,0,5,2,2,38
2023,00-0036212,MIA,earlyDown,0,0,0,4,18,0,142
2023,00-0036370,LAC,insideTen,0,0,0,4,10,0,55
2023,00-0035329,LAC,insideTen,3,1,5,0,0,0,55
2023,00-0036370,LAC,goalLine,0,0,0,3,3,1,38
2023,00-0036212,MIA,earlyAndLong,0,0,0,8,33,0,536
2023,00-0035125,MIA,earlyAndLong,8,7,76,0,0,0,536
2023,00-0031687,MIA,thirdAndLong,8,6,40,0,0,0,93
2023,00-0033699,LAC,redZone,7,5,10,6,9,0,67
2023,00-0031687,MIA,chasingLate,1,0,0,3,48,0,29
2023,00-0031687,MIA,insideTen,2,2,9,17,62,4,67
2023,00-0033895,LAC,chasingLate,4,3,21,0,0,0,45
2023,00-0036919,PHI,earlyAndLong,16,13,90,38,168,0,585
2023,00-0036919,PHI,earlyDown,5,4,12,13,80,0,146
2023,00-0036919,PHI,thirdAndShort,2,2,6,2,5,0,35
2023,00-0036271,PHI,earlyAndLong,18,12,112,0,0,0,585
2023,00-0036389,PHI,earlyAndLong,0,0,0,50,248,0,585
2023,00-0036389,PHI,thirdAndLong,0,0,0,10,74,0,93
2023,00-0036919,PHI,insideTen,0,0,0,8,20,0,58
2023,00-0036875,NE,earlyAndLong,23,19,105,88,384,1,511
2023,00-0033090,NE,earlyAndLong,28,21,199,0,0,1,511
2023,00-0032200,NE,earlyAndLong,6,2,3,2,9,0,511
2023,00-0033045,NE,earlyDown,4,3,34,44,156,0,139
2023,00-0038621,NE,earlyAndLong,37,30,316,6,30,0,511
2023,00-0038621,NE,earlyDown,11,5,71,1,5,0,139
2023,00-0033307,NE,thirdAndMedium,5,3,60,0,0,1,68
2023,00-0033045,NE,earlyAndLong,41,35,168,99,378,0,511
2023,00-0035676,PHI,earlyDown,16,12,176,0,0,1,146
2023,00-0036919,PHI,redZone,0,0,0,14,37,1,84
2023,00-0036912,PHI,insideTen,3,1,5,0,0,1,58
2023,00-0033857,NE,earlyAndLong,22,16,133,0,0,0,511
2023,00-0033307,NE,thirdAndLong,5,2,21,0,0,0,99
2023,00-0036275,PHI,earlyAndLong,35,30,193,139,665,0,585
2023,00-0035676,PHI,thirdAndLong,23,18,248,0,0,1,93
2023,00-0036875,NE,earlyDown,5,2,4,28,101,0,139
2023,00-0036912,PHI,thirdAndLong,13,9,101,0,0,0,93
2023,00-0033307,NE,earlyAndLong,28,20,200,0,0,0,511
2023,00-0033857,NE,thirdAndMedium,8,3,42,0,0,0,68
2023,00-0033307,NE,earlyDown,6,3,55,0,0,0,139
2023,00-0034829,NE,thirdAndMedium,5,3,42,0,0,0,68
2023,00-0033857,NE,thirdAndLong,6,4,41,0,0,0,99
2023,00-0036875,NE,insideTen,0,0,0,5,22,1,20
2023,00-0033090,NE,insideTen,4,3,23,0,0,3,20
2023,00-0035676,PHI,earlyAndLong,80,52,726,0,0,1,585
2023,00-0036275,PHI,thirdAndLong,4,3,15,1,-1,0,93
2023,00-0036972,NE,earlyDown,0,0,0,4,19,0,139
2023,00-0033307,NE,redZone,3,3,37,0,0,2,57
2023,00-0036912,PHI,earlyDown,14,11,118,0,0,0,146
2023,00-0036919,PHI,thirdAndMedium,8,5,42,6,29,0,69
2023,00-0036912,PHI,earlyAndLong,68,51,778,0,0,3,585
2023,00-0036919,PHI,thirdAndLong,3,3,16,3,21,0,93
2023,00-0033857,NE,earlyDown,3,1,6,0,0,0,139
2023,00-0033045,NE,thirdAndShort,0,0,0,8,14,0,37
2023,00-0038608,NE,earlyAndLong,4,2,19,0,0,0,511
2023,00-0033045,NE,thirdAndLong,7,4,30,6,33,0,99
2023,00-0038621,NE,thirdAndLong,10,6,57,0,0,0,99
2023,00-0036389,PHI,thirdAndMedium,0,0,0,11,57,0,69
2023,00-0034351,PHI,thirdAndLong,11,5,63,0,0,0,93
2023,00-0034829,NE,earlyAndLong,15,10,79,0,0,0,511
2023,00-0036875,NE,thirdAndLong,9,7,38,1,6,0,99
2023,00-0033090,NE,fourthDown,3,1,12,0,0,0,21
2023,00-0036875,NE,redZone,4,3,25,11,34,0,57
2023,00-0033045,NE,redZone,5,3,32,11,19,2,57
2023,00-0034414,PHI,earlyAndLong,3,1,7,8,43,0,585
2023,00-0034829,NE,redZone,5,2,19,0,0,1,57
2023,00-0033045,NE,chasingLate,3,3,23,5,14,0,51
2023,00-0036912,PHI,fourthDown,6,3,25,0,0,0,20
2023,00-0033307,NE,chasingLate,4,3,25,0,0,0,51
2023,00-0038621,NE,chasingLate,5,0,0,0,0,0,51
2023,00-0036875,NE,thirdAndShort,1,1,7,9,25,0,37
2023,00-0034829,NE,chasingLate,4,2,22,0,0,0,51
2023,00-0037247,PIT,earlyAndLong,53,37,533,3,30,1,514
2023,00-0037837,PIT,earlyDown,2,1,-1,4,21,0,154
2023,00-0035719,SF,earlyAndLong,62,41,597,23,136,3,598
2023,00-0035719,SF,earlyDown,9,8,119,8,43,1,143
2023,00-0033280,SF,thirdAndShort,3,1,2,13,67,0,43
2023,00-0033280,SF,earlyAndLong,62,55,478,164,964,5,598
2023,00-0033280,SF,earlyDown,9,5,55,62,391,0,143
2023,00-0036261,SF,insideTen,5,2,14,0,0,2,60
2023,00-0036893,PIT,earlyAndLong,21,15,57,160,697,0,514
2023,00-0037837,PIT,earlyAndLong,14,8,48,6,29,0,514
2023,00-0035216,PIT,thirdAndMedium,16,8,188,0,0,1,67
2023,00-0036261,SF,earlyAndLong,73,49,992,0,0,1,598
2023,00-0033288,SF,earlyAndLong,55,39,621,0,0,2,598
2023,00-0036259,SF,earlyAndLong,19,14,194,1,-1,0,598
2023,00-0033288,SF,thirdAndLong,10,6,140,0,0,0,94
2023,00-0031428,PIT,earlyAndLong,25,20,125,0,0,0,514
2023,00-0035216,PIT,thirdAndLong,13,5,93,0,0,0,106
2023,00-0036567,SF,earlyAndLong,4,3,4,42,202,0,598
2023,00-0033280,SF,redZone,10,8,35,35,146,3,113
2023,00-0036261,SF,redZone,6,4,60,0,0,3,113
2023,00-0037228,PIT,earlyAndLong,25,21,130,91,556,1,514
2023,00-0036261,SF,thirdAndLong,14,10,162,0,0,0,94
2023,00-0033288,SF,redZone,10,7,56,0,0,1,113
2023,00-0036894,PIT,thirdAndMedium,11,7,71,0,0,0,67
2023,00-0037834,SF,earlyAndLong,0,0,0,12,85,0,598
2023,00-0033280,SF,thirdAndMedium,2,2,40,3,12,0,45
2023,00-0036567,SF,earlyDown,2,2,15,13,41,0,143
2023,00-0037247,PIT,earlyDown,14,8,182,0,0,2,154
2023,00-0036893,PIT,thirdAndShort,1,1,4,6,44,0,38
2023,00-0035216,PIT,earlyDown,11,10,110,0,0,1,154
2023,00-0035216,PIT,earlyAndLong,31,19,241,0,0,0,514
2023,00-0036894,PIT,redZone,4,2,21,0,0,1,69
2023,00-0035216,PIT,redZone,7,3,22,0,0,0,69
2023,00-0037247,PIT,redZone,7,3,19,0,0,0,69
2023,00-0031428,PIT,thirdAndMedium,5,1,10,0,0,0,67
2023,00-0036893,PIT,earlyDown,6,3,14,52,193,0,154
2023,00-0037304,PIT,earlyAndLong,18,11,84,0,0,0,514
2023,00-0036893,PIT,redZone,1,1,6,22,49,0,69
2023,00-0037228,PIT,insideTen,2,2,1,5,10,0,43
2023,00-0036261,SF,thirdAndMedium,10,7,90,0,0,0,45
2023,00-0031428,PIT,earlyDown,7,5,45,0,0,0,154
2023,00-0037834,SF,thirdAndLong,0,0,0,5,48,0,94
2023,00-0035719,SF,thirdAndLong,17,9,182,2,5,1,94
2023,00-0037247,PIT,thirdAndShort,6,2,75,1,3,1,38
2023,00-0038102,PIT,earlyAndLong,0,0,0,6,28,0,514
2023,00-0037228,PIT,earlyDown,13,10,55,26,98,0,154
2023,00-0037228,PIT,chasingLate,5,5,18,7,29,0,41
2023,00-0031428,PIT,thirdAndLong,7,6,76,0,0,0,106
2023,00-0031428,PIT,chasingLate,3,2,31,0,0,0,41
2023,00-0037837,PIT,thirdAndLong,6,4,99,0,0,1,106
2023,00-0034972,MIN,earlyAndLong,24,20,118,121,545,0,535
2023,00-0036322,MIN,earlyDown,21,15,218,0,0,1,129
2023,00-0036322,MIN,thirdAndLong,10,7,107,0,0,0,98
2023,00-0037311,TB,earlyAndLong,3,0,0,0,0,0,572
2023,00-0037256,TB,thirdAndLong,11,10,90,3,14,1,110
2023,00-0032918,MIN,earlyAndLong,6,4,10,1,7,0,535
2023,00-0036322,MIN,earlyAndLong,43,33,577,0,0,2,535
2023,00-0035229,MIN,earlyAndLong,61,46,485,0,0,1,535
2023,00-0034972,MIN,earlyDown,2,0,0,27,105,0,129
2023,00-0029604,MIN,thirdAndShort,0,0,0,4,5,0,32
2023,00-0037256,TB,earlyAndLong,37,32,289,177,633,1,572
2023,00-0033921,TB,earlyDown,17,11,105,2,5,0,150
2023,00-0033921,TB,earlyAndLong,54,38,415,1,14,0,572
2023,00-0038129,TB,earlyDown,10,9,89,0,0,0,150
2023,00-0031408,TB,thirdAndMedium,15,7,110,0,0,1,77
2023,00-0035249,MIN,earlyDown,8,6,69,0,0,0,129
2023,00-0037256,TB,redZone,7,7,42,20,65,1,76
2023,00-0037256,TB,earlyDown,11,9,110,46,194,1,150
2023,00-0037256,TB,thirdAndMedium,5,5,32,2,3,0,77
2023,00-0037276,MIN,earlyAndLong,15,12,90,64,293,0,535
2023,00-0038994,MIN,thirdAndLong,16,10,234,0,0,3,98
2023,00-0038951,TB,earlyAndLong,2,2,9,11,23,0,572
2023,00-0034855,TB,thirdAndMedium,0,0,0,8,40,0,77
2023,00-0036345,MIN,earlyAndLong,34,27,233,0,0,0,535
2023,00-0036322,MIN,thirdAndShort,5,2,26,0,0,0,32
2023,00-0036345,MIN,insideTen,6,3,20,0,0,2,53
2023,00-0034972,MIN,insideTen,4,2,13,5,5,2,53
2023,00-0038994,MIN,insideTen,7,3,19,0,0,2,53
2023,00-0039052,TB,earlyDown,8,3,69,2,19,1,150
2023,00-0036345,MIN,thirdAndLong,9,7,98,0,0,0,98
2023,00-0031408,TB,earlyAndLong,75,52,897,0,0,5,572
2023,00-0037487,TB,earlyAndLong,15,12,60,5,43,0,572
2023,00-0035229,MIN,thirdAndMedium,13,9,86,0,0,0,59
2023,00-0038994,MIN,earlyAndLong,45,30,302,0,0,1,535
2023,00-0036345,MIN,redZone,5,1,14,0,0,0,71
2023,00-0034681,TB,earlyAndLong,14,11,57,29,119,0,572
2023,00-0034681,TB,earlyDown,2,2,19,19,82,0,150
2023,00-0038129,TB,redZone,9,6,51,0,0,2,76
2023,00-0037256,TB,insideTen,3,2,11,13,22,1,39
2023,00-0033921,TB,insideTen,8,1,7,0,0,0,39
2023,00-0035249,MIN,earlyAndLong,15,12,125,0,0,0,535
2023,00-0035229,MIN,redZone,7,5,44,0,0,1,71
2023,00-0034972,MIN,redZone,5,2,11,12,26,0,71
2023,00-0034972,MIN,goalLine,2,1,2,7,-10,1,24
2023,00-0038951,TB,earlyDown,0,0,0,4,0,0,150
2023,00-0034855,TB,thirdAndLong,0,0,0,8,68,0,110
2023,00-0037256,TB,thirdAndShort,1,1,3,14,105,0,32
2023,00-0034855,TB,earlyAndLong,0,0,0,13,60,0,572
2023,00-0031408,TB,earlyDown,11,4,33,0,0,0,150
2023,00-0039052,TB,thirdAndMedium,12,6,52,0,0,0,77
2023,00-0038821,TB,earlyAndLong,7,4,60,1,0,0,572
2023,00-0033921,TB,thirdAndLong,24,16,254,0,0,1,110
2023,00-0037809,TEN,earlyAndLong,31,21,238,1,2,0,503
2023,00-0029701,TEN,earlyAndLong,1,0,0,8,29,0,503
2023,00-0039032,TEN,thirdAndLong,18,14,123,5,38,0,100
2023,00-0032765,NO,earlyAndLong,29,20,218,0,0,0,533
2023,00-0033948,NO,earlyAndLong,12,12,52,59,161,0,533
2023,00-0033948,NO,earlyDown,3,3,4,20,74,0,141
2023,00-0032765,NO,thirdAndMedium,5,3,57,0,0,0,65
2023,00-0037545,NO,earlyAndLong,34,23,383,7,37,2,533
2023,00-0033948,NO,redZone,1,1,3,7,29,0,84
2023,00-0032765,NO,insideTen,5,0,0,0,0,0,67
2023,00-0032764,TEN,earlyAndLong,27,23,179,174,829,2,503
2023,00-0032764,TEN,earlyDown,6,3,26,53,185,0,114
2023,00-0030564,TEN,earlyAndLong,72,47,690,0,0,3,503
2023,00-0039032,TEN,redZone,4,2,7,6,27,1,56
2023,00-0032764,TEN,redZone,1,1,4,13,72,2,56
2023,00-0036182,TEN,redZone,4,2,16,0,0,1,56
2023,00-0036040,NO,earlyAndLong,21,14,170,0,0,1,533
2023,00-0037239,NO,thirdAndLong,24,14,244,0,0,0,98
2023,00-0036182,TEN,earlyAndLong,24,17,209,0,0,1,503
2023,00-0037239,NO,earlyAndLong,55,45,590,0,0,1,533
2023,00-0036040,NO,thirdAndLong,9,5,57,0,0,0,98
2023,00-0031280,NO,earlyAndLong,0,0,0,4,16,0,533
2023,00-0037239,NO,earlyDown,18,8,64,0,0,0,141
2023,00-0037545,NO,redZone,5,3,34,0,0,1,84
2023,00-0033357,NO,redZone,2,1,8,10,79,1,84
2023,00-0032765,NO,redZone,4,2,21,0,0,1,84
2023,00-0030564,TEN,thirdAndMedium,13,6,57,0,0,0,55
2023,00-0037742,TEN,earlyAndLong,17,12,188,3,16,0,503
2023,00-0030564,TEN,redZone,8,3,36,1,5,1,56
2023,00-0039032,TEN,earlyAndLong,27,20,89,55,279,0,503
2023,00-0032398,TEN,earlyAndLong,16,11,262,1,38,0,503
2023,00-0037239,NO,thirdAndMedium,17,7,86,0,0,0,65
2023,00-0033357,NO,earlyAndLong,28,24,231,41,220,1,533
2023,00-0035860,NO,earlyDown,0,0,0,3,12,0,141
2023,00-0033948,NO,thirdAndShort,0,0,0,8,17,0,30
2023,00-0037742,TEN,earlyDown,4,1,13,0,0,0,114
2023,00-0030564,TEN,thirdAndLong,14,6,125,0,0,0,100
2023,00-0030564,TEN,earlyDown,13,6,77,0,0,0,114
2023,00-0039032,TEN,earlyDown,4,3,11,11,9,0,114
2023,00-0037545,NO,thirdAndMedium,9,4,59,0,0,0,65
2023,00-0037838,BAL,earlyAndLong,24,19,276,0,0,2,595
2023,00-0034975,BAL,earlyDown,2,1,6,15,84,0,155
2023,00-0031235,BAL,earlyDown,10,3,21,0,0,0,155
2023,00-0034753,BAL,earlyAndLong,32,26,360,0,0,0,595
2023,00-0031235,BAL,insideTen,7,2,15,0,0,1,70
2023,00-0031235,BAL,earlyAndLong,34,22,368,0,0,1,595
2023,00-0036550,BAL,earlyDown,9,8,90,0,0,0,155
2023,00-0031549,BAL,earlyAndLong,24,20,255,0,0,0,595
2023,00-0036331,BAL,earlyAndLong,4,0,0,2,13,0,595
2023,00-0035291,CIN,thirdAndLong,3,2,-1,3,29,0,97
2023,00-0034753,BAL,thirdAndMedium,3,1,13,0,0,0,63
2023,00-0034975,BAL,thirdAndShort,2,1,3,7,31,0,41
2023,00-0038597,CIN,earlyAndLong,11,10,112,25,144,1,511
2023,00-0036410,CIN,thirdAndShort,4,3,36,0,0,0,34
2023,00-0033897,CIN,redZone,8,7,47,21,89,1,80
2023,00-0036900,CIN,insideTen,5,1,6,0,0,0,56
2023,00-0031549,BAL,earlyDown,5,1,10,0,0,0,155
2023,00-0034753,BAL,earlyDown,6,3,33,0,0,0,155
2023,00-0034796,BAL,thirdAndLong,0,0,0,7,78,0,85
2023,00-0036442,CIN,earlyAndLong,0,0,0,8,66,0,511
2023,00-0036410,CIN,redZone,8,5,58,0,0,1,80
2023,00-0033009,CIN,thirdAndMedium,13,5,57,0,0,0,51
2023,00-0036900,CIN,redZone,11,7,55,0,0,1,80
2023,00-0033897,CIN,insideTen,5,5,27,24,59,5,56
2023,00-0034184,BAL,thirdAndMedium,1,1,12,2,6,0,63
2023,00-0034184,BAL,thirdAndShort,0,0,0,13,44,0,41
2023,00-0034796,BAL,redZone,0,0,0,21,107,1,101
2023,00-0031549,BAL,redZone,5,5,37,0,0,2,101
2023,00-0034975,BAL,thirdAndLong,5,3,55,3,31,0,85
2023,00-0034970,CIN,insideTen,3,2,15,0,0,1,56
2023,00-0036410,CIN,insideTen,3,1,4,0,0,1,56
2023,00-0034796,BAL,thirdAndMedium,0,0,0,9,42,0,63
2023,00-0031408,TB,thirdAndLong,23,11,223,0,0,1,110
2023,00-0034681,TB,redZone,0,0,0,4,-4,0,76
2023,00-0033921,TB,redZone,6,3,23,1,19,1,76
2023,00-0033757,CHI,earlyAndLong,8,5,58,0,0,0,536
2023,00-0034827,CHI,thirdAndMedium,13,9,132,0,0,0,67
2023,00-0036906,CHI,insideTen,1,1,5,4,9,0,48
2023,00-0036945,CHI,goalLine,0,0,0,5,1,2,27
2023,00-0038129,TB,earlyAndLong,41,28,331,0,0,0,572
2023,00-0034855,TB,redZone,0,0,0,3,9,0,76
2023,00-0037745,CHI,earlyAndLong,5,2,9,6,41,0,536
2023,00-0034827,CHI,thirdAndLong,27,15,256,0,0,0,104
2023,00-0038129,TB,thirdAndLong,9,6,55,0,0,0,110
2023,00-0036290,CHI,thirdAndMedium,7,6,42,0,0,0,67
2023,00-0036326,CHI,earlyDown,3,1,3,0,0,0,134
2023,00-0036906,CHI,thirdAndShort,0,0,0,3,9,0,35
2023,00-0038129,TB,thirdAndMedium,3,3,16,0,0,0,77
2023,00-0037256,TB,fourthDown,0,0,0,5,12,0,18
2023,00-0036290,CHI,thirdAndLong,11,7,58,0,0,0,104
2023,00-0036232,CLE,earlyAndLong,12,8,103,0,0,0,624
2023,00-0036980,CLE,earlyDown,6,5,41,2,8,0,159
2023,00-0031544,CLE,thirdAndShort,4,4,49,0,0,0,34
2023,00-0037257,CLE,earlyDown,4,3,25,0,0,0,159
2023,00-0033537,CLE,earlyDown,0,0,0,4,21,0,159
2023,00-0037247,PIT,thirdAndMedium,11,7,135,0,0,0,67
2023,00-0037228,PIT,thirdAndLong,17,15,97,6,33,0,106
2023,00-0031544,CLE,thirdAndMedium,13,7,139,0,0,0,67
2023,00-0037267,CLE,goalLine,1,1,3,4,6,3,31
2023,00-0037228,PIT,thirdAndMedium,8,6,67,2,6,0,67
2023,00-0036893,PIT,goalLine,0,0,0,7,2,2,22
2023,00-0036894,PIT,earlyAndLong,24,19,191,0,0,0,514
2023,00-0037247,PIT,thirdAndLong,19,8,197,0,0,0,106
2023,00-0038098,CLE,goalLine,0,0,0,3,1,1,31
2023,00-0035703,PIT,earlyAndLong,4,3,17,0,0,0,514
2023,00-0037257,CLE,thirdAndMedium,3,2,11,0,0,0,67
2023,00-0030068,CLE,earlyAndLong,6,2,57,1,-5,0,624
2023,00-0034364,CLE,earlyAndLong,16,11,99,0,0,0,624
2023,00-0037267,CLE,thirdAndShort,2,2,19,6,76,1,34
2023,00-0033885,CLE,thirdAndLong,25,18,224,0,0,0,127
2023,00-0038098,CLE,earlyAndLong,7,5,47,37,189,0,624
2023,00-0038102,PIT,thirdAndShort,0,0,0,7,3,0,38
2023,00-0037257,CLE,chasingLate,3,2,32,0,0,1,42
2023,00-0031544,CLE,chasingLate,7,5,95,0,0,1,42
2023,00-0036980,CLE,chasingLate,7,1,14,0,0,0,42
2023,00-0036233,CLE,fourthDown,3,2,37,0,0,0,29
2023,00-0039144,GB,earlyDown,5,3,37,0,0,0,146
2023,00-0033858,ATL,earlyAndLong,32,24,303,0,0,1,549
2023,00-0038797,GB,earlyDown,2,2,13,6,14,0,146
2023,00-0033858,ATL,thirdAndLong,6,5,59,0,0,0,99
2023,00-0038122,ATL,thirdAndMedium,0,0,0,5,25,0,64
2023,00-0038122,ATL,redZone,0,0,0,3,26,0,77
2023,00-0038542,ATL,goalLine,2,0,0,2,3,1,24
2023,00-0033858,ATL,goalLine,2,1,2,1,0,1,24
2023,00-0036265,GB,redZone,1,1,1,18,52,0,146
2023,00-0039144,GB,redZone,6,4,39,0,0,1,146
2023,00-0039146,GB,insideTen,6,4,33,0,0,4,56
2023,00-0037238,ATL,thirdAndLong,14,10,163,0,0,0,99
2023,00-0038393,GB,earlyDown,11,6,100,0,0,0,146
2023,00-0038797,GB,earlyAndLong,4,3,21,10,47,0,522
2023,00-0038797,GB,redZone,0,0,0,5,16,0,146
2023,00-0035973,GB,redZone,3,2,-4,7,16,0,146
2023,00-0038542,ATL,fourthDown,1,0,0,3,19,0,14
2023,00-0033858,ATL,redZone,4,3,37,0,0,1,77
2023,00-0037238,ATL,goalLine,4,2,5,0,0,1,24
2023,00-0036970,ATL,thirdAndLong,18,9,139,0,0,0,99
2023,00-0036332,GB,earlyAndLong,5,5,42,0,0,0,522
2023,00-0033858,ATL,earlyDown,12,8,89,0,0,0,133
2023,00-0037263,ATL,earlyDown,2,2,35,36,131,0,133
2023,00-0037263,ATL,redZone,2,1,0,26,89,0,77
2023,00-0039146,GB,redZone,10,7,57,2,15,2,146
2023,00-0037238,ATL,insideTen,6,2,8,0,0,0,47
2023,00-0038122,ATL,insideTen,0,0,0,5,29,4,47
2023,00-0036265,GB,thirdAndShort,1,0,0,11,28,0,47
2023,00-0037263,ATL,chasingLate,1,1,5,6,16,0,45
2023,00-0039146,GB,chasingLate,4,2,80,0,0,0,32
2023,00-0033466,IND,earlyAndLong,8,7,39,1,3,0,529
2023,00-0036876,IND,thirdAndMedium,4,4,42,0,0,0,61
2023,00-0036251,IND,earlyAndLong,20,14,77,95,416,0,529
2023,00-0038997,IND,thirdAndMedium,14,8,142,0,0,0,61
2023,00-0036554,HOU,thirdAndMedium,8,7,179,0,0,0,58
2023,00-0030431,HOU,redZone,7,2,17,0,0,0,79
2023,00-0030431,HOU,insideTen,3,1,6,0,0,1,52
2023,00-0036554,HOU,insideTen,6,3,14,0,0,2,52
2023,00-0036251,IND,thirdAndLong,3,2,10,0,0,0,88
2023,00-0036251,IND,earlyDown,3,3,28,31,146,0,128
2023,00-0038394,IND,earlyAndLong,13,9,126,0,0,0,529
2023,00-0036251,IND,redZone,5,3,36,19,70,3,97
2023,00-0036252,IND,thirdAndMedium,6,5,74,0,0,0,61
2023,00-0038394,IND,thirdAndMedium,4,3,28,0,0,0,61
2023,00-0036876,IND,insideTen,3,1,4,0,0,1,46
2023,00-0039163,HOU,earlyAndLong,0,0,0,10,62,0,596
2023,00-0033854,HOU,earlyAndLong,2,1,4,1,2,0,596
2023,00-0034383,HOU,earlyDown,9,9,97,0,0,0,127
2023,00-0037258,HOU,earlyDown,1,1,27,12,22,0,127
2023,00-0037258,HOU,goalLine,0,0,0,8,-1,2,38
2023,00-0034959,HOU,goalLine,3,2,2,3,1,3,38
2023,00-0030431,HOU,earlyDown,3,3,36,0,0,0,127
2023,00-0036556,HOU,earlyAndLong,14,12,245,0,0,1,596
2023,00-0036251,IND,thirdAndMedium,3,3,37,3,5,0,61
2023,00-0034383,HOU,chasingLate,4,4,42,0,0,0,41
2023,00-0035289,IND,thirdAndMedium,0,0,0,6,24,0,61
2023,00-0036556,HOU,thirdAndMedium,3,3,26,0,0,0,58
2023,00-0030506,KC,earlyAndLong,89,73,842,0,0,1,658
2023,00-0034272,KC,earlyAndLong,24,14,188,0,0,1,658
2023,00-0031376,KC,thirdAndLong,13,11,75,0,0,0,110
2023,00-0035628,JAX,earlyAndLong,6,5,48,23,73,0,564
2023,00-0034775,JAX,thirdAndShort,4,3,25,0,0,0,44
2023,00-0031376,KC,earlyDown,3,2,31,3,4,0,159
2023,00-0034775,JAX,earlyDown,13,9,66,1,6,0,146
2023,00-0033572,JAX,thirdAndMedium,3,2,8,0,0,0,65
2023,00-0036971,JAX,thirdAndLong,0,0,0,5,19,0,80
2023,00-0037197,KC,redZone,6,6,44,32,121,1,112
2023,00-0030506,KC,redZone,13,9,73,0,0,1,112
2023,00-0030506,KC,insideTen,10,5,26,0,0,3,76
2023,00-0034775,JAX,thirdAndLong,7,4,93,0,0,0,80
2023,00-0036913,KC,thirdAndLong,3,2,12,0,0,0,110
2023,00-0036971,JAX,goalLine,0,0,0,4,-1,2,28
2023,00-0033891,JAX,insideTen,4,2,12,0,0,1,46
2023,00-0034286,KC,earlyDown,4,1,45,0,0,0,159
2023,00-0039067,KC,earlyDown,12,10,112,0,0,0,159
2023,00-0033881,JAX,thirdAndMedium,11,8,58,0,0,0,65
2023,00-0037197,KC,aheadLate,0,0,0,4,9,0,14
2023,00-0037809,TEN,earlyDown,5,5,64,0,0,0,114
2023,00-0039032,TEN,thirdAndShort,1,1,13,9,60,0,32
2023,00-0039032,TEN,thirdAndMedium,9,6,85,5,14,1,55
2023,00-0033536,LAC,earlyDown,4,2,4,0,0,0,144
2023,00-0036988,LAC,thirdAndLong,11,5,88,0,0,0,91
2023,00-0033895,LAC,redZone,4,3,13,0,0,0,67
2023,00-0036988,LAC,insideTen,3,1,3,0,0,0,55
2023,00-0032764,TEN,insideTen,1,0,0,14,29,2,41
2023,00-0032764,TEN,goalLine,0,0,0,10,7,6,20
2023,00-0038045,LAC,redZone,2,2,14,5,21,0,67
2023,00-0038544,LAC,redZone,4,2,10,0,0,0,67
2023,00-0037475,LAC,earlyAndLong,10,5,57,0,0,0,527
2023,00-0030279,LAC,redZone,3,2,15,0,0,1,67
2023,00-0037809,TEN,thirdAndLong,16,12,71,0,0,0,100
2023,00-0033895,LAC,thirdAndLong,5,4,22,0,0,0,91
2023,00-0030279,LAC,thirdAndLong,18,12,153,0,0,0,91
2023,00-0035329,LAC,chasingLate,3,1,7,0,0,0,45
2023,00-0030279,LAC,chasingLate,9,6,85,0,0,0,45
2023,00-0036988,LAC,redZone,4,2,12,0,0,0,67
2023,00-0032764,TEN,thirdAndShort,1,1,5,6,8,0,32
2023,00-0031381,LV,thirdAndShort,8,7,124,0,0,0,39
2023,00-0038563,LV,earlyAndLong,16,9,184,7,70,1,489
2023,00-0031381,LV,redZone,15,7,42,0,0,1,76
2023,00-0032104,LV,earlyAndLong,6,5,29,4,39,0,489
2023,00-0034857,BUF,insideTen,0,0,0,11,46,5,69
2023,00-0030513,BUF,insideTen,2,1,3,8,26,1,69
2023,00-0032104,LV,thirdAndMedium,5,2,6,5,21,0,69
2023,00-0035689,BUF,earlyDown,3,3,16,0,0,0,177
2023,00-0035689,BUF,thirdAndMedium,4,3,24,0,0,0,57
2023,00-0036196,BUF,earlyDown,9,5,107,0,0,0,177
2023,00-0031763,LV,thirdAndLong,3,1,3,0,0,0,69
2023,00-0037248,BUF,insideTen,5,3,11,14,37,2,69
2023,00-0030513,BUF,goalLine,1,1,1,9,5,3,39
2023,00-0038933,BUF,redZone,5,3,20,0,0,0,103
2023,00-0037261,BUF,redZone,3,3,41,1,10,3,103
2023,00-0039066,LV,earlyAndLong,15,11,140,0,0,0,489
2023,00-0031588,BUF,thirdAndShort,4,4,27,0,0,0,53
2023,00-0034857,BUF,redZone,0,0,0,15,86,3,103
2023,00-0030513,BUF,thirdAndShort,2,1,8,13,27,0,53
2023,00-0035689,BUF,redZone,4,1,10,0,0,0,103
2023,00-0037248,BUF,thirdAndLong,1,1,-4,2,15,0,89
2023,00-0031381,LV,thirdAndMedium,12,4,35,0,0,0,69
2023,00-0036196,BUF,thirdAndMedium,6,2,50,0,0,0,57
2023,00-0038040,LV,earlyDown,3,2,11,22,125,0,127
2023,00-0034983,LV,chasingLate,4,4,58,0,0,0,28
2023,00-0038040,LV,chasingLate,2,2,24,1,8,0,28
2023,00-0038040,LV,redZone,1,1,2,9,29,0,76
2023,00-0031547,NE,earlyDown,7,4,27,0,0,0,139
2023,00-0034419,MIA,thirdAndMedium,10,9,82,0,0,0,59
2023,00-0031687,MIA,earlyDown,0,0,0,35,147,0,142
2023,00-0031547,NE,thirdAndMedium,8,3,57,0,0,0,68
2023,00-0034419,MIA,earlyDown,3,2,6,0,0,0,142
2023,00-0036020,MIA,earlyDown,2,2,-4,5,15,0,142
2023,00-0036020,MIA,insideTen,1,1,0,2,11,1,67
2023,00-0036613,MIA,thirdAndLong,15,9,172,0,0,0,93
2023,00-0036972,NE,thirdAndShort,0,0,0,6,9,0,37
2023,00-0031547,NE,earlyAndLong,28,21,253,0,0,0,511
2023,00-0031547,NE,thirdAndLong,9,4,49,0,0,0,99
2023,00-0031687,MIA,thirdAndShort,2,0,0,5,25,0,28
2023,00-0033040,MIA,goalLine,7,3,1,0,0,2,41
2023,00-0036613,MIA,earlyDown,8,5,77,2,10,0,142
2023,00-0033040,MIA,thirdAndMedium,15,14,235,0,0,2,59
2023,00-0039040,MIA,earlyAndLong,19,14,103,67,542,2,536
2023,00-0033090,NE,earlyDown,6,4,38,0,0,0,139
2023,00-0034829,NE,thirdAndLong,10,7,68,0,0,0,99
2023,00-0036875,NE,goalLine,0,0,0,3,3,2,13
2023,00-0036212,MIA,thirdAndShort,0,0,0,3,8,0,28
2023,00-0033090,NE,chasingLate,3,1,8,0,0,0,51
2023,00-0034351,PHI,earlyAndLong,46,38,357,0,0,0,585
2023,00-0035676,PHI,insideTen,4,2,5,0,0,1,58
2023,00-0036275,PHI,insideTen,1,1,9,22,64,5,58
2023,00-0036389,PHI,insideTen,0,0,0,10,14,1,58
2023,00-0036275,PHI,earlyDown,7,4,10,46,218,0,146
2023,00-0036345,MIN,thirdAndMedium,8,4,26,0,0,0,59
2023,00-0035229,MIN,thirdAndLong,19,15,174,0,0,0,98
2023,00-0036322,MIN,redZone,4,3,21,0,0,0,71
2023,00-0035229,MIN,insideTen,5,3,12,0,0,2,53
2023,00-0036275,PHI,thirdAndMedium,0,0,0,5,35,0,69
2023,00-0034414,PHI,earlyDown,1,1,4,5,35,0,146
2023,00-0036275,PHI,redZone,4,4,12,11,63,0,84
2023,00-0036389,PHI,goalLine,0,0,0,17,18,13,32
2023,00-0035229,MIN,earlyDown,10,10,73,0,0,0,129
2023,00-0036912,PHI,thirdAndMedium,12,9,137,0,0,1,69
2023,00-0038994,MIN,earlyDown,9,8,122,0,0,0,129
2023,00-0036322,MIN,thirdAndMedium,6,4,58,0,0,0,59
2023,00-0034750,PHI,earlyDown,0,0,0,4,8,0,146
2023,00-0034750,PHI,earlyAndLong,1,1,5,7,25,0,585
2023,00-0036389,PHI,fourthDown,0,0,0,8,19,0,20
2023,00-0036345,MIN,earlyDown,4,2,74,0,0,0,129
2023,00-0035676,PHI,thirdAndMedium,12,9,130,0,0,0,69
2023,00-0036275,PHI,goalLine,0,0,0,5,-4,1,32
2023,00-0034972,MIN,chasingLate,2,1,16,2,2,0,34
2023,00-0035229,MIN,chasingLate,5,1,9,0,0,0,34
2023,00-0032765,NO,thirdAndShort,3,1,6,0,0,0,30
2023,00-0030035,CAR,thirdAndLong,19,11,106,0,0,0,117
2023,00-0034317,NO,earlyAndLong,3,2,10,0,0,0,533
2023,00-0035860,NO,earlyAndLong,4,3,12,13,41,0,533
2023,00-0033357,NO,earlyDown,2,2,7,8,59,0,141
2023,00-0034981,NO,earlyAndLong,12,11,97,0,0,0,533
2023,00-0033948,NO,insideTen,0,0,0,6,13,0,67
2023,00-0032765,NO,earlyDown,5,5,46,0,0,0,141
2023,00-0032765,NO,thirdAndLong,9,6,87,0,0,0,98
2023,00-0033357,NO,insideTen,2,0,0,12,18,0,67
2023,00-0037239,NO,insideTen,6,3,20,0,0,3,67
2023,00-0035860,NO,insideTen,1,0,0,3,6,0,67
2023,00-0034777,CAR,earlyAndLong,21,8,115,0,0,0,530
2023,00-0039062,CAR,thirdAndMedium,9,5,65,0,0,0,63
2023,00-0036040,NO,earlyDown,8,5,44,0,0,0,141
2023,00-0037545,NO,thirdAndShort,3,2,5,0,0,0,30
2023,00-0039062,CAR,earlyDown,11,6,58,0,0,0,133
2023,00-0037545,NO,thirdAndLong,7,4,97,0,0,1,98
2023,00-0039150,CAR,thirdAndLong,0,0,0,7,88,0,117
2023,00-0035860,NO,thirdAndShort,1,1,0,2,7,0,30
2023,00-0036040,NO,redZone,5,4,24,0,0,0,84
2023,00-0037239,NO,redZone,6,4,33,0,0,1,84
2023,00-0039062,CAR,chasingLate,4,3,37,0,0,0,51
2023,00-0039062,CAR,thirdAndShort,3,0,0,0,0,0,41
2023,00-0036555,CAR,fourthDown,0,0,0,6,31,0,41
2023,00-0030035,CAR,goalLine,4,2,4,0,0,2,19
2023,00-0035535,NYG,thirdAndShort,3,2,59,0,0,1,37
2023,00-0033553,ARI,earlyDown,4,4,20,20,94,0,105
2023,00-0038559,ARI,thirdAndLong,10,7,120,0,0,0,109
2023,00-0033553,ARI,insideTen,1,1,5,11,34,4,38
2023,00-0036936,ARI,thirdAndMedium,6,3,41,0,0,0,60
2023,00-0033949,ARI,thirdAndShort,0,0,0,10,28,0,26
2023,00-0038705,ARI,thirdAndLong,9,9,49,6,20,0,109
2023,00-0031610,NYG,thirdAndLong,13,9,125,0,0,0,120
2023,00-0031610,NYG,redZone,3,3,31,0,0,1,73
2023,00-0035662,ARI,goalLine,5,3,6,0,0,3,32
2023,00-0033949,ARI,goalLine,0,0,0,4,5,1,32
2023,00-0032385,NYG,redZone,4,1,4,0,0,0,73
2023,00-0034844,NYG,insideTen,3,2,14,10,20,4,35
2023,00-0034844,NYG,goalLine,1,0,0,6,9,4,12
2023,00-0036165,NYG,redZone,3,2,23,0,0,2,73
2023,00-0033308,NYG,thirdAndLong,4,3,19,3,15,0,120
2023,00-0035261,DAL,earlyDown,11,10,47,45,134,0,146
2023,00-0036139,DAL,earlyDown,3,3,28,13,81,0,146
2023,00-0037740,NYJ,earlyDown,16,8,78,0,0,0,113
2023,00-0037666,DAL,earlyAndLong,14,11,159,0,0,0,561
2023,00-0037666,DAL,earlyDown,5,4,69,0,0,0,146
2023,00-0033077,DAL,thirdAndShort,0,0,0,5,11,0,41
2023,00-0037666,DAL,thirdAndLong,5,1,7,0,0,0,72
2023,00-0034764,DAL,redZone,5,2,13,0,0,0,131
2023,00-0037801,DAL,thirdAndMedium,5,5,82,0,0,2,73
2023,00-0038622,DAL,redZone,0,0,0,4,11,0,131
2023,00-0036924,NYJ,earlyDown,3,2,5,5,66,0,113
2023,00-0037013,NYJ,earlyAndLong,0,0,0,12,90,0,521
2023,00-0037740,NYJ,redZone,8,5,35,0,0,0,56
2023,00-0036358,DAL,thirdAndLong,20,16,349,0,0,2,72
2023,00-0036139,DAL,goalLine,0,0,0,5,4,2,44
2023,00-0034270,NYJ,thirdAndLong,11,10,89,0,0,0,112
2023,00-0035261,DAL,thirdAndMedium,2,1,19,3,37,0,73
2023,00-0035140,NYJ,earlyAndLong,12,8,115,1,3,0,521
2023,00-0035261,DAL,thirdAndShort,1,1,4,8,41,0,41
2023,00-0034270,NYJ,chasingLate,7,4,36,0,0,0,65
2023,00-0034521,NYJ,chasingLate,7,2,39,0,0,0,65
2023,00-0033893,NYJ,thirdAndLong,2,2,17,2,7,0,112
2023,00-0036924,NYJ,chasingLate,7,6,25,0,0,0,65
2023,00-0036139,DAL,aheadLate,0,0,0,3,6,0,14
2023,00-0035640,SEA,redZone,14,5,51,0,0,1,82
2023,00-0038134,SEA,insideTen,0,0,0,10,12,1,49
2023,00-0038134,SEA,goalLine,0,0,0,9,6,5,20
2023,00-0039165,SEA,earlyAndLong,23,19,118,51,265,0,482
2023,00-0038543,SEA,thirdAndLong,17,12,165,0,0,1,81
2023,00-0039139,DET,thirdAndLong,7,5,33,7,68,0,95
2023,00-0039065,DET,fourthDown,4,2,10,0,0,0,31
2023,00-0035644,SEA,earlyAndLong,23,19,246,0,0,0,482
2023,00-0038543,SEA,thirdAndShort,4,1,16,0,0,0,34
2023,00-0038752,SEA,earlyAndLong,12,11,89,0,0,0,482
2023,00-0030565,SEA,thirdAndMedium,0,0,0,3,21,0,56
2023,00-0032211,SEA,earlyDown,9,6,61,0,0,0,126
2023,00-0036963,DET,redZone,18,13,119,1,3,3,104
2023,00-0039065,DET,insideTen,9,5,29,0,0,3,86
2023,00-0038543,SEA,insideTen,5,1,9,0,0,1,49
2023,00-0039139,DET,thirdAndShort,1,1,4,7,5,0,40
2023,00-0039165,SEA,insideTen,0,0,0,10,5,0,49
2023,00-0032211,SEA,goalLine,3,1,3,0,0,1,20
2023,00-0035567,DET,earlyAndLong,4,4,19,20,79,0,617
2023,00-0035567,DET,insideTen,0,0,0,5,8,1,86
2023,00-0033943,DET,insideTen,6,4,29,0,0,3,86
2023,00-0033943,DET,chasingLate,4,3,64,0,0,0,42
2023,00-0039139,DET,chasingLate,6,5,31,2,8,0,42
2023,00-0036963,DET,chasingLate,7,3,52,0,0,0,42
2023,00-0039139,DET,thirdAndMedium,4,3,14,4,26,0,67
2023,00-0032211,SEA,insideTen,4,2,11,0,0,2,49
2023,00-0033288,SF,earlyDown,8,6,126,0,0,1,143
2023,00-0039075,LA,earlyDown,20,17,227,2,10,1,143
2023,00-0037840,LA,thirdAndShort,1,0,0,11,64,0,34
2023,00-0037840,LA,earlyDown,7,5,14,30,178,0,143
2023,00-0036259,SF,thirdAndLong,12,7,78,0,0,0,94
2023,00-0037557,LA,earlyAndLong,6,6,37,22,89,0,560
2023,00-0037834,SF,redZone,0,0,0,5,29,0,113
2023,00-0035719,SF,redZone,15,10,93,7,50,4,113
2023,00-0033110,LA,earlyDown,12,8,90,0,0,0,143
2023,00-0039075,LA,thirdAndShort,5,3,96,0,0,1,34
2023,00-0039075,LA,fourthDown,3,2,22,0,0,0,18
2023,00-0033280,SF,insideTen,8,6,32,22,61,8,60
2023,00-0035719,SF,insideTen,2,1,9,1,3,0,60
2023,00-0033110,LA,chasingLate,3,1,15,0,0,0,29
2023,00-0039075,LA,chasingLate,8,4,67,0,0,0,29
2023,00-0037840,LA,fourthDown,0,0,0,3,13,0,18
2023,00-0033280,SF,aheadLate,0,0,0,7,18,0,22
2023,00-0033280,SF,thirdAndLong,11,7,47,5,33,0,94
2023,00-0036415,LA,chasingLate,4,2,15,0,0,0,29
2023,00-0037741,WAS,thirdAndLong,7,5,71,0,0,0,98
2023,00-0036628,WAS,earlyAndLong,15,10,78,0,0,0,530
2023,00-0036407,DEN,earlyAndLong,45,30,492,0,0,1,483
2023,00-0029263,DEN,thirdAndShort,0,0,0,13,35,0,37
2023,00-0038794,DEN,insideTen,1,1,8,4,7,1,58
2023,00-0036626,WAS,earlyAndLong,10,4,39,0,0,0,530
2023,00-0035659,WAS,earlyDown,12,8,85,0,0,1,127
2023,00-0038976,DEN,earlyAndLong,18,12,270,6,9,1,483
2023,00-0036328,WAS,earlyAndLong,27,22,162,38,171,0,530
2023,00-0035406,DEN,earlyAndLong,7,3,34,0,0,0,483
2023,00-0036407,DEN,thirdAndLong,13,10,158,0,0,0,83
2023,00-0029263,DEN,fourthDown,0,0,0,6,28,0,15
2023,00-0036997,DEN,redZone,1,1,3,25,70,0,87
2023,00-0037382,DEN,redZone,3,3,30,0,0,1,87
2023,00-0035659,WAS,thirdAndLong,12,5,100,0,0,0,98
2023,00-0031260,WAS,insideTen,4,2,11,0,0,2,35
2023,00-0037746,WAS,goalLine,1,1,1,6,4,2,33
2023,00-0037077,WAS,thirdAndLong,0,0,0,6,83,0,98
2023,00-0034348,DEN,thirdAndLong,9,4,89,0,0,0,83
2023,00-0034348,DEN,thirdAndShort,4,3,41,0,0,0,37
2023,00-0031595,DEN,earlyDown,1,1,1,5,10,0,110
2023,00-0034297,WAS,earlyAndLong,10,6,35,0,0,0,530
2023,00-0036997,DEN,chasingLate,2,2,9,5,14,0,46
2023,00-0033526,DEN,insideTen,1,1,5,4,11,0,58
2023,00-0029263,DEN,goalLine,0,0,0,4,6,3,29
2023,00-0034348,DEN,chasingLate,4,3,41,0,0,0,46
2023,00-0037382,DEN,chasingLate,4,2,59,0,0,1,46
2023,00-0036407,DEN,thirdAndMedium,9,2,30,0,0,0,52
2023,00-0037157,DET,earlyAndLong,1,1,8,2,10,0,617
2023,00-0032464,DET,thirdAndLong,6,5,50,0,0,0,95
2023,00-0039139,DET,redZone,4,3,17,21,128,4,104
2023,00-0036963,DET,thirdAndMedium,14,10,144,1,2,0,67
2023,00-0037238,ATL,thirdAndMedium,11,5,60,0,0,0,64
2023,00-0031585,ATL,earlyAndLong,3,3,24,0,0,0,549
2023,00-0037263,ATL,thirdAndShort,0,0,0,10,24,0,29
2023,00-0034854,ATL,thirdAndMedium,3,2,24,0,0,0,64
2023,00-0037238,ATL,redZone,8,6,48,0,0,1,77
2023,00-0035567,DET,aheadLate,0,0,0,5,14,0,20
2023,00-0039139,DET,aheadLate,1,0,0,3,-2,0,20
2023,00-0038542,ATL,chasingLate,4,4,24,2,13,0,45
2023,00-0033858,ATL,chasingLate,6,4,46,0,0,0,45
2023,00-0037248,BUF,redZone,3,2,19,20,67,1,103
2023,00-0036626,WAS,thirdAndLong,3,2,46,0,0,1,98
2023,00-0037077,WAS,earlyDown,0,0,0,3,45,0,127
2023,00-0037261,BUF,thirdAndMedium,5,5,76,0,0,0,57
2023,00-0034487,BUF,earlyAndLong,13,7,53,0,0,0,610
2023,00-0035657,BUF,thirdAndShort,0,0,0,4,11,0,53
2023,00-0036328,WAS,thirdAndShort,2,1,7,1,9,0,37
2023,00-0036328,WAS,thirdAndMedium,3,3,19,1,5,0,53
2023,00-0036196,BUF,thirdAndLong,9,3,50,0,0,0,89
2023,00-0030513,BUF,redZone,1,1,6,3,10,0,103
2023,00-0037741,WAS,thirdAndMedium,9,3,30,0,0,0,53
2023,00-0037248,BUF,goalLine,0,0,0,4,1,1,39
2023,00-0035659,WAS,chasingLate,9,7,71,0,0,0,55
2023,00-0036628,WAS,chasingLate,3,3,26,0,0,0,55
2023,00-0037741,WAS,chasingLate,3,2,23,0,0,0,55
2023,00-0033282,WAS,chasingLate,4,4,44,0,0,0,55
2023,00-0036425,SEA,thirdAndLong,5,4,13,0,0,0,81
2023,00-0034777,CAR,earlyDown,9,5,53,0,0,0,133
2023,00-0035243,CAR,thirdAndMedium,3,3,22,0,0,0,63
2023,00-0035243,CAR,thirdAndLong,4,1,6,0,0,0,117
2023,00-0038134,SEA,thirdAndShort,0,0,0,5,26,1,34
2023,00-0032211,SEA,thirdAndLong,12,6,102,0,0,0,81
2023,00-0038543,SEA,redZone,5,3,28,0,0,1,82
2023,00-0034777,CAR,thirdAndLong,12,7,126,0,0,1,117
2023,00-0035640,SEA,earlyDown,15,10,248,0,0,0,126
2023,00-0039165,SEA,thirdAndShort,2,2,7,7,38,0,34
2023,00-0038752,SEA,redZone,3,1,18,0,0,1,82
2023,00-0036244,SEA,redZone,4,2,8,0,0,0,82
2023,00-0037005,CAR,earlyAndLong,13,11,107,0,0,0,530
2023,00-0035243,CAR,goalLine,0,0,0,4,0,1,19
2023,00-0039165,SEA,goalLine,0,0,0,3,-5,1,20
2023,00-0034777,CAR,chasingLate,5,4,52,0,0,0,51
2023,00-0036955,CAR,chasingLate,3,2,18,0,0,0,51
2023,00-0030035,CAR,redZone,6,4,33,1,6,1,63
2023,00-0030506,KC,thirdAndLong,16,13,174,0,0,0,110
2023,00-0039067,KC,thirdAndMedium,10,5,74,0,0,1,59
2023,00-0033873,KC,redZone,0,0,0,6,42,0,112
2023,00-0037197,KC,goalLine,1,0,0,12,8,7,35
2023,00-0031376,KC,insideTen,2,2,14,1,7,3,76
2023,00-0034827,CHI,earlyDown,14,10,102,0,0,0,134
2023,00-0036906,CHI,thirdAndMedium,2,1,5,3,27,0,67
2023,00-0030506,KC,thirdAndShort,5,3,36,0,0,0,47
2023,00-0039067,KC,redZone,15,12,108,1,2,2,112
2023,00-0036360,KC,goalLine,1,0,0,2,1,1,35
2023,00-0036290,CHI,earlyDown,11,11,140,0,0,1,134
2023,00-0039021,CHI,earlyDown,2,2,7,9,48,0,134
2023,00-0034386,KC,earlyDown,4,2,46,0,0,0,159
2023,00-0034272,KC,redZone,6,3,27,0,0,1,112
2023,00-0038090,KC,thirdAndLong,3,2,18,0,0,0,110
2023,00-0034272,KC,thirdAndMedium,5,3,51,0,0,0,59
2023,00-0034386,KC,goalLine,3,2,6,0,0,2,35
2023,00-0030506,KC,goalLine,3,3,7,0,0,3,35
2023,00-0036945,CHI,thirdAndShort,0,0,0,7,32,0,35
2023,00-0036945,CHI,redZone,0,0,0,10,44,1,77
2023,00-0034827,CHI,redZone,5,4,43,1,16,3,77
2023,00-0036945,CHI,insideTen,0,0,0,4,15,1,48
2023,00-0031376,KC,earlyAndLong,7,4,18,9,16,0,658
2023,00-0038941,CHI,insideTen,3,1,-1,0,0,0,48
2023,00-0036360,KC,aheadLate,0,0,0,7,27,0,14
2023,00-0031376,KC,thirdAndMedium,2,2,18,2,17,0,59
2023,00-0036936,ARI,earlyDown,11,9,88,4,54,2,105
2023,00-0033553,ARI,goalLine,2,0,0,9,5,3,32
2023,00-0037569,DAL,earlyAndLong,3,2,9,0,0,0,561
2023,00-0038041,DAL,earlyDown,11,8,84,0,0,0,146
2023,00-0038738,DAL,earlyAndLong,3,3,18,0,0,0,561
2023,00-0033077,DAL,earlyAndLong,0,0,0,13,90,0,561
2023,00-0031236,DAL,thirdAndMedium,8,6,68,0,0,0,73
2023,00-0031236,DAL,redZone,3,1,8,3,15,0,131
2023,00-0038041,DAL,thirdAndLong,11,8,90,0,0,0,72
2023,00-0038705,ARI,earlyAndLong,8,5,19,33,181,1,512
2023,00-0038738,DAL,thirdAndShort,1,0,0,4,15,0,41
2023,00-0033077,DAL,thirdAndLong,0,0,0,5,36,0,72
2023,00-0031236,DAL,insideTen,7,5,38,0,0,5,76
2023,00-0036358,DAL,insideTen,16,7,31,1,0,4,76
2023,00-0034764,DAL,earlyDown,8,6,78,0,0,0,146
2023,00-0033553,ARI,aheadLate,0,0,0,8,36,0,9
2023,00-0034348,DEN,thirdAndMedium,7,4,57,0,0,0,52
2023,00-0039040,MIA,earlyDown,5,3,36,11,130,1,142
2023,00-0039040,MIA,redZone,1,1,11,12,62,0,70
2023,00-0039040,MIA,insideTen,4,3,21,9,31,5,67
2023,00-0034348,DEN,earlyDown,8,5,81,0,0,0,110
2023,00-0038783,DEN,earlyAndLong,5,4,22,0,0,0,483
2023,00-0036407,DEN,insideTen,5,2,-5,0,0,0,58
2023,00-0038794,DEN,thirdAndMedium,1,0,0,3,10,0,52
2023,00-0037382,DEN,thirdAndMedium,3,3,35,0,0,1,52
2023,00-0036407,DEN,earlyDown,5,3,21,0,0,0,110
2023,00-0037382,DEN,thirdAndLong,3,1,13,0,0,0,83
2023,00-0038685,MIA,earlyAndLong,0,0,0,6,44,0,536
2023,00-0039040,MIA,thirdAndShort,1,1,-1,3,14,0,28
2023,00-0038794,DEN,redZone,6,5,31,3,14,1,87
2023,00-0038685,MIA,aheadLate,0,0,0,4,58,0,8
2023,00-0035250,HOU,thirdAndLong,4,2,33,3,22,0,120
2023,00-0037258,HOU,thirdAndShort,0,0,0,3,2,0,33
2023,00-0038977,HOU,earlyDown,6,5,100,3,21,0,127
2023,00-0039163,HOU,goalLine,0,0,0,6,6,2,38
2023,00-0033572,JAX,earlyAndLong,8,6,63,2,0,0,564
2023,00-0037614,HOU,earlyAndLong,18,15,159,1,9,0,596
2023,00-0034383,HOU,thirdAndMedium,8,5,61,0,0,0,58
2023,00-0036887,JAX,earlyAndLong,12,12,148,0,0,0,564
2023,00-0038977,HOU,redZone,5,3,31,2,6,1,79
2023,00-0039163,HOU,redZone,0,0,0,3,15,0,79
2023,00-0037258,HOU,insideTen,0,0,0,6,16,0,52
2023,00-0036497,JAX,earlyAndLong,11,8,43,0,0,0,564
2023,00-0036971,JAX,earlyDown,0,0,0,5,63,0,146
2023,00-0033572,JAX,thirdAndLong,3,2,18,0,0,0,80
2023,00-0038977,HOU,thirdAndShort,3,2,24,0,0,0,33
2023,00-0035250,HOU,insideTen,2,1,4,12,18,1,52
2023,00-0033881,JAX,thirdAndShort,8,6,52,0,0,0,44
2023,00-0034775,JAX,fourthDown,3,1,10,0,0,0,20
2023,00-0035250,HOU,thirdAndShort,0,0,0,6,33,0,33
2023,00-0035250,HOU,redZone,2,2,11,18,95,2,79
2023,00-0035628,JAX,chasingLate,0,0,0,3,6,0,20
2023,00-0034184,BAL,redZone,0,0,0,10,39,0,101
2023,00-0034796,BAL,insideTen,0,0,0,9,53,5,70
2023,00-0036251,IND,thirdAndShort,0,0,0,10,108,1,40
2023,00-0033118,BAL,earlyAndLong,3,2,31,1,0,0,595
2023,00-0032144,BAL,earlyAndLong,2,2,23,14,38,0,595
2023,00-0036984,IND,earlyAndLong,2,1,7,14,70,0,529
2023,00-0036251,IND,insideTen,2,1,1,15,31,0,46
2023,00-0036984,IND,earlyDown,2,2,6,5,20,0,128
2023,00-0032144,BAL,earlyDown,0,0,0,6,42,0,155
2023,00-0032144,BAL,redZone,0,0,0,3,-4,0,101
2023,00-0036984,IND,thirdAndMedium,1,0,0,3,2,0,61
2023,00-0031549,BAL,thirdAndLong,8,3,32,0,0,0,85
2023,00-0037664,IND,chasingLate,3,3,83,0,0,0,37
2023,00-0038997,IND,chasingLate,3,2,18,0,0,0,37
2023,00-0037664,IND,thirdAndMedium,4,1,10,0,0,0,61
2023,00-0037838,BAL,thirdAndMedium,5,2,17,0,0,0,63
2023,00-0036355,LAC,earlyAndLong,0,0,0,12,80,0,527
2023,00-0036988,LAC,earlyDown,5,4,100,0,0,0,144
2023,00-0033895,LAC,thirdAndShort,4,2,8,0,0,0,37
2023,00-0038573,LAC,earlyAndLong,13,11,40,9,81,0,527
2023,00-0038045,LAC,earlyAndLong,3,3,18,22,60,0,527
2023,00-0038544,LAC,earlyDown,6,5,78,0,0,0,144
2023,00-0033895,LAC,goalLine,3,3,6,0,0,2,38
2023,00-0038544,LAC,thirdAndLong,9,4,69,0,0,0,91
2023,00-0036345,MIN,fourthDown,4,2,41,0,0,1,22
2023,00-0038994,MIN,thirdAndMedium,12,7,119,0,0,1,59
2023,00-0034972,MIN,thirdAndShort,1,0,0,2,18,0,32
2023,00-0037276,MIN,redZone,1,1,16,6,16,0,71
2023,00-0036345,MIN,chasingLate,4,1,22,0,0,0,34
2023,00-0034646,MIN,chasingLate,8,4,78,0,0,0,34
2023,00-0033009,CIN,thirdAndShort,3,2,16,0,0,0,34
2023,00-0038576,CIN,earlyDown,2,2,13,1,7,0,127
2023,00-0034613,CIN,thirdAndMedium,6,5,54,0,0,0,51
2023,00-0035771,CIN,earlyAndLong,9,7,45,0,0,0,511
2023,00-0034613,CIN,earlyAndLong,20,15,123,0,0,0,511
2023,00-0034613,CIN,thirdAndLong,8,5,39,0,0,0,97
2023,00-0033110,LA,thirdAndLong,4,3,24,0,0,0,91
2023,00-0037840,LA,thirdAndLong,3,3,15,7,41,0,91
2023,00-0034613,CIN,earlyDown,5,4,31,0,0,0,127
2023,00-0038576,CIN,earlyAndLong,4,3,9,1,6,0,511
2023,00-0035631,CIN,thirdAndLong,7,7,52,0,0,1,97
2023,00-0036849,LA,chasingLate,5,4,15,0,0,0,29
2023,00-0036849,LA,thirdAndMedium,5,2,7,0,0,0,63
2023,00-0036849,LA,goalLine,4,2,4,0,0,2,41
2023,00-0036875,NE,thirdAndMedium,4,1,2,2,9,0,68
2023,00-0038621,NE,thirdAndMedium,9,5,96,0,0,0,68
2023,00-0033439,NE,earlyAndLong,10,10,184,0,0,1,511
2023,00-0038120,NYJ,thirdAndShort,2,1,0,9,25,0,26
2023,00-0038120,NYJ,fourthDown,1,1,15,3,5,0,26
2023,00-0033090,NE,thirdAndLong,7,5,50,0,0,0,99
2023,00-0036972,NE,earlyAndLong,0,0,0,6,41,0,511
2023,00-0032134,NYJ,earlyAndLong,5,5,45,0,0,0,521
2023,00-0037013,NYJ,thirdAndLong,0,0,0,10,89,0,112
2023,00-0034521,NYJ,earlyDown,4,2,18,0,0,0,113
2023,00-0034270,NYJ,thirdAndMedium,12,10,126,0,0,0,71
2023,00-0028002,NYJ,redZone,4,3,31,0,0,1,56
2023,00-0037740,NYJ,insideTen,9,3,14,0,0,0,44
2023,00-0038120,NYJ,chasingLate,7,4,16,1,3,0,65
2023,00-0034270,NYJ,fourthDown,5,4,47,1,0,0,26
2023,00-0037740,NYJ,chasingLate,8,4,73,0,0,0,65
2023,00-0036264,GB,earlyAndLong,0,0,0,14,98,0,522
2023,00-0038551,NO,earlyAndLong,9,8,108,28,106,0,533
2023,00-0027696,NO,insideTen,3,3,18,0,0,3,67
2023,00-0039144,GB,thirdAndMedium,8,7,50,0,0,0,50
2023,00-0037098,GB,thirdAndLong,3,0,0,0,0,0,90
2023,00-0037816,GB,earlyDown,11,8,84,0,0,0,146
2023,00-0038393,GB,thirdAndLong,12,8,111,0,0,1,90
2023,00-0038551,NO,earlyDown,1,1,7,5,27,0,141
2023,00-0036040,NO,thirdAndMedium,8,3,33,0,0,0,65
2023,00-0035973,GB,earlyDown,1,1,-1,5,52,0,146
2023,00-0039146,GB,earlyDown,6,4,64,0,0,0,146
2023,00-0038465,GB,redZone,3,1,3,0,0,0,146
2023,00-0037816,GB,redZone,12,5,62,0,0,1,146
2023,00-0039146,GB,goalLine,3,0,0,1,0,0,32
2023,00-0036264,GB,goalLine,0,0,0,4,4,3,32
2023,00-0032765,NO,chasingLate,3,2,13,0,0,0,38
2023,00-0037239,NO,chasingLate,6,2,38,0,0,0,38
2023,00-0033357,NO,chasingLate,1,1,18,2,6,0,38
2023,00-0038117,NYG,thirdAndMedium,5,3,26,0,0,0,63
2023,00-0033308,NYG,earlyDown,1,1,2,9,20,0,112
2023,00-0038117,NYG,thirdAndLong,13,8,77,0,0,0,120
2023,00-0038647,SF,earlyAndLong,5,2,22,0,0,0,598
2023,00-0036567,SF,redZone,1,1,-5,4,16,0,113
2023,00-0031610,NYG,earlyDown,4,2,26,0,0,0,112
2023,00-0037834,SF,earlyDown,0,0,0,3,13,0,143
2023,00-0038117,NYG,earlyAndLong,40,33,287,7,73,1,520
2023,00-0029892,SF,earlyDown,6,4,70,2,5,1,143
2023,00-0036567,SF,aheadLate,0,0,0,5,13,0,22
2023,00-0036567,SF,thirdAndMedium,0,0,0,3,4,0,45
2023,00-0028118,NYG,chasingLate,0,0,0,3,36,0,43
2023,00-0037525,SF,aheadLate,0,0,0,7,22,0,22
2023,00-0033921,TB,thirdAndMedium,18,13,171,0,0,0,77
2023,00-0034351,PHI,redZone,7,4,31,1,1,1,84
2023,00-0034351,PHI,earlyDown,9,6,39,0,0,0,146
2023,00-0031408,TB,redZone,9,3,54,0,0,2,76
2023,00-0034351,PHI,thirdAndMedium,6,4,66,0,0,0,69
2023,00-0035208,PHI,thirdAndLong,5,4,79,0,0,2,93
2023,00-0036389,PHI,earlyDown,0,0,0,9,50,0,146
2023,00-0036389,PHI,thirdAndShort,0,0,0,15,37,0,35
2023,00-0035676,PHI,redZone,11,7,69,0,0,2,84
2023,00-0035676,PHI,goalLine,3,1,3,0,0,1,32
2023,00-0036741,PHI,earlyAndLong,4,3,13,0,0,0,585
2023,00-0037487,TB,redZone,4,1,5,3,21,0,76
2023,00-0031408,TB,goalLine,8,4,6,0,0,4,28
2023,00-0037256,TB,goalLine,0,0,0,6,6,5,28
2023,00-0033921,TB,goalLine,4,1,3,0,0,1,28
2023,00-0036389,PHI,redZone,0,0,0,15,60,1,84
2023,00-0037837,PIT,thirdAndMedium,5,2,15,0,0,0,67
2023,00-0032104,LV,thirdAndLong,8,8,72,3,14,0,69
2023,00-0038102,PIT,thirdAndLong,0,0,0,3,20,0,106
2023,00-0034960,LV,earlyDown,12,9,94,0,0,0,127
2023,00-0034983,LV,thirdAndLong,6,4,72,0,0,0,69
2023,00-0034960,LV,fourthDown,3,1,4,0,0,0,19
2023,00-0037228,PIT,thirdAndShort,2,1,3,3,22,0,38
2023,00-0034983,LV,earlyDown,7,6,50,0,0,0,127
2023,00-0035700,LV,redZone,4,4,22,16,34,0,76
2023,00-0031381,LV,goalLine,6,5,10,0,0,4,26
2023,00-0036894,PIT,thirdAndLong,9,6,81,0,0,0,106
2023,00-0035700,LV,thirdAndMedium,1,1,9,2,3,0,69
2023,00-0031381,LV,chasingLate,9,4,61,0,0,0,28
2023,00-0036980,CLE,thirdAndMedium,6,4,50,0,0,0,67
2023,00-0033923,CLE,earlyAndLong,14,9,33,66,213,0,624
2023,00-0033537,CLE,thirdAndMedium,0,0,0,3,10,0,67
2023,00-0037267,CLE,thirdAndMedium,5,2,10,2,-2,0,67
2023,00-0033923,CLE,earlyDown,1,1,12,22,87,0,159
2023,00-0037267,CLE,redZone,4,3,22,6,1,1,86
2023,00-0037742,TEN,thirdAndLong,3,0,0,0,0,0,100
2023,00-0036233,CLE,thirdAndMedium,3,2,17,0,0,0,67
2023,00-0033923,CLE,thirdAndLong,6,4,15,0,0,0,127
2023,00-0038098,CLE,earlyDown,0,0,0,12,31,0,159
2023,00-0039032,TEN,chasingLate,4,4,49,2,2,0,40
2023,00-0033280,SF,goalLine,0,0,0,17,14,10,39
2023,00-0037525,SF,earlyAndLong,4,3,31,16,104,1,598
2023,00-0033949,ARI,fourthDown,0,0,0,4,34,0,29
2023,00-0034407,SF,earlyAndLong,8,6,51,2,22,0,598
2023,00-0033949,ARI,earlyDown,0,0,0,5,17,0,105
2023,00-0038559,ARI,redZone,3,2,30,0,0,1,68
2023,00-0037744,ARI,redZone,4,4,34,0,0,1,68
2023,00-0038559,ARI,insideTen,4,2,13,0,0,2,38
2023,00-0029892,SF,redZone,3,3,18,0,0,0,113
2023,00-0038559,ARI,thirdAndMedium,5,2,24,0,0,0,60
2023,00-0037525,SF,earlyDown,0,0,0,6,28,0,143
2023,00-0029892,SF,insideTen,1,1,9,2,6,0,60
2023,00-0035662,ARI,chasingLate,9,5,48,0,0,0,83
2023,00-0030061,ARI,chasingLate,3,2,18,0,0,0,83
2023,00-0038705,ARI,chasingLate,8,6,48,1,2,0,83
2023,00-0037238,ATL,earlyDown,8,4,37,0,0,0,133
2023,00-0033858,ATL,thirdAndMedium,5,3,39,0,0,0,64
2023,00-0034854,ATL,earlyAndLong,9,7,150,0,0,0,549
2023,00-0034775,JAX,redZone,4,2,14,0,0,0,79
2023,00-0036973,JAX,insideTen,0,0,0,8,14,2,46
2023,00-0038542,ATL,thirdAndShort,3,2,9,6,12,0,29
2023,00-0034854,ATL,thirdAndLong,6,3,43,0,0,0,99
2023,00-0036973,JAX,aheadLate,0,0,0,5,4,0,10
2023,00-0033885,CLE,thirdAndMedium,7,7,62,0,0,0,67
2023,00-0034753,BAL,thirdAndLong,5,5,54,0,0,0,85
2023,00-0038583,CLE,earlyAndLong,0,0,0,5,23,0,624
2023,00-0036331,BAL,thirdAndLong,3,2,8,0,0,0,85
2023,00-0034796,BAL,goalLine,0,0,0,5,0,1,31
2023,00-0034753,BAL,insideTen,5,4,19,0,0,3,70
2023,00-0034796,BAL,fourthDown,0,0,0,4,40,0,15
2023,00-0036232,CLE,fourthDown,1,0,0,3,4,0,29
2023,00-0033885,CLE,earlyDown,18,15,131,0,0,1,159
2023,00-0036233,CLE,thirdAndLong,4,2,16,0,0,0,127
2023,00-0034753,BAL,redZone,7,5,55,1,0,2,101
2023,00-0038098,CLE,chasingLate,0,0,0,5,62,0,42
2023,00-0038979,CLE,redZone,5,2,21,0,0,0,86
2023,00-0036442,CIN,earlyDown,0,0,0,4,16,0,127
2023,00-0038589,TEN,earlyAndLong,5,4,53,0,0,0,503
2023,00-0030564,TEN,insideTen,8,2,13,1,4,1,41
2023,00-0033009,CIN,earlyDown,7,5,50,1,6,0,127
2023,00-0036182,TEN,thirdAndLong,6,2,56,0,0,0,100
2023,00-0035341,CIN,thirdAndMedium,3,2,39,0,0,0,51
2023,00-0032764,TEN,aheadLate,0,0,0,4,5,0,5
2023,00-0038794,DEN,earlyDown,3,3,15,14,45,0,110
2023,00-0036309,CHI,thirdAndMedium,10,5,39,0,0,0,67
2023,00-0034279,CHI,earlyAndLong,6,5,62,0,0,0,536
2023,00-0036906,CHI,redZone,2,0,0,10,35,1,77
2023,00-0029263,DEN,thirdAndLong,0,0,0,9,68,0,83
2023,00-0034827,CHI,thirdAndShort,7,5,96,0,0,1,35
2023,00-0024243,CHI,earlyAndLong,3,2,12,0,0,0,536
2023,00-0029263,DEN,insideTen,0,0,0,3,4,0,58
2023,00-0035406,DEN,thirdAndLong,5,4,92,0,0,1,83
2023,00-0034827,CHI,chasingLate,5,2,20,0,0,0,29
2023,00-0039065,DET,thirdAndMedium,14,11,127,0,0,0,67
2023,00-0035685,DET,goalLine,0,0,0,18,11,10,47
2023,00-0037816,GB,thirdAndMedium,8,5,93,0,0,0,50
2023,00-0038124,GB,earlyAndLong,19,16,282,3,16,0,522
2023,00-0038124,GB,thirdAndLong,9,2,46,0,0,0,90
2023,00-0038996,GB,earlyAndLong,24,20,250,0,0,0,522
2023,00-0038996,GB,redZone,7,3,10,0,0,0,146
2023,00-0035685,DET,aheadLate,1,1,-4,6,36,0,20
2023,00-0037816,GB,chasingLate,7,4,50,0,0,1,32
2023,00-0036963,DET,fourthDown,6,3,26,0,0,0,31
2023,00-0037197,KC,thirdAndShort,0,0,0,13,86,1,47
2023,00-0034270,NYJ,thirdAndShort,6,3,42,0,0,0,26
2023,00-0030506,KC,earlyDown,12,11,87,1,5,0,159
2023,00-0038496,NYJ,earlyAndLong,11,7,88,5,42,0,521
2023,00-0038496,NYJ,redZone,3,2,2,1,14,0,56
2023,00-0036924,NYJ,thirdAndMedium,4,4,10,1,19,0,71
2023,00-0037805,NYJ,earlyDown,3,2,31,0,0,0,113
2023,00-0038120,NYJ,redZone,4,3,30,14,42,0,56
2023,00-0033873,KC,thirdAndLong,0,0,0,10,102,0,110
2023,00-0031376,KC,redZone,2,2,23,2,-1,1,112
2023,00-0033110,LA,insideTen,4,2,12,0,0,2,67
2023,00-0039075,LA,insideTen,7,3,15,0,0,1,67
2023,00-0033466,IND,earlyDown,3,2,1,1,4,0,128
2023,00-0036415,LA,fourthDown,3,2,27,0,0,0,18
2023,00-0037557,LA,earlyDown,1,1,17,10,43,0,143
2023,00-0036251,IND,goalLine,2,0,0,6,10,3,36
2023,00-0036876,IND,earlyDown,3,2,28,0,0,0,128
2023,00-0036876,IND,fourthDown,3,2,28,1,2,0,21
2023,00-0036984,IND,chasingLate,0,0,0,5,19,0,37
2023,00-0036355,LAC,redZone,0,0,0,5,31,1,67
2023,00-0038579,LV,goalLine,0,0,0,3,1,1,26
2023,00-0038544,LAC,insideTen,3,1,6,0,0,1,55
2023,00-0035329,LAC,redZone,3,2,25,0,0,1,67
2023,00-0036988,LAC,thirdAndMedium,5,4,34,0,0,0,66
2023,00-0034983,LV,redZone,5,5,23,0,0,0,76
2023,00-0038579,LV,earlyDown,0,0,0,4,10,0,127
2023,00-0036196,BUF,redZone,7,3,51,0,0,2,103
2023,00-0039040,MIA,goalLine,1,1,1,2,5,3,41
2023,00-0038933,BUF,thirdAndMedium,10,7,77,0,0,0,57
2023,00-0034418,MIA,earlyDown,4,2,34,0,0,1,142
2023,00-0037261,BUF,thirdAndLong,6,5,63,0,0,0,89
2023,00-0039040,MIA,thirdAndLong,4,3,26,2,12,0,93
2023,00-0036212,MIA,thirdAndMedium,0,0,0,4,15,0,59
2023,00-0032688,MIA,earlyAndLong,4,3,58,0,0,0,536
2023,00-0036613,MIA,insideTen,4,1,4,0,0,1,67
2023,00-0034487,BUF,thirdAndLong,4,0,0,0,0,0,89
2023,00-0034798,MIA,thirdAndLong,5,5,45,0,0,0,93
2023,00-0034418,MIA,fourthDown,4,3,34,0,0,0,22
2023,00-0036555,CAR,insideTen,0,0,0,12,39,3,36
2023,00-0036414,MIN,redZone,2,1,-3,2,13,0,71
2023,00-0036322,MIN,insideTen,5,1,4,1,-12,1,53
2023,00-0034830,CAR,earlyDown,3,0,0,0,0,0,133
2023,00-0036555,CAR,thirdAndMedium,3,2,13,5,10,0,63
2023,00-0039150,CAR,thirdAndMedium,0,0,0,7,36,0,63
2023,00-0036358,DAL,redZone,16,11,130,1,14,6,131
2023,00-0038041,DAL,thirdAndMedium,8,6,91,0,0,0,73
2023,00-0033090,NE,thirdAndMedium,7,5,59,0,0,0,68
2023,00-0033857,NE,fourthDown,3,2,11,0,0,0,21
2023,00-0034764,DAL,thirdAndMedium,7,4,92,0,0,0,73
2023,00-0037666,DAL,thirdAndMedium,3,2,12,0,0,0,73
2023,00-0039163,HOU,insideTen,0,0,0,3,12,1,52
2023,00-0036554,HOU,goalLine,3,2,5,0,0,2,38
2023,00-0036894,PIT,earlyDown,3,1,11,0,0,0,154
2023,00-0039163,HOU,thirdAndShort,0,0,0,5,7,0,33
2023,00-0037228,PIT,redZone,3,3,15,13,66,3,69
2023,00-0036893,PIT,thirdAndMedium,3,3,33,0,0,0,67
2023,00-0037247,PIT,insideTen,3,1,2,0,0,0,43
2023,00-0036893,PIT,insideTen,2,2,7,19,67,6,43
2023,00-0031428,PIT,insideTen,3,1,-1,0,0,0,43
2023,00-0038558,PIT,earlyAndLong,5,4,34,0,0,0,514
2023,00-0034383,HOU,insideTen,3,2,15,0,0,2,52
2023,00-0038117,NYG,earlyDown,5,5,43,1,7,0,112
2023,00-0035640,SEA,thirdAndLong,10,5,145,0,0,1,81
2023,00-0033308,NYG,thirdAndMedium,4,4,50,1,2,0,63
2023,00-0036165,NYG,earlyDown,5,4,57,0,0,0,112
2023,00-0035704,SEA,earlyAndLong,0,0,0,3,15,0,482
2023,00-0035644,SEA,thirdAndLong,6,5,97,0,0,0,81
2023,00-0032211,SEA,thirdAndMedium,13,7,58,0,0,0,56
2023,00-0033308,NYG,redZone,0,0,0,7,7,0,73
2023,00-0038117,NYG,fourthDown,3,2,14,0,0,0,32
2023,00-0039165,SEA,thirdAndMedium,2,1,4,1,3,0,56
2023,00-0033906,NO,earlyAndLong,42,36,200,97,366,0,533
2023,00-0033906,NO,earlyDown,12,11,64,31,136,0,141
2023,00-0033906,NO,redZone,7,7,42,16,73,2,84
2023,00-0033357,NO,thirdAndLong,4,4,25,0,0,0,98
2023,00-0036727,NO,thirdAndLong,2,1,7,1,7,0,98
2023,00-0033906,NO,thirdAndLong,9,6,56,3,11,0,98
2023,00-0037545,NO,earlyDown,11,9,133,0,0,1,141
2023,00-0036450,TB,earlyAndLong,2,1,3,16,43,0,572
2023,00-0038129,TB,insideTen,3,1,4,0,0,1,39
2023,00-0036450,TB,earlyDown,0,0,0,5,2,0,150
2023,00-0033906,NO,thirdAndMedium,10,9,55,2,3,0,65
2023,00-0033906,NO,thirdAndShort,0,0,0,4,11,0,30
2023,00-0036364,NO,chasingLate,3,1,12,0,0,0,38
2023,00-0033282,WAS,earlyDown,4,4,31,0,0,0,127
2023,00-0037741,WAS,insideTen,5,2,18,0,0,2,35
2023,00-0037077,WAS,redZone,0,0,0,4,21,1,69
2023,00-0033282,WAS,goalLine,3,2,6,1,1,3,33
2023,00-0035659,WAS,thirdAndMedium,10,3,39,0,0,0,53
2023,00-0031260,WAS,earlyDown,8,7,68,0,0,0,127
2023,00-0036275,PHI,thirdAndShort,1,1,7,5,-1,0,35
2023,00-0036626,WAS,thirdAndMedium,3,2,41,0,0,0,53
2023,00-0037741,WAS,redZone,5,3,14,0,0,0,69
2023,00-0036919,PHI,goalLine,0,0,0,3,1,1,32
2023,00-0031260,WAS,thirdAndShort,2,2,20,1,2,0,37
2023,00-0036626,WAS,earlyDown,3,2,26,1,0,0,127
2023,00-0037077,WAS,thirdAndMedium,0,0,0,4,38,0,53
2023,00-0033282,WAS,thirdAndMedium,5,3,31,0,0,0,53
2023,00-0034297,WAS,earlyDown,3,1,16,0,0,0,127
2023,00-0035208,PHI,earlyAndLong,8,4,30,0,0,0,585
2023,00-0034297,WAS,thirdAndLong,7,6,96,0,0,0,98
2023,00-0033282,WAS,insideTen,4,1,7,0,0,1,35
2023,00-0031235,BAL,redZone,4,3,15,0,0,0,101
2023,00-0036550,BAL,insideTen,3,1,10,0,0,1,70
2023,00-0037304,PIT,thirdAndLong,6,5,51,0,0,0,106
2023,00-0034184,BAL,insideTen,0,0,0,15,44,2,70
2023,00-0037304,PIT,chasingLate,3,2,13,0,0,0,41
2023,00-0037240,DET,earlyAndLong,25,16,223,3,52,1,617
2023,00-0035685,DET,fourthDown,1,0,0,2,9,0,31
2023,00-0037240,DET,earlyDown,7,5,74,0,0,0,159
2023,00-0032464,DET,redZone,4,3,25,1,-2,0,104
2023,00-0033943,DET,goalLine,3,1,1,0,0,1,47
2023,00-0034777,CAR,redZone,3,2,29,0,0,2,63
2023,00-0037240,DET,thirdAndLong,5,3,62,0,0,1,95
2023,00-0035567,DET,earlyDown,0,0,0,5,42,0,159
2023,00-0034365,CAR,earlyAndLong,4,3,43,0,0,0,530
2023,00-0030035,CAR,earlyDown,8,7,64,0,0,0,133
2023,00-0030035,CAR,chasingLate,4,4,47,0,0,0,51
2023,00-0034777,CAR,insideTen,3,2,15,0,0,2,36
2023,00-0030035,CAR,insideTen,6,3,23,0,0,1,36
2023,00-0037746,WAS,thirdAndShort,1,1,19,7,8,0,37
2023,00-0033757,CHI,earlyDown,3,1,7,0,0,0,134
2023,00-0031260,WAS,goalLine,3,1,2,0,0,1,33
2023,00-0037077,WAS,goalLine,0,0,0,3,4,2,33
2023,00-0031941,WAS,earlyAndLong,6,5,45,0,0,0,530
2023,00-0035341,CIN,earlyAndLong,13,11,119,0,0,0,511
2023,00-0035341,CIN,earlyDown,4,4,56,0,0,0,127
2023,00-0036900,CIN,goalLine,5,4,7,0,0,3,32
2023,00-0035341,CIN,insideTen,4,2,0,0,0,0,56
2023,00-0032141,ARI,earlyAndLong,6,6,61,0,0,0,512
2023,00-0038619,CIN,thirdAndLong,3,2,31,0,0,0,97
2023,00-0033897,CIN,goalLine,2,0,0,14,9,6,32
2023,00-0038705,ARI,earlyDown,2,1,3,9,33,0,105
2023,00-0036900,CIN,thirdAndShort,4,4,115,0,0,1,34
2023,00-0035341,CIN,thirdAndLong,5,3,79,0,0,1,97
2023,00-0038619,CIN,earlyAndLong,8,4,29,0,0,0,511
2023,00-0033009,CIN,redZone,5,2,8,0,0,0,80
2023,00-0036936,ARI,chasingLate,6,3,29,0,0,0,83
2023,00-0035662,ARI,fourthDown,5,1,9,0,0,0,29
2023,00-0033897,CIN,aheadLate,0,0,0,5,3,0,8
2023,00-0038547,DAL,earlyAndLong,7,5,46,0,0,0,561
2023,00-0029892,SF,thirdAndShort,1,1,9,2,0,0,43
2023,00-0031236,DAL,earlyDown,11,8,110,1,6,1,146
2023,00-0036261,SF,earlyDown,8,5,91,0,0,1,143
2023,00-0037525,SF,redZone,0,0,0,3,6,0,113
2023,00-0036261,SF,thirdAndShort,4,3,40,0,0,0,43
2023,00-0033288,SF,insideTen,3,2,15,0,0,1,60
2023,00-0036259,SF,thirdAndShort,3,3,33,0,0,0,43
2023,00-0037827,SF,earlyAndLong,0,0,0,3,21,0,598
2023,00-0039146,GB,thirdAndMedium,6,3,29,0,0,0,50
2023,00-0038124,GB,redZone,6,4,47,1,-5,3,146
2023,00-0038809,GB,earlyAndLong,3,1,12,0,0,0,522
2023,00-0034960,LV,redZone,7,6,60,2,17,3,76
2023,00-0034983,LV,earlyAndLong,8,4,38,0,0,0,489
2023,00-0038563,LV,thirdAndMedium,4,1,48,0,0,0,69
2023,00-0038124,GB,earlyDown,4,2,17,0,0,0,146
2023,00-0039144,GB,chasingLate,3,2,15,0,0,0,32
2023,00-0035298,ATL,earlyAndLong,7,5,66,0,0,0,549
2023,00-0036970,ATL,thirdAndMedium,11,7,76,0,0,0,64
2023,00-0030578,ATL,earlyAndLong,8,6,19,27,118,0,549
2023,00-0038542,ATL,insideTen,4,2,9,10,35,3,47
2023,00-0037238,ATL,chasingLate,9,8,107,0,0,0,45
2023,00-0036970,ATL,chasingLate,5,3,28,0,0,0,45
2023,00-0038555,JAX,redZone,0,0,0,5,8,0,79
2023,00-0036973,JAX,goalLine,0,0,0,10,10,4,28
2023,00-0033881,JAX,thirdAndLong,12,10,92,0,0,0,80
2023,00-0038555,JAX,thirdAndLong,0,0,0,3,19,0,80
2023,00-0035689,BUF,thirdAndLong,3,0,0,0,0,0,89
2023,00-0034837,JAX,thirdAndLong,12,8,94,0,0,0,80
2023,00-0036497,JAX,earlyDown,3,1,15,0,0,0,146
2023,00-0037261,BUF,earlyAndLong,24,20,258,0,0,0,610
2023,00-0034857,BUF,goalLine,0,0,0,12,17,9,39
2023,00-0038090,KC,earlyDown,3,3,16,0,0,0,159
2023,00-0036913,KC,earlyDown,5,5,30,0,0,0,159
2023,00-0038994,MIN,fourthDown,3,1,11,0,0,0,22
2023,00-0034386,KC,thirdAndMedium,10,4,81,0,0,0,59
2023,00-0034646,MIN,earlyAndLong,10,7,112,2,14,0,535
2023,00-0034646,MIN,insideTen,3,2,7,0,0,1,53
2023,00-0039067,KC,insideTen,10,6,32,0,0,4,76
2023,00-0038994,MIN,redZone,8,5,59,1,2,2,71
2023,00-0034646,MIN,thirdAndLong,10,7,53,0,0,0,98
2023,00-0033246,MIN,earlyAndLong,12,10,120,0,0,0,535
2023,00-0034646,MIN,thirdAndShort,2,1,4,1,2,0,32
2023,00-0032200,NE,earlyDown,2,1,17,1,0,0,139
2023,00-0033906,NO,insideTen,1,1,5,14,44,1,67
2023,00-0033906,NO,goalLine,1,0,0,10,9,3,25
2023,00-0034981,NO,insideTen,3,2,7,0,0,1,67
2023,00-0036875,NE,fourthDown,0,0,0,3,4,0,21
2023,00-0036875,NE,chasingLate,5,5,57,6,31,0,51
2023,00-0034418,MIA,earlyAndLong,21,12,134,0,0,0,536
2023,00-0038396,NYG,earlyAndLong,3,3,10,11,36,0,520
2023,00-0038396,NYG,earlyDown,0,0,0,3,7,0,112
2023,00-0035535,NYG,thirdAndMedium,5,5,76,0,0,0,63
2023,00-0036613,MIA,thirdAndMedium,9,5,87,0,0,0,59
2023,00-0035535,NYG,earlyDown,9,7,142,0,0,1,112
2023,00-0036613,MIA,thirdAndShort,3,3,50,0,0,1,28
2023,00-0035535,NYG,chasingLate,3,3,35,0,0,0,43
2023,00-0036165,NYG,chasingLate,3,1,4,0,0,0,43
2023,00-0028118,NYG,redZone,0,0,0,3,15,0,73
2023,00-0031687,MIA,aheadLate,0,0,0,3,38,1,8
2023,00-0038120,NYJ,insideTen,2,1,9,9,12,2,44
2023,00-0029263,DEN,thirdAndMedium,0,0,0,4,39,0,52
2023,00-0036924,NYJ,earlyAndLong,2,1,6,16,69,0,521
2023,00-0032134,NYJ,earlyDown,3,1,7,0,0,0,113
2023,00-0034270,NYJ,insideTen,7,4,18,0,0,0,44
2023,00-0037805,NYJ,earlyAndLong,14,11,99,0,0,0,521
2023,00-0033526,DEN,chasingLate,10,9,89,2,14,0,46
2023,00-0036422,DEN,chasingLate,3,2,18,0,0,0,46
2023,00-0036407,DEN,chasingLate,4,1,16,0,0,0,46
2023,00-0034351,PHI,insideTen,4,3,20,0,0,3,58
2023,00-0033908,LA,thirdAndMedium,8,6,77,0,0,0,63
2023,00-0033908,LA,earlyAndLong,41,27,336,0,0,1,560
2023,00-0033908,LA,thirdAndLong,9,6,106,0,0,0,91
2023,00-0033908,LA,fourthDown,4,2,18,0,0,0,18
2023,00-0033908,LA,redZone,13,9,72,1,-3,1,83
2023,00-0036271,PHI,thirdAndLong,3,2,18,0,0,0,93
2023,00-0033908,LA,earlyDown,14,8,96,0,0,0,143
2023,00-0036271,PHI,redZone,3,3,20,0,0,1,84
2023,00-0033908,LA,chasingLate,4,2,48,0,0,0,29
2023,00-0036275,PHI,aheadLate,0,0,0,4,28,0,4
2023,00-0037809,TEN,thirdAndShort,4,2,21,1,4,0,32
2023,00-0036223,IND,earlyAndLong,13,10,87,85,416,1,529
2023,00-0037273,TEN,thirdAndLong,8,5,32,0,0,0,100
2023,00-0036223,IND,earlyDown,2,2,1,25,112,0,128
2023,00-0036223,IND,redZone,1,1,6,20,77,0,97
2023,00-0037809,TEN,redZone,3,3,19,0,0,1,56
2023,00-0039032,TEN,insideTen,1,1,5,4,7,0,41
2023,00-0037809,TEN,chasingLate,10,7,80,0,0,0,40
2023,00-0033949,ARI,thirdAndLong,0,0,0,5,57,0,109
2023,00-0030874,ARI,earlyAndLong,1,1,8,8,38,0,512
2023,00-0030874,ARI,earlyDown,0,0,0,3,5,0,105
2023,00-0039136,LA,earlyAndLong,0,0,0,4,4,0,560
2023,00-0033251,ARI,chasingLate,3,0,0,0,0,0,83
2023,00-0035500,ARI,chasingLate,8,5,88,0,0,0,83
2023,00-0037744,ARI,thirdAndMedium,8,6,95,0,0,0,60
2023,00-0031549,BAL,thirdAndMedium,4,4,74,0,0,1,63
2023,00-0037273,TEN,thirdAndMedium,4,2,15,0,0,0,55
2023,00-0037429,CAR,earlyDown,0,0,0,3,8,0,133
2023,00-0037429,CAR,earlyAndLong,5,5,41,7,28,0,530
2023,00-0036613,MIA,redZone,3,2,30,0,0,0,70
2023,00-0034777,CAR,thirdAndMedium,4,2,43,0,0,0,63
2023,00-0036555,CAR,thirdAndShort,0,0,0,15,36,0,41
2023,00-0034777,CAR,thirdAndShort,4,2,44,0,0,0,41
2023,00-0036020,MIA,thirdAndLong,5,3,28,0,0,0,93
2023,00-0033077,DAL,thirdAndMedium,0,0,0,6,49,0,73
2023,00-0033699,LAC,thirdAndShort,3,1,7,11,77,0,37
2023,00-0031236,DAL,goalLine,3,1,2,0,0,1,44
2023,00-0036997,DEN,thirdAndShort,1,1,6,8,19,0,37
2023,00-0036360,KC,insideTen,5,4,14,3,7,1,76
2023,00-0029263,DEN,earlyDown,0,0,0,4,30,0,110
2023,00-0039052,TB,earlyAndLong,31,20,148,2,12,1,572
2023,00-0039065,DET,thirdAndShort,6,3,30,0,0,0,40
2023,00-0039052,TB,thirdAndLong,9,5,76,0,0,0,110
2023,00-0035567,DET,thirdAndMedium,1,1,28,2,13,0,67
2023,00-0033106,DET,earlyAndLong,0,0,0,5,22,0,617
2023,00-0039065,DET,redZone,9,7,76,0,0,3,104
2023,00-0037256,TB,chasingLate,3,3,11,7,29,0,45
2023,00-0031408,TB,chasingLate,8,3,24,0,0,0,45
2023,00-0033921,TB,chasingLate,8,4,74,0,0,1,45
2023,00-0033921,TB,fourthDown,4,3,43,0,0,0,18
2023,00-0039052,TB,chasingLate,6,5,117,0,0,0,45
2023,00-0036223,IND,thirdAndShort,0,0,0,11,32,0,40
2023,00-0036223,IND,insideTen,3,2,12,6,18,4,46
2023,00-0033466,IND,thirdAndLong,2,1,12,1,7,0,88
2023,00-0036223,IND,thirdAndMedium,2,2,42,4,18,0,61
2023,00-0037664,IND,thirdAndShort,3,2,63,0,0,1,40
2023,00-0036223,IND,thirdAndLong,2,2,5,6,53,0,88
2023,00-0038935,JAX,insideTen,3,2,11,0,0,1,46
2023,00-0037664,IND,thirdAndLong,11,4,72,0,0,0,88
2023,00-0036945,CHI,thirdAndMedium,0,0,0,7,63,0,67
2023,00-0036297,CHI,earlyAndLong,6,4,33,15,46,0,536
2023,00-0038941,CHI,thirdAndLong,4,0,0,0,0,0,104
2023,00-0036297,CHI,earlyDown,0,0,0,9,39,0,134
2023,00-0036297,CHI,redZone,2,1,8,3,25,1,77
2023,00-0033925,CHI,insideTen,1,1,5,5,22,2,48
2023,00-0034646,MIN,earlyDown,2,2,15,2,1,0,129
2023,00-0033292,CHI,earlyAndLong,2,0,0,1,-2,0,536
2023,00-0033757,CHI,redZone,3,2,21,0,0,0,77
2023,00-0038416,CHI,goalLine,0,0,0,3,2,2,27
2023,00-0034972,MIN,thirdAndLong,3,3,29,1,2,0,98
2023,00-0039066,LV,earlyDown,5,3,11,0,0,0,127
2023,00-0039066,LV,thirdAndLong,7,5,57,0,0,0,69
2023,00-0038563,LV,redZone,3,3,20,1,4,1,76
2023,00-0039066,LV,thirdAndMedium,5,2,37,0,0,0,69
2023,00-0033045,NE,thirdAndMedium,5,3,26,0,0,0,68
2023,00-0034829,NE,earlyDown,3,3,13,0,0,0,139
2023,00-0033045,NE,insideTen,0,0,0,8,24,1,20
2023,00-0033045,NE,goalLine,0,0,0,3,4,2,13
2023,00-0039066,LV,redZone,5,3,32,0,0,1,76
2023,00-0038104,NE,earlyAndLong,12,9,70,1,9,0,511
2023,00-0031547,NE,chasingLate,3,1,8,0,0,0,51
2023,00-0033591,HOU,thirdAndMedium,5,2,12,0,0,0,58
2023,00-0034383,HOU,goalLine,3,1,1,0,0,1,38
2023,00-0033591,HOU,insideTen,4,0,0,0,0,0,52
2023,00-0037239,NO,thirdAndShort,3,3,22,0,0,0,30
2023,00-0034981,NO,earlyDown,4,2,35,0,0,0,141
2023,00-0038618,HOU,earlyAndLong,13,8,76,3,41,0,596
2023,00-0033906,NO,chasingLate,4,4,27,1,15,0,38
2023,00-0037545,NO,chasingLate,4,1,8,0,0,0,38
2023,00-0038117,NYG,redZone,2,2,8,1,7,0,73
2023,00-0028118,NYG,earlyAndLong,0,0,0,14,97,0,520
2023,00-0028118,NYG,thirdAndLong,0,0,0,3,8,0,120
2023,00-0035689,BUF,insideTen,4,3,17,0,0,2,69
2023,00-0028118,NYG,thirdAndMedium,0,0,0,4,25,0,63
2023,00-0038117,NYG,chasingLate,7,5,53,0,0,0,43
2023,00-0034844,NYG,chasingLate,5,3,10,4,-2,0,43
2023,00-0031610,NYG,thirdAndMedium,4,4,35,0,0,0,63
2023,00-0038938,NYG,thirdAndLong,5,2,53,0,0,0,120
2023,00-0038938,NYG,fourthDown,3,2,11,0,0,0,32
2023,00-0035140,NYJ,thirdAndLong,5,2,12,0,0,0,112
2023,00-0038120,NYJ,thirdAndLong,12,10,50,4,24,0,112
2023,00-0035676,PHI,chasingLate,6,2,20,0,0,0,32
2023,00-0033009,CIN,insideTen,3,3,21,0,0,2,56
2023,00-0038597,CIN,redZone,1,1,8,6,7,0,80
2023,00-0038619,CIN,goalLine,3,3,8,0,0,3,32
2023,00-0039165,SEA,thirdAndLong,5,5,23,2,4,0,81
2023,00-0038752,SEA,thirdAndLong,5,4,71,0,0,0,81
2023,00-0030565,SEA,redZone,0,0,0,3,16,0,82
2023,00-0036244,SEA,chasingLate,3,3,31,0,0,0,39
2023,00-0032211,SEA,chasingLate,13,8,137,0,0,1,39
2023,00-0036244,SEA,insideTen,3,1,5,0,0,1,49
2023,00-0037834,SF,thirdAndShort,0,0,0,6,12,0,43
2023,00-0033923,CLE,redZone,2,2,14,20,56,2,86
2023,00-0029892,SF,earlyAndLong,10,8,76,0,0,0,598
2023,00-0037257,CLE,fourthDown,3,3,78,0,0,2,29
2023,00-0037267,CLE,chasingLate,1,1,19,7,59,0,42
2023,00-0036261,SF,chasingLate,4,3,40,0,0,0,25
2023,00-0030578,ATL,earlyDown,1,1,6,7,19,0,133
2023,00-0035298,ATL,thirdAndLong,3,0,0,0,0,0,99
2023,00-0038611,WAS,earlyAndLong,1,1,7,21,92,0,530
2023,00-0038611,WAS,earlyDown,1,1,5,8,55,0,127
2023,00-0038705,ARI,thirdAndMedium,2,0,0,4,21,0,60
2023,00-0033949,ARI,thirdAndMedium,0,0,0,4,23,0,60
2023,00-0030565,SEA,thirdAndShort,0,0,0,4,8,0,34
2023,00-0030565,SEA,insideTen,0,0,0,4,10,1,49
2023,00-0037744,ARI,thirdAndLong,7,6,42,0,0,0,109
2023,00-0039041,ARI,earlyAndLong,12,7,65,0,0,0,512
2023,00-0033858,ATL,insideTen,3,2,7,0,0,0,47
2023,00-0034855,TB,thirdAndShort,0,0,0,5,22,0,32
2023,00-0030578,ATL,insideTen,0,0,0,3,10,0,47
2023,00-0039050,TB,earlyAndLong,6,4,56,0,0,0,572
2023,00-0038122,ATL,earlyDown,0,0,0,3,14,0,133
2023,00-0030578,ATL,redZone,1,0,0,5,13,0,77
2023,00-0036415,ATL,earlyDown,4,4,32,0,0,0,133
2023,00-0038129,TB,chasingLate,7,4,31,0,0,0,45
2023,00-0038621,NE,thirdAndShort,2,1,16,1,6,0,37
2023,00-0037261,BUF,earlyDown,13,12,219,0,0,1,177
2023,00-0036196,BUF,insideTen,4,2,11,0,0,2,69
2023,00-0038933,BUF,thirdAndLong,9,7,67,0,0,1,89
2023,00-0034857,BUF,fourthDown,0,0,0,6,12,0,13
2023,00-0038933,BUF,insideTen,3,2,7,0,0,0,69
2023,00-0035289,IND,earlyAndLong,0,0,0,5,47,0,529
2023,00-0033923,CLE,goalLine,0,0,0,9,12,7,31
2023,00-0033217,IND,thirdAndLong,3,2,0,0,0,0,88
2023,00-0033923,CLE,thirdAndShort,0,0,0,9,23,0,34
2023,00-0033275,CLE,earlyAndLong,0,0,0,4,20,0,624
2023,00-0038098,CLE,redZone,0,0,0,4,-1,0,86
2023,00-0033885,CLE,goalLine,4,1,2,0,0,1,31
2023,00-0033376,BAL,earlyAndLong,3,2,31,0,0,0,595
2023,00-0036550,BAL,thirdAndLong,11,7,67,0,0,0,85
2023,00-0038454,BAL,earlyAndLong,8,8,85,26,213,0,595
2023,00-0033943,DET,earlyDown,5,4,62,0,0,0,159
2023,00-0039139,DET,goalLine,2,0,0,6,7,5,47
2023,00-0037240,DET,redZone,4,3,27,1,19,1,104
2023,00-0037240,DET,chasingLate,4,1,32,0,0,1,42
2023,00-0038124,GB,thirdAndMedium,5,3,34,0,0,0,50
2023,00-0033293,GB,thirdAndShort,2,1,3,7,22,0,47
2023,00-0038393,GB,thirdAndMedium,4,3,58,0,0,0,50
2023,00-0036264,GB,redZone,0,0,0,3,11,0,146
2023,00-0036265,GB,chasingLate,1,1,29,5,13,0,32
2023,00-0038124,GB,chasingLate,5,0,0,0,0,0,32
2023,00-0037239,NO,fourthDown,3,1,26,0,0,0,15
2023,00-0033906,NO,fourthDown,1,1,17,3,29,0,15
2023,00-0031280,NO,redZone,0,0,0,4,12,0,84
2023,00-0033357,NO,goalLine,1,1,2,6,4,4,25
2023,00-0030506,KC,thirdAndMedium,4,3,47,0,0,0,59
2023,00-0033699,LAC,thirdAndLong,4,1,14,0,0,0,91
2023,00-0035329,LAC,thirdAndLong,4,3,45,0,0,0,91
2023,00-0033895,LAC,insideTen,4,2,16,0,0,1,55
2023,00-0036370,LAC,thirdAndMedium,0,0,0,3,3,0,66
2023,00-0038544,LAC,chasingLate,6,2,24,0,0,0,45
2023,00-0037745,CHI,earlyDown,2,2,11,2,10,0,134
2023,00-0038416,CHI,earlyAndLong,0,0,0,9,61,0,536
2023,00-0033925,CHI,redZone,1,1,9,7,22,0,77
2023,00-0033925,CHI,goalLine,0,0,0,5,3,3,27
2023,00-0036297,CHI,thirdAndMedium,3,2,8,1,1,0,67
2023,00-0032392,LV,thirdAndLong,3,3,20,0,0,0,69
2023,00-0033925,CHI,aheadLate,0,0,0,3,14,0,11
2023,00-0038563,LV,chasingLate,4,3,51,0,0,0,28
2023,00-0034418,MIA,thirdAndLong,6,2,48,0,0,0,93
2023,00-0034115,MIA,earlyAndLong,8,6,36,24,120,0,536
2023,00-0033040,MIA,fourthDown,4,1,25,0,0,0,22
2023,00-0035664,LA,earlyAndLong,2,0,0,32,86,0,560
2023,00-0034838,LA,earlyAndLong,1,1,13,40,223,1,560
2023,00-0034838,LA,thirdAndShort,0,0,0,4,5,0,34
2023,00-0035664,LA,earlyDown,4,3,58,7,8,0,143
2023,00-0035664,LA,insideTen,3,2,8,2,7,0,67
2023,00-0035664,LA,goalLine,0,0,0,3,2,2,41
2023,00-0033908,LA,goalLine,5,1,3,0,0,1,41
2023,00-0034838,LA,earlyDown,0,0,0,13,53,0,143
2023,00-0036259,SF,thirdAndMedium,6,3,43,0,0,0,45
2023,00-0034646,MIN,thirdAndMedium,4,2,34,0,0,0,59
2023,00-0033288,SF,chasingLate,6,4,48,0,0,0,25
2023,00-0034407,SF,chasingLate,3,2,50,0,0,0,25
2023,00-0038938,NYG,thirdAndMedium,7,5,74,0,0,0,63
2023,00-0036628,WAS,earlyDown,4,3,6,0,0,0,127
2023,00-0028118,NYG,thirdAndShort,0,0,0,3,7,0,37
2023,00-0038611,WAS,redZone,0,0,0,3,17,1,69
2023,00-0031260,WAS,thirdAndMedium,5,3,25,0,0,0,53
2023,00-0035659,WAS,redZone,7,4,28,0,0,0,69
2023,00-0038611,WAS,chasingLate,0,0,0,6,35,0,55
2023,00-0037809,TEN,thirdAndMedium,5,4,35,0,0,0,55
2023,00-0037273,TEN,earlyAndLong,7,6,116,0,0,0,503
2023,00-0039152,TEN,earlyAndLong,0,0,0,4,14,0,503
2023,00-0039152,TEN,thirdAndMedium,0,0,0,5,28,0,55
2023,00-0031800,ATL,thirdAndLong,0,0,0,3,40,0,99
2023,00-0031800,ATL,thirdAndMedium,0,0,0,3,37,1,64
2023,00-0037744,ARI,chasingLate,6,6,76,0,0,0,83
2023,00-0037299,ARI,chasingLate,1,1,7,2,-9,0,83
2023,00-0037744,ARI,insideTen,4,3,16,0,0,2,38
2023,00-0037744,ARI,goalLine,3,0,0,0,0,0,32
2023,00-0035329,LAC,earlyDown,4,4,42,0,0,0,144
2023,00-0035329,LAC,thirdAndMedium,4,2,27,0,0,0,66
2023,00-0033699,LAC,thirdAndMedium,5,3,41,4,-7,0,66
2023,00-0033699,LAC,fourthDown,0,0,0,3,2,0,24
2023,00-0038544,LAC,thirdAndMedium,5,1,18,0,0,0,66
2023,00-0035631,CIN,earlyAndLong,12,7,60,0,0,0,511
2023,00-0036567,SF,insideTen,1,0,0,7,16,0,60
2023,00-0034970,CIN,earlyAndLong,5,4,33,0,0,0,511
2023,00-0035640,SEA,fourthDown,3,1,7,0,0,0,13
2023,00-0035644,SEA,thirdAndMedium,4,2,5,0,0,0,56
2023,00-0031544,CLE,insideTen,5,2,13,0,0,1,43
2023,00-0035640,SEA,chasingLate,5,3,33,0,0,0,39
2023,00-0035644,SEA,chasingLate,5,3,40,0,0,0,39
2023,00-0033885,CLE,fourthDown,3,0,0,0,0,0,29
2023,00-0034208,HOU,thirdAndLong,2,2,16,1,3,0,120
2023,00-0036555,CAR,goalLine,0,0,0,5,-1,2,19
2023,00-0034959,HOU,earlyDown,3,3,9,0,0,0,127
2023,00-0030035,CAR,fourthDown,7,6,50,0,0,0,41
2023,00-0039150,CAR,redZone,0,0,0,3,13,0,63
2023,00-0033881,JAX,redZone,6,5,21,0,0,1,79
2023,00-0035216,PIT,insideTen,4,2,14,0,0,2,43
2023,00-0033869,PIT,earlyAndLong,0,0,0,7,38,0,514
2023,00-0035216,PIT,thirdAndShort,4,3,38,0,0,0,38
2023,00-0035628,JAX,thirdAndLong,2,1,10,1,4,0,80
2023,00-0037837,PIT,chasingLate,3,2,19,0,0,0,41
2023,00-0036893,PIT,chasingLate,7,6,64,0,0,0,41
2023,00-0029263,DEN,redZone,0,0,0,6,20,0,87
2023,00-0036997,DEN,insideTen,1,1,4,10,22,1,58
2023,00-0036407,DEN,redZone,6,6,46,0,0,1,87
2023,00-0035140,KC,earlyDown,5,5,28,0,0,0,159
2023,00-0030506,KC,fourthDown,4,3,25,0,0,0,19
2023,00-0039067,KC,chasingLate,5,4,43,0,0,0,33
2023,00-0034838,LA,redZone,0,0,0,6,23,0,83
2023,00-0034838,LA,goalLine,0,0,0,4,2,1,41
2023,00-0035664,LA,thirdAndLong,5,5,37,0,0,0,91
2023,00-0034838,LA,thirdAndLong,0,0,0,3,7,0,91
2023,00-0034983,LV,thirdAndMedium,3,1,5,0,0,0,69
2023,00-0035229,MIN,thirdAndShort,3,3,57,0,0,0,32
2023,00-0033293,GB,thirdAndMedium,4,3,23,1,2,0,50
2023,00-0033246,MIN,insideTen,3,2,14,0,0,1,53
2023,00-0038124,GB,insideTen,5,1,9,0,0,1,56
2023,00-0035125,MIA,earlyDown,3,2,14,0,0,0,142
2023,00-0036613,MIA,fourthDown,3,3,56,0,0,0,22
2023,00-0034115,MIA,earlyDown,1,1,4,6,26,0,142
2023,00-0038720,MIA,earlyAndLong,5,3,23,0,0,0,536
2023,00-0036212,MIA,fourthDown,0,0,0,3,17,0,22
2023,00-0036387,NE,thirdAndLong,6,2,16,0,0,0,99
2023,00-0033040,MIA,thirdAndShort,5,4,107,0,0,1,28
2023,00-0036252,IND,insideTen,3,2,14,0,0,2,46
2023,00-0036223,IND,goalLine,0,0,0,8,2,3,36
2023,00-0038394,IND,thirdAndLong,5,4,45,0,0,0,88
2023,00-0033948,NO,aheadLate,0,0,0,3,5,0,6
2023,00-0035535,NYG,redZone,4,2,28,0,0,1,73
2023,00-0038496,NYJ,thirdAndMedium,7,4,64,0,0,0,71
2023,00-0038476,NYG,thirdAndLong,0,0,0,6,24,0,120
2023,00-0037013,NYJ,thirdAndMedium,0,0,0,5,26,0,71
2023,00-0027944,PHI,earlyAndLong,11,8,59,0,0,1,585
2023,00-0031941,WAS,earlyDown,3,3,24,0,0,0,127
2023,00-0035659,WAS,fourthDown,6,3,49,0,0,0,19
2023,00-0037077,WAS,thirdAndShort,0,0,0,3,4,0,37
2023,00-0031941,WAS,chasingLate,4,3,54,0,0,1,55
2023,00-0034857,BUF,thirdAndMedium,0,0,0,7,39,0,57
2023,00-0031408,TB,fourthDown,3,3,59,0,0,1,18
2023,00-0034857,BUF,earlyDown,0,0,0,8,37,0,177
2023,00-0038582,ARI,earlyAndLong,0,0,0,5,22,0,512
2023,00-0035860,ARI,thirdAndLong,3,2,15,2,23,0,109
2023,00-0035500,ARI,earlyAndLong,14,9,90,1,5,0,512
2023,00-0033923,CLE,fourthDown,0,0,0,4,12,0,29
2023,00-0037267,CLE,insideTen,1,1,7,8,19,2,43
2023,00-0033885,CLE,insideTen,6,2,5,0,0,1,43
2023,00-0037744,ARI,fourthDown,5,2,13,0,0,0,29
2023,00-0038979,CLE,earlyAndLong,20,12,160,1,8,0,624
2023,00-0034613,CIN,thirdAndShort,4,3,30,0,0,0,34
2023,00-0033948,NO,thirdAndLong,2,1,3,1,3,0,98
2023,00-0034351,PHI,fourthDown,3,2,21,0,0,0,20
2023,00-0036358,DAL,fourthDown,3,2,40,0,0,0,18
2023,00-0038041,DAL,fourthDown,3,3,39,0,0,0,18
2023,00-0033077,DAL,insideTen,0,0,0,7,37,1,76
2023,00-0033077,DAL,goalLine,0,0,0,4,3,0,44
2023,00-0036358,DAL,chasingLate,5,1,14,0,0,0,19
2023,00-0038041,DAL,chasingLate,3,3,28,0,0,0,19
2023,00-0036438,CAR,earlyAndLong,9,4,31,0,0,0,530
2023,00-0035289,IND,goalLine,0,0,0,3,3,1,36
2023,00-0034830,CAR,thirdAndLong,3,3,61,0,0,0,117
2023,00-0037005,CAR,fourthDown,3,2,22,0,0,0,41
2023,00-0036438,CAR,thirdAndLong,9,5,48,0,0,0,117
2023,00-0037005,CAR,chasingLate,4,2,6,0,0,0,51
2023,00-0038120,NYJ,thirdAndMedium,6,5,36,2,13,1,71
2023,00-0035414,LAC,earlyAndLong,8,4,42,0,0,0,527
2023,00-0035414,LAC,thirdAndLong,3,0,0,0,0,0,91
2023,00-0034270,NYJ,earlyDown,5,5,68,0,0,0,113
2023,00-0032775,LA,earlyAndLong,18,13,195,1,23,0,560
2023,00-0033293,GB,thirdAndLong,4,2,17,0,0,0,90
2023,00-0038797,GB,aheadLate,0,0,0,4,43,0,19
2023,00-0034386,KC,redZone,3,1,10,0,0,0,112
2023,00-0036269,KC,earlyAndLong,3,1,0,13,46,0,658
2023,00-0034115,MIA,thirdAndLong,7,6,40,0,0,0,93
2023,00-0034798,MIA,thirdAndMedium,3,3,37,0,0,0,59
2023,00-0031800,ATL,earlyAndLong,0,0,0,6,30,0,549
2023,00-0038994,MIN,chasingLate,5,4,44,0,0,0,34
2023,00-0038115,NYG,thirdAndLong,11,11,98,0,0,0,120
2023,00-0038563,LV,earlyDown,2,1,2,2,3,0,127
2023,00-0038476,NYG,earlyAndLong,0,0,0,17,100,0,520
2023,00-0038454,BAL,earlyDown,1,1,8,14,173,2,155
2023,00-0038543,SEA,earlyDown,4,3,49,0,0,0,126
2023,00-0037838,BAL,redZone,6,4,47,0,0,2,101
2023,00-0037838,BAL,insideTen,3,3,16,0,0,1,70
2023,00-0036554,HOU,redZone,8,5,58,1,4,3,79
2023,00-0031408,TB,thirdAndShort,3,3,44,0,0,0,32
2023,00-0034855,TB,goalLine,0,0,0,3,-1,1,28
2023,00-0033591,HOU,chasingLate,3,1,14,0,0,0,41
2023,00-0032764,TEN,fourthDown,0,0,0,4,15,0,18
2023,00-0030564,TEN,chasingLate,3,1,36,0,0,0,40
2023,00-0032398,TEN,chasingLate,3,1,29,0,0,0,40
2023,00-0038589,TEN,redZone,3,1,10,0,0,0,56
2023,00-0038104,NE,thirdAndLong,3,2,13,0,0,0,99
2023,00-0038104,NE,thirdAndMedium,4,1,4,0,0,0,68
2023,00-0036387,NE,earlyAndLong,12,3,78,1,17,0,511
2023,00-0031260,WAS,redZone,3,1,15,0,0,1,69
2023,00-0031941,WAS,thirdAndLong,3,3,21,0,0,0,98
2023,00-0033553,ARI,fourthDown,0,0,0,3,9,0,29
2023,00-0035228,ARI,redZone,0,0,0,3,27,0,68
2023,00-0035228,ARI,insideTen,0,0,0,4,17,1,38
2023,00-0035228,ARI,earlyAndLong,0,0,0,17,122,0,512
2023,00-0038122,ATL,fourthDown,0,0,0,3,1,0,14
2023,00-0035228,ARI,thirdAndLong,0,0,0,3,26,0,109
2023,00-0035228,ARI,chasingLate,0,0,0,3,21,0,83
2023,00-0039021,CHI,thirdAndMedium,3,3,4,3,12,0,67
2023,00-0036309,CHI,insideTen,4,1,-1,0,0,0,48
2023,00-0038454,BAL,redZone,1,0,0,4,2,0,101
2023,00-0038979,CLE,thirdAndLong,6,1,2,0,0,0,127
2023,00-0036980,CLE,insideTen,5,2,18,0,0,2,43
2023,00-0033923,CLE,chasingLate,1,1,12,2,6,0,42
2023,00-0035537,BUF,earlyAndLong,5,4,36,19,81,0,610
2023,00-0037539,DEN,thirdAndLong,3,1,9,0,0,0,83
2023,00-0037248,BUF,chasingLate,0,0,0,5,15,0,19
2023,00-0035414,LAC,earlyDown,4,2,12,0,0,0,144
2023,00-0035414,LAC,redZone,3,2,26,0,0,1,67
2023,00-0030279,LAC,fourthDown,4,2,44,0,0,1,24
2023,00-0038996,GB,thirdAndLong,5,1,15,0,0,0,90
2023,00-0033591,HOU,earlyDown,6,6,119,0,0,0,127
2023,00-0037614,HOU,earlyDown,5,2,20,0,0,0,127
2023,00-0038619,CIN,earlyDown,5,3,29,0,0,0,127
2023,00-0033009,CIN,chasingLate,4,3,81,0,0,0,23
2023,00-0038612,NO,earlyAndLong,4,3,67,0,0,0,533
2023,00-0037276,MIN,earlyDown,3,2,7,17,77,0,129
2023,00-0037276,MIN,goalLine,0,0,0,3,5,3,24
2023,00-0037291,MIN,earlyAndLong,3,2,20,0,0,0,535
2023,00-0036842,MIN,earlyAndLong,0,0,0,5,13,0,535
2023,00-0037276,MIN,aheadLate,0,0,0,4,8,0,6
2023,00-0037276,MIN,thirdAndLong,2,2,32,3,9,0,98
2023,00-0038612,NO,chasingLate,3,2,42,0,0,1,38
2023,00-0036358,DAL,goalLine,3,1,0,1,3,1,44
2023,00-0038640,DAL,earlyAndLong,4,4,56,0,0,0,561
2023,00-0037666,DAL,redZone,3,1,-2,0,0,0,131
2023,00-0032385,NYG,insideTen,2,0,0,1,6,0,35
2023,00-0038496,NYJ,thirdAndLong,7,3,27,0,0,0,112
2023,00-0035700,LV,fourthDown,0,0,0,3,3,0,19
2023,00-0038496,NYJ,chasingLate,4,2,32,0,0,0,65
2023,00-0033280,SF,fourthDown,1,1,-1,3,21,0,10
2023,00-0036182,TEN,earlyDown,4,3,23,0,0,0,114
2023,00-0032398,TEN,thirdAndLong,10,6,74,0,0,0,100
2023,00-0030564,TEN,fourthDown,3,1,12,0,0,0,18
2023,00-0037256,TB,aheadLate,0,0,0,6,34,0,11
2023,00-0039165,SEA,fourthDown,1,1,9,4,14,0,13
2023,00-0037746,WAS,chasingLate,4,3,9,1,1,0,55
2023,00-0031260,WAS,chasingLate,4,3,20,0,0,0,55
2023,00-0034928,HOU,earlyAndLong,3,3,25,0,0,0,596
2023,00-0035228,ARI,thirdAndMedium,0,0,0,4,24,0,60
2023,00-0035228,ARI,goalLine,0,0,0,5,-9,2,32
2023,00-0035500,ARI,fourthDown,3,2,7,0,0,0,29
2023,00-0035500,ARI,earlyDown,4,0,0,0,0,0,105
2023,00-0034827,CHI,fourthDown,2,2,43,1,0,1,21
2023,00-0036963,DET,goalLine,4,1,1,0,0,1,47
2023,00-0039065,DET,chasingLate,12,10,100,0,0,0,42
2023,00-0035685,DET,chasingLate,2,2,22,2,22,0,42
2023,00-0039065,DET,goalLine,6,3,7,0,0,3,47
2023,00-0035631,CIN,earlyDown,3,3,23,0,0,0,127
2023,00-0035100,CIN,earlyAndLong,0,0,0,6,38,0,511
2023,00-0038454,BAL,thirdAndShort,0,0,0,3,8,0,41
2023,00-0034613,CIN,chasingLate,3,3,47,0,0,0,23
2023,00-0035341,CIN,redZone,3,3,23,0,0,0,80
2023,00-0032543,LAC,thirdAndMedium,4,2,37,0,0,0,66
2023,00-0038996,GB,earlyDown,6,5,55,0,0,0,146
2023,00-0033699,LAC,chasingLate,2,1,6,1,-1,0,45
2023,00-0037276,MIN,insideTen,2,2,6,2,3,0,53
2023,00-0032385,NYG,thirdAndLong,3,1,5,0,0,0,120
2023,00-0037746,WAS,fourthDown,3,3,30,2,0,0,19
2023,00-0035537,BUF,earlyDown,2,1,4,9,42,0,177
2023,00-0038389,NYJ,earlyAndLong,1,1,13,14,60,0,521
2023,00-0038389,NYJ,chasingLate,8,5,32,1,0,0,65
2023,00-0036912,PHI,redZone,3,2,20,0,0,1,84
2023,00-0034386,KC,chasingLate,3,2,11,0,0,0,33
2023,00-0034272,KC,chasingLate,4,1,7,0,0,0,33
2023,00-0038102,PIT,earlyDown,0,0,0,3,10,0,154
2023,00-0034838,LA,insideTen,0,0,0,5,5,0,67
2023,00-0036841,LA,earlyAndLong,4,2,11,0,0,0,560
2023,00-0032775,LA,insideTen,7,4,17,0,0,3,67
2023,00-0036971,JAX,insideTen,0,0,0,6,16,2,46
2023,00-0035628,JAX,insideTen,0,0,0,3,9,0,46
2023,00-0034837,JAX,goalLine,5,3,5,0,0,3,28
2023,00-0038555,JAX,aheadLate,0,0,0,4,10,0,10
2023,00-0033895,LAC,thirdAndMedium,4,1,31,0,0,0,66
2023,00-0038573,LAC,redZone,0,0,0,3,7,0,67
2023,00-0034184,BAL,fourthDown,0,0,0,3,7,0,15
2023,00-0032543,LAC,thirdAndLong,7,4,47,0,0,0,91
2023,00-0027944,PHI,thirdAndLong,4,2,8,0,0,0,93
2023,00-0035537,BUF,redZone,2,2,8,8,23,0,103
2023,00-0036919,PHI,chasingLate,5,5,27,2,8,0,32
2023,00-0036389,PHI,chasingLate,0,0,0,4,43,0,32
2023,00-0036635,CAR,earlyAndLong,6,5,28,3,22,0,530
2023,00-0034777,CAR,fourthDown,5,3,48,0,0,0,41
2023,00-0039021,CHI,thirdAndShort,1,1,6,2,5,0,35
2023,00-0033526,DEN,goalLine,0,0,0,3,2,1,29
2023,00-0038979,CLE,thirdAndMedium,7,2,10,0,0,0,67
2023,00-0033923,CLE,insideTen,0,0,0,8,23,2,43
2023,00-0038996,GB,insideTen,3,3,22,0,0,2,56
2023,00-0033943,DET,redZone,6,3,22,0,0,1,104
2023,00-0039139,DET,fourthDown,1,1,7,3,15,0,31
2023,00-0034959,HOU,earlyAndLong,4,4,40,0,0,0,596
2023,00-0033891,JAX,thirdAndMedium,5,3,26,0,0,0,65
2023,00-0035250,HOU,goalLine,0,0,0,5,3,2,38
2023,00-0033881,JAX,insideTen,3,1,10,0,0,1,46
2023,00-0034383,HOU,fourthDown,3,1,14,0,0,0,16
2023,00-0034960,LV,thirdAndShort,4,3,27,1,2,1,39
2023,00-0032775,LA,earlyDown,5,4,67,0,0,0,143
2023,00-0036862,LA,thirdAndLong,3,3,22,0,0,0,91
2023,00-0035500,ARI,thirdAndMedium,4,3,49,0,0,1,60
2023,00-0032775,LA,thirdAndMedium,5,2,17,0,0,0,63
2023,00-0038492,NYJ,earlyAndLong,4,4,48,0,0,0,521
2023,00-0037740,NYJ,fourthDown,2,2,18,1,3,0,26
2023,00-0038496,NYJ,insideTen,3,2,9,1,9,1,44
2023,00-0030578,ATL,thirdAndLong,1,1,11,2,16,0,99
2023,00-0036364,NO,thirdAndLong,3,2,16,0,0,0,98
2023,00-0036364,NO,earlyAndLong,9,7,40,2,40,0,533
2023,00-0035631,CIN,redZone,3,3,23,0,0,1,80
2023,00-0033897,CIN,chasingLate,3,3,48,2,15,0,23
2023,00-0035719,SF,goalLine,1,1,2,2,3,3,39
2023,00-0033288,SF,thirdAndMedium,6,4,72,0,0,1,45
2023,00-0035500,ARI,thirdAndLong,4,2,29,0,0,0,109
2023,00-0032156,NYJ,earlyAndLong,0,0,0,3,21,0,521
2023,00-0038597,CIN,earlyDown,1,1,25,6,14,0,127
2023,00-0035100,CIN,earlyDown,1,1,-7,2,8,0,127
2023,00-0038606,JAX,earlyAndLong,10,7,63,0,0,0,564
2023,00-0035100,CIN,goalLine,0,0,0,4,3,3,32
2023,00-0035100,CIN,thirdAndShort,0,0,0,4,28,0,34
2023,00-0036973,JAX,chasingLate,4,4,58,0,0,0,20
2023,00-0033923,CLE,thirdAndMedium,3,3,7,3,5,0,67
2023,00-0039163,HOU,thirdAndMedium,0,0,0,3,10,0,58
2023,00-0033854,HOU,thirdAndLong,4,2,27,3,23,0,120
2023,00-0035685,DET,thirdAndLong,2,1,10,2,17,0,95
2023,00-0038612,NO,thirdAndLong,5,3,75,0,0,0,98
2023,00-0036364,NO,earlyDown,1,1,15,2,-6,0,141
2023,00-0037120,IND,earlyAndLong,3,3,9,7,61,0,529
2023,00-0036360,KC,thirdAndShort,0,0,0,3,10,0,47
2023,00-0037197,KC,chasingLate,3,2,9,0,0,0,33
2023,00-0033873,KC,chasingLate,0,0,0,3,16,0,33
2023,00-0038108,NE,earlyAndLong,0,0,0,5,28,0,511
2023,00-0038720,MIA,earlyDown,3,3,25,0,0,0,142
2023,00-0034115,MIA,redZone,0,0,0,7,32,0,70
2023,00-0031236,DAL,thirdAndShort,5,4,28,0,0,0,41
2023,00-0036360,KC,redZone,0,0,0,3,3,0,112
2023,00-0036635,CAR,earlyDown,1,1,8,2,10,0,133
2023,00-0032543,LAC,earlyDown,4,2,42,0,0,0,144
2023,00-0032543,LAC,earlyAndLong,8,4,59,0,0,0,527
2023,00-0037539,DEN,earlyAndLong,8,5,76,0,0,0,483
2023,00-0038045,LAC,earlyDown,0,0,0,3,5,0,144
2023,00-0038120,NYJ,goalLine,1,1,3,2,4,2,12
2023,00-0033854,HOU,chasingLate,2,0,0,4,14,0,41
2023,00-0038597,CIN,thirdAndLong,2,2,11,3,15,0,97
2023,00-0034613,CIN,redZone,3,3,25,0,0,1,80
2023,00-0038606,JAX,thirdAndLong,4,2,14,0,0,0,80
2023,00-0026158,CLE,redZone,0,0,0,4,7,0,86
2023,00-0036971,JAX,chasingLate,0,0,0,3,25,0,20
2023,00-0033908,LA,insideTen,7,3,8,0,0,2,67
2023,00-0032775,LA,thirdAndLong,5,3,63,0,0,1,91
2023,00-0039074,LA,earlyAndLong,5,5,47,0,0,0,560
2023,00-0031235,BAL,chasingLate,3,1,14,0,0,0,18
2023,00-0038108,NE,thirdAndLong,0,0,0,3,21,0,99
2023,00-0033869,PIT,goalLine,0,0,0,3,2,2,22
2023,00-0035216,PIT,chasingLate,4,2,32,0,0,0,41
2023,00-0035261,DAL,aheadLate,0,0,0,3,11,0,14
2023,00-0034414,PHI,chasingLate,0,0,0,3,7,0,32
2023,00-0039040,MIA,thirdAndMedium,4,2,6,0,0,0,59
2023,00-0039040,MIA,chasingLate,4,2,15,1,6,0,29
2023,00-0034798,MIA,chasingLate,3,3,16,0,0,0,29
2023,00-0030578,ATL,goalLine,1,1,2,2,-5,1,24
2023,00-0037005,CAR,thirdAndLong,4,2,20,0,0,0,117
2023,00-0035537,BUF,thirdAndShort,0,0,0,4,27,0,53
2023,00-0036139,DAL,thirdAndShort,3,2,19,0,0,0,41
2023,00-0037286,NE,earlyAndLong,1,1,48,10,34,0,511
2023,00-0037286,NE,redZone,1,1,4,2,20,1,57
2023,00-0038040,LV,goalLine,0,0,0,3,-1,1,26
2023,00-0038040,LV,thirdAndShort,0,0,0,4,20,0,39
2023,00-0033319,MIN,thirdAndShort,0,0,0,3,4,0,32
2023,00-0038389,NYJ,earlyDown,1,1,-2,5,14,0,113
2023,00-0027944,PHI,redZone,3,2,18,0,0,1,84
2023,00-0037228,PIT,goalLine,0,0,0,3,-6,0,22
2023,00-0037120,IND,redZone,2,0,0,3,9,0,97
2023,00-0033217,IND,redZone,3,2,21,0,0,1,97
2023,00-0036984,IND,thirdAndShort,0,0,0,3,29,0,40
2023,00-0036924,ARI,insideTen,2,2,7,1,-1,1,38
2023,00-0038996,GB,thirdAndShort,3,3,25,0,0,0,47
2023,00-0033589,TB,earlyAndLong,6,5,64,0,0,0,572
2023,00-0037091,GB,redZone,3,2,26,0,0,1,146
2023,00-0037091,GB,thirdAndLong,4,2,22,0,0,0,90
2023,00-0038611,WAS,goalLine,0,0,0,3,-1,1,33
2023,00-0037840,LA,aheadLate,0,0,0,7,30,0,17
2023,00-0036906,CHI,aheadLate,0,0,0,4,46,0,11
2023,00-0035282,LAC,earlyAndLong,0,0,0,8,54,0,527
2023,00-0035282,LAC,insideTen,0,0,0,4,10,0,55
2023,00-0033856,BUF,earlyAndLong,0,0,0,5,12,0,610
2023,00-0035282,LAC,earlyDown,0,0,0,5,39,0,144
2023,00-0033856,BUF,redZone,0,0,0,3,17,0,103
2023,00-0037614,HOU,insideTen,3,0,0,0,0,0,52
2023,00-0038618,HOU,thirdAndLong,5,2,14,0,0,0,120
2023,00-0033040,MIA,chasingLate,4,2,12,0,0,0,29
2023,00-0037091,GB,earlyAndLong,10,8,116,2,19,0,522
2023,00-0037091,GB,thirdAndMedium,4,3,59,0,0,0,50
2023,00-0037120,IND,chasingLate,2,1,15,1,15,0,37
2023,00-0038667,JAX,thirdAndLong,3,3,38,0,0,0,80
2023,00-0034681,TB,aheadLate,0,0,0,4,11,0,11
2023,00-0033873,KC,fourthDown,0,0,0,5,48,0,19
2023,00-0036040,NO,fourthDown,3,2,15,0,0,0,15
2023,00-0037132,PHI,earlyAndLong,3,2,29,0,0,0,585
2023,00-0033246,MIN,thirdAndLong,3,3,25,0,0,0,98
2023,00-0037091,GB,earlyDown,3,2,12,1,2,0,146
2023,00-0035120,LAC,earlyAndLong,8,4,16,0,0,0,527
2023,00-0032144,BAL,insideTen,0,0,0,3,5,1,70
2023,00-0034681,TB,thirdAndLong,2,1,14,1,9,0,110
2023,00-0037257,CLE,thirdAndLong,3,2,16,0,0,0,127
2023,00-0036567,SF,goalLine,0,0,0,6,7,3,39
2023,00-0035924,TEN,chasingLate,0,0,0,3,11,0,40
2023,00-0033293,GB,aheadLate,1,1,5,6,15,0,19
2023,00-0032436,CLE,earlyDown,0,0,0,3,12,0,159
2023,00-0036223,IND,chasingLate,0,0,0,4,13,0,37
2023,00-0035140,KC,thirdAndMedium,3,1,6,0,0,0,59
2023,00-0036269,KC,chasingLate,0,0,0,3,7,0,33
2023,00-0032950,LA,earlyAndLong,0,0,0,6,25,0,560
2023,00-0034869,SF,thirdAndShort,0,0,0,3,8,0,43
2023,00-0032950,LA,thirdAndShort,0,0,0,3,7,0,34
2023,00-0032128,SF,chasingLate,3,2,35,0,0,0,25
2023,00-0033943,DET,aheadLate,3,3,19,0,0,0,20
2023,00-0035537,BUF,insideTen,0,0,0,3,-4,0,69
2024,00-0033553,ARI,earlyAndLong,35,30,241,129,569,0,515
2024,00-0033553,ARI,earlyDown,10,7,85,38,284,0,131
2024,00-0035500,ARI,thirdAndMedium,8,6,55,0,0,0,60
2024,00-0039849,ARI,earlyAndLong,59,36,538,0,0,3,515
2024,00-0035228,ARI,thirdAndLong,0,0,0,10,100,0,62
2024,00-0033553,ARI,insideTen,0,0,0,10,40,3,41
2024,00-0038559,ARI,insideTen,5,4,24,0,0,2,41
2024,00-0037248,BUF,earlyAndLong,30,25,200,150,852,3,597
2024,00-0037248,BUF,earlyDown,6,6,57,42,201,1,143
2024,00-0033555,BUF,earlyAndLong,32,20,273,0,0,2,597
2024,00-0038705,ARI,thirdAndMedium,2,1,24,5,70,1,60
2024,00-0037744,ARI,earlyAndLong,71,60,683,0,0,0,515
2024,00-0039041,ARI,earlyDown,8,6,54,0,0,0,131
2024,00-0035228,ARI,earlyAndLong,0,0,0,37,336,2,515
2024,00-0035500,ARI,redZone,6,6,45,1,4,0,85
2024,00-0033553,ARI,redZone,4,4,21,30,114,0,85
2024,00-0038705,ARI,redZone,4,4,18,0,0,0,85
2024,00-0035689,BUF,earlyDown,4,3,51,0,0,0,143
2024,00-0037248,BUF,redZone,4,3,24,26,110,2,108
2024,00-0037248,BUF,insideTen,1,1,4,25,82,8,82
2024,00-0039921,ARI,earlyAndLong,5,5,53,42,203,0,515
2024,00-0039921,ARI,earlyDown,1,1,6,10,35,0,131
2024,00-0035228,ARI,thirdAndMedium,0,0,0,4,26,0,60
2024,00-0039041,ARI,earlyAndLong,13,11,91,0,0,0,515
2024,00-0037744,ARI,earlyDown,18,13,91,0,0,0,131
2024,00-0037744,ARI,insideTen,7,1,7,0,0,0,41
2024,00-0033553,ARI,goalLine,1,1,2,14,12,6,31
2024,00-0035537,BUF,earlyAndLong,5,4,48,31,191,1,597
2024,00-0033282,BUF,earlyAndLong,29,20,171,4,14,0,597
2024,00-0037261,BUF,thirdAndMedium,11,11,160,0,0,0,52
2024,00-0034857,BUF,earlyAndLong,0,0,0,34,249,0,597
2024,00-0039901,BUF,earlyAndLong,23,14,291,1,9,1,597
2024,00-0034857,BUF,redZone,0,0,0,17,70,1,108
2024,00-0034857,BUF,insideTen,0,0,0,12,54,5,82
2024,00-0039875,BUF,earlyAndLong,12,11,91,64,243,0,597
2024,00-0039875,BUF,redZone,0,0,0,12,72,1,108
2024,00-0038933,BUF,redZone,6,4,34,0,0,1,108
2024,00-0039875,BUF,earlyDown,3,3,74,19,79,1,143
2024,00-0034272,BUF,thirdAndLong,8,0,0,0,0,0,89
2024,00-0035500,ARI,earlyAndLong,18,14,110,3,21,0,515
2024,00-0039901,BUF,redZone,6,3,27,0,0,1,108
2024,00-0035537,BUF,redZone,6,4,41,8,31,1,108
2024,00-0037261,BUF,redZone,8,7,45,0,0,1,108
2024,00-0034272,BUF,earlyDown,4,2,27,1,4,0,143
2024,00-0035689,BUF,earlyAndLong,21,18,279,0,0,0,597
2024,00-0037261,BUF,thirdAndLong,21,17,282,0,0,2,89
2024,00-0034857,BUF,fourthDown,0,0,0,10,53,1,22
2024,00-0039901,BUF,insideTen,5,0,0,0,0,0,82
2024,00-0038933,BUF,earlyAndLong,48,31,289,0,0,0,597
2024,00-0035537,BUF,thirdAndMedium,3,2,41,0,0,0,52
2024,00-0038559,ARI,chasingLate,7,3,34,0,0,0,49
2024,00-0037744,ARI,chasingLate,12,8,66,0,0,0,49
2024,00-0032764,BAL,earlyAndLong,12,9,120,214,1463,2,613
2024,00-0034975,BAL,earlyAndLong,19,16,117,31,142,1,613
2024,00-0034975,BAL,thirdAndLong,16,13,142,2,-1,0,86
2024,00-0039064,BAL,thirdAndLong,18,7,98,0,0,0,86
2024,00-0032764,BAL,earlyDown,3,3,34,63,351,1,126
2024,00-0034796,BAL,thirdAndShort,0,0,0,14,103,0,48
2024,00-0034796,BAL,redZone,0,0,0,12,29,0,90
2024,00-0032764,BAL,insideTen,3,1,5,19,54,7,61
2024,00-0039067,KC,earlyAndLong,15,11,156,0,0,1,587
2024,00-0037197,KC,earlyAndLong,16,11,76,51,220,0,587
2024,00-0039067,KC,thirdAndMedium,3,2,22,0,0,0,67
2024,00-0039894,KC,earlyAndLong,58,39,502,13,92,5,587
2024,00-0037838,BAL,earlyAndLong,31,25,388,0,0,1,613
2024,00-0039064,BAL,earlyAndLong,60,46,600,7,57,1,613
2024,00-0034975,BAL,thirdAndMedium,3,3,32,4,55,1,52
2024,00-0036637,KC,earlyAndLong,29,24,271,1,-4,0,587
2024,00-0033857,KC,redZone,4,3,27,0,0,1,121
2024,00-0034796,BAL,earlyAndLong,0,0,0,80,654,1,613
2024,00-0034796,BAL,thirdAndLong,0,0,0,5,38,0,86
2024,00-0039064,BAL,fourthDown,3,1,1,0,0,0,13
2024,00-0030506,KC,earlyAndLong,72,50,500,0,0,0,587
2024,00-0030506,KC,thirdAndLong,16,12,166,0,0,0,93
2024,00-0037197,KC,redZone,1,0,0,6,24,0,121
2024,00-0030506,KC,redZone,19,14,96,0,0,2,121
2024,00-0039894,KC,redZone,16,10,70,6,16,1,121
2024,00-0036550,BAL,thirdAndLong,11,7,81,0,0,0,86
2024,00-0034796,BAL,earlyDown,0,0,0,17,57,0,126
2024,00-0037838,BAL,earlyDown,4,3,20,0,0,0,126
2024,00-0037838,BAL,redZone,5,3,30,0,0,1,90
2024,00-0039064,BAL,insideTen,6,2,15,0,0,2,61
2024,00-0034975,BAL,insideTen,3,1,5,3,9,1,61
2024,00-0039067,KC,earlyDown,7,7,80,0,0,0,165
2024,00-0034386,KC,earlyAndLong,15,10,158,0,0,0,587
2024,00-0036637,KC,redZone,6,5,53,0,0,1,121
2024,00-0037197,KC,goalLine,1,1,1,4,3,1,46
2024,00-0034753,BAL,earlyAndLong,41,30,429,0,0,0,613
2024,00-0037197,KC,earlyDown,3,3,19,17,56,0,165
2024,00-0030506,KC,thirdAndMedium,9,8,73,0,0,0,67
2024,00-0033526,KC,earlyDown,2,2,12,6,29,0,165
2024,00-0039325,KC,earlyAndLong,8,6,24,29,102,0,587
2024,00-0033526,KC,thirdAndMedium,8,6,100,1,4,0,67
2024,00-0036550,BAL,earlyAndLong,37,23,506,0,0,3,613
2024,00-0034796,BAL,thirdAndMedium,0,0,0,6,76,0,52
2024,00-0033873,KC,thirdAndMedium,0,0,0,8,64,0,67
2024,00-0031549,BAL,earlyAndLong,21,10,196,0,0,0,613
2024,00-0034753,BAL,thirdAndMedium,6,5,42,0,0,0,52
2024,00-0032764,BAL,fourthDown,0,0,0,3,31,0,13
2024,00-0033873,KC,thirdAndLong,1,1,2,8,86,0,93
2024,00-0037838,BAL,chasingLate,8,6,58,0,0,1,38
2024,00-0036550,BAL,chasingLate,5,3,50,0,0,0,38
2024,00-0034975,BAL,chasingLate,5,4,31,0,0,0,38
2024,00-0037838,BAL,insideTen,7,4,25,0,0,3,61
2024,00-0033906,NO,earlyAndLong,55,48,350,118,497,1,502
2024,00-0033357,NO,earlyDown,5,4,19,5,11,0,132
2024,00-0034981,NO,earlyAndLong,21,17,269,0,0,1,502
2024,00-0037545,NO,thirdAndMedium,3,2,65,0,0,1,59
2024,00-0035216,CAR,earlyAndLong,32,20,205,1,2,1,468
2024,00-0033906,NO,earlyDown,7,6,115,50,211,1,132
2024,00-0037545,NO,thirdAndLong,7,0,0,0,0,0,98
2024,00-0036555,CAR,earlyAndLong,24,19,68,137,786,2,468
2024,00-0036555,CAR,earlyDown,5,5,26,51,188,0,125
2024,00-0039150,CAR,earlyAndLong,0,0,0,15,109,0,468
2024,00-0035216,CAR,thirdAndMedium,6,2,44,0,0,0,59
2024,00-0033357,NO,earlyAndLong,16,11,122,15,84,0,502
2024,00-0037239,NO,earlyAndLong,19,15,204,0,0,0,502
2024,00-0036040,NO,earlyAndLong,28,23,264,0,0,0,502
2024,00-0033357,NO,thirdAndShort,0,0,0,4,22,0,33
2024,00-0033906,NO,insideTen,0,0,0,11,33,3,29
2024,00-0035243,CAR,earlyAndLong,10,8,93,37,147,1,468
2024,00-0039062,CAR,earlyAndLong,29,14,163,1,2,0,468
2024,00-0030035,CAR,thirdAndLong,8,5,65,0,0,0,84
2024,00-0039356,CAR,earlyDown,5,5,37,0,0,0,125
2024,00-0033948,NO,earlyAndLong,7,6,33,19,56,0,502
2024,00-0033906,NO,thirdAndLong,11,5,19,9,59,0,98
2024,00-0037545,NO,earlyAndLong,22,13,230,2,8,2,502
2024,00-0039623,NO,thirdAndLong,7,4,17,0,0,0,98
2024,00-0033948,NO,earlyDown,1,1,12,9,21,0,132
2024,00-0033948,NO,thirdAndShort,0,0,0,3,9,0,33
2024,00-0036040,NO,redZone,4,4,41,0,0,2,71
2024,00-0035243,CAR,earlyDown,3,2,-2,5,23,0,125
2024,00-0035216,CAR,earlyDown,6,3,29,0,0,0,125
2024,00-0039342,CAR,earlyDown,7,6,44,3,14,0,125
2024,00-0039342,CAR,earlyAndLong,37,25,262,3,10,0,468
2024,00-0031280,NO,earlyAndLong,0,0,0,6,34,0,502
2024,00-0033906,NO,goalLine,0,0,0,6,5,2,20
2024,00-0030035,CAR,earlyAndLong,22,18,199,0,0,2,468
2024,00-0035216,CAR,goalLine,4,0,0,0,0,0,31
2024,00-0031280,NO,thirdAndShort,0,0,0,3,22,0,33
2024,00-0033948,NO,redZone,1,0,0,6,25,1,71
2024,00-0033589,CAR,earlyAndLong,28,17,178,0,0,0,468
2024,00-0030035,CAR,earlyDown,6,6,99,0,0,0,125
2024,00-0039342,CAR,redZone,6,1,15,0,0,0,79
2024,00-0033589,CAR,redZone,7,4,46,0,0,1,79
2024,00-0038678,NO,earlyDown,1,1,8,4,4,0,132
2024,00-0039062,CAR,thirdAndMedium,3,0,0,0,0,0,59
2024,00-0038678,NO,earlyAndLong,6,4,30,11,43,0,502
2024,00-0038678,NO,thirdAndLong,2,2,10,1,5,0,98
2024,00-0034208,CAR,chasingLate,0,0,0,4,7,0,42
2024,00-0036358,DAL,earlyAndLong,68,50,608,9,52,2,563
2024,00-0033045,DAL,thirdAndLong,2,1,0,1,8,0,95
2024,00-0037267,CLE,earlyAndLong,28,25,142,68,387,1,561
2024,00-0031544,CLE,earlyDown,7,5,61,0,0,0,114
2024,00-0031544,CLE,earlyAndLong,54,29,344,0,0,2,561
2024,00-0033885,CLE,earlyAndLong,49,35,300,0,0,1,561
2024,00-0033537,CLE,thirdAndLong,0,0,0,7,50,0,115
2024,00-0037801,DAL,earlyAndLong,18,9,99,11,64,0,563
2024,00-0038041,DAL,earlyAndLong,56,40,365,0,0,0,563
2024,00-0036139,DAL,earlyAndLong,33,26,160,135,643,1,563
2024,00-0031236,DAL,thirdAndMedium,9,5,55,0,0,1,66
2024,00-0036407,CLE,earlyAndLong,74,52,778,0,0,2,561
2024,00-0037267,CLE,thirdAndLong,5,3,20,1,4,0,115
2024,00-0033045,DAL,earlyAndLong,8,8,34,43,147,0,563
2024,00-0033045,DAL,thirdAndMedium,1,1,15,3,16,0,66
2024,00-0036358,DAL,earlyDown,23,17,174,3,18,0,138
2024,00-0038041,DAL,thirdAndLong,9,6,49,0,0,0,95
2024,00-0036980,CLE,earlyAndLong,47,28,255,1,1,1,561
2024,00-0033885,CLE,thirdAndLong,13,7,44,0,0,0,115
2024,00-0036139,DAL,thirdAndShort,0,0,0,6,13,0,32
2024,00-0038640,DAL,earlyAndLong,12,8,121,0,0,0,563
2024,00-0031236,DAL,earlyAndLong,22,12,139,1,-5,0,563
2024,00-0033045,DAL,redZone,2,1,9,6,10,0,81
2024,00-0033045,DAL,goalLine,0,0,0,3,5,3,19
2024,00-0034364,CLE,earlyAndLong,25,20,197,0,0,0,561
2024,00-0036980,CLE,thirdAndLong,19,13,94,0,0,0,115
2024,00-0038622,DAL,earlyAndLong,3,1,8,10,36,0,563
2024,00-0031236,DAL,thirdAndLong,10,4,40,0,0,0,95
2024,00-0038041,DAL,redZone,3,2,16,0,0,0,81
2024,00-0036407,CLE,earlyDown,9,6,67,0,0,0,114
2024,00-0038098,CLE,thirdAndLong,5,4,44,3,9,0,115
2024,00-0037666,DAL,earlyAndLong,42,26,276,0,0,0,563
2024,00-0036407,CLE,thirdAndMedium,16,12,156,0,0,0,69
2024,00-0036980,CLE,redZone,5,3,19,0,0,0,57
2024,00-0036407,CLE,redZone,9,3,15,0,0,0,57
2024,00-0031544,CLE,redZone,3,2,22,0,0,1,57
2024,00-0036407,CLE,insideTen,5,1,6,0,0,1,49
2024,00-0036358,DAL,thirdAndLong,19,11,116,0,0,0,95
2024,00-0036358,DAL,thirdAndMedium,11,4,112,0,0,0,66
2024,00-0037267,CLE,thirdAndMedium,1,1,12,2,0,0,69
2024,00-0036139,DAL,earlyDown,5,5,34,51,251,0,138
2024,00-0038979,CLE,earlyDown,6,4,53,0,0,0,114
2024,00-0037267,CLE,fourthDown,1,0,0,3,33,0,36
2024,00-0038738,DAL,earlyAndLong,6,4,21,0,0,0,563
2024,00-0031236,DAL,earlyDown,2,1,12,1,5,0,138
2024,00-0038098,CLE,earlyAndLong,12,8,55,14,53,0,561
2024,00-0031544,CLE,chasingLate,7,2,31,0,0,0,69
2024,00-0034364,CLE,thirdAndLong,8,7,66,0,0,0,115
2024,00-0038098,CLE,chasingLate,3,1,2,2,10,0,69
2024,00-0037267,CLE,insideTen,0,0,0,6,15,1,49
2024,00-0032211,SEA,earlyAndLong,33,26,335,0,0,0,531
2024,00-0036997,DEN,redZone,3,1,11,15,45,1,89
2024,00-0038134,SEA,earlyAndLong,31,26,187,98,404,2,531
2024,00-0035644,SEA,earlyDown,6,6,80,0,0,0,118
2024,00-0035640,SEA,thirdAndMedium,7,4,44,0,0,0,57
2024,00-0038794,DEN,earlyAndLong,15,14,44,71,337,0,521
2024,00-0038794,DEN,earlyDown,3,2,1,26,105,0,148
2024,00-0035644,SEA,earlyAndLong,32,25,242,0,0,0,531
2024,00-0035644,SEA,thirdAndLong,8,5,57,0,0,0,98
2024,00-0036997,DEN,earlyAndLong,38,30,174,82,332,0,521
2024,00-0035406,DEN,thirdAndMedium,4,2,11,0,0,0,64
2024,00-0039165,SEA,earlyAndLong,32,26,195,71,293,1,531
2024,00-0038543,SEA,earlyDown,14,13,124,1,8,0,118
2024,00-0036268,SEA,earlyAndLong,4,4,26,1,1,0,531
2024,00-0034348,DEN,earlyAndLong,56,31,411,0,0,0,521
2024,00-0033943,DEN,earlyDown,4,3,39,0,0,0,148
2024,00-0039732,DEN,thirdAndMedium,0,0,0,7,49,0,64
2024,00-0039424,DEN,earlyAndLong,28,21,206,0,0,0,521
2024,00-0036997,DEN,thirdAndShort,1,1,4,4,19,0,40
2024,00-0039373,DEN,earlyAndLong,3,3,14,43,182,0,521
2024,00-0038794,DEN,redZone,2,2,-2,9,27,0,89
2024,00-0034348,DEN,thirdAndLong,22,12,221,0,0,0,98
2024,00-0039732,DEN,earlyAndLong,0,0,0,23,215,0,521
2024,00-0037252,DEN,earlyDown,3,0,0,0,0,0,148
2024,00-0034348,DEN,thirdAndMedium,15,11,138,0,0,0,64
2024,00-0034348,DEN,redZone,14,7,83,0,0,3,89
2024,00-0035640,SEA,earlyAndLong,58,36,489,0,0,1,531
2024,00-0032211,SEA,thirdAndShort,3,2,30,0,0,0,26
2024,00-0030565,SEA,earlyAndLong,0,0,0,13,108,1,531
2024,00-0035640,SEA,goalLine,4,0,0,0,0,0,35
2024,00-0033943,DEN,earlyAndLong,6,2,58,0,0,0,521
2024,00-0038976,DEN,earlyDown,6,5,2,2,10,0,148
2024,00-0038134,SEA,thirdAndLong,1,1,11,3,24,0,98
2024,00-0033943,DEN,thirdAndLong,3,2,36,0,0,0,98
2024,00-0036422,DEN,earlyAndLong,15,10,143,0,0,0,521
2024,00-0038794,DEN,thirdAndLong,5,4,9,1,10,0,98
2024,00-0032211,SEA,earlyDown,10,7,49,0,0,0,118
2024,00-0038134,SEA,earlyDown,5,5,37,23,88,0,118
2024,00-0039165,SEA,earlyDown,2,0,0,22,143,2,118
2024,00-0038134,SEA,thirdAndShort,0,0,0,3,6,0,26
2024,00-0038134,SEA,redZone,9,8,43,8,22,2,60
2024,00-0038134,SEA,insideTen,1,0,0,6,14,0,30
2024,00-0035644,SEA,redZone,4,2,23,0,0,1,60
2024,00-0039165,SEA,thirdAndShort,1,1,-1,6,28,0,26
2024,00-0039424,DEN,earlyDown,7,3,64,0,0,0,148
2024,00-0037252,DEN,thirdAndLong,3,2,14,0,0,0,98
2024,00-0039165,SEA,thirdAndLong,12,10,64,5,35,0,98
2024,00-0033943,DEN,thirdAndMedium,4,1,5,0,0,0,64
2024,00-0039732,DEN,insideTen,0,0,0,3,8,1,38
2024,00-0032211,SEA,thirdAndMedium,10,8,85,0,0,0,57
2024,00-0035700,GB,earlyAndLong,26,23,269,178,940,1,509
2024,00-0038124,GB,earlyAndLong,24,17,362,3,9,1,509
2024,00-0037816,GB,thirdAndMedium,11,8,112,0,0,1,63
2024,00-0035700,GB,earlyDown,10,8,66,59,255,0,165
2024,00-0038124,GB,thirdAndMedium,9,4,93,0,0,0,63
2024,00-0034844,PHI,earlyAndLong,26,21,110,244,1528,5,649
2024,00-0035676,PHI,earlyAndLong,55,39,649,0,0,0,649
2024,00-0036912,PHI,thirdAndLong,9,8,131,0,0,2,102
2024,00-0035700,GB,redZone,1,1,9,19,65,0,99
2024,00-0038393,GB,earlyAndLong,37,18,242,0,0,1,509
2024,00-0035700,GB,thirdAndLong,4,3,20,1,5,0,68
2024,00-0034351,PHI,earlyDown,13,12,150,0,0,1,171
2024,00-0036389,PHI,thirdAndMedium,0,0,0,7,43,0,81
2024,00-0039146,GB,earlyAndLong,34,28,349,13,149,1,509
2024,00-0037816,GB,redZone,8,6,70,0,0,2,99
2024,00-0035700,GB,insideTen,3,2,5,27,76,5,59
2024,00-0038996,GB,redZone,13,10,90,1,2,4,99
2024,00-0034351,PHI,earlyAndLong,32,27,251,1,9,0,649
2024,00-0034844,PHI,earlyDown,9,7,45,75,454,2,171
2024,00-0035676,PHI,thirdAndShort,3,1,8,0,0,0,42
2024,00-0036389,PHI,earlyAndLong,0,0,0,53,341,0,649
2024,00-0036912,PHI,earlyAndLong,55,47,634,0,0,4,649
2024,00-0036389,PHI,thirdAndShort,0,0,0,18,49,0,42
2024,00-0034844,PHI,redZone,9,8,65,39,169,4,130
2024,00-0038797,GB,earlyAndLong,8,6,52,51,270,2,509
2024,00-0038797,GB,earlyDown,1,0,0,23,118,0,165
2024,00-0035700,GB,goalLine,0,0,0,17,14,11,37
2024,00-0035676,PHI,thirdAndLong,15,9,138,0,0,1,102
2024,00-0036389,PHI,redZone,0,0,0,21,95,1,130
2024,00-0039144,GB,earlyAndLong,7,4,33,0,0,0,509
2024,00-0039146,GB,thirdAndLong,12,7,157,0,0,1,68
2024,00-0034351,PHI,thirdAndLong,9,9,163,0,0,0,102
2024,00-0039236,PHI,earlyAndLong,8,2,15,0,0,0,649
2024,00-0036389,PHI,thirdAndLong,0,0,0,11,124,0,102
2024,00-0036912,PHI,fourthDown,3,3,16,0,0,0,26
2024,00-0036919,PHI,earlyAndLong,14,11,76,44,163,0,649
2024,00-0035676,PHI,earlyDown,13,7,124,0,0,1,171
2024,00-0038996,GB,earlyAndLong,34,25,301,0,0,0,509
2024,00-0037816,GB,earlyAndLong,30,16,219,0,0,0,509
2024,00-0038797,GB,thirdAndLong,5,4,16,0,0,0,68
2024,00-0036389,PHI,earlyDown,0,0,0,12,99,1,171
2024,00-0034844,PHI,goalLine,0,0,0,13,16,3,47
2024,00-0037086,PHI,earlyAndLong,21,17,235,0,0,0,649
2024,00-0037741,PHI,redZone,3,1,11,0,0,1,130
2024,00-0035676,PHI,redZone,9,5,53,0,0,2,130
2024,00-0039146,GB,thirdAndMedium,5,2,33,0,0,0,63
2024,00-0038797,GB,redZone,3,2,3,6,13,0,99
2024,00-0036912,PHI,redZone,7,4,22,1,1,0,130
2024,00-0034844,PHI,insideTen,2,1,4,27,61,3,70
2024,00-0036389,PHI,goalLine,0,0,0,25,15,14,47
2024,00-0039146,GB,chasingLate,3,3,96,0,0,0,23
2024,00-0037816,GB,chasingLate,7,4,41,0,0,0,23
2024,00-0036223,IND,earlyAndLong,19,12,114,154,887,3,503
2024,00-0036252,IND,earlyDown,13,8,103,0,0,0,116
2024,00-0036252,IND,earlyAndLong,62,41,544,0,0,0,503
2024,00-0036223,IND,thirdAndMedium,2,0,0,6,19,0,51
2024,00-0038977,HOU,earlyAndLong,39,25,358,6,7,0,607
2024,00-0033897,HOU,earlyAndLong,41,31,278,167,732,1,607
2024,00-0039163,HOU,thirdAndLong,0,0,0,9,80,0,120
2024,00-0031588,HOU,thirdAndLong,12,8,92,0,0,0,120
2024,00-0039164,IND,earlyAndLong,0,0,0,30,218,1,503
2024,00-0036223,IND,earlyDown,2,2,3,45,246,0,116
2024,00-0037664,IND,earlyAndLong,37,19,385,0,0,1,503
2024,00-0034383,HOU,earlyAndLong,46,33,346,0,0,0,607
2024,00-0033897,HOU,earlyDown,4,3,8,40,204,0,121
2024,00-0031588,HOU,earlyAndLong,30,23,306,1,6,0,607
2024,00-0033897,HOU,thirdAndShort,1,0,0,8,50,0,38
2024,00-0036554,HOU,earlyAndLong,53,41,689,0,0,2,607
2024,00-0037258,HOU,redZone,1,0,0,3,5,0,103
2024,00-0038977,HOU,insideTen,3,1,7,0,0,1,60
2024,00-0031588,HOU,insideTen,3,3,19,1,6,3,60
2024,00-0033897,HOU,goalLine,0,0,0,12,6,5,26
2024,00-0039890,IND,earlyAndLong,22,13,173,1,10,0,503
2024,00-0036252,IND,thirdAndLong,9,6,54,0,0,0,91
2024,00-0036554,HOU,earlyDown,11,5,64,0,0,0,121
2024,00-0039164,IND,thirdAndMedium,1,1,-1,5,17,0,51
2024,00-0039164,IND,thirdAndShort,0,0,0,4,35,0,30
2024,00-0036223,IND,redZone,2,1,4,27,78,0,92
2024,00-0036876,IND,redZone,4,1,1,0,0,0,92
2024,00-0036554,HOU,thirdAndMedium,9,7,151,0,0,0,59
2024,00-0038977,HOU,thirdAndShort,5,3,35,0,0,0,38
2024,00-0033854,HOU,thirdAndMedium,2,2,31,1,0,0,59
2024,00-0038618,HOU,earlyAndLong,13,8,86,0,0,0,607
2024,00-0036223,IND,insideTen,1,1,7,18,38,3,52
2024,00-0036223,IND,goalLine,0,0,0,15,6,5,33
2024,00-0036554,HOU,thirdAndLong,18,12,168,0,0,0,120
2024,00-0033897,HOU,insideTen,5,3,20,19,41,4,60
2024,00-0036223,IND,thirdAndShort,0,0,0,15,67,1,30
2024,00-0035021,IND,earlyAndLong,5,2,67,3,28,1,503
2024,00-0038977,HOU,earlyDown,7,4,62,2,32,1,121
2024,00-0037258,HOU,earlyAndLong,3,2,2,24,229,2,607
2024,00-0037258,HOU,earlyDown,0,0,0,7,31,0,121
2024,00-0033897,HOU,redZone,3,0,0,35,143,4,103
2024,00-0039163,HOU,insideTen,1,0,0,2,-8,0,60
2024,00-0037664,IND,thirdAndLong,11,4,128,0,0,0,91
2024,00-0039164,IND,redZone,0,0,0,6,55,0,92
2024,00-0039164,IND,goalLine,0,0,0,6,10,3,33
2024,00-0033897,HOU,thirdAndMedium,1,1,8,3,25,0,59
2024,00-0031687,MIA,earlyAndLong,8,6,30,53,241,0,543
2024,00-0039040,MIA,earlyAndLong,41,39,266,117,644,1,543
2024,00-0039040,MIA,thirdAndLong,12,10,110,2,13,0,90
2024,00-0033040,MIA,earlyAndLong,55,45,575,6,47,1,543
2024,00-0033040,MIA,thirdAndLong,19,7,116,0,0,0,90
2024,00-0034419,MIA,fourthDown,3,0,0,0,0,0,21
2024,00-0036973,JAX,earlyAndLong,35,27,174,94,350,0,484
2024,00-0033881,JAX,thirdAndLong,7,5,53,0,0,0,82
2024,00-0039040,MIA,earlyDown,13,11,89,34,166,0,130
2024,00-0033040,MIA,thirdAndShort,7,4,57,0,0,0,34
2024,00-0033858,MIA,earlyAndLong,58,46,521,0,0,1,543
2024,00-0038555,JAX,earlyAndLong,8,4,17,93,399,0,484
2024,00-0036973,JAX,goalLine,0,0,0,4,0,1,28
2024,00-0039893,JAX,earlyDown,17,13,175,2,29,0,115
2024,00-0034775,JAX,thirdAndLong,7,2,37,0,0,0,82
2024,00-0036613,MIA,earlyAndLong,40,27,392,1,4,1,543
2024,00-0034798,MIA,earlyAndLong,9,4,23,0,0,0,543
2024,00-0039040,MIA,thirdAndMedium,2,2,11,1,0,0,44
2024,00-0038555,JAX,earlyDown,3,2,30,20,114,1,115
2024,00-0039893,JAX,earlyAndLong,63,43,655,4,19,1,484
2024,00-0036973,JAX,redZone,4,3,10,11,36,0,67
2024,00-0039893,JAX,redZone,7,6,82,0,0,4,67
2024,00-0036212,MIA,earlyAndLong,0,0,0,6,17,0,543
2024,00-0036613,MIA,thirdAndLong,10,9,125,0,0,0,90
2024,00-0033040,MIA,redZone,10,4,35,0,0,1,83
2024,00-0036613,MIA,insideTen,2,1,7,1,3,1,55
2024,00-0039040,MIA,goalLine,3,2,4,11,-3,3,34
2024,00-0036196,JAX,earlyAndLong,14,9,119,0,0,1,484
2024,00-0033881,JAX,earlyAndLong,29,24,195,0,0,0,484
2024,00-0033881,JAX,earlyDown,11,6,28,0,0,0,115
2024,00-0038606,JAX,earlyAndLong,19,15,183,0,0,0,484
2024,00-0033881,JAX,thirdAndMedium,7,5,36,0,0,0,54
2024,00-0038720,MIA,earlyAndLong,14,9,79,0,0,0,543
2024,00-0036613,MIA,earlyDown,11,8,103,1,6,0,130
2024,00-0031687,MIA,thirdAndMedium,3,3,22,3,0,0,44
2024,00-0034775,JAX,earlyAndLong,17,12,212,0,0,0,484
2024,00-0036331,JAX,earlyDown,2,1,-1,2,-4,0,115
2024,00-0038555,JAX,thirdAndShort,0,0,0,12,21,0,38
2024,00-0036973,JAX,fourthDown,0,0,0,3,3,0,21
2024,00-0035125,MIA,earlyDown,1,0,0,2,7,0,130
2024,00-0036973,JAX,earlyDown,6,5,31,23,108,0,115
2024,00-0034775,JAX,thirdAndMedium,5,3,43,0,0,0,54
2024,00-0034115,MIA,earlyAndLong,3,3,19,6,27,0,543
2024,00-0034115,MIA,earlyDown,0,0,0,3,11,0,130
2024,00-0035125,MIA,thirdAndShort,0,0,0,6,8,0,34
2024,00-0039040,MIA,redZone,9,8,73,15,39,5,83
2024,00-0037840,LA,earlyAndLong,22,20,85,186,932,0,566
2024,00-0032775,LA,earlyAndLong,35,17,320,0,0,1,566
2024,00-0033908,LA,thirdAndLong,13,10,107,0,0,0,77
2024,00-0035685,DET,earlyAndLong,27,25,266,104,506,0,567
2024,00-0036963,DET,earlyAndLong,63,53,624,1,-4,1,567
2024,00-0033908,LA,earlyAndLong,55,42,493,0,0,1,566
2024,00-0033908,LA,earlyDown,5,2,25,1,9,0,130
2024,00-0036244,LA,earlyAndLong,23,16,154,0,0,0,566
2024,00-0037840,LA,earlyDown,5,5,39,47,165,0,130
2024,00-0039075,LA,earlyAndLong,63,44,603,5,30,0,566
2024,00-0032775,LA,earlyDown,8,5,129,0,0,1,130
2024,00-0036244,LA,thirdAndMedium,7,4,41,0,0,0,63
2024,00-0039074,LA,redZone,4,1,13,0,0,1,106
2024,00-0037840,LA,thirdAndLong,4,3,17,10,78,0,77
2024,00-0039139,DET,earlyDown,9,6,58,39,255,0,129
2024,00-0035685,DET,thirdAndShort,0,0,0,9,12,0,33
2024,00-0035685,DET,earlyDown,5,5,24,17,79,0,129
2024,00-0037240,DET,earlyDown,16,11,165,1,15,1,129
2024,00-0036963,DET,thirdAndShort,9,6,87,0,0,0,33
2024,00-0035685,DET,fourthDown,0,0,0,5,15,0,24
2024,00-0039065,DET,earlyAndLong,39,30,392,0,0,2,567
2024,00-0036963,DET,insideTen,12,10,60,0,0,7,77
2024,00-0035685,DET,insideTen,0,0,0,21,65,3,77
2024,00-0039065,DET,insideTen,6,2,14,0,0,1,77
2024,00-0037557,LA,earlyDown,0,0,0,4,8,0,130
2024,00-0037557,LA,earlyAndLong,4,4,20,11,54,0,566
2024,00-0039075,LA,thirdAndLong,14,10,108,0,0,0,77
2024,00-0033908,LA,fourthDown,3,1,1,0,0,0,20
2024,00-0037240,DET,earlyAndLong,39,26,496,9,100,3,567
2024,00-0039139,DET,earlyAndLong,38,31,327,138,885,3,567
2024,00-0039139,DET,redZone,12,8,40,31,126,3,118
2024,00-0039139,DET,insideTen,1,1,10,18,51,5,77
2024,00-0039139,DET,goalLine,1,1,2,11,10,9,44
2024,00-0036427,LA,earlyAndLong,18,16,172,0,0,0,566
2024,00-0037840,LA,redZone,6,4,38,38,135,2,106
2024,00-0033908,LA,redZone,4,4,41,1,1,1,106
2024,00-0032775,LA,insideTen,4,1,10,0,0,1,72
2024,00-0036427,LA,insideTen,5,2,10,0,0,1,72
2024,00-0037240,DET,thirdAndMedium,9,6,114,0,0,1,61
2024,00-0037840,LA,thirdAndMedium,1,0,0,7,27,0,63
2024,00-0037840,LA,goalLine,1,1,-1,14,16,9,28
2024,00-0039065,DET,thirdAndMedium,6,5,35,0,0,0,61
2024,00-0033908,LA,insideTen,8,4,20,0,0,3,72
2024,00-0036244,LA,earlyDown,4,3,19,0,0,0,130
2024,00-0036427,LA,thirdAndShort,3,2,50,0,0,0,38
2024,00-0037840,LA,thirdAndShort,0,0,0,17,47,0,38
2024,00-0032775,LA,thirdAndMedium,3,1,6,0,0,0,63
2024,00-0039139,DET,chasingLate,4,3,33,6,18,0,25
2024,00-0039065,DET,chasingLate,6,5,63,0,0,0,25
2024,00-0039139,DET,thirdAndShort,0,0,0,6,47,1,33
2024,00-0036963,DET,redZone,17,12,101,1,10,0,118
2024,00-0037240,DET,redZone,9,5,36,0,0,0,118
2024,00-0032464,DET,earlyAndLong,10,8,125,2,0,0,567
2024,00-0035685,DET,redZone,3,3,12,17,88,1,118
2024,00-0035685,DET,goalLine,0,0,0,14,15,8,44
2024,00-0034159,LAC,earlyAndLong,43,36,381,0,0,1,547
2024,00-0034184,LAC,earlyAndLong,4,2,3,66,281,0,547
2024,00-0034184,LAC,earlyDown,1,1,3,15,39,0,132
2024,00-0034960,LV,earlyAndLong,59,42,482,1,3,1,516
2024,00-0038040,LV,earlyDown,0,0,0,8,22,0,108
2024,00-0036158,LAC,earlyAndLong,17,14,65,113,429,1,547
2024,00-0034830,LAC,earlyAndLong,6,5,52,0,0,0,547
2024,00-0038544,LAC,thirdAndMedium,13,7,130,0,0,1,57
2024,00-0031381,LV,earlyAndLong,63,45,488,0,0,0,516
2024,00-0038040,LV,earlyAndLong,7,6,30,46,148,0,516
2024,00-0038563,LV,thirdAndLong,10,6,30,0,0,0,92
2024,00-0039915,LAC,earlyAndLong,71,51,753,0,0,2,547
2024,00-0038544,LAC,thirdAndLong,14,6,81,0,0,1,94
2024,00-0034972,LV,earlyDown,5,2,29,16,88,0,108
2024,00-0031381,LV,thirdAndMedium,10,6,168,0,0,1,70
2024,00-0039338,LV,earlyAndLong,79,62,667,3,8,2,516
2024,00-0034972,LV,earlyAndLong,23,19,203,78,223,1,516
2024,00-0031381,LV,thirdAndLong,9,7,108,0,0,0,92
2024,00-0038544,LAC,earlyAndLong,39,22,294,2,2,1,547
2024,00-0036158,LAC,earlyDown,7,7,21,35,225,0,132
2024,00-0039915,LAC,thirdAndMedium,8,4,42,0,0,0,57
2024,00-0039066,LV,earlyDown,3,3,18,0,0,0,108
2024,00-0035289,LV,thirdAndMedium,0,0,0,3,2,0,70
2024,00-0036355,LAC,thirdAndLong,0,0,0,5,45,0,94
2024,00-0039066,LV,earlyAndLong,15,9,81,0,0,0,516
2024,00-0038573,LAC,earlyAndLong,13,10,81,9,32,1,547
2024,00-0036158,LAC,thirdAndMedium,2,2,3,3,25,0,57
2024,00-0038563,LV,thirdAndMedium,7,4,46,0,0,0,70
2024,00-0034184,LAC,redZone,0,0,0,8,24,0,73
2024,00-0036988,LAC,redZone,5,2,7,0,0,0,73
2024,00-0036158,LAC,thirdAndShort,1,0,0,10,144,1,41
2024,00-0036158,LAC,insideTen,0,0,0,11,25,2,55
2024,00-0039915,LAC,insideTen,8,7,54,0,0,5,55
2024,00-0036988,LAC,thirdAndMedium,7,3,36,0,0,0,57
2024,00-0034972,LV,thirdAndShort,2,1,3,3,9,0,26
2024,00-0035289,LV,earlyAndLong,0,0,0,5,16,0,516
2024,00-0036988,LAC,thirdAndLong,10,6,111,0,0,1,94
2024,00-0036158,LAC,redZone,5,5,18,15,50,2,73
2024,00-0039338,LV,earlyDown,8,7,50,1,3,0,108
2024,00-0036527,LV,thirdAndLong,5,2,19,0,0,0,92
2024,00-0038614,LAC,earlyAndLong,5,4,28,0,0,0,547
2024,00-0034972,LV,thirdAndLong,8,6,36,7,43,0,92
2024,00-0039915,LAC,earlyDown,13,11,205,0,0,0,132
2024,00-0034184,LAC,goalLine,0,0,0,5,7,3,24
2024,00-0034960,LV,chasingLate,14,8,96,0,0,0,71
2024,00-0039338,LV,chasingLate,15,13,141,0,0,1,71
2024,00-0034972,LV,chasingLate,3,3,5,0,0,0,71
2024,00-0038563,LV,chasingLate,12,6,59,0,0,0,71
2024,00-0035250,NYG,earlyAndLong,19,18,104,65,285,0,508
2024,00-0039847,NYG,thirdAndLong,8,4,34,0,0,0,99
2024,00-0033293,MIN,earlyAndLong,27,22,108,168,866,1,567
2024,00-0032918,MIN,thirdAndLong,3,2,10,0,0,0,99
2024,00-0038396,NYG,redZone,1,1,13,3,5,0,57
2024,00-0035710,NYG,redZone,0,0,0,7,45,0,57
2024,00-0035250,NYG,insideTen,0,0,0,6,22,1,39
2024,00-0034869,MIN,earlyAndLong,0,0,0,24,156,0,567
2024,00-0035249,MIN,earlyAndLong,23,17,216,0,0,0,567
2024,00-0033293,MIN,insideTen,6,5,18,14,8,2,58
2024,00-0033293,MIN,goalLine,1,1,-5,10,0,3,30
2024,00-0035710,NYG,earlyAndLong,0,0,0,19,138,0,508
2024,00-0035250,NYG,earlyDown,2,1,-3,27,87,0,128
2024,00-0038117,NYG,thirdAndMedium,21,10,57,0,0,0,66
2024,00-0039337,NYG,earlyAndLong,87,58,578,2,0,1,508
2024,00-0039337,NYG,thirdAndLong,21,13,224,0,0,2,99
2024,00-0039384,NYG,earlyAndLong,28,20,150,114,544,2,508
2024,00-0038117,NYG,thirdAndLong,27,18,205,0,0,0,99
2024,00-0037276,MIN,earlyAndLong,3,3,19,36,121,0,567
2024,00-0036322,MIN,earlyAndLong,80,61,927,1,3,1,567
2024,00-0038994,MIN,earlyDown,14,7,128,0,0,0,149
2024,00-0038994,MIN,earlyAndLong,48,31,532,2,13,3,567
2024,00-0037276,MIN,redZone,1,1,5,3,11,0,85
2024,00-0038994,MIN,insideTen,7,7,40,1,7,4,58
2024,00-0036322,MIN,goalLine,4,1,3,0,0,1,30
2024,00-0039847,NYG,earlyDown,3,1,7,0,0,0,128
2024,00-0035535,NYG,thirdAndMedium,10,7,59,0,0,0,66
2024,00-0035710,NYG,earlyDown,0,0,0,9,25,0,128
2024,00-0035710,NYG,thirdAndShort,0,0,0,9,14,0,37
2024,00-0033293,MIN,thirdAndShort,1,1,4,4,7,0,30
2024,00-0033246,MIN,thirdAndLong,6,4,22,0,0,0,99
2024,00-0038117,NYG,earlyAndLong,49,39,274,2,18,0,508
2024,00-0033246,MIN,earlyAndLong,12,8,82,0,0,0,567
2024,00-0037291,MIN,earlyAndLong,18,12,179,0,0,2,567
2024,00-0039337,NYG,thirdAndMedium,9,8,108,0,0,0,66
2024,00-0035710,NYG,fourthDown,0,0,0,3,4,0,33
2024,00-0036322,MIN,thirdAndMedium,12,3,45,0,0,0,48
2024,00-0033293,MIN,earlyDown,10,8,92,46,199,0,149
2024,00-0035535,NYG,earlyAndLong,33,22,348,0,0,1,508
2024,00-0035250,NYG,thirdAndShort,0,0,0,5,21,0,37
2024,00-0038117,NYG,redZone,9,6,37,0,0,0,57
2024,00-0035535,NYG,redZone,5,0,0,1,11,0,57
2024,00-0037276,MIN,earlyDown,0,0,0,10,40,0,149
2024,00-0038938,NYG,earlyAndLong,7,3,29,0,0,0,508
2024,00-0039847,NYG,earlyAndLong,20,14,163,0,0,0,508
2024,00-0038396,NYG,earlyAndLong,5,5,42,5,18,0,508
2024,00-0038117,NYG,insideTen,8,5,24,0,0,3,39
2024,00-0033293,MIN,aheadLate,0,0,0,5,22,0,9
2024,00-0034869,MIN,thirdAndShort,0,0,0,8,22,0,30
2024,00-0039384,NYG,chasingLate,9,8,83,0,0,0,57
2024,00-0036251,CIN,earlyAndLong,11,9,86,41,146,0,508
2024,00-0034829,CIN,thirdAndLong,14,10,114,0,0,0,70
2024,00-0033090,NE,earlyAndLong,32,27,257,0,0,0,482
2024,00-0036875,NE,earlyDown,3,2,23,32,162,0,125
2024,00-0036875,NE,earlyAndLong,15,12,56,123,509,1,482
2024,00-0036345,NE,thirdAndLong,4,2,31,0,0,1,94
2024,00-0034613,CIN,thirdAndMedium,4,3,22,0,0,0,58
2024,00-0032392,NE,earlyAndLong,32,26,250,0,0,0,482
2024,00-0036328,NE,earlyAndLong,10,6,72,72,302,0,482
2024,00-0038621,NE,thirdAndLong,19,10,94,0,0,0,94
2024,00-0038104,NE,earlyAndLong,5,3,33,0,0,0,482
2024,00-0036875,NE,insideTen,3,2,7,10,18,1,44
2024,00-0036875,NE,goalLine,2,0,0,8,13,5,21
2024,00-0038597,CIN,earlyAndLong,29,27,156,133,696,0,508
2024,00-0036442,CIN,earlyDown,0,0,0,3,4,0,151
2024,00-0036345,NE,earlyAndLong,6,2,11,0,0,0,482
2024,00-0036900,CIN,earlyDown,20,19,224,0,0,0,151
2024,00-0038619,CIN,thirdAndMedium,3,2,31,0,0,0,58
2024,00-0036251,CIN,thirdAndShort,1,1,4,6,9,0,36
2024,00-0036900,CIN,thirdAndMedium,11,6,108,0,0,1,58
2024,00-0038597,CIN,redZone,7,4,37,17,49,1,87
2024,00-0034829,CIN,redZone,7,4,30,0,0,1,87
2024,00-0036328,NE,redZone,2,2,19,10,40,1,88
2024,00-0033090,NE,redZone,8,5,40,0,0,0,88
2024,00-0036875,NE,redZone,8,7,26,23,66,1,88
2024,00-0033119,NE,earlyAndLong,0,0,0,3,21,0,482
2024,00-0036900,CIN,earlyAndLong,85,64,968,3,32,7,508
2024,00-0036251,CIN,earlyDown,5,5,34,7,33,0,151
2024,00-0034829,CIN,earlyDown,9,9,73,0,0,0,151
2024,00-0038621,NE,thirdAndMedium,9,5,69,0,0,1,53
2024,00-0038619,CIN,earlyAndLong,30,16,208,0,0,0,508
2024,00-0038619,CIN,earlyDown,7,3,54,0,0,0,151
2024,00-0036442,CIN,redZone,0,0,0,3,12,0,87
2024,00-0036251,CIN,insideTen,0,0,0,5,12,1,66
2024,00-0039907,NE,earlyAndLong,13,6,47,0,0,0,482
2024,00-0033119,NE,thirdAndShort,0,0,0,3,8,0,31
2024,00-0036328,NE,earlyDown,4,3,13,18,110,0,125
2024,00-0033090,NE,thirdAndMedium,11,7,67,0,0,0,53
2024,00-0034829,CIN,earlyAndLong,36,31,302,0,0,0,508
2024,00-0036442,CIN,earlyAndLong,0,0,0,12,65,0,508
2024,00-0038619,CIN,chasingLate,4,3,53,0,0,0,20
2024,00-0036251,CIN,chasingLate,3,2,13,0,0,0,20
2024,00-0036251,CIN,thirdAndLong,2,2,15,3,15,0,70
2024,00-0038120,NYJ,earlyAndLong,37,26,224,139,584,0,485
2024,00-0038120,NYJ,earlyDown,9,7,73,34,124,1,135
2024,00-0034521,NYJ,thirdAndMedium,6,2,31,0,0,0,57
2024,00-0037525,SF,earlyAndLong,5,4,25,79,416,0,505
2024,00-0033288,SF,earlyAndLong,44,38,688,0,0,0,505
2024,00-0035719,SF,thirdAndShort,3,2,26,0,0,0,22
2024,00-0035719,SF,earlyAndLong,41,25,404,25,83,1,505
2024,00-0035719,SF,earlyDown,5,4,26,6,33,0,110
2024,00-0035719,SF,thirdAndLong,11,6,83,0,0,0,78
2024,00-0037740,NYJ,thirdAndLong,16,11,136,0,0,1,86
2024,00-0034521,NYJ,redZone,9,4,38,0,0,2,80
2024,00-0037740,NYJ,redZone,13,6,43,0,0,0,80
2024,00-0038120,NYJ,goalLine,1,0,0,11,12,3,38
2024,00-0037525,SF,earlyDown,1,1,24,24,187,0,110
2024,00-0036261,SF,earlyDown,10,8,110,0,0,0,110
2024,00-0036261,SF,thirdAndMedium,6,3,44,0,0,0,55
2024,00-0037740,NYJ,earlyAndLong,65,49,557,0,0,2,485
2024,00-0037834,SF,earlyAndLong,0,0,0,25,145,0,505
2024,00-0036259,SF,earlyAndLong,53,38,558,0,0,0,505
2024,00-0037525,SF,redZone,2,2,20,15,82,0,93
2024,00-0035719,SF,redZone,9,7,38,5,11,1,93
2024,00-0034270,NYJ,thirdAndMedium,8,4,53,0,0,0,57
2024,00-0037525,SF,thirdAndMedium,1,1,5,4,15,0,55
2024,00-0036261,SF,redZone,4,2,25,0,0,0,93
2024,00-0036259,SF,thirdAndMedium,13,11,119,0,0,1,55
2024,00-0029892,SF,earlyAndLong,25,15,180,0,0,1,505
2024,00-0037525,SF,thirdAndShort,0,0,0,3,26,0,22
2024,00-0037525,SF,goalLine,0,0,0,3,-7,0,27
2024,00-0037525,SF,insideTen,1,0,0,16,32,3,75
2024,00-0037740,NYJ,earlyDown,17,9,105,2,5,0,135
2024,00-0034521,NYJ,earlyDown,10,8,108,0,0,0,135
2024,00-0034521,NYJ,thirdAndLong,9,6,144,0,0,1,86
2024,00-0036259,SF,redZone,7,5,49,0,0,2,93
2024,00-0038120,NYJ,thirdAndShort,0,0,0,8,67,0,37
2024,00-0037740,NYJ,fourthDown,4,2,41,0,0,0,18
2024,00-0038120,NYJ,chasingLate,3,3,22,2,18,0,46
2024,00-0034270,NYJ,chasingLate,5,4,19,0,0,0,46
2024,00-0034521,NYJ,chasingLate,8,4,27,0,0,0,46
2024,00-0039794,NYJ,thirdAndShort,0,0,0,11,42,0,37
2024,00-0037740,NYJ,chasingLate,11,6,50,0,0,0,46
2024,00-0038542,ATL,earlyAndLong,44,40,249,163,908,1,521
2024,00-0038542,ATL,earlyDown,10,5,41,50,246,0,145
2024,00-0036309,ATL,earlyDown,10,5,88,0,0,0,145
2024,00-0036309,ATL,thirdAndMedium,13,8,95,0,0,1,49
2024,00-0037263,ATL,earlyDown,1,1,12,31,132,0,145
2024,00-0037238,ATL,redZone,16,11,110,0,0,3,86
2024,00-0038542,ATL,insideTen,1,1,6,24,65,6,48
2024,00-0038542,ATL,redZone,6,6,40,26,79,1,86
2024,00-0036945,PIT,earlyAndLong,0,0,0,25,151,0,544
2024,00-0036415,PIT,earlyDown,6,4,30,0,0,0,138
2024,00-0036893,PIT,earlyAndLong,36,26,233,148,610,0,544
2024,00-0036893,PIT,earlyDown,5,4,5,49,202,1,138
2024,00-0036893,PIT,thirdAndShort,4,3,44,6,14,0,40
2024,00-0036894,PIT,earlyAndLong,37,30,273,0,0,0,544
2024,00-0037238,ATL,earlyDown,17,7,92,0,0,0,145
2024,00-0037247,PIT,earlyAndLong,38,26,525,2,-6,1,544
2024,00-0037247,PIT,thirdAndLong,17,8,117,0,0,0,101
2024,00-0037228,PIT,earlyAndLong,23,18,136,68,304,0,544
2024,00-0037247,PIT,thirdAndMedium,17,10,105,0,0,0,60
2024,00-0030578,PIT,thirdAndLong,0,0,0,3,26,0,101
2024,00-0037238,ATL,earlyAndLong,64,46,626,0,0,1,521
2024,00-0036429,ATL,earlyAndLong,9,4,35,0,0,0,521
2024,00-0036309,ATL,thirdAndLong,15,8,176,0,0,1,82
2024,00-0030578,PIT,earlyDown,3,3,14,5,32,0,138
2024,00-0036945,PIT,thirdAndShort,0,0,0,3,6,0,40
2024,00-0037228,PIT,thirdAndLong,11,10,81,4,44,0,101
2024,00-0034407,ATL,earlyAndLong,44,31,348,6,58,0,521
2024,00-0036970,ATL,earlyAndLong,30,19,275,0,0,1,521
2024,00-0038542,ATL,thirdAndMedium,4,2,31,1,4,0,49
2024,00-0036970,ATL,redZone,9,4,38,0,0,2,86
2024,00-0037837,PIT,earlyAndLong,26,20,296,0,0,2,544
2024,00-0036894,PIT,earlyDown,6,6,78,0,0,1,138
2024,00-0038542,ATL,thirdAndShort,0,0,0,14,45,0,38
2024,00-0038542,ATL,fourthDown,0,0,0,3,12,0,20
2024,00-0029604,ATL,earlyAndLong,0,0,0,9,13,0,521
2024,00-0031585,PIT,earlyAndLong,6,3,37,0,0,0,544
2024,00-0037247,PIT,earlyDown,11,7,86,0,0,0,138
2024,00-0030578,PIT,earlyAndLong,9,7,50,17,55,0,544
2024,00-0037837,PIT,thirdAndLong,17,9,187,0,0,1,101
2024,00-0037263,ATL,earlyAndLong,7,7,43,68,392,0,521
2024,00-0036894,PIT,thirdAndLong,13,11,115,0,0,0,101
2024,00-0034407,ATL,thirdAndLong,11,8,120,0,0,0,82
2024,00-0037228,PIT,earlyDown,8,8,78,17,82,0,138
2024,00-0038558,PIT,earlyDown,6,6,81,0,0,0,138
2024,00-0036945,PIT,redZone,0,0,0,6,30,0,87
2024,00-0036893,PIT,redZone,4,4,33,25,95,0,87
2024,00-0036415,PIT,insideTen,6,4,15,0,0,2,60
2024,00-0036945,PIT,insideTen,0,0,0,7,17,3,60
2024,00-0036970,ATL,thirdAndLong,15,12,124,0,0,0,82
2024,00-0038542,ATL,chasingLate,2,2,15,8,56,0,60
2024,00-0034407,ATL,chasingLate,5,3,21,1,3,0,60
2024,00-0036893,PIT,insideTen,0,0,0,21,38,2,60
2024,00-0035261,TEN,earlyAndLong,41,30,165,155,675,1,513
2024,00-0033009,TEN,thirdAndLong,11,9,131,0,0,0,96
2024,00-0036275,CHI,earlyAndLong,36,31,281,160,622,2,489
2024,00-0034827,CHI,earlyDown,16,12,112,3,24,2,147
2024,00-0034827,CHI,thirdAndMedium,15,9,51,0,0,0,64
2024,00-0039032,TEN,thirdAndLong,4,4,52,2,10,0,96
2024,00-0036275,CHI,earlyDown,11,7,62,52,245,1,147
2024,00-0030279,CHI,thirdAndMedium,9,3,43,0,0,0,64
2024,00-0030279,CHI,fourthDown,8,5,35,0,0,0,32
2024,00-0039919,CHI,earlyAndLong,42,26,341,2,10,0,489
2024,00-0033895,CHI,thirdAndLong,3,2,16,0,0,0,107
2024,00-0032394,TEN,earlyAndLong,12,11,98,0,0,0,513
2024,00-0035261,TEN,earlyDown,6,3,7,44,159,0,129
2024,00-0034837,TEN,earlyAndLong,57,35,507,6,35,2,513
2024,00-0039032,TEN,earlyDown,3,2,9,16,52,0,129
2024,00-0037742,TEN,earlyAndLong,4,1,13,2,1,0,513
2024,00-0034827,CHI,earlyAndLong,60,46,442,11,51,1,489
2024,00-0030279,CHI,earlyAndLong,52,32,405,0,0,2,489
2024,00-0031763,CHI,thirdAndMedium,4,1,7,0,0,0,64
2024,00-0034837,TEN,thirdAndLong,23,9,225,0,0,0,96
2024,00-0039032,TEN,earlyAndLong,18,14,93,50,207,0,513
2024,00-0039152,TEN,thirdAndLong,0,0,0,6,27,0,96
2024,00-0033009,TEN,fourthDown,4,1,3,0,0,0,18
2024,00-0039152,TEN,earlyAndLong,0,0,0,12,56,0,513
2024,00-0039032,TEN,redZone,3,3,37,6,23,2,71
2024,00-0035261,TEN,redZone,2,2,24,19,67,0,71
2024,00-0037809,TEN,redZone,4,3,20,0,0,1,71
2024,00-0036906,CHI,thirdAndShort,0,0,0,3,7,0,30
2024,00-0036290,CHI,insideTen,3,3,14,0,0,1,33
2024,00-0030279,CHI,insideTen,6,2,18,0,0,2,33
2024,00-0030279,CHI,earlyDown,8,5,33,0,0,0,147
2024,00-0037742,TEN,earlyDown,3,2,11,0,0,0,129
2024,00-0039919,CHI,thirdAndLong,13,7,128,0,0,0,107
2024,00-0030564,TEN,earlyAndLong,38,29,314,0,0,0,513
2024,00-0039032,TEN,thirdAndMedium,2,2,-3,1,1,0,59
2024,00-0039918,CHI,thirdAndLong,0,0,0,12,115,0,107
2024,00-0035594,CHI,earlyDown,1,1,2,2,8,0,147
2024,00-0030279,CHI,thirdAndShort,3,2,10,0,0,0,30
2024,00-0031763,CHI,earlyAndLong,4,3,24,0,0,0,489
2024,00-0033009,TEN,earlyAndLong,19,17,160,0,0,0,513
2024,00-0036275,CHI,goalLine,1,0,0,6,-6,2,35
2024,00-0034837,TEN,thirdAndMedium,10,6,103,0,0,1,59
2024,00-0039918,CHI,earlyDown,0,0,0,14,93,0,147
2024,00-0034837,TEN,chasingLate,10,2,46,0,0,0,54
2024,00-0039032,TEN,chasingLate,5,5,36,2,3,0,54
2024,00-0037809,TEN,thirdAndLong,9,5,38,0,0,0,96
2024,00-0037256,TB,earlyAndLong,21,18,111,80,371,0,556
2024,00-0037256,TB,earlyDown,4,4,47,19,100,0,136
2024,00-0033921,TB,earlyAndLong,30,24,262,0,0,1,556
2024,00-0039855,TB,thirdAndMedium,5,4,72,0,0,2,70
2024,00-0039910,WAS,earlyAndLong,0,0,0,65,458,0,615
2024,00-0037746,WAS,earlyAndLong,17,16,127,115,476,0,615
2024,00-0039910,WAS,thirdAndLong,0,0,0,11,104,0,91
2024,00-0031408,TB,earlyAndLong,60,47,680,0,0,3,556
2024,00-0039052,TB,earlyAndLong,9,5,50,0,0,0,556
2024,00-0031408,TB,thirdAndMedium,13,8,114,0,0,0,70
2024,00-0034855,TB,earlyAndLong,0,0,0,18,120,0,556
2024,00-0034855,TB,thirdAndLong,0,0,0,12,121,0,90
2024,00-0030061,WAS,earlyAndLong,44,34,338,0,0,0,615
2024,00-0039910,WAS,thirdAndMedium,0,0,0,9,50,0,69
2024,00-0039355,WAS,earlyAndLong,13,9,65,0,0,0,615
2024,00-0037746,WAS,thirdAndMedium,2,2,21,1,5,0,69
2024,00-0035208,WAS,thirdAndMedium,7,5,84,0,0,0,69
2024,00-0039361,TB,earlyAndLong,34,31,300,135,660,0,556
2024,00-0033921,TB,thirdAndLong,10,7,107,0,0,0,90
2024,00-0031408,TB,redZone,5,2,22,0,0,1,73
2024,00-0036628,WAS,earlyAndLong,11,7,68,0,0,0,615
2024,00-0033699,WAS,earlyAndLong,29,26,234,54,311,1,615
2024,00-0035659,WAS,earlyAndLong,62,37,444,2,2,1,615
2024,00-0033699,WAS,redZone,4,2,11,10,52,0,118
2024,00-0037746,WAS,insideTen,0,0,0,16,41,4,85
2024,00-0039361,TB,earlyDown,8,8,42,40,340,0,136
2024,00-0033921,TB,thirdAndShort,4,3,20,1,2,0,31
2024,00-0033921,TB,thirdAndMedium,7,6,70,0,0,0,70
2024,00-0037256,TB,redZone,5,5,56,8,27,3,73
2024,00-0037256,TB,insideTen,5,5,24,9,23,3,62
2024,00-0031941,WAS,earlyAndLong,7,1,5,0,0,0,615
2024,00-0039910,WAS,earlyDown,0,0,0,17,119,0,153
2024,00-0037746,WAS,earlyDown,4,2,13,35,168,1,153
2024,00-0037746,WAS,thirdAndShort,0,0,0,13,102,0,46
2024,00-0039910,WAS,fourthDown,0,0,0,8,80,0,27
2024,00-0038129,TB,earlyAndLong,38,26,276,1,-4,0,556
2024,00-0033921,TB,insideTen,5,5,22,0,0,3,62
2024,00-0039855,TB,earlyAndLong,23,16,193,0,0,1,556
2024,00-0039910,WAS,goalLine,0,0,0,8,6,3,52
2024,00-0039855,TB,thirdAndLong,8,4,67,0,0,1,90
2024,00-0033699,WAS,thirdAndLong,9,7,109,0,0,0,91
2024,00-0034855,TB,thirdAndMedium,0,0,0,10,86,0,70
2024,00-0031408,TB,goalLine,8,7,11,0,0,7,40
2024,00-0035659,WAS,chasingLate,8,7,146,0,0,1,44
2024,00-0035208,WAS,chasingLate,3,2,22,0,0,0,44
2024,00-0033699,WAS,chasingLate,2,2,9,4,12,0,44
2024,00-0039910,WAS,chasingLate,0,0,0,6,53,0,44
2024,00-0030061,WAS,chasingLate,7,6,56,0,0,0,44
2024,00-0037746,WAS,goalLine,1,0,0,15,2,5,52
2024,00-0037132,PHI,earlyAndLong,3,3,16,0,0,0,649
2024,00-0036309,ATL,earlyAndLong,46,29,442,0,0,1,521
2024,00-0037741,PHI,earlyDown,5,5,36,0,0,0,171
2024,00-0036919,PHI,redZone,3,3,35,17,87,1,130
2024,00-0039236,PHI,insideTen,3,1,5,0,0,1,70
2024,00-0034351,PHI,insideTen,3,1,1,1,4,0,70
2024,00-0037238,ATL,thirdAndMedium,15,7,81,0,0,0,49
2024,00-0036912,PHI,thirdAndMedium,11,7,76,0,0,0,81
2024,00-0036912,PHI,earlyDown,14,11,128,0,0,0,171
2024,00-0036389,PHI,fourthDown,0,0,0,9,36,0,26
2024,00-0036912,PHI,insideTen,5,3,14,0,0,2,70
2024,00-0036970,ATL,earlyDown,10,6,97,0,0,0,145
2024,00-0034407,ATL,thirdAndMedium,9,6,80,0,0,0,49
2024,00-0037263,ATL,redZone,1,1,3,12,26,0,86
2024,00-0038542,ATL,goalLine,0,0,0,11,9,7,24
2024,00-0036970,ATL,insideTen,4,0,0,0,0,0,48
2024,00-0037263,ATL,insideTen,0,0,0,8,21,2,48
2024,00-0034407,ATL,fourthDown,3,2,11,0,0,0,20
2024,00-0037238,ATL,goalLine,5,1,3,0,0,1,24
2024,00-0037238,ATL,thirdAndLong,12,9,133,0,0,1,82
2024,00-0034844,PHI,thirdAndShort,1,1,4,15,40,0,42
2024,00-0036970,ATL,chasingLate,3,3,23,0,0,0,60
2024,00-0036309,ATL,chasingLate,9,8,110,0,0,0,60
2024,00-0037238,ATL,insideTen,6,3,21,0,0,3,48
2024,00-0033040,MIA,earlyDown,13,10,116,1,6,0,130
2024,00-0036613,MIA,redZone,8,5,43,1,-1,0,83
2024,00-0039040,MIA,insideTen,2,2,14,12,16,3,55
2024,00-0037261,BUF,earlyDown,14,12,68,0,0,0,143
2024,00-0037261,BUF,earlyAndLong,57,43,402,2,4,0,597
2024,00-0033282,BUF,earlyDown,5,4,26,0,0,0,143
2024,00-0035537,BUF,thirdAndLong,5,2,42,0,0,0,89
2024,00-0039874,MIA,earlyAndLong,3,1,2,50,167,0,543
2024,00-0033040,MIA,thirdAndMedium,5,3,11,0,0,0,44
2024,00-0037248,BUF,goalLine,0,0,0,13,13,7,42
2024,00-0033858,MIA,thirdAndShort,5,4,30,0,0,0,34
2024,00-0039874,MIA,earlyDown,2,1,6,10,68,0,130
2024,00-0036613,MIA,thirdAndMedium,4,3,40,0,0,0,44
2024,00-0039040,MIA,thirdAndShort,0,0,0,4,31,0,34
2024,00-0038720,MIA,redZone,4,2,17,0,0,0,83
2024,00-0033858,MIA,redZone,5,5,30,0,0,0,83
2024,00-0037248,BUF,thirdAndShort,1,1,8,3,21,0,44
2024,00-0033858,MIA,thirdAndMedium,6,5,72,0,0,0,44
2024,00-0039901,BUF,thirdAndLong,13,4,58,0,0,0,89
2024,00-0039875,BUF,aheadLate,0,0,0,5,27,0,8
2024,00-0036414,HOU,earlyAndLong,10,8,33,75,381,0,607
2024,00-0033854,HOU,thirdAndLong,10,9,121,3,19,0,120
2024,00-0033895,CHI,earlyAndLong,5,5,14,0,0,0,489
2024,00-0034827,CHI,thirdAndShort,5,4,60,0,0,1,30
2024,00-0031588,HOU,thirdAndMedium,3,2,11,0,0,0,59
2024,00-0039918,CHI,thirdAndShort,0,0,0,7,21,0,30
2024,00-0036906,CHI,earlyAndLong,6,6,15,17,76,0,489
2024,00-0039918,CHI,redZone,0,0,0,8,45,0,74
2024,00-0036906,CHI,goalLine,1,0,0,3,3,1,35
2024,00-0033854,HOU,earlyAndLong,7,4,18,13,46,0,607
2024,00-0036290,CHI,earlyAndLong,28,22,263,0,0,1,489
2024,00-0038977,HOU,thirdAndMedium,9,7,99,0,0,0,59
2024,00-0036414,HOU,earlyDown,2,1,0,14,65,0,121
2024,00-0034827,CHI,thirdAndLong,13,7,98,0,0,0,107
2024,00-0038618,HOU,thirdAndMedium,6,3,44,0,0,0,59
2024,00-0034383,HOU,redZone,6,4,31,0,0,0,103
2024,00-0036414,HOU,insideTen,3,2,17,3,2,2,60
2024,00-0036290,CHI,thirdAndMedium,8,6,57,0,0,0,64
2024,00-0039919,CHI,chasingLate,5,3,49,0,0,0,48
2024,00-0039919,CHI,fourthDown,7,6,90,0,0,0,32
2024,00-0035631,CIN,earlyAndLong,9,8,58,0,0,0,508
2024,00-0035631,CIN,earlyDown,8,7,37,0,0,0,151
2024,00-0036900,CIN,insideTen,10,6,31,0,0,4,66
2024,00-0035341,CIN,insideTen,3,2,9,0,0,0,66
2024,00-0033873,KC,earlyAndLong,0,0,0,18,148,0,587
2024,00-0039325,KC,earlyDown,1,0,0,7,33,0,165
2024,00-0034386,KC,redZone,3,3,23,0,0,1,121
2024,00-0030506,KC,insideTen,7,6,19,0,0,1,61
2024,00-0037197,KC,insideTen,0,0,0,3,8,0,61
2024,00-0039325,KC,goalLine,0,0,0,3,1,0,46
2024,00-0036442,CIN,thirdAndLong,0,0,0,7,113,1,70
2024,00-0039814,CIN,earlyAndLong,14,13,103,0,0,0,508
2024,00-0036251,CIN,redZone,2,1,4,5,30,0,87
2024,00-0038619,CIN,insideTen,6,4,23,0,0,3,66
2024,00-0039810,CIN,earlyDown,3,1,8,0,0,0,151
2024,00-0039894,KC,earlyDown,13,9,108,1,4,0,165
2024,00-0037197,KC,thirdAndShort,0,0,0,7,11,0,45
2024,00-0039325,KC,insideTen,0,0,0,3,13,0,61
2024,00-0030506,KC,goalLine,4,1,2,1,1,1,46
2024,00-0039810,CIN,earlyAndLong,4,2,88,0,0,0,508
2024,00-0036251,CIN,goalLine,1,1,1,6,1,2,56
2024,00-0036442,CIN,goalLine,0,0,0,3,2,1,56
2024,00-0038619,CIN,goalLine,4,3,8,0,0,3,56
2024,00-0034829,CIN,thirdAndMedium,6,5,77,0,0,1,58
2024,00-0037197,KC,chasingLate,0,0,0,4,13,0,18
2024,00-0033526,KC,thirdAndLong,9,8,96,2,20,0,93
2024,00-0039325,KC,chasingLate,0,0,0,3,5,0,18
2024,00-0038935,JAX,earlyAndLong,29,23,266,0,0,0,484
2024,00-0036196,JAX,thirdAndLong,6,1,21,0,0,0,82
2024,00-0033925,CLE,earlyAndLong,4,2,16,35,150,0,561
2024,00-0036980,CLE,earlyDown,9,5,21,0,0,0,114
2024,00-0037267,CLE,earlyDown,4,4,10,13,67,0,114
2024,00-0036980,CLE,thirdAndMedium,8,5,97,0,0,0,69
2024,00-0033925,CLE,redZone,0,0,0,5,5,0,57
2024,00-0033925,CLE,goalLine,0,0,0,4,2,0,24
2024,00-0036196,JAX,thirdAndMedium,4,3,14,0,0,0,54
2024,00-0031503,CLE,fourthDown,0,0,0,6,11,0,36
2024,00-0033537,CLE,earlyAndLong,0,0,0,9,48,0,561
2024,00-0031544,CLE,thirdAndMedium,7,2,32,0,0,0,69
2024,00-0036973,JAX,thirdAndShort,1,0,0,2,2,0,38
2024,00-0035628,JAX,earlyAndLong,8,7,60,16,59,0,484
2024,00-0036971,JAX,thirdAndLong,0,0,0,3,48,0,82
2024,00-0036196,JAX,insideTen,4,1,5,0,0,1,52
2024,00-0033537,CLE,thirdAndMedium,0,0,0,3,9,0,69
2024,00-0038606,JAX,thirdAndLong,10,6,69,0,0,0,82
2024,00-0038979,CLE,earlyAndLong,19,12,94,0,0,0,561
2024,00-0038935,JAX,thirdAndLong,3,3,37,0,0,0,82
2024,00-0035628,JAX,earlyDown,0,0,0,4,16,0,115
2024,00-0033925,CLE,earlyDown,1,1,5,14,48,0,114
2024,00-0036973,JAX,insideTen,2,0,0,6,11,1,52
2024,00-0033925,CLE,thirdAndLong,3,3,33,0,0,0,115
2024,00-0036887,JAX,earlyDown,5,3,16,0,0,0,115
2024,00-0036331,JAX,earlyAndLong,4,1,28,1,4,0,484
2024,00-0036196,JAX,redZone,5,3,40,0,0,0,67
2024,00-0035628,JAX,insideTen,1,0,0,2,10,0,52
2024,00-0038935,JAX,insideTen,4,2,10,0,0,2,52
2024,00-0036407,CLE,thirdAndLong,13,7,97,0,0,1,115
2024,00-0038979,CLE,thirdAndMedium,7,5,66,0,0,1,69
2024,00-0034775,JAX,chasingLate,6,3,9,0,0,0,50
2024,00-0036196,JAX,chasingLate,4,1,22,0,0,0,50
2024,00-0039893,JAX,chasingLate,7,6,77,0,0,0,50
2024,00-0039811,GB,earlyAndLong,1,1,3,4,11,0,509
2024,00-0039890,IND,earlyDown,6,3,31,1,-10,0,116
2024,00-0036223,IND,thirdAndLong,2,0,0,12,66,0,91
2024,00-0035700,GB,thirdAndMedium,1,1,2,5,22,0,63
2024,00-0038797,GB,thirdAndShort,0,0,0,6,25,0,32
2024,00-0037091,GB,earlyAndLong,7,3,37,4,14,0,509
2024,00-0038128,GB,earlyAndLong,0,0,0,5,68,0,509
2024,00-0038393,GB,redZone,8,7,79,0,0,2,99
2024,00-0036984,IND,thirdAndLong,6,6,34,3,9,0,91
2024,00-0035700,GB,thirdAndShort,1,1,11,11,30,0,32
2024,00-0038128,GB,thirdAndLong,0,0,0,4,21,0,68
2024,00-0039890,IND,thirdAndLong,12,4,29,0,0,0,91
2024,00-0036223,IND,fourthDown,1,0,0,6,15,0,21
2024,00-0038996,GB,thirdAndLong,9,6,62,0,0,0,68
2024,00-0033217,IND,earlyAndLong,12,6,74,0,0,0,503
2024,00-0036252,IND,redZone,9,3,21,0,0,0,92
2024,00-0036984,IND,thirdAndShort,0,0,0,5,13,0,30
2024,00-0037816,GB,earlyDown,8,5,49,0,0,0,165
2024,00-0038393,GB,thirdAndMedium,12,4,50,0,0,0,63
2024,00-0037120,IND,earlyAndLong,9,6,30,18,108,0,503
2024,00-0037664,IND,chasingLate,8,5,160,0,0,1,39
2024,00-0036876,IND,chasingLate,4,1,9,0,0,0,39
2024,00-0036984,IND,redZone,3,2,3,7,31,0,92
2024,00-0037664,IND,insideTen,3,2,14,0,0,2,52
2024,00-0039164,IND,thirdAndLong,0,0,0,6,58,0,91
2024,00-0034159,LAC,earlyDown,7,5,50,0,0,0,132
2024,00-0034184,LAC,thirdAndShort,0,0,0,6,5,0,41
2024,00-0035243,CAR,thirdAndMedium,3,3,-15,3,6,0,59
2024,00-0037005,CAR,earlyAndLong,13,10,102,0,0,0,468
2024,00-0039356,CAR,thirdAndLong,6,6,39,0,0,0,84
2024,00-0036355,LAC,earlyAndLong,0,0,0,17,120,0,547
2024,00-0036355,LAC,redZone,0,0,0,3,21,0,73
2024,00-0034184,LAC,insideTen,0,0,0,8,28,1,55
2024,00-0036988,LAC,earlyAndLong,31,21,346,0,0,0,547
2024,00-0035243,CAR,thirdAndLong,8,7,56,0,0,0,84
2024,00-0035216,CAR,redZone,3,1,3,0,0,0,79
2024,00-0037005,CAR,thirdAndLong,4,4,57,0,0,0,84
2024,00-0030035,CAR,thirdAndShort,3,2,41,0,0,0,29
2024,00-0035216,CAR,fourthDown,4,2,11,1,4,0,21
2024,00-0035243,CAR,thirdAndShort,1,0,0,3,9,0,29
2024,00-0033589,CAR,thirdAndLong,5,2,31,0,0,0,84
2024,00-0030035,CAR,fourthDown,5,4,54,0,0,0,21
2024,00-0037617,LAC,thirdAndShort,0,0,0,8,17,0,41
2024,00-0037617,LAC,earlyAndLong,4,3,49,10,32,1,547
2024,00-0039062,CAR,chasingLate,3,1,1,0,0,0,42
2024,00-0039356,CAR,chasingLate,3,2,13,0,0,0,42
2024,00-0036555,CAR,fourthDown,1,0,0,2,5,0,21
2024,00-0032775,LA,thirdAndShort,4,2,49,0,0,0,38
2024,00-0033908,LA,thirdAndMedium,15,6,68,0,0,0,63
2024,00-0039849,ARI,thirdAndMedium,15,8,133,0,0,0,60
2024,00-0033553,ARI,thirdAndShort,1,1,4,7,18,0,33
2024,00-0039751,LA,earlyAndLong,16,14,169,0,0,0,566
2024,00-0037840,LA,insideTen,4,4,12,22,51,6,72
2024,00-0038559,ARI,earlyAndLong,28,21,233,0,0,0,515
2024,00-0036244,LA,thirdAndLong,6,6,55,0,0,0,77
2024,00-0036849,LA,earlyAndLong,36,26,349,0,0,0,566
2024,00-0036427,LA,redZone,5,2,15,0,0,0,106
2024,00-0032775,LA,goalLine,7,4,7,0,0,4,28
2024,00-0039849,ARI,insideTen,5,2,19,0,0,2,41
2024,00-0038559,ARI,thirdAndMedium,6,6,59,0,0,0,60
2024,00-0035500,ARI,thirdAndLong,9,6,94,0,0,1,62
2024,00-0036244,LA,redZone,6,2,26,0,0,1,106
2024,00-0037744,ARI,thirdAndMedium,9,7,107,0,0,0,60
2024,00-0035228,ARI,redZone,0,0,0,9,72,2,85
2024,00-0038705,ARI,thirdAndLong,5,5,12,6,88,0,62
2024,00-0038705,ARI,earlyAndLong,9,6,50,7,19,0,515
2024,00-0039738,LA,earlyAndLong,4,4,39,35,117,0,566
2024,00-0039738,LA,chasingLate,0,0,0,5,17,0,40
2024,00-0031381,LV,thirdAndShort,5,3,40,0,0,0,26
2024,00-0038563,LV,earlyAndLong,37,21,298,6,23,1,516
2024,00-0032104,LV,earlyDown,4,3,23,7,27,0,108
2024,00-0038046,BAL,earlyAndLong,10,8,129,0,0,0,613
2024,00-0034753,BAL,thirdAndLong,6,5,69,0,0,0,86
2024,00-0032104,LV,thirdAndMedium,5,4,54,4,6,0,70
2024,00-0033376,BAL,earlyAndLong,3,1,5,0,0,0,613
2024,00-0039064,BAL,thirdAndMedium,10,4,99,0,0,0,52
2024,00-0036527,LV,earlyAndLong,8,7,88,2,6,0,516
2024,00-0036232,LV,earlyAndLong,9,7,77,0,0,0,516
2024,00-0039064,BAL,earlyDown,11,9,135,0,0,0,126
2024,00-0031549,BAL,thirdAndLong,5,2,32,0,0,0,86
2024,00-0032104,LV,earlyAndLong,16,15,90,33,175,0,516
2024,00-0034753,BAL,thirdAndShort,1,1,12,3,5,0,48
2024,00-0034960,LV,thirdAndLong,15,11,116,0,0,0,92
2024,00-0031381,LV,fourthDown,5,2,22,0,0,0,20
2024,00-0036550,BAL,earlyDown,4,2,31,0,0,0,126
2024,00-0039338,LV,thirdAndLong,17,11,162,0,0,1,92
2024,00-0034972,LV,goalLine,0,0,0,11,6,4,29
2024,00-0032764,BAL,goalLine,0,0,0,16,15,9,27
2024,00-0034960,LV,insideTen,3,1,7,0,0,1,53
2024,00-0034972,LV,insideTen,1,1,0,5,4,0,53
2024,00-0031381,LV,redZone,10,5,45,0,0,1,67
2024,00-0039338,LV,redZone,8,5,45,0,0,1,67
2024,00-0031381,LV,insideTen,8,4,14,0,0,2,53
2024,00-0031381,LV,goalLine,9,3,5,0,0,3,29
2024,00-0034960,LV,earlyDown,10,7,89,0,0,0,108
2024,00-0034753,BAL,chasingLate,5,5,50,0,0,0,38
2024,00-0037838,BAL,thirdAndLong,6,4,24,0,0,0,86
2024,00-0038547,DAL,earlyAndLong,21,15,126,0,0,0,563
2024,00-0038547,DAL,earlyDown,8,6,39,0,0,0,138
2024,00-0036139,DAL,thirdAndMedium,0,0,0,7,45,0,66
2024,00-0036139,DAL,thirdAndLong,2,1,9,6,31,0,95
2024,00-0033045,DAL,thirdAndShort,0,0,0,4,6,0,32
2024,00-0031236,DAL,redZone,2,0,0,1,-3,0,81
2024,00-0037239,NO,earlyDown,7,7,71,1,7,0,132
2024,00-0037239,NO,thirdAndMedium,5,4,43,0,0,0,59
2024,00-0033906,NO,thirdAndMedium,4,2,13,7,32,0,59
2024,00-0033906,NO,redZone,6,3,14,18,71,1,71
2024,00-0037545,NO,redZone,2,2,5,3,17,0,71
2024,00-0037239,NO,redZone,5,4,55,0,0,1,71
2024,00-0031280,NO,goalLine,0,0,0,3,1,1,20
2024,00-0033077,DAL,earlyAndLong,0,0,0,5,42,0,563
2024,00-0037666,DAL,thirdAndMedium,9,7,193,0,0,0,66
2024,00-0037545,NO,earlyDown,2,1,21,1,4,0,132
2024,00-0036358,DAL,redZone,15,10,85,1,3,3,81
2024,00-0037666,DAL,redZone,6,3,30,0,0,2,81
2024,00-0036727,NO,earlyAndLong,3,0,0,0,0,0,502
2024,00-0037239,NO,thirdAndLong,5,2,27,0,0,0,98
2024,00-0038547,DAL,thirdAndLong,3,3,30,0,0,0,95
2024,00-0038640,DAL,fourthDown,3,0,0,0,0,0,22
2024,00-0033948,NO,insideTen,0,0,0,3,9,0,29
2024,00-0033591,WAS,earlyAndLong,31,23,300,0,0,0,615
2024,00-0035208,WAS,earlyDown,7,6,49,1,8,0,153
2024,00-0036626,WAS,earlyAndLong,31,26,319,2,22,0,615
2024,00-0039910,WAS,redZone,0,0,0,27,98,1,118
2024,00-0030061,WAS,thirdAndMedium,9,7,79,0,0,0,69
2024,00-0035659,WAS,earlyDown,17,17,218,0,0,0,153
2024,00-0033699,WAS,insideTen,2,2,7,8,26,0,85
2024,00-0039337,NYG,insideTen,7,3,12,1,-2,2,39
2024,00-0039384,NYG,goalLine,2,1,2,4,2,4,27
2024,00-0030061,WAS,thirdAndLong,7,3,40,0,0,0,91
2024,00-0037746,WAS,redZone,4,2,7,19,79,0,118
2024,00-0035535,NYG,thirdAndLong,11,6,124,0,0,1,99
2024,00-0036626,WAS,redZone,4,3,18,0,0,0,118
2024,00-0039337,NYG,fourthDown,8,5,42,1,2,1,33
2024,00-0035208,WAS,earlyAndLong,37,27,307,0,0,1,615
2024,00-0035535,NYG,earlyDown,6,3,33,0,0,0,128
2024,00-0035710,NYG,thirdAndLong,0,0,0,4,23,0,99
2024,00-0038589,TEN,earlyDown,5,4,31,0,0,0,129
2024,00-0038589,TEN,earlyAndLong,16,13,135,0,0,0,513
2024,00-0037809,TEN,earlyAndLong,38,32,340,1,17,1,513
2024,00-0035261,TEN,insideTen,1,0,0,11,38,2,33
2024,00-0038120,NYJ,thirdAndLong,13,10,82,0,0,0,86
2024,00-0023459,NYJ,earlyAndLong,0,0,0,8,65,0,485
2024,00-0039794,NYJ,earlyAndLong,18,12,95,52,195,0,485
2024,00-0037805,NYJ,earlyAndLong,15,9,47,0,0,0,485
2024,00-0037740,NYJ,thirdAndShort,3,3,36,0,0,0,37
2024,00-0034270,NYJ,earlyAndLong,31,23,206,0,0,0,485
2024,00-0039794,NYJ,redZone,1,1,12,6,35,2,80
2024,00-0035261,TEN,thirdAndMedium,3,3,24,6,26,0,59
2024,00-0038120,NYJ,redZone,6,5,28,13,52,2,80
2024,00-0037805,NYJ,redZone,3,2,16,0,0,0,80
2024,00-0039152,TEN,thirdAndShort,0,0,0,9,34,0,33
2024,00-0039794,NYJ,earlyDown,6,5,32,15,51,0,135
2024,00-0033009,TEN,thirdAndMedium,4,2,14,0,0,0,59
2024,00-0033536,NYJ,earlyAndLong,14,8,97,0,0,0,485
2024,00-0035261,TEN,chasingLate,3,2,6,6,30,0,54
2024,00-0030564,TEN,insideTen,6,3,21,0,0,3,33
2024,00-0033009,TEN,redZone,4,2,13,0,0,0,71
2024,00-0036894,PIT,redZone,10,8,87,0,0,2,87
2024,00-0031595,DEN,earlyAndLong,4,4,17,0,0,0,521
2024,00-0035406,DEN,earlyAndLong,23,18,145,0,0,0,521
2024,00-0036997,DEN,thirdAndMedium,4,3,43,3,0,0,64
2024,00-0037085,DEN,earlyDown,0,0,0,3,21,0,148
2024,00-0039732,DEN,earlyDown,0,0,0,11,55,0,148
2024,00-0038976,DEN,thirdAndLong,13,8,178,0,0,1,98
2024,00-0037837,PIT,thirdAndMedium,4,3,45,0,0,1,60
2024,00-0037228,PIT,redZone,6,3,16,11,28,0,87
2024,00-0036415,PIT,earlyAndLong,15,9,86,0,0,0,544
2024,00-0036415,PIT,thirdAndLong,9,6,157,0,0,1,101
2024,00-0036997,DEN,insideTen,1,0,0,6,26,2,38
2024,00-0034348,DEN,insideTen,8,5,40,0,0,3,38
2024,00-0037228,PIT,thirdAndMedium,2,2,7,3,9,0,60
2024,00-0038976,DEN,earlyAndLong,26,18,222,13,33,2,521
2024,00-0039732,DEN,thirdAndLong,0,0,0,5,22,0,98
2024,00-0036997,DEN,earlyDown,9,5,19,23,102,0,148
2024,00-0038783,DEN,earlyAndLong,9,8,68,0,0,0,521
2024,00-0037252,DEN,earlyAndLong,4,2,9,0,0,0,521
2024,00-0036997,DEN,thirdAndLong,12,11,75,3,8,0,98
2024,00-0035406,DEN,thirdAndLong,5,2,18,0,0,0,98
2024,00-0036945,PIT,thirdAndMedium,0,0,0,4,5,0,60
2024,00-0036997,DEN,chasingLate,4,3,34,0,0,0,24
2024,00-0039732,DEN,redZone,0,0,0,10,32,0,89
2024,00-0038543,SEA,earlyAndLong,60,49,552,3,14,1,531
2024,00-0038543,SEA,thirdAndLong,21,12,200,0,0,0,98
2024,00-0033090,NE,earlyDown,9,6,69,0,0,0,125
2024,00-0035640,SEA,earlyDown,10,9,194,0,0,2,118
2024,00-0033090,NE,thirdAndLong,15,10,131,0,0,0,94
2024,00-0039907,NE,redZone,2,0,0,1,0,0,88
2024,00-0038543,SEA,thirdAndMedium,15,10,111,1,4,0,57
2024,00-0039165,SEA,thirdAndMedium,3,3,13,3,7,0,57
2024,00-0039165,SEA,redZone,1,1,12,7,19,0,60
2024,00-0035640,SEA,redZone,4,3,31,0,0,1,60
2024,00-0039165,SEA,goalLine,0,0,0,8,-2,3,35
2024,00-0035806,NE,earlyAndLong,4,3,10,10,26,0,482
2024,00-0038752,SEA,earlyAndLong,7,6,53,0,0,0,531
2024,00-0030565,SEA,thirdAndShort,0,0,0,3,17,0,26
2024,00-0039165,SEA,fourthDown,0,0,0,3,6,0,14
2024,00-0036875,NE,thirdAndMedium,1,1,7,2,13,0,53
2024,00-0038752,SEA,thirdAndLong,3,2,17,0,0,0,98
2024,00-0036328,NE,thirdAndMedium,4,4,27,1,7,0,53
2024,00-0035640,SEA,thirdAndLong,15,9,166,0,0,1,98
2024,00-0038543,SEA,chasingLate,8,5,41,0,0,0,47
2024,00-0035640,SEA,chasingLate,8,4,55,0,0,0,47
2024,00-0035644,SEA,chasingLate,6,5,57,0,0,0,47
2024,00-0030565,SEA,redZone,0,0,0,5,32,1,60
2024,00-0036875,NE,thirdAndShort,3,3,12,4,-3,0,31
2024,00-0035719,SF,thirdAndMedium,4,2,58,1,2,0,55
2024,00-0036322,MIN,earlyDown,17,10,143,0,0,0,149
2024,00-0033293,MIN,thirdAndLong,7,6,92,1,6,0,99
2024,00-0037291,MIN,insideTen,5,4,26,1,0,4,58
2024,00-0033288,SF,thirdAndMedium,7,4,78,0,0,0,55
2024,00-0039363,SF,earlyAndLong,11,10,85,54,304,0,505
2024,00-0033288,SF,thirdAndLong,10,8,93,0,0,0,78
2024,00-0036259,SF,fourthDown,3,3,54,0,0,0,11
2024,00-0033288,SF,insideTen,8,6,36,0,0,4,75
2024,00-0036259,SF,goalLine,3,1,3,0,0,1,27
2024,00-0034487,MIN,earlyAndLong,7,6,52,0,0,0,567
2024,00-0036322,MIN,thirdAndLong,19,14,242,0,0,2,99
2024,00-0034869,MIN,thirdAndLong,0,0,0,3,28,0,99
2024,00-0036261,SF,earlyAndLong,16,8,142,0,0,0,505
2024,00-0033293,MIN,redZone,12,8,58,19,79,1,85
2024,00-0032128,SF,earlyAndLong,6,4,40,0,0,0,505
2024,00-0034646,MIN,thirdAndLong,5,3,36,0,0,0,99
2024,00-0037291,MIN,thirdAndLong,7,4,88,0,0,0,99
2024,00-0033288,SF,chasingLate,6,6,49,0,0,0,32
2024,00-0037525,SF,chasingLate,2,2,11,2,-8,0,32
2024,00-0035719,SF,insideTen,5,3,12,4,5,1,75
2024,00-0037240,DET,goalLine,2,1,3,1,3,2,44
2024,00-0036963,DET,earlyDown,13,12,129,0,0,0,129
2024,00-0033375,DET,thirdAndLong,3,1,7,0,0,0,67
2024,00-0036963,DET,thirdAndMedium,11,9,116,0,0,0,61
2024,00-0031408,TB,thirdAndLong,15,9,154,0,0,1,90
2024,00-0033375,DET,earlyAndLong,27,20,269,0,0,0,567
2024,00-0033106,DET,redZone,0,0,0,5,11,0,118
2024,00-0037240,DET,thirdAndLong,12,6,110,0,0,1,67
2024,00-0038129,TB,earlyDown,13,9,84,0,0,0,136
2024,00-0034855,TB,redZone,0,0,0,4,25,1,73
2024,00-0032464,DET,thirdAndLong,4,3,32,0,0,0,67
2024,00-0039139,DET,thirdAndMedium,1,1,6,6,52,0,61
2024,00-0036963,DET,thirdAndLong,17,13,214,0,0,2,67
2024,00-0039065,DET,thirdAndLong,7,4,34,0,0,0,67
2024,00-0039139,DET,fourthDown,0,0,0,3,24,0,24
2024,00-0034975,BAL,earlyDown,4,4,11,8,66,0,126
2024,00-0034796,BAL,insideTen,0,0,0,8,49,3,61
2024,00-0038738,DAL,thirdAndShort,2,2,41,3,14,0,32
2024,00-0033045,DAL,earlyDown,1,1,11,6,24,0,138
2024,00-0038041,DAL,thirdAndMedium,4,4,35,0,0,0,66
2024,00-0032764,BAL,thirdAndShort,0,0,0,20,130,1,48
2024,00-0037801,DAL,thirdAndMedium,5,4,64,0,0,0,66
2024,00-0036550,BAL,redZone,8,7,97,0,0,6,90
2024,00-0038041,DAL,earlyDown,10,5,29,0,0,0,138
2024,00-0032764,BAL,thirdAndMedium,1,1,10,3,8,0,52
2024,00-0036358,DAL,goalLine,3,0,0,0,0,0,19
2024,00-0037666,DAL,earlyDown,5,4,56,0,0,0,138
2024,00-0038640,DAL,thirdAndMedium,4,1,24,0,0,0,66
2024,00-0036139,DAL,goalLine,3,1,3,4,-4,2,19
2024,00-0036358,DAL,chasingLate,5,3,53,0,0,0,34
2024,00-0038738,DAL,chasingLate,3,2,19,0,0,0,34
2024,00-0036139,DAL,chasingLate,2,2,31,3,8,0,34
2024,00-0037801,DAL,redZone,5,3,31,1,0,1,81
2024,00-0035216,CAR,insideTen,5,2,15,0,0,2,49
2024,00-0036555,CAR,insideTen,3,3,10,13,27,3,49
2024,00-0034960,LV,thirdAndMedium,13,9,137,0,0,0,70
2024,00-0036555,CAR,thirdAndShort,2,2,5,7,78,0,29
2024,00-0034972,LV,thirdAndMedium,5,3,15,3,9,0,70
2024,00-0035216,CAR,thirdAndLong,6,4,80,0,0,0,84
2024,00-0031381,LV,earlyDown,18,8,86,0,0,0,108
2024,00-0039356,CAR,earlyAndLong,20,14,188,0,0,0,468
2024,00-0039062,CAR,thirdAndLong,4,2,3,0,0,0,84
2024,00-0035289,LV,thirdAndLong,0,0,0,3,32,0,92
2024,00-0034960,LV,redZone,9,6,61,0,0,1,67
2024,00-0034960,LV,goalLine,4,1,3,0,0,1,29
2024,00-0036555,CAR,redZone,8,5,24,18,83,1,79
2024,00-0034960,LV,fourthDown,3,2,36,0,0,0,20
2024,00-0039066,LV,chasingLate,5,3,20,0,0,0,71
2024,00-0039021,CHI,earlyAndLong,3,2,15,18,60,0,489
2024,00-0039021,CHI,earlyDown,0,0,0,8,20,0,147
2024,00-0039021,CHI,thirdAndMedium,2,2,25,6,23,0,64
2024,00-0034827,CHI,fourthDown,5,4,66,0,0,0,32
2024,00-0039919,CHI,thirdAndMedium,10,3,38,0,0,0,64
2024,00-0038997,IND,earlyAndLong,54,39,426,1,-1,2,503
2024,00-0038997,IND,thirdAndLong,14,11,167,0,0,0,91
2024,00-0036876,IND,earlyAndLong,11,6,98,0,0,0,503
2024,00-0039021,CHI,thirdAndLong,9,7,31,0,0,0,107
2024,00-0034827,CHI,redZone,15,8,63,0,0,0,74
2024,00-0036275,CHI,redZone,0,0,0,13,39,0,74
2024,00-0036906,CHI,insideTen,1,0,0,2,4,0,33
2024,00-0038997,IND,thirdAndMedium,12,6,72,0,0,1,51
2024,00-0036290,CHI,thirdAndLong,3,3,18,0,0,0,107
2024,00-0039164,IND,insideTen,0,0,0,9,27,2,52
2024,00-0036984,IND,goalLine,0,0,0,6,0,2,33
2024,00-0036290,CHI,earlyDown,8,8,105,0,0,0,147
2024,00-0039919,CHI,earlyDown,6,2,39,1,5,0,147
2024,00-0039021,CHI,redZone,2,1,10,4,17,0,74
2024,00-0036290,CHI,redZone,3,3,14,0,0,0,74
2024,00-0039021,CHI,chasingLate,2,2,9,3,12,0,48
2024,00-0039732,DEN,goalLine,1,1,2,3,5,4,30
2024,00-0037256,TB,thirdAndLong,8,8,54,1,12,0,90
2024,00-0038794,DEN,goalLine,0,0,0,3,2,1,30
2024,00-0036997,DEN,goalLine,0,0,0,7,-1,1,30
2024,00-0039052,TB,thirdAndLong,3,1,27,0,0,0,90
2024,00-0039868,DEN,earlyDown,6,3,53,1,3,1,148
2024,00-0039732,DEN,fourthDown,0,0,0,4,12,0,19
2024,00-0034348,DEN,earlyDown,13,8,122,0,0,0,148
2024,00-0039868,DEN,redZone,6,3,19,0,0,0,89
2024,00-0039868,DEN,thirdAndLong,7,4,27,0,0,0,98
2024,00-0039361,TB,redZone,3,3,22,18,105,2,73
2024,00-0037256,TB,goalLine,1,1,-2,4,-2,2,40
2024,00-0037085,DEN,earlyAndLong,1,1,-1,6,60,0,521
2024,00-0039361,TB,thirdAndShort,1,1,4,4,25,0,31
2024,00-0039732,DEN,thirdAndShort,0,0,0,13,61,0,40
2024,00-0039050,TB,earlyAndLong,8,7,90,0,0,0,556
2024,00-0039855,TB,earlyDown,10,3,32,1,17,0,136
2024,00-0038129,TB,redZone,8,6,37,0,0,1,73
2024,00-0037085,DEN,aheadLate,0,0,0,3,12,0,9
2024,00-0036754,DET,earlyAndLong,8,5,48,0,0,0,567
2024,00-0036754,DET,earlyDown,3,3,26,0,0,0,129
2024,00-0038559,ARI,thirdAndShort,3,2,8,0,0,0,33
2024,00-0039849,ARI,thirdAndShort,3,0,0,0,0,0,33
2024,00-0039139,DET,thirdAndLong,8,7,70,4,29,0,67
2024,00-0039849,ARI,earlyDown,14,6,78,0,0,0,131
2024,00-0038705,ARI,thirdAndShort,0,0,0,4,35,0,33
2024,00-0038559,ARI,thirdAndLong,8,0,0,1,7,0,62
2024,00-0035500,ARI,earlyDown,4,2,24,0,0,0,131
2024,00-0038559,ARI,earlyDown,10,9,169,0,0,1,131
2024,00-0038393,GB,earlyDown,7,3,30,0,0,0,165
2024,00-0039146,GB,goalLine,3,1,3,0,0,1,37
2024,00-0037816,GB,thirdAndLong,7,7,111,0,0,0,68
2024,00-0039146,GB,earlyDown,8,7,135,2,15,0,165
2024,00-0038124,GB,thirdAndLong,7,3,60,0,0,0,68
2024,00-0030564,TEN,earlyDown,13,11,118,0,0,0,129
2024,00-0035261,TEN,thirdAndLong,1,1,12,6,48,1,96
2024,00-0039152,TEN,redZone,0,0,0,5,8,0,71
2024,00-0030564,TEN,redZone,3,1,11,0,0,1,71
2024,00-0038996,GB,earlyDown,10,8,214,0,0,1,165
2024,00-0038797,GB,aheadLate,0,0,0,6,35,0,13
2024,00-0037809,TEN,chasingLate,3,1,7,0,0,0,54
2024,00-0038685,GB,aheadLate,0,0,0,5,17,0,13
2024,00-0038685,GB,thirdAndLong,3,3,27,1,0,0,68
2024,00-0038589,TEN,chasingLate,3,3,16,0,0,0,54
2024,00-0033009,TEN,chasingLate,6,3,22,0,0,0,54
2024,00-0036322,MIN,redZone,13,10,91,0,0,3,85
2024,00-0036322,MIN,insideTen,10,4,24,0,0,2,58
2024,00-0039163,HOU,earlyAndLong,0,0,0,20,130,0,607
2024,00-0031588,HOU,earlyDown,10,5,38,1,-4,0,121
2024,00-0030431,HOU,earlyAndLong,19,11,119,0,0,0,607
2024,00-0034383,HOU,thirdAndLong,16,9,142,0,0,1,120
2024,00-0036096,HOU,earlyAndLong,3,2,0,7,26,0,607
2024,00-0037291,MIN,earlyDown,6,6,75,0,0,0,149
2024,00-0038977,HOU,redZone,5,3,36,1,4,0,103
2024,00-0030431,HOU,thirdAndLong,3,3,38,0,0,0,120
2024,00-0036554,HOU,goalLine,6,2,5,0,0,2,26
2024,00-0034272,BUF,earlyAndLong,23,10,217,0,0,0,597
2024,00-0038933,BUF,thirdAndMedium,9,6,106,0,0,0,52
2024,00-0035689,BUF,redZone,3,1,12,0,0,1,108
2024,00-0033282,BUF,insideTen,2,1,4,1,0,1,82
2024,00-0038933,BUF,insideTen,4,1,6,0,0,1,82
2024,00-0036971,JAX,thirdAndShort,0,0,0,4,5,0,38
2024,00-0039893,JAX,thirdAndMedium,9,4,55,0,0,0,54
2024,00-0036887,JAX,earlyAndLong,9,6,37,0,0,0,484
2024,00-0034857,BUF,thirdAndLong,0,0,0,7,69,0,89
2024,00-0036971,JAX,fourthDown,0,0,0,3,6,0,21
2024,00-0035537,BUF,earlyDown,4,4,68,13,61,0,143
2024,00-0034775,JAX,earlyDown,6,4,52,0,0,0,115
2024,00-0038555,JAX,fourthDown,0,0,0,3,24,0,21
2024,00-0034857,BUF,earlyDown,0,0,0,7,66,0,143
2024,00-0039875,BUF,thirdAndShort,1,1,17,5,7,0,44
2024,00-0036973,JAX,thirdAndLong,3,3,25,3,16,0,82
2024,00-0039893,JAX,fourthDown,4,2,36,0,0,0,21
2024,00-0033282,BUF,thirdAndMedium,6,6,77,0,0,1,52
2024,00-0039875,BUF,goalLine,1,1,2,3,5,3,42
2024,00-0036973,JAX,chasingLate,1,1,14,2,24,0,50
2024,00-0035628,JAX,chasingLate,1,1,20,2,11,0,50
2024,00-0036331,JAX,redZone,2,2,7,1,3,0,67
2024,00-0035628,JAX,redZone,2,0,0,4,17,0,67
2024,00-0034407,ATL,redZone,5,4,26,1,14,1,86
2024,00-0033857,KC,earlyAndLong,17,12,145,0,0,0,587
2024,00-0039325,KC,thirdAndShort,0,0,0,5,6,0,45
2024,00-0039325,KC,redZone,2,1,2,4,16,0,121
2024,00-0030506,KC,thirdAndShort,6,4,18,0,0,0,45
2024,00-0033526,KC,earlyAndLong,11,9,78,7,32,0,587
2024,00-0034386,KC,thirdAndLong,7,6,74,0,0,0,93
2024,00-0033526,KC,thirdAndShort,0,0,0,3,10,0,45
2024,00-0038542,ATL,thirdAndLong,5,5,49,5,34,0,82
2024,00-0039894,KC,thirdAndShort,5,2,11,0,0,0,45
2024,00-0037238,ATL,chasingLate,16,11,118,0,0,0,60
2024,00-0036355,LAC,earlyDown,0,0,0,7,107,0,132
2024,00-0038573,LAC,redZone,2,2,27,1,8,1,73
2024,00-0036646,LAC,earlyAndLong,8,3,42,0,0,0,547
2024,00-0034159,LAC,thirdAndMedium,5,3,26,0,0,0,57
2024,00-0036158,LAC,thirdAndLong,7,4,36,8,28,0,94
2024,00-0037228,PIT,thirdAndShort,1,1,11,4,17,0,40
2024,00-0035298,PIT,earlyAndLong,4,3,28,0,0,0,544
2024,00-0037837,PIT,redZone,3,2,12,0,0,0,87
2024,00-0039915,LAC,thirdAndLong,20,14,247,0,0,1,94
2024,00-0036894,PIT,thirdAndMedium,7,5,69,0,0,0,60
2024,00-0037247,PIT,redZone,9,7,72,0,0,3,87
2024,00-0036893,PIT,aheadLate,0,0,0,6,46,0,14
2024,00-0030578,PIT,aheadLate,0,0,0,3,19,0,14
2024,00-0039793,SEA,earlyDown,8,6,47,0,0,0,118
2024,00-0039165,SEA,insideTen,0,0,0,9,38,3,30
2024,00-0035125,MIA,earlyAndLong,10,10,90,0,0,0,543
2024,00-0039793,SEA,earlyAndLong,21,16,135,0,0,0,531
2024,00-0032211,SEA,thirdAndLong,6,3,73,0,0,1,98
2024,00-0037805,NYJ,earlyDown,4,3,15,0,0,0,135
2024,00-0038496,NYJ,earlyAndLong,4,2,10,0,0,0,485
2024,00-0038621,NE,earlyAndLong,36,32,328,2,10,1,482
2024,00-0032392,NE,earlyDown,6,5,35,0,0,0,125
2024,00-0037740,NYJ,thirdAndMedium,14,9,106,0,0,0,57
2024,00-0038120,NYJ,insideTen,2,2,12,2,6,1,32
2024,00-0034270,NYJ,goalLine,5,2,3,0,0,2,38
2024,00-0036328,NE,thirdAndLong,5,4,29,0,0,0,94
2024,00-0034270,NYJ,thirdAndLong,8,6,76,0,0,0,86
2024,00-0033536,NYJ,thirdAndMedium,5,3,70,0,0,0,57
2024,00-0037740,NYJ,insideTen,8,4,27,0,0,2,32
2024,00-0037740,NYJ,goalLine,4,2,3,0,0,2,38
2024,00-0034270,NYJ,thirdAndShort,3,2,29,0,0,0,37
2024,00-0039798,NYJ,earlyDown,0,0,0,6,29,0,135
2024,00-0038496,NYJ,thirdAndLong,4,3,28,0,0,0,86
2024,00-0039798,NYJ,earlyAndLong,5,4,22,16,78,0,485
2024,00-0033536,NYJ,thirdAndLong,11,7,137,0,0,1,86
2024,00-0039851,NE,thirdAndMedium,0,0,0,3,20,0,53
2024,00-0036328,NE,chasingLate,3,3,31,8,65,0,67
2024,00-0035806,NE,chasingLate,4,4,26,2,20,0,67
2024,00-0039851,NE,fourthDown,0,0,0,3,30,0,16
2024,00-0032392,NE,chasingLate,6,5,79,0,0,0,67
2024,00-0038608,NE,chasingLate,4,2,32,0,0,0,67
2024,00-0038621,NE,fourthDown,3,3,23,0,0,0,16
2024,00-0039337,NYG,earlyDown,14,9,94,1,2,0,128
2024,00-0035250,NYG,goalLine,0,0,0,3,4,3,27
2024,00-0031544,CLE,thirdAndLong,9,7,90,0,0,0,115
2024,00-0038117,NYG,thirdAndShort,4,2,18,0,0,0,37
2024,00-0039384,NYG,earlyDown,4,2,10,36,172,0,128
2024,00-0039337,NYG,goalLine,5,1,3,0,0,1,27
2024,00-0034364,CLE,earlyDown,4,2,42,0,0,0,114
2024,00-0037267,CLE,thirdAndShort,1,1,7,3,4,0,27
2024,00-0039384,NYG,redZone,3,3,13,12,29,0,57
2024,00-0038115,NYG,earlyAndLong,9,7,79,0,0,0,508
2024,00-0039384,NYG,thirdAndLong,4,4,26,3,12,0,99
2024,00-0031544,CLE,insideTen,3,2,13,0,0,1,49
2024,00-0036407,CLE,goalLine,3,0,0,0,0,0,24
2024,00-0031503,CLE,thirdAndShort,0,0,0,3,2,0,27
2024,00-0033906,NO,thirdAndShort,2,2,26,6,22,0,33
2024,00-0039623,NO,earlyAndLong,12,7,61,0,0,0,502
2024,00-0034981,NO,thirdAndShort,3,1,2,0,0,0,33
2024,00-0036919,PHI,thirdAndMedium,3,2,14,5,19,0,81
2024,00-0035639,PHI,earlyAndLong,4,3,18,0,0,0,649
2024,00-0035639,PHI,thirdAndLong,3,2,11,0,0,0,102
2024,00-0034844,PHI,thirdAndMedium,5,3,57,14,190,3,81
2024,00-0036919,PHI,thirdAndLong,3,2,11,2,20,0,102
2024,00-0034418,NO,earlyAndLong,11,9,71,0,0,0,502
2024,00-0034351,PHI,thirdAndMedium,4,2,61,0,0,0,81
2024,00-0037741,PHI,thirdAndLong,9,3,32,0,0,0,102
2024,00-0033906,NO,chasingLate,3,1,3,3,20,0,55
2024,00-0033576,SF,earlyAndLong,5,5,46,0,0,0,505
2024,00-0036259,SF,insideTen,5,2,11,0,0,2,75
2024,00-0036849,LA,thirdAndLong,5,3,47,0,0,0,77
2024,00-0036427,LA,thirdAndLong,3,1,6,0,0,0,77
2024,00-0039751,LA,earlyDown,5,5,40,1,7,0,130
2024,00-0037834,SF,thirdAndShort,0,0,0,6,16,0,22
2024,00-0039363,SF,earlyDown,3,3,32,15,51,0,110
2024,00-0037834,SF,thirdAndMedium,0,0,0,4,22,0,55
2024,00-0037834,SF,redZone,0,0,0,5,17,0,93
2024,00-0032775,LA,redZone,4,0,0,0,0,0,106
2024,00-0037834,SF,thirdAndLong,0,0,0,5,28,0,78
2024,00-0036849,LA,chasingLate,4,3,79,0,0,0,40
2024,00-0033699,WAS,earlyDown,5,5,38,12,37,0,153
2024,00-0038597,CIN,earlyDown,14,10,90,38,169,1,151
2024,00-0036410,CIN,thirdAndMedium,14,8,107,0,0,1,58
2024,00-0039910,WAS,insideTen,0,0,0,10,37,3,85
2024,00-0036900,CIN,redZone,19,15,148,0,0,3,87
2024,00-0030061,WAS,earlyDown,17,11,139,0,0,0,153
2024,00-0039910,WAS,thirdAndShort,0,0,0,7,40,0,46
2024,00-0036410,CIN,thirdAndLong,11,8,163,0,0,1,70
2024,00-0036410,CIN,earlyAndLong,46,33,400,0,0,0,508
2024,00-0036410,CIN,goalLine,10,4,8,0,0,4,56
2024,00-0033955,WAS,earlyAndLong,7,4,4,29,111,0,615
2024,00-0039355,WAS,thirdAndMedium,4,3,35,0,0,0,69
2024,00-0035659,WAS,thirdAndMedium,16,9,133,0,0,1,69
2024,00-0035659,WAS,thirdAndShort,5,5,39,0,0,0,46
2024,00-0036626,WAS,thirdAndLong,9,5,44,0,0,0,91
2024,00-0030061,WAS,fourthDown,6,6,49,0,0,0,27
2024,00-0035659,WAS,thirdAndLong,12,6,214,0,0,2,91
2024,00-0034829,CIN,chasingLate,4,2,17,0,0,0,20
2024,00-0034857,BUF,thirdAndMedium,0,0,0,6,35,0,52
2024,00-0038933,BUF,earlyDown,6,5,36,0,0,0,143
2024,00-0034975,BAL,redZone,6,6,62,4,-3,2,90
2024,00-0037261,BUF,thirdAndShort,4,0,0,0,0,0,44
2024,00-0039901,BUF,earlyDown,7,6,115,0,0,0,143
2024,00-0033555,BUF,thirdAndLong,6,3,99,0,0,0,89
2024,00-0039875,BUF,chasingLate,1,0,0,4,12,0,15
2024,00-0039356,CAR,insideTen,4,3,13,0,0,1,49
2024,00-0036555,CAR,goalLine,0,0,0,15,9,5,31
2024,00-0039814,CIN,earlyDown,5,4,37,0,0,0,151
2024,00-0036410,CIN,earlyDown,9,7,83,0,0,0,151
2024,00-0039342,CAR,thirdAndLong,15,7,92,0,0,0,84
2024,00-0036410,CIN,redZone,10,8,73,0,0,2,87
2024,00-0038597,CIN,goalLine,2,1,1,11,3,5,56
2024,00-0039342,CAR,insideTen,5,4,18,0,0,3,49
2024,00-0036900,CIN,goalLine,7,1,2,0,0,1,56
2024,00-0027973,CAR,earlyAndLong,0,0,0,5,33,0,468
2024,00-0036251,CIN,thirdAndMedium,2,2,30,1,-4,0,58
2024,00-0036555,CAR,thirdAndMedium,4,3,12,3,3,0,59
2024,00-0039491,CAR,earlyAndLong,18,15,248,0,0,1,468
2024,00-0039342,CAR,thirdAndMedium,4,2,23,0,0,0,59
2024,00-0038597,CIN,thirdAndLong,1,1,4,5,17,0,70
2024,00-0036555,CAR,chasingLate,4,4,17,2,4,0,42
2024,00-0039342,CAR,chasingLate,7,2,40,0,0,0,42
2024,00-0031544,CLE,thirdAndShort,3,1,2,0,0,0,27
2024,00-0033537,CLE,redZone,0,0,0,3,12,0,57
2024,00-0033925,CLE,insideTen,0,0,0,5,9,0,49
2024,00-0038040,LV,insideTen,0,0,0,4,8,0,53
2024,00-0036527,LV,redZone,4,1,11,3,27,2,67
2024,00-0038710,CLE,earlyAndLong,4,3,35,0,0,0,561
2024,00-0036407,CLE,chasingLate,13,7,89,0,0,0,69
2024,00-0037267,CLE,chasingLate,2,2,31,4,45,0,69
2024,00-0034364,CLE,chasingLate,10,5,33,0,0,0,69
2024,00-0038738,DAL,thirdAndMedium,1,1,11,2,5,0,66
2024,00-0036139,DAL,insideTen,0,0,0,6,17,1,41
2024,00-0036139,DAL,redZone,5,4,12,15,56,1,81
2024,00-0038738,DAL,fourthDown,0,0,0,3,11,0,22
2024,00-0035250,NYG,fourthDown,0,0,0,3,8,0,33
2024,00-0035710,NYG,thirdAndMedium,0,0,0,4,18,0,66
2024,00-0038738,DAL,thirdAndLong,3,2,13,1,2,0,95
2024,00-0039337,NYG,redZone,5,2,18,0,0,0,57
2024,00-0038117,NYG,chasingLate,8,3,29,0,0,0,57
2024,00-0023459,NYJ,thirdAndLong,0,0,0,4,24,0,86
2024,00-0039868,DEN,earlyAndLong,24,16,184,1,5,0,521
2024,00-0039868,DEN,thirdAndMedium,6,0,0,0,0,0,64
2024,00-0038120,NYJ,thirdAndMedium,5,4,42,2,17,1,57
2024,00-0034521,NYJ,earlyAndLong,13,10,158,0,0,1,485
2024,00-0034270,NYJ,earlyDown,7,6,39,0,0,0,135
2024,00-0039893,JAX,goalLine,4,2,5,0,0,2,28
2024,00-0036414,HOU,redZone,0,0,0,9,22,1,103
2024,00-0039359,HOU,earlyAndLong,17,12,103,0,0,0,607
2024,00-0036554,HOU,redZone,6,3,12,0,0,1,103
2024,00-0038935,JAX,earlyDown,4,4,20,0,0,0,115
2024,00-0034383,HOU,thirdAndMedium,10,4,40,0,0,0,59
2024,00-0039893,JAX,thirdAndLong,17,8,180,0,0,1,82
2024,00-0036971,JAX,earlyAndLong,0,0,0,4,24,0,484
2024,00-0038555,JAX,thirdAndMedium,0,0,0,3,70,0,54
2024,00-0038555,JAX,insideTen,0,0,0,14,34,2,52
2024,00-0038555,JAX,goalLine,0,0,0,7,6,3,28
2024,00-0037614,HOU,earlyAndLong,23,15,178,0,0,0,607
2024,00-0034928,HOU,earlyAndLong,1,1,4,2,15,0,607
2024,00-0039163,HOU,earlyDown,0,0,0,5,48,0,121
2024,00-0036554,HOU,chasingLate,4,3,50,0,0,0,24
2024,00-0033854,HOU,chasingLate,3,2,6,0,0,0,24
2024,00-0033854,HOU,redZone,3,1,6,3,5,0,103
2024,00-0033854,HOU,insideTen,1,0,0,2,-2,0,60
2024,00-0038544,LAC,earlyDown,11,10,94,1,4,1,132
2024,00-0033923,KC,earlyAndLong,18,12,114,124,500,0,587
2024,00-0030506,KC,earlyDown,19,15,124,0,0,0,165
2024,00-0033923,KC,thirdAndShort,0,0,0,11,26,0,45
2024,00-0033923,KC,earlyDown,7,7,53,34,136,0,165
2024,00-0034159,LAC,thirdAndLong,4,3,24,0,0,0,94
2024,00-0036637,KC,earlyDown,5,4,23,0,0,0,165
2024,00-0033873,KC,redZone,0,0,0,6,33,1,121
2024,00-0036355,LAC,thirdAndShort,0,0,0,8,12,0,41
2024,00-0033923,KC,redZone,4,4,12,22,83,1,121
2024,00-0039894,KC,thirdAndMedium,10,9,109,0,0,0,67
2024,00-0039021,CHI,goalLine,0,0,0,8,9,6,35
2024,00-0037557,LA,thirdAndMedium,1,0,0,2,6,0,63
2024,00-0037557,LA,redZone,0,0,0,3,20,0,106
2024,00-0039919,CHI,redZone,13,4,31,0,0,1,74
2024,00-0034827,CHI,insideTen,5,5,32,0,0,2,33
2024,00-0039021,CHI,thirdAndShort,0,0,0,5,8,0,30
2024,00-0039918,CHI,thirdAndMedium,0,0,0,3,17,0,64
2024,00-0036264,GB,thirdAndMedium,0,0,0,3,18,0,63
2024,00-0038393,GB,thirdAndLong,5,2,20,0,0,0,68
2024,00-0033246,MIN,earlyDown,5,4,36,0,0,0,149
2024,00-0039146,GB,redZone,7,6,55,2,6,3,99
2024,00-0038994,MIN,thirdAndLong,17,7,80,0,0,0,99
2024,00-0037091,GB,earlyDown,2,1,28,4,40,0,165
2024,00-0038465,GB,earlyAndLong,10,5,35,0,0,0,509
2024,00-0038393,GB,insideTen,4,2,9,0,0,1,59
2024,00-0038996,GB,goalLine,3,1,3,0,0,1,37
2024,00-0037291,MIN,thirdAndMedium,5,3,48,0,0,0,48
2024,00-0036345,NE,thirdAndMedium,3,0,0,0,0,0,53
2024,00-0032128,SF,earlyDown,3,1,13,0,0,0,110
2024,00-0038608,NE,earlyAndLong,41,25,303,0,0,0,482
2024,00-0035806,NE,earlyDown,1,0,0,5,8,0,125
2024,00-0039907,NE,thirdAndLong,8,3,20,0,0,0,94
2024,00-0033288,SF,redZone,10,10,94,0,0,2,93
2024,00-0037525,SF,thirdAndLong,2,1,5,3,35,0,78
2024,00-0033090,NE,insideTen,10,5,22,0,0,2,44
2024,00-0036261,SF,thirdAndLong,7,3,39,0,0,0,78
2024,00-0036875,NE,thirdAndLong,5,3,15,1,3,0,94
2024,00-0037525,SF,aheadLate,0,0,0,4,11,0,6
2024,00-0033357,NO,redZone,2,2,7,3,11,0,71
2024,00-0034407,ATL,earlyDown,8,7,67,1,6,0,145
2024,00-0033357,NO,fourthDown,0,0,0,4,45,1,22
2024,00-0033357,NO,insideTen,0,0,0,5,25,3,29
2024,00-0036040,NO,earlyDown,5,3,10,0,0,0,132
2024,00-0036040,NO,thirdAndLong,10,7,88,0,0,0,98
2024,00-0037263,ATL,thirdAndLong,4,4,30,0,0,0,82
2024,00-0036040,NO,chasingLate,10,8,75,0,0,0,55
2024,00-0037256,TB,thirdAndShort,1,1,22,9,33,0,31
2024,00-0038129,TB,thirdAndLong,12,9,102,0,0,0,90
2024,00-0038129,TB,insideTen,6,4,21,0,0,3,62
2024,00-0039361,TB,goalLine,1,0,0,12,4,4,40
2024,00-0038951,TB,earlyAndLong,7,5,53,24,177,0,556
2024,00-0031408,TB,earlyDown,10,6,89,0,0,0,136
2024,00-0032385,TB,earlyAndLong,27,19,198,2,23,0,556
2024,00-0034351,PHI,redZone,7,4,42,0,0,2,130
2024,00-0039361,TB,insideTen,6,5,12,12,55,3,62
2024,00-0039361,TB,thirdAndLong,2,1,18,1,1,0,90
2024,00-0036741,PHI,earlyAndLong,3,2,10,0,0,0,649
2024,00-0037741,PHI,thirdAndMedium,3,1,7,0,0,0,81
2024,00-0037741,PHI,earlyAndLong,16,11,178,1,13,0,649
2024,00-0037256,TB,aheadLate,0,0,0,9,25,0,18
2024,00-0037256,TB,thirdAndMedium,6,4,35,4,18,0,70
2024,00-0038997,IND,insideTen,6,2,14,0,0,2,52
2024,00-0036945,PIT,fourthDown,0,0,0,3,0,0,15
2024,00-0038997,IND,redZone,8,5,30,0,0,0,92
2024,00-0038558,PIT,earlyAndLong,18,12,106,0,0,0,544
2024,00-0037247,PIT,insideTen,4,0,0,0,0,0,60
2024,00-0036984,IND,earlyAndLong,4,4,26,23,71,0,503
2024,00-0039890,IND,redZone,5,0,0,2,6,0,92
2024,00-0037292,IND,redZone,3,2,17,0,0,1,92
2024,00-0036945,PIT,earlyDown,0,0,0,4,48,0,138
2024,00-0036893,PIT,goalLine,0,0,0,5,4,3,22
2024,00-0037247,PIT,goalLine,3,0,0,0,0,0,22
2024,00-0037247,PIT,thirdAndShort,6,5,85,0,0,0,40
2024,00-0036894,PIT,insideTen,3,3,23,0,0,3,60
2024,00-0036893,PIT,chasingLate,1,1,-2,7,50,0,29
2024,00-0033439,SEA,earlyAndLong,8,7,56,0,0,0,531
2024,00-0038134,SEA,goalLine,0,0,0,9,5,4,35
2024,00-0039065,DET,earlyDown,10,8,145,0,0,0,129
2024,00-0039065,DET,redZone,11,7,66,0,0,1,118
2024,00-0039793,SEA,insideTen,4,3,17,0,0,3,30
2024,00-0032211,SEA,goalLine,3,0,0,0,0,0,35
2024,00-0038543,SEA,goalLine,4,1,3,0,0,1,35
2024,00-0035685,DET,aheadLate,1,1,14,4,21,0,19
2024,00-0030565,SEA,chasingLate,0,0,0,4,70,0,47
2024,00-0038543,SEA,redZone,8,6,70,0,0,3,60
2024,00-0035993,MIA,earlyAndLong,0,0,0,10,57,0,543
2024,00-0038589,TEN,thirdAndMedium,4,3,15,0,0,0,59
2024,00-0035993,MIA,thirdAndMedium,0,0,0,3,6,0,44
2024,00-0035993,MIA,thirdAndLong,0,0,0,4,37,0,90
2024,00-0037809,TEN,thirdAndMedium,6,5,25,0,0,0,59
2024,00-0033858,MIA,thirdAndLong,7,6,65,0,0,0,90
2024,00-0039880,MIA,earlyAndLong,17,14,142,4,7,0,543
2024,00-0035993,MIA,thirdAndShort,0,0,0,3,6,0,34
2024,00-0039040,MIA,fourthDown,1,0,0,2,-3,0,21
2024,00-0034837,TEN,redZone,5,3,23,1,10,1,71
2024,00-0039874,MIA,redZone,0,0,0,5,13,0,83
2024,00-0033040,MIA,goalLine,4,2,4,0,0,2,34
2024,00-0035261,TEN,goalLine,0,0,0,4,4,1,22
2024,00-0033955,WAS,earlyDown,0,0,0,6,40,1,153
2024,00-0033591,WAS,earlyDown,6,5,43,0,0,0,153
2024,00-0033591,WAS,thirdAndLong,7,2,30,0,0,0,91
2024,00-0037746,WAS,thirdAndLong,2,2,13,5,38,0,91
2024,00-0039849,ARI,fourthDown,4,2,33,0,0,0,16
2024,00-0035659,WAS,insideTen,7,6,36,0,0,5,85
2024,00-0030061,WAS,goalLine,4,1,2,0,0,1,52
2024,00-0033955,WAS,insideTen,0,0,0,5,24,1,85
2024,00-0039921,ARI,chasingLate,0,0,0,5,23,0,49
2024,00-0039921,ARI,thirdAndShort,0,0,0,3,23,0,33
2024,00-0037744,ARI,redZone,9,7,69,0,0,0,85
2024,00-0039363,SF,insideTen,0,0,0,8,15,2,75
2024,00-0036259,SF,earlyDown,7,2,25,0,0,0,110
2024,00-0037744,ARI,thirdAndLong,8,7,70,0,0,0,62
2024,00-0037834,SF,earlyDown,0,0,0,4,47,0,110
2024,00-0039363,SF,redZone,0,0,0,4,33,1,93
2024,00-0039737,ARI,earlyAndLong,3,3,15,0,0,0,515
2024,00-0038559,ARI,redZone,3,2,21,0,0,1,85
2024,00-0033553,ARI,chasingLate,4,4,61,8,54,0,49
2024,00-0034975,BAL,thirdAndShort,1,1,3,3,10,0,48
2024,00-0036550,BAL,thirdAndMedium,10,6,60,0,0,0,52
2024,00-0038619,CIN,thirdAndLong,5,3,91,0,0,0,70
2024,00-0036410,CIN,insideTen,5,2,14,0,0,1,66
2024,00-0036900,CIN,thirdAndShort,8,6,54,0,0,0,36
2024,00-0038597,CIN,insideTen,5,5,22,18,44,4,66
2024,00-0032764,BAL,redZone,3,3,20,26,120,1,90
2024,00-0034753,BAL,redZone,10,7,87,1,2,5,90
2024,00-0036630,BAL,thirdAndLong,4,3,25,0,0,0,86
2024,00-0039064,BAL,chasingLate,6,3,73,0,0,0,38
2024,00-0036630,BAL,chasingLate,3,3,54,0,0,0,38
2024,00-0033555,BUF,earlyDown,6,4,46,0,0,0,143
2024,00-0033854,HOU,earlyDown,0,0,0,6,10,0,121
2024,00-0033555,BUF,thirdAndMedium,5,4,36,0,0,0,52
2024,00-0038933,BUF,thirdAndLong,8,3,48,0,0,0,89
2024,00-0038618,HOU,thirdAndLong,8,4,60,0,0,0,120
2024,00-0033282,BUF,redZone,4,2,27,0,0,1,108
2024,00-0033282,BUF,thirdAndLong,4,2,25,0,0,0,89
2024,00-0036275,CHI,insideTen,0,0,0,12,30,1,33
2024,00-0039021,CHI,fourthDown,2,2,14,1,0,0,32
2024,00-0039918,CHI,earlyAndLong,0,0,0,26,178,0,489
2024,00-0039491,CAR,earlyDown,5,4,70,0,0,0,125
2024,00-0039491,CAR,thirdAndMedium,5,4,33,0,0,0,59
2024,00-0030279,CHI,thirdAndLong,20,12,121,0,0,0,107
2024,00-0030279,CHI,goalLine,4,2,4,0,0,2,35
2024,00-0033589,CAR,chasingLate,6,4,41,0,0,0,42
2024,00-0039491,CAR,thirdAndLong,8,5,85,0,0,0,84
2024,00-0035243,CAR,redZone,4,3,17,4,17,0,79
2024,00-0039150,CAR,redZone,0,0,0,3,13,0,79
2024,00-0030061,WAS,insideTen,12,8,40,0,0,6,85
2024,00-0033955,WAS,redZone,2,2,11,6,11,0,118
2024,00-0030061,WAS,redZone,11,7,62,0,0,1,118
2024,00-0035208,WAS,thirdAndLong,8,4,40,0,0,0,91
2024,00-0036626,WAS,earlyDown,6,4,98,1,4,1,153
2024,00-0033955,WAS,goalLine,0,0,0,4,7,3,52
2024,00-0035659,WAS,redZone,10,6,86,0,0,3,118
2024,00-0034364,CLE,insideTen,4,2,12,0,0,1,49
2024,00-0032268,WAS,earlyAndLong,0,0,0,8,44,0,615
2024,00-0031503,CLE,chasingLate,0,0,0,3,16,0,69
2024,00-0039530,DAL,earlyDown,3,3,27,0,0,0,138
2024,00-0037304,PIT,earlyAndLong,3,2,11,0,0,0,544
2024,00-0035924,PIT,earlyAndLong,0,0,0,3,11,0,544
2024,00-0037801,DAL,earlyDown,3,3,14,2,11,0,138
2024,00-0039530,DAL,earlyAndLong,7,4,33,0,0,0,563
2024,00-0033045,DAL,chasingLate,1,0,0,2,4,0,34
2024,00-0037666,DAL,insideTen,7,5,28,0,0,5,41
2024,00-0037837,PIT,chasingLate,3,2,17,0,0,0,29
2024,00-0036849,LA,thirdAndMedium,7,3,23,0,0,0,63
2024,00-0036849,LA,earlyDown,5,3,39,1,0,0,130
2024,00-0036244,LA,insideTen,4,1,4,0,0,1,72
2024,00-0039146,GB,thirdAndShort,3,1,3,1,0,0,32
2024,00-0037840,LA,fourthDown,0,0,0,5,15,0,20
2024,00-0036849,LA,redZone,2,2,13,1,7,0,106
2024,00-0039738,LA,insideTen,0,0,0,5,10,0,72
2024,00-0039074,LA,earlyAndLong,4,1,5,0,0,0,566
2024,00-0037004,LA,earlyAndLong,10,7,65,0,0,0,566
2024,00-0038359,LA,earlyAndLong,1,1,-5,3,32,0,566
2024,00-0039751,LA,chasingLate,3,1,5,0,0,0,40
2024,00-0036984,IND,earlyDown,2,1,8,10,14,0,116
2024,00-0038935,JAX,thirdAndMedium,5,4,48,0,0,0,54
2024,00-0038997,IND,earlyDown,7,5,43,0,0,0,116
2024,00-0037120,IND,earlyDown,2,1,2,6,13,0,116
2024,00-0037120,IND,redZone,1,1,13,2,2,0,92
2024,00-0036252,IND,thirdAndMedium,9,3,24,0,0,0,51
2024,00-0038555,JAX,redZone,0,0,0,14,92,1,67
2024,00-0033217,IND,redZone,5,2,24,0,0,1,92
2024,00-0037292,IND,earlyAndLong,7,4,50,0,0,0,503
2024,00-0036984,IND,chasingLate,2,2,14,1,17,0,39
2024,00-0035628,JAX,thirdAndLong,4,2,8,2,23,0,82
2024,00-0039338,LV,insideTen,8,2,5,0,0,0,53
2024,00-0037539,DEN,earlyAndLong,11,8,81,0,0,0,521
2024,00-0035406,DEN,earlyDown,3,3,74,0,0,1,148
2024,00-0038794,DEN,insideTen,2,2,13,3,11,2,38
2024,00-0039338,LV,thirdAndMedium,13,9,106,0,0,0,70
2024,00-0032104,LV,redZone,2,2,12,5,33,0,67
2024,00-0038563,LV,redZone,4,4,46,2,18,1,67
2024,00-0032104,LV,goalLine,0,0,0,3,3,1,29
2024,00-0036527,LV,fourthDown,3,1,6,0,0,0,20
2024,00-0031235,MIA,earlyAndLong,6,5,29,0,0,0,543
2024,00-0033307,NE,earlyAndLong,15,14,120,0,0,0,482
2024,00-0039907,NE,thirdAndMedium,3,0,0,0,0,0,53
2024,00-0031687,MIA,earlyDown,5,5,51,10,9,0,130
2024,00-0033858,MIA,earlyDown,9,7,64,1,-1,0,130
2024,00-0038608,NE,thirdAndMedium,3,2,41,0,0,1,53
2024,00-0038621,NE,redZone,4,3,11,0,0,0,88
2024,00-0032392,NE,redZone,8,3,27,0,0,1,88
2024,00-0031687,MIA,redZone,2,1,2,5,17,0,83
2024,00-0036875,NE,chasingLate,3,3,18,3,18,0,67
2024,00-0033090,NE,chasingLate,9,4,57,0,0,0,67
2024,00-0038621,NE,chasingLate,6,4,24,0,0,0,67
2024,00-0033873,KC,earlyDown,0,0,0,7,69,0,165
2024,00-0033923,KC,insideTen,5,3,10,12,23,2,61
2024,00-0039623,NO,earlyDown,3,0,0,0,0,0,132
2024,00-0035140,KC,redZone,3,3,13,3,33,1,121
2024,00-0033923,KC,fourthDown,0,0,0,5,25,0,17
2024,00-0039894,KC,thirdAndLong,8,3,38,0,0,0,93
2024,00-0035140,KC,earlyAndLong,6,5,40,2,29,0,587
2024,00-0034981,NO,insideTen,3,2,13,0,0,1,29
2024,00-0033857,KC,earlyDown,4,4,115,0,0,0,165
2024,00-0038998,NO,chasingLate,0,0,0,3,16,0,55
2024,00-0035710,NYG,goalLine,0,0,0,4,6,2,27
2024,00-0038134,SEA,thirdAndMedium,3,3,13,1,4,0,57
2024,00-0038117,NYG,earlyDown,10,8,35,0,0,0,128
2024,00-0039384,NYG,thirdAndShort,3,0,0,9,20,0,37
2024,00-0030565,SEA,thirdAndLong,0,0,0,6,35,0,98
2024,00-0035644,SEA,thirdAndShort,4,3,17,0,0,0,26
2024,00-0038134,SEA,chasingLate,3,3,8,0,0,0,47
2024,00-0038543,SEA,insideTen,4,1,5,0,0,1,30
2024,00-0032918,MIN,earlyAndLong,3,3,30,1,8,0,567
2024,00-0033293,MIN,thirdAndMedium,4,3,53,1,-1,0,48
2024,00-0036322,MIN,thirdAndShort,3,2,59,0,0,0,30
2024,00-0037276,MIN,thirdAndLong,1,1,8,3,8,0,99
2024,00-0034270,NYJ,redZone,3,3,19,0,0,1,80
2024,00-0034854,ATL,earlyAndLong,5,3,91,0,0,1,521
2024,00-0032385,TB,insideTen,4,1,4,0,0,1,62
2024,00-0036309,ATL,fourthDown,6,4,65,0,0,1,20
2024,00-0036309,ATL,redZone,4,2,16,0,0,1,86
2024,00-0037263,ATL,chasingLate,0,0,0,4,26,0,60
2024,00-0037238,ATL,thirdAndShort,3,2,18,1,-3,0,38
2024,00-0039849,ARI,thirdAndLong,4,1,6,0,0,0,62
2024,00-0039146,GB,insideTen,2,2,10,1,-5,1,59
2024,00-0036264,GB,redZone,0,0,0,5,18,0,99
2024,00-0038124,GB,redZone,6,1,9,1,14,0,99
2024,00-0035228,ARI,thirdAndShort,0,0,0,3,8,0,33
2024,00-0038996,GB,thirdAndShort,1,1,10,3,12,0,32
2024,00-0038685,GB,earlyAndLong,6,5,32,9,44,0,509
2024,00-0038996,GB,thirdAndMedium,3,1,17,0,0,0,63
2024,00-0037263,ATL,goalLine,0,0,0,6,4,1,24
2024,00-0034365,CAR,earlyAndLong,4,2,5,0,0,0,468
2024,00-0039875,BUF,insideTen,1,1,5,5,19,2,82
2024,00-0034857,BUF,goalLine,0,0,0,12,5,7,42
2024,00-0039794,NYJ,insideTen,0,0,0,3,7,0,32
2024,00-0033555,BUF,insideTen,4,2,15,0,0,2,82
2024,00-0034857,BUF,thirdAndShort,0,0,0,15,32,0,44
2024,00-0037805,NYJ,chasingLate,3,1,12,0,0,0,46
2024,00-0036900,CIN,thirdAndLong,8,5,66,0,0,0,70
2024,00-0038117,NYG,fourthDown,3,2,20,1,0,0,33
2024,00-0039384,NYG,fourthDown,0,0,0,5,17,0,33
2024,00-0038938,NYG,earlyDown,3,1,7,0,0,0,128
2024,00-0039384,NYG,thirdAndMedium,0,0,0,3,22,0,66
2024,00-0035535,NYG,fourthDown,4,0,0,0,0,0,33
2024,00-0039847,NYG,chasingLate,9,9,126,0,0,1,57
2024,00-0033885,CLE,earlyDown,8,7,54,0,0,0,114
2024,00-0038098,CLE,earlyDown,0,0,0,4,26,0,114
2024,00-0036919,PHI,earlyDown,2,1,6,7,16,0,171
2024,00-0035676,PHI,thirdAndMedium,14,8,130,0,0,0,81
2024,00-0033885,CLE,fourthDown,3,3,29,0,0,0,36
2024,00-0038979,CLE,thirdAndShort,2,1,12,1,-5,0,27
2024,00-0034844,PHI,thirdAndLong,6,5,68,8,31,0,102
2024,00-0033885,CLE,insideTen,7,3,20,0,0,3,49
2024,00-0033375,DET,thirdAndMedium,4,3,61,0,0,0,61
2024,00-0033106,DET,earlyAndLong,0,0,0,6,27,0,567
2024,00-0037801,DAL,fourthDown,4,2,38,0,0,0,22
2024,00-0036358,DAL,fourthDown,3,2,25,1,-3,0,22
2024,00-0038640,DAL,thirdAndLong,4,0,0,0,0,0,95
2024,00-0039410,DAL,earlyAndLong,9,6,69,0,0,0,563
2024,00-0038640,DAL,earlyDown,3,2,15,0,0,0,138
2024,00-0038640,DAL,insideTen,3,0,0,0,0,0,41
2024,00-0038041,DAL,insideTen,3,2,0,0,0,0,41
2024,00-0035567,DET,earlyAndLong,4,2,31,15,89,0,567
2024,00-0035567,DET,earlyDown,1,1,9,3,18,0,129
2024,00-0037801,DAL,chasingLate,4,4,28,1,6,0,34
2024,00-0033662,DAL,thirdAndShort,0,0,0,3,6,0,32
2024,00-0035567,DET,aheadLate,0,0,0,4,7,0,19
2024,00-0035567,DET,thirdAndMedium,0,0,0,3,6,0,61
2024,00-0034383,HOU,earlyDown,5,4,30,0,0,0,121
2024,00-0039851,NE,earlyAndLong,0,0,0,27,178,0,482
2024,00-0038977,HOU,thirdAndLong,10,6,51,0,0,0,120
2024,00-0038608,NE,earlyDown,8,7,130,0,0,2,125
2024,00-0039757,NE,earlyAndLong,1,0,0,7,21,0,482
2024,00-0038621,NE,earlyDown,6,6,57,1,6,0,125
2024,00-0039851,NE,earlyDown,0,0,0,7,107,0,125
2024,00-0039757,NE,chasingLate,0,0,0,3,12,0,67
2024,00-0036182,TEN,insideTen,6,5,30,0,0,5,33
2024,00-0039152,TEN,earlyDown,0,0,0,4,17,0,129
2024,00-0036182,TEN,earlyAndLong,24,11,194,0,0,1,513
2024,00-0030564,TEN,thirdAndLong,14,7,135,0,0,0,96
2024,00-0037594,TEN,earlyDown,0,0,0,4,6,0,129
2024,00-0038394,IND,earlyAndLong,4,1,5,0,0,0,503
2024,00-0038997,IND,fourthDown,4,3,34,0,0,0,21
2024,00-0037120,IND,insideTen,0,0,0,4,10,1,52
2024,00-0035261,TEN,thirdAndShort,0,0,0,6,30,0,33
2024,00-0036252,IND,insideTen,3,3,21,0,0,2,52
2024,00-0037664,IND,earlyDown,4,2,79,0,0,1,116
2024,00-0033009,TEN,thirdAndShort,2,2,22,1,3,0,33
2024,00-0036290,CHI,goalLine,6,2,3,0,0,2,35
2024,00-0039893,JAX,insideTen,7,3,17,0,0,2,52
2024,00-0033881,JAX,goalLine,3,0,0,0,0,0,28
2024,00-0036275,CHI,thirdAndLong,4,4,43,1,1,0,107
2024,00-0039391,LAC,earlyAndLong,8,5,62,25,78,1,547
2024,00-0038976,DEN,thirdAndMedium,3,2,34,0,0,0,64
2024,00-0037475,LAC,thirdAndMedium,3,2,22,0,0,0,57
2024,00-0039391,LAC,earlyDown,0,0,0,9,46,0,132
2024,00-0034159,LAC,redZone,6,3,5,0,0,0,73
2024,00-0038544,LAC,redZone,10,5,52,0,0,2,73
2024,00-0037539,DEN,thirdAndLong,5,4,24,0,0,0,98
2024,00-0036646,LAC,thirdAndLong,3,2,55,0,0,0,94
2024,00-0039373,DEN,earlyDown,1,1,13,14,51,0,148
2024,00-0039424,DEN,thirdAndMedium,7,5,65,0,0,0,64
2024,00-0032104,LV,thirdAndLong,4,3,14,5,31,0,92
2024,00-0038563,LV,earlyDown,9,4,41,0,0,0,108
2024,00-0032104,LV,thirdAndShort,2,2,4,2,15,0,26
2024,00-0037837,PIT,thirdAndShort,3,1,16,0,0,0,40
2024,00-0036527,LV,chasingLate,3,2,21,0,0,0,71
2024,00-0035973,SF,redZone,1,0,0,7,35,0,93
2024,00-0035973,SF,earlyAndLong,5,2,24,17,92,0,505
2024,00-0030565,SEA,goalLine,0,0,0,3,-6,0,35
2024,00-0036259,SF,thirdAndLong,14,9,89,0,0,0,78
2024,00-0035973,SF,earlyDown,0,0,0,4,13,0,110
2024,00-0035973,SF,goalLine,0,0,0,4,5,1,27
2024,00-0032211,SEA,insideTen,3,1,9,0,0,1,30
2024,00-0029892,SF,insideTen,1,1,9,2,5,2,75
2024,00-0039376,NO,earlyAndLong,0,0,0,9,69,0,502
2024,00-0039386,NO,thirdAndMedium,5,1,14,0,0,0,59
2024,00-0038951,TB,earlyDown,2,2,11,5,53,0,136
2024,00-0031408,TB,insideTen,3,0,0,0,0,0,62
2024,00-0039386,NO,earlyAndLong,3,2,21,0,0,0,502
2024,00-0038824,TB,earlyAndLong,12,6,86,0,0,0,556
2024,00-0038951,TB,thirdAndMedium,1,1,36,3,16,1,70
2024,00-0034981,NO,earlyDown,3,3,58,0,0,0,132
2024,00-0032385,TB,earlyDown,4,1,5,1,24,0,136
2024,00-0033948,NO,thirdAndLong,1,1,5,2,15,0,98
2024,00-0032385,TB,redZone,2,2,25,4,3,0,73
2024,00-0038951,TB,aheadLate,0,0,0,7,18,0,18
2024,00-0038678,NO,chasingLate,7,3,17,1,9,0,55
2024,00-0034418,NO,fourthDown,4,2,29,0,0,0,22
2024,00-0033699,WAS,thirdAndShort,1,1,24,3,11,0,46
2024,00-0035208,WAS,redZone,6,6,38,0,0,0,118
2024,00-0033591,WAS,thirdAndMedium,4,0,0,0,0,0,69
2024,00-0039064,BAL,redZone,1,1,16,2,-1,1,90
2024,00-0033699,WAS,goalLine,1,0,0,4,3,3,52
2024,00-0039855,TB,thirdAndShort,2,1,8,1,9,0,31
2024,00-0034753,BAL,insideTen,5,5,33,1,0,5,61
2024,00-0037838,BAL,thirdAndMedium,4,3,57,0,0,0,52
2024,00-0039855,TB,insideTen,4,4,23,0,0,1,62
2024,00-0037256,TB,chasingLate,7,6,52,0,0,1,40
2024,00-0038129,TB,chasingLate,3,2,15,0,0,0,40
2024,00-0032385,TB,chasingLate,7,6,59,0,0,0,40
2024,00-0039855,TB,chasingLate,5,3,32,0,0,0,40
2024,00-0034975,BAL,aheadLate,0,0,0,4,7,0,13
2024,00-0039052,TB,chasingLate,3,1,14,0,0,0,40
2024,00-0038951,TB,thirdAndShort,1,1,9,2,5,0,31
2024,00-0032268,WAS,earlyDown,0,0,0,3,10,0,153
2024,00-0033955,WAS,aheadLate,0,0,0,3,20,0,8
2024,00-0034791,CLE,earlyAndLong,8,3,30,59,210,0,561
2024,00-0033925,CLE,thirdAndShort,0,0,0,3,10,0,27
2024,00-0034791,CLE,earlyDown,0,0,0,17,82,0,114
2024,00-0034364,CLE,thirdAndMedium,3,3,24,0,0,0,69
2024,00-0034791,CLE,insideTen,1,1,5,5,18,1,49
2024,00-0033885,CLE,goalLine,5,0,0,0,0,0,24
2024,00-0034791,CLE,goalLine,0,0,0,5,5,3,24
2024,00-0038583,CLE,earlyAndLong,0,0,0,10,74,0,561
2024,00-0034791,CLE,fourthDown,2,1,-4,2,2,0,36
2024,00-0033885,CLE,chasingLate,5,5,13,0,0,0,69
2024,00-0038979,CLE,thirdAndLong,5,2,34,0,0,0,115
2024,00-0038979,CLE,redZone,3,1,17,0,0,1,57
2024,00-0034418,NO,thirdAndLong,5,4,49,0,0,0,98
2024,00-0038551,NO,earlyAndLong,4,3,9,22,81,0,502
2024,00-0034981,NO,thirdAndLong,3,2,15,0,0,0,98
2024,00-0038551,NO,chasingLate,1,0,0,5,39,0,55
2024,00-0038551,NO,thirdAndShort,0,0,0,3,2,0,33
2024,00-0032464,DET,thirdAndMedium,3,2,28,0,0,1,61
2024,00-0038994,MIN,goalLine,3,1,2,0,0,1,30
2024,00-0039163,HOU,thirdAndShort,0,0,0,3,13,0,38
2024,00-0037091,GB,thirdAndMedium,4,1,8,0,0,0,63
2024,00-0038797,GB,thirdAndMedium,0,0,0,3,19,0,63
2024,00-0033854,HOU,thirdAndShort,0,0,0,3,13,0,38
2024,00-0038393,GB,thirdAndShort,4,3,23,0,0,0,32
2024,00-0029892,SF,thirdAndLong,2,1,6,2,20,0,78
2024,00-0033923,KC,goalLine,1,0,0,13,14,6,46
2024,00-0039916,SF,earlyAndLong,21,12,148,1,2,0,505
2024,00-0037834,SF,goalLine,0,0,0,3,4,3,27
2024,00-0039365,SF,earlyAndLong,2,2,57,1,7,0,505
2024,00-0039916,SF,redZone,4,4,22,1,4,0,93
2024,00-0036387,LAC,earlyAndLong,5,2,20,2,-4,0,547
2024,00-0039391,LAC,redZone,0,0,0,4,6,0,73
2024,00-0037475,LAC,earlyDown,4,4,60,0,0,0,132
2024,00-0037475,LAC,earlyAndLong,7,5,99,0,0,0,547
2024,00-0033891,ARI,earlyAndLong,7,5,59,0,0,0,515
2024,00-0036527,LV,earlyDown,4,3,13,0,0,0,108
2024,00-0039338,LV,thirdAndShort,3,2,11,1,2,0,26
2024,00-0039738,LA,earlyDown,4,3,19,7,36,0,130
2024,00-0034972,LV,redZone,1,1,3,9,32,0,67
2024,00-0039890,IND,thirdAndMedium,4,3,79,0,0,0,51
2024,00-0039880,MIA,thirdAndLong,3,3,22,0,0,0,90
2024,00-0031687,MIA,goalLine,1,0,0,2,1,1,34
2024,00-0033858,MIA,insideTen,9,8,46,1,0,6,55
2024,00-0039164,IND,earlyDown,0,0,0,9,33,0,116
2024,00-0033040,MIA,chasingLate,4,2,22,0,0,0,35
2024,00-0033858,MIA,chasingLate,5,3,19,0,0,0,35
2024,00-0036613,MIA,chasingLate,5,3,23,0,0,0,35
2024,00-0039880,MIA,chasingLate,4,1,7,0,0,0,35
2024,00-0039040,MIA,chasingLate,4,4,25,1,0,0,35
2024,00-0033307,NE,thirdAndLong,8,4,38,0,0,0,94
2024,00-0033307,NE,chasingLate,5,2,32,0,0,0,67
2024,00-0039851,NE,chasingLate,0,0,0,4,22,0,67
2024,00-0029263,PIT,earlyAndLong,0,0,0,9,46,0,544
2024,00-0037228,PIT,goalLine,0,0,0,3,2,1,22
2024,00-0037228,PIT,aheadLate,0,0,0,3,10,0,14
2024,00-0037228,PIT,insideTen,1,0,0,3,11,0,60
2024,00-0039798,NYJ,chasingLate,1,1,0,3,27,0,46
2024,00-0036919,PHI,insideTen,0,0,0,6,14,0,70
2024,00-0035676,PHI,fourthDown,5,4,96,0,0,1,26
2024,00-0036389,PHI,insideTen,0,0,0,8,43,3,70
2024,00-0035704,NYG,earlyAndLong,0,0,0,3,35,0,508
2024,00-0039746,PHI,earlyAndLong,3,3,31,12,105,0,649
2024,00-0039746,PHI,thirdAndLong,0,0,0,4,6,0,102
2024,00-0038938,NYG,chasingLate,3,2,15,0,0,0,57
2024,00-0039746,PHI,aheadLate,0,0,0,7,19,0,18
2024,00-0038396,NYG,chasingLate,2,2,6,1,2,0,57
2024,00-0032211,SEA,redZone,4,1,6,0,0,0,60
2024,00-0037238,ATL,fourthDown,5,3,69,0,0,0,20
2024,00-0039393,ATL,chasingLate,0,0,0,8,26,0,60
2024,00-0039393,ATL,thirdAndShort,0,0,0,3,6,0,38
2024,00-0034837,TEN,earlyDown,9,7,104,0,0,0,129
2024,00-0036182,TEN,thirdAndMedium,8,4,57,0,0,1,59
2024,00-0037594,TEN,redZone,0,0,0,3,29,0,71
2024,00-0030564,TEN,thirdAndMedium,4,4,21,0,0,0,59
2024,00-0034771,TEN,earlyAndLong,0,0,0,5,29,0,513
2024,00-0035689,BUF,thirdAndLong,3,0,0,0,0,0,89
2024,00-0035689,BUF,insideTen,4,1,7,0,0,0,82
2024,00-0036182,TEN,thirdAndLong,9,4,125,0,0,1,96
2024,00-0034771,TEN,fourthDown,0,0,0,3,9,0,18
2024,00-0037594,TEN,earlyAndLong,2,1,9,7,35,0,513
2024,00-0036182,TEN,redZone,3,2,21,0,0,1,71
2024,00-0033040,MIA,insideTen,6,3,18,0,0,2,55
2024,00-0031687,MIA,insideTen,0,0,0,8,1,1,55
2024,00-0037744,ARI,thirdAndShort,5,4,36,0,0,0,33
2024,00-0039849,ARI,chasingLate,3,3,41,0,0,0,49
2024,00-0038129,TB,thirdAndMedium,5,3,33,0,0,0,70
2024,00-0037263,ATL,thirdAndShort,0,0,0,9,45,0,38
2024,00-0038821,TB,earlyAndLong,7,6,80,0,0,0,556
2024,00-0034753,BAL,earlyDown,3,3,38,0,0,0,126
2024,00-0034791,CLE,redZone,0,0,0,8,11,0,57
2024,00-0034364,CLE,redZone,3,1,16,0,0,1,57
2024,00-0034791,CLE,thirdAndShort,0,0,0,4,3,0,27
2024,00-0036980,CLE,chasingLate,8,4,32,0,0,0,69
2024,00-0038979,CLE,chasingLate,3,3,63,0,0,1,69
2024,00-0039901,BUF,goalLine,3,1,2,0,0,1,42
2024,00-0039901,BUF,thirdAndMedium,4,1,21,0,0,0,52
2024,00-0039491,CAR,redZone,4,3,33,0,0,1,79
2024,00-0039424,DEN,redZone,4,3,30,0,0,0,89
2024,00-0036422,DEN,redZone,4,4,47,0,0,2,89
2024,00-0039150,CAR,thirdAndLong,0,0,0,3,34,1,84
2024,00-0039373,DEN,redZone,0,0,0,7,21,0,89
2024,00-0036275,CHI,thirdAndShort,0,0,0,6,24,0,30
2024,00-0030279,CHI,chasingLate,6,5,53,0,0,0,48
2024,00-0034827,CHI,goalLine,3,0,0,0,0,0,35
2024,00-0033591,WAS,chasingLate,3,2,66,0,0,1,44
2024,00-0033893,DAL,earlyAndLong,1,1,10,6,17,0,563
2024,00-0033288,SF,earlyDown,4,4,63,0,0,0,110
2024,00-0037801,DAL,thirdAndLong,10,5,130,1,11,1,95
2024,00-0039916,SF,thirdAndLong,7,4,72,0,0,0,78
2024,00-0033288,SF,goalLine,3,2,5,0,0,2,27
2024,00-0033045,DAL,insideTen,0,0,0,5,3,0,41
2024,00-0039916,SF,earlyDown,5,4,97,1,39,1,110
2024,00-0038685,GB,earlyDown,2,2,14,11,86,0,165
2024,00-0036497,JAX,earlyAndLong,3,2,31,0,0,0,484
2024,00-0038606,JAX,earlyDown,3,3,32,0,0,0,115
2024,00-0033881,JAX,chasingLate,4,3,16,0,0,0,50
2024,00-0038606,JAX,chasingLate,5,1,15,0,0,0,50
2024,00-0038935,JAX,chasingLate,4,4,30,0,0,0,50
2024,00-0038606,JAX,redZone,4,1,5,0,0,0,67
2024,00-0033881,JAX,redZone,4,3,34,0,0,1,67
2024,00-0038685,GB,redZone,3,2,1,7,31,0,99
2024,00-0034383,HOU,thirdAndShort,4,1,4,0,0,0,38
2024,00-0037614,HOU,redZone,6,5,29,0,0,1,103
2024,00-0030431,HOU,earlyDown,5,4,36,0,0,0,121
2024,00-0036223,IND,chasingLate,2,2,8,2,1,0,39
2024,00-0033897,HOU,thirdAndLong,1,0,0,3,6,0,120
2024,00-0036637,KC,thirdAndMedium,8,6,86,0,0,1,67
2024,00-0039894,KC,insideTen,8,5,37,1,-8,4,61
2024,00-0032104,LV,chasingLate,9,6,37,1,6,0,71
2024,00-0039075,LA,earlyDown,17,12,173,2,0,0,130
2024,00-0039075,LA,redZone,13,11,81,3,21,2,106
2024,00-0037291,MIN,redZone,2,0,0,1,-7,0,85
2024,00-0037840,LA,aheadLate,0,0,0,4,4,0,7
2024,00-0038994,MIN,chasingLate,3,1,26,0,0,0,13
2024,00-0033357,NO,thirdAndLong,5,3,30,0,0,0,98
2024,00-0037617,LAC,goalLine,0,0,0,6,4,2,24
2024,00-0036158,LAC,goalLine,0,0,0,6,5,3,24
2024,00-0036040,NO,thirdAndMedium,6,3,57,0,0,0,59
2024,00-0036988,LAC,earlyDown,7,4,32,0,0,0,132
2024,00-0029263,PIT,thirdAndMedium,0,0,0,6,36,0,60
2024,00-0039337,NYG,chasingLate,16,10,125,0,0,0,57
2024,00-0039851,NE,redZone,0,0,0,3,24,1,88
2024,00-0038608,NE,thirdAndLong,6,3,61,0,0,0,94
2024,00-0036328,NE,thirdAndShort,1,1,14,5,8,0,31
2024,00-0031381,NYJ,chasingLate,5,2,87,0,0,1,46
2024,00-0036919,PHI,aheadLate,0,0,0,4,11,0,18
2024,00-0039746,PHI,redZone,0,0,0,3,9,0,130
2024,00-0038597,CIN,thirdAndShort,2,2,14,3,4,0,36
2024,00-0034771,TEN,redZone,0,0,0,3,19,1,71
2024,00-0036963,DET,goalLine,3,2,4,0,0,2,44
2024,00-0039065,DET,goalLine,4,4,9,0,0,4,44
2024,00-0033009,TEN,goalLine,4,0,0,0,0,0,22
2024,00-0033009,TEN,earlyDown,4,3,25,0,0,0,129
2024,00-0037594,TEN,chasingLate,0,0,0,5,22,0,54
2024,00-0037744,ARI,goalLine,6,3,3,1,2,3,31
2024,00-0030279,CHI,redZone,7,2,22,0,0,1,74
2024,00-0036358,DAL,thirdAndShort,5,3,14,0,0,0,32
2024,00-0031595,DEN,goalLine,1,1,1,2,0,2,30
2024,00-0031595,DEN,insideTen,1,1,-2,2,3,0,38
2024,00-0034348,DEN,chasingLate,6,4,46,0,0,0,24
2024,00-0039146,GB,fourthDown,3,2,62,1,-2,0,13
2024,00-0036264,GB,earlyAndLong,0,0,0,3,22,0,509
2024,00-0038797,GB,goalLine,0,0,0,4,2,2,37
2024,00-0039920,NYJ,redZone,1,0,0,2,26,0,80
2024,00-0037614,HOU,thirdAndMedium,3,2,15,0,0,0,59
2024,00-0037614,HOU,insideTen,3,0,0,0,0,0,60
2024,00-0039163,HOU,redZone,0,0,0,6,28,0,103
2024,00-0035229,MIN,earlyAndLong,25,17,239,0,0,1,567
2024,00-0034646,MIN,earlyAndLong,3,3,30,0,0,0,567
2024,00-0038994,MIN,thirdAndMedium,5,3,35,0,0,0,48
2024,00-0035229,MIN,redZone,8,4,25,0,0,0,85
2024,00-0035229,MIN,thirdAndLong,10,6,77,0,0,0,99
2024,00-0035249,MIN,earlyDown,3,3,26,0,0,0,149
2024,00-0035229,MIN,earlyDown,10,9,85,0,0,0,149
2024,00-0034869,MIN,redZone,0,0,0,3,9,0,85
2024,00-0038994,MIN,redZone,9,8,54,0,0,2,85
2024,00-0034869,MIN,earlyDown,0,0,0,3,25,0,149
2024,00-0037086,PHI,thirdAndMedium,3,2,7,0,0,0,81
2024,00-0037086,PHI,thirdAndLong,3,3,45,0,0,0,102
2024,00-0039747,PHI,earlyAndLong,5,4,13,1,2,0,649
2024,00-0038606,JAX,thirdAndMedium,4,2,24,0,0,0,54
2024,00-0031503,CLE,earlyAndLong,0,0,0,4,33,0,561
2024,00-0038544,LAC,fourthDown,3,2,45,0,0,0,14
2024,00-0032775,LA,thirdAndLong,7,3,44,0,0,0,77
2024,00-0026498,LA,redZone,0,0,0,3,17,0,106
2024,00-0039793,SEA,redZone,3,3,32,0,0,1,60
2024,00-0034613,CIN,earlyDown,4,3,36,0,0,0,151
2024,00-0031687,MIA,thirdAndLong,4,3,55,2,8,0,90
2024,00-0034771,TEN,thirdAndShort,0,0,0,5,6,0,33
2024,00-0039851,NE,thirdAndLong,0,0,0,3,32,0,94
2024,00-0037809,TEN,earlyDown,7,5,35,0,0,0,129
2024,00-0036182,TEN,earlyDown,5,4,42,0,0,0,129
2024,00-0034981,NO,redZone,4,2,26,0,0,1,71
2024,00-0039150,CAR,insideTen,0,0,0,5,39,3,49
2024,00-0034272,NO,thirdAndMedium,5,4,95,0,0,2,59
2024,00-0036040,NO,goalLine,3,1,1,0,0,1,20
2024,00-0039052,TB,earlyDown,3,1,4,0,0,0,136
2024,00-0030564,KC,goalLine,5,2,4,0,0,2,46
2024,00-0034386,KC,thirdAndMedium,3,1,12,0,0,0,67
2024,00-0038824,TB,thirdAndLong,3,2,15,0,0,0,90
2024,00-0034855,TB,chasingLate,0,0,0,5,28,0,40
2024,00-0037569,KC,earlyAndLong,3,3,30,0,0,0,587
2024,00-0030564,KC,thirdAndShort,4,1,7,0,0,0,45
2024,00-0035659,WAS,goalLine,4,3,7,0,0,3,52
2024,00-0033699,WAS,fourthDown,0,0,0,3,3,0,27
2024,00-0039384,NYG,insideTen,1,0,0,6,21,0,39
2024,00-0038611,WAS,earlyAndLong,0,0,0,14,92,0,615
2024,00-0038611,WAS,earlyDown,1,1,12,4,18,0,153
2024,00-0038611,WAS,insideTen,0,0,0,6,24,1,85
2024,00-0038611,WAS,redZone,0,0,0,3,13,0,118
2024,00-0037231,NO,thirdAndLong,3,1,14,0,0,0,98
2024,00-0034860,NO,earlyAndLong,10,5,37,0,0,0,502
2024,00-0037231,NO,earlyAndLong,9,3,40,1,9,0,502
2024,00-0035537,BUF,thirdAndShort,3,3,19,4,10,0,44
2024,00-0036876,IND,thirdAndLong,5,2,39,0,0,0,91
2024,00-0034613,CIN,earlyAndLong,7,6,37,0,0,0,508
2024,00-0034613,CIN,thirdAndLong,3,3,29,0,0,0,70
2024,00-0038597,CIN,thirdAndMedium,3,3,25,0,0,0,58
2024,00-0036630,BAL,earlyAndLong,6,5,76,0,0,0,613
2024,00-0036550,BAL,insideTen,3,2,12,0,0,2,61
2024,00-0036900,CIN,chasingLate,5,3,77,0,0,0,20
2024,00-0037539,DEN,earlyDown,3,3,23,0,0,0,148
2024,00-0034348,DEN,thirdAndShort,7,6,88,0,0,1,40
2024,00-0039424,DEN,thirdAndShort,3,2,18,0,0,0,40
2024,00-0039373,DEN,thirdAndShort,0,0,0,3,13,0,40
2024,00-0037614,HOU,thirdAndLong,5,3,35,0,0,0,120
2024,00-0030431,HOU,redZone,3,1,4,0,0,0,103
2024,00-0037614,HOU,earlyDown,4,3,39,0,0,0,121
2024,00-0026498,LA,earlyAndLong,0,0,0,4,16,0,566
2024,00-0031235,MIA,thirdAndMedium,5,3,21,0,0,0,44
2024,00-0039040,MIA,aheadLate,0,0,0,4,4,0,7
2024,00-0037840,LA,chasingLate,2,1,7,1,11,0,40
2024,00-0039075,LA,chasingLate,6,4,64,0,0,0,40
2024,00-0036427,LA,chasingLate,4,2,18,0,0,0,40
2024,00-0035229,MIN,thirdAndMedium,9,7,70,0,0,0,48
2024,00-0036972,JAX,earlyAndLong,0,0,0,6,19,0,484
2024,00-0035806,NE,thirdAndShort,1,1,-1,2,9,0,31
2024,00-0036328,NE,insideTen,0,0,0,3,3,0,44
2024,00-0034827,CHI,chasingLate,5,3,42,0,0,0,48
2024,00-0036555,CAR,thirdAndLong,3,2,9,3,14,0,84
2024,00-0038938,NYG,thirdAndMedium,3,1,5,0,0,0,66
2024,00-0036510,NYJ,earlyAndLong,4,3,24,0,0,0,485
2024,00-0035228,ARI,goalLine,0,0,0,3,3,1,31
2024,00-0036425,ARI,aheadLate,0,0,0,4,12,0,8
2024,00-0033662,DAL,earlyAndLong,0,0,0,7,11,0,563
2024,00-0037666,DAL,thirdAndLong,8,3,20,0,0,0,95
2024,00-0037012,DAL,earlyAndLong,0,0,0,4,19,0,563
2024,00-0039746,PHI,earlyDown,0,0,0,4,12,0,171
2024,00-0037228,PIT,fourthDown,0,0,0,3,3,0,15
2024,00-0033280,SF,earlyAndLong,9,9,110,35,136,0,505
2024,00-0033280,SF,earlyDown,2,1,7,6,37,0,110
2024,00-0033280,SF,redZone,3,2,9,6,15,0,93
2024,00-0032385,TB,thirdAndMedium,3,1,11,0,0,0,70
2024,00-0033280,SF,thirdAndLong,3,2,15,0,0,0,78
2024,00-0032385,TB,thirdAndLong,3,2,32,0,0,0,90
2024,00-0037256,TB,fourthDown,1,1,8,2,7,0,12
2024,00-0036355,LAC,insideTen,0,0,0,4,16,2,55
2024,00-0038783,DEN,redZone,3,3,32,0,0,2,89
2024,00-0029263,PIT,thirdAndShort,0,0,0,5,10,0,40
2024,00-0036862,PIT,earlyAndLong,4,4,61,0,0,0,544
2024,00-0037654,LAC,earlyAndLong,6,6,53,0,0,0,547
2024,00-0037231,NO,earlyDown,4,4,68,0,0,0,132
2024,00-0033357,NO,thirdAndMedium,3,3,9,0,0,0,59
2024,00-0036913,CLE,earlyAndLong,1,0,0,2,-4,0,561
2024,00-0034860,NO,thirdAndMedium,3,2,21,0,0,0,59
2024,00-0039379,CLE,earlyAndLong,3,1,11,0,0,0,561
2024,00-0033885,CLE,thirdAndMedium,5,2,21,0,0,0,69
2024,00-0036980,CLE,fourthDown,4,2,17,0,0,0,36
2024,00-0036264,GB,insideTen,0,0,0,3,11,0,59
2024,00-0033662,DAL,redZone,0,0,0,3,-5,0,81
2024,00-0038622,DAL,chasingLate,1,1,4,3,10,0,34
2024,00-0036972,JAX,thirdAndLong,0,0,0,4,30,0,82
2024,00-0033106,DET,fourthDown,0,0,0,3,11,0,24
2024,00-0033375,DET,redZone,4,2,21,0,0,1,118
2024,00-0031428,DET,thirdAndMedium,3,2,28,0,0,0,61
2024,00-0039364,DET,earlyAndLong,1,1,8,2,11,0,567
2024,00-0036590,BUF,earlyAndLong,5,2,22,0,0,0,597
2024,00-0033526,KC,chasingLate,3,2,8,0,0,0,18
2024,00-0039075,LA,thirdAndMedium,10,7,66,0,0,0,63
2024,00-0033307,NE,earlyDown,7,7,106,0,0,0,125
2024,00-0026498,LA,thirdAndShort,0,0,0,4,9,0,38
2024,00-0039880,MIA,earlyDown,3,3,15,0,0,0,130
2024,00-0033858,MIA,goalLine,4,1,1,0,0,1,34
2024,00-0039066,LV,redZone,4,3,21,0,0,0,67
2024,00-0032104,LV,insideTen,4,4,18,5,15,4,53
2024,00-0036414,MIN,aheadLate,0,0,0,4,6,0,9
2024,00-0037834,SF,insideTen,0,0,0,6,31,2,75
2024,00-0033955,WAS,chasingLate,1,1,5,2,2,0,44
2024,00-0033955,WAS,thirdAndMedium,1,1,1,2,8,0,69
2024,00-0039849,ARI,redZone,8,3,35,0,0,2,85
2024,00-0034753,BAL,fourthDown,1,0,0,3,6,0,13
2024,00-0038544,LAC,chasingLate,3,0,0,0,0,0,12
2024,00-0033699,WAS,thirdAndMedium,4,2,18,1,1,0,69
2024,00-0037509,LV,earlyAndLong,4,3,21,23,98,0,516
2024,00-0037509,LV,earlyDown,2,2,5,7,45,0,108
2024,00-0033375,DET,earlyDown,3,3,37,0,0,0,129
2024,00-0037240,DET,aheadLate,2,2,20,1,4,0,19
2024,00-0030035,CAR,redZone,6,5,41,0,0,1,79
2024,00-0039150,CAR,earlyDown,0,0,0,4,26,0,125
2024,00-0039344,CAR,earlyAndLong,1,1,18,6,11,0,468
2024,00-0037005,CAR,redZone,3,2,17,0,0,1,79
2024,00-0036613,MIA,goalLine,3,0,0,0,0,0,34
2024,00-0035676,PHI,insideTen,5,5,25,0,0,4,70
2024,00-0036849,LA,fourthDown,3,3,30,0,0,0,20
2024,00-0033908,LA,chasingLate,4,3,38,0,0,1,40
2024,00-0031503,CLE,earlyDown,0,0,0,4,9,0,114
2024,00-0033885,CLE,redZone,4,2,24,0,0,1,57
2024,00-0029263,PIT,insideTen,0,0,0,4,7,0,60
2024,00-0036407,CLE,fourthDown,4,2,21,0,0,0,36
2024,00-0038797,GB,insideTen,0,0,0,4,17,1,59
2024,00-0038476,NYG,earlyAndLong,0,0,0,4,14,0,508
2024,00-0034855,TB,earlyDown,0,0,0,4,14,0,136
2024,00-0036554,HOU,insideTen,3,3,17,0,0,3,60
2024,00-0036322,MIN,fourthDown,3,1,12,0,0,0,12
2024,00-0036275,CHI,fourthDown,1,0,0,2,0,0,32
2024,00-0037300,CLE,thirdAndLong,4,2,30,0,0,0,115
2024,00-0037300,CLE,earlyAndLong,6,3,19,0,0,0,561
2024,00-0039359,HOU,earlyDown,3,2,5,0,0,0,121
2024,00-0038606,JAX,goalLine,3,1,2,0,0,1,28
2024,00-0034860,NO,thirdAndLong,8,3,38,0,0,0,98
2024,00-0039075,LA,insideTen,2,1,7,1,4,2,72
2024,00-0039880,MIA,thirdAndMedium,3,1,5,0,0,0,44
2024,00-0033858,MIA,fourthDown,3,3,36,0,0,0,21
2024,00-0031236,DAL,insideTen,3,0,0,0,0,0,41
2024,00-0031236,DAL,goalLine,3,2,5,0,0,2,19
2024,00-0034844,PHI,aheadLate,0,0,0,4,21,0,18
2024,00-0036906,CIN,earlyDown,1,1,1,7,30,0,151
2024,00-0039798,NYJ,thirdAndLong,2,2,34,2,20,0,86
2024,00-0030035,CAR,thirdAndMedium,8,5,77,0,0,0,59
2024,00-0039150,CAR,thirdAndMedium,0,0,0,4,25,0,59
2024,00-0037005,CAR,earlyDown,4,3,33,0,0,0,125
2024,00-0039344,CAR,redZone,2,2,5,1,9,0,79
2024,00-0038611,WAS,thirdAndShort,0,0,0,3,9,0,46
2024,00-0038611,WAS,aheadLate,0,0,0,3,14,0,8
2024,00-0035973,SF,fourthDown,1,0,0,2,15,0,11
2024,00-0036297,CHI,chasingLate,0,0,0,3,3,0,48
2024,00-0038597,CIN,fourthDown,2,1,11,1,0,0,14
2024,00-0029263,PIT,thirdAndLong,0,0,0,3,35,0,101
2024,00-0037267,CLE,redZone,1,1,3,3,8,0,57
2024,00-0033375,DET,goalLine,4,2,4,0,0,2,44
2024,00-0039650,TEN,earlyAndLong,3,3,39,0,0,0,513
2024,00-0034777,LAC,earlyAndLong,6,2,21,0,0,0,547
2024,00-0039391,LAC,thirdAndLong,0,0,0,3,19,0,94
2024,00-0039855,TB,redZone,3,3,42,1,6,3,73
2024,00-0037509,LV,thirdAndShort,0,0,0,3,32,0,26
2024,00-0037509,LV,redZone,1,1,3,3,7,0,67
2024,00-0038579,LV,earlyDown,0,0,0,7,30,0,108
2024,00-0038551,NO,earlyDown,2,2,24,4,16,0,132
2024,00-0039798,NYJ,redZone,2,1,15,3,20,1,80
2024,00-0038636,SEA,earlyDown,0,0,0,8,43,0,118
2024,00-0038636,SEA,redZone,0,0,0,4,4,0,60
2024,00-0039737,ARI,earlyDown,4,3,22,0,0,0,131
2024,00-0038636,SEA,earlyAndLong,3,2,7,15,109,0,531
2024,00-0038122,LV,earlyAndLong,0,0,0,4,25,0,516
2024,00-0039796,BAL,earlyAndLong,1,0,0,2,6,0,613
2024,00-0039796,BAL,earlyDown,1,0,0,2,-1,0,126
2024,00-0039796,BAL,redZone,0,0,0,3,10,0,90
2024,00-0036963,DET,fourthDown,4,4,42,0,0,0,24
2024,00-0036414,MIN,thirdAndShort,1,1,6,2,1,0,30
2024,00-0039032,TEN,goalLine,0,0,0,4,4,2,22
2024,00-0034208,CAR,earlyAndLong,0,0,0,3,21,0,468
2024,00-0034208,CAR,earlyDown,0,0,0,3,9,0,125
2024,00-0033589,CAR,insideTen,2,1,9,1,0,1,49
2024,00-0039299,SEA,chasingLate,0,0,0,3,10,0,47
2024,00-0039373,DEN,aheadLate,0,0,0,3,9,0,9
2024,00-0038583,CLE,earlyDown,0,0,0,3,11,0,114
2024,00-0033923,KC,aheadLate,0,0,0,4,30,0,9
2024,00-0037614,HOU,thirdAndShort,3,2,21,0,0,0,38
2024,00-0034054,MIA,thirdAndLong,4,3,28,0,0,0,90
2024,00-0033897,HOU,aheadLate,0,0,0,3,3,0,9
2024,00-0036972,JAX,thirdAndShort,0,0,0,5,11,0,38
2024,00-0031941,WAS,thirdAndLong,7,7,65,0,0,0,91
2024,00-0036924,ARI,earlyAndLong,6,6,34,19,80,0,515
2024,00-0037429,CAR,earlyAndLong,0,0,0,11,57,0,468
2024,00-0036924,ARI,chasingLate,3,3,16,1,13,0,49
2024,00-0039573,DEN,earlyDown,0,0,0,3,11,0,148
2024,00-0035662,KC,thirdAndLong,3,1,20,0,0,0,93
2024,00-0035662,KC,earlyAndLong,14,7,69,0,0,0,587
2024,00-0033857,KC,thirdAndLong,3,1,5,0,0,0,93
2024,00-0035662,KC,redZone,4,2,9,0,0,0,121
2024,00-0033110,LA,redZone,6,4,23,0,0,1,106
2024,00-0035208,WAS,insideTen,4,2,11,0,0,2,85
2024,00-0037228,PIT,chasingLate,0,0,0,3,7,0,29
2024,00-0039916,SF,thirdAndMedium,3,3,33,0,0,0,55
2024,00-0036259,SF,chasingLate,6,4,47,0,0,0,32
2024,00-0035973,SF,chasingLate,1,0,0,2,13,0,32
2024,00-0036223,IND,aheadLate,0,0,0,5,8,0,6
2024,00-0036924,ARI,earlyDown,0,0,0,6,21,0,131
2024,00-0036924,ARI,redZone,2,2,7,4,9,0,85
2024,00-0038454,BAL,earlyDown,0,0,0,3,13,0,126
2024,00-0038454,BAL,earlyAndLong,1,1,28,9,9,0,613
2024,00-0037258,HOU,chasingLate,0,0,0,4,12,0,24
2024,00-0036906,CIN,redZone,2,2,4,2,5,0,87
2024,00-0037091,GB,chasingLate,3,2,20,0,0,0,23
2024,00-0035662,KC,earlyDown,3,1,12,0,0,0,165
2024,00-0037617,LAC,insideTen,0,0,0,5,12,0,55
2024,00-0036360,NO,earlyAndLong,2,1,2,9,28,0,502
2024,00-0036360,NO,earlyDown,0,0,0,4,18,0,132
2024,00-0036182,TEN,chasingLate,3,2,28,0,0,0,54
2024,00-0039617,CLE,earlyAndLong,1,1,15,4,21,0,561
2024,00-0032764,BAL,aheadLate,0,0,0,3,19,0,13
2024,00-0036554,HOU,thirdAndShort,4,4,53,0,0,0,38
2024,00-0037258,HOU,aheadLate,0,0,0,6,41,0,9
2024,00-0038519,KC,earlyAndLong,3,1,25,0,0,0,587
2024,00-0039244,LV,earlyAndLong,1,0,0,2,6,0,516
2024,00-0033110,LA,insideTen,4,2,10,0,0,2,72
2024,00-0033110,LA,earlyAndLong,7,5,64,0,0,0,566
2024,00-0033110,LA,chasingLate,3,3,15,0,0,0,40
2024,00-0033949,SF,earlyAndLong,0,0,0,4,8,0,505
2025,00-0033553,ARI,earlyAndLong,7,6,29,18,66,0,545
2025,00-0037744,ARI,earlyDown,19,17,161,0,0,0,114
2025,00-0039921,ARI,thirdAndLong,2,1,5,3,19,0,100
2025,00-0033906,NO,earlyAndLong,21,18,102,79,282,0,534
2025,00-0037545,NO,earlyDown,7,4,63,0,0,0,130
2025,00-0037744,ARI,earlyAndLong,87,66,649,0,0,0,545
2025,00-0038559,ARI,thirdAndMedium,19,14,199,0,0,1,57
2025,00-0038559,ARI,thirdAndLong,14,4,30,0,0,0,100
2025,00-0036040,NO,earlyAndLong,46,36,403,0,0,0,534
2025,00-0039376,NO,earlyAndLong,1,1,0,15,77,0,534
2025,00-0037239,NO,earlyAndLong,77,51,591,0,0,1,534
2025,00-0038551,NO,earlyAndLong,4,4,28,32,116,0,534
2025,00-0033906,NO,earlyDown,2,2,1,24,108,0,130
2025,00-0031236,NO,earlyAndLong,19,11,148,0,0,0,534
2025,00-0033906,NO,redZone,3,2,2,9,47,1,76
2025,00-0039921,ARI,earlyAndLong,9,8,30,20,126,0,545
2025,00-0039849,ARI,earlyDown,7,4,92,0,0,0,114
2025,00-0039921,ARI,redZone,2,1,6,1,4,0,91
2025,00-0040202,NO,earlyAndLong,9,8,32,34,138,0,534
2025,00-0037239,NO,earlyDown,18,10,97,1,-3,0,130
2025,00-0037239,NO,thirdAndMedium,14,11,137,0,0,2,63
2025,00-0036040,NO,earlyDown,12,10,90,0,0,0,130
2025,00-0037239,NO,thirdAndLong,19,12,151,0,0,1,84
2025,00-0037744,ARI,thirdAndLong,15,12,158,0,0,0,100
2025,00-0035228,ARI,earlyAndLong,0,0,0,18,94,0,545
2025,00-0039849,ARI,earlyAndLong,35,18,256,0,0,0,545
2025,00-0037744,ARI,insideTen,7,3,18,0,0,1,53
2025,00-0037545,NO,earlyAndLong,50,32,437,11,82,1,534
2025,00-0038559,ARI,earlyAndLong,51,38,478,0,0,1,545
2025,00-0035500,ARI,thirdAndLong,9,8,75,0,0,1,100
2025,00-0036040,NO,thirdAndLong,12,10,144,0,0,1,84
2025,00-0033906,NO,thirdAndShort,0,0,0,4,6,0,42
2025,00-0037545,NO,redZone,8,5,29,1,0,0,76
2025,00-0033553,ARI,earlyDown,1,1,5,5,11,0,114
2025,00-0039849,ARI,thirdAndLong,11,7,140,0,0,0,100
2025,00-0039737,ARI,earlyAndLong,5,3,18,0,0,0,545
2025,00-0031236,NO,thirdAndLong,9,5,53,0,0,0,84
2025,00-0033891,ARI,earlyDown,4,4,40,0,0,0,114
2025,00-0037744,ARI,thirdAndMedium,8,5,56,0,0,0,57
2025,00-0037545,NO,chasingLate,9,8,67,0,0,0,51
2025,00-0039424,NO,chasingLate,8,5,51,0,0,0,51
2025,00-0039376,NO,redZone,0,0,0,4,31,0,76
2025,00-0039424,NO,goalLine,3,1,3,0,0,1,19
2025,00-0039041,ARI,earlyDown,7,7,62,0,0,0,114
2025,00-0037239,NO,chasingLate,9,7,72,0,0,0,51
2025,00-0036040,NO,chasingLate,8,5,40,0,0,0,51
2025,00-0037545,NO,fourthDown,4,2,14,0,0,0,29
2025,00-0036040,NO,redZone,7,5,40,0,0,2,76
2025,00-0037239,NO,redZone,11,6,81,0,0,4,76
2025,00-0035689,BUF,earlyAndLong,27,22,297,0,0,0,555
2025,00-0037248,BUF,earlyDown,9,5,52,53,389,2,160
2025,00-0034857,BUF,earlyAndLong,0,0,0,33,217,1,555
2025,00-0037261,BUF,earlyDown,19,16,173,0,0,2,160
2025,00-0035537,BUF,thirdAndShort,2,2,7,6,54,0,42
2025,00-0039875,BUF,redZone,2,2,15,4,17,1,108
2025,00-0038933,BUF,redZone,6,5,83,0,0,4,108
2025,00-0032764,BAL,earlyAndLong,18,13,137,157,1017,4,451
2025,00-0032764,BAL,earlyDown,0,0,0,61,294,0,113
2025,00-0034975,BAL,thirdAndMedium,4,2,8,0,0,0,59
2025,00-0034753,BAL,earlyAndLong,34,25,229,0,0,0,451
2025,00-0034796,BAL,thirdAndMedium,0,0,0,8,75,0,59
2025,00-0034975,BAL,earlyAndLong,9,7,52,8,20,0,451
2025,00-0039064,BAL,earlyAndLong,67,50,748,6,28,2,451
2025,00-0037248,BUF,earlyAndLong,30,25,163,213,1142,3,555
2025,00-0037248,BUF,thirdAndShort,0,0,0,8,59,1,42
2025,00-0036550,BAL,earlyAndLong,15,10,142,0,0,0,451
2025,00-0039901,BUF,earlyAndLong,27,18,257,0,0,1,555
2025,00-0036988,BUF,earlyAndLong,16,9,132,0,0,0,555
2025,00-0038933,BUF,thirdAndMedium,7,6,77,0,0,0,58
2025,00-0039796,BAL,redZone,1,1,5,2,7,0,91
2025,00-0034796,BAL,insideTen,0,0,0,5,28,2,49
2025,00-0035537,BUF,earlyAndLong,11,9,55,13,50,0,555
2025,00-0036980,BUF,earlyDown,2,0,0,3,18,0,160
2025,00-0039901,BUF,thirdAndLong,5,2,24,0,0,0,84
2025,00-0037248,BUF,redZone,2,2,5,34,103,1,108
2025,00-0037261,BUF,redZone,13,10,71,0,0,2,108
2025,00-0039901,BUF,redZone,4,1,12,0,0,0,108
2025,00-0037261,BUF,insideTen,5,4,8,0,0,0,64
2025,00-0039064,BAL,thirdAndMedium,10,8,141,0,0,1,59
2025,00-0034975,BAL,redZone,1,1,11,2,-11,1,91
2025,00-0034796,BAL,thirdAndLong,0,0,0,7,53,0,71
2025,00-0037261,BUF,earlyAndLong,41,35,320,1,5,0,555
2025,00-0038933,BUF,earlyAndLong,26,22,341,0,0,1,555
2025,00-0039064,BAL,thirdAndLong,16,10,160,0,0,0,71
2025,00-0034857,BUF,thirdAndShort,0,0,0,16,56,0,42
2025,00-0036980,BUF,thirdAndLong,7,4,52,0,0,0,84
2025,00-0034857,BUF,insideTen,0,0,0,10,46,4,64
2025,00-0037248,BUF,goalLine,0,0,0,14,10,6,56
2025,00-0039901,BUF,goalLine,6,2,3,0,0,2,56
2025,00-0036550,BAL,thirdAndLong,6,1,20,0,0,0,71
2025,00-0039875,BUF,earlyAndLong,7,4,32,33,190,0,555
2025,00-0037261,BUF,thirdAndLong,14,10,122,0,0,0,84
2025,00-0030564,BAL,earlyDown,4,3,83,0,0,1,113
2025,00-0036988,BUF,earlyDown,6,5,56,0,0,0,160
2025,00-0039901,BUF,earlyDown,11,7,60,0,0,0,160
2025,00-0037248,BUF,thirdAndMedium,3,3,89,2,8,0,58
2025,00-0034857,BUF,goalLine,0,0,0,15,18,11,56
2025,00-0036988,BUF,redZone,4,2,13,0,0,0,108
2025,00-0035537,BUF,redZone,3,1,7,8,43,0,108
2025,00-0039901,BUF,insideTen,4,4,32,0,0,2,64
2025,00-0032764,BAL,aheadLate,0,0,0,7,35,1,15
2025,00-0030564,BAL,thirdAndLong,6,4,58,0,0,0,71
2025,00-0037261,BUF,chasingLate,6,4,29,0,0,0,42
2025,00-0039901,BUF,chasingLate,5,3,44,0,0,0,42
2025,00-0039893,JAX,earlyAndLong,50,27,389,1,5,1,555
2025,00-0038935,JAX,earlyAndLong,36,28,368,0,0,1,555
2025,00-0036973,JAX,thirdAndShort,1,0,0,7,29,0,28
2025,00-0036626,JAX,fourthDown,1,0,0,2,11,0,18
2025,00-0040718,JAX,earlyAndLong,25,16,180,0,0,0,555
2025,00-0038935,JAX,thirdAndLong,9,6,70,0,0,0,91
2025,00-0036973,JAX,earlyAndLong,30,21,172,160,767,3,555
2025,00-0040238,JAX,thirdAndLong,7,6,37,2,8,0,91
2025,00-0036555,CAR,earlyAndLong,20,14,108,77,316,1,509
2025,00-0036555,CAR,earlyDown,6,6,60,28,85,0,148
2025,00-0037005,CAR,earlyDown,9,7,52,0,0,0,148
2025,00-0036555,CAR,thirdAndShort,2,1,-2,5,14,0,28
2025,00-0040124,CAR,earlyAndLong,53,33,536,0,0,1,509
2025,00-0040124,CAR,thirdAndLong,22,9,118,0,0,0,84
2025,00-0034983,CAR,thirdAndMedium,6,3,16,0,0,0,66
2025,00-0036973,JAX,earlyDown,11,8,51,39,179,0,130
2025,00-0039342,CAR,earlyDown,10,2,20,0,0,0,148
2025,00-0036626,JAX,earlyDown,3,1,6,0,0,0,130
2025,00-0040238,JAX,thirdAndMedium,0,0,0,4,23,0,59
2025,00-0036973,JAX,redZone,5,5,67,30,98,5,119
2025,00-0036971,JAX,redZone,0,0,0,10,63,1,119
2025,00-0037004,JAX,insideTen,3,2,10,0,0,2,72
2025,00-0040124,CAR,thirdAndMedium,14,7,53,0,0,0,66
2025,00-0039356,CAR,earlyAndLong,14,13,79,0,0,0,509
2025,00-0039342,CAR,earlyAndLong,27,17,144,1,0,1,509
2025,00-0039150,CAR,thirdAndLong,0,0,0,6,60,0,84
2025,00-0034983,CAR,earlyAndLong,7,3,21,0,0,0,509
2025,00-0040719,JAX,redZone,1,1,16,18,74,1,119
2025,00-0039893,JAX,insideTen,5,1,4,1,9,2,72
2025,00-0036626,JAX,earlyAndLong,16,9,123,3,15,0,555
2025,00-0039150,CAR,earlyAndLong,0,0,0,13,66,0,509
2025,00-0036555,CAR,redZone,2,1,1,13,60,0,89
2025,00-0036555,CAR,insideTen,3,2,2,6,-1,1,51
2025,00-0039893,JAX,earlyDown,12,8,109,1,7,0,130
2025,00-0039893,JAX,thirdAndLong,11,6,139,0,0,0,91
2025,00-0040644,CAR,earlyAndLong,2,2,6,11,60,0,509
2025,00-0036139,CAR,earlyDown,9,9,85,39,158,0,148
2025,00-0036139,CAR,earlyAndLong,27,22,157,148,758,1,509
2025,00-0038555,JAX,earlyAndLong,1,1,-1,35,231,0,555
2025,00-0036139,CAR,thirdAndMedium,2,2,-1,4,40,0,66
2025,00-0040124,CAR,fourthDown,10,7,164,0,0,1,36
2025,00-0036971,JAX,earlyAndLong,0,0,0,20,119,0,555
2025,00-0033246,JAX,earlyAndLong,11,5,51,0,0,0,555
2025,00-0040718,JAX,thirdAndLong,7,4,45,0,0,0,91
2025,00-0040719,JAX,earlyAndLong,8,7,53,40,192,0,555
2025,00-0038555,JAX,redZone,1,1,2,10,33,0,119
2025,00-0036139,CAR,chasingLate,4,2,31,1,3,0,28
2025,00-0035644,CIN,earlyAndLong,27,22,206,0,0,0,508
2025,00-0038597,CIN,earlyAndLong,48,41,200,145,698,0,508
2025,00-0038597,CIN,earlyDown,9,8,54,36,143,0,126
2025,00-0038597,CIN,thirdAndShort,2,0,0,8,26,0,40
2025,00-0036410,CIN,thirdAndMedium,10,9,158,0,0,2,59
2025,00-0036900,CIN,earlyDown,24,18,220,0,0,0,126
2025,00-0038597,CIN,redZone,5,4,35,18,80,2,74
2025,00-0038597,CIN,insideTen,6,4,28,12,34,7,49
2025,00-0040162,CLE,earlyAndLong,22,19,90,37,119,0,517
2025,00-0040663,CLE,earlyDown,9,4,49,0,0,0,112
2025,00-0040782,CLE,earlyAndLong,13,7,128,4,20,0,517
2025,00-0037267,CLE,earlyDown,2,2,1,3,17,0,112
2025,00-0037267,CLE,thirdAndMedium,2,1,9,2,2,0,58
2025,00-0038979,CLE,earlyAndLong,18,8,119,0,0,0,517
2025,00-0040162,CLE,earlyDown,4,4,24,12,29,0,112
2025,00-0040663,CLE,earlyAndLong,54,39,394,2,5,2,517
2025,00-0040162,CLE,redZone,4,3,23,6,6,0,66
2025,00-0037267,CLE,insideTen,0,0,0,3,6,0,38
2025,00-0040466,CLE,goalLine,0,0,0,3,1,1,25
2025,00-0034829,CIN,thirdAndLong,3,3,41,0,0,0,91
2025,00-0033526,CIN,earlyAndLong,7,7,25,30,219,1,508
2025,00-0036900,CIN,earlyAndLong,89,57,564,3,14,0,508
2025,00-0033885,CLE,thirdAndLong,9,6,72,0,0,0,117
2025,00-0033526,CIN,thirdAndShort,1,1,5,12,24,0,40
2025,00-0034829,CIN,goalLine,4,1,2,0,0,0,28
2025,00-0038597,CIN,goalLine,1,0,0,7,2,2,28
2025,00-0033885,CLE,earlyAndLong,22,17,148,0,0,0,517
2025,00-0036407,CLE,earlyAndLong,53,28,370,0,0,2,517
2025,00-0026158,CLE,thirdAndShort,0,0,0,3,7,0,33
2025,00-0038979,CLE,earlyDown,3,3,19,0,0,0,112
2025,00-0040663,CLE,thirdAndMedium,7,3,26,0,0,0,58
2025,00-0038979,CLE,thirdAndLong,6,3,44,0,0,0,117
2025,00-0037267,CLE,earlyAndLong,14,11,41,10,21,0,517
2025,00-0040162,CLE,thirdAndShort,1,1,5,3,7,0,33
2025,00-0040162,CLE,insideTen,2,1,8,1,4,1,38
2025,00-0036900,CIN,thirdAndShort,4,2,21,0,0,0,40
2025,00-0035631,CIN,earlyAndLong,11,6,15,1,3,0,508
2025,00-0036410,CIN,thirdAndLong,17,8,121,0,0,0,91
2025,00-0034829,CIN,redZone,3,2,29,0,0,2,74
2025,00-0038979,CLE,thirdAndMedium,5,2,48,0,0,0,58
2025,00-0036407,CLE,fourthDown,4,0,0,1,5,0,20
2025,00-0036410,CIN,earlyAndLong,33,20,290,0,0,2,508
2025,00-0036900,CIN,thirdAndLong,23,15,242,0,0,1,91
2025,00-0036407,CLE,thirdAndLong,22,9,89,0,0,0,117
2025,00-0036407,CLE,thirdAndMedium,9,7,87,0,0,0,58
2025,00-0040663,CLE,redZone,7,5,40,1,1,2,66
2025,00-0038597,CIN,thirdAndLong,3,2,15,2,3,0,91
2025,00-0039379,CLE,chasingLate,3,2,28,0,0,0,39
2025,00-0036997,DAL,earlyAndLong,21,18,76,137,787,1,525
2025,00-0037801,DAL,earlyDown,5,3,35,3,16,0,153
2025,00-0037247,DAL,earlyAndLong,62,44,700,0,0,2,525
2025,00-0036997,DAL,earlyDown,7,4,14,47,204,0,153
2025,00-0036358,DAL,thirdAndShort,5,4,85,0,0,0,35
2025,00-0036997,DAL,goalLine,1,1,3,15,14,9,38
2025,00-0034351,PHI,earlyAndLong,38,25,276,0,0,1,531
2025,00-0034844,PHI,earlyDown,5,4,78,45,217,1,137
2025,00-0036389,PHI,earlyAndLong,0,0,0,31,144,0,531
2025,00-0039746,PHI,earlyDown,0,0,0,4,13,0,137
2025,00-0039746,PHI,earlyAndLong,3,2,7,6,19,0,531
2025,00-0034844,PHI,insideTen,2,2,14,22,40,3,50
2025,00-0034844,PHI,goalLine,2,0,0,7,3,1,31
2025,00-0036389,PHI,insideTen,0,0,0,4,27,3,50
2025,00-0036358,DAL,earlyDown,18,13,185,0,0,0,153
2025,00-0035243,DAL,earlyAndLong,6,6,24,8,67,0,525
2025,00-0037666,DAL,redZone,3,0,0,0,0,0,100
2025,00-0036997,DAL,redZone,7,5,18,26,116,0,100
2025,00-0034844,PHI,earlyAndLong,33,23,134,196,835,1,531
2025,00-0036912,PHI,earlyDown,15,9,161,0,0,1,137
2025,00-0034351,PHI,earlyDown,12,9,118,0,0,0,137
2025,00-0034351,PHI,thirdAndMedium,4,2,15,0,0,0,55
2025,00-0036876,PHI,earlyAndLong,3,3,19,0,0,0,531
2025,00-0036389,PHI,thirdAndMedium,0,0,0,6,45,0,55
2025,00-0038041,DAL,earlyAndLong,46,40,297,0,0,1,525
2025,00-0033077,DAL,earlyAndLong,0,0,0,20,117,0,525
2025,00-0036997,DAL,thirdAndShort,1,0,0,8,21,0,35
2025,00-0036358,DAL,earlyAndLong,50,34,519,1,2,1,525
2025,00-0037247,DAL,thirdAndLong,9,3,65,0,0,0,74
2025,00-0037741,PHI,thirdAndMedium,5,2,91,0,0,1,55
2025,00-0034844,PHI,redZone,4,3,8,20,52,2,84
2025,00-0036389,PHI,redZone,0,0,0,12,34,0,84
2025,00-0037666,DAL,earlyDown,4,3,38,0,0,0,153
2025,00-0037247,DAL,thirdAndMedium,18,15,226,0,0,0,57
2025,00-0036912,PHI,earlyAndLong,54,39,413,0,0,1,531
2025,00-0036265,PHI,earlyAndLong,2,2,18,6,30,0,531
2025,00-0037741,PHI,thirdAndLong,4,3,24,0,0,0,112
2025,00-0039530,DAL,earlyAndLong,9,6,75,0,0,0,525
2025,00-0035243,DAL,redZone,1,1,3,3,7,0,100
2025,00-0036389,PHI,thirdAndLong,0,0,0,11,69,0,112
2025,00-0038041,DAL,earlyDown,7,6,28,1,1,0,153
2025,00-0036358,DAL,thirdAndLong,11,7,78,0,0,0,74
2025,00-0036389,PHI,thirdAndShort,0,0,0,9,12,0,21
2025,00-0034351,PHI,thirdAndLong,11,8,63,0,0,0,112
2025,00-0037801,DAL,earlyAndLong,18,14,196,14,73,0,525
2025,00-0036997,DAL,thirdAndLong,5,3,10,1,5,0,74
2025,00-0038041,DAL,chasingLate,6,4,45,0,0,0,35
2025,00-0036358,DAL,chasingLate,6,3,36,0,0,0,35
2025,00-0036358,DAL,fourthDown,3,1,17,0,0,0,23
2025,00-0035676,PHI,earlyAndLong,60,35,458,0,0,2,531
2025,00-0035700,GB,earlyAndLong,30,26,212,128,518,1,500
2025,00-0037816,GB,earlyAndLong,40,27,481,0,0,0,500
2025,00-0038996,GB,earlyAndLong,14,12,164,1,3,0,500
2025,00-0038393,GB,thirdAndLong,7,3,40,0,0,0,82
2025,00-0037306,GB,earlyAndLong,9,8,52,0,0,0,500
2025,00-0040667,GB,thirdAndMedium,3,3,48,0,0,0,50
2025,00-0040009,GB,redZone,3,3,11,1,0,0,100
2025,00-0037816,GB,redZone,9,5,36,0,0,1,100
2025,00-0038996,GB,redZone,9,6,87,0,0,3,100
2025,00-0039139,DET,earlyAndLong,49,40,241,129,679,2,503
2025,00-0039139,DET,thirdAndLong,14,11,94,2,6,0,88
2025,00-0039146,GB,earlyAndLong,13,11,59,4,42,0,500
2025,00-0038685,GB,redZone,3,1,2,2,4,0,100
2025,00-0039139,DET,earlyDown,8,7,125,39,313,2,120
2025,00-0035685,DET,earlyAndLong,21,19,155,78,480,2,503
2025,00-0036963,DET,earlyAndLong,70,49,714,1,2,0,503
2025,00-0035685,DET,earlyDown,1,1,13,26,98,0,120
2025,00-0035685,DET,thirdAndShort,2,2,13,5,16,0,35
2025,00-0037240,DET,earlyAndLong,50,35,615,4,8,2,503
2025,00-0036963,DET,thirdAndMedium,13,9,129,1,6,0,50
2025,00-0039139,DET,redZone,11,8,89,30,121,5,95
2025,00-0039065,DET,redZone,3,1,8,0,0,0,95
2025,00-0039146,GB,redZone,5,5,50,0,0,2,100
2025,00-0039065,DET,earlyAndLong,17,17,208,0,0,0,503
2025,00-0037240,DET,thirdAndMedium,10,7,117,0,0,2,50
2025,00-0037240,DET,fourthDown,5,2,16,0,0,0,20
2025,00-0035685,DET,redZone,2,1,7,10,39,0,95
2025,00-0036963,DET,redZone,14,9,80,1,1,3,95
2025,00-0040667,GB,earlyAndLong,27,17,188,3,13,1,500
2025,00-0039144,GB,earlyDown,3,3,24,0,0,0,128
2025,00-0035700,GB,thirdAndShort,0,0,0,19,88,0,49
2025,00-0039065,DET,earlyDown,7,5,74,0,0,0,120
2025,00-0039065,DET,thirdAndMedium,5,3,34,0,0,0,50
2025,00-0036963,DET,insideTen,17,10,55,0,0,6,70
2025,00-0039139,DET,insideTen,3,3,17,18,47,6,70
2025,00-0035700,GB,earlyDown,2,2,7,37,173,0,128
2025,00-0032464,DET,earlyDown,5,5,83,1,10,0,120
2025,00-0038393,GB,earlyAndLong,19,13,149,0,0,0,500
2025,00-0038996,GB,earlyDown,6,3,63,0,0,0,128
2025,00-0038685,GB,earlyDown,1,1,5,5,11,0,128
2025,00-0035685,DET,thirdAndLong,3,1,4,4,13,0,88
2025,00-0035700,GB,redZone,4,3,25,26,90,3,100
2025,00-0036264,GB,redZone,0,0,0,3,21,0,100
2025,00-0035700,GB,insideTen,2,2,4,15,53,2,51
2025,00-0036264,GB,insideTen,0,0,0,3,4,0,51
2025,00-0035700,GB,goalLine,0,0,0,17,21,8,31
2025,00-0032464,DET,earlyAndLong,15,12,129,1,9,0,503
2025,00-0039065,DET,thirdAndLong,6,5,51,0,0,0,88
2025,00-0036963,DET,chasingLate,11,9,103,0,0,0,35
2025,00-0039065,DET,chasingLate,3,3,27,0,0,0,35
2025,00-0039139,DET,chasingLate,5,5,37,3,-3,0,35
2025,00-0037240,DET,redZone,5,2,16,0,0,1,95
2025,00-0040669,DET,redZone,8,6,85,0,0,5,95
2025,00-0038797,GB,aheadLate,0,0,0,3,9,0,9
2025,00-0034791,HOU,earlyAndLong,15,10,58,83,335,1,613
2025,00-0036554,HOU,earlyAndLong,61,34,650,1,8,3,613
2025,00-0033854,HOU,thirdAndLong,5,4,25,2,4,0,108
2025,00-0039075,LA,earlyAndLong,100,80,1165,8,44,6,607
2025,00-0037840,LA,earlyDown,8,4,37,51,257,0,180
2025,00-0031381,LA,thirdAndShort,6,3,13,0,0,0,45
2025,00-0037840,LA,earlyAndLong,28,23,157,146,778,0,607
2025,00-0039075,LA,thirdAndLong,21,9,125,0,0,0,74
2025,00-0039359,HOU,earlyAndLong,12,8,47,0,0,0,613
2025,00-0039163,HOU,thirdAndMedium,0,0,0,4,54,0,69
2025,00-0037258,HOU,earlyAndLong,1,0,0,10,21,0,613
2025,00-0034383,HOU,earlyAndLong,56,45,425,0,0,0,613
2025,00-0040130,HOU,earlyAndLong,39,24,264,0,0,0,613
2025,00-0034791,HOU,earlyDown,4,2,9,20,103,0,155
2025,00-0034383,HOU,thirdAndLong,18,15,218,0,0,0,108
2025,00-0040583,HOU,earlyAndLong,17,12,54,140,515,0,613
2025,00-0031381,LA,earlyAndLong,52,31,512,0,0,2,607
2025,00-0036244,LA,earlyAndLong,32,26,337,0,0,2,607
2025,00-0040138,HOU,thirdAndLong,4,3,24,0,0,0,108
2025,00-0033854,HOU,thirdAndMedium,2,1,2,1,2,0,69
2025,00-0039163,HOU,redZone,0,0,0,3,6,0,98
2025,00-0036554,HOU,redZone,9,4,34,0,0,0,98
2025,00-0039075,LA,earlyDown,22,17,270,1,11,0,180
2025,00-0037840,LA,goalLine,0,0,0,13,14,7,44
2025,00-0039163,HOU,earlyAndLong,0,0,0,14,71,0,613
2025,00-0038618,HOU,earlyDown,9,5,67,2,13,0,155
2025,00-0040138,HOU,earlyAndLong,15,11,195,2,7,1,613
2025,00-0038359,LA,earlyAndLong,11,8,153,0,0,0,607
2025,00-0039074,LA,redZone,3,3,25,0,0,1,108
2025,00-0039359,HOU,earlyDown,3,2,18,0,0,0,155
2025,00-0037840,LA,thirdAndLong,3,2,16,6,29,0,74
2025,00-0040130,HOU,thirdAndLong,8,7,68,0,0,0,108
2025,00-0036849,LA,earlyAndLong,8,5,154,0,0,1,607
2025,00-0039738,LA,earlyAndLong,15,11,51,103,593,1,607
2025,00-0031381,LA,earlyDown,16,11,182,0,0,0,180
2025,00-0031381,LA,thirdAndMedium,13,3,48,0,0,0,63
2025,00-0038618,HOU,earlyAndLong,44,24,299,0,0,0,613
2025,00-0039074,LA,earlyDown,10,8,46,0,0,0,180
2025,00-0037840,LA,redZone,9,7,56,27,83,2,108
2025,00-0036244,LA,redZone,14,10,104,0,0,3,108
2025,00-0034791,HOU,chasingLate,0,0,0,6,55,1,25
2025,00-0034383,HOU,chasingLate,3,1,7,0,0,0,25
2025,00-0037197,KC,earlyAndLong,15,12,40,68,295,0,496
2025,00-0039894,KC,earlyDown,5,4,51,2,17,0,126
2025,00-0039894,KC,thirdAndMedium,5,1,42,0,0,0,50
2025,00-0036355,LAC,earlyAndLong,0,0,0,28,204,0,546
2025,00-0038544,LAC,earlyDown,9,6,114,0,0,1,146
2025,00-0039915,LAC,earlyAndLong,55,41,504,0,0,2,546
2025,00-0040666,LAC,redZone,1,1,4,11,55,0,96
2025,00-0038544,LAC,insideTen,6,4,28,0,0,3,53
2025,00-0033873,KC,earlyAndLong,0,0,0,24,184,0,496
2025,00-0030506,KC,earlyAndLong,59,41,490,0,0,1,496
2025,00-0033857,KC,earlyAndLong,21,18,226,0,0,0,496
2025,00-0038104,KC,earlyAndLong,16,6,157,0,0,0,496
2025,00-0035662,KC,thirdAndLong,9,3,44,0,0,0,82
2025,00-0030279,LAC,earlyAndLong,46,32,284,0,0,0,546
2025,00-0040666,LAC,thirdAndShort,0,0,0,10,56,0,49
2025,00-0035662,KC,earlyAndLong,31,24,274,0,0,0,496
2025,00-0033923,KC,earlyAndLong,8,6,45,64,307,0,496
2025,00-0038104,KC,thirdAndLong,6,4,152,0,0,0,82
2025,00-0034270,LAC,earlyAndLong,3,3,53,0,0,0,546
2025,00-0040666,LAC,earlyAndLong,23,20,99,59,301,1,546
2025,00-0036893,LAC,earlyAndLong,3,3,25,8,45,0,546
2025,00-0040184,LAC,earlyAndLong,6,1,6,0,0,0,546
2025,00-0030279,LAC,thirdAndLong,21,11,122,0,0,0,93
2025,00-0037197,KC,earlyDown,6,4,37,25,87,0,126
2025,00-0038104,KC,thirdAndMedium,4,3,45,0,0,0,50
2025,00-0033923,KC,fourthDown,1,1,6,9,24,0,21
2025,00-0035662,KC,earlyDown,11,8,79,0,0,0,126
2025,00-0035662,KC,thirdAndShort,5,4,19,0,0,0,42
2025,00-0037197,KC,redZone,2,1,5,13,46,0,88
2025,00-0035662,KC,insideTen,7,5,33,0,0,3,68
2025,00-0030279,LAC,earlyDown,16,10,80,0,0,0,146
2025,00-0039915,LAC,thirdAndLong,11,5,51,0,0,0,93
2025,00-0030279,LAC,thirdAndMedium,23,19,199,0,0,0,70
2025,00-0040666,LAC,thirdAndLong,5,5,34,2,14,0,93
2025,00-0036637,KC,thirdAndLong,7,5,35,0,0,0,82
2025,00-0038544,LAC,thirdAndLong,8,5,146,0,0,0,93
2025,00-0033873,KC,thirdAndLong,0,0,0,6,69,0,82
2025,00-0033923,KC,thirdAndShort,0,0,0,19,75,0,42
2025,00-0033873,KC,redZone,0,0,0,10,78,3,88
2025,00-0038573,LAC,earlyAndLong,2,1,7,2,5,0,546
2025,00-0040666,LAC,earlyDown,4,4,29,24,56,0,146
2025,00-0038544,LAC,redZone,8,6,47,0,0,1,96
2025,00-0030279,LAC,redZone,9,5,54,0,0,2,96
2025,00-0033857,KC,thirdAndMedium,6,4,29,0,0,0,50
2025,00-0033873,KC,thirdAndMedium,1,1,-10,4,32,0,50
2025,00-0038544,LAC,earlyAndLong,47,28,338,2,7,3,546
2025,00-0040727,LAC,earlyDown,3,3,19,0,0,0,146
2025,00-0033923,KC,thirdAndLong,7,5,26,2,9,0,82
2025,00-0030506,KC,insideTen,4,2,14,1,1,1,68
2025,00-0034159,LAC,earlyAndLong,10,7,65,0,0,0,546
2025,00-0036355,LAC,thirdAndLong,0,0,0,8,135,0,93
2025,00-0039338,LV,earlyAndLong,36,27,371,2,2,0,452
2025,00-0040122,LV,earlyAndLong,41,32,184,161,634,1,452
2025,00-0040581,LV,earlyDown,5,1,9,0,0,0,105
2025,00-0038563,LV,earlyDown,12,6,61,2,9,0,105
2025,00-0038563,LV,thirdAndLong,8,8,174,0,0,1,89
2025,00-0039851,NE,earlyAndLong,0,0,0,41,354,0,619
2025,00-0036875,NE,earlyAndLong,24,21,220,98,446,1,619
2025,00-0038621,NE,thirdAndLong,11,7,185,0,0,0,111
2025,00-0034960,LV,thirdAndShort,5,5,49,0,0,0,43
2025,00-0034960,LV,earlyAndLong,55,40,483,3,8,0,452
2025,00-0038040,LV,earlyAndLong,3,3,18,5,13,0,452
2025,00-0040729,LV,thirdAndLong,7,3,39,0,0,0,89
2025,00-0039851,NE,earlyDown,0,0,0,16,56,0,181
2025,00-0036875,NE,earlyDown,4,3,11,37,228,0,181
2025,00-0033090,NE,earlyAndLong,42,27,462,0,0,3,619
2025,00-0038621,NE,earlyAndLong,27,20,193,5,8,1,619
2025,00-0038608,NE,thirdAndLong,9,7,135,0,0,0,111
2025,00-0040734,NE,earlyAndLong,32,28,177,120,712,4,619
2025,00-0036875,NE,insideTen,1,1,7,11,28,4,71
2025,00-0040122,LV,earlyDown,7,5,20,43,215,1,105
2025,00-0031588,NE,earlyAndLong,58,53,619,0,0,0,619
2025,00-0038608,NE,earlyAndLong,32,22,404,0,0,4,619
2025,00-0040734,NE,thirdAndShort,1,1,24,2,16,0,36
2025,00-0033090,NE,earlyDown,11,6,63,0,0,0,181
2025,00-0040734,NE,redZone,1,1,1,16,28,0,84
2025,00-0038621,NE,redZone,3,2,26,1,8,1,84
2025,00-0040734,NE,thirdAndLong,5,3,15,2,21,0,111
2025,00-0039338,LV,thirdAndMedium,10,5,37,0,0,0,53
2025,00-0036875,NE,thirdAndShort,2,1,7,10,44,0,36
2025,00-0031588,NE,thirdAndLong,19,14,173,0,0,0,111
2025,00-0034960,LV,thirdAndLong,14,8,90,0,0,0,89
2025,00-0039338,LV,earlyDown,6,6,23,0,0,0,105
2025,00-0030565,LV,earlyAndLong,0,0,0,12,47,0,452
2025,00-0038608,NE,earlyDown,10,7,96,0,0,0,181
2025,00-0031588,NE,earlyDown,9,6,57,0,0,0,181
2025,00-0040122,LV,redZone,7,6,22,18,53,1,67
2025,00-0039066,LV,insideTen,3,3,13,0,0,1,36
2025,00-0040122,LV,goalLine,0,0,0,8,0,2,14
2025,00-0040581,LV,thirdAndLong,4,1,36,0,0,0,89
2025,00-0040734,NE,earlyDown,2,2,2,42,124,0,181
2025,00-0039066,LV,earlyAndLong,19,11,119,0,0,0,452
2025,00-0039066,LV,thirdAndLong,10,9,87,0,0,0,89
2025,00-0031588,NE,thirdAndMedium,13,8,97,0,0,0,63
2025,00-0036328,NE,earlyAndLong,1,1,5,17,74,0,619
2025,00-0036328,NE,earlyDown,1,0,0,3,26,0,181
2025,00-0039851,NE,thirdAndLong,1,1,2,7,75,0,111
2025,00-0040122,LV,thirdAndShort,2,1,-7,10,17,0,43
2025,00-0038563,LV,earlyAndLong,51,31,301,8,33,0,452
2025,00-0034960,LV,thirdAndMedium,9,7,64,0,0,0,53
2025,00-0039066,LV,fourthDown,4,3,38,0,0,0,27
2025,00-0033555,NE,earlyAndLong,37,26,367,0,0,1,619
2025,00-0040122,LV,thirdAndLong,6,2,11,5,26,0,89
2025,00-0038608,NE,chasingLate,5,2,27,0,0,0,28
2025,00-0033090,NE,chasingLate,4,4,37,0,0,0,28
2025,00-0038621,NE,chasingLate,3,1,9,0,0,0,28
2025,00-0040128,IND,earlyAndLong,58,43,529,0,0,0,482
2025,00-0036252,IND,earlyAndLong,57,44,500,0,0,2,482
2025,00-0036223,IND,redZone,3,3,26,31,133,3,93
2025,00-0037664,IND,insideTen,4,1,8,0,0,1,64
2025,00-0035710,IND,insideTen,0,0,0,4,8,0,64
2025,00-0039040,MIA,earlyAndLong,44,37,249,149,911,3,462
2025,00-0033040,MIA,earlyDown,4,2,17,0,0,0,107
2025,00-0036613,MIA,earlyAndLong,55,38,599,1,7,3,462
2025,00-0033040,MIA,thirdAndLong,7,5,97,0,0,0,89
2025,00-0035710,IND,earlyAndLong,0,0,0,10,82,0,482
2025,00-0036223,IND,earlyDown,4,4,3,63,402,2,116
2025,00-0036223,IND,thirdAndMedium,2,2,9,4,15,0,50
2025,00-0036223,IND,earlyAndLong,39,31,251,149,770,2,482
2025,00-0038997,IND,earlyDown,6,4,45,0,0,0,116
2025,00-0035710,IND,redZone,0,0,0,6,15,0,93
2025,00-0039890,IND,earlyAndLong,27,16,212,1,-4,1,482
2025,00-0033217,IND,earlyAndLong,11,7,69,0,0,0,482
2025,00-0036223,IND,insideTen,1,1,7,23,58,4,64
2025,00-0036223,IND,goalLine,1,0,0,17,15,9,37
2025,00-0035710,IND,goalLine,0,0,0,6,7,5,37
2025,00-0035125,MIA,earlyAndLong,9,6,39,0,0,0,462
2025,00-0033040,MIA,earlyAndLong,11,9,112,0,0,0,462
2025,00-0039880,MIA,earlyAndLong,22,18,113,8,36,0,462
2025,00-0040128,IND,earlyDown,12,9,104,0,0,0,116
2025,00-0039890,IND,thirdAndMedium,11,5,107,0,0,0,50
2025,00-0037664,IND,earlyAndLong,46,29,593,0,0,1,482
2025,00-0036252,IND,thirdAndLong,13,11,96,0,0,0,75
2025,00-0040128,IND,thirdAndLong,6,5,40,0,0,0,75
2025,00-0039040,MIA,earlyDown,9,9,52,39,243,2,107
2025,00-0040198,MIA,thirdAndShort,0,0,0,9,11,0,21
2025,00-0039880,MIA,thirdAndMedium,9,4,52,1,1,0,48
2025,00-0040128,IND,redZone,10,7,50,0,0,2,93
2025,00-0040128,IND,insideTen,10,4,15,1,0,2,64
2025,00-0039880,MIA,earlyDown,6,3,46,3,33,0,107
2025,00-0039040,MIA,thirdAndMedium,4,1,24,2,28,0,48
2025,00-0040179,IND,earlyDown,0,0,0,5,27,0,116
2025,00-0038997,IND,thirdAndShort,4,2,10,0,0,0,30
2025,00-0040179,IND,earlyAndLong,1,0,0,13,49,0,482
2025,00-0040179,IND,redZone,0,0,0,4,11,0,93
2025,00-0035021,IND,redZone,1,1,-8,2,22,0,93
2025,00-0036613,MIA,earlyDown,9,6,64,1,21,0,107
2025,00-0036212,MIA,earlyAndLong,0,0,0,5,12,0,462
2025,00-0040198,MIA,insideTen,0,0,0,7,12,1,51
2025,00-0039040,MIA,redZone,6,3,29,21,68,2,75
2025,00-0040128,IND,thirdAndMedium,9,5,57,0,0,0,50
2025,00-0036620,MIA,chasingLate,3,2,48,0,0,0,44
2025,00-0036182,MIA,chasingLate,5,1,7,0,0,0,44
2025,00-0039880,MIA,chasingLate,3,2,16,2,20,0,44
2025,00-0039880,MIA,thirdAndLong,11,7,38,0,0,0,89
2025,00-0040198,MIA,chasingLate,2,2,0,1,2,0,44
2025,00-0033293,MIN,earlyAndLong,22,15,131,77,350,1,455
2025,00-0035249,MIN,earlyDown,7,6,51,0,0,0,115
2025,00-0036275,CHI,earlyAndLong,27,19,113,127,630,1,593
2025,00-0036275,CHI,earlyDown,5,4,27,44,242,0,146
2025,00-0040236,CHI,earlyDown,8,5,37,22,85,0,146
2025,00-0034827,CHI,earlyAndLong,48,32,444,11,51,2,593
2025,00-0039919,CHI,thirdAndMedium,8,5,62,0,0,0,73
2025,00-0035208,CHI,redZone,9,5,33,0,0,1,104
2025,00-0036275,CHI,insideTen,0,0,0,18,49,2,60
2025,00-0039918,CHI,insideTen,0,0,0,5,12,1,60
2025,00-0036322,MIN,earlyAndLong,67,46,547,2,7,0,455
2025,00-0033293,MIN,earlyDown,6,6,24,20,83,0,115
2025,00-0039918,CHI,earlyAndLong,1,1,20,26,201,0,593
2025,00-0040126,CHI,earlyAndLong,45,30,409,0,0,1,593
2025,00-0039919,CHI,thirdAndShort,5,3,24,0,0,0,40
2025,00-0037525,MIN,earlyAndLong,8,7,23,87,497,0,455
2025,00-0037525,MIN,earlyDown,3,3,15,28,117,0,115
2025,00-0039923,MIN,earlyAndLong,0,0,0,12,80,0,455
2025,00-0037525,MIN,redZone,1,1,1,20,93,1,84
2025,00-0036322,MIN,redZone,8,4,33,0,0,1,84
2025,00-0036275,CHI,thirdAndLong,5,5,60,6,31,0,100
2025,00-0034827,CHI,fourthDown,3,1,18,0,0,0,31
2025,00-0035229,MIN,earlyAndLong,32,28,248,0,0,0,455
2025,00-0036322,MIN,thirdAndMedium,10,5,61,0,0,0,43
2025,00-0039919,CHI,earlyAndLong,50,22,356,0,0,0,593
2025,00-0035208,CHI,earlyAndLong,32,18,141,3,25,0,593
2025,00-0039918,CHI,thirdAndLong,0,0,0,6,46,0,100
2025,00-0037291,MIN,earlyAndLong,18,9,141,1,15,0,455
2025,00-0037525,MIN,thirdAndLong,2,2,10,1,-2,0,80
2025,00-0035208,CHI,thirdAndMedium,9,6,52,0,0,0,73
2025,00-0036290,CHI,earlyAndLong,26,18,207,0,0,1,593
2025,00-0035208,CHI,thirdAndLong,11,8,65,0,0,0,100
2025,00-0036322,MIN,thirdAndLong,21,14,201,0,0,0,80
2025,00-0040735,CHI,earlyAndLong,37,29,466,4,-2,2,593
2025,00-0040126,CHI,thirdAndLong,11,11,142,0,0,0,100
2025,00-0030035,MIN,thirdAndShort,3,0,0,0,0,0,32
2025,00-0034827,CHI,earlyDown,10,6,82,2,10,0,146
2025,00-0039918,CHI,earlyDown,0,0,0,7,74,0,146
2025,00-0037291,MIN,redZone,6,3,43,0,0,1,84
2025,00-0039919,CHI,thirdAndLong,15,8,189,0,0,3,100
2025,00-0036322,MIN,earlyDown,15,10,134,0,0,0,115
2025,00-0036290,CHI,thirdAndLong,4,2,41,0,0,0,100
2025,00-0033293,MIN,thirdAndShort,0,0,0,6,18,0,32
2025,00-0036290,CHI,chasingLate,3,2,34,0,0,0,54
2025,00-0034827,CHI,chasingLate,6,3,87,0,0,1,54
2025,00-0036275,CHI,chasingLate,3,2,14,12,65,0,54
2025,00-0039918,CHI,redZone,0,0,0,11,60,1,104
2025,00-0039919,CHI,goalLine,4,2,3,0,0,2,44
2025,00-0039919,CHI,chasingLate,3,3,45,0,0,0,54
2025,00-0033699,WAS,earlyAndLong,4,3,22,8,31,0,482
2025,00-0039910,WAS,earlyDown,0,0,0,10,29,0,120
2025,00-0039910,WAS,thirdAndShort,0,0,0,4,12,0,26
2025,00-0035719,WAS,earlyDown,14,8,56,3,6,0,120
2025,00-0030061,WAS,thirdAndLong,10,4,37,0,0,0,80
2025,00-0039384,NYG,earlyAndLong,24,17,132,105,401,0,510
2025,00-0039337,NYG,earlyAndLong,22,13,183,0,0,1,510
2025,00-0038117,NYG,thirdAndLong,26,14,154,0,0,0,91
2025,00-0035719,WAS,earlyAndLong,46,36,357,10,53,0,482
2025,00-0039910,WAS,earlyAndLong,0,0,0,28,185,0,482
2025,00-0030061,WAS,insideTen,3,3,18,0,0,3,50
2025,00-0038117,NYG,thirdAndMedium,14,9,94,0,0,0,58
2025,00-0038117,NYG,earlyDown,11,7,100,0,0,0,135
2025,00-0040715,NYG,earlyAndLong,17,13,111,50,254,0,510
2025,00-0040715,NYG,earlyDown,3,3,21,23,77,0,135
2025,00-0039847,NYG,insideTen,3,0,0,0,0,0,52
2025,00-0040715,NYG,goalLine,0,0,0,8,3,3,40
2025,00-0040242,WAS,earlyAndLong,8,6,53,102,461,1,482
2025,00-0035659,WAS,thirdAndLong,8,5,96,0,0,0,80
2025,00-0035250,NYG,earlyAndLong,8,7,24,58,219,0,510
2025,00-0038117,NYG,thirdAndShort,3,2,54,0,0,1,31
2025,00-0035659,WAS,earlyAndLong,22,15,260,0,0,1,482
2025,00-0039910,WAS,thirdAndMedium,0,0,0,3,20,0,47
2025,00-0040242,WAS,redZone,1,1,11,11,73,2,66
2025,00-0040242,WAS,insideTen,0,0,0,14,37,3,50
2025,00-0039847,NYG,earlyAndLong,26,17,210,0,0,0,510
2025,00-0039384,NYG,earlyDown,2,1,6,39,214,1,135
2025,00-0040164,WAS,earlyAndLong,16,10,130,1,7,0,482
2025,00-0035719,WAS,thirdAndLong,12,8,134,0,0,0,80
2025,00-0033699,WAS,earlyDown,1,1,12,2,3,0,120
2025,00-0039910,WAS,redZone,0,0,0,4,24,0,66
2025,00-0033591,WAS,earlyAndLong,4,3,37,0,0,0,482
2025,00-0040242,WAS,earlyDown,3,2,4,31,152,0,120
2025,00-0030061,WAS,earlyAndLong,32,23,218,0,0,0,482
2025,00-0039847,NYG,thirdAndLong,17,11,170,0,0,1,91
2025,00-0035659,WAS,thirdAndMedium,8,4,20,0,0,0,47
2025,00-0029263,NYG,earlyAndLong,0,0,0,5,45,0,510
2025,00-0035535,NYG,earlyAndLong,34,24,399,0,0,1,510
2025,00-0039384,NYG,thirdAndLong,5,4,43,4,17,0,91
2025,00-0039384,NYG,thirdAndMedium,5,4,43,1,8,0,58
2025,00-0033955,WAS,earlyAndLong,11,10,61,19,55,0,482
2025,00-0035719,WAS,thirdAndMedium,5,3,27,0,0,0,47
2025,00-0035719,WAS,redZone,5,3,30,2,15,2,66
2025,00-0029263,NYG,redZone,0,0,0,4,13,0,93
2025,00-0038115,NYG,redZone,5,3,40,0,0,0,93
2025,00-0038117,NYG,goalLine,3,0,0,0,0,0,40
2025,00-0040242,WAS,aheadLate,0,0,0,5,70,0,13
2025,00-0033955,WAS,aheadLate,0,0,0,4,14,0,13
2025,00-0038120,NYJ,earlyAndLong,30,28,303,143,813,3,477
2025,00-0039794,NYJ,earlyDown,0,0,0,4,34,0,123
2025,00-0036945,NYJ,thirdAndShort,0,0,0,8,14,0,34
2025,00-0037740,NYJ,earlyAndLong,31,20,244,0,0,1,477
2025,00-0038120,NYJ,earlyDown,5,4,24,57,138,0,123
2025,00-0039794,NYJ,redZone,0,0,0,3,-1,0,71
2025,00-0039798,NYJ,redZone,1,1,9,8,31,0,71
2025,00-0036919,PIT,earlyAndLong,36,33,241,65,326,1,490
2025,00-0036894,PIT,thirdAndLong,8,7,85,0,0,0,97
2025,00-0037228,PIT,earlyAndLong,31,28,228,116,618,1,490
2025,00-0035640,PIT,earlyAndLong,57,33,529,1,6,2,490
2025,00-0035640,PIT,thirdAndLong,10,6,113,0,0,1,97
2025,00-0033858,PIT,earlyAndLong,26,16,60,7,53,0,490
2025,00-0036919,PIT,earlyDown,2,2,12,19,87,0,116
2025,00-0036945,NYJ,earlyAndLong,0,0,0,28,159,0,477
2025,00-0038120,NYJ,thirdAndShort,0,0,0,12,65,0,34
2025,00-0033858,PIT,thirdAndLong,8,7,62,0,0,0,97
2025,00-0037805,NYJ,thirdAndMedium,3,3,19,0,0,0,72
2025,00-0039794,NYJ,insideTen,2,1,5,3,13,1,42
2025,00-0036427,NYJ,thirdAndLong,4,3,79,0,0,0,89
2025,00-0037837,PIT,earlyAndLong,25,13,125,0,0,0,490
2025,00-0037228,PIT,goalLine,0,0,0,10,4,4,31
2025,00-0039798,NYJ,thirdAndLong,9,9,73,4,39,0,89
2025,00-0037228,PIT,earlyDown,3,3,30,48,244,1,116
2025,00-0036919,PIT,thirdAndMedium,7,6,26,3,8,0,55
2025,00-0037740,NYJ,thirdAndLong,11,4,31,0,0,0,89
2025,00-0036894,PIT,earlyAndLong,19,15,149,0,0,0,490
2025,00-0036919,PIT,thirdAndLong,18,13,98,1,8,0,97
2025,00-0039794,NYJ,earlyAndLong,1,1,12,6,23,0,477
2025,00-0036945,NYJ,goalLine,0,0,0,4,7,2,16
2025,00-0040142,PIT,earlyAndLong,2,1,9,18,47,0,490
2025,00-0035640,PIT,earlyDown,9,6,80,0,0,0,116
2025,00-0037228,PIT,redZone,1,0,0,18,57,0,79
2025,00-0037228,PIT,insideTen,4,4,20,13,29,1,60
2025,00-0037837,PIT,redZone,3,3,46,0,0,2,79
2025,00-0033943,NYJ,earlyAndLong,9,6,63,0,0,0,477
2025,00-0040736,NYJ,earlyAndLong,35,22,221,0,0,0,477
2025,00-0038120,NYJ,redZone,6,2,13,14,28,0,71
2025,00-0036945,NYJ,redZone,1,0,0,6,14,0,71
2025,00-0038120,NYJ,insideTen,3,0,0,8,14,1,42
2025,00-0036945,NYJ,insideTen,0,0,0,3,18,1,42
2025,00-0036945,NYJ,thirdAndMedium,0,0,0,5,24,0,72
2025,00-0036894,PIT,chasingLate,9,8,147,0,0,1,50
2025,00-0035640,PIT,chasingLate,4,2,19,0,0,0,50
2025,00-0037837,PIT,chasingLate,6,5,40,0,0,0,50
2025,00-0033858,PIT,chasingLate,3,3,8,0,0,0,50
2025,00-0037837,PIT,thirdAndLong,13,5,59,0,0,1,97
2025,00-0033943,NYJ,chasingLate,3,0,0,0,0,0,53
2025,00-0038120,NYJ,thirdAndMedium,3,1,2,3,12,0,72
2025,00-0038543,SEA,earlyAndLong,101,75,1181,7,36,3,610
2025,00-0038134,SEA,earlyAndLong,25,22,225,176,906,1,610
2025,00-0039793,SEA,thirdAndMedium,6,5,39,0,0,0,53
2025,00-0033280,SF,earlyAndLong,68,53,484,175,750,1,576
2025,00-0037834,SF,earlyDown,0,0,0,3,17,0,147
2025,00-0033288,SF,thirdAndMedium,5,3,25,0,0,0,69
2025,00-0033280,SF,earlyDown,18,13,97,55,243,0,147
2025,00-0039916,SF,thirdAndLong,8,8,120,0,0,0,76
2025,00-0039916,SF,earlyAndLong,27,18,229,1,-4,0,576
2025,00-0037746,SF,earlyAndLong,9,6,16,48,225,0,576
2025,00-0033288,SF,earlyDown,10,7,66,0,0,0,147
2025,00-0033280,SF,redZone,13,11,78,42,72,1,110
2025,00-0037834,SF,redZone,0,0,0,4,22,0,110
2025,00-0033288,SF,insideTen,4,3,15,0,0,2,64
2025,00-0039165,SEA,earlyAndLong,11,8,56,80,357,0,610
2025,00-0039165,SEA,earlyDown,4,4,54,30,145,0,132
2025,00-0038134,SEA,redZone,3,2,12,34,142,2,116
2025,00-0039793,SEA,redZone,9,9,108,1,2,3,116
2025,00-0039165,SEA,redZone,2,2,7,21,69,1,116
2025,00-0039165,SEA,insideTen,0,0,0,19,51,4,59
2025,00-0039165,SEA,goalLine,1,1,0,13,8,6,31
2025,00-0039793,SEA,earlyAndLong,37,29,273,0,0,1,610
2025,00-0038543,SEA,thirdAndLong,19,13,130,0,0,0,98
2025,00-0033280,SF,thirdAndLong,13,10,110,5,37,0,76
2025,00-0038134,SEA,earlyDown,6,5,60,43,165,0,132
2025,00-0038134,SEA,thirdAndLong,5,5,27,9,82,0,98
2025,00-0037746,SF,earlyDown,0,0,0,21,82,0,147
2025,00-0036259,SF,thirdAndLong,16,11,187,0,0,1,76
2025,00-0029892,SF,earlyAndLong,21,21,238,0,0,0,576
2025,00-0033280,SF,insideTen,11,9,52,24,49,9,64
2025,00-0036259,SF,insideTen,8,3,17,0,0,3,64
2025,00-0038543,SEA,earlyDown,22,17,261,0,0,0,132
2025,00-0033908,SEA,earlyAndLong,46,35,458,0,0,0,610
2025,00-0039165,SEA,thirdAndShort,0,0,0,11,41,1,42
2025,00-0034869,SEA,earlyAndLong,0,0,0,13,83,0,610
2025,00-0036259,SF,earlyDown,3,2,50,0,0,0,147
2025,00-0033280,SF,thirdAndShort,2,2,48,10,45,0,37
2025,00-0036259,SF,earlyAndLong,41,25,257,0,0,0,576
2025,00-0040739,SEA,earlyAndLong,12,8,117,0,0,1,610
2025,00-0033908,SEA,thirdAndMedium,7,6,108,0,0,0,53
2025,00-0036259,SF,redZone,11,7,65,0,0,3,110
2025,00-0038543,SEA,thirdAndMedium,15,10,220,0,0,1,53
2025,00-0034869,SEA,earlyDown,0,0,0,3,23,0,132
2025,00-0033908,SEA,thirdAndLong,14,7,72,0,0,0,98
2025,00-0033280,SF,chasingLate,8,8,98,0,0,0,30
2025,00-0037112,SF,insideTen,3,2,10,0,0,2,64
2025,00-0038543,SEA,chasingLate,5,4,76,0,0,0,15
2025,00-0038134,SEA,insideTen,1,1,5,9,26,2,59
2025,00-0038542,ATL,earlyAndLong,59,46,498,176,991,1,522
2025,00-0037263,ATL,earlyAndLong,11,10,71,65,263,0,522
2025,00-0038542,ATL,earlyDown,12,9,116,55,325,2,135
2025,00-0039361,TB,earlyAndLong,15,14,127,103,399,1,509
2025,00-0032385,TB,thirdAndLong,13,8,74,0,0,0,95
2025,00-0034407,ATL,thirdAndLong,3,2,21,0,0,0,84
2025,00-0037263,ATL,earlyDown,2,2,17,20,107,1,135
2025,00-0037238,ATL,thirdAndMedium,8,3,18,0,0,0,52
2025,00-0034855,TB,thirdAndLong,0,0,0,13,133,0,95
2025,00-0040129,TB,earlyAndLong,62,36,505,1,9,2,509
2025,00-0032385,TB,thirdAndShort,3,2,15,0,0,0,41
2025,00-0031408,TB,earlyDown,4,2,19,0,0,0,137
2025,00-0039361,TB,thirdAndShort,1,1,0,12,26,0,41
2025,00-0039361,TB,earlyDown,7,5,79,35,102,1,137
2025,00-0038951,TB,earlyDown,0,0,0,12,38,0,137
2025,00-0034855,TB,thirdAndShort,0,0,0,4,22,0,41
2025,00-0037256,TB,earlyAndLong,20,18,72,77,372,0,509
2025,00-0031408,TB,thirdAndMedium,7,4,57,0,0,0,60
2025,00-0037238,ATL,earlyAndLong,54,37,551,0,0,0,522
2025,00-0037238,ATL,thirdAndShort,5,3,19,0,0,0,36
2025,00-0031408,TB,earlyAndLong,30,15,235,0,0,0,509
2025,00-0040129,TB,thirdAndShort,3,2,33,1,0,1,41
2025,00-0036970,ATL,earlyAndLong,51,41,476,0,0,0,522
2025,00-0039394,ATL,thirdAndLong,4,2,24,0,0,0,84
2025,00-0037263,ATL,fourthDown,1,1,4,4,10,0,23
2025,00-0037238,ATL,earlyDown,12,10,178,0,0,0,135
2025,00-0037238,ATL,thirdAndLong,11,4,50,0,0,0,84
2025,00-0038129,TB,earlyDown,11,8,60,0,0,0,137
2025,00-0039394,ATL,earlyAndLong,5,2,44,0,0,0,522
2025,00-0032385,TB,earlyAndLong,20,19,180,4,19,0,509
2025,00-0040237,TB,earlyAndLong,24,16,192,4,14,2,509
2025,00-0037256,TB,thirdAndLong,5,5,34,4,30,0,95
2025,00-0032385,TB,earlyDown,4,3,55,0,0,0,137
2025,00-0034855,TB,thirdAndMedium,0,0,0,9,93,0,60
2025,00-0039361,TB,insideTen,1,1,9,6,6,1,35
2025,00-0038542,ATL,thirdAndLong,8,5,53,4,12,0,84
2025,00-0038542,ATL,redZone,9,6,52,18,63,2,71
2025,00-0037263,ATL,insideTen,0,0,0,13,22,2,49
2025,00-0038129,TB,earlyAndLong,35,25,247,0,0,0,509
2025,00-0036970,ATL,thirdAndMedium,13,8,119,0,0,0,52
2025,00-0034407,ATL,earlyAndLong,4,2,5,0,0,0,522
2025,00-0038542,ATL,insideTen,4,3,19,12,31,5,49
2025,00-0037263,ATL,goalLine,0,0,0,6,5,4,22
2025,00-0038542,ATL,goalLine,0,0,0,6,-2,1,22
2025,00-0037238,ATL,insideTen,6,3,22,0,0,3,49
2025,00-0031408,TB,chasingLate,6,4,30,0,0,0,50
2025,00-0039361,TB,chasingLate,7,6,58,1,3,0,50
2025,00-0038129,TB,chasingLate,8,5,69,0,0,0,50
2025,00-0040129,TB,chasingLate,8,5,129,0,0,1,50
2025,00-0036970,ATL,chasingLate,4,3,31,0,0,0,38
2025,00-0038542,ATL,chasingLate,2,2,17,3,13,0,38
2025,00-0035261,TEN,earlyAndLong,19,16,81,165,772,1,481
2025,00-0035261,TEN,thirdAndLong,4,2,40,4,9,0,104
2025,00-0032211,TEN,earlyAndLong,14,12,90,0,0,0,481
2025,00-0040584,TEN,earlyAndLong,26,24,209,0,0,1,481
2025,00-0039868,DEN,earlyDown,10,4,39,0,0,0,155
2025,00-0036158,DEN,earlyAndLong,10,9,35,91,539,0,589
2025,00-0034348,DEN,earlyDown,14,7,91,0,0,0,155
2025,00-0036422,DEN,earlyAndLong,18,14,143,0,0,0,589
2025,00-0037085,DEN,earlyAndLong,12,7,58,3,7,0,589
2025,00-0037085,DEN,thirdAndLong,8,4,53,2,13,0,110
2025,00-0037809,TEN,earlyAndLong,43,34,285,0,0,0,481
2025,00-0040584,TEN,earlyDown,5,2,20,0,0,0,125
2025,00-0040170,TEN,thirdAndLong,19,5,120,0,0,0,104
2025,00-0040730,DEN,earlyAndLong,41,33,257,91,410,3,589
2025,00-0039868,DEN,thirdAndShort,4,4,53,1,2,0,44
2025,00-0033881,DEN,earlyAndLong,38,28,271,1,7,0,589
2025,00-0038976,DEN,thirdAndMedium,4,4,23,0,0,0,67
2025,00-0034348,DEN,earlyAndLong,50,33,373,0,0,1,589
2025,00-0035261,TEN,earlyDown,7,6,36,39,197,1,125
2025,00-0040705,TEN,earlyAndLong,28,16,138,9,24,1,481
2025,00-0039868,DEN,earlyAndLong,51,35,425,4,10,2,589
2025,00-0036158,DEN,earlyDown,1,0,0,32,135,0,155
2025,00-0037085,DEN,thirdAndMedium,4,3,20,0,0,0,67
2025,00-0040170,TEN,thirdAndMedium,6,3,51,0,0,0,71
2025,00-0040730,DEN,earlyDown,5,3,52,28,79,0,155
2025,00-0039732,DEN,thirdAndShort,0,0,0,9,20,0,44
2025,00-0034837,TEN,earlyAndLong,19,9,144,0,0,0,481
2025,00-0040170,TEN,earlyAndLong,35,18,218,0,0,0,481
2025,00-0035261,TEN,redZone,1,1,12,7,48,0,46
2025,00-0035261,TEN,insideTen,0,0,0,8,20,1,41
2025,00-0037085,DEN,earlyDown,3,2,3,1,0,0,155
2025,00-0038976,DEN,thirdAndLong,16,14,203,0,0,0,110
2025,00-0039732,DEN,earlyAndLong,0,0,0,28,163,0,589
2025,00-0034348,DEN,thirdAndLong,24,15,270,0,0,1,110
2025,00-0036158,DEN,redZone,0,0,0,9,57,2,97
2025,00-0039732,DEN,redZone,1,0,0,11,51,1,97
2025,00-0034348,DEN,redZone,12,6,71,0,0,4,97
2025,00-0036158,DEN,insideTen,0,0,0,6,17,1,56
2025,00-0037809,TEN,thirdAndLong,9,7,78,0,0,0,104
2025,00-0033881,DEN,thirdAndLong,17,10,87,0,0,0,110
2025,00-0036727,DEN,thirdAndLong,3,3,29,1,3,0,110
2025,00-0034837,TEN,thirdAndLong,9,4,78,0,0,0,104
2025,00-0039732,DEN,fourthDown,0,0,0,3,5,0,16
2025,00-0036158,DEN,aheadLate,1,1,3,3,8,0,17
2025,00-0040170,TEN,chasingLate,3,0,0,0,0,0,47
2025,00-0034837,TEN,chasingLate,3,1,38,0,0,0,47
2025,00-0036970,ATL,thirdAndLong,22,16,112,0,0,0,84
2025,00-0039923,MIN,thirdAndLong,0,0,0,3,23,0,80
2025,00-0039923,MIN,fourthDown,0,0,0,3,2,0,16
2025,00-0037525,MIN,thirdAndShort,0,0,0,10,13,0,32
2025,00-0037291,MIN,thirdAndMedium,8,5,119,0,0,0,43
2025,00-0030035,MIN,thirdAndLong,5,4,61,0,0,0,80
2025,00-0036322,MIN,goalLine,4,0,0,0,0,0,23
2025,00-0037263,ATL,thirdAndShort,0,0,0,11,23,0,36
2025,00-0030035,MIN,earlyDown,3,1,7,0,0,0,115
2025,00-0037263,ATL,redZone,1,1,4,13,45,1,71
2025,00-0036309,ATL,redZone,5,3,26,0,0,0,71
2025,00-0036309,ATL,thirdAndMedium,3,2,20,0,0,0,52
2025,00-0036309,ATL,earlyAndLong,36,19,296,0,0,1,522
2025,00-0037291,MIN,thirdAndShort,2,1,7,1,-2,0,32
2025,00-0037525,MIN,chasingLate,2,1,2,1,9,0,38
2025,00-0035229,MIN,chasingLate,8,7,82,0,0,0,38
2025,00-0036322,MIN,chasingLate,7,4,62,0,0,0,38
2025,00-0037263,ATL,aheadLate,0,0,0,4,13,0,4
2025,00-0036980,BUF,earlyAndLong,8,6,64,2,2,0,555
2025,00-0038679,BUF,earlyAndLong,9,6,78,0,0,0,555
2025,00-0034857,BUF,thirdAndLong,0,0,0,7,94,0,84
2025,00-0037248,BUF,insideTen,1,1,5,15,49,1,64
2025,00-0035689,BUF,redZone,6,5,59,0,0,3,108
2025,00-0038933,BUF,insideTen,4,3,15,0,0,1,64
2025,00-0040582,NYJ,earlyAndLong,7,3,24,3,0,0,477
2025,00-0034857,BUF,earlyDown,0,0,0,11,77,0,160
2025,00-0036988,BUF,thirdAndLong,3,1,32,0,0,0,84
2025,00-0035689,BUF,earlyDown,9,7,72,0,0,0,160
2025,00-0038933,BUF,thirdAndLong,10,7,111,0,0,1,84
2025,00-0036945,NYJ,earlyDown,0,0,0,4,44,0,123
2025,00-0039798,NYJ,earlyAndLong,12,8,77,18,110,0,477
2025,00-0040194,BUF,earlyAndLong,7,6,82,0,0,0,555
2025,00-0028118,NYJ,earlyAndLong,0,0,0,14,75,0,477
2025,00-0037740,NYJ,thirdAndMedium,4,4,35,0,0,0,72
2025,00-0039875,BUF,earlyDown,3,3,37,8,34,0,160
2025,00-0039798,NYJ,thirdAndMedium,1,0,0,5,14,0,72
2025,00-0039798,NYJ,fourthDown,1,1,6,2,16,0,32
2025,00-0040736,NYJ,redZone,5,5,28,0,0,0,71
2025,00-0039875,BUF,aheadLate,0,0,0,4,22,0,11
2025,00-0040124,CAR,earlyDown,8,6,86,0,0,1,148
2025,00-0038840,CAR,earlyDown,3,3,26,0,0,0,148
2025,00-0039849,ARI,insideTen,4,2,13,0,0,2,53
2025,00-0039342,CAR,redZone,10,3,16,0,0,0,89
2025,00-0040124,CAR,redZone,9,7,70,0,0,2,89
2025,00-0036139,CAR,insideTen,1,1,3,9,19,3,51
2025,00-0039150,CAR,redZone,0,0,0,5,27,1,89
2025,00-0034983,CAR,thirdAndLong,3,2,12,0,0,0,84
2025,00-0039356,CAR,thirdAndLong,6,5,32,0,0,0,84
2025,00-0038559,ARI,redZone,12,6,64,0,0,4,91
2025,00-0039041,ARI,earlyAndLong,17,15,149,0,0,0,545
2025,00-0039849,ARI,redZone,5,3,35,0,0,1,91
2025,00-0039041,ARI,insideTen,3,1,5,0,0,0,53
2025,00-0037005,CAR,earlyAndLong,17,11,130,0,0,0,509
2025,00-0036555,CAR,thirdAndMedium,2,1,0,9,36,0,66
2025,00-0036555,CAR,fourthDown,2,1,1,3,17,0,36
2025,00-0040187,CAR,earlyAndLong,15,13,130,0,0,0,509
2025,00-0039356,CAR,redZone,8,6,33,0,0,0,89
2025,00-0036139,CAR,goalLine,0,0,0,5,3,3,20
2025,00-0033119,ARI,fourthDown,0,0,0,3,5,0,19
2025,00-0038840,CAR,earlyAndLong,4,4,43,0,0,0,509
2025,00-0034983,CAR,redZone,3,3,22,0,0,0,89
2025,00-0036555,CAR,goalLine,1,1,2,4,7,3,20
2025,00-0040124,CAR,chasingLate,4,2,42,0,0,0,28
2025,00-0038840,CAR,thirdAndLong,3,1,7,0,0,0,84
2025,00-0040236,CHI,earlyAndLong,17,11,118,95,524,0,593
2025,00-0035685,DET,goalLine,0,0,0,14,6,5,26
2025,00-0036963,DET,thirdAndLong,24,15,138,0,0,0,88
2025,00-0039918,CHI,thirdAndShort,0,0,0,6,10,0,40
2025,00-0039918,CHI,fourthDown,0,0,0,5,28,0,31
2025,00-0036290,CHI,earlyDown,8,5,41,1,1,0,146
2025,00-0040236,CHI,redZone,2,1,4,18,67,0,104
2025,00-0036963,DET,earlyDown,12,11,129,0,0,1,120
2025,00-0039139,DET,thirdAndShort,2,1,4,10,24,0,35
2025,00-0040669,DET,earlyAndLong,9,7,105,0,0,0,503
2025,00-0037240,DET,thirdAndLong,15,10,188,0,0,1,88
2025,00-0036754,DET,earlyAndLong,13,7,59,0,0,0,503
2025,00-0040735,CHI,redZone,6,4,19,0,0,0,104
2025,00-0039919,CHI,redZone,8,2,16,0,0,0,104
2025,00-0036275,CHI,goalLine,0,0,0,11,16,5,44
2025,00-0035685,DET,insideTen,0,0,0,11,30,1,70
2025,00-0040735,CHI,thirdAndLong,7,7,100,0,0,0,100
2025,00-0040236,CHI,chasingLate,2,1,6,5,25,0,54
2025,00-0040126,CHI,chasingLate,9,4,98,0,0,1,54
2025,00-0040236,CHI,thirdAndMedium,0,0,0,7,47,0,73
2025,00-0040784,CLE,earlyAndLong,31,21,152,137,547,1,517
2025,00-0037267,CLE,thirdAndLong,5,4,32,0,0,0,117
2025,00-0040782,CLE,earlyDown,2,0,0,1,9,0,112
2025,00-0034753,BAL,thirdAndShort,1,1,5,5,9,0,28
2025,00-0034975,BAL,thirdAndLong,8,6,75,1,6,0,71
2025,00-0040784,CLE,earlyDown,4,4,3,40,152,0,112
2025,00-0040784,CLE,thirdAndShort,0,0,0,12,42,0,33
2025,00-0034753,BAL,thirdAndMedium,7,6,40,0,0,0,59
2025,00-0034753,BAL,insideTen,4,0,0,1,2,0,49
2025,00-0036407,CLE,earlyDown,5,2,23,0,0,0,112
2025,00-0032764,BAL,insideTen,0,0,0,20,34,0,49
2025,00-0034753,BAL,goalLine,5,2,4,2,0,2,37
2025,00-0040663,CLE,thirdAndLong,20,13,150,1,4,0,117
2025,00-0034796,BAL,earlyAndLong,0,0,0,22,136,0,451
2025,00-0032764,BAL,redZone,2,2,13,23,108,0,91
2025,00-0039792,BAL,earlyAndLong,5,3,88,0,0,1,451
2025,00-0030564,BAL,earlyAndLong,15,9,128,0,0,1,451
2025,00-0037267,CLE,chasingLate,3,3,13,2,15,0,39
2025,00-0038997,IND,earlyAndLong,33,25,223,2,-2,0,482
2025,00-0038997,IND,redZone,10,6,41,0,0,0,93
2025,00-0040134,DEN,earlyAndLong,22,14,211,0,0,0,589
2025,00-0038976,DEN,earlyAndLong,30,21,160,8,55,1,589
2025,00-0035710,IND,thirdAndShort,0,0,0,4,10,0,30
2025,00-0033217,IND,redZone,4,3,19,0,0,0,93
2025,00-0037664,IND,redZone,5,3,55,0,0,3,93
2025,00-0034348,DEN,thirdAndMedium,20,10,116,0,0,0,67
2025,00-0036223,IND,thirdAndShort,1,1,43,10,76,0,30
2025,00-0039868,DEN,redZone,10,10,75,0,0,0,97
2025,00-0036158,DEN,goalLine,0,0,0,5,0,1,32
2025,00-0039868,DEN,goalLine,7,2,5,0,0,2,32
2025,00-0040128,IND,fourthDown,2,1,10,1,0,0,18
2025,00-0034487,DEN,earlyAndLong,3,2,18,0,0,0,589
2025,00-0040134,DEN,thirdAndMedium,7,6,71,0,0,0,67
2025,00-0034348,DEN,goalLine,5,1,1,0,0,0,32
2025,00-0038997,IND,thirdAndMedium,11,7,66,0,0,0,50
2025,00-0039868,DEN,thirdAndMedium,5,1,4,0,0,0,67
2025,00-0038976,DEN,earlyDown,4,4,22,2,5,0,155
2025,00-0039732,DEN,thirdAndMedium,0,0,0,7,64,0,67
2025,00-0036252,IND,redZone,8,2,26,0,0,1,93
2025,00-0036223,IND,thirdAndLong,4,3,30,11,56,0,75
2025,00-0039732,DEN,earlyDown,0,0,0,5,22,0,155
2025,00-0033881,DEN,thirdAndMedium,5,2,20,0,0,0,67
2025,00-0036252,IND,earlyDown,8,5,36,0,0,0,116
2025,00-0036158,DEN,thirdAndShort,0,0,0,6,19,0,44
2025,00-0039868,DEN,thirdAndLong,10,4,70,0,0,0,110
2025,00-0036223,IND,chasingLate,1,1,9,10,36,0,39
2025,00-0036626,JAX,thirdAndMedium,4,3,39,0,0,0,59
2025,00-0038935,JAX,earlyDown,5,3,24,0,0,0,130
2025,00-0036626,JAX,insideTen,2,1,9,1,4,1,72
2025,00-0038606,JAX,earlyDown,13,6,115,0,0,0,130
2025,00-0033375,JAX,insideTen,3,1,7,0,0,1,72
2025,00-0036973,JAX,insideTen,6,4,24,19,58,4,72
2025,00-0036900,CIN,thirdAndMedium,13,10,98,0,0,0,59
2025,00-0036900,CIN,redZone,14,8,81,0,0,3,74
2025,00-0036410,CIN,insideTen,5,1,9,0,0,1,49
2025,00-0036900,CIN,insideTen,8,5,30,0,0,4,49
2025,00-0040718,JAX,earlyDown,4,3,45,0,0,1,130
2025,00-0040719,JAX,insideTen,1,1,8,4,12,3,72
2025,00-0038619,CIN,earlyDown,6,5,42,0,0,0,126
2025,00-0039893,JAX,thirdAndMedium,9,5,76,0,0,0,59
2025,00-0038606,JAX,thirdAndLong,16,8,198,0,0,0,91
2025,00-0036971,JAX,thirdAndLong,0,0,0,5,52,0,91
2025,00-0038619,CIN,thirdAndLong,9,5,91,0,0,1,91
2025,00-0038839,CIN,redZone,4,2,30,0,0,2,74
2025,00-0040719,JAX,earlyDown,4,1,2,13,59,0,130
2025,00-0039893,JAX,thirdAndShort,3,1,1,0,0,0,28
2025,00-0038619,CIN,earlyAndLong,24,15,177,3,14,0,508
2025,00-0034829,CIN,thirdAndMedium,7,4,57,0,0,0,59
2025,00-0038606,JAX,earlyAndLong,46,32,419,6,12,1,555
2025,00-0036971,JAX,earlyDown,0,0,0,6,19,0,130
2025,00-0036626,JAX,redZone,6,3,9,0,0,0,119
2025,00-0040238,JAX,redZone,2,2,9,3,18,0,119
2025,00-0036410,CIN,chasingLate,8,4,80,0,0,0,55
2025,00-0035631,CIN,thirdAndLong,3,3,41,0,0,0,91
2025,00-0038597,CIN,fourthDown,3,3,36,1,4,0,14
2025,00-0035644,CIN,chasingLate,5,5,38,0,0,1,55
2025,00-0034829,CIN,chasingLate,4,4,57,0,0,0,55
2025,00-0038619,CIN,thirdAndMedium,4,2,44,0,0,0,59
2025,00-0038597,CIN,chasingLate,8,5,27,3,18,0,55
2025,00-0036900,CIN,chasingLate,8,8,117,0,0,0,55
2025,00-0040727,LAC,redZone,4,2,13,1,7,0,96
2025,00-0030565,LV,earlyDown,0,0,0,3,26,0,105
2025,00-0040581,LV,thirdAndMedium,3,1,20,0,0,0,53
2025,00-0039338,LV,thirdAndLong,4,4,48,0,0,0,89
2025,00-0036355,LAC,earlyDown,0,0,0,9,73,0,146
2025,00-0040666,LAC,insideTen,1,1,4,12,19,3,53
2025,00-0030279,LAC,insideTen,6,2,14,0,0,2,53
2025,00-0034960,LV,redZone,10,4,30,1,2,1,67
2025,00-0038544,LAC,thirdAndMedium,6,3,37,0,0,0,70
2025,00-0039066,LV,earlyDown,8,4,21,0,0,0,105
2025,00-0038040,LV,thirdAndShort,0,0,0,3,-3,0,43
2025,00-0036893,LAC,earlyDown,0,0,0,3,0,0,146
2025,00-0039407,LV,earlyAndLong,3,2,17,0,0,0,452
2025,00-0040727,LAC,earlyAndLong,20,14,163,1,3,0,546
2025,00-0039915,LAC,earlyDown,12,8,69,0,0,0,146
2025,00-0040727,LAC,thirdAndLong,3,1,10,0,0,0,93
2025,00-0040666,LAC,goalLine,0,0,0,3,3,1,24
2025,00-0030565,LV,thirdAndShort,0,0,0,8,7,0,43
2025,00-0034960,LV,earlyDown,11,8,111,0,0,0,105
2025,00-0039338,LV,redZone,8,4,45,0,0,1,67
2025,00-0038563,LV,redZone,5,2,12,1,9,0,67
2025,00-0038040,LV,thirdAndLong,2,1,6,1,9,0,89
2025,00-0036355,LAC,fourthDown,0,0,0,3,4,0,19
2025,00-0039338,LV,chasingLate,12,11,112,0,0,1,52
2025,00-0033110,LA,earlyDown,9,8,114,0,0,0,180
2025,00-0037840,LA,thirdAndShort,1,1,4,13,46,0,45
2025,00-0039075,LA,fourthDown,5,4,26,1,45,1,21
2025,00-0040676,TEN,thirdAndMedium,0,0,0,4,26,0,71
2025,00-0039075,LA,thirdAndMedium,20,13,204,1,2,0,63
2025,00-0040705,TEN,earlyDown,6,5,43,0,0,0,125
2025,00-0035261,TEN,thirdAndMedium,2,1,9,3,6,0,71
2025,00-0040676,TEN,fourthDown,0,0,0,4,13,0,30
2025,00-0040170,TEN,earlyDown,10,6,38,0,0,0,125
2025,00-0033110,LA,redZone,6,4,27,0,0,0,108
2025,00-0039738,LA,insideTen,0,0,0,7,15,0,78
2025,00-0031381,LA,goalLine,14,8,13,0,0,8,44
2025,00-0037809,TEN,earlyDown,10,5,68,0,0,0,125
2025,00-0040170,TEN,insideTen,5,3,24,0,0,3,41
2025,00-0033110,LA,earlyAndLong,13,10,159,0,0,1,607
2025,00-0031381,LA,thirdAndLong,12,6,118,0,0,0,74
2025,00-0039075,LA,insideTen,7,5,25,3,10,2,78
2025,00-0037840,LA,insideTen,5,5,38,21,81,8,78
2025,00-0032211,TEN,earlyDown,5,4,37,0,0,0,125
2025,00-0035261,TEN,thirdAndShort,0,0,0,6,10,0,34
2025,00-0040676,TEN,thirdAndLong,0,0,0,3,24,0,104
2025,00-0039074,LA,insideTen,3,2,12,0,0,2,78
2025,00-0039075,LA,thirdAndShort,8,5,42,1,13,0,45
2025,00-0031381,LA,redZone,10,2,29,0,0,1,108
2025,00-0032211,TEN,thirdAndLong,15,7,84,0,0,0,104
2025,00-0039751,LA,earlyAndLong,18,15,158,3,7,0,607
2025,00-0039738,LA,redZone,1,0,0,12,73,1,108
2025,00-0039738,LA,goalLine,0,0,0,9,9,4,44
2025,00-0036415,TEN,thirdAndMedium,7,3,35,0,0,0,71
2025,00-0040705,TEN,redZone,9,5,26,0,0,0,46
2025,00-0037840,LA,aheadLate,0,0,0,14,65,0,17
2025,00-0036875,NE,thirdAndLong,10,9,104,5,7,1,111
2025,00-0031588,NE,fourthDown,7,5,85,0,0,0,21
2025,00-0032392,NE,earlyAndLong,18,13,208,0,0,0,619
2025,00-0033555,NE,insideTen,3,2,12,0,0,2,71
2025,00-0040734,NE,thirdAndMedium,3,1,15,1,5,0,63
2025,00-0039851,NE,thirdAndMedium,1,0,0,7,53,0,63
2025,00-0036875,NE,redZone,6,5,40,11,28,1,84
2025,00-0038608,NE,redZone,3,2,22,0,0,1,84
2025,00-0040198,MIA,earlyAndLong,4,3,9,30,99,0,462
2025,00-0036613,MIA,redZone,6,6,64,0,0,1,75
2025,00-0032392,NE,earlyDown,5,3,33,0,0,0,181
2025,00-0039851,NE,redZone,0,0,0,6,29,0,84
2025,00-0039851,NE,insideTen,0,0,0,12,53,5,71
2025,00-0033090,NE,insideTen,6,3,20,0,0,2,71
2025,00-0039040,MIA,thirdAndShort,1,1,12,2,-3,0,21
2025,00-0039040,MIA,thirdAndLong,12,8,45,5,53,1,89
2025,00-0036875,NE,thirdAndMedium,4,3,75,3,5,0,63
2025,00-0036875,NE,goalLine,1,0,0,9,3,2,39
2025,00-0036182,MIA,earlyAndLong,9,7,63,0,0,0,462
2025,00-0033040,MIA,chasingLate,3,1,13,0,0,0,44
2025,00-0036613,MIA,chasingLate,7,2,20,0,0,0,44
2025,00-0039040,MIA,chasingLate,3,3,42,2,4,0,44
2025,00-0040715,NYG,thirdAndShort,1,0,0,3,10,0,31
2025,00-0039847,NYG,thirdAndMedium,7,5,75,0,0,0,58
2025,00-0038117,NYG,earlyAndLong,65,53,496,2,3,1,510
2025,00-0039847,NYG,redZone,8,4,34,0,0,2,93
2025,00-0038041,DAL,thirdAndShort,3,2,23,0,0,0,35
2025,00-0040715,NYG,redZone,3,3,32,11,50,3,93
2025,00-0038117,NYG,redZone,8,4,39,0,0,1,93
2025,00-0037247,DAL,redZone,13,7,68,0,0,1,100
2025,00-0036358,DAL,redZone,10,6,49,0,0,2,100
2025,00-0037247,DAL,insideTen,5,2,13,0,0,1,61
2025,00-0038547,DAL,earlyAndLong,15,8,56,0,0,0,525
2025,00-0037801,DAL,thirdAndLong,4,2,102,0,0,1,74
2025,00-0038041,DAL,thirdAndLong,12,11,88,0,0,0,74
2025,00-0040715,NYG,insideTen,1,0,0,5,14,1,52
2025,00-0035535,NYG,insideTen,5,1,3,0,0,0,52
2025,00-0035243,DAL,earlyDown,0,0,0,4,14,0,153
2025,00-0036358,DAL,thirdAndMedium,7,5,99,0,0,0,57
2025,00-0035243,DAL,insideTen,0,0,0,3,18,1,61
2025,00-0039337,NYG,thirdAndMedium,3,0,0,0,0,0,58
2025,00-0038117,NYG,fourthDown,5,3,77,1,2,1,25
2025,00-0036997,DAL,chasingLate,2,1,5,2,16,0,35
2025,00-0037666,DAL,thirdAndMedium,5,3,45,0,0,0,57
2025,00-0037666,DAL,fourthDown,4,4,28,0,0,0,23
2025,00-0036997,DAL,insideTen,4,2,8,13,29,3,61
2025,00-0039337,NYG,chasingLate,3,2,57,0,0,1,39
2025,00-0037247,DAL,chasingLate,3,1,28,0,0,1,35
2025,00-0037666,DAL,thirdAndLong,4,1,5,0,0,0,74
2025,00-0037614,PHI,earlyAndLong,22,17,113,2,-3,0,531
2025,00-0035676,PHI,thirdAndLong,20,15,217,0,0,0,112
2025,00-0037086,PHI,earlyAndLong,7,4,37,0,0,0,531
2025,00-0036912,PHI,thirdAndLong,27,16,293,0,0,0,112
2025,00-0036637,KC,earlyDown,9,5,53,0,0,0,126
2025,00-0040078,KC,thirdAndMedium,2,1,-2,2,17,0,50
2025,00-0033873,KC,thirdAndShort,0,0,0,3,21,0,42
2025,00-0040078,KC,earlyAndLong,17,12,126,24,80,0,496
2025,00-0037741,PHI,earlyAndLong,16,9,105,0,0,0,531
2025,00-0034844,PHI,thirdAndLong,4,2,51,7,35,0,112
2025,00-0033857,KC,earlyDown,4,3,24,0,0,0,126
2025,00-0035676,PHI,thirdAndMedium,10,6,82,0,0,1,55
2025,00-0030506,KC,earlyDown,7,6,64,0,0,0,126
2025,00-0033923,KC,redZone,4,1,11,17,48,0,88
2025,00-0033923,KC,insideTen,0,0,0,9,30,1,68
2025,00-0036389,PHI,goalLine,0,0,0,11,8,5,31
2025,00-0038104,KC,chasingLate,3,1,49,0,0,1,37
2025,00-0036389,PHI,earlyDown,0,0,0,9,78,0,137
2025,00-0040648,SEA,earlyAndLong,11,5,54,0,0,1,610
2025,00-0037228,PIT,thirdAndShort,0,0,0,8,27,0,32
2025,00-0036919,PIT,thirdAndShort,5,4,22,5,7,0,32
2025,00-0038558,PIT,earlyAndLong,22,14,207,0,0,0,490
2025,00-0040648,SEA,thirdAndLong,5,4,55,0,0,1,98
2025,00-0039793,SEA,fourthDown,3,2,9,2,4,0,10
2025,00-0039739,PIT,thirdAndLong,7,4,45,0,0,0,97
2025,00-0039165,SEA,thirdAndLong,3,3,17,5,36,0,98
2025,00-0035640,PIT,goalLine,4,2,4,0,0,2,31
2025,00-0033858,PIT,earlyDown,7,5,34,0,0,0,116
2025,00-0039793,SEA,insideTen,4,2,13,1,1,2,59
2025,00-0036919,PIT,insideTen,6,3,13,10,21,3,60
2025,00-0036894,PIT,insideTen,3,0,0,0,0,0,60
2025,00-0033908,SEA,thirdAndShort,5,3,29,0,0,0,42
2025,00-0039793,SEA,thirdAndLong,6,5,55,0,0,0,98
2025,00-0037837,PIT,fourthDown,3,2,24,0,0,0,15
2025,00-0039165,SEA,aheadLate,0,0,0,7,29,0,19
2025,00-0036919,PIT,chasingLate,5,4,30,1,13,0,50
2025,00-0036887,SF,earlyAndLong,11,7,52,0,0,0,576
2025,00-0037112,SF,earlyAndLong,25,16,156,0,0,1,576
2025,00-0036972,SF,earlyAndLong,0,0,0,7,36,0,576
2025,00-0037112,SF,earlyDown,6,6,72,0,0,0,147
2025,00-0034272,SF,thirdAndLong,7,4,39,0,0,0,76
2025,00-0036259,SF,thirdAndMedium,13,7,86,0,0,0,69
2025,00-0033307,SF,earlyAndLong,32,24,408,0,0,0,576
2025,00-0036972,SF,thirdAndShort,0,0,0,7,11,0,37
2025,00-0033906,NO,thirdAndMedium,2,2,27,5,15,0,63
2025,00-0033906,NO,insideTen,2,2,3,4,14,0,31
2025,00-0037112,SF,thirdAndMedium,8,5,35,0,0,0,69
2025,00-0038551,NO,redZone,0,0,0,3,23,1,76
2025,00-0031236,NO,chasingLate,5,3,78,0,0,0,51
2025,00-0036040,NO,thirdAndShort,6,4,76,0,0,0,42
2025,00-0034791,HOU,thirdAndShort,0,0,0,5,10,0,38
2025,00-0040583,HOU,earlyDown,3,2,87,29,151,0,155
2025,00-0034791,HOU,redZone,2,1,0,7,18,0,98
2025,00-0040129,TB,earlyDown,16,7,61,0,0,0,137
2025,00-0031408,TB,redZone,4,1,11,0,0,0,85
2025,00-0039361,TB,redZone,3,2,2,12,49,1,85
2025,00-0040129,TB,redZone,10,5,57,0,0,2,85
2025,00-0036232,HOU,earlyAndLong,5,2,11,0,0,0,613
2025,00-0037256,TB,earlyDown,5,5,53,19,83,0,137
2025,00-0040129,TB,thirdAndLong,15,6,141,0,0,0,95
2025,00-0039163,HOU,earlyDown,0,0,0,4,27,0,155
2025,00-0036554,HOU,thirdAndLong,22,13,165,0,0,0,108
2025,00-0036554,HOU,earlyDown,18,14,214,0,0,0,155
2025,00-0031408,TB,thirdAndLong,4,0,0,0,0,0,95
2025,00-0037256,TB,redZone,9,8,47,9,28,0,85
2025,00-0040130,HOU,earlyDown,15,7,93,0,0,0,155
2025,00-0036554,HOU,insideTen,5,3,21,1,7,3,54
2025,00-0034791,HOU,goalLine,0,0,0,4,-3,0,33
2025,00-0036554,HOU,goalLine,5,1,3,0,0,1,33
2025,00-0037256,TB,goalLine,0,0,0,8,6,3,29
2025,00-0038393,GB,thirdAndMedium,8,5,38,0,0,0,50
2025,00-0038685,GB,thirdAndLong,6,5,47,0,0,0,82
2025,00-0040667,GB,fourthDown,6,3,35,0,0,0,22
2025,00-0037816,GB,insideTen,5,2,10,0,0,1,51
2025,00-0040164,WAS,thirdAndLong,7,3,16,0,0,0,80
2025,00-0038465,GB,earlyAndLong,3,3,59,0,0,0,500
2025,00-0037816,GB,earlyDown,11,9,85,0,0,0,128
2025,00-0035659,WAS,earlyDown,9,8,155,0,0,0,120
2025,00-0040242,WAS,thirdAndShort,0,0,0,3,10,0,26
2025,00-0040009,GB,earlyAndLong,3,3,8,7,29,0,500
2025,00-0038685,GB,earlyAndLong,6,6,40,14,70,0,500
2025,00-0037816,GB,thirdAndLong,15,8,109,0,0,0,82
2025,00-0030061,WAS,thirdAndMedium,5,3,22,0,0,0,47
2025,00-0039144,GB,earlyAndLong,23,16,196,0,0,0,500
2025,00-0039912,WAS,earlyAndLong,7,7,53,0,0,0,482
2025,00-0030061,WAS,redZone,3,3,35,0,0,1,66
2025,00-0038996,GB,thirdAndMedium,8,5,123,0,0,1,50
2025,00-0040667,GB,redZone,2,1,-3,2,10,0,100
2025,00-0038996,GB,insideTen,3,3,17,0,0,2,51
2025,00-0039355,WAS,earlyAndLong,9,9,155,0,0,1,482
2025,00-0035659,WAS,redZone,5,3,31,0,0,1,66
2025,00-0035719,WAS,insideTen,6,6,32,1,3,3,50
2025,00-0035700,GB,thirdAndLong,4,1,3,2,12,0,82
2025,00-0035719,WAS,chasingLate,4,4,39,0,0,0,36
2025,00-0030061,WAS,chasingLate,4,3,26,0,0,0,36
2025,00-0035719,WAS,fourthDown,3,2,43,0,0,1,17
2025,00-0033553,ARI,thirdAndShort,0,0,0,3,2,0,29
2025,00-0039916,SF,thirdAndMedium,8,3,47,1,2,0,69
2025,00-0035500,ARI,earlyAndLong,10,9,54,3,-1,0,545
2025,00-0033891,ARI,earlyAndLong,6,4,41,0,0,0,545
2025,00-0039921,ARI,earlyDown,2,2,11,3,7,0,114
2025,00-0039849,ARI,thirdAndMedium,6,4,59,0,0,0,57
2025,00-0034272,SF,earlyAndLong,13,7,46,0,0,0,576
2025,00-0039916,SF,earlyDown,3,2,22,0,0,0,147
2025,00-0033307,SF,earlyDown,4,3,47,0,0,0,147
2025,00-0033307,SF,thirdAndLong,7,3,18,0,0,0,76
2025,00-0033891,ARI,thirdAndLong,4,3,78,0,0,0,100
2025,00-0038559,ARI,fourthDown,4,3,25,0,0,0,19
2025,00-0038705,ARI,earlyAndLong,5,3,14,23,78,0,545
2025,00-0035500,ARI,redZone,7,7,49,2,14,2,91
2025,00-0038705,ARI,insideTen,2,1,7,4,7,1,53
2025,00-0037746,SF,insideTen,1,1,2,2,5,0,64
2025,00-0033280,SF,goalLine,3,2,3,14,16,8,37
2025,00-0033280,SF,thirdAndMedium,6,5,39,6,36,0,69
2025,00-0029892,SF,goalLine,2,2,3,1,-1,1,37
2025,00-0037744,ARI,goalLine,5,3,4,0,0,3,25
2025,00-0033307,SF,chasingLate,3,2,18,0,0,0,30
2025,00-0036309,ATL,earlyDown,6,1,5,0,0,0,135
2025,00-0036309,ATL,thirdAndLong,12,4,51,0,0,0,84
2025,00-0040124,CAR,insideTen,5,2,12,0,0,1,51
2025,00-0039150,CAR,insideTen,0,0,0,5,26,2,51
2025,00-0036429,ATL,earlyAndLong,5,4,4,0,0,0,522
2025,00-0039150,CAR,earlyDown,0,0,0,3,30,0,148
2025,00-0038542,ATL,thirdAndMedium,6,5,36,3,11,0,52
2025,00-0039917,ATL,earlyAndLong,0,0,0,6,40,0,522
2025,00-0036139,CAR,thirdAndLong,3,2,18,3,3,0,84
2025,00-0035359,ATL,earlyAndLong,15,7,69,0,0,0,522
2025,00-0038542,ATL,thirdAndShort,3,3,29,10,36,0,36
2025,00-0036139,CAR,redZone,5,2,10,21,56,0,89
2025,00-0036970,ATL,earlyDown,11,8,91,0,0,0,135
2025,00-0037005,CAR,thirdAndLong,5,5,32,0,0,0,84
2025,00-0040547,ATL,chasingLate,0,0,0,8,50,0,38
2025,00-0030035,MIN,redZone,3,2,8,0,0,0,84
2025,00-0035249,MIN,redZone,4,3,39,0,0,2,84
2025,00-0035100,CIN,earlyDown,0,0,0,3,9,0,126
2025,00-0032950,MIN,thirdAndLong,0,0,0,6,48,0,80
2025,00-0033526,CIN,thirdAndLong,6,2,15,6,24,0,91
2025,00-0038440,MIN,earlyAndLong,6,5,26,18,42,0,455
2025,00-0038440,MIN,earlyDown,1,1,8,4,17,0,115
2025,00-0033526,CIN,earlyDown,2,2,13,14,62,0,126
2025,00-0034829,CIN,earlyAndLong,15,11,102,0,0,0,508
2025,00-0035229,MIN,redZone,8,5,41,1,0,0,84
2025,00-0037525,MIN,insideTen,0,0,0,5,19,3,43
2025,00-0038839,CIN,earlyAndLong,12,5,74,0,0,0,508
2025,00-0040208,CIN,earlyAndLong,1,1,9,10,31,0,508
2025,00-0038597,CIN,thirdAndMedium,4,2,19,0,0,0,59
2025,00-0040208,CIN,earlyDown,1,0,0,4,9,0,126
2025,00-0036414,MIN,aheadLate,0,0,0,4,19,0,14
2025,00-0038041,DAL,redZone,11,7,61,0,0,1,100
2025,00-0034827,CHI,thirdAndLong,13,8,70,0,0,0,100
2025,00-0037247,DAL,earlyDown,13,11,174,0,0,1,153
2025,00-0037247,DAL,goalLine,6,2,3,0,0,2,38
2025,00-0036275,CHI,redZone,1,1,1,18,92,2,104
2025,00-0037666,DAL,earlyAndLong,11,6,81,0,0,1,525
2025,00-0036290,CHI,insideTen,3,2,15,0,0,1,60
2025,00-0036275,CHI,thirdAndShort,0,0,0,12,61,0,40
2025,00-0040735,CHI,thirdAndMedium,7,4,37,1,7,0,73
2025,00-0040236,CHI,insideTen,2,1,-3,13,36,2,60
2025,00-0034827,CHI,insideTen,3,3,15,1,6,2,60
2025,00-0039410,DAL,thirdAndMedium,7,4,85,0,0,0,57
2025,00-0038041,DAL,insideTen,10,6,33,0,0,4,61
2025,00-0039410,DAL,chasingLate,3,1,11,0,0,0,35
2025,00-0037801,DAL,redZone,3,1,6,0,0,0,100
2025,00-0040189,LAC,redZone,10,4,29,0,0,1,96
2025,00-0040730,DEN,thirdAndLong,5,5,33,0,0,0,110
2025,00-0040189,LAC,earlyDown,10,10,165,0,0,0,146
2025,00-0039915,LAC,thirdAndShort,4,2,18,0,0,0,49
2025,00-0034348,DEN,thirdAndShort,3,2,10,0,0,0,44
2025,00-0039732,DEN,thirdAndLong,0,0,0,4,42,0,110
2025,00-0034348,DEN,fourthDown,4,3,100,0,0,1,16
2025,00-0040189,LAC,earlyAndLong,31,27,402,0,0,0,546
2025,00-0037654,LAC,earlyDown,4,2,12,0,0,0,146
2025,00-0039915,LAC,thirdAndMedium,7,3,76,0,0,0,70
2025,00-0039915,LAC,redZone,9,4,30,0,0,1,96
2025,00-0040189,LAC,insideTen,4,2,15,0,0,1,53
2025,00-0039732,DEN,insideTen,0,0,0,7,31,4,56
2025,00-0039868,DEN,insideTen,4,2,14,0,0,2,56
2025,00-0036355,LAC,thirdAndShort,0,0,0,11,57,0,49
2025,00-0039139,DET,goalLine,1,1,3,4,0,3,26
2025,00-0032764,BAL,thirdAndShort,1,0,0,13,56,1,28
2025,00-0033106,DET,earlyAndLong,0,0,0,4,35,0,503
2025,00-0038046,BAL,earlyAndLong,8,5,75,0,0,0,451
2025,00-0034796,BAL,earlyDown,0,0,0,4,15,0,113
2025,00-0036550,BAL,thirdAndMedium,5,2,14,0,0,0,59
2025,00-0032764,BAL,goalLine,0,0,0,20,16,10,37
2025,00-0034753,BAL,redZone,6,4,47,0,0,2,91
2025,00-0039065,DET,insideTen,3,3,16,0,0,2,70
2025,00-0039064,BAL,earlyDown,5,4,44,2,10,0,113
2025,00-0034796,BAL,redZone,0,0,0,8,25,0,91
2025,00-0040669,DET,thirdAndLong,3,1,28,0,0,0,88
2025,00-0039139,DET,thirdAndMedium,1,1,3,4,36,0,50
2025,00-0036963,DET,fourthDown,5,3,45,0,0,0,20
2025,00-0033885,CLE,earlyDown,3,2,12,0,0,0,112
2025,00-0040162,CLE,thirdAndLong,2,2,74,3,9,1,117
2025,00-0035700,GB,thirdAndMedium,1,1,6,3,10,0,50
2025,00-0040009,GB,earlyDown,1,1,2,3,8,0,128
2025,00-0040667,GB,earlyDown,2,2,7,5,26,0,128
2025,00-0037816,GB,thirdAndMedium,5,4,41,0,0,0,50
2025,00-0038797,GB,earlyDown,3,3,10,19,81,0,128
2025,00-0036264,GB,earlyAndLong,0,0,0,13,79,0,500
2025,00-0036264,GB,thirdAndShort,0,0,0,3,38,0,49
2025,00-0038797,GB,earlyAndLong,7,7,69,61,248,0,500
2025,00-0039379,CLE,earlyDown,3,1,3,0,0,0,112
2025,00-0039379,CLE,earlyAndLong,6,4,44,0,0,0,517
2025,00-0036264,GB,earlyDown,0,0,0,5,23,0,128
2025,00-0038393,GB,earlyDown,3,3,17,1,6,0,128
2025,00-0038797,GB,thirdAndMedium,0,0,0,5,14,0,50
2025,00-0038393,GB,redZone,3,2,34,0,0,0,100
2025,00-0040782,CLE,thirdAndMedium,7,3,34,0,0,0,58
2025,00-0040667,GB,thirdAndLong,7,6,162,0,0,0,82
2025,00-0040784,CLE,redZone,1,1,16,14,30,0,66
2025,00-0040784,CLE,insideTen,0,0,0,10,21,1,38
2025,00-0037267,CLE,redZone,6,5,7,0,0,0,66
2025,00-0040784,CLE,goalLine,0,0,0,9,7,5,25
2025,00-0034775,HOU,thirdAndMedium,14,9,126,0,0,0,69
2025,00-0040583,HOU,thirdAndLong,4,3,33,2,11,0,108
2025,00-0037004,JAX,earlyAndLong,7,6,40,0,0,0,555
2025,00-0038606,JAX,redZone,12,8,49,0,0,1,119
2025,00-0040719,JAX,goalLine,0,0,0,5,2,3,31
2025,00-0034775,HOU,earlyDown,7,4,52,0,0,0,155
2025,00-0034383,HOU,thirdAndMedium,11,8,71,0,0,0,69
2025,00-0040583,HOU,redZone,6,4,12,23,88,3,98
2025,00-0034383,HOU,insideTen,6,3,16,0,0,2,54
2025,00-0038606,JAX,thirdAndMedium,12,5,132,1,-5,0,59
2025,00-0038618,HOU,thirdAndLong,6,4,51,0,0,1,108
2025,00-0033375,JAX,earlyAndLong,11,5,61,0,0,1,555
2025,00-0040719,JAX,thirdAndShort,0,0,0,3,7,0,28
2025,00-0036554,HOU,thirdAndShort,5,4,47,0,0,0,38
2025,00-0039163,HOU,thirdAndLong,0,0,0,5,33,0,108
2025,00-0038935,JAX,thirdAndMedium,4,4,56,0,0,0,59
2025,00-0036971,JAX,thirdAndMedium,0,0,0,5,48,0,59
2025,00-0039890,IND,earlyDown,5,1,6,0,0,0,116
2025,00-0040676,TEN,earlyAndLong,0,0,0,10,37,0,481
2025,00-0036415,TEN,earlyAndLong,23,13,183,0,0,0,481
2025,00-0035710,IND,earlyDown,0,0,0,3,6,0,116
2025,00-0038997,IND,thirdAndLong,15,7,127,0,0,0,75
2025,00-0037594,TEN,thirdAndShort,0,0,0,3,31,0,34
2025,00-0040705,TEN,goalLine,2,2,2,1,1,2,14
2025,00-0035261,TEN,goalLine,0,0,0,4,2,2,14
2025,00-0037664,IND,earlyDown,7,3,53,0,0,0,116
2025,00-0032211,TEN,thirdAndMedium,12,4,42,0,0,0,71
2025,00-0040676,TEN,insideTen,0,0,0,5,21,2,41
2025,00-0037120,IND,earlyAndLong,1,1,0,3,9,0,482
2025,00-0037120,IND,aheadLate,0,0,0,3,6,0,7
2025,00-0040715,NYG,thirdAndMedium,3,3,12,2,4,0,58
2025,00-0033923,KC,earlyDown,2,2,18,23,79,0,126
2025,00-0036637,KC,earlyAndLong,15,8,65,0,0,0,496
2025,00-0038104,KC,earlyDown,3,3,19,0,0,0,126
2025,00-0040078,KC,redZone,4,3,14,5,19,0,88
2025,00-0030506,KC,redZone,5,5,43,0,0,0,88
2025,00-0030506,KC,thirdAndMedium,9,7,76,0,0,1,50
2025,00-0040078,KC,earlyDown,3,2,1,5,18,0,126
2025,00-0040691,NYG,earlyAndLong,0,0,0,30,245,1,510
2025,00-0033923,KC,goalLine,1,1,2,12,11,8,33
2025,00-0038115,NYG,earlyAndLong,11,7,131,0,0,1,510
2025,00-0033923,KC,aheadLate,0,0,0,3,11,0,5
2025,00-0036389,PHI,fourthDown,0,0,0,5,27,0,16
2025,00-0037741,PHI,redZone,5,0,0,0,0,0,84
2025,00-0036912,PHI,redZone,9,5,35,0,0,0,84
2025,00-0031381,LA,insideTen,10,4,25,0,0,4,78
2025,00-0033110,LA,insideTen,3,1,8,0,0,1,78
2025,00-0039738,LA,earlyDown,2,1,13,31,162,0,180
2025,00-0037614,PHI,earlyDown,6,5,43,1,-2,0,137
2025,00-0035676,PHI,redZone,8,7,66,0,0,1,84
2025,00-0035676,PHI,insideTen,5,2,13,0,0,2,50
2025,00-0039751,LA,earlyDown,3,2,18,0,0,0,180
2025,00-0037840,LA,fourthDown,2,2,43,6,42,0,21
2025,00-0035676,PHI,fourthDown,3,1,37,0,0,1,16
2025,00-0036912,PHI,thirdAndMedium,10,8,96,0,0,0,55
2025,00-0036912,PHI,insideTen,3,3,15,0,0,2,50
2025,00-0039075,LA,chasingLate,11,7,101,0,0,0,23
2025,00-0038611,WAS,earlyAndLong,2,2,24,48,199,0,482
2025,00-0038611,WAS,earlyDown,1,1,6,13,115,0,120
2025,00-0038611,WAS,insideTen,0,0,0,13,43,2,50
2025,00-0032268,WAS,goalLine,0,0,0,3,1,1,42
2025,00-0032268,WAS,earlyDown,0,0,0,5,42,0,120
2025,00-0032268,WAS,earlyAndLong,0,0,0,22,130,0,482
2025,00-0032398,WAS,earlyAndLong,15,8,146,1,9,1,482
2025,00-0030061,WAS,earlyDown,8,7,123,0,0,0,120
2025,00-0038563,LV,insideTen,5,4,26,0,0,3,36
2025,00-0033955,WAS,earlyDown,1,1,3,5,67,1,120
2025,00-0033955,WAS,thirdAndLong,6,5,50,5,35,0,80
2025,00-0040242,WAS,goalLine,0,0,0,7,0,2,42
2025,00-0040581,LV,earlyAndLong,14,5,58,0,0,0,452
2025,00-0033955,WAS,thirdAndMedium,4,1,18,2,9,0,47
2025,00-0038563,LV,chasingLate,4,3,71,0,0,1,52
2025,00-0040198,MIA,redZone,2,2,23,7,36,1,75
2025,00-0039880,MIA,insideTen,6,6,20,1,9,3,51
2025,00-0040198,MIA,goalLine,0,0,0,5,3,2,17
2025,00-0038933,BUF,earlyDown,6,4,46,0,0,0,160
2025,00-0038679,BUF,thirdAndShort,3,3,48,0,0,0,42
2025,00-0036212,MIA,thirdAndLong,0,0,0,4,19,0,89
2025,00-0036613,MIA,goalLine,3,2,6,0,0,2,17
2025,00-0035537,BUF,thirdAndLong,7,5,43,0,0,0,84
2025,00-0040198,MIA,earlyDown,0,0,0,5,16,0,107
2025,00-0039040,MIA,insideTen,4,3,19,10,29,3,51
2025,00-0036613,MIA,thirdAndLong,11,5,106,0,0,0,89
2025,00-0038720,MIA,earlyAndLong,8,7,61,0,0,0,462
2025,00-0036613,MIA,thirdAndMedium,5,3,23,0,0,0,48
2025,00-0033906,NO,fourthDown,2,1,2,2,1,0,29
2025,00-0038543,SEA,redZone,15,9,78,0,0,4,116
2025,00-0036741,NO,earlyAndLong,5,3,22,0,0,0,534
2025,00-0033908,SEA,redZone,11,7,59,0,0,3,116
2025,00-0038134,SEA,goalLine,0,0,0,8,4,4,31
2025,00-0033906,NO,thirdAndLong,5,4,38,2,1,0,84
2025,00-0039299,SEA,earlyAndLong,5,5,45,8,23,0,610
2025,00-0033576,SEA,redZone,3,2,13,0,0,0,116
2025,00-0038543,SEA,thirdAndShort,3,1,2,0,0,0,42
2025,00-0038551,NO,earlyDown,0,0,0,7,32,0,130
2025,00-0031236,NO,earlyDown,8,6,50,0,0,0,130
2025,00-0039299,SEA,earlyDown,0,0,0,3,6,0,132
2025,00-0039299,SEA,thirdAndLong,2,1,4,3,15,0,98
2025,00-0040067,SEA,earlyAndLong,0,0,0,4,14,0,610
2025,00-0039299,SEA,thirdAndShort,0,0,0,4,17,0,42
2025,00-0039299,SEA,aheadLate,0,0,0,3,8,0,19
2025,00-0037231,NO,thirdAndMedium,4,1,7,0,0,0,63
2025,00-0040582,NYJ,earlyDown,2,1,6,1,13,0,123
2025,00-0037740,NYJ,redZone,3,1,11,0,0,1,71
2025,00-0040736,NYJ,thirdAndLong,6,5,38,0,0,0,89
2025,00-0040736,NYJ,earlyDown,7,5,36,0,0,0,123
2025,00-0040736,NYJ,thirdAndMedium,6,2,15,0,0,0,72
2025,00-0034855,TB,earlyAndLong,0,0,0,10,31,0,509
2025,00-0040129,TB,thirdAndMedium,9,2,12,0,0,0,60
2025,00-0037740,NYJ,earlyDown,4,2,6,0,0,0,123
2025,00-0036427,NYJ,earlyAndLong,8,6,93,0,0,0,477
2025,00-0034521,NYJ,insideTen,3,1,4,0,0,1,42
2025,00-0034855,TB,earlyDown,0,0,0,4,45,0,137
2025,00-0039361,TB,thirdAndMedium,1,1,2,3,10,0,60
2025,00-0040237,TB,chasingLate,3,0,0,0,0,0,50
2025,00-0036919,PIT,goalLine,0,0,0,6,6,3,31
2025,00-0033555,NE,earlyDown,13,11,127,1,4,0,181
2025,00-0035640,PIT,redZone,6,5,45,0,0,1,79
2025,00-0038621,NE,earlyDown,3,2,21,1,5,0,181
2025,00-0033090,NE,thirdAndMedium,6,5,55,0,0,0,63
2025,00-0036894,PIT,thirdAndMedium,6,3,37,0,0,0,55
2025,00-0033090,NE,goalLine,5,1,1,0,0,1,39
2025,00-0033090,NE,redZone,13,11,112,0,0,2,84
2025,00-0039851,NE,thirdAndShort,0,0,0,8,22,0,36
2025,00-0040131,NE,earlyAndLong,10,6,144,2,3,2,619
2025,00-0033090,NE,thirdAndLong,13,9,101,0,0,0,111
2025,00-0038621,NE,fourthDown,3,3,34,0,0,1,21
2025,00-0034753,BAL,earlyDown,4,2,13,0,0,0,113
2025,00-0033857,KC,redZone,6,2,20,0,0,0,88
2025,00-0039894,KC,earlyAndLong,46,28,335,8,67,0,496
2025,00-0033923,KC,thirdAndMedium,2,2,35,2,5,0,50
2025,00-0040078,KC,insideTen,3,3,9,5,7,1,68
2025,00-0033873,KC,insideTen,0,0,0,4,19,1,68
2025,00-0037197,KC,insideTen,2,1,8,7,14,2,68
2025,00-0034975,BAL,earlyDown,4,4,19,3,6,0,113
2025,00-0039064,BAL,fourthDown,6,4,18,0,0,0,18
2025,00-0040078,KC,thirdAndLong,2,2,15,2,5,0,82
2025,00-0034975,BAL,chasingLate,1,1,4,2,72,1,24
2025,00-0037005,CAR,insideTen,3,3,20,0,0,2,51
2025,00-0038608,NE,thirdAndMedium,5,1,32,0,0,1,63
2025,00-0036139,CAR,thirdAndShort,1,0,0,6,18,0,28
2025,00-0040187,CAR,earlyDown,4,4,35,0,0,0,148
2025,00-0040734,NE,insideTen,3,3,12,17,56,5,71
2025,00-0031588,NE,redZone,5,4,28,0,0,1,84
2025,00-0036275,CHI,thirdAndMedium,6,4,106,5,11,1,73
2025,00-0040122,LV,fourthDown,0,0,0,6,-5,0,27
2025,00-0039338,LV,insideTen,8,5,29,0,0,4,36
2025,00-0040122,LV,insideTen,3,3,22,9,5,4,36
2025,00-0036275,CHI,fourthDown,3,1,7,1,9,0,31
2025,00-0034827,CHI,redZone,6,2,-1,2,12,1,104
2025,00-0031687,LV,earlyDown,1,1,11,3,42,0,105
2025,00-0031687,LV,earlyAndLong,4,4,2,6,22,0,452
2025,00-0031687,LV,redZone,0,0,0,3,10,0,67
2025,00-0039918,CHI,thirdAndMedium,0,0,0,7,28,0,73
2025,00-0036290,CHI,redZone,5,2,25,0,0,1,104
2025,00-0040122,LV,chasingLate,4,3,21,4,32,0,52
2025,00-0036410,CIN,redZone,8,7,56,0,0,1,74
2025,00-0040730,DEN,thirdAndShort,4,4,26,7,20,0,44
2025,00-0040134,DEN,insideTen,4,2,8,1,1,0,56
2025,00-0038976,DEN,redZone,2,1,-3,2,18,1,97
2025,00-0038783,DEN,earlyAndLong,6,4,25,0,0,0,589
2025,00-0033881,DEN,redZone,10,7,52,0,0,1,97
2025,00-0040730,DEN,goalLine,2,2,3,6,7,5,32
2025,00-0040730,DEN,redZone,7,5,37,16,27,1,97
2025,00-0040730,DEN,aheadLate,0,0,0,7,35,0,17
2025,00-0036407,CLE,redZone,6,1,4,0,0,0,66
2025,00-0026158,CLE,goalLine,0,0,0,3,1,1,25
2025,00-0032464,DET,thirdAndLong,4,3,27,0,0,0,88
2025,00-0036963,DET,goalLine,4,1,2,0,0,1,26
2025,00-0037240,DET,earlyDown,6,4,63,1,-3,0,120
2025,00-0038710,CLE,earlyAndLong,5,1,0,0,0,0,517
2025,00-0033885,CLE,redZone,6,3,25,0,0,1,66
2025,00-0040782,CLE,thirdAndLong,12,5,120,0,0,0,117
2025,00-0037240,DET,thirdAndShort,4,2,54,0,0,1,35
2025,00-0039139,DET,fourthDown,0,0,0,4,0,0,20
2025,00-0037816,GB,goalLine,6,4,6,0,0,4,31
2025,00-0036997,DAL,thirdAndMedium,2,1,3,2,5,0,57
2025,00-0038041,DAL,thirdAndMedium,3,3,12,0,0,0,57
2025,00-0038738,DAL,thirdAndLong,5,5,49,4,25,0,74
2025,00-0039410,DAL,earlyAndLong,22,16,205,4,25,0,525
2025,00-0033077,DAL,goalLine,0,0,0,3,3,1,38
2025,00-0038996,GB,thirdAndLong,3,2,20,0,0,0,82
2025,00-0037801,DAL,thirdAndMedium,4,3,25,0,0,0,57
2025,00-0039410,DAL,earlyDown,6,6,85,0,0,1,153
2025,00-0038797,GB,thirdAndShort,1,1,-4,8,24,0,49
2025,00-0038738,DAL,thirdAndShort,1,0,0,5,16,0,35
2025,00-0037247,DAL,fourthDown,5,5,84,0,0,0,23
2025,00-0038797,GB,chasingLate,2,2,21,5,34,0,41
2025,00-0035700,GB,chasingLate,4,2,28,3,22,0,41
2025,00-0038797,GB,redZone,1,1,-1,16,72,1,100
2025,00-0038393,GB,chasingLate,3,1,15,0,0,0,41
2025,00-0036252,IND,thirdAndMedium,7,4,33,0,0,0,50
2025,00-0033110,LA,thirdAndLong,5,3,29,0,0,0,74
2025,00-0039890,IND,thirdAndLong,12,5,41,0,0,0,75
2025,00-0040128,IND,goalLine,3,0,0,3,5,1,37
2025,00-0036849,LA,thirdAndLong,3,0,0,0,0,0,74
2025,00-0026498,LA,earlyAndLong,0,0,0,5,26,0,607
2025,00-0036252,IND,goalLine,3,1,2,0,0,1,37
2025,00-0036244,LA,earlyDown,10,7,74,0,0,0,180
2025,00-0039075,LA,redZone,11,10,85,1,4,2,108
2025,00-0039890,IND,chasingLate,8,2,36,0,0,0,39
2025,00-0036252,IND,chasingLate,7,5,42,0,0,0,39
2025,00-0037834,SF,thirdAndShort,0,0,0,6,18,0,37
2025,00-0036971,JAX,fourthDown,0,0,0,5,11,0,18
2025,00-0029892,SF,earlyDown,4,2,8,0,0,0,147
2025,00-0037112,SF,thirdAndLong,6,4,57,0,0,0,76
2025,00-0037834,SF,earlyAndLong,0,0,0,14,97,0,576
2025,00-0040238,JAX,earlyAndLong,3,3,17,9,25,0,555
2025,00-0040718,JAX,redZone,3,1,10,1,0,0,119
2025,00-0036259,SF,goalLine,4,1,3,0,0,1,37
2025,00-0038606,JAX,goalLine,3,1,3,0,0,1,31
2025,00-0032775,SF,earlyAndLong,19,14,226,1,6,1,576
2025,00-0038090,SF,earlyDown,3,1,23,2,13,0,147
2025,00-0033307,SF,thirdAndMedium,4,2,27,0,0,0,69
2025,00-0036971,JAX,thirdAndShort,0,0,0,8,19,0,28
2025,00-0040691,NYG,earlyDown,0,0,0,6,26,0,135
2025,00-0040691,NYG,redZone,0,0,0,10,65,3,93
2025,00-0035535,NYG,thirdAndMedium,5,3,40,0,0,0,58
2025,00-0040691,NYG,insideTen,0,0,0,5,15,1,52
2025,00-0038115,NYG,thirdAndLong,3,3,54,0,0,1,91
2025,00-0040691,NYG,thirdAndLong,0,0,0,7,54,0,91
2025,00-0039847,NYG,earlyDown,3,2,8,0,0,0,135
2025,00-0040691,NYG,thirdAndShort,0,0,0,7,34,0,31
2025,00-0040691,NYG,thirdAndMedium,0,0,0,3,26,0,58
2025,00-0039847,NYG,goalLine,3,2,4,0,0,2,40
2025,00-0036355,LAC,goalLine,0,0,0,5,7,2,24
2025,00-0035250,NYG,earlyDown,0,0,0,21,118,0,135
2025,00-0035250,NYG,redZone,1,1,3,5,14,0,93
2025,00-0040691,NYG,goalLine,0,0,0,7,6,4,40
2025,00-0038544,LAC,chasingLate,3,1,22,0,0,0,29
2025,00-0037837,PIT,earlyDown,3,3,28,0,0,0,116
2025,00-0038994,MIN,earlyAndLong,42,22,272,2,81,1,455
2025,00-0030035,MIN,thirdAndMedium,6,4,27,0,0,0,43
2025,00-0038994,MIN,thirdAndLong,7,4,117,0,0,0,80
2025,00-0023459,PIT,thirdAndLong,0,0,0,4,43,0,97
2025,00-0038558,PIT,redZone,4,4,18,0,0,0,79
2025,00-0036919,PIT,redZone,11,11,61,7,22,1,79
2025,00-0038440,MIN,redZone,3,3,22,2,6,1,84
2025,00-0040142,PIT,earlyDown,0,0,0,3,10,0,116
2025,00-0040142,PIT,redZone,0,0,0,4,11,0,79
2025,00-0037291,MIN,goalLine,4,1,2,0,0,1,23
2025,00-0037304,PIT,thirdAndShort,0,0,0,4,33,0,32
2025,00-0037525,MIN,goalLine,0,0,0,4,2,2,23
2025,00-0037291,MIN,chasingLate,6,3,23,0,0,0,38
2025,00-0038440,MIN,chasingLate,2,2,12,4,29,0,38
2025,00-0038994,MIN,fourthDown,3,1,5,0,0,0,16
2025,00-0039376,NO,thirdAndShort,0,0,0,5,20,0,42
2025,00-0037261,BUF,fourthDown,5,3,60,0,0,0,23
2025,00-0034857,BUF,thirdAndMedium,0,0,0,10,104,0,58
2025,00-0037545,NO,thirdAndLong,14,6,53,1,9,0,84
2025,00-0037248,BUF,aheadLate,0,0,0,4,15,0,11
2025,00-0031610,MIA,thirdAndMedium,5,4,77,0,0,0,48
2025,00-0031610,MIA,insideTen,5,5,30,0,0,5,51
2025,00-0034521,NYJ,earlyAndLong,3,1,8,0,0,0,477
2025,00-0038720,MIA,earlyDown,3,3,25,0,0,0,107
2025,00-0038720,MIA,redZone,3,1,10,0,0,0,75
2025,00-0036945,NYJ,chasingLate,0,0,0,3,16,0,53
2025,00-0039798,NYJ,chasingLate,3,2,21,1,3,0,53
2025,00-0037805,NYJ,chasingLate,6,4,31,0,0,0,53
2025,00-0037740,NYJ,chasingLate,4,4,59,0,0,1,53
2025,00-0033921,TB,earlyAndLong,23,17,154,0,0,0,509
2025,00-0034351,PHI,goalLine,4,4,8,1,1,5,31
2025,00-0034844,PHI,thirdAndMedium,4,3,1,3,3,0,55
2025,00-0033921,TB,thirdAndLong,6,3,43,0,0,0,95
2025,00-0034351,PHI,insideTen,6,5,28,0,0,5,50
2025,00-0035676,PHI,earlyDown,18,13,126,0,0,0,137
2025,00-0033921,TB,thirdAndMedium,8,5,30,0,0,0,60
2025,00-0033921,TB,earlyDown,4,3,50,0,0,0,137
2025,00-0035676,PHI,thirdAndShort,3,1,11,0,0,0,21
2025,00-0037256,TB,fourthDown,1,1,-3,2,6,0,21
2025,00-0037256,TB,chasingLate,3,2,14,1,4,0,50
2025,00-0038129,TB,fourthDown,5,5,28,0,0,0,21
2025,00-0037744,ARI,redZone,22,14,155,0,0,7,91
2025,00-0038559,ARI,thirdAndShort,3,1,6,0,0,0,29
2025,00-0038559,ARI,earlyDown,10,8,134,0,0,1,114
2025,00-0039521,ARI,earlyAndLong,3,1,6,0,0,0,545
2025,00-0036924,ARI,thirdAndShort,1,0,0,5,12,0,29
2025,00-0039793,SEA,thirdAndShort,1,1,10,6,8,0,42
2025,00-0038705,ARI,chasingLate,1,1,6,2,13,0,41
2025,00-0038559,ARI,chasingLate,9,2,61,0,0,0,41
2025,00-0037744,ARI,chasingLate,4,3,19,0,0,0,41
2025,00-0039163,HOU,fourthDown,0,0,0,3,5,0,15
2025,00-0034383,HOU,earlyDown,10,10,73,0,0,0,155
2025,00-0034775,HOU,thirdAndLong,10,5,83,0,0,0,108
2025,00-0040583,HOU,thirdAndShort,1,0,0,11,32,0,38
2025,00-0034775,HOU,earlyAndLong,22,12,91,0,0,0,613
2025,00-0040583,HOU,thirdAndMedium,2,1,6,3,21,0,69
2025,00-0040583,HOU,fourthDown,1,0,0,3,6,0,15
2025,00-0036415,TEN,earlyDown,9,6,58,0,0,0,125
2025,00-0040138,HOU,earlyDown,3,2,3,0,0,0,155
2025,00-0040130,HOU,thirdAndMedium,9,4,61,0,0,1,69
2025,00-0040170,TEN,fourthDown,7,3,35,0,0,0,30
2025,00-0034791,HOU,aheadLate,0,0,0,4,12,0,8
2025,00-0035261,TEN,chasingLate,7,7,28,4,12,0,47
2025,00-0038611,WAS,redZone,1,0,0,11,44,0,66
2025,00-0033955,WAS,insideTen,0,0,0,3,9,0,50
2025,00-0032268,WAS,thirdAndLong,0,0,0,4,89,0,80
2025,00-0032398,WAS,thirdAndLong,3,1,15,0,0,0,80
2025,00-0036970,ATL,insideTen,6,4,27,0,0,4,49
2025,00-0038611,WAS,thirdAndShort,0,0,0,8,34,0,26
2025,00-0030061,WAS,goalLine,3,0,0,0,0,0,42
2025,00-0033955,WAS,chasingLate,5,4,21,0,0,0,36
2025,00-0040586,DAL,earlyAndLong,1,1,5,23,74,0,525
2025,00-0038547,DAL,earlyDown,5,5,62,0,0,0,153
2025,00-0039410,DAL,thirdAndLong,7,5,31,0,0,0,74
2025,00-0033943,NYJ,thirdAndLong,4,3,24,0,0,0,89
2025,00-0036945,NYJ,thirdAndLong,0,0,0,6,52,0,89
2025,00-0038041,DAL,goalLine,4,2,3,0,0,2,38
2025,00-0037805,NYJ,earlyAndLong,12,10,58,0,0,0,477
2025,00-0040582,NYJ,chasingLate,3,1,14,0,0,0,53
2025,00-0036727,DEN,earlyDown,2,1,6,5,20,0,155
2025,00-0034844,PHI,chasingLate,3,3,12,0,0,0,25
2025,00-0034351,PHI,chasingLate,5,4,47,0,0,0,25
2025,00-0036410,CIN,earlyDown,13,7,139,0,0,3,126
2025,00-0034829,CIN,earlyDown,3,2,16,0,0,0,126
2025,00-0033526,CIN,redZone,1,1,5,8,24,0,74
2025,00-0036410,CIN,goalLine,3,2,4,0,0,2,28
2025,00-0035685,DET,aheadLate,0,0,0,6,19,0,9
2025,00-0034383,HOU,redZone,6,3,21,0,0,0,98
2025,00-0040583,HOU,insideTen,3,2,13,13,8,2,54
2025,00-0038618,HOU,insideTen,3,2,15,0,0,2,54
2025,00-0038454,BAL,redZone,0,0,0,12,42,1,91
2025,00-0039064,BAL,insideTen,5,3,16,0,0,1,49
2025,00-0038618,HOU,redZone,4,3,13,1,9,0,98
2025,00-0038454,BAL,earlyAndLong,12,9,63,27,123,0,451
2025,00-0036232,HOU,earlyDown,3,1,5,0,0,0,155
2025,00-0037838,BAL,thirdAndLong,5,4,38,0,0,0,71
2025,00-0040138,HOU,insideTen,3,1,4,0,0,1,54
2025,00-0038454,BAL,earlyDown,0,0,0,12,86,0,113
2025,00-0030506,KC,goalLine,4,2,4,0,0,2,33
2025,00-0036971,JAX,goalLine,0,0,0,8,7,4,31
2025,00-0036971,JAX,insideTen,0,0,0,10,29,4,72
2025,00-0033873,KC,earlyDown,0,0,0,4,25,0,126
2025,00-0033923,KC,chasingLate,0,0,0,3,12,0,37
2025,00-0030506,KC,chasingLate,11,7,58,0,0,0,37
2025,00-0035662,KC,chasingLate,4,2,71,0,0,0,37
2025,00-0036971,JAX,chasingLate,0,0,0,4,35,0,19
2025,00-0039894,KC,chasingLate,3,1,18,0,0,0,37
2025,00-0030506,KC,thirdAndLong,7,4,73,0,0,0,82
2025,00-0040729,LV,thirdAndMedium,3,1,6,0,0,0,53
2025,00-0034365,LV,earlyAndLong,10,10,97,0,0,0,452
2025,00-0030565,LV,redZone,0,0,0,5,25,0,67
2025,00-0035021,IND,earlyAndLong,6,1,35,1,22,0,482
2025,00-0040729,LV,redZone,3,2,10,0,0,0,67
2025,00-0036252,IND,insideTen,7,5,24,0,0,3,64
2025,00-0040729,LV,earlyAndLong,9,8,107,0,0,0,452
2025,00-0031687,LV,chasingLate,3,3,26,4,17,0,52
2025,00-0039880,MIA,redZone,4,3,9,2,11,0,75
2025,00-0037348,MIA,earlyAndLong,6,4,29,0,0,0,462
2025,00-0031610,MIA,earlyAndLong,14,9,108,0,0,0,462
2025,00-0031610,MIA,earlyDown,2,2,34,1,4,0,107
2025,00-0040644,CAR,earlyDown,1,1,7,2,3,0,148
2025,00-0040218,CAR,earlyAndLong,7,6,73,6,51,0,509
2025,00-0040218,CAR,redZone,3,1,7,0,0,0,89
2025,00-0038720,MIA,thirdAndLong,3,2,23,0,0,0,89
2025,00-0040782,CLE,insideTen,3,0,0,0,0,0,38
2025,00-0040663,CLE,goalLine,2,1,1,1,1,2,25
2025,00-0035249,MIN,earlyAndLong,6,4,61,0,0,1,455
2025,00-0040704,CLE,earlyDown,0,0,0,3,11,0,112
2025,00-0039920,CLE,earlyAndLong,7,5,44,9,74,0,517
2025,00-0036407,CLE,insideTen,3,0,0,0,0,0,38
2025,00-0035229,MIN,earlyDown,6,4,32,0,0,0,115
2025,00-0038994,MIN,thirdAndMedium,3,2,12,0,0,0,43
2025,00-0038994,MIN,redZone,8,5,46,0,0,2,84
2025,00-0040782,CLE,chasingLate,4,1,22,0,0,0,39
2025,00-0033282,BUF,earlyAndLong,5,3,31,0,0,0,555
2025,00-0034857,BUF,redZone,0,0,0,9,49,0,108
2025,00-0039875,BUF,insideTen,1,1,0,2,3,0,64
2025,00-0038115,NYG,earlyDown,4,3,27,0,0,0,135
2025,00-0039424,NO,earlyAndLong,15,11,137,0,0,0,534
2025,00-0037545,NO,thirdAndMedium,4,3,93,0,0,0,63
2025,00-0033357,NO,redZone,0,0,0,5,-3,0,76
2025,00-0033357,NO,thirdAndShort,0,0,0,10,20,0,42
2025,00-0035250,NYG,thirdAndLong,5,5,53,1,5,0,91
2025,00-0038938,NYG,earlyAndLong,8,4,30,0,0,0,510
2025,00-0040432,NYG,earlyAndLong,3,2,25,0,0,0,510
2025,00-0033357,NO,earlyAndLong,8,5,30,16,55,0,534
2025,00-0033357,NO,aheadLate,0,0,0,3,7,0,5
2025,00-0033357,NO,thirdAndLong,4,4,31,1,1,0,84
2025,00-0039847,NYG,chasingLate,4,4,27,0,0,0,39
2025,00-0032775,SF,earlyDown,3,3,36,0,0,0,147
2025,00-0036972,SF,fourthDown,0,0,0,3,6,0,21
2025,00-0032775,SF,thirdAndLong,4,3,41,0,0,0,76
2025,00-0038090,SF,earlyAndLong,4,3,54,1,1,0,576
2025,00-0040737,LA,thirdAndMedium,6,3,51,0,0,0,63
2025,00-0034272,SF,earlyDown,5,2,13,0,0,0,147
2025,00-0037840,LA,thirdAndMedium,3,0,0,4,13,0,63
2025,00-0032775,SF,goalLine,3,1,2,0,0,1,37
2025,00-0039075,LA,goalLine,3,3,4,0,0,3,44
2025,00-0036244,LA,insideTen,9,5,25,0,0,3,78
2025,00-0031381,LA,chasingLate,6,3,34,0,0,0,23
2025,00-0037256,TB,thirdAndShort,0,0,0,8,28,0,41
2025,00-0038951,TB,redZone,2,1,-4,7,41,0,85
2025,00-0034855,TB,redZone,0,0,0,3,18,0,85
2025,00-0039589,TB,earlyAndLong,2,2,47,2,13,1,509
2025,00-0038951,TB,earlyAndLong,7,6,10,43,175,1,509
2025,00-0038129,TB,thirdAndLong,8,7,71,0,0,0,95
2025,00-0037256,TB,insideTen,1,1,1,2,7,1,35
2025,00-0040648,SEA,insideTen,3,1,4,0,0,1,59
2025,00-0038543,SEA,insideTen,8,6,26,0,0,4,59
2025,00-0040129,TB,goalLine,2,0,0,1,0,0,29
2025,00-0039793,SEA,goalLine,3,1,2,1,1,2,31
2025,00-0032385,TB,redZone,5,4,21,0,0,1,85
2025,00-0033908,SEA,earlyDown,4,2,16,0,0,0,132
2025,00-0036924,ARI,earlyAndLong,27,19,164,62,239,0,545
2025,00-0036924,ARI,earlyDown,2,2,6,10,26,0,114
2025,00-0039032,TEN,thirdAndShort,1,1,-1,7,36,0,34
2025,00-0039032,TEN,earlyAndLong,22,20,156,31,102,0,481
2025,00-0036924,ARI,redZone,4,3,18,4,8,0,91
2025,00-0037157,ARI,earlyDown,4,3,13,14,50,0,114
2025,00-0037157,ARI,redZone,5,4,29,3,9,1,91
2025,00-0037157,ARI,goalLine,1,0,0,7,4,3,25
2025,00-0039032,TEN,earlyDown,3,2,1,16,33,0,125
2025,00-0037157,ARI,earlyAndLong,20,14,110,46,176,0,545
2025,00-0038705,ARI,thirdAndLong,8,5,40,6,43,0,100
2025,00-0037809,TEN,thirdAndMedium,5,3,28,0,0,0,71
2025,00-0040584,TEN,redZone,5,3,28,0,0,0,46
2025,00-0040584,TEN,thirdAndMedium,3,3,27,0,0,0,71
2025,00-0037809,TEN,chasingLate,4,2,25,0,0,0,47
2025,00-0037617,LAC,earlyAndLong,2,2,11,9,27,0,546
2025,00-0039391,LAC,earlyAndLong,9,7,47,99,402,0,546
2025,00-0039391,LAC,earlyDown,3,3,17,24,52,0,146
2025,00-0039391,LAC,redZone,3,1,8,16,63,0,96
2025,00-0039391,LAC,goalLine,0,0,0,7,2,2,24
2025,00-0036628,WAS,earlyAndLong,12,8,81,0,0,0,482
2025,00-0040189,LAC,chasingLate,3,2,24,0,0,0,29
2025,00-0037012,LAC,thirdAndLong,0,0,0,3,43,0,93
2025,00-0033119,ARI,thirdAndShort,0,0,0,4,11,0,29
2025,00-0038559,ARI,insideTen,4,2,9,0,0,0,53
2025,00-0032104,IND,earlyAndLong,9,8,59,8,25,0,482
2025,00-0037157,ARI,thirdAndShort,0,0,0,4,15,0,29
2025,00-0037157,ARI,insideTen,0,0,0,7,12,1,53
2025,00-0033119,ARI,insideTen,0,0,0,4,2,0,53
2025,00-0038997,IND,insideTen,5,4,27,0,0,4,64
2025,00-0036924,ARI,chasingLate,7,7,67,2,12,0,41
2025,00-0036924,ARI,insideTen,3,1,1,2,1,0,53
2025,00-0038679,BUF,thirdAndMedium,3,1,43,0,0,1,58
2025,00-0035537,BUF,fourthDown,2,1,23,3,4,0,23
2025,00-0036970,ATL,redZone,6,3,23,0,0,1,71
2025,00-0037238,ATL,redZone,7,4,47,0,0,2,71
2025,00-0038679,BUF,chasingLate,4,2,19,0,0,0,42
2025,00-0034827,CHI,thirdAndMedium,6,3,39,1,3,1,73
2025,00-0039918,CHI,goalLine,1,1,2,2,1,2,44
2025,00-0040735,CHI,earlyDown,8,5,25,3,28,0,146
2025,00-0039919,CHI,earlyDown,6,1,21,0,0,0,146
2025,00-0040126,CHI,redZone,11,7,52,0,0,1,104
2025,00-0040126,CHI,thirdAndMedium,5,2,16,0,0,0,73
2025,00-0036264,GB,thirdAndLong,0,0,0,4,45,0,82
2025,00-0036264,GB,fourthDown,0,0,0,3,5,0,22
2025,00-0034613,CIN,earlyAndLong,7,5,31,0,0,0,508
2025,00-0038619,CIN,redZone,3,1,6,0,0,0,74
2025,00-0034613,CIN,insideTen,3,1,8,0,0,0,49
2025,00-0037091,GB,earlyAndLong,4,1,45,4,21,1,500
2025,00-0033526,CIN,chasingLate,1,1,16,2,3,0,55
2025,00-0033526,CIN,thirdAndMedium,3,3,8,1,3,0,59
2025,00-0033858,PIT,thirdAndMedium,4,2,17,0,0,0,55
2025,00-0035640,PIT,thirdAndMedium,7,3,59,0,0,0,55
2025,00-0040259,CLE,thirdAndLong,2,2,22,1,3,0,117
2025,00-0037228,PIT,thirdAndMedium,5,5,54,3,6,1,55
2025,00-0023459,PIT,earlyAndLong,1,1,-9,3,7,0,490
2025,00-0040259,CLE,earlyAndLong,6,3,32,0,0,0,517
2025,00-0037304,PIT,redZone,1,1,12,2,5,1,79
2025,00-0039410,DAL,insideTen,4,2,10,0,0,2,61
2025,00-0037247,DAL,thirdAndShort,4,3,68,0,0,1,35
2025,00-0040218,CAR,earlyDown,2,2,4,2,18,0,148
2025,00-0033077,DAL,insideTen,0,0,0,3,10,1,61
2025,00-0039798,NYJ,earlyDown,1,0,0,3,23,1,123
2025,00-0038120,NYJ,fourthDown,0,0,0,3,-7,0,32
2025,00-0036427,NYJ,redZone,3,2,18,0,0,1,71
2025,00-0034959,NYJ,earlyAndLong,6,4,42,0,0,0,477
2025,00-0038794,DEN,earlyDown,1,1,9,10,23,0,155
2025,00-0040134,DEN,redZone,4,3,20,0,0,0,97
2025,00-0034348,DEN,insideTen,4,1,6,0,0,1,56
2025,00-0033857,KC,thirdAndLong,4,3,31,0,0,0,82
2025,00-0039894,KC,redZone,4,3,27,0,0,0,88
2025,00-0035685,DET,thirdAndMedium,0,0,0,5,17,0,50
2025,00-0039391,LAC,thirdAndShort,2,2,14,7,114,1,49
2025,00-0040189,LAC,thirdAndLong,6,3,22,0,0,0,93
2025,00-0039391,LAC,insideTen,3,2,8,5,-1,1,53
2025,00-0039915,LAC,insideTen,4,2,12,0,0,2,53
2025,00-0040727,LAC,thirdAndMedium,6,6,72,0,0,0,70
2025,00-0039915,LAC,chasingLate,5,2,48,0,0,0,29
2025,00-0039074,LA,earlyAndLong,16,11,125,0,0,0,607
2025,00-0034753,BAL,thirdAndLong,6,5,34,0,0,0,71
2025,00-0040590,LA,thirdAndMedium,4,2,18,0,0,0,63
2025,00-0040737,LA,insideTen,2,0,0,1,0,0,78
2025,00-0030564,BAL,thirdAndMedium,8,5,50,0,0,0,59
2025,00-0037838,BAL,earlyAndLong,19,16,176,0,0,0,451
2025,00-0035993,BAL,redZone,0,0,0,6,25,0,91
2025,00-0039064,BAL,redZone,6,4,11,1,18,1,91
2025,00-0034981,NO,earlyAndLong,8,6,49,0,0,0,534
2025,00-0033090,NE,thirdAndShort,3,3,29,0,0,0,36
2025,00-0039851,NE,goalLine,0,0,0,3,2,0,39
2025,00-0040131,NE,thirdAndMedium,3,1,4,0,0,0,63
2025,00-0031588,NE,insideTen,5,3,18,0,0,1,71
2025,00-0033555,NE,thirdAndLong,12,6,133,0,0,0,111
2025,00-0035406,NYG,thirdAndLong,8,4,72,0,0,0,91
2025,00-0034351,PHI,redZone,7,6,54,0,0,2,84
2025,00-0035406,NYG,insideTen,4,1,5,0,0,1,52
2025,00-0035406,NYG,earlyAndLong,8,4,55,0,0,1,510
2025,00-0039384,NYG,redZone,4,3,37,15,55,3,93
2025,00-0035406,NYG,earlyDown,8,5,48,0,0,0,135
2025,00-0035250,NYG,aheadLate,0,0,0,4,4,0,5
2025,00-0040739,SEA,thirdAndLong,3,2,11,0,0,0,98
2025,00-0038951,TB,insideTen,1,0,0,7,19,2,35
2025,00-0038563,LV,thirdAndMedium,4,2,33,0,0,0,53
2025,00-0040705,TEN,thirdAndLong,10,6,62,0,0,0,104
2025,00-0039032,TEN,thirdAndLong,8,8,62,3,12,0,104
2025,00-0032211,TEN,thirdAndShort,3,2,3,0,0,0,34
2025,00-0039032,TEN,redZone,4,4,12,5,22,0,46
2025,00-0037809,TEN,insideTen,3,2,10,0,0,1,41
2025,00-0036415,TEN,thirdAndLong,7,2,22,0,0,0,104
2025,00-0040584,TEN,chasingLate,5,4,17,0,0,0,47
2025,00-0033288,SF,earlyAndLong,37,32,409,0,0,1,576
2025,00-0032775,SF,thirdAndMedium,6,3,46,0,0,0,69
2025,00-0037238,ATL,fourthDown,4,0,0,0,0,0,23
2025,00-0036309,ATL,chasingLate,5,2,24,0,0,0,38
2025,00-0037238,ATL,chasingLate,3,2,31,0,0,0,38
2025,00-0033280,SF,aheadLate,0,0,0,6,37,0,13
2025,00-0037746,SF,aheadLate,0,0,0,7,27,0,13
2025,00-0036139,CAR,fourthDown,0,0,0,6,27,0,36
2025,00-0028118,NYJ,thirdAndLong,0,0,0,3,19,0,89
2025,00-0039491,CAR,earlyAndLong,23,17,245,0,0,1,509
2025,00-0039342,CAR,thirdAndLong,7,5,85,0,0,0,84
2025,00-0034521,NYJ,thirdAndLong,3,2,17,0,0,0,89
2025,00-0039150,CAR,thirdAndMedium,0,0,0,5,32,0,66
2025,00-0039342,CAR,thirdAndMedium,6,4,61,0,0,0,66
2025,00-0033119,ARI,earlyDown,0,0,0,4,18,0,114
2025,00-0035628,ARI,earlyAndLong,0,0,0,10,19,0,545
2025,00-0034419,HOU,earlyAndLong,4,2,10,0,0,0,613
2025,00-0038134,SEA,thirdAndMedium,6,4,39,5,11,0,53
2025,00-0038618,HOU,thirdAndMedium,5,2,31,0,0,0,69
2025,00-0040583,HOU,goalLine,1,0,0,5,0,1,33
2025,00-0040130,HOU,insideTen,3,1,8,0,0,1,54
2025,00-0040138,HOU,redZone,2,1,5,2,-1,0,98
2025,00-0039165,SEA,thirdAndMedium,2,1,6,2,8,0,53
2025,00-0036223,IND,fourthDown,0,0,0,3,4,0,18
2025,00-0032104,IND,thirdAndMedium,2,2,6,1,14,0,50
2025,00-0037664,IND,thirdAndLong,10,8,245,0,0,1,75
2025,00-0040189,LAC,thirdAndMedium,5,1,17,0,0,0,70
2025,00-0036355,LAC,insideTen,0,0,0,5,17,0,53
2025,00-0036355,LAC,redZone,0,0,0,5,19,0,96
2025,00-0036223,IND,aheadLate,0,0,0,3,22,0,7
2025,00-0040590,LA,insideTen,3,1,5,0,0,1,78
2025,00-0040737,LA,earlyAndLong,11,3,65,0,0,1,607
2025,00-0038359,LA,redZone,3,3,14,0,0,0,108
2025,00-0039751,LA,thirdAndLong,3,1,19,0,0,0,74
2025,00-0033246,JAX,earlyDown,4,2,25,0,0,0,130
2025,00-0033110,LA,thirdAndMedium,3,0,0,0,0,0,63
2025,00-0036973,JAX,chasingLate,2,2,19,1,13,0,19
2025,00-0039067,KC,insideTen,10,5,18,2,9,0,68
2025,00-0039067,KC,goalLine,5,3,8,1,3,4,33
2025,00-0039067,KC,thirdAndShort,3,3,21,0,0,0,42
2025,00-0039067,KC,earlyAndLong,33,25,361,1,5,1,496
2025,00-0039067,KC,earlyDown,6,4,26,1,3,0,126
2025,00-0040704,CLE,earlyAndLong,0,0,0,5,51,0,517
2025,00-0040131,NE,thirdAndLong,5,2,38,0,0,1,111
2025,00-0040705,TEN,thirdAndShort,5,4,57,0,0,0,34
2025,00-0039032,TEN,thirdAndMedium,4,3,2,5,70,0,71
2025,00-0038621,NE,thirdAndMedium,3,2,56,0,0,0,63
2025,00-0039032,TEN,fourthDown,4,4,30,0,0,0,30
2025,00-0039757,NE,earlyAndLong,1,1,9,7,11,0,619
2025,00-0039757,NE,aheadLate,0,0,0,4,26,0,15
2025,00-0035208,CHI,insideTen,3,2,11,0,0,1,60
2025,00-0039623,NO,thirdAndLong,4,2,11,0,0,0,84
2025,00-0040236,CHI,goalLine,0,0,0,11,10,3,44
2025,00-0040202,NO,earlyDown,2,2,19,12,37,0,130
2025,00-0037545,NO,thirdAndShort,4,1,6,0,0,0,42
2025,00-0040236,CHI,aheadLate,0,0,0,7,18,0,10
2025,00-0040126,CHI,fourthDown,8,5,48,0,0,0,31
2025,00-0039384,NYG,thirdAndShort,3,3,23,2,5,0,31
2025,00-0033881,DEN,earlyDown,8,4,26,0,0,0,155
2025,00-0037085,DEN,redZone,3,3,12,1,6,0,97
2025,00-0039868,DEN,chasingLate,4,1,7,0,0,0,20
2025,00-0038976,DEN,chasingLate,4,3,53,0,0,1,20
2025,00-0034348,DEN,chasingLate,3,3,49,0,0,0,20
2025,00-0039746,PHI,thirdAndLong,6,6,44,3,15,0,112
2025,00-0036322,MIN,insideTen,7,1,10,0,0,1,43
2025,00-0037291,MIN,insideTen,3,2,14,0,0,2,43
2025,00-0038994,MIN,earlyDown,8,4,60,0,0,0,115
2025,00-0030035,MIN,earlyAndLong,13,8,97,0,0,0,455
2025,00-0039739,PIT,earlyAndLong,4,1,4,0,0,0,490
2025,00-0035298,PIT,earlyAndLong,5,4,20,0,0,0,490
2025,00-0033526,CIN,insideTen,0,0,0,5,16,1,49
2025,00-0033858,PIT,redZone,4,2,15,2,17,1,79
2025,00-0036894,PIT,redZone,5,4,35,0,0,2,79
2025,00-0032385,TB,thirdAndMedium,3,2,6,0,0,0,60
2025,00-0038129,TB,thirdAndMedium,7,5,68,0,0,0,60
2025,00-0033106,DET,thirdAndShort,0,0,0,3,3,0,35
2025,00-0040237,TB,thirdAndLong,6,3,39,0,0,0,95
2025,00-0040237,TB,redZone,6,5,43,2,2,2,85
2025,00-0039910,WAS,goalLine,0,0,0,3,2,2,42
2025,00-0032688,WAS,thirdAndLong,3,3,31,0,0,0,80
2025,00-0040164,WAS,thirdAndMedium,4,1,35,0,0,0,47
2025,00-0030061,WAS,fourthDown,4,3,24,0,0,0,17
2025,00-0033955,WAS,redZone,2,2,6,2,28,0,66
2025,00-0032268,WAS,redZone,0,0,0,5,17,0,66
2025,00-0038611,WAS,goalLine,0,0,0,9,9,4,42
2025,00-0038738,DAL,redZone,2,2,12,1,0,0,100
2025,00-0040586,DAL,aheadLate,0,0,0,3,11,0,3
2025,00-0039491,CAR,thirdAndShort,3,3,22,0,0,0,28
2025,00-0040218,CAR,thirdAndLong,3,1,7,0,0,0,84
2025,00-0040194,BUF,earlyDown,5,5,30,0,0,0,160
2025,00-0037261,BUF,thirdAndMedium,10,7,49,0,0,0,58
2025,00-0039491,CAR,earlyDown,8,6,56,0,0,0,148
2025,00-0039491,CAR,thirdAndLong,5,3,48,0,0,0,84
2025,00-0039875,BUF,goalLine,2,1,2,1,1,1,56
2025,00-0040644,CAR,chasingLate,0,0,0,4,16,0,28
2025,00-0040126,CHI,earlyDown,10,5,98,0,0,0,146
2025,00-0035993,BAL,earlyAndLong,0,0,0,6,78,0,451
2025,00-0037838,BAL,redZone,4,1,5,0,0,0,91
2025,00-0036550,BAL,redZone,5,3,22,0,0,0,91
2025,00-0036331,CHI,chasingLate,3,1,24,0,0,0,54
2025,00-0040126,CHI,goalLine,5,2,2,0,0,2,44
2025,00-0034827,CHI,goalLine,4,2,6,0,0,2,44
2025,00-0031588,NE,goalLine,3,3,5,0,0,3,39
2025,00-0040663,CLE,fourthDown,1,1,6,2,2,0,20
2025,00-0040663,CLE,chasingLate,6,5,58,0,0,0,39
2025,00-0036358,DAL,insideTen,5,2,9,0,0,0,61
2025,00-0040586,DAL,earlyDown,0,0,0,3,17,0,153
2025,00-0040586,DAL,redZone,0,0,0,5,14,1,100
2025,00-0040134,DEN,earlyDown,8,6,70,0,0,1,155
2025,00-0040730,DEN,insideTen,4,3,15,9,18,3,56
2025,00-0037563,DAL,thirdAndLong,2,1,10,1,2,0,74
2025,00-0038124,GB,earlyDown,6,6,74,0,0,0,128
2025,00-0037816,GB,thirdAndShort,4,3,74,0,0,1,49
2025,00-0039739,PIT,thirdAndMedium,3,2,72,0,0,1,55
2025,00-0036862,PIT,earlyAndLong,3,3,47,0,0,0,490
2025,00-0038124,GB,thirdAndLong,6,5,145,0,0,1,82
2025,00-0038124,GB,earlyAndLong,29,16,289,0,0,2,500
2025,00-0038797,GB,insideTen,1,0,0,5,9,0,51
2025,00-0039739,PIT,chasingLate,4,3,29,0,0,1,50
2025,00-0037228,PIT,chasingLate,1,0,0,5,17,0,50
2025,00-0039874,MIA,earlyAndLong,3,2,27,36,181,0,462
2025,00-0029604,ATL,earlyAndLong,0,0,0,3,6,0,522
2025,00-0034854,ATL,earlyAndLong,4,1,7,0,0,0,522
2025,00-0036970,ATL,fourthDown,3,3,21,0,0,0,23
2025,00-0039874,MIA,earlyDown,2,1,4,11,40,0,107
2025,00-0039874,MIA,aheadLate,0,0,0,3,7,0,12
2025,00-0036755,LAC,earlyDown,0,0,0,7,21,0,146
2025,00-0033293,MIN,redZone,5,3,11,8,25,0,84
2025,00-0038994,MIN,insideTen,4,2,9,0,0,1,43
2025,00-0036755,LAC,earlyAndLong,1,1,1,24,114,0,546
2025,00-0036355,LAC,thirdAndMedium,0,0,0,5,31,0,70
2025,00-0039391,LAC,thirdAndLong,2,2,64,3,15,0,93
2025,00-0035229,MIN,thirdAndLong,7,3,15,0,0,0,80
2025,00-0030035,MIN,chasingLate,3,1,8,0,0,0,38
2025,00-0038555,PHI,earlyDown,1,1,31,8,66,1,137
2025,00-0035535,NYG,earlyDown,6,4,40,0,0,0,135
2025,00-0035535,NYG,thirdAndLong,6,2,24,0,0,0,91
2025,00-0039384,NYG,insideTen,1,1,-5,6,13,0,52
2025,00-0038555,PHI,aheadLate,0,0,0,3,28,0,5
2025,00-0039451,NYJ,earlyAndLong,14,10,60,3,34,0,477
2025,00-0039451,NYJ,thirdAndLong,9,5,37,0,0,0,89
2025,00-0039451,NYJ,earlyDown,3,2,7,0,0,0,123
2025,00-0040736,NYJ,insideTen,3,2,7,0,0,1,42
2025,00-0038619,CIN,chasingLate,4,2,38,0,0,0,55
2025,00-0039163,HOU,thirdAndShort,0,0,0,3,7,0,38
2025,00-0040130,HOU,redZone,5,4,42,0,0,3,98
2025,00-0032775,SF,thirdAndShort,3,3,25,0,0,0,37
2025,00-0040138,HOU,thirdAndMedium,6,5,23,0,0,0,69
2025,00-0033288,SF,redZone,8,8,80,1,-3,3,110
2025,00-0033854,HOU,redZone,2,1,8,2,12,0,98
2025,00-0036259,SF,chasingLate,3,2,46,0,0,1,30
2025,00-0032775,SF,chasingLate,3,1,6,0,0,0,30
2025,00-0039424,NO,thirdAndLong,7,4,56,0,0,0,84
2025,00-0040202,NO,thirdAndLong,3,3,23,0,0,0,84
2025,00-0038951,TB,goalLine,0,0,0,7,1,4,29
2025,00-0040429,TB,earlyAndLong,0,0,0,3,10,0,509
2025,00-0040743,NO,earlyAndLong,0,0,0,18,109,1,534
2025,00-0036040,NO,thirdAndMedium,8,6,82,0,0,0,63
2025,00-0039424,NO,thirdAndMedium,3,2,24,0,0,0,63
2025,00-0040705,TEN,thirdAndMedium,9,6,73,0,0,0,71
2025,00-0039032,TEN,insideTen,3,3,2,4,5,1,41
2025,00-0033955,WAS,thirdAndShort,1,1,24,3,2,0,26
2025,00-0039067,KC,redZone,4,3,27,0,0,1,88
2025,00-0039067,KC,thirdAndLong,5,3,20,0,0,0,82
2025,00-0040242,WAS,chasingLate,1,0,0,2,4,0,36
2025,00-0033119,ARI,earlyAndLong,0,0,0,13,83,0,545
2025,00-0038705,ARI,earlyDown,1,0,0,5,42,0,114
2025,00-0037563,DAL,earlyDown,0,0,0,13,78,1,153
2025,00-0033119,ARI,thirdAndLong,0,0,0,3,18,0,100
2025,00-0037238,ATL,goalLine,3,2,3,0,0,2,22
2025,00-0039757,NE,earlyDown,0,0,0,4,8,0,181
2025,00-0040131,NE,earlyDown,6,1,18,0,0,0,181
2025,00-0035359,ATL,thirdAndLong,7,3,19,0,0,0,84
2025,00-0037252,MIA,thirdAndLong,4,4,46,0,0,0,89
2025,00-0037252,MIA,earlyAndLong,18,14,162,0,0,0,462
2025,00-0039884,MIA,earlyAndLong,3,1,19,0,0,0,462
2025,00-0038454,BAL,aheadLate,0,0,0,4,27,0,15
2025,00-0038797,GB,thirdAndLong,2,1,4,1,5,0,82
2025,00-0038124,GB,thirdAndMedium,9,5,71,0,0,1,50
2025,00-0039144,GB,thirdAndLong,3,3,20,0,0,0,82
2025,00-0040236,CHI,fourthDown,0,0,0,3,5,0,31
2025,00-0036290,CHI,thirdAndMedium,4,2,15,0,0,0,73
2025,00-0040126,CHI,insideTen,3,2,7,1,-2,1,60
2025,00-0038839,CIN,chasingLate,3,0,0,0,0,0,55
2025,00-0040134,DEN,thirdAndLong,5,3,28,0,0,0,110
2025,00-0036898,HOU,earlyAndLong,0,0,0,5,28,0,613
2025,00-0035640,PIT,insideTen,3,1,0,1,6,1,60
2025,00-0038558,PIT,insideTen,3,1,5,0,0,0,60
2025,00-0036894,PIT,earlyDown,4,3,28,0,0,0,116
2025,00-0038558,PIT,earlyDown,7,6,57,0,0,0,116
2025,00-0037664,IND,chasingLate,7,2,42,0,0,0,39
2025,00-0037120,IND,chasingLate,1,1,8,2,9,0,39
2025,00-0039066,LV,redZone,3,2,15,0,0,0,67
2025,00-0031687,LV,thirdAndLong,2,2,25,2,6,0,89
2025,00-0036973,JAX,goalLine,0,0,0,7,7,2,31
2025,00-0036841,JAX,thirdAndMedium,3,1,13,0,0,0,59
2025,00-0035537,BUF,thirdAndMedium,4,3,65,2,2,1,58
2025,00-0036360,KC,earlyAndLong,2,2,9,5,9,0,496
2025,00-0039894,KC,thirdAndLong,6,2,38,0,0,0,82
2025,00-0035537,BUF,insideTen,1,1,6,6,26,2,64
2025,00-0035537,BUF,goalLine,0,0,0,5,5,2,56
2025,00-0039067,KC,fourthDown,5,2,48,0,0,0,21
2025,00-0037261,BUF,thirdAndShort,3,2,11,0,0,0,42
2025,00-0036755,LAC,redZone,0,0,0,4,16,0,96
2025,00-0040705,TEN,insideTen,3,3,14,1,-7,1,41
2025,00-0039065,DET,fourthDown,3,3,71,0,0,1,20
2025,00-0033293,MIN,thirdAndLong,5,4,33,4,14,0,80
2025,00-0037291,MIN,thirdAndLong,5,3,44,0,0,0,80
2025,00-0039923,MIN,insideTen,0,0,0,3,18,1,43
2025,00-0038359,LA,earlyDown,3,2,19,0,0,0,180
2025,00-0040737,LA,thirdAndLong,5,2,37,0,0,0,74
2025,00-0040743,NO,earlyDown,0,0,0,4,33,0,130
2025,00-0040202,NO,redZone,1,1,1,3,11,0,76
2025,00-0039738,LA,thirdAndShort,0,0,0,5,5,0,45
2025,00-0033357,NO,insideTen,0,0,0,6,9,0,31
2025,00-0037742,WAS,earlyAndLong,9,6,74,0,0,0,482
2025,00-0038611,WAS,chasingLate,0,0,0,7,52,0,36
2025,00-0035250,NYG,insideTen,1,1,2,8,24,2,52
2025,00-0037746,SF,redZone,3,2,10,9,39,1,110
2025,00-0035535,NYG,chasingLate,4,2,24,0,0,0,39
2025,00-0038117,NYG,chasingLate,3,0,0,0,0,0,39
2025,00-0039041,ARI,thirdAndMedium,4,2,24,0,0,0,57
2025,00-0039299,SEA,redZone,0,0,0,4,7,0,116
2025,00-0036924,ARI,thirdAndMedium,1,1,11,3,15,0,57
2025,00-0036429,ATL,earlyDown,3,3,36,0,0,0,135
2025,00-0037263,ATL,chasingLate,0,0,0,3,16,0,38
2025,00-0040128,IND,chasingLate,3,1,3,0,0,0,39
2025,00-0033293,MIN,insideTen,0,0,0,5,18,1,43
2025,00-0033293,MIN,fourthDown,1,0,0,2,7,0,16
2025,00-0039874,MIA,insideTen,0,0,0,3,-5,0,51
2025,00-0035689,BUF,thirdAndLong,4,3,24,0,0,0,84
2025,00-0035689,BUF,insideTen,5,2,3,0,0,1,64
2025,00-0037252,MIA,earlyDown,3,3,59,0,0,0,107
2025,00-0035537,BUF,earlyDown,1,1,16,3,3,0,160
2025,00-0039040,MIA,aheadLate,0,0,0,7,17,0,12
2025,00-0037614,NYJ,thirdAndMedium,5,4,54,0,0,1,72
2025,00-0032688,WAS,earlyAndLong,3,0,0,0,0,0,482
2025,00-0037742,WAS,thirdAndLong,4,1,8,0,0,0,80
2025,00-0037742,WAS,thirdAndMedium,3,2,43,0,0,0,47
2025,00-0035719,WAS,goalLine,2,0,0,1,-2,0,42
2025,00-0038606,JAX,insideTen,4,4,24,1,-8,3,72
2025,00-0036841,JAX,earlyAndLong,4,1,18,0,0,0,555
2025,00-0040590,LA,earlyAndLong,12,5,54,0,0,0,607
2025,00-0040590,LA,thirdAndLong,5,2,11,0,0,0,74
2025,00-0033288,SF,thirdAndLong,5,4,38,0,0,0,76
2025,00-0038951,TB,thirdAndShort,1,1,28,6,25,1,41
2025,00-0040734,NE,goalLine,0,0,0,4,0,1,39
2025,00-0040129,TB,insideTen,3,0,0,0,0,0,35
2025,00-0039491,CAR,thirdAndMedium,6,5,81,0,0,0,66
2025,00-0033357,NO,fourthDown,1,1,13,4,6,0,29
2025,00-0040202,NO,thirdAndMedium,2,1,10,2,3,0,63
2025,00-0035250,NYG,goalLine,0,0,0,9,-6,2,40
2025,00-0035250,NYG,thirdAndMedium,1,1,4,6,44,1,58
2025,00-0035250,NYG,thirdAndShort,1,1,41,5,11,0,31
2025,00-0040735,CHI,chasingLate,4,3,59,0,0,0,54
2025,00-0039384,NYG,chasingLate,3,3,9,4,27,0,39
2025,00-0034844,PHI,thirdAndShort,0,0,0,5,58,1,21
2025,00-0037091,GB,chasingLate,3,1,18,0,0,0,41
2025,00-0037837,PIT,thirdAndMedium,5,3,58,0,0,0,55
2025,00-0039391,LAC,thirdAndMedium,2,0,0,2,14,0,70
2025,00-0039796,BAL,thirdAndLong,5,5,57,0,0,1,71
2025,00-0040668,CLE,thirdAndLong,0,0,0,5,52,0,117
2025,00-0034753,BAL,fourthDown,1,1,14,2,37,1,18
2025,00-0035359,ATL,chasingLate,3,2,28,0,0,0,38
2025,00-0034798,CHI,earlyAndLong,7,5,31,0,0,0,593
2025,00-0040236,CHI,thirdAndLong,5,3,51,1,1,0,100
2025,00-0037304,PIT,fourthDown,0,0,0,4,3,0,15
2025,00-0038558,PIT,thirdAndLong,3,3,43,0,0,0,97
2025,00-0034613,CIN,chasingLate,4,4,31,0,0,0,55
2025,00-0038738,DAL,earlyDown,2,2,26,3,15,0,153
2025,00-0037563,DAL,earlyAndLong,2,0,0,27,146,0,525
2025,00-0038738,DAL,earlyAndLong,3,2,15,3,15,0,525
2025,00-0036754,DET,earlyDown,3,1,4,0,0,0,120
2025,00-0037741,PHI,earlyDown,3,3,18,0,0,0,137
2025,00-0037240,DET,insideTen,4,1,2,1,7,0,70
2025,00-0037240,DET,chasingLate,3,2,38,0,0,0,35
2025,00-0036165,NYG,earlyAndLong,4,3,32,0,0,0,510
2025,00-0038797,GB,goalLine,1,0,0,3,3,2,31
2025,00-0038124,GB,redZone,2,2,22,1,3,1,100
2025,00-0034775,HOU,insideTen,6,3,22,0,0,2,54
2025,00-0038794,DEN,earlyAndLong,7,4,20,26,148,0,589
2025,00-0038794,DEN,insideTen,0,0,0,3,8,1,56
2025,00-0035291,LAC,earlyDown,0,0,0,3,5,0,146
2025,00-0035291,LAC,earlyAndLong,2,2,27,3,1,0,546
2025,00-0040039,LAC,earlyAndLong,1,0,0,2,8,0,546
2025,00-0033375,JAX,redZone,5,4,22,0,0,0,119
2025,00-0036590,JAX,earlyAndLong,5,5,50,0,0,0,555
2025,00-0036973,JAX,thirdAndMedium,1,0,0,3,6,0,59
2025,00-0037012,LAC,earlyAndLong,0,0,0,4,17,0,546
2025,00-0037012,LAC,thirdAndShort,0,0,0,3,3,0,49
2025,00-0039890,NYJ,redZone,6,2,16,0,0,0,71
2025,00-0037805,NYJ,earlyDown,3,3,21,0,0,0,123
2025,00-0040734,NE,aheadLate,0,0,0,4,23,0,15
2025,00-0039793,SEA,earlyDown,3,2,12,0,0,0,132
2025,00-0034869,SEA,thirdAndShort,0,0,0,4,10,0,42
2025,00-0033908,SEA,insideTen,4,2,8,0,0,0,59
2025,00-0039521,ARI,thirdAndLong,3,2,15,0,0,0,100
2025,00-0039041,ARI,thirdAndLong,3,3,50,0,0,0,100
2025,00-0039521,ARI,redZone,3,2,10,0,0,0,91
2025,00-0035500,ARI,chasingLate,3,3,23,0,0,0,41
2025,00-0036196,BUF,earlyAndLong,6,4,71,0,0,0,555
2025,00-0037252,MIA,insideTen,2,0,0,1,-7,0,51
2025,00-0039623,NO,earlyAndLong,6,5,40,2,23,0,534
2025,00-0035359,ATL,insideTen,3,2,18,0,0,2,49
2025,00-0038953,ATL,earlyAndLong,4,4,32,0,0,0,522
2025,00-0038953,ATL,thirdAndMedium,3,1,4,0,0,0,52
2025,00-0040202,NO,thirdAndShort,0,0,0,3,12,0,42
2025,00-0033357,NO,earlyDown,2,1,17,4,12,0,130
2025,00-0040743,NO,insideTen,0,0,0,4,7,0,31
2025,00-0040743,NO,goalLine,0,0,0,4,4,1,19
2025,00-0037263,ATL,thirdAndLong,1,0,0,2,9,0,84
2025,00-0037248,BUF,chasingLate,1,1,6,3,10,0,42
2025,00-0035537,BUF,chasingLate,2,1,9,2,10,0,42
2025,00-0036555,CAR,thirdAndLong,5,5,64,2,20,1,84
2025,00-0037834,SF,fourthDown,0,0,0,4,10,0,21
2025,00-0040124,CAR,thirdAndShort,3,1,11,0,0,0,28
2025,00-0039491,CAR,insideTen,4,4,23,0,0,2,51
2025,00-0039067,KC,thirdAndMedium,5,2,15,0,0,0,50
2025,00-0037292,IND,earlyAndLong,3,2,15,0,0,0,482
2025,00-0034960,JAX,insideTen,4,2,13,1,3,1,72
2025,00-0038935,JAX,redZone,7,3,17,0,0,0,119
2025,00-0038685,GB,aheadLate,0,0,0,3,14,0,9
2025,00-0038619,CIN,thirdAndShort,3,2,28,0,0,0,40
2025,00-0034829,CIN,fourthDown,3,1,3,0,0,0,14
2025,00-0036165,NYG,thirdAndLong,5,1,30,0,0,0,91
2025,00-0036165,NYG,redZone,3,1,12,0,0,1,93
2025,00-0037614,NYJ,redZone,3,1,13,0,0,1,71
2025,00-0037614,NYJ,fourthDown,4,1,10,0,0,0,32
2025,00-0037614,NYJ,chasingLate,3,3,31,0,0,0,53
2025,00-0040024,PHI,earlyAndLong,7,7,82,0,0,0,531
2025,00-0040236,CHI,thirdAndShort,1,1,9,10,32,0,40
2025,00-0040584,TEN,fourthDown,4,3,34,0,0,0,30
2025,00-0036133,TEN,thirdAndLong,3,2,36,0,0,0,104
2025,00-0036133,TEN,earlyAndLong,3,2,12,0,0,0,481
2025,00-0040584,TEN,thirdAndLong,3,3,19,0,0,0,104
2025,00-0040522,TEN,chasingLate,3,1,15,0,0,0,47
2025,00-0040237,TB,earlyDown,2,2,34,1,6,0,137
2025,00-0033921,TB,insideTen,4,2,10,0,0,1,35
2025,00-0038129,TB,redZone,4,2,23,0,0,1,85
2025,00-0039451,NYJ,thirdAndMedium,6,5,54,0,0,0,72
2025,00-0037614,NYJ,thirdAndLong,3,2,10,0,0,0,89
2025,00-0036196,BUF,insideTen,4,3,15,0,0,0,64
2025,00-0036912,PHI,chasingLate,3,3,29,0,0,0,25
2025,00-0040735,CHI,fourthDown,4,1,12,0,0,0,31
2025,00-0033526,CIN,goalLine,0,0,0,3,2,1,28
2025,00-0036442,CIN,earlyAndLong,0,0,0,5,27,0,508
2025,00-0039796,BAL,chasingLate,2,2,1,3,17,0,24
2025,00-0038794,DEN,redZone,0,0,0,3,19,0,97
2025,00-0037742,WAS,insideTen,3,1,5,0,0,1,50
2025,00-0035659,WAS,chasingLate,3,1,12,0,0,0,36
2025,00-0033455,DET,redZone,3,3,14,0,0,0,95
2025,00-0039359,HOU,insideTen,2,2,12,1,1,0,54
2025,00-0039359,HOU,redZone,2,2,9,4,6,0,98
2025,00-0037563,DAL,redZone,0,0,0,4,12,0,100
2025,00-0037005,CAR,thirdAndMedium,3,2,9,0,0,0,66
2025,00-0037012,LAC,earlyDown,0,0,0,3,8,0,146
2025,00-0039623,NO,earlyDown,3,2,14,2,-5,0,130
2025,00-0034418,MIA,earlyAndLong,4,2,27,0,0,0,462
2025,00-0038397,NO,earlyDown,0,0,0,4,13,0,130
2025,00-0038397,NO,earlyAndLong,1,1,6,11,22,0,534
2025,00-0037834,SF,thirdAndLong,0,0,0,4,23,0,76
2025,00-0037091,GB,thirdAndLong,3,0,0,0,0,0,82
2025,00-0035689,BUF,goalLine,3,1,2,0,0,0,56
2025,00-0032211,LV,chasingLate,3,2,31,0,0,0,52
2025,00-0040729,LV,chasingLate,3,3,27,0,0,0,52
2025,00-0033854,HOU,insideTen,1,1,6,2,7,1,54
2025,00-0039067,KC,chasingLate,3,3,27,0,0,0,37
2025,00-0032104,IND,thirdAndLong,3,3,21,0,0,0,75
2025,00-0038640,ARI,earlyAndLong,4,2,32,0,0,0,545
2025,00-0037557,LA,earlyAndLong,0,0,0,3,17,0,607
2025,00-0037252,MIA,redZone,4,3,30,0,0,1,75
2025,00-0039874,MIA,goalLine,0,0,0,3,4,2,17
2025,00-0040398,NYJ,thirdAndShort,0,0,0,3,3,0,34
2025,00-0039874,MIA,thirdAndLong,1,1,13,4,9,0,89
2025,00-0039874,MIA,redZone,0,0,0,6,37,0,75
2025,00-0037475,NYJ,chasingLate,4,3,12,0,0,0,53
2025,00-0040743,NO,redZone,0,0,0,3,27,1,76
2025,00-0039373,NO,earlyDown,1,1,4,8,36,0,130
2025,00-0039373,NO,earlyAndLong,10,9,75,25,134,1,534
2025,00-0039373,NO,insideTen,0,0,0,3,12,0,31
2025,00-0036355,LAC,chasingLate,0,0,0,3,17,0,29
2025,00-0035359,ATL,redZone,3,1,6,0,0,0,71
2025,00-0037745,SEA,aheadLate,0,0,0,3,6,0,19
2025,00-0037745,SEA,thirdAndLong,0,0,0,3,28,0,98
2025,00-0040668,CLE,earlyAndLong,0,0,0,6,55,0,517
2025,00-0040162,CLE,chasingLate,3,2,16,1,2,0,39
2025,00-0039405,HOU,earlyDown,1,1,3,6,23,0,155
2025,00-0039405,HOU,earlyAndLong,6,6,31,30,155,0,613
2025,00-0040556,ARI,earlyDown,0,0,0,3,18,0,114
2025,00-0039405,HOU,redZone,0,0,0,3,8,0,98
2025,00-0031408,TB,goalLine,3,1,1,0,0,1,29
2025,00-0039855,TB,earlyAndLong,8,6,85,0,0,0,509
2025,00-0033555,NE,chasingLate,3,3,22,0,0,0,28
2025,00-0038397,NO,redZone,0,0,0,3,12,0,76
2025,00-0037231,NO,earlyAndLong,11,7,97,0,0,0,534
2025,00-0037231,NO,thirdAndLong,3,2,8,0,0,0,84
2025,00-0039491,CAR,chasingLate,4,3,20,0,0,0,28
2025,00-0036244,LA,thirdAndShort,4,2,19,0,0,0,45
2025,00-0040669,DET,insideTen,3,1,4,0,0,1,70
2025,00-0038685,GB,chasingLate,1,0,0,2,17,0,41
2025,00-0039146,GB,chasingLate,4,1,20,0,0,0,41
2025,00-0033576,SEA,earlyAndLong,3,1,9,0,0,0,610
2025,00-0038555,PHI,insideTen,0,0,0,4,11,0,50
2025,00-0038555,PHI,goalLine,0,0,0,5,3,1,31
2025,00-0037304,PIT,goalLine,0,0,0,3,3,2,31
2025,00-0031610,MIA,chasingLate,3,2,15,0,0,0,44
2025,00-0033293,MIN,aheadLate,0,0,0,7,23,0,14
2025,00-0040398,NYJ,earlyAndLong,0,0,0,3,18,0,477
2025,00-0040398,NYJ,thirdAndLong,0,0,0,3,20,0,89
2025,00-0036906,NYJ,earlyAndLong,1,1,4,7,19,0,477
2025,00-0040205,TEN,thirdAndShort,0,0,0,3,7,0,34
2025,00-0036133,TEN,chasingLate,5,1,5,0,0,0,47
2025,00-0038117,NYG,insideTen,3,0,0,0,0,0,52
2025,00-0040556,ARI,earlyAndLong,1,0,0,6,28,0,545
2025,00-0035291,CLE,thirdAndLong,2,2,31,1,7,0,117
2025,00-0040466,CLE,earlyDown,0,0,0,5,11,0,112
2025,00-0040466,CLE,thirdAndShort,0,0,0,4,12,0,33
2025,00-0040466,CLE,earlyAndLong,4,3,21,10,47,0,517
2025,00-0035291,CLE,thirdAndMedium,1,0,0,2,20,0,58
2025,00-0040234,MIA,earlyAndLong,0,0,0,3,14,0,462
2025,00-0040311,MIA,chasingLate,3,2,32,0,0,0,44
2025,00-0038124,GB,insideTen,4,1,7,0,0,1,51
2025,00-0040277,CHI,earlyAndLong,3,3,37,0,0,0,593
2025,00-0038128,GB,earlyAndLong,0,0,0,6,59,1,500
2025,00-0038128,GB,insideTen,0,0,0,3,6,0,51
2025,00-0036973,JAX,aheadLate,0,0,0,4,17,0,6
2025,00-0037617,LAC,aheadLate,0,0,0,3,11,0,14
2025,00-0040590,LA,redZone,3,2,15,0,0,0,108
2025,00-0040122,LV,thirdAndMedium,3,3,73,1,-1,1,53
2025,00-0032392,NE,chasingLate,3,3,18,0,0,0,28
2025,00-0039373,NO,thirdAndMedium,2,2,24,4,14,0,63
2025,00-0033455,DET,earlyAndLong,4,3,26,0,0,0,503
2025,00-0035298,PIT,fourthDown,3,1,7,0,0,0,15
2025,00-0039855,TB,thirdAndLong,4,4,46,0,0,0,95
2025,00-0032764,BAL,thirdAndMedium,0,0,0,3,24,0,59
2025,00-0038582,GB,earlyAndLong,0,0,0,3,17,0,500
2025,00-0026300,WAS,earlyAndLong,0,0,0,8,48,0,482
2025,00-0038809,MIN,earlyAndLong,3,2,21,0,0,0,455
2025,00-0037276,MIN,earlyAndLong,2,2,13,12,35,0,455
2025,00-0037276,MIN,earlyDown,0,0,0,3,11,0,115
2025,00-0034159,LAC,thirdAndLong,3,2,24,0,0,0,93
2025,00-0036425,JAX,earlyAndLong,1,0,0,2,21,0,555
2025,00-0040563,NE,earlyAndLong,3,3,85,0,0,0,619
2025,00-0035628,NE,aheadLate,0,0,0,3,5,0,15
2025,00-0036906,NYJ,redZone,1,0,0,2,10,0,71
2025,00-0034860,NO,earlyAndLong,6,6,75,0,0,0,534
2025,00-0034272,PIT,insideTen,3,0,0,0,0,0,60
2025,00-0035645,NYG,earlyAndLong,4,4,57,0,0,0,510
2025,00-0040021,DAL,earlyAndLong,1,1,10,3,12,0,525
2025,00-0039603,HOU,earlyAndLong,0,0,0,6,44,0,613
2025,00-0039603,HOU,earlyDown,0,0,0,3,9,0,155
2025,00-0039603,HOU,chasingLate,0,0,0,3,10,0,25
2025,00-0040727,LAC,chasingLate,5,2,22,0,0,0,29
2025,00-0036842,NYJ,earlyAndLong,1,0,0,5,14,0,477
2025,00-0036875,NE,aheadLate,0,0,0,3,2,0,15
2025,00-0037745,SEA,earlyAndLong,0,0,0,3,8,0,610
