season,week,gsisId,position,points,targets,carries
2026,1,00-0039299,RB,5.6,1.48,4.99
2026,1,00-0041512,RB,9.78,1.31,12.78
2026,1,00-0041395,TE,4.57,2.55,0
2026,1,00-0034869,QB,19.81,0,2.92
2026,1,00-0040648,WR,3.52,2.08,0.05
2026,1,00-0038797,RB,2.42,0.34,3.02
2026,1,00-0039851,QB,21.35,0,4.26
2026,1,00-0040556,RB,0.18,0.01,0.26
2026,1,00-0040739,TE,3.9,2.36,0
2026,1,00-0033555,WR,3.58,1.95,0.04
2026,1,00-0035676,WR,16.84,8.02,0.04
2026,1,00-0038543,WR,19.69,9.28,0.42
2026,1,00-0040131,WR,0.27,0.16,0.05
2026,1,00-0033090,TE,9.41,4.75,0
2026,1,00-0033908,WR,7.91,4.26,0.06
2026,1,00-0033576,TE,0.48,0.28,0
2026,1,00-0037545,WR,9.07,4.72,0.62
2026,1,00-0040563,WR,0.13,0.06,0
2026,1,00-0039793,TE,9.32,4.67,0.57
2026,1,00-0040734,RB,10.05,2.47,8.38
2026,1,00-0036875,RB,11.76,2.08,12.66
2026,1,00-0037816,WR,10.57,5.78,0
2026,1,00-0038621,WR,6.42,3.34,0.34
2026,1,00-0040590,WR,0.87,0.65,0
2026,1,00-0029892,FB,1.68,0.92,0.11
2026,1,00-0033288,TE,10.09,4.5,0
2026,1,00-0039074,TE,0.8,0.46,0
2026,1,00-0038359,WR,1.05,0.53,0.09
2026,1,00-0039738,RB,8.52,1.06,10.72
2026,1,00-0026498,QB,19.31,0,1.31
2026,1,00-0039075,WR,20.48,9.66,0.45
2026,1,00-0040172,WR,0.22,0.13,0
2026,1,00-0041035,WR,6.9,3.82,0.17
2026,1,00-0037834,QB,21.23,0,3.95
2026,1,00-0037112,TE,2.17,1.22,0
2026,1,00-0040177,RB,1.7,0.34,1.85
2026,1,00-0033110,TE,2.07,1.18,0
2026,1,00-0032775,WR,2.83,1.54,0
2026,1,00-0040737,TE,3.69,2.56,0
2026,1,00-0041510,TE,1.66,0.99,0
2026,1,00-0031381,WR,12.28,6.79,0
2026,1,00-0031408,WR,12.77,6.78,0
2026,1,00-0035719,WR,10.13,5.03,0.89
2026,1,00-0036244,TE,5.42,2.85,0
2026,1,00-0036887,TE,0.62,0.35,0
2026,1,00-0037557,RB,0.16,0.02,0.22
2026,1,00-0039365,WR,0.02,0.01,0
2026,1,00-0039751,WR,0.63,0.35,0.07
2026,1,00-0041052,RB,1.93,0.39,2.3
2026,1,00-0033280,RB,21.03,5.53,17.64
2026,1,00-0036849,WR,0.11,0.07,0.01
2026,1,00-0037840,RB,14.36,2.54,14.93
2026,1,00-0038640,WR,1.43,0.95,0
2026,1,00-0038710,TE,1.41,0.92,0
2026,1,00-0038685,RB,5.07,1.84,3.52
2026,1,00-0039373,RB,1.53,0.29,1.74
2026,1,00-0039912,TE,1.18,0.66,0
2026,1,00-0039337,WR,13.78,8.36,0.15
2026,1,00-0039424,WR,9.83,5.67,0.05
2026,1,00-0040719,RB,11.32,2.43,11.74
2026,1,00-0040198,RB,2.63,0.75,2.39
2026,1,00-0040667,WR,9.91,5.5,0.82
2026,1,00-0040142,RB,3.55,0.67,4.79
2026,1,00-0040126,TE,14.17,7.16,0.05
2026,1,00-0040128,TE,13.93,7.79,0.26
2026,1,00-0040124,WR,14,7.96,0.08
2026,1,00-0040122,RB,13.8,3.63,15.51
2026,1,00-0040669,WR,5.01,2.92,0.05
2026,1,00-0040138,WR,5.06,2.62,0.08
2026,1,00-0040277,WR,2.07,1.24,0
2026,1,00-0040509,TE,0.23,0.13,0
2026,1,00-0040876,WR,0.98,0.57,0
2026,1,00-0041027,RB,13.32,3.96,11.51
2026,1,00-0041503,TE,1.47,0.87,0
2026,1,00-0040894,WR,0.01,0.01,0
2026,1,00-0041032,TE,4.03,2.32,0.05
2026,1,00-0041084,TE,1.25,0.73,0
2026,1,00-0041069,WR,2.62,1.62,0
2026,1,00-0033858,TE,3.54,2.01,0
2026,1,00-0034855,QB,19.81,0,3.25
2026,1,00-0034365,TE,0.29,0.18,0
2026,1,00-0035261,RB,10.04,2.18,10.65
2026,1,00-0035125,FB,0.67,0.13,0.8
2026,1,00-0035208,WR,4.83,2.95,0.21
2026,1,00-0036355,QB,20.05,0,4.46
2026,1,00-0036040,TE,10.43,5.71,0
2026,1,00-0036912,WR,14.87,7.35,0.05
2026,1,00-0037005,TE,2.22,1.28,0
2026,1,00-0036842,RB,0.1,0.01,0.18
2026,1,00-0037744,TE,15.58,8.58,0
2026,1,00-0037263,RB,8.47,1.37,10.2
2026,1,00-0037291,WR,8.26,4.62,0.23
2026,1,00-0037304,RB,0.89,0.38,0.41
2026,1,00-0037594,RB,0.29,0.12,0.21
2026,1,00-0037563,RB,4.56,0.79,4.67
2026,1,00-0038597,RB,16.75,4.82,14.69
2026,1,00-0038996,TE,10.86,4.88,0
2026,1,00-0038994,WR,11.24,6.01,0.27
2026,1,00-0039163,QB,18.45,0,2.61
2026,1,00-0039041,TE,3.13,1.75,0
2026,1,00-0038738,FB,1.77,0.7,0.91
2026,1,00-0039910,QB,20.83,0,7.1
2026,1,00-0039407,RB,0.81,0.42,0.26
2026,1,00-0039361,RB,12.15,2.56,13.12
2026,1,00-0039919,WR,11.52,6.7,0.05
2026,1,00-0039890,WR,6.48,4.58,0.06
2026,1,00-0039792,WR,2.02,1.11,0.06
2026,1,00-0039739,WR,1.98,1.25,0
2026,1,00-0039901,WR,4.32,2.38,0.04
2026,1,00-0040179,RB,1.46,0.52,1.32
2026,1,00-0040154,WR,1.81,1.01,0.04
2026,1,00-0040735,WR,13.49,6.54,0.54
2026,1,00-0040218,WR,1.9,0.96,0.4
2026,1,00-0040242,RB,10.81,2.72,9.06
2026,1,00-0040075,WR,0.23,0.11,0.05
2026,1,00-0040870,WR,5.11,3.08,0
2026,1,00-0041070,WR,1.55,0.94,0
2026,1,00-0041096,RB,1.06,0.16,1.37
2026,1,00-0041099,WR,2.7,1.72,0
2026,1,00-0030565,QB,16.49,0,3
2026,1,00-0031235,WR,1.09,0.65,0
2026,1,00-0031610,TE,8,4.15,0
2026,1,00-0033077,QB,21.11,0,2.41
2026,1,00-0033246,TE,1,0.58,0
2026,1,00-0033307,WR,4.81,2.66,0
2026,1,00-0034796,QB,22.64,0,8.14
2026,1,00-0034827,WR,12.09,6.49,0.41
2026,1,00-0034829,TE,6.44,3.68,0
2026,1,00-0034798,TE,0.86,0.48,0
2026,1,00-0035250,RB,0.87,0.16,0.99
2026,1,00-0036442,QB,22.4,0,2.49
2026,1,00-0036331,WR,1.11,0.7,0.04
2026,1,00-0036630,WR,0.58,0.34,0
2026,1,00-0036988,WR,1.98,1.17,0
2026,1,00-0036628,TE,2.15,1.23,0
2026,1,00-0038117,WR,9.85,6.28,0.2
2026,1,00-0038046,TE,4.03,2.29,0.11
2026,1,00-0037240,WR,13.91,6.91,0.55
2026,1,00-0038120,RB,13.9,2.85,15.45
2026,1,00-0038090,WR,0.23,0.12,0.07
2026,1,00-0038115,TE,4.9,2.59,0
2026,1,00-0037292,TE,0.46,0.29,0
2026,1,00-0038606,WR,11.93,6.4,0.51
2026,1,00-0038589,TE,1.63,0.94,0
2026,1,00-0038563,WR,9.54,5.44,0.46
2026,1,00-0039021,RB,0.25,0,0.35
2026,1,00-0038547,TE,1.51,0.93,0
2026,1,00-0039798,RB,4.78,1.57,3.3
2026,1,00-0039794,RB,3.85,0.7,4.57
2026,1,00-0039746,RB,1.15,0.47,0.83
2026,1,00-0039344,RB,9.61,2.52,9.2
2026,1,00-0039814,TE,3.01,1.67,0
2026,1,00-0039338,TE,16.03,8.07,0.23
2026,1,00-0039451,WR,2.61,1.61,0.17
2026,1,00-0029604,QB,17.01,0,1.53
2026,1,00-0040466,RB,0.13,0.03,0.16
2026,1,00-0040715,RB,13.76,3.3,11.88
2026,1,00-0040237,WR,2.67,1.45,0.09
2026,1,00-0040691,QB,21.61,0,5.7
2026,1,00-0040129,WR,11.67,6.96,0.24
2026,1,00-0040676,QB,17.12,0,2.7
2026,1,00-0040705,WR,3.21,1.94,0.41
2026,1,00-0040164,WR,2.19,1.25,0.2
2026,1,00-0041489,WR,5.39,3.09,0.09
2026,1,00-0041511,WR,3.9,2.29,0.17
2026,1,00-0041116,TE,0.65,0.36,0
2026,1,00-0040886,RB,1.54,0.14,2.29
2026,1,00-0041547,WR,9.47,5.19,0.69
2026,1,00-0041041,TE,2.35,1.44,0
2026,1,00-0041558,TE,1.96,1.18,0
2026,1,00-0041104,RB,1.01,0.41,0.58
2026,1,00-0041051,WR,2.11,1.24,0.11
2026,1,00-0041067,WR,2.54,1.72,0
2026,1,00-0041579,TE,0.85,0.48,0
2026,1,00-0031588,WR,11.41,6.16,0.05
2026,1,00-0032392,TE,2.67,1.44,0
2026,1,00-0033119,QB,17.16,0,2.14
2026,1,00-0033217,TE,1.24,0.75,0
2026,1,00-0033526,RB,5.49,1.73,4.2
2026,1,00-0034844,RB,14.92,3.18,16.11
2026,1,00-0034857,QB,23.26,0,5.82
2026,1,00-0034753,TE,10.88,5.12,0.37
2026,1,00-0035640,WR,11.9,6.36,0.15
2026,1,00-0035021,WR,2.01,1.29,0.06
2026,1,00-0036322,WR,16.77,9.21,0.13
2026,1,00-0036554,WR,17.38,8.75,0.22
2026,1,00-0036876,TE,0.18,0.11,0
2026,1,00-0036754,TE,2.64,1.53,0
2026,1,00-0037238,WR,15.83,8.54,0.06
2026,1,00-0037838,TE,9.62,5.09,0
2026,1,00-0037740,WR,13.53,8.13,0.17
2026,1,00-0037746,RB,5.03,0.93,5.97
2026,1,00-0037801,WR,3.68,1.59,0.98
2026,1,00-0039150,QB,18.11,0,4.68
2026,1,00-0038558,TE,4.66,2.62,0
2026,1,00-0038935,TE,8.22,4.42,0
2026,1,00-0038997,WR,12.53,7.13,0.18
2026,1,00-0038608,WR,9.58,4.92,0
2026,1,00-0038559,WR,11.33,6.28,0.05
2026,1,00-0038573,WR,0.21,0.07,0.14
2026,1,00-0038896,RB,3.56,0.46,4.3
2026,1,00-0039918,QB,21.45,0,4.3
2026,1,00-0039796,RB,0.25,0.11,0.12
2026,1,00-0039875,RB,3.89,0.84,4.19
2026,1,00-0039847,TE,3.66,2.13,0
2026,1,00-0039880,WR,8.41,4.6,1.13
2026,1,00-0039920,WR,0.22,0.06,0.12
2026,1,00-0039849,WR,10.68,6.61,0
2026,1,00-0039874,RB,2.8,0.84,2.66
2026,1,00-0039391,RB,1.31,0.26,1.68
2026,1,00-0039364,RB,0.48,0.06,0.65
2026,1,00-0039410,WR,7.26,3.92,0.2
2026,1,00-0040583,RB,8.05,1.92,9.03
2026,1,00-0040189,TE,4.84,2.4,0
2026,1,00-0040663,TE,11.58,6.5,0.2
2026,1,00-0040727,WR,5.94,3.51,0.13
2026,1,00-0040784,RB,12.24,2.46,14.53
2026,1,00-0040194,TE,2.21,1.19,0
2026,1,00-0041438,WR,11.8,7.56,0.09
2026,1,00-0041042,WR,6.78,4,0.05
2026,1,WAS569019,RB,4.67,1.09,4.81
2026,1,00-0041472,TE,2.75,1.57,0
2026,1,00-0041048,WR,3.15,1.91,0.08
2026,1,00-0041132,WR,0.84,0.53,0
2026,1,00-0041529,WR,2.72,1.61,0
2026,1,00-0041483,TE,1,0.58,0
2026,1,00-0041550,WR,1.31,0.85,0
2026,1,00-0041125,RB,1.84,0.44,1.95
2026,1,00-0041398,TE,0.5,0.3,0
2026,1,00-0041524,TE,4.02,2.2,0
2026,1,00-0033106,QB,20.34,0,1.62
2026,1,00-0033537,QB,16.31,0,2.84
2026,1,00-0033885,TE,3.98,2.32,0
2026,1,00-0033375,WR,0.71,0.37,0
2026,1,00-0033376,FB,0.14,0.08,0
2026,1,00-0034351,TE,9.75,4.64,0
2026,1,00-0035228,QB,19.42,0,5.79
2026,1,00-0035685,RB,13.9,2.31,14.81
2026,1,00-0035659,WR,13.62,7.31,0.05
2026,1,00-0034960,WR,10.43,5.95,0.28
2026,1,00-0034981,TE,0.77,0.4,0
2026,1,00-0035535,WR,3.83,2.31,0
2026,1,00-0036410,WR,15.64,7.4,0.06
2026,1,00-0036223,RB,19.57,4.41,17.36
2026,1,00-0036290,TE,4.56,2.47,0
2026,1,00-0036963,WR,19.8,9.83,0.26
2026,1,00-0038129,TE,7.42,4.41,0
2026,1,00-0037256,RB,10.27,3.28,8.02
2026,1,00-0037248,RB,17.11,2.98,15.48
2026,1,00-0037239,WR,16.21,9.18,0.05
2026,1,00-0037525,RB,9.12,1.17,9.93
2026,1,00-0038555,RB,4.97,1.1,4.79
2026,1,00-0039040,RB,17.47,3.64,14.19
2026,1,00-0038393,WR,7.85,4.48,0.05
2026,1,00-0039032,RB,8.18,3.06,5.63
2026,1,00-0038454,RB,6.59,1.52,5.46
2026,1,00-0038618,WR,4.2,2.62,0.07
2026,1,00-0038611,RB,8.07,0.67,9.58
2026,1,00-0039146,WR,13.13,6.12,0.96
2026,1,00-0038933,TE,9.41,4.7,0
2026,1,00-0039359,TE,1.75,0.98,0.11
2026,1,00-0039342,WR,2.98,1.98,0
2026,1,00-0039893,WR,10.48,5.87,0.21
2026,1,00-0039915,WR,13.31,7.09,0.11
2026,1,00-0039384,RB,3.74,0.98,3.81
2026,1,00-0039589,WR,0.51,0.29,0.05
2026,1,00-0040162,RB,6.72,2.35,5.58
2026,1,00-0040187,TE,1.04,0.56,0
2026,1,00-0040666,RB,15.62,3.97,14.58
2026,1,00-0040238,RB,2.81,1.25,1.31
2026,1,00-0040743,QB,19.55,0,4.56
2026,1,00-0040184,WR,0.93,0.65,0.05
2026,1,00-0040024,WR,0.49,0.28,0
2026,1,00-0040887,TE,0.88,0.49,0
2026,1,00-0040867,WR,6.03,3.41,0.1
2026,1,00-0041523,WR,5.38,3.17,0
2026,1,00-0041100,WR,0.44,0.19,0.19
2026,1,00-0030279,WR,7.93,4.73,0
2026,1,00-0032104,RB,0.32,0.12,0.18
2026,1,00-0031484,TE,0.34,0.2,0
2026,1,00-0032464,WR,3.92,2.1,0.17
2026,1,00-0033906,RB,3.33,0.95,3.22
2026,1,00-0033921,WR,10.99,6.19,0.05
2026,1,00-0033757,TE,0.07,0.04,0
2026,1,00-0034837,WR,6.57,3.95,0.04
2026,1,00-0035229,TE,8.42,4.79,0
2026,1,00-0035662,WR,3.21,1.83,0
2026,1,00-0035710,QB,18.01,0,3.04
2026,1,00-0035689,TE,4.94,2.6,0
2026,1,00-0035631,TE,2.12,1.19,0
2026,1,00-0035537,RB,3.99,1.4,2.41
2026,1,00-0036212,QB,18.33,0,2.37
2026,1,00-0036407,WR,7.43,5.06,0.06
2026,1,00-0036358,WR,17.13,9.07,0.18
2026,1,00-0036389,QB,21.92,0,6.91
2026,1,00-0036429,TE,0.79,0.46,0
2026,1,00-0036309,WR,5.21,3.36,0.05
2026,1,00-0036970,TE,10.87,6.11,0
2026,1,00-0036555,RB,10.29,1.93,12.21
2026,1,00-0036894,TE,7.34,3.78,0
2026,1,00-0037741,WR,4.83,3.03,0.03
2026,1,00-0037261,WR,11.39,6,0.1
2026,1,00-0037247,WR,16.57,8.41,0.06
2026,1,00-0037664,WR,8.83,4.44,0.05
2026,1,00-0037805,TE,0.89,0.54,0
2026,1,00-0038128,QB,18.79,0,7.79
2026,1,00-0038951,RB,3.74,0.29,4.24
2026,1,00-0038544,WR,11.08,5.85,0.19
2026,1,00-0038551,RB,1.73,0.41,1.72
2026,1,00-0038619,WR,5.47,3.03,0.19
2026,1,00-0039050,TE,0.54,0.32,0
2026,1,00-0039065,TE,13.49,6.66,0.06
2026,1,00-0039811,RB,10.93,2.45,11.98
2026,1,00-0039530,TE,1.23,0.75,0
2026,1,00-0039356,TE,1.51,0.87,0
2026,1,00-0039855,WR,7.34,3.7,0.11
2026,1,00-0039491,WR,12.08,6.05,0.08
2026,1,00-0040729,WR,4.4,2.45,0.05
2026,1,00-0040736,TE,5.63,3.67,0
2026,1,00-0040170,WR,2.91,1.98,0
2026,1,00-0040584,TE,7.21,3.89,0
2026,1,00-0040782,WR,2.1,1.2,0.16
2026,1,00-0040718,DB,3.59,2.21,0.14
2026,1,00-0040236,RB,7.41,1.57,7.23
2026,1,00-0040582,WR,0.32,0.2,0.07
2026,1,00-0040208,RB,1.17,0.32,1.22
2026,1,00-0041040,WR,3.12,1.81,0.1
2026,1,00-0041525,WR,4.11,2.42,0
2026,1,00-0041044,WR,2.6,1.5,0.14
2026,1,00-0041037,WR,7.79,4.61,0.13
2026,1,00-0041443,WR,1.09,0.63,0.05
2026,1,00-0041397,WR,0.14,0.06,0.05
2026,1,00-0032764,RB,15.68,1.38,17.54
2026,1,00-0033293,RB,9.12,2.61,7.97
2026,1,00-0034383,TE,9.35,5.34,0
2026,1,00-0035644,TE,3.35,1.79,0
2026,1,00-0035249,TE,2.46,1.36,0
2026,1,00-0034975,RB,5.18,1.82,3.04
2026,1,00-0036275,RB,13.65,2.76,13.87
2026,1,00-0036264,QB,19.73,0,3.09
2026,1,00-0036252,WR,10.75,6.07,0.05
2026,1,00-0036139,RB,12.47,3.14,12.19
2026,1,00-0036259,WR,8.07,4.29,0
2026,1,00-0036971,QB,20.1,0,4.38
2026,1,00-0036893,RB,3.64,0.49,4.97
2026,1,00-0036825,TE,0.08,0.03,0.05
2026,1,00-0036590,TE,0.47,0.29,0
2026,1,00-0036973,RB,15.04,4.04,14.27
2026,1,00-0036900,WR,19.74,9.43,0.25
2026,1,00-0036919,RB,9.47,3.12,6.66
2026,1,00-0036550,WR,7.57,4.34,0.06
2026,1,00-0036997,RB,15.48,3.21,17.31
2026,1,00-0038041,TE,9.7,5.37,0
2026,1,00-0037666,WR,3.26,1.88,0
2026,1,00-0037742,WR,2.03,1.35,0.13
2026,1,00-0037614,WR,3.49,2.22,0.09
2026,1,00-0038124,WR,13.67,6.78,0.14
2026,1,00-0037252,TE,7.41,4.07,0
2026,1,00-0037091,WR,1.97,1.29,0.12
2026,1,00-0037809,TE,9.14,5.39,0
2026,1,00-0037228,RB,13.31,3.49,12.21
2026,1,00-0037311,TE,0.05,0.03,0
2026,1,00-0037093,WR,0.46,0.28,0
2026,1,00-0039139,RB,23.68,5.43,17.29
2026,1,00-0039066,TE,3.95,2.55,0
2026,1,00-0038542,RB,21.53,5.2,19.13
2026,1,00-0023459,QB,17.63,0,1.25
2026,1,00-0039064,WR,15.62,7.71,0.21
2026,1,00-0034348,WR,10.6,5.95,0
2026,1,00-0036613,WR,14.76,7.66,0.22
2026,1,00-0038519,WR,0.15,0.09,0.03
2026,1,00-0039732,QB,20.33,0,4.36
2026,1,00-0041496,RB,2.86,0.95,2.26
2026,1,00-0038104,WR,4.95,2.71,0
2026,1,00-0039067,WR,14.49,7.96,0.45
2026,1,00-0039894,WR,9.8,5.78,1.06
2026,1,00-0039868,WR,2.72,1.66,0.11
2026,1,00-0040134,WR,7.34,4.53,0.09
2026,1,00-0040646,WR,1.55,1.05,0.04
2026,1,00-0036422,TE,2.12,1.12,0
2026,1,00-0038976,WR,4.41,2.23,0.44
2026,1,00-0038783,TE,0.33,0.19,0
2026,1,00-0040078,RB,0.86,0.33,0.81
2026,1,00-0040730,RB,10.19,3.23,7.53
2026,1,00-0040890,WR,1.65,1.07,0
2026,1,00-0030506,TE,11,5.92,0
2026,1,00-0033881,TE,3.97,2.53,0
2026,1,00-0035406,WR,2.06,1.22,0
2026,1,00-0036158,RB,10.99,2.07,11.18
2026,1,00-0036637,TE,4.31,2.58,0
2026,1,00-0038134,RB,15.98,3.35,16.65
2026,1,00-0041013,RB,3.85,0.97,3.84
2026,1,00-0033873,QB,19.22,0,2.48
2026,1,00-0037085,RB,1.04,0.59,0.28
2026,2,00-0041443,WR,2.59,1.52,0.05
2026,2,00-0034827,WR,11.54,6.14,0.44
2026,2,00-0035500,WR,3.06,1.63,0.2
2026,2,00-0037248,RB,17.83,2.89,16.41
2026,2,00-0037197,RB,4.06,0.72,4.96
2026,2,00-0034270,TE,0.27,0.16,0
2026,2,00-0034487,WR,0.25,0.16,0
2026,2,00-0035689,TE,4.81,2.52,0
2026,2,00-0035537,RB,4.07,1.36,2.57
2026,2,00-0035544,WR,0.13,0.08,0
2026,2,00-0036754,TE,2.58,1.51,0
2026,2,00-0037240,WR,13.67,6.81,0.57
2026,2,00-0039139,RB,22.95,4.66,17.41
2026,2,00-0039364,RB,0.19,0.06,0.16
2026,2,00-0034857,QB,23.15,0,6.21
2026,2,00-0034860,WR,0.19,0.1,0.02
2026,2,00-0036963,WR,19.43,9.68,0.26
2026,2,00-0037261,WR,11.1,5.82,0.11
2026,2,00-0038933,TE,9.16,4.57,0
2026,2,00-0039901,WR,4.21,2.31,0.04
2026,2,00-0039065,TE,11.84,5.86,0.06
2026,2,00-0040669,WR,3.73,2.18,0.05
2026,2,00-0036988,WR,1.93,1.14,0
2026,2,00-0036534,TE,0.2,0.12,0
2026,2,00-0039875,RB,4.05,0.81,4.47
2026,2,00-0040194,TE,2.15,1.15,0
2026,2,00-0033106,QB,20.04,0,1.66
2026,2,00-0038559,WR,11.29,6.28,0.05
2026,2,00-0038547,TE,1.57,0.94,0
2026,2,00-0038794,RB,0.86,0.22,0.78
2026,2,00-0038738,FB,1.77,0.72,0.89
2026,2,00-0039732,QB,20.48,0,4.36
2026,2,00-0039910,QB,21.55,0,7.1
2026,2,00-0039798,RB,5.19,1.52,3.97
2026,2,00-0039361,RB,12.2,2.56,13.08
2026,2,00-0039814,TE,2.96,1.66,0
2026,2,00-0039920,WR,0.81,0.28,0.39
2026,2,00-0039849,WR,10.63,6.61,0
2026,2,00-0039363,RB,0.28,0.12,0.11
2026,2,00-0039737,TE,1.05,0.64,0
2026,2,00-0040651,RB,0.12,0,0.18
2026,2,00-0040179,RB,1.49,0.52,1.32
2026,2,00-0040653,WR,0.08,0.05,0
2026,2,00-0040170,WR,2.85,1.96,0
2026,2,00-0040663,TE,10.63,5.89,0.22
2026,2,00-0040205,RB,0.24,0.08,0.19
2026,2,00-0040126,TE,14.02,7.16,0.05
2026,2,00-0040218,WR,1.82,0.95,0.33
2026,2,00-0040734,RB,11.54,2.5,10.38
2026,2,00-0040242,RB,8.99,1.73,8.44
2026,2,00-0040705,WR,3.15,1.91,0.42
2026,2,00-0040208,RB,2.44,0.69,2.4
2026,2,00-0040172,WR,0.24,0.14,0
2026,2,00-0040021,RB,0.96,0.16,0.76
2026,2,00-0040024,WR,0.49,0.28,0
2026,2,00-0041547,WR,8.83,4.75,0.76
2026,2,00-0041041,TE,2.32,1.44,0
2026,2,00-0041558,TE,1.94,1.18,0
2026,2,00-0041529,WR,4.11,2.45,0
2026,2,00-0041004,WR,0.21,0.14,0
2026,2,00-0041579,TE,0.85,0.49,0
2026,2,00-0041099,WR,2.13,1.38,0
2026,2,00-0033757,TE,0.07,0.04,0
2026,2,00-0034796,QB,21.61,0,7.86
2026,2,00-0034869,QB,20.19,0,2.92
2026,2,00-0034348,WR,10.66,5.95,0
2026,2,00-0034960,WR,10.1,5.84,0.28
2026,2,00-0035631,TE,2.08,1.18,0
2026,2,00-0036322,WR,16.93,9.21,0.13
2026,2,00-0036410,WR,15.37,7.35,0.06
2026,2,00-0036158,RB,8.08,1.25,8.68
2026,2,00-0036427,WR,0.21,0.12,0
2026,2,00-0036894,TE,7.19,3.74,0
2026,2,00-0038129,TE,7.32,4.41,0
2026,2,00-0037256,RB,10.26,3.28,7.5
2026,2,00-0037664,WR,10.63,5.34,0.05
2026,2,00-0038134,RB,15.63,3.41,15.57
2026,2,00-0037291,WR,8.33,4.76,0.22
2026,2,00-0038104,WR,5.17,2.75,0
2026,2,00-0037545,WR,9.18,4.72,0.62
2026,2,00-0037801,WR,3.73,1.62,0.95
2026,2,00-0038976,WR,4.43,2.23,0.44
2026,2,00-0038977,WR,1.21,0.67,0.06
2026,2,00-0039050,TE,0.53,0.32,0
2026,2,00-0038576,WR,0.17,0.1,0
2026,2,00-0038573,WR,0.21,0.07,0.14
2026,2,00-0038685,RB,1.85,0.75,1.07
2026,2,00-0039407,RB,0.44,0.12,0.49
2026,2,00-0039373,RB,1.02,0.29,0.97
2026,2,00-0039530,TE,1.27,0.76,0
2026,2,00-0039365,WR,0.02,0.01,0
2026,2,00-0039855,WR,7.25,3.7,0.11
2026,2,00-0039792,WR,1.92,1.07,0.06
2026,2,00-0039915,WR,13.11,7,0.11
2026,2,00-0039491,WR,11.94,5.99,0.08
2026,2,00-0039424,WR,8.55,4.98,0.05
2026,2,00-0040586,RB,2.2,0.46,2.54
2026,2,00-0040177,RB,1.86,0.36,1.97
2026,2,00-0040162,RB,6.53,2.15,6.17
2026,2,00-0040237,WR,2.64,1.45,0.09
2026,2,00-0040719,RB,10.78,2.43,11.47
2026,2,00-0040189,TE,4.83,2.4,0
2026,2,00-0040198,RB,2.58,0.76,2.36
2026,2,00-0040154,WR,1.83,1.01,0.04
2026,2,00-0040736,TE,5.4,3.56,0
2026,2,00-0040784,RB,12.53,2.25,16.07
2026,2,00-0040128,TE,12.79,7.11,0.26
2026,2,00-0040124,WR,14.36,8.2,0.08
2026,2,00-0040718,DB,3.53,2.21,0.14
2026,2,00-0040563,WR,0.12,0.06,0
2026,2,00-0040743,QB,19.03,0,4.56
2026,2,00-0040184,WR,0.93,0.65,0.05
2026,2,00-0040876,WR,3.29,1.92,0.05
2026,2,00-0041070,WR,0.39,0.24,0
2026,2,WAS569019,RB,3.89,1.12,3.46
2026,2,00-0041472,TE,2.86,1.6,0
2026,2,00-0041248,WR,0.06,0.04,0
2026,2,00-0041496,RB,3.52,0.95,3.32
2026,2,00-0041217,RB,0.56,0.27,0.23
2026,2,00-0041035,WR,7.31,3.99,0.18
2026,2,00-0041524,TE,4.05,2.23,0
2026,2,00-0030506,TE,11.48,6.02,0
2026,2,00-0032104,RB,0.31,0.12,0.18
2026,2,00-0032764,RB,15.14,1.33,16.93
2026,2,00-0032398,WR,0.26,0.16,0
2026,2,00-0033906,RB,5.53,1.96,4.76
2026,2,00-0033908,WR,8,4.26,0.06
2026,2,00-0033526,RB,3.38,1.04,2.61
2026,2,00-0034365,TE,0.29,0.18,0
2026,2,00-0034753,TE,10.38,4.95,0.36
2026,2,00-0035228,QB,19.74,0,5.79
2026,2,00-0035359,WR,0.45,0.29,0
2026,2,00-0036442,QB,22.11,0,2.52
2026,2,00-0036290,TE,4.51,2.47,0
2026,2,00-0036415,WR,0.1,0.07,0
2026,2,00-0036389,QB,21.58,0,6.91
2026,2,00-0036139,RB,12.07,3.11,12.18
2026,2,00-0036971,QB,19.6,0,4.38
2026,2,00-0036973,RB,12,2.82,13.39
2026,2,00-0036637,TE,4.51,2.63,0
2026,2,00-0038041,TE,10.03,5.47,0
2026,2,00-0037263,RB,6.63,1.23,7.85
2026,2,00-0037742,WR,2.09,1.35,0.13
2026,2,00-0038120,RB,14.11,2.76,15.75
2026,2,00-0037834,QB,22.51,0,4.12
2026,2,00-0037231,WR,1.29,0.93,0.04
2026,2,00-0037809,TE,9.4,5.39,0
2026,2,00-0037311,TE,0.05,0.03,0
2026,2,00-0037292,TE,0.46,0.29,0
2026,2,00-0037475,TE,0.41,0.24,0
2026,2,00-0038555,RB,3.55,0.52,4.15
2026,2,00-0038935,TE,8.11,4.42,0
2026,2,00-0038543,WR,21.27,9.93,0.42
2026,2,00-0038997,WR,11.56,6.55,0.18
2026,2,00-0038621,WR,5.33,2.74,0.36
2026,2,00-0038608,WR,8.63,4.35,0
2026,2,00-0038564,TE,0.13,0.08,0
2026,2,00-0038618,WR,3.84,2.34,0.07
2026,2,00-0038611,RB,7.81,0.67,9.6
2026,2,00-0038619,WR,3.97,2.2,0.19
2026,2,00-0039067,WR,15.13,8.1,0.44
2026,2,00-0038640,WR,0.37,0.25,0
2026,2,00-0039811,RB,4.3,1.18,4.08
2026,2,00-0039912,TE,1.22,0.66,0
2026,2,00-0039359,TE,1.82,1,0.12
2026,2,00-0039342,WR,2.94,1.96,0
2026,2,00-0039893,WR,10.62,6.03,0.21
2026,2,00-0040648,WR,3.34,1.95,0.05
2026,2,00-0040667,WR,9.97,5.5,0.82
2026,2,00-0040584,TE,7.7,4.19,0
2026,2,00-0040782,WR,1.96,1.1,0.18
2026,2,00-0040142,RB,0.24,0.06,0.29
2026,2,00-0040676,QB,16.84,0,2.75
2026,2,00-0040236,RB,8.01,1.74,8.29
2026,2,00-0040582,WR,0.31,0.19,0.07
2026,2,00-0040164,WR,1.7,0.92,0.2
2026,2,00-0040568,RB,0.49,0.14,0.41
2026,2,00-0040509,TE,0.23,0.13,0
2026,2,00-0040887,TE,0.84,0.47,0
2026,2,00-0041116,TE,0.64,0.36,0
2026,2,00-0041512,RB,9.44,1.31,11.63
2026,2,00-0041027,RB,13.88,4.59,11.37
2026,2,00-0041523,WR,5.42,3.21,0
2026,2,00-0041044,WR,3.87,2.23,0.13
2026,2,00-0041550,WR,1.31,0.85,0
2026,2,00-0041077,TE,3.38,1.91,0
2026,2,00-0041129,RB,0.58,0.12,0.63
2026,2,00-0041051,WR,2.07,1.24,0.11
2026,2,00-0041125,RB,1.69,0.44,1.63
2026,2,00-0041398,TE,0.49,0.3,0
2026,2,00-0029892,FB,1.79,0.96,0.11
2026,2,00-0031408,WR,13.51,7.07,0
2026,2,00-0032392,TE,2.82,1.5,0
2026,2,00-0033280,RB,22.54,5.77,18.4
2026,2,00-0033873,QB,20.24,0,2.53
2026,2,00-0033555,WR,2.88,1.56,0.05
2026,2,00-0033589,WR,0.05,0.03,0
2026,2,00-0034798,TE,0.82,0.46,0
2026,2,00-0035229,TE,8.5,4.79,0
2026,2,00-0035640,WR,11.66,6.3,0.15
2026,2,00-0035700,RB,13.97,2.65,14.81
2026,2,00-0035710,QB,18.35,0,3.04
2026,2,00-0035406,WR,2.07,1.22,0
2026,2,00-0035261,RB,10.16,2.15,10.86
2026,2,00-0034981,TE,0.8,0.41,0
2026,2,00-0036355,QB,19.92,0,4.46
2026,2,00-0036259,WR,8.14,4.29,0
2026,2,00-0036613,WR,14.84,7.66,0.22
2026,2,00-0036590,TE,0.46,0.29,0
2026,2,00-0036556,TE,0.16,0.09,0
2026,2,00-0036554,WR,17.54,8.68,0.22
2026,2,00-0036626,WR,0.42,0.23,0.06
2026,2,00-0036628,TE,2.21,1.23,0
2026,2,00-0037247,WR,15.63,7.82,0.06
2026,2,00-0037239,WR,15.61,8.94,0.05
2026,2,00-0037085,RB,1.05,0.59,0.28
2026,2,00-0037228,RB,12.91,3.46,12.21
2026,2,00-0037276,RB,0.96,0.49,0.37
2026,2,00-0037594,RB,0.29,0.12,0.21
2026,2,00-0038589,TE,0.37,0.21,0
2026,2,00-0038710,TE,0.43,0.28,0
2026,2,00-0038440,RB,0.05,0.01,0.05
2026,2,00-0038797,RB,2.52,0.34,3.02
2026,2,00-0039851,QB,20.94,0,4.57
2026,2,00-0039746,RB,1.44,0.65,0.83
2026,2,00-0039344,RB,8.73,2.49,7.95
2026,2,00-0039451,WR,1.63,0.98,0.17
2026,2,00-0039919,WR,11.38,6.7,0.05
2026,2,00-0039868,WR,2.74,1.66,0.11
2026,2,00-0039391,RB,1.31,0.26,1.68
2026,2,00-0039754,TE,0.5,0.27,0
2026,2,00-0040078,RB,0.77,0.34,0.55
2026,2,00-0040739,TE,3.95,2.36,0
2026,2,00-0040122,RB,14.52,4.06,15.77
2026,2,00-0040138,WR,5.26,2.68,0.08
2026,2,00-0040131,WR,0.45,0.28,0.06
2026,2,00-0040075,WR,0.22,0.11,0.05
2026,2,00-0040870,WR,3.1,1.87,0.05
2026,2,00-0040867,WR,7,4,0.1
2026,2,00-0041503,TE,1.44,0.87,0
2026,2,00-0040894,WR,0.01,0.01,0
2026,2,00-0041104,RB,2.62,1.06,1.45
2026,2,00-0041100,WR,0.43,0.19,0.19
2026,2,00-0040939,TE,1.48,0.86,0
2026,2,00-0040890,WR,1.74,1.09,0
2026,2,00-0041052,RB,2.08,0.4,2.4
2026,2,00-0041087,TE,2.35,1.39,0
2026,2,00-0030565,QB,16.02,0,3.11
2026,2,00-0032775,WR,3,1.6,0
2026,2,00-0033077,QB,21.92,0,2.36
2026,2,00-0032464,WR,3.37,1.82,0.17
2026,2,00-0033885,TE,3.97,2.32,0
2026,2,00-0033881,TE,3.99,2.53,0
2026,2,00-0033858,TE,1.78,1.01,0
2026,2,00-0034775,WR,1.4,0.83,0.02
2026,2,00-0034829,TE,6.31,3.66,0
2026,2,00-0034383,TE,9.74,5.46,0
2026,2,00-0034272,WR,1.13,0.75,0.04
2026,2,00-0035676,WR,16.2,7.68,0.04
2026,2,00-0035719,WR,10.73,5.24,0.93
2026,2,00-0035208,WR,4.05,2.43,0.2
2026,2,00-0036275,RB,12.09,2.76,12.51
2026,2,00-0036264,QB,19.87,0,3.09
2026,2,00-0036223,RB,19.33,4,17.36
2026,2,00-0036252,WR,10.52,6.01,0.05
2026,2,00-0036331,WR,0.21,0.12,0.04
2026,2,00-0036422,TE,2.14,1.12,0
2026,2,00-0036425,RB,0.18,0.02,0.26
2026,2,00-0036040,TE,9.76,5.4,0
2026,2,00-0036429,TE,0.83,0.48,0
2026,2,00-0036825,TE,0.08,0.03,0.05
2026,2,00-0036630,WR,0.53,0.31,0
2026,2,00-0036924,RB,0.24,0.11,0.16
2026,2,00-0037005,TE,2.19,1.27,0
2026,2,00-0036842,RB,0.11,0.01,0.19
2026,2,00-0037666,WR,3.29,1.91,0
2026,2,00-0037741,WR,5.12,3.17,0.03
2026,2,00-0037816,WR,10.17,5.53,0
2026,2,00-0038117,WR,9.64,6.21,0.21
2026,2,00-0037805,TE,0.85,0.52,0
2026,2,00-0037746,RB,5.01,0.98,5.3
2026,2,00-0038090,WR,0.23,0.12,0.07
2026,2,00-0037086,TE,1.84,0.99,0
2026,2,00-0037304,RB,0.88,0.39,0.4
2026,2,00-0037539,TE,0.44,0.27,0
2026,2,00-0038597,RB,17.02,4.79,14.79
2026,2,00-0039150,QB,17.91,0,4.73
2026,2,00-0039066,TE,3.97,2.63,0
2026,2,00-0038393,WR,6.28,3.61,0.05
2026,2,00-0038454,RB,6.98,1.52,6.01
2026,2,00-0038551,RB,1.54,0.52,1.2
2026,2,00-0039163,QB,19.25,0,2.67
2026,2,00-0038563,WR,9.61,5.61,0.44
2026,2,00-0039146,WR,13.19,6.12,0.96
2026,2,00-0038839,WR,0.95,0.65,0
2026,2,00-0038519,WR,0.16,0.09,0.03
2026,2,00-0038783,TE,0.33,0.19,0
2026,2,00-0039794,RB,3.45,0.68,3.88
2026,2,00-0039338,TE,16.21,8.33,0.22
2026,2,00-0039880,WR,6.69,3.58,1.12
2026,2,00-0039894,WR,10.23,5.88,1.04
2026,2,00-0039890,WR,6.21,4.44,0.06
2026,2,00-0039739,WR,1.94,1.24,0
2026,2,00-0039874,RB,2.73,0.85,2.58
2026,2,00-0039589,WR,0.5,0.29,0.05
2026,2,00-0040466,RB,0.24,0.03,0.43
2026,2,00-0040583,RB,7.14,1.96,7.34
2026,2,00-0040009,WR,2.79,1.4,0.35
2026,2,00-0040646,WR,1.63,1.07,0.04
2026,2,00-0040581,WR,0.07,0.06,0
2026,2,00-0040259,WR,0.1,0.06,0
2026,2,00-0041489,WR,5.28,3.06,0.09
2026,2,00-0040886,RB,2.33,0.62,2.33
2026,2,00-0041040,WR,4.37,2.49,0.1
2026,2,00-0041048,WR,3.1,1.91,0.08
2026,2,00-0041037,WR,6.28,3.66,0.14
2026,2,00-0041483,TE,2.67,1.52,0.1
2026,2,00-0041216,WR,0.2,0.13,0
2026,2,00-0041069,WR,1.98,1.24,0
2026,2,00-0031610,TE,7.9,4.11,0
2026,2,00-0033537,QB,15.35,0,3.14
2026,2,00-0033921,WR,10.84,6.19,0.05
2026,2,00-0033217,TE,1.24,0.75,0
2026,2,00-0033576,TE,0.48,0.28,0
2026,2,00-0033293,RB,8.42,1.97,8.2
2026,2,00-0033375,WR,0.68,0.36,0
2026,2,00-0034844,RB,14.62,3.18,16.11
2026,2,00-0034855,QB,19.56,0,3.25
2026,2,00-0034837,WR,6.43,3.9,0.04
2026,2,00-0034613,TE,0.64,0.35,0
2026,2,00-0035685,RB,14.36,2.36,15.68
2026,2,00-0035659,WR,14.17,7.41,0.05
2026,2,00-0036358,WR,17.69,9.22,0.17
2026,2,00-0035891,WR,0.35,0.19,0
2026,2,00-0036182,WR,1.08,0.65,0
2026,2,00-0036919,RB,9.46,3.12,6.66
2026,2,00-0036997,RB,14.15,3.08,16.11
2026,2,00-0036876,TE,0.18,0.11,0
2026,2,00-0036875,RB,10.72,1.99,11.39
2026,2,00-0037238,WR,16.74,8.94,0.06
2026,2,00-0038046,TE,4.03,2.29,0.11
2026,2,00-0037258,RB,0.22,0.07,0.2
2026,2,00-0037744,TE,15.52,8.58,0
2026,2,00-0038128,QB,18.71,0,7.69
2026,2,00-0038124,WR,13.73,6.78,0.14
2026,2,00-0037252,TE,6.48,3.59,0
2026,2,00-0038115,TE,4.8,2.56,0
2026,2,00-0037132,WR,0.05,0.03,0
2026,2,00-0038951,RB,3.77,0.29,4.24
2026,2,00-0023459,QB,17.14,0,1.26
2026,2,00-0038544,WR,11.06,5.85,0.19
2026,2,00-0039041,TE,3.12,1.75,0
2026,2,00-0039021,RB,0.24,0,0.35
2026,2,00-0038705,RB,2.55,0.92,1.34
2026,2,00-0039918,QB,20.98,0,4.3
2026,2,00-0039796,RB,0.24,0.11,0.11
2026,2,00-0039405,RB,0.63,0.1,0.83
2026,2,00-0039356,TE,1.49,0.87,0
2026,2,00-0039793,TE,9.43,4.67,0.57
2026,2,00-0039355,WR,0.6,0.32,0
2026,2,00-0029604,QB,17.04,0,1.46
2026,2,00-0039816,WR,0.13,0.07,0.03
2026,2,00-0039410,WR,7.49,3.99,0.19
2026,2,00-0039299,RB,3.01,0.83,2.45
2026,2,00-0040187,TE,1.02,0.56,0
2026,2,00-0040729,WR,4.44,2.53,0.05
2026,2,00-0040730,RB,10.36,3.09,8.06
2026,2,00-0040134,WR,5.09,3.11,0.09
2026,2,00-0040666,RB,15.18,3.97,13.96
2026,2,00-0040727,WR,5.93,3.51,0.13
2026,2,00-0040129,WR,11.5,6.96,0.24
2026,2,00-0040735,WR,13.37,6.54,0.59
2026,2,00-0040522,WR,0.41,0.26,0.02
2026,2,00-0040644,RB,1.39,0.36,1.4
2026,2,00-0040238,RB,2.59,1.25,1.02
2026,2,00-0040311,WR,0.1,0.05,0
2026,2,00-0040067,RB,0.28,0.05,0.31
2026,2,00-0040277,WR,2.04,1.24,0
2026,2,00-0041511,WR,4.71,2.79,0.17
2026,2,00-0041438,WR,10.65,6.89,0.09
2026,2,00-0040888,RB,0.29,0.08,0.23
2026,2,00-0041525,WR,5.37,3.16,0.04
2026,2,00-0041032,TE,3.87,2.25,0.06
2026,2,00-0041132,WR,0.37,0.24,0
2026,2,00-0041013,RB,3.45,0.99,3.01
2026,2,00-0041096,RB,1.4,0.16,1.89
2026,2,00-0041084,TE,1.23,0.73,0
2026,2,00-0041067,WR,2,1.38,0
2026,2,00-0041395,TE,2.16,1.2,0
2026,2,00-0041244,RB,0.39,0.1,0.34
2026,2,00-0030279,WR,8.81,5.23,0
2026,2,00-0031588,WR,11.43,6.02,0
2026,2,00-0033090,TE,9.05,4.55,0
2026,2,00-0033119,QB,17.02,0,2.14
2026,2,00-0033553,RB,3.02,0.89,2.51
2026,2,00-0033288,TE,12.14,5.35,0
2026,2,00-0033955,RB,0.72,0.2,0.6
2026,2,00-0033307,WR,4.79,2.66,0
2026,2,00-0034351,TE,9.69,4.64,0
2026,2,00-0035662,WR,2.59,1.49,0
2026,2,00-0035644,TE,3.32,1.79,0
2026,2,00-0035249,TE,2.49,1.36,0
2026,2,00-0034975,RB,4.68,1.76,2.54
2026,2,00-0035125,FB,0.67,0.13,0.8
2026,2,00-0035021,WR,1.51,0.96,0.06
2026,2,00-0036212,QB,19.3,0,2.29
2026,2,00-0036407,WR,6.07,4.07,0.07
2026,2,00-0036912,WR,15.08,7.5,0.05
2026,2,00-0036970,TE,11.5,6.39,0
2026,2,00-0036900,WR,19.4,9.37,0.25
2026,2,00-0036550,WR,7.21,4.19,0.06
2026,2,00-0036555,RB,10.19,1.92,12.29
2026,2,00-0036887,TE,0.66,0.36,0
2026,2,00-0037740,WR,12.99,7.88,0.17
2026,2,00-0037614,WR,2.97,1.89,0.09
2026,2,00-0037091,WR,1.98,1.29,0.12
2026,2,00-0037120,RB,0.52,0.13,0.47
2026,2,00-0037525,RB,9.27,1.17,9.91
2026,2,00-0037093,WR,0.46,0.29,0
2026,2,00-0037112,TE,2.3,1.27,0
2026,2,00-0037563,RB,2.02,0.44,1.95
2026,2,00-0039040,RB,17.17,3.69,13.99
2026,2,00-0038558,TE,4.56,2.59,0
2026,2,00-0039144,TE,2.97,1.73,0
2026,2,00-0038996,TE,12.41,5.55,0
2026,2,00-0038606,WR,11.24,6.11,0.51
2026,2,00-0039032,RB,7.37,2.68,5.28
2026,2,00-0038542,RB,22.55,5.44,18.47
2026,2,00-0039165,RB,3.42,0.63,3.38
2026,2,00-0038994,WR,11.35,6.01,0.27
2026,2,00-0039064,WR,15.16,7.58,0.2
2026,2,00-0039847,TE,3.67,2.18,0
2026,2,00-0041510,TE,1.12,0.67,0
2026,2,00-0041042,WR,6.79,4.09,0.05
2026,2,00-0035250,RB,0.82,0.17,0.96
2026,2,00-0036244,TE,5.48,2.88,0
2026,2,00-0036165,WR,0.46,0.27,0
2026,2,00-0036309,WR,5.2,3.44,0.05
2026,2,00-0039751,WR,0.64,0.35,0.07
2026,2,00-0031235,WR,1.09,0.66,0
2026,2,00-0037838,TE,9.65,5.21,0
2026,2,00-0033110,TE,1.74,0.99,0
2026,2,00-0036893,RB,1.65,0.5,1.61
2026,2,00-0039075,WR,20.72,9.76,0.45
2026,2,00-0039074,TE,0.81,0.47,0
2026,2,00-0039337,WR,13.78,8.54,0.15
2026,2,00-0040737,TE,3.73,2.59,0
2026,2,00-0040691,QB,21.29,0,5.55
2026,2,00-0031484,TE,0.34,0.21,0
2026,2,00-0033376,FB,0.14,0.09,0
2026,2,00-0039738,RB,8.85,1,10.73
2026,2,00-0040715,RB,13.26,3.37,11.63
2026,2,00-0041415,RB,0.22,0.07,0.17
2026,2,00-0026498,QB,19.49,0,1.33
2026,2,00-0035535,WR,3.84,2.36,0
2026,2,00-0038359,WR,1.06,0.54,0.09
2026,2,00-0039384,RB,5.22,1,6.68
2026,2,00-0040590,WR,2.41,1.81,0
2026,2,00-0031381,WR,12.42,6.86,0
2026,2,00-0037840,RB,14.88,2.57,14.82
2026,2,00-0037557,RB,0.17,0.02,0.22
2026,3,00-0038685,RB,1.87,0.75,1.07
2026,3,00-0039144,TE,2.99,1.73,0
2026,3,00-0040667,WR,10.05,5.5,0.82
2026,3,00-0033858,TE,1.79,1.01,0
2026,3,00-0035208,WR,4.02,2.43,0.2
2026,3,00-0038124,WR,13.82,6.78,0.14
2026,3,00-0037091,WR,2,1.29,0.12
2026,3,00-0037120,RB,0.5,0.13,0.47
2026,3,00-0036429,TE,0.83,0.48,0
2026,3,00-0036970,TE,11.44,6.39,0
2026,3,00-0037238,WR,16.66,8.94,0.06
2026,3,00-0037741,WR,5.09,3.17,0.03
2026,3,00-0037746,RB,4.82,0.98,5.3
2026,3,00-0039811,RB,4.37,1.18,4.08
2026,3,00-0032392,TE,2.81,1.5,0
2026,3,00-0035700,RB,14.23,2.65,14.81
2026,3,00-0038090,WR,0.23,0.12,0.07
2026,3,00-0039146,WR,13.28,6.12,0.96
2026,3,00-0040651,RB,0.12,0,0.18
2026,3,00-0040009,WR,2.81,1.4,0.35
2026,3,00-0036212,QB,19.17,0,2.29
2026,3,00-0038996,TE,12.47,5.55,0
2026,3,00-0038542,RB,21.88,5.44,18.47
2026,3,00-0038589,TE,0.37,0.21,0
2026,3,00-0041044,WR,3.84,2.23,0.13
2026,3,00-0036264,QB,20.18,0,3.09
2026,3,00-0039074,TE,0.79,0.47,0
2026,3,00-0038619,WR,3.98,2.22,0.19
2026,3,00-0038573,WR,0.21,0.07,0.14
2026,3,00-0038640,WR,0.38,0.25,0
2026,3,00-0039732,QB,20.45,0,4.36
2026,3,00-0039373,RB,1.05,0.29,0.97
2026,3,00-0039814,TE,2.96,1.67,0
2026,3,00-0039912,TE,1.18,0.66,0
2026,3,00-0039751,WR,0.62,0.35,0.07
2026,3,00-0039342,WR,2.91,1.96,0
2026,3,00-0039915,WR,12.93,7,0.11
2026,3,00-0039901,WR,4.18,2.31,0.04
2026,3,00-0039874,RB,2.74,0.85,2.58
2026,3,00-0039491,WR,11.82,5.99,0.08
2026,3,00-0039363,RB,0.28,0.12,0.11
2026,3,00-0039384,RB,5.26,1,6.68
2026,3,00-0040078,RB,0.78,0.36,0.51
2026,3,00-0040653,WR,0.08,0.05,0
2026,3,00-0040729,WR,4.45,2.53,0.05
2026,3,00-0040134,WR,5.08,3.11,0.09
2026,3,00-0040784,RB,13.29,2.25,16.07
2026,3,00-0040122,RB,14.75,4.34,15.77
2026,3,00-0040138,WR,5.26,2.68,0.08
2026,3,00-0040208,RB,2.36,0.69,2.38
2026,3,00-0041511,WR,4.71,2.79,0.17
2026,3,00-0041027,RB,15.58,5.08,12.71
2026,3,00-0041415,RB,0.21,0.07,0.17
2026,3,00-0041550,WR,1.29,0.85,0
2026,3,00-0041100,WR,0.43,0.19,0.19
2026,3,00-0040939,TE,1.44,0.86,0
2026,3,00-0041096,RB,1.35,0.16,1.89
2026,3,00-0041004,WR,0.21,0.14,0
2026,3,00-0041398,TE,0.49,0.3,0
2026,3,00-0041524,TE,4.03,2.23,0
2026,3,00-0041069,WR,1.99,1.25,0
2026,3,00-0030506,TE,12.12,6.32,0
2026,3,00-0031235,WR,1.1,0.66,0
2026,3,00-0031381,WR,12.19,6.86,0
2026,3,00-0031610,TE,7.82,4.11,0
2026,3,00-0031484,TE,0.34,0.21,0
2026,3,00-0033090,TE,9.09,4.55,0
2026,3,00-0033110,TE,1.71,0.99,0
2026,3,00-0033537,QB,15.39,0,3.14
2026,3,00-0033906,RB,5.72,1.96,4.76
2026,3,00-0033881,TE,3.99,2.53,0
2026,3,00-0033553,RB,3.05,0.89,2.51
2026,3,00-0033288,TE,12.07,5.35,0
2026,3,00-0034829,TE,6.33,3.68,0
2026,3,00-0035644,TE,3.37,1.79,0
2026,3,00-0035710,QB,18.48,0,3.04
2026,3,00-0035359,WR,0.45,0.29,0
2026,3,00-0035544,WR,0.13,0.08,0
2026,3,00-0036223,RB,19.49,4,17.36
2026,3,00-0036422,TE,2.13,1.12,0
2026,3,00-0036971,QB,19.83,0,4.38
2026,3,00-0036919,RB,9.24,3.12,6.66
2026,3,00-0036637,TE,4.77,2.76,0
2026,3,00-0037256,RB,9.92,3.28,7.5
2026,3,00-0037248,RB,17.71,2.89,16.41
2026,3,00-0037664,WR,12.55,6.28,0.05
2026,3,00-0037239,WR,15.84,8.94,0.05
2026,3,00-0037740,WR,13.01,7.88,0.17
2026,3,00-0037614,WR,2.93,1.89,0.09
2026,3,00-0037840,RB,14.24,2.57,14.82
2026,3,00-0038134,RB,15.37,3.58,14.5
2026,3,00-0037228,RB,13.33,3.46,12.21
2026,3,00-0037594,RB,0.3,0.12,0.21
2026,3,00-0038597,RB,16.56,4.82,14.64
2026,3,00-0038935,TE,8.22,4.42,0
2026,3,00-0039075,WR,20.39,9.76,0.45
2026,3,00-0038621,WR,5.37,2.74,0.36
2026,3,00-0038454,RB,7.07,1.52,6.01
2026,3,00-0038551,RB,1.59,0.52,1.2
2026,3,00-0039067,WR,15.93,8.51,0.41
2026,3,00-0038559,WR,11.39,6.28,0.05
2026,3,00-0038797,RB,2.49,0.34,3.02
2026,3,00-0039796,RB,0.25,0.11,0.11
2026,3,00-0039875,RB,4.02,0.81,4.47
2026,3,00-0039738,RB,8.41,1,10.73
2026,3,00-0039405,RB,0.62,0.1,0.83
2026,3,00-0039530,TE,1.24,0.76,0
2026,3,00-0039356,TE,1.47,0.87,0
2026,3,00-0039451,WR,1.64,0.98,0.17
2026,3,00-0039365,WR,0.02,0.01,0
2026,3,00-0039920,WR,0.83,0.28,0.39
2026,3,00-0039868,WR,2.73,1.66,0.11
2026,3,00-0039792,WR,1.97,1.07,0.06
2026,3,00-0039893,WR,10.77,6.03,0.21
2026,3,00-0039424,WR,8.68,4.98,0.05
2026,3,00-0039589,WR,0.5,0.29,0.05
2026,3,00-0040586,RB,2.12,0.46,2.54
2026,3,00-0040177,RB,1.86,0.36,1.97
2026,3,00-0040715,RB,13.35,3.37,11.63
2026,3,00-0040737,TE,3.65,2.59,0
2026,3,00-0040782,WR,1.96,1.1,0.18
2026,3,00-0040663,TE,10.6,5.89,0.22
2026,3,00-0040691,QB,21.39,0,5.55
2026,3,00-0040582,WR,0.32,0.19,0.07
2026,3,00-0040705,WR,3.27,1.96,0.4
2026,3,00-0040581,WR,0.07,0.06,0
2026,3,00-0040131,WR,0.45,0.28,0.06
2026,3,00-0040184,WR,0.91,0.65,0.05
2026,3,00-0040590,WR,2.35,1.81,0
2026,3,00-0040568,RB,0.5,0.14,0.41
2026,3,00-0040067,RB,0.28,0.05,0.31
2026,3,00-0040259,WR,0.1,0.06,0
2026,3,00-0040870,WR,3.18,1.87,0.05
2026,3,00-0041040,WR,4.23,2.49,0.1
2026,3,00-0041525,WR,5.34,3.16,0.04
2026,3,00-0041041,TE,2.36,1.44,0
2026,3,00-0041217,RB,0.57,0.27,0.23
2026,3,00-0041443,WR,2.57,1.52,0.05
2026,3,00-0041129,RB,0.6,0.12,0.63
2026,3,00-0031408,WR,13.42,7.07,0
2026,3,00-0032104,RB,0.32,0.12,0.18
2026,3,00-0033873,QB,21.27,0,2.49
2026,3,00-0033757,TE,0.07,0.04,0
2026,3,00-0034855,QB,19.29,0,3.25
2026,3,00-0034857,QB,23.05,0,6.21
2026,3,00-0034860,WR,0.19,0.1,0.02
2026,3,00-0034348,WR,10.65,5.95,0
2026,3,00-0035685,RB,14.18,2.36,15.68
2026,3,00-0035659,WR,13.78,7.41,0.05
2026,3,00-0035406,WR,2.07,1.22,0
2026,3,00-0034981,TE,0.8,0.41,0
2026,3,00-0036355,QB,19.8,0,4.46
2026,3,00-0036410,WR,15.43,7.4,0.06
2026,3,00-0036158,RB,7.86,1.25,8.68
2026,3,00-0036252,WR,10.67,6.01,0.05
2026,3,00-0036425,RB,0.18,0.02,0.26
2026,3,00-0036309,WR,5.27,3.44,0.05
2026,3,00-0036613,WR,14.83,7.66,0.22
2026,3,00-0036988,WR,1.92,1.14,0
2026,3,00-0037816,WR,10.23,5.53,0
2026,3,00-0037744,TE,15.67,8.58,0
2026,3,00-0037261,WR,11.02,5.82,0.11
2026,3,00-0037805,TE,0.85,0.52,0
2026,3,00-0037252,TE,6.45,3.59,0
2026,3,00-0037304,RB,0.88,0.39,0.4
2026,3,00-0037292,TE,0.46,0.29,0
2026,3,00-0039139,RB,22.15,4.73,17.04
2026,3,00-0039150,QB,17.78,0,4.73
2026,3,00-0038997,WR,12.2,6.89,0.18
2026,3,00-0039032,RB,7.57,2.75,5.08
2026,3,00-0039165,RB,3.4,0.63,3.38
2026,3,00-0038994,WR,11.34,6.01,0.27
2026,3,00-0038618,WR,3.84,2.34,0.07
2026,3,00-0038611,RB,7.73,0.67,9.6
2026,3,00-0039050,TE,0.53,0.32,0
2026,3,00-0038576,WR,0.17,0.1,0
2026,3,00-0038359,WR,1.04,0.54,0.09
2026,3,00-0039798,RB,5.26,1.52,3.97
2026,3,00-0039407,RB,0.44,0.12,0.49
2026,3,00-0039847,TE,3.71,2.18,0
2026,3,00-0039793,TE,9.5,4.67,0.57
2026,3,00-0039894,WR,10.7,6.17,0.97
2026,3,00-0039890,WR,6.22,4.44,0.06
2026,3,00-0039849,WR,10.74,6.61,0
2026,3,00-0039754,TE,0.5,0.27,0
2026,3,00-0040583,RB,7.24,1.96,7.7
2026,3,00-0040237,WR,2.63,1.45,0.09
2026,3,00-0040730,RB,10.15,3.09,8.06
2026,3,00-0040198,RB,2.59,0.76,2.36
2026,3,00-0040154,WR,1.83,1.01,0.04
2026,3,00-0040170,WR,2.96,2.01,0
2026,3,00-0040666,RB,15.36,3.97,13.96
2026,3,00-0040727,WR,5.84,3.51,0.13
2026,3,00-0040128,TE,12.83,7.11,0.26
2026,3,00-0040218,WR,1.81,0.95,0.33
2026,3,00-0040563,WR,0.12,0.06,0
2026,3,00-0040172,WR,0.23,0.14,0
2026,3,00-0040075,WR,0.22,0.11,0.05
2026,3,00-0040021,RB,0.93,0.16,0.76
2026,3,00-0040876,WR,3.37,1.92,0.05
2026,3,00-0041562,QB,16.6,0,2.77
2026,3,00-0041042,WR,6.86,4.09,0.05
2026,3,00-0041512,RB,9.36,1.31,11.63
2026,3,00-0040886,RB,2.4,0.63,2.24
2026,3,00-0041248,WR,0.06,0.04,0
2026,3,00-0041132,WR,0.38,0.24,0
2026,3,00-0041496,RB,3.43,0.95,3.32
2026,3,00-0041104,RB,2.57,1.06,1.45
2026,3,00-0041035,WR,7.25,3.99,0.18
2026,3,00-0041579,TE,0.85,0.49,0
2026,3,00-0041099,WR,2.06,1.31,0
2026,3,00-0030565,QB,15.99,0,3.11
2026,3,00-0033106,QB,20.39,0,1.62
2026,3,00-0032398,WR,0.27,0.16,0
2026,3,00-0033885,TE,3.91,2.32,0
2026,3,00-0033921,WR,10.82,6.19,0.05
2026,3,00-0033908,WR,8.07,4.26,0.06
2026,3,00-0033217,TE,1.25,0.75,0
2026,3,00-0033376,FB,0.14,0.09,0
2026,3,00-0034383,TE,9.74,5.46,0
2026,3,00-0034798,TE,0.83,0.46,0
2026,3,00-0034613,TE,0.64,0.36,0
2026,3,00-0035676,WR,16.27,7.68,0.04
2026,3,00-0034960,WR,10.24,5.84,0.28
2026,3,00-0035261,RB,10.38,2.21,10.44
2026,3,00-0035537,RB,4.03,1.36,2.57
2026,3,00-0035250,RB,0.83,0.17,0.96
2026,3,00-0036427,WR,0.2,0.12,0
2026,3,00-0036040,TE,9.9,5.4,0
2026,3,00-0036626,WR,0.41,0.23,0.06
2026,3,00-0036555,RB,10.34,1.92,12.29
2026,3,00-0036894,TE,7.28,3.74,0
2026,3,00-0036876,TE,0.18,0.12,0
2026,3,00-0036924,RB,0.25,0.11,0.16
2026,3,00-0036875,RB,11.04,1.99,11.39
2026,3,00-0037005,TE,2.17,1.27,0
2026,3,00-0036842,RB,0.11,0.01,0.19
2026,3,00-0038041,TE,9.77,5.47,0
2026,3,00-0038129,TE,7.31,4.41,0
2026,3,00-0037838,TE,9.75,5.21,0
2026,3,00-0037240,WR,13.96,6.91,0.55
2026,3,00-0037197,RB,3.83,0.73,4.85
2026,3,00-0037809,TE,9.12,5.39,0
2026,3,00-0038976,WR,4.42,2.23,0.44
2026,3,00-0038951,RB,3.63,0.29,4.24
2026,3,00-0039163,QB,19.17,0,2.67
2026,3,00-0039065,TE,12.11,5.96,0.06
2026,3,00-0038839,WR,0.95,0.65,0
2026,3,00-0038440,RB,0.05,0.01,0.05
2026,3,00-0038783,TE,0.33,0.19,0
2026,3,00-0039910,QB,20.74,0,7.1
2026,3,00-0039361,RB,11.76,2.56,13.08
2026,3,00-0039355,WR,0.59,0.32,0
2026,3,00-0039816,WR,0.13,0.07,0.03
2026,3,00-0040189,TE,4.77,2.4,0
2026,3,00-0040648,WR,3.37,1.95,0.05
2026,3,00-0040584,TE,7.97,4.3,0
2026,3,00-0040205,RB,0.24,0.08,0.18
2026,3,00-0040522,WR,0.43,0.27,0.02
2026,3,00-0040676,QB,17.34,0,2.64
2026,3,00-0040718,DB,3.59,2.21,0.14
2026,3,00-0041438,WR,11.03,7.07,0.09
2026,3,00-0041116,TE,0.64,0.36,0
2026,3,00-0041547,WR,8.83,4.75,0.76
2026,3,00-0041503,TE,1.47,0.87,0
2026,3,00-0041529,WR,4.09,2.45,0
2026,3,00-0041216,WR,0.21,0.13,0
2026,3,00-0041067,WR,1.77,1.19,0
2026,3,00-0041395,TE,2.17,1.2,0
2026,3,00-0031588,WR,11.11,6.02,0
2026,3,00-0033119,QB,17.24,0,2.14
2026,3,00-0033077,QB,20.97,0,2.36
2026,3,00-0033280,RB,22.52,5.77,18.4
2026,3,00-0033576,TE,0.49,0.28,0
2026,3,00-0026498,QB,19.13,0,1.33
2026,3,00-0033307,WR,4.83,2.66,0
2026,3,00-0034796,QB,22.14,0,7.86
2026,3,00-0034869,QB,20.39,0,2.92
2026,3,00-0034837,WR,6.66,4,0.04
2026,3,00-0034827,WR,11.45,6.14,0.44
2026,3,00-0034365,TE,0.29,0.18,0
2026,3,00-0034272,WR,1.09,0.75,0.04
2026,3,00-0034270,TE,0.28,0.16,0
2026,3,00-0035640,WR,11.82,6.3,0.15
2026,3,00-0035228,QB,19.51,0,5.79
2026,3,00-0035719,WR,10.66,5.24,0.93
2026,3,00-0035689,TE,4.78,2.52,0
2026,3,00-0035500,WR,3.12,1.66,0.2
2026,3,00-0036331,WR,0.21,0.12,0.04
2026,3,00-0036415,WR,0.1,0.07,0
2026,3,00-0036244,TE,5.38,2.88,0
2026,3,00-0035891,WR,0.36,0.19,0
2026,3,00-0036963,WR,19.88,9.83,0.26
2026,3,00-0036887,TE,0.66,0.36,0
2026,3,00-0038117,WR,9.99,6.37,0.2
2026,3,00-0038046,TE,3.97,2.29,0.11
2026,3,00-0037263,RB,5.45,1.09,6.13
2026,3,00-0037247,WR,15.27,7.82,0.06
2026,3,00-0038120,RB,14.41,2.76,15.75
2026,3,00-0037093,WR,0.46,0.29,0
2026,3,00-0039040,RB,17.24,3.69,13.99
2026,3,00-0038977,WR,1.21,0.67,0.06
2026,3,00-0038563,WR,9.62,5.61,0.44
2026,3,00-0039041,TE,3.15,1.75,0
2026,3,00-0038933,TE,9.1,4.57,0
2026,3,00-0038547,TE,1.53,0.94,0
2026,3,00-0038705,RB,2.57,0.97,1.24
2026,3,00-0038519,WR,0.17,0.09,0.03
2026,3,00-0038794,RB,0.84,0.22,0.78
2026,3,00-0038738,FB,1.72,0.72,0.89
2026,3,00-0039359,TE,1.82,1,0.12
2026,3,00-0039855,WR,7.24,3.7,0.11
2026,3,00-0039739,WR,1.97,1.24,0
2026,3,00-0039737,TE,1.06,0.64,0
2026,3,00-0040162,RB,6.81,2.15,6.17
2026,3,00-0040466,RB,0.26,0.03,0.43
2026,3,00-0040187,TE,1.01,0.56,0
2026,3,00-0040719,RB,10.71,2.43,11.47
2026,3,00-0040736,TE,5.4,3.56,0
2026,3,00-0040142,RB,0.25,0.06,0.29
2026,3,00-0040646,WR,1.72,1.12,0.04
2026,3,00-0040129,WR,11.48,6.96,0.24
2026,3,00-0040739,TE,3.99,2.36,0
2026,3,00-0040734,RB,11.84,2.5,10.38
2026,3,00-0040238,RB,2.61,1.25,1.02
2026,3,00-0040743,QB,19.63,0,4.56
2026,3,00-0040164,WR,1.65,0.92,0.2
2026,3,00-0040509,TE,0.23,0.13,0
2026,3,00-0041070,WR,0.4,0.24,0
2026,3,00-0040888,RB,0.29,0.08,0.23
2026,3,00-0041472,TE,2.86,1.6,0
2026,3,00-0040894,WR,0.01,0.01,0
2026,3,00-0041084,TE,1.25,0.73,0
2026,3,00-0041052,RB,2.09,0.4,2.4
2026,3,00-0041125,RB,1.71,0.44,1.63
2026,3,00-0041087,TE,2.34,1.39,0
2026,3,00-0032775,WR,2.97,1.6,0
2026,3,00-0033555,WR,2.9,1.56,0.05
2026,3,00-0033955,RB,0.7,0.2,0.6
2026,3,00-0033589,WR,0.04,0.03,0
2026,3,00-0033375,WR,0.68,0.36,0
2026,3,00-0034753,TE,10.59,4.95,0.36
2026,3,00-0034975,RB,4.78,1.76,2.54
2026,3,00-0035631,TE,2.09,1.19,0
2026,3,00-0035021,WR,1.51,0.96,0.06
2026,3,00-0036358,WR,17.26,9.22,0.17
2026,3,00-0036322,WR,16.92,9.21,0.13
2026,3,00-0036893,RB,1.66,0.5,1.61
2026,3,00-0036590,TE,0.47,0.29,0
2026,3,00-0036973,RB,12.46,2.82,13.39
2026,3,00-0036900,WR,19.46,9.43,0.25
2026,3,00-0036554,WR,17.53,8.68,0.22
2026,3,00-0036550,WR,7.38,4.19,0.06
2026,3,00-0036997,RB,13.65,3.08,16.11
2026,3,00-0036630,WR,0.53,0.31,0
2026,3,00-0036628,TE,2.15,1.23,0
2026,3,00-0037666,WR,3.27,1.91,0
2026,3,00-0038128,QB,18.68,0,7.69
2026,3,00-0037834,QB,22.36,0,4.12
2026,3,00-0037085,RB,1.04,0.59,0.28
2026,3,00-0037276,RB,0.98,0.49,0.37
2026,3,00-0038558,TE,4.62,2.59,0
2026,3,00-0038544,WR,10.91,5.85,0.19
2026,3,00-0039064,WR,15.48,7.58,0.2
2026,3,00-0038710,TE,0.43,0.28,0
2026,3,00-0039851,QB,21.06,0,4.57
2026,3,00-0039794,RB,3.52,0.68,3.88
2026,3,00-0039344,RB,8.8,2.49,7.95
2026,3,00-0039338,TE,16.24,8.33,0.22
2026,3,00-0039880,WR,6.66,3.58,1.12
2026,3,00-0039337,WR,12.87,7.88,0.15
2026,3,00-0039391,RB,1.34,0.26,1.68
2026,3,00-0039364,RB,0.18,0.06,0.15
2026,3,00-0039410,WR,7.3,3.99,0.19
2026,3,00-0039299,RB,3,0.83,2.45
2026,3,00-0040179,RB,1.5,0.52,1.32
2026,3,00-0040124,WR,14.2,8.2,0.08
2026,3,00-0040644,RB,1.4,0.36,1.4
2026,3,00-0040242,RB,8.72,1.73,8.44
2026,3,00-0040669,WR,3.82,2.21,0.05
2026,3,00-0040194,TE,2.13,1.15,0
2026,3,00-0040311,WR,0.1,0.05,0
2026,3,00-0040887,TE,0.85,0.47,0
2026,3,00-0041489,WR,5.35,3.06,0.09
2026,3,00-0041510,TE,1.1,0.67,0
2026,3,00-0041523,WR,5.39,3.21,0
2026,3,WAS569019,RB,2.93,0.97,2.34
2026,3,00-0041048,WR,3.09,1.91,0.08
2026,3,00-0041032,TE,3.87,2.25,0.06
2026,3,00-0041013,RB,3.44,1.04,2.8
2026,3,00-0041037,WR,6.26,3.66,0.14
2026,3,00-0041077,TE,3.38,1.91,0
2026,3,00-0040890,WR,1.83,1.14,0
2026,3,00-0029892,FB,1.77,0.96,0.11
2026,3,00-0041244,RB,0.37,0.1,0.34
2026,3,00-0030279,WR,8.84,5.23,0
2026,3,00-0032764,RB,15.38,1.33,16.93
2026,3,00-0033526,RB,3.3,1.04,2.59
2026,3,00-0033293,RB,8.17,1.97,8.2
2026,3,00-0034775,WR,1.39,0.83,0.02
2026,3,00-0034487,WR,0.25,0.16,0
2026,3,00-0035229,TE,8.5,4.79,0
2026,3,00-0035249,TE,2.49,1.36,0
2026,3,00-0035125,FB,0.68,0.13,0.8
2026,3,00-0035535,WR,3.88,2.36,0
2026,3,00-0036442,QB,22.16,0,2.49
2026,3,00-0036407,WR,6.04,4.07,0.07
2026,3,00-0036165,WR,0.46,0.27,0
2026,3,00-0036139,RB,12.48,3.11,12.18
2026,3,00-0036259,WR,8.14,4.29,0
2026,3,00-0036182,WR,1.08,0.65,0
2026,3,00-0036825,TE,0.08,0.03,0.05
2026,3,00-0036556,TE,0.16,0.09,0
2026,3,00-0036754,TE,2.65,1.53,0
2026,3,00-0036534,TE,0.2,0.12,0
2026,3,00-0037742,WR,2.02,1.35,0.13
2026,3,00-0037291,WR,8.35,4.76,0.22
2026,3,00-0038104,WR,5.46,2.89,0
2026,3,00-0037557,RB,0.16,0.02,0.22
2026,3,00-0037231,WR,1.32,0.93,0.04
2026,3,00-0038115,TE,4.96,2.63,0
2026,3,00-0037539,TE,0.44,0.27,0
2026,3,00-0037525,RB,8.97,1.17,9.91
2026,3,00-0037311,TE,0.05,0.03,0
2026,3,00-0037545,WR,9.26,4.72,0.62
2026,3,00-0037112,TE,2.28,1.27,0
2026,3,00-0037563,RB,1.96,0.44,1.95
2026,3,00-0037801,WR,3.64,1.62,0.95
2026,3,00-0039066,TE,3.98,2.63,0
2026,3,00-0038606,WR,11.39,6.11,0.51
2026,3,00-0038543,WR,21.43,9.93,0.42
2026,3,00-0038608,WR,8.63,4.35,0
2026,3,00-0023459,QB,17.54,0,1.26
2026,3,00-0039021,RB,0.24,0,0.35
2026,3,00-0040126,TE,13.98,7.16,0.05
2026,3,00-0041051,WR,2.07,1.24,0.11
2026,3,00-0035662,WR,2.59,1.49,0
2026,3,00-0036275,RB,12.16,2.76,12.51
2026,3,00-0036912,WR,15.09,7.5,0.05
2026,3,00-0038555,RB,3.67,0.52,4.15
2026,3,00-0038564,TE,0.13,0.08,0
2026,3,00-0039746,RB,1.47,0.65,0.83
2026,3,00-0040867,WR,7,4,0.1
2026,3,00-0037258,RB,0.23,0.07,0.2
2026,3,00-0039919,WR,11.34,6.7,0.05
2026,3,00-0040735,WR,13.34,6.54,0.59
2026,3,00-0041558,TE,1.93,1.18,0
2026,3,00-0032464,WR,3.36,1.82,0.17
2026,3,00-0037475,TE,0.41,0.24,0
2026,3,00-0038393,WR,6.29,3.61,0.05
2026,3,00-0040277,WR,2.03,1.24,0
2026,3,00-0040024,WR,0.49,0.28,0
2026,3,00-0041483,TE,2.67,1.52,0.1
2026,3,00-0039918,QB,21.02,0,4.3
2026,3,00-0034844,RB,15.09,3.18,16.11
2026,3,00-0036290,TE,4.5,2.47,0
2026,3,00-0037086,TE,1.84,0.99,0
2026,3,00-0040236,RB,8.06,1.74,8.29
2026,3,00-0034351,TE,9.7,4.64,0
2026,3,00-0036389,QB,21.88,0,6.91
2026,3,00-0037132,WR,0.05,0.03,0
2026,4,00-0041037,WR,6.17,3.66,0.14
2026,4,00-0041398,TE,0.49,0.3,0
2026,4,00-0036139,RB,12.53,3.11,12.18
2026,4,00-0039739,WR,1.94,1.24,0
2026,4,00-0037228,RB,13.37,3.46,12.21
2026,4,00-0038558,TE,4.56,2.59,0
2026,4,00-0040162,RB,6.45,2.15,6.17
2026,4,00-0040466,RB,0.24,0.03,0.43
2026,4,00-0040663,TE,10.46,5.89,0.22
2026,4,00-0040259,WR,0.1,0.06,0
2026,4,00-0033757,TE,0.07,0.04,0
2026,4,00-0036630,WR,0.53,0.31,0
2026,4,00-0040142,RB,0.25,0.06,0.29
2026,4,00-0040784,RB,12.43,2.25,16.07
2026,4,00-0033537,QB,15.16,0,3.14
2026,4,00-0035640,WR,11.67,6.3,0.15
2026,4,00-0036407,WR,5.95,4.07,0.07
2026,4,00-0023459,QB,17.28,0,1.26
2026,4,00-0038710,TE,0.42,0.28,0
2026,4,00-0036252,WR,10.53,6.01,0.05
2026,4,00-0036894,TE,7.19,3.74,0
2026,4,00-0039920,WR,0.8,0.28,0.39
2026,4,00-0040782,WR,1.93,1.1,0.18
2026,4,00-0041489,WR,5.28,3.06,0.09
2026,4,00-0041547,WR,8.69,4.75,0.76
2026,4,00-0041087,TE,2.31,1.39,0
2026,4,00-0038564,TE,0.13,0.08,0
2026,4,00-0038611,RB,8.01,0.67,9.6
2026,4,00-0039050,TE,0.53,0.32,0
2026,4,00-0039041,TE,3.15,1.75,0
2026,4,00-0038547,TE,1.54,0.94,0
2026,4,00-0038359,WR,1.05,0.54,0.09
2026,4,00-0038519,WR,0.16,0.09,0.03
2026,4,00-0038685,RB,1.85,0.75,1.07
2026,4,00-0038783,TE,0.33,0.19,0
2026,4,00-0039918,QB,21.13,0,4.3
2026,4,00-0039875,RB,3.88,0.81,4.47
2026,4,00-0039746,RB,1.43,0.65,0.83
2026,4,00-0039361,RB,11.95,2.56,13.08
2026,4,00-0039814,TE,2.98,1.67,0
2026,4,00-0039793,TE,9.31,4.67,0.57
2026,4,00-0039363,RB,0.27,0.12,0.11
2026,4,00-0040177,RB,1.81,0.36,1.97
2026,4,00-0040187,TE,1.02,0.56,0
2026,4,00-0040583,RB,7.37,1.96,7.7
2026,4,00-0040198,RB,2.56,0.76,2.36
2026,4,00-0040667,WR,10.07,5.5,0.82
2026,4,00-0040129,WR,11.56,6.96,0.24
2026,4,00-0040735,WR,13.44,6.54,0.59
2026,4,00-0040739,TE,3.89,2.36,0
2026,4,00-0040218,WR,1.82,0.95,0.33
2026,4,00-0040582,WR,0.32,0.19,0.07
2026,4,00-0040705,WR,3.21,1.96,0.4
2026,4,00-0040208,RB,2.43,0.69,2.38
2026,4,00-0040876,WR,3.34,1.92,0.05
2026,4,00-0040888,RB,0.28,0.08,0.23
2026,4,00-0041472,TE,2.88,1.6,0
2026,4,00-0041216,WR,0.21,0.13,0
2026,4,00-0041077,TE,3.38,1.91,0
2026,4,00-0041035,WR,7.07,3.99,0.18
2026,4,00-0041395,TE,2.15,1.2,0
2026,4,00-0041524,TE,4.03,2.23,0
2026,4,00-0041069,WR,2,1.25,0
2026,4,00-0030506,TE,12.01,6.32,0
2026,4,00-0033106,QB,20.6,0,1.62
2026,4,00-0033555,WR,2.87,1.56,0.05
2026,4,00-0026498,QB,19.36,0,1.33
2026,4,00-0033589,WR,0.04,0.03,0
2026,4,00-0034365,TE,0.29,0.18,0
2026,4,00-0034753,TE,10.5,4.95,0.36
2026,4,00-0035229,TE,8.54,4.79,0
2026,4,00-0035700,RB,13.94,2.65,14.81
2026,4,00-0035406,WR,2.07,1.22,0
2026,4,00-0034981,TE,0.81,0.41,0
2026,4,00-0035021,WR,1.55,0.96,0.06
2026,4,00-0036971,QB,20.34,0,4.38
2026,4,00-0036590,TE,0.48,0.29,0
2026,4,00-0036554,WR,17.68,8.68,0.22
2026,4,00-0036626,WR,0.42,0.23,0.06
2026,4,00-0036555,RB,10.33,1.92,12.29
2026,4,00-0036875,RB,11.25,1.99,11.39
2026,4,00-0037816,WR,10.14,5.53,0
2026,4,00-0037247,WR,15.37,7.82,0.06
2026,4,00-0037614,WR,2.95,1.89,0.09
2026,4,00-0038124,WR,13.86,6.78,0.14
2026,4,00-0037085,RB,1.04,0.59,0.28
2026,4,00-0037292,TE,0.47,0.29,0
2026,4,00-0038996,TE,12.51,5.55,0
2026,4,00-0039032,RB,7.26,2.75,5.08
2026,4,00-0038994,WR,11.39,6.01,0.27
2026,4,00-0038618,WR,3.88,2.34,0.07
2026,4,00-0038576,WR,0.18,0.1,0
2026,4,00-0038640,WR,0.38,0.25,0
2026,4,00-0039405,RB,0.63,0.1,0.83
2026,4,00-0039530,TE,1.25,0.76,0
2026,4,00-0039894,WR,10.59,6.17,0.97
2026,4,00-0039890,WR,6.29,4.44,0.06
2026,4,00-0039792,WR,1.95,1.07,0.06
2026,4,00-0039754,TE,0.5,0.27,0
2026,4,00-0040586,RB,2.2,0.46,2.54
2026,4,00-0040237,WR,2.65,1.45,0.09
2026,4,00-0040736,TE,5.46,3.56,0
2026,4,00-0040128,TE,13.07,7.11,0.26
2026,4,00-0040522,WR,0.42,0.27,0.02
2026,4,00-0040138,WR,5.3,2.68,0.08
2026,4,00-0040238,RB,2.67,1.25,1.02
2026,4,00-0040887,TE,0.85,0.47,0
2026,4,00-0041116,TE,0.64,0.36,0
2026,4,00-0041042,WR,6.84,4.09,0.05
2026,4,00-0041070,WR,0.4,0.24,0
2026,4,00-0041048,WR,3.12,1.91,0.08
2026,4,00-0041529,WR,4.09,2.45,0
2026,4,00-0041104,RB,2.61,1.06,1.45
2026,4,00-0041550,WR,1.29,0.85,0
2026,4,00-0041443,WR,2.58,1.52,0.05
2026,4,00-0041129,RB,0.61,0.12,0.63
2026,4,00-0041096,RB,1.38,0.16,1.89
2026,4,00-0041084,TE,1.27,0.73,0
2026,4,00-0041125,RB,1.71,0.44,1.63
2026,4,00-0029892,FB,1.73,0.96,0.11
2026,4,00-0030279,WR,9.02,5.23,0
2026,4,00-0031588,WR,11.33,6.02,0
2026,4,00-0031610,TE,7.87,4.11,0
2026,4,00-0033110,TE,1.72,0.99,0
2026,4,00-0032464,WR,3.38,1.82,0.17
2026,4,00-0033885,TE,3.91,2.32,0
2026,4,00-0033280,RB,21.95,5.77,18.4
2026,4,00-0033858,TE,1.8,1.01,0
2026,4,00-0033526,RB,3.38,1.04,2.59
2026,4,00-0033576,TE,0.48,0.28,0
2026,4,00-0033293,RB,8.38,1.97,8.2
2026,4,00-0034844,RB,14.52,3.18,16.11
2026,4,00-0034855,QB,19.53,0,3.25
2026,4,00-0034272,WR,1.1,0.75,0.04
2026,4,00-0034487,WR,0.25,0.16,0
2026,4,00-0034613,TE,0.64,0.36,0
2026,4,00-0035719,WR,10.41,5.24,0.93
2026,4,00-0035685,RB,14.42,2.36,15.68
2026,4,00-0035689,TE,4.79,2.52,0
2026,4,00-0035659,WR,14.04,7.41,0.05
2026,4,00-0035250,RB,0.85,0.17,0.96
2026,4,00-0035359,WR,0.45,0.29,0
2026,4,00-0036358,WR,17.37,9.22,0.17
2026,4,00-0036415,WR,0.1,0.07,0
2026,4,00-0036427,WR,0.21,0.12,0
2026,4,00-0035891,WR,0.35,0.19,0
2026,4,00-0036912,WR,14.94,7.5,0.05
2026,4,00-0036919,RB,9.35,3.12,6.66
2026,4,00-0036556,TE,0.16,0.09,0
2026,4,00-0036550,WR,7.32,4.19,0.06
2026,4,00-0036628,TE,2.19,1.23,0
2026,4,00-0036842,RB,0.11,0.01,0.19
2026,4,00-0037240,WR,14.06,6.91,0.55
2026,4,00-0037840,RB,14.3,2.57,14.82
2026,4,00-0037252,TE,6.45,3.59,0
2026,4,00-0037475,TE,0.4,0.24,0
2026,4,00-0037545,WR,9.07,4.72,0.62
2026,4,00-0038597,RB,16.99,4.82,14.64
2026,4,00-0039150,QB,17.71,0,4.73
2026,4,00-0039066,TE,3.98,2.63,0
2026,4,00-0038606,WR,11.55,6.11,0.51
2026,4,00-0038976,WR,4.42,2.23,0.44
2026,4,00-0038608,WR,8.7,4.35,0
2026,4,00-0039165,RB,3.42,0.63,3.38
2026,4,00-0039064,WR,15.36,7.58,0.2
2026,4,00-0038563,WR,9.61,5.61,0.44
2026,4,00-0038573,WR,0.2,0.07,0.14
2026,4,00-0039065,TE,12.18,5.96,0.06
2026,4,00-0038839,WR,0.96,0.65,0
2026,4,00-0038440,RB,0.05,0.01,0.05
2026,4,00-0038738,FB,1.75,0.72,0.89
2026,4,00-0039798,RB,5.27,1.52,3.97
2026,4,00-0039794,RB,3.52,0.68,3.88
2026,4,00-0039344,RB,8.8,2.49,7.95
2026,4,00-0039738,RB,8.44,1,10.73
2026,4,00-0039451,WR,1.65,0.98,0.17
2026,4,00-0039342,WR,2.92,1.96,0
2026,4,00-0039849,WR,10.76,6.61,0
2026,4,00-0039491,WR,11.88,5.99,0.08
2026,4,00-0039355,WR,0.6,0.32,0
2026,4,00-0039816,WR,0.13,0.07,0.03
2026,4,00-0040078,RB,0.78,0.36,0.51
2026,4,00-0040737,TE,3.69,2.59,0
2026,4,00-0040154,WR,1.84,1.01,0.04
2026,4,00-0040648,WR,3.29,1.95,0.05
2026,4,00-0040170,WR,2.92,2.01,0
2026,4,00-0040126,TE,14.09,7.16,0.05
2026,4,00-0040122,RB,14.74,4.34,15.77
2026,4,00-0040734,RB,12.01,2.5,10.38
2026,4,00-0040172,WR,0.23,0.14,0
2026,4,00-0040568,RB,0.51,0.14,0.41
2026,4,00-0040509,TE,0.23,0.13,0
2026,4,00-0040024,WR,0.48,0.28,0
2026,4,00-0041510,TE,1.11,0.67,0
2026,4,00-0041512,RB,9.44,1.31,11.63
2026,4,WAS569019,RB,2.93,0.97,2.34
2026,4,00-0041132,WR,0.38,0.24,0
2026,4,00-0041004,WR,0.21,0.14,0
2026,4,00-0040890,WR,1.81,1.14,0
2026,4,00-0041244,RB,0.38,0.1,0.34
2026,4,00-0032104,RB,0.32,0.12,0.18
2026,4,00-0031484,TE,0.34,0.21,0
2026,4,00-0032764,RB,14.91,1.33,16.93
2026,4,00-0033119,QB,17.24,0,2.14
2026,4,00-0032398,WR,0.26,0.16,0
2026,4,00-0033873,QB,20.79,0,2.26
2026,4,00-0033881,TE,3.99,2.53,0
2026,4,00-0033288,TE,11.83,5.35,0
2026,4,00-0034829,TE,6.37,3.68,0
2026,4,00-0034348,WR,10.65,5.95,0
2026,4,00-0034270,TE,0.28,0.16,0
2026,4,00-0035676,WR,16.15,7.68,0.04
2026,4,00-0035710,QB,18.9,0,3.04
2026,4,00-0035500,WR,3.14,1.66,0.2
2026,4,00-0034975,RB,4.69,1.76,2.54
2026,4,00-0036275,RB,12.14,2.76,12.51
2026,4,00-0036410,WR,15.5,7.4,0.06
2026,4,00-0036264,QB,20.11,0,3.09
2026,4,00-0036223,RB,19.5,4,17.36
2026,4,00-0036893,RB,1.7,0.5,1.61
2026,4,00-0036924,RB,0.24,0.11,0.16
2026,4,00-0036887,TE,0.64,0.36,0
2026,4,00-0036754,TE,2.67,1.53,0
2026,4,00-0036534,TE,0.2,0.12,0
2026,4,00-0037258,RB,0.22,0.07,0.2
2026,4,00-0037744,TE,15.69,8.58,0
2026,4,00-0037838,TE,9.73,5.21,0
2026,4,00-0037263,RB,5.68,1.09,6.13
2026,4,00-0038120,RB,14.39,2.76,15.75
2026,4,00-0037304,RB,0.88,0.39,0.4
2026,4,00-0038104,WR,5.41,2.89,0
2026,4,00-0037112,TE,2.23,1.27,0
2026,4,00-0038393,WR,6.21,3.61,0.05
2026,4,00-0038559,WR,11.41,6.28,0.05
2026,4,00-0039021,RB,0.24,0,0.35
2026,4,00-0038705,RB,2.55,0.97,1.24
2026,4,00-0038797,RB,2.51,0.34,3.02
2026,4,00-0039851,QB,21.01,0,4.57
2026,4,00-0039407,RB,0.44,0.12,0.49
2026,4,00-0039880,WR,6.65,3.58,1.12
2026,4,00-0039893,WR,10.92,6.03,0.21
2026,4,00-0039915,WR,12.91,7,0.11
2026,4,00-0039874,RB,2.7,0.85,2.58
2026,4,00-0039737,TE,1.06,0.64,0
2026,4,00-0039299,RB,2.99,0.83,2.45
2026,4,00-0040009,WR,2.81,1.4,0.35
2026,4,00-0040134,WR,5.08,3.11,0.09
2026,4,00-0040124,WR,14.28,8.2,0.08
2026,4,00-0040718,DB,3.64,2.21,0.14
2026,4,00-0040236,RB,8.05,1.74,8.29
2026,4,00-0040164,WR,1.68,0.92,0.2
2026,4,00-0040075,WR,0.22,0.11,0.05
2026,4,00-0041511,WR,4.76,2.79,0.17
2026,4,00-0041040,WR,4.32,2.49,0.1
2026,4,00-0041415,RB,0.21,0.07,0.17
2026,4,00-0041248,WR,0.06,0.04,0
2026,4,00-0041032,TE,3.91,2.25,0.06
2026,4,00-0041483,TE,2.64,1.52,0.1
2026,4,00-0040939,TE,1.45,0.86,0
2026,4,00-0041052,RB,2.03,0.4,2.4
2026,4,00-0041579,TE,0.85,0.49,0
2026,4,00-0031235,WR,1.1,0.66,0
2026,4,00-0033090,TE,9.02,4.55,0
2026,4,00-0032775,WR,2.9,1.6,0
2026,4,00-0033921,WR,10.89,6.19,0.05
2026,4,00-0033955,RB,0.71,0.2,0.6
2026,4,00-0034796,QB,21.69,0,7.86
2026,4,00-0034869,QB,19.87,0,2.92
2026,4,00-0034775,WR,1.35,0.83,0.02
2026,4,00-0034837,WR,6.59,4,0.04
2026,4,00-0034827,WR,11.46,6.14,0.44
2026,4,00-0034860,WR,0.19,0.1,0.02
2026,4,00-0035228,QB,19.77,0,5.79
2026,4,00-0034960,WR,10.39,5.84,0.28
2026,4,00-0035249,TE,2.5,1.36,0
2026,4,00-0035537,RB,3.96,1.36,2.57
2026,4,00-0036331,WR,0.21,0.12,0.04
2026,4,00-0036425,RB,0.18,0.02,0.26
2026,4,00-0036309,WR,5.25,3.44,0.05
2026,4,00-0036997,RB,14.17,3.08,16.11
2026,4,00-0036876,TE,0.18,0.12,0
2026,4,00-0037005,TE,2.18,1.27,0
2026,4,00-0038041,TE,9.84,5.47,0
2026,4,00-0038129,TE,7.36,4.41,0
2026,4,00-0037664,WR,12.76,6.28,0.05
2026,4,00-0038134,RB,15.33,3.58,14.5
2026,4,00-0038090,WR,0.23,0.12,0.07
2026,4,00-0037086,TE,1.82,0.99,0
2026,4,00-0037291,WR,8.34,4.76,0.22
2026,4,00-0037834,QB,21.7,0,4.12
2026,4,00-0037197,RB,4.05,0.73,4.85
2026,4,00-0038115,TE,4.92,2.63,0
2026,4,00-0037539,TE,0.44,0.27,0
2026,4,00-0037525,RB,9.2,1.17,9.91
2026,4,00-0039139,RB,22.94,4.73,17.04
2026,4,00-0039040,RB,17.05,3.69,13.99
2026,4,00-0039075,WR,20.55,9.76,0.45
2026,4,00-0038621,WR,5.33,2.74,0.36
2026,4,00-0038454,RB,6.83,1.52,6.01
2026,4,00-0038544,WR,10.89,5.85,0.19
2026,4,00-0039163,QB,19.41,0,2.67
2026,4,00-0039074,TE,0.8,0.47,0
2026,4,00-0039146,WR,13.3,6.12,0.96
2026,4,00-0038619,WR,4.01,2.22,0.19
2026,4,00-0038933,TE,9.12,4.57,0
2026,4,00-0038794,RB,0.85,0.22,0.78
2026,4,00-0039796,RB,0.24,0.11,0.11
2026,4,00-0039912,TE,1.2,0.66,0
2026,4,00-0039847,TE,3.7,2.18,0
2026,4,00-0039356,TE,1.48,0.87,0
2026,4,00-0039365,WR,0.02,0.01,0
2026,4,00-0039855,WR,7.28,3.7,0.11
2026,4,00-0039751,WR,0.63,0.35,0.07
2026,4,00-0039337,WR,12.83,7.88,0.15
2026,4,00-0039391,RB,1.27,0.26,1.68
2026,4,00-0039410,WR,7.35,3.99,0.19
2026,4,00-0039589,WR,0.5,0.29,0.05
2026,4,00-0040651,RB,0.11,0,0.18
2026,4,00-0040179,RB,1.51,0.52,1.32
2026,4,00-0040715,RB,13.63,3.37,11.63
2026,4,00-0040584,TE,7.89,4.3,0
2026,4,00-0040666,RB,14.8,3.97,13.96
2026,4,00-0040691,QB,21.56,0,5.55
2026,4,00-0040644,RB,1.4,0.36,1.4
2026,4,00-0040669,WR,3.85,2.21,0.05
2026,4,00-0040581,WR,0.07,0.06,0
2026,4,00-0040563,WR,0.12,0.06,0
2026,4,00-0040131,WR,0.45,0.28,0.06
2026,4,00-0040194,TE,2.14,1.15,0
2026,4,00-0040184,WR,0.91,0.65,0.05
2026,4,00-0040590,WR,2.38,1.81,0
2026,4,00-0040021,RB,0.96,0.16,0.76
2026,4,00-0040311,WR,0.1,0.05,0
2026,4,00-0040277,WR,2.05,1.24,0
2026,4,00-0041562,QB,15.8,0,2.68
2026,4,00-0040886,RB,2.27,0.63,2.24
2026,4,00-0041525,WR,5.34,3.16,0.04
2026,4,00-0041558,TE,1.95,1.18,0
2026,4,00-0041013,RB,3.42,1.04,2.8
2026,4,00-0041496,RB,3.47,0.95,3.32
2026,4,00-0041217,RB,0.58,0.27,0.23
2026,4,00-0041100,WR,0.44,0.19,0.19
2026,4,00-0041051,WR,2.09,1.24,0.11
2026,4,00-0030565,QB,16.27,0,3.11
2026,4,00-0033077,QB,21.47,0,2.36
2026,4,00-0033908,WR,7.89,4.26,0.06
2026,4,00-0033217,TE,1.27,0.75,0
2026,4,00-0033553,RB,3.14,0.89,2.51
2026,4,00-0033375,WR,0.68,0.36,0
2026,4,00-0033376,FB,0.14,0.09,0
2026,4,00-0034857,QB,22.89,0,6.21
2026,4,00-0034798,TE,0.83,0.46,0
2026,4,00-0034351,TE,9.61,4.64,0
2026,4,00-0035662,WR,2.56,1.49,0
2026,4,00-0035631,TE,2.1,1.19,0
2026,4,00-0035125,FB,0.65,0.13,0.8
2026,4,00-0036442,QB,22.23,0,2.49
2026,4,00-0036322,WR,17,9.21,0.13
2026,4,00-0036355,QB,19.57,0,4.46
2026,4,00-0036158,RB,7.96,1.25,8.68
2026,4,00-0036422,TE,2.13,1.12,0
2026,4,00-0036389,QB,21.49,0,6.91
2026,4,00-0036165,WR,0.46,0.27,0
2026,4,00-0036825,TE,0.08,0.03,0.05
2026,4,00-0036963,WR,19.99,9.83,0.26
2026,4,00-0036900,WR,19.56,9.43,0.25
2026,4,00-0036988,WR,1.92,1.14,0
2026,4,00-0037666,WR,3.27,1.91,0
2026,4,00-0038117,WR,9.87,6.37,0.2
2026,4,00-0037742,WR,2.07,1.35,0.13
2026,4,00-0037256,RB,10.1,3.28,7.5
2026,4,00-0037248,RB,17.22,2.89,16.41
2026,4,00-0037740,WR,13.13,7.88,0.17
2026,4,00-0037557,RB,0.16,0.02,0.22
2026,4,00-0037091,WR,2.01,1.29,0.12
2026,4,00-0037093,WR,0.46,0.29,0
2026,4,00-0037801,WR,3.68,1.62,0.95
2026,4,00-0038543,WR,21.03,9.93,0.42
2026,4,00-0038951,RB,3.69,0.29,4.24
2026,4,00-0038589,TE,0.38,0.21,0
2026,4,00-0039067,WR,15.78,8.51,0.41
2026,4,00-0039732,QB,20.4,0,4.36
2026,4,00-0039910,QB,21.26,0,7.1
2026,4,00-0039811,RB,4.3,1.18,4.08
2026,4,00-0039359,TE,1.84,1,0.12
2026,4,00-0039338,TE,16.22,8.33,0.22
2026,4,00-0039919,WR,11.44,6.7,0.05
2026,4,00-0039868,WR,2.73,1.66,0.11
2026,4,00-0039901,WR,4.19,2.31,0.04
2026,4,00-0039384,RB,5.42,1,6.68
2026,4,00-0039364,RB,0.19,0.06,0.15
2026,4,00-0040653,WR,0.08,0.05,0
2026,4,00-0040729,WR,4.44,2.53,0.05
2026,4,00-0040730,RB,10.24,3.09,8.06
2026,4,00-0040719,RB,11.09,2.43,11.47
2026,4,00-0040189,TE,4.76,2.4,0
2026,4,00-0040646,WR,1.7,1.12,0.04
2026,4,00-0040727,WR,5.83,3.51,0.13
2026,4,00-0040205,RB,0.23,0.08,0.18
2026,4,00-0040676,QB,16.89,0,2.64
2026,4,00-0040242,RB,8.85,1.73,8.44
2026,4,00-0040067,RB,0.28,0.05,0.31
2026,4,00-0041438,WR,10.91,7.07,0.09
2026,4,00-0041027,RB,16.07,5.08,12.71
2026,4,00-0040870,WR,3.15,1.87,0.05
2026,4,00-0040867,WR,6.92,4,0.1
2026,4,00-0041523,WR,5.39,3.21,0
2026,4,00-0041503,TE,1.49,0.87,0
2026,4,00-0040894,WR,0.01,0.01,0
2026,4,00-0031381,WR,12.3,6.86,0
2026,4,00-0031408,WR,13.1,7.07,0
2026,4,00-0033307,WR,4.84,2.66,0
2026,4,00-0034383,TE,9.83,5.46,0
2026,4,00-0035261,RB,9.8,2.21,10.44
2026,4,00-0035535,WR,3.87,2.36,0
2026,4,00-0035544,WR,0.14,0.08,0
2026,4,00-0036290,TE,4.54,2.47,0
2026,4,00-0036244,TE,5.43,2.88,0
2026,4,00-0036259,WR,8.17,4.29,0
2026,4,00-0036182,WR,1.1,0.65,0
2026,4,00-0036613,WR,14.82,7.66,0.22
2026,4,00-0036637,TE,4.72,2.76,0
2026,4,00-0038046,TE,3.96,2.29,0.11
2026,4,00-0037261,WR,11.04,5.82,0.11
2026,4,00-0037805,TE,0.86,0.52,0
2026,4,00-0038128,QB,18.53,0,7.69
2026,4,00-0037809,TE,9.31,5.39,0
2026,4,00-0037594,RB,0.28,0.12,0.21
2026,4,00-0037132,WR,0.05,0.03,0
2026,4,00-0037311,TE,0.05,0.03,0
2026,4,00-0037563,RB,2.02,0.44,1.95
2026,4,00-0038555,RB,3.53,0.52,4.15
2026,4,00-0038935,TE,8.32,4.42,0
2026,4,00-0039144,TE,3,1.73,0
2026,4,00-0038997,WR,12.43,6.89,0.18
2026,4,00-0038977,WR,1.22,0.67,0.06
2026,4,00-0041041,TE,2.36,1.44,0
2026,4,00-0041067,WR,1.77,1.19,0
2026,4,00-0036973,RB,12.43,2.82,13.39
2026,4,00-0037238,WR,16.58,8.94,0.06
2026,4,00-0037231,WR,1.32,0.93,0.04
2026,4,00-0038551,RB,1.58,0.52,1.2
2026,4,00-0039373,RB,1.05,0.29,0.97
2026,4,00-0039424,WR,8.69,4.98,0.05
2026,4,00-0037746,RB,4.82,0.98,5.3
2026,4,00-0041044,WR,3.82,2.23,0.13
2026,4,00-0041099,WR,2.06,1.31,0
2026,4,00-0033906,RB,5.71,1.96,4.76
2026,4,00-0036429,TE,0.82,0.48,0
2026,4,00-0037741,WR,5.06,3.17,0.03
2026,4,00-0037276,RB,0.98,0.49,0.37
2026,4,00-0040743,QB,19.77,0,4.56
2026,4,00-0035644,TE,3.37,1.79,0
2026,4,00-0036212,QB,19.04,0,2.29
2026,4,00-0036040,TE,9.92,5.4,0
2026,4,00-0032392,TE,2.8,1.5,0
2026,4,00-0035208,WR,4,2.43,0.2
2026,4,00-0036970,TE,11.38,6.39,0
2026,4,00-0037239,WR,15.87,8.94,0.05
2026,4,00-0037120,RB,0.5,0.13,0.47
2026,4,00-0038542,RB,21.86,5.44,18.47
2026,5,00-0040129,WR,11.79,6.96,0.24
2026,5,00-0040021,RB,0.95,0.16,0.76
2026,5,00-0036358,WR,17.58,9.22,0.17
2026,5,00-0036919,RB,9.53,3.12,6.66
2026,5,00-0036997,RB,13.84,3.08,16.11
2026,5,00-0037801,WR,3.7,1.62,0.95
2026,5,00-0039050,TE,0.54,0.32,0
2026,5,00-0039361,RB,12.19,2.56,13.08
2026,5,00-0039855,WR,7.4,3.7,0.11
2026,5,00-0040939,TE,1.47,0.86,0
2026,5,00-0033077,QB,21.65,0,2.36
2026,5,00-0034272,WR,1.12,0.75,0.04
2026,5,00-0038041,TE,9.97,5.47,0
2026,5,00-0039754,TE,0.51,0.27,0
2026,5,00-0041048,WR,3.18,1.91,0.08
2026,5,00-0038738,FB,1.75,0.72,0.89
2026,5,00-0039410,WR,7.44,3.99,0.19
2026,5,00-0033921,WR,11.09,6.19,0.05
2026,5,00-0034855,QB,19.97,0,3.25
2026,5,00-0037247,WR,15.55,7.82,0.06
2026,5,00-0039530,TE,1.27,0.76,0
2026,5,00-0039589,WR,0.51,0.29,0.05
2026,5,00-0040586,RB,2.15,0.46,2.54
2026,5,00-0038129,TE,7.5,4.41,0
2026,5,00-0037563,RB,1.98,0.44,1.95
2026,5,00-0038951,RB,3.75,0.29,4.24
2026,5,00-0038547,TE,1.56,0.94,0
2026,5,00-0040237,WR,2.7,1.45,0.09
2026,5,00-0035359,WR,0.46,0.29,0
2026,5,00-0036427,WR,0.21,0.12,0
2026,5,00-0037311,TE,0.05,0.03,0
2026,5,00-0039146,WR,13.33,6.12,0.96
2026,5,00-0038619,WR,4.06,2.22,0.19
2026,5,00-0038559,WR,11.42,6.28,0.05
2026,5,00-0039407,RB,0.43,0.12,0.49
2026,5,00-0039373,RB,1.03,0.29,0.97
2026,5,00-0039814,TE,3.03,1.67,0
2026,5,00-0039912,TE,1.19,0.66,0
2026,5,00-0039847,TE,3.74,2.18,0
2026,5,00-0039793,TE,9.35,4.67,0.57
2026,5,00-0039338,TE,16.24,8.33,0.22
2026,5,00-0039792,WR,1.94,1.07,0.06
2026,5,00-0039874,RB,2.78,0.85,2.58
2026,5,00-0039816,WR,0.13,0.07,0.03
2026,5,00-0039424,WR,8.58,4.98,0.05
2026,5,00-0040177,RB,1.81,0.36,1.97
2026,5,00-0040583,RB,7.13,1.96,7.7
2026,5,00-0040730,RB,10.37,3.09,8.06
2026,5,00-0040189,TE,4.73,2.4,0
2026,5,00-0040648,WR,3.31,1.95,0.05
2026,5,00-0040736,TE,5.37,3.56,0
2026,5,00-0040663,TE,10.53,5.89,0.22
2026,5,00-0040691,QB,21.74,0,5.55
2026,5,00-0040205,RB,0.24,0.08,0.18
2026,5,00-0040128,TE,12.79,7.11,0.26
2026,5,00-0040735,WR,13.45,6.54,0.59
2026,5,00-0040242,RB,9.1,1.73,8.44
2026,5,00-0040208,RB,2.45,0.69,2.38
2026,5,00-0040743,QB,19.29,0,4.56
2026,5,00-0040172,WR,0.23,0.14,0
2026,5,00-0040164,WR,1.67,0.92,0.2
2026,5,00-0040024,WR,0.48,0.28,0
2026,5,00-0040876,WR,3.33,1.92,0.05
2026,5,00-0041562,QB,15.75,0,2.68
2026,5,00-0041027,RB,15.91,5.08,12.71
2026,5,00-0041547,WR,8.74,4.75,0.76
2026,5,00-0041525,WR,5.43,3.16,0.04
2026,5,00-0041558,TE,1.95,1.18,0
2026,5,00-0041529,WR,4.16,2.45,0
2026,5,00-0041051,WR,2.09,1.24,0.11
2026,5,00-0041067,WR,1.74,1.19,0
2026,5,00-0041524,TE,4.09,2.23,0
2026,5,00-0041069,WR,2.03,1.25,0
2026,5,00-0041099,WR,2.04,1.31,0
2026,5,00-0032398,WR,0.26,0.16,0
2026,5,00-0033537,QB,15.15,0,3.14
2026,5,00-0033908,WR,7.93,4.26,0.06
2026,5,00-0033217,TE,1.24,0.75,0
2026,5,00-0033881,TE,3.96,2.53,0
2026,5,00-0034365,TE,0.29,0.18,0
2026,5,00-0034383,TE,9.74,5.46,0
2026,5,00-0034270,TE,0.28,0.16,0
2026,5,00-0035710,QB,18.41,0,3.04
2026,5,00-0035250,RB,0.85,0.17,0.96
2026,5,00-0035535,WR,3.91,2.36,0
2026,5,00-0035208,WR,3.97,2.43,0.2
2026,5,00-0036355,QB,19.41,0,4.46
2026,5,00-0036331,WR,0.21,0.12,0.04
2026,5,00-0036425,RB,0.18,0.02,0.26
2026,5,00-0036139,RB,12.34,3.11,12.18
2026,5,00-0036309,WR,5.31,3.44,0.05
2026,5,00-0036971,QB,19.83,0,4.38
2026,5,00-0036590,TE,0.47,0.29,0
2026,5,00-0036973,RB,12.13,2.82,13.39
2026,5,00-0036900,WR,19.81,9.43,0.25
2026,5,00-0036876,TE,0.18,0.12,0
2026,5,00-0036875,RB,11.06,1.99,11.39
2026,5,00-0037744,TE,15.71,8.58,0
2026,5,00-0037740,WR,12.93,7.88,0.17
2026,5,00-0037746,RB,4.69,0.98,5.3
2026,5,00-0038120,RB,14.42,2.76,15.75
2026,5,00-0037231,WR,1.3,0.93,0.04
2026,5,00-0037545,WR,9.11,4.72,0.62
2026,5,00-0038597,RB,17.1,4.82,14.64
2026,5,00-0038935,TE,8.18,4.42,0
2026,5,00-0038976,WR,4.41,2.23,0.44
2026,5,00-0038621,WR,5.39,2.74,0.36
2026,5,00-0038977,WR,1.21,0.67,0.06
2026,5,00-0038608,WR,8.63,4.35,0
2026,5,00-0038551,RB,1.55,0.52,1.2
2026,5,00-0038573,WR,0.2,0.07,0.14
2026,5,00-0039021,RB,0.24,0,0.35
2026,5,00-0039065,TE,12.19,5.96,0.06
2026,5,00-0038783,TE,0.33,0.19,0
2026,5,00-0039910,QB,21.16,0,7.1
2026,5,00-0039919,WR,11.45,6.7,0.05
2026,5,00-0039739,WR,1.97,1.24,0
2026,5,00-0039364,RB,0.19,0.06,0.15
2026,5,00-0040715,RB,13.58,3.37,11.63
2026,5,00-0040154,WR,1.8,1.01,0.04
2026,5,00-0040739,TE,3.92,2.36,0
2026,5,00-0040563,WR,0.12,0.06,0
2026,5,00-0040238,RB,2.61,1.25,1.02
2026,5,00-0040075,WR,0.22,0.11,0.05
2026,5,00-0040311,WR,0.1,0.05,0
2026,5,00-0040568,RB,0.5,0.14,0.41
2026,5,00-0040067,RB,0.27,0.05,0.31
2026,5,00-0040277,WR,2.06,1.24,0
2026,5,00-0040259,WR,0.1,0.06,0
2026,5,00-0041489,WR,5.35,3.06,0.09
2026,5,00-0041116,TE,0.65,0.36,0
2026,5,00-0041070,WR,0.4,0.24,0
2026,5,00-0041472,TE,2.86,1.6,0
2026,5,00-0041032,TE,3.85,2.25,0.06
2026,5,00-0041132,WR,0.37,0.24,0
2026,5,00-0041496,RB,3.52,0.95,3.32
2026,5,00-0041483,TE,2.64,1.52,0.1
2026,5,00-0041216,WR,0.21,0.13,0
2026,5,00-0041035,WR,7.12,3.99,0.18
2026,5,00-0041395,TE,2.18,1.2,0
2026,5,00-0031235,WR,1.11,0.66,0
2026,5,00-0033885,TE,3.88,2.32,0
2026,5,00-0033906,RB,5.58,1.96,4.76
2026,5,00-0033526,RB,3.4,1.04,2.59
2026,5,00-0033288,TE,11.9,5.35,0
2026,5,00-0035228,QB,19.31,0,5.79
2026,5,00-0035719,WR,10.47,5.24,0.93
2026,5,00-0035406,WR,2.06,1.22,0
2026,5,00-0036212,QB,18.7,0,2.29
2026,5,00-0036264,QB,20.27,0,3.09
2026,5,00-0036963,WR,20.01,9.83,0.26
2026,5,00-0036556,TE,0.16,0.09,0
2026,5,00-0036894,TE,7.28,3.74,0
2026,5,00-0037238,WR,16.5,8.94,0.06
2026,5,00-0038046,TE,3.93,2.29,0.11
2026,5,00-0038090,WR,0.23,0.12,0.07
2026,5,00-0037091,WR,2.01,1.29,0.12
2026,5,00-0037132,WR,0.05,0.03,0
2026,5,00-0038558,TE,4.62,2.59,0
2026,5,00-0038543,WR,21.12,9.93,0.42
2026,5,00-0038997,WR,12.15,6.89,0.18
2026,5,00-0039032,RB,7.45,2.75,5.08
2026,5,00-0038454,RB,6.83,1.52,6.01
2026,5,00-0038544,WR,10.81,5.85,0.19
2026,5,00-0038589,TE,0.38,0.21,0
2026,5,00-0038685,RB,1.89,0.75,1.07
2026,5,00-0039918,QB,21.26,0,4.3
2026,5,00-0039798,RB,5.25,1.52,3.97
2026,5,00-0039794,RB,3.53,0.68,3.88
2026,5,00-0039880,WR,6.77,3.58,1.12
2026,5,00-0039920,WR,0.81,0.28,0.39
2026,5,00-0039355,WR,0.59,0.32,0
2026,5,00-0040653,WR,0.08,0.05,0
2026,5,00-0040009,WR,2.82,1.4,0.35
2026,5,00-0040170,WR,2.95,2.01,0
2026,5,00-0040126,TE,14.11,7.16,0.05
2026,5,00-0040522,WR,0.42,0.27,0.02
2026,5,00-0040236,RB,8.13,1.74,8.29
2026,5,00-0040581,WR,0.07,0.06,0
2026,5,00-0041029,WR,10.7,6.39,0.1
2026,5,00-0041042,WR,6.91,4.09,0.05
2026,5,00-0041512,RB,9.23,1.31,11.63
2026,5,00-0040867,WR,6.93,4,0.1
2026,5,00-0041041,TE,2.33,1.44,0
2026,5,00-0041129,RB,0.6,0.12,0.63
2026,5,00-0041052,RB,2.02,0.4,2.4
2026,5,00-0041125,RB,1.66,0.44,1.63
2026,5,00-0029892,FB,1.74,0.96,0.11
2026,5,00-0041244,RB,0.39,0.1,0.34
2026,5,00-0030279,WR,8.81,5.23,0
2026,5,00-0032104,RB,0.32,0.12,0.18
2026,5,00-0033280,RB,21.96,5.77,18.4
2026,5,00-0034775,WR,1.36,0.83,0.02
2026,5,00-0034837,WR,6.64,4,0.04
2026,5,00-0034829,TE,6.47,3.68,0
2026,5,00-0034753,TE,10.48,4.95,0.36
2026,5,00-0035700,RB,14.38,2.65,14.81
2026,5,00-0035676,WR,16.35,7.68,0.04
2026,5,00-0035261,RB,10.14,2.21,10.44
2026,5,00-0035631,TE,2.13,1.19,0
2026,5,00-0035544,WR,0.14,0.08,0
2026,5,00-0036223,RB,19,4,17.36
2026,5,00-0036415,WR,0.1,0.07,0
2026,5,00-0036389,QB,21.6,0,6.91
2026,5,00-0036040,TE,9.8,5.4,0
2026,5,00-0036912,WR,14.94,7.5,0.05
2026,5,00-0036613,WR,14.75,7.66,0.22
2026,5,00-0036554,WR,17.54,8.68,0.22
2026,5,00-0036630,WR,0.53,0.31,0
2026,5,00-0036628,TE,2.17,1.23,0
2026,5,00-0036887,TE,0.64,0.36,0
2026,5,00-0037741,WR,5.03,3.17,0.03
2026,5,00-0037263,RB,5.6,1.09,6.13
2026,5,00-0037805,TE,0.85,0.52,0
2026,5,00-0037240,WR,14.06,6.91,0.55
2026,5,00-0038128,QB,19.08,0,7.69
2026,5,00-0037086,TE,1.83,0.99,0
2026,5,00-0037304,RB,0.87,0.39,0.4
2026,5,00-0037120,RB,0.49,0.13,0.47
2026,5,00-0037085,RB,1.04,0.59,0.28
2026,5,00-0037525,RB,9.1,1.17,9.91
2026,5,00-0039144,TE,3,1.73,0
2026,5,00-0038606,WR,11.34,6.11,0.51
2026,5,00-0023459,QB,17.48,0,1.26
2026,5,00-0039165,RB,3.36,0.63,3.38
2026,5,00-0039163,QB,19.05,0,2.67
2026,5,00-0038563,WR,9.62,5.61,0.44
2026,5,00-0038618,WR,3.84,2.34,0.07
2026,5,00-0038576,WR,0.18,0.1,0
2026,5,00-0039041,TE,3.15,1.75,0
2026,5,00-0039811,RB,4.42,1.18,4.08
2026,5,00-0039405,RB,0.61,0.1,0.83
2026,5,00-0039849,WR,10.77,6.61,0
2026,5,00-0039893,WR,10.71,6.03,0.21
2026,5,00-0039337,WR,12.96,7.88,0.15
2026,5,00-0039363,RB,0.27,0.12,0.11
2026,5,00-0040729,WR,4.45,2.53,0.05
2026,5,00-0040584,TE,7.94,4.3,0
2026,5,00-0040782,WR,1.94,1.1,0.18
2026,5,00-0040142,RB,0.25,0.06,0.29
2026,5,00-0040122,RB,14.46,4.34,15.77
2026,5,00-0040669,WR,3.85,2.21,0.05
2026,5,00-0040184,WR,0.9,0.65,0.05
2026,5,00-0040509,TE,0.23,0.13,0
2026,5,00-0041037,WR,6.21,3.66,0.14
2026,5,00-0041104,RB,2.57,1.06,1.45
2026,5,00-0041217,RB,0.57,0.27,0.23
2026,5,00-0041004,WR,0.21,0.14,0
2026,5,00-0041579,TE,0.86,0.49,0
2026,5,00-0031588,WR,11.23,6.02,0
2026,5,00-0032392,TE,2.78,1.5,0
2026,5,00-0032464,WR,3.39,1.82,0.17
2026,5,00-0033858,TE,1.8,1.01,0
2026,5,00-0033955,RB,0.73,0.2,0.6
2026,5,00-0034348,WR,10.59,5.95,0
2026,5,00-0035640,WR,11.82,6.3,0.15
2026,5,00-0035662,WR,2.56,1.49,0
2026,5,00-0034960,WR,10.19,5.84,0.28
2026,5,00-0036442,QB,22.62,0,2.49
2026,5,00-0036290,TE,4.54,2.47,0
2026,5,00-0035891,WR,0.35,0.19,0
2026,5,00-0036970,TE,11.33,6.39,0
2026,5,00-0036550,WR,7.29,4.19,0.06
2026,5,00-0037816,WR,10.28,5.53,0
2026,5,00-0038117,WR,9.96,6.37,0.2
2026,5,00-0037742,WR,2.05,1.35,0.13
2026,5,00-0037256,RB,10.3,3.28,7.5
2026,5,00-0037291,WR,8.35,4.76,0.22
2026,5,00-0037834,QB,21.87,0,4.12
2026,5,00-0037276,RB,0.97,0.49,0.37
2026,5,00-0037539,TE,0.44,0.27,0
2026,5,00-0037594,RB,0.29,0.12,0.21
2026,5,00-0037112,TE,2.24,1.27,0
2026,5,00-0039139,RB,22.57,4.73,17.04
2026,5,00-0039066,TE,3.98,2.63,0
2026,5,00-0038542,RB,21.41,5.44,18.47
2026,5,00-0039064,WR,15.32,7.58,0.2
2026,5,00-0038611,RB,7.84,0.67,9.6
2026,5,00-0038640,WR,0.38,0.25,0
2026,5,00-0038710,TE,0.43,0.28,0
2026,5,00-0039796,RB,0.24,0.11,0.11
2026,5,00-0039746,RB,1.45,0.65,0.83
2026,5,00-0039359,TE,1.82,1,0.12
2026,5,00-0039451,WR,1.63,0.98,0.17
2026,5,00-0039890,WR,6.17,4.44,0.06
2026,5,00-0039915,WR,12.81,7,0.11
2026,5,00-0039391,RB,1.27,0.26,1.68
2026,5,00-0039737,TE,1.06,0.64,0
2026,5,00-0040651,RB,0.12,0,0.18
2026,5,00-0040719,RB,10.83,2.43,11.47
2026,5,00-0040198,RB,2.64,0.76,2.36
2026,5,00-0040727,WR,5.78,3.51,0.13
2026,5,00-0040784,RB,12.58,2.25,16.07
2026,5,00-0040138,WR,5.26,2.68,0.08
2026,5,00-0040582,WR,0.31,0.19,0.07
2026,5,00-0040705,WR,3.25,1.96,0.4
2026,5,00-0041511,WR,4.69,2.79,0.17
2026,5,00-0041438,WR,11,7.07,0.09
2026,5,00-0040870,WR,3.14,1.87,0.05
2026,5,00-0041523,WR,5.48,3.21,0
2026,5,00-0040888,RB,0.29,0.08,0.23
2026,5,WAS569019,RB,2.89,0.97,2.34
2026,5,00-0041248,WR,0.06,0.04,0
2026,5,00-0041044,WR,3.8,2.23,0.13
2026,5,00-0041100,WR,0.43,0.19,0.19
2026,5,00-0041096,RB,1.43,0.16,1.89
2026,5,00-0041087,TE,2.32,1.39,0
2026,5,00-0031408,WR,13.19,7.07,0
2026,5,00-0032764,RB,15.24,1.33,16.93
2026,5,00-0033119,QB,17.24,0,2.14
2026,5,00-0033553,RB,3.11,0.89,2.51
2026,5,00-0033555,WR,2.91,1.56,0.05
2026,5,00-0033375,WR,0.67,0.36,0
2026,5,00-0034844,RB,14.94,3.18,16.11
2026,5,00-0034869,QB,19.94,0,2.92
2026,5,00-0034798,TE,0.82,0.46,0
2026,5,00-0034351,TE,9.61,4.64,0
2026,5,00-0034613,TE,0.65,0.36,0
2026,5,00-0035229,TE,8.37,4.79,0
2026,5,00-0035644,TE,3.33,1.79,0
2026,5,00-0035685,RB,13.97,2.36,15.68
2026,5,00-0035659,WR,13.92,7.41,0.05
2026,5,00-0035500,WR,3.14,1.66,0.2
2026,5,00-0035021,WR,1.51,0.96,0.06
2026,5,00-0036407,WR,6,4.07,0.07
2026,5,00-0036422,TE,2.12,1.12,0
2026,5,00-0036626,WR,0.41,0.23,0.06
2026,5,00-0036924,RB,0.24,0.11,0.16
2026,5,00-0037666,WR,3.32,1.91,0
2026,5,00-0037258,RB,0.23,0.07,0.2
2026,5,00-0037838,TE,9.81,5.21,0
2026,5,00-0037239,WR,15.67,8.94,0.05
2026,5,00-0037809,TE,9.23,5.39,0
2026,5,00-0037228,RB,13.19,3.46,12.21
2026,5,00-0039040,RB,17.47,3.69,13.99
2026,5,00-0038996,TE,12.51,5.55,0
2026,5,00-0038994,WR,11.19,6.01,0.27
2026,5,00-0038564,TE,0.13,0.08,0
2026,5,00-0038839,WR,0.98,0.65,0
2026,5,00-0038440,RB,0.05,0.01,0.05
2026,5,00-0038797,RB,2.46,0.34,3.02
2026,5,00-0038794,RB,0.86,0.22,0.78
2026,5,00-0039732,QB,20.34,0,4.36
2026,5,00-0039851,QB,21.12,0,4.57
2026,5,00-0039365,WR,0.02,0.01,0
2026,5,00-0039868,WR,2.72,1.66,0.11
2026,5,00-0039384,RB,5.38,1,6.68
2026,5,00-0039299,RB,2.95,0.83,2.45
2026,5,00-0040162,RB,6.52,2.15,6.17
2026,5,00-0040179,RB,1.47,0.52,1.32
2026,5,00-0040466,RB,0.25,0.03,0.43
2026,5,00-0040134,WR,5.05,3.11,0.09
2026,5,00-0040667,WR,10.09,5.5,0.82
2026,5,00-0040666,RB,14.8,3.97,13.96
2026,5,00-0040676,QB,17.37,0,2.64
2026,5,00-0040734,RB,11.86,2.5,10.38
2026,5,00-0040718,DB,3.57,2.21,0.14
2026,5,00-0040131,WR,0.46,0.28,0.06
2026,5,00-0040887,TE,0.85,0.47,0
2026,5,00-0040886,RB,2.34,0.63,2.24
2026,5,00-0041503,TE,1.46,0.87,0
2026,5,00-0041040,WR,4.29,2.49,0.1
2026,5,00-0040894,WR,0.01,0.01,0
2026,5,00-0041550,WR,1.28,0.85,0
2026,5,00-0041077,TE,3.36,1.91,0
2026,5,00-0041084,TE,1.24,0.73,0
2026,5,00-0041398,TE,0.49,0.3,0
2026,5,00-0030565,QB,16.04,0,3.11
2026,5,00-0031484,TE,0.35,0.21,0
2026,5,00-0033106,QB,20.67,0,1.62
2026,5,00-0033090,TE,9.14,4.55,0
2026,5,00-0032775,WR,2.92,1.6,0
2026,5,00-0033576,TE,0.48,0.28,0
2026,5,00-0033293,RB,8.26,1.97,8.2
2026,5,00-0033376,FB,0.14,0.09,0
2026,5,00-0033307,WR,4.85,2.66,0
2026,5,00-0033757,TE,0.07,0.04,0
2026,5,00-0034796,QB,21.9,0,7.86
2026,5,00-0035249,TE,2.45,1.36,0
2026,5,00-0034981,TE,0.8,0.41,0
2026,5,00-0034975,RB,4.73,1.76,2.54
2026,5,00-0035125,FB,0.65,0.13,0.8
2026,5,00-0036275,RB,12.27,2.76,12.51
2026,5,00-0036322,WR,16.68,9.21,0.13
2026,5,00-0036410,WR,15.7,7.4,0.06
2026,5,00-0036158,RB,8.11,1.25,8.68
2026,5,00-0036252,WR,10.67,6.01,0.05
2026,5,00-0036165,WR,0.47,0.27,0
2026,5,00-0036259,WR,8.03,4.29,0
2026,5,00-0036429,TE,0.82,0.48,0
2026,5,00-0036182,WR,1.08,0.65,0
2026,5,00-0036893,RB,1.69,0.5,1.61
2026,5,00-0036842,RB,0.11,0.01,0.19
2026,5,00-0036754,TE,2.67,1.53,0
2026,5,00-0037664,WR,12.51,6.28,0.05
2026,5,00-0038124,WR,13.86,6.78,0.14
2026,5,00-0037252,TE,6.55,3.59,0
2026,5,00-0037197,RB,3.94,0.73,4.85
2026,5,00-0038115,TE,4.95,2.63,0
2026,5,00-0037292,TE,0.46,0.29,0
2026,5,00-0037093,WR,0.46,0.29,0
2026,5,00-0037475,TE,0.4,0.24,0
2026,5,00-0038555,RB,3.63,0.52,4.15
2026,5,00-0038393,WR,6.22,3.61,0.05
2026,5,00-0039074,TE,0.8,0.47,0
2026,5,00-0039751,WR,0.63,0.35,0.07
2026,5,00-0026498,QB,19.42,0,1.33
2026,5,00-0034827,WR,11.5,6.14,0.44
2026,5,00-0039075,WR,20.56,9.76,0.45
2026,5,00-0039738,RB,8.81,1,10.73
2026,5,00-0039901,WR,4.2,2.31,0.04
2026,5,00-0040590,WR,2.38,1.81,0
2026,5,00-0033110,TE,1.72,0.99,0
2026,5,00-0037840,RB,14.8,2.57,14.82
2026,5,00-0038359,WR,1.06,0.54,0.09
2026,5,00-0039875,RB,3.89,0.81,4.47
2026,5,00-0040737,TE,3.69,2.59,0
2026,5,00-0040194,TE,2.15,1.15,0
2026,5,00-0035537,RB,3.97,1.36,2.57
2026,5,00-0036988,WR,1.93,1.14,0
2026,5,00-0037557,RB,0.17,0.02,0.22
2026,5,00-0041443,WR,2.58,1.52,0.05
2026,5,00-0031381,WR,12.3,6.86,0
2026,5,00-0034857,QB,23.06,0,6.21
2026,5,00-0034860,WR,0.19,0.1,0.02
2026,5,00-0036244,TE,5.43,2.88,0
2026,5,00-0036534,TE,0.2,0.12,0
2026,5,00-0038933,TE,9.15,4.57,0
2026,5,00-0041415,RB,0.22,0.07,0.17
2026,5,00-0037261,WR,11.08,5.82,0.11
2026,5,00-0041510,TE,1.11,0.67,0
2026,5,00-0034487,WR,0.25,0.16,0
2026,5,00-0035689,TE,4.8,2.52,0
2026,5,00-0037248,RB,17.23,2.89,16.41
2026,6,00-0038797,RB,2.45,0.34,3.02
2026,6,00-0038543,WR,20.81,9.93,0.42
2026,6,00-0039165,RB,3.34,0.63,3.38
2026,6,00-0038794,RB,0.84,0.22,0.78
2026,6,00-0039793,TE,9.21,4.67,0.57
2026,6,00-0040653,WR,0.08,0.05,0
2026,6,00-0040730,RB,10.15,3.09,8.06
2026,6,00-0040134,WR,5.03,3.11,0.09
2026,6,00-0040648,WR,3.25,1.95,0.05
2026,6,00-0041077,TE,3.35,1.91,0
2026,6,00-0036422,TE,2.11,1.12,0
2026,6,00-0037085,RB,1.03,0.59,0.28
2026,6,00-0037539,TE,0.43,0.27,0
2026,6,00-0037545,WR,8.96,4.72,0.62
2026,6,00-0041496,RB,3.44,0.95,3.32
2026,6,00-0035406,WR,2.05,1.22,0
2026,6,00-0038783,TE,0.33,0.19,0
2026,6,00-0039732,QB,20.17,0,4.36
2026,6,00-0039299,RB,2.93,0.83,2.45
2026,6,00-0041512,RB,9.19,1.31,11.63
2026,6,00-0033908,WR,7.8,4.26,0.06
2026,6,00-0033881,TE,3.94,2.53,0
2026,6,00-0033576,TE,0.47,0.28,0
2026,6,00-0034348,WR,10.55,5.95,0
2026,6,00-0035891,WR,0.34,0.19,0
2026,6,00-0040739,TE,3.84,2.36,0
2026,6,00-0034869,QB,19.56,0,2.92
2026,6,00-0039868,WR,2.7,1.66,0.11
2026,6,00-0040067,RB,0.27,0.05,0.31
2026,6,00-0036158,RB,7.9,1.25,8.68
2026,6,00-0036613,WR,14.69,7.66,0.22
2026,6,00-0038976,WR,4.38,2.23,0.44
2026,6,00-0038563,WR,9.59,5.61,0.44
2026,6,00-0039050,TE,0.53,0.32,0
2026,6,00-0039067,WR,15.61,8.51,0.41
2026,6,00-0039875,RB,4.01,0.81,4.47
2026,6,00-0039338,TE,16.18,8.33,0.22
2026,6,00-0039751,WR,0.64,0.35,0.07
2026,6,00-0039739,WR,1.97,1.24,0
2026,6,00-0039915,WR,12.97,7,0.11
2026,6,00-0039424,WR,8.63,4.98,0.05
2026,6,00-0040078,RB,0.77,0.36,0.51
2026,6,00-0040179,RB,1.48,0.52,1.32
2026,6,00-0040009,WR,2.84,1.4,0.35
2026,6,00-0040729,WR,4.43,2.53,0.05
2026,6,00-0040237,WR,2.63,1.45,0.09
2026,6,00-0040737,TE,3.76,2.59,0
2026,6,00-0040128,TE,12.99,7.11,0.26
2026,6,00-0040075,WR,0.22,0.11,0.05
2026,6,00-0040590,WR,2.43,1.81,0
2026,6,00-0041511,WR,4.68,2.79,0.17
2026,6,00-0041029,WR,10.77,6.39,0.1
2026,6,00-0041503,TE,1.47,0.87,0
2026,6,00-0041472,TE,2.83,1.6,0
2026,6,00-0040894,WR,0.01,0.01,0
2026,6,00-0041132,WR,0.38,0.24,0
2026,6,00-0041216,WR,0.21,0.13,0
2026,6,00-0040890,WR,1.79,1.14,0
2026,6,00-0041398,TE,0.5,0.3,0
2026,6,00-0041099,WR,2.05,1.31,0
2026,6,00-0030565,QB,15.83,0,3.11
2026,6,00-0031610,TE,7.79,4.11,0
2026,6,00-0031484,TE,0.34,0.21,0
2026,6,00-0033921,WR,10.82,6.19,0.05
2026,6,00-0026498,QB,19.74,0,1.33
2026,6,00-0034855,QB,19.44,0,3.25
2026,6,00-0034383,TE,9.64,5.46,0
2026,6,00-0035710,QB,18.58,0,3.04
2026,6,00-0035261,RB,10.08,2.21,10.44
2026,6,00-0036212,QB,19.44,0,2.29
2026,6,00-0036407,WR,5.93,4.07,0.07
2026,6,00-0036275,RB,12.37,2.76,12.51
2026,6,00-0036264,QB,20.43,0,3.09
2026,6,00-0036244,TE,5.51,2.88,0
2026,6,00-0036309,WR,5.18,3.44,0.05
2026,6,00-0036590,TE,0.47,0.29,0
2026,6,00-0036970,TE,11.55,6.39,0
2026,6,00-0036550,WR,7.21,4.19,0.06
2026,6,00-0036997,RB,14.03,3.08,16.11
2026,6,00-0036894,TE,7.29,3.74,0
2026,6,00-0036988,WR,1.94,1.14,0
2026,6,00-0037258,RB,0.23,0.07,0.2
2026,6,00-0037263,RB,5.38,1.09,6.13
2026,6,00-0037248,RB,17.69,2.89,16.41
2026,6,00-0038090,WR,0.23,0.12,0.07
2026,6,00-0037120,RB,0.51,0.13,0.47
2026,6,00-0039150,QB,17.5,0,4.73
2026,6,00-0039144,TE,3.03,1.73,0
2026,6,00-0038997,WR,12.35,6.89,0.18
2026,6,00-0038542,RB,22.25,5.44,18.47
2026,6,00-0038551,RB,1.61,0.52,1.2
2026,6,00-0039074,TE,0.81,0.47,0
2026,6,00-0038611,RB,7.98,0.67,9.6
2026,6,00-0038559,WR,11.4,6.28,0.05
2026,6,00-0039021,RB,0.24,0,0.35
2026,6,00-0038547,TE,1.54,0.94,0
2026,6,00-0039851,QB,20.94,0,4.57
2026,6,00-0039796,RB,0.24,0.11,0.11
2026,6,00-0039794,RB,3.38,0.68,3.88
2026,6,00-0039746,RB,1.48,0.65,0.83
2026,6,00-0039361,RB,11.69,2.56,13.08
2026,6,00-0039847,TE,3.66,2.18,0
2026,6,00-0039384,RB,5.34,1,6.68
2026,6,00-0039589,WR,0.5,0.29,0.05
2026,6,00-0040736,TE,5.37,3.56,0
2026,6,00-0040170,WR,2.99,2.01,0
2026,6,00-0040142,RB,0.25,0.06,0.29
2026,6,00-0040646,WR,1.68,1.12,0.04
2026,6,00-0040663,TE,10.43,5.89,0.22
2026,6,00-0040727,WR,5.86,3.51,0.13
2026,6,00-0040205,RB,0.24,0.08,0.18
2026,6,00-0040735,WR,13.53,6.54,0.59
2026,6,00-0040734,RB,11.65,2.5,10.38
2026,6,00-0040582,WR,0.31,0.19,0.07
2026,6,00-0040238,RB,2.64,1.25,1.02
2026,6,00-0040259,WR,0.09,0.06,0
2026,6,00-0041489,WR,5.36,3.06,0.09
2026,6,00-0041013,RB,3.42,1.04,2.8
2026,6,00-0041100,WR,0.44,0.19,0.19
2026,6,00-0040939,TE,1.45,0.86,0
2026,6,00-0041004,WR,0.21,0.14,0
2026,6,00-0041051,WR,2.1,1.24,0.11
2026,6,00-0033119,QB,17.31,0,2.14
2026,6,00-0033110,TE,1.75,0.99,0
2026,6,00-0033077,QB,21.49,0,2.36
2026,6,00-0033553,RB,3.02,0.89,2.51
2026,6,00-0033376,FB,0.14,0.09,0
2026,6,00-0034827,WR,11.57,6.14,0.44
2026,6,00-0034798,TE,0.82,0.46,0
2026,6,00-0034351,TE,9.66,4.64,0
2026,6,00-0034272,WR,1.11,0.75,0.04
2026,6,00-0035662,WR,2.58,1.49,0
2026,6,00-0035644,TE,3.35,1.79,0
2026,6,00-0036355,QB,19.72,0,4.46
2026,6,00-0036425,RB,0.18,0.02,0.26
2026,6,00-0036139,RB,12.17,3.11,12.18
2026,6,00-0036429,TE,0.84,0.48,0
2026,6,00-0036554,WR,17.39,8.68,0.22
2026,6,00-0036630,WR,0.52,0.31,0
2026,6,00-0036876,TE,0.18,0.12,0
2026,6,00-0037005,TE,2.16,1.27,0
2026,6,00-0038129,TE,7.31,4.41,0
2026,6,00-0037744,TE,15.67,8.58,0
2026,6,00-0037261,WR,11.14,5.82,0.11
2026,6,00-0037746,RB,4.92,0.98,5.3
2026,6,00-0038120,RB,13.82,2.76,15.75
2026,6,00-0037291,WR,8.31,4.76,0.22
2026,6,00-0037304,RB,0.89,0.39,0.4
2026,6,00-0037801,WR,3.68,1.62,0.95
2026,6,00-0038555,RB,3.74,0.52,4.15
2026,6,00-0038996,TE,12.59,5.55,0
2026,6,00-0039032,RB,7.45,2.75,5.08
2026,6,00-0038564,TE,0.13,0.08,0
2026,6,00-0038589,TE,0.38,0.21,0
2026,6,00-0038618,WR,3.8,2.34,0.07
2026,6,00-0038933,TE,9.19,4.57,0
2026,6,00-0038519,WR,0.16,0.09,0.03
2026,6,00-0039373,RB,1.07,0.29,0.97
2026,6,00-0039811,RB,4.43,1.18,4.08
2026,6,00-0039344,RB,8.57,2.49,7.95
2026,6,00-0039920,WR,0.8,0.28,0.39
2026,6,00-0039855,WR,7.24,3.7,0.11
2026,6,00-0039919,WR,11.53,6.7,0.05
2026,6,00-0039890,WR,6.17,4.44,0.06
2026,6,00-0039342,WR,2.89,1.96,0
2026,6,00-0039901,WR,4.23,2.31,0.04
2026,6,00-0039410,WR,7.38,3.99,0.19
2026,6,00-0040466,RB,0.24,0.03,0.43
2026,6,00-0040583,RB,7.28,1.96,7.7
2026,6,00-0040715,RB,13.45,3.37,11.63
2026,6,00-0040189,TE,4.78,2.4,0
2026,6,00-0040129,WR,11.47,6.96,0.24
2026,6,00-0040126,TE,14.18,7.16,0.05
2026,6,00-0040676,QB,17.6,0,2.64
2026,6,00-0040718,DB,3.6,2.21,0.14
2026,6,00-0040236,RB,8.19,1.74,8.29
2026,6,00-0040563,WR,0.12,0.06,0
2026,6,00-0040131,WR,0.45,0.28,0.06
2026,6,00-0040568,RB,0.49,0.14,0.41
2026,6,00-0040277,WR,2.07,1.24,0
2026,6,00-0040876,WR,3.29,1.92,0.05
2026,6,00-0041562,QB,15.83,0,2.68
2026,6,00-0040887,TE,0.84,0.47,0
2026,6,00-0040886,RB,2.33,0.63,2.24
2026,6,00-0040870,WR,3.1,1.87,0.05
2026,6,00-0040867,WR,6.97,4,0.1
2026,6,00-0040888,RB,0.29,0.08,0.23
2026,6,00-0041415,RB,0.22,0.07,0.17
2026,6,00-0041048,WR,3.09,1.91,0.08
2026,6,00-0041041,TE,2.34,1.44,0
2026,6,00-0041032,TE,3.85,2.25,0.06
2026,6,00-0041550,WR,1.29,0.85,0
2026,6,00-0041084,TE,1.25,0.73,0
2026,6,00-0041087,TE,2.3,1.39,0
2026,6,00-0032104,RB,0.32,0.12,0.18
2026,6,00-0032764,RB,15.47,1.33,16.93
2026,6,00-0034796,QB,21.83,0,7.86
2026,6,00-0034365,TE,0.29,0.18,0
2026,6,00-0034753,TE,10.39,4.95,0.36
2026,6,00-0034960,WR,10.26,5.84,0.28
2026,6,00-0035537,RB,4.05,1.36,2.57
2026,6,00-0035535,WR,3.82,2.36,0
2026,6,00-0036252,WR,10.68,6.01,0.05
2026,6,00-0036182,WR,1.1,0.65,0
2026,6,00-0036912,WR,15.03,7.5,0.05
2026,6,00-0036842,RB,0.11,0.01,0.19
2026,6,00-0036534,TE,0.2,0.12,0
2026,6,00-0037238,WR,16.81,8.94,0.06
2026,6,00-0037816,WR,10.23,5.53,0
2026,6,00-0037247,WR,15.41,7.82,0.06
2026,6,00-0037231,WR,1.31,0.93,0.04
2026,6,00-0037091,WR,2.03,1.29,0.12
2026,6,00-0037276,RB,0.99,0.49,0.37
2026,6,00-0038606,WR,11.42,6.11,0.51
2026,6,00-0038977,WR,1.2,0.67,0.06
2026,6,00-0038951,RB,3.61,0.29,4.24
2026,6,00-0038454,RB,6.91,1.52,6.01
2026,6,00-0039163,QB,18.95,0,2.67
2026,6,00-0039146,WR,13.42,6.12,0.96
2026,6,00-0038640,WR,0.38,0.25,0
2026,6,00-0038685,RB,1.89,0.75,1.07
2026,6,00-0038738,FB,1.75,0.72,0.89
2026,6,00-0039405,RB,0.63,0.1,0.83
2026,6,00-0039530,TE,1.25,0.76,0
2026,6,00-0039356,TE,1.46,0.87,0
2026,6,00-0039337,WR,12.67,7.88,0.15
2026,6,00-0039491,WR,11.76,5.99,0.08
2026,6,00-0039391,RB,1.29,0.26,1.68
2026,6,00-0039816,WR,0.13,0.07,0.03
2026,6,00-0040586,RB,2.18,0.46,2.54
2026,6,00-0040162,RB,6.42,2.15,6.17
2026,6,00-0040691,QB,21.23,0,5.55
2026,6,00-0040784,RB,12.37,2.25,16.07
2026,6,00-0040218,WR,1.79,0.95,0.33
2026,6,00-0040124,WR,14.12,8.2,0.08
2026,6,00-0040138,WR,5.21,2.68,0.08
2026,6,00-0040705,WR,3.29,1.96,0.4
2026,6,00-0040194,TE,2.16,1.15,0
2026,6,00-0040184,WR,0.91,0.65,0.05
2026,6,00-0040021,RB,0.95,0.16,0.76
2026,6,00-0040024,WR,0.48,0.28,0
2026,6,00-0041510,TE,1.13,0.67,0
2026,6,00-0041547,WR,8.66,4.75,0.76
2026,6,00-0041483,TE,2.66,1.52,0.1
2026,6,00-0041125,RB,1.68,0.44,1.63
2026,6,00-0031381,WR,12.5,6.86,0
2026,6,00-0032392,TE,2.84,1.5,0
2026,6,00-0033906,RB,5.81,1.96,4.76
2026,6,00-0033858,TE,1.82,1.01,0
2026,6,00-0033589,WR,0.04,0.03,0
2026,6,00-0035640,WR,11.83,6.3,0.15
2026,6,00-0035676,WR,16.27,7.68,0.04
2026,6,00-0035689,TE,4.83,2.52,0
2026,6,00-0035250,RB,0.84,0.17,0.96
2026,6,00-0035359,WR,0.45,0.29,0
2026,6,00-0036331,WR,0.21,0.12,0.04
2026,6,00-0036389,QB,21.85,0,6.91
2026,6,00-0036825,TE,0.08,0.03,0.05
2026,6,00-0036556,TE,0.16,0.09,0
2026,6,00-0037741,WR,5.14,3.17,0.03
2026,6,00-0038117,WR,10.09,6.37,0.2
2026,6,00-0038046,TE,3.98,2.29,0.11
2026,6,00-0037840,RB,14.6,2.57,14.82
2026,6,00-0038124,WR,13.96,6.78,0.14
2026,6,00-0038115,TE,5.01,2.63,0
2026,6,00-0037228,RB,13.02,3.46,12.21
2026,6,00-0037311,TE,0.05,0.03,0
2026,6,00-0037093,WR,0.46,0.29,0
2026,6,00-0038558,TE,4.63,2.59,0
2026,6,00-0038935,TE,8.23,4.42,0
2026,6,00-0038544,WR,10.94,5.85,0.19
2026,6,00-0038359,WR,1.07,0.54,0.09
2026,6,00-0038710,TE,0.42,0.28,0
2026,6,00-0040651,RB,0.12,0,0.18
2026,6,00-0040187,TE,1.01,0.56,0
2026,6,00-0040667,WR,10.17,5.5,0.82
2026,6,00-0040584,TE,8.04,4.3,0
2026,6,00-0040122,RB,15.15,4.34,15.77
2026,6,00-0040581,WR,0.07,0.06,0
2026,6,00-0041042,WR,6.76,4.09,0.05
2026,6,00-0041070,WR,0.4,0.24,0
2026,6,WAS569019,RB,2.99,0.97,2.34
2026,6,00-0041044,WR,3.88,2.23,0.13
2026,6,00-0041558,TE,1.96,1.18,0
2026,6,00-0041037,WR,6.15,3.66,0.14
2026,6,00-0041129,RB,0.59,0.12,0.63
2026,6,00-0041067,WR,1.75,1.19,0
2026,6,00-0041395,TE,2.17,1.2,0
2026,6,00-0030279,WR,8.95,5.23,0
2026,6,00-0032464,WR,3.41,1.82,0.17
2026,6,00-0033537,QB,14.82,0,3.14
2026,6,00-0033885,TE,3.93,2.32,0
2026,6,00-0033217,TE,1.26,0.75,0
2026,6,00-0033555,WR,2.9,1.56,0.05
2026,6,00-0033757,TE,0.07,0.04,0
2026,6,00-0034844,RB,15.36,3.18,16.11
2026,6,00-0034837,WR,6.72,4,0.04
2026,6,00-0034975,RB,4.73,1.76,2.54
2026,6,00-0036358,WR,17.43,9.22,0.17
2026,6,00-0036427,WR,0.21,0.12,0
2026,6,00-0036040,TE,9.85,5.4,0
2026,6,00-0036924,RB,0.24,0.11,0.16
2026,6,00-0036637,TE,4.66,2.76,0
2026,6,00-0037664,WR,12.69,6.28,0.05
2026,6,00-0037239,WR,15.76,8.94,0.05
2026,6,00-0037805,TE,0.85,0.52,0
2026,6,00-0037740,WR,12.92,7.88,0.17
2026,6,00-0037614,WR,2.91,1.89,0.09
2026,6,00-0038134,RB,15.33,3.58,14.5
2026,6,00-0037086,TE,1.84,0.99,0
2026,6,00-0037594,RB,0.29,0.12,0.21
2026,6,00-0037475,TE,0.41,0.24,0
2026,6,00-0037563,RB,2.01,0.44,1.95
2026,6,00-0038621,WR,5.36,2.74,0.36
2026,6,00-0039064,WR,15.18,7.58,0.2
2026,6,00-0039041,TE,3.15,1.75,0
2026,6,00-0038573,WR,0.2,0.07,0.14
2026,6,00-0038705,RB,2.54,0.97,1.24
2026,6,00-0039918,QB,21.47,0,4.3
2026,6,00-0039798,RB,5.11,1.52,3.97
2026,6,00-0039407,RB,0.45,0.12,0.49
2026,6,00-0039738,RB,8.64,1,10.73
2026,6,00-0039359,TE,1.8,1,0.12
2026,6,00-0039451,WR,1.62,0.98,0.17
2026,6,00-0039894,WR,10.47,6.17,0.97
2026,6,00-0039849,WR,10.75,6.61,0
2026,6,00-0039792,WR,1.92,1.07,0.06
2026,6,00-0039893,WR,10.79,6.03,0.21
2026,6,00-0039737,TE,1.06,0.64,0
2026,6,00-0039754,TE,0.5,0.27,0
2026,6,00-0040719,RB,11.02,2.43,11.47
2026,6,00-0040782,WR,1.92,1.1,0.18
2026,6,00-0040666,RB,15,3.97,13.96
2026,6,00-0040522,WR,0.43,0.27,0.02
2026,6,00-0040644,RB,1.36,0.36,1.4
2026,6,00-0040743,QB,19.58,0,4.56
2026,6,00-0041438,WR,11.15,7.07,0.09
2026,6,00-0041027,RB,15.44,5.08,12.71
2026,6,00-0041217,RB,0.57,0.27,0.23
2026,6,00-0041443,WR,2.6,1.52,0.05
2026,6,00-0030506,TE,11.87,6.32,0
2026,6,00-0031235,WR,1.08,0.66,0
2026,6,00-0033090,TE,9.09,4.55,0
2026,6,00-0032398,WR,0.26,0.16,0
2026,6,00-0033873,QB,20.58,0,2.26
2026,6,00-0033375,WR,0.67,0.36,0
2026,6,00-0033307,WR,4.84,2.66,0
2026,6,00-0034857,QB,23.21,0,6.21
2026,6,00-0034860,WR,0.19,0.1,0.02
2026,6,00-0034487,WR,0.25,0.16,0
2026,6,00-0035700,RB,14.38,2.65,14.81
2026,6,00-0035685,RB,14.29,2.36,15.68
2026,6,00-0034981,TE,0.8,0.41,0
2026,6,00-0035125,FB,0.66,0.13,0.8
2026,6,00-0035208,WR,4.07,2.43,0.2
2026,6,00-0035021,WR,1.53,0.96,0.06
2026,6,00-0036223,RB,19.17,4,17.36
2026,6,00-0036290,TE,4.57,2.47,0
2026,6,00-0036165,WR,0.46,0.27,0
2026,6,00-0036971,QB,20.06,0,4.38
2026,6,00-0036893,RB,1.67,0.5,1.61
2026,6,00-0036973,RB,12.74,2.82,13.39
2026,6,00-0036919,RB,9.2,3.12,6.66
2026,6,00-0036555,RB,10.01,1.92,12.29
2026,6,00-0036875,RB,10.83,1.99,11.39
2026,6,00-0038041,TE,9.87,5.47,0
2026,6,00-0037838,TE,9.62,5.21,0
2026,6,00-0038104,WR,5.35,2.89,0
2026,6,00-0037557,RB,0.17,0.02,0.22
2026,6,00-0037132,WR,0.05,0.03,0
2026,6,00-0037292,TE,0.47,0.29,0
2026,6,00-0039066,TE,3.96,2.63,0
2026,6,00-0038393,WR,6.26,3.61,0.05
2026,6,00-0039075,WR,20.83,9.76,0.45
2026,6,00-0038608,WR,8.55,4.35,0
2026,6,00-0023459,QB,17.44,0,1.26
2026,6,00-0039910,QB,20.97,0,7.1
2026,6,00-0031408,WR,13.54,7.07,0
2026,6,00-0031588,WR,11.22,6.02,0
2026,6,00-0033288,TE,12.16,5.35,0
2026,6,00-0036626,WR,0.41,0.23,0.06
2026,6,00-0037809,TE,9.22,5.39,0
2026,6,00-0040164,WR,1.66,0.92,0.2
2026,6,00-0032775,WR,3,1.6,0
2026,6,00-0037112,TE,2.3,1.27,0
2026,6,00-0040242,RB,8.78,1.73,8.44
2026,6,00-0040172,WR,0.24,0.14,0
2026,6,00-0041096,RB,1.36,0.16,1.89
2026,6,00-0041052,RB,2.07,0.4,2.4
2026,6,00-0034775,WR,1.41,0.83,0.02
2026,6,00-0036887,TE,0.66,0.36,0
2026,6,00-0037256,RB,10.01,3.28,7.5
2026,6,00-0037834,QB,22.55,0,4.12
2026,6,00-0039365,WR,0.02,0.01,0
2026,6,00-0039355,WR,0.59,0.32,0
2026,6,00-0040177,RB,1.85,0.36,1.97
2026,6,00-0041040,WR,4.28,2.49,0.1
2026,6,00-0036415,WR,0.1,0.07,0
2026,6,00-0036628,TE,2.17,1.23,0
2026,6,00-0039912,TE,1.19,0.66,0
2026,6,00-0039363,RB,0.28,0.12,0.11
2026,6,00-0033280,RB,22.45,5.77,18.4
2026,6,00-0033955,RB,0.71,0.2,0.6
2026,6,00-0035659,WR,13.91,7.41,0.05
2026,6,00-0037742,WR,2.04,1.35,0.13
2026,6,00-0041035,WR,7.32,3.99,0.18
2026,6,00-0029892,FB,1.79,0.96,0.11
2026,6,00-0035719,WR,10.74,5.24,0.93
2026,7,00-0039919,WR,11.4,6.7,0.05
2026,7,00-0041051,WR,2.08,1.24,0.11
2026,7,00-0036290,TE,4.52,2.47,0
2026,7,00-0038621,WR,5.42,2.74,0.36
2026,7,00-0039851,QB,21.35,0,4.57
2026,7,00-0041129,RB,0.6,0.12,0.63
2026,7,00-0041395,TE,2.19,1.2,0
2026,7,00-0036875,RB,11.15,1.99,11.39
2026,7,00-0040126,TE,14.04,7.16,0.05
2026,7,00-0040735,WR,13.39,6.54,0.59
2026,7,00-0040236,RB,7.97,1.74,8.29
2026,7,00-0040131,WR,0.46,0.28,0.06
2026,7,00-0040568,RB,0.51,0.14,0.41
2026,7,00-0041558,TE,1.94,1.18,0
2026,7,00-0033090,TE,9.18,4.55,0
2026,7,00-0035676,WR,16.42,7.68,0.04
2026,7,00-0037816,WR,10.33,5.53,0
2026,7,00-0039021,RB,0.23,0,0.35
2026,7,00-0039918,QB,21.03,0,4.3
2026,7,00-0033555,WR,2.93,1.56,0.05
2026,7,00-0036275,RB,12.03,2.76,12.51
2026,7,00-0040734,RB,11.95,2.5,10.38
2026,7,00-0040563,WR,0.12,0.06,0
2026,7,00-0040277,WR,2.05,1.24,0
2026,7,00-0032464,WR,3.37,1.82,0.17
2026,7,00-0038619,WR,3.96,2.22,0.19
2026,7,00-0038576,WR,0.17,0.1,0
2026,7,00-0038559,WR,11.2,6.28,0.05
2026,7,00-0039405,RB,0.65,0.1,0.83
2026,7,00-0039359,TE,1.81,1,0.12
2026,7,00-0039338,TE,16.29,8.33,0.22
2026,7,00-0039365,WR,0.02,0.01,0
2026,7,00-0039855,WR,7.32,3.7,0.11
2026,7,00-0039792,WR,1.95,1.07,0.06
2026,7,00-0039739,WR,1.94,1.24,0
2026,7,00-0039363,RB,0.28,0.12,0.11
2026,7,00-0039754,TE,0.5,0.27,0
2026,7,00-0040078,RB,0.76,0.36,0.51
2026,7,00-0040177,RB,1.85,0.36,1.97
2026,7,00-0040162,RB,6.53,2.15,6.17
2026,7,00-0040134,WR,5.13,3.11,0.09
2026,7,00-0040782,WR,1.96,1.1,0.18
2026,7,00-0040669,WR,3.83,2.21,0.05
2026,7,00-0040876,WR,3.33,1.92,0.05
2026,7,00-0041562,QB,15.92,0,2.68
2026,7,00-0041510,TE,1.13,0.67,0
2026,7,00-0041027,RB,15.42,5.08,12.71
2026,7,00-0041070,WR,0.39,0.24,0
2026,7,00-0041077,TE,3.41,1.91,0
2026,7,00-0033110,TE,1.75,0.99,0
2026,7,00-0032775,WR,2.97,1.6,0
2026,7,00-0033537,QB,15.3,0,3.14
2026,7,00-0033873,QB,20.46,0,2.26
2026,7,00-0033553,RB,3.02,0.89,2.51
2026,7,00-0034855,QB,19.69,0,3.25
2026,7,00-0034775,WR,1.39,0.83,0.02
2026,7,00-0035700,RB,14.4,2.65,14.81
2026,7,00-0035261,RB,10.25,2.21,10.44
2026,7,00-0035249,TE,2.48,1.36,0
2026,7,00-0035631,TE,2.08,1.19,0
2026,7,00-0035208,WR,4.01,2.43,0.2
2026,7,00-0036322,WR,16.91,9.21,0.13
2026,7,00-0036158,RB,8.12,1.25,8.68
2026,7,00-0036244,TE,5.5,2.88,0
2026,7,00-0036422,TE,2.15,1.12,0
2026,7,00-0036139,RB,12.29,3.11,12.18
2026,7,00-0036963,WR,19.9,9.83,0.26
2026,7,00-0036900,WR,19.4,9.43,0.25
2026,7,00-0036919,RB,9.6,3.12,6.66
2026,7,00-0036556,TE,0.16,0.09,0
2026,7,00-0036550,WR,7.31,4.19,0.06
2026,7,00-0036555,RB,9.94,1.92,12.29
2026,7,00-0036876,TE,0.18,0.12,0
2026,7,00-0038134,RB,14.96,3.58,14.5
2026,7,00-0037746,RB,4.79,0.98,5.3
2026,7,00-0037304,RB,0.87,0.39,0.4
2026,7,00-0037557,RB,0.17,0.02,0.22
2026,7,00-0037545,WR,9.07,4.72,0.62
2026,7,00-0039150,QB,17.82,0,4.73
2026,7,00-0039066,TE,4,2.63,0
2026,7,00-0038976,WR,4.46,2.23,0.44
2026,7,00-0039032,RB,7.5,2.75,5.08
2026,7,00-0038542,RB,21.76,5.44,18.47
2026,7,00-0039165,RB,3.38,0.63,3.38
2026,7,00-0038551,RB,1.54,0.52,1.2
2026,7,00-0038589,TE,0.37,0.21,0
2026,7,00-0038783,TE,0.34,0.19,0
2026,7,00-0039732,QB,20.7,0,4.36
2026,7,00-0039407,RB,0.43,0.12,0.49
2026,7,00-0039811,RB,4.41,1.18,4.08
2026,7,00-0039361,RB,12.41,2.56,13.08
2026,7,00-0039814,TE,2.95,1.67,0
2026,7,00-0039356,TE,1.49,0.87,0
2026,7,00-0039793,TE,9.31,4.67,0.57
2026,7,00-0039342,WR,2.96,1.96,0
2026,7,00-0039849,WR,10.54,6.61,0
2026,7,00-0039299,RB,2.96,0.83,2.45
2026,7,00-0040651,RB,0.12,0,0.18
2026,7,00-0040187,TE,1.03,0.56,0
2026,7,00-0040648,WR,3.3,1.95,0.05
2026,7,00-0040667,WR,10.01,5.5,0.82
2026,7,00-0040142,RB,0.25,0.06,0.29
2026,7,00-0040646,WR,1.67,1.12,0.04
2026,7,00-0040129,WR,11.63,6.96,0.24
2026,7,00-0040739,TE,3.9,2.36,0
2026,7,00-0040208,RB,2.35,0.69,2.38
2026,7,00-0040067,RB,0.28,0.05,0.31
2026,7,00-0041029,WR,10.7,6.39,0.1
2026,7,00-0041512,RB,9.3,1.31,11.63
2026,7,WAS569019,RB,2.89,0.97,2.34
2026,7,00-0041415,RB,0.22,0.07,0.17
2026,7,00-0041041,TE,2.33,1.44,0
2026,7,00-0041013,RB,3.34,1.04,2.8
2026,7,00-0041496,RB,3.53,0.95,3.32
2026,7,00-0041037,WR,6.28,3.66,0.14
2026,7,00-0041398,TE,0.49,0.3,0
2026,7,00-0041244,RB,0.37,0.1,0.34
2026,7,00-0030279,WR,8.81,5.23,0
2026,7,00-0031381,WR,12.48,6.86,0
2026,7,00-0031408,WR,13.41,7.07,0
2026,7,00-0033106,QB,20.48,0,1.62
2026,7,00-0032398,WR,0.26,0.16,0
2026,7,00-0033881,TE,4.02,2.53,0
2026,7,00-0033526,RB,3.29,1.04,2.59
2026,7,00-0034796,QB,21.99,0,7.86
2026,7,00-0034383,TE,9.65,5.46,0
2026,7,00-0034348,WR,10.74,5.95,0
2026,7,00-0035406,WR,2.09,1.22,0
2026,7,00-0035544,WR,0.13,0.08,0
2026,7,00-0036212,QB,19.1,0,2.29
2026,7,00-0036252,WR,10.52,6.01,0.05
2026,7,00-0036331,WR,0.21,0.12,0.04
2026,7,00-0036182,WR,1.08,0.65,0
2026,7,00-0036893,RB,1.69,0.5,1.61
2026,7,00-0036825,TE,0.08,0.03,0.05
2026,7,00-0036842,RB,0.11,0.01,0.19
2026,7,00-0037805,TE,0.87,0.52,0
2026,7,00-0037240,WR,13.98,6.91,0.55
2026,7,00-0038120,RB,14.3,2.76,15.75
2026,7,00-0037252,TE,6.49,3.59,0
2026,7,00-0037231,WR,1.3,0.93,0.04
2026,7,00-0037085,RB,1.05,0.59,0.28
2026,7,00-0037311,TE,0.05,0.03,0
2026,7,00-0038597,RB,16.49,4.82,14.64
2026,7,00-0039040,RB,17.12,3.69,13.99
2026,7,00-0038997,WR,12.16,6.89,0.18
2026,7,00-0038994,WR,11.33,6.01,0.27
2026,7,00-0039064,WR,15.36,7.58,0.2
2026,7,00-0039074,TE,0.81,0.47,0
2026,7,00-0038618,WR,3.8,2.34,0.07
2026,7,00-0039050,TE,0.54,0.32,0
2026,7,00-0038640,WR,0.37,0.25,0
2026,7,00-0038839,WR,0.95,0.65,0
2026,7,00-0038705,RB,2.5,0.97,1.24
2026,7,00-0038710,TE,0.43,0.28,0
2026,7,00-0039894,WR,10.4,6.17,0.97
2026,7,00-0039868,WR,2.76,1.66,0.11
2026,7,00-0039737,TE,1.04,0.64,0
2026,7,00-0040179,RB,1.47,0.52,1.32
2026,7,00-0040237,WR,2.67,1.45,0.09
2026,7,00-0040730,RB,10.42,3.09,8.06
2026,7,00-0040170,WR,2.94,2.01,0
2026,7,00-0040784,RB,12.55,2.25,16.07
2026,7,00-0040218,WR,1.82,0.95,0.33
2026,7,00-0040138,WR,5.22,2.68,0.08
2026,7,00-0040582,WR,0.32,0.19,0.07
2026,7,00-0040705,WR,3.25,1.96,0.4
2026,7,00-0040743,QB,19.44,0,4.56
2026,7,00-0040172,WR,0.23,0.14,0
2026,7,00-0040590,WR,2.43,1.81,0
2026,7,00-0040259,WR,0.1,0.06,0
2026,7,00-0041489,WR,5.27,3.06,0.09
2026,7,00-0041511,WR,4.78,2.79,0.17
2026,7,00-0041438,WR,10.98,7.07,0.09
2026,7,00-0040886,RB,2.37,0.63,2.24
2026,7,00-0040870,WR,3.15,1.87,0.05
2026,7,00-0041032,TE,3.93,2.25,0.06
2026,7,00-0040890,WR,1.78,1.14,0
2026,7,00-0041067,WR,1.74,1.19,0
2026,7,00-0041579,TE,0.85,0.49,0
2026,7,00-0041069,WR,1.98,1.25,0
2026,7,00-0041099,WR,2.04,1.31,0
2026,7,00-0030506,TE,11.83,6.32,0
2026,7,00-0031235,WR,1.09,0.66,0
2026,7,00-0033217,TE,1.24,0.75,0
2026,7,00-0033576,TE,0.48,0.28,0
2026,7,00-0033376,FB,0.14,0.09,0
2026,7,00-0034829,TE,6.31,3.68,0
2026,7,00-0035228,QB,19.62,0,5.79
2026,7,00-0035719,WR,10.65,5.24,0.93
2026,7,00-0035685,RB,14.65,2.36,15.68
2026,7,00-0034975,RB,4.75,1.76,2.54
2026,7,00-0036637,TE,4.64,2.76,0
2026,7,00-0037666,WR,3.29,1.91,0
2026,7,00-0037741,WR,5.08,3.17,0.03
2026,7,00-0037263,RB,5.41,1.09,6.13
2026,7,00-0037239,WR,15.66,8.94,0.05
2026,7,00-0037614,WR,2.98,1.89,0.09
2026,7,00-0038124,WR,13.76,6.78,0.14
2026,7,00-0038104,WR,5.33,2.89,0
2026,7,00-0039075,WR,20.8,9.76,0.45
2026,7,00-0038951,RB,3.83,0.29,4.24
2026,7,00-0039798,RB,5.25,1.52,3.97
2026,7,00-0039751,WR,0.64,0.35,0.07
2026,7,00-0039890,WR,6.32,4.44,0.06
2026,7,00-0039384,RB,5.4,1,6.68
2026,7,00-0039364,RB,0.18,0.06,0.15
2026,7,00-0039816,WR,0.13,0.07,0.03
2026,7,00-0039424,WR,8.58,4.98,0.05
2026,7,00-0039589,WR,0.51,0.29,0.05
2026,7,00-0040009,WR,2.8,1.4,0.35
2026,7,00-0040198,RB,2.57,0.76,2.36
2026,7,00-0040584,TE,7.93,4.3,0
2026,7,00-0040691,QB,21.36,0,5.55
2026,7,00-0040205,RB,0.24,0.08,0.18
2026,7,00-0040128,TE,12.79,7.11,0.26
2026,7,00-0040676,QB,17.4,0,2.64
2026,7,00-0040124,WR,14.41,8.2,0.08
2026,7,00-0040581,WR,0.07,0.06,0
2026,7,00-0040075,WR,0.22,0.11,0.05
2026,7,00-0040311,WR,0.1,0.05,0
2026,7,00-0041042,WR,6.77,4.09,0.05
2026,7,00-0041523,WR,5.43,3.21,0
2026,7,00-0041547,WR,8.82,4.75,0.76
2026,7,00-0041472,TE,2.83,1.6,0
2026,7,00-0041525,WR,5.37,3.16,0.04
2026,7,00-0041044,WR,3.83,2.23,0.13
2026,7,00-0041104,RB,2.59,1.06,1.45
2026,7,00-0041035,WR,7.25,3.99,0.18
2026,7,00-0041087,TE,2.35,1.39,0
2026,7,00-0031610,TE,7.93,4.11,0
2026,7,00-0032764,RB,15.33,1.33,16.93
2026,7,00-0033119,QB,16.83,0,2.14
2026,7,00-0033858,TE,1.78,1.01,0
2026,7,00-0033293,RB,8.29,1.97,8.2
2026,7,00-0033288,TE,12.07,5.35,0
2026,7,00-0033589,WR,0.05,0.03,0
2026,7,00-0033375,WR,0.69,0.36,0
2026,7,00-0033757,TE,0.07,0.04,0
2026,7,00-0034869,QB,19.87,0,2.92
2026,7,00-0035359,WR,0.46,0.29,0
2026,7,00-0036442,QB,21.73,0,2.49
2026,7,00-0036407,WR,6.07,4.07,0.07
2026,7,00-0036264,QB,19.93,0,3.09
2026,7,00-0036165,WR,0.46,0.27,0
2026,7,00-0035891,WR,0.35,0.19,0
2026,7,00-0038129,TE,7.4,4.41,0
2026,7,00-0037740,WR,13.19,7.88,0.17
2026,7,00-0038128,QB,18.66,0,7.69
2026,7,00-0037291,WR,8.38,4.76,0.22
2026,7,00-0037091,WR,1.99,1.29,0.12
2026,7,00-0038115,TE,4.94,2.63,0
2026,7,00-0037276,RB,0.96,0.49,0.37
2026,7,00-0037539,TE,0.44,0.27,0
2026,7,00-0037093,WR,0.47,0.29,0
2026,7,00-0038977,WR,1.2,0.67,0.06
2026,7,00-0039146,WR,13.24,6.12,0.96
2026,7,00-0039041,TE,3.09,1.75,0
2026,7,00-0038359,WR,1.07,0.54,0.09
2026,7,00-0038440,RB,0.05,0.01,0.05
2026,7,00-0038685,RB,1.88,0.75,1.07
2026,7,00-0038794,RB,0.86,0.22,0.78
2026,7,00-0039796,RB,0.24,0.11,0.11
2026,7,00-0039794,RB,3.5,0.68,3.88
2026,7,00-0039373,RB,1.02,0.29,0.97
2026,7,00-0039738,RB,8.61,1,10.73
2026,7,00-0039451,WR,1.66,0.98,0.17
2026,7,00-0039880,WR,6.69,3.58,1.12
2026,7,00-0039920,WR,0.81,0.28,0.39
2026,7,00-0039874,RB,2.72,0.85,2.58
2026,7,00-0040715,RB,13.56,3.37,11.63
2026,7,00-0040729,WR,4.46,2.53,0.05
2026,7,00-0040737,TE,3.76,2.59,0
2026,7,00-0040736,TE,5.49,3.56,0
2026,7,00-0040122,RB,14.49,4.34,15.77
2026,7,00-0041048,WR,3.14,1.91,0.08
2026,7,00-0041529,WR,4.12,2.45,0
2026,7,00-0041125,RB,1.67,0.44,1.63
2026,7,00-0030565,QB,16.31,0,3.11
2026,7,00-0029892,FB,1.77,0.96,0.11
2026,7,00-0031484,TE,0.34,0.21,0
2026,7,00-0032392,TE,2.81,1.5,0
2026,7,00-0033908,WR,7.9,4.26,0.06
2026,7,00-0034798,TE,0.83,0.46,0
2026,7,00-0034613,TE,0.64,0.36,0
2026,7,00-0035644,TE,3.33,1.79,0
2026,7,00-0035021,WR,1.51,0.96,0.06
2026,7,00-0036410,WR,15.38,7.4,0.06
2026,7,00-0036429,TE,0.83,0.48,0
2026,7,00-0036309,WR,5.19,3.44,0.05
2026,7,00-0036894,TE,7.19,3.74,0
2026,7,00-0036924,RB,0.24,0.11,0.16
2026,7,00-0037005,TE,2.2,1.27,0
2026,7,00-0036887,TE,0.66,0.36,0
2026,7,00-0037238,WR,16.63,8.94,0.06
2026,7,00-0038117,WR,9.94,6.37,0.2
2026,7,00-0037838,TE,9.64,5.21,0
2026,7,00-0037840,RB,14.56,2.57,14.82
2026,7,00-0038090,WR,0.23,0.12,0.07
2026,7,00-0037834,QB,22.36,0,4.12
2026,7,00-0037120,RB,0.5,0.13,0.47
2026,7,00-0037228,RB,13.13,3.46,12.21
2026,7,00-0039144,TE,2.98,1.73,0
2026,7,00-0038608,WR,8.56,4.35,0
2026,7,00-0038563,WR,9.65,5.61,0.44
2026,7,00-0039067,WR,15.53,8.51,0.41
2026,7,00-0039065,TE,12.12,5.96,0.06
2026,7,00-0038519,WR,0.16,0.09,0.03
2026,7,00-0038797,RB,2.48,0.34,3.02
2026,7,00-0039344,RB,8.57,2.49,7.95
2026,7,00-0039847,TE,3.66,2.18,0
2026,7,00-0039337,WR,12.7,7.88,0.15
2026,7,00-0039491,WR,11.97,5.99,0.08
2026,7,00-0040466,RB,0.24,0.03,0.43
2026,7,00-0040583,RB,7.46,1.96,7.7
2026,7,00-0040653,WR,0.08,0.05,0
2026,7,00-0040154,WR,1.83,1.01,0.04
2026,7,00-0040663,TE,10.63,5.89,0.22
2026,7,00-0040522,WR,0.42,0.27,0.02
2026,7,00-0040644,RB,1.36,0.36,1.4
2026,7,00-0040509,TE,0.23,0.13,0
2026,7,00-0040887,TE,0.85,0.47,0
2026,7,00-0041116,TE,0.64,0.36,0
2026,7,00-0040888,RB,0.29,0.08,0.23
2026,7,00-0041248,WR,0.06,0.04,0
2026,7,00-0040894,WR,0.01,0.01,0
2026,7,00-0041132,WR,0.37,0.24,0
2026,7,00-0041004,WR,0.22,0.14,0
2026,7,00-0041052,RB,2.07,0.4,2.4
2026,7,00-0041524,TE,4.05,2.23,0
2026,7,00-0033280,RB,22.42,5.77,18.4
2026,7,00-0033906,RB,5.55,1.96,4.76
2026,7,00-0033921,WR,10.95,6.19,0.05
2026,7,00-0026498,QB,19.61,0,1.33
2026,7,00-0033307,WR,4.75,2.66,0
2026,7,00-0034837,WR,6.63,4,0.04
2026,7,00-0034365,TE,0.29,0.18,0
2026,7,00-0034753,TE,10.51,4.95,0.36
2026,7,00-0034270,TE,0.28,0.16,0
2026,7,00-0035229,TE,8.49,4.79,0
2026,7,00-0035640,WR,11.66,6.3,0.15
2026,7,00-0035710,QB,18.24,0,3.04
2026,7,00-0035500,WR,3.12,1.66,0.2
2026,7,00-0034981,TE,0.8,0.41,0
2026,7,00-0035250,RB,0.85,0.17,0.96
2026,7,00-0035535,WR,3.83,2.36,0
2026,7,00-0036223,RB,19.1,4,17.36
2026,7,00-0036040,TE,9.8,5.4,0
2026,7,00-0036259,WR,8.13,4.29,0
2026,7,00-0036613,WR,14.94,7.66,0.22
2026,7,00-0036973,RB,12.05,2.82,13.39
2026,7,00-0036970,TE,11.42,6.39,0
2026,7,00-0036554,WR,17.4,8.68,0.22
2026,7,00-0036630,WR,0.53,0.31,0
2026,7,00-0036754,TE,2.65,1.53,0
2026,7,00-0037744,TE,15.41,8.58,0
2026,7,00-0037664,WR,12.51,6.28,0.05
2026,7,00-0037197,RB,3.88,0.73,4.85
2026,7,00-0037594,RB,0.29,0.12,0.21
2026,7,00-0037525,RB,9.11,1.17,9.91
2026,7,00-0037292,TE,0.46,0.29,0
2026,7,00-0037112,TE,2.28,1.27,0
2026,7,00-0039139,RB,22.33,4.73,17.04
2026,7,00-0038558,TE,4.56,2.59,0
2026,7,00-0038996,TE,12.42,5.55,0
2026,7,00-0038543,WR,21.03,9.93,0.42
2026,7,00-0023459,QB,17.18,0,1.26
2026,7,00-0039163,QB,18.93,0,2.67
2026,7,00-0040021,RB,0.94,0.16,0.76
2026,7,00-0034272,WR,1.1,0.75,0.04
2026,7,00-0036912,WR,15.2,7.5,0.05
2026,7,00-0039530,TE,1.24,0.76,0
2026,7,00-0040024,WR,0.49,0.28,0
2026,7,00-0034844,RB,15.1,3.18,16.11
2026,7,00-0036997,RB,13.9,3.08,16.11
2026,7,00-0037247,WR,15.28,7.82,0.06
2026,7,00-0037563,RB,1.99,0.44,1.95
2026,7,00-0037801,WR,3.65,1.62,0.95
2026,7,00-0038393,WR,6.34,3.61,0.05
2026,7,00-0038564,TE,0.13,0.08,0
2026,7,00-0035662,WR,2.61,1.49,0
2026,7,00-0038041,TE,9.78,5.47,0
2026,7,00-0037132,WR,0.05,0.03,0
2026,7,00-0038555,RB,3.67,0.52,4.15
2026,7,00-0039746,RB,1.47,0.65,0.83
2026,7,00-0040586,RB,2.16,0.46,2.54
2026,7,00-0040867,WR,7.06,4,0.1
2026,7,00-0041483,TE,2.69,1.52,0.1
2026,7,00-0037475,TE,0.41,0.24,0
2026,7,00-0038547,TE,1.53,0.94,0
2026,7,00-0038738,FB,1.73,0.72,0.89
2026,7,00-0039410,WR,7.31,3.99,0.19
2026,7,00-0034351,TE,9.77,4.64,0
2026,7,00-0036389,QB,22.01,0,6.91
2026,7,00-0037258,RB,0.23,0.07,0.2
2026,7,00-0037086,TE,1.86,0.99,0
2026,7,00-0040939,TE,1.44,0.86,0
2026,7,00-0033077,QB,21.25,0,2.36
2026,7,00-0036358,WR,17.27,9.22,0.17
2026,7,00-0036427,WR,0.2,0.12,0
2026,8,00-0040009,WR,2.82,1.4,0.35
2026,8,00-0039491,WR,11.87,5.99,0.08
2026,8,00-0031610,TE,7.86,4.11,0
2026,8,00-0038589,TE,0.37,0.21,0
2026,8,00-0038685,RB,1.9,0.75,1.07
2026,8,00-0040651,RB,0.12,0,0.18
2026,8,00-0035700,RB,14.64,2.65,14.81
2026,8,00-0036264,QB,20.14,0,3.09
2026,8,00-0038124,WR,13.81,6.78,0.14
2026,8,00-0037091,WR,2,1.29,0.12
2026,8,00-0039150,QB,17.72,0,4.73
2026,8,00-0040667,WR,10.06,5.5,0.82
2026,8,00-0036555,RB,10.1,1.92,12.29
2026,8,00-0038090,WR,0.23,0.12,0.07
2026,8,00-0038996,TE,12.46,5.55,0
2026,8,00-0039811,RB,4.48,1.18,4.08
2026,8,00-0039342,WR,2.92,1.96,0
2026,8,00-0040187,TE,1.02,0.56,0
2026,8,00-0040218,WR,1.81,0.95,0.33
2026,8,00-0040124,WR,14.27,8.2,0.08
2026,8,00-0040644,RB,1.38,0.36,1.4
2026,8,00-0033858,TE,1.79,1.01,0
2026,8,00-0033589,WR,0.04,0.03,0
2026,8,00-0039146,WR,13.3,6.12,0.96
2026,8,00-0039344,RB,8.65,2.49,7.95
2026,8,00-0039356,TE,1.48,0.87,0
2026,8,00-0036825,TE,0.08,0.03,0.05
2026,8,00-0037005,TE,2.18,1.27,0
2026,8,00-0037614,WR,2.95,1.89,0.09
2026,8,00-0039144,TE,2.99,1.73,0
2026,8,00-0038563,WR,9.66,5.61,0.44
2026,8,00-0039074,TE,0.8,0.47,0
2026,8,00-0038576,WR,0.18,0.1,0
2026,8,00-0039067,WR,15.42,8.51,0.41
2026,8,00-0038573,WR,0.2,0.07,0.14
2026,8,00-0038933,TE,9.08,4.57,0
2026,8,00-0038783,TE,0.33,0.19,0
2026,8,00-0039451,WR,1.64,0.98,0.17
2026,8,00-0039751,WR,0.63,0.35,0.07
2026,8,00-0039874,RB,2.69,0.85,2.58
2026,8,00-0040078,RB,0.76,0.36,0.51
2026,8,00-0040466,RB,0.24,0.03,0.43
2026,8,00-0040737,TE,3.7,2.59,0
2026,8,00-0040154,WR,1.82,1.01,0.04
2026,8,00-0040584,TE,8.04,4.3,0
2026,8,00-0040142,RB,0.25,0.06,0.29
2026,8,00-0040666,RB,14.77,3.97,13.96
2026,8,00-0040734,RB,11.89,2.5,10.38
2026,8,00-0040075,WR,0.22,0.11,0.05
2026,8,00-0040876,WR,3.27,1.92,0.05
2026,8,00-0041562,QB,15.83,0,2.68
2026,8,00-0041070,WR,0.4,0.24,0
2026,8,00-0040888,RB,0.29,0.08,0.23
2026,8,00-0041217,RB,0.58,0.27,0.23
2026,8,00-0041483,TE,2.69,1.52,0.1
2026,8,00-0041550,WR,1.3,0.85,0
2026,8,00-0041077,TE,3.37,1.91,0
2026,8,00-0041129,RB,0.6,0.12,0.63
2026,8,00-0040890,WR,1.77,1.14,0
2026,8,00-0033090,TE,9.21,4.55,0
2026,8,00-0033553,RB,3.12,0.89,2.51
2026,8,00-0026498,QB,19.41,0,1.33
2026,8,00-0033757,TE,0.07,0.04,0
2026,8,00-0034844,RB,14.92,3.18,16.11
2026,8,00-0034837,WR,6.72,4,0.04
2026,8,00-0034827,WR,11.4,6.14,0.44
2026,8,00-0034348,WR,10.6,5.95,0
2026,8,00-0035640,WR,11.67,6.3,0.15
2026,8,00-0035662,WR,2.61,1.49,0
2026,8,00-0034960,WR,10.39,5.84,0.28
2026,8,00-0035208,WR,4.06,2.43,0.2
2026,8,00-0036212,QB,19.31,0,2.29
2026,8,00-0036442,QB,22.35,0,2.49
2026,8,00-0036355,QB,19.83,0,4.46
2026,8,00-0036331,WR,0.22,0.12,0.04
2026,8,00-0036139,RB,12.53,3.11,12.18
2026,8,00-0036429,TE,0.84,0.48,0
2026,8,00-0036912,WR,15.17,7.5,0.05
2026,8,00-0036963,WR,19.78,9.83,0.26
2026,8,00-0036997,RB,14.24,3.08,16.11
2026,8,00-0036875,RB,11.08,1.99,11.39
2026,8,00-0037741,WR,5.14,3.17,0.03
2026,8,00-0037256,RB,9.97,3.28,7.5
2026,8,00-0037805,TE,0.86,0.52,0
2026,8,00-0037740,WR,13.06,7.88,0.17
2026,8,00-0038120,RB,14.27,2.76,15.75
2026,8,00-0037132,WR,0.05,0.03,0
2026,8,00-0038935,TE,8.32,4.42,0
2026,8,00-0038621,WR,5.44,2.74,0.36
2026,8,00-0039032,RB,7.51,2.75,5.08
2026,8,00-0038544,WR,10.99,5.85,0.19
2026,8,00-0039041,TE,3.21,1.75,0
2026,8,00-0038640,WR,0.38,0.25,0
2026,8,00-0038710,TE,0.42,0.28,0
2026,8,00-0039910,QB,20.82,0,7.1
2026,8,00-0039875,RB,3.86,0.81,4.47
2026,8,00-0039338,TE,16.3,8.33,0.22
2026,8,00-0039792,WR,1.92,1.07,0.06
2026,8,00-0039915,WR,13.03,7,0.11
2026,8,00-0039355,WR,0.59,0.32,0
2026,8,00-0039364,RB,0.18,0.06,0.15
2026,8,00-0039754,TE,0.5,0.27,0
2026,8,00-0040162,RB,6.45,2.15,6.17
2026,8,00-0040198,RB,2.55,0.76,2.36
2026,8,00-0040129,WR,11.64,6.96,0.24
2026,8,00-0040582,WR,0.32,0.19,0.07
2026,8,00-0040581,WR,0.07,0.06,0
2026,8,00-0040021,RB,0.96,0.16,0.76
2026,8,00-0040311,WR,0.1,0.05,0
2026,8,00-0040259,WR,0.1,0.06,0
2026,8,00-0040509,TE,0.23,0.13,0
2026,8,00-0041510,TE,1.12,0.67,0
2026,8,00-0041438,WR,11.15,7.07,0.09
2026,8,00-0041048,WR,3.14,1.91,0.08
2026,8,00-0040894,WR,0.01,0.01,0
2026,8,00-0041013,RB,3.34,1.04,2.8
2026,8,00-0041100,WR,0.44,0.19,0.19
2026,8,00-0041084,TE,1.27,0.73,0
2026,8,00-0041398,TE,0.49,0.3,0
2026,8,00-0032398,WR,0.26,0.16,0
2026,8,00-0033110,TE,1.73,0.99,0
2026,8,00-0033077,QB,21.69,0,2.36
2026,8,00-0033955,RB,0.7,0.2,0.6
2026,8,00-0033375,WR,0.68,0.36,0
2026,8,00-0034855,QB,19.72,0,3.25
2026,8,00-0034365,TE,0.29,0.18,0
2026,8,00-0034487,WR,0.25,0.16,0
2026,8,00-0035689,TE,4.76,2.52,0
2026,8,00-0035261,RB,10.2,2.21,10.44
2026,8,00-0035249,TE,2.47,1.36,0
2026,8,00-0036223,RB,19.5,4,17.36
2026,8,00-0036415,WR,0.1,0.07,0
2026,8,00-0036389,QB,21.92,0,6.91
2026,8,00-0036425,RB,0.18,0.02,0.26
2026,8,00-0036900,WR,19.73,9.43,0.25
2026,8,00-0036876,TE,0.18,0.12,0
2026,8,00-0036842,RB,0.11,0.01,0.19
2026,8,00-0037238,WR,16.81,8.94,0.06
2026,8,00-0038046,TE,4,2.29,0.11
2026,8,00-0037742,WR,2.03,1.35,0.13
2026,8,00-0038134,RB,14.97,3.58,14.5
2026,8,00-0038128,QB,18.54,0,7.69
2026,8,00-0037086,TE,1.86,0.99,0
2026,8,00-0037291,WR,8.38,4.76,0.22
2026,8,00-0037304,RB,0.88,0.39,0.4
2026,8,00-0038104,WR,5.29,2.89,0
2026,8,00-0037120,RB,0.5,0.13,0.47
2026,8,00-0037228,RB,13.37,3.46,12.21
2026,8,00-0037292,TE,0.47,0.29,0
2026,8,00-0037093,WR,0.47,0.29,0
2026,8,00-0037801,WR,3.71,1.62,0.95
2026,8,00-0038555,RB,3.62,0.52,4.15
2026,8,00-0023459,QB,17.28,0,1.26
2026,8,00-0038994,WR,11.26,6.01,0.27
2026,8,00-0038359,WR,1.06,0.54,0.09
2026,8,00-0038794,RB,0.85,0.22,0.78
2026,8,00-0038738,FB,1.77,0.72,0.89
2026,8,00-0039798,RB,5.23,1.52,3.97
2026,8,00-0039746,RB,1.46,0.65,0.83
2026,8,00-0039814,TE,3.01,1.67,0
2026,8,00-0039880,WR,6.66,3.58,1.12
2026,8,00-0039855,WR,7.32,3.7,0.11
2026,8,00-0039894,WR,10.32,6.17,0.97
2026,8,00-0039849,WR,10.98,6.61,0
2026,8,00-0039391,RB,1.26,0.26,1.68
2026,8,00-0040729,WR,4.47,2.53,0.05
2026,8,00-0040719,RB,10.96,2.43,11.47
2026,8,00-0040134,WR,5.06,3.11,0.09
2026,8,00-0040189,TE,4.8,2.4,0
2026,8,00-0040646,WR,1.66,1.12,0.04
2026,8,00-0040238,RB,2.65,1.25,1.02
2026,8,00-0040590,WR,2.39,1.81,0
2026,8,00-0041489,WR,5.28,3.06,0.09
2026,8,00-0041511,WR,4.73,2.79,0.17
2026,8,00-0041116,TE,0.65,0.36,0
2026,8,00-0041547,WR,8.69,4.75,0.76
2026,8,WAS569019,RB,2.91,0.97,2.34
2026,8,00-0041415,RB,0.22,0.07,0.17
2026,8,00-0041032,TE,3.89,2.25,0.06
2026,8,00-0041132,WR,0.38,0.24,0
2026,8,00-0041037,WR,6.17,3.66,0.14
2026,8,00-0041104,RB,2.61,1.06,1.45
2026,8,00-0041395,TE,2.2,1.2,0
2026,8,00-0041125,RB,1.71,0.44,1.63
2026,8,00-0041579,TE,0.85,0.49,0
2026,8,00-0030565,QB,16.07,0,3.11
2026,8,00-0032764,RB,15.61,1.33,16.93
2026,8,00-0033119,QB,17.76,0,2.14
2026,8,00-0033537,QB,15.16,0,3.14
2026,8,00-0033881,TE,3.96,2.53,0
2026,8,00-0033526,RB,3.34,1.04,2.59
2026,8,00-0033307,WR,4.93,2.66,0
2026,8,00-0034860,WR,0.18,0.1,0.02
2026,8,00-0034270,TE,0.27,0.16,0
2026,8,00-0034613,TE,0.65,0.36,0
2026,8,00-0035229,TE,8.42,4.79,0
2026,8,00-0034975,RB,4.74,1.76,2.54
2026,8,00-0036407,WR,5.95,4.07,0.07
2026,8,00-0036252,WR,10.53,6.01,0.05
2026,8,00-0036259,WR,8.07,4.29,0
2026,8,00-0036182,WR,1.08,0.65,0
2026,8,00-0036970,TE,11.55,6.39,0
2026,8,00-0036894,TE,7.19,3.74,0
2026,8,00-0038129,TE,7.41,4.41,0
2026,8,00-0037816,WR,10.37,5.53,0
2026,8,00-0037258,RB,0.23,0.07,0.2
2026,8,00-0037261,WR,10.99,5.82,0.11
2026,8,00-0037664,WR,12.57,6.28,0.05
2026,8,00-0037525,RB,9.28,1.17,9.91
2026,8,00-0037311,TE,0.05,0.03,0
2026,8,00-0038393,WR,6.33,3.61,0.05
2026,8,00-0038997,WR,12.22,6.89,0.18
2026,8,00-0038951,RB,3.72,0.29,4.24
2026,8,00-0038454,RB,6.81,1.52,6.01
2026,8,00-0038559,WR,11.62,6.28,0.05
2026,8,00-0039065,TE,12.05,5.96,0.06
2026,8,00-0038547,TE,1.55,0.94,0
2026,8,00-0039732,QB,20.33,0,4.36
2026,8,00-0039796,RB,0.24,0.11,0.11
2026,8,00-0039794,RB,3.49,0.68,3.88
2026,8,00-0039361,RB,12.05,2.56,13.08
2026,8,00-0039738,RB,8.65,1,10.73
2026,8,00-0039912,TE,1.18,0.66,0
2026,8,00-0039920,WR,0.8,0.28,0.39
2026,8,00-0039868,WR,2.72,1.66,0.11
2026,8,00-0040736,TE,5.43,3.56,0
2026,8,00-0040784,RB,12.43,2.25,16.07
2026,8,00-0040522,WR,0.43,0.27,0.02
2026,8,00-0040676,QB,17.68,0,2.64
2026,8,00-0040122,RB,14.61,4.34,15.77
2026,8,00-0040242,RB,8.76,1.73,8.44
2026,8,00-0040669,WR,3.8,2.21,0.05
2026,8,00-0040131,WR,0.46,0.28,0.06
2026,8,00-0040194,TE,2.13,1.15,0
2026,8,00-0040184,WR,0.92,0.65,0.05
2026,8,00-0040887,TE,0.83,0.47,0
2026,8,00-0041523,WR,5.4,3.21,0
2026,8,00-0041503,TE,1.49,0.87,0
2026,8,00-0041525,WR,5.35,3.16,0.04
2026,8,00-0041529,WR,4.1,2.45,0
2026,8,00-0041496,RB,3.48,0.95,3.32
2026,8,00-0041443,WR,2.56,1.52,0.05
2026,8,00-0041069,WR,2.02,1.25,0
2026,8,00-0031381,WR,12.33,6.86,0
2026,8,00-0031588,WR,11.13,6.02,0
2026,8,00-0032392,TE,2.84,1.5,0
2026,8,00-0034272,WR,1.12,0.75,0.04
2026,8,00-0035676,WR,16.48,7.68,0.04
2026,8,00-0035710,QB,18.48,0,3.04
2026,8,00-0035500,WR,3.1,1.66,0.2
2026,8,00-0035544,WR,0.13,0.08,0
2026,8,00-0036244,TE,5.44,2.88,0
2026,8,00-0036422,TE,2.12,1.12,0
2026,8,00-0036971,QB,20.25,0,4.38
2026,8,00-0036613,WR,14.76,7.66,0.22
2026,8,00-0036534,TE,0.2,0.12,0
2026,8,00-0037247,WR,15.5,7.82,0.06
2026,8,00-0037248,RB,17.13,2.89,16.41
2026,8,00-0037840,RB,14.58,2.57,14.82
2026,8,00-0037746,RB,4.76,0.98,5.3
2026,8,00-0037197,RB,3.81,0.73,4.85
2026,8,00-0037539,TE,0.44,0.27,0
2026,8,00-0037594,RB,0.29,0.12,0.21
2026,8,00-0037475,TE,0.41,0.24,0
2026,8,00-0038597,RB,16.74,4.82,14.64
2026,8,00-0039040,RB,16.99,3.69,13.99
2026,8,00-0039066,TE,4,2.63,0
2026,8,00-0038976,WR,4.41,2.23,0.44
2026,8,00-0039064,WR,15.11,7.58,0.2
2026,8,00-0038564,TE,0.13,0.08,0
2026,8,00-0038611,RB,7.9,0.67,9.6
2026,8,00-0039050,TE,0.54,0.32,0
2026,8,00-0038705,RB,2.49,0.97,1.24
2026,8,00-0038519,WR,0.16,0.09,0.03
2026,8,00-0039407,RB,0.43,0.12,0.49
2026,8,00-0039530,TE,1.26,0.76,0
2026,8,00-0039890,WR,6.24,4.44,0.06
2026,8,00-0039893,WR,10.91,6.03,0.21
2026,8,00-0039737,TE,1.08,0.64,0
2026,8,00-0039410,WR,7.42,3.99,0.19
2026,8,00-0040586,RB,2.21,0.46,2.54
2026,8,00-0040179,RB,1.51,0.52,1.32
2026,8,00-0040730,RB,10.27,3.09,8.06
2026,8,00-0040663,TE,10.46,5.89,0.22
2026,8,00-0040727,WR,5.89,3.51,0.13
2026,8,00-0040205,RB,0.24,0.08,0.18
2026,8,00-0040128,TE,12.86,7.11,0.26
2026,8,00-0040705,WR,3.29,1.96,0.4
2026,8,00-0040568,RB,0.5,0.14,0.41
2026,8,00-0040024,WR,0.49,0.28,0
2026,8,00-0040867,WR,7.04,4,0.1
2026,8,00-0041248,WR,0.06,0.04,0
2026,8,00-0040939,TE,1.46,0.86,0
2026,8,00-0041096,RB,1.36,0.16,1.89
2026,8,00-0041004,WR,0.22,0.14,0
2026,8,00-0041244,RB,0.38,0.1,0.34
2026,8,00-0030279,WR,8.86,5.23,0
2026,8,00-0033106,QB,20.24,0,1.62
2026,8,00-0033885,TE,3.95,2.32,0
2026,8,00-0034857,QB,22.61,0,6.21
2026,8,00-0035537,RB,3.94,1.36,2.57
2026,8,00-0035125,FB,0.64,0.13,0.8
2026,8,00-0035021,WR,1.52,0.96,0.06
2026,8,00-0036322,WR,16.78,9.21,0.13
2026,8,00-0036158,RB,8.01,1.25,8.68
2026,8,00-0036550,WR,7.18,4.19,0.06
2026,8,00-0036626,WR,0.41,0.23,0.06
2026,8,00-0036630,WR,0.53,0.31,0
2026,8,00-0036628,TE,2.15,1.23,0
2026,8,00-0036754,TE,2.63,1.53,0
2026,8,00-0037666,WR,3.28,1.91,0
2026,8,00-0038117,WR,10.09,6.37,0.2
2026,8,00-0037263,RB,5.59,1.09,6.13
2026,8,00-0037252,TE,6.46,3.59,0
2026,8,00-0037557,RB,0.17,0.02,0.22
2026,8,00-0037809,TE,9.14,5.39,0
2026,8,00-0039139,RB,22.07,4.73,17.04
2026,8,00-0038542,RB,21.69,5.44,18.47
2026,8,00-0038619,WR,4.04,2.22,0.19
2026,8,00-0038839,WR,0.97,0.65,0
2026,8,00-0038440,RB,0.05,0.01,0.05
2026,8,00-0039851,QB,21.39,0,4.57
2026,8,00-0039739,WR,1.94,1.24,0
2026,8,00-0039901,WR,4.17,2.31,0.04
2026,8,00-0039816,WR,0.13,0.07,0.03
2026,8,00-0039589,WR,0.51,0.29,0.05
2026,8,00-0040237,WR,2.67,1.45,0.09
2026,8,00-0040170,WR,2.99,2.01,0
2026,8,00-0040782,WR,1.93,1.1,0.18
2026,8,00-0040718,DB,3.64,2.21,0.14
2026,8,00-0040563,WR,0.12,0.06,0
2026,8,00-0040208,RB,2.39,0.69,2.38
2026,8,00-0040164,WR,1.65,0.92,0.2
2026,8,00-0041027,RB,15.98,5.08,12.71
2026,8,00-0040886,RB,2.36,0.63,2.24
2026,8,00-0040870,WR,3.08,1.87,0.05
2026,8,00-0041040,WR,4.24,2.49,0.1
2026,8,00-0041044,WR,3.88,2.23,0.13
2026,8,00-0041216,WR,0.21,0.13,0
2026,8,00-0041524,TE,4.04,2.23,0
2026,8,00-0041087,TE,2.31,1.39,0
2026,8,00-0030506,TE,11.75,6.32,0
2026,8,00-0032104,RB,0.32,0.12,0.18
2026,8,00-0033921,WR,10.96,6.19,0.05
2026,8,00-0033873,QB,20.26,0,2.26
2026,8,00-0033217,TE,1.25,0.75,0
2026,8,00-0033555,WR,2.94,1.56,0.05
2026,8,00-0033293,RB,8.42,1.97,8.2
2026,8,00-0034796,QB,21.77,0,7.86
2026,8,00-0034829,TE,6.43,3.68,0
2026,8,00-0034798,TE,0.81,0.46,0
2026,8,00-0034753,TE,10.35,4.95,0.36
2026,8,00-0034351,TE,9.75,4.64,0
2026,8,00-0035228,QB,19.43,0,5.79
2026,8,00-0035659,WR,13.8,7.41,0.05
2026,8,00-0035406,WR,2.06,1.22,0
2026,8,00-0035631,TE,2.12,1.19,0
2026,8,00-0035359,WR,0.46,0.29,0
2026,8,00-0036358,WR,17.53,9.22,0.17
2026,8,00-0036410,WR,15.63,7.4,0.06
2026,8,00-0036427,WR,0.21,0.12,0
2026,8,00-0036590,TE,0.48,0.29,0
2026,8,00-0036919,RB,9.42,3.12,6.66
2026,8,00-0036924,RB,0.24,0.11,0.16
2026,8,00-0036988,WR,1.91,1.14,0
2026,8,00-0036637,TE,4.6,2.76,0
2026,8,00-0038041,TE,9.93,5.47,0
2026,8,00-0037744,TE,15.97,8.58,0
2026,8,00-0037240,WR,13.89,6.91,0.55
2026,8,00-0037085,RB,1.04,0.59,0.28
2026,8,00-0038115,TE,5.01,2.63,0
2026,8,00-0037563,RB,2.03,0.44,1.95
2026,8,00-0038558,TE,4.56,2.59,0
2026,8,00-0038606,WR,11.54,6.11,0.51
2026,8,00-0039075,WR,20.6,9.76,0.45
2026,8,00-0039918,QB,20.95,0,4.3
2026,8,00-0040735,WR,13.31,6.54,0.59
2026,8,00-0040236,RB,8.01,1.74,8.29
2026,8,00-0040277,WR,2.03,1.24,0
2026,8,00-0033576,TE,0.48,0.28,0
2026,8,00-0039165,RB,3.44,0.63,3.38
2026,8,00-0038797,RB,2.53,0.34,3.02
2026,8,00-0040653,WR,0.08,0.05,0
2026,8,00-0040126,TE,13.96,7.16,0.05
2026,8,00-0032464,WR,3.35,1.82,0.17
2026,8,00-0034869,QB,20.29,0,2.92
2026,8,00-0037545,WR,9.21,4.72,0.62
2026,8,00-0039021,RB,0.24,0,0.35
2026,8,00-0040648,WR,3.35,1.95,0.05
2026,8,00-0040067,RB,0.28,0.05,0.31
2026,8,00-0036275,RB,12.09,2.76,12.51
2026,8,00-0039299,RB,3.02,0.83,2.45
2026,8,00-0041558,TE,1.92,1.18,0
2026,8,00-0033908,WR,8.02,4.26,0.06
2026,8,00-0038543,WR,21.33,9.93,0.42
2026,8,00-0041512,RB,9.5,1.31,11.63
2026,8,00-0041051,WR,2.06,1.24,0.11
2026,8,00-0036290,TE,4.49,2.47,0
2026,8,00-0039793,TE,9.46,4.67,0.57
2026,8,00-0039919,WR,11.32,6.7,0.05
2026,8,00-0040739,TE,3.96,2.36,0
2026,8,00-0035891,WR,0.35,0.19,0
2026,9,00-0039792,WR,1.93,1.07,0.06
2026,9,00-0034975,RB,4.72,1.76,2.54
2026,9,00-0038611,RB,7.69,0.67,9.6
2026,9,00-0039893,WR,10.71,6.03,0.21
2026,9,00-0040719,RB,10.65,2.43,11.47
2026,9,00-0040870,WR,3.11,1.87,0.05
2026,9,00-0040888,RB,0.29,0.08,0.23
2026,9,00-0041216,WR,0.21,0.13,0
2026,9,00-0040718,DB,3.57,2.21,0.14
2026,9,00-0040876,WR,3.3,1.92,0.05
2026,9,00-0032104,RB,0.31,0.12,0.18
2026,9,00-0040238,RB,2.59,1.25,1.02
2026,9,00-0040887,TE,0.84,0.47,0
2026,9,00-0041217,RB,0.56,0.27,0.23
2026,9,00-0041084,TE,1.24,0.73,0
2026,9,00-0034753,TE,10.42,4.95,0.36
2026,9,00-0036550,WR,7.24,4.19,0.06
2026,9,00-0040075,WR,0.22,0.11,0.05
2026,9,00-0041503,TE,1.46,0.87,0
2026,9,00-0041100,WR,0.43,0.19,0.19
2026,9,00-0032764,RB,15.28,1.33,16.93
2026,9,00-0034796,QB,21.74,0,7.86
2026,9,00-0034798,TE,0.82,0.46,0
2026,9,00-0036425,RB,0.18,0.02,0.26
2026,9,00-0036971,QB,19.55,0,4.38
2026,9,00-0036590,TE,0.47,0.29,0
2026,9,00-0039064,WR,15.22,7.58,0.2
2026,9,00-0039796,RB,0.24,0.11,0.11
2026,9,00-0032398,WR,0.26,0.16,0
2026,9,00-0034960,WR,10.19,5.84,0.28
2026,9,00-0038935,TE,8.18,4.42,0
2026,9,00-0038606,WR,11.33,6.11,0.51
2026,9,00-0038564,TE,0.13,0.08,0
2026,9,00-0038563,WR,9.66,5.61,0.44
2026,9,00-0039067,WR,15.69,8.51,0.41
2026,9,00-0039041,TE,3.12,1.75,0
2026,9,00-0038547,TE,1.56,0.94,0
2026,9,00-0038839,WR,0.97,0.65,0
2026,9,00-0038519,WR,0.16,0.09,0.03
2026,9,00-0038797,RB,2.52,0.34,3.02
2026,9,00-0038738,FB,1.76,0.72,0.89
2026,9,00-0039373,RB,1.06,0.29,0.97
2026,9,00-0039405,RB,0.63,0.1,0.83
2026,9,00-0039359,TE,1.79,1,0.12
2026,9,00-0039737,TE,1.05,0.64,0
2026,9,00-0039816,WR,0.13,0.07,0.03
2026,9,00-0039754,TE,0.5,0.27,0
2026,9,00-0040162,RB,6.57,2.15,6.17
2026,9,00-0040583,RB,7.29,1.96,7.7
2026,9,00-0040667,WR,9.93,5.5,0.82
2026,9,00-0040727,WR,5.88,3.51,0.13
2026,9,00-0040784,RB,12.74,2.25,16.07
2026,9,00-0040126,TE,14.23,7.16,0.05
2026,9,00-0041510,TE,1.14,0.67,0
2026,9,00-0041523,WR,5.44,3.21,0
2026,9,00-0041525,WR,5.38,3.16,0.04
2026,9,00-0041048,WR,3.15,1.91,0.08
2026,9,00-0041550,WR,1.3,0.85,0
2026,9,00-0040939,TE,1.47,0.86,0
2026,9,00-0041087,TE,2.31,1.39,0
2026,9,00-0041099,WR,2.04,1.31,0
2026,9,00-0031408,WR,13.39,7.07,0
2026,9,00-0031588,WR,11.22,6.02,0
2026,9,00-0033077,QB,21.71,0,2.36
2026,9,00-0033537,QB,15.14,0,3.14
2026,9,00-0034383,TE,9.58,5.46,0
2026,9,00-0035662,WR,2.56,1.49,0
2026,9,00-0036358,WR,17.57,9.22,0.17
2026,9,00-0036040,TE,9.81,5.4,0
2026,9,00-0036613,WR,14.93,7.66,0.22
2026,9,00-0036893,RB,1.66,0.5,1.61
2026,9,00-0036963,WR,20.14,9.83,0.26
2026,9,00-0036919,RB,9.5,3.12,6.66
2026,9,00-0036630,WR,0.53,0.31,0
2026,9,00-0036628,TE,2.17,1.23,0
2026,9,00-0038046,TE,3.99,2.29,0.11
2026,9,00-0037744,TE,15.52,8.58,0
2026,9,00-0037256,RB,9.92,3.28,7.5
2026,9,00-0037247,WR,15.53,7.82,0.06
2026,9,00-0037664,WR,12.79,6.28,0.05
2026,9,00-0037239,WR,15.69,8.94,0.05
2026,9,00-0037740,WR,12.9,7.88,0.17
2026,9,00-0037840,RB,14.51,2.57,14.82
2026,9,00-0038134,RB,15.03,3.58,14.5
2026,9,00-0037746,RB,4.89,0.98,5.3
2026,9,00-0037291,WR,8.38,4.76,0.22
2026,9,00-0037311,TE,0.05,0.03,0
2026,9,00-0037093,WR,0.47,0.29,0
2026,9,00-0038597,RB,17.01,4.82,14.64
2026,9,00-0038996,TE,12.37,5.55,0
2026,9,00-0038393,WR,6.22,3.61,0.05
2026,9,00-0038589,TE,0.37,0.21,0
2026,9,00-0039074,TE,0.82,0.47,0
2026,9,00-0039021,RB,0.24,0,0.35
2026,9,00-0038640,WR,0.37,0.25,0
2026,9,00-0038359,WR,1.08,0.54,0.09
2026,9,00-0038685,RB,1.83,0.75,1.07
2026,9,00-0039918,QB,21.39,0,4.3
2026,9,00-0039910,QB,20.98,0,7.1
2026,9,00-0039794,RB,3.45,0.68,3.88
2026,9,00-0039530,TE,1.26,0.76,0
2026,9,00-0039912,TE,1.19,0.66,0
2026,9,00-0039356,TE,1.45,0.87,0
2026,9,00-0039338,TE,16.29,8.33,0.22
2026,9,00-0039451,WR,1.62,0.98,0.17
2026,9,00-0039920,WR,0.81,0.28,0.39
2026,9,00-0039342,WR,2.86,1.96,0
2026,9,00-0039337,WR,12.6,7.88,0.15
2026,9,00-0039915,WR,13.01,7,0.11
2026,9,00-0039391,RB,1.31,0.26,1.68
2026,9,00-0039384,RB,5.29,1,6.68
2026,9,00-0039364,RB,0.19,0.06,0.15
2026,9,00-0040651,RB,0.11,0,0.18
2026,9,00-0040187,TE,1,0.56,0
2026,9,00-0040009,WR,2.77,1.4,0.35
2026,9,00-0040198,RB,2.64,0.76,2.36
2026,9,00-0040218,WR,1.78,0.95,0.33
2026,9,00-0040734,RB,11.75,2.5,10.38
2026,9,00-0040242,RB,8.69,1.73,8.44
2026,9,00-0040563,WR,0.12,0.06,0
2026,9,00-0040164,WR,1.66,0.92,0.2
2026,9,00-0041562,QB,15.86,0,2.68
2026,9,00-0041472,TE,2.81,1.6,0
2026,9,00-0041044,WR,3.88,2.23,0.13
2026,9,00-0041032,TE,3.84,2.25,0.06
2026,9,00-0041529,WR,4.12,2.45,0
2026,9,00-0041483,TE,2.65,1.52,0.1
2026,9,00-0041096,RB,1.34,0.16,1.89
2026,9,00-0041579,TE,0.85,0.49,0
2026,9,00-0041069,WR,2.01,1.25,0
2026,9,00-0030565,QB,15.89,0,3.11
2026,9,00-0041244,RB,0.38,0.1,0.34
2026,9,00-0033110,TE,1.77,0.99,0
2026,9,00-0033885,TE,3.94,2.32,0
2026,9,00-0033280,RB,22.46,5.77,18.4
2026,9,00-0033553,RB,3.02,0.89,2.51
2026,9,00-0033858,TE,1.77,1.01,0
2026,9,00-0033526,RB,3.39,1.04,2.59
2026,9,00-0034613,TE,0.65,0.36,0
2026,9,00-0035710,QB,18.95,0,3.04
2026,9,00-0035021,WR,1.55,0.96,0.06
2026,9,00-0036407,WR,5.96,4.07,0.07
2026,9,00-0036158,RB,8.31,1.25,8.68
2026,9,00-0036290,TE,4.59,2.47,0
2026,9,00-0036331,WR,0.21,0.12,0.04
2026,9,00-0036415,WR,0.1,0.07,0
2026,9,00-0036244,TE,5.56,2.88,0
2026,9,00-0036422,TE,2.15,1.12,0
2026,9,00-0036182,WR,1.11,0.65,0
2026,9,00-0036554,WR,17.29,8.68,0.22
2026,9,00-0036626,WR,0.41,0.23,0.06
2026,9,00-0036637,TE,4.69,2.76,0
2026,9,00-0036754,TE,2.69,1.53,0
2026,9,00-0037666,WR,3.3,1.91,0
2026,9,00-0037838,TE,9.58,5.21,0
2026,9,00-0037240,WR,14.15,6.91,0.55
2026,9,00-0037252,TE,6.5,3.59,0
2026,9,00-0037834,QB,22.22,0,4.12
2026,9,00-0038104,WR,5.38,2.89,0
2026,9,00-0037091,WR,1.97,1.29,0.12
2026,9,00-0037475,TE,0.41,0.24,0
2026,9,00-0038555,RB,3.73,0.52,4.15
2026,9,00-0039144,TE,2.96,1.73,0
2026,9,00-0039066,TE,4,2.63,0
2026,9,00-0038542,RB,22.16,5.44,18.47
2026,9,00-0039146,WR,13.14,6.12,0.96
2026,9,00-0038710,TE,0.43,0.28,0
2026,9,00-0039407,RB,0.43,0.12,0.49
2026,9,00-0039746,RB,1.47,0.65,0.83
2026,9,00-0039738,RB,8.56,1,10.73
2026,9,00-0039880,WR,6.73,3.58,1.12
2026,9,00-0039868,WR,2.76,1.66,0.11
2026,9,00-0039874,RB,2.79,0.85,2.58
2026,9,00-0039491,WR,11.67,5.99,0.08
2026,9,00-0039363,RB,0.28,0.12,0.11
2026,9,00-0039410,WR,7.44,3.99,0.19
2026,9,00-0040177,RB,1.86,0.36,1.97
2026,9,00-0040715,RB,13.35,3.37,11.63
2026,9,00-0040134,WR,5.12,3.11,0.09
2026,9,00-0040735,WR,13.56,6.54,0.59
2026,9,00-0040739,TE,3.95,2.36,0
2026,9,00-0040122,RB,14.66,4.34,15.77
2026,9,00-0040138,WR,5.18,2.68,0.08
2026,9,00-0040582,WR,0.31,0.19,0.07
2026,9,00-0040743,QB,19.61,0,4.56
2026,9,00-0040172,WR,0.23,0.14,0
2026,9,00-0040590,WR,2.46,1.81,0
2026,9,00-0040568,RB,0.5,0.14,0.41
2026,9,00-0040067,RB,0.28,0.05,0.31
2026,9,00-0041116,TE,0.65,0.36,0
2026,9,WAS569019,RB,2.92,0.97,2.34
2026,9,00-0041558,TE,1.97,1.18,0
2026,9,00-0041132,WR,0.38,0.24,0
2026,9,00-0041013,RB,3.36,1.04,2.8
2026,9,00-0041496,RB,3.61,0.95,3.32
2026,9,00-0041035,WR,7.24,3.99,0.18
2026,9,00-0041125,RB,1.73,0.44,1.63
2026,9,00-0041524,TE,4.06,2.23,0
2026,9,00-0030279,WR,9.04,5.23,0
2026,9,00-0031381,WR,12.62,6.86,0
2026,9,00-0031610,TE,7.72,4.11,0
2026,9,00-0031484,TE,0.34,0.21,0
2026,9,00-0033119,QB,17.02,0,2.14
2026,9,00-0032464,WR,3.42,1.82,0.17
2026,9,00-0033881,TE,4.02,2.53,0
2026,9,00-0033288,TE,12.05,5.35,0
2026,9,00-0033589,WR,0.04,0.03,0
2026,9,00-0034869,QB,20.19,0,2.92
2026,9,00-0034270,TE,0.28,0.16,0
2026,9,00-0035644,TE,3.34,1.79,0
2026,9,00-0035359,WR,0.46,0.29,0
2026,9,00-0035208,WR,4.06,2.43,0.2
2026,9,00-0036410,WR,15.59,7.4,0.06
2026,9,00-0036264,QB,19.77,0,3.09
2026,9,00-0036825,TE,0.08,0.03,0.05
2026,9,00-0036997,RB,14.07,3.08,16.11
2026,9,00-0037005,TE,2.14,1.27,0
2026,9,00-0037741,WR,5.14,3.17,0.03
2026,9,00-0038120,RB,14.1,2.76,15.75
2026,9,00-0037197,RB,3.93,0.73,4.85
2026,9,00-0037120,RB,0.51,0.13,0.47
2026,9,00-0037801,WR,3.71,1.62,0.95
2026,9,00-0039150,QB,17.28,0,4.73
2026,9,00-0038621,WR,5.37,2.74,0.36
2026,9,00-0038576,WR,0.18,0.1,0
2026,9,00-0038794,RB,0.88,0.22,0.78
2026,9,00-0039732,QB,20.68,0,4.36
2026,9,00-0039798,RB,5.17,1.52,3.97
2026,9,00-0039847,TE,3.64,2.18,0
2026,9,00-0039793,TE,9.43,4.67,0.57
2026,9,00-0039855,WR,7.35,3.7,0.11
2026,9,00-0039890,WR,6.16,4.44,0.06
2026,9,00-0039849,WR,10.63,6.61,0
2026,9,00-0039299,RB,3.01,0.83,2.45
2026,9,00-0040179,RB,1.53,0.52,1.32
2026,9,00-0040466,RB,0.25,0.03,0.43
2026,9,00-0040653,WR,0.08,0.05,0
2026,9,00-0040730,RB,10.59,3.09,8.06
2026,9,00-0040189,TE,4.8,2.4,0
2026,9,00-0040736,TE,5.35,3.56,0
2026,9,00-0040663,TE,10.48,5.89,0.22
2026,9,00-0040691,QB,21.11,0,5.55
2026,9,00-0040124,WR,13.99,8.2,0.08
2026,9,00-0040208,RB,2.43,0.69,2.38
2026,9,00-0040131,WR,0.45,0.28,0.06
2026,9,00-0040184,WR,0.92,0.65,0.05
2026,9,00-0040021,RB,0.96,0.16,0.76
2026,9,00-0040024,WR,0.48,0.28,0
2026,9,00-0041512,RB,9.44,1.31,11.63
2026,9,00-0041070,WR,0.39,0.24,0
2026,9,00-0041547,WR,8.71,4.75,0.76
2026,9,00-0041040,WR,4.28,2.49,0.1
2026,9,00-0041415,RB,0.22,0.07,0.17
2026,9,00-0041129,RB,0.59,0.12,0.63
2026,9,00-0041004,WR,0.22,0.14,0
2026,9,00-0041051,WR,2.11,1.24,0.11
2026,9,00-0040890,WR,1.8,1.14,0
2026,9,00-0041395,TE,2.17,1.2,0
2026,9,00-0030506,TE,11.95,6.32,0
2026,9,00-0032392,TE,2.83,1.5,0
2026,9,00-0032775,WR,2.97,1.6,0
2026,9,00-0033908,WR,8,4.26,0.06
2026,9,00-0033555,WR,2.9,1.56,0.05
2026,9,00-0033955,RB,0.7,0.2,0.6
2026,9,00-0033307,WR,4.79,2.66,0
2026,9,00-0034844,RB,15.31,3.18,16.11
2026,9,00-0035676,WR,16.29,7.68,0.04
2026,9,00-0035685,RB,14.34,2.36,15.68
2026,9,00-0035406,WR,2.08,1.22,0
2026,9,00-0035631,TE,2.11,1.19,0
2026,9,00-0035535,WR,3.8,2.36,0
2026,9,00-0036275,RB,12.12,2.76,12.51
2026,9,00-0035891,WR,0.35,0.19,0
2026,9,00-0036429,TE,0.84,0.48,0
2026,9,00-0036912,WR,14.95,7.5,0.05
2026,9,00-0036555,RB,9.96,1.92,12.29
2026,9,00-0036875,RB,10.95,1.99,11.39
2026,9,00-0036842,RB,0.11,0.01,0.19
2026,9,00-0038041,TE,9.96,5.47,0
2026,9,00-0037816,WR,10.24,5.53,0
2026,9,00-0037263,RB,5.4,1.09,6.13
2026,9,00-0037742,WR,2.04,1.35,0.13
2026,9,00-0037805,TE,0.85,0.52,0
2026,9,00-0037614,WR,2.88,1.89,0.09
2026,9,00-0037304,RB,0.88,0.39,0.4
2026,9,00-0037085,RB,1.06,0.59,0.28
2026,9,00-0037809,TE,9.22,5.39,0
2026,9,00-0037292,TE,0.48,0.29,0
2026,9,00-0037112,TE,2.28,1.27,0
2026,9,00-0039139,RB,22.57,4.73,17.04
2026,9,00-0038977,WR,1.19,0.67,0.06
2026,9,00-0038619,WR,4.03,2.22,0.19
2026,9,00-0039050,TE,0.54,0.32,0
2026,9,00-0038559,WR,11.29,6.28,0.05
2026,9,00-0038705,RB,2.52,0.97,1.24
2026,9,00-0038783,TE,0.34,0.19,0
2026,9,00-0039851,QB,21.06,0,4.57
2026,9,00-0039344,RB,8.52,2.49,7.95
2026,9,00-0039814,TE,3,1.67,0
2026,9,00-0039919,WR,11.57,6.7,0.05
2026,9,00-0039355,WR,0.59,0.32,0
2026,9,00-0040729,WR,4.46,2.53,0.05
2026,9,00-0040237,WR,2.68,1.45,0.09
2026,9,00-0040648,WR,3.34,1.95,0.05
2026,9,00-0040129,WR,11.68,6.96,0.24
2026,9,00-0040581,WR,0.07,0.06,0
2026,9,00-0040259,WR,0.1,0.06,0
2026,9,00-0041511,WR,4.67,2.79,0.17
2026,9,00-0041042,WR,6.73,4.09,0.05
2026,9,00-0041248,WR,0.06,0.04,0
2026,9,00-0040894,WR,0.01,0.01,0
2026,9,00-0041052,RB,2.08,0.4,2.4
2026,9,00-0033090,TE,9.1,4.55,0
2026,9,00-0033906,RB,5.74,1.96,4.76
2026,9,00-0033921,WR,11,6.19,0.05
2026,9,00-0033375,WR,0.67,0.36,0
2026,9,00-0033376,FB,0.14,0.09,0
2026,9,00-0034855,QB,19.81,0,3.25
2026,9,00-0034829,TE,6.41,3.68,0
2026,9,00-0034348,WR,10.72,5.95,0
2026,9,00-0035659,WR,13.91,7.41,0.05
2026,9,00-0034981,TE,0.79,0.41,0
2026,9,00-0035544,WR,0.14,0.08,0
2026,9,00-0036212,QB,19.44,0,2.29
2026,9,00-0036442,QB,22.46,0,2.49
2026,9,00-0036223,RB,19.69,4,17.36
2026,9,00-0036309,WR,5.15,3.44,0.05
2026,9,00-0036973,RB,12.57,2.82,13.39
2026,9,00-0036970,TE,11.54,6.39,0
2026,9,00-0036556,TE,0.16,0.09,0
2026,9,00-0036887,TE,0.66,0.36,0
2026,9,00-0037238,WR,16.8,8.94,0.06
2026,9,00-0038124,WR,13.69,6.78,0.14
2026,9,00-0038090,WR,0.23,0.12,0.07
2026,9,00-0037086,TE,1.83,0.99,0
2026,9,00-0037231,WR,1.3,0.93,0.04
2026,9,00-0039040,RB,17.53,3.69,13.99
2026,9,00-0038543,WR,21.27,9.93,0.42
2026,9,00-0038976,WR,4.47,2.23,0.44
2026,9,00-0038997,WR,12.46,6.89,0.18
2026,9,00-0038951,RB,3.76,0.29,4.24
2026,9,00-0038544,WR,10.98,5.85,0.19
2026,9,00-0038551,RB,1.59,0.52,1.2
2026,9,00-0039163,QB,18.82,0,2.67
2026,9,00-0038618,WR,3.77,2.34,0.07
2026,9,00-0038573,WR,0.21,0.07,0.14
2026,9,00-0039065,TE,12.27,5.96,0.06
2026,9,00-0039811,RB,4.26,1.18,4.08
2026,9,00-0039361,RB,12.19,2.56,13.08
2026,9,00-0039365,WR,0.02,0.01,0
2026,9,00-0039751,WR,0.64,0.35,0.07
2026,9,00-0039894,WR,10.51,6.17,0.97
2026,9,00-0039424,WR,8.59,4.98,0.05
2026,9,00-0039589,WR,0.51,0.29,0.05
2026,9,00-0040078,RB,0.77,0.36,0.51
2026,9,00-0040586,RB,2.18,0.46,2.54
2026,9,00-0040737,TE,3.81,2.59,0
2026,9,00-0040782,WR,1.94,1.1,0.18
2026,9,00-0040646,WR,1.69,1.12,0.04
2026,9,00-0040666,RB,15.13,3.97,13.96
2026,9,00-0040128,TE,13.1,7.11,0.26
2026,9,00-0040644,RB,1.35,0.36,1.4
2026,9,00-0040236,RB,8.03,1.74,8.29
2026,9,00-0040669,WR,3.88,2.21,0.05
2026,9,00-0040311,WR,0.1,0.05,0
2026,9,00-0040277,WR,2.08,1.24,0
2026,9,00-0041029,WR,10.72,6.39,0.1
2026,9,00-0041027,RB,15.44,5.08,12.71
2026,9,00-0040867,WR,6.93,4,0.1
2026,9,00-0041041,TE,2.33,1.44,0
2026,9,00-0041037,WR,6.18,3.66,0.14
2026,9,00-0041077,TE,3.41,1.91,0
2026,9,00-0041067,WR,1.75,1.19,0
2026,9,00-0029892,FB,1.77,0.96,0.11
2026,9,00-0031235,WR,1.08,0.66,0
2026,9,00-0033106,QB,20.83,0,1.62
2026,9,00-0033873,QB,20.64,0,2.26
2026,9,00-0033217,TE,1.28,0.75,0
2026,9,00-0033576,TE,0.48,0.28,0
2026,9,00-0026498,QB,19.96,0,1.33
2026,9,00-0034775,WR,1.39,0.83,0.02
2026,9,00-0034365,TE,0.29,0.18,0
2026,9,00-0034351,TE,9.61,4.64,0
2026,9,00-0034272,WR,1.12,0.75,0.04
2026,9,00-0035700,RB,13.85,2.65,14.81
2026,9,00-0035719,WR,10.64,5.24,0.93
2026,9,00-0035500,WR,3.17,1.66,0.2
2026,9,00-0035125,FB,0.67,0.13,0.8
2026,9,00-0035250,RB,0.83,0.17,0.96
2026,9,00-0036355,QB,19.86,0,4.46
2026,9,00-0036389,QB,21.68,0,6.91
2026,9,00-0036165,WR,0.45,0.27,0
2026,9,00-0036427,WR,0.21,0.12,0
2026,9,00-0036900,WR,19.68,9.43,0.25
2026,9,00-0038129,TE,7.43,4.41,0
2026,9,00-0037258,RB,0.23,0.07,0.2
2026,9,00-0038128,QB,18.86,0,7.69
2026,9,00-0037557,RB,0.16,0.02,0.22
2026,9,00-0037276,RB,0.98,0.49,0.37
2026,9,00-0037539,TE,0.44,0.27,0
2026,9,00-0037132,WR,0.05,0.03,0
2026,9,00-0037545,WR,9.18,4.72,0.62
2026,9,00-0037563,RB,2.01,0.44,1.95
2026,9,00-0039075,WR,20.99,9.76,0.45
2026,9,00-0038608,WR,8.51,4.35,0
2026,9,00-0038454,RB,6.97,1.52,6.01
2026,9,00-0039165,RB,3.42,0.63,3.38
2026,9,00-0041443,WR,2.57,1.52,0.05
2026,9,00-0034857,QB,22.86,0,6.21
2026,9,00-0036259,WR,7.99,4.29,0
2026,9,00-0037525,RB,9.37,1.17,9.91
2026,9,00-0039875,RB,3.9,0.81,4.47
2026,9,00-0041104,RB,2.6,1.06,1.45
2026,9,00-0034827,WR,11.45,6.14,0.44
2026,9,00-0035537,RB,3.97,1.36,2.57
2026,9,00-0038440,RB,0.05,0.01,0.05
2026,9,00-0040194,TE,2.14,1.15,0
2026,9,00-0033293,RB,8.47,1.97,8.2
2026,9,00-0034487,WR,0.25,0.16,0
2026,9,00-0035689,TE,4.78,2.52,0
2026,9,00-0035249,TE,2.44,1.36,0
2026,9,00-0036988,WR,1.92,1.14,0
2026,9,00-0038994,WR,11.14,6.01,0.27
2026,9,00-0039901,WR,4.18,2.31,0.04
2026,9,00-0040154,WR,1.8,1.01,0.04
2026,9,00-0040509,TE,0.23,0.13,0
2026,9,00-0035229,TE,8.33,4.79,0
2026,9,00-0036322,WR,16.61,9.21,0.13
2026,9,00-0037248,RB,17.29,2.89,16.41
2026,9,00-0038933,TE,9.11,4.57,0
2026,9,00-0036534,TE,0.2,0.12,0
2026,9,00-0037261,WR,11.03,5.82,0.11
2026,9,00-0034860,WR,0.18,0.1,0.02
2026,9,00-0035228,QB,19.4,0,5.79
2026,10,00-0039355,WR,0.59,0.32,0
2026,10,00-0039384,RB,5.38,1,6.68
2026,10,00-0035250,RB,0.85,0.17,0.96
2026,10,00-0036628,TE,2.17,1.23,0
2026,10,00-0039910,QB,21.16,0,7.1
2026,10,00-0039847,TE,3.74,2.18,0
2026,10,00-0040691,QB,21.74,0,5.55
2026,10,00-0033955,RB,0.73,0.2,0.6
2026,10,00-0035535,WR,3.91,2.36,0
2026,10,00-0037742,WR,2.05,1.35,0.13
2026,10,00-0040715,RB,13.58,3.37,11.63
2026,10,00-0040164,WR,1.67,0.92,0.2
2026,10,00-0041096,RB,1.43,0.16,1.89
2026,10,00-0031235,WR,1.11,0.66,0
2026,10,00-0031484,TE,0.35,0.21,0
2026,10,00-0036893,RB,1.69,0.5,1.61
2026,10,00-0036626,WR,0.41,0.23,0.06
2026,10,00-0037256,RB,10.3,3.28,7.5
2026,10,00-0039912,TE,1.19,0.66,0
2026,10,00-0040242,RB,9.1,1.73,8.44
2026,10,00-0031588,WR,11.23,6.02,0
2026,10,00-0033376,FB,0.14,0.09,0
2026,10,00-0039337,WR,12.96,7.88,0.15
2026,10,00-0041042,WR,6.91,4.09,0.05
2026,10,00-0035659,WR,13.92,7.41,0.05
2026,10,00-0036165,WR,0.47,0.27,0
2026,10,00-0036309,WR,5.31,3.44,0.05
2026,10,00-0037838,TE,9.81,5.21,0
2026,10,00-0037809,TE,9.23,5.39,0
2026,10,00-0041040,WR,4.29,2.49,0.1
2026,10,00-0036415,WR,0.1,0.07,0
2026,10,00-0039074,TE,0.81,0.47,0
2026,10,00-0039067,WR,15.81,8.51,0.41
2026,10,00-0039041,TE,3.15,1.75,0
2026,10,00-0038547,TE,1.54,0.94,0
2026,10,00-0038710,TE,0.43,0.28,0
2026,10,00-0038440,RB,0.05,0.01,0.05
2026,10,00-0039373,RB,1.08,0.29,0.97
2026,10,00-0039880,WR,6.76,3.58,1.12
2026,10,00-0040653,WR,0.08,0.05,0
2026,10,00-0040729,WR,4.42,2.53,0.05
2026,10,00-0040198,RB,2.61,0.76,2.36
2026,10,00-0040782,WR,1.94,1.1,0.18
2026,10,00-0040522,WR,0.42,0.27,0.02
2026,10,00-0040124,WR,14.19,8.2,0.08
2026,10,00-0040644,RB,1.37,0.36,1.4
2026,10,00-0040194,TE,2.15,1.15,0
2026,10,00-0041510,TE,1.13,0.67,0
2026,10,00-0040886,RB,2.34,0.63,2.24
2026,10,00-0041503,TE,1.49,0.87,0
2026,10,00-0041004,WR,0.21,0.14,0
2026,10,00-0029892,FB,1.79,0.96,0.11
2026,10,00-0031381,WR,12.5,6.86,0
2026,10,00-0033110,TE,1.75,0.99,0
2026,10,00-0033077,QB,21.41,0,2.36
2026,10,00-0033537,QB,15.24,0,3.14
2026,10,00-0033526,RB,3.3,1.04,2.59
2026,10,00-0033555,WR,2.9,1.56,0.05
2026,10,00-0033307,WR,4.84,2.66,0
2026,10,00-0034860,WR,0.19,0.1,0.02
2026,10,00-0034487,WR,0.25,0.16,0
2026,10,00-0035228,QB,19.42,0,5.79
2026,10,00-0035685,RB,14.46,2.36,15.68
2026,10,00-0035500,WR,3.1,1.66,0.2
2026,10,00-0035208,WR,3.99,2.43,0.2
2026,10,00-0036407,WR,5.98,4.07,0.07
2026,10,00-0036264,QB,19.73,0,3.09
2026,10,00-0036252,WR,10.67,6.01,0.05
2026,10,00-0036425,RB,0.18,0.02,0.26
2026,10,00-0036427,WR,0.21,0.12,0
2026,10,00-0036429,TE,0.82,0.48,0
2026,10,00-0036971,QB,20.11,0,4.38
2026,10,00-0036825,TE,0.08,0.03,0.05
2026,10,00-0036963,WR,19.81,9.83,0.26
2026,10,00-0036924,RB,0.24,0.11,0.16
2026,10,00-0036875,RB,11.16,1.99,11.39
2026,10,00-0037666,WR,3.32,1.91,0
2026,10,00-0038117,WR,9.98,6.37,0.2
2026,10,00-0037261,WR,11.08,5.82,0.11
2026,10,00-0037248,RB,17.36,2.89,16.41
2026,10,00-0037740,WR,12.86,7.88,0.17
2026,10,00-0037840,RB,14.6,2.57,14.82
2026,10,00-0038134,RB,15.29,3.58,14.5
2026,10,00-0037746,RB,4.82,0.98,5.3
2026,10,00-0037291,WR,8.29,4.76,0.22
2026,10,00-0038115,TE,4.96,2.63,0
2026,10,00-0038558,TE,4.62,2.59,0
2026,10,00-0039075,WR,20.83,9.76,0.45
2026,10,00-0038997,WR,12.41,6.89,0.18
2026,10,00-0038621,WR,5.38,2.74,0.36
2026,10,00-0038608,WR,8.53,4.35,0
2026,10,00-0039032,RB,7.46,2.75,5.08
2026,10,00-0038994,WR,11.24,6.01,0.27
2026,10,00-0038551,RB,1.62,0.52,1.2
2026,10,00-0038589,TE,0.37,0.21,0
2026,10,00-0038576,WR,0.17,0.1,0
2026,10,00-0039344,RB,8.64,2.49,7.95
2026,10,00-0039530,TE,1.25,0.76,0
2026,10,00-0039359,TE,1.8,1,0.12
2026,10,00-0039451,WR,1.62,0.98,0.17
2026,10,00-0039751,WR,0.64,0.35,0.07
2026,10,00-0039737,TE,1.06,0.64,0
2026,10,00-0040737,TE,3.76,2.59,0
2026,10,00-0040736,TE,5.33,3.56,0
2026,10,00-0040734,RB,11.95,2.5,10.38
2026,10,00-0040669,WR,3.81,2.21,0.05
2026,10,00-0040705,WR,3.26,1.96,0.4
2026,10,00-0040172,WR,0.24,0.14,0
2026,10,00-0041562,QB,15.67,0,2.68
2026,10,00-0041511,WR,4.66,2.79,0.17
2026,10,00-0041523,WR,5.48,3.21,0
2026,10,00-0041041,TE,2.36,1.44,0
2026,10,00-0041529,WR,4.16,2.45,0
2026,10,00-0041217,RB,0.57,0.27,0.23
2026,10,00-0041035,WR,7.33,3.99,0.18
2026,10,00-0041395,TE,2.17,1.2,0
2026,10,00-0041524,TE,4.09,2.23,0
2026,10,00-0041087,TE,2.32,1.39,0
2026,10,00-0030565,QB,15.94,0,3.11
2026,10,00-0041244,RB,0.37,0.1,0.34
2026,10,00-0031610,TE,7.82,4.11,0
2026,10,00-0033106,QB,20.3,0,1.62
2026,10,00-0033280,RB,22.66,5.77,18.4
2026,10,00-0033553,RB,3.02,0.89,2.51
2026,10,00-0026498,QB,19.74,0,1.33
2026,10,00-0034837,WR,6.66,4,0.04
2026,10,00-0034365,TE,0.29,0.18,0
2026,10,00-0034613,TE,0.64,0.36,0
2026,10,00-0035640,WR,11.82,6.3,0.15
2026,10,00-0035710,QB,18.84,0,3.04
2026,10,00-0035249,TE,2.46,1.36,0
2026,10,00-0035021,WR,1.54,0.96,0.06
2026,10,00-0036322,WR,16.77,9.21,0.13
2026,10,00-0036223,RB,19.58,4,17.36
2026,10,00-0036331,WR,0.21,0.12,0.04
2026,10,00-0036182,WR,1.1,0.65,0
2026,10,00-0036970,TE,11.37,6.39,0
2026,10,00-0036842,RB,0.11,0.01,0.19
2026,10,00-0036887,TE,0.66,0.36,0
2026,10,00-0037805,TE,0.84,0.52,0
2026,10,00-0037252,TE,6.55,3.59,0
2026,10,00-0037834,QB,22.62,0,4.12
2026,10,00-0037120,RB,0.5,0.13,0.47
2026,10,00-0037093,WR,0.46,0.29,0
2026,10,00-0039139,RB,22,4.73,17.04
2026,10,00-0038597,RB,16.56,4.82,14.64
2026,10,00-0039144,TE,2.95,1.73,0
2026,10,00-0038618,WR,3.79,2.34,0.07
2026,10,00-0039065,TE,12.07,5.96,0.06
2026,10,00-0038640,WR,0.38,0.25,0
2026,10,00-0038705,RB,2.55,0.97,1.24
2026,10,00-0038685,RB,1.84,0.75,1.07
2026,10,00-0039851,QB,21.05,0,4.57
2026,10,00-0039875,RB,3.92,0.81,4.47
2026,10,00-0039793,TE,9.41,4.67,0.57
2026,10,00-0039920,WR,0.82,0.28,0.39
2026,10,00-0039874,RB,2.75,0.85,2.58
2026,10,00-0039491,WR,11.81,5.99,0.08
2026,10,00-0039363,RB,0.28,0.12,0.11
2026,10,00-0040583,RB,7.36,1.96,7.7
2026,10,00-0040719,RB,10.8,2.43,11.47
2026,10,00-0040205,RB,0.24,0.08,0.18
2026,10,00-0040128,TE,13.05,7.11,0.26
2026,10,00-0040676,QB,17.37,0,2.64
2026,10,00-0040218,WR,1.8,0.95,0.33
2026,10,00-0040138,WR,5.2,2.68,0.08
2026,10,00-0040509,TE,0.23,0.13,0
2026,10,00-0041438,WR,11.03,7.07,0.09
2026,10,00-0041116,TE,0.64,0.36,0
2026,10,00-0041525,WR,5.43,3.16,0.04
2026,10,00-0041415,RB,0.22,0.07,0.17
2026,10,00-0041132,WR,0.38,0.24,0
2026,10,00-0040939,TE,1.45,0.86,0
2026,10,00-0041443,WR,2.59,1.52,0.05
2026,10,00-0041067,WR,1.77,1.19,0
2026,10,00-0041579,TE,0.86,0.49,0
2026,10,00-0032392,TE,2.79,1.5,0
2026,10,00-0033119,QB,17.31,0,2.14
2026,10,00-0033908,WR,7.98,4.26,0.06
2026,10,00-0033858,TE,1.77,1.01,0
2026,10,00-0033589,WR,0.04,0.03,0
2026,10,00-0034383,TE,9.61,5.46,0
2026,10,00-0034270,TE,0.27,0.16,0
2026,10,00-0034960,WR,10.39,5.84,0.28
2026,10,00-0034981,TE,0.79,0.41,0
2026,10,00-0035631,TE,2.09,1.19,0
2026,10,00-0036442,QB,22.16,0,2.49
2026,10,00-0036410,WR,15.43,7.4,0.06
2026,10,00-0035891,WR,0.35,0.19,0
2026,10,00-0036259,WR,8.07,4.29,0
2026,10,00-0036556,TE,0.16,0.09,0
2026,10,00-0036630,WR,0.53,0.31,0
2026,10,00-0037005,TE,2.17,1.27,0
2026,10,00-0036637,TE,4.73,2.76,0
2026,10,00-0038041,TE,9.86,5.47,0
2026,10,00-0037247,WR,15.39,7.82,0.06
2026,10,00-0038128,QB,18.95,0,7.69
2026,10,00-0037091,WR,1.97,1.29,0.12
2026,10,00-0037292,TE,0.47,0.29,0
2026,10,00-0037545,WR,9.17,4.72,0.62
2026,10,00-0037112,TE,2.31,1.27,0
2026,10,00-0037563,RB,1.99,0.44,1.95
2026,10,00-0038563,WR,9.56,5.61,0.44
2026,10,00-0038619,WR,3.98,2.22,0.19
2026,10,00-0038559,WR,11.4,6.28,0.05
2026,10,00-0038933,TE,9.15,4.57,0
2026,10,00-0038359,WR,1.07,0.54,0.09
2026,10,00-0039407,RB,0.43,0.12,0.49
2026,10,00-0039811,RB,4.28,1.18,4.08
2026,10,00-0039405,RB,0.64,0.1,0.83
2026,10,00-0039814,TE,2.96,1.67,0
2026,10,00-0039342,WR,2.9,1.96,0
2026,10,00-0039364,RB,0.18,0.06,0.15
2026,10,00-0039816,WR,0.13,0.07,0.03
2026,10,00-0039424,WR,8.68,4.98,0.05
2026,10,00-0039299,RB,3,0.83,2.45
2026,10,00-0040078,RB,0.78,0.36,0.51
2026,10,00-0040177,RB,1.87,0.36,1.97
2026,10,00-0040179,RB,1.52,0.52,1.32
2026,10,00-0040466,RB,0.25,0.03,0.43
2026,10,00-0040154,WR,1.81,1.01,0.04
2026,10,00-0040170,WR,2.95,2.01,0
2026,10,00-0040667,WR,9.91,5.5,0.82
2026,10,00-0040663,TE,10.5,5.89,0.22
2026,10,00-0040582,WR,0.31,0.19,0.07
2026,10,00-0040581,WR,0.07,0.06,0
2026,10,00-0040238,RB,2.64,1.25,1.02
2026,10,00-0040590,WR,2.43,1.81,0
2026,10,00-0040259,WR,0.1,0.06,0
2026,10,00-0041512,RB,9.41,1.31,11.63
2026,10,WAS569019,RB,2.89,0.97,2.34
2026,10,00-0041044,WR,3.82,2.23,0.13
2026,10,00-0041032,TE,3.83,2.25,0.06
2026,10,00-0041037,WR,6.2,3.66,0.14
2026,10,00-0041104,RB,2.58,1.06,1.45
2026,10,00-0041084,TE,1.27,0.73,0
2026,10,00-0040890,WR,1.82,1.14,0
2026,10,00-0041125,RB,1.72,0.44,1.63
2026,10,00-0030506,TE,12.03,6.32,0
2026,10,00-0031408,WR,13.56,7.07,0
2026,10,00-0032775,WR,3.01,1.6,0
2026,10,00-0033906,RB,5.83,1.96,4.76
2026,10,00-0033873,QB,20.95,0,2.26
2026,10,00-0033757,TE,0.07,0.04,0
2026,10,00-0034869,QB,20.06,0,2.92
2026,10,00-0034857,QB,23,0,6.21
2026,10,00-0035689,TE,4.8,2.52,0
2026,10,00-0035261,RB,10.14,2.21,10.44
2026,10,00-0035537,RB,3.99,1.36,2.57
2026,10,00-0035544,WR,0.13,0.08,0
2026,10,00-0036212,QB,19.02,0,2.29
2026,10,00-0036358,WR,17.4,9.22,0.17
2026,10,00-0036040,TE,9.91,5.4,0
2026,10,00-0036590,TE,0.48,0.29,0
2026,10,00-0036900,WR,19.46,9.43,0.25
2026,10,00-0036876,TE,0.18,0.12,0
2026,10,00-0036988,WR,1.93,1.14,0
2026,10,00-0037744,TE,15.67,8.58,0
2026,10,00-0037263,RB,5.38,1.09,6.13
2026,10,00-0038120,RB,14.53,2.76,15.75
2026,10,00-0037304,RB,0.87,0.39,0.4
2026,10,00-0037231,WR,1.32,0.93,0.04
2026,10,00-0037197,RB,3.79,0.73,4.85
2026,10,00-0037228,RB,13.33,3.46,12.21
2026,10,00-0037276,RB,0.99,0.49,0.37
2026,10,00-0037801,WR,3.67,1.62,0.95
2026,10,00-0038996,TE,12.35,5.55,0
2026,10,00-0039165,RB,3.41,0.63,3.38
2026,10,00-0038839,WR,0.95,0.65,0
2026,10,00-0038519,WR,0.16,0.09,0.03
2026,10,00-0038797,RB,2.51,0.34,3.02
2026,10,00-0039794,RB,3.55,0.68,3.88
2026,10,00-0039738,RB,8.64,1,10.73
2026,10,00-0039894,WR,10.61,6.17,0.97
2026,10,00-0039890,WR,6.13,4.44,0.06
2026,10,00-0039893,WR,10.92,6.03,0.21
2026,10,00-0039901,WR,4.2,2.31,0.04
2026,10,00-0040584,TE,7.96,4.3,0
2026,10,00-0040784,RB,12.88,2.25,16.07
2026,10,00-0040739,TE,3.94,2.36,0
2026,10,00-0040718,DB,3.64,2.21,0.14
2026,10,00-0040208,RB,2.36,0.69,2.38
2026,10,00-0040131,WR,0.46,0.28,0.06
2026,10,00-0040021,RB,0.95,0.16,0.76
2026,10,00-0040311,WR,0.1,0.05,0
2026,10,00-0040568,RB,0.51,0.14,0.41
2026,10,00-0040067,RB,0.28,0.05,0.31
2026,10,00-0041489,WR,5.35,3.06,0.09
2026,10,00-0041029,WR,10.83,6.39,0.1
2026,10,00-0041027,RB,15.44,5.08,12.71
2026,10,00-0041070,WR,0.4,0.24,0
2026,10,00-0041472,TE,2.82,1.6,0
2026,10,00-0041013,RB,3.42,1.04,2.8
2026,10,00-0041216,WR,0.21,0.13,0
2026,10,00-0041100,WR,0.44,0.19,0.19
2026,10,00-0041129,RB,0.6,0.12,0.63
2026,10,00-0041052,RB,2.1,0.4,2.4
2026,10,00-0041398,TE,0.49,0.3,0
2026,10,00-0041069,WR,1.99,1.25,0
2026,10,00-0030279,WR,9,5.23,0
2026,10,00-0032104,RB,0.32,0.12,0.18
2026,10,00-0033090,TE,9.11,4.55,0
2026,10,00-0033293,RB,8.27,1.97,8.2
2026,10,00-0034775,WR,1.41,0.83,0.02
2026,10,00-0034272,WR,1.11,0.75,0.04
2026,10,00-0035644,TE,3.37,1.79,0
2026,10,00-0035676,WR,16.3,7.68,0.04
2026,10,00-0035719,WR,10.77,5.24,0.93
2026,10,00-0036997,RB,13.93,3.08,16.11
2026,10,00-0036555,RB,10.1,1.92,12.29
2026,10,00-0036894,TE,7.28,3.74,0
2026,10,00-0037240,WR,13.91,6.91,0.55
2026,10,00-0038104,WR,5.42,2.89,0
2026,10,00-0037594,RB,0.29,0.12,0.21
2026,10,00-0037525,RB,9.1,1.17,9.91
2026,10,00-0039150,QB,17.61,0,4.73
2026,10,00-0039066,TE,3.95,2.63,0
2026,10,00-0038606,WR,11.54,6.11,0.51
2026,10,00-0023459,QB,17.54,0,1.26
2026,10,00-0038611,RB,7.77,0.67,9.6
2026,10,00-0039146,WR,13.13,6.12,0.96
2026,10,00-0038738,FB,1.74,0.72,0.89
2026,10,00-0039798,RB,5.28,1.52,3.97
2026,10,00-0039356,TE,1.47,0.87,0
2026,10,00-0039338,TE,16.15,8.33,0.22
2026,10,00-0039365,WR,0.02,0.01,0
2026,10,00-0039849,WR,10.75,6.61,0
2026,10,00-0039739,WR,1.97,1.24,0
2026,10,00-0039410,WR,7.36,3.99,0.19
2026,10,00-0040586,RB,2.16,0.46,2.54
2026,10,00-0040651,RB,0.12,0,0.18
2026,10,00-0040162,RB,6.63,2.15,6.17
2026,10,00-0040187,TE,1.01,0.56,0
2026,10,00-0040009,WR,2.77,1.4,0.35
2026,10,00-0040648,WR,3.33,1.95,0.05
2026,10,00-0040142,RB,0.25,0.06,0.29
2026,10,00-0040646,WR,1.71,1.12,0.04
2026,10,00-0040122,RB,14.52,4.34,15.77
2026,10,00-0040563,WR,0.12,0.06,0
2026,10,00-0040743,QB,19.77,0,4.56
2026,10,00-0041547,WR,8.74,4.75,0.76
2026,10,00-0041248,WR,0.06,0.04,0
2026,10,00-0040894,WR,0.01,0.01,0
2026,10,00-0041099,WR,2.06,1.31,0
2026,10,00-0033217,TE,1.27,0.75,0
2026,10,00-0033576,TE,0.48,0.28,0
2026,10,00-0033288,TE,12.18,5.35,0
2026,10,00-0033375,WR,0.67,0.36,0
2026,10,00-0034827,WR,11.51,6.14,0.44
2026,10,00-0034829,TE,6.33,3.68,0
2026,10,00-0035229,TE,8.42,4.79,0
2026,10,00-0035700,RB,13.91,2.65,14.81
2026,10,00-0036244,TE,5.51,2.88,0
2026,10,00-0036139,RB,12.48,3.11,12.18
2026,10,00-0036973,RB,12.79,2.82,13.39
2026,10,00-0036554,WR,17.33,8.68,0.22
2026,10,00-0036754,TE,2.64,1.53,0
2026,10,00-0036534,TE,0.2,0.12,0
2026,10,00-0037238,WR,16.56,8.94,0.06
2026,10,00-0037741,WR,5.05,3.17,0.03
2026,10,00-0037816,WR,10.24,5.53,0
2026,10,00-0037664,WR,12.74,6.28,0.05
2026,10,00-0037239,WR,15.85,8.94,0.05
2026,10,00-0037614,WR,2.93,1.89,0.09
2026,10,00-0038124,WR,13.67,6.78,0.14
2026,10,00-0038090,WR,0.23,0.12,0.07
2026,10,00-0037557,RB,0.17,0.02,0.22
2026,10,00-0039040,RB,17.31,3.69,13.99
2026,10,00-0038935,TE,8.33,4.42,0
2026,10,00-0038543,WR,21.23,9.93,0.42
2026,10,00-0038977,WR,1.19,0.67,0.06
2026,10,00-0038542,RB,21.84,5.44,18.47
2026,10,00-0039163,QB,18.98,0,2.67
2026,10,00-0040888,RB,0.29,0.08,0.23
2026,10,00-0041550,WR,1.29,0.85,0
2026,10,00-0034796,QB,21.66,0,7.86
2026,10,00-0034798,TE,0.81,0.46,0
2026,10,00-0038046,TE,3.96,2.29,0.11
2026,10,00-0039796,RB,0.24,0.11,0.11
2026,10,00-0040727,WR,5.84,3.51,0.13
2026,10,00-0040876,WR,3.28,1.92,0.05
2026,10,00-0035125,FB,0.64,0.13,0.8
2026,10,00-0039391,RB,1.25,0.26,1.68
2026,10,00-0040184,WR,0.91,0.65,0.05
2026,10,00-0040075,WR,0.22,0.11,0.05
2026,10,00-0034753,TE,10.37,4.95,0.36
2026,10,00-0036355,QB,19.36,0,4.46
2026,10,00-0038544,WR,10.9,5.85,0.19
2026,10,00-0038573,WR,0.2,0.07,0.14
2026,10,00-0039915,WR,12.92,7,0.11
2026,10,00-0032764,RB,15.35,1.33,16.93
2026,10,00-0034975,RB,4.71,1.76,2.54
2026,10,00-0036550,WR,7.19,4.19,0.06
2026,10,00-0038454,RB,6.77,1.52,6.01
2026,10,00-0039792,WR,1.92,1.07,0.06
2026,10,00-0040189,TE,4.77,2.4,0
2026,10,00-0040887,TE,0.83,0.47,0
2026,10,00-0040870,WR,3.09,1.87,0.05
2026,10,00-0032398,WR,0.26,0.16,0
2026,10,00-0033885,TE,3.91,2.32,0
2026,10,00-0039064,WR,15.14,7.58,0.2
2026,10,00-0040666,RB,14.67,3.97,13.96
2026,11,00-0040179,RB,1.5,0.52,1.32
2026,11,00-0041125,RB,1.71,0.44,1.63
2026,11,00-0033217,TE,1.25,0.75,0
2026,11,00-0034981,TE,0.8,0.41,0
2026,11,00-0038997,WR,12.2,6.89,0.18
2026,11,00-0030279,WR,8.84,5.23,0
2026,11,00-0034383,TE,9.74,5.46,0
2026,11,00-0035685,RB,14.18,2.36,15.68
2026,11,00-0037664,WR,12.55,6.28,0.05
2026,11,00-0039816,WR,0.13,0.07,0.03
2026,11,00-0041472,TE,2.86,1.6,0
2026,11,00-0035710,QB,18.48,0,3.04
2026,11,00-0035021,WR,1.51,0.96,0.06
2026,11,00-0037292,TE,0.46,0.29,0
2026,11,00-0038608,WR,8.63,4.35,0
2026,11,00-0039405,RB,0.62,0.1,0.83
2026,11,00-0040583,RB,7.24,1.96,7.7
2026,11,00-0039163,QB,19.17,0,2.67
2026,11,00-0040128,TE,12.83,7.11,0.26
2026,11,00-0036556,TE,0.16,0.09,0
2026,11,00-0038618,WR,3.84,2.34,0.07
2026,11,00-0039359,TE,1.82,1,0.12
2026,11,00-0040138,WR,5.26,2.68,0.08
2026,11,00-0041132,WR,0.38,0.24,0
2026,11,00-0036223,RB,19.49,4,17.36
2026,11,00-0036182,WR,1.08,0.65,0
2026,11,00-0036554,WR,17.53,8.68,0.22
2026,11,00-0038977,WR,1.21,0.67,0.06
2026,11,00-0038564,TE,0.13,0.08,0
2026,11,00-0039021,RB,0.24,0,0.35
2026,11,00-0039732,QB,20.54,0,4.36
2026,11,00-0039746,RB,1.42,0.65,0.83
2026,11,00-0039344,RB,8.45,2.49,7.95
2026,11,00-0039356,TE,1.46,0.87,0
2026,11,00-0039880,WR,6.67,3.58,1.12
2026,11,00-0039915,WR,13.04,7,0.11
2026,11,00-0039491,WR,11.76,5.99,0.08
2026,11,00-0040078,RB,0.78,0.36,0.51
2026,11,00-0040177,RB,1.81,0.36,1.97
2026,11,00-0040729,WR,4.39,2.53,0.05
2026,11,00-0040170,WR,3.02,2.01,0
2026,11,00-0040718,DB,3.61,2.21,0.14
2026,11,00-0040236,RB,8.12,1.74,8.29
2026,11,00-0040238,RB,2.67,1.25,1.02
2026,11,00-0040743,QB,19.88,0,4.56
2026,11,00-0040184,WR,0.92,0.65,0.05
2026,11,00-0040024,WR,0.48,0.28,0
2026,11,00-0041438,WR,11.27,7.07,0.09
2026,11,00-0040870,WR,3.14,1.87,0.05
2026,11,00-0041503,TE,1.47,0.87,0
2026,11,00-0040888,RB,0.29,0.08,0.23
2026,11,00-0041032,TE,3.84,2.25,0.06
2026,11,00-0041217,RB,0.58,0.27,0.23
2026,11,00-0041550,WR,1.3,0.85,0
2026,11,00-0040939,TE,1.47,0.86,0
2026,11,00-0041084,TE,1.25,0.73,0
2026,11,00-0041004,WR,0.21,0.14,0
2026,11,00-0031408,WR,13.26,7.07,0
2026,11,00-0032764,RB,15.71,1.33,16.93
2026,11,00-0033921,WR,10.9,6.19,0.05
2026,11,00-0033873,QB,20.94,0,2.26
2026,11,00-0033881,TE,4.02,2.53,0
2026,11,00-0033553,RB,3.06,0.89,2.51
2026,11,00-0033293,RB,8.22,1.97,8.2
2026,11,00-0034775,WR,1.37,0.83,0.02
2026,11,00-0034753,TE,10.48,4.95,0.36
2026,11,00-0035535,WR,3.84,2.36,0
2026,11,00-0036358,WR,17.58,9.22,0.17
2026,11,00-0036158,RB,8.1,1.25,8.68
2026,11,00-0036252,WR,10.47,6.01,0.05
2026,11,00-0036331,WR,0.21,0.12,0.04
2026,11,00-0036165,WR,0.46,0.27,0
2026,11,00-0036893,RB,1.69,0.5,1.61
2026,11,00-0036997,RB,13.85,3.08,16.11
2026,11,00-0036894,TE,7.16,3.74,0
2026,11,00-0036988,WR,1.96,1.14,0
2026,11,00-0036534,TE,0.21,0.12,0
2026,11,00-0038041,TE,9.96,5.47,0
2026,11,00-0037666,WR,3.26,1.91,0
2026,11,00-0037258,RB,0.22,0.07,0.2
2026,11,00-0037838,TE,9.66,5.21,0
2026,11,00-0037805,TE,0.85,0.52,0
2026,11,00-0037614,WR,2.91,1.89,0.09
2026,11,00-0038128,QB,18.86,0,7.69
2026,11,00-0037228,RB,13.03,3.46,12.21
2026,11,00-0039139,RB,22.15,4.73,17.04
2026,11,00-0038935,TE,8.25,4.42,0
2026,11,00-0039066,TE,3.92,2.63,0
2026,11,00-0038551,RB,1.6,0.52,1.2
2026,11,00-0038573,WR,0.2,0.07,0.14
2026,11,00-0038933,TE,9.27,4.57,0
2026,11,00-0038547,TE,1.56,0.94,0
2026,11,00-0039530,TE,1.27,0.76,0
2026,11,00-0039451,WR,1.62,0.98,0.17
2026,11,00-0039890,WR,6.15,4.44,0.06
2026,11,00-0039391,RB,1.28,0.26,1.68
2026,11,00-0039589,WR,0.5,0.29,0.05
2026,11,00-0040198,RB,2.65,0.76,2.36
2026,11,00-0040646,WR,1.71,1.12,0.04
2026,11,00-0040727,WR,5.9,3.51,0.13
2026,11,00-0040205,RB,0.24,0.08,0.18
2026,11,00-0040676,QB,17.86,0,2.64
2026,11,00-0040122,RB,14.52,4.34,15.77
2026,11,00-0040644,RB,1.34,0.36,1.4
2026,11,00-0040194,TE,2.18,1.15,0
2026,11,00-0040509,TE,0.23,0.13,0
2026,11,00-0040887,TE,0.84,0.47,0
2026,11,00-0040867,WR,6.88,4,0.1
2026,11,00-0041523,WR,5.37,3.21,0
2026,11,00-0041558,TE,1.94,1.18,0
2026,11,00-0041104,RB,2.57,1.06,1.45
2026,11,00-0041077,TE,3.4,1.91,0
2026,11,00-0041398,TE,0.48,0.3,0
2026,11,00-0041099,WR,2.07,1.31,0
2026,11,00-0029892,FB,1.75,0.96,0.11
2026,11,00-0032104,RB,0.32,0.12,0.18
2026,11,00-0033589,WR,0.04,0.03,0
2026,11,00-0034860,WR,0.19,0.1,0.02
2026,11,00-0034272,WR,1.12,0.75,0.04
2026,11,00-0035640,WR,11.61,6.3,0.15
2026,11,00-0034960,WR,10.3,5.84,0.28
2026,11,00-0035544,WR,0.14,0.08,0
2026,11,00-0036259,WR,8.05,4.29,0
2026,11,00-0036309,WR,5.21,3.44,0.05
2026,11,00-0036590,TE,0.47,0.29,0
2026,11,00-0036919,RB,9.48,3.12,6.66
2026,11,00-0036876,TE,0.19,0.12,0
2026,11,00-0036754,TE,2.68,1.53,0
2026,11,00-0038129,TE,7.36,4.41,0
2026,11,00-0038117,WR,10.2,6.37,0.2
2026,11,00-0037248,RB,17.71,2.89,16.41
2026,11,00-0038115,TE,5.05,2.63,0
2026,11,00-0037563,RB,1.99,0.44,1.95
2026,11,00-0037801,WR,3.7,1.62,0.95
2026,11,00-0039040,RB,17.61,3.69,13.99
2026,11,00-0038640,WR,0.37,0.25,0
2026,11,00-0038783,TE,0.34,0.19,0
2026,11,00-0039796,RB,0.25,0.11,0.11
2026,11,00-0039794,RB,3.5,0.68,3.88
2026,11,00-0039792,WR,1.94,1.07,0.06
2026,11,00-0039739,WR,1.93,1.24,0
2026,11,00-0039384,RB,5.4,1,6.68
2026,11,00-0039754,TE,0.5,0.27,0
2026,11,00-0040237,WR,2.65,1.45,0.09
2026,11,00-0040736,TE,5.35,3.56,0
2026,11,00-0040142,RB,0.25,0.06,0.29
2026,11,00-0040691,QB,21.36,0,5.55
2026,11,00-0040126,TE,14.04,7.16,0.05
2026,11,00-0040735,WR,13.39,6.54,0.59
2026,11,00-0040124,WR,14.12,8.2,0.08
2026,11,00-0041562,QB,15.51,0,2.68
2026,11,00-0041048,WR,3.12,1.91,0.08
2026,11,00-0041216,WR,0.21,0.13,0
2026,11,00-0041052,RB,2.02,0.4,2.4
2026,11,00-0030506,TE,12.03,6.32,0
2026,11,00-0031484,TE,0.34,0.21,0
2026,11,00-0032464,WR,3.37,1.82,0.17
2026,11,00-0033307,WR,4.81,2.66,0
2026,11,00-0034796,QB,22.01,0,7.86
2026,11,00-0034827,WR,11.68,6.14,0.44
2026,11,00-0034365,TE,0.29,0.18,0
2026,11,00-0035719,WR,10.52,5.24,0.93
2026,11,00-0035689,TE,4.87,2.52,0
2026,11,00-0035250,RB,0.85,0.17,0.96
2026,11,00-0035359,WR,0.45,0.29,0
2026,11,00-0036275,RB,12.26,2.76,12.51
2026,11,00-0036290,TE,4.52,2.47,0
2026,11,00-0036422,TE,2.15,1.12,0
2026,11,00-0036555,RB,9.81,1.92,12.29
2026,11,00-0037744,TE,15.59,8.58,0
2026,11,00-0037740,WR,12.89,7.88,0.17
2026,11,00-0037252,TE,6.43,3.59,0
2026,11,00-0037086,TE,1.82,0.99,0
2026,11,00-0037834,QB,21.9,0,4.12
2026,11,00-0037311,TE,0.05,0.03,0
2026,11,00-0037475,TE,0.4,0.24,0
2026,11,00-0038393,WR,6.18,3.61,0.05
2026,11,00-0038976,WR,4.46,2.23,0.44
2026,11,00-0023459,QB,17.1,0,1.26
2026,11,00-0039067,WR,15.81,8.51,0.41
2026,11,00-0039918,QB,21.13,0,4.3
2026,11,00-0039373,RB,1.06,0.29,0.97
2026,11,00-0039893,WR,10.82,6.03,0.21
2026,11,00-0039874,RB,2.8,0.85,2.58
2026,11,00-0039410,WR,7.44,3.99,0.19
2026,11,00-0040187,TE,1.01,0.56,0
2026,11,00-0040715,RB,13.56,3.37,11.63
2026,11,00-0040582,WR,0.31,0.19,0.07
2026,11,00-0040705,WR,3.32,1.96,0.4
2026,11,00-0040277,WR,2.04,1.24,0
2026,11,00-0040876,WR,3.32,1.92,0.05
2026,11,00-0041070,WR,0.39,0.24,0
2026,11,WAS569019,RB,2.89,0.97,2.34
2026,11,00-0041496,RB,3.52,0.95,3.32
2026,11,00-0041035,WR,7.16,3.99,0.18
2026,11,00-0041067,WR,1.78,1.19,0
2026,11,00-0033077,QB,21.59,0,2.36
2026,11,00-0033885,TE,3.95,2.32,0
2026,11,00-0033280,RB,21.97,5.77,18.4
2026,11,00-0033288,TE,11.95,5.35,0
2026,11,00-0033375,WR,0.67,0.36,0
2026,11,00-0033757,TE,0.07,0.04,0
2026,11,00-0034837,WR,6.79,4,0.04
2026,11,00-0034270,TE,0.28,0.16,0
2026,11,00-0035229,TE,8.4,4.79,0
2026,11,00-0035662,WR,2.55,1.49,0
2026,11,00-0035228,QB,19.34,0,5.79
2026,11,00-0035644,TE,3.38,1.79,0
2026,11,00-0035406,WR,2.08,1.22,0
2026,11,00-0035261,RB,10.25,2.21,10.44
2026,11,00-0035125,FB,0.65,0.13,0.8
2026,11,00-0036389,QB,21.41,0,6.91
2026,11,00-0036427,WR,0.21,0.12,0
2026,11,00-0036550,WR,7.29,4.19,0.06
2026,11,00-0037005,TE,2.16,1.27,0
2026,11,00-0037247,WR,15.54,7.82,0.06
2026,11,00-0037239,WR,15.92,8.94,0.05
2026,11,00-0038134,RB,15.37,3.58,14.5
2026,11,00-0037539,TE,0.44,0.27,0
2026,11,00-0037525,RB,9.04,1.17,9.91
2026,11,00-0037112,TE,2.25,1.27,0
2026,11,00-0038606,WR,11.46,6.11,0.51
2026,11,00-0038544,WR,11,5.85,0.19
2026,11,00-0039064,WR,15.31,7.58,0.2
2026,11,00-0038563,WR,9.49,5.61,0.44
2026,11,00-0038611,RB,8.2,0.67,9.6
2026,11,00-0039050,TE,0.53,0.32,0
2026,11,00-0039041,TE,3.13,1.75,0
2026,11,00-0038440,RB,0.05,0.01,0.05
2026,11,00-0038519,WR,0.16,0.09,0.03
2026,11,00-0038794,RB,0.86,0.22,0.78
2026,11,00-0038738,FB,1.75,0.72,0.89
2026,11,00-0039875,RB,4.02,0.81,4.47
2026,11,00-0039338,TE,16.04,8.33,0.22
2026,11,00-0039919,WR,11.39,6.7,0.05
2026,11,00-0039849,WR,10.69,6.61,0
2026,11,00-0039337,WR,12.73,7.88,0.15
2026,11,00-0039901,WR,4.27,2.31,0.04
2026,11,00-0039737,TE,1.06,0.64,0
2026,11,00-0039364,RB,0.18,0.06,0.15
2026,11,00-0040719,RB,11.29,2.43,11.47
2026,11,00-0040189,TE,4.81,2.4,0
2026,11,00-0040154,WR,1.81,1.01,0.04
2026,11,00-0040584,TE,8.11,4.3,0
2026,11,00-0040129,WR,11.57,6.96,0.24
2026,11,00-0040218,WR,1.79,0.95,0.33
2026,11,00-0040021,RB,0.95,0.16,0.76
2026,11,00-0041511,WR,4.67,2.79,0.17
2026,11,00-0041042,WR,6.79,4.09,0.05
2026,11,00-0041027,RB,15.63,5.08,12.71
2026,11,00-0041051,WR,2.08,1.24,0.11
2026,11,00-0041579,TE,0.85,0.49,0
2026,11,00-0041524,TE,4.02,2.23,0
2026,11,00-0031235,WR,1.09,0.66,0
2026,11,00-0032398,WR,0.26,0.16,0
2026,11,00-0033906,RB,5.76,1.96,4.76
2026,11,00-0033376,FB,0.14,0.09,0
2026,11,00-0034857,QB,23.47,0,6.21
2026,11,00-0034487,WR,0.26,0.16,0
2026,11,00-0035500,WR,3.15,1.66,0.2
2026,11,00-0035537,RB,4.07,1.36,2.57
2026,11,00-0036425,RB,0.19,0.02,0.26
2026,11,00-0036040,TE,9.95,5.4,0
2026,11,00-0036139,RB,12.19,3.11,12.18
2026,11,00-0036912,WR,14.87,7.5,0.05
2026,11,00-0036613,WR,14.91,7.66,0.22
2026,11,00-0036637,TE,4.73,2.76,0
2026,11,00-0037261,WR,11.24,5.82,0.11
2026,11,00-0038120,RB,14.29,2.76,15.75
2026,11,00-0038104,WR,5.42,2.89,0
2026,11,00-0037231,WR,1.33,0.93,0.04
2026,11,00-0037197,RB,3.82,0.73,4.85
2026,11,00-0037085,RB,1.05,0.59,0.28
2026,11,00-0037594,RB,0.3,0.12,0.21
2026,11,00-0039150,QB,17.23,0,4.73
2026,11,00-0038951,RB,3.77,0.29,4.24
2026,11,00-0038454,RB,6.86,1.52,6.01
2026,11,00-0038559,WR,11.34,6.28,0.05
2026,11,00-0039065,TE,12.22,5.96,0.06
2026,11,00-0038705,RB,2.56,0.97,1.24
2026,11,00-0039798,RB,5.22,1.52,3.97
2026,11,00-0039407,RB,0.43,0.12,0.49
2026,11,00-0039361,RB,12.19,2.56,13.08
2026,11,00-0039847,TE,3.67,2.18,0
2026,11,00-0039365,WR,0.02,0.01,0
2026,11,00-0039855,WR,7.29,3.7,0.11
2026,11,00-0039894,WR,10.62,6.17,0.97
2026,11,00-0039342,WR,2.89,1.96,0
2026,11,00-0039868,WR,2.75,1.66,0.11
2026,11,00-0039363,RB,0.27,0.12,0.11
2026,11,00-0039424,WR,8.72,4.98,0.05
2026,11,00-0040586,RB,2.15,0.46,2.54
2026,11,00-0040730,RB,10.39,3.09,8.06
2026,11,00-0040134,WR,5.12,3.11,0.09
2026,11,00-0040666,RB,14.88,3.97,13.96
2026,11,00-0040522,WR,0.43,0.27,0.02
2026,11,00-0040669,WR,3.86,2.21,0.05
2026,11,00-0040581,WR,0.07,0.06,0
2026,11,00-0040172,WR,0.23,0.14,0
2026,11,00-0040075,WR,0.22,0.11,0.05
2026,11,00-0040311,WR,0.1,0.05,0
2026,11,00-0041489,WR,5.25,3.06,0.09
2026,11,00-0041029,WR,10.88,6.39,0.1
2026,11,00-0040886,RB,2.37,0.63,2.24
2026,11,00-0041525,WR,5.32,3.16,0.04
2026,11,00-0041041,TE,2.37,1.44,0
2026,11,00-0040894,WR,0.01,0.01,0
2026,11,00-0041013,RB,3.43,1.04,2.8
2026,11,00-0041529,WR,4.08,2.45,0
2026,11,00-0041483,TE,2.62,1.52,0.1
2026,11,00-0041100,WR,0.44,0.19,0.19
2026,11,00-0041443,WR,2.63,1.52,0.05
2026,11,00-0040890,WR,1.82,1.14,0
2026,11,00-0030565,QB,15.9,0,3.11
2026,11,00-0031610,TE,7.79,4.11,0
2026,11,00-0033106,QB,20.65,0,1.62
2026,11,00-0033119,QB,17.15,0,2.14
2026,11,00-0032775,WR,2.94,1.6,0
2026,11,00-0034844,RB,14.48,3.18,16.11
2026,11,00-0034855,QB,19.5,0,3.25
2026,11,00-0034798,TE,0.82,0.46,0
2026,11,00-0034351,TE,9.56,4.64,0
2026,11,00-0034348,WR,10.72,5.95,0
2026,11,00-0035249,TE,2.46,1.36,0
2026,11,00-0034975,RB,4.8,1.76,2.54
2026,11,00-0036322,WR,16.74,9.21,0.13
2026,11,00-0036355,QB,19.74,0,4.46
2026,11,00-0036971,QB,20.07,0,4.38
2026,11,00-0036825,TE,0.08,0.03,0.05
2026,11,00-0036973,RB,12.57,2.82,13.39
2026,11,00-0036963,WR,20.06,9.83,0.26
2026,11,00-0036924,RB,0.25,0.11,0.16
2026,11,00-0036842,RB,0.11,0.01,0.19
2026,11,00-0036887,TE,0.65,0.36,0
2026,11,00-0038046,TE,4,2.29,0.11
2026,11,00-0037263,RB,5.48,1.09,6.13
2026,11,00-0037240,WR,14.09,6.91,0.55
2026,11,00-0037291,WR,8.23,4.76,0.22
2026,11,00-0037304,RB,0.87,0.39,0.4
2026,11,00-0037276,RB,0.99,0.49,0.37
2026,11,00-0037132,WR,0.05,0.03,0
2026,11,00-0037093,WR,0.46,0.29,0
2026,11,00-0038555,RB,3.52,0.52,4.15
2026,11,00-0038558,TE,4.54,2.59,0
2026,11,00-0039032,RB,7.56,2.75,5.08
2026,11,00-0038994,WR,11.22,6.01,0.27
2026,11,00-0039912,TE,1.2,0.66,0
2026,11,00-0035631,TE,2.13,1.19,0
2026,11,00-0036410,WR,15.72,7.4,0.06
2026,11,00-0037256,RB,10.19,3.28,7.5
2026,11,00-0036900,WR,19.84,9.43,0.25
2026,11,00-0036628,TE,2.19,1.23,0
2026,11,00-0039910,QB,21.38,0,7.1
2026,11,00-0039814,TE,3.03,1.67,0
2026,11,00-0040242,RB,8.95,1.73,8.44
2026,11,00-0040208,RB,2.44,0.69,2.38
2026,11,00-0040164,WR,1.69,0.92,0.2
2026,11,00-0041116,TE,0.65,0.36,0
2026,11,00-0041248,WR,0.06,0.04,0
2026,11,00-0041096,RB,1.4,0.16,1.89
2026,11,00-0041069,WR,2.04,1.25,0
2026,11,00-0041244,RB,0.39,0.1,0.34
2026,11,00-0033955,RB,0.72,0.2,0.6
2026,11,00-0034829,TE,6.48,3.68,0
2026,11,00-0036442,QB,22.68,0,2.49
2026,11,00-0036415,WR,0.1,0.07,0
2026,11,00-0036626,WR,0.42,0.23,0.06
2026,11,00-0037742,WR,2.07,1.35,0.13
2026,11,00-0038597,RB,17.03,4.82,14.64
2026,11,00-0038839,WR,0.98,0.65,0
2026,11,00-0031588,WR,11.33,6.02,0
2026,11,00-0033526,RB,3.39,1.04,2.59
2026,11,00-0038619,WR,4.07,2.22,0.19
2026,11,00-0038576,WR,0.18,0.1,0
2026,11,00-0039355,WR,0.6,0.32,0
2026,11,00-0041040,WR,4.33,2.49,0.1
2026,11,00-0034613,TE,0.65,0.36,0
2026,11,00-0035659,WR,14.04,7.41,0.05
2026,11,00-0037809,TE,9.31,5.39,0
2026,12,00-0038359,WR,1.06,0.54,0.09
2026,12,00-0039811,RB,4.27,1.18,4.08
2026,12,00-0040651,RB,0.11,0,0.18
2026,12,00-0040667,WR,9.96,5.5,0.82
2026,12,00-0040590,WR,2.41,1.81,0
2026,12,00-0031381,WR,12.43,6.86,0
2026,12,00-0036264,QB,19.97,0,3.09
2026,12,00-0037840,RB,14.41,2.57,14.82
2026,12,00-0038090,WR,0.23,0.12,0.07
2026,12,00-0037091,WR,1.98,1.29,0.12
2026,12,00-0039144,TE,2.97,1.73,0
2026,12,00-0038996,TE,12.4,5.55,0
2026,12,00-0039146,WR,13.18,6.12,0.96
2026,12,00-0038685,RB,1.84,0.75,1.07
2026,12,00-0039738,RB,8.51,1,10.73
2026,12,00-0039751,WR,0.63,0.35,0.07
2026,12,00-0036244,TE,5.48,2.88,0
2026,12,00-0038124,WR,13.73,6.78,0.14
2026,12,00-0037557,RB,0.16,0.02,0.22
2026,12,00-0039075,WR,20.72,9.76,0.45
2026,12,00-0039074,TE,0.81,0.47,0
2026,12,00-0041510,TE,1.12,0.67,0
2026,12,00-0038589,TE,0.37,0.21,0
2026,12,00-0040009,WR,2.78,1.4,0.35
2026,12,00-0040737,TE,3.74,2.59,0
2026,12,00-0041415,RB,0.21,0.07,0.17
2026,12,00-0033858,TE,1.78,1.01,0
2026,12,00-0035700,RB,13.86,2.65,14.81
2026,12,00-0033110,TE,1.74,0.99,0
2026,12,00-0026498,QB,19.57,0,1.33
2026,12,00-0038933,TE,9.1,4.57,0
2026,12,00-0039746,RB,1.47,0.65,0.83
2026,12,00-0041558,TE,1.95,1.18,0
2026,12,00-0040939,TE,1.44,0.86,0
2026,12,00-0034860,WR,0.19,0.1,0.02
2026,12,00-0035500,WR,3.15,1.66,0.2
2026,12,00-0036358,WR,17.27,9.22,0.17
2026,12,00-0036997,RB,13.9,3.08,16.11
2026,12,00-0036637,TE,4.65,2.76,0
2026,12,00-0037197,RB,3.96,0.73,4.85
2026,12,00-0037475,TE,0.41,0.24,0
2026,12,00-0039139,RB,22.66,4.73,17.04
2026,12,00-0038555,RB,3.67,0.52,4.15
2026,12,00-0038705,RB,2.55,0.97,1.24
2026,12,00-0039530,TE,1.24,0.76,0
2026,12,00-0040586,RB,2.16,0.46,2.54
2026,12,00-0041483,TE,2.69,1.52,0.1
2026,12,00-0034270,TE,0.28,0.16,0
2026,12,00-0035689,TE,4.78,2.52,0
2026,12,00-0036275,RB,12.5,2.76,12.51
2026,12,00-0037247,WR,15.28,7.82,0.06
2026,12,00-0038519,WR,0.16,0.09,0.03
2026,12,00-0039918,QB,21.23,0,4.3
2026,12,00-0039919,WR,11.46,6.7,0.05
2026,12,00-0039364,RB,0.19,0.06,0.15
2026,12,00-0040126,TE,14.12,7.16,0.05
2026,12,00-0040735,WR,13.47,6.54,0.59
2026,12,00-0040021,RB,0.94,0.16,0.76
2026,12,00-0041013,RB,3.46,1.04,2.8
2026,12,00-0033873,QB,20.6,0,2.26
2026,12,00-0034857,QB,23,0,6.21
2026,12,00-0034351,TE,9.77,4.64,0
2026,12,00-0035662,WR,2.61,1.49,0
2026,12,00-0036427,WR,0.2,0.12,0
2026,12,00-0036754,TE,2.68,1.53,0
2026,12,00-0038041,TE,9.78,5.47,0
2026,12,00-0037258,RB,0.23,0.07,0.2
2026,12,00-0037240,WR,14.1,6.91,0.55
2026,12,00-0037132,WR,0.05,0.03,0
2026,12,00-0038564,TE,0.13,0.08,0
2026,12,00-0039067,WR,15.57,8.51,0.41
2026,12,00-0038547,TE,1.53,0.94,0
2026,12,00-0039894,WR,10.45,6.17,0.97
2026,12,00-0040646,WR,1.68,1.12,0.04
2026,12,00-0040277,WR,2.06,1.24,0
2026,12,00-0040024,WR,0.49,0.28,0
2026,12,00-0041443,WR,2.57,1.52,0.05
2026,12,00-0041051,WR,2.09,1.24,0.11
2026,12,00-0034844,RB,15.1,3.18,16.11
2026,12,00-0035544,WR,0.14,0.08,0
2026,12,00-0036290,TE,4.55,2.47,0
2026,12,00-0037261,WR,11.02,5.82,0.11
2026,12,00-0037086,TE,1.86,0.99,0
2026,12,00-0038104,WR,5.34,2.89,0
2026,12,00-0037801,WR,3.65,1.62,0.95
2026,12,00-0039875,RB,3.96,0.81,4.47
2026,12,00-0040236,RB,8.28,1.74,8.29
2026,12,00-0040669,WR,3.87,2.21,0.05
2026,12,00-0040867,WR,7.06,4,0.1
2026,12,00-0033106,QB,20.76,0,1.62
2026,12,00-0033077,QB,21.25,0,2.36
2026,12,00-0034272,WR,1.1,0.75,0.04
2026,12,00-0034487,WR,0.25,0.16,0
2026,12,00-0036988,WR,1.92,1.14,0
2026,12,00-0036534,TE,0.2,0.12,0
2026,12,00-0037248,RB,17.51,2.89,16.41
2026,12,00-0037563,RB,1.99,0.44,1.95
2026,12,00-0039021,RB,0.25,0,0.35
2026,12,00-0039065,TE,12.23,5.96,0.06
2026,12,00-0038738,FB,1.73,0.72,0.89
2026,12,00-0039901,WR,4.18,2.31,0.04
2026,12,00-0039410,WR,7.31,3.99,0.19
2026,12,00-0040078,RB,0.78,0.36,0.51
2026,12,00-0040194,TE,2.14,1.15,0
2026,12,00-0040890,WR,1.78,1.14,0
2026,12,00-0030506,TE,11.84,6.32,0
2026,12,00-0032464,WR,3.39,1.82,0.17
2026,12,00-0034827,WR,11.45,6.14,0.44
2026,12,00-0035537,RB,4,1.36,2.57
2026,12,00-0036389,QB,22.01,0,6.91
2026,12,00-0036912,WR,15.2,7.5,0.05
2026,12,00-0036963,WR,20.07,9.83,0.26
2026,12,00-0038134,RB,15.54,3.58,14.5
2026,12,00-0038393,WR,6.34,3.61,0.05
2026,12,00-0041489,WR,5.2,3.06,0.09
2026,12,00-0033757,TE,0.07,0.04,0
2026,12,00-0037085,RB,1.03,0.59,0.28
2026,12,00-0037539,TE,0.44,0.27,0
2026,12,00-0023459,QB,16.88,0,1.26
2026,12,00-0039732,QB,20.36,0,4.36
2026,12,00-0041496,RB,3.42,0.95,3.32
2026,12,00-0036252,WR,10.38,6.01,0.05
2026,12,00-0036894,TE,7.1,3.74,0
2026,12,00-0037228,RB,12.95,3.46,12.21
2026,12,00-0039868,WR,2.72,1.66,0.11
2026,12,00-0041398,TE,0.48,0.3,0
2026,12,00-0035406,WR,2.06,1.22,0
2026,12,00-0036158,RB,7.84,1.25,8.68
2026,12,00-0036139,RB,12.12,3.11,12.18
2026,12,00-0040142,RB,0.25,0.06,0.29
2026,12,00-0041077,TE,3.37,1.91,0
2026,12,00-0034348,WR,10.6,5.95,0
2026,12,00-0036613,WR,14.76,7.66,0.22
2026,12,00-0038976,WR,4.4,2.23,0.44
2026,12,00-0038783,TE,0.33,0.19,0
2026,12,00-0033881,TE,3.97,2.53,0
2026,12,00-0035640,WR,11.51,6.3,0.15
2026,12,00-0038794,RB,0.84,0.22,0.78
2026,12,00-0039739,WR,1.91,1.24,0
2026,12,00-0040730,RB,10.12,3.09,8.06
2026,12,00-0040134,WR,5.05,3.11,0.09
2026,12,00-0036422,TE,2.12,1.12,0
2026,12,00-0038558,TE,4.5,2.59,0
2026,12,00-0038611,RB,7.77,0.67,9.6
2026,12,00-0038797,RB,2.46,0.34,3.02
2026,12,00-0039910,QB,21.3,0,7.1
2026,12,00-0039373,RB,1.06,0.29,0.97
2026,12,00-0039359,TE,1.78,1,0.12
2026,12,00-0039451,WR,1.66,0.98,0.17
2026,12,00-0039355,WR,0.6,0.32,0
2026,12,00-0040162,RB,6.66,2.15,6.17
2026,12,00-0040179,RB,1.54,0.52,1.32
2026,12,00-0040719,RB,10.8,2.43,11.47
2026,12,00-0040648,WR,3.31,1.95,0.05
2026,12,00-0040242,RB,8.95,1.73,8.44
2026,12,00-0040172,WR,0.23,0.14,0
2026,12,00-0040876,WR,3.29,1.92,0.05
2026,12,00-0041511,WR,4.78,2.79,0.17
2026,12,00-0041438,WR,11.03,7.07,0.09
2026,12,00-0041029,WR,10.87,6.39,0.1
2026,12,00-0041116,TE,0.64,0.36,0
2026,12,00-0041503,TE,1.49,0.87,0
2026,12,00-0040888,RB,0.29,0.08,0.23
2026,12,00-0032392,TE,2.79,1.5,0
2026,12,00-0033090,TE,9.04,4.55,0
2026,12,00-0032775,WR,2.92,1.6,0
2026,12,00-0033537,QB,1.95,0,3.14
2026,12,00-0033885,TE,3.93,2.32,0
2026,12,00-0033293,RB,8.33,1.97,8.2
2026,12,00-0034365,TE,0.29,0.18,0
2026,12,00-0035228,QB,19.63,0,5.79
2026,12,00-0035659,WR,14.01,7.41,0.05
2026,12,00-0035249,TE,2.48,1.36,0
2026,12,00-0035208,WR,3.99,2.43,0.2
2026,12,00-0036442,QB,22.11,0,2.49
2026,12,00-0036410,WR,15.44,7.4,0.06
2026,12,00-0036331,WR,0.21,0.12,0.04
2026,12,00-0036429,TE,0.82,0.48,0
2026,12,00-0036590,TE,0.48,0.29,0
2026,12,00-0036973,RB,12.51,2.82,13.39
2026,12,00-0036556,TE,0.16,0.09,0
2026,12,00-0037238,WR,16.56,8.94,0.06
2026,12,00-0038117,WR,9.98,6.37,0.2
2026,12,00-0037744,TE,15.94,8.58,0
2026,12,00-0037256,RB,10.18,3.28,7.5
2026,12,00-0037664,WR,12.58,6.28,0.05
2026,12,00-0037276,RB,0.99,0.49,0.37
2026,12,00-0037594,RB,0.29,0.12,0.21
2026,12,00-0037093,WR,0.46,0.29,0
2026,12,00-0037545,WR,9.11,4.72,0.62
2026,12,00-0037112,TE,2.24,1.27,0
2026,12,00-0038597,RB,16.85,4.82,14.64
2026,12,00-0038997,WR,12.24,6.89,0.18
2026,12,00-0039032,RB,7.46,2.75,5.08
2026,12,00-0039064,WR,15.19,7.58,0.2
2026,12,00-0038576,WR,0.17,0.1,0
2026,12,00-0038573,WR,0.2,0.07,0.14
2026,12,00-0038839,WR,0.96,0.65,0
2026,12,00-0039851,QB,20.95,0,4.57
2026,12,00-0039794,RB,3.5,0.68,3.88
2026,12,00-0039793,TE,9.35,4.67,0.57
2026,12,00-0039890,WR,6.32,4.44,0.06
2026,12,00-0039363,RB,0.27,0.12,0.11
2026,12,00-0040189,TE,4.79,2.4,0
2026,12,00-0040170,WR,2.95,2.01,0
2026,12,00-0040691,QB,21.54,0,5.55
2026,12,00-0040205,RB,0.24,0.08,0.18
2026,12,00-0040128,TE,12.87,7.11,0.26
2026,12,00-0040676,QB,17.37,0,2.64
2026,12,00-0040138,WR,5.17,2.68,0.08
2026,12,00-0040131,WR,0.45,0.28,0.06
2026,12,00-0041027,RB,15.83,5.08,12.71
2026,12,00-0041070,WR,0.4,0.24,0
2026,12,00-0041041,TE,2.37,1.44,0
2026,12,00-0041132,WR,0.38,0.24,0
2026,12,00-0041217,RB,0.57,0.27,0.23
2026,12,00-0041550,WR,1.3,0.85,0
2026,12,00-0041096,RB,1.4,0.16,1.89
2026,12,00-0041004,WR,0.21,0.14,0
2026,12,00-0041052,RB,2.02,0.4,2.4
2026,12,00-0041035,WR,7.12,3.99,0.18
2026,12,00-0041125,RB,1.74,0.44,1.63
2026,12,00-0041579,TE,0.85,0.49,0
2026,12,00-0033119,QB,17.72,0,2.14
2026,12,00-0033908,WR,7.93,4.26,0.06
2026,12,00-0033553,RB,3.09,0.89,2.51
2026,12,00-0034383,TE,9.56,5.46,0
2026,12,00-0035676,WR,16.19,7.68,0.04
2026,12,00-0035631,TE,2.09,1.19,0
2026,12,00-0036259,WR,8.11,4.29,0
2026,12,00-0036309,WR,5.27,3.44,0.05
2026,12,00-0036182,WR,1.09,0.65,0
2026,12,00-0036970,TE,11.37,6.39,0
2026,12,00-0036550,WR,7.22,4.19,0.06
2026,12,00-0036628,TE,2.18,1.23,0
2026,12,00-0037838,TE,9.75,5.21,0
2026,12,00-0037291,WR,8.36,4.76,0.22
2026,12,00-0037120,RB,0.5,0.13,0.47
2026,12,00-0037525,RB,9.17,1.17,9.91
2026,12,00-0039040,RB,17.12,3.69,13.99
2026,12,00-0038542,RB,21.6,5.44,18.47
2026,12,00-0038551,RB,1.59,0.52,1.2
2026,12,00-0038618,WR,3.76,2.34,0.07
2026,12,00-0038619,WR,3.99,2.22,0.19
2026,12,00-0039041,TE,3.2,1.75,0
2026,12,00-0038640,WR,0.38,0.25,0
2026,12,00-0039798,RB,5.25,1.52,3.97
2026,12,00-0039405,RB,0.6,0.1,0.83
2026,12,00-0039912,TE,1.2,0.66,0
2026,12,00-0039847,TE,3.71,2.18,0
2026,12,00-0039338,TE,16.25,8.33,0.22
2026,12,00-0039880,WR,6.69,3.58,1.12
2026,12,00-0039365,WR,0.02,0.01,0
2026,12,00-0039893,WR,10.92,6.03,0.21
2026,12,00-0039915,WR,12.99,7,0.11
2026,12,00-0039874,RB,2.72,0.85,2.58
2026,12,00-0039299,RB,2.95,0.83,2.45
2026,12,00-0040466,RB,0.25,0.03,0.43
2026,12,00-0040583,RB,7.02,1.96,7.7
2026,12,00-0040198,RB,2.57,0.76,2.36
2026,12,00-0040154,WR,1.82,1.01,0.04
2026,12,00-0040666,RB,14.75,3.97,13.96
2026,12,00-0040727,WR,5.87,3.51,0.13
2026,12,00-0040784,RB,12.9,2.25,16.07
2026,12,00-0040668,QB,16.87,0,3.14
2026,12,00-0040122,RB,15.06,4.34,15.77
2026,12,00-0040208,RB,2.41,0.69,2.38
2026,12,00-0040259,WR,0.1,0.06,0
2026,12,00-0040887,TE,0.84,0.47,0
2026,12,00-0041042,WR,6.86,4.09,0.05
2026,12,00-0041529,WR,4.12,2.45,0
2026,12,00-0041395,TE,2.16,1.2,0
2026,12,00-0041087,TE,2.34,1.39,0
2026,12,00-0029892,FB,1.74,0.96,0.11
2026,12,00-0031235,WR,1.1,0.66,0
2026,12,00-0032764,RB,15.29,1.33,16.93
2026,12,00-0033280,RB,21.96,5.77,18.4
2026,12,00-0033217,TE,1.25,0.75,0
2026,12,00-0033526,RB,3.35,1.04,2.59
2026,12,00-0033307,WR,4.92,2.66,0
2026,12,00-0034775,WR,1.36,0.83,0.02
2026,12,00-0034613,TE,0.64,0.36,0
2026,12,00-0035229,TE,8.47,4.79,0
2026,12,00-0036355,QB,19.64,0,4.46
2026,12,00-0036165,WR,0.46,0.27,0
2026,12,00-0036040,TE,9.94,5.4,0
2026,12,00-0036893,RB,1.68,0.5,1.61
2026,12,00-0036554,WR,17.24,8.68,0.22
2026,12,00-0036876,TE,0.18,0.12,0
2026,12,00-0036924,RB,0.24,0.11,0.16
2026,12,00-0036875,RB,11.07,1.99,11.39
2026,12,00-0037741,WR,5.05,3.17,0.03
2026,12,00-0037816,WR,10.16,5.53,0
2026,12,00-0038046,TE,3.99,2.29,0.11
2026,12,00-0037805,TE,0.87,0.52,0
2026,12,00-0037746,RB,4.75,0.98,5.3
2026,12,00-0038935,TE,8.33,4.42,0
2026,12,00-0038608,WR,8.49,4.35,0
2026,12,00-0038544,WR,10.95,5.85,0.19
2026,12,00-0039163,QB,18.48,0,2.67
2026,12,00-0038563,WR,9.64,5.61,0.44
2026,12,00-0038559,WR,11.59,6.28,0.05
2026,12,00-0039796,RB,0.24,0.11,0.11
2026,12,00-0039814,TE,2.97,1.67,0
2026,12,00-0039920,WR,0.82,0.28,0.39
2026,12,00-0039849,WR,10.95,6.61,0
2026,12,00-0039792,WR,1.93,1.07,0.06
2026,12,00-0039384,RB,5.35,1,6.68
2026,12,00-0039737,TE,1.08,0.64,0
2026,12,00-0039816,WR,0.13,0.07,0.03
2026,12,00-0040177,RB,1.81,0.36,1.97
2026,12,00-0040782,WR,1.96,1.1,0.18
2026,12,00-0040718,DB,3.64,2.21,0.14
2026,12,00-0040164,WR,1.68,0.92,0.2
2026,12,00-0040509,TE,0.23,0.13,0
2026,12,00-0041512,RB,9.23,1.31,11.63
2026,12,00-0040886,RB,2.34,0.63,2.24
2026,12,00-0040870,WR,3.11,1.87,0.05
2026,12,00-0041547,WR,8.8,4.75,0.76
2026,12,00-0041248,WR,0.06,0.04,0
2026,12,00-0041044,WR,3.81,2.23,0.13
2026,12,00-0041216,WR,0.21,0.13,0
2026,12,00-0041524,TE,4.05,2.23,0
2026,12,00-0041099,WR,2.07,1.31,0
2026,12,00-0030565,QB,16.31,0,3.11
2026,12,00-0041244,RB,0.38,0.1,0.34
2026,12,00-0032104,RB,0.32,0.12,0.18
2026,12,00-0031588,WR,11.3,6.02,0
2026,12,00-0031484,TE,0.34,0.21,0
2026,12,00-0033906,RB,5.74,1.96,4.76
2026,12,00-0033375,WR,0.69,0.36,0
2026,12,00-0034796,QB,21.75,0,7.86
2026,12,00-0034869,QB,19.94,0,2.92
2026,12,00-0035644,TE,3.38,1.79,0
2026,12,00-0034960,WR,10.39,5.84,0.28
2026,12,00-0035261,RB,10.14,2.21,10.44
2026,12,00-0035250,RB,0.84,0.17,0.96
2026,12,00-0036407,WR,6.04,4.07,0.07
2026,12,00-0036322,WR,16.87,9.21,0.13
2026,12,00-0035891,WR,0.35,0.19,0
2026,12,00-0036971,QB,20.11,0,4.38
2026,12,00-0036626,WR,0.42,0.23,0.06
2026,12,00-0036887,TE,0.64,0.36,0
2026,12,00-0037740,WR,13.19,7.88,0.17
2026,12,00-0037252,TE,6.49,3.59,0
2026,12,00-0037809,TE,9.29,5.39,0
2026,12,00-0038606,WR,11.54,6.11,0.51
2026,12,00-0038621,WR,5.34,2.74,0.36
2026,12,00-0038710,TE,0.43,0.28,0
2026,12,00-0039407,RB,0.45,0.12,0.49
2026,12,00-0039337,WR,12.86,7.88,0.15
2026,12,00-0040653,WR,0.08,0.05,0
2026,12,00-0040663,TE,10.59,5.89,0.22
2026,12,00-0040739,TE,3.92,2.36,0
2026,12,00-0040582,WR,0.32,0.19,0.07
2026,12,00-0040705,WR,3.26,1.96,0.4
2026,12,00-0040581,WR,0.07,0.06,0
2026,12,00-0040563,WR,0.12,0.06,0
2026,12,00-0040238,RB,2.64,1.25,1.02
2026,12,00-0040743,QB,19.87,0,4.56
2026,12,00-0040075,WR,0.22,0.11,0.05
2026,12,00-0041523,WR,5.43,3.21,0
2026,12,00-0041040,WR,4.32,2.49,0.1
2026,12,WAS569019,RB,2.98,0.97,2.34
2026,12,00-0041525,WR,5.37,3.16,0.04
2026,12,00-0041032,TE,3.93,2.25,0.06
2026,12,00-0041129,RB,0.6,0.12,0.63
2026,12,00-0041084,TE,1.27,0.73,0
2026,12,00-0031408,WR,13.19,7.07,0
2026,12,00-0033576,TE,0.48,0.28,0
2026,12,00-0033288,TE,11.9,5.35,0
2026,12,00-0033376,FB,0.14,0.09,0
2026,12,00-0034837,WR,6.66,4,0.04
2026,12,00-0034829,TE,6.34,3.68,0
2026,12,00-0034753,TE,10.4,4.95,0.36
2026,12,00-0035710,QB,18.47,0,3.04
2026,12,00-0034981,TE,0.79,0.41,0
2026,12,00-0034975,RB,4.71,1.76,2.54
2026,12,00-0035125,FB,0.64,0.13,0.8
2026,12,00-0035535,WR,3.88,2.36,0
2026,12,00-0035021,WR,1.52,0.96,0.06
2026,12,00-0036212,QB,18.93,0,2.29
2026,12,00-0036900,WR,19.49,9.43,0.25
2026,12,00-0038120,RB,14.3,2.76,15.75
2026,12,00-0038128,QB,18.66,0,7.69
2026,12,00-0037231,WR,1.33,0.93,0.04
2026,12,00-0038115,TE,4.96,2.63,0
2026,12,00-0039066,TE,3.98,2.63,0
2026,12,00-0038543,WR,21.12,9.93,0.42
2026,12,00-0038977,WR,1.18,0.67,0.06
2026,12,00-0038454,RB,6.8,1.52,6.01
2026,12,00-0038994,WR,11.31,6.01,0.27
2026,12,00-0038440,RB,0.05,0.01,0.05
2026,12,00-0039391,RB,1.26,0.26,1.68
2026,12,00-0039424,WR,8.71,4.98,0.05
2026,12,00-0040715,RB,13.51,3.37,11.63
2026,12,00-0040729,WR,4.45,2.53,0.05
2026,12,00-0040736,TE,5.49,3.56,0
2026,12,00-0040584,TE,7.96,4.3,0
2026,12,00-0040522,WR,0.42,0.27,0.02
2026,12,00-0040734,RB,11.86,2.5,10.38
2026,12,00-0040184,WR,0.92,0.65,0.05
2026,12,00-0040311,WR,0.1,0.05,0
2026,12,00-0040568,RB,0.5,0.14,0.41
2026,12,00-0040067,RB,0.27,0.05,0.31
2026,12,00-0041562,QB,15.94,0,2.68
2026,12,00-0041472,TE,2.8,1.6,0
2026,12,00-0040894,WR,0.01,0.01,0
2026,12,00-0041037,WR,6.25,3.66,0.14
2026,12,00-0041104,RB,2.6,1.06,1.45
2026,12,00-0041100,WR,0.44,0.19,0.19
2026,12,00-0041067,WR,1.77,1.19,0
2026,12,00-0041069,WR,1.99,1.25,0
2026,12,00-0030279,WR,8.86,5.23,0
2026,12,00-0032398,WR,0.26,0.16,0
2026,12,00-0033555,WR,2.88,1.56,0.05
2026,12,00-0033955,RB,0.72,0.2,0.6
2026,12,00-0034798,TE,0.82,0.46,0
2026,12,00-0035719,WR,10.47,5.24,0.93
2026,12,00-0035685,RB,13.79,2.36,15.68
2026,12,00-0036223,RB,19.9,4,17.36
2026,12,00-0036415,WR,0.1,0.07,0
2026,12,00-0036425,RB,0.18,0.02,0.26
2026,12,00-0036630,WR,0.53,0.31,0
2026,12,00-0036842,RB,0.11,0.01,0.19
2026,12,00-0037666,WR,3.29,1.91,0
2026,12,00-0037263,RB,5.52,1.09,6.13
2026,12,00-0037742,WR,2.07,1.35,0.13
2026,12,00-0037239,WR,15.91,8.94,0.05
2026,12,00-0037304,RB,0.89,0.39,0.4
2026,12,00-0037834,QB,21.87,0,4.12
2026,12,00-0037292,TE,0.47,0.29,0
2026,12,00-0039165,RB,3.36,0.63,3.38
2026,12,00-0039344,RB,8.57,2.49,7.95
2026,12,00-0040124,WR,14.41,8.2,0.08
2026,12,00-0031610,TE,7.93,4.11,0
2026,12,00-0033921,WR,10.95,6.19,0.05
2026,12,00-0033589,WR,0.05,0.03,0
2026,12,00-0035359,WR,0.46,0.29,0
2026,12,00-0038951,RB,3.83,0.29,4.24
2026,12,00-0039491,WR,11.97,5.99,0.08
2026,12,00-0040218,WR,1.82,0.95,0.33
2026,12,00-0036825,TE,0.08,0.03,0.05
2026,12,00-0037005,TE,2.2,1.27,0
2026,12,00-0039356,TE,1.49,0.87,0
2026,12,00-0039754,TE,0.5,0.27,0
2026,12,00-0040644,RB,1.36,0.36,1.4
2026,12,00-0036919,RB,9.6,3.12,6.66
2026,12,00-0037311,TE,0.05,0.03,0
2026,12,00-0039855,WR,7.32,3.7,0.11
2026,12,00-0039342,WR,2.96,1.96,0
2026,12,00-0039589,WR,0.51,0.29,0.05
2026,12,00-0034855,QB,19.69,0,3.25
2026,12,00-0038129,TE,7.4,4.41,0
2026,12,00-0037614,WR,2.98,1.89,0.09
2026,12,00-0041048,WR,3.14,1.91,0.08
2026,12,00-0036555,RB,9.94,1.92,12.29
2026,12,00-0039150,QB,17.82,0,4.73
2026,12,00-0039050,TE,0.54,0.32,0
2026,12,00-0039361,RB,12.41,2.56,13.08
2026,12,00-0040187,TE,1.03,0.56,0
2026,12,00-0040237,WR,2.67,1.45,0.09
2026,12,00-0040129,WR,11.63,6.96,0.24
2026,13,00-0039751,WR,0.63,0.35,0.07
2026,13,00-0039894,WR,10.5,6.17,0.97
2026,13,00-0040890,WR,1.8,1.14,0
2026,13,00-0033110,TE,1.73,0.99,0
2026,13,00-0038104,WR,5.38,2.89,0
2026,13,00-0039067,WR,15.68,8.51,0.41
2026,13,00-0036244,TE,5.44,2.88,0
2026,13,00-0037557,RB,0.16,0.02,0.22
2026,13,00-0039074,TE,0.8,0.47,0
2026,13,00-0038519,WR,0.16,0.09,0.03
2026,13,00-0040078,RB,0.76,0.36,0.51
2026,13,00-0040737,TE,3.71,2.59,0
2026,13,00-0040590,WR,2.39,1.81,0
2026,13,00-0041415,RB,0.21,0.07,0.17
2026,13,00-0038359,WR,1.06,0.54,0.09
2026,13,00-0040646,WR,1.69,1.12,0.04
2026,13,00-0041510,TE,1.12,0.67,0
2026,13,00-0041013,RB,3.34,1.04,2.8
2026,13,00-0026498,QB,19.43,0,1.33
2026,13,00-0036637,TE,4.69,2.76,0
2026,13,00-0038705,RB,2.51,0.97,1.24
2026,13,00-0033873,QB,20.75,0,2.26
2026,13,00-0037840,RB,14.4,2.57,14.82
2026,13,00-0039738,RB,8.52,1,10.73
2026,13,00-0030506,TE,11.94,6.32,0
2026,13,00-0031381,WR,12.34,6.86,0
2026,13,00-0038134,RB,14.92,3.58,14.5
2026,13,00-0039075,WR,20.6,9.76,0.45
2026,13,00-0038573,WR,0.2,0.07,0.14
2026,13,00-0038685,RB,1.85,0.75,1.07
2026,13,00-0039851,QB,21.01,0,4.57
2026,13,00-0039880,WR,6.58,3.58,1.12
2026,13,00-0039365,WR,0.02,0.01,0
2026,13,00-0039737,TE,1.05,0.64,0
2026,13,00-0039754,TE,0.5,0.27,0
2026,13,00-0040009,WR,2.78,1.4,0.35
2026,13,00-0040142,RB,0.25,0.06,0.29
2026,13,00-0040691,QB,21.26,0,5.55
2026,13,00-0040129,WR,11.47,6.96,0.24
2026,13,00-0040218,WR,1.79,0.95,0.33
2026,13,00-0040238,RB,2.67,1.25,1.02
2026,13,00-0040743,QB,19.56,0,4.56
2026,13,00-0041042,WR,6.78,4.09,0.05
2026,13,00-0041070,WR,0.39,0.24,0
2026,13,00-0041529,WR,4.04,2.45,0
2026,13,00-0041550,WR,1.32,0.85,0
2026,13,00-0041096,RB,1.35,0.16,1.89
2026,13,00-0041579,TE,0.84,0.49,0
2026,13,00-0041099,WR,2.05,1.31,0
2026,13,00-0031235,WR,1.09,0.66,0
2026,13,00-0031408,WR,13.33,7.07,0
2026,13,00-0031588,WR,11.33,6.02,0
2026,13,00-0031610,TE,7.81,4.11,0
2026,13,00-0033090,TE,9.02,4.55,0
2026,13,00-0032464,WR,3.39,1.82,0.17
2026,13,00-0033885,TE,3.99,2.32,0
2026,13,00-0033555,WR,2.87,1.56,0.05
2026,13,00-0033288,TE,12,5.35,0
2026,13,00-0033589,WR,0.04,0.03,0
2026,13,00-0033376,FB,0.14,0.09,0
2026,13,00-0033757,TE,0.07,0.04,0
2026,13,00-0034613,TE,0.64,0.36,0
2026,13,00-0035644,TE,3.35,1.79,0
2026,13,00-0034981,TE,0.79,0.41,0
2026,13,00-0036407,WR,6.07,4.07,0.07
2026,13,00-0036040,TE,9.86,5.4,0
2026,13,00-0036429,TE,0.83,0.48,0
2026,13,00-0036912,WR,15.04,7.5,0.05
2026,13,00-0036825,TE,0.08,0.03,0.05
2026,13,00-0036970,TE,11.45,6.39,0
2026,13,00-0036875,RB,11.25,1.99,11.39
2026,13,00-0036988,WR,1.92,1.14,0
2026,13,00-0036754,TE,2.67,1.53,0
2026,13,00-0036534,TE,0.2,0.12,0
2026,13,00-0037261,WR,11.04,5.82,0.11
2026,13,00-0037120,RB,0.51,0.13,0.47
2026,13,00-0037085,RB,1.06,0.59,0.28
2026,13,00-0037809,TE,9.32,5.39,0
2026,13,00-0037525,RB,9.44,1.17,9.91
2026,13,00-0037475,TE,0.41,0.24,0
2026,13,00-0037112,TE,2.27,1.27,0
2026,13,00-0038996,TE,12.36,5.55,0
2026,13,00-0039032,RB,7.5,2.75,5.08
2026,13,00-0023459,QB,17.27,0,1.26
2026,13,00-0038551,RB,1.57,0.52,1.2
2026,13,00-0039041,TE,3.12,1.75,0
2026,13,00-0038710,TE,0.43,0.28,0
2026,13,00-0038440,RB,0.05,0.01,0.05
2026,13,00-0039918,QB,21.26,0,4.3
2026,13,00-0039344,RB,8.53,2.49,7.95
2026,13,00-0039814,TE,2.97,1.67,0
2026,13,00-0039356,TE,1.47,0.87,0
2026,13,00-0039342,WR,2.9,1.96,0
2026,13,00-0039915,WR,13.17,7,0.11
2026,13,00-0039355,WR,0.6,0.32,0
2026,13,00-0039589,WR,0.5,0.29,0.05
2026,13,00-0040177,RB,1.9,0.36,1.97
2026,13,00-0040170,WR,3.01,2.01,0
2026,13,00-0040727,WR,5.96,3.51,0.13
2026,13,00-0040784,RB,12.95,2.25,16.07
2026,13,00-0040126,TE,14.09,7.16,0.05
2026,13,00-0040735,WR,13.45,6.54,0.59
2026,13,00-0040676,QB,17.81,0,2.64
2026,13,00-0040124,WR,14.17,8.2,0.08
2026,13,00-0040734,RB,12.01,2.5,10.38
2026,13,00-0040568,RB,0.51,0.14,0.41
2026,13,00-0040277,WR,2.05,1.24,0
2026,13,00-0041116,TE,0.64,0.36,0
2026,13,00-0040886,RB,2.35,0.63,2.24
2026,13,00-0041048,WR,3.09,1.91,0.08
2026,13,00-0041041,TE,2.34,1.44,0
2026,13,00-0041044,WR,3.85,2.23,0.13
2026,13,00-0041104,RB,2.64,1.06,1.45
2026,13,00-0041077,TE,3.44,1.91,0
2026,13,00-0029892,FB,1.76,0.96,0.11
2026,13,00-0032104,RB,0.32,0.12,0.18
2026,13,00-0033537,QB,15.49,0,3.14
2026,13,00-0033906,RB,5.66,1.96,4.76
2026,13,00-0034844,RB,15.01,3.18,16.11
2026,13,00-0034837,WR,6.77,4,0.04
2026,13,00-0034383,TE,9.59,5.46,0
2026,13,00-0035640,WR,11.68,6.3,0.15
2026,13,00-0035700,RB,14.11,2.65,14.81
2026,13,00-0035659,WR,14.05,7.41,0.05
2026,13,00-0035631,TE,2.09,1.19,0
2026,13,00-0035359,WR,0.45,0.29,0
2026,13,00-0036275,RB,12.37,2.76,12.51
2026,13,00-0036355,QB,19.97,0,4.46
2026,13,00-0036973,RB,12.32,2.82,13.39
2026,13,00-0036963,WR,20,9.83,0.26
2026,13,00-0036556,TE,0.16,0.09,0
2026,13,00-0036626,WR,0.42,0.23,0.06
2026,13,00-0036894,TE,7.2,3.74,0
2026,13,00-0036628,TE,2.19,1.23,0
2026,13,00-0037238,WR,16.67,8.94,0.06
2026,13,00-0037744,TE,15.55,8.58,0
2026,13,00-0037239,WR,15.77,8.94,0.05
2026,13,00-0037614,WR,2.92,1.89,0.09
2026,13,00-0037539,TE,0.45,0.27,0
2026,13,00-0039040,RB,17.05,3.69,13.99
2026,13,00-0039150,QB,17.46,0,4.73
2026,13,00-0038976,WR,4.49,2.23,0.44
2026,13,00-0038994,WR,11.31,6.01,0.27
2026,13,00-0038611,RB,8.05,0.67,9.6
2026,13,00-0039021,RB,0.24,0,0.35
2026,13,00-0039732,QB,20.85,0,4.36
2026,13,00-0039910,QB,21.08,0,7.1
2026,13,00-0039875,RB,3.88,0.81,4.47
2026,13,00-0039912,TE,1.2,0.66,0
2026,13,00-0039919,WR,11.44,6.7,0.05
2026,13,00-0039868,WR,2.78,1.66,0.11
2026,13,00-0039849,WR,10.65,6.61,0
2026,13,00-0039739,WR,1.94,1.24,0
2026,13,00-0039901,WR,4.19,2.31,0.04
2026,13,00-0039491,WR,11.8,5.99,0.08
2026,13,00-0040651,RB,0.12,0,0.18
2026,13,00-0040162,RB,6.69,2.15,6.17
2026,13,00-0040466,RB,0.25,0.03,0.43
2026,13,00-0040644,RB,1.35,0.36,1.4
2026,13,00-0040236,RB,8.2,1.74,8.29
2026,13,00-0040669,WR,3.85,2.21,0.05
2026,13,00-0040563,WR,0.12,0.06,0
2026,13,00-0040131,WR,0.45,0.28,0.06
2026,13,00-0040184,WR,0.93,0.65,0.05
2026,13,00-0040024,WR,0.49,0.28,0
2026,13,00-0041438,WR,11.24,7.07,0.09
2026,13,00-0041525,WR,5.27,3.16,0.04
2026,13,00-0041248,WR,0.06,0.04,0
2026,13,00-0041037,WR,6.28,3.66,0.14
2026,13,00-0041217,RB,0.58,0.27,0.23
2026,13,00-0041483,TE,2.66,1.52,0.1
2026,13,00-0041067,WR,1.76,1.19,0
2026,13,00-0041524,TE,3.98,2.23,0
2026,13,00-0033119,QB,17.08,0,2.14
2026,13,00-0032775,WR,2.95,1.6,0
2026,13,00-0033553,RB,3.03,0.89,2.51
2026,13,00-0033955,RB,0.7,0.2,0.6
2026,13,00-0034827,WR,11.46,6.14,0.44
2026,13,00-0034857,QB,22.89,0,6.21
2026,13,00-0034348,WR,10.82,5.95,0
2026,13,00-0034487,WR,0.25,0.16,0
2026,13,00-0035676,WR,16.15,7.68,0.04
2026,13,00-0035685,RB,13.85,2.36,15.68
2026,13,00-0034960,WR,10.4,5.84,0.28
2026,13,00-0035537,RB,3.96,1.36,2.57
2026,13,00-0035208,WR,4.03,2.43,0.2
2026,13,00-0036264,QB,19.86,0,3.09
2026,13,00-0036425,RB,0.19,0.02,0.26
2026,13,00-0036971,QB,20.35,0,4.38
2026,13,00-0036613,WR,15.04,7.66,0.22
2026,13,00-0036893,RB,1.66,0.5,1.61
2026,13,00-0036919,RB,9.4,3.12,6.66
2026,13,00-0036630,WR,0.53,0.31,0
2026,13,00-0036924,RB,0.25,0.11,0.16
2026,13,00-0038046,TE,4.04,2.29,0.11
2026,13,00-0037263,RB,5.44,1.09,6.13
2026,13,00-0037742,WR,2.07,1.35,0.13
2026,13,00-0038090,WR,0.23,0.12,0.07
2026,13,00-0037252,TE,6.37,3.59,0
2026,13,00-0037086,TE,1.84,0.99,0
2026,13,00-0037091,WR,1.97,1.29,0.12
2026,13,00-0037228,RB,13.24,3.46,12.21
2026,13,00-0039139,RB,22.47,4.73,17.04
2026,13,00-0038606,WR,11.56,6.11,0.51
2026,13,00-0038608,WR,8.51,4.35,0
2026,13,00-0038544,WR,11.11,5.85,0.19
2026,13,00-0039163,QB,18.88,0,2.67
2026,13,00-0038619,WR,3.99,2.22,0.19
2026,13,00-0039050,TE,0.53,0.32,0
2026,13,00-0039065,TE,12.19,5.96,0.06
2026,13,00-0038839,WR,0.96,0.65,0
2026,13,00-0039359,TE,1.79,1,0.12
2026,13,00-0039893,WR,10.93,6.03,0.21
2026,13,00-0039874,RB,2.7,0.85,2.58
2026,13,00-0039363,RB,0.28,0.12,0.11
2026,13,00-0039384,RB,5.3,1,6.68
2026,13,00-0040583,RB,7.06,1.96,7.7
2026,13,00-0040715,RB,13.39,3.37,11.63
2026,13,00-0040237,WR,2.63,1.45,0.09
2026,13,00-0040730,RB,10.43,3.09,8.06
2026,13,00-0040189,TE,4.85,2.4,0
2026,13,00-0040154,WR,1.82,1.01,0.04
2026,13,00-0040584,TE,8.09,4.3,0
2026,13,00-0040663,TE,10.63,5.89,0.22
2026,13,00-0040522,WR,0.43,0.27,0.02
2026,13,00-0040718,DB,3.65,2.21,0.14
2026,13,00-0040242,RB,8.74,1.73,8.44
2026,13,00-0040138,WR,5.18,2.68,0.08
2026,13,00-0040259,WR,0.1,0.06,0
2026,13,00-0041029,WR,10.77,6.39,0.1
2026,13,00-0040867,WR,6.98,4,0.1
2026,13,00-0041040,WR,4.33,2.49,0.1
2026,13,00-0041558,TE,1.95,1.18,0
2026,13,00-0041443,WR,2.58,1.52,0.05
2026,13,00-0041129,RB,0.61,0.12,0.63
2026,13,00-0041084,TE,1.27,0.73,0
2026,13,00-0041087,TE,2.35,1.39,0
2026,13,00-0031484,TE,0.34,0.21,0
2026,13,00-0033106,QB,20.68,0,1.62
2026,13,00-0033280,RB,22.83,5.77,18.4
2026,13,00-0033921,WR,10.81,6.19,0.05
2026,13,00-0033858,TE,1.77,1.01,0
2026,13,00-0033526,RB,3.4,1.04,2.59
2026,13,00-0033307,WR,4.8,2.66,0
2026,13,00-0034855,QB,19.4,0,3.25
2026,13,00-0034775,WR,1.38,0.83,0.02
2026,13,00-0034860,WR,0.19,0.1,0.02
2026,13,00-0034829,TE,6.34,3.68,0
2026,13,00-0035228,QB,19.67,0,5.79
2026,13,00-0035719,WR,10.61,5.24,0.93
2026,13,00-0035406,WR,2.1,1.22,0
2026,13,00-0035249,TE,2.48,1.36,0
2026,13,00-0036415,WR,0.1,0.07,0
2026,13,00-0036389,QB,21.78,0,6.91
2026,13,00-0036309,WR,5.2,3.44,0.05
2026,13,00-0036554,WR,17.3,8.68,0.22
2026,13,00-0036555,RB,9.93,1.92,12.29
2026,13,00-0036887,TE,0.65,0.36,0
2026,13,00-0037666,WR,3.23,1.91,0
2026,13,00-0037741,WR,5.1,3.17,0.03
2026,13,00-0037838,TE,9.65,5.21,0
2026,13,00-0037746,RB,4.92,0.98,5.3
2026,13,00-0037231,WR,1.31,0.93,0.04
2026,13,00-0038115,TE,5.04,2.63,0
2026,13,00-0037132,WR,0.05,0.03,0
2026,13,00-0038555,RB,3.65,0.52,4.15
2026,13,00-0038393,WR,6.27,3.61,0.05
2026,13,00-0038621,WR,5.33,2.74,0.36
2026,13,00-0038977,WR,1.19,0.67,0.06
2026,13,00-0038542,RB,22.23,5.44,18.47
2026,13,00-0038454,RB,6.85,1.52,6.01
2026,13,00-0038589,TE,0.37,0.21,0
2026,13,00-0039146,WR,13.15,6.12,0.96
2026,13,00-0038559,WR,11.31,6.28,0.05
2026,13,00-0038783,TE,0.34,0.19,0
2026,13,00-0039373,RB,1.04,0.29,0.97
2026,13,00-0039811,RB,4.33,1.18,4.08
2026,13,00-0039361,RB,12.1,2.56,13.08
2026,13,00-0039405,RB,0.6,0.1,0.83
2026,13,00-0039847,TE,3.67,2.18,0
2026,13,00-0039920,WR,0.82,0.28,0.39
2026,13,00-0039337,WR,12.72,7.88,0.15
2026,13,00-0039391,RB,1.27,0.26,1.68
2026,13,00-0039364,RB,0.19,0.06,0.15
2026,13,00-0039424,WR,8.64,4.98,0.05
2026,13,00-0040187,TE,1.01,0.56,0
2026,13,00-0040719,RB,11.14,2.43,11.47
2026,13,00-0040667,WR,9.93,5.5,0.82
2026,13,00-0040194,TE,2.14,1.15,0
2026,13,00-0040509,TE,0.23,0.13,0
2026,13,00-0041489,WR,5.29,3.06,0.09
2026,13,00-0041027,RB,15.52,5.08,12.71
2026,13,00-0041472,TE,2.81,1.6,0
2026,13,00-0041100,WR,0.44,0.19,0.19
2026,13,00-0041052,RB,2.13,0.4,2.4
2026,13,00-0041035,WR,7.21,3.99,0.18
2026,13,00-0041395,TE,2.15,1.2,0
2026,13,00-0041398,TE,0.49,0.3,0
2026,13,00-0041069,WR,1.99,1.25,0
2026,13,00-0041244,RB,0.39,0.1,0.34
2026,13,00-0035229,TE,8.46,4.79,0
2026,13,00-0035662,WR,2.58,1.49,0
2026,13,00-0035500,WR,3.14,1.66,0.2
2026,13,00-0035250,RB,0.83,0.17,0.96
2026,13,00-0035535,WR,3.84,2.36,0
2026,13,00-0036212,QB,19.11,0,2.29
2026,13,00-0036442,QB,22.25,0,2.49
2026,13,00-0036410,WR,15.45,7.4,0.06
2026,13,00-0036252,WR,10.54,6.01,0.05
2026,13,00-0036422,TE,2.17,1.12,0
2026,13,00-0036590,TE,0.48,0.29,0
2026,13,00-0036876,TE,0.19,0.12,0
2026,13,00-0037816,WR,10.14,5.53,0
2026,13,00-0038117,WR,10.17,6.37,0.2
2026,13,00-0037258,RB,0.23,0.07,0.2
2026,13,00-0037256,RB,10.01,3.28,7.5
2026,13,00-0037834,QB,22.17,0,4.12
2026,13,00-0037197,RB,3.91,0.73,4.85
2026,13,00-0037276,RB,0.98,0.49,0.37
2026,13,00-0037594,RB,0.29,0.12,0.21
2026,13,00-0037311,TE,0.05,0.03,0
2026,13,00-0038597,RB,17.13,4.82,14.64
2026,13,00-0038558,TE,4.57,2.59,0
2026,13,00-0039144,TE,2.96,1.73,0
2026,13,00-0038564,TE,0.13,0.08,0
2026,13,00-0038618,WR,3.78,2.34,0.07
2026,13,00-0038576,WR,0.17,0.1,0
2026,13,00-0038933,TE,9.12,4.57,0
2026,13,00-0038640,WR,0.37,0.25,0
2026,13,00-0038794,RB,0.86,0.22,0.78
2026,13,00-0039746,RB,1.46,0.65,0.83
2026,13,00-0039855,WR,7.23,3.7,0.11
2026,13,00-0040134,WR,5.17,3.11,0.09
2026,13,00-0040198,RB,2.56,0.76,2.36
2026,13,00-0040782,WR,1.97,1.1,0.18
2026,13,00-0040666,RB,14.88,3.97,13.96
2026,13,00-0040205,RB,0.24,0.08,0.18
2026,13,00-0040668,QB,17.07,0,3.14
2026,13,00-0040705,WR,3.31,1.96,0.4
2026,13,00-0040208,RB,2.45,0.69,2.38
2026,13,00-0040172,WR,0.23,0.14,0
2026,13,00-0040164,WR,1.68,0.92,0.2
2026,13,00-0040311,WR,0.1,0.05,0
2026,13,00-0041523,WR,5.32,3.21,0
2026,13,00-0041547,WR,8.84,4.75,0.76
2026,13,00-0041503,TE,1.49,0.87,0
2026,13,00-0041496,RB,3.54,0.95,3.32
2026,13,00-0041216,WR,0.21,0.13,0
2026,13,00-0041051,WR,2.09,1.24,0.11
2026,13,00-0032392,TE,2.81,1.5,0
2026,13,00-0033881,TE,4.06,2.53,0
2026,13,00-0033293,RB,8.56,1.97,8.2
2026,13,00-0034351,TE,9.67,4.64,0
2026,13,00-0034270,TE,0.28,0.16,0
2026,13,00-0035689,TE,4.79,2.52,0
2026,13,00-0035261,RB,10.13,2.21,10.44
2026,13,00-0035125,FB,0.65,0.13,0.8
2026,13,00-0035544,WR,0.14,0.08,0
2026,13,00-0036322,WR,16.85,9.21,0.13
2026,13,00-0036158,RB,8.1,1.25,8.68
2026,13,00-0036290,TE,4.54,2.47,0
2026,13,00-0036331,WR,0.21,0.12,0.04
2026,13,00-0036165,WR,0.46,0.27,0
2026,13,00-0036139,RB,12.4,3.11,12.18
2026,13,00-0036259,WR,8.11,4.29,0
2026,13,00-0036900,WR,19.5,9.43,0.25
2026,13,00-0037005,TE,2.16,1.27,0
2026,13,00-0038129,TE,7.3,4.41,0
2026,13,00-0037248,RB,17.22,2.89,16.41
2026,13,00-0037240,WR,14.06,6.91,0.55
2026,13,00-0038128,QB,18.39,0,7.69
2026,13,00-0038124,WR,13.68,6.78,0.14
2026,13,00-0038935,TE,8.33,4.42,0
2026,13,00-0038951,RB,3.74,0.29,4.24
2026,13,00-0038738,FB,1.72,0.72,0.89
2026,13,00-0039793,TE,9.52,4.67,0.57
2026,13,00-0034869,QB,20.44,0,2.92
2026,13,00-0038041,TE,9.76,5.47,0
2026,13,00-0040653,WR,0.08,0.05,0
2026,13,00-0040021,RB,0.94,0.16,0.76
2026,13,00-0033576,TE,0.49,0.28,0
2026,13,00-0036427,WR,0.2,0.12,0
2026,13,00-0035891,WR,0.36,0.19,0
2026,13,00-0037545,WR,9.28,4.72,0.62
2026,13,00-0040067,RB,0.28,0.05,0.31
2026,13,00-0033908,WR,8.08,4.26,0.06
2026,13,00-0034272,WR,1.09,0.75,0.04
2026,13,00-0036997,RB,13.81,3.08,16.11
2026,13,00-0037247,WR,15.25,7.82,0.06
2026,13,00-0037801,WR,3.64,1.62,0.95
2026,13,00-0038543,WR,21.47,9.93,0.42
2026,13,00-0038797,RB,2.53,0.34,3.02
2026,13,00-0039530,TE,1.24,0.76,0
2026,13,00-0040586,RB,2.14,0.46,2.54
2026,13,00-0040739,TE,4,2.36,0
2026,13,00-0041512,RB,9.48,1.31,11.63
2026,13,00-0040939,TE,1.44,0.86,0
2026,13,00-0037563,RB,1.98,0.44,1.95
2026,13,00-0039165,RB,3.44,0.63,3.38
2026,13,00-0039410,WR,7.29,3.99,0.19
2026,13,00-0039299,RB,3.03,0.83,2.45
2026,13,00-0036358,WR,17.24,9.22,0.17
2026,13,00-0038547,TE,1.52,0.94,0
2026,13,00-0040648,WR,3.38,1.95,0.05
2026,13,00-0033077,QB,21.19,0,2.36
2026,14,00-0041104,RB,2.54,1.06,1.45
2026,14,00-0041395,TE,2.16,1.2,0
2026,14,00-0036259,WR,8.03,4.29,0
2026,14,00-0038621,WR,5.33,2.74,0.36
2026,14,00-0039851,QB,20.8,0,4.57
2026,14,00-0040154,WR,1.8,1.01,0.04
2026,14,00-0040131,WR,0.45,0.28,0.06
2026,14,00-0040509,TE,0.23,0.13,0
2026,14,00-0037816,WR,10.17,5.53,0
2026,14,00-0040734,RB,11.6,2.5,10.38
2026,14,00-0040568,RB,0.49,0.14,0.41
2026,14,00-0041129,RB,0.58,0.12,0.63
2026,14,00-0035249,TE,2.45,1.36,0
2026,14,00-0036322,WR,16.69,9.21,0.13
2026,14,00-0038994,WR,11.19,6.01,0.27
2026,14,00-0038440,RB,0.05,0.01,0.05
2026,14,00-0033090,TE,9.05,4.55,0
2026,14,00-0035676,WR,16.2,7.68,0.04
2026,14,00-0040563,WR,0.12,0.06,0
2026,14,00-0033555,WR,2.88,1.56,0.05
2026,14,00-0036875,RB,10.79,1.99,11.39
2026,14,00-0037525,RB,8.92,1.17,9.91
2026,14,00-0033293,RB,8.11,1.97,8.2
2026,14,00-0035229,TE,8.38,4.79,0
2026,14,00-0035228,QB,19.18,0,5.79
2026,14,00-0038589,TE,0.37,0.21,0
2026,14,00-0038618,WR,3.87,2.34,0.07
2026,14,00-0039050,TE,0.53,0.32,0
2026,14,00-0038576,WR,0.17,0.1,0
2026,14,00-0038710,TE,0.43,0.28,0
2026,14,00-0038783,TE,0.33,0.19,0
2026,14,00-0038794,RB,0.84,0.22,0.78
2026,14,00-0039910,QB,21.09,0,7.1
2026,14,00-0039875,RB,3.97,0.81,4.47
2026,14,00-0039373,RB,1.08,0.29,0.97
2026,14,00-0039738,RB,8.45,1,10.73
2026,14,00-0039880,WR,6.78,3.58,1.12
2026,14,00-0039920,WR,0.82,0.28,0.39
2026,14,00-0039919,WR,11.62,6.7,0.05
2026,14,00-0039894,WR,10.64,6.17,0.97
2026,14,00-0039868,WR,2.74,1.66,0.11
2026,14,00-0039792,WR,1.95,1.07,0.06
2026,14,00-0039363,RB,0.27,0.12,0.11
2026,14,00-0039424,WR,8.68,4.98,0.05
2026,14,00-0040466,RB,0.25,0.03,0.43
2026,14,00-0040187,TE,1.01,0.56,0
2026,14,00-0040009,WR,2.78,1.4,0.35
2026,14,00-0040729,WR,4.44,2.53,0.05
2026,14,00-0040648,WR,3.32,1.95,0.05
2026,14,00-0040170,WR,2.96,2.01,0
2026,14,00-0040735,WR,13.62,6.54,0.59
2026,14,00-0040218,WR,1.8,0.95,0.33
2026,14,00-0040668,QB,16.99,0,3.14
2026,14,00-0040122,RB,14.92,4.34,15.77
2026,14,00-0040194,TE,2.15,1.15,0
2026,14,00-0040075,WR,0.22,0.11,0.05
2026,14,00-0040067,RB,0.29,0.05,0.31
2026,14,00-0040887,TE,0.85,0.47,0
2026,14,00-0041511,WR,4.61,2.79,0.17
2026,14,00-0041040,WR,4.27,2.49,0.1
2026,14,00-0041525,WR,5.43,3.16,0.04
2026,14,00-0041044,WR,3.83,2.23,0.13
2026,14,00-0041067,WR,1.77,1.19,0
2026,14,00-0030565,QB,15.61,0,3.11
2026,14,00-0031610,TE,7.82,4.11,0
2026,14,00-0033537,QB,15.41,0,3.14
2026,14,00-0033280,RB,21.93,5.77,18.4
2026,14,00-0033906,RB,5.83,1.96,4.76
2026,14,00-0033881,TE,3.99,2.53,0
2026,14,00-0033589,WR,0.04,0.03,0
2026,14,00-0034855,QB,19.06,0,3.25
2026,14,00-0034775,WR,1.38,0.83,0.02
2026,14,00-0034829,TE,6.33,3.68,0
2026,14,00-0034365,TE,0.29,0.18,0
2026,14,00-0034487,WR,0.25,0.16,0
2026,14,00-0035644,TE,3.37,1.79,0
2026,14,00-0035631,TE,2.09,1.19,0
2026,14,00-0035021,WR,1.5,0.96,0.06
2026,14,00-0036212,QB,19.17,0,2.29
2026,14,00-0036275,RB,12.43,2.76,12.51
2026,14,00-0036550,WR,7.32,4.19,0.06
2026,14,00-0036876,TE,0.18,0.12,0
2026,14,00-0037005,TE,2.17,1.27,0
2026,14,00-0037741,WR,5.06,3.17,0.03
2026,14,00-0037258,RB,0.22,0.07,0.2
2026,14,00-0038128,QB,19.11,0,7.69
2026,14,00-0037086,TE,1.84,0.99,0
2026,14,00-0037197,RB,3.82,0.73,4.85
2026,14,00-0037085,RB,1.04,0.59,0.28
2026,14,00-0037132,WR,0.05,0.03,0
2026,14,00-0039139,RB,22.16,4.73,17.04
2026,14,00-0039144,TE,2.94,1.73,0
2026,14,00-0039066,TE,3.97,2.63,0
2026,14,00-0039032,RB,7.51,2.75,5.08
2026,14,00-0039165,RB,3.49,0.63,3.38
2026,14,00-0038563,WR,9.61,5.61,0.44
2026,14,00-0039146,WR,13.13,6.12,0.96
2026,14,00-0038573,WR,0.21,0.07,0.14
2026,14,00-0038933,TE,9.16,4.57,0
2026,14,00-0038685,RB,1.88,0.75,1.07
2026,14,00-0039796,RB,0.24,0.11,0.11
2026,14,00-0039798,RB,5.11,1.52,3.97
2026,14,00-0039344,RB,8.64,2.49,7.95
2026,14,00-0039793,TE,9.38,4.67,0.57
2026,14,00-0039365,WR,0.02,0.01,0
2026,14,00-0039855,WR,7.21,3.7,0.11
2026,14,00-0039915,WR,13.11,7,0.11
2026,14,00-0039391,RB,1.31,0.26,1.68
2026,14,00-0040162,RB,6.64,2.15,6.17
2026,14,00-0040237,WR,2.62,1.45,0.09
2026,14,00-0040737,TE,3.73,2.59,0
2026,14,00-0040198,RB,2.65,0.76,2.36
2026,14,00-0040663,TE,10.6,5.89,0.22
2026,14,00-0040739,TE,3.92,2.36,0
2026,14,00-0040676,QB,17.33,0,2.64
2026,14,00-0040124,WR,14.19,8.2,0.08
2026,14,00-0040242,RB,8.9,1.73,8.44
2026,14,00-0040590,WR,2.41,1.81,0
2026,14,00-0040876,WR,3.34,1.92,0.05
2026,14,00-0041562,QB,15.8,0,2.68
2026,14,00-0041438,WR,11.05,7.07,0.09
2026,14,00-0041042,WR,6.71,4.09,0.05
2026,14,00-0041512,RB,9.67,1.31,11.63
2026,14,00-0040870,WR,3.15,1.87,0.05
2026,14,00-0040867,WR,6.99,4,0.1
2026,14,00-0040888,RB,0.28,0.08,0.23
2026,14,00-0041415,RB,0.21,0.07,0.17
2026,14,00-0041248,WR,0.06,0.04,0
2026,14,00-0040894,WR,0.01,0.01,0
2026,14,00-0041483,TE,2.67,1.52,0.1
2026,14,00-0041096,RB,1.39,0.16,1.89
2026,14,00-0041035,WR,7.19,3.99,0.18
2026,14,00-0041579,TE,0.86,0.49,0
2026,14,00-0031408,WR,13.32,7.07,0
2026,14,00-0032398,WR,0.26,0.16,0
2026,14,00-0033873,QB,21.04,0,2.26
2026,14,00-0033576,TE,0.48,0.28,0
2026,14,00-0034796,QB,21.73,0,7.86
2026,14,00-0034869,QB,19.98,0,2.92
2026,14,00-0034837,WR,6.67,4,0.04
2026,14,00-0034798,TE,0.83,0.46,0
2026,14,00-0035662,WR,2.59,1.49,0
2026,14,00-0035689,TE,4.81,2.52,0
2026,14,00-0035261,RB,10.25,2.21,10.44
2026,14,00-0034981,TE,0.81,0.41,0
2026,14,00-0035250,RB,0.83,0.17,0.96
2026,14,00-0036410,WR,15.43,7.4,0.06
2026,14,00-0036158,RB,7.92,1.25,8.68
2026,14,00-0036556,TE,0.16,0.09,0
2026,14,00-0036628,TE,2.16,1.23,0
2026,14,00-0036842,RB,0.11,0.01,0.19
2026,14,00-0037261,WR,11.09,5.82,0.11
2026,14,00-0037840,RB,14.32,2.57,14.82
2026,14,00-0037252,TE,6.56,3.59,0
2026,14,00-0038543,WR,21.15,9.93,0.42
2026,14,00-0038976,WR,4.43,2.23,0.44
2026,14,00-0038997,WR,12.12,6.89,0.18
2026,14,00-0038454,RB,6.98,1.52,6.01
2026,14,00-0038551,RB,1.62,0.52,1.2
2026,14,00-0039067,WR,15.85,8.51,0.41
2026,14,00-0039918,QB,21.63,0,4.3
2026,14,00-0039361,RB,11.64,2.56,13.08
2026,14,00-0039912,TE,1.19,0.66,0
2026,14,00-0039338,TE,16.21,8.33,0.22
2026,14,00-0039751,WR,0.63,0.35,0.07
2026,14,00-0039890,WR,6.06,4.44,0.06
2026,14,00-0039901,WR,4.21,2.31,0.04
2026,14,00-0039754,TE,0.49,0.27,0
2026,14,00-0039589,WR,0.5,0.29,0.05
2026,14,00-0040667,WR,9.91,5.5,0.82
2026,14,00-0040666,RB,15.18,3.97,13.96
2026,14,00-0040784,RB,12.85,2.25,16.07
2026,14,00-0040138,WR,5.29,2.68,0.08
2026,14,00-0041547,WR,8.81,4.75,0.76
2026,14,00-0041550,WR,1.31,0.85,0
2026,14,00-0041051,WR,2.12,1.24,0.11
2026,14,00-0041524,TE,4.09,2.23,0
2026,14,00-0029892,FB,1.76,0.96,0.11
2026,14,00-0041244,RB,0.38,0.1,0.34
2026,14,00-0032764,RB,14.89,1.33,16.93
2026,14,00-0032392,TE,2.8,1.5,0
2026,14,00-0032464,WR,3.44,1.82,0.17
2026,14,00-0033885,TE,3.97,2.32,0
2026,14,00-0033217,TE,1.24,0.75,0
2026,14,00-0026498,QB,19.51,0,1.33
2026,14,00-0033288,TE,12,5.35,0
2026,14,00-0034827,WR,11.52,6.14,0.44
2026,14,00-0034383,TE,9.81,5.46,0
2026,14,00-0034753,TE,10.5,4.95,0.36
2026,14,00-0035710,QB,18.27,0,3.04
2026,14,00-0035406,WR,2.07,1.22,0
2026,14,00-0035500,WR,3.15,1.66,0.2
2026,14,00-0035535,WR,3.8,2.36,0
2026,14,00-0036442,QB,22.09,0,2.49
2026,14,00-0036407,WR,6.05,4.07,0.07
2026,14,00-0036355,QB,19.92,0,4.46
2026,14,00-0036264,QB,19.87,0,3.09
2026,14,00-0035891,WR,0.35,0.19,0
2026,14,00-0036825,TE,0.08,0.03,0.05
2026,14,00-0036973,RB,12.79,2.82,13.39
2026,14,00-0036919,RB,9.16,3.12,6.66
2026,14,00-0036554,WR,17.64,8.68,0.22
2026,14,00-0036555,RB,10.1,1.92,12.29
2026,14,00-0036637,TE,4.74,2.76,0
2026,14,00-0037238,WR,16.58,8.94,0.06
2026,14,00-0037838,TE,9.56,5.21,0
2026,14,00-0037256,RB,10.11,3.28,7.5
2026,14,00-0038134,RB,15.38,3.58,14.5
2026,14,00-0037291,WR,8.33,4.76,0.22
2026,14,00-0037834,QB,22.13,0,4.12
2026,14,00-0038104,WR,5.43,2.89,0
2026,14,00-0037809,TE,9.2,5.39,0
2026,14,00-0037594,RB,0.29,0.12,0.21
2026,14,00-0037093,WR,0.46,0.29,0
2026,14,00-0037545,WR,9.14,4.72,0.62
2026,14,00-0038597,RB,16.84,4.82,14.64
2026,14,00-0038393,WR,6.28,3.61,0.05
2026,14,00-0039075,WR,20.69,9.76,0.45
2026,14,00-0038564,TE,0.13,0.08,0
2026,14,00-0038619,WR,3.98,2.22,0.19
2026,14,00-0038839,WR,0.95,0.65,0
2026,14,00-0038359,WR,1.06,0.54,0.09
2026,14,00-0038705,RB,2.56,0.97,1.24
2026,14,00-0038797,RB,2.57,0.34,3.02
2026,14,00-0039407,RB,0.44,0.12,0.49
2026,14,00-0039794,RB,3.41,0.68,3.88
2026,14,00-0039814,TE,2.96,1.67,0
2026,14,00-0039451,WR,1.6,0.98,0.17
2026,14,00-0039342,WR,2.9,1.96,0
2026,14,00-0039874,RB,2.8,0.85,2.58
2026,14,00-0039384,RB,5.25,1,6.68
2026,14,00-0040583,RB,7.28,1.96,7.7
2026,14,00-0040715,RB,13.28,3.37,11.63
2026,14,00-0040129,WR,11.43,6.96,0.24
2026,14,00-0040128,TE,12.75,7.11,0.26
2026,14,00-0040522,WR,0.43,0.27,0.02
2026,14,00-0040236,RB,8.23,1.74,8.29
2026,14,00-0040581,WR,0.07,0.06,0
2026,14,00-0040886,RB,2.37,0.63,2.24
2026,14,WAS569019,RB,2.95,0.97,2.34
2026,14,00-0041048,WR,3.08,1.91,0.08
2026,14,00-0041132,WR,0.37,0.24,0
2026,14,00-0041037,WR,6.26,3.66,0.14
2026,14,00-0041004,WR,0.21,0.14,0
2026,14,00-0041099,WR,2.06,1.31,0
2026,14,00-0031381,WR,12.4,6.86,0
2026,14,00-0033106,QB,20.59,0,1.62
2026,14,00-0032775,WR,2.95,1.6,0
2026,14,00-0033908,WR,7.95,4.26,0.06
2026,14,00-0033858,TE,1.77,1.01,0
2026,14,00-0033955,RB,0.71,0.2,0.6
2026,14,00-0033375,WR,0.67,0.36,0
2026,14,00-0033376,FB,0.14,0.09,0
2026,14,00-0034844,RB,14.83,3.18,16.11
2026,14,00-0034860,WR,0.19,0.1,0.02
2026,14,00-0034348,WR,10.66,5.95,0
2026,14,00-0034613,TE,0.64,0.36,0
2026,14,00-0035700,RB,14.51,2.65,14.81
2026,14,00-0035719,WR,10.56,5.24,0.93
2026,14,00-0035685,RB,14.25,2.36,15.68
2026,14,00-0035537,RB,4.02,1.36,2.57
2026,14,00-0035125,FB,0.67,0.13,0.8
2026,14,00-0035544,WR,0.14,0.08,0
2026,14,00-0036223,RB,19.2,4,17.36
2026,14,00-0036165,WR,0.45,0.27,0
2026,14,00-0036429,TE,0.82,0.48,0
2026,14,00-0036309,WR,5.14,3.44,0.05
2026,14,00-0036182,WR,1.07,0.65,0
2026,14,00-0036912,WR,15.07,7.5,0.05
2026,14,00-0036963,WR,20.05,9.83,0.26
2026,14,00-0036900,WR,19.46,9.43,0.25
2026,14,00-0036630,WR,0.53,0.31,0
2026,14,00-0036887,TE,0.65,0.36,0
2026,14,00-0036534,TE,0.2,0.12,0
2026,14,00-0038129,TE,7.28,4.41,0
2026,14,00-0037248,RB,17.52,2.89,16.41
2026,14,00-0037805,TE,0.84,0.52,0
2026,14,00-0037740,WR,12.73,7.88,0.17
2026,14,00-0037614,WR,2.93,1.89,0.09
2026,14,00-0037557,RB,0.16,0.02,0.22
2026,14,00-0037231,WR,1.32,0.93,0.04
2026,14,00-0037091,WR,1.97,1.29,0.12
2026,14,00-0037120,RB,0.51,0.13,0.47
2026,14,00-0037311,TE,0.05,0.03,0
2026,14,00-0037292,TE,0.46,0.29,0
2026,14,00-0037475,TE,0.41,0.24,0
2026,14,00-0038608,WR,8.69,4.35,0
2026,14,00-0039074,TE,0.81,0.47,0
2026,14,00-0038519,WR,0.16,0.09,0.03
2026,14,00-0039732,QB,20.35,0,4.36
2026,14,00-0039746,RB,1.45,0.65,0.83
2026,14,00-0039811,RB,4.44,1.18,4.08
2026,14,00-0039405,RB,0.62,0.1,0.83
2026,14,00-0039359,TE,1.83,1,0.12
2026,14,00-0039337,WR,12.58,7.88,0.15
2026,14,00-0039364,RB,0.18,0.06,0.15
2026,14,00-0040078,RB,0.78,0.36,0.51
2026,14,00-0040177,RB,1.8,0.36,1.97
2026,14,00-0040653,WR,0.08,0.05,0
2026,14,00-0040134,WR,5.09,3.11,0.09
2026,14,00-0040189,TE,4.83,2.4,0
2026,14,00-0040736,TE,5.28,3.56,0
2026,14,00-0040584,TE,7.98,4.3,0
2026,14,00-0040691,QB,21.04,0,5.55
2026,14,00-0040126,TE,14.28,7.16,0.05
2026,14,00-0040644,RB,1.37,0.36,1.4
2026,14,00-0040669,WR,3.86,2.21,0.05
2026,14,00-0040705,WR,3.27,1.96,0.4
2026,14,00-0040743,QB,19.77,0,4.56
2026,14,00-0040172,WR,0.23,0.14,0
2026,14,00-0040184,WR,0.93,0.65,0.05
2026,14,00-0040311,WR,0.1,0.05,0
2026,14,00-0040277,WR,2.09,1.24,0
2026,14,00-0040259,WR,0.1,0.06,0
2026,14,00-0041510,TE,1.12,0.67,0
2026,14,00-0041029,WR,10.83,6.39,0.1
2026,14,00-0041523,WR,5.49,3.21,0
2026,14,00-0041472,TE,2.88,1.6,0
2026,14,00-0041013,RB,3.44,1.04,2.8
2026,14,00-0041529,WR,4.16,2.45,0
2026,14,00-0041496,RB,3.45,0.95,3.32
2026,14,00-0041077,TE,3.38,1.91,0
2026,14,00-0041125,RB,1.68,0.44,1.63
2026,14,00-0041069,WR,1.99,1.25,0
2026,14,00-0034270,TE,0.28,0.16,0
2026,14,00-0034975,RB,4.69,1.76,2.54
2026,14,00-0035359,WR,0.45,0.29,0
2026,14,00-0035208,WR,4.01,2.43,0.2
2026,14,00-0036290,TE,4.6,2.47,0
2026,14,00-0036415,WR,0.1,0.07,0
2026,14,00-0036244,TE,5.47,2.88,0
2026,14,00-0036422,TE,2.14,1.12,0
2026,14,00-0036893,RB,1.65,0.5,1.61
2026,14,00-0036970,TE,11.38,6.39,0
2026,14,00-0036626,WR,0.41,0.23,0.06
2026,14,00-0036924,RB,0.24,0.11,0.16
2026,14,00-0036988,WR,1.93,1.14,0
2026,14,00-0037666,WR,3.33,1.91,0
2026,14,00-0038046,TE,4.03,2.29,0.11
2026,14,00-0037742,WR,2.04,1.35,0.13
2026,14,00-0037664,WR,12.47,6.28,0.05
2026,14,00-0037746,RB,4.92,0.98,5.3
2026,14,00-0038124,WR,13.63,6.78,0.14
2026,14,00-0037304,RB,0.88,0.39,0.4
2026,14,00-0038115,TE,4.97,2.63,0
2026,14,00-0037276,RB,0.99,0.49,0.37
2026,14,00-0039150,QB,17.61,0,4.73
2026,14,00-0038542,RB,22.22,5.44,18.47
2026,14,00-0039021,RB,0.24,0,0.35
2026,14,00-0039065,TE,12.22,5.96,0.06
2026,14,00-0039847,TE,3.63,2.18,0
2026,14,00-0039356,TE,1.47,0.87,0
2026,14,00-0039491,WR,11.81,5.99,0.08
2026,14,00-0039355,WR,0.59,0.32,0
2026,14,00-0039816,WR,0.13,0.07,0.03
2026,14,00-0039299,RB,3.05,0.83,2.45
2026,14,00-0040651,RB,0.12,0,0.18
2026,14,00-0040179,RB,1.48,0.52,1.32
2026,14,00-0040730,RB,10.22,3.09,8.06
2026,14,00-0040782,WR,1.96,1.1,0.18
2026,14,00-0040646,WR,1.71,1.12,0.04
2026,14,00-0040727,WR,5.93,3.51,0.13
2026,14,00-0040205,RB,0.24,0.08,0.18
2026,14,00-0040582,WR,0.31,0.19,0.07
2026,14,00-0040208,RB,2.41,0.69,2.38
2026,14,00-0040164,WR,1.67,0.92,0.2
2026,14,00-0040024,WR,0.49,0.28,0
2026,14,00-0041116,TE,0.64,0.36,0
2026,14,00-0041041,TE,2.36,1.44,0
2026,14,00-0041558,TE,1.98,1.18,0
2026,14,00-0041032,TE,3.79,2.25,0.06
2026,14,00-0041443,WR,2.59,1.52,0.05
2026,14,00-0040890,WR,1.82,1.14,0
2026,14,00-0041052,RB,2.01,0.4,2.4
2026,14,00-0041087,TE,2.34,1.39,0
2026,14,00-0030506,TE,12.05,6.32,0
2026,14,00-0030279,WR,8.78,5.23,0
2026,14,00-0031235,WR,1.08,0.66,0
2026,14,00-0031588,WR,11.2,6.02,0
2026,14,00-0031484,TE,0.34,0.21,0
2026,14,00-0033110,TE,1.74,0.99,0
2026,14,00-0033921,WR,10.78,6.19,0.05
2026,14,00-0033526,RB,3.35,1.04,2.59
2026,14,00-0034857,QB,23.13,0,6.21
2026,14,00-0034351,TE,9.69,4.64,0
2026,14,00-0035659,WR,13.89,7.41,0.05
2026,14,00-0036389,QB,21.74,0,6.91
2026,14,00-0036040,TE,9.91,5.4,0
2026,14,00-0036613,WR,14.83,7.66,0.22
2026,14,00-0036754,TE,2.68,1.53,0
2026,14,00-0038117,WR,10,6.37,0.2
2026,14,00-0037239,WR,15.85,8.94,0.05
2026,14,00-0037240,WR,14.08,6.91,0.55
2026,14,00-0038120,RB,13.92,2.76,15.75
2026,14,00-0038090,WR,0.23,0.12,0.07
2026,14,00-0037539,TE,0.44,0.27,0
2026,14,00-0037112,TE,2.27,1.27,0
2026,14,00-0038555,RB,3.6,0.52,4.15
2026,14,00-0039040,RB,17.53,3.69,13.99
2026,14,00-0038996,TE,12.32,5.55,0
2026,14,00-0038977,WR,1.21,0.67,0.06
2026,14,00-0038951,RB,3.6,0.29,4.24
2026,14,00-0038544,WR,11.06,5.85,0.19
2026,14,00-0039163,QB,19.36,0,2.67
2026,14,00-0039064,WR,15.36,7.58,0.2
2026,14,00-0041217,RB,0.57,0.27,0.23
2026,14,00-0034960,WR,10.22,5.84,0.28
2026,14,00-0023459,QB,17.27,0,1.26
2026,14,00-0040718,DB,3.58,2.21,0.14
2026,14,00-0041489,WR,5.3,3.06,0.09
2026,14,00-0041216,WR,0.21,0.13,0
2026,14,00-0033757,TE,0.07,0.04,0
2026,14,00-0039739,WR,1.95,1.24,0
2026,14,00-0039893,WR,10.75,6.03,0.21
2026,14,00-0041398,TE,0.49,0.3,0
2026,14,00-0036139,RB,12.41,3.11,12.18
2026,14,00-0040142,RB,0.25,0.06,0.29
2026,14,00-0041503,TE,1.46,0.87,0
2026,14,00-0036971,QB,19.94,0,4.38
2026,14,00-0038935,TE,8.2,4.42,0
2026,14,00-0040719,RB,10.7,2.43,11.47
2026,14,00-0036252,WR,10.57,6.01,0.05
2026,14,00-0036894,TE,7.22,3.74,0
2026,14,00-0038558,TE,4.58,2.59,0
2026,14,00-0038606,WR,11.37,6.11,0.51
2026,14,00-0038611,RB,7.72,0.67,9.6
2026,14,00-0040238,RB,2.6,1.25,1.02
2026,14,00-0041100,WR,0.43,0.19,0.19
2026,14,00-0041084,TE,1.25,0.73,0
2026,14,00-0032104,RB,0.31,0.12,0.18
2026,14,00-0035640,WR,11.71,6.3,0.15
2026,14,00-0036425,RB,0.18,0.02,0.26
2026,14,00-0036590,TE,0.47,0.29,0
2026,14,00-0037228,RB,13.25,3.46,12.21
2026,15,00-0038573,WR,0.2,0.07,0.14
2026,15,00-0039365,WR,0.02,0.01,0
2026,15,00-0041550,WR,1.3,0.85,0
2026,15,00-0038544,WR,10.99,5.85,0.19
2026,15,00-0039391,RB,1.28,0.26,1.68
2026,15,00-0035125,FB,0.65,0.13,0.8
2026,15,00-0039915,WR,13.03,7,0.11
2026,15,00-0039363,RB,0.28,0.12,0.11
2026,15,00-0040189,TE,4.8,2.4,0
2026,15,00-0040172,WR,0.23,0.14,0
2026,15,00-0040184,WR,0.92,0.65,0.05
2026,15,00-0041052,RB,2.08,0.4,2.4
2026,15,00-0029892,FB,1.75,0.96,0.11
2026,15,00-0033280,RB,22.43,5.77,18.4
2026,15,00-0033288,TE,11.94,5.35,0
2026,15,00-0036887,TE,0.65,0.36,0
2026,15,00-0038046,TE,4,2.29,0.11
2026,15,00-0033885,TE,3.95,2.32,0
2026,15,00-0035719,WR,10.53,5.24,0.93
2026,15,00-0037834,QB,22.04,0,4.12
2026,15,00-0040666,RB,14.93,3.97,13.96
2026,15,00-0032775,WR,2.93,1.6,0
2026,15,00-0034775,WR,1.37,0.83,0.02
2026,15,00-0037112,TE,2.25,1.27,0
2026,15,00-0038454,RB,6.88,1.52,6.01
2026,15,00-0040177,RB,1.86,0.36,1.97
2026,15,00-0040727,WR,5.89,3.51,0.13
2026,15,00-0041035,WR,7.15,3.99,0.18
2026,15,00-0031408,WR,13.24,7.07,0
2026,15,00-0036355,QB,19.78,0,4.46
2026,15,00-0039919,WR,11.34,6.7,0.05
2026,15,00-0040024,WR,0.48,0.28,0
2026,15,00-0041483,TE,2.61,1.52,0.1
2026,15,00-0034860,WR,0.19,0.1,0.02
2026,15,00-0034351,TE,9.52,4.64,0
2026,15,00-0035662,WR,2.54,1.49,0
2026,15,00-0035537,RB,4.08,1.36,2.57
2026,15,00-0036290,TE,4.5,2.47,0
2026,15,00-0037258,RB,0.22,0.07,0.2
2026,15,00-0037132,WR,0.05,0.03,0
2026,15,00-0038555,RB,3.55,0.52,4.15
2026,15,00-0038393,WR,6.15,3.61,0.05
2026,15,00-0039918,QB,21.18,0,4.3
2026,15,00-0040735,WR,13.35,6.54,0.59
2026,15,00-0034844,RB,14.58,3.18,16.11
2026,15,00-0034827,WR,11.63,6.14,0.44
2026,15,00-0034857,QB,23.44,0,6.21
2026,15,00-0036389,QB,21.28,0,6.91
2026,15,00-0036912,WR,14.8,7.5,0.05
2026,15,00-0037475,TE,0.4,0.24,0
2026,15,00-0038543,WR,20.97,9.93,0.42
2026,15,00-0039021,RB,0.25,0,0.35
2026,15,00-0039793,TE,9.28,4.67,0.57
2026,15,00-0039901,WR,4.25,2.31,0.04
2026,15,00-0039299,RB,2.95,0.83,2.45
2026,15,00-0040067,RB,0.27,0.05,0.31
2026,15,00-0032464,WR,3.36,1.82,0.17
2026,15,00-0033576,TE,0.47,0.28,0
2026,15,00-0036988,WR,1.95,1.14,0
2026,15,00-0036534,TE,0.21,0.12,0
2026,15,00-0039165,RB,3.35,0.63,3.38
2026,15,00-0038564,TE,0.13,0.08,0
2026,15,00-0038933,TE,9.24,4.57,0
2026,15,00-0039875,RB,4.05,0.81,4.47
2026,15,00-0040648,WR,3.28,1.95,0.05
2026,15,00-0040739,TE,3.88,2.36,0
2026,15,00-0040236,RB,8.34,1.74,8.29
2026,15,00-0040194,TE,2.17,1.15,0
2026,15,00-0041443,WR,2.62,1.52,0.05
2026,15,00-0034869,QB,19.79,0,2.92
2026,15,00-0035689,TE,4.85,2.52,0
2026,15,00-0035891,WR,0.35,0.19,0
2026,15,00-0037261,WR,11.19,5.82,0.11
2026,15,00-0037248,RB,17.81,2.89,16.41
2026,15,00-0038797,RB,2.46,0.34,3.02
2026,15,00-0039746,RB,1.42,0.65,0.83
2026,15,00-0040126,TE,13.98,7.16,0.05
2026,15,00-0040277,WR,2.03,1.24,0
2026,15,00-0040867,WR,6.85,4,0.1
2026,15,00-0034487,WR,0.25,0.16,0
2026,15,00-0037086,TE,1.81,0.99,0
2026,15,00-0040653,WR,0.08,0.05,0
2026,15,00-0041512,RB,9.22,1.31,11.63
2026,15,00-0041558,TE,1.93,1.18,0
2026,15,00-0041051,WR,2.07,1.24,0.11
2026,15,00-0033908,WR,7.87,4.26,0.06
2026,15,00-0036275,RB,12.59,2.76,12.51
2026,15,00-0037545,WR,9.04,4.72,0.62
2026,15,00-0038618,WR,3.8,2.34,0.07
2026,15,00-0039405,RB,0.63,0.1,0.83
2026,15,00-0039868,WR,2.75,1.66,0.11
2026,15,00-0039384,RB,5.47,1,6.68
2026,15,00-0040162,RB,6.78,2.15,6.17
2026,15,00-0040187,TE,1.03,0.56,0
2026,15,00-0040583,RB,7.28,1.96,7.7
2026,15,00-0040129,WR,11.49,6.96,0.24
2026,15,00-0040138,WR,5.21,2.68,0.08
2026,15,00-0040164,WR,1.68,0.92,0.2
2026,15,00-0040887,TE,0.83,0.47,0
2026,15,00-0041027,RB,15.54,5.08,12.71
2026,15,00-0040870,WR,3.09,1.87,0.05
2026,15,WAS569019,RB,2.89,0.97,2.34
2026,15,00-0041041,TE,2.37,1.44,0
2026,15,00-0041217,RB,0.57,0.27,0.23
2026,15,00-0030565,QB,16.19,0,3.11
2026,15,00-0033110,TE,1.77,0.99,0
2026,15,00-0033858,TE,1.81,1.01,0
2026,15,00-0033293,RB,8.42,1.97,8.2
2026,15,00-0033307,WR,4.84,2.66,0
2026,15,00-0034348,WR,10.72,5.95,0
2026,15,00-0034270,TE,0.27,0.16,0
2026,15,00-0034981,TE,0.8,0.41,0
2026,15,00-0034975,RB,4.63,1.76,2.54
2026,15,00-0035208,WR,4.09,2.43,0.2
2026,15,00-0035544,WR,0.13,0.08,0
2026,15,00-0036358,WR,17.4,9.22,0.17
2026,15,00-0036322,WR,16.78,9.21,0.13
2026,15,00-0036422,TE,2.15,1.12,0
2026,15,00-0036182,WR,1.1,0.65,0
2026,15,00-0036613,WR,14.91,7.66,0.22
2026,15,00-0036963,WR,19.78,9.83,0.26
2026,15,00-0036997,RB,13.75,3.08,16.11
2026,15,00-0036630,WR,0.53,0.31,0
2026,15,00-0038129,TE,7.31,4.41,0
2026,15,00-0037276,RB,0.98,0.49,0.37
2026,15,00-0037292,TE,0.47,0.29,0
2026,15,00-0037093,WR,0.46,0.29,0
2026,15,00-0038542,RB,22.07,5.44,18.47
2026,15,00-0039074,TE,0.82,0.47,0
2026,15,00-0039146,WR,13.37,6.12,0.96
2026,15,00-0038640,WR,0.38,0.25,0
2026,15,00-0038359,WR,1.08,0.54,0.09
2026,15,00-0039738,RB,8.67,1,10.73
2026,15,00-0039530,TE,1.25,0.76,0
2026,15,00-0039912,TE,1.2,0.66,0
2026,15,00-0039337,WR,12.68,7.88,0.15
2026,15,00-0039737,TE,1.06,0.64,0
2026,15,00-0040651,RB,0.12,0,0.18
2026,15,00-0040715,RB,13.68,3.37,11.63
2026,15,00-0040729,WR,4.39,2.53,0.05
2026,15,00-0040676,QB,17.6,0,2.64
2026,15,00-0040124,WR,14.39,8.2,0.08
2026,15,00-0040242,RB,8.9,1.73,8.44
2026,15,00-0040743,QB,19.68,0,4.56
2026,15,00-0040311,WR,0.1,0.05,0
2026,15,00-0040509,TE,0.23,0.13,0
2026,15,00-0041489,WR,5.25,3.06,0.09
2026,15,00-0041438,WR,11.15,7.07,0.09
2026,15,00-0041029,WR,10.88,6.39,0.1
2026,15,00-0041040,WR,4.31,2.49,0.1
2026,15,00-0041472,TE,2.83,1.6,0
2026,15,00-0041248,WR,0.06,0.04,0
2026,15,00-0040894,WR,0.01,0.01,0
2026,15,00-0041216,WR,0.21,0.13,0
2026,15,00-0041077,TE,3.4,1.91,0
2026,15,00-0041398,TE,0.48,0.3,0
2026,15,00-0030279,WR,8.95,5.23,0
2026,15,00-0032104,RB,0.32,0.12,0.18
2026,15,00-0031610,TE,7.92,4.11,0
2026,15,00-0033106,QB,20.24,0,1.62
2026,15,00-0033906,RB,5.62,1.96,4.76
2026,15,00-0033217,TE,1.26,0.75,0
2026,15,00-0033526,RB,3.45,1.04,2.59
2026,15,00-0034796,QB,21.54,0,7.86
2026,15,00-0034855,QB,19.42,0,3.25
2026,15,00-0034613,TE,0.65,0.36,0
2026,15,00-0035228,QB,19.43,0,5.79
2026,15,00-0035685,RB,14.29,2.36,15.68
2026,15,00-0035021,WR,1.53,0.96,0.06
2026,15,00-0036442,QB,22.39,0,2.49
2026,15,00-0036825,TE,0.08,0.03,0.05
2026,15,00-0036900,WR,19.67,9.43,0.25
2026,15,00-0036919,RB,9.33,3.12,6.66
2026,15,00-0036554,WR,17.39,8.68,0.22
2026,15,00-0036555,RB,10.26,1.92,12.29
2026,15,00-0038041,TE,9.86,5.47,0
2026,15,00-0037238,WR,16.91,8.94,0.06
2026,15,00-0037666,WR,3.3,1.91,0
2026,15,00-0037742,WR,2.07,1.35,0.13
2026,15,00-0037240,WR,13.89,6.91,0.55
2026,15,00-0038090,WR,0.23,0.12,0.07
2026,15,00-0037304,RB,0.87,0.39,0.4
2026,15,00-0037091,WR,2.02,1.29,0.12
2026,15,00-0037228,RB,12.83,3.46,12.21
2026,15,00-0037563,RB,1.97,0.44,1.95
2026,15,00-0039040,RB,17.26,3.69,13.99
2026,15,00-0038951,RB,3.69,0.29,4.24
2026,15,00-0039032,RB,7.45,2.75,5.08
2026,15,00-0023459,QB,16.88,0,1.26
2026,15,00-0038559,WR,11.4,6.28,0.05
2026,15,00-0039065,TE,12.05,5.96,0.06
2026,15,00-0038685,RB,1.88,0.75,1.07
2026,15,00-0038783,TE,0.34,0.19,0
2026,15,00-0039794,RB,3.5,0.68,3.88
2026,15,00-0039373,RB,1.03,0.29,0.97
2026,15,00-0039344,RB,8.78,2.49,7.95
2026,15,00-0039814,TE,3,1.67,0
2026,15,00-0039356,TE,1.49,0.87,0
2026,15,00-0039451,WR,1.64,0.98,0.17
2026,15,00-0039855,WR,7.25,3.7,0.11
2026,15,00-0039491,WR,11.96,5.99,0.08
2026,15,00-0039816,WR,0.13,0.07,0.03
2026,15,00-0039754,TE,0.5,0.27,0
2026,15,00-0039589,WR,0.5,0.29,0.05
2026,15,00-0040466,RB,0.26,0.03,0.43
2026,15,00-0040218,WR,1.83,0.95,0.33
2026,15,00-0040668,QB,16.82,0,3.14
2026,15,00-0040122,RB,14.52,4.34,15.77
2026,15,00-0040718,DB,3.6,2.21,0.14
2026,15,00-0040581,WR,0.07,0.06,0
2026,15,00-0040208,RB,2.5,0.69,2.38
2026,15,00-0040238,RB,2.64,1.25,1.02
2026,15,00-0041116,TE,0.64,0.36,0
2026,15,00-0041042,WR,6.76,4.09,0.05
2026,15,00-0041132,WR,0.38,0.24,0
2026,15,00-0041496,RB,3.52,0.95,3.32
2026,15,00-0041096,RB,1.39,0.16,1.89
2026,15,00-0041084,TE,1.25,0.73,0
2026,15,00-0041125,RB,1.68,0.44,1.63
2026,15,00-0041524,TE,4.06,2.23,0
2026,15,00-0041087,TE,2.33,1.39,0
2026,15,00-0041069,WR,2.01,1.25,0
2026,15,00-0041099,WR,2.07,1.31,0
2026,15,00-0031381,WR,12.64,6.86,0
2026,15,00-0031484,TE,0.34,0.21,0
2026,15,00-0033119,QB,17.2,0,2.14
2026,15,00-0033537,QB,15.24,0,3.14
2026,15,00-0033881,TE,4.02,2.53,0
2026,15,00-0033589,WR,0.05,0.03,0
2026,15,00-0033757,TE,0.07,0.04,0
2026,15,00-0034837,WR,6.72,4,0.04
2026,15,00-0034829,TE,6.41,3.68,0
2026,15,00-0034365,TE,0.29,0.18,0
2026,15,00-0035640,WR,11.6,6.3,0.15
2026,15,00-0035710,QB,18.58,0,3.04
2026,15,00-0035261,RB,10.08,2.21,10.44
2026,15,00-0035250,RB,0.86,0.17,0.96
2026,15,00-0036331,WR,0.21,0.12,0.04
2026,15,00-0036415,WR,0.1,0.07,0
2026,15,00-0036425,RB,0.18,0.02,0.26
2026,15,00-0036259,WR,8.07,4.29,0
2026,15,00-0036971,QB,20.06,0,4.38
2026,15,00-0036973,RB,12.16,2.82,13.39
2026,15,00-0036556,TE,0.16,0.09,0
2026,15,00-0036550,WR,7.2,4.19,0.06
2026,15,00-0036924,RB,0.24,0.11,0.16
2026,15,00-0036842,RB,0.11,0.01,0.19
2026,15,00-0036754,TE,2.63,1.53,0
2026,15,00-0037247,WR,15.39,7.82,0.06
2026,15,00-0037805,TE,0.86,0.52,0
2026,15,00-0037614,WR,2.98,1.89,0.09
2026,15,00-0038128,QB,18.8,0,7.69
2026,15,00-0037252,TE,6.5,3.59,0
2026,15,00-0037557,RB,0.17,0.02,0.22
2026,15,00-0037231,WR,1.33,0.93,0.04
2026,15,00-0037085,RB,1.05,0.59,0.28
2026,15,00-0037594,RB,0.29,0.12,0.21
2026,15,00-0037311,TE,0.05,0.03,0
2026,15,00-0037801,WR,3.66,1.62,0.95
2026,15,00-0038597,RB,17.4,4.82,14.64
2026,15,00-0038935,TE,8.23,4.42,0
2026,15,00-0039066,TE,3.92,2.63,0
2026,15,00-0039075,WR,21.04,9.76,0.45
2026,15,00-0038976,WR,4.46,2.23,0.44
2026,15,00-0038994,WR,11.26,6.01,0.27
2026,15,00-0039064,WR,15.15,7.58,0.2
2026,15,00-0038563,WR,9.49,5.61,0.44
2026,15,00-0039041,TE,3.15,1.75,0
2026,15,00-0038547,TE,1.54,0.94,0
2026,15,00-0038440,RB,0.05,0.01,0.05
2026,15,00-0038738,FB,1.73,0.72,0.89
2026,15,00-0039732,QB,20.54,0,4.36
2026,15,00-0039798,RB,5.25,1.52,3.97
2026,15,00-0039338,TE,16.04,8.33,0.22
2026,15,00-0039920,WR,0.83,0.28,0.39
2026,15,00-0039890,WR,6.26,4.44,0.06
2026,15,00-0039342,WR,2.95,1.96,0
2026,15,00-0039893,WR,10.79,6.03,0.21
2026,15,00-0039874,RB,2.74,0.85,2.58
2026,15,00-0039410,WR,7.36,3.99,0.19
2026,15,00-0040586,RB,2.13,0.46,2.54
2026,15,00-0040737,TE,3.82,2.59,0
2026,15,00-0040719,RB,11.02,2.43,11.47
2026,15,00-0040134,WR,5.12,3.11,0.09
2026,15,00-0040154,WR,1.82,1.01,0.04
2026,15,00-0040663,TE,10.54,5.89,0.22
2026,15,00-0040691,QB,21.42,0,5.55
2026,15,00-0040205,RB,0.24,0.08,0.18
2026,15,00-0040522,WR,0.43,0.27,0.02
2026,15,00-0040644,RB,1.4,0.36,1.4
2026,15,00-0040582,WR,0.32,0.19,0.07
2026,15,00-0040590,WR,2.47,1.81,0
2026,15,00-0040876,WR,3.28,1.92,0.05
2026,15,00-0041562,QB,15.51,0,2.68
2026,15,00-0041510,TE,1.15,0.67,0
2026,15,00-0040886,RB,2.33,0.63,2.24
2026,15,00-0041547,WR,8.78,4.75,0.76
2026,15,00-0040888,RB,0.28,0.08,0.23
2026,15,00-0041529,WR,4.12,2.45,0
2026,15,00-0041037,WR,6.22,3.66,0.14
2026,15,00-0041067,WR,1.78,1.19,0
2026,15,00-0041244,RB,0.39,0.1,0.34
2026,15,00-0031235,WR,1.08,0.66,0
2026,15,00-0031588,WR,11.3,6.02,0
2026,15,00-0033077,QB,21.49,0,2.36
2026,15,00-0033921,WR,10.83,6.19,0.05
2026,15,00-0033553,RB,3.04,0.89,2.51
2026,15,00-0026498,QB,19.99,0,1.33
2026,15,00-0033376,FB,0.14,0.09,0
2026,15,00-0034798,TE,0.81,0.46,0
2026,15,00-0034753,TE,10.36,4.95,0.36
2026,15,00-0035700,RB,14.3,2.65,14.81
2026,15,00-0035644,TE,3.38,1.79,0
2026,15,00-0035406,WR,2.08,1.22,0
2026,15,00-0036407,WR,6,4.07,0.07
2026,15,00-0036410,WR,15.58,7.4,0.06
2026,15,00-0036264,QB,20.32,0,3.09
2026,15,00-0036244,TE,5.57,2.88,0
2026,15,00-0036309,WR,5.19,3.44,0.05
2026,15,00-0037741,WR,5.18,3.17,0.03
2026,15,00-0037838,TE,9.62,5.21,0
2026,15,00-0037740,WR,13.08,7.88,0.17
2026,15,00-0037197,RB,3.81,0.73,4.85
2026,15,00-0037120,RB,0.51,0.13,0.47
2026,15,00-0037525,RB,9.28,1.17,9.91
2026,15,00-0039144,TE,3.02,1.73,0
2026,15,00-0038996,TE,12.55,5.55,0
2026,15,00-0038606,WR,11.42,6.11,0.51
2026,15,00-0038997,WR,12.35,6.89,0.18
2026,15,00-0038551,RB,1.56,0.52,1.2
2026,15,00-0038589,TE,0.38,0.21,0
2026,15,00-0038611,RB,7.98,0.67,9.6
2026,15,00-0038576,WR,0.18,0.1,0
2026,15,00-0038839,WR,0.97,0.65,0
2026,15,00-0038710,TE,0.43,0.28,0
2026,15,00-0038794,RB,0.86,0.22,0.78
2026,15,00-0039910,QB,21.28,0,7.1
2026,15,00-0039796,RB,0.24,0.11,0.11
2026,15,00-0039361,RB,11.94,2.56,13.08
2026,15,00-0039847,TE,3.66,2.18,0
2026,15,00-0039359,TE,1.8,1,0.12
2026,15,00-0039849,WR,10.75,6.61,0
2026,15,00-0039424,WR,8.72,4.98,0.05
2026,15,00-0040179,RB,1.48,0.52,1.32
2026,15,00-0040667,WR,10.13,5.5,0.82
2026,15,00-0040782,WR,1.95,1.1,0.18
2026,15,00-0040784,RB,13.25,2.25,16.07
2026,15,00-0040128,TE,12.99,7.11,0.26
2026,15,00-0040705,WR,3.29,1.96,0.4
2026,15,00-0041511,WR,4.74,2.79,0.17
2026,15,00-0041525,WR,5.38,3.16,0.04
2026,15,00-0041104,RB,2.61,1.06,1.45
2026,15,00-0041100,WR,0.44,0.19,0.19
2026,15,00-0040939,TE,1.45,0.86,0
2026,15,00-0041004,WR,0.21,0.14,0
2026,15,00-0032764,RB,14.82,1.33,16.93
2026,15,00-0032392,TE,2.85,1.5,0
2026,15,00-0032398,WR,0.26,0.16,0
2026,15,00-0033955,RB,0.72,0.2,0.6
2026,15,00-0033375,WR,0.68,0.36,0
2026,15,00-0034383,TE,9.64,5.46,0
2026,15,00-0035659,WR,14.01,7.41,0.05
2026,15,00-0034960,WR,10.26,5.84,0.28
2026,15,00-0035249,TE,2.47,1.36,0
2026,15,00-0035359,WR,0.45,0.29,0
2026,15,00-0036212,QB,19.56,0,2.29
2026,15,00-0036590,TE,0.47,0.29,0
2026,15,00-0036894,TE,7.16,3.74,0
2026,15,00-0036876,TE,0.18,0.12,0
2026,15,00-0036628,TE,2.18,1.23,0
2026,15,00-0037744,TE,15.68,8.58,0
2026,15,00-0037263,RB,5.42,1.09,6.13
2026,15,00-0037256,RB,10.14,3.28,7.5
2026,15,00-0037239,WR,15.92,8.94,0.05
2026,15,00-0037840,RB,14.67,2.57,14.82
2026,15,00-0037746,RB,4.86,0.98,5.3
2026,15,00-0038124,WR,13.92,6.78,0.14
2026,15,00-0037291,WR,8.23,4.76,0.22
2026,15,00-0037539,TE,0.44,0.27,0
2026,15,00-0039139,RB,22.07,4.73,17.04
2026,15,00-0038608,WR,8.55,4.35,0
2026,15,00-0039163,QB,18.95,0,2.67
2026,15,00-0038619,WR,4.03,2.22,0.19
2026,15,00-0039050,TE,0.53,0.32,0
2026,15,00-0039407,RB,0.43,0.12,0.49
2026,15,00-0039811,RB,4.4,1.18,4.08
2026,15,00-0039880,WR,6.71,3.58,1.12
2026,15,00-0039751,WR,0.65,0.35,0.07
2026,15,00-0039792,WR,1.92,1.07,0.06
2026,15,00-0039739,WR,1.93,1.24,0
2026,15,00-0039355,WR,0.6,0.32,0
2026,15,00-0039364,RB,0.18,0.06,0.15
2026,15,00-0040009,WR,2.83,1.4,0.35
2026,15,00-0040237,WR,2.64,1.45,0.09
2026,15,00-0040730,RB,10.39,3.09,8.06
2026,15,00-0040198,RB,2.6,0.76,2.36
2026,15,00-0040736,TE,5.44,3.56,0
2026,15,00-0040170,WR,2.99,2.01,0
2026,15,00-0040584,TE,8.04,4.3,0
2026,15,00-0040142,RB,0.24,0.06,0.29
2026,15,00-0040669,WR,3.8,2.21,0.05
2026,15,00-0040075,WR,0.22,0.11,0.05
2026,15,00-0040021,RB,0.94,0.16,0.76
2026,15,00-0040259,WR,0.1,0.06,0
2026,15,00-0041523,WR,5.43,3.21,0
2026,15,00-0041070,WR,0.4,0.24,0
2026,15,00-0041503,TE,1.47,0.87,0
2026,15,00-0041415,RB,0.22,0.07,0.17
2026,15,00-0041048,WR,3.1,1.91,0.08
2026,15,00-0041044,WR,3.9,2.23,0.13
2026,15,00-0041032,TE,3.9,2.25,0.06
2026,15,00-0041579,TE,0.85,0.49,0
2026,15,00-0034272,WR,1.11,0.75,0.04
2026,15,00-0035229,TE,8.42,4.79,0
2026,15,00-0035500,WR,3.1,1.66,0.2
2026,15,00-0035631,TE,2.11,1.19,0
2026,15,00-0035535,WR,3.82,2.36,0
2026,15,00-0036158,RB,8.1,1.25,8.68
2026,15,00-0036223,RB,19.17,4,17.36
2026,15,00-0036252,WR,10.47,6.01,0.05
2026,15,00-0036165,WR,0.46,0.27,0
2026,15,00-0036427,WR,0.21,0.12,0
2026,15,00-0036040,TE,9.95,5.4,0
2026,15,00-0036139,RB,12,3.11,12.18
2026,15,00-0036429,TE,0.84,0.48,0
2026,15,00-0036893,RB,1.7,0.5,1.61
2026,15,00-0036970,TE,11.62,6.39,0
2026,15,00-0036626,WR,0.42,0.23,0.06
2026,15,00-0037005,TE,2.2,1.27,0
2026,15,00-0038117,WR,10.09,6.37,0.2
2026,15,00-0037664,WR,12.69,6.28,0.05
2026,15,00-0038120,RB,14.32,2.76,15.75
2026,15,00-0037809,TE,9.29,5.39,0
2026,15,00-0038115,TE,5.01,2.63,0
2026,15,00-0039150,QB,18,0,4.73
2026,15,00-0038558,TE,4.54,2.59,0
2026,15,00-0038977,WR,1.2,0.67,0.06
2026,15,00-0039067,WR,15.63,8.51,0.41
2026,15,00-0040078,RB,0.76,0.36,0.51
2026,15,00-0040563,WR,0.12,0.06,0
2026,15,00-0040568,RB,0.5,0.14,0.41
2026,15,00-0033555,WR,2.88,1.56,0.05
2026,15,00-0038519,WR,0.16,0.09,0.03
2026,15,00-0039851,QB,20.93,0,4.57
2026,15,00-0039894,WR,10.46,6.17,0.97
2026,15,00-0041129,RB,0.59,0.12,0.63
2026,15,00-0035676,WR,16.2,7.68,0.04
2026,15,00-0036875,RB,10.94,1.99,11.39
2026,15,00-0038134,RB,14.9,3.58,14.5
2026,15,00-0038705,RB,2.5,0.97,1.24
2026,15,00-0040646,WR,1.68,1.12,0.04
2026,15,00-0041395,TE,2.16,1.2,0
2026,15,00-0036637,TE,4.67,2.76,0
2026,15,00-0038104,WR,5.36,2.89,0
2026,15,00-0038621,WR,5.34,2.74,0.36
2026,15,00-0040131,WR,0.45,0.28,0.06
2026,15,00-0033873,QB,20.55,0,2.26
2026,15,00-0040734,RB,11.74,2.5,10.38
2026,15,00-0041013,RB,3.33,1.04,2.8
2026,15,00-0040890,WR,1.79,1.14,0
2026,15,00-0030506,TE,11.9,6.32,0
2026,15,00-0037816,WR,10.17,5.53,0
2026,15,00-0033090,TE,9.05,4.55,0
2026,16,00-0040024,WR,0.48,0.28,0
2026,16,00-0041472,TE,2.81,1.6,0
2026,16,00-0035662,WR,2.56,1.49,0
2026,16,00-0039359,TE,1.79,1,0.12
2026,16,00-0036912,WR,14.91,7.5,0.05
2026,16,00-0036556,TE,0.16,0.09,0
2026,16,00-0037258,RB,0.23,0.07,0.2
2026,16,00-0037086,TE,1.82,0.99,0
2026,16,00-0038608,WR,8.49,4.35,0
2026,16,00-0039163,QB,18.75,0,2.67
2026,16,00-0039746,RB,1.45,0.65,0.83
2026,16,00-0039405,RB,0.61,0.1,0.83
2026,16,00-0034351,TE,9.59,4.64,0
2026,16,00-0037132,WR,0.05,0.03,0
2026,16,00-0038555,RB,3.64,0.52,4.15
2026,16,00-0038393,WR,6.2,3.61,0.05
2026,16,00-0041483,TE,2.64,1.52,0.1
2026,16,00-0034844,RB,14.93,3.18,16.11
2026,16,00-0034383,TE,9.56,5.46,0
2026,16,00-0034981,TE,0.79,0.41,0
2026,16,00-0037475,TE,0.4,0.24,0
2026,16,00-0038564,TE,0.13,0.08,0
2026,16,00-0038618,WR,3.76,2.34,0.07
2026,16,00-0038977,WR,1.18,0.67,0.06
2026,16,00-0040583,RB,7.14,1.96,7.7
2026,16,00-0040138,WR,5.17,2.68,0.08
2026,16,00-0040867,WR,6.91,4,0.1
2026,16,00-0035685,RB,14.04,2.36,15.68
2026,16,00-0036389,QB,21.6,0,6.91
2026,16,00-0036554,WR,17.25,8.68,0.22
2026,16,00-0039021,RB,0.24,0,0.35
2026,16,00-0038783,TE,0.33,0.19,0
2026,16,00-0039811,RB,4.42,1.18,4.08
2026,16,00-0040730,RB,10.48,3.09,8.06
2026,16,00-0040277,WR,2.06,1.24,0
2026,16,00-0041512,RB,9.1,1.31,11.63
2026,16,00-0041496,RB,3.57,0.95,3.32
2026,16,00-0041077,TE,3.35,1.91,0
2026,16,00-0034869,QB,20,0,2.92
2026,16,00-0034827,WR,11.31,6.14,0.44
2026,16,00-0034857,QB,22.69,0,6.21
2026,16,00-0035689,TE,4.72,2.52,0
2026,16,00-0036290,TE,4.54,2.47,0
2026,16,00-0035891,WR,0.35,0.19,0
2026,16,00-0037545,WR,9.1,4.72,0.62
2026,16,00-0038976,WR,4.41,2.23,0.44
2026,16,00-0039074,TE,0.8,0.47,0
2026,16,00-0038797,RB,2.43,0.34,3.02
2026,16,00-0039793,TE,9.35,4.67,0.57
2026,16,00-0039868,WR,2.71,1.66,0.11
2026,16,00-0040648,WR,3.31,1.95,0.05
2026,16,00-0040067,RB,0.27,0.05,0.31
2026,16,00-0041051,WR,2.09,1.24,0.11
2026,16,00-0034860,WR,0.18,0.1,0.02
2026,16,00-0034487,WR,0.25,0.16,0
2026,16,00-0036275,RB,12.27,2.76,12.51
2026,16,00-0036244,TE,5.42,2.88,0
2026,16,00-0036988,WR,1.89,1.14,0
2026,16,00-0038794,RB,0.87,0.22,0.78
2026,16,00-0039738,RB,8.39,1,10.73
2026,16,00-0040653,WR,0.08,0.05,0
2026,16,00-0040009,WR,2.82,1.4,0.35
2026,16,00-0040737,TE,3.68,2.59,0
2026,16,00-0040194,TE,2.11,1.15,0
2026,16,00-0040590,WR,2.37,1.81,0
2026,16,00-0031381,WR,12.28,6.86,0
2026,16,00-0032464,WR,3.39,1.82,0.17
2026,16,00-0035406,WR,2.05,1.22,0
2026,16,00-0036613,WR,14.72,7.66,0.22
2026,16,00-0037248,RB,17.32,2.89,16.41
2026,16,00-0037539,TE,0.44,0.27,0
2026,16,00-0038996,TE,12.51,5.55,0
2026,16,00-0038543,WR,21.12,9.93,0.42
2026,16,00-0039075,WR,20.51,9.76,0.45
2026,16,00-0039146,WR,13.33,6.12,0.96
2026,16,00-0038933,TE,9,4.57,0
2026,16,00-0039732,QB,20.4,0,4.36
2026,16,00-0039875,RB,3.91,0.81,4.47
2026,16,00-0039751,WR,0.63,0.35,0.07
2026,16,00-0039299,RB,2.93,0.83,2.45
2026,16,00-0040236,RB,8.13,1.74,8.29
2026,16,00-0041510,TE,1.11,0.67,0
2026,16,00-0041415,RB,0.21,0.07,0.17
2026,16,00-0033908,WR,7.94,4.26,0.06
2026,16,00-0036264,QB,20.27,0,3.09
2026,16,00-0036422,TE,2.12,1.12,0
2026,16,00-0037840,RB,14.21,2.57,14.82
2026,16,00-0039165,RB,3.32,0.63,3.38
2026,16,00-0038589,TE,0.38,0.21,0
2026,16,00-0038359,WR,1.05,0.54,0.09
2026,16,00-0038685,RB,1.89,0.75,1.07
2026,16,00-0039901,WR,4.13,2.31,0.04
2026,16,00-0040651,RB,0.12,0,0.18
2026,16,00-0040126,TE,14.11,7.16,0.05
2026,16,00-0040739,TE,3.92,2.36,0
2026,16,00-0041443,WR,2.54,1.52,0.05
2026,16,00-0033858,TE,1.8,1.01,0
2026,16,00-0033576,TE,0.48,0.28,0
2026,16,00-0035700,RB,14.38,2.65,14.81
2026,16,00-0036158,RB,8.24,1.25,8.68
2026,16,00-0037085,RB,1.04,0.59,0.28
2026,16,00-0039918,QB,21.26,0,4.3
2026,16,00-0039919,WR,11.45,6.7,0.05
2026,16,00-0040134,WR,5.04,3.11,0.09
2026,16,00-0040667,WR,10.09,5.5,0.82
2026,16,00-0040735,WR,13.45,6.54,0.59
2026,16,00-0041558,TE,1.95,1.18,0
2026,16,00-0033110,TE,1.72,0.99,0
2026,16,00-0033881,TE,3.95,2.53,0
2026,16,00-0026498,QB,19.31,0,1.33
2026,16,00-0034348,WR,10.56,5.95,0
2026,16,00-0035537,RB,3.96,1.36,2.57
2026,16,00-0036534,TE,0.2,0.12,0
2026,16,00-0037261,WR,10.9,5.82,0.11
2026,16,00-0038124,WR,13.86,6.78,0.14
2026,16,00-0038090,WR,0.23,0.12,0.07
2026,16,00-0037557,RB,0.16,0.02,0.22
2026,16,00-0037091,WR,2.01,1.29,0.12
2026,16,00-0039144,TE,3,1.73,0
2026,16,00-0038640,WR,0.37,0.25,0
2026,16,00-0038839,WR,0.97,0.65,0
2026,16,00-0039851,QB,20.94,0,4.57
2026,16,00-0039798,RB,5.11,1.52,3.97
2026,16,00-0039814,TE,3.01,1.67,0
2026,16,00-0039365,WR,0.02,0.01,0
2026,16,00-0039849,WR,10.7,6.61,0
2026,16,00-0039915,WR,13.22,7,0.11
2026,16,00-0039424,WR,8.69,4.98,0.05
2026,16,00-0040162,RB,6.42,2.15,6.17
2026,16,00-0040179,RB,1.52,0.52,1.32
2026,16,00-0040187,TE,1.01,0.56,0
2026,16,00-0040584,TE,8,4.3,0
2026,16,00-0040784,RB,12.37,2.25,16.07
2026,16,00-0040668,QB,16.4,0,3.14
2026,16,00-0040208,RB,2.42,0.69,2.38
2026,16,00-0040164,WR,1.66,0.92,0.2
2026,16,00-0040184,WR,0.94,0.65,0.05
2026,16,00-0040568,RB,0.49,0.14,0.41
2026,16,00-0040509,TE,0.23,0.13,0
2026,16,00-0041503,TE,1.5,0.87,0
2026,16,00-0041040,WR,4.26,2.49,0.1
2026,16,00-0041248,WR,0.06,0.04,0
2026,16,00-0041529,WR,4.09,2.45,0
2026,16,00-0041216,WR,0.21,0.13,0
2026,16,00-0041067,WR,1.77,1.19,0
2026,16,00-0041125,RB,1.72,0.44,1.63
2026,16,00-0041087,TE,2.3,1.39,0
2026,16,00-0041099,WR,2.07,1.31,0
2026,16,00-0032764,RB,15.47,1.33,16.93
2026,16,00-0033537,QB,14.82,0,3.14
2026,16,00-0033526,RB,3.37,1.04,2.59
2026,16,00-0033955,RB,0.7,0.2,0.6
2026,16,00-0034837,WR,6.7,4,0.04
2026,16,00-0035719,WR,10.53,5.24,0.93
2026,16,00-0035125,FB,0.67,0.13,0.8
2026,16,00-0036410,WR,15.63,7.4,0.06
2026,16,00-0036628,TE,2.16,1.23,0
2026,16,00-0036637,TE,4.69,2.76,0
2026,16,00-0037742,WR,2.03,1.35,0.13
2026,16,00-0037256,RB,9.93,3.28,7.5
2026,16,00-0037614,WR,2.92,1.89,0.09
2026,16,00-0037304,RB,0.88,0.39,0.4
2026,16,00-0039066,TE,4.05,2.63,0
2026,16,00-0039032,RB,7.48,2.75,5.08
2026,16,00-0038542,RB,21.69,5.44,18.47
2026,16,00-0038544,WR,11.16,5.85,0.19
2026,16,00-0038563,WR,9.76,5.61,0.44
2026,16,00-0038611,RB,8.03,0.67,9.6
2026,16,00-0039050,TE,0.54,0.32,0
2026,16,00-0039794,RB,3.38,0.68,3.88
2026,16,00-0039530,TE,1.25,0.76,0
2026,16,00-0039880,WR,6.67,3.58,1.12
2026,16,00-0039589,WR,0.51,0.29,0.05
2026,16,00-0040177,RB,1.84,0.36,1.97
2026,16,00-0040719,RB,11.15,2.43,11.47
2026,16,00-0040189,TE,4.87,2.4,0
2026,16,00-0040736,TE,5.37,3.56,0
2026,16,00-0040663,TE,10.43,5.89,0.22
2026,16,00-0040666,RB,15.23,3.97,13.96
2026,16,00-0040128,TE,12.98,7.11,0.26
2026,16,00-0040676,QB,17.44,0,2.64
2026,16,00-0040218,WR,1.79,0.95,0.33
2026,16,00-0040122,RB,14.61,4.34,15.77
2026,16,00-0040734,RB,11.65,2.5,10.38
2026,16,00-0040644,RB,1.35,0.36,1.4
2026,16,00-0040563,WR,0.12,0.06,0
2026,16,WAS569019,RB,2.92,0.97,2.34
2026,16,00-0041044,WR,3.88,2.23,0.13
2026,16,00-0040894,WR,0.01,0.01,0
2026,16,00-0041032,TE,3.85,2.25,0.06
2026,16,00-0041004,WR,0.22,0.14,0
2026,16,00-0030565,QB,15.83,0,3.11
2026,16,00-0031610,TE,7.81,4.11,0
2026,16,00-0032775,WR,2.94,1.6,0
2026,16,00-0033280,RB,22.21,5.77,18.4
2026,16,00-0033906,RB,5.73,1.96,4.76
2026,16,00-0033217,TE,1.26,0.75,0
2026,16,00-0033293,RB,8.34,1.97,8.2
2026,16,00-0035676,WR,16.27,7.68,0.04
2026,16,00-0035261,RB,10.16,2.21,10.44
2026,16,00-0035249,TE,2.5,1.36,0
2026,16,00-0035631,TE,2.12,1.19,0
2026,16,00-0036212,QB,19.31,0,2.29
2026,16,00-0036355,QB,20.2,0,4.46
2026,16,00-0036429,TE,0.84,0.48,0
2026,16,00-0036182,WR,1.1,0.65,0
2026,16,00-0037746,RB,4.76,0.98,5.3
2026,16,00-0037120,RB,0.5,0.13,0.47
2026,16,00-0037563,RB,2.02,0.44,1.95
2026,16,00-0039040,RB,17.41,3.69,13.99
2026,16,00-0023459,QB,17.39,0,1.26
2026,16,00-0038551,RB,1.59,0.52,1.2
2026,16,00-0038576,WR,0.18,0.1,0
2026,16,00-0039041,TE,3.14,1.75,0
2026,16,00-0039796,RB,0.24,0.11,0.11
2026,16,00-0039373,RB,1.06,0.29,0.97
2026,16,00-0039792,WR,1.92,1.07,0.06
2026,16,00-0039391,RB,1.31,0.26,1.68
2026,16,00-0039754,TE,0.5,0.27,0
2026,16,00-0040729,WR,4.51,2.53,0.05
2026,16,00-0040198,RB,2.62,0.76,2.36
2026,16,00-0040154,WR,1.84,1.01,0.04
2026,16,00-0040142,RB,0.26,0.06,0.29
2026,16,00-0040727,WR,5.99,3.51,0.13
2026,16,00-0040718,DB,3.68,2.21,0.14
2026,16,00-0040242,RB,8.71,1.73,8.44
2026,16,00-0040876,WR,3.29,1.92,0.05
2026,16,00-0041511,WR,4.68,2.79,0.17
2026,16,00-0041547,WR,8.66,4.75,0.76
2026,16,00-0041525,WR,5.34,3.16,0.04
2026,16,00-0041037,WR,6.15,3.66,0.14
2026,16,00-0041129,RB,0.59,0.12,0.63
2026,16,00-0040890,WR,1.8,1.14,0
2026,16,00-0041579,TE,0.85,0.49,0
2026,16,00-0029892,FB,1.75,0.96,0.11
2026,16,00-0041244,RB,0.38,0.1,0.34
2026,16,00-0031588,WR,11.17,6.02,0
2026,16,00-0032392,TE,2.84,1.5,0
2026,16,00-0033090,TE,9.09,4.55,0
2026,16,00-0033077,QB,21.47,0,2.36
2026,16,00-0033921,WR,10.96,6.19,0.05
2026,16,00-0033873,QB,20.68,0,2.26
2026,16,00-0034796,QB,21.83,0,7.86
2026,16,00-0034829,TE,6.43,3.68,0
2026,16,00-0034272,WR,1.11,0.75,0.04
2026,16,00-0035229,TE,8.55,4.79,0
2026,16,00-0035640,WR,11.78,6.3,0.15
2026,16,00-0035228,QB,19.81,0,5.79
2026,16,00-0035644,TE,3.37,1.79,0
2026,16,00-0035710,QB,18.78,0,3.04
2026,16,00-0034960,WR,10.49,5.84,0.28
2026,16,00-0036407,WR,5.93,4.07,0.07
2026,16,00-0036322,WR,17.02,9.21,0.13
2026,16,00-0036223,RB,19.6,4,17.36
2026,16,00-0036252,WR,10.63,6.01,0.05
2026,16,00-0036040,TE,9.92,5.4,0
2026,16,00-0036259,WR,8.19,4.29,0
2026,16,00-0036997,RB,14.17,3.08,16.11
2026,16,00-0036555,RB,9.86,1.92,12.29
2026,16,00-0036894,TE,7.26,3.74,0
2026,16,00-0036924,RB,0.24,0.11,0.16
2026,16,00-0036842,RB,0.11,0.01,0.19
2026,16,00-0036887,TE,0.65,0.36,0
2026,16,00-0037666,WR,3.27,1.91,0
2026,16,00-0037740,WR,12.92,7.88,0.17
2026,16,00-0037809,TE,9.17,5.39,0
2026,16,00-0038115,TE,4.99,2.63,0
2026,16,00-0037311,TE,0.05,0.03,0
2026,16,00-0038558,TE,4.61,2.59,0
2026,16,00-0038606,WR,11.65,6.11,0.51
2026,16,00-0038997,WR,12.34,6.89,0.18
2026,16,00-0038454,RB,7,1.52,6.01
2026,16,00-0038573,WR,0.21,0.07,0.14
2026,16,00-0038440,RB,0.05,0.01,0.05
2026,16,00-0038519,WR,0.16,0.09,0.03
2026,16,00-0038738,FB,1.75,0.72,0.89
2026,16,00-0039344,RB,8.49,2.49,7.95
2026,16,00-0039912,TE,1.19,0.66,0
2026,16,00-0039338,TE,16.45,8.33,0.22
2026,16,00-0039894,WR,10.51,6.17,0.97
2026,16,00-0039737,TE,1.06,0.64,0
2026,16,00-0039816,WR,0.13,0.07,0.03
2026,16,00-0040586,RB,2.2,0.46,2.54
2026,16,00-0040466,RB,0.24,0.03,0.43
2026,16,00-0040170,WR,2.97,2.01,0
2026,16,00-0040129,WR,11.64,6.96,0.24
2026,16,00-0040205,RB,0.24,0.08,0.18
2026,16,00-0040582,WR,0.31,0.19,0.07
2026,16,00-0040238,RB,2.69,1.25,1.02
2026,16,00-0040131,WR,0.45,0.28,0.06
2026,16,00-0040172,WR,0.23,0.14,0
2026,16,00-0041562,QB,16,0,2.68
2026,16,00-0041489,WR,5.33,3.06,0.09
2026,16,00-0041438,WR,11.1,7.07,0.09
2026,16,00-0041029,WR,10.85,6.39,0.1
2026,16,00-0041027,RB,15.64,5.08,12.71
2026,16,00-0040870,WR,3.1,1.87,0.05
2026,16,00-0040888,RB,0.29,0.08,0.23
2026,16,00-0041048,WR,3.14,1.91,0.08
2026,16,00-0041132,WR,0.38,0.24,0
2026,16,00-0041104,RB,2.61,1.06,1.45
2026,16,00-0041217,RB,0.58,0.27,0.23
2026,16,00-0041100,WR,0.44,0.19,0.19
2026,16,00-0040939,TE,1.45,0.86,0
2026,16,00-0041035,WR,7.16,3.99,0.18
2026,16,00-0033119,QB,17.18,0,2.14
2026,16,00-0033307,WR,4.82,2.66,0
2026,16,00-0034775,WR,1.37,0.83,0.02
2026,16,00-0034798,TE,0.82,0.46,0
2026,16,00-0035359,WR,0.46,0.29,0
2026,16,00-0036358,WR,17.41,9.22,0.17
2026,16,00-0036331,WR,0.21,0.12,0.04
2026,16,00-0036425,RB,0.19,0.02,0.26
2026,16,00-0036139,RB,12.74,3.11,12.18
2026,16,00-0036970,TE,11.55,6.39,0
2026,16,00-0036919,RB,9.42,3.12,6.66
2026,16,00-0036550,WR,7.21,4.19,0.06
2026,16,00-0036626,WR,0.41,0.23,0.06
2026,16,00-0036630,WR,0.52,0.31,0
2026,16,00-0036876,TE,0.18,0.12,0
2026,16,00-0036875,RB,10.83,1.99,11.39
2026,16,00-0038117,WR,10.04,6.37,0.2
2026,16,00-0037744,TE,15.61,8.58,0
2026,16,00-0037805,TE,0.85,0.52,0
2026,16,00-0038120,RB,13.82,2.76,15.75
2026,16,00-0038104,WR,5.38,2.89,0
2026,16,00-0037231,WR,1.32,0.93,0.04
2026,16,00-0037594,RB,0.29,0.12,0.21
2026,16,00-0037292,TE,0.47,0.29,0
2026,16,00-0038597,RB,16.93,4.82,14.64
2026,16,00-0038935,TE,8.4,4.42,0
2026,16,00-0038705,RB,2.52,0.97,1.24
2026,16,00-0039910,QB,20.77,0,7.1
2026,16,00-0039356,TE,1.47,0.87,0
2026,16,00-0039451,WR,1.62,0.98,0.17
2026,16,00-0039920,WR,0.8,0.28,0.39
2026,16,00-0039855,WR,7.32,3.7,0.11
2026,16,00-0039890,WR,6.17,4.44,0.06
2026,16,00-0039739,WR,1.96,1.24,0
2026,16,00-0039893,WR,11.02,6.03,0.21
2026,16,00-0039355,WR,0.59,0.32,0
2026,16,00-0039410,WR,7.37,3.99,0.19
2026,16,00-0040782,WR,1.92,1.1,0.18
2026,16,00-0040646,WR,1.69,1.12,0.04
2026,16,00-0040705,WR,3.27,1.96,0.4
2026,16,00-0040581,WR,0.07,0.06,0
2026,16,00-0040743,QB,19.77,0,4.56
2026,16,00-0040887,TE,0.84,0.47,0
2026,16,00-0041116,TE,0.65,0.36,0
2026,16,00-0041523,WR,5.39,3.21,0
2026,16,00-0041070,WR,0.39,0.24,0
2026,16,00-0041013,RB,3.37,1.04,2.8
2026,16,00-0041550,WR,1.33,0.85,0
2026,16,00-0041395,TE,2.17,1.2,0
2026,16,00-0041398,TE,0.49,0.3,0
2026,16,00-0041524,TE,4.03,2.23,0
2026,16,00-0030279,WR,8.95,5.23,0
2026,16,00-0032104,RB,0.33,0.12,0.18
2026,16,00-0032398,WR,0.26,0.16,0
2026,16,00-0033288,TE,11.95,5.35,0
2026,16,00-0033757,TE,0.07,0.04,0
2026,16,00-0034365,TE,0.3,0.18,0
2026,16,00-0034753,TE,10.39,4.95,0.36
2026,16,00-0036442,QB,22.47,0,2.49
2026,16,00-0036415,WR,0.1,0.07,0
2026,16,00-0036971,QB,20.51,0,4.38
2026,16,00-0036590,TE,0.48,0.29,0
2026,16,00-0037005,TE,2.16,1.27,0
2026,16,00-0038129,TE,7.41,4.41,0
2026,16,00-0037741,WR,5.14,3.17,0.03
2026,16,00-0037263,RB,5.48,1.09,6.13
2026,16,00-0037664,WR,12.68,6.28,0.05
2026,16,00-0037239,WR,15.87,8.94,0.05
2026,16,00-0038134,RB,15.08,3.58,14.5
2026,16,00-0038128,QB,18.75,0,7.69
2026,16,00-0037291,WR,8.47,4.76,0.22
2026,16,00-0037834,QB,22.02,0,4.12
2026,16,00-0037228,RB,13.58,3.46,12.21
2026,16,00-0038621,WR,5.36,2.74,0.36
2026,16,00-0038994,WR,11.41,6.01,0.27
2026,16,00-0038619,WR,4.04,2.22,0.19
2026,16,00-0039067,WR,15.68,8.51,0.41
2026,16,00-0038559,WR,11.35,6.28,0.05
2026,16,00-0038547,TE,1.54,0.94,0
2026,16,00-0038710,TE,0.42,0.28,0
2026,16,00-0039407,RB,0.43,0.12,0.49
2026,16,00-0039361,RB,12.05,2.56,13.08
2026,16,00-0039342,WR,2.9,1.96,0
2026,16,00-0039874,RB,2.77,0.85,2.58
2026,16,00-0039491,WR,11.8,5.99,0.08
2026,16,00-0039363,RB,0.28,0.12,0.11
2026,16,00-0040078,RB,0.77,0.36,0.51
2026,16,00-0040237,WR,2.67,1.45,0.09
2026,16,00-0040522,WR,0.43,0.27,0.02
2026,16,00-0040124,WR,14.17,8.2,0.08
2026,16,00-0040075,WR,0.22,0.11,0.05
2026,16,00-0040021,RB,0.96,0.16,0.76
2026,16,00-0040311,WR,0.1,0.05,0
2026,16,00-0040259,WR,0.09,0.06,0
2026,16,00-0040886,RB,2.35,0.63,2.24
2026,16,00-0041041,TE,2.36,1.44,0
2026,16,00-0041096,RB,1.35,0.16,1.89
2026,16,00-0041084,TE,1.28,0.73,0
2026,16,00-0041052,RB,2.05,0.4,2.4
2026,16,00-0041069,WR,2.02,1.25,0
2026,16,00-0030506,TE,11.94,6.32,0
2026,16,00-0031408,WR,13.25,7.07,0
2026,16,00-0033885,TE,4.01,2.32,0
2026,16,00-0033553,RB,3.06,0.89,2.51
2026,16,00-0033555,WR,2.9,1.56,0.05
2026,16,00-0033589,WR,0.04,0.03,0
2026,16,00-0033375,WR,0.67,0.36,0
2026,16,00-0034855,QB,19.72,0,3.25
2026,16,00-0034613,TE,0.65,0.36,0
2026,16,00-0035659,WR,13.84,7.41,0.05
2026,16,00-0034975,RB,4.73,1.76,2.54
2026,16,00-0035208,WR,4.06,2.43,0.2
2026,16,00-0035021,WR,1.53,0.96,0.06
2026,16,00-0036427,WR,0.21,0.12,0
2026,16,00-0036825,TE,0.08,0.03,0.05
2026,16,00-0036973,RB,12.5,2.82,13.39
2026,16,00-0036900,WR,19.72,9.43,0.25
2026,16,00-0038041,TE,9.86,5.47,0
2026,16,00-0037238,WR,16.81,8.94,0.06
2026,16,00-0037816,WR,10.23,5.53,0
2026,16,00-0038046,TE,4.07,2.29,0.11
2026,16,00-0037247,WR,15.4,7.82,0.06
2026,16,00-0037252,TE,6.45,3.59,0
2026,16,00-0037276,RB,0.99,0.49,0.37
2026,16,00-0037525,RB,9.15,1.17,9.91
2026,16,00-0037093,WR,0.47,0.29,0
2026,16,00-0037112,TE,2.25,1.27,0
2026,16,00-0037801,WR,3.69,1.62,0.95
2026,16,00-0039150,QB,17.6,0,4.73
2026,16,00-0038951,RB,3.72,0.29,4.24
2026,16,00-0039064,WR,15.18,7.58,0.2
2026,16,00-0039337,WR,12.76,7.88,0.15
2026,16,00-0039384,RB,5.46,1,6.68
2026,16,00-0040715,RB,13.68,3.37,11.63
2026,16,00-0041042,WR,6.8,4.09,0.05
2026,16,00-0031484,TE,0.34,0.21,0
2026,16,00-0039847,TE,3.68,2.18,0
2026,16,00-0033376,FB,0.14,0.09,0
2026,16,00-0035500,WR,3.13,1.66,0.2
2026,16,00-0037197,RB,4.03,0.73,4.85
2026,16,00-0039139,RB,22.86,4.73,17.04
2026,16,00-0036165,WR,0.46,0.27,0
2026,16,00-0036309,WR,5.22,3.44,0.05
2026,16,00-0036893,RB,1.7,0.5,1.61
2026,16,00-0036754,TE,2.65,1.53,0
2026,16,00-0036963,WR,19.89,9.83,0.26
2026,16,00-0037838,TE,9.67,5.21,0
2026,16,00-0039364,RB,0.19,0.06,0.15
2026,16,00-0033106,QB,20.4,0,1.62
2026,16,00-0035250,RB,0.86,0.17,0.96
2026,16,00-0035535,WR,3.85,2.36,0
2026,16,00-0039065,TE,12.12,5.96,0.06
2026,16,00-0040691,QB,21.35,0,5.55
2026,16,00-0040669,WR,3.83,2.21,0.05
2026,16,00-0031235,WR,1.09,0.66,0
2026,16,00-0034270,TE,0.28,0.16,0
2026,16,00-0035544,WR,0.13,0.08,0
2026,16,00-0037240,WR,13.99,6.91,0.55
2026,17,00-0038839,WR,0.95,0.65,0
2026,17,00-0039796,RB,0.24,0.11,0.11
2026,17,00-0039814,TE,2.95,1.67,0
2026,17,00-0039792,WR,1.95,1.07,0.06
2026,17,00-0040208,RB,2.35,0.69,2.38
2026,17,00-0040887,TE,0.85,0.47,0
2026,17,00-0036442,QB,21.73,0,2.49
2026,17,00-0038597,RB,16.49,4.82,14.64
2026,17,00-0038576,WR,0.17,0.1,0
2026,17,00-0041069,WR,1.98,1.25,0
2026,17,00-0034829,TE,6.31,3.68,0
2026,17,00-0034798,TE,0.83,0.46,0
2026,17,00-0034975,RB,4.75,1.76,2.54
2026,17,00-0038619,WR,3.96,2.22,0.19
2026,17,00-0040075,WR,0.22,0.11,0.05
2026,17,00-0041248,WR,0.06,0.04,0
2026,17,00-0036900,WR,19.4,9.43,0.25
2026,17,00-0039064,WR,15.36,7.58,0.2
2026,17,00-0040888,RB,0.29,0.08,0.23
2026,17,00-0041244,RB,0.37,0.1,0.34
2026,17,00-0032764,RB,15.33,1.33,16.93
2026,17,00-0032398,WR,0.26,0.16,0
2026,17,00-0040870,WR,3.15,1.87,0.05
2026,17,00-0034753,TE,10.51,4.95,0.36
2026,17,00-0034613,TE,0.64,0.36,0
2026,17,00-0036410,WR,15.38,7.4,0.06
2026,17,00-0036550,WR,7.31,4.19,0.06
2026,17,00-0040876,WR,3.33,1.92,0.05
2026,17,00-0041116,TE,0.64,0.36,0
2026,17,00-0033526,RB,3.29,1.04,2.59
2026,17,00-0034796,QB,21.99,0,7.86
2026,17,00-0035631,TE,2.08,1.19,0
2026,17,00-0038564,TE,0.13,0.08,0
2026,17,00-0038611,RB,7.93,0.67,9.6
2026,17,00-0038559,WR,11.47,6.28,0.05
2026,17,00-0038738,FB,1.78,0.72,0.89
2026,17,00-0039751,WR,0.64,0.35,0.07
2026,17,00-0039890,WR,6.16,4.44,0.06
2026,17,00-0039874,RB,2.8,0.85,2.58
2026,17,00-0039391,RB,1.29,0.26,1.68
2026,17,00-0039363,RB,0.27,0.12,0.11
2026,17,00-0040154,WR,1.81,1.01,0.04
2026,17,00-0040663,TE,10.63,5.89,0.22
2026,17,00-0040205,RB,0.23,0.08,0.18
2026,17,00-0040128,TE,12.82,7.11,0.26
2026,17,00-0040735,WR,13.47,6.54,0.59
2026,17,00-0040739,TE,3.94,2.36,0
2026,17,00-0040236,RB,8.28,1.74,8.29
2026,17,00-0040581,WR,0.07,0.06,0
2026,17,00-0040164,WR,1.67,0.92,0.2
2026,17,00-0040021,RB,0.98,0.16,0.76
2026,17,00-0040311,WR,0.1,0.05,0
2026,17,00-0040067,RB,0.29,0.05,0.31
2026,17,00-0041558,TE,1.95,1.18,0
2026,17,00-0041013,RB,3.42,1.04,2.8
2026,17,00-0041217,RB,0.58,0.27,0.23
2026,17,00-0041216,WR,0.21,0.13,0
2026,17,00-0041550,WR,1.29,0.85,0
2026,17,00-0041443,WR,2.63,1.52,0.05
2026,17,00-0041129,RB,0.58,0.12,0.63
2026,17,00-0041084,TE,1.28,0.73,0
2026,17,00-0041052,RB,2.04,0.4,2.4
2026,17,00-0030279,WR,8.82,5.23,0
2026,17,00-0031381,WR,12.54,6.86,0
2026,17,00-0031408,WR,13.21,7.07,0
2026,17,00-0032104,RB,0.32,0.12,0.18
2026,17,00-0033537,QB,15.41,0,3.14
2026,17,00-0033873,QB,20.58,0,2.26
2026,17,00-0033881,TE,3.97,2.53,0
2026,17,00-0033293,RB,8.18,1.97,8.2
2026,17,00-0033375,WR,0.67,0.36,0
2026,17,00-0033307,WR,4.86,2.66,0
2026,17,00-0035719,WR,10.49,5.24,0.93
2026,17,00-0035406,WR,2.06,1.22,0
2026,17,00-0035535,WR,3.92,2.36,0
2026,17,00-0035208,WR,4,2.43,0.2
2026,17,00-0036358,WR,17.42,9.22,0.17
2026,17,00-0036331,WR,0.21,0.12,0.04
2026,17,00-0036309,WR,5.33,3.44,0.05
2026,17,00-0036613,WR,14.78,7.66,0.22
2026,17,00-0036973,RB,12.43,2.82,13.39
2026,17,00-0036919,RB,9.23,3.12,6.66
2026,17,00-0036894,TE,7.28,3.74,0
2026,17,00-0036924,RB,0.24,0.11,0.16
2026,17,00-0037258,RB,0.22,0.07,0.2
2026,17,00-0037247,WR,15.41,7.82,0.06
2026,17,00-0037239,WR,15.87,8.94,0.05
2026,17,00-0038120,RB,13.89,2.76,15.75
2026,17,00-0037304,RB,0.89,0.39,0.4
2026,17,00-0037228,RB,13.03,3.46,12.21
2026,17,00-0037475,TE,0.4,0.24,0
2026,17,00-0037563,RB,2.07,0.44,1.95
2026,17,00-0039139,RB,22.66,4.73,17.04
2026,17,00-0038542,RB,21.86,5.44,18.47
2026,17,00-0039074,TE,0.81,0.47,0
2026,17,00-0038440,RB,0.05,0.01,0.05
2026,17,00-0038783,TE,0.33,0.19,0
2026,17,00-0039794,RB,3.4,0.68,3.88
2026,17,00-0039344,RB,8.52,2.49,7.95
2026,17,00-0039356,TE,1.46,0.87,0
2026,17,00-0039451,WR,1.62,0.98,0.17
2026,17,00-0039920,WR,0.82,0.28,0.39
2026,17,00-0039491,WR,11.75,5.99,0.08
2026,17,00-0039355,WR,0.59,0.32,0
2026,17,00-0039737,TE,1.07,0.64,0
2026,17,00-0039816,WR,0.13,0.07,0.03
2026,17,00-0039589,WR,0.5,0.29,0.05
2026,17,00-0039299,RB,3.06,0.83,2.45
2026,17,00-0040653,WR,0.08,0.05,0
2026,17,00-0040729,WR,4.5,2.53,0.05
2026,17,00-0040730,RB,10.14,3.09,8.06
2026,17,00-0040646,WR,1.68,1.12,0.04
2026,17,00-0040522,WR,0.42,0.27,0.02
2026,17,00-0040676,QB,17.3,0,2.64
2026,17,00-0040563,WR,0.12,0.06,0
2026,17,00-0040590,WR,2.44,1.81,0
2026,17,00-0040259,WR,0.1,0.06,0
2026,17,00-0041438,WR,10.96,7.07,0.09
2026,17,00-0040867,WR,6.92,4,0.1
2026,17,00-0041503,TE,1.5,0.87,0
2026,17,00-0041104,RB,2.56,1.06,1.45
2026,17,00-0041077,TE,3.37,1.91,0
2026,17,00-0041096,RB,1.39,0.16,1.89
2026,17,00-0041051,WR,2.09,1.24,0.11
2026,17,00-0040890,WR,1.79,1.14,0
2026,17,00-0041125,RB,1.72,0.44,1.63
2026,17,00-0033106,QB,20.76,0,1.62
2026,17,00-0033090,TE,8.95,4.55,0
2026,17,00-0033110,TE,1.76,0.99,0
2026,17,00-0033885,TE,3.93,2.32,0
2026,17,00-0033906,RB,5.71,1.96,4.76
2026,17,00-0033553,RB,3.09,0.89,2.51
2026,17,00-0033555,WR,2.85,1.56,0.05
2026,17,00-0034844,RB,14.7,3.18,16.11
2026,17,00-0034855,QB,19.52,0,3.25
2026,17,00-0034869,QB,20.16,0,2.92
2026,17,00-0034827,WR,11.68,6.14,0.44
2026,17,00-0034365,TE,0.3,0.18,0
2026,17,00-0034348,WR,10.62,5.95,0
2026,17,00-0035228,QB,19.29,0,5.79
2026,17,00-0035644,TE,3.37,1.79,0
2026,17,00-0035710,QB,18.52,0,3.04
2026,17,00-0034960,WR,10.46,5.84,0.28
2026,17,00-0035500,WR,3.15,1.66,0.2
2026,17,00-0036212,QB,19.04,0,2.29
2026,17,00-0036355,QB,19.72,0,4.46
2026,17,00-0036139,RB,12.18,3.11,12.18
2026,17,00-0036912,WR,14.93,7.5,0.05
2026,17,00-0036825,TE,0.08,0.03,0.05
2026,17,00-0036887,TE,0.65,0.36,0
2026,17,00-0037741,WR,5.06,3.17,0.03
2026,17,00-0038117,WR,9.91,6.37,0.2
2026,17,00-0037744,TE,15.76,8.58,0
2026,17,00-0037838,TE,9.83,5.21,0
2026,17,00-0037256,RB,10.12,3.28,7.5
2026,17,00-0037248,RB,17.71,2.89,16.41
2026,17,00-0037805,TE,0.85,0.52,0
2026,17,00-0038104,WR,5.35,2.89,0
2026,17,00-0037539,TE,0.44,0.27,0
2026,17,00-0037525,RB,9,1.17,9.91
2026,17,00-0037132,WR,0.05,0.03,0
2026,17,00-0037112,TE,2.25,1.27,0
2026,17,00-0038976,WR,4.41,2.23,0.44
2026,17,00-0038994,WR,11.23,6.01,0.27
2026,17,00-0038563,WR,9.75,5.61,0.44
2026,17,00-0039021,RB,0.25,0,0.35
2026,17,00-0038705,RB,2.54,0.97,1.24
2026,17,00-0038519,WR,0.16,0.09,0.03
2026,17,00-0039798,RB,5.12,1.52,3.97
2026,17,00-0039407,RB,0.44,0.12,0.49
2026,17,00-0039373,RB,1.05,0.29,0.97
2026,17,00-0039880,WR,6.67,3.58,1.12
2026,17,00-0039365,WR,0.02,0.01,0
2026,17,00-0039901,WR,4.27,2.31,0.04
2026,17,00-0040078,RB,0.77,0.36,0.51
2026,17,00-0040177,RB,1.82,0.36,1.97
2026,17,00-0040162,RB,6.61,2.15,6.17
2026,17,00-0040719,RB,11.02,2.43,11.47
2026,17,00-0040170,WR,2.93,2.01,0
2026,17,00-0040584,TE,7.92,4.3,0
2026,17,00-0040666,RB,15,3.97,13.96
2026,17,00-0040784,RB,12.76,2.25,16.07
2026,17,00-0040126,TE,14.12,7.16,0.05
2026,17,00-0040242,RB,8.91,1.73,8.44
2026,17,00-0040582,WR,0.31,0.19,0.07
2026,17,00-0040172,WR,0.23,0.14,0
2026,17,00-0041029,WR,10.84,6.39,0.1
2026,17,00-0041523,WR,5.37,3.21,0
2026,17,00-0041048,WR,3.11,1.91,0.08
2026,17,00-0041044,WR,3.82,2.23,0.13
2026,17,00-0041529,WR,4.08,2.45,0
2026,17,00-0041100,WR,0.44,0.19,0.19
2026,17,00-0041398,TE,0.49,0.3,0
2026,17,00-0041087,TE,2.35,1.39,0
2026,17,00-0031588,WR,11.22,6.02,0
2026,17,00-0031610,TE,7.78,4.11,0
2026,17,00-0031484,TE,0.35,0.21,0
2026,17,00-0033077,QB,21.43,0,2.36
2026,17,00-0033217,TE,1.24,0.75,0
2026,17,00-0026498,QB,19.73,0,1.33
2026,17,00-0033288,TE,11.92,5.35,0
2026,17,00-0033757,TE,0.07,0.04,0
2026,17,00-0034775,WR,1.37,0.83,0.02
2026,17,00-0034837,WR,6.62,4,0.04
2026,17,00-0034487,WR,0.26,0.16,0
2026,17,00-0035640,WR,11.82,6.3,0.15
2026,17,00-0035662,WR,2.56,1.49,0
2026,17,00-0035689,TE,4.87,2.52,0
2026,17,00-0035125,FB,0.66,0.13,0.8
2026,17,00-0035359,WR,0.45,0.29,0
2026,17,00-0035544,WR,0.14,0.08,0
2026,17,00-0036275,RB,12.5,2.76,12.51
2026,17,00-0036322,WR,16.75,9.21,0.13
2026,17,00-0036158,RB,7.85,1.25,8.68
2026,17,00-0036223,RB,19.68,4,17.36
2026,17,00-0036290,TE,4.55,2.47,0
2026,17,00-0036165,WR,0.47,0.27,0
2026,17,00-0035891,WR,0.35,0.19,0
2026,17,00-0036259,WR,8.06,4.29,0
2026,17,00-0036970,TE,11.38,6.39,0
2026,17,00-0036997,RB,14.54,3.08,16.11
2026,17,00-0036630,WR,0.53,0.31,0
2026,17,00-0036754,TE,2.68,1.53,0
2026,17,00-0036534,TE,0.21,0.12,0
2026,17,00-0038129,TE,7.35,4.41,0
2026,17,00-0037816,WR,10.05,5.53,0
2026,17,00-0037263,RB,5.55,1.09,6.13
2026,17,00-0037261,WR,11.24,5.82,0.11
2026,17,00-0037742,WR,2.05,1.35,0.13
2026,17,00-0037740,WR,12.9,7.88,0.17
2026,17,00-0038128,QB,18.86,0,7.69
2026,17,00-0037311,TE,0.05,0.03,0
2026,17,00-0037545,WR,9.19,4.72,0.62
2026,17,00-0038555,RB,3.57,0.52,4.15
2026,17,00-0038951,RB,3.62,0.29,4.24
2026,17,00-0039032,RB,7.29,2.75,5.08
2026,17,00-0038454,RB,6.91,1.52,6.01
2026,17,00-0039165,RB,3.5,0.63,3.38
2026,17,00-0039050,TE,0.53,0.32,0
2026,17,00-0039065,TE,12.23,5.96,0.06
2026,17,00-0039732,QB,20.25,0,4.36
2026,17,00-0039851,QB,20.62,0,4.57
2026,17,00-0039738,RB,8.36,1,10.73
2026,17,00-0039793,TE,9.43,4.67,0.57
2026,17,00-0039855,WR,7.27,3.7,0.11
2026,17,00-0039342,WR,2.88,1.96,0
2026,17,00-0039868,WR,2.72,1.66,0.11
2026,17,00-0039893,WR,10.99,6.03,0.21
2026,17,00-0039337,WR,13,7.88,0.15
2026,17,00-0039424,WR,8.69,4.98,0.05
2026,17,00-0040179,RB,1.52,0.52,1.32
2026,17,00-0040187,TE,1.01,0.56,0
2026,17,00-0040237,WR,2.65,1.45,0.09
2026,17,00-0040737,TE,3.78,2.59,0
2026,17,00-0040648,WR,3.34,1.95,0.05
2026,17,00-0040782,WR,1.96,1.1,0.18
2026,17,00-0040691,QB,21.82,0,5.55
2026,17,00-0040129,WR,11.54,6.96,0.24
2026,17,00-0040218,WR,1.79,0.95,0.33
2026,17,00-0040668,QB,16.99,0,3.14
2026,17,00-0040644,RB,1.35,0.36,1.4
2026,17,00-0040705,WR,3.23,1.96,0.4
2026,17,00-0040743,QB,19.77,0,4.56
2026,17,00-0041510,TE,1.14,0.67,0
2026,17,00-0041027,RB,15.82,5.08,12.71
2026,17,00-0041070,WR,0.4,0.24,0
2026,17,00-0041547,WR,8.83,4.75,0.76
2026,17,00-0041496,RB,3.42,0.95,3.32
2026,17,00-0041037,WR,6.27,3.66,0.14
2026,17,00-0040939,TE,1.45,0.86,0
2026,17,00-0041579,TE,0.85,0.49,0
2026,17,00-0041524,TE,4.02,2.23,0
2026,17,00-0041099,WR,2.06,1.31,0
2026,17,00-0029892,FB,1.74,0.96,0.11
2026,17,00-0032392,TE,2.8,1.5,0
2026,17,00-0032775,WR,2.93,1.6,0
2026,17,00-0033921,WR,10.88,6.19,0.05
2026,17,00-0033955,RB,0.72,0.2,0.6
2026,17,00-0033376,FB,0.14,0.09,0
2026,17,00-0034270,TE,0.28,0.16,0
2026,17,00-0035659,WR,13.91,7.41,0.05
2026,17,00-0036252,WR,10.67,6.01,0.05
2026,17,00-0036389,QB,21.48,0,6.91
2026,17,00-0036425,RB,0.18,0.02,0.26
2026,17,00-0036429,TE,0.82,0.48,0
2026,17,00-0036893,RB,1.71,0.5,1.61
2026,17,00-0036626,WR,0.41,0.23,0.06
2026,17,00-0036875,RB,10.81,1.99,11.39
2026,17,00-0036628,TE,2.17,1.23,0
2026,17,00-0036842,RB,0.11,0.01,0.19
2026,17,00-0036637,TE,4.66,2.76,0
2026,17,00-0038046,TE,3.98,2.29,0.11
2026,17,00-0037614,WR,2.91,1.89,0.09
2026,17,00-0037240,WR,14.1,6.91,0.55
2026,17,00-0037746,RB,4.82,0.98,5.3
2026,17,00-0037086,TE,1.82,0.99,0
2026,17,00-0037291,WR,8.45,4.76,0.22
2026,17,00-0037197,RB,3.96,0.73,4.85
2026,17,00-0037120,RB,0.5,0.13,0.47
2026,17,00-0038115,TE,4.94,2.63,0
2026,17,00-0037292,TE,0.46,0.29,0
2026,17,00-0037093,WR,0.47,0.29,0
2026,17,00-0037801,WR,3.71,1.62,0.95
2026,17,00-0039040,RB,17.61,3.69,13.99
2026,17,00-0039150,QB,17.44,0,4.73
2026,17,00-0038558,TE,4.63,2.59,0
2026,17,00-0038935,TE,8.38,4.42,0
2026,17,00-0038393,WR,6.21,3.61,0.05
2026,17,00-0038543,WR,21.25,9.93,0.42
2026,17,00-0038621,WR,5.27,2.74,0.36
2026,17,00-0023459,QB,17.39,0,1.26
2026,17,00-0039067,WR,15.61,8.51,0.41
2026,17,00-0039041,TE,3.17,1.75,0
2026,17,00-0038573,WR,0.2,0.07,0.14
2026,17,00-0038547,TE,1.54,0.94,0
2026,17,00-0038640,WR,0.38,0.25,0
2026,17,00-0038359,WR,1.07,0.54,0.09
2026,17,00-0038710,TE,0.43,0.28,0
2026,17,00-0039875,RB,4.02,0.81,4.47
2026,17,00-0039746,RB,1.44,0.65,0.83
2026,17,00-0039361,RB,11.72,2.56,13.08
2026,17,00-0039530,TE,1.25,0.76,0
2026,17,00-0039847,TE,3.75,2.18,0
2026,17,00-0039338,TE,16.41,8.33,0.22
2026,17,00-0039919,WR,11.46,6.7,0.05
2026,17,00-0039894,WR,10.47,6.17,0.97
2026,17,00-0039849,WR,10.82,6.61,0
2026,17,00-0039915,WR,12.97,7,0.11
2026,17,00-0039410,WR,7.38,3.99,0.19
2026,17,00-0039754,TE,0.5,0.27,0
2026,17,00-0040586,RB,2.26,0.46,2.54
2026,17,00-0040466,RB,0.25,0.03,0.43
2026,17,00-0040715,RB,13.71,3.37,11.63
2026,17,00-0040189,TE,4.78,2.4,0
2026,17,00-0040142,RB,0.25,0.06,0.29
2026,17,00-0040727,WR,5.86,3.51,0.13
2026,17,00-0040122,RB,14.99,4.34,15.77
2026,17,00-0040194,TE,2.18,1.15,0
2026,17,00-0040184,WR,0.91,0.65,0.05
2026,17,00-0040568,RB,0.49,0.14,0.41
2026,17,00-0040509,TE,0.23,0.13,0
2026,17,00-0041042,WR,6.93,4.09,0.05
2026,17,00-0041040,WR,4.28,2.49,0.1
2026,17,WAS569019,RB,2.97,0.97,2.34
2026,17,00-0041041,TE,2.36,1.44,0
2026,17,00-0041032,TE,3.84,2.25,0.06
2026,17,00-0041004,WR,0.22,0.14,0
2026,17,00-0041035,WR,7.13,3.99,0.18
2026,17,00-0041395,TE,2.13,1.2,0
2026,17,00-0030565,QB,15.79,0,3.11
2026,17,00-0033119,QB,17.35,0,2.14
2026,17,00-0033908,WR,7.99,4.26,0.06
2026,17,00-0033576,TE,0.48,0.28,0
2026,17,00-0033589,WR,0.04,0.03,0
2026,17,00-0034857,QB,23.47,0,6.21
2026,17,00-0034351,TE,9.6,4.64,0
2026,17,00-0034272,WR,1.11,0.75,0.04
2026,17,00-0035676,WR,16.03,7.68,0.04
2026,17,00-0035261,RB,9.85,2.21,10.44
2026,17,00-0035249,TE,2.46,1.36,0
2026,17,00-0035537,RB,4.07,1.36,2.57
2026,17,00-0035021,WR,1.51,0.96,0.06
2026,17,00-0036407,WR,6.06,4.07,0.07
2026,17,00-0036422,TE,2.13,1.12,0
2026,17,00-0036427,WR,0.21,0.12,0
2026,17,00-0036040,TE,9.92,5.4,0
2026,17,00-0036182,WR,1.08,0.65,0
2026,17,00-0036590,TE,0.48,0.29,0
2026,17,00-0036963,WR,20.07,9.83,0.26
2026,17,00-0036876,TE,0.18,0.12,0
2026,17,00-0037005,TE,2.15,1.27,0
2026,17,00-0038041,TE,9.87,5.47,0
2026,17,00-0037840,RB,14.23,2.57,14.82
2026,17,00-0037252,TE,6.43,3.59,0
2026,17,00-0037834,QB,21.94,0,4.12
2026,17,00-0037557,RB,0.16,0.02,0.22
2026,17,00-0037231,WR,1.32,0.93,0.04
2026,17,00-0037809,TE,9.22,5.39,0
2026,17,00-0037276,RB,0.98,0.49,0.37
2026,17,00-0037594,RB,0.29,0.12,0.21
2026,17,00-0039066,TE,4.04,2.63,0
2026,17,00-0038997,WR,12.18,6.89,0.18
2026,17,00-0038544,WR,10.94,5.85,0.19
2026,17,00-0038933,TE,9.27,4.57,0
2026,17,00-0038797,RB,2.58,0.34,3.02
2026,17,00-0038794,RB,0.84,0.22,0.78
2026,17,00-0039918,QB,21.23,0,4.3
2026,17,00-0039910,QB,21.09,0,7.1
2026,17,00-0039912,TE,1.19,0.66,0
2026,17,00-0039739,WR,1.97,1.24,0
2026,17,00-0039384,RB,5.45,1,6.68
2026,17,00-0039364,RB,0.19,0.06,0.15
2026,17,00-0040134,WR,5.06,3.11,0.09
2026,17,00-0040198,RB,2.65,0.76,2.36
2026,17,00-0040736,TE,5.36,3.56,0
2026,17,00-0040124,WR,14.1,8.2,0.08
2026,17,00-0040734,RB,11.61,2.5,10.38
2026,17,00-0040718,DB,3.67,2.21,0.14
2026,17,00-0040669,WR,3.87,2.21,0.05
2026,17,00-0040238,RB,2.67,1.25,1.02
2026,17,00-0040131,WR,0.44,0.28,0.06
2026,17,00-0040277,WR,2.06,1.24,0
2026,17,00-0040024,WR,0.48,0.28,0
2026,17,00-0041562,QB,16.1,0,2.68
2026,17,00-0041489,WR,5.35,3.06,0.09
2026,17,00-0041511,WR,4.67,2.79,0.17
2026,17,00-0041512,RB,9.7,1.31,11.63
2026,17,00-0040886,RB,2.28,0.63,2.24
2026,17,00-0041525,WR,5.32,3.16,0.04
2026,17,00-0041415,RB,0.21,0.07,0.17
2026,17,00-0040894,WR,0.01,0.01,0
2026,17,00-0041132,WR,0.37,0.24,0
2026,17,00-0041483,TE,2.64,1.52,0.1
2026,17,00-0041067,WR,1.77,1.19,0
2026,17,00-0030506,TE,11.87,6.32,0
2026,17,00-0031235,WR,1.11,0.66,0
2026,17,00-0032464,WR,3.39,1.82,0.17
2026,17,00-0033280,RB,22.07,5.77,18.4
2026,17,00-0034860,WR,0.19,0.1,0.02
2026,17,00-0035229,TE,8.41,4.79,0
2026,17,00-0035250,RB,0.86,0.17,0.96
2026,17,00-0036415,WR,0.1,0.07,0
2026,17,00-0036244,TE,5.53,2.88,0
2026,17,00-0036971,QB,20.44,0,4.38
2026,17,00-0036555,RB,9.94,1.92,12.29
2026,17,00-0036988,WR,1.96,1.14,0
2026,17,00-0037238,WR,16.58,8.94,0.06
2026,17,00-0037666,WR,3.26,1.91,0
2026,17,00-0037664,WR,12.53,6.28,0.05
2026,17,00-0038134,RB,15.33,3.58,14.5
2026,17,00-0037085,RB,1.03,0.59,0.28
2026,17,00-0038606,WR,11.62,6.11,0.51
2026,17,00-0039075,WR,20.88,9.76,0.45
2026,17,00-0038551,RB,1.58,0.52,1.2
2026,17,00-0039359,TE,1.81,1,0.12
2026,17,00-0033858,TE,1.78,1.01,0
2026,17,00-0035685,RB,14.16,2.36,15.68
2026,17,00-0036556,TE,0.16,0.09,0
2026,17,00-0039144,TE,2.96,1.73,0
2026,17,00-0040667,WR,9.96,5.5,0.82
2026,17,00-0041472,TE,2.83,1.6,0
2026,17,00-0034981,TE,0.8,0.41,0
2026,17,00-0039146,WR,13.18,6.12,0.96
2026,17,00-0040583,RB,7.21,1.96,7.7
2026,17,00-0040138,WR,5.22,2.68,0.08
2026,17,00-0038996,TE,12.38,5.55,0
2026,17,00-0038618,WR,3.8,2.34,0.07
2026,17,00-0039811,RB,4.37,1.18,4.08
2026,17,00-0039405,RB,0.62,0.1,0.83
2026,17,00-0040651,RB,0.12,0,0.18
2026,17,00-0034383,TE,9.65,5.46,0
2026,17,00-0035700,RB,14.24,2.65,14.81
2026,17,00-0036264,QB,19.97,0,3.09
2026,17,00-0038124,WR,13.71,6.78,0.14
2026,17,00-0038977,WR,1.2,0.67,0.06
2026,17,00-0038589,TE,0.37,0.21,0
2026,17,00-0038685,RB,1.86,0.75,1.07
2026,17,00-0040009,WR,2.79,1.4,0.35
2026,17,00-0036554,WR,17.4,8.68,0.22
2026,17,00-0038090,WR,0.23,0.12,0.07
2026,17,00-0037091,WR,1.98,1.29,0.12
2026,17,00-0038608,WR,8.56,4.35,0
2026,17,00-0039163,QB,18.97,0,2.67
2026,18,00-0038440,RB,0.05,0.01,0.05
2026,18,00-0039732,QB,20.34,0,4.36
2026,18,00-0039451,WR,1.62,0.98,0.17
2026,18,00-0039855,WR,7.25,3.7,0.11
2026,18,00-0039868,WR,2.72,1.66,0.11
2026,18,00-0039363,RB,0.28,0.12,0.11
2026,18,00-0039737,TE,1.06,0.64,0
2026,18,00-0039424,WR,8.72,4.98,0.05
2026,18,00-0040729,WR,4.44,2.53,0.05
2026,18,00-0040730,RB,10.37,3.09,8.06
2026,18,00-0040154,WR,1.83,1.01,0.04
2026,18,00-0040691,QB,21.11,0,5.55
2026,18,00-0040218,WR,1.82,0.95,0.33
2026,18,00-0040644,RB,1.39,0.36,1.4
2026,18,00-0040581,WR,0.07,0.06,0
2026,18,00-0040563,WR,0.12,0.06,0
2026,18,00-0040172,WR,0.23,0.14,0
2026,18,00-0040259,WR,0.1,0.06,0
2026,18,00-0040886,RB,2.34,0.63,2.24
2026,18,00-0040870,WR,3.09,1.87,0.05
2026,18,00-0041070,WR,0.4,0.24,0
2026,18,00-0041547,WR,8.84,4.75,0.76
2026,18,00-0041044,WR,3.87,2.23,0.13
2026,18,00-0041496,RB,3.52,0.95,3.32
2026,18,00-0041483,TE,2.65,1.52,0.1
2026,18,00-0041035,WR,7.25,3.99,0.18
2026,18,00-0041579,TE,0.85,0.49,0
2026,18,00-0041398,TE,0.48,0.3,0
2026,18,00-0030506,TE,12.01,6.32,0
2026,18,00-0030279,WR,8.86,5.23,0
2026,18,00-0032104,RB,0.32,0.12,0.18
2026,18,00-0033106,QB,20.48,0,1.62
2026,18,00-0033908,WR,7.94,4.26,0.06
2026,18,00-0033858,TE,1.78,1.01,0
2026,18,00-0033555,WR,2.94,1.56,0.05
2026,18,00-0033576,TE,0.48,0.28,0
2026,18,00-0033293,RB,8.42,1.97,8.2
2026,18,00-0033376,FB,0.14,0.09,0
2026,18,00-0034844,RB,15.31,3.18,16.11
2026,18,00-0034365,TE,0.29,0.18,0
2026,18,00-0035229,TE,8.5,4.79,0
2026,18,00-0035644,TE,3.38,1.79,0
2026,18,00-0035685,RB,13.97,2.36,15.68
2026,18,00-0035689,TE,4.8,2.52,0
2026,18,00-0035659,WR,14.17,7.41,0.05
2026,18,00-0035021,WR,1.52,0.96,0.06
2026,18,00-0036275,RB,12.09,2.76,12.51
2026,18,00-0036410,WR,15.45,7.4,0.06
2026,18,00-0036158,RB,8.11,1.25,8.68
2026,18,00-0036165,WR,0.45,0.27,0
2026,18,00-0036309,WR,5.15,3.44,0.05
2026,18,00-0036900,WR,19.5,9.43,0.25
2026,18,00-0036556,TE,0.16,0.09,0
2026,18,00-0036555,RB,10.19,1.92,12.29
2026,18,00-0036842,RB,0.11,0.01,0.19
2026,18,00-0036887,TE,0.66,0.36,0
2026,18,00-0037741,WR,5.12,3.17,0.03
2026,18,00-0037816,WR,10.37,5.53,0
2026,18,00-0037263,RB,5.45,1.09,6.13
2026,18,00-0037256,RB,10.26,3.28,7.5
2026,18,00-0038128,QB,18.54,0,7.69
2026,18,00-0038090,WR,0.23,0.12,0.07
2026,18,00-0037809,TE,9.4,5.39,0
2026,18,00-0037311,TE,0.05,0.03,0
2026,18,00-0037801,WR,3.73,1.62,0.95
2026,18,00-0038555,RB,3.73,0.52,4.15
2026,18,00-0038935,TE,8.32,4.42,0
2026,18,00-0038618,WR,3.84,2.34,0.07
2026,18,00-0039146,WR,13.24,6.12,0.96
2026,18,00-0038576,WR,0.17,0.1,0
2026,18,00-0039021,RB,0.24,0,0.35
2026,18,00-0038933,TE,9.15,4.57,0
2026,18,00-0038547,TE,1.57,0.94,0
2026,18,00-0038640,WR,0.38,0.25,0
2026,18,00-0038783,TE,0.33,0.19,0
2026,18,00-0038794,RB,0.86,0.22,0.78
2026,18,00-0039796,RB,0.24,0.11,0.11
2026,18,00-0039361,RB,11.94,2.56,13.08
2026,18,00-0039814,TE,2.97,1.67,0
2026,18,00-0039530,TE,1.27,0.76,0
2026,18,00-0039880,WR,6.66,3.58,1.12
2026,18,00-0039890,WR,6.13,4.44,0.06
2026,18,00-0039915,WR,12.81,7,0.11
2026,18,00-0039874,RB,2.69,0.85,2.58
2026,18,00-0039364,RB,0.18,0.06,0.15
2026,18,00-0039589,WR,0.5,0.29,0.05
2026,18,00-0040177,RB,1.86,0.36,1.97
2026,18,00-0040162,RB,6.69,2.15,6.17
2026,18,00-0040583,RB,7.13,1.96,7.7
2026,18,00-0040715,RB,13.35,3.37,11.63
2026,18,00-0040237,WR,2.64,1.45,0.09
2026,18,00-0040134,WR,5.05,3.11,0.09
2026,18,00-0040198,RB,2.55,0.76,2.36
2026,18,00-0040648,WR,3.31,1.95,0.05
2026,18,00-0040646,WR,1.7,1.12,0.04
2026,18,00-0040784,RB,12.95,2.25,16.07
2026,18,00-0040128,TE,12.86,7.11,0.26
2026,18,00-0040236,RB,8.01,1.74,8.29
2026,18,00-0040669,WR,3.83,2.21,0.05
2026,18,00-0040509,TE,0.23,0.13,0
2026,18,00-0041562,QB,15.8,0,2.68
2026,18,00-0041510,TE,1.11,0.67,0
2026,18,00-0041040,WR,4.37,2.49,0.1
2026,18,WAS569019,RB,2.93,0.97,2.34
2026,18,00-0041472,TE,2.86,1.6,0
2026,18,00-0041415,RB,0.21,0.07,0.17
2026,18,00-0041041,TE,2.37,1.44,0
2026,18,00-0040894,WR,0.01,0.01,0
2026,18,00-0041013,RB,3.42,1.04,2.8
2026,18,00-0041084,TE,1.27,0.73,0
2026,18,00-0041067,WR,1.78,1.19,0
2026,18,00-0041087,TE,2.35,1.39,0
2026,18,00-0041069,WR,1.99,1.25,0
2026,18,00-0033119,QB,17.24,0,2.14
2026,18,00-0032775,WR,2.97,1.6,0
2026,18,00-0033906,RB,5.62,1.96,4.76
2026,18,00-0033881,TE,3.96,2.53,0
2026,18,00-0033375,WR,0.67,0.36,0
2026,18,00-0033307,WR,4.83,2.66,0
2026,18,00-0034869,QB,20,0,2.92
2026,18,00-0034775,WR,1.39,0.83,0.02
2026,18,00-0034798,TE,0.81,0.46,0
2026,18,00-0034270,TE,0.28,0.16,0
2026,18,00-0035662,WR,2.56,1.49,0
2026,18,00-0035250,RB,0.83,0.17,0.96
2026,18,00-0036358,WR,17.69,9.22,0.17
2026,18,00-0036322,WR,16.93,9.21,0.13
2026,18,00-0036355,QB,19.41,0,4.46
2026,18,00-0036264,QB,19.93,0,3.09
2026,18,00-0036290,TE,4.51,2.47,0
2026,18,00-0036425,RB,0.18,0.02,0.26
2026,18,00-0036139,RB,12,3.11,12.18
2026,18,00-0036893,RB,1.66,0.5,1.61
2026,18,00-0036963,WR,19.9,9.83,0.26
2026,18,00-0036876,TE,0.18,0.12,0
2026,18,00-0036754,TE,2.65,1.53,0
2026,18,00-0038046,TE,3.93,2.29,0.11
2026,18,00-0037258,RB,0.23,0.07,0.2
2026,18,00-0037838,TE,9.58,5.21,0
2026,18,00-0037740,WR,12.86,7.88,0.17
2026,18,00-0037557,RB,0.16,0.02,0.22
2026,18,00-0037231,WR,1.33,0.93,0.04
2026,18,00-0037197,RB,3.88,0.73,4.85
2026,18,00-0037085,RB,1.04,0.59,0.28
2026,18,00-0037276,RB,0.98,0.49,0.37
2026,18,00-0037525,RB,9.27,1.17,9.91
2026,18,00-0037093,WR,0.46,0.29,0
2026,18,00-0037563,RB,2.02,0.44,1.95
2026,18,00-0039139,RB,22.33,4.73,17.04
2026,18,00-0038597,RB,17.13,4.82,14.64
2026,18,00-0038558,TE,4.54,2.59,0
2026,18,00-0039075,WR,20.51,9.76,0.45
2026,18,00-0038611,RB,7.9,0.67,9.6
2026,18,00-0039041,TE,3.15,1.75,0
2026,18,00-0038573,WR,0.2,0.07,0.14
2026,18,00-0038839,WR,0.96,0.65,0
2026,18,00-0038359,WR,1.05,0.54,0.09
2026,18,00-0038705,RB,2.55,0.97,1.24
2026,18,00-0038710,TE,0.43,0.28,0
2026,18,00-0038685,RB,1.88,0.75,1.07
2026,18,00-0038738,FB,1.77,0.72,0.89
2026,18,00-0039918,QB,20.98,0,4.3
2026,18,00-0039794,RB,3.55,0.68,3.88
2026,18,00-0039405,RB,0.61,0.1,0.83
2026,18,00-0039912,TE,1.22,0.66,0
2026,18,00-0039847,TE,3.64,2.18,0
2026,18,00-0039849,WR,10.74,6.61,0
2026,18,00-0039792,WR,1.92,1.07,0.06
2026,18,00-0039901,WR,4.2,2.31,0.04
2026,18,00-0039410,WR,7.49,3.99,0.19
2026,18,00-0040187,TE,1.02,0.56,0
2026,18,00-0040737,TE,3.68,2.59,0
2026,18,00-0040667,WR,10.01,5.5,0.82
2026,18,00-0040782,WR,1.97,1.1,0.18
2026,18,00-0040663,TE,10.63,5.89,0.22
2026,18,00-0040124,WR,14.36,8.2,0.08
2026,18,00-0040138,WR,5.26,2.68,0.08
2026,18,00-0040705,WR,3.25,1.96,0.4
2026,18,00-0040238,RB,2.65,1.25,1.02
2026,18,00-0040164,WR,1.7,0.92,0.2
2026,18,00-0041489,WR,5.25,3.06,0.09
2026,18,00-0041438,WR,11,7.07,0.09
2026,18,00-0041042,WR,6.73,4.09,0.05
2026,18,00-0041512,RB,9.1,1.31,11.63
2026,18,00-0041503,TE,1.49,0.87,0
2026,18,00-0040888,RB,0.28,0.08,0.23
2026,18,00-0041037,WR,6.28,3.66,0.14
2026,18,00-0041077,TE,3.36,1.91,0
2026,18,00-0040939,TE,1.48,0.86,0
2026,18,00-0041125,RB,1.71,0.44,1.63
2026,18,00-0031588,WR,11.43,6.02,0
2026,18,00-0031484,TE,0.34,0.21,0
2026,18,00-0033589,WR,0.05,0.03,0
2026,18,00-0034860,WR,0.19,0.1,0.02
2026,18,00-0034348,WR,10.59,5.95,0
2026,18,00-0035700,RB,14.4,2.65,14.81
2026,18,00-0035719,WR,10.66,5.24,0.93
2026,18,00-0035261,RB,10.14,2.21,10.44
2026,18,00-0035500,WR,3.12,1.66,0.2
2026,18,00-0036223,RB,19.5,4,17.36
2026,18,00-0036244,TE,5.42,2.88,0
2026,18,00-0036422,TE,2.12,1.12,0
2026,18,00-0036259,WR,8.14,4.29,0
2026,18,00-0036429,TE,0.83,0.48,0
2026,18,00-0036973,RB,12.16,2.82,13.39
2026,18,00-0036970,TE,11.5,6.39,0
2026,18,00-0036630,WR,0.53,0.31,0
2026,18,00-0037005,TE,2.19,1.27,0
2026,18,00-0038117,WR,9.96,6.37,0.2
2026,18,00-0037744,TE,15.67,8.58,0
2026,18,00-0037664,WR,12.57,6.28,0.05
2026,18,00-0038134,RB,15.33,3.58,14.5
2026,18,00-0038124,WR,13.76,6.78,0.14
2026,18,00-0037252,TE,6.46,3.59,0
2026,18,00-0037304,RB,0.88,0.39,0.4
2026,18,00-0037120,RB,0.52,0.13,0.47
2026,18,00-0037132,WR,0.05,0.03,0
2026,18,00-0038996,TE,12.42,5.55,0
2026,18,00-0038543,WR,21.12,9.93,0.42
2026,18,00-0038997,WR,12.22,6.89,0.18
2026,18,00-0038951,RB,3.69,0.29,4.24
2026,18,00-0038542,RB,22.55,5.44,18.47
2026,18,00-0038454,RB,6.83,1.52,6.01
2026,18,00-0038544,WR,10.81,5.85,0.19
2026,18,00-0038994,WR,11.35,6.01,0.27
2026,18,00-0038551,RB,1.56,0.52,1.2
2026,18,00-0039064,WR,15.15,7.58,0.2
2026,18,00-0038559,WR,11.39,6.28,0.05
2026,18,00-0038519,WR,0.16,0.09,0.03
2026,18,00-0039851,QB,21.39,0,4.57
2026,18,00-0039910,QB,21.55,0,7.1
2026,18,00-0039875,RB,3.92,0.81,4.47
2026,18,00-0039373,RB,1.03,0.29,0.97
2026,18,00-0039344,RB,8.73,2.49,7.95
2026,18,00-0039338,TE,16.22,8.33,0.22
2026,18,00-0039365,WR,0.02,0.01,0
2026,18,00-0039920,WR,0.82,0.28,0.39
2026,18,00-0039894,WR,10.59,6.17,0.97
2026,18,00-0039342,WR,2.94,1.96,0
2026,18,00-0039337,WR,12.6,7.88,0.15
2026,18,00-0039491,WR,11.94,5.99,0.08
2026,18,00-0039391,RB,1.27,0.26,1.68
2026,18,00-0039355,WR,0.6,0.32,0
2026,18,00-0039384,RB,5.29,1,6.68
2026,18,00-0039754,TE,0.5,0.27,0
2026,18,00-0040651,RB,0.12,0,0.18
2026,18,00-0040719,RB,10.96,2.43,11.47
2026,18,00-0040522,WR,0.42,0.27,0.02
2026,18,00-0040739,TE,3.92,2.36,0
2026,18,00-0040242,RB,8.99,1.73,8.44
2026,18,00-0040582,WR,0.31,0.19,0.07
2026,18,00-0040208,RB,2.45,0.69,2.38
2026,18,00-0040131,WR,0.46,0.28,0.06
2026,18,00-0040184,WR,0.9,0.65,0.05
2026,18,00-0040021,RB,0.96,0.16,0.76
2026,18,00-0040568,RB,0.5,0.14,0.41
2026,18,00-0040067,RB,0.27,0.05,0.31
2026,18,00-0040277,WR,2.04,1.24,0
2026,18,00-0041116,TE,0.64,0.36,0
2026,18,00-0041525,WR,5.35,3.16,0.04
2026,18,00-0041048,WR,3.1,1.91,0.08
2026,18,00-0041132,WR,0.38,0.24,0
2026,18,00-0041529,WR,4.1,2.45,0
2026,18,00-0041217,RB,0.58,0.27,0.23
2026,18,00-0041216,WR,0.21,0.13,0
2026,18,00-0041100,WR,0.44,0.19,0.19
2026,18,00-0041443,WR,2.59,1.52,0.05
2026,18,00-0041051,WR,2.07,1.24,0.11
2026,18,00-0040890,WR,1.81,1.14,0
2026,18,00-0031381,WR,12.28,6.86,0
2026,18,00-0032764,RB,14.82,1.33,16.93
2026,18,00-0033090,TE,9.21,4.55,0
2026,18,00-0033110,TE,1.72,0.99,0
2026,18,00-0032464,WR,3.37,1.82,0.17
2026,18,00-0033921,WR,10.83,6.19,0.05
2026,18,00-0033873,QB,20.79,0,2.26
2026,18,00-0033217,TE,1.25,0.75,0
2026,18,00-0033553,RB,3.05,0.89,2.51
2026,18,00-0033526,RB,3.4,1.04,2.59
2026,18,00-0034855,QB,19.42,0,3.25
2026,18,00-0034827,WR,11.51,6.14,0.44
2026,18,00-0034857,QB,23,0,6.21
2026,18,00-0034753,TE,10.36,4.95,0.36
2026,18,00-0034351,TE,9.61,4.64,0
2026,18,00-0034487,WR,0.25,0.16,0
2026,18,00-0035676,WR,16.48,7.68,0.04
2026,18,00-0035406,WR,2.06,1.22,0
2026,18,00-0035537,RB,3.99,1.36,2.57
2026,18,00-0035125,FB,0.65,0.13,0.8
2026,18,00-0035535,WR,3.8,2.36,0
2026,18,00-0035208,WR,4.05,2.43,0.2
2026,18,00-0036252,WR,10.47,6.01,0.05
2026,18,00-0035891,WR,0.35,0.19,0
2026,18,00-0036825,TE,0.08,0.03,0.05
2026,18,00-0036550,WR,7.2,4.19,0.06
2026,18,00-0036626,WR,0.42,0.23,0.06
2026,18,00-0036875,RB,11.08,1.99,11.39
2026,18,00-0036637,TE,4.72,2.76,0
2026,18,00-0038041,TE,10.03,5.47,0
2026,18,00-0037238,WR,16.74,8.94,0.06
2026,18,00-0037239,WR,15.92,8.94,0.05
2026,18,00-0038120,RB,14.53,2.76,15.75
2026,18,00-0038115,TE,4.95,2.63,0
2026,18,00-0039144,TE,2.98,1.73,0
2026,18,00-0039066,TE,3.98,2.63,0
2026,18,00-0038977,WR,1.21,0.67,0.06
2026,18,00-0038608,WR,8.63,4.35,0
2026,18,00-0039165,RB,3.32,0.63,3.38
2026,18,00-0038564,TE,0.13,0.08,0
2026,18,00-0038589,TE,0.37,0.21,0
2026,18,00-0039074,TE,0.8,0.47,0
2026,18,00-0039067,WR,15.78,8.51,0.41
2026,18,00-0038797,RB,2.43,0.34,3.02
2026,18,00-0039798,RB,5.28,1.52,3.97
2026,18,00-0039407,RB,0.44,0.12,0.49
2026,18,00-0039811,RB,4.41,1.18,4.08
2026,18,00-0039738,RB,8.39,1,10.73
2026,18,00-0039356,TE,1.49,0.87,0
2026,18,00-0039793,TE,9.35,4.67,0.57
2026,18,00-0039919,WR,11.38,6.7,0.05
2026,18,00-0039893,WR,10.91,6.03,0.21
2026,18,00-0039816,WR,0.13,0.07,0.03
2026,18,00-0040078,RB,0.78,0.36,0.51
2026,18,00-0040009,WR,2.8,1.4,0.35
2026,18,00-0040189,TE,4.73,2.4,0
2026,18,00-0040736,TE,5.33,3.56,0
2026,18,00-0040170,WR,2.95,2.01,0
2026,18,00-0040142,RB,0.24,0.06,0.29
2026,18,00-0040735,WR,13.37,6.54,0.59
2026,18,00-0040122,RB,14.74,4.34,15.77
2026,18,00-0040718,DB,3.64,2.21,0.14
2026,18,00-0040743,QB,19.68,0,4.56
2026,18,00-0040075,WR,0.22,0.11,0.05
2026,18,00-0040590,WR,2.37,1.81,0
2026,18,00-0040311,WR,0.1,0.05,0
2026,18,00-0041029,WR,10.88,6.39,0.1
2026,18,00-0041027,RB,15.58,5.08,12.71
2026,18,00-0041523,WR,5.4,3.21,0
2026,18,00-0041248,WR,0.06,0.04,0
2026,18,00-0041558,TE,1.94,1.18,0
2026,18,00-0041032,TE,3.83,2.25,0.06
2026,18,00-0041004,WR,0.21,0.14,0
2026,18,00-0041395,TE,2.2,1.2,0
2026,18,00-0031408,WR,13.42,7.07,0
2026,18,00-0031610,TE,7.9,4.11,0
2026,18,00-0032392,TE,2.82,1.5,0
2026,18,00-0032398,WR,0.26,0.16,0
2026,18,00-0033077,QB,21.92,0,2.36
2026,18,00-0033885,TE,3.88,2.32,0
2026,18,00-0033280,RB,22.52,5.77,18.4
2026,18,00-0034829,TE,6.34,3.68,0
2026,18,00-0034383,TE,9.74,5.46,0
2026,18,00-0034272,WR,1.13,0.75,0.04
2026,18,00-0034613,TE,0.64,0.36,0
2026,18,00-0035640,WR,11.6,6.3,0.15
2026,18,00-0035228,QB,19.74,0,5.79
2026,18,00-0034981,TE,0.8,0.41,0
2026,18,00-0035544,WR,0.13,0.08,0
2026,18,00-0036212,QB,19.3,0,2.29
2026,18,00-0036331,WR,0.21,0.12,0.04
2026,18,00-0036389,QB,21.68,0,6.91
2026,18,00-0036427,WR,0.21,0.12,0
2026,18,00-0036040,TE,9.95,5.4,0
2026,18,00-0036971,QB,20.25,0,4.38
2026,18,00-0036912,WR,14.95,7.5,0.05
2026,18,00-0036613,WR,14.75,7.66,0.22
2026,18,00-0036919,RB,9.33,3.12,6.66
2026,18,00-0036997,RB,14.15,3.08,16.11
2026,18,00-0036924,RB,0.24,0.11,0.16
2026,18,00-0036534,TE,0.2,0.12,0
2026,18,00-0038129,TE,7.31,4.41,0
2026,18,00-0037666,WR,3.28,1.91,0
2026,18,00-0037261,WR,11.08,5.82,0.11
2026,18,00-0037805,TE,0.84,0.52,0
2026,18,00-0037291,WR,8.34,4.76,0.22
2026,18,00-0038104,WR,5.41,2.89,0
2026,18,00-0037539,TE,0.44,0.27,0
2026,18,00-0037292,TE,0.47,0.29,0
2026,18,00-0037475,TE,0.41,0.24,0
2026,18,00-0039040,RB,16.99,3.69,13.99
2026,18,00-0039032,RB,7.45,2.75,5.08
2026,18,00-0023459,QB,16.88,0,1.26
2026,18,00-0039163,QB,19.05,0,2.67
2026,18,00-0038563,WR,9.61,5.61,0.44
2026,18,00-0038619,WR,3.99,2.22,0.19
2026,18,00-0039050,TE,0.53,0.32,0
2026,18,00-0039065,TE,12.12,5.96,0.06
2026,18,00-0039746,RB,1.47,0.65,0.83
2026,18,00-0039359,TE,1.82,1,0.12
2026,18,00-0039751,WR,0.63,0.35,0.07
2026,18,00-0039739,WR,1.93,1.24,0
2026,18,00-0039299,RB,2.93,0.83,2.45
2026,18,00-0040586,RB,2.2,0.46,2.54
2026,18,00-0040179,RB,1.51,0.52,1.32
2026,18,00-0040466,RB,0.25,0.03,0.43
2026,18,00-0040653,WR,0.08,0.05,0
2026,18,00-0040584,TE,7.94,4.3,0
2026,18,00-0040666,RB,14.8,3.97,13.96
2026,18,00-0040727,WR,5.78,3.51,0.13
2026,18,00-0040129,WR,11.49,6.96,0.24
2026,18,00-0040205,RB,0.24,0.08,0.18
2026,18,00-0040126,TE,14.02,7.16,0.05
2026,18,00-0040676,QB,17.37,0,2.64
2026,18,00-0040668,QB,17.07,0,3.14
2026,18,00-0040734,RB,11.89,2.5,10.38
2026,18,00-0040194,TE,2.15,1.15,0
2026,18,00-0040024,WR,0.48,0.28,0
2026,18,00-0040876,WR,3.28,1.92,0.05
2026,18,00-0040887,TE,0.83,0.47,0
2026,18,00-0041511,WR,4.66,2.79,0.17
2026,18,00-0040867,WR,6.93,4,0.1
2026,18,00-0041104,RB,2.62,1.06,1.45
2026,18,00-0041550,WR,1.28,0.85,0
2026,18,00-0041129,RB,0.6,0.12,0.63
2026,18,00-0041096,RB,1.4,0.16,1.89
2026,18,00-0041052,RB,2.09,0.4,2.4
2026,18,00-0041524,TE,4.04,2.23,0
2026,18,00-0041099,WR,2.07,1.31,0
2026,18,00-0030565,QB,15.94,0,3.11
2026,18,00-0029892,FB,1.77,0.96,0.11
2026,18,00-0041244,RB,0.39,0.1,0.34
2026,18,00-0031235,WR,1.08,0.66,0
2026,18,00-0033537,QB,15.49,0,3.14
2026,18,00-0026498,QB,19.31,0,1.33
2026,18,00-0033288,TE,12.07,5.35,0
2026,18,00-0033955,RB,0.72,0.2,0.6
2026,18,00-0033757,TE,0.07,0.04,0
2026,18,00-0034796,QB,21.54,0,7.86
2026,18,00-0034837,WR,6.64,4,0.04
2026,18,00-0035710,QB,18.48,0,3.04
2026,18,00-0034960,WR,10.39,5.84,0.28
2026,18,00-0035249,TE,2.49,1.36,0
2026,18,00-0034975,RB,4.63,1.76,2.54
2026,18,00-0035631,TE,2.09,1.19,0
2026,18,00-0035359,WR,0.45,0.29,0
2026,18,00-0036442,QB,22.25,0,2.49
2026,18,00-0036407,WR,6.07,4.07,0.07
2026,18,00-0036415,WR,0.1,0.07,0
2026,18,00-0036182,WR,1.08,0.65,0
2026,18,00-0036590,TE,0.48,0.29,0
2026,18,00-0036554,WR,17.54,8.68,0.22
2026,18,00-0036894,TE,7.16,3.74,0
2026,18,00-0036988,WR,1.93,1.14,0
2026,18,00-0036628,TE,2.21,1.23,0
2026,18,00-0037742,WR,2.09,1.35,0.13
2026,18,00-0037247,WR,15.63,7.82,0.06
2026,18,00-0037248,RB,17.36,2.89,16.41
2026,18,00-0037614,WR,2.97,1.89,0.09
2026,18,00-0037240,WR,13.98,6.91,0.55
2026,18,00-0037840,RB,14.21,2.57,14.82
2026,18,00-0037746,RB,5.01,0.98,5.3
2026,18,00-0037086,TE,1.83,0.99,0
2026,18,00-0037834,QB,22.36,0,4.12
2026,18,00-0037091,WR,1.99,1.29,0.12
2026,18,00-0037228,RB,12.83,3.46,12.21
2026,18,00-0037594,RB,0.29,0.12,0.21
2026,18,00-0037545,WR,9.1,4.72,0.62
2026,18,00-0037112,TE,2.28,1.27,0
2026,18,00-0039150,QB,17.91,0,4.73
2026,18,00-0038393,WR,6.22,3.61,0.05
2026,18,00-0038606,WR,11.54,6.11,0.51
2026,18,00-0038976,WR,4.41,2.23,0.44
2026,18,00-0038621,WR,5.44,2.74,0.36
