team,season,week,plays,passes,neutralPlays,neutralPasses
BAL,2015,1,57,34,39,19
DEN,2015,1,68,44,52,39
JAX,2015,1,65,44,42,27
CAR,2015,1,66,33,40,23
LV,2015,1,62,46,17,11
CIN,2015,1,63,34,24,15
NYJ,2015,1,59,24,35,19
CLE,2015,1,63,35,41,18
DET,2015,1,47,31,18,11
LAC,2015,1,72,43,19,10
CHI,2015,1,70,37,51,22
GB,2015,1,51,23,36,19
IND,2015,1,69,53,21,18
BUF,2015,1,52,19,21,10
KC,2015,1,64,35,17,10
HOU,2015,1,74,53,7,5
WAS,2015,1,68,32,49,20
MIA,2015,1,54,37,29,21
SF,2015,1,64,27,47,21
MIN,2015,1,54,37,34,20
ARI,2015,1,56,32,42,27
NO,2015,1,70,50,37,23
DAL,2015,1,67,45,41,25
NYG,2015,1,61,37,37,25
PHI,2015,1,68,52,19,15
ATL,2015,1,67,35,44,22
PIT,2015,1,67,42,20,11
NE,2015,1,57,34,28,18
SEA,2015,1,79,47,43,23
LA,2015,1,55,29,29,14
TEN,2015,1,46,17,4,3
TB,2015,1,63,37,3,1
CHI,2015,2,62,34,25,9
ARI,2015,2,50,24,21,11
ATL,2015,2,69,48,40,29
NYG,2015,2,65,42,41,27
LV,2015,2,65,47,49,34
BAL,2015,2,70,45,33,22
DAL,2015,2,68,37,41,27
PHI,2015,2,55,38,20,11
DEN,2015,2,70,48,41,23
KC,2015,2,58,30,38,20
MIN,2015,2,60,19,29,6
DET,2015,2,71,54,17,9
CAR,2015,2,71,39,55,32
HOU,2015,2,82,59,57,39
JAX,2015,2,65,33,46,23
MIA,2015,2,61,45,36,24
BUF,2015,2,67,39,19,9
NE,2015,2,73,61,15,13
NYJ,2015,2,62,35,33,21
IND,2015,2,61,37,21,11
CIN,2015,2,60,26,41,20
LAC,2015,2,57,32,25,12
GB,2015,2,64,36,46,26
SEA,2015,2,56,31,28,15
PIT,2015,2,50,29,24,16
SF,2015,2,83,52,7,4
LA,2015,2,46,33,14,11
WAS,2015,2,66,29,21,12
NO,2015,2,69,43,30,17
TB,2015,2,59,24,30,14
TEN,2015,2,74,44,8,3
CLE,2015,2,46,17,9,4
DAL,2015,3,49,28,36,17
ATL,2015,3,69,38,12,5
MIA,2015,3,71,52,8,6
BUF,2015,3,62,29,13,10
CHI,2015,3,46,19,30,9
SEA,2015,3,61,34,25,16
BAL,2015,3,67,49,27,19
CIN,2015,3,63,34,21,8
DET,2015,3,68,49,37,22
DEN,2015,3,61,43,45,33
TEN,2015,3,75,47,25,16
IND,2015,3,53,33,23,10
JAX,2015,3,55,35,11,7
NE,2015,3,74,44,27,18
GB,2015,3,68,36,27,14
KC,2015,3,67,49,6,2
NO,2015,3,65,40,41,23
CAR,2015,3,62,32,35,20
LV,2015,3,61,32,36,21
CLE,2015,3,68,54,13,8
NYJ,2015,3,75,59,15,11
PHI,2015,3,64,29,21,11
PIT,2015,3,56,36,41,28
LA,2015,3,49,31,18,13
MIN,2015,3,54,24,32,14
LAC,2015,3,72,44,19,10
ARI,2015,3,66,32,5,3
SF,2015,3,50,21,7,4
HOU,2015,3,85,40,67,36
TB,2015,3,56,36,41,25
WAS,2015,3,71,51,5,3
NYG,2015,3,63,32,10,5
PIT,2015,4,62,30,40,21
BAL,2015,4,77,38,38,21
TB,2015,4,75,45,23,14
CAR,2015,4,54,24,30,15
CLE,2015,4,67,46,48,36
LAC,2015,4,61,40,49,35
NO,2015,4,69,44,43,30
DAL,2015,4,56,29,42,20
DET,2015,4,53,35,30,19
SEA,2015,4,60,32,35,17
GB,2015,4,68,35,45,27
SF,2015,4,50,31,29,15
ATL,2015,4,64,29,21,15
HOU,2015,4,75,58,9,4
IND,2015,4,72,50,47,32
JAX,2015,4,78,50,44,28
CIN,2015,4,51,24,34,22
KC,2015,4,73,50,29,16
MIN,2015,4,69,48,25,18
DEN,2015,4,51,29,19,11
BUF,2015,4,68,44,14,8
NYG,2015,4,63,36,27,18
MIA,2015,4,58,47,11,7
NYJ,2015,4,68,29,27,17
CHI,2015,4,75,46,47,26
LV,2015,4,57,35,40,26
WAS,2015,4,79,47,50,26
PHI,2015,4,51,33,20,14
LA,2015,4,50,25,37,22
ARI,2015,4,69,49,43,29
DET,2015,5,89,71,35,21
ARI,2015,5,41,20,17,7
TEN,2015,5,62,34,46,24
BUF,2015,5,47,22,27,16
CHI,2015,5,74,49,26,16
KC,2015,5,58,33,13,8
BAL,2015,5,68,37,28,16
CLE,2015,5,82,57,17,13
LV,2015,5,67,43,45,25
DEN,2015,5,55,37,42,33
HOU,2015,5,70,42,20,9
IND,2015,5,56,29,20,11
TB,2015,5,60,22,42,19
JAX,2015,5,56,39,37,21
DAL,2015,5,65,42,27,15
NE,2015,5,53,32,31,21
PHI,2015,5,79,45,55,35
NO,2015,5,68,48,39,26
PIT,2015,5,55,28,40,18
LAC,2015,5,69,50,48,36
CIN,2015,5,79,48,37,23
SEA,2015,5,57,27,32,15
SF,2015,5,63,37,35,18
NYG,2015,5,75,54,54,39
LA,2015,5,69,33,25,14
GB,2015,5,58,32,33,19
WAS,2015,5,58,34,40,22
ATL,2015,5,78,46,54,33
ARI,2015,6,64,45,48,32
PIT,2015,6,53,22,39,16
NO,2015,6,71,40,43,28
ATL,2015,6,70,49,33,20
SF,2015,6,56,31,25,19
BAL,2015,6,74,52,20,13
SEA,2015,6,60,34,41,22
CAR,2015,6,70,38,38,17
DET,2015,6,76,44,36,17
CHI,2015,6,74,43,28,17
BUF,2015,6,66,43,23,11
CIN,2015,6,59,33,32,20
DEN,2015,6,80,47,36,19
CLE,2015,6,76,44,22,14
HOU,2015,6,65,37,49,29
JAX,2015,6,77,56,51,34
MIN,2015,6,65,33,33,18
KC,2015,6,57,39,12,7
MIA,2015,6,63,31,26,12
TEN,2015,6,64,46,19,12
IND,2015,6,74,53,48,29
NE,2015,6,62,39,49,35
NYG,2015,6,64,41,42,27
PHI,2015,6,73,38,33,21
LAC,2015,6,89,68,39,29
GB,2015,6,48,32,25,16
WAS,2015,6,62,45,41,28
NYJ,2015,6,65,26,42,20
TEN,2015,7,52,36,39,28
ATL,2015,7,67,38,49,29
ARI,2015,7,58,31,36,19
BAL,2015,7,59,43,40,26
BUF,2015,7,75,46,20,12
JAX,2015,7,59,31,17,9
LA,2015,7,49,25,35,20
CLE,2015,7,65,41,32,16
NYG,2015,7,47,26,38,21
DAL,2015,7,69,28,49,21
HOU,2015,7,79,54,9,6
MIA,2015,7,56,24,10,6
DET,2015,7,50,33,17,10
MIN,2015,7,73,39,33,22
NO,2015,7,79,47,27,17
IND,2015,7,61,48,7,3
NYJ,2015,7,70,41,55,29
NE,2015,7,66,57,46,40
LAC,2015,7,82,61,6,5
LV,2015,7,57,32,18,11
PHI,2015,7,81,51,39,24
CAR,2015,7,57,25,28,10
PIT,2015,7,54,31,35,18
KC,2015,7,61,34,49,30
SF,2015,7,45,30,11,7
SEA,2015,7,67,29,25,6
WAS,2015,7,59,41,7,4
TB,2015,7,60,30,20,10
ARI,2015,8,74,38,35,18
CLE,2015,8,61,41,41,28
PIT,2015,8,67,48,49,32
CIN,2015,8,62,41,39,25
DET,2015,8,58,44,15,9
KC,2015,8,62,31,19,10
DEN,2015,8,63,29,27,14
GB,2015,8,46,25,11,8
IND,2015,8,82,47,26,8
CAR,2015,8,73,37,44,20
NE,2015,8,66,40,17,11
MIA,2015,8,62,49,11,6
MIN,2015,8,56,31,42,20
CHI,2015,8,59,34,42,26
NO,2015,8,76,50,53,34
NYG,2015,8,65,44,38,23
NYJ,2015,8,71,50,15,6
LV,2015,8,59,36,20,12
LAC,2015,8,63,37,48,29
BAL,2015,8,64,40,45,33
SEA,2015,8,60,30,35,21
DAL,2015,8,56,27,47,21
SF,2015,8,64,44,27,16
LA,2015,8,62,24,32,18
ATL,2015,8,73,46,32,15
TB,2015,8,62,31,24,12
HOU,2015,8,60,38,41,31
TEN,2015,8,58,38,35,19
SF,2015,9,61,26,44,22
ATL,2015,9,61,47,44,32
CHI,2015,9,68,41,26,12
LAC,2015,9,63,44,33,22
CLE,2015,9,53,36,28,17
CIN,2015,9,63,29,46,22
DEN,2015,9,51,37,25,19
IND,2015,9,76,37,31,15
CAR,2015,9,66,30,21,9
GB,2015,9,72,53,17,9
NYJ,2015,9,61,36,29,18
JAX,2015,9,65,46,25,14
BUF,2015,9,48,15,28,10
MIA,2015,9,62,38,13,6
NYG,2015,9,73,40,31,19
TB,2015,9,60,37,9,4
PIT,2015,9,82,52,57,37
LV,2015,9,68,44,48,26
PHI,2015,9,71,37,48,24
DAL,2015,9,71,42,47,22
LA,2015,9,70,33,40,20
MIN,2015,9,63,28,41,21
TEN,2015,9,68,40,31,17
NO,2015,9,68,43,50,29
NE,2015,9,74,39,24,14
WAS,2015,9,56,41,1,1
ARI,2015,10,80,50,34,21
SEA,2015,10,53,35,10,8
NYJ,2015,10,59,35,27,18
BUF,2015,10,63,31,32,18
TEN,2015,10,46,25,35,16
CAR,2015,10,62,30,45,26
LA,2015,10,59,38,23,13
CHI,2015,10,61,26,26,15
PIT,2015,10,58,39,27,22
CLE,2015,10,65,51,24,17
DAL,2015,10,52,31,42,24
TB,2015,10,66,41,45,29
GB,2015,10,81,64,51,35
DET,2015,10,64,38,48,29
CIN,2015,10,62,42,41,24
HOU,2015,10,59,36,45,26
JAX,2015,10,71,49,50,32
BAL,2015,10,68,47,50,38
DEN,2015,10,66,49,6,4
KC,2015,10,63,33,10,3
MIA,2015,10,64,40,32,23
PHI,2015,10,87,52,41,21
MIN,2015,10,59,26,36,18
LV,2015,10,64,45,31,21
NE,2015,10,66,44,38,24
NYG,2015,10,70,47,47,29
WAS,2015,10,59,28,31,17
NO,2015,10,55,30,15,9
BUF,2015,11,67,38,43,22
NE,2015,11,62,40,53,36
ARI,2015,11,56,32,42,24
CIN,2015,11,71,43,42,18
MIA,2015,11,41,27,27,16
DAL,2015,11,67,30,48,24
CHI,2015,11,60,34,42,20
DEN,2015,11,67,32,48,25
MIN,2015,11,62,44,26,14
GB,2015,11,69,37,40,26
IND,2015,11,61,34,17,8
ATL,2015,11,71,47,46,26
KC,2015,11,59,28,35,18
LAC,2015,11,57,33,23,13
HOU,2015,11,70,36,58,32
NYJ,2015,11,62,42,31,19
DET,2015,11,68,39,46,30
LV,2015,11,47,26,32,18
SF,2015,11,52,36,6,3
SEA,2015,11,71,31,17,6
LA,2015,11,56,27,34,14
BAL,2015,11,72,44,44,28
PHI,2015,11,72,44,24,13
TB,2015,11,69,30,38,19
TEN,2015,11,63,37,42,24
JAX,2015,11,58,35,47,27
CAR,2015,11,75,36,36,21
WAS,2015,11,47,35,13,8
SF,2015,12,55,38,36,23
ARI,2015,12,68,41,48,27
BAL,2015,12,58,34,37,21
CLE,2015,12,68,50,31,24
BUF,2015,12,68,40,39,27
KC,2015,12,57,31,30,20
DAL,2015,12,56,42,11,7
CAR,2015,12,64,28,25,13
GB,2015,12,73,45,48,26
CHI,2015,12,62,32,47,26
NYJ,2015,12,71,38,42,26
MIA,2015,12,70,61,25,19
MIN,2015,12,64,28,48,22
ATL,2015,12,56,33,43,22
DEN,2015,12,77,45,38,23
NE,2015,12,61,45,39,24
NO,2015,12,56,46,8,7
HOU,2015,12,63,28,18,9
NYG,2015,12,67,54,19,11
WAS,2015,12,64,29,18,11
TEN,2015,12,57,39,31,23
LV,2015,12,68,39,52,29
PHI,2015,12,57,33,26,14
DET,2015,12,70,40,28,17
PIT,2015,12,76,63,55,43
SEA,2015,12,60,33,40,23
JAX,2015,12,70,51,34,24
LAC,2015,12,69,45,33,24
LA,2015,12,71,54,15,8
CIN,2015,12,58,28,33,18
IND,2015,12,68,45,50,37
TB,2015,12,62,41,46,26
ARI,2015,13,75,42,48,29
LA,2015,13,48,35,20,12
TB,2015,13,63,29,46,20
ATL,2015,13,66,48,52,38
MIA,2015,13,47,20,35,16
BAL,2015,13,75,49,42,25
NO,2015,13,58,43,35,25
CAR,2015,13,74,42,45,20
CIN,2015,13,56,23,19,8
CLE,2015,13,60,41,14,10
WAS,2015,13,60,34,45,24
DAL,2015,13,54,30,34,17
DEN,2015,13,65,27,14,8
LAC,2015,13,62,39,18,13
GB,2015,13,63,39,11,5
DET,2015,13,63,38,20,11
HOU,2015,13,71,45,14,7
BUF,2015,13,58,22,23,6
IND,2015,13,56,39,26,15
PIT,2015,13,70,39,37,27
JAX,2015,13,59,39,17,10
TEN,2015,13,67,33,42,23
LV,2015,13,76,52,47,25
KC,2015,13,48,28,38,21
NYJ,2015,13,77,53,35,20
NYG,2015,13,61,37,23,15
PHI,2015,13,57,25,28,16
NE,2015,13,84,60,55,34
SEA,2015,13,64,30,33,18
MIN,2015,13,48,32,16,9
SF,2015,13,59,36,40,23
CHI,2015,13,74,32,54,22
CAR,2015,14,59,29,11,4
ATL,2015,14,61,46,5,2
BUF,2015,14,68,37,43,21
PHI,2015,14,71,39,53,27
GB,2015,14,79,37,49,23
DAL,2015,14,51,31,22,11
LA,2015,14,51,23,39,20
DET,2015,14,69,50,46,30
JAX,2015,14,62,33,36,21
IND,2015,14,69,46,41,28
ARI,2015,14,64,37,51,31
MIN,2015,14,63,39,37,20
HOU,2015,14,51,30,23,11
NE,2015,14,61,33,33,18
TB,2015,14,51,32,21,10
NO,2015,14,76,43,57,34
MIA,2015,14,63,42,47,30
NYG,2015,14,60,31,47,26
DEN,2015,14,77,56,46,28
LV,2015,14,52,33,24,17
PIT,2015,14,67,41,37,24
CIN,2015,14,55,40,12,7
LAC,2015,14,66,48,36,24
KC,2015,14,50,25,31,13
BAL,2015,14,54,41,26,16
SEA,2015,14,66,33,34,18
CLE,2015,14,70,33,52,30
SF,2015,14,54,37,28,18
NYJ,2015,14,71,37,26,15
TEN,2015,14,58,45,6,4
WAS,2015,14,66,34,39,20
CHI,2015,14,56,34,11,5
ARI,2015,15,72,35,47,25
PHI,2015,15,63,43,35,23
ATL,2015,15,67,36,45,23
JAX,2015,15,59,39,27,16
WAS,2015,15,54,29,21,12
BUF,2015,15,64,32,10,3
NYG,2015,15,73,46,35,19
CAR,2015,15,76,47,37,23
CHI,2015,15,62,42,6,3
MIN,2015,15,57,21,28,14
SF,2015,15,71,54,27,16
CIN,2015,15,61,25,30,11
CLE,2015,15,52,35,28,18
SEA,2015,15,67,32,36,18
PIT,2015,15,71,57,23,18
DEN,2015,15,70,46,32,20
NO,2015,15,71,53,17,12
DET,2015,15,49,28,13,8
GB,2015,15,68,41,28,19
LV,2015,15,75,50,28,17
HOU,2015,15,64,30,34,15
IND,2015,15,54,35,38,22
KC,2015,15,54,28,16,9
BAL,2015,15,67,47,15,7
MIA,2015,15,55,36,14,7
LAC,2015,15,72,37,24,12
DAL,2015,15,56,35,41,23
NYJ,2015,15,66,41,50,29
LA,2015,15,49,19,12,5
TB,2015,15,77,50,12,5
TEN,2015,15,60,39,12,6
NE,2015,15,63,37,16,11
CAR,2015,16,52,32,40,22
ATL,2015,16,60,32,41,24
CHI,2015,16,67,28,48,22
TB,2015,16,53,29,37,17
CIN,2015,16,69,37,39,15
DEN,2015,16,63,42,13,6
KC,2015,16,50,23,39,21
CLE,2015,16,67,31,17,6
DAL,2015,16,55,31,43,23
BUF,2015,16,58,21,43,19
ARI,2015,16,54,30,25,16
GB,2015,16,64,39,17,9
TEN,2015,16,64,53,10,6
HOU,2015,16,66,27,11,4
IND,2015,16,53,31,28,17
MIA,2015,16,70,45,5,2
NO,2015,16,68,36,19,11
JAX,2015,16,55,40,7,5
NYJ,2015,16,69,42,46,26
NE,2015,16,54,33,26,13
MIN,2015,16,65,28,31,18
NYG,2015,16,58,38,16,7
PIT,2015,16,57,37,29,15
BAL,2015,16,73,42,51,30
LV,2015,16,66,42,44,25
LAC,2015,16,75,50,43,28
SF,2015,16,59,36,47,24
DET,2015,16,65,40,46,28
LA,2015,16,51,23,21,10
SEA,2015,16,67,45,10,4
PHI,2015,16,77,61,43,30
WAS,2015,16,71,49,54,43
CIN,2015,17,56,30,40,26
BAL,2015,17,76,55,47,32
DET,2015,17,61,43,46,32
CHI,2015,17,52,28,29,14
JAX,2015,17,54,40,14,8
HOU,2015,17,74,43,29,19
MIN,2015,17,49,22,36,19
GB,2015,17,74,49,31,16
MIA,2015,17,71,39,53,32
NE,2015,17,53,27,40,17
NO,2015,17,63,43,40,29
ATL,2015,17,63,37,53,30
NYJ,2015,17,55,38,14,8
BUF,2015,17,72,30,52,23
KC,2015,17,64,26,32,16
LV,2015,17,54,38,18,12
PHI,2015,17,63,39,40,25
NYG,2015,17,80,44,36,18
PIT,2015,17,54,37,39,29
CLE,2015,17,76,53,36,23
DEN,2015,17,63,33,45,25
LAC,2015,17,67,38,52,28
ARI,2015,17,58,45,6,4
SEA,2015,17,67,33,26,10
LA,2015,17,71,38,49,26
SF,2015,17,74,45,41,23
CAR,2015,17,60,30,36,20
TB,2015,17,71,49,18,11
IND,2015,17,68,39,42,26
TEN,2015,17,57,31,27,14
DAL,2015,17,68,52,12,7
WAS,2015,17,60,27,9,6
BAL,2016,1,62,37,42,27
BUF,2016,1,48,24,29,15
DEN,2016,1,55,28,27,13
CAR,2016,1,66,34,34,16
HOU,2016,1,70,37,53,30
CHI,2016,1,54,34,37,20
CIN,2016,1,55,37,42,30
NYJ,2016,1,66,36,49,29
PHI,2016,1,73,39,51,31
CLE,2016,1,50,29,26,13
IND,2016,1,69,50,19,13
DET,2016,1,63,40,37,22
JAX,2016,1,67,42,44,24
GB,2016,1,58,34,50,32
LA,2016,1,59,37,20,11
SF,2016,1,76,35,32,14
SEA,2016,1,78,46,57,34
MIA,2016,1,54,34,35,20
TEN,2016,1,66,44,49,30
MIN,2016,1,60,33,34,17
ARI,2016,1,59,40,13,10
NE,2016,1,65,35,42,19
DAL,2016,1,73,43,55,28
NYG,2016,1,54,30,34,21
NO,2016,1,63,41,43,28
LV,2016,1,65,39,35,20
WAS,2016,1,55,43,24,18
PIT,2016,1,67,38,33,22
KC,2016,1,70,51,12,8
LAC,2016,1,68,37,19,8
ATL,2016,1,64,43,26,15
TB,2016,1,58,32,37,27
ATL,2016,2,65,35,48,27
LV,2016,2,71,46,49,31
CLE,2016,2,59,36,24,13
BAL,2016,2,71,45,16,11
PIT,2016,2,74,38,51,29
CIN,2016,2,73,55,45,32
DAL,2016,2,64,34,47,25
WAS,2016,2,64,47,37,25
MIN,2016,2,56,35,44,31
GB,2016,2,64,41,37,23
DEN,2016,2,66,35,53,29
IND,2016,2,65,45,40,22
LAC,2016,2,63,28,20,8
JAX,2016,2,63,52,6,3
HOU,2016,2,67,35,34,21
KC,2016,2,60,41,26,16
NE,2016,2,74,37,15,10
MIA,2016,2,60,44,3,2
NO,2016,2,59,46,45,33
NYG,2016,2,71,43,51,31
NYJ,2016,2,70,35,55,30
BUF,2016,2,49,30,18,9
CHI,2016,2,50,32,34,19
PHI,2016,2,64,35,48,31
LA,2016,2,56,33,39,24
SEA,2016,2,61,37,47,25
CAR,2016,2,77,40,43,24
SF,2016,2,64,38,38,16
ARI,2016,2,65,35,26,14
TB,2016,2,75,55,16,9
TEN,2016,2,60,37,14,5
DET,2016,2,67,44,32,19
BUF,2016,3,59,29,19,12
ARI,2016,3,78,56,9,6
NO,2016,3,80,56,33,20
ATL,2016,3,61,32,36,21
JAX,2016,3,63,42,22,13
BAL,2016,3,63,42,41,27
DAL,2016,3,65,24,18,7
CHI,2016,3,62,48,3,1
MIA,2016,3,64,39,41,23
CLE,2016,3,74,43,44,21
DEN,2016,3,60,37,39,26
CIN,2016,3,63,35,47,20
GB,2016,3,47,26,12,8
DET,2016,3,67,44,14,8
HOU,2016,3,70,43,13,5
NE,2016,3,57,20,13,6
LA,2016,3,61,27,38,21
TB,2016,3,83,62,43,25
CAR,2016,3,72,44,36,18
MIN,2016,3,53,30,19,10
NYJ,2016,3,66,44,16,8
KC,2016,3,59,35,28,18
TEN,2016,3,63,34,33,16
LV,2016,3,60,36,37,27
PIT,2016,3,58,48,15,10
PHI,2016,3,61,31,27,20
IND,2016,3,66,40,49,27
LAC,2016,3,58,41,30,21
SEA,2016,3,64,34,17,9
SF,2016,3,57,25,3,2
NYG,2016,3,61,40,39,21
WAS,2016,3,65,37,33,21
NE,2016,4,52,30,6,1
BUF,2016,4,73,41,21,13
CAR,2016,4,65,50,18,12
ATL,2016,4,63,40,36,25
WAS,2016,4,56,30,38,24
CLE,2016,4,68,40,35,22
DAL,2016,4,70,34,39,22
SF,2016,4,52,24,35,14
TB,2016,4,65,40,41,22
DEN,2016,4,64,35,27,19
CHI,2016,4,64,38,49,32
DET,2016,4,57,39,39,25
IND,2016,4,72,47,27,15
JAX,2016,4,65,36,21,9
KC,2016,4,72,54,6,5
PIT,2016,4,54,30,10,8
ARI,2016,4,74,49,56,35
LA,2016,4,54,32,36,22
CIN,2016,4,65,32,39,22
MIA,2016,4,43,30,16,8
NO,2016,4,68,38,41,24
LAC,2016,4,67,46,48,36
NYG,2016,4,63,45,20,11
MIN,2016,4,67,36,25,15
LV,2016,4,51,35,28,18
BAL,2016,4,80,54,27,19
NYJ,2016,4,65,45,37,22
SEA,2016,4,57,34,37,23
HOU,2016,4,62,38,37,24
TEN,2016,4,62,30,36,16
ARI,2016,5,64,29,46,25
SF,2016,5,74,38,44,20
ATL,2016,5,61,30,35,17
DEN,2016,5,64,40,9,3
LA,2016,5,64,35,37,19
BUF,2016,5,51,25,38,20
CHI,2016,5,61,43,41,27
IND,2016,5,63,44,50,36
DAL,2016,5,50,25,18,6
CIN,2016,5,64,45,8,4
MIN,2016,5,67,32,16,7
HOU,2016,5,60,46,3,3
CLE,2016,5,59,38,14,8
NE,2016,5,75,42,16,10
GB,2016,5,74,45,34,20
NYG,2016,5,54,39,15,10
NYJ,2016,5,58,41,45,29
PIT,2016,5,70,48,51,36
DET,2016,5,54,29,41,21
PHI,2016,5,57,36,12,7
LV,2016,5,69,44,45,29
LAC,2016,5,51,32,31,20
TB,2016,5,69,33,43,18
CAR,2016,5,53,28,41,24
TEN,2016,5,68,29,51,24
MIA,2016,5,41,24,29,15
BAL,2016,5,69,50,45,29
WAS,2016,5,60,41,47,32
SEA,2016,6,62,38,35,20
ATL,2016,6,64,46,39,28
BAL,2016,6,76,50,34,21
NYG,2016,6,64,47,24,18
NO,2016,6,70,49,23,14
CAR,2016,6,76,50,11,7
NE,2016,6,61,38,41,29
CIN,2016,6,65,33,47,25
TEN,2016,6,56,26,29,14
CLE,2016,6,64,49,17,11
DAL,2016,6,62,29,35,20
GB,2016,6,67,43,27,17
LAC,2016,6,60,31,39,23
DEN,2016,6,68,52,14,8
HOU,2016,6,67,40,12,7
IND,2016,6,67,35,29,13
CHI,2016,6,77,50,32,19
JAX,2016,6,54,35,15,8
LV,2016,6,52,35,29,19
KC,2016,6,62,24,33,14
DET,2016,6,56,32,35,20
LA,2016,6,55,33,48,28
ARI,2016,6,68,35,26,14
NYJ,2016,6,52,38,16,10
PHI,2016,6,47,27,19,11
WAS,2016,6,66,34,50,26
PIT,2016,6,53,38,25,13
MIA,2016,6,67,32,34,20
SF,2016,6,59,32,39,17
BUF,2016,6,73,30,53,26
BAL,2016,7,56,45,38,28
NYJ,2016,7,65,27,44,19
MIA,2016,7,67,27,43,21
BUF,2016,7,55,33,30,16
CHI,2016,7,44,27,32,16
GB,2016,7,80,58,61,49
CIN,2016,7,61,31,35,22
CLE,2016,7,63,37,30,15
HOU,2016,7,67,42,31,16
DEN,2016,7,59,25,36,18
TEN,2016,7,68,40,35,17
IND,2016,7,63,41,34,20
PHI,2016,7,54,28,33,20
MIN,2016,7,73,47,38,24
PIT,2016,7,68,46,41,23
NE,2016,7,54,26,42,22
KC,2016,7,50,24,27,15
NO,2016,7,70,48,22,15
NYG,2016,7,55,37,24,16
LA,2016,7,76,56,45,29
LV,2016,7,69,37,40,24
JAX,2016,7,59,44,16,8
LAC,2016,7,74,49,24,14
ATL,2016,7,63,37,32,15
ARI,2016,7,90,53,58,34
SEA,2016,7,57,38,28,19
SF,2016,7,66,38,38,19
TB,2016,7,72,32,41,19
DET,2016,7,51,32,37,21
WAS,2016,7,70,41,49,28
ARI,2016,8,65,55,13,10
CAR,2016,8,64,28,12,6
DET,2016,8,56,42,20,14
HOU,2016,8,60,32,25,14
ATL,2016,8,56,37,35,19
GB,2016,8,61,41,43,31
TEN,2016,8,66,23,18,8
JAX,2016,8,68,56,8,5
KC,2016,8,70,44,39,29
IND,2016,8,61,41,23,15
MIN,2016,8,60,42,19,11
CHI,2016,8,61,32,25,15
BUF,2016,8,69,43,12,7
NE,2016,8,60,38,21,13
CLE,2016,8,71,53,46,33
NYJ,2016,8,70,36,24,13
TB,2016,8,62,35,39,20
LV,2016,8,85,61,32,21
DAL,2016,8,76,42,31,15
PHI,2016,8,71,47,50,33
DEN,2016,8,62,39,42,29
LAC,2016,8,78,52,40,28
NO,2016,8,73,38,39,22
SEA,2016,8,52,35,32,19
WAS,2016,8,87,57,44,30
CIN,2016,8,81,45,47,27
TB,2016,9,72,51,36,20
ATL,2016,9,69,37,44,26
SEA,2016,9,41,30,24,18
BUF,2016,9,82,43,35,17
LA,2016,9,67,50,43,28
CAR,2016,9,61,37,48,32
CLE,2016,9,44,31,18,13
DAL,2016,9,67,28,22,10
DEN,2016,9,51,39,12,9
LV,2016,9,73,33,36,19
MIN,2016,9,67,42,43,26
DET,2016,9,61,36,39,22
GB,2016,9,65,47,20,15
IND,2016,9,63,38,38,24
JAX,2016,9,75,43,32,18
KC,2016,9,54,35,32,21
NO,2016,9,80,40,20,11
SF,2016,9,57,40,10,7
NYJ,2016,9,53,32,39,23
MIA,2016,9,61,30,46,24
NYG,2016,9,59,37,24,16
PHI,2016,9,74,49,5,3
PIT,2016,9,64,47,23,14
BAL,2016,9,61,34,36,20
LAC,2016,9,70,34,32,21
TEN,2016,9,61,42,17,12
ATL,2016,10,48,35,32,21
PHI,2016,10,74,38,53,27
CHI,2016,10,54,34,26,14
TB,2016,10,68,37,28,16
NYG,2016,10,70,45,56,38
CIN,2016,10,55,32,39,22
BAL,2016,10,75,43,56,37
CLE,2016,10,48,35,34,23
DAL,2016,10,61,36,39,21
PIT,2016,10,70,51,51,35
NO,2016,10,51,30,24,15
DEN,2016,10,81,46,41,23
GB,2016,10,74,60,9,5
TEN,2016,10,59,29,7,3
JAX,2016,10,74,52,52,35
HOU,2016,10,61,28,41,23
CAR,2016,10,68,40,27,14
KC,2016,10,62,42,13,7
LA,2016,10,64,33,47,25
NYJ,2016,10,58,33,41,20
LAC,2016,10,71,47,47,28
MIA,2016,10,49,25,30,13
MIN,2016,10,64,43,25,16
WAS,2016,10,61,34,45,24
NE,2016,10,62,34,46,25
SEA,2016,10,67,41,49,32
ARI,2016,10,73,50,47,35
SF,2016,10,61,33,18,10
ARI,2016,11,70,42,34,14
MIN,2016,11,53,30,19,10
DAL,2016,11,67,37,49,31
BAL,2016,11,52,36,37,21
CIN,2016,11,70,43,51,27
BUF,2016,11,63,29,44,20
CHI,2016,11,59,34,43,20
NYG,2016,11,62,36,35,21
GB,2016,11,65,46,43,31
WAS,2016,11,62,32,45,26
HOU,2016,11,74,41,53,29
LV,2016,11,49,31,37,25
DET,2016,11,56,36,35,25
JAX,2016,11,61,35,53,29
LA,2016,11,59,32,41,21
MIA,2016,11,57,38,36,20
SF,2016,11,62,35,28,12
NE,2016,11,69,40,41,25
NO,2016,11,71,47,26,16
CAR,2016,11,62,35,33,20
SEA,2016,11,60,33,23,13
PHI,2016,11,74,48,28,14
CLE,2016,11,62,49,17,10
PIT,2016,11,65,37,41,25
KC,2016,11,51,31,32,17
TB,2016,11,74,40,59,35
TEN,2016,11,70,43,11,4
IND,2016,11,54,30,21,9
ARI,2016,12,62,48,35,23
ATL,2016,12,65,37,49,30
CAR,2016,12,58,33,25,12
LV,2016,12,70,41,37,24
BAL,2016,12,67,37,41,24
CIN,2016,12,71,51,14,5
GB,2016,12,64,39,44,30
PHI,2016,12,58,40,46,29
JAX,2016,12,64,28,52,21
BUF,2016,12,52,23,34,17
DEN,2016,12,76,39,38,21
KC,2016,12,75,50,39,22
LA,2016,12,51,34,21,14
NO,2016,12,70,38,45,26
DET,2016,12,58,40,43,29
MIN,2016,12,53,37,41,27
NE,2016,12,69,51,39,27
NYJ,2016,12,55,33,41,22
NYG,2016,12,53,28,30,19
CLE,2016,12,71,50,28,15
IND,2016,12,63,40,12,8
PIT,2016,12,50,21,21,10
LAC,2016,12,49,31,34,23
HOU,2016,12,64,37,43,19
TB,2016,12,60,28,19,8
SEA,2016,12,61,39,3,2
MIA,2016,12,58,32,46,26
SF,2016,12,72,47,29,17
CHI,2016,12,76,54,26,13
TEN,2016,12,51,23,28,14
DAL,2016,12,52,25,27,15
WAS,2016,12,73,54,25,16
LV,2016,13,68,36,30,17
BUF,2016,13,69,39,35,16
CAR,2016,13,54,33,6,4
SEA,2016,13,71,42,14,7
DAL,2016,13,48,21,34,16
MIN,2016,13,70,51,48,32
DEN,2016,13,54,26,34,19
JAX,2016,13,81,43,46,22
NO,2016,13,56,44,7,4
DET,2016,13,68,45,39,29
HOU,2016,13,64,37,50,25
GB,2016,13,57,31,41,25
NYJ,2016,13,51,38,6,4
IND,2016,13,67,30,11,6
ATL,2016,13,68,38,35,21
KC,2016,13,45,26,28,16
NE,2016,13,73,46,21,10
LA,2016,13,48,36,11,8
BAL,2016,13,66,49,16,14
MIA,2016,13,59,43,7,3
PIT,2016,13,69,40,30,20
NYG,2016,13,54,41,18,12
PHI,2016,13,79,61,11,6
CIN,2016,13,63,31,15,8
SF,2016,13,54,21,33,4
CHI,2016,13,57,19,32,12
LAC,2016,13,53,28,40,22
TB,2016,13,59,32,47,26
ARI,2016,13,70,47,55,36
WAS,2016,13,56,39,41,27
ARI,2016,14,63,37,16,8
MIA,2016,14,57,26,30,14
ATL,2016,14,57,32,17,11
LA,2016,14,67,44,14,9
NE,2016,14,64,39,28,17
BAL,2016,14,68,54,18,12
DET,2016,14,65,38,50,30
CHI,2016,14,50,33,25,14
CIN,2016,14,70,32,15,7
CLE,2016,14,53,31,3,2
NYG,2016,14,62,31,44,26
DAL,2016,14,65,40,49,28
DEN,2016,14,64,55,5,4
TEN,2016,14,62,23,14,5
HOU,2016,14,64,25,44,18
IND,2016,14,60,46,37,26
MIN,2016,14,61,34,40,26
JAX,2016,14,65,41,51,29
TB,2016,14,61,28,36,19
NO,2016,14,58,42,21,14
NYJ,2016,14,82,41,5,2
SF,2016,14,55,28,5,2
LV,2016,14,73,42,18,10
KC,2016,14,51,27,25,16
PIT,2016,14,70,31,47,26
BUF,2016,14,48,30,23,10
LAC,2016,14,65,45,11,7
CAR,2016,14,67,29,18,7
GB,2016,14,53,26,19,8
SEA,2016,14,68,42,17,7
PHI,2016,14,77,51,53,34
WAS,2016,14,45,24,31,16
CAR,2016,15,71,39,33,20
WAS,2016,15,60,48,17,14
CLE,2016,15,54,33,20,11
BUF,2016,15,66,26,39,19
NYG,2016,15,62,30,46,23
DET,2016,15,59,40,38,23
GB,2016,15,57,34,46,28
CHI,2016,15,63,44,29,20
IND,2016,15,68,28,21,10
MIN,2016,15,56,47,3,2
HOU,2016,15,76,47,18,11
JAX,2016,15,50,30,23,12
LA,2016,15,56,39,21,13
SEA,2016,15,55,28,40,20
NYJ,2016,15,72,49,42,30
MIA,2016,15,46,19,28,14
NE,2016,15,72,34,46,25
DEN,2016,15,61,44,40,27
ARI,2016,15,56,41,31,19
NO,2016,15,81,51,61,39
LAC,2016,15,55,33,44,27
LV,2016,15,58,32,42,24
PHI,2016,15,82,44,53,23
BAL,2016,15,55,32,40,25
CIN,2016,15,56,28,35,16
PIT,2016,15,63,37,11,7
SF,2016,15,55,35,5,2
ATL,2016,15,65,25,11,6
DAL,2016,15,70,39,45,24
TB,2016,15,59,39,22,12
TEN,2016,15,62,34,18,8
KC,2016,15,57,29,25,14
ARI,2016,16,56,28,34,16
SEA,2016,16,79,52,30,20
ATL,2016,16,61,37,12,8
CAR,2016,16,67,45,5,3
BAL,2016,16,73,47,52,32
PIT,2016,16,52,31,33,16
CIN,2016,16,63,44,43,30
HOU,2016,16,57,33,40,23
DEN,2016,16,57,43,11,8
KC,2016,16,73,37,13,4
DAL,2016,16,52,22,36,18
DET,2016,16,70,50,45,30
IND,2016,16,53,30,29,12
LV,2016,16,69,35,35,22
BUF,2016,16,89,41,23,14
MIA,2016,16,66,29,39,17
GB,2016,16,58,43,15,13
MIN,2016,16,75,54,10,8
NYG,2016,16,88,63,8,4
PHI,2016,16,53,24,20,6
NYJ,2016,16,55,26,6,4
NE,2016,16,67,30,16,8
LAC,2016,16,64,45,33,22
CLE,2016,16,66,37,49,28
SF,2016,16,68,41,44,21
LA,2016,16,56,28,44,22
NO,2016,16,65,36,50,29
TB,2016,16,58,37,23,12
JAX,2016,16,68,41,30,16
TEN,2016,16,64,45,4,3
WAS,2016,16,63,29,18,10
CHI,2016,16,67,41,13,8
ARI,2016,17,67,43,38,27
LA,2016,17,57,35,14,9
BAL,2016,17,70,54,15,8
CIN,2016,17,64,28,14,6
BUF,2016,17,62,34,40,20
NYJ,2016,17,60,31,47,23
TB,2016,17,62,38,50,30
CAR,2016,17,68,36,49,27
MIN,2016,17,59,34,19,9
CHI,2016,17,59,22,8,2
CLE,2016,17,77,44,37,23
PIT,2016,17,69,41,29,16
DAL,2016,17,52,32,41,25
PHI,2016,17,75,45,52,33
DET,2016,17,64,43,48,28
GB,2016,17,69,41,46,27
TEN,2016,17,58,30,39,21
HOU,2016,17,72,51,34,22
IND,2016,17,64,42,18,11
JAX,2016,17,71,41,19,10
LAC,2016,17,64,38,35,19
KC,2016,17,60,29,41,23
NE,2016,17,63,34,21,11
MIA,2016,17,57,34,3,1
NO,2016,17,76,52,17,9
ATL,2016,17,58,37,9,8
WAS,2016,17,54,39,11,6
NYG,2016,17,69,28,27,11
DEN,2016,17,65,27,18,9
LV,2016,17,51,35,12,6
SF,2016,17,57,27,40,20
SEA,2016,17,63,40,32,22
ARI,2017,1,68,50,45,30
DET,2017,1,71,44,27,20
ATL,2017,1,53,32,42,23
CHI,2017,1,63,44,35,16
CIN,2017,1,58,36,26,13
BAL,2017,1,60,18,25,14
CAR,2017,1,59,24,26,13
SF,2017,1,54,39,24,15
LA,2017,1,61,31,21,11
IND,2017,1,48,25,10,4
JAX,2017,1,58,21,34,13
HOU,2017,1,69,46,21,13
NE,2017,1,73,39,54,24
KC,2017,1,62,38,28,18
DEN,2017,1,67,32,42,20
LAC,2017,1,56,34,29,12
NO,2017,1,59,38,30,14
MIN,2017,1,61,33,29,20
DAL,2017,1,70,39,41,24
NYG,2017,1,52,41,15,10
BUF,2017,1,69,30,52,27
NYJ,2017,1,55,41,31,23
LV,2017,1,62,34,41,26
TEN,2017,1,63,42,46,26
WAS,2017,1,61,44,37,26
PHI,2017,1,65,42,47,31
CLE,2017,1,63,37,42,20
PIT,2017,1,51,37,34,26
SEA,2017,1,48,30,38,21
GB,2017,1,71,46,51,35
ARI,2017,2,64,40,22,15
IND,2017,2,70,41,50,26
CAR,2017,2,65,38,51,30
BUF,2017,2,51,28,33,16
TB,2017,2,65,33,16,10
CHI,2017,2,62,46,11,7
CLE,2017,2,66,45,27,17
BAL,2017,2,67,36,35,23
DAL,2017,2,66,52,18,13
DEN,2017,2,72,34,42,23
DET,2017,2,56,24,40,21
NYG,2017,2,55,37,19,13
ATL,2017,2,58,31,28,17
GB,2017,2,68,54,20,12
HOU,2017,2,62,27,42,20
CIN,2017,2,62,38,48,28
LAC,2017,2,54,40,41,29
MIA,2017,2,67,36,50,27
PIT,2017,2,67,37,17,5
MIN,2017,2,60,40,9,4
NE,2017,2,72,41,21,13
NO,2017,2,62,45,6,3
LV,2017,2,55,28,32,18
NYJ,2017,2,52,28,17,8
KC,2017,2,51,32,37,25
PHI,2017,2,69,52,41,29
SEA,2017,2,75,42,60,38
SF,2017,2,48,29,37,23
TEN,2017,2,62,28,42,24
JAX,2017,2,62,37,38,17
LA,2017,2,48,27,20,14
WAS,2017,2,68,29,40,16
ATL,2017,3,64,37,47,28
DET,2017,3,66,47,17,14
BAL,2017,3,54,29,6,3
JAX,2017,3,65,33,15,9
CIN,2017,3,59,30,34,18
GB,2017,3,65,48,21,16
CLE,2017,3,69,48,23,11
IND,2017,3,62,27,27,14
ARI,2017,3,75,54,47,30
DAL,2017,3,44,19,32,16
DEN,2017,3,66,43,53,32
BUF,2017,3,60,30,43,26
HOU,2017,3,67,35,36,19
NE,2017,3,61,41,46,29
LAC,2017,3,68,42,26,14
KC,2017,3,51,26,33,17
SF,2017,3,75,42,27,12
LA,2017,3,59,28,37,21
NYJ,2017,3,58,25,30,16
MIA,2017,3,63,48,19,9
CAR,2017,3,59,37,25,9
NO,2017,3,57,30,21,14
PHI,2017,3,72,34,49,21
NYG,2017,3,64,47,33,25
LV,2017,3,47,35,16,10
WAS,2017,3,65,31,31,17
PIT,2017,3,59,42,30,23
CHI,2017,3,62,24,39,13
TEN,2017,3,65,31,51,27
SEA,2017,3,73,51,38,23
MIN,2017,3,67,33,26,14
TB,2017,3,51,42,11,8
ATL,2017,4,72,43,47,25
BUF,2017,4,57,23,46,19
NE,2017,4,67,48,48,34
CAR,2017,4,60,31,44,24
GB,2017,4,52,29,13,7
CHI,2017,4,64,34,1,1
CLE,2017,4,61,44,22,11
CIN,2017,4,63,33,29,17
DET,2017,4,66,38,56,34
MIN,2017,4,54,32,37,20
IND,2017,4,58,33,34,22
SEA,2017,4,63,30,43,23
NYJ,2017,4,68,36,39,21
JAX,2017,4,74,36,48,25
DAL,2017,4,65,38,42,21
LA,2017,4,67,37,18,11
MIA,2017,4,47,32,26,15
NO,2017,4,69,41,40,26
NYG,2017,4,77,49,38,22
TB,2017,4,61,40,32,19
DEN,2017,4,59,30,33,17
LV,2017,4,53,38,16,9
LAC,2017,4,53,40,21,12
PHI,2017,4,72,32,40,21
BAL,2017,4,67,51,16,8
PIT,2017,4,73,32,33,15
ARI,2017,4,78,57,50,33
SF,2017,4,79,52,48,32
TEN,2017,4,40,22,6,2
HOU,2017,4,78,36,15,8
WAS,2017,4,49,24,27,14
KC,2017,4,72,40,31,17
ARI,2017,5,60,46,8,5
PHI,2017,5,62,31,13,9
BAL,2017,5,62,26,12,6
LV,2017,5,54,29,3,2
CIN,2017,5,60,37,44,29
BUF,2017,5,67,43,55,33
DET,2017,5,56,41,28,17
CAR,2017,5,61,36,37,23
DAL,2017,5,72,37,29,15
GB,2017,5,59,34,21,9
JAX,2017,5,53,16,35,16
PIT,2017,5,76,56,52,37
KC,2017,5,74,39,33,19
HOU,2017,5,58,34,11,7
LAC,2017,5,71,44,46,30
NYG,2017,5,67,42,47,29
CHI,2017,5,57,27,33,18
MIN,2017,5,67,36,47,28
NE,2017,5,66,43,45,29
TB,2017,5,67,47,30,18
NYJ,2017,5,48,33,34,25
CLE,2017,5,70,37,58,29
SEA,2017,5,64,40,38,24
LA,2017,5,70,48,49,32
IND,2017,5,71,38,47,28
SF,2017,5,70,48,35,23
TEN,2017,5,58,38,40,26
MIA,2017,5,58,28,35,20
BAL,2017,6,71,45,29,14
CHI,2017,6,74,21,49,11
HOU,2017,6,62,30,17,9
CLE,2017,6,63,41,20,9
NO,2017,6,67,30,17,9
DET,2017,6,76,57,13,7
GB,2017,6,65,41,33,16
MIN,2017,6,69,38,60,34
TEN,2017,6,66,33,41,23
IND,2017,6,57,38,39,24
LAC,2017,6,63,37,42,26
LV,2017,6,53,31,45,26
JAX,2017,6,66,40,30,18
LA,2017,6,54,24,37,19
ATL,2017,6,55,36,22,13
MIA,2017,6,63,33,6,4
NYJ,2017,6,73,50,46,29
NE,2017,6,62,38,42,26
DEN,2017,6,73,57,17,11
NYG,2017,6,54,22,25,13
PHI,2017,6,59,33,49,26
CAR,2017,6,79,54,36,23
PIT,2017,6,61,26,36,16
KC,2017,6,52,37,11,7
WAS,2017,6,70,38,39,22
SF,2017,6,70,50,18,8
ARI,2017,6,55,24,13,6
TB,2017,6,68,46,6,4
ARI,2017,7,47,35,25,19
LA,2017,7,77,38,27,17
NE,2017,7,64,31,31,16
ATL,2017,7,56,34,17,9
BAL,2017,7,64,44,32,20
MIN,2017,7,64,31,45,24
CAR,2017,7,69,39,21,11
CHI,2017,7,34,11,11,4
PIT,2017,7,65,25,42,18
CIN,2017,7,50,34,33,19
DAL,2017,7,70,28,13,5
SF,2017,7,65,43,3,2
DEN,2017,7,59,40,19,10
LAC,2017,7,55,29,21,12
JAX,2017,7,64,28,16,7
IND,2017,7,67,47,5,1
KC,2017,7,60,37,47,31
LV,2017,7,73,52,48,30
GB,2017,7,50,26,43,21
NO,2017,7,72,39,52,32
NYJ,2017,7,51,30,38,22
MIA,2017,7,65,40,41,23
SEA,2017,7,70,40,52,33
NYG,2017,7,57,40,40,24
TB,2017,7,70,45,43,28
BUF,2017,7,67,34,53,28
TEN,2017,7,68,36,45,22
CLE,2017,7,66,41,40,25
WAS,2017,7,61,44,28,17
PHI,2017,7,60,28,41,22
NYJ,2017,8,57,35,42,22
ATL,2017,8,63,30,46,25
TB,2017,8,63,41,30,21
CAR,2017,8,61,32,42,24
NO,2017,8,57,30,24,13
CHI,2017,8,66,35,23,8
DAL,2017,8,63,24,47,22
WAS,2017,8,58,43,38,25
DEN,2017,8,71,40,9,3
KC,2017,8,58,33,14,10
HOU,2017,8,69,35,54,28
SEA,2017,8,62,43,40,26
IND,2017,8,71,43,53,32
CIN,2017,8,51,32,41,27
LAC,2017,8,52,31,18,5
NE,2017,8,82,50,40,27
MIA,2017,8,66,47,17,10
BAL,2017,8,60,23,17,9
MIN,2017,8,79,44,60,36
CLE,2017,8,59,37,42,20
LV,2017,8,63,49,34,22
BUF,2017,8,62,27,34,20
PIT,2017,8,57,31,43,25
DET,2017,8,69,47,47,32
SF,2017,8,64,40,21,11
PHI,2017,8,65,36,32,19
ARI,2017,9,70,30,39,20
SF,2017,9,73,56,22,15
ATL,2017,9,57,40,20,15
CAR,2017,9,63,25,27,11
TEN,2017,9,50,31,25,16
BAL,2017,9,77,55,29,17
NYJ,2017,9,59,21,38,17
BUF,2017,9,69,47,33,20
JAX,2017,9,77,38,51,29
CIN,2017,9,35,20,17,8
DEN,2017,9,60,41,12,6
PHI,2017,9,66,30,15,10
GB,2017,9,58,41,20,11
DET,2017,9,67,34,29,14
HOU,2017,9,67,46,35,22
IND,2017,9,60,33,41,21
DAL,2017,9,65,34,48,26
KC,2017,9,55,36,37,20
NYG,2017,9,65,40,23,10
LA,2017,9,60,22,18,9
LV,2017,9,55,31,39,23
MIA,2017,9,62,43,35,21
NO,2017,9,57,28,18,14
TB,2017,9,57,32,3,1
WAS,2017,9,60,37,38,22
SEA,2017,9,76,48,36,20
CIN,2017,10,50,36,28,19
TEN,2017,10,84,48,59,32
DET,2017,10,47,30,26,17
CLE,2017,10,77,44,58,26
DAL,2017,10,59,38,30,19
ATL,2017,10,64,30,42,25
CHI,2017,10,57,40,41,26
GB,2017,10,64,28,44,22
HOU,2017,10,63,39,43,25
LA,2017,10,63,41,37,27
LAC,2017,10,66,37,40,24
JAX,2017,10,82,55,31,16
MIA,2017,10,53,37,18,12
CAR,2017,10,69,35,39,25
WAS,2017,10,72,46,33,17
MIN,2017,10,58,29,26,14
NE,2017,10,67,38,5,3
DEN,2017,10,60,33,7,4
BUF,2017,10,45,30,16,7
NO,2017,10,69,25,25,13
SF,2017,10,55,25,45,24
NYG,2017,10,64,40,42,21
NYJ,2017,10,64,45,43,25
TB,2017,10,66,35,47,28
PIT,2017,10,63,33,18,9
IND,2017,10,55,27,29,13
SEA,2017,10,58,36,48,32
ARI,2017,10,73,49,36,21
ARI,2017,11,54,36,35,20
HOU,2017,11,67,33,50,26
ATL,2017,11,56,28,36,19
SEA,2017,11,69,46,17,12
GB,2017,11,67,42,31,18
BAL,2017,11,56,31,32,22
BUF,2017,11,62,40,16,8
LAC,2017,11,69,37,20,14
DEN,2017,11,79,45,59,28
CIN,2017,11,51,27,37,23
CHI,2017,11,61,31,39,19
DET,2017,11,57,34,30,19
CLE,2017,11,54,37,28,17
JAX,2017,11,76,32,61,27
KC,2017,11,71,42,44,26
NYG,2017,11,67,36,38,19
LA,2017,11,54,38,34,21
MIN,2017,11,72,38,54,34
LV,2017,11,72,51,18,10
NE,2017,11,58,38,30,22
DAL,2017,11,62,36,43,22
PHI,2017,11,59,28,42,23
TB,2017,11,62,38,40,25
MIA,2017,11,60,41,26,16
PIT,2017,11,66,48,52,41
TEN,2017,11,57,39,23,14
NO,2017,11,66,42,42,27
WAS,2017,11,67,34,47,22
BUF,2017,12,66,31,42,25
KC,2017,12,56,38,20,10
CAR,2017,12,67,33,49,26
NYJ,2017,12,63,37,36,20
PHI,2017,12,70,40,24,14
CHI,2017,12,48,35,10,6
CLE,2017,12,66,35,20,7
CIN,2017,12,57,29,24,12
LV,2017,12,60,26,30,11
DEN,2017,12,57,40,19,9
PIT,2017,12,71,47,39,26
GB,2017,12,54,30,33,15
BAL,2017,12,63,34,46,29
HOU,2017,12,64,39,52,30
JAX,2017,12,57,35,26,15
ARI,2017,12,70,40,34,19
DAL,2017,12,50,30,24,12
LAC,2017,12,62,33,39,22
NE,2017,12,63,29,26,15
MIA,2017,12,59,40,3,3
DET,2017,12,53,38,5,3
MIN,2017,12,70,32,17,9
LA,2017,12,70,48,48,34
NO,2017,12,52,35,22,13
NYG,2017,12,55,32,41,20
WAS,2017,12,66,37,48,31
SEA,2017,12,63,34,40,23
SF,2017,12,66,42,43,23
TB,2017,12,68,45,19,11
ATL,2017,12,63,35,25,14
IND,2017,12,61,37,50,29
TEN,2017,12,51,25,24,11
NO,2017,13,61,36,40,25
CAR,2017,13,53,30,25,13
CLE,2017,13,57,35,25,12
LAC,2017,13,67,44,47,35
MIA,2017,13,64,34,25,16
DEN,2017,13,68,45,17,9
BAL,2017,13,62,36,23,14
DET,2017,13,61,37,17,9
HOU,2017,13,73,52,48,32
TEN,2017,13,50,25,30,16
IND,2017,13,64,38,12,6
JAX,2017,13,66,39,33,22
KC,2017,13,46,35,32,22
NYJ,2017,13,84,36,53,24
LA,2017,13,56,32,29,17
ARI,2017,13,62,39,10,6
MIN,2017,13,60,32,48,25
ATL,2017,13,51,29,39,23
BUF,2017,13,64,38,31,16
NE,2017,13,66,33,44,22
NYG,2017,13,61,37,44,26
LV,2017,13,65,37,50,29
SEA,2017,13,57,33,35,21
PHI,2017,13,74,48,29,15
PIT,2017,13,63,41,12,9
CIN,2017,13,60,38,25,14
SF,2017,13,72,39,44,24
CHI,2017,13,36,17,28,13
TB,2017,13,74,39,46,22
GB,2017,13,52,24,29,14
DAL,2017,13,65,23,29,11
WAS,2017,13,60,41,18,9
BAL,2017,14,61,35,31,19
PIT,2017,14,84,67,47,33
CIN,2017,14,53,40,28,17
CHI,2017,14,71,33,50,29
DAL,2017,14,58,30,43,24
NYG,2017,14,75,46,50,27
DET,2017,14,62,44,42,29
TB,2017,14,68,41,46,28
GB,2017,14,73,47,38,22
CLE,2017,14,56,30,42,24
BUF,2017,14,64,14,41,9
IND,2017,14,67,22,40,8
MIN,2017,14,72,51,39,24
CAR,2017,14,60,27,38,19
MIA,2017,14,67,40,39,25
NE,2017,14,55,45,27,19
NO,2017,14,52,37,38,26
ATL,2017,14,63,28,46,22
DEN,2017,14,67,33,13,8
NYJ,2017,14,47,25,3,1
LV,2017,14,56,45,8,5
KC,2017,14,70,38,21,9
PHI,2017,14,86,53,64,42
LA,2017,14,44,28,22,15
JAX,2017,14,61,27,35,21
SEA,2017,14,57,33,36,20
SF,2017,14,62,34,49,28
HOU,2017,14,64,41,48,30
TEN,2017,14,56,34,42,22
ARI,2017,14,61,34,42,26
LAC,2017,14,71,36,20,12
WAS,2017,14,50,29,5,2
ARI,2017,15,79,45,30,17
WAS,2017,15,46,27,29,18
ATL,2017,15,67,32,41,18
TB,2017,15,53,35,24,11
BAL,2017,15,72,43,51,32
CLE,2017,15,58,39,28,14
DET,2017,15,56,37,31,19
CHI,2017,15,63,48,12,7
MIN,2017,15,58,27,13,6
CIN,2017,15,51,31,6,4
DAL,2017,15,59,29,38,18
LV,2017,15,61,38,11,7
DEN,2017,15,74,29,39,21
IND,2017,15,52,31,40,21
GB,2017,15,66,47,30,18
CAR,2017,15,67,32,56,28
HOU,2017,15,56,35,10,6
JAX,2017,15,66,30,21,10
LAC,2017,15,60,38,30,21
KC,2017,15,63,31,48,27
SEA,2017,15,54,37,9,6
LA,2017,15,68,25,11,7
BUF,2017,15,60,31,25,14
MIA,2017,15,73,52,23,12
PIT,2017,15,63,32,45,24
NE,2017,15,55,38,36,24
NO,2017,15,63,36,42,25
NYJ,2017,15,69,41,25,12
NYG,2017,15,82,59,45,34
PHI,2017,15,65,39,33,23
SF,2017,15,67,45,40,25
TEN,2017,15,62,34,36,18
ATL,2017,16,60,41,21,12
NO,2017,16,57,29,32,16
NE,2017,16,66,30,49,26
BUF,2017,16,68,44,52,32
CLE,2017,16,57,37,31,16
CHI,2017,16,59,28,31,15
DEN,2017,16,71,42,41,21
WAS,2017,16,64,37,48,31
CIN,2017,16,76,44,58,35
DET,2017,16,59,37,40,23
IND,2017,16,59,35,26,15
BAL,2017,16,68,39,52,31
SF,2017,16,65,31,41,25
JAX,2017,16,80,52,28,18
NYJ,2017,16,61,31,45,23
LAC,2017,16,70,40,54,33
LA,2017,16,65,40,44,28
TEN,2017,16,66,40,49,27
MIA,2017,16,53,38,27,16
KC,2017,16,72,40,41,25
GB,2017,16,65,41,11,5
MIN,2017,16,58,28,16,8
NYG,2017,16,67,47,29,16
ARI,2017,16,63,37,33,25
PHI,2017,16,62,40,46,30
LV,2017,16,62,30,41,17
PIT,2017,16,55,30,13,8
HOU,2017,16,52,24,3,2
DAL,2017,16,68,38,50,23
SEA,2017,16,51,24,39,21
TB,2017,16,57,33,47,27
CAR,2017,16,58,28,39,19
ARI,2017,17,67,35,32,16
SEA,2017,17,54,32,9,7
MIA,2017,17,68,46,14,10
BUF,2017,17,62,31,17,11
ATL,2017,17,70,45,56,36
CAR,2017,17,59,35,40,22
CHI,2017,17,53,38,12,7
MIN,2017,17,65,31,27,11
CIN,2017,17,72,44,45,23
BAL,2017,17,74,48,40,25
PIT,2017,17,57,30,43,24
CLE,2017,17,63,36,40,21
PHI,2017,17,55,37,43,26
DAL,2017,17,63,31,42,22
GB,2017,17,64,37,28,11
DET,2017,17,54,32,26,19
IND,2017,17,60,26,41,21
HOU,2017,17,53,26,46,20
JAX,2017,17,60,36,34,19
TEN,2017,17,62,24,26,10
KC,2017,17,64,38,45,28
DEN,2017,17,65,36,40,21
TB,2017,17,82,54,60,33
NO,2017,17,58,32,36,21
NE,2017,17,80,42,36,20
NYJ,2017,17,58,40,21,10
LV,2017,17,53,30,26,16
LAC,2017,17,66,38,36,23
SF,2017,17,61,33,28,15
LA,2017,17,63,37,12,7
NYG,2017,17,72,31,29,12
WAS,2017,17,56,40,20,14
ATL,2018,1,65,47,45,30
PHI,2018,1,64,37,48,31
BAL,2018,1,75,41,23,16
BUF,2018,1,61,39,6,5
GB,2018,1,59,41,8,5
CHI,2018,1,66,39,18,10
CIN,2018,1,50,30,21,13
IND,2018,1,77,55,60,40
DAL,2018,1,57,35,21,12
CAR,2018,1,58,28,35,18
NE,2018,1,72,41,24,13
HOU,2018,1,70,37,13,7
JAX,2018,1,60,34,44,25
NYG,2018,1,63,39,36,20
LAC,2018,1,77,54,15,8
KC,2018,1,55,28,30,14
LV,2018,1,64,41,47,28
LA,2018,1,59,34,37,19
NYJ,2018,1,54,23,38,20
DET,2018,1,66,52,27,18
PIT,2018,1,79,45,35,22
CLE,2018,1,84,46,47,18
DEN,2018,1,72,40,54,33
SEA,2018,1,55,39,42,29
MIN,2018,1,71,39,41,26
SF,2018,1,61,36,28,13
NO,2018,1,61,47,24,15
TB,2018,1,58,28,36,20
TEN,2018,1,67,38,43,19
MIA,2018,1,56,29,43,21
WAS,2018,1,74,33,34,12
ARI,2018,1,51,37,10,5
LA,2018,2,70,35,19,11
ARI,2018,2,43,28,9,5
BAL,2018,2,80,58,9,6
CIN,2018,2,70,42,12,8
CAR,2018,2,65,47,31,18
ATL,2018,2,60,28,40,20
CLE,2018,2,60,33,38,17
NO,2018,2,61,38,34,21
DET,2018,2,73,55,39,27
SF,2018,2,59,32,44,26
HOU,2018,2,61,35,31,15
TEN,2018,2,57,23,26,11
IND,2018,2,58,32,29,14
WAS,2018,2,69,47,14,7
PIT,2018,2,75,62,21,14
KC,2018,2,52,29,22,15
LAC,2018,2,54,29,12,5
BUF,2018,2,59,37,6,3
MIA,2018,2,55,27,22,12
NYJ,2018,2,63,44,23,15
GB,2018,2,69,45,28,18
MIN,2018,2,69,51,27,20
NE,2018,2,60,37,10,5
JAX,2018,2,68,45,16,13
DAL,2018,2,48,25,10,5
NYG,2018,2,67,50,6,5
LV,2018,2,60,33,41,24
DEN,2018,2,64,36,17,10
TB,2018,2,57,35,27,20
PHI,2018,2,74,50,33,20
SEA,2018,2,61,39,27,19
CHI,2018,2,62,36,54,32
BUF,2018,3,63,25,12,7
MIN,2018,3,66,60,3,3
ARI,2018,3,48,30,15,8
CHI,2018,3,69,38,21,11
CAR,2018,3,65,25,47,20
CIN,2018,3,60,47,39,30
DAL,2018,3,58,39,22,12
SEA,2018,3,66,28,33,15
BAL,2018,3,66,41,54,36
DEN,2018,3,61,37,31,18
WAS,2018,3,53,20,17,7
GB,2018,3,66,49,8,5
IND,2018,3,56,43,39,27
PHI,2018,3,77,42,57,31
LA,2018,3,70,37,24,14
LAC,2018,3,52,32,6,3
NE,2018,3,47,28,6,4
DET,2018,3,69,36,30,18
NO,2018,3,76,50,42,33
ATL,2018,3,61,40,47,30
HOU,2018,3,61,42,16,9
NYG,2018,3,59,33,27,12
CLE,2018,3,73,42,20,11
NYJ,2018,3,63,33,27,10
LV,2018,3,72,42,50,28
MIA,2018,3,38,25,25,16
PIT,2018,3,60,41,20,13
TB,2018,3,68,53,17,10
SF,2018,3,64,35,8,5
KC,2018,3,66,40,24,15
JAX,2018,3,56,37,43,28
TEN,2018,3,59,24,42,19
BAL,2018,4,72,44,40,26
PIT,2018,4,59,49,16,12
BUF,2018,4,56,40,14,9
GB,2018,4,74,42,22,10
ATL,2018,4,67,43,52,30
CIN,2018,4,68,45,41,27
LV,2018,4,89,61,32,21
CLE,2018,4,76,44,49,29
DET,2018,4,53,33,40,24
DAL,2018,4,64,30,41,18
IND,2018,4,85,68,30,22
HOU,2018,4,82,47,35,21
DEN,2018,4,59,37,43,24
KC,2018,4,71,46,51,30
MIA,2018,4,45,27,12,8
NE,2018,4,72,35,22,11
MIN,2018,4,72,55,37,26
LA,2018,4,54,35,28,20
NO,2018,4,64,35,41,24
NYG,2018,4,59,45,30,22
NYJ,2018,4,52,38,13,8
JAX,2018,4,75,41,32,18
TEN,2018,4,67,46,28,20
PHI,2018,4,76,54,52,38
SEA,2018,4,61,27,49,22
ARI,2018,4,56,28,37,17
LAC,2018,4,65,41,31,19
SF,2018,4,59,38,23,16
CHI,2018,4,56,27,16,8
TB,2018,4,60,42,9,8
SF,2018,5,95,60,23,11
ARI,2018,5,45,25,13,7
PIT,2018,5,57,29,43,23
ATL,2018,5,70,51,33,23
BAL,2018,5,84,59,52,37
CLE,2018,5,75,47,44,27
DAL,2018,5,59,31,40,20
HOU,2018,5,76,45,51,31
DEN,2018,5,73,56,33,20
NYJ,2018,5,60,23,29,12
DET,2018,5,56,29,13,4
GB,2018,5,77,58,12,6
NE,2018,5,65,44,23,15
IND,2018,5,81,60,16,11
JAX,2018,5,83,66,11,7
KC,2018,5,67,39,23,16
LA,2018,5,61,33,47,29
SEA,2018,5,55,23,44,18
MIA,2018,5,59,37,28,18
CIN,2018,5,57,32,28,16
MIN,2018,5,59,38,37,25
PHI,2018,5,55,37,18,13
NYG,2018,5,55,39,33,22
CAR,2018,5,65,35,32,13
LAC,2018,5,56,28,29,14
LV,2018,5,47,34,21,13
TEN,2018,5,53,28,38,22
BUF,2018,5,64,21,49,17
WAS,2018,5,61,43,17,12
NO,2018,5,60,31,29,15
ARI,2018,6,55,35,24,14
MIN,2018,6,68,37,50,33
TEN,2018,6,40,26,10,6
BAL,2018,6,71,37,24,12
BUF,2018,6,58,31,26,16
HOU,2018,6,56,33,31,18
CAR,2018,6,59,42,8,2
WAS,2018,6,66,39,16,8
MIA,2018,6,75,44,42,25
CHI,2018,6,63,33,38,21
IND,2018,6,66,43,30,20
NYJ,2018,6,64,31,34,19
JAX,2018,6,47,29,6,2
DAL,2018,6,72,30,15,8
NE,2018,6,74,37,27,13
KC,2018,6,53,36,12,9
CLE,2018,6,73,52,29,18
LAC,2018,6,56,22,18,10
DEN,2018,6,59,43,15,8
LA,2018,6,70,33,21,10
NYG,2018,6,64,47,11,7
PHI,2018,6,68,37,15,10
PIT,2018,6,67,47,50,31
CIN,2018,6,58,45,38,29
SEA,2018,6,59,24,21,7
LV,2018,6,56,37,8,4
SF,2018,6,55,25,39,17
GB,2018,6,69,48,43,28
TB,2018,6,63,43,14,9
ATL,2018,6,64,42,20,14
IND,2018,7,57,23,22,12
BUF,2018,7,55,33,16,8
PHI,2018,7,65,41,29,18
CAR,2018,7,58,42,13,7
CIN,2018,7,54,35,15,10
KC,2018,7,70,41,30,20
CLE,2018,7,62,39,23,15
TB,2018,7,87,56,48,29
DAL,2018,7,61,39,35,20
WAS,2018,7,58,26,45,22
ARI,2018,7,66,45,5,3
DEN,2018,7,52,24,6,3
MIA,2018,7,54,35,13,5
DET,2018,7,57,23,32,14
JAX,2018,7,68,46,16,6
HOU,2018,7,60,25,29,12
LA,2018,7,58,25,17,7
SF,2018,7,58,34,14,8
MIN,2018,7,64,41,43,30
NYJ,2018,7,69,45,34,20
NE,2018,7,64,37,44,30
CHI,2018,7,76,51,59,36
NO,2018,7,69,31,39,16
BAL,2018,7,64,41,46,25
ATL,2018,7,61,42,45,32
NYG,2018,7,64,43,43,28
TEN,2018,7,68,35,39,20
LAC,2018,7,43,28,31,20
BAL,2018,8,64,46,22,13
CAR,2018,8,62,31,24,15
CLE,2018,8,60,39,31,19
PIT,2018,8,67,37,36,20
DEN,2018,8,70,39,27,11
KC,2018,8,54,36,34,23
GB,2018,8,52,33,30,17
LA,2018,8,76,42,33,20
IND,2018,8,70,32,46,24
LV,2018,8,46,28,30,16
MIA,2018,8,65,40,37,24
HOU,2018,8,54,20,34,14
NE,2018,8,70,47,56,40
BUF,2018,8,62,44,30,17
NO,2018,8,53,24,32,18
MIN,2018,8,66,44,44,27
NYJ,2018,8,54,30,34,15
CHI,2018,8,65,31,40,23
PHI,2018,8,59,34,46,28
JAX,2018,8,63,46,32,19
SEA,2018,8,61,19,30,13
DET,2018,8,56,43,18,10
SF,2018,8,63,32,35,19
ARI,2018,8,65,44,37,22
CIN,2018,8,61,35,26,14
TB,2018,8,84,57,19,9
WAS,2018,8,64,32,49,28
NYG,2018,8,67,53,41,28
WAS,2018,9,64,49,14,10
ATL,2018,9,64,40,35,25
CHI,2018,9,43,21,23,10
BUF,2018,9,82,54,19,10
MIN,2018,9,46,23,20,10
DET,2018,9,69,46,27,16
NE,2018,9,65,38,48,31
GB,2018,9,69,44,56,36
HOU,2018,9,61,28,47,20
DEN,2018,9,64,44,35,24
CLE,2018,9,73,48,21,13
KC,2018,9,57,33,34,25
SEA,2018,9,73,41,28,12
LAC,2018,9,51,29,26,18
NO,2018,9,68,36,35,18
LA,2018,9,60,41,22,11
MIA,2018,9,53,28,44,23
NYJ,2018,9,64,43,38,21
LV,2018,9,54,32,12,9
SF,2018,9,51,22,19,11
BAL,2018,9,56,40,23,12
PIT,2018,9,76,49,30,22
TB,2018,9,65,44,11,6
CAR,2018,9,55,27,19,8
DAL,2018,9,56,37,39,21
TEN,2018,9,67,33,47,26
KC,2018,10,56,34,36,22
ARI,2018,10,68,44,21,11
CLE,2018,10,48,21,33,16
ATL,2018,10,73,54,32,20
BUF,2018,10,71,27,20,10
NYJ,2018,10,55,37,6,3
CAR,2018,10,56,34,13,6
PIT,2018,10,57,28,9,4
PHI,2018,10,61,45,33,23
DAL,2018,10,68,40,48,30
CHI,2018,10,54,32,16,10
DET,2018,10,74,50,10,6
IND,2018,10,50,29,30,19
JAX,2018,10,73,39,20,7
LV,2018,10,62,41,32,16
LAC,2018,10,53,27,28,16
MIA,2018,10,66,43,26,15
GB,2018,10,52,30,27,14
TEN,2018,10,63,27,32,15
NE,2018,10,64,45,13,11
NO,2018,10,71,27,30,15
CIN,2018,10,42,26,12,4
NYG,2018,10,55,32,36,16
SF,2018,10,66,37,46,27
SEA,2018,10,63,29,34,13
LA,2018,10,63,41,51,33
TB,2018,10,67,43,49,27
WAS,2018,10,55,30,35,24
CAR,2018,11,58,42,38,23
DET,2018,11,62,38,47,28
CIN,2018,11,54,38,40,26
BAL,2018,11,73,22,49,15
ATL,2018,11,55,37,38,27
DAL,2018,11,63,34,43,23
DEN,2018,11,52,32,28,19
LAC,2018,11,72,46,50,34
SEA,2018,11,66,34,33,18
GB,2018,11,48,35,36,25
WAS,2018,11,71,42,29,18
HOU,2018,11,57,27,29,15
LA,2018,11,73,54,48,35
KC,2018,11,69,49,30,20
MIN,2018,11,64,50,15,6
CHI,2018,11,70,34,28,12
ARI,2018,11,52,21,37,16
LV,2018,11,66,33,46,19
PHI,2018,11,48,36,6,4
NO,2018,11,68,32,18,11
JAX,2018,11,67,24,35,10
PIT,2018,11,59,48,11,6
NYG,2018,11,52,22,27,12
TB,2018,11,68,38,20,12
TEN,2018,11,59,34,17,8
IND,2018,11,57,32,20,13
ARI,2018,12,44,21,23,12
LAC,2018,12,64,36,14,7
NO,2018,12,51,24,31,15
ATL,2018,12,69,53,19,14
DET,2018,12,65,41,44,28
CHI,2018,12,57,43,47,36
CLE,2018,12,59,26,14,10
CIN,2018,12,67,47,10,6
MIN,2018,12,66,39,48,32
GB,2018,12,51,32,38,21
BUF,2018,12,52,19,35,14
JAX,2018,12,65,26,36,14
MIA,2018,12,50,26,41,22
IND,2018,12,65,39,43,27
NYJ,2018,12,61,46,42,29
NE,2018,12,66,31,51,25
NYG,2018,12,58,40,25,14
PHI,2018,12,61,31,11,10
LV,2018,12,54,37,37,24
BAL,2018,12,67,26,52,24
DEN,2018,12,50,30,36,24
PIT,2018,12,76,60,61,47
SEA,2018,12,58,32,39,18
CAR,2018,12,57,30,45,22
TB,2018,12,68,39,46,28
SF,2018,12,59,36,34,18
TEN,2018,12,52,29,20,10
HOU,2018,12,60,27,9,4
DAL,2018,12,67,35,49,32
WAS,2018,12,60,41,38,23
GB,2018,13,74,51,51,33
ARI,2018,13,56,28,42,22
ATL,2018,13,45,31,35,22
BAL,2018,13,75,28,57,25
MIA,2018,13,48,27,39,23
BUF,2018,13,67,36,32,14
TB,2018,13,59,34,44,25
CAR,2018,13,64,46,18,11
CHI,2018,13,77,45,41,14
NYG,2018,13,68,39,43,27
HOU,2018,13,73,35,22,10
CLE,2018,13,51,42,3,1
DEN,2018,13,56,23,34,19
CIN,2018,13,64,41,37,23
JAX,2018,13,54,27,40,21
IND,2018,13,71,55,51,37
KC,2018,13,65,38,15,11
LV,2018,13,70,41,6,3
LAC,2018,13,62,40,18,12
PIT,2018,13,63,46,30,20
LA,2018,13,62,35,45,25
DET,2018,13,64,38,22,11
MIN,2018,13,59,46,32,23
NE,2018,13,70,32,48,27
DAL,2018,13,63,35,24,15
NO,2018,13,49,30,6,4
TEN,2018,13,59,38,6,3
NYJ,2018,13,65,32,21,10
SF,2018,13,73,49,15,8
SEA,2018,13,48,20,12,3
PHI,2018,13,69,40,51,30
WAS,2018,13,42,28,30,19
ATL,2018,14,68,44,24,13
GB,2018,14,60,36,23,17
KC,2018,14,83,56,51,34
BAL,2018,14,68,28,46,16
CAR,2018,14,69,44,53,33
CLE,2018,14,43,24,30,19
LAC,2018,14,56,31,31,15
CIN,2018,14,64,32,13,5
SF,2018,14,62,36,24,14
DEN,2018,14,70,44,14,8
DET,2018,14,55,24,39,23
ARI,2018,14,65,44,42,25
IND,2018,14,63,43,48,35
HOU,2018,14,68,43,30,19
TEN,2018,14,55,25,18,7
JAX,2018,14,66,47,23,11
CHI,2018,14,64,31,45,26
LA,2018,14,61,48,30,24
MIN,2018,14,55,35,32,17
SEA,2018,14,63,23,49,18
NE,2018,14,75,45,59,37
MIA,2018,14,45,24,34,18
TB,2018,14,65,42,41,24
NO,2018,14,61,32,28,17
WAS,2018,14,59,37,18,9
NYG,2018,14,62,29,18,11
BUF,2018,14,71,40,46,26
NYJ,2018,14,50,25,24,11
DAL,2018,14,93,57,56,34
PHI,2018,14,48,34,24,15
LV,2018,14,62,38,38,20
PIT,2018,14,58,39,48,30
ATL,2018,15,66,39,18,12
ARI,2018,15,64,43,20,9
DEN,2018,15,68,49,47,34
CLE,2018,15,60,33,47,28
DAL,2018,15,64,42,38,21
IND,2018,15,62,26,28,19
BUF,2018,15,62,27,48,20
DET,2018,15,56,30,41,20
CHI,2018,15,57,29,38,23
GB,2018,15,67,48,24,15
NYJ,2018,15,72,41,37,18
HOU,2018,15,50,34,32,21
LAC,2018,15,68,44,27,18
KC,2018,15,53,36,38,28
MIN,2018,15,61,23,28,11
MIA,2018,15,53,33,15,10
PIT,2018,15,59,36,43,30
NE,2018,15,56,37,38,21
CAR,2018,15,56,33,44,22
NO,2018,15,68,38,48,30
LV,2018,15,57,41,20,13
CIN,2018,15,72,34,30,14
LA,2018,15,73,55,40,25
PHI,2018,15,61,31,44,22
SF,2018,15,56,32,36,21
SEA,2018,15,69,34,41,19
TB,2018,15,47,26,30,15
BAL,2018,15,71,25,56,23
TEN,2018,15,64,22,51,19
NYG,2018,15,63,47,43,29
JAX,2018,15,49,23,37,18
WAS,2018,15,60,28,44,20
CAR,2018,16,83,58,48,29
ATL,2018,16,47,27,37,24
LAC,2018,16,57,41,35,23
BAL,2018,16,59,25,51,24
BUF,2018,16,60,42,17,9
NE,2018,16,71,26,26,10
CHI,2018,16,58,32,42,23
SF,2018,16,54,39,40,26
CLE,2018,16,63,38,26,16
CIN,2018,16,46,23,14,6
DEN,2018,16,62,38,22,11
LV,2018,16,54,27,15,10
NYJ,2018,16,57,37,36,23
GB,2018,16,79,59,28,22
HOU,2018,16,63,44,38,22
PHI,2018,16,73,51,52,38
MIA,2018,16,43,25,34,19
JAX,2018,16,60,30,45,25
KC,2018,16,61,41,38,23
SEA,2018,16,71,32,55,22
LA,2018,16,65,26,36,15
ARI,2018,16,53,35,10,7
DET,2018,16,69,46,38,21
MIN,2018,16,58,30,27,15
IND,2018,16,62,47,6,4
NYG,2018,16,61,33,37,22
PIT,2018,16,70,53,25,19
NO,2018,16,60,42,39,23
TB,2018,16,75,51,23,16
DAL,2018,16,48,26,27,18
WAS,2018,16,59,25,39,17
TEN,2018,16,55,28,45,25
ARI,2018,17,65,40,37,24
SEA,2018,17,60,27,39,19
TB,2018,17,58,38,38,21
ATL,2018,17,73,46,25,16
CAR,2018,17,68,31,20,9
NO,2018,17,51,24,5,3
MIN,2018,17,52,37,12,8
CHI,2018,17,63,27,29,14
PIT,2018,17,64,46,35,22
CIN,2018,17,46,28,38,22
CLE,2018,17,56,42,11,4
BAL,2018,17,71,26,32,11
NYG,2018,17,68,43,26,17
DAL,2018,17,67,48,52,35
DET,2018,17,70,34,31,17
GB,2018,17,55,42,9,6
TEN,2018,17,45,29,12,7
IND,2018,17,69,36,48,28
HOU,2018,17,73,41,31,16
JAX,2018,17,47,31,18,10
LAC,2018,17,53,25,35,20
DEN,2018,17,75,50,51,33
BUF,2018,17,58,27,28,14
MIA,2018,17,61,36,8,5
NE,2018,17,61,34,23,15
NYJ,2018,17,55,32,12,6
KC,2018,17,53,27,9,7
LV,2018,17,65,36,13,8
WAS,2018,17,44,32,12,7
PHI,2018,17,69,37,39,24
SF,2018,17,58,37,7,3
LA,2018,17,68,28,5,1
ATL,2019,1,69,52,6,2
MIN,2019,1,47,11,6,4
BAL,2019,1,71,27,9,3
MIA,2019,1,47,35,4,3
BUF,2019,1,62,38,35,24
NYJ,2019,1,67,46,35,24
CIN,2019,1,70,56,50,37
SEA,2019,1,47,24,37,21
LV,2019,1,53,26,30,17
DEN,2019,1,57,34,11,6
DET,2019,1,78,46,21,11
ARI,2019,1,83,60,15,9
GB,2019,1,55,35,43,31
CHI,2019,1,65,50,42,27
HOU,2019,1,59,36,44,25
NO,2019,1,63,42,26,19
LAC,2019,1,59,38,20,13
IND,2019,1,63,29,19,10
KC,2019,1,59,34,28,20
JAX,2019,1,51,35,3,2
CAR,2019,1,63,40,18,10
LA,2019,1,70,40,32,20
DAL,2019,1,60,32,39,26
NYG,2019,1,66,49,17,11
NE,2019,1,67,38,24,13
PIT,2019,1,61,48,10,5
TB,2019,1,64,39,35,19
SF,2019,1,59,29,45,23
CLE,2019,1,63,43,30,22
TEN,2019,1,54,28,39,24
WAS,2019,1,57,44,23,15
PHI,2019,1,71,40,16,11
ARI,2019,2,54,43,26,19
BAL,2019,2,70,39,28,17
NYG,2019,2,66,46,15,7
BUF,2019,2,65,33,31,19
DEN,2019,2,77,53,40,24
CHI,2019,2,56,27,43,17
CLE,2019,2,58,37,25,16
NYJ,2019,2,59,35,12,8
WAS,2019,2,54,38,26,14
DAL,2019,2,64,31,47,26
TEN,2019,2,54,30,37,21
IND,2019,2,63,30,49,25
JAX,2019,2,59,37,35,20
HOU,2019,2,62,33,50,28
LV,2019,2,60,41,23,15
KC,2019,2,67,46,24,18
LAC,2019,2,62,37,44,26
DET,2019,2,57,30,46,24
GB,2019,2,69,36,24,13
MIN,2019,2,60,33,15,10
MIA,2019,2,61,46,16,8
NE,2019,2,64,30,33,14
NO,2019,2,57,37,39,22
LA,2019,2,58,31,48,28
ATL,2019,2,60,44,48,35
PHI,2019,2,74,52,35,23
PIT,2019,2,52,36,33,22
SEA,2019,2,69,39,53,33
CIN,2019,2,65,46,20,11
SF,2019,2,66,26,20,8
TB,2019,2,57,28,41,21
CAR,2019,2,73,54,51,35
IND,2019,3,60,38,15,9
ATL,2019,3,53,34,6,3
KC,2019,3,61,38,23,17
BAL,2019,3,81,47,23,12
CAR,2019,3,57,28,39,22
ARI,2019,3,73,51,58,39
CHI,2019,3,58,34,24,17
WAS,2019,3,69,48,19,11
BUF,2019,3,72,37,26,17
CIN,2019,3,56,37,12,7
GB,2019,3,51,29,29,17
DEN,2019,3,72,34,39,15
PHI,2019,3,69,39,34,15
DET,2019,3,58,32,32,18
LAC,2019,3,69,51,43,31
HOU,2019,3,54,36,25,17
CLE,2019,3,63,39,43,26
LA,2019,3,63,40,48,35
MIA,2019,3,68,44,29,19
DAL,2019,3,66,33,40,23
SEA,2019,3,75,49,30,12
NO,2019,3,51,27,20,14
TB,2019,3,72,40,39,24
NYG,2019,3,61,42,18,11
NYJ,2019,3,47,27,8,3
NE,2019,3,71,46,12,10
MIN,2019,3,57,21,22,9
LV,2019,3,58,38,8,4
SF,2019,3,72,33,53,28
PIT,2019,3,51,29,41,23
JAX,2019,3,49,30,10,6
TEN,2019,3,75,49,5,2
CAR,2019,4,65,37,48,27
HOU,2019,4,61,39,48,29
CIN,2019,4,64,45,28,20
PIT,2019,4,53,31,40,23
CLE,2019,4,61,33,47,29
BAL,2019,4,67,38,37,15
DAL,2019,4,53,33,38,21
NO,2019,4,62,35,45,27
DEN,2019,4,53,38,24,17
JAX,2019,4,76,38,19,10
DET,2019,4,73,38,54,26
KC,2019,4,67,42,34,24
LAC,2019,4,62,32,47,26
MIA,2019,4,47,29,34,19
CHI,2019,4,67,34,37,24
MIN,2019,4,59,43,21,11
NE,2019,4,59,39,23,17
BUF,2019,4,70,48,16,10
LV,2019,4,63,32,22,12
IND,2019,4,68,46,3,2
PHI,2019,4,59,28,44,20
GB,2019,4,73,53,42,26
ARI,2019,4,58,36,12,8
SEA,2019,4,59,32,16,12
TB,2019,4,72,43,38,25
LA,2019,4,82,71,14,13
TEN,2019,4,61,27,25,15
ATL,2019,4,75,58,18,10
WAS,2019,4,48,31,10,7
NYG,2019,4,66,31,21,11
ARI,2019,5,70,32,53,24
CIN,2019,5,62,39,44,25
ATL,2019,5,68,49,39,25
HOU,2019,5,67,33,46,21
PIT,2019,5,50,32,22,18
BAL,2019,5,73,33,48,20
TEN,2019,5,54,27,40,20
BUF,2019,5,61,36,45,29
LV,2019,5,70,32,34,15
CHI,2019,5,51,34,11,8
CLE,2019,5,46,28,8,6
SF,2019,5,68,31,12,6
DEN,2019,5,54,23,12,5
LAC,2019,5,63,47,6,4
GB,2019,5,62,36,17,11
DAL,2019,5,68,47,10,6
KC,2019,5,56,43,45,35
IND,2019,5,72,29,55,27
CAR,2019,5,61,34,41,25
JAX,2019,5,76,46,31,18
SEA,2019,5,66,25,41,19
LA,2019,5,68,49,33,17
MIN,2019,5,63,30,34,19
NYG,2019,5,62,42,15,9
WAS,2019,5,53,33,26,16
NE,2019,5,74,47,48,36
NYJ,2019,5,56,37,9,4
PHI,2019,5,57,30,9,2
TB,2019,5,55,33,24,12
NO,2019,5,66,36,46,27
ATL,2019,6,63,38,17,10
ARI,2019,6,62,36,36,20
TB,2019,6,77,62,12,9
CAR,2019,6,62,34,25,16
BAL,2019,6,73,33,45,22
CIN,2019,6,55,41,17,12
NYJ,2019,6,51,34,25,14
DAL,2019,6,76,42,25,12
DET,2019,6,54,35,35,23
GB,2019,6,67,40,26,15
KC,2019,6,46,36,36,29
HOU,2019,6,82,43,29,16
NO,2019,6,63,39,46,30
JAX,2019,6,54,31,43,24
NE,2019,6,76,44,58,36
NYG,2019,6,47,32,32,20
MIN,2019,6,64,30,37,20
PHI,2019,6,65,43,7,2
LAC,2019,6,59,45,10,5
PIT,2019,6,56,20,10,5
CLE,2019,6,61,37,30,18
SEA,2019,6,73,36,24,11
SF,2019,6,74,35,52,30
LA,2019,6,50,28,28,10
TEN,2019,6,61,41,36,21
DEN,2019,6,57,29,44,22
WAS,2019,6,57,25,31,13
MIA,2019,6,69,48,38,25
ARI,2019,7,58,23,32,14
NYG,2019,7,65,43,28,17
BAL,2019,7,53,21,38,17
SEA,2019,7,68,42,56,33
HOU,2019,7,61,37,21,11
IND,2019,7,65,41,52,32
JAX,2019,7,77,34,60,28
CIN,2019,7,65,45,42,28
DEN,2019,7,65,43,21,11
KC,2019,7,57,31,23,12
LAC,2019,7,60,39,43,25
TEN,2019,7,60,32,41,23
ATL,2019,7,52,38,24,16
LA,2019,7,74,38,35,23
BUF,2019,7,52,28,38,21
MIA,2019,7,65,35,40,17
DET,2019,7,68,48,47,30
MIN,2019,7,67,34,52,28
NE,2019,7,77,45,19,11
NYJ,2019,7,52,33,2,1
CHI,2019,7,64,57,29,24
NO,2019,7,72,39,41,26
LV,2019,7,61,31,28,15
GB,2019,7,52,32,30,20
PHI,2019,7,57,29,10,4
DAL,2019,7,66,30,28,13
WAS,2019,7,41,15,36,11
SF,2019,7,62,23,44,19
NO,2019,8,70,43,54,35
ARI,2019,8,49,38,28,21
SF,2019,8,61,26,18,11
CAR,2019,8,64,44,8,6
CIN,2019,8,76,54,34,21
LA,2019,8,57,31,39,23
NE,2019,8,66,39,22,13
CLE,2019,8,58,36,5,4
IND,2019,8,59,28,30,13
DEN,2019,8,63,35,48,27
GB,2019,8,61,38,48,34
KC,2019,8,58,38,30,22
LAC,2019,8,42,30,20,13
CHI,2019,8,75,38,51,24
MIA,2019,8,56,38,27,17
PIT,2019,8,67,38,29,17
NYG,2019,8,68,45,26,16
DET,2019,8,59,36,48,29
JAX,2019,8,66,36,28,15
NYJ,2019,8,52,39,19,12
LV,2019,8,53,30,40,21
HOU,2019,8,71,42,42,26
BUF,2019,8,58,38,28,14
PHI,2019,8,65,27,41,22
SEA,2019,8,53,22,19,9
ATL,2019,8,71,54,14,8
TB,2019,8,77,47,34,17
TEN,2019,8,55,36,33,23
MIN,2019,8,67,29,46,24
WAS,2019,8,41,25,32,21
CHI,2019,9,42,24,9,7
PHI,2019,9,77,43,29,16
DEN,2019,9,40,23,31,19
CLE,2019,9,73,44,31,19
DAL,2019,9,65,35,40,22
NYG,2019,9,68,46,46,26
DET,2019,9,62,43,38,26
LV,2019,9,68,32,53,23
LAC,2019,9,66,30,35,24
GB,2019,9,50,38,18,11
HOU,2019,9,63,29,46,24
JAX,2019,9,66,51,21,15
PIT,2019,9,59,36,48,31
IND,2019,9,66,37,43,23
MIN,2019,9,66,39,50,30
KC,2019,9,57,39,43,28
BAL,2019,9,62,24,39,18
NE,2019,9,65,48,18,16
NYJ,2019,9,62,41,28,17
MIA,2019,9,62,40,39,26
ARI,2019,9,51,28,26,15
SF,2019,9,67,38,41,25
TB,2019,9,72,46,40,25
SEA,2019,9,69,47,24,16
CAR,2019,9,66,35,29,16
TEN,2019,9,63,42,11,6
WAS,2019,9,49,26,8,5
BUF,2019,9,58,22,30,12
TB,2019,10,78,52,60,39
ARI,2019,10,64,47,45,34
ATL,2019,10,70,36,54,29
NO,2019,10,61,50,31,21
BAL,2019,10,44,22,17,6
CIN,2019,10,72,32,3,2
CLE,2019,10,65,40,48,27
BUF,2019,10,62,42,43,28
CAR,2019,10,70,47,26,14
GB,2019,10,58,31,37,19
DET,2019,10,73,46,37,18
CHI,2019,10,52,28,33,20
KC,2019,10,78,53,51,37
TEN,2019,10,50,23,18,8
LAC,2019,10,66,36,26,15
LV,2019,10,55,34,35,21
PIT,2019,10,67,41,48,31
LA,2019,10,69,46,52,32
MIA,2019,10,61,36,40,23
IND,2019,10,68,40,33,17
DAL,2019,10,70,48,33,21
MIN,2019,10,70,34,54,29
NYJ,2019,10,60,32,46,27
NYG,2019,10,65,48,34,24
SF,2019,10,77,51,34,23
SEA,2019,10,72,38,24,12
ARI,2019,11,62,37,29,19
SF,2019,11,67,48,21,16
ATL,2019,11,60,36,16,11
CAR,2019,11,70,55,11,9
BUF,2019,11,66,33,21,10
MIA,2019,11,66,53,9,5
CHI,2019,11,74,50,40,26
LA,2019,11,50,18,30,12
LV,2019,11,63,32,46,25
CIN,2019,11,58,36,44,26
DAL,2019,11,69,47,49,32
DET,2019,11,57,30,32,15
DEN,2019,11,75,42,14,8
MIN,2019,11,59,41,6,3
HOU,2019,11,57,37,21,11
BAL,2019,11,62,27,30,14
JAX,2019,11,59,50,26,20
IND,2019,11,61,27,45,24
LAC,2019,11,72,53,42,28
KC,2019,11,59,33,35,20
PHI,2019,11,65,44,44,26
NE,2019,11,71,49,43,28
NO,2019,11,62,36,21,14
TB,2019,11,61,53,5,3
NYJ,2019,11,64,33,24,13
WAS,2019,11,63,43,8,5
PIT,2019,11,64,48,17,11
CLE,2019,11,67,33,33,19
LA,2019,12,47,39,6,4
BAL,2019,12,71,26,16,4
NO,2019,12,58,40,27,16
CAR,2019,12,70,41,7,4
DAL,2019,12,59,33,38,21
NE,2019,12,64,39,43,26
DEN,2019,12,46,29,22,13
BUF,2019,12,71,25,42,16
WAS,2019,12,55,33,32,18
DET,2019,12,71,39,42,19
GB,2019,12,71,43,11,7
SF,2019,12,44,22,12,7
IND,2019,12,64,25,49,21
HOU,2019,12,55,31,36,23
JAX,2019,12,80,53,32,19
TEN,2019,12,48,19,30,16
CLE,2019,12,66,35,19,10
MIA,2019,12,62,42,6,4
NYG,2019,12,58,37,32,17
CHI,2019,12,66,43,50,36
LV,2019,12,56,34,21,15
NYJ,2019,12,59,30,30,16
CIN,2019,12,51,30,38,21
PIT,2019,12,65,30,47,23
PHI,2019,12,72,48,49,30
SEA,2019,12,56,31,39,25
ATL,2019,12,81,62,33,19
TB,2019,12,58,28,30,17
DAL,2019,13,73,54,40,25
BUF,2019,13,62,29,36,20
CHI,2019,13,61,39,41,27
DET,2019,13,67,40,45,23
CLE,2019,13,63,39,48,25
PIT,2019,13,52,22,27,12
NYG,2019,13,64,37,31,16
GB,2019,13,57,33,41,24
DEN,2019,13,53,28,35,20
LAC,2019,13,61,32,25,13
LA,2019,13,75,45,24,18
ARI,2019,13,61,40,7,3
SEA,2019,13,75,33,54,25
MIN,2019,13,52,38,34,23
HOU,2019,13,49,29,25,14
NE,2019,13,80,51,22,11
ATL,2019,13,85,59,31,18
NO,2019,13,48,31,23,15
NYJ,2019,13,69,52,27,17
CIN,2019,13,59,38,27,20
LV,2019,13,57,32,19,7
KC,2019,13,58,30,29,18
MIA,2019,13,64,45,18,13
PHI,2019,13,67,48,42,27
SF,2019,13,52,23,42,18
BAL,2019,13,62,24,45,17
TB,2019,13,66,37,18,12
JAX,2019,13,64,47,7,5
TEN,2019,13,55,28,35,20
IND,2019,13,66,43,44,25
CAR,2019,13,73,53,31,17
WAS,2019,13,60,31,28,16
BUF,2019,14,69,46,25,19
BAL,2019,14,57,26,31,13
ATL,2019,14,66,35,44,26
CAR,2019,14,68,46,34,21
CIN,2019,14,70,39,36,22
CLE,2019,14,51,25,38,20
DAL,2019,14,72,51,29,14
CHI,2019,14,66,33,34,18
HOU,2019,14,74,52,16,10
DEN,2019,14,54,28,7,5
DET,2019,14,67,45,16,8
MIN,2019,14,69,31,33,15
TB,2019,14,75,50,31,20
IND,2019,14,60,38,46,28
NE,2019,14,63,40,21,10
KC,2019,14,67,41,25,15
JAX,2019,14,63,40,22,8
LAC,2019,14,56,28,21,11
NYJ,2019,14,67,36,50,23
MIA,2019,14,65,39,39,24
PHI,2019,14,85,53,30,18
NYG,2019,14,51,32,34,20
ARI,2019,14,57,35,29,17
PIT,2019,14,56,22,38,17
SEA,2019,14,62,41,13,7
LA,2019,14,66,32,20,10
NO,2019,14,70,42,57,30
SF,2019,14,62,39,31,18
TEN,2019,14,58,27,47,24
LV,2019,14,60,36,42,22
WAS,2019,14,59,30,9,5
GB,2019,14,57,32,15,7
ATL,2019,15,61,41,37,23
SF,2019,15,62,35,47,25
BUF,2019,15,63,26,47,22
PIT,2019,15,56,42,35,22
CHI,2019,15,82,55,33,18
GB,2019,15,58,34,35,23
ARI,2019,15,59,25,45,21
CLE,2019,15,66,43,19,13
DEN,2019,15,57,42,12,7
KC,2019,15,63,39,16,11
HOU,2019,15,63,28,37,18
TEN,2019,15,65,38,24,11
IND,2019,15,52,35,14,7
NO,2019,15,60,30,17,10
LV,2019,15,72,40,38,20
JAX,2019,15,53,31,15,7
LA,2019,15,69,55,24,17
DAL,2019,15,67,23,37,15
MIA,2019,15,69,44,47,30
NYG,2019,15,63,30,41,24
MIN,2019,15,59,25,32,20
LAC,2019,15,61,42,31,22
NE,2019,15,61,31,42,28
CIN,2019,15,62,31,30,10
NYJ,2019,15,58,34,9,6
BAL,2019,15,59,25,20,7
WAS,2019,15,51,29,39,20
PHI,2019,15,73,45,51,32
SEA,2019,15,61,29,22,10
CAR,2019,15,71,42,3,2
TB,2019,15,69,44,17,11
DET,2019,15,62,45,7,4
ARI,2019,16,67,29,32,17
SEA,2019,16,56,36,28,15
CLE,2019,16,53,35,31,20
BAL,2019,16,69,31,32,20
NE,2019,16,67,34,53,30
BUF,2019,16,53,30,36,19
CAR,2019,16,71,50,6,4
IND,2019,16,59,30,8,3
MIA,2019,16,84,54,19,15
CIN,2019,16,87,61,3,2
PHI,2019,16,70,41,51,33
DAL,2019,16,62,46,32,20
DET,2019,16,49,28,35,17
DEN,2019,16,65,34,39,22
GB,2019,16,73,44,61,39
MIN,2019,16,53,37,38,23
TB,2019,16,72,51,27,18
HOU,2019,16,62,37,38,22
ATL,2019,16,70,46,10,7
JAX,2019,16,59,36,0,0
CHI,2019,16,58,36,12,4
KC,2019,16,62,34,21,12
LA,2019,16,70,46,59,39
SF,2019,16,54,33,22,13
TEN,2019,16,58,32,22,10
NO,2019,16,63,43,26,14
NYG,2019,16,69,43,35,23
WAS,2019,16,67,41,31,14
LAC,2019,16,55,40,29,17
LV,2019,16,62,33,45,28
NYJ,2019,16,59,28,38,20
PIT,2019,16,66,41,28,15
LA,2019,17,78,46,56,35
ARI,2019,17,60,43,27,19
ATL,2019,17,86,57,53,33
TB,2019,17,47,25,21,10
MIN,2019,17,47,21,19,7
CHI,2019,17,75,41,43,24
CLE,2019,17,53,33,24,14
CIN,2019,17,65,29,49,26
DET,2019,17,56,31,33,18
GB,2019,17,85,56,26,14
IND,2019,17,55,28,43,18
JAX,2019,17,64,43,48,37
LAC,2019,17,74,49,43,28
KC,2019,17,46,25,33,21
MIA,2019,17,68,46,47,27
NE,2019,17,57,30,29,14
NO,2019,17,63,32,22,9
CAR,2019,17,69,51,6,4
NYJ,2019,17,63,38,46,29
BUF,2019,17,60,40,44,26
DEN,2019,17,56,30,39,25
LV,2019,17,70,48,38,20
PHI,2019,17,72,41,57,33
NYG,2019,17,72,51,44,30
BAL,2019,17,68,24,47,19
PIT,2019,17,49,27,27,15
SEA,2019,17,70,40,9,5
SF,2019,17,49,25,22,11
HOU,2019,17,65,40,31,19
TEN,2019,17,57,21,44,19
DAL,2019,17,71,36,31,16
WAS,2019,17,59,39,19,14
SF,2020,1,61,36,40,21
ARI,2020,1,75,41,52,30
CHI,2020,1,65,37,38,20
DET,2020,1,71,42,38,23
CLE,2020,1,67,41,23,14
BAL,2020,1,57,28,25,9
LA,2020,1,71,32,57,27
DAL,2020,1,69,42,48,28
GB,2020,1,74,44,42,26
MIN,2020,1,51,27,13,4
HOU,2020,1,58,37,26,17
KC,2020,1,67,33,38,22
IND,2020,1,69,47,51,32
JAX,2020,1,46,24,37,19
CIN,2020,1,66,38,45,24
LAC,2020,1,70,32,54,27
LV,2020,1,61,30,44,23
CAR,2020,1,66,36,39,25
MIA,2020,1,58,31,32,18
NE,2020,1,62,21,38,15
NYJ,2020,1,51,36,9,6
BUF,2020,1,79,49,19,11
WAS,2020,1,67,34,12,7
PHI,2020,1,67,50,32,23
NYG,2020,1,64,45,47,30
PIT,2020,1,63,34,47,29
ATL,2020,1,78,57,32,22
SEA,2020,1,57,38,35,24
NO,2020,1,65,32,35,19
TB,2020,1,66,40,26,9
TEN,2020,1,78,44,58,32
DEN,2020,1,59,33,39,22
ATL,2020,2,73,39,19,10
DAL,2020,2,81,49,10,5
HOU,2020,2,56,39,13,7
BAL,2020,2,62,28,26,16
BUF,2020,2,57,36,41,25
MIA,2020,2,72,50,44,30
TB,2020,2,57,35,14,10
CAR,2020,2,71,47,9,5
CIN,2020,2,87,63,23,13
CLE,2020,2,56,23,28,14
DEN,2020,2,73,47,28,16
PIT,2020,2,62,42,26,18
DET,2020,2,58,37,35,19
GB,2020,2,65,31,23,13
TEN,2020,2,57,25,40,17
JAX,2020,2,74,47,21,11
LAC,2020,2,78,34,36,15
KC,2020,2,71,49,22,13
PHI,2020,2,70,43,23,14
LA,2020,2,64,28,34,17
MIN,2020,2,47,28,21,11
IND,2020,2,64,27,33,13
SEA,2020,2,60,30,45,22
NE,2020,2,70,45,41,25
NO,2020,2,57,38,36,22
LV,2020,2,76,41,31,16
CHI,2020,2,64,32,15,6
NYG,2020,2,60,42,3,2
SF,2020,2,57,30,18,9
NYJ,2020,2,61,33,18,8
WAS,2020,2,62,38,11,7
ARI,2020,2,73,41,22,12
CAR,2020,3,51,30,31,16
LAC,2020,3,74,51,19,8
CHI,2020,3,76,54,28,17
ATL,2020,3,64,40,37,22
CIN,2020,3,69,52,45,32
PHI,2020,3,86,50,53,30
SEA,2020,3,70,45,39,24
DAL,2020,3,80,60,32,22
DET,2020,3,62,35,40,20
ARI,2020,3,63,36,55,31
NO,2020,3,57,37,45,26
GB,2020,3,58,33,41,24
HOU,2020,3,47,32,39,24
PIT,2020,3,73,39,40,24
BAL,2020,3,52,32,16,10
KC,2020,3,73,42,28,20
BUF,2020,3,58,37,21,10
LA,2020,3,67,35,16,9
NE,2020,3,65,30,48,23
LV,2020,3,56,34,28,13
MIA,2020,3,56,21,29,11
JAX,2020,3,63,46,4,3
NYJ,2020,3,60,31,23,12
IND,2020,3,54,25,16,6
SF,2020,3,71,39,51,30
NYG,2020,3,49,34,19,11
DEN,2020,3,59,45,12,7
TB,2020,3,62,40,29,20
TEN,2020,3,72,40,24,13
MIN,2020,3,63,30,35,18
CLE,2020,3,62,25,40,21
WAS,2020,3,62,40,40,26
ARI,2020,4,55,32,8,4
CAR,2020,4,69,37,32,19
ATL,2020,4,68,43,25,13
GB,2020,4,59,34,27,16
WAS,2020,4,70,48,23,13
BAL,2020,4,54,24,24,12
BUF,2020,4,57,35,33,22
LV,2020,4,68,45,26,13
DAL,2020,4,82,62,22,13
CLE,2020,4,70,32,31,17
NYJ,2020,4,75,51,44,28
DEN,2020,4,58,31,39,21
CHI,2020,4,59,43,27,17
IND,2020,4,65,30,34,19
JAX,2020,4,63,43,38,23
CIN,2020,4,69,37,44,25
TB,2020,4,70,46,25,17
LAC,2020,4,49,27,33,19
HOU,2020,4,62,36,17,10
MIN,2020,4,63,25,46,19
KC,2020,4,52,30,40,26
NE,2020,4,74,39,50,26
DET,2020,4,57,35,22,13
NO,2020,4,66,27,24,12
NYG,2020,4,66,41,44,26
LA,2020,4,54,34,40,25
PHI,2020,4,60,32,47,26
SF,2020,4,70,50,36,22
MIA,2020,4,69,47,34,25
SEA,2020,4,59,36,37,25
NYJ,2020,5,64,36,28,11
ARI,2020,5,65,38,41,22
BUF,2020,5,69,48,33,22
TEN,2020,5,62,28,33,18
CAR,2020,5,62,36,38,26
ATL,2020,5,61,38,26,19
CIN,2020,5,65,37,10,6
BAL,2020,5,61,38,20,11
CLE,2020,5,72,39,49,31
IND,2020,5,51,34,18,12
JAX,2020,5,73,53,45,28
HOU,2020,5,58,36,44,29
LAC,2020,5,68,37,30,14
NO,2020,5,75,50,18,10
WAS,2020,5,52,38,18,10
LA,2020,5,64,31,23,14
KC,2020,5,67,47,50,33
LV,2020,5,65,32,37,21
SF,2020,5,59,40,10,6
MIA,2020,5,61,30,20,13
MIN,2020,5,84,42,34,16
SEA,2020,5,53,37,18,11
DAL,2020,5,64,35,29,19
NYG,2020,5,62,36,29,16
PHI,2020,5,58,42,28,18
PIT,2020,5,65,35,40,24
TB,2020,5,63,44,34,25
CHI,2020,5,58,45,24,19
ARI,2020,6,59,25,32,18
DAL,2020,6,84,57,14,8
MIN,2020,6,52,39,4,3
ATL,2020,6,78,42,17,6
PHI,2020,6,68,48,10,6
BAL,2020,6,65,30,20,9
CAR,2020,6,62,33,40,20
CHI,2020,6,60,38,43,27
IND,2020,6,59,45,19,12
CIN,2020,6,72,41,34,17
PIT,2020,6,58,25,10,6
CLE,2020,6,54,32,3,1
DEN,2020,6,60,26,31,15
NE,2020,6,56,31,13,5
JAX,2020,6,61,46,13,6
DET,2020,6,67,31,16,4
GB,2020,6,61,40,26,17
TB,2020,6,61,28,15,8
TEN,2020,6,71,44,44,26
HOU,2020,6,67,40,12,7
BUF,2020,6,50,27,39,20
KC,2020,6,71,27,51,21
SF,2020,6,68,33,22,11
LA,2020,6,57,38,8,6
NYJ,2020,6,69,47,16,10
MIA,2020,6,56,31,18,9
WAS,2020,6,70,46,18,7
NYG,2020,6,44,20,38,15
NYJ,2020,7,51,29,42,22
BUF,2020,7,70,45,41,31
NO,2020,7,65,37,51,31
CAR,2020,7,43,29,31,21
CHI,2020,7,61,44,28,18
LA,2020,7,66,34,46,29
CIN,2020,7,73,52,50,35
CLE,2020,7,49,28,34,17
WAS,2020,7,65,28,23,10
DAL,2020,7,54,28,14,7
ATL,2020,7,71,45,52,34
DET,2020,7,55,34,39,23
GB,2020,7,59,34,22,13
HOU,2020,7,64,42,9,5
JAX,2020,7,62,34,21,12
LAC,2020,7,74,45,46,28
DEN,2020,7,76,43,23,13
KC,2020,7,48,29,18,11
PHI,2020,7,73,47,59,38
NYG,2020,7,54,33,32,21
PIT,2020,7,73,49,35,22
TEN,2020,7,56,33,3,2
SEA,2020,7,82,52,41,26
ARI,2020,7,77,44,11,6
SF,2020,7,63,26,31,14
NE,2020,7,49,27,11,4
TB,2020,7,68,43,40,27
LV,2020,7,63,39,35,22
ATL,2020,8,66,32,40,22
CAR,2020,8,52,30,38,20
DAL,2020,8,78,43,46,23
PHI,2020,8,59,33,49,29
IND,2020,8,74,36,53,29
DET,2020,8,59,46,27,18
DEN,2020,8,57,42,23,16
LAC,2020,8,84,46,41,28
LA,2020,8,91,62,30,18
MIA,2020,8,47,23,17,10
LV,2020,8,69,25,50,22
CLE,2020,8,47,25,31,14
GB,2020,8,66,41,35,17
MIN,2020,8,49,15,36,14
NE,2020,8,62,28,30,16
BUF,2020,8,53,19,37,14
NO,2020,8,71,42,39,19
CHI,2020,8,69,46,39,23
KC,2020,8,67,47,21,18
NYJ,2020,8,55,30,11,7
BAL,2020,8,78,31,55,20
PIT,2020,8,50,34,33,20
SEA,2020,8,64,39,36,23
SF,2020,8,66,45,36,17
TB,2020,8,66,43,35,22
NYG,2020,8,69,46,45,28
CIN,2020,8,69,37,33,21
TEN,2020,8,61,32,15,7
IND,2020,9,63,42,38,23
BAL,2020,9,63,25,50,24
CAR,2020,9,75,51,45,30
KC,2020,9,57,46,32,25
TEN,2020,9,53,24,31,15
CHI,2020,9,75,55,22,12
ATL,2020,9,67,37,29,18
DEN,2020,9,71,49,5,3
DET,2020,9,73,46,14,7
MIN,2020,9,55,21,16,8
GB,2020,9,62,32,24,14
SF,2020,9,53,36,19,11
JAX,2020,9,68,41,43,24
HOU,2020,9,59,34,39,24
LAC,2020,9,75,43,40,21
LV,2020,9,50,24,35,17
MIA,2020,9,53,30,40,22
ARI,2020,9,64,27,50,24
NYJ,2020,9,44,26,40,22
NE,2020,9,74,34,28,14
TB,2020,9,45,41,9,7
NO,2020,9,68,36,21,13
NYG,2020,9,71,39,31,20
WAS,2020,9,50,41,4,3
PIT,2020,9,64,46,25,14
DAL,2020,9,70,39,44,21
BUF,2020,9,61,45,16,13
SEA,2020,9,63,46,3,3
BAL,2020,10,64,36,34,20
NE,2020,10,56,19,33,12
ARI,2020,10,71,35,46,22
BUF,2020,10,68,50,46,31
PIT,2020,10,67,47,26,19
CIN,2020,10,64,43,9,7
DEN,2020,10,69,50,43,28
LV,2020,10,64,25,50,23
CLE,2020,10,60,21,42,19
HOU,2020,10,53,32,43,23
TEN,2020,10,60,28,33,16
IND,2020,10,68,39,59,36
GB,2020,10,58,35,48,30
JAX,2020,10,61,38,40,23
LAC,2020,10,62,34,20,12
MIA,2020,10,55,26,28,14
MIN,2020,10,70,38,49,29
CHI,2020,10,49,32,36,22
NYG,2020,10,65,31,32,12
PHI,2020,10,65,41,17,10
LA,2020,10,67,40,51,32
SEA,2020,10,65,43,30,19
SF,2020,10,66,41,50,26
NO,2020,10,52,26,29,17
CAR,2020,10,48,32,31,20
TB,2020,10,74,40,44,26
WAS,2020,10,82,57,20,9
DET,2020,10,55,34,17,9
SEA,2020,11,61,31,45,24
ARI,2020,11,63,45,25,16
ATL,2020,11,59,45,35,25
NO,2020,11,62,26,37,20
WAS,2020,11,58,27,36,20
CIN,2020,11,66,48,51,36
DAL,2020,11,63,33,40,22
MIN,2020,11,61,32,38,19
CAR,2020,11,67,36,44,27
DET,2020,11,54,38,27,14
GB,2020,11,55,37,34,19
IND,2020,11,73,37,18,11
LV,2020,11,56,31,39,21
KC,2020,11,71,46,49,30
TB,2020,11,67,49,45,32
LA,2020,11,70,50,52,41
MIA,2020,11,61,44,33,20
DEN,2020,11,63,30,51,27
HOU,2020,11,56,37,43,31
NE,2020,11,65,42,31,15
LAC,2020,11,78,52,24,17
NYJ,2020,11,55,31,8,2
CLE,2020,11,63,24,45,20
PHI,2020,11,65,40,40,16
JAX,2020,11,56,39,27,16
PIT,2020,11,70,46,35,22
BAL,2020,11,64,31,40,16
TEN,2020,11,68,34,33,17
NE,2020,12,50,20,32,11
ARI,2020,12,70,36,49,29
BAL,2020,12,49,21,37,13
PIT,2020,12,70,51,49,38
CAR,2020,12,63,35,32,15
MIN,2020,12,70,47,35,19
GB,2020,12,66,29,23,11
CHI,2020,12,66,50,5,3
JAX,2020,12,61,36,44,24
CLE,2020,12,61,31,44,26
HOU,2020,12,47,28,36,21
DET,2020,12,77,48,27,11
KC,2020,12,71,52,11,9
TB,2020,12,54,42,8,5
LAC,2020,12,80,56,25,18
BUF,2020,12,57,28,17,8
ATL,2020,12,69,40,33,23
LV,2020,12,58,44,20,15
NYJ,2020,12,53,30,20,10
MIA,2020,12,66,43,29,23
DEN,2020,12,43,10,20,6
NO,2020,12,63,19,34,12
NYG,2020,12,78,38,59,32
CIN,2020,12,45,31,32,19
PHI,2020,12,66,51,15,11
SEA,2020,12,61,33,42,25
SF,2020,12,70,37,33,18
LA,2020,12,60,33,36,18
TEN,2020,12,65,23,35,13
IND,2020,12,68,47,25,14
WAS,2020,12,64,30,50,29
DAL,2020,12,57,39,39,24
BUF,2020,13,67,41,48,30
SF,2020,13,60,39,25,9
CIN,2020,13,50,33,31,17
MIA,2020,13,65,38,44,30
CLE,2020,13,69,34,16,10
TEN,2020,13,68,48,6,2
DAL,2020,13,77,49,44,25
BAL,2020,13,54,17,38,14
DEN,2020,13,62,29,48,22
KC,2020,13,62,41,45,32
CHI,2020,13,67,36,32,11
DET,2020,13,65,44,7,4
HOU,2020,13,62,43,37,25
IND,2020,13,64,38,46,33
JAX,2020,13,69,44,30,20
MIN,2020,13,85,47,25,14
ARI,2020,13,61,40,20,12
LA,2020,13,77,48,61,41
NYJ,2020,13,61,27,35,19
LV,2020,13,73,48,47,30
NE,2020,13,64,23,16,5
LAC,2020,13,70,55,14,8
ATL,2020,13,63,42,22,15
NO,2020,13,75,39,50,29
SEA,2020,13,70,48,44,28
NYG,2020,13,55,25,41,19
PHI,2020,13,59,34,25,12
GB,2020,13,58,36,24,16
PIT,2020,13,67,53,49,37
WAS,2020,13,70,49,24,17
NYG,2020,14,49,32,16,9
ARI,2020,14,76,36,29,15
ATL,2020,14,55,35,35,22
LAC,2020,14,71,45,54,33
CLE,2020,14,77,49,35,24
BAL,2020,14,57,24,31,11
CIN,2020,14,70,40,10,5
DAL,2020,14,49,25,6,4
DEN,2020,14,56,29,37,19
CAR,2020,14,65,44,29,18
DET,2020,14,58,43,39,28
GB,2020,14,62,33,48,27
HOU,2020,14,63,37,18,11
CHI,2020,14,59,36,19,11
IND,2020,14,57,28,45,25
LV,2020,14,68,46,32,20
MIA,2020,14,76,52,34,22
KC,2020,14,60,37,28,20
MIN,2020,14,77,44,35,15
TB,2020,14,45,22,22,11
LA,2020,14,61,26,16,7
NE,2020,14,58,29,3,2
NO,2020,14,63,43,18,10
PHI,2020,14,62,29,31,18
NYJ,2020,14,52,29,15,8
SEA,2020,14,68,33,18,9
PIT,2020,14,56,39,36,22
BUF,2020,14,69,44,39,29
JAX,2020,14,69,54,27,19
TEN,2020,14,65,25,32,15
SF,2020,14,77,50,39,23
WAS,2020,14,58,34,41,24
DEN,2020,15,63,35,17,9
BUF,2020,15,65,41,32,24
CAR,2020,15,65,38,10,7
GB,2020,15,60,34,20,11
CHI,2020,15,64,22,44,16
MIN,2020,15,65,37,16,8
NYG,2020,15,53,33,27,13
CLE,2020,15,63,33,33,19
TEN,2020,15,64,28,35,16
DET,2020,15,65,38,22,14
HOU,2020,15,67,46,33,21
IND,2020,15,52,30,32,18
BAL,2020,15,62,27,13,6
JAX,2020,15,56,34,2,1
KC,2020,15,90,52,64,39
NO,2020,15,53,36,29,18
LV,2020,15,74,33,36,16
LAC,2020,15,62,33,49,29
NE,2020,15,52,30,37,20
MIA,2020,15,71,29,53,23
LA,2020,15,56,37,10,5
NYJ,2020,15,61,33,19,11
ARI,2020,15,68,38,43,22
PHI,2020,15,81,50,26,12
PIT,2020,15,61,39,16,12
CIN,2020,15,55,15,28,10
WAS,2020,15,80,59,23,15
SEA,2020,15,50,27,31,16
SF,2020,15,81,45,27,12
DAL,2020,15,58,36,44,28
ATL,2020,15,65,52,29,20
TB,2020,15,64,48,14,11
ATL,2020,16,61,39,38,20
KC,2020,16,65,45,50,35
NE,2020,16,48,24,17,5
BUF,2020,16,67,40,31,19
WAS,2020,16,69,50,16,6
CAR,2020,16,63,32,25,10
JAX,2020,16,54,38,30,18
CHI,2020,16,68,37,43,28
HOU,2020,16,51,34,40,26
CIN,2020,16,70,38,48,30
CLE,2020,16,73,55,16,12
NYJ,2020,16,66,35,19,11
LAC,2020,16,55,35,18,11
DEN,2020,16,76,48,23,10
PIT,2020,16,62,50,18,11
IND,2020,16,67,39,30,13
LA,2020,16,75,46,57,30
SEA,2020,16,59,36,42,28
LV,2020,16,59,36,47,30
MIA,2020,16,62,38,42,23
NO,2020,16,70,28,48,19
MIN,2020,16,61,44,16,10
BAL,2020,16,64,25,23,7
NYG,2020,16,59,47,3,2
PHI,2020,16,71,42,31,15
DAL,2020,16,65,32,27,16
ARI,2020,16,80,53,45,30
SF,2020,16,54,25,39,18
TB,2020,16,69,44,10,7
DET,2020,16,50,35,4,3
GB,2020,16,61,26,21,11
TEN,2020,16,55,28,8,3
ARI,2020,17,48,31,23,13
LA,2020,17,70,40,51,30
TB,2020,17,60,41,26,17
ATL,2020,17,71,45,29,18
BAL,2020,17,73,19,17,5
CIN,2020,17,40,21,3,2
NYG,2020,17,52,27,38,19
DAL,2020,17,80,53,31,18
CHI,2020,17,74,43,31,15
GB,2020,17,44,25,24,12
JAX,2020,17,65,48,15,11
IND,2020,17,63,28,25,11
KC,2020,17,50,33,24,18
LAC,2020,17,67,35,41,25
LV,2020,17,64,42,37,24
DEN,2020,17,76,44,61,36
BUF,2020,17,60,39,30,22
MIA,2020,17,81,61,16,10
MIN,2020,17,71,43,57,39
DET,2020,17,56,34,31,19
CAR,2020,17,60,40,33,20
NO,2020,17,63,34,28,18
NE,2020,17,63,34,50,31
NYJ,2020,17,62,37,42,24
PIT,2020,17,66,46,30,21
CLE,2020,17,61,31,44,25
SEA,2020,17,64,38,38,25
SF,2020,17,64,40,46,27
HOU,2020,17,62,45,27,18
TEN,2020,17,69,29,23,11
PHI,2020,17,65,36,37,19
WAS,2020,17,62,35,44,30
TEN,2021,1,64,42,5,3
ARI,2021,1,67,34,10,8
LV,2021,1,78,57,39,27
BAL,2021,1,66,33,45,25
CHI,2021,1,69,43,12,8
LA,2021,1,46,27,20,15
CLE,2021,1,57,30,30,14
KC,2021,1,60,39,9,5
TB,2021,1,64,50,38,29
DAL,2021,1,77,59,53,43
NYG,2021,1,57,38,19,13
DEN,2021,1,66,38,50,33
NO,2021,1,58,21,23,9
GB,2021,1,52,37,7,5
HOU,2021,1,74,34,30,18
JAX,2021,1,67,52,7,7
LAC,2021,1,75,49,55,36
WAS,2021,1,49,22,39,19
NE,2021,1,70,40,51,29
MIA,2021,1,49,29,40,25
MIN,2021,1,74,52,35,25
CIN,2021,1,67,31,39,20
NYJ,2021,1,62,44,26,16
CAR,2021,1,60,36,25,17
ATL,2021,1,64,38,36,17
PHI,2021,1,67,35,34,23
BUF,2021,1,79,54,56,38
PIT,2021,1,52,34,31,21
IND,2021,1,72,41,19,8
SEA,2021,1,53,26,26,12
DET,2021,1,86,62,32,17
SF,2021,1,53,26,19,8
TB,2021,2,57,39,40,25
ATL,2021,2,70,49,23,14
MIA,2021,2,69,50,8,6
BUF,2021,2,62,34,9,5
CHI,2021,2,58,27,43,21
CIN,2021,2,55,35,39,25
DAL,2021,2,60,29,42,20
LAC,2021,2,63,43,42,30
JAX,2021,2,51,35,33,23
DEN,2021,2,65,37,36,24
DET,2021,2,56,37,38,21
GB,2021,2,57,30,43,23
CLE,2021,2,54,23,42,20
HOU,2021,2,58,30,31,13
BAL,2021,2,68,28,35,16
KC,2021,2,49,31,37,23
IND,2021,2,66,40,39,25
LA,2021,2,60,31,36,20
PIT,2021,2,56,42,34,23
LV,2021,2,64,39,42,27
MIN,2021,2,60,33,45,21
ARI,2021,2,60,39,33,20
NE,2021,2,57,33,36,24
NYJ,2021,2,67,37,11,5
CAR,2021,2,73,40,25,12
NO,2021,2,42,26,6,5
WAS,2021,2,68,46,44,27
NYG,2021,2,63,36,46,27
SF,2021,2,65,30,45,27
PHI,2021,2,55,26,44,20
SEA,2021,2,52,34,21,12
TEN,2021,2,82,43,23,13
JAX,2021,3,65,36,46,20
ARI,2021,3,64,34,43,24
ATL,2021,3,59,39,38,26
NYG,2021,3,64,37,52,30
DET,2021,3,60,33,21,12
BAL,2021,3,56,34,35,17
CAR,2021,3,67,37,44,27
HOU,2021,3,48,31,33,19
CLE,2021,3,75,35,53,31
CHI,2021,3,42,29,19,11
PIT,2021,3,77,62,35,23
CIN,2021,3,39,18,27,14
GB,2021,3,57,32,24,14
SF,2021,3,65,44,8,5
TEN,2021,3,64,28,46,21
IND,2021,3,57,39,43,26
LAC,2021,3,61,40,35,22
KC,2021,3,76,46,31,17
LV,2021,3,79,46,31,17
MIA,2021,3,78,51,28,18
NO,2021,3,60,24,36,17
NE,2021,3,70,53,23,17
DEN,2021,3,63,27,21,13
NYJ,2021,3,53,40,7,4
DAL,2021,3,68,30,38,15
PHI,2021,3,53,41,9,8
SEA,2021,3,52,34,38,22
MIN,2021,3,73,39,44,27
TB,2021,3,71,58,32,23
LA,2021,3,61,39,42,31
BUF,2021,3,75,45,36,22
WAS,2021,3,50,25,9,5
LA,2021,4,63,41,20,10
ARI,2021,4,73,35,25,15
DEN,2021,4,59,42,31,18
BAL,2021,4,70,40,33,19
DAL,2021,4,56,24,40,20
CAR,2021,4,68,44,41,24
MIN,2021,4,62,40,36,21
CLE,2021,4,75,37,58,28
CHI,2021,4,55,18,18,4
DET,2021,4,67,42,11,3
HOU,2021,4,42,24,14,6
BUF,2021,4,70,32,17,9
MIA,2021,4,49,33,28,17
IND,2021,4,64,34,38,23
JAX,2021,4,55,25,43,19
CIN,2021,4,55,33,27,17
PHI,2021,4,70,51,31,20
KC,2021,4,62,31,39,21
LAC,2021,4,73,41,36,22
LV,2021,4,56,38,19,14
NYG,2021,4,61,40,35,21
NO,2021,4,65,26,48,21
PIT,2021,4,58,42,23,15
GB,2021,4,70,39,48,29
SEA,2021,4,52,26,36,19
SF,2021,4,73,43,44,26
NE,2021,4,53,46,40,33
TB,2021,4,71,44,51,33
NYJ,2021,4,59,35,23,13
TEN,2021,4,94,57,50,28
ATL,2021,4,71,43,58,37
WAS,2021,4,63,35,34,15
KC,2021,5,79,56,36,20
BUF,2021,5,51,26,24,14
CHI,2021,5,59,22,32,13
LV,2021,5,61,39,20,11
LAC,2021,5,69,46,27,19
CLE,2021,5,68,33,47,19
PIT,2021,5,60,26,33,14
DEN,2021,5,59,41,15,7
DET,2021,5,64,40,37,17
MIN,2021,5,63,35,42,23
GB,2021,5,62,40,45,31
CIN,2021,5,66,42,35,25
BAL,2021,5,73,47,25,12
IND,2021,5,64,38,36,25
LA,2021,5,66,38,48,30
SEA,2021,5,60,35,33,16
MIA,2021,5,51,42,24,19
TB,2021,5,67,45,45,32
HOU,2021,5,56,32,40,20
NE,2021,5,60,30,20,8
NO,2021,5,54,32,36,26
WAS,2021,5,77,44,60,31
DAL,2021,5,74,35,51,27
NYG,2021,5,64,39,30,13
ATL,2021,5,74,46,23,14
NYJ,2021,5,53,35,3,1
PHI,2021,5,60,40,24,20
CAR,2021,5,70,40,33,18
SF,2021,5,59,31,24,10
ARI,2021,5,57,33,28,15
JAX,2021,5,67,36,12,5
TEN,2021,5,61,25,24,11
CLE,2021,6,55,36,11,8
ARI,2021,6,66,32,20,10
TEN,2021,6,50,29,35,20
BUF,2021,6,74,51,60,40
DET,2021,6,61,43,29,16
CIN,2021,6,65,32,31,19
DAL,2021,6,83,52,55,31
NE,2021,6,49,24,26,13
GB,2021,6,53,26,37,18
CHI,2021,6,57,31,32,15
HOU,2021,6,74,45,27,18
IND,2021,6,47,22,28,18
WAS,2021,6,58,39,48,32
KC,2021,6,78,50,56,39
LAC,2021,6,53,41,12,9
BAL,2021,6,66,30,20,9
NYG,2021,6,74,56,29,18
LA,2021,6,65,32,20,14
LV,2021,6,51,29,30,21
DEN,2021,6,77,54,31,19
MIA,2021,6,67,47,46,33
JAX,2021,6,62,43,28,14
CAR,2021,6,68,46,40,24
MIN,2021,6,85,48,57,32
PIT,2021,6,70,41,47,29
SEA,2021,6,62,36,21,14
TB,2021,6,70,42,36,22
PHI,2021,6,48,29,16,11
MIA,2021,7,70,41,37,22
ATL,2021,7,61,41,39,30
CAR,2021,7,62,45,41,25
NYG,2021,7,64,36,46,29
CHI,2021,7,65,36,10,6
TB,2021,7,70,39,11,7
CIN,2021,7,62,38,38,28
BAL,2021,7,71,47,42,24
CLE,2021,7,66,34,29,14
DEN,2021,7,49,35,3,1
DET,2021,7,65,37,47,26
LA,2021,7,60,43,27,21
ARI,2021,7,67,32,29,16
HOU,2021,7,49,34,20,13
SF,2021,7,53,30,38,16
IND,2021,7,61,28,34,14
TEN,2021,7,62,28,17,8
KC,2021,7,67,55,7,4
SEA,2021,7,54,27,40,17
NO,2021,7,66,37,50,28
NE,2021,7,71,42,11,4
NYJ,2021,7,62,44,3,1
PHI,2021,7,68,37,26,11
LV,2021,7,62,34,36,23
GB,2021,7,53,38,37,28
WAS,2021,7,68,40,23,10
CAR,2021,8,71,25,50,22
ATL,2021,8,50,30,38,20
NYJ,2021,8,77,53,48,33
CIN,2021,8,53,38,35,25
MIN,2021,8,60,37,41,25
DAL,2021,8,68,44,50,28
GB,2021,8,71,38,57,30
ARI,2021,8,55,35,20,11
JAX,2021,8,73,55,16,11
SEA,2021,8,52,27,21,10
LA,2021,8,66,35,30,20
HOU,2021,8,59,44,9,5
BUF,2021,8,66,43,44,30
MIA,2021,8,65,42,47,28
LAC,2021,8,57,38,38,22
NE,2021,8,75,37,59,31
KC,2021,8,76,50,55,37
NYG,2021,8,55,36,41,24
DET,2021,8,59,41,12,8
PHI,2021,8,61,16,19,6
CLE,2021,8,58,35,42,26
PIT,2021,8,70,39,51,29
SF,2021,8,51,28,37,25
CHI,2021,8,67,31,53,23
TB,2021,8,59,44,29,20
NO,2021,8,71,40,40,23
IND,2021,8,72,52,39,28
TEN,2021,8,67,37,30,15
WAS,2021,8,68,44,48,28
DEN,2021,8,51,30,32,18
SF,2021,9,56,45,11,9
ARI,2021,9,67,29,22,12
ATL,2021,9,55,32,42,23
NO,2021,9,71,45,25,11
JAX,2021,9,56,30,39,24
BUF,2021,9,65,51,47,34
CHI,2021,9,58,32,11,5
PIT,2021,9,64,33,21,10
CIN,2021,9,71,47,28,19
CLE,2021,9,46,23,10,6
DAL,2021,9,59,41,17,8
DEN,2021,9,72,33,20,9
GB,2021,9,60,35,22,9
KC,2021,9,61,38,31,20
MIA,2021,9,72,47,38,27
HOU,2021,9,66,48,34,23
PHI,2021,9,57,18,47,14
LAC,2021,9,65,38,45,30
NYG,2021,9,53,23,39,17
LV,2021,9,67,47,47,30
BAL,2021,9,89,44,24,10
MIN,2021,9,52,28,24,11
NE,2021,9,56,20,35,15
CAR,2021,9,57,34,22,11
NYJ,2021,9,75,54,19,14
IND,2021,9,60,31,26,11
LA,2021,9,74,53,24,14
TEN,2021,9,55,30,11,7
DAL,2021,10,70,35,23,13
ATL,2021,10,53,29,14,9
BAL,2021,10,67,45,43,24
MIA,2021,10,61,41,46,34
NYJ,2021,10,70,48,9,8
BUF,2021,10,51,30,18,15
ARI,2021,10,53,33,7,4
CAR,2021,10,70,33,9,4
CLE,2021,10,58,38,19,12
NE,2021,10,60,28,27,11
PIT,2021,10,80,50,52,32
DET,2021,10,68,29,38,13
IND,2021,10,59,35,9,4
JAX,2021,10,63,39,3,1
KC,2021,10,74,51,45,30
LV,2021,10,51,37,18,9
LA,2021,10,54,44,8,7
SF,2021,10,63,20,29,8
MIN,2021,10,69,39,53,32
LAC,2021,10,55,36,36,23
TEN,2021,10,56,29,35,20
NO,2021,10,62,41,30,20
PHI,2021,10,61,25,45,23
DEN,2021,10,55,37,16,12
GB,2021,10,70,38,51,32
SEA,2021,10,59,43,41,29
TB,2021,10,47,34,10,6
WAS,2021,10,72,37,31,17
SEA,2021,11,49,30,19,7
ARI,2021,11,77,46,44,28
BAL,2021,11,76,42,58,35
CHI,2021,11,58,38,36,19
CIN,2021,11,70,32,50,25
LV,2021,11,47,29,31,15
DAL,2021,11,64,48,6,5
KC,2021,11,64,40,20,12
CLE,2021,11,64,30,37,21
DET,2021,11,46,23,19,6
GB,2021,11,53,35,21,15
MIN,2021,11,65,37,44,23
TEN,2021,11,79,54,20,9
HOU,2021,11,62,24,25,12
IND,2021,11,66,20,30,11
BUF,2021,11,55,41,8,6
MIA,2021,11,66,34,46,25
NYJ,2021,11,59,41,49,32
NE,2021,11,57,29,20,8
ATL,2021,11,52,36,9,6
NO,2021,11,62,41,10,6
PHI,2021,11,75,27,26,10
TB,2021,11,74,49,53,37
NYG,2021,11,54,41,30,22
PIT,2021,11,65,47,24,12
LAC,2021,11,66,43,37,24
SF,2021,11,64,24,26,8
JAX,2021,11,44,28,3,2
CAR,2021,11,48,28,31,14
WAS,2021,11,63,25,48,20
ATL,2021,12,57,30,29,15
JAX,2021,12,72,44,17,8
NO,2021,12,57,33,15,9
BUF,2021,12,62,30,22,10
MIA,2021,12,70,33,27,16
CAR,2021,12,54,36,21,8
CHI,2021,12,66,40,47,31
DET,2021,12,45,26,40,23
CLE,2021,12,57,40,34,24
BAL,2021,12,74,34,48,24
DEN,2021,12,57,25,34,16
LAC,2021,12,65,48,28,16
LA,2021,12,61,42,17,9
GB,2021,12,78,47,53,32
DAL,2021,12,70,49,22,11
LV,2021,12,76,42,34,17
MIN,2021,12,53,35,30,20
SF,2021,12,65,28,48,24
HOU,2021,12,55,31,39,21
NYJ,2021,12,62,28,29,12
NYG,2021,12,57,31,37,20
PHI,2021,12,64,31,36,17
CIN,2021,12,65,27,19,8
PIT,2021,12,59,44,3,2
WAS,2021,12,78,36,53,28
SEA,2021,12,46,34,21,13
TB,2021,12,62,36,32,18
IND,2021,12,67,47,46,35
TEN,2021,12,61,23,33,14
NE,2021,12,57,34,46,30
CHI,2021,13,72,45,13,5
ARI,2021,13,52,17,16,6
BAL,2021,13,70,45,54,31
PIT,2021,13,57,33,33,21
NO,2021,13,69,43,45,27
DAL,2021,13,62,41,45,32
DEN,2021,13,73,42,31,14
KC,2021,13,52,30,41,25
HOU,2021,13,50,31,20,11
IND,2021,13,69,23,35,12
LA,2021,13,66,39,31,20
JAX,2021,13,55,30,8,4
LAC,2021,13,62,40,21,17
CIN,2021,13,72,46,11,6
MIN,2021,13,73,45,25,13
DET,2021,13,69,42,24,11
NE,2021,13,48,3,40,1
BUF,2021,13,57,32,30,15
NYG,2021,13,62,45,47,32
MIA,2021,13,67,43,48,34
NYJ,2021,13,56,40,29,16
PHI,2021,13,68,27,44,20
SEA,2021,13,67,41,33,20
SF,2021,13,55,31,39,19
TB,2021,13,67,51,48,39
ATL,2021,13,69,46,39,24
WAS,2021,13,60,31,43,22
LV,2021,13,57,41,40,29
ATL,2021,14,63,29,44,20
CAR,2021,14,62,36,30,14
CLE,2021,14,59,32,17,11
BAL,2021,14,69,46,7,4
TB,2021,14,75,48,29,19
BUF,2021,14,76,57,10,9
CHI,2021,14,58,35,35,17
GB,2021,14,62,40,25,15
DAL,2021,14,76,43,20,13
WAS,2021,14,63,40,7,5
DEN,2021,14,65,26,44,20
DET,2021,14,62,41,21,12
TEN,2021,14,66,35,32,15
JAX,2021,14,51,43,12,8
ARI,2021,14,75,53,40,27
LA,2021,14,54,33,36,23
LV,2021,14,61,49,13,8
KC,2021,14,54,27,8,5
NYJ,2021,14,62,45,39,25
NO,2021,14,68,24,48,17
NYG,2021,14,66,39,19,13
LAC,2021,14,68,33,33,17
MIN,2021,14,67,31,17,10
PIT,2021,14,70,46,13,6
HOU,2021,14,75,50,50,30
SEA,2021,14,58,29,39,20
SF,2021,14,69,46,27,17
CIN,2021,14,64,39,28,15
DET,2021,15,62,28,22,12
ARI,2021,15,73,53,3,2
ATL,2021,15,58,35,31,18
SF,2021,15,56,24,31,16
CAR,2021,15,73,43,21,9
BUF,2021,15,63,38,27,22
CIN,2021,15,51,26,39,21
DEN,2021,15,71,37,51,27
DAL,2021,15,68,40,36,19
NYG,2021,15,61,37,20,7
BAL,2021,15,67,42,43,26
GB,2021,15,57,34,45,26
HOU,2021,15,57,31,28,16
JAX,2021,15,65,40,19,7
LAC,2021,15,78,39,42,23
KC,2021,15,67,48,44,30
CLE,2021,15,53,29,17,10
LV,2021,15,64,39,41,22
MIN,2021,15,60,27,39,20
CHI,2021,15,69,41,16,7
IND,2021,15,50,13,11,4
NE,2021,15,65,46,13,6
NO,2021,15,60,29,41,23
TB,2021,15,73,52,55,37
MIA,2021,15,67,28,22,8
NYJ,2021,15,54,30,38,19
LA,2021,15,59,33,46,28
SEA,2021,15,53,34,38,22
PIT,2021,15,44,28,12,9
TEN,2021,15,78,36,43,23
WAS,2021,15,54,33,31,18
PHI,2021,15,70,29,41,19
CIN,2021,16,69,49,19,12
BAL,2021,16,57,41,15,10
NE,2021,16,60,33,22,10
BUF,2021,16,74,48,39,27
SEA,2021,16,53,29,35,18
CHI,2021,16,69,40,29,15
CLE,2021,16,66,42,21,15
GB,2021,16,57,34,34,23
DEN,2021,16,40,24,33,19
LV,2021,16,63,27,47,23
ATL,2021,16,44,27,37,23
DET,2021,16,68,35,46,25
ARI,2021,16,64,43,35,21
IND,2021,16,62,30,52,26
JAX,2021,16,71,40,52,27
NYJ,2021,16,59,23,39,16
LAC,2021,16,60,38,37,20
HOU,2021,16,63,28,46,22
MIN,2021,16,62,40,22,11
LA,2021,16,69,37,42,24
MIA,2021,16,59,29,36,22
NO,2021,16,51,28,14,10
PHI,2021,16,60,30,38,23
NYG,2021,16,73,46,39,19
PIT,2021,16,69,44,6,4
KC,2021,16,67,32,20,13
SF,2021,16,58,37,36,20
TEN,2021,16,58,34,16,9
TB,2021,16,63,32,32,18
CAR,2021,16,67,52,22,14
DAL,2021,16,72,45,23,16
WAS,2021,16,56,37,6,5
DAL,2021,17,58,41,21,14
ARI,2021,17,70,41,43,29
ATL,2021,17,50,28,25,16
BUF,2021,17,69,28,43,22
CAR,2021,17,59,33,41,22
NO,2021,17,54,28,44,24
PIT,2021,17,78,48,46,32
CLE,2021,17,67,47,18,12
LAC,2021,17,64,31,26,11
DEN,2021,17,56,29,15,8
SEA,2021,17,69,30,18,10
DET,2021,17,60,38,12,6
HOU,2021,17,62,35,41,19
SF,2021,17,61,24,45,20
JAX,2021,17,46,29,10,7
NE,2021,17,70,34,20,7
KC,2021,17,58,35,45,26
CIN,2021,17,61,43,19,13
BAL,2021,17,67,35,44,23
LA,2021,17,56,37,28,18
LV,2021,17,61,34,46,24
IND,2021,17,54,28,23,10
MIA,2021,17,59,43,13,8
TEN,2021,17,59,19,28,11
GB,2021,17,73,42,31,19
MIN,2021,17,52,41,14,9
NYG,2021,17,55,15,6,2
CHI,2021,17,64,37,8,6
WAS,2021,17,60,38,42,22
PHI,2021,17,60,27,20,10
NYJ,2021,17,60,34,42,25
TB,2021,17,72,50,37,24
CAR,2021,18,70,45,39,21
TB,2021,18,59,40,40,30
CHI,2021,18,81,56,59,36
MIN,2021,18,46,25,24,13
CIN,2021,18,52,34,28,16
CLE,2021,18,65,25,44,19
PHI,2021,18,70,38,37,22
DAL,2021,18,58,29,33,22
GB,2021,18,67,40,34,23
DET,2021,18,58,33,33,24
JAX,2021,18,61,33,37,26
IND,2021,18,54,36,19,9
DEN,2021,18,54,26,37,17
KC,2021,18,72,45,63,40
LV,2021,18,74,41,48,28
LAC,2021,18,89,68,31,18
MIA,2021,18,66,23,21,8
NE,2021,18,59,32,3,1
NO,2021,18,70,25,28,11
ATL,2021,18,48,36,15,10
BUF,2021,18,76,46,50,34
NYJ,2021,18,46,29,19,9
PIT,2021,18,72,45,37,20
BAL,2021,18,71,35,50,24
SEA,2021,18,56,27,48,26
ARI,2021,18,72,44,46,27
LA,2021,18,64,37,30,17
SF,2021,18,66,35,20,6
HOU,2021,18,56,36,22,13
TEN,2021,18,63,33,35,20
WAS,2021,18,59,22,41,18
NYG,2021,18,59,34,32,13
NYJ,2022,1,79,62,31,22
BAL,2022,1,51,32,37,23
BUF,2022,1,57,33,47,29
LA,2022,1,66,48,29,20
CAR,2022,1,49,31,19,15
CLE,2022,1,72,33,38,19
SEA,2022,1,46,30,39,25
DEN,2022,1,64,44,41,25
MIN,2022,1,61,33,25,15
GB,2022,1,59,42,21,12
IND,2022,1,90,52,38,20
HOU,2022,1,67,40,33,19
JAX,2022,1,63,45,23,15
WAS,2022,1,69,44,29,18
KC,2022,1,66,39,29,19
ARI,2022,1,64,43,3,1
LAC,2022,1,63,34,45,27
LV,2022,1,57,44,23,17
NE,2022,1,53,32,18,11
MIA,2022,1,57,36,20,12
ATL,2022,1,70,32,40,20
NO,2022,1,57,37,24,13
NYG,2022,1,60,27,18,10
TEN,2022,1,59,33,30,17
DET,2022,1,65,38,20,10
PHI,2022,1,71,33,42,24
PIT,2022,1,59,38,23,13
CIN,2022,1,95,61,25,15
CHI,2022,1,53,19,34,13
SF,2022,1,67,30,45,16
DAL,2022,1,63,46,27,16
TB,2022,1,60,29,34,18
LV,2022,2,61,40,23,14
ARI,2022,2,80,51,6,3
ATL,2022,2,57,30,18,7
LA,2022,2,63,37,17,9
NYG,2022,2,68,37,47,30
CAR,2022,2,54,31,46,25
GB,2022,2,65,28,33,18
CHI,2022,2,41,14,13,4
DAL,2022,2,58,31,18,8
CIN,2022,2,67,43,8,4
HOU,2022,2,58,41,43,27
DEN,2022,2,64,34,46,24
IND,2022,2,48,35,13,8
JAX,2022,2,66,30,24,11
KC,2022,2,52,36,29,19
LAC,2022,2,73,50,47,28
MIA,2022,2,69,51,21,15
BAL,2022,2,54,29,25,9
PHI,2022,2,68,34,34,18
MIN,2022,2,59,48,9,6
PIT,2022,2,59,37,43,27
NE,2022,2,63,35,43,27
NYJ,2022,2,66,47,47,28
CLE,2022,2,64,28,41,22
SF,2022,2,70,25,20,7
SEA,2022,2,47,33,11,5
NO,2022,2,66,46,46,27
TB,2022,2,63,35,41,24
BUF,2022,2,63,41,32,23
TEN,2022,2,53,26,21,11
DET,2022,2,59,37,22,14
WAS,2022,2,74,53,8,5
SEA,2022,3,69,46,52,32
ATL,2022,3,52,23,41,21
BAL,2022,3,56,33,40,24
NE,2022,3,64,36,39,20
BUF,2022,3,89,66,63,46
MIA,2022,3,39,22,30,18
CIN,2022,3,64,38,19,15
NYJ,2022,3,76,56,12,6
DAL,2022,3,59,31,40,21
NYG,2022,3,67,42,51,29
DET,2022,3,75,40,50,30
MIN,2022,3,65,41,34,20
TB,2022,3,59,46,12,7
GB,2022,3,60,36,22,13
CHI,2022,3,60,22,45,16
HOU,2022,3,57,33,38,20
JAX,2022,3,74,40,45,28
LAC,2022,3,58,46,12,8
IND,2022,3,68,42,45,26
KC,2022,3,61,38,47,27
ARI,2022,3,81,60,21,12
LA,2022,3,44,26,25,13
TEN,2022,3,53,28,26,12
LV,2022,3,66,47,8,5
CAR,2022,3,59,28,16,9
NO,2022,3,64,42,13,6
WAS,2022,3,75,53,15,8
PHI,2022,3,66,38,18,11
CLE,2022,3,71,33,51,29
PIT,2022,3,55,33,42,21
SF,2022,3,52,33,39,21
DEN,2022,3,68,38,49,29
ARI,2022,4,68,34,53,29
CAR,2022,4,52,39,37,24
BUF,2022,4,60,37,19,13
BAL,2022,4,63,31,28,10
NYG,2022,4,61,17,39,14
CHI,2022,4,60,28,41,18
CLE,2022,4,71,36,34,18
ATL,2022,4,52,20,36,17
LV,2022,4,72,36,53,29
DEN,2022,4,48,28,35,19
JAX,2022,4,46,27,30,14
PHI,2022,4,75,28,42,16
KC,2022,4,77,40,14,9
TB,2022,4,59,53,6,4
HOU,2022,4,53,39,15,10
LAC,2022,4,63,40,15,8
LA,2022,4,73,55,28,18
SF,2022,4,49,27,30,15
CIN,2022,4,60,33,44,25
MIA,2022,4,60,38,34,22
MIN,2022,4,67,42,51,35
NO,2022,4,58,31,26,14
NE,2022,4,58,25,42,21
GB,2022,4,71,36,42,20
PIT,2022,4,60,29,39,19
NYJ,2022,4,67,38,46,26
SEA,2022,4,61,30,23,12
DET,2022,4,68,42,4,3
IND,2022,4,63,40,23,15
TEN,2022,4,49,24,14,7
DAL,2022,4,57,28,44,22
WAS,2022,4,71,44,37,19
TB,2022,5,73,53,41,30
ATL,2022,5,62,31,22,12
MIN,2022,5,72,43,30,16
CHI,2022,5,48,24,16,9
CIN,2022,5,59,38,36,28
BAL,2022,5,60,33,41,25
LA,2022,5,64,49,33,23
DAL,2022,5,51,19,34,15
DET,2022,5,63,37,28,9
NE,2022,5,54,21,19,7
HOU,2022,5,55,25,37,17
JAX,2022,5,72,46,48,25
IND,2022,5,72,46,49,31
DEN,2022,5,69,43,46,32
CLE,2022,5,65,34,45,22
LAC,2022,5,67,35,42,24
LV,2022,5,57,32,25,13
KC,2022,5,69,47,21,14
NYJ,2022,5,53,23,40,20
MIA,2022,5,62,36,25,12
GB,2022,5,61,41,43,28
NYG,2022,5,56,28,12,7
ARI,2022,5,67,41,40,25
PHI,2022,5,70,38,51,32
BUF,2022,5,51,36,22,15
PIT,2022,5,72,55,17,10
NO,2022,5,70,26,51,21
SEA,2022,5,50,29,41,24
SF,2022,5,59,32,31,19
CAR,2022,5,66,48,19,10
TEN,2022,5,62,30,51,26
WAS,2022,5,57,41,33,21
ARI,2022,6,71,43,42,20
SEA,2022,6,66,36,44,25
BAL,2022,6,58,34,47,27
NYG,2022,6,59,31,42,24
BUF,2022,6,70,41,51,31
KC,2022,6,61,43,50,35
CAR,2022,6,43,23,31,14
LA,2022,6,61,34,45,26
CIN,2022,6,54,41,23,18
NO,2022,6,71,37,52,24
DAL,2022,6,64,38,9,4
PHI,2022,6,67,29,27,15
LAC,2022,6,83,59,41,28
DEN,2022,6,55,32,34,23
IND,2022,6,76,59,34,30
JAX,2022,6,59,27,35,17
MIN,2022,6,49,34,38,28
MIA,2022,6,74,54,51,34
CLE,2022,6,68,50,30,17
NE,2022,6,62,36,36,22
GB,2022,6,69,49,47,31
NYJ,2022,6,50,20,37,20
ATL,2022,6,56,16,39,12
SF,2022,6,57,41,18,12
TB,2022,6,68,42,51,30
PIT,2022,6,59,32,43,27
CHI,2022,6,69,32,45,22
WAS,2022,6,54,26,42,22
CIN,2022,7,65,45,15,10
ATL,2022,7,45,16,5,2
NE,2022,7,47,29,12,5
CHI,2022,7,69,25,42,17
CLE,2022,7,56,32,31,20
BAL,2022,7,62,19,40,15
DAL,2022,7,57,27,38,19
DET,2022,7,56,31,40,20
GB,2022,7,46,34,30,20
WAS,2022,7,72,34,44,20
LV,2022,7,53,28,43,24
HOU,2022,7,65,42,41,24
TEN,2022,7,55,22,28,14
IND,2022,7,64,47,18,12
SF,2022,7,71,51,33,21
KC,2022,7,55,37,32,22
NO,2022,7,70,49,31,16
ARI,2022,7,61,32,14,7
NYG,2022,7,70,31,52,30
JAX,2022,7,66,44,45,27
NYJ,2022,7,52,29,37,23
DEN,2022,7,75,47,55,29
MIA,2022,7,61,35,37,20
PIT,2022,7,68,45,16,9
SEA,2022,7,61,29,28,15
LAC,2022,7,69,54,11,6
TB,2022,7,66,50,46,33
CAR,2022,7,50,23,35,21
MIN,2022,8,68,39,50,29
ARI,2022,8,70,48,23,13
BAL,2022,8,71,40,58,38
TB,2022,8,62,46,37,24
ATL,2022,8,66,30,39,18
CAR,2022,8,74,37,46,25
DAL,2022,8,55,28,32,17
CHI,2022,8,73,30,4,3
CIN,2022,8,50,40,21,17
CLE,2022,8,67,24,24,12
DEN,2022,8,60,32,32,21
JAX,2022,8,65,33,49,27
BUF,2022,8,53,27,23,10
GB,2022,8,63,32,12,9
LV,2022,8,55,43,16,9
NO,2022,8,63,31,17,10
DET,2022,8,57,38,43,30
MIA,2022,8,61,38,17,11
NYJ,2022,8,58,43,35,24
NE,2022,8,72,41,58,34
SEA,2022,8,61,37,45,30
NYG,2022,8,64,36,40,18
PIT,2022,8,70,46,22,15
PHI,2022,8,52,33,26,20
LA,2022,8,55,35,42,27
SF,2022,8,52,29,39,25
TEN,2022,8,57,13,40,12
HOU,2022,8,50,33,28,15
IND,2022,8,53,25,41,19
WAS,2022,8,61,33,40,18
NO,2022,9,49,34,13,8
BAL,2022,9,65,25,33,17
BUF,2022,9,61,39,45,26
NYJ,2022,9,60,27,32,16
CIN,2022,9,70,33,22,11
CAR,2022,9,48,30,6,3
DET,2022,9,57,26,40,15
GB,2022,9,69,45,33,20
NE,2022,9,61,34,25,13
IND,2022,9,60,38,17,8
ATL,2022,9,60,25,49,19
LAC,2022,9,67,43,24,18
LA,2022,9,54,31,44,27
TB,2022,9,78,58,48,32
LV,2022,9,57,38,25,18
JAX,2022,9,66,30,21,9
CHI,2022,9,70,31,27,12
MIA,2022,9,50,30,35,23
MIN,2022,9,65,43,41,28
WAS,2022,9,60,31,50,25
HOU,2022,9,57,25,42,16
PHI,2022,9,61,31,45,24
SEA,2022,9,68,36,50,31
ARI,2022,9,61,40,42,26
KC,2022,9,92,72,41,31
TEN,2022,9,47,19,19,6
LA,2022,10,59,40,26,16
ARI,2022,10,64,39,44,31
ATL,2022,10,59,34,17,7
CAR,2022,10,64,17,33,10
CLE,2022,10,61,38,29,16
MIA,2022,10,64,34,32,18
DAL,2022,10,79,48,56,34
GB,2022,10,60,22,34,12
TEN,2022,10,60,37,31,18
DEN,2022,10,72,48,54,32
CHI,2022,10,58,23,41,15
DET,2022,10,58,28,35,17
HOU,2022,10,60,41,26,15
NYG,2022,10,66,20,53,19
LV,2022,10,65,41,22,11
IND,2022,10,59,31,42,20
JAX,2022,10,61,45,18,11
KC,2022,10,61,35,22,14
LAC,2022,10,56,40,48,32
SF,2022,10,69,29,36,14
BUF,2022,10,72,45,35,18
MIN,2022,10,78,54,15,11
PIT,2022,10,78,36,53,28
NO,2022,10,45,30,23,16
TB,2022,10,68,30,34,15
SEA,2022,10,51,37,12,6
WAS,2022,10,77,30,62,24
PHI,2022,10,47,27,22,17
BAL,2022,11,65,36,46,29
CAR,2022,11,54,37,38,22
ATL,2022,11,48,18,35,16
CHI,2022,11,66,25,53,21
CIN,2022,11,63,41,49,35
PIT,2022,11,68,44,46,27
CLE,2022,11,67,42,42,22
BUF,2022,11,62,29,41,23
MIN,2022,11,54,37,17,9
DAL,2022,11,70,30,29,10
NYG,2022,11,73,47,30,14
DET,2022,11,60,26,29,15
KC,2022,11,61,35,48,28
LAC,2022,11,65,35,45,25
LA,2022,11,61,31,37,19
NO,2022,11,54,32,40,24
LV,2022,11,62,38,30,16
DEN,2022,11,62,34,44,23
NE,2022,11,59,33,48,27
NYJ,2022,11,49,26,34,17
IND,2022,11,62,36,30,16
PHI,2022,11,59,28,28,16
ARI,2022,11,71,47,30,18
SF,2022,11,55,29,36,22
TEN,2022,11,61,32,48,26
GB,2022,11,60,41,18,9
WAS,2022,11,67,27,22,10
HOU,2022,11,53,38,14,8
ATL,2022,12,55,26,42,21
WAS,2022,12,59,23,45,19
BAL,2022,12,68,34,54,28
JAX,2022,12,62,42,34,20
DET,2022,12,68,39,50,28
BUF,2022,12,74,45,49,31
NYJ,2022,12,60,30,43,25
CHI,2022,12,55,27,30,15
CIN,2022,12,62,38,48,31
TEN,2022,12,56,35,45,30
CAR,2022,12,64,19,43,15
DEN,2022,12,57,38,30,17
PHI,2022,12,78,30,53,24
GB,2022,12,48,28,25,15
HOU,2022,12,60,45,7,4
MIA,2022,12,68,45,16,12
LAC,2022,12,64,52,30,24
ARI,2022,12,64,30,50,22
KC,2022,12,72,42,37,27
LA,2022,12,54,27,25,8
LV,2022,12,77,37,51,25
SEA,2022,12,62,40,33,21
MIN,2022,12,65,39,48,29
NE,2022,12,54,41,38,26
NO,2022,12,53,31,19,11
SF,2022,12,65,38,42,29
NYG,2022,12,56,35,35,22
DAL,2022,12,68,30,53,26
PIT,2022,12,67,32,40,17
IND,2022,12,62,37,30,17
CLE,2022,12,75,41,44,25
TB,2022,12,66,46,38,24
NE,2022,13,51,37,11,6
BUF,2022,13,68,35,31,15
HOU,2022,13,62,40,42,25
CLE,2022,13,58,23,44,21
DEN,2022,13,52,24,39,17
BAL,2022,13,68,40,44,27
CHI,2022,13,49,25,35,14
GB,2022,13,62,32,17,11
DAL,2022,13,66,32,48,25
IND,2022,13,69,41,31,17
JAX,2022,13,56,37,11,6
DET,2022,13,72,43,14,9
CIN,2022,13,64,32,42,19
KC,2022,13,54,29,26,14
LV,2022,13,59,30,26,16
LAC,2022,13,73,52,46,31
MIA,2022,13,45,37,27,22
SF,2022,13,76,45,58,35
TB,2022,13,74,55,42,27
NO,2022,13,56,31,38,21
NYJ,2022,13,83,59,25,17
MIN,2022,13,64,37,33,20
PIT,2022,13,64,28,40,20
ATL,2022,13,53,25,14,9
LA,2022,13,63,30,46,20
SEA,2022,13,64,43,44,29
PHI,2022,13,67,43,30,23
TEN,2022,13,53,32,25,15
NYG,2022,13,62,33,31,11
WAS,2022,13,81,46,48,22
BAL,2022,14,57,19,42,16
PIT,2022,14,53,33,36,20
CAR,2022,14,71,26,31,15
SEA,2022,14,53,39,15,10
CIN,2022,14,58,35,33,21
CLE,2022,14,69,44,27,10
DAL,2022,14,70,40,50,27
HOU,2022,14,63,26,46,18
TEN,2022,14,63,43,32,17
JAX,2022,14,67,43,44,31
KC,2022,14,64,44,31,25
DEN,2022,14,69,50,23,17
LV,2022,14,58,20,28,9
LA,2022,14,59,38,3,0
MIA,2022,14,49,30,24,16
LAC,2022,14,76,55,51,39
DET,2022,14,69,39,42,26
MIN,2022,14,63,46,41,26
ARI,2022,14,69,47,50,32
NE,2022,14,54,36,45,31
BUF,2022,14,53,30,40,26
NYJ,2022,14,73,51,45,27
NYG,2022,14,64,40,9,6
PHI,2022,14,65,35,26,20
SF,2022,14,58,23,16,7
TB,2022,14,73,55,12,7
DEN,2022,15,65,33,49,29
ARI,2022,15,60,40,43,28
NO,2022,15,54,21,23,11
ATL,2022,15,70,30,3,2
CLE,2022,15,61,31,41,27
BAL,2022,15,61,33,45,19
CIN,2022,15,61,42,18,14
TB,2022,15,71,46,29,17
DAL,2022,15,74,33,37,15
JAX,2022,15,70,43,10,6
DET,2022,15,66,38,50,29
NYJ,2022,15,61,39,42,24
IND,2022,15,78,36,10,4
MIN,2022,15,86,63,3,3
HOU,2022,15,56,30,41,23
KC,2022,15,77,44,52,32
LA,2022,15,43,26,27,17
GB,2022,15,65,33,41,23
MIA,2022,15,58,33,35,18
BUF,2022,15,71,42,46,31
LV,2022,15,64,41,41,23
NE,2022,15,63,32,35,18
WAS,2022,15,58,32,26,10
NYG,2022,15,59,32,35,19
CHI,2022,15,57,28,42,20
PHI,2022,15,70,38,46,28
CAR,2022,15,42,26,23,13
PIT,2022,15,67,23,52,18
SEA,2022,15,61,47,29,21
SF,2022,15,58,27,29,16
TEN,2022,15,56,30,35,20
LAC,2022,15,67,43,50,33
BAL,2022,16,49,17,32,12
ATL,2022,16,68,35,18,9
CHI,2022,16,58,29,33,15
BUF,2022,16,59,28,35,19
CIN,2022,16,78,54,14,9
NE,2022,16,52,37,3,1
LA,2022,16,63,28,13,5
DEN,2022,16,62,41,3,2
CAR,2022,16,64,22,28,8
DET,2022,16,62,44,24,13
MIA,2022,16,45,27,31,18
GB,2022,16,62,40,36,22
TEN,2022,16,58,27,40,17
HOU,2022,16,63,34,45,23
JAX,2022,16,68,32,35,12
NYJ,2022,16,56,36,14,9
IND,2022,16,50,36,29,20
LAC,2022,16,64,35,46,30
LV,2022,16,52,33,42,27
PIT,2022,16,66,39,43,24
CLE,2022,16,67,33,39,15
NO,2022,16,53,15,35,11
MIN,2022,16,70,51,47,32
NYG,2022,16,67,46,36,24
PHI,2022,16,68,39,45,22
DAL,2022,16,70,41,31,20
KC,2022,16,51,29,26,15
SEA,2022,16,73,42,14,8
TB,2022,16,77,48,48,25
ARI,2022,16,73,46,47,30
WAS,2022,16,70,37,43,15
SF,2022,16,51,25,37,20
ARI,2022,17,69,42,55,33
ATL,2022,17,60,27,42,20
CAR,2022,17,59,37,36,20
TB,2022,17,75,50,44,27
CHI,2022,17,50,28,23,11
DET,2022,17,67,31,27,16
CLE,2022,17,50,23,37,20
WAS,2022,17,68,31,47,15
DAL,2022,17,74,42,43,22
TEN,2022,17,65,41,12,7
DEN,2022,17,66,42,48,29
KC,2022,17,58,42,45,33
IND,2022,17,56,29,17,7
NYG,2022,17,61,24,28,14
HOU,2022,17,67,46,17,8
JAX,2022,17,60,31,19,10
LA,2022,17,47,22,22,10
LAC,2022,17,62,31,38,21
MIA,2022,17,69,42,48,23
NE,2022,17,55,36,37,26
MIN,2022,17,57,37,13,8
GB,2022,17,59,27,8,3
NO,2022,17,64,31,30,14
PHI,2022,17,53,38,6,4
SEA,2022,17,71,33,18,9
NYJ,2022,17,67,50,6,4
PIT,2022,17,68,29,31,11
BAL,2022,17,49,21,39,14
LV,2022,17,66,34,46,21
SF,2022,17,60,35,30,15
ARI,2022,18,49,30,14,12
SF,2022,18,61,24,30,17
BAL,2022,18,73,46,5,3
CIN,2022,18,64,44,24,18
NO,2022,18,58,26,42,17
CAR,2022,18,58,17,43,12
CLE,2022,18,57,35,34,20
PIT,2022,18,68,31,50,21
DAL,2022,18,66,39,25,13
WAS,2022,18,62,22,34,13
GB,2022,18,57,29,49,23
DET,2022,18,59,35,39,27
HOU,2022,18,65,42,30,16
IND,2022,18,70,37,4,3
KC,2022,18,54,28,16,9
LV,2022,18,67,42,13,8
LAC,2022,18,67,46,54,38
DEN,2022,18,62,26,45,21
SEA,2022,18,69,33,38,20
LA,2022,18,58,31,46,23
CHI,2022,18,49,29,16,8
MIN,2022,18,71,33,23,11
NE,2022,18,64,42,43,27
BUF,2022,18,55,33,44,27
NYG,2022,18,64,43,6,4
PHI,2022,18,68,38,18,12
MIA,2022,18,64,32,47,23
NYJ,2022,18,53,33,35,20
TB,2022,18,54,34,43,24
ATL,2022,18,67,32,45,21
TEN,2022,18,72,33,50,23
JAX,2022,18,45,33,32,22
WAS,2023,1,65,37,49,35
ARI,2023,1,58,33,42,24
BUF,2023,1,67,45,48,32
NYJ,2023,1,51,25,24,16
ATL,2023,1,47,22,33,18
CAR,2023,1,72,40,48,23
CIN,2023,1,52,34,32,19
CLE,2023,1,73,32,52,26
NYG,2023,1,65,37,13,4
DAL,2023,1,55,25,8,6
DET,2023,1,66,35,49,31
KC,2023,1,62,39,50,32
CHI,2023,1,72,42,31,15
GB,2023,1,60,28,36,18
BAL,2023,1,59,26,35,17
HOU,2023,1,71,48,36,23
IND,2023,1,69,43,46,27
JAX,2023,1,68,34,50,29
SEA,2023,1,46,28,39,22
LA,2023,1,78,38,51,28
LV,2023,1,51,26,37,19
DEN,2023,1,57,35,43,24
MIA,2023,1,63,45,47,31
LAC,2023,1,76,36,55,25
PHI,2023,1,60,36,28,15
NE,2023,1,79,57,23,13
PIT,2023,1,60,50,6,5
SF,2023,1,63,32,12,7
MIN,2023,1,63,46,53,38
TB,2023,1,65,35,44,26
TEN,2023,1,59,37,42,24
NO,2023,1,62,37,47,31
BAL,2023,2,69,33,52,28
CIN,2023,2,57,42,25,16
TB,2023,2,66,34,51,26
CHI,2023,2,51,35,27,17
CLE,2023,2,83,46,57,31
PIT,2023,2,51,32,45,30
GB,2023,2,46,26,36,20
ATL,2023,2,77,33,39,21
IND,2023,2,56,33,23,12
HOU,2023,2,76,51,10,6
JAX,2023,2,64,46,36,23
KC,2023,2,61,42,33,26
LAC,2023,2,66,45,42,26
TEN,2023,2,63,29,40,20
LV,2023,2,39,24,24,15
BUF,2023,2,72,39,36,22
NE,2023,2,70,46,16,10
MIA,2023,2,60,31,31,18
PHI,2023,2,75,27,43,15
MIN,2023,2,55,46,24,19
NO,2023,2,71,41,61,37
CAR,2023,2,57,38,35,23
ARI,2023,2,61,31,22,12
NYG,2023,2,67,40,8,5
DAL,2023,2,80,39,41,25
NYJ,2023,2,45,29,10,3
SEA,2023,2,66,41,46,27
DET,2023,2,64,37,44,22
SF,2023,2,54,26,38,21
LA,2023,2,77,55,48,30
WAS,2023,2,67,43,30,20
DEN,2023,2,62,39,24,13
ATL,2023,3,65,45,21,14
DET,2023,3,61,33,30,17
BUF,2023,3,63,32,17,11
WAS,2023,3,51,38,11,8
SEA,2023,3,68,39,53,33
CAR,2023,3,75,61,42,31
KC,2023,3,73,38,23,13
CHI,2023,3,51,25,11,4
ARI,2023,3,53,24,28,13
DAL,2023,3,75,42,3,1
MIA,2023,3,70,28,23,12
DEN,2023,3,59,39,3,1
HOU,2023,3,56,30,23,11
JAX,2023,3,69,42,20,8
IND,2023,3,84,49,51,30
BAL,2023,3,72,35,42,18
LAC,2023,3,63,49,51,41
MIN,2023,3,78,54,43,27
CIN,2023,3,70,50,55,43
LA,2023,3,52,39,36,25
NYJ,2023,3,60,38,15,9
NE,2023,3,69,29,37,17
NO,2023,3,60,38,18,11
GB,2023,3,68,46,17,10
SF,2023,3,75,39,51,30
NYG,2023,3,47,36,18,13
TB,2023,3,45,28,29,18
PHI,2023,3,78,38,35,21
PIT,2023,3,59,29,41,20
LV,2023,3,68,49,32,23
CLE,2023,3,67,36,33,22
TEN,2023,3,45,30,16,11
ARI,2023,4,68,42,11,7
SF,2023,4,51,22,23,10
JAX,2023,4,61,32,21,11
ATL,2023,4,57,35,6,4
BAL,2023,4,55,22,23,8
CLE,2023,4,64,40,26,15
CIN,2023,4,50,33,24,14
TEN,2023,4,61,29,26,14
CHI,2023,4,70,39,22,13
DEN,2023,4,47,29,18,12
DET,2023,4,72,30,18,7
GB,2023,4,55,42,6,6
KC,2023,4,64,31,34,19
NYJ,2023,4,58,41,11,8
LA,2023,4,78,42,19,10
IND,2023,4,59,29,6,3
LAC,2023,4,59,26,30,15
LV,2023,4,69,46,14,7
BUF,2023,4,52,27,29,16
MIA,2023,4,59,40,20,15
MIN,2023,4,44,21,27,13
CAR,2023,4,68,37,42,23
DAL,2023,4,66,40,22,15
NE,2023,4,55,32,16,8
HOU,2023,4,67,29,20,7
PIT,2023,4,56,31,8,3
NYG,2023,4,74,45,34,19
SEA,2023,4,51,28,21,17
NO,2023,4,60,42,28,19
TB,2023,4,65,35,37,24
WAS,2023,4,74,46,44,25
PHI,2023,4,68,40,41,23
BAL,2023,5,67,42,47,29
PIT,2023,5,61,36,26,12
CAR,2023,5,65,42,14,7
DET,2023,5,57,30,26,16
CHI,2023,5,64,32,16,11
WAS,2023,5,68,57,3,1
ARI,2023,5,57,35,24,15
CIN,2023,5,78,49,55,35
SF,2023,5,66,26,33,15
DAL,2023,5,48,30,10,8
GB,2023,5,57,32,36,16
LV,2023,5,61,34,50,30
ATL,2023,5,73,39,51,26
HOU,2023,5,58,35,44,30
JAX,2023,5,82,42,43,23
BUF,2023,5,54,41,11,9
MIN,2023,5,67,49,37,24
KC,2023,5,63,42,53,39
NO,2023,5,66,28,19,10
NE,2023,5,51,33,12,7
NYG,2023,5,68,39,20,10
MIA,2023,5,52,30,25,19
NYJ,2023,5,62,30,48,24
DEN,2023,5,57,34,35,17
PHI,2023,5,78,39,57,34
LA,2023,5,55,41,38,27
IND,2023,5,60,27,44,21
TEN,2023,5,56,35,41,25
ARI,2023,6,72,43,49,22
LA,2023,6,53,25,35,19
BAL,2023,6,69,31,43,20
TEN,2023,6,46,27,18,10
CAR,2023,6,68,43,43,26
MIA,2023,6,62,32,29,17
DAL,2023,6,59,35,40,24
LAC,2023,6,61,38,50,30
DEN,2023,6,50,26,20,8
KC,2023,6,67,43,30,18
TB,2023,6,54,38,34,20
DET,2023,6,68,47,48,33
IND,2023,6,75,58,16,12
JAX,2023,6,58,33,14,5
CHI,2023,6,64,29,37,16
MIN,2023,6,54,33,38,26
LV,2023,6,62,32,53,29
NE,2023,6,55,37,17,12
HOU,2023,6,59,29,48,24
NO,2023,6,78,53,30,18
BUF,2023,6,59,30,43,22
NYG,2023,6,71,37,45,21
NYJ,2023,6,58,39,34,21
PHI,2023,6,69,47,42,31
SEA,2023,6,70,45,46,27
CIN,2023,6,52,38,40,29
SF,2023,6,53,29,39,18
CLE,2023,6,69,36,38,18
WAS,2023,6,48,28,33,22
ATL,2023,6,79,49,30,20
ARI,2023,7,63,38,43,23
SEA,2023,7,56,26,43,21
TB,2023,7,64,45,45,31
ATL,2023,7,64,26,47,22
NE,2023,7,56,31,30,14
BUF,2023,7,66,42,13,8
CLE,2023,7,71,38,43,22
IND,2023,7,67,27,47,20
BAL,2023,7,54,28,18,10
DET,2023,7,73,59,3,2
DEN,2023,7,55,30,43,24
GB,2023,7,61,32,24,13
JAX,2023,7,53,30,18,9
NO,2023,7,88,57,18,10
LAC,2023,7,60,35,43,21
KC,2023,7,62,43,46,32
CHI,2023,7,67,31,29,12
LV,2023,7,61,47,15,10
PHI,2023,7,65,34,50,28
MIA,2023,7,48,36,29,19
PIT,2023,7,52,27,32,20
LA,2023,7,63,32,55,28
MIN,2023,7,64,44,38,26
SF,2023,7,51,30,14,8
NYG,2023,7,62,33,39,20
WAS,2023,7,67,48,29,20
TEN,2023,8,64,31,31,16
ATL,2023,8,65,40,22,14
ARI,2023,8,72,40,44,17
BAL,2023,8,59,31,43,29
CHI,2023,8,62,39,7,5
LAC,2023,8,65,40,19,11
SF,2023,8,56,33,38,17
CIN,2023,8,61,35,45,29
CLE,2023,8,74,35,31,15
SEA,2023,8,54,38,38,27
HOU,2023,8,57,27,47,22
CAR,2023,8,61,37,42,26
PIT,2023,8,63,45,36,22
JAX,2023,8,66,35,47,26
KC,2023,8,57,41,24,16
DEN,2023,8,65,25,32,10
DAL,2023,8,60,37,18,12
LA,2023,8,60,36,10,7
DET,2023,8,79,38,56,31
LV,2023,8,45,27,15,8
GB,2023,8,62,45,9,5
MIN,2023,8,67,38,38,22
NE,2023,8,50,32,23,13
MIA,2023,8,70,47,47,33
IND,2023,8,67,43,49,25
NO,2023,8,65,30,35,21
NYJ,2023,8,61,39,40,24
NYG,2023,8,70,18,51,15
WAS,2023,8,69,53,36,27
PHI,2023,8,60,40,28,18
TB,2023,8,62,45,24,17
BUF,2023,8,67,42,41,26
ARI,2023,9,48,27,14,8
CLE,2023,9,70,30,27,12
CIN,2023,9,64,45,36,25
BUF,2023,9,56,40,16,11
CHI,2023,9,64,32,50,20
NO,2023,9,61,35,41,26
DAL,2023,9,70,49,36,22
PHI,2023,9,59,26,50,23
CAR,2023,9,71,43,14,8
IND,2023,9,54,27,36,17
LAC,2023,9,55,35,14,8
NYJ,2023,9,77,57,15,9
LA,2023,9,55,29,43,18
GB,2023,9,65,29,42,20
KC,2023,9,53,32,34,20
MIA,2023,9,58,37,17,12
ATL,2023,9,66,38,42,29
MIN,2023,9,73,41,31,17
NYG,2023,9,63,38,25,12
LV,2023,9,59,25,21,7
SEA,2023,9,46,32,20,11
BAL,2023,9,72,33,32,14
HOU,2023,9,64,45,35,24
TB,2023,9,63,32,43,22
PIT,2023,9,59,30,40,23
TEN,2023,9,67,42,46,26
WAS,2023,9,76,48,56,38
NE,2023,9,62,44,36,24
ARI,2023,10,60,35,38,26
ATL,2023,10,65,25,42,17
CHI,2023,10,69,33,59,29
CAR,2023,10,57,41,37,25
CLE,2023,10,75,39,6,3
BAL,2023,10,50,26,9,6
BUF,2023,10,53,27,33,19
DEN,2023,10,69,33,50,22
LAC,2023,10,68,40,35,23
DET,2023,10,61,33,49,25
PIT,2023,10,60,24,42,19
GB,2023,10,64,40,38,22
CIN,2023,10,59,44,29,22
HOU,2023,10,74,40,49,28
NE,2023,10,68,32,47,18
IND,2023,10,53,28,41,23
MIN,2023,10,68,35,30,17
NO,2023,10,63,46,19,11
DAL,2023,10,76,44,29,15
NYG,2023,10,54,32,15,7
LV,2023,10,62,30,47,26
NYJ,2023,10,63,42,42,22
JAX,2023,10,54,37,6,5
SF,2023,10,57,30,23,14
TEN,2023,10,59,43,33,20
TB,2023,10,60,32,44,27
WAS,2023,10,61,47,43,34
SEA,2023,10,73,47,52,33
ARI,2023,11,59,33,25,13
HOU,2023,11,66,42,45,28
CHI,2023,11,70,25,52,22
DET,2023,11,59,38,38,22
BAL,2023,11,60,29,33,21
CIN,2023,11,59,36,32,23
DAL,2023,11,65,41,40,28
CAR,2023,11,58,36,15,8
GB,2023,11,70,43,55,34
LAC,2023,11,61,38,36,20
LV,2023,11,59,43,31,18
MIA,2023,11,67,40,56,35
MIN,2023,11,70,34,42,18
DEN,2023,11,52,37,27,21
NYG,2023,11,54,35,41,32
WAS,2023,11,77,49,40,22
BUF,2023,11,69,33,24,16
NYJ,2023,11,55,37,9,5
KC,2023,11,73,43,44,21
PHI,2023,11,51,27,23,12
CLE,2023,11,71,42,57,31
PIT,2023,11,56,31,34,18
LA,2023,11,58,32,12,6
SEA,2023,11,61,41,38,24
SF,2023,11,57,29,35,22
TB,2023,11,66,49,17,10
TEN,2023,11,36,19,20,9
JAX,2023,11,69,33,24,11
LAC,2023,12,66,47,26,14
BAL,2023,12,67,34,44,23
BUF,2023,12,91,52,57,33
PHI,2023,12,64,33,25,12
TEN,2023,12,49,28,29,17
CAR,2023,12,67,35,33,17
CHI,2023,12,65,40,47,30
MIN,2023,12,51,34,35,24
CLE,2023,12,70,47,16,11
DEN,2023,12,58,23,34,11
GB,2023,12,54,33,15,9
DET,2023,12,79,48,7,3
HOU,2023,12,58,40,33,20
JAX,2023,12,68,39,53,30
LV,2023,12,58,35,41,21
KC,2023,12,56,35,31,21
LA,2023,12,66,33,36,22
ARI,2023,12,66,50,23,14
NYJ,2023,12,55,45,12,7
MIA,2023,12,67,31,33,19
NYG,2023,12,49,31,38,24
NE,2023,12,68,37,51,30
NO,2023,12,66,39,40,20
ATL,2023,12,61,21,43,17
PIT,2023,12,65,35,50,27
CIN,2023,12,40,30,31,21
SF,2023,12,63,32,25,13
SEA,2023,12,54,33,6,4
TB,2023,12,56,37,24,14
IND,2023,12,69,43,43,30
WAS,2023,12,75,48,22,15
DAL,2023,12,51,33,26,18
PIT,2023,13,57,27,36,13
ARI,2023,13,60,25,41,21
ATL,2023,13,63,30,49,24
NYJ,2023,13,67,42,45,26
TB,2023,13,56,30,43,25
CAR,2023,13,70,35,54,28
CIN,2023,13,72,41,43,26
JAX,2023,13,68,43,45,26
CLE,2023,13,69,46,49,33
LA,2023,13,61,37,47,32
HOU,2023,13,63,34,25,13
DEN,2023,13,58,29,7,4
DET,2023,13,55,27,16,5
NO,2023,13,66,31,1,1
TEN,2023,13,80,39,47,20
IND,2023,13,68,46,46,29
GB,2023,13,63,38,28,16
KC,2023,13,61,36,13,7
NE,2023,13,62,30,49,22
LAC,2023,13,59,37,44,30
WAS,2023,13,55,27,11,7
MIA,2023,13,59,25,10,7
DAL,2023,13,78,46,48,30
SEA,2023,13,63,41,34,21
PHI,2023,13,70,52,31,23
SF,2023,13,56,29,27,16
KC,2023,14,62,44,21,14
BUF,2023,14,70,44,45,28
CAR,2023,14,79,40,26,9
NO,2023,14,50,27,25,11
LAC,2023,14,67,48,34,25
DEN,2023,14,63,35,34,22
CHI,2023,14,65,37,45,28
DET,2023,14,63,39,28,15
GB,2023,14,67,41,40,24
NYG,2023,14,54,21,41,15
HOU,2023,14,52,33,31,17
NYJ,2023,14,65,40,41,27
IND,2023,14,60,43,24,20
CIN,2023,14,57,25,39,20
CLE,2023,14,71,46,46,32
JAX,2023,14,74,55,30,23
BAL,2023,14,71,46,44,27
LA,2023,14,73,44,52,28
LV,2023,14,53,36,42,28
MIN,2023,14,71,41,45,24
NE,2023,14,55,30,18,12
PIT,2023,14,66,39,14,6
DAL,2023,14,74,42,34,17
PHI,2023,14,52,29,8,4
SF,2023,14,52,30,36,24
SEA,2023,14,56,36,38,21
TB,2023,14,67,30,43,19
ATL,2023,14,69,43,43,29
TEN,2023,14,68,40,50,26
MIA,2023,14,69,38,44,23
ATL,2023,15,50,20,39,15
CAR,2023,15,60,27,44,21
JAX,2023,15,61,44,32,20
BAL,2023,15,69,27,40,20
CLE,2023,15,67,49,38,27
CHI,2023,15,70,43,43,28
BUF,2023,15,62,16,26,10
DAL,2023,15,57,37,11,6
DET,2023,15,64,36,28,21
DEN,2023,15,61,34,16,9
HOU,2023,15,72,40,17,12
TEN,2023,15,63,33,25,12
NE,2023,15,51,35,30,22
KC,2023,15,58,41,35,27
LAC,2023,15,63,35,7,5
LV,2023,15,63,37,16,10
CIN,2023,15,67,47,27,18
MIN,2023,15,67,37,42,23
NYG,2023,15,60,44,34,23
NO,2023,15,55,30,35,21
MIA,2023,15,55,29,16,9
NYJ,2023,15,55,43,11,7
PHI,2023,15,69,31,55,25
SEA,2023,15,58,35,26,14
PIT,2023,15,54,30,30,15
IND,2023,15,64,31,32,21
ARI,2023,15,73,43,30,12
SF,2023,15,51,27,21,12
TB,2023,15,58,33,46,30
GB,2023,15,57,41,28,17
WAS,2023,15,58,37,19,11
LA,2023,15,74,36,32,15
CHI,2023,16,67,28,21,9
ARI,2023,16,60,40,12,6
BAL,2023,16,62,37,41,30
SF,2023,16,68,50,24,16
BUF,2023,16,52,22,30,13
LAC,2023,16,65,38,41,19
CIN,2023,16,62,46,16,12
PIT,2023,16,58,28,12,5
CLE,2023,16,77,46,26,17
HOU,2023,16,68,52,19,10
DAL,2023,16,60,36,29,14
MIA,2023,16,62,38,50,31
DET,2023,16,75,41,57,32
MIN,2023,16,50,39,27,18
CAR,2023,16,63,37,17,10
GB,2023,16,63,29,42,17
IND,2023,16,67,43,34,20
ATL,2023,16,63,33,39,24
TB,2023,16,70,37,24,12
JAX,2023,16,63,50,7,4
KC,2023,16,74,49,23,13
LV,2023,16,50,23,26,16
NE,2023,16,55,34,41,25
DEN,2023,16,66,43,37,22
NO,2023,16,58,43,22,16
LA,2023,16,66,35,28,17
NYG,2023,16,58,31,16,10
PHI,2023,16,74,39,23,13
TEN,2023,16,63,32,43,21
SEA,2023,16,59,39,40,25
WAS,2023,16,58,36,5,4
NYJ,2023,16,85,49,7,6
PHI,2023,17,47,24,16,5
ARI,2023,17,72,32,21,12
ATL,2023,17,59,35,17,7
CHI,2023,17,72,35,30,15
JAX,2023,17,58,27,33,21
CAR,2023,17,53,38,19,14
CIN,2023,17,71,39,56,25
KC,2023,17,51,31,30,21
DET,2023,17,65,34,48,20
DAL,2023,17,61,41,42,29
GB,2023,17,71,34,26,14
MIN,2023,17,51,36,5,2
LAC,2023,17,62,38,28,16
DEN,2023,17,65,34,43,23
LA,2023,17,60,38,44,31
NYG,2023,17,67,47,35,25
IND,2023,17,52,24,35,22
LV,2023,17,74,49,29,18
MIA,2023,17,67,42,29,19
BAL,2023,17,53,23,22,12
BUF,2023,17,66,31,44,23
NE,2023,17,52,29,25,15
NO,2023,17,67,35,32,17
TB,2023,17,50,36,15,8
CLE,2023,17,58,30,18,11
NYJ,2023,17,68,47,9,3
PIT,2023,17,70,25,49,18
SEA,2023,17,49,34,35,22
SF,2023,17,66,29,45,20
WAS,2023,17,43,29,16,11
TEN,2023,17,53,32,12,6
HOU,2023,17,61,33,25,15
NO,2023,18,66,31,47,23
ATL,2023,18,60,35,30,19
MIA,2023,18,48,28,35,18
BUF,2023,18,75,41,56,33
CHI,2023,18,46,21,24,12
GB,2023,18,58,33,38,24
CLE,2023,18,52,29,9,5
CIN,2023,18,61,31,16,7
WAS,2023,18,48,32,33,23
DAL,2023,18,69,40,35,21
DEN,2023,18,58,39,28,20
LV,2023,18,63,34,37,23
IND,2023,18,63,26,39,17
HOU,2023,18,56,28,33,15
JAX,2023,18,66,43,23,13
TEN,2023,18,52,29,26,14
KC,2023,18,58,31,44,27
LAC,2023,18,80,50,51,29
SF,2023,18,57,28,48,22
LA,2023,18,62,27,21,12
DET,2023,18,56,33,25,15
MIN,2023,18,70,48,17,10
NE,2023,18,58,37,40,25
NYJ,2023,18,64,21,48,16
NYG,2023,18,66,36,24,13
PHI,2023,18,65,41,19,12
PIT,2023,18,61,23,49,20
BAL,2023,18,56,32,34,19
ARI,2023,18,69,31,40,18
SEA,2023,18,54,29,46,22
TB,2023,18,61,35,44,30
CAR,2023,18,50,21,42,18
ARI,2024,1,60,35,45,24
BUF,2024,1,57,25,22,12
BAL,2024,1,74,42,37,19
KC,2024,1,49,30,27,20
NO,2024,1,62,25,8,4
CAR,2024,1,55,35,1,1
DAL,2024,1,59,35,31,18
CLE,2024,1,70,51,14,10
SEA,2024,1,58,28,45,22
DEN,2024,1,69,44,51,30
GB,2024,1,59,37,46,29
PHI,2024,1,73,35,52,27
IND,2024,1,44,21,28,13
HOU,2024,1,75,36,50,28
MIA,2024,1,65,40,21,15
JAX,2024,1,50,24,30,15
LA,2024,1,74,51,41,30
DET,2024,1,61,30,36,17
LAC,2024,1,52,27,39,22
LV,2024,1,59,37,43,23
NYG,2024,1,68,47,19,11
MIN,2024,1,50,25,19,11
CIN,2024,1,48,32,22,15
NE,2024,1,61,25,35,16
NYJ,2024,1,50,31,22,12
SF,2024,1,69,32,37,18
ATL,2024,1,49,27,40,20
PIT,2024,1,66,25,44,20
TEN,2024,1,61,35,23,13
CHI,2024,1,52,32,23,13
TB,2024,1,59,31,34,19
WAS,2024,1,56,27,12,5
PHI,2024,2,68,31,40,20
ATL,2024,2,57,31,47,23
MIA,2024,2,75,41,22,11
BUF,2024,2,42,19,23,13
HOU,2024,2,60,39,41,30
CHI,2024,2,66,44,30,20
CIN,2024,2,61,39,44,27
KC,2024,2,60,28,48,21
JAX,2024,2,54,33,8,5
CLE,2024,2,65,36,36,17
GB,2024,2,67,14,18,2
IND,2024,2,52,34,3,2
LAC,2024,2,62,21,29,10
CAR,2024,2,46,28,12,7
LA,2024,2,52,32,7,4
ARI,2024,2,62,22,7,4
LV,2024,2,59,43,25,19
BAL,2024,2,61,34,42,25
NO,2024,2,53,17,8,4
DAL,2024,2,65,44,12,7
WAS,2024,2,67,34,53,25
NYG,2024,2,53,31,36,21
TEN,2024,2,60,32,41,22
NYJ,2024,2,55,32,43,26
DEN,2024,2,56,37,20,13
PIT,2024,2,58,22,32,14
NE,2024,2,66,30,49,25
SEA,2024,2,64,46,44,31
SF,2024,2,67,42,29,18
MIN,2024,2,51,29,29,19
TB,2024,2,46,24,35,19
DET,2024,2,82,55,55,36
DAL,2024,3,72,56,13,8
BAL,2024,3,58,15,12,2
CAR,2024,3,69,40,37,24
LV,2024,3,60,44,24,12
CHI,2024,3,84,56,57,34
IND,2024,3,51,21,41,19
DEN,2024,3,63,36,13,5
TB,2024,3,56,40,8,5
DET,2024,3,66,25,34,13
ARI,2024,3,53,35,15,7
GB,2024,3,59,22,16,6
TEN,2024,3,53,42,11,8
HOU,2024,3,62,48,13,8
MIN,2024,3,59,32,12,8
BUF,2024,3,59,31,21,14
JAX,2024,3,68,51,3,3
ATL,2024,3,55,31,25,14
KC,2024,3,69,39,63,36
LAC,2024,3,45,25,36,20
PIT,2024,3,63,34,48,29
SEA,2024,3,58,37,12,7
MIA,2024,3,56,38,4,2
NYJ,2024,3,70,37,28,15
NE,2024,3,48,33,9,7
CLE,2024,3,63,46,21,15
NYG,2024,3,66,37,37,21
NO,2024,3,55,27,35,16
PHI,2024,3,65,42,49,31
SF,2024,3,65,31,43,21
LA,2024,3,55,29,10,7
CIN,2024,3,61,41,26,16
WAS,2024,3,55,25,23,9
BUF,2024,4,57,34,17,9
BAL,2024,4,54,20,10,4
CAR,2024,4,69,41,40,21
CIN,2024,4,62,31,33,22
CLE,2024,4,57,35,36,20
LV,2024,4,53,26,27,16
DAL,2024,4,50,28,35,23
NYG,2024,4,64,41,31,19
NYJ,2024,4,70,47,50,30
DEN,2024,4,54,25,41,22
JAX,2024,4,57,34,45,27
HOU,2024,4,68,42,45,27
KC,2024,4,55,32,23,17
LAC,2024,4,53,29,32,14
CHI,2024,4,52,26,38,21
LA,2024,4,58,33,41,23
MIN,2024,4,61,30,14,7
GB,2024,4,75,56,9,4
NE,2024,4,62,38,13,6
SF,2024,4,59,28,18,7
ATL,2024,4,51,36,37,27
NO,2024,4,70,37,49,25
TB,2024,4,73,49,15,13
PHI,2024,4,55,36,3,2
IND,2024,4,63,32,24,11
PIT,2024,4,67,37,8,4
DET,2024,4,48,22,32,15
SEA,2024,4,79,60,9,8
TEN,2024,4,61,21,42,19
MIA,2024,4,55,25,33,13
ARI,2024,4,58,26,30,15
WAS,2024,4,68,31,34,13
SF,2024,5,63,37,31,18
ARI,2024,5,56,31,18,12
BAL,2024,5,76,43,36,18
CIN,2024,5,66,42,51,34
BUF,2024,5,59,31,17,8
HOU,2024,5,67,39,14,8
CAR,2024,5,58,39,19,10
CHI,2024,5,67,31,35,12
CLE,2024,5,59,36,22,15
WAS,2024,5,65,31,35,18
DAL,2024,5,75,44,51,33
PIT,2024,5,57,31,40,21
GB,2024,5,56,28,38,20
LA,2024,5,77,48,46,23
IND,2024,5,68,49,39,28
JAX,2024,5,57,34,38,22
LV,2024,5,66,40,37,16
DEN,2024,5,54,29,28,17
MIA,2024,5,76,35,57,31
NE,2024,5,54,35,35,20
NO,2024,5,51,36,15,10
KC,2024,5,77,41,44,28
SEA,2024,5,58,47,29,23
NYG,2024,5,70,37,55,29
NYJ,2024,5,71,57,9,7
MIN,2024,5,64,36,18,9
ATL,2024,5,79,61,54,43
TB,2024,5,50,25,35,20
GB,2024,6,68,32,21,12
ARI,2024,6,55,32,8,4
CAR,2024,6,62,38,29,16
ATL,2024,6,65,30,51,28
NYJ,2024,6,59,38,42,24
BUF,2024,6,57,27,43,21
CIN,2024,6,50,32,40,27
NYG,2024,6,71,41,47,26
PHI,2024,6,58,26,47,21
CLE,2024,6,53,28,29,14
DAL,2024,6,65,48,20,13
DET,2024,6,64,30,19,9
HOU,2024,6,61,34,21,10
NE,2024,6,63,37,5,2
IND,2024,6,66,38,44,27
TEN,2024,6,55,27,40,17
CHI,2024,6,58,32,31,16
JAX,2024,6,60,41,24,13
DEN,2024,6,54,36,6,3
LAC,2024,6,72,37,14,11
PIT,2024,6,61,28,38,19
LV,2024,6,61,42,31,18
SEA,2024,6,72,52,15,7
SF,2024,6,61,28,19,10
TB,2024,6,73,38,41,27
NO,2024,6,66,45,36,22
BAL,2024,6,63,28,50,25
WAS,2024,6,56,38,37,26
TB,2024,7,79,50,33,16
BAL,2024,7,54,24,23,15
CAR,2024,7,42,20,11,6
WAS,2024,7,61,26,10,2
CLE,2024,7,77,57,43,27
CIN,2024,7,50,28,29,20
DEN,2024,7,59,26,31,14
NO,2024,7,65,45,11,8
DET,2024,7,54,29,30,17
MIN,2024,7,53,32,19,9
GB,2024,7,56,36,44,24
HOU,2024,7,58,25,41,21
SF,2024,7,57,33,20,9
KC,2024,7,66,29,43,21
ARI,2024,7,53,26,41,19
LAC,2024,7,63,41,44,28
LV,2024,7,75,46,33,23
LA,2024,7,50,24,24,11
IND,2024,7,60,24,39,17
MIA,2024,7,67,27,54,18
NE,2024,7,55,40,28,17
JAX,2024,7,60,21,11,5
PIT,2024,7,66,30,34,17
NYJ,2024,7,56,41,32,24
NYG,2024,7,54,36,20,15
PHI,2024,7,64,20,26,12
SEA,2024,7,56,30,42,25
ATL,2024,7,70,39,19,12
BUF,2024,7,54,34,36,21
TEN,2024,7,66,42,48,28
MIA,2024,8,64,39,49,31
ARI,2024,8,62,36,21,12
TB,2024,8,70,49,47,28
ATL,2024,8,60,31,46,29
BAL,2024,8,60,39,38,25
CLE,2024,8,67,44,47,29
SEA,2024,8,46,30,22,13
BUF,2024,8,66,35,35,23
DEN,2024,8,71,41,36,24
CAR,2024,8,60,40,22,12
CHI,2024,8,61,28,18,8
WAS,2024,8,72,40,31,16
DAL,2024,8,58,40,34,22
SF,2024,8,63,28,40,21
GB,2024,8,64,28,49,23
JAX,2024,8,56,33,30,15
HOU,2024,8,68,39,52,35
IND,2024,8,61,36,32,19
KC,2024,8,64,38,44,28
LV,2024,8,53,33,40,20
MIN,2024,8,49,28,39,21
LA,2024,8,63,34,47,28
LAC,2024,8,63,35,42,22
NO,2024,8,68,47,35,23
PIT,2024,8,61,31,45,25
NYG,2024,8,68,43,42,23
NE,2024,8,64,33,38,16
NYJ,2024,8,58,30,41,21
CIN,2024,8,57,38,50,34
PHI,2024,8,59,20,40,16
DET,2024,8,47,23,17,11
TEN,2024,8,71,39,20,12
ARI,2024,9,57,23,30,14
CHI,2024,9,69,47,28,18
ATL,2024,9,54,27,34,19
DAL,2024,9,74,53,24,18
DEN,2024,9,67,38,20,11
BAL,2024,9,53,20,23,13
GB,2024,9,63,40,27,14
DET,2024,9,52,23,26,13
HOU,2024,9,74,39,49,22
NYJ,2024,9,54,34,43,27
IND,2024,9,48,30,29,17
MIN,2024,9,70,39,55,34
PHI,2024,9,73,28,34,14
JAX,2024,9,52,35,11,6
LAC,2024,9,54,33,19,12
CLE,2024,9,76,52,21,13
SEA,2024,9,73,41,40,20
LA,2024,9,68,44,41,29
LV,2024,9,59,38,27,15
CIN,2024,9,69,40,38,25
BUF,2024,9,59,40,42,26
MIA,2024,9,59,29,41,19
TEN,2024,9,73,34,48,25
NE,2024,9,64,44,38,23
NO,2024,9,75,34,53,23
CAR,2024,9,49,28,37,20
KC,2024,9,83,48,50,31
TB,2024,9,52,33,36,22
NYG,2024,9,61,30,28,7
WAS,2024,9,57,22,29,11
ATL,2024,10,73,41,14,7
NO,2024,10,51,25,38,19
BUF,2024,10,69,39,49,31
IND,2024,10,61,39,43,24
CIN,2024,10,76,60,50,37
BAL,2024,10,58,33,25,16
DEN,2024,10,55,32,40,26
KC,2024,10,65,46,39,26
DET,2024,10,63,30,10,6
HOU,2024,10,65,37,26,14
MIA,2024,10,52,31,29,17
LA,2024,10,67,49,28,16
JAX,2024,10,43,25,34,18
MIN,2024,10,80,39,55,31
NE,2024,10,60,26,33,16
CHI,2024,10,59,39,29,15
CAR,2024,10,58,26,30,12
NYG,2024,10,71,38,8,5
ARI,2024,10,56,25,15,7
NYJ,2024,10,55,38,10,5
DAL,2024,10,56,32,31,14
PHI,2024,10,64,27,30,18
PIT,2024,10,72,32,40,21
WAS,2024,10,59,37,49,29
SF,2024,10,59,38,41,24
TB,2024,10,58,31,28,15
LAC,2024,10,55,18,41,17
TEN,2024,10,51,30,32,17
DEN,2024,11,60,34,21,12
ATL,2024,11,55,34,18,11
BAL,2024,11,54,36,41,24
PIT,2024,11,72,40,51,31
CIN,2024,11,78,53,23,15
LAC,2024,11,62,37,17,9
CLE,2024,11,71,51,21,12
NO,2024,11,56,30,30,17
GB,2024,11,43,18,32,15
CHI,2024,11,69,35,51,23
HOU,2024,11,60,35,44,28
DAL,2024,11,79,61,31,22
NYJ,2024,11,52,32,19,10
IND,2024,11,69,33,41,18
JAX,2024,11,47,30,11,5
DET,2024,11,74,33,22,11
KC,2024,11,52,35,37,23
BUF,2024,11,69,40,53,32
NE,2024,11,72,42,34,22
LA,2024,11,48,27,31,17
MIA,2024,11,63,37,49,30
LV,2024,11,63,46,32,18
TEN,2024,11,55,36,21,10
MIN,2024,11,66,34,29,16
SF,2024,11,57,30,42,22
SEA,2024,11,59,36,38,25
PHI,2024,11,69,30,56,28
WAS,2024,11,64,36,38,18
ARI,2024,12,56,42,35,24
SEA,2024,12,59,36,36,23
LAC,2024,12,60,40,43,26
BAL,2024,12,59,24,33,16
DAL,2024,12,61,33,43,24
WAS,2024,12,67,41,46,25
LV,2024,12,73,57,43,29
DEN,2024,12,65,43,47,30
IND,2024,12,48,28,24,11
DET,2024,12,71,39,25,11
KC,2024,12,68,42,50,31
CAR,2024,12,59,37,17,12
CHI,2024,12,74,52,47,30
MIN,2024,12,65,38,41,23
NE,2024,12,63,43,17,7
MIA,2024,12,63,42,21,14
LA,2024,12,60,42,24,14
PHI,2024,12,66,23,49,19
PIT,2024,12,68,34,48,22
CLE,2024,12,57,30,33,16
GB,2024,12,67,25,21,8
SF,2024,12,46,31,3,2
TB,2024,12,62,30,23,13
NYG,2024,12,55,36,8,3
HOU,2024,12,54,37,22,15
TEN,2024,12,64,33,53,27
ARI,2024,13,76,45,55,32
MIN,2024,13,50,36,28,18
DET,2024,13,69,36,24,11
CHI,2024,13,59,44,3,2
DEN,2024,13,59,35,48,29
CLE,2024,13,85,62,50,31
JAX,2024,13,69,44,39,21
HOU,2024,13,58,36,45,30
NE,2024,13,66,35,50,27
IND,2024,13,58,24,35,11
ATL,2024,13,77,40,53,26
LAC,2024,13,44,30,37,25
NO,2024,13,69,38,48,29
LA,2024,13,53,26,43,20
KC,2024,13,65,50,43,32
LV,2024,13,62,37,34,18
GB,2024,13,53,28,18,7
MIA,2024,13,67,53,5,2
DAL,2024,13,66,36,43,27
NYG,2024,13,59,38,36,20
PHI,2024,13,52,21,22,13
BAL,2024,13,71,39,46,22
CIN,2024,13,57,42,37,23
PIT,2024,13,64,40,48,33
SEA,2024,13,56,34,30,21
NYJ,2024,13,62,41,35,21
BUF,2024,13,53,18,17,5
SF,2024,13,46,19,16,5
CAR,2024,13,68,47,52,35
TB,2024,13,76,38,45,25
TEN,2024,13,51,40,8,5
WAS,2024,13,76,32,14,5
ATL,2024,14,71,38,50,25
MIN,2024,14,53,32,34,21
LA,2024,14,72,30,33,11
BUF,2024,14,54,37,13,9
CAR,2024,14,68,35,45,19
PHI,2024,14,56,25,42,18
SF,2024,14,60,27,16,9
CHI,2024,14,53,32,8,6
CIN,2024,14,63,46,41,31
DAL,2024,14,59,34,47,25
PIT,2024,14,60,27,41,21
CLE,2024,14,69,44,37,22
DET,2024,14,76,42,56,32
GB,2024,14,44,21,18,10
TEN,2024,14,62,34,43,24
JAX,2024,14,57,32,42,27
KC,2024,14,63,40,48,35
LAC,2024,14,57,33,26,17
TB,2024,14,59,33,35,21
LV,2024,14,63,39,28,13
NO,2024,14,65,33,53,29
NYG,2024,14,74,51,36,23
MIA,2024,14,66,47,35,21
NYJ,2024,14,63,42,46,30
ARI,2024,14,63,40,14,8
SEA,2024,14,61,30,27,14
LV,2024,15,64,42,32,14
ATL,2024,15,57,20,32,13
BAL,2024,15,58,28,28,16
NYG,2024,15,59,40,15,8
DET,2024,15,75,60,14,12
BUF,2024,15,67,34,38,20
CHI,2024,15,63,35,12,5
MIN,2024,15,71,42,8,4
CIN,2024,15,63,37,39,27
TEN,2024,15,64,38,25,10
DAL,2024,15,68,29,31,15
CAR,2024,15,50,34,22,11
GB,2024,15,61,27,18,6
SEA,2024,15,56,40,4,3
IND,2024,15,72,40,47,21
DEN,2024,15,58,34,32,20
KC,2024,15,73,40,30,16
CLE,2024,15,59,39,21,13
SF,2024,15,53,34,40,26
LA,2024,15,65,27,46,19
MIA,2024,15,62,43,34,22
HOU,2024,15,46,30,31,22
NE,2024,15,49,25,9,6
ARI,2024,15,63,32,20,12
JAX,2024,15,78,49,53,31
NYJ,2024,15,54,32,35,18
PIT,2024,15,41,24,23,16
PHI,2024,15,74,35,54,28
TB,2024,15,67,28,46,24
LAC,2024,15,48,37,35,25
NO,2024,15,51,35,11,5
WAS,2024,15,74,39,30,18
ARI,2024,16,64,35,21,11
CAR,2024,16,64,29,38,13
CLE,2024,16,63,39,14,6
CIN,2024,16,55,34,27,18
LAC,2024,16,60,34,21,8
DEN,2024,16,63,42,31,19
CHI,2024,16,59,42,5,3
DET,2024,16,64,33,15,7
HOU,2024,16,58,41,42,30
KC,2024,16,68,42,50,32
JAX,2024,16,61,40,50,30
LV,2024,16,65,41,46,29
LA,2024,16,47,19,32,12
NYJ,2024,16,63,43,46,28
MIN,2024,16,59,38,46,29
SEA,2024,16,60,45,30,23
NE,2024,16,68,38,48,25
BUF,2024,16,58,30,37,23
GB,2024,16,67,30,27,13
NO,2024,16,53,33,6,2
ATL,2024,16,63,27,28,13
NYG,2024,16,55,42,27,18
WAS,2024,16,64,39,9,5
PHI,2024,16,71,32,33,12
BAL,2024,16,59,24,47,22
PIT,2024,16,59,35,37,21
SF,2024,16,59,41,37,25
MIA,2024,16,63,34,49,30
DAL,2024,16,53,36,32,23
TB,2024,16,70,47,15,9
TEN,2024,16,58,36,23,14
IND,2024,16,62,12,29,7
LA,2024,17,53,32,36,23
ARI,2024,17,74,52,42,29
ATL,2024,17,60,37,39,21
WAS,2024,17,76,41,33,20
BAL,2024,17,61,18,14,4
HOU,2024,17,54,37,6,3
TB,2024,17,71,34,30,14
CAR,2024,17,46,33,12,8
DAL,2024,17,60,30,29,13
PHI,2024,17,59,19,26,13
DEN,2024,17,60,33,36,18
CIN,2024,17,83,56,50,32
SF,2024,17,59,41,32,16
DET,2024,17,67,37,23,13
GB,2024,17,58,34,26,12
MIN,2024,17,67,44,34,23
IND,2024,17,74,41,22,11
NYG,2024,17,49,23,13,5
PIT,2024,17,73,42,20,10
KC,2024,17,59,39,42,30
LAC,2024,17,77,40,28,17
NE,2024,17,48,28,6,3
LV,2024,17,72,36,56,29
NO,2024,17,53,40,31,22
MIA,2024,17,55,29,33,20
CLE,2024,17,76,48,34,18
BUF,2024,17,60,28,28,15
NYJ,2024,17,59,38,19,9
SEA,2024,17,50,26,43,22
CHI,2024,17,58,35,37,22
JAX,2024,17,56,24,28,11
TEN,2024,17,64,34,19,8
NE,2024,18,58,31,40,23
BUF,2024,18,65,32,49,21
ATL,2024,18,77,39,56,28
CAR,2024,18,64,35,42,23
GB,2024,18,62,29,42,17
CHI,2024,18,56,30,35,19
CIN,2024,18,70,50,48,36
PIT,2024,18,58,35,16,10
CLE,2024,18,54,36,16,7
BAL,2024,18,66,31,19,8
HOU,2024,18,57,29,18,11
TEN,2024,18,61,29,8,3
IND,2024,18,77,43,54,32
JAX,2024,18,66,34,42,22
DEN,2024,18,71,29,16,8
KC,2024,18,33,22,3,1
LV,2024,18,47,36,22,14
LAC,2024,18,71,37,56,34
MIA,2024,18,68,45,27,16
NYJ,2024,18,63,40,33,22
DET,2024,18,66,35,47,27
MIN,2024,18,61,43,44,30
NO,2024,18,63,44,51,33
TB,2024,18,63,33,20,14
NYG,2024,18,54,29,28,12
PHI,2024,18,67,43,38,26
LA,2024,18,66,45,30,18
SEA,2024,18,53,30,41,23
SF,2024,18,71,44,42,27
ARI,2024,18,63,35,50,32
WAS,2024,18,54,37,32,22
DAL,2024,18,75,36,60,31
ARI,2025,1,61,34,37,22
NO,2025,1,67,45,28,15
BUF,2025,1,77,49,13,7
BAL,2025,1,50,21,32,14
JAX,2025,1,60,30,27,14
CAR,2025,1,60,36,23,12
CIN,2025,1,49,26,37,20
CLE,2025,1,71,47,48,29
DAL,2025,1,55,33,43,22
PHI,2025,1,59,24,42,17
GB,2025,1,46,22,20,14
DET,2025,1,64,43,3,2
HOU,2025,1,57,30,44,22
LA,2025,1,55,32,38,21
KC,2025,1,58,41,23,13
LAC,2025,1,59,37,44,27
LV,2025,1,60,37,43,31
NE,2025,1,68,50,51,34
IND,2025,1,70,30,22,11
MIA,2025,1,47,35,5,3
MIN,2025,1,51,25,22,11
CHI,2025,1,63,37,34,19
WAS,2025,1,62,33,25,13
NYG,2025,1,62,39,21,13
NYJ,2025,1,64,24,44,15
PIT,2025,1,53,34,25,16
SEA,2025,1,49,23,33,14
SF,2025,1,70,36,51,24
ATL,2025,1,70,43,45,29
TB,2025,1,55,33,42,23
TEN,2025,1,55,34,37,20
DEN,2025,1,69,41,51,34
ATL,2025,2,62,24,42,20
MIN,2025,2,46,27,38,21
NYJ,2025,2,47,26,4,1
BUF,2025,2,67,28,17,6
CAR,2025,2,78,58,17,12
ARI,2025,2,47,26,20,10
DET,2025,2,58,28,35,21
CHI,2025,2,64,37,25,14
CLE,2025,2,72,50,17,11
BAL,2025,2,50,32,27,18
IND,2025,2,67,35,33,17
DEN,2025,2,54,30,42,25
JAX,2025,2,70,43,48,29
CIN,2025,2,65,48,44,31
LV,2025,2,65,46,29,17
LAC,2025,2,53,29,22,14
TEN,2025,2,64,38,48,24
LA,2025,2,57,34,40,26
NE,2025,2,53,26,44,21
MIA,2025,2,52,37,17,10
NYG,2025,2,65,44,45,30
DAL,2025,2,83,55,38,26
PHI,2025,2,56,24,37,20
KC,2025,2,57,31,44,22
SEA,2025,2,64,35,49,29
PIT,2025,2,59,38,41,23
NO,2025,2,67,37,17,10
SF,2025,2,64,41,42,26
HOU,2025,2,46,28,32,19
TB,2025,2,73,43,51,28
GB,2025,2,61,33,29,16
WAS,2025,2,65,46,12,9
ARI,2025,3,64,36,50,30
SF,2025,3,60,41,40,28
ATL,2025,3,66,43,23,16
CAR,2025,3,54,25,23,14
MIN,2025,3,58,27,9,5
CIN,2025,3,52,31,8,4
CHI,2025,3,55,28,23,13
DAL,2025,3,68,48,16,9
LAC,2025,3,80,52,57,36
DEN,2025,3,47,27,29,14
DET,2025,3,65,28,51,23
BAL,2025,3,55,36,35,22
CLE,2025,3,56,37,29,19
GB,2025,3,60,30,44,22
HOU,2025,3,57,39,37,24
JAX,2025,3,65,42,45,30
TEN,2025,3,65,42,10,7
IND,2025,3,50,25,17,10
NYG,2025,3,61,34,29,13
KC,2025,3,64,39,46,30
LA,2025,3,65,34,38,18
PHI,2025,3,63,37,18,9
WAS,2025,3,53,21,29,12
LV,2025,3,64,35,26,12
MIA,2025,3,59,34,42,24
BUF,2025,3,57,30,43,25
NO,2025,3,70,43,9,4
SEA,2025,3,53,21,6,3
NYJ,2025,3,61,39,30,17
TB,2025,3,63,30,28,15
NE,2025,3,71,42,45,24
PIT,2025,3,46,23,32,16
BAL,2025,4,53,36,23,15
KC,2025,4,68,38,32,21
CAR,2025,4,65,37,19,11
NE,2025,4,45,19,9,3
CHI,2025,4,64,39,39,24
LV,2025,4,51,20,38,15
CIN,2025,4,42,28,20,12
DEN,2025,4,77,42,20,11
DET,2025,4,54,27,23,13
CLE,2025,4,64,38,26,14
GB,2025,4,78,44,38,22
DAL,2025,4,67,41,26,16
IND,2025,4,55,35,37,24
LA,2025,4,67,43,52,32
SF,2025,4,64,40,25,13
JAX,2025,4,60,31,35,17
LAC,2025,4,57,43,25,17
NYG,2025,4,70,27,49,21
PIT,2025,4,51,24,13,10
MIN,2025,4,72,52,15,9
BUF,2025,4,54,25,38,17
NO,2025,4,66,31,37,13
MIA,2025,4,56,25,37,18
NYJ,2025,4,58,29,12,1
TB,2025,4,67,41,8,6
PHI,2025,4,58,26,8,6
ARI,2025,4,64,47,28,20
SEA,2025,4,64,29,30,12
TEN,2025,4,45,27,31,18
HOU,2025,4,66,31,51,24
ATL,2025,4,61,27,38,20
WAS,2025,4,51,29,16,11
NYJ,2025,5,73,52,28,15
DAL,2025,5,56,30,29,17
DEN,2025,5,71,42,32,22
PHI,2025,5,54,44,34,26
DET,2025,5,59,28,25,12
CIN,2025,5,58,42,10,8
HOU,2025,5,64,33,25,13
BAL,2025,5,40,21,14,7
JAX,2025,5,54,28,25,12
KC,2025,5,63,41,42,29
IND,2025,5,61,35,20,13
LV,2025,5,65,40,19,11
MIA,2025,5,53,39,33,21
CAR,2025,5,62,32,19,11
CLE,2025,5,66,34,52,26
MIN,2025,5,60,38,37,20
NE,2025,5,56,34,42,26
BUF,2025,5,61,32,43,22
NO,2025,5,61,32,37,23
NYG,2025,5,69,40,42,20
SF,2025,5,82,49,41,23
LA,2025,5,63,47,6,3
TB,2025,5,58,35,45,26
SEA,2025,5,54,34,25,14
ARI,2025,5,64,35,15,7
TEN,2025,5,61,41,11,3
LAC,2025,5,63,37,26,13
WAS,2025,5,54,26,23,17
IND,2025,6,56,31,41,24
ARI,2025,6,70,46,52,33
ATL,2025,6,65,34,25,12
BUF,2025,6,54,30,24,13
CHI,2025,6,59,33,45,26
WAS,2025,6,59,29,34,18
GB,2025,6,59,27,41,16
CIN,2025,6,61,45,11,6
PIT,2025,6,55,30,42,25
CLE,2025,6,75,58,18,10
DAL,2025,6,52,34,40,25
CAR,2025,6,62,26,42,17
DEN,2025,6,55,31,38,22
NYJ,2025,6,57,26,43,20
DET,2025,6,53,30,31,12
KC,2025,6,58,33,34,22
MIA,2025,6,56,35,30,20
LAC,2025,6,64,39,47,31
BAL,2025,6,74,37,37,13
LA,2025,6,49,28,36,26
NO,2025,6,51,28,21,13
NE,2025,6,56,27,36,17
PHI,2025,6,56,36,30,15
NYG,2025,6,64,28,40,18
JAX,2025,6,68,49,36,24
SEA,2025,6,51,28,32,18
TB,2025,6,50,24,36,19
SF,2025,6,67,45,47,29
TEN,2025,6,58,43,17,11
LV,2025,6,54,25,23,11
ATL,2025,7,60,40,39,27
SF,2025,7,64,27,47,22
NYJ,2025,7,60,40,31,15
CAR,2025,7,68,34,42,22
ARI,2025,7,70,42,47,27
GB,2025,7,52,30,37,22
SEA,2025,7,65,34,22,10
HOU,2025,7,70,53,9,5
IND,2025,7,55,35,22,11
LAC,2025,7,74,58,8,5
JAX,2025,7,74,55,6,5
LA,2025,7,58,33,19,14
LV,2025,7,30,19,10,8
KC,2025,7,74,36,26,15
CLE,2025,7,52,20,28,7
MIA,2025,7,57,35,11,5
TEN,2025,7,51,39,27,17
NE,2025,7,62,28,40,20
CHI,2025,7,65,27,31,12
NO,2025,7,53,36,16,10
NYG,2025,7,70,38,26,17
DEN,2025,7,77,53,19,11
PHI,2025,7,48,26,24,12
MIN,2025,7,67,44,14,8
PIT,2025,7,54,34,31,19
CIN,2025,7,69,49,41,29
DET,2025,7,65,33,35,18
TB,2025,7,66,55,17,13
DAL,2025,7,60,31,15,10
WAS,2025,7,64,36,14,7
CAR,2025,8,59,31,18,7
BUF,2025,8,60,25,24,12
CHI,2025,8,62,39,33,20
BAL,2025,8,59,24,42,20
NE,2025,8,62,30,42,22
CLE,2025,8,53,37,23,13
DEN,2025,8,56,30,18,9
DAL,2025,8,68,37,10,6
GB,2025,8,63,38,30,19
PIT,2025,8,58,40,37,21
MIA,2025,8,65,28,34,18
ATL,2025,8,48,32,17,9
MIN,2025,8,47,36,9,6
LAC,2025,8,70,27,22,8
PHI,2025,8,54,24,30,14
NYG,2025,8,49,29,22,11
CIN,2025,8,58,35,28,18
NYJ,2025,8,70,33,4,0
HOU,2025,8,74,39,33,19
SF,2025,8,45,35,7,5
NO,2025,8,70,55,27,20
TB,2025,8,56,27,38,18
IND,2025,8,52,34,23,15
TEN,2025,8,66,41,7,3
WAS,2025,8,52,32,37,21
KC,2025,8,66,37,45,27
DAL,2025,9,64,43,13,8
ARI,2025,9,63,36,33,20
ATL,2025,9,54,38,16,13
NE,2025,9,65,35,44,23
MIA,2025,9,61,41,15,8
BAL,2025,9,54,25,14,7
CAR,2025,9,54,21,42,16
GB,2025,9,63,38,43,26
CHI,2025,9,77,40,63,33
CIN,2025,9,65,51,30,20
HOU,2025,9,72,44,51,30
DEN,2025,9,62,39,28,19
PIT,2025,9,60,38,35,24
IND,2025,9,73,54,32,21
JAX,2025,9,76,34,48,23
LV,2025,9,61,42,37,25
BUF,2025,9,63,29,32,18
KC,2025,9,58,38,22,11
TEN,2025,9,44,25,34,18
LAC,2025,9,64,35,48,30
DET,2025,9,62,42,36,24
MIN,2025,9,55,30,43,25
NO,2025,9,39,25,9,6
LA,2025,9,73,34,26,17
WAS,2025,9,62,26,15,6
SEA,2025,9,48,24,19,9
NYG,2025,9,56,35,21,12
SF,2025,9,63,26,29,15
SEA,2025,10,54,13,7,4
ARI,2025,10,74,51,3,2
IND,2025,10,75,34,50,23
ATL,2025,10,60,32,35,18
BAL,2025,10,66,31,46,24
MIN,2025,10,62,44,28,17
MIA,2025,10,51,21,18,7
BUF,2025,10,66,44,9,6
CLE,2025,10,70,38,54,31
NYJ,2025,10,45,14,32,13
WAS,2025,10,52,25,9,6
DET,2025,10,68,35,19,11
HOU,2025,10,72,49,3,3
JAX,2025,10,56,29,11,4
LA,2025,10,64,37,29,19
SF,2025,10,61,40,3,2
LV,2025,10,58,33,44,26
DEN,2025,10,55,30,41,24
TB,2025,10,67,45,28,17
NE,2025,10,58,32,43,25
CAR,2025,10,50,27,42,23
NO,2025,10,64,30,44,23
CHI,2025,10,62,36,32,18
NYG,2025,10,70,40,40,25
GB,2025,10,65,38,40,18
PHI,2025,10,60,26,43,19
PIT,2025,10,50,34,22,13
LAC,2025,10,68,38,36,24
CLE,2025,11,54,29,38,18
BAL,2025,11,58,30,37,22
ATL,2025,11,58,30,35,16
CAR,2025,11,76,52,35,24
MIN,2025,11,54,32,31,19
CHI,2025,11,73,34,41,20
PIT,2025,11,59,32,47,25
CIN,2025,11,63,41,41,26
DAL,2025,11,61,34,30,18
LV,2025,11,57,46,20,16
PHI,2025,11,68,29,47,24
DET,2025,11,59,39,46,27
NYG,2025,11,68,31,43,17
GB,2025,11,52,29,41,21
HOU,2025,11,68,45,51,33
TEN,2025,11,57,40,36,24
DEN,2025,11,60,40,39,26
KC,2025,11,62,48,50,38
LAC,2025,11,45,29,22,12
JAX,2025,11,69,22,26,11
NYJ,2025,11,57,29,29,10
NE,2025,11,60,35,46,27
LA,2025,11,50,28,35,22
SEA,2025,11,79,44,24,14
SF,2025,11,50,28,14,8
ARI,2025,11,73,58,8,7
TB,2025,11,69,31,57,22
BUF,2025,11,54,31,34,21
MIA,2025,11,54,23,32,16
WAS,2025,11,64,31,45,23
ATL,2025,12,54,25,34,21
NO,2025,12,78,50,20,14
HOU,2025,12,55,30,48,25
BUF,2025,12,65,42,38,23
SF,2025,12,68,32,52,28
CAR,2025,12,44,31,23,12
CLE,2025,12,47,21,13,7
LV,2025,12,75,54,13,8
IND,2025,12,49,31,24,16
KC,2025,12,92,51,21,12
ARI,2025,12,76,56,50,34
JAX,2025,12,60,33,37,21
MIN,2025,12,44,24,29,12
GB,2025,12,63,23,37,16
NE,2025,12,66,36,37,22
CIN,2025,12,61,38,41,21
NYG,2025,12,76,38,40,22
DET,2025,12,63,43,30,20
NYJ,2025,12,57,31,37,16
BAL,2025,12,56,24,41,18
DAL,2025,12,65,36,9,4
PHI,2025,12,58,40,22,15
CHI,2025,12,59,35,51,32
PIT,2025,12,69,33,39,15
TEN,2025,12,68,46,23,12
SEA,2025,12,46,27,17,10
TB,2025,12,67,38,14,6
LA,2025,12,55,36,10,9
TB,2025,13,54,30,42,24
ARI,2025,13,60,41,28,18
ATL,2025,13,67,35,53,25
NYJ,2025,13,62,35,35,21
BUF,2025,13,74,23,46,14
PIT,2025,13,43,25,27,16
CHI,2025,13,84,38,65,32
PHI,2025,13,50,33,31,16
CIN,2025,13,80,47,63,43
BAL,2025,13,56,35,29,18
DEN,2025,13,69,46,48,30
WAS,2025,13,85,53,45,23
GB,2025,13,57,30,47,26
DET,2025,13,60,30,15,5
IND,2025,13,51,28,36,22
HOU,2025,13,71,37,53,33
JAX,2025,13,55,30,15,8
TEN,2025,13,55,41,10,5
DAL,2025,13,63,40,42,27
KC,2025,13,60,37,48,26
LA,2025,13,50,30,34,21
CAR,2025,13,59,22,48,16
LV,2025,13,45,28,24,12
LAC,2025,13,65,24,49,20
MIN,2025,13,49,34,20,15
SEA,2025,13,62,30,27,15
MIA,2025,13,56,26,19,11
NO,2025,13,71,43,9,6
NE,2025,13,61,34,11,7
NYG,2025,13,54,27,5,4
SF,2025,13,64,32,43,23
CLE,2025,13,61,29,42,15
CHI,2025,14,69,36,28,11
GB,2025,14,51,26,40,22
CIN,2025,14,57,38,32,17
BUF,2025,14,58,32,20,10
DET,2025,14,55,35,23,17
DAL,2025,14,77,53,29,18
DEN,2025,14,72,41,48,31
LV,2025,14,47,35,25,16
KC,2025,14,63,34,29,14
HOU,2025,14,65,34,30,18
JAX,2025,14,60,31,17,11
IND,2025,14,63,38,17,7
ARI,2025,14,61,47,25,18
LA,2025,14,64,31,32,18
MIA,2025,14,61,22,9,4
NYJ,2025,14,57,40,3,2
NO,2025,14,53,23,35,15
TB,2025,14,69,30,53,21
PHI,2025,14,65,41,43,25
LAC,2025,14,71,33,42,20
BAL,2025,14,75,35,20,9
PIT,2025,14,50,34,34,24
ATL,2025,14,62,31,38,16
SEA,2025,14,58,32,34,22
TEN,2025,14,64,29,46,22
CLE,2025,14,66,45,39,23
MIN,2025,14,57,27,26,12
WAS,2025,14,49,26,15,9
HOU,2025,15,60,29,6,2
ARI,2025,15,64,43,0,0
TB,2025,15,62,40,48,31
ATL,2025,15,67,46,40,26
BAL,2025,15,37,16,23,11
CIN,2025,15,71,42,28,14
NE,2025,15,51,26,26,13
BUF,2025,15,64,30,9,6
NO,2025,15,61,37,26,12
CAR,2025,15,56,25,37,16
CHI,2025,15,63,31,16,7
CLE,2025,15,56,40,6,2
DET,2025,15,62,42,38,24
LA,2025,15,69,40,51,32
DEN,2025,15,64,34,37,19
GB,2025,15,63,43,41,27
IND,2025,15,58,28,44,21
SEA,2025,15,56,35,33,18
KC,2025,15,59,38,40,22
LAC,2025,15,61,33,44,22
PHI,2025,15,66,19,19,7
LV,2025,15,42,29,13,10
MIA,2025,15,50,34,20,8
PIT,2025,15,62,30,37,17
MIN,2025,15,51,24,37,20
DAL,2025,15,69,40,52,27
JAX,2025,15,56,32,19,10
NYJ,2025,15,68,36,4,2
TEN,2025,15,49,29,19,11
SF,2025,15,70,32,36,19
WAS,2025,15,55,21,24,6
NYG,2025,15,67,38,11,8
ARI,2025,16,56,33,40,21
ATL,2025,16,71,36,41,24
CLE,2025,16,64,33,26,14
BUF,2025,16,48,21,24,7
CIN,2025,16,61,35,40,27
MIA,2025,16,58,30,29,13
GB,2025,16,68,26,52,20
CHI,2025,16,60,34,29,13
JAX,2025,16,68,41,48,32
DEN,2025,16,65,48,36,23
KC,2025,16,43,28,27,16
TEN,2025,16,68,30,45,23
DAL,2025,16,56,33,46,27
LAC,2025,16,61,29,40,22
LA,2025,16,88,49,49,21
SEA,2025,16,65,39,29,13
LV,2025,16,53,26,45,21
HOU,2025,16,59,35,40,25
MIN,2025,16,55,27,37,21
NYG,2025,16,48,18,34,11
BAL,2025,16,53,21,41,16
NE,2025,16,69,49,49,34
NO,2025,16,77,52,61,42
NYJ,2025,16,63,43,37,21
WAS,2025,16,51,25,36,19
PHI,2025,16,65,32,49,28
DET,2025,16,68,57,35,25
PIT,2025,16,70,43,57,38
IND,2025,16,58,38,24,18
SF,2025,16,63,35,41,24
CAR,2025,16,53,34,41,26
TB,2025,16,60,28,43,16
CIN,2025,17,70,39,36,22
ARI,2025,17,54,41,6,3
BAL,2025,17,73,21,44,16
GB,2025,17,43,27,6,3
SF,2025,17,68,34,55,25
CHI,2025,17,63,41,38,23
DAL,2025,17,87,43,41,21
WAS,2025,17,40,24,7,4
DEN,2025,17,70,39,50,28
KC,2025,17,41,22,29,14
MIN,2025,17,51,23,37,19
DET,2025,17,64,34,43,21
HOU,2025,17,59,28,8,4
LAC,2025,17,59,37,3,1
IND,2025,17,54,33,41,24
JAX,2025,17,68,39,37,26
ATL,2025,17,53,20,25,12
LA,2025,17,61,41,17,10
NE,2025,17,60,26,14,5
NYJ,2025,17,63,35,3,2
TEN,2025,17,72,44,39,19
NO,2025,17,51,29,17,11
NYG,2025,17,60,32,24,13
LV,2025,17,54,34,21,14
PHI,2025,17,53,28,27,15
BUF,2025,17,73,41,21,11
CLE,2025,17,49,25,37,21
PIT,2025,17,63,39,32,16
CAR,2025,17,49,26,31,16
SEA,2025,17,65,30,47,23
MIA,2025,17,52,24,30,15
TB,2025,17,63,47,24,16
ARI,2025,18,53,38,33,24
LA,2025,18,68,40,47,30
BAL,2025,18,47,21,36,13
PIT,2025,18,73,49,46,29
TB,2025,18,66,24,44,15
CAR,2025,18,47,34,24,14
CIN,2025,18,67,42,29,14
CLE,2025,18,52,28,25,12
NYG,2025,18,70,38,43,25
DAL,2025,18,53,24,30,11
DET,2025,18,72,45,34,24
CHI,2025,18,54,35,11,5
MIN,2025,18,64,33,41,22
GB,2025,18,49,15,19,6
HOU,2025,18,63,31,46,22
IND,2025,18,64,36,34,23
KC,2025,18,62,39,44,26
LV,2025,18,61,29,41,16
LAC,2025,18,66,45,9,6
DEN,2025,18,56,27,23,8
NE,2025,18,54,22,34,13
MIA,2025,18,54,29,25,12
ATL,2025,18,58,35,42,26
NO,2025,18,65,39,38,25
BUF,2025,18,70,31,29,15
NYJ,2025,18,47,24,6,2
SEA,2025,18,64,28,48,22
SF,2025,18,42,30,23,16
JAX,2025,18,55,34,18,15
TEN,2025,18,53,34,19,12
PHI,2025,18,62,43,47,28
WAS,2025,18,61,21,41,19
