season,week,playerId,position,points,touches,tds
2024,3,00-0023459,QB,13.9356,1.6500,0.0250
2024,3,00-0026498,QB,14.0388,1.5750,0.0000
2024,3,00-0029604,QB,14.4060,1.7500,0.1000
2024,3,00-0030035,WR,6.3173,5.5000,0.1250
2024,3,00-0030061,TE,5.0563,4.5500,0.1250
2024,3,00-0030431,WR,3.2053,2.7750,0.0500
2024,3,00-0030506,TE,12.8816,6.7750,0.3750
2024,3,00-0030564,WR,6.9933,4.5250,0.3000
2024,3,00-0030565,QB,21.0584,5.7500,0.2500
2024,3,00-0030578,RB,2.3465,3.5250,0.0500
2024,3,00-0031235,WR,1.9604,1.5250,0.1250
2024,3,00-0031236,WR,6.0464,4.1000,0.1750
2024,3,00-0031280,QB,16.3060,2.0000,0.0500
2024,3,00-0031299,TE,1.5084,1.6500,0.0000
2024,3,00-0031381,WR,14.0393,10.1750,0.2500
2024,3,00-0031408,WR,10.3411,7.6500,0.1250
2024,3,00-0031428,WR,4.3449,2.2500,0.0750
2024,3,00-0031544,WR,12.6899,8.1250,0.3750
2024,3,00-0031547,WR,3.5133,3.1750,0.0500
2024,3,00-0031549,WR,3.3402,2.1500,0.0750
2024,3,00-0031588,WR,13.1493,8.3250,0.3250
2024,3,00-0031610,TE,3.0450,3.9250,0.1000
2024,3,00-0031763,WR,3.0364,1.9000,0.1250
2024,3,00-0032104,RB,2.8690,2.2750,0.1500
2024,3,00-0032128,WR,2.5474,1.3500,0.1250
2024,3,00-0032211,WR,9.3629,5.7500,0.3000
2024,3,00-0032385,WR,2.3482,2.4750,0.0000
2024,3,00-0032392,TE,2.3346,2.4500,0.1000
2024,3,00-0032394,TE,1.5489,1.3750,0.0250
2024,3,00-0032398,WR,3.0636,1.7500,0.0750
2024,3,00-0032464,WR,3.9785,1.9000,0.1000
2024,3,00-0032688,WR,2.1729,1.4250,0.1000
2024,3,00-0032764,RB,16.5321,20.3250,0.7250
2024,3,00-0032775,WR,7.0198,4.6000,0.2500
2024,3,00-0032951,WR,2.3610,1.6500,0.0500
2024,3,00-0032977,WR,2.1632,1.8750,0.0500
2024,3,00-0033009,WR,6.3911,4.3750,0.1500
2024,3,00-0033040,WR,21.5292,13.2750,0.8750
2024,3,00-0033045,RB,7.0022,10.3500,0.3000
2024,3,00-0033077,QB,17.4989,2.5250,0.1500
2024,3,00-0033090,TE,5.7669,4.6750,0.1750
2024,3,00-0033106,QB,21.1472,2.1000,0.0500
2024,3,00-0033110,TE,5.9140,4.9750,0.1750
2024,3,00-0033119,QB,9.8739,1.4500,0.0750
2024,3,00-0033246,TE,3.0018,2.2000,0.0750
2024,3,00-0033280,RB,25.6764,21.3000,0.9500
2024,3,00-0033282,WR,8.9048,4.8500,0.2750
2024,3,00-0033293,RB,11.9118,15.5250,0.5000
2024,3,00-0033307,WR,5.5936,4.4750,0.1750
2024,3,00-0033357,TE,2.3976,2.7750,0.0250
2024,3,00-0033375,WR,5.1836,2.5000,0.1250
2024,3,00-0033439,TE,1.6026,0.7750,0.0750
2024,3,00-0033455,TE,2.2472,1.5000,0.0250
2024,3,00-0033526,RB,5.4417,4.0750,0.1750
2024,3,00-0033536,WR,5.8392,3.5500,0.1750
2024,3,00-0033537,QB,12.6429,1.2250,0.0250
2024,3,00-0033553,RB,12.3028,14.0500,0.5250
2024,3,00-0033555,WR,6.2732,3.2000,0.2000
2024,3,00-0033556,RB,3.7512,4.2750,0.1000
2024,3,00-0033591,WR,3.8799,2.8000,0.0500
2024,3,00-0033699,RB,10.5490,13.1000,0.4500
2024,3,00-0033757,TE,2.1584,1.6500,0.0750
2024,3,00-0033854,RB,1.8853,3.4250,0.0250
2024,3,00-0033857,WR,4.2113,1.8250,0.1250
2024,3,00-0033858,TE,4.2813,3.0000,0.1250
2024,3,00-0033873,QB,17.4124,3.2750,0.1000
2024,3,00-0033891,WR,6.2457,3.7000,0.1750
2024,3,00-0033893,RB,5.3386,6.5750,0.2000
2024,3,00-0033895,TE,4.9754,3.5250,0.1250
2024,3,00-0033906,RB,18.3340,18.9250,0.6000
2024,3,00-0033921,WR,11.3124,8.1750,0.1250
2024,3,00-0033925,RB,3.6342,6.0000,0.1500
2024,3,00-0033943,WR,6.0318,4.3000,0.1000
2024,3,00-0033948,RB,4.9097,7.4250,0.1500
2024,3,00-0033955,RB,2.8319,2.4000,0.1250
2024,3,00-0034073,TE,2.4534,1.2250,0.1250
2024,3,00-0034115,RB,4.1354,5.4000,0.3250
2024,3,00-0034159,TE,3.0452,2.0500,0.1750
2024,3,00-0034184,RB,4.8620,10.7000,0.3500
2024,3,00-0034270,TE,5.6926,3.4250,0.1500
2024,3,00-0034272,WR,3.9278,2.5750,0.0250
2024,3,00-0034279,WR,3.1644,1.8750,0.0500
2024,3,00-0034348,WR,8.3931,7.1250,0.2500
2024,3,00-0034351,TE,10.5891,6.7000,0.1750
2024,3,00-0034353,WR,2.1097,1.9000,0.0250
2024,3,00-0034364,TE,4.6329,2.3000,0.1000
2024,3,00-0034367,RB,1.8196,2.3000,0.0250
2024,3,00-0034383,TE,5.7813,4.1250,0.1250
2024,3,00-0034386,WR,2.5344,1.6500,0.1000
2024,3,00-0034406,WR,1.0657,1.2750,0.0250
2024,3,00-0034407,WR,4.0683,2.6000,0.0750
2024,3,00-0034418,WR,4.3346,2.3000,0.1250
2024,3,00-0034419,WR,1.0146,0.8750,0.0500
2024,3,00-0034487,WR,1.2809,1.1500,0.0250
2024,3,00-0034521,WR,6.4408,4.2250,0.1000
2024,3,00-0034646,WR,1.3371,1.3000,0.0000
2024,3,00-0034681,RB,2.0641,3.1250,0.0750
2024,3,00-0034750,RB,3.0743,4.4750,0.1750
2024,3,00-0034753,TE,13.7962,7.7500,0.1750
2024,3,00-0034764,WR,2.0930,1.9750,0.0500
2024,3,00-0034765,WR,3.1519,1.6750,0.1000
2024,3,00-0034775,WR,12.7665,9.4750,0.2500
2024,3,00-0034777,WR,4.7593,5.4000,0.1000
2024,3,00-0034791,RB,10.7047,12.9500,0.4250
2024,3,00-0034796,QB,21.3439,5.1750,0.4000
2024,3,00-0034798,TE,2.4583,1.9750,0.0250
2024,3,00-0034808,RB,1.0399,0.9500,0.0500
2024,3,00-0034827,WR,12.2218,8.6500,0.2750
2024,3,00-0034829,TE,5.5937,3.6750,0.1000
2024,3,00-0034830,TE,3.8298,3.7500,0.1250
2024,3,00-0034837,WR,7.2378,7.0500,0.1000
2024,3,00-0034838,RB,1.4364,3.2250,0.0250
2024,3,00-0034844,RB,17.8121,20.8500,0.9750
2024,3,00-0034854,WR,1.2685,0.9500,0.0250
2024,3,00-0034855,QB,10.6588,1.9500,0.0250
2024,3,00-0034857,QB,24.8146,5.4250,0.1000
2024,3,00-0034869,QB,17.7168,2.0500,0.0500
2024,3,00-0034960,WR,6.1046,4.4500,0.0750
2024,3,00-0034970,TE,1.7653,1.5500,0.0250
2024,3,00-0034972,RB,6.2537,9.6500,0.2750
2024,3,00-0034975,RB,4.0697,3.5250,0.1250
2024,3,00-0034981,TE,4.7809,2.4250,0.1750
2024,3,00-0035045,WR,2.6502,1.9250,0.0750
2024,3,00-0035140,WR,4.0561,1.9000,0.1000
2024,3,00-0035208,WR,3.6083,2.9000,0.1250
2024,3,00-0035216,WR,6.6623,7.2000,0.1250
2024,3,00-0035228,QB,17.6168,2.5500,0.2250
2024,3,00-0035229,TE,12.4911,7.8000,0.3250
2024,3,00-0035243,RB,3.7490,6.6000,0.2250
2024,3,00-0035249,TE,2.3760,1.6000,0.0750
2024,3,00-0035250,RB,10.0485,19.8500,0.6500
2024,3,00-0035261,RB,10.6844,18.9750,0.4500
2024,3,00-0035289,QB,12.9190,2.1000,0.0250
2024,3,00-0035291,RB,1.6763,1.6500,0.0750
2024,3,00-0035297,WR,1.7378,1.1000,0.0500
2024,3,00-0035298,WR,0.9880,1.3000,0.0250
2024,3,00-0035311,RB,2.3907,4.5500,0.1000
2024,3,00-0035329,TE,2.4533,1.9750,0.0500
2024,3,00-0035341,WR,4.7972,2.1250,0.1500
2024,3,00-0035359,WR,1.9167,1.6500,0.0250
2024,3,00-0035406,WR,2.4150,2.1000,0.0500
2024,3,00-0035414,WR,1.5900,1.3750,0.0250
2024,3,00-0035500,WR,3.5324,1.9000,0.0500
2024,3,00-0035535,WR,3.3232,3.7000,0.0500
2024,3,00-0035537,RB,2.2304,2.3500,0.0750
2024,3,00-0035567,RB,1.7410,1.6500,0.1000
2024,3,00-0035624,TE,3.1411,1.4000,0.1000
2024,3,00-0035628,RB,1.9479,2.0750,0.1250
2024,3,00-0035631,TE,2.5204,1.5000,0.0500
2024,3,00-0035639,WR,2.8443,1.8000,0.0500
2024,3,00-0035640,WR,14.8027,9.4000,0.4000
2024,3,00-0035644,TE,6.9059,3.8000,0.1500
2024,3,00-0035659,WR,9.3042,7.9000,0.2000
2024,3,00-0035662,WR,4.4563,4.1500,0.0000
2024,3,00-0035685,RB,10.2975,11.8000,0.4250
2024,3,00-0035689,TE,5.4316,2.6750,0.1250
2024,3,00-0035700,RB,8.8551,18.4750,0.5000
2024,3,00-0035710,QB,9.7909,5.0250,0.2250
2024,3,00-0035806,RB,1.2856,1.9000,0.0750
2024,3,00-0035973,RB,0.7771,0.7750,0.0000
2024,3,00-0036040,TE,3.1873,2.4250,0.0750
2024,3,00-0036059,TE,1.4459,0.9250,0.0250
2024,3,00-0036096,RB,3.2987,6.1750,0.2000
2024,3,00-0036139,RB,4.8070,6.1750,0.1750
2024,3,00-0036145,TE,1.0010,0.9750,0.0250
2024,3,00-0036158,RB,6.5157,11.4750,0.3250
2024,3,00-0036165,WR,1.7692,2.1500,0.0250
2024,3,00-0036182,WR,2.2956,2.1250,0.0000
2024,3,00-0036183,WR,4.5475,3.5000,0.1500
2024,3,00-0036196,WR,11.2956,6.4250,0.5000
2024,3,00-0036212,QB,14.6025,1.9750,0.1500
2024,3,00-0036223,RB,21.3971,26.0750,0.9750
2024,3,00-0036225,TE,1.8053,1.2750,0.0500
2024,3,00-0036244,TE,4.7505,3.3250,0.1750
2024,3,00-0036251,RB,13.3780,18.0750,0.4000
2024,3,00-0036252,WR,6.1435,5.1500,0.2000
2024,3,00-0036254,WR,2.0911,1.6250,0.0250
2024,3,00-0036259,WR,7.3954,3.9250,0.1750
2024,3,00-0036261,WR,19.8970,7.8000,0.6750
2024,3,00-0036264,QB,10.9514,0.7500,0.0000
2024,3,00-0036265,RB,2.7861,4.2500,0.1750
2024,3,00-0036268,WR,0.9631,1.1000,0.0000
2024,3,00-0036271,WR,3.2782,1.9250,0.1250
2024,3,00-0036275,RB,13.7411,16.9250,0.7750
2024,3,00-0036277,WR,1.7282,1.2500,0.0250
2024,3,00-0036290,TE,7.4746,4.7000,0.1500
2024,3,00-0036297,RB,2.3118,3.2250,0.1000
2024,3,00-0036309,WR,5.2890,4.2500,0.1750
2024,3,00-0036322,WR,26.2240,13.2500,0.9250
2024,3,00-0036328,RB,4.4001,8.9500,0.1250
2024,3,00-0036331,WR,1.7496,1.5750,0.0500
2024,3,00-0036332,TE,1.8133,1.3500,0.0250
2024,3,00-0036345,WR,4.4579,4.6250,0.1500
2024,3,00-0036355,QB,9.5597,1.0500,0.0000
2024,3,00-0036358,WR,26.5241,14.7750,0.7250
2024,3,00-0036360,RB,3.5389,4.1500,0.0750
2024,3,00-0036389,QB,15.6731,6.6250,0.2750
2024,3,00-0036407,WR,10.2078,5.8250,0.3750
2024,3,00-0036410,WR,10.8070,5.4750,0.3000
2024,3,00-0036412,WR,4.1186,2.4000,0.1250
2024,3,00-0036414,RB,7.1067,10.9750,0.3000
2024,3,00-0036415,WR,3.1850,3.0750,0.1000
2024,3,00-0036423,TE,2.9218,2.4750,0.0000
2024,3,00-0036427,WR,3.6425,3.3250,0.1250
2024,3,00-0036429,TE,0.9341,0.7250,0.0000
2024,3,00-0036442,QB,18.9806,3.1250,0.0250
2024,3,00-0036450,RB,0.4489,1.3000,0.0000
2024,3,00-0036550,WR,4.3011,3.1500,0.0500
2024,3,00-0036554,WR,19.6160,7.8000,0.6750
2024,3,00-0036555,RB,5.3437,9.0250,0.4000
2024,3,00-0036556,TE,4.1973,1.5500,0.2000
2024,3,00-0036567,RB,1.8994,2.6250,0.0500
2024,3,00-0036613,WR,7.4521,4.9500,0.3250
2024,3,00-0036626,WR,1.8309,1.6500,0.0250
2024,3,00-0036627,WR,2.2642,2.3500,0.0250
2024,3,00-0036628,TE,1.7453,1.3250,0.0750
2024,3,00-0036670,RB,0.9598,1.3250,0.0250
2024,3,00-0036755,RB,2.2055,3.3750,0.1500
2024,3,00-0036849,WR,3.7944,2.5750,0.1500
2024,3,00-0036857,RB,1.6080,1.2000,0.0500
2024,3,00-0036862,WR,1.6250,1.5250,0.0250
2024,3,00-0036875,RB,10.1021,18.9250,0.4000
2024,3,00-0036876,TE,3.2485,1.9750,0.1250
2024,3,00-0036887,TE,2.8333,1.7500,0.0500
2024,3,00-0036893,RB,8.9202,16.7000,0.3000
2024,3,00-0036894,TE,9.1368,6.6500,0.3000
2024,3,00-0036900,WR,22.2501,10.6750,0.6000
2024,3,00-0036906,RB,6.1397,9.4000,0.3250
2024,3,00-0036912,WR,12.8211,8.6250,0.2250
2024,3,00-0036919,RB,2.1493,1.9500,0.1500
2024,3,00-0036924,RB,3.0393,3.3750,0.1750
2024,3,00-0036936,WR,3.2489,2.3250,0.1250
2024,3,00-0036945,QB,14.9985,5.4750,0.2250
2024,3,00-0036955,WR,5.2239,2.8500,0.1750
2024,3,00-0036963,WR,25.5302,11.2750,0.5500
2024,3,00-0036970,TE,11.9803,8.5250,0.3750
2024,3,00-0036971,QB,15.7321,3.3250,0.1250
2024,3,00-0036973,RB,14.0061,18.3750,0.6000
2024,3,00-0036980,WR,5.0606,4.7750,0.0000
2024,3,00-0036984,RB,1.4141,2.1250,0.0250
2024,3,00-0036988,WR,2.8105,3.1500,0.0750
2024,3,00-0036997,RB,10.4899,20.5250,0.5250
2024,3,00-0037005,TE,1.6982,1.7000,0.0500
2024,3,00-0037091,WR,3.7627,3.1250,0.2000
2024,3,00-0037098,WR,1.3049,0.9000,0.0500
2024,3,00-0037120,RB,1.7751,1.5000,0.0500
2024,3,00-0037132,WR,2.9450,1.9000,0.0750
2024,3,00-0037197,RB,18.2770,20.9250,0.6500
2024,3,00-0037228,RB,7.5725,8.2000,0.3000
2024,3,00-0037238,WR,9.6248,7.0000,0.2250
2024,3,00-0037239,WR,19.1094,11.1500,0.3250
2024,3,00-0037240,WR,8.9229,4.6750,0.2500
2024,3,00-0037247,WR,11.0825,7.4500,0.3250
2024,3,00-0037248,RB,13.1665,14.9000,0.4750
2024,3,00-0037252,TE,3.4979,4.1500,0.1250
2024,3,00-0037256,RB,11.1755,14.8250,0.4500
2024,3,00-0037261,WR,9.2331,3.7500,0.2500
2024,3,00-0037263,RB,3.7577,6.3250,0.1750
2024,3,00-0037267,RB,7.2560,8.8500,0.2750
2024,3,00-0037273,WR,2.1597,1.2750,0.1000
2024,3,00-0037276,RB,6.2724,7.7750,0.3750
2024,3,00-0037286,RB,1.3144,2.9500,0.1250
2024,3,00-0037291,WR,2.7011,1.5750,0.1000
2024,3,00-0037299,RB,1.6769,2.8500,0.0750
2024,3,00-0037329,RB,1.2664,1.2250,0.0750
2024,3,00-0037382,WR,2.5913,2.0750,0.0750
2024,3,00-0037525,RB,7.2075,5.9500,0.4500
2024,3,00-0037545,WR,11.8622,4.7000,0.3750
2024,3,00-0037557,RB,1.4887,2.1250,0.0750
2024,3,00-0037563,RB,2.9184,2.3000,0.2000
2024,3,00-0037594,RB,1.1600,1.3500,0.1000
2024,3,00-0037664,WR,6.3388,4.0000,0.2000
2024,3,00-0037666,WR,4.4543,2.7250,0.1250
2024,3,00-0037740,WR,13.5641,10.0250,0.3250
2024,3,00-0037741,WR,2.7073,2.8250,0.0500
2024,3,00-0037742,WR,2.8844,2.6250,0.0750
2024,3,00-0037744,TE,15.5119,7.8500,0.3500
2024,3,00-0037745,WR,1.1574,0.9250,0.0500
2024,3,00-0037746,RB,10.7886,14.9000,0.6000
2024,3,00-0037755,TE,2.7887,2.3500,0.0500
2024,3,00-0037801,WR,1.3544,1.2500,0.0500
2024,3,00-0037805,TE,1.2816,1.1750,0.0250
2024,3,00-0037809,TE,4.8156,4.0500,0.0750
2024,3,00-0037816,WR,5.7913,5.0250,0.1250
2024,3,00-0037827,RB,0.7853,1.5500,0.0250
2024,3,00-0037834,QB,19.8319,1.3250,0.1000
2024,3,00-0037837,WR,2.9033,2.0000,0.1750
2024,3,00-0037838,TE,10.1866,5.2500,0.3750
2024,3,00-0037840,RB,11.9264,17.5500,0.6250
2024,3,00-0038040,RB,6.4256,10.0750,0.2250
2024,3,00-0038041,TE,10.3602,5.4250,0.3250
2024,3,00-0038104,WR,2.3021,2.5250,0.1000
2024,3,00-0038115,TE,1.0850,1.2750,0.0000
2024,3,00-0038117,WR,3.8115,5.6750,0.0500
2024,3,00-0038120,RB,17.6034,19.9000,0.8250
2024,3,00-0038124,WR,5.2360,4.6500,0.1750
2024,3,00-0038129,TE,4.1359,3.5500,0.0500
2024,3,00-0038389,RB,1.1881,1.4500,0.0500
2024,3,00-0038393,WR,5.1756,3.6000,0.2000
2024,3,00-0038394,TE,2.4401,1.9250,0.0250
2024,3,00-0038396,RB,0.8068,2.0500,0.0250
2024,3,00-0038454,RB,3.5471,2.8750,0.1000
2024,3,00-0038542,RB,18.4876,21.7000,0.8500
2024,3,00-0038543,WR,10.7582,6.6500,0.3500
2024,3,00-0038544,WR,5.4817,6.4000,0.1250
2024,3,00-0038547,TE,2.7063,1.9750,0.0750
2024,3,00-0038551,RB,2.6093,3.3500,0.0750
2024,3,00-0038555,RB,0.5194,1.7000,0.0000
2024,3,00-0038559,WR,5.3027,2.8000,0.1750
2024,3,00-0038563,WR,1.9894,1.7250,0.0500
2024,3,00-0038564,TE,3.6490,2.0000,0.0750
2024,3,00-0038589,TE,1.5933,1.4000,0.1000
2024,3,00-0038597,RB,6.3992,6.4000,0.1500
2024,3,00-0038606,WR,2.8806,1.9750,0.0750
2024,3,00-0038611,RB,2.3699,3.5500,0.1250
2024,3,00-0038619,WR,4.1700,2.8000,0.1250
2024,3,00-0038621,WR,5.0917,4.5000,0.2250
2024,3,00-0038622,RB,1.5947,2.2000,0.0750
2024,3,00-0038636,RB,7.0929,7.6250,0.2500
2024,3,00-0038678,RB,1.0729,1.0750,0.0500
2024,3,00-0038685,RB,1.5602,2.2750,0.1000
2024,3,00-0038705,RB,3.4112,3.1500,0.1250
2024,3,00-0038720,TE,0.3292,0.5000,0.0000
2024,3,00-0038752,WR,2.1410,1.0250,0.0750
2024,3,00-0038794,RB,4.8166,7.7250,0.2500
2024,3,00-0038797,RB,1.5621,2.8500,0.0750
2024,3,00-0038933,TE,10.9024,4.5750,0.4750
2024,3,00-0038935,TE,2.3233,2.1000,0.0500
2024,3,00-0038938,WR,1.1427,1.3750,0.0750
2024,3,00-0038941,WR,1.1851,0.9000,0.0750
2024,3,00-0038951,RB,1.7179,2.4500,0.1000
2024,3,00-0038976,WR,1.2861,1.4250,0.0000
2024,3,00-0038977,WR,14.2027,9.2000,0.5500
2024,3,00-0038979,WR,2.2201,2.0250,0.0250
2024,3,00-0038997,WR,5.3721,4.1250,0.0750
2024,3,00-0039021,RB,3.8756,4.7750,0.2000
2024,3,00-0039032,RB,3.6800,5.7000,0.1000
2024,3,00-0039040,RB,14.5125,16.4000,0.7500
2024,3,00-0039041,TE,2.8292,1.3250,0.0750
2024,3,00-0039050,TE,1.4079,1.1500,0.0250
2024,3,00-0039052,WR,2.1054,2.3750,0.0250
2024,3,00-0039062,WR,2.5262,4.2750,0.0000
2024,3,00-0039064,WR,14.5448,8.3500,0.4000
2024,3,00-0039065,TE,8.4414,3.9750,0.2250
2024,3,00-0039066,TE,2.1739,1.8000,0.0500
2024,3,00-0039067,WR,12.6774,6.1500,0.4250
2024,3,00-0039075,WR,14.9893,10.4250,0.3000
2024,3,00-0039139,RB,15.0814,14.0250,0.5500
2024,3,00-0039144,TE,3.5001,2.8500,0.1000
2024,3,00-0039146,WR,8.6284,6.3000,0.3750
2024,3,00-0039150,QB,7.8875,2.0500,0.0750
2024,3,00-0039152,QB,10.2942,1.9250,0.0500
2024,3,00-0039163,QB,19.8149,4.8000,0.0250
2024,3,00-0039164,QB,12.1549,1.7000,0.0750
2024,3,00-0039165,RB,12.6212,18.9250,0.4250
2024,3,00-0039325,RB,1.4319,2.1000,0.0750
2024,3,00-0039337,WR,8.5155,9.6250,0.2250
2024,3,00-0039338,TE,7.3558,5.0750,0.1500
2024,3,00-0039342,WR,6.2292,5.8750,0.1750
2024,3,00-0039344,RB,8.3222,11.5250,0.4750
2024,3,00-0039355,WR,2.8939,2.2750,0.0750
2024,3,00-0039356,TE,1.8553,1.7250,0.0500
2024,3,00-0039359,TE,2.6773,1.8250,0.0750
2024,3,00-0039361,RB,9.8348,9.3500,0.4750
2024,3,00-0039363,RB,3.1114,2.6750,0.0750
2024,3,00-0039364,RB,5.4500,3.9250,0.2500
2024,3,00-0039365,WR,2.6989,1.6500,0.0500
2024,3,00-0039373,RB,4.3777,5.8750,0.1750
2024,3,00-0039384,RB,4.4100,6.6000,0.2250
2024,3,00-0039385,RB,2.9301,3.5750,0.0500
2024,3,00-0039386,WR,2.8926,1.5000,0.1000
2024,3,00-0039391,RB,5.1865,6.2000,0.1500
2024,3,00-0039392,WR,1.5022,1.4250,0.0500
2024,3,00-0039393,RB,2.9861,2.8750,0.1750
2024,3,00-0039394,WR,2.2408,1.2500,0.0750
2024,3,00-0039407,RB,6.1198,6.1500,0.2000
2024,3,00-0039415,WR,2.7207,2.4000,0.1250
2024,3,00-0039424,WR,2.2521,2.7250,0.0250
2024,3,00-0039437,WR,3.3037,2.6000,0.1000
2024,3,00-0039703,RB,0.5561,0.4500,0.0250
2024,3,00-0039732,QB,10.3642,3.2000,0.1000
2024,3,00-0039737,TE,2.9989,1.7000,0.0750
2024,3,00-0039738,RB,6.9407,8.5500,0.2250
2024,3,00-0039739,WR,3.1287,2.3750,0.1250
2024,3,00-0039746,RB,4.7740,4.2000,0.1500
2024,3,00-0039751,WR,1.8651,1.4500,0.0500
2024,3,00-0039754,TE,2.1777,1.3750,0.0250
2024,3,00-0039792,WR,2.1016,1.4750,0.0250
2024,3,00-0039793,TE,4.1607,2.5750,0.1500
2024,3,00-0039794,RB,5.2881,4.5250,0.1750
2024,3,00-0039796,RB,3.2531,2.9500,0.1250
2024,3,00-0039798,RB,2.6971,2.4750,0.0750
2024,3,00-0039810,WR,3.3081,1.5750,0.1000
2024,3,00-0039811,RB,4.3520,5.3000,0.2250
2024,3,00-0039814,TE,3.6588,1.6250,0.0500
2024,3,00-0039847,TE,2.1805,2.0750,0.0750
2024,3,00-0039849,WR,11.2224,8.7250,0.1500
2024,3,00-0039853,WR,2.5675,2.6750,0.1000
2024,3,00-0039855,WR,3.2343,2.3750,0.0750
2024,3,00-0039868,WR,1.6886,1.9250,0.0500
2024,3,00-0039874,RB,5.9458,7.4250,0.3250
2024,3,00-0039875,RB,11.6459,9.6500,0.4500
2024,3,00-0039884,WR,0.7604,0.8000,0.0000
2024,3,00-0039890,WR,6.5563,4.7750,0.1250
2024,3,00-0039893,WR,11.1232,8.3250,0.3500
2024,3,00-0039894,WR,7.6059,4.8250,0.1250
2024,3,00-0039901,WR,8.0239,4.7750,0.2250
2024,3,00-0039907,WR,3.6562,3.7500,0.1250
2024,3,00-0039910,QB,11.4867,2.2000,0.0500
2024,3,00-0039912,TE,2.7527,2.1500,0.1000
2024,3,00-0039915,WR,8.0245,7.0500,0.3500
2024,3,00-0039916,WR,8.6074,5.2500,0.2250
2024,3,00-0039918,QB,13.9343,3.2000,0.1500
2024,3,00-0039919,WR,7.8228,6.0250,0.2500
2024,3,00-0039920,WR,2.3458,1.6750,0.0500
2024,3,00-0039921,RB,8.9509,8.6750,0.3750
2024,5,00-0023459,QB,8.8449,1.8250,0.1000
2024,5,00-0026158,QB,16.4621,10.1000,0.2250
2024,5,00-0026498,QB,18.9911,1.7000,0.0000
2024,5,00-0027973,QB,9.2728,1.5250,0.0750
2024,5,00-0029604,QB,16.3236,2.3750,0.0250
2024,5,00-0030035,WR,5.1440,3.9000,0.1000
2024,5,00-0030061,TE,7.1701,4.4500,0.1750
2024,5,00-0030279,WR,9.4209,5.5000,0.2750
2024,5,00-0030506,TE,14.9515,7.8000,0.3250
2024,5,00-0030565,QB,20.2070,2.6750,0.1000
2024,5,00-0031280,QB,7.9908,1.6750,0.0750
2024,5,00-0031299,TE,1.2240,0.9000,0.0500
2024,5,00-0031408,WR,11.5716,10.2000,0.1750
2024,5,00-0031544,WR,9.4072,9.0750,0.1500
2024,5,00-0031549,WR,4.9272,2.2250,0.1750
2024,5,00-0031588,WR,17.2534,9.9250,0.3500
2024,5,00-0031610,TE,4.9878,5.4250,0.0500
2024,5,00-0031687,RB,6.0082,7.3000,0.4000
2024,5,00-0031763,WR,1.8896,1.5000,0.0500
2024,5,00-0032104,RB,1.9433,3.2250,0.0500
2024,5,00-0032211,WR,10.7745,6.0750,0.2750
2024,5,00-0032385,WR,1.8906,1.9750,0.0250
2024,5,00-0032392,TE,3.9083,3.0000,0.2000
2024,5,00-0032398,WR,3.3085,2.5500,0.0750
2024,5,00-0032764,RB,19.0258,20.1500,1.0000
2024,5,00-0032775,WR,7.0293,3.5750,0.1750
2024,5,00-0032951,WR,2.5061,2.4000,0.0250
2024,5,00-0032977,WR,2.0318,2.1750,0.0250
2024,5,00-0033040,WR,20.3775,12.4000,0.7750
2024,5,00-0033045,RB,6.7445,10.6750,0.2750
2024,5,00-0033077,QB,15.2479,2.4250,0.1250
2024,5,00-0033090,TE,6.8483,5.7500,0.1500
2024,5,00-0033110,TE,8.2873,4.7250,0.3500
2024,5,00-0033119,QB,9.8782,1.3750,0.0250
2024,5,00-0033246,TE,3.0581,2.3750,0.0500
2024,5,00-0033280,RB,25.2433,17.6250,1.1250
2024,5,00-0033282,WR,8.2798,5.5750,0.2250
2024,5,00-0033288,TE,6.7556,2.0750,0.2500
2024,5,00-0033293,RB,19.4984,20.8250,0.8750
2024,5,00-0033307,WR,2.8856,2.4750,0.0750
2024,5,00-0033439,TE,2.2357,1.0750,0.0750
2024,5,00-0033455,TE,2.0123,1.6250,0.0000
2024,5,00-0033526,RB,4.4728,4.7750,0.1000
2024,5,00-0033536,WR,4.5425,3.7750,0.0500
2024,5,00-0033537,QB,9.5589,2.6500,0.1500
2024,5,00-0033553,RB,9.1507,13.0250,0.4250
2024,5,00-0033555,WR,5.2144,3.8000,0.0750
2024,5,00-0033556,RB,4.4218,4.2250,0.2250
2024,5,00-0033699,RB,13.9512,14.2500,0.5000
2024,5,00-0033757,TE,2.5909,2.0250,0.0500
2024,5,00-0033854,RB,2.6188,3.2000,0.0250
2024,5,00-0033857,WR,4.2438,1.8500,0.1250
2024,5,00-0033858,TE,3.6877,3.2000,0.0750
2024,5,00-0033873,QB,21.1665,3.2000,0.1500
2024,5,00-0033881,TE,3.6213,2.1750,0.0750
2024,5,00-0033885,TE,3.6239,2.7500,0.0250
2024,5,00-0033891,WR,4.4866,4.4250,0.0250
2024,5,00-0033893,RB,4.0522,6.6250,0.1750
2024,5,00-0033895,TE,3.3684,2.7000,0.0250
2024,5,00-0033906,RB,14.8479,21.7500,0.7000
2024,5,00-0033921,WR,10.8822,9.9000,0.0500
2024,5,00-0033923,RB,1.2421,2.3250,0.0250
2024,5,00-0033925,RB,4.3916,8.1000,0.2250
2024,5,00-0033943,WR,5.8457,3.9750,0.1500
2024,5,00-0033948,RB,4.1562,6.5500,0.3000
2024,5,00-0033955,RB,3.0550,2.9750,0.1250
2024,5,00-0034073,TE,1.7076,1.0250,0.0500
2024,5,00-0034115,RB,2.9770,4.1000,0.2250
2024,5,00-0034270,TE,5.0099,4.6000,0.1000
2024,5,00-0034272,WR,2.8670,2.4500,0.0500
2024,5,00-0034279,WR,1.9500,1.9500,0.0000
2024,5,00-0034348,WR,7.5162,7.5500,0.1250
2024,5,00-0034353,WR,3.4142,2.5750,0.0500
2024,5,00-0034364,TE,3.4486,3.3000,0.0000
2024,5,00-0034383,TE,7.7284,4.5000,0.3250
2024,5,00-0034386,WR,3.6240,1.9000,0.1250
2024,5,00-0034406,WR,2.1340,1.6500,0.1250
2024,5,00-0034407,WR,6.0527,3.4000,0.2500
2024,5,00-0034418,WR,1.1458,1.3250,0.0250
2024,5,00-0034419,WR,1.4343,0.9000,0.1000
2024,5,00-0034487,WR,1.5847,1.3250,0.0250
2024,5,00-0034521,WR,5.2228,4.5000,0.1000
2024,5,00-0034613,TE,2.9312,1.8500,0.0750
2024,5,00-0034646,WR,2.2250,1.6000,0.0250
2024,5,00-0034681,RB,1.7522,3.4750,0.0750
2024,5,00-0034750,RB,2.1360,4.0250,0.0750
2024,5,00-0034753,TE,13.1693,6.7500,0.3250
2024,5,00-0034764,WR,2.1377,2.6250,0.0250
2024,5,00-0034775,WR,13.5800,8.7750,0.2750
2024,5,00-0034796,QB,23.0667,5.2750,0.2500
2024,5,00-0034798,TE,2.7213,1.6000,0.0750
2024,5,00-0034808,RB,0.5638,0.6750,0.0000
2024,5,00-0034827,WR,10.1396,8.2500,0.2000
2024,5,00-0034829,TE,6.4834,4.5000,0.1250
2024,5,00-0034838,RB,2.5876,4.6250,0.1000
2024,5,00-0034854,WR,0.9946,0.7750,0.0000
2024,5,00-0034855,QB,9.4316,2.4000,0.0500
2024,5,00-0034857,QB,17.8966,5.2250,0.1500
2024,5,00-0034869,QB,19.2576,2.0500,0.1000
2024,5,00-0034960,WR,7.4177,8.1250,0.1250
2024,5,00-0034970,TE,1.4591,1.3000,0.0250
2024,5,00-0034972,RB,7.7807,14.9250,0.4250
2024,5,00-0034975,RB,7.3695,4.6250,0.3250
2024,5,00-0034981,TE,1.8958,1.6000,0.0250
2024,5,00-0035045,WR,3.7050,3.2500,0.1000
2024,5,00-0035208,WR,3.8984,2.5750,0.0750
2024,5,00-0035216,WR,9.7220,9.4250,0.2250
2024,5,00-0035228,QB,12.0013,1.9000,0.1250
2024,5,00-0035243,RB,2.8540,5.7250,0.0750
2024,5,00-0035249,TE,2.9939,1.9500,0.0250
2024,5,00-0035289,QB,8.4550,3.5250,0.1000
2024,5,00-0035291,RB,0.7590,1.2750,0.0000
2024,5,00-0035311,RB,2.2596,3.7500,0.0750
2024,5,00-0035329,TE,2.4700,1.6750,0.0500
2024,5,00-0035341,WR,2.3716,1.5750,0.0750
2024,5,00-0035359,WR,1.7333,1.4500,0.0250
2024,5,00-0035406,WR,2.7603,2.1500,0.1250
2024,5,00-0035414,WR,1.3548,1.7500,0.0250
2024,5,00-0035500,WR,4.8002,4.0000,0.1250
2024,5,00-0035535,WR,5.1731,5.6000,0.1750
2024,5,00-0035537,RB,3.8462,3.5000,0.1750
2024,5,00-0035594,RB,0.5989,0.9750,0.0000
2024,5,00-0035624,TE,2.3338,1.2250,0.0750
2024,5,00-0035628,RB,1.4766,2.0250,0.0750
2024,5,00-0035640,WR,18.0400,8.6250,0.6250
2024,5,00-0035644,TE,6.4020,2.6000,0.2000
2024,5,00-0035659,WR,14.8677,9.8000,0.4000
2024,5,00-0035662,WR,4.9820,4.1750,0.1000
2024,5,00-0035689,TE,4.4493,2.5750,0.1000
2024,5,00-0035700,RB,17.0450,17.2500,0.6250
2024,5,00-0035710,QB,15.1226,11.4000,0.5000
2024,5,00-0035719,WR,18.7713,7.5500,0.7000
2024,5,00-0035726,RB,1.0591,1.5750,0.0750
2024,5,00-0035806,RB,0.9586,1.8250,0.0250
2024,5,00-0035924,RB,0.7488,0.7750,0.0250
2024,5,00-0035973,RB,0.7030,0.6250,0.0250
2024,5,00-0035993,QB,14.1189,1.7000,0.0750
2024,5,00-0036020,RB,1.3195,2.1750,0.1000
2024,5,00-0036040,TE,2.2708,2.4000,0.0500
2024,5,00-0036059,TE,1.3860,0.6500,0.1000
2024,5,00-0036096,RB,2.7304,4.3750,0.1500
2024,5,00-0036139,RB,5.6808,7.2250,0.3000
2024,5,00-0036145,TE,1.0453,1.3500,0.0250
2024,5,00-0036165,WR,3.5480,3.3000,0.0750
2024,5,00-0036183,WR,4.3487,4.7500,0.2250
2024,5,00-0036196,WR,8.1857,5.0500,0.2250
2024,5,00-0036225,TE,1.8566,1.2750,0.0750
2024,5,00-0036232,TE,1.2723,1.4750,0.0000
2024,5,00-0036244,TE,6.9311,3.5250,0.1500
2024,5,00-0036251,RB,10.2580,16.0000,0.2500
2024,5,00-0036252,WR,13.8495,10.4500,0.4250
2024,5,00-0036254,WR,1.3640,0.9250,0.0250
2024,5,00-0036259,WR,11.0353,4.5250,0.1750
2024,5,00-0036261,WR,15.8668,5.8000,0.4250
2024,5,00-0036264,QB,17.6978,1.3750,0.0750
2024,5,00-0036265,RB,3.3717,3.8750,0.1000
2024,5,00-0036268,WR,1.7408,1.1000,0.0500
2024,5,00-0036269,RB,3.2507,4.1000,0.1000
2024,5,00-0036271,WR,4.5259,2.4000,0.1750
2024,5,00-0036275,RB,12.4129,17.4250,0.5000
2024,5,00-0036277,WR,1.7231,1.4000,0.0000
2024,5,00-0036290,TE,7.1329,4.6250,0.1000
2024,5,00-0036297,RB,3.5720,3.2500,0.2500
2024,5,00-0036309,WR,7.2437,5.0750,0.1250
2024,5,00-0036322,WR,25.6468,11.9250,1.1500
2024,5,00-0036328,RB,5.2597,9.0750,0.1750
2024,5,00-0036331,WR,1.7460,1.2500,0.0500
2024,5,00-0036345,WR,1.6897,2.3750,0.0250
2024,5,00-0036358,WR,23.4520,14.8500,0.7000
2024,5,00-0036407,WR,7.5804,6.5500,0.1750
2024,5,00-0036410,WR,8.0091,5.0500,0.2500
2024,5,00-0036412,WR,3.3396,2.6000,0.1000
2024,5,00-0036414,RB,6.8600,11.6500,0.3250
2024,5,00-0036415,WR,2.9108,2.8500,0.0000
2024,5,00-0036427,WR,4.3374,2.5750,0.1500
2024,5,00-0036442,QB,15.1693,2.3750,0.0250
2024,5,00-0036450,RB,0.7554,1.0250,0.0250
2024,5,00-0036527,WR,1.3933,1.2000,0.1000
2024,5,00-0036550,WR,4.6467,2.7500,0.1000
2024,5,00-0036554,WR,20.7188,8.5250,0.6000
2024,5,00-0036555,RB,6.7880,11.3750,0.4000
2024,5,00-0036556,TE,2.4146,0.9750,0.1000
2024,5,00-0036567,RB,2.1522,2.7500,0.0500
2024,5,00-0036569,RB,1.4145,1.4750,0.0750
2024,5,00-0036613,WR,8.9462,5.7750,0.2750
2024,5,00-0036626,WR,1.9923,1.6750,0.0250
2024,5,00-0036628,TE,1.6920,1.2000,0.0500
2024,5,00-0036637,TE,3.7938,1.8500,0.0250
2024,5,00-0036640,TE,1.6424,1.1000,0.0000
2024,5,00-0036849,WR,9.5816,3.4250,0.4000
2024,5,00-0036857,RB,1.5027,1.2750,0.0500
2024,5,00-0036862,WR,2.3741,1.5000,0.0500
2024,5,00-0036875,RB,8.0500,17.0750,0.2500
2024,5,00-0036876,TE,2.6237,1.6750,0.0750
2024,5,00-0036887,TE,2.0963,1.2500,0.0250
2024,5,00-0036893,RB,15.7857,20.6250,0.6750
2024,5,00-0036894,TE,10.6924,7.3500,0.1750
2024,5,00-0036900,WR,19.4657,10.8500,0.6750
2024,5,00-0036906,RB,4.0138,6.1000,0.1750
2024,5,00-0036924,RB,2.7113,3.8500,0.1500
2024,5,00-0036936,WR,3.1853,2.3500,0.0750
2024,5,00-0036945,QB,19.4273,6.3250,0.2750
2024,5,00-0036950,RB,0.8938,0.7000,0.0500
2024,5,00-0036955,WR,3.3639,1.5250,0.1250
2024,5,00-0036970,TE,13.7253,7.8750,0.3500
2024,5,00-0036971,QB,16.8338,3.1000,0.1000
2024,5,00-0036973,RB,13.5665,17.8250,0.3750
2024,5,00-0036980,WR,3.7925,4.0750,0.0500
2024,5,00-0036984,RB,7.2648,11.7000,0.4250
2024,5,00-0036997,RB,12.2417,18.5250,0.5500
2024,5,00-0037005,TE,1.7420,1.5250,0.0500
2024,5,00-0037078,TE,2.5981,1.5750,0.0500
2024,5,00-0037091,WR,6.0725,3.6500,0.1250
2024,5,00-0037120,RB,2.7667,3.7250,0.0500
2024,5,00-0037197,RB,15.2640,17.0750,0.6500
2024,5,00-0037238,WR,12.0461,8.5000,0.3750
2024,5,00-0037239,WR,12.2833,10.9250,0.3000
2024,5,00-0037247,WR,16.7517,8.6500,0.4250
2024,5,00-0037248,RB,11.2487,14.0500,0.3250
2024,5,00-0037252,TE,2.6932,2.8750,0.1000
2024,5,00-0037256,RB,11.4286,14.7750,0.6000
2024,5,00-0037258,RB,2.5072,3.5500,0.1000
2024,5,00-0037263,RB,7.6415,8.9000,0.4000
2024,5,00-0037267,RB,8.2046,12.6500,0.2500
2024,5,00-0037276,RB,6.4896,8.1250,0.4000
2024,5,00-0037286,RB,1.2503,3.0750,0.0750
2024,5,00-0037291,WR,5.3796,2.5750,0.2250
2024,5,00-0037299,RB,1.3688,2.8000,0.0750
2024,5,00-0037311,TE,0.5994,0.5750,0.0000
2024,5,00-0037348,TE,0.9577,1.1000,0.0500
2024,5,00-0037382,WR,3.0386,2.4000,0.0500
2024,5,00-0037525,RB,9.7248,10.5750,0.3250
2024,5,00-0037545,WR,6.3125,6.1500,0.0500
2024,5,00-0037557,RB,2.1519,2.6250,0.1250
2024,5,00-0037563,RB,2.0181,2.8500,0.1250
2024,5,00-0037664,WR,6.1420,4.3750,0.2000
2024,5,00-0037666,WR,6.2366,3.6750,0.3000
2024,5,00-0037740,WR,9.4471,10.4250,0.2000
2024,5,00-0037744,TE,5.9091,4.2000,0.0750
2024,5,00-0037746,RB,8.9274,11.7750,0.3750
2024,5,00-0037755,TE,4.2007,2.5750,0.1750
2024,5,00-0037801,WR,2.6035,1.7750,0.0500
2024,5,00-0037805,TE,2.1659,2.0750,0.0500
2024,5,00-0037834,QB,23.2909,1.3250,0.1000
2024,5,00-0037837,WR,5.3079,2.7000,0.2500
2024,5,00-0037838,TE,7.8738,4.1500,0.1750
2024,5,00-0037840,RB,15.5000,21.0250,0.7250
2024,5,00-0038041,TE,9.6099,6.8000,0.1500
2024,5,00-0038104,WR,2.7028,2.6250,0.1500
2024,5,00-0038115,TE,1.4811,1.3750,0.0250
2024,5,00-0038117,WR,8.9361,10.5250,0.1500
2024,5,00-0038120,RB,14.2376,19.4500,0.5500
2024,5,00-0038129,TE,5.3166,5.0750,0.1000
2024,5,00-0038134,RB,13.3073,15.3500,0.5750
2024,5,00-0038389,RB,0.8383,1.5500,0.0000
2024,5,00-0038393,WR,8.6887,5.7000,0.1750
2024,5,00-0038394,TE,2.6791,1.7500,0.1000
2024,5,00-0038396,RB,2.3489,4.0000,0.1750
2024,5,00-0038397,RB,2.7436,3.6750,0.1000
2024,5,00-0038454,RB,3.5757,2.9500,0.1250
2024,5,00-0038465,WR,1.4846,0.9500,0.0250
2024,5,00-0038496,WR,0.8185,1.4250,0.0000
2024,5,00-0038542,RB,19.2071,22.9750,0.8750
2024,5,00-0038543,WR,10.3043,6.2000,0.2250
2024,5,00-0038547,TE,2.2664,2.2750,0.0500
2024,5,00-0038555,RB,1.6248,3.2750,0.0250
2024,5,00-0038558,TE,1.8783,1.2250,0.0500
2024,5,00-0038559,WR,5.3189,4.5000,0.1250
2024,5,00-0038563,WR,4.3578,4.6750,0.1000
2024,5,00-0038564,TE,2.6103,2.4000,0.0250
2024,5,00-0038590,TE,1.0560,1.0500,0.0000
2024,5,00-0038597,RB,7.2067,8.0500,0.1500
2024,5,00-0038606,WR,2.2930,1.6000,0.0250
2024,5,00-0038611,RB,3.8462,4.7500,0.1500
2024,5,00-0038612,WR,1.7896,1.9750,0.0000
2024,5,00-0038619,WR,3.3324,3.0000,0.0250
2024,5,00-0038621,WR,6.0181,5.1500,0.2000
2024,5,00-0038622,RB,1.1366,2.0750,0.0500
2024,5,00-0038636,RB,2.4392,2.2250,0.0750
2024,5,00-0038640,WR,2.0705,1.6750,0.0750
2024,5,00-0038678,RB,0.6563,0.8250,0.0500
2024,5,00-0038685,RB,0.7642,1.5500,0.0250
2024,5,00-0038705,RB,2.3263,2.9000,0.0250
2024,5,00-0038720,TE,1.1852,0.8500,0.0750
2024,5,00-0038738,RB,1.8473,1.4000,0.0750
2024,5,00-0038752,WR,2.4090,1.2750,0.0750
2024,5,00-0038794,RB,4.9183,8.3000,0.1500
2024,5,00-0038797,RB,3.3542,3.8250,0.1000
2024,5,00-0038821,WR,0.8577,0.7750,0.0750
2024,5,00-0038933,TE,11.2748,5.9750,0.3250
2024,5,00-0038935,TE,4.2545,2.8000,0.1500
2024,5,00-0038938,WR,1.8519,2.3500,0.0250
2024,5,00-0038941,WR,0.9240,0.7250,0.0250
2024,5,00-0038951,RB,1.2127,1.8000,0.1000
2024,5,00-0038977,WR,10.6493,5.9500,0.4250
2024,5,00-0038979,WR,1.4988,1.6000,0.0500
2024,5,00-0038994,WR,6.3660,3.4750,0.2000
2024,5,00-0038996,TE,7.1575,4.0000,0.1000
2024,5,00-0038997,WR,4.7886,4.4250,0.0750
2024,5,00-0039021,RB,3.6618,4.9000,0.0750
2024,5,00-0039040,RB,11.8387,14.9750,0.3750
2024,5,00-0039041,TE,2.0773,1.8750,0.0250
2024,5,00-0039050,TE,0.5787,0.7250,0.0250
2024,5,00-0039062,WR,3.5160,3.9750,0.1250
2024,5,00-0039064,WR,16.7053,7.4750,0.5500
2024,5,00-0039067,WR,14.9811,6.5000,0.5500
2024,5,00-0039074,TE,1.3123,0.7500,0.0500
2024,5,00-0039075,WR,14.7405,6.7500,0.3500
2024,5,00-0039144,TE,5.1800,2.5750,0.1750
2024,5,00-0039146,WR,16.5142,7.2250,0.3750
2024,5,00-0039163,QB,21.6204,3.8250,0.1250
2024,5,00-0039165,RB,10.6397,10.7750,0.3750
2024,5,00-0039230,RB,1.1577,1.4750,0.0500
2024,5,00-0039325,RB,5.1033,5.3750,0.2000
2024,5,00-0039338,TE,5.5788,6.0250,0.1250
2024,5,00-0039342,WR,4.9120,5.5750,0.0750
2024,5,00-0039344,RB,7.6460,9.9000,0.4250
2024,5,00-0039355,WR,3.5877,2.2250,0.1500
2024,5,00-0039356,TE,1.6540,1.5250,0.0250
2024,5,00-0039359,TE,1.9573,1.1750,0.0500
2024,5,00-0039361,RB,7.7559,9.5000,0.3000
2024,5,00-0039363,RB,2.3433,1.7750,0.0250
2024,5,00-0039373,RB,4.7450,4.1750,0.2250
2024,5,00-0039384,RB,10.3601,15.0000,0.4000
2024,5,00-0039385,RB,4.2114,3.5000,0.0500
2024,5,00-0039386,WR,1.3771,1.0500,0.0500
2024,5,00-0039393,RB,2.1933,2.2500,0.0250
2024,5,00-0039394,WR,1.6198,1.0750,0.0500
2024,5,00-0039407,RB,6.9557,10.4000,0.3750
2024,5,00-0039424,WR,3.5945,2.2500,0.1500
2024,5,00-0039437,WR,6.7317,3.6000,0.1750
2024,5,00-0039623,WR,1.0542,0.8500,0.0250
2024,5,00-0039732,QB,10.7969,2.4000,0.0750
2024,5,00-0039737,TE,2.8958,2.0250,0.1250
2024,5,00-0039738,RB,6.4118,6.6250,0.3750
2024,5,00-0039739,WR,3.0667,2.4250,0.1250
2024,5,00-0039751,WR,3.1878,2.1250,0.0250
2024,5,00-0039754,TE,1.5401,1.1250,0.0500
2024,5,00-0039792,WR,1.2183,1.2000,0.0000
2024,5,00-0039793,TE,2.7308,1.5500,0.0750
2024,5,00-0039794,RB,4.5732,6.2500,0.1250
2024,5,00-0039796,RB,2.6208,1.6250,0.1250
2024,5,00-0039798,RB,1.3079,1.2500,0.1000
2024,5,00-0039810,WR,1.3723,1.1500,0.0000
2024,5,00-0039811,RB,5.5504,4.0500,0.1750
2024,5,00-0039814,TE,4.3623,2.7750,0.1750
2024,5,00-0039847,TE,3.4080,3.2500,0.0750
2024,5,00-0039849,WR,10.8868,8.3000,0.3500
2024,5,00-0039853,WR,3.1111,2.4750,0.1250
2024,5,00-0039868,WR,2.8470,2.3500,0.0250
2024,5,00-0039874,RB,4.9248,6.6000,0.2250
2024,5,00-0039875,RB,6.8724,8.2000,0.3500
2024,5,00-0039884,WR,0.9837,1.0250,0.0500
2024,5,00-0039890,WR,6.4786,4.5750,0.1000
2024,5,00-0039893,WR,12.9468,7.4250,0.3750
2024,5,00-0039894,WR,11.2601,5.9500,0.5500
2024,5,00-0039901,WR,7.8386,5.4750,0.0750
2024,5,00-0039907,WR,5.8606,4.8250,0.1750
2024,5,00-0039910,QB,13.5334,2.3000,0.0500
2024,5,00-0039912,TE,4.1647,2.6250,0.0750
2024,5,00-0039916,WR,7.2243,3.8750,0.2500
2024,5,00-0039918,QB,11.6106,2.8000,0.1250
2024,5,00-0039919,WR,7.2160,5.2250,0.2000
2024,5,00-0039921,RB,6.0382,7.9500,0.4000
2024,7,00-0023459,QB,12.1910,1.6750,0.1000
2024,7,00-0026158,QB,14.3214,3.7250,0.0500
2024,7,00-0026498,QB,21.5272,2.0750,0.0500
2024,7,00-0027973,QB,10.3712,1.9000,0.0500
2024,7,00-0029604,QB,22.1385,1.9250,0.0250
2024,7,00-0030035,WR,5.2867,4.1500,0.1250
2024,7,00-0030061,TE,11.9594,5.0000,0.2500
2024,7,00-0030506,TE,14.2250,8.2500,0.3000
2024,7,00-0030564,WR,5.6647,6.1750,0.1750
2024,7,00-0030565,QB,21.1498,3.3750,0.1750
2024,7,00-0031381,WR,10.6019,5.8750,0.1750
2024,7,00-0031408,WR,11.4002,8.4750,0.1000
2024,7,00-0031544,WR,15.8907,8.0000,0.5750
2024,7,00-0031547,WR,4.3925,2.8500,0.1500
2024,7,00-0031549,WR,4.4462,2.3750,0.0500
2024,7,00-0031588,WR,17.1150,9.6250,0.5000
2024,7,00-0031610,TE,3.7852,3.8250,0.1000
2024,7,00-0031687,RB,6.3163,8.3750,0.4000
2024,7,00-0032104,RB,3.7400,4.5000,0.1500
2024,7,00-0032134,TE,2.0975,1.7250,0.0000
2024,7,00-0032211,WR,11.6346,6.3500,0.4000
2024,7,00-0032385,WR,2.7978,2.8750,0.0250
2024,7,00-0032392,TE,2.4889,2.8500,0.0250
2024,7,00-0032394,TE,1.4525,1.2500,0.0250
2024,7,00-0032398,WR,3.0458,2.1750,0.0750
2024,7,00-0032464,WR,5.6238,2.4250,0.1500
2024,7,00-0032764,RB,21.1208,21.9000,0.9500
2024,7,00-0032775,WR,7.8889,3.6000,0.1750
2024,7,00-0032951,WR,4.6661,2.4250,0.2250
2024,7,00-0032977,WR,2.7598,2.8750,0.1000
2024,7,00-0033009,WR,3.8868,4.2750,0.0250
2024,7,00-0033040,WR,19.2153,12.2250,0.6250
2024,7,00-0033090,TE,7.9559,5.4500,0.3000
2024,7,00-0033106,QB,20.6327,1.7250,0.0250
2024,7,00-0033110,TE,9.5611,4.9250,0.3500
2024,7,00-0033217,TE,4.0551,2.6000,0.0750
2024,7,00-0033246,TE,4.2316,2.6250,0.0500
2024,7,00-0033280,RB,21.7333,17.5500,1.0750
2024,7,00-0033282,WR,6.5566,3.7500,0.1500
2024,7,00-0033288,TE,14.3222,6.5250,0.4500
2024,7,00-0033293,RB,9.4731,9.2000,0.3750
2024,7,00-0033307,WR,2.9702,2.6000,0.0500
2024,7,00-0033375,WR,6.7595,2.4000,0.3500
2024,7,00-0033439,TE,2.8534,1.4750,0.1250
2024,7,00-0033455,TE,1.5623,1.0750,0.0500
2024,7,00-0033526,RB,4.0825,3.9000,0.1000
2024,7,00-0033536,WR,5.0238,2.8750,0.1500
2024,7,00-0033537,QB,9.9544,2.7750,0.1250
2024,7,00-0033553,RB,13.5522,18.1250,0.6250
2024,7,00-0033555,WR,4.2252,2.6250,0.1250
2024,7,00-0033556,RB,3.6574,4.0250,0.2250
2024,7,00-0033591,WR,8.5061,3.5250,0.1500
2024,7,00-0033699,RB,16.9139,12.9000,0.4750
2024,7,00-0033757,TE,3.9083,2.2250,0.0500
2024,7,00-0033854,RB,3.6225,4.9000,0.1000
2024,7,00-0033858,TE,6.2798,4.2250,0.2000
2024,7,00-0033873,QB,16.2520,2.3000,0.0500
2024,7,00-0033881,TE,7.4690,4.3750,0.1750
2024,7,00-0033885,TE,6.9553,6.5500,0.0750
2024,7,00-0033891,WR,5.3965,4.2750,0.1000
2024,7,00-0033897,RB,11.2950,15.8000,0.4250
2024,7,00-0033906,RB,17.7388,27.1000,0.6500
2024,7,00-0033908,WR,10.7222,4.2750,0.4250
2024,7,00-0033921,WR,13.7950,10.0250,0.2250
2024,7,00-0033923,RB,2.1225,4.0750,0.0500
2024,7,00-0033925,RB,6.0935,10.2000,0.4250
2024,7,00-0033943,WR,4.3187,3.3000,0.0250
2024,7,00-0033948,RB,4.2569,7.2000,0.2750
2024,7,00-0033955,RB,3.9142,2.9750,0.1000
2024,7,00-0034073,TE,2.1013,1.0000,0.0500
2024,7,00-0034115,RB,2.9429,3.8500,0.1250
2024,7,00-0034159,TE,6.9900,3.7000,0.2500
2024,7,00-0034184,RB,5.0375,8.2500,0.1500
2024,7,00-0034270,TE,2.5752,2.3750,0.0750
2024,7,00-0034272,WR,3.7707,1.9250,0.1250
2024,7,00-0034279,WR,2.7063,2.8500,0.0500
2024,7,00-0034348,WR,7.0815,8.1000,0.0750
2024,7,00-0034353,WR,2.0936,2.0500,0.0250
2024,7,00-0034364,TE,4.3252,3.3750,0.1250
2024,7,00-0034367,RB,1.4154,1.6000,0.0750
2024,7,00-0034383,TE,7.3650,4.6250,0.2500
2024,7,00-0034386,WR,2.5150,1.8250,0.0500
2024,7,00-0034406,WR,2.0751,1.6250,0.0750
2024,7,00-0034407,WR,7.1244,3.7000,0.2000
2024,7,00-0034418,WR,3.0437,2.9000,0.0250
2024,7,00-0034419,WR,0.9863,0.8000,0.0250
2024,7,00-0034521,WR,5.2603,4.1250,0.1000
2024,7,00-0034613,TE,0.6122,1.0000,0.0000
2024,7,00-0034646,WR,2.2431,1.5750,0.0750
2024,7,00-0034681,RB,2.7048,3.6500,0.1000
2024,7,00-0034750,RB,2.6832,4.2000,0.1500
2024,7,00-0034753,TE,12.0836,5.4750,0.3250
2024,7,00-0034764,WR,2.1280,2.7000,0.0000
2024,7,00-0034765,WR,4.9390,2.2000,0.1500
2024,7,00-0034775,WR,12.9252,7.6000,0.3500
2024,7,00-0034777,WR,6.2600,4.2500,0.1500
2024,7,00-0034791,RB,7.7664,10.4750,0.4250
2024,7,00-0034796,QB,21.8479,5.0750,0.3250
2024,7,00-0034798,TE,2.6286,1.9000,0.0250
2024,7,00-0034829,TE,3.7367,2.9000,0.0500
2024,7,00-0034837,WR,6.0200,8.7000,0.0750
2024,7,00-0034844,RB,13.6375,19.4250,0.4750
2024,7,00-0034854,WR,1.8288,0.5500,0.0750
2024,7,00-0034855,QB,11.1946,2.2000,0.1000
2024,7,00-0034857,QB,24.1811,6.3500,0.3250
2024,7,00-0034860,WR,1.9071,2.1250,0.1000
2024,7,00-0034869,QB,19.2484,2.1750,0.1000
2024,7,00-0034970,TE,1.5400,1.5250,0.0250
2024,7,00-0034972,RB,9.0040,14.5000,0.3750
2024,7,00-0034975,RB,6.7186,5.3250,0.1000
2024,7,00-0034981,TE,4.3240,3.5500,0.0750
2024,7,00-0035045,WR,3.9924,3.3000,0.1000
2024,7,00-0035208,WR,5.0088,2.8500,0.0750
2024,7,00-0035215,WR,1.5602,0.8750,0.0500
2024,7,00-0035216,WR,7.8879,6.0750,0.2250
2024,7,00-0035228,QB,15.8087,3.2500,0.1500
2024,7,00-0035229,TE,10.0883,4.9000,0.2500
2024,7,00-0035243,RB,5.2867,7.2000,0.2250
2024,7,00-0035250,RB,9.6113,15.0500,0.5250
2024,7,00-0035261,RB,14.7035,26.3750,1.0750
2024,7,00-0035291,RB,1.3036,1.6250,0.0500
2024,7,00-0035311,RB,2.0514,3.5000,0.0500
2024,7,00-0035341,WR,2.8922,1.4000,0.1250
2024,7,00-0035406,WR,3.3004,2.6500,0.1250
2024,7,00-0035414,WR,1.5160,1.9750,0.0000
2024,7,00-0035500,WR,5.3559,3.5500,0.2000
2024,7,00-0035535,WR,5.9345,5.4750,0.0750
2024,7,00-0035537,RB,2.6316,2.9250,0.1000
2024,7,00-0035567,RB,1.2100,1.5750,0.0750
2024,7,00-0035624,TE,2.8039,1.5500,0.0250
2024,7,00-0035628,RB,1.7352,3.2500,0.0250
2024,7,00-0035639,WR,1.7975,1.6000,0.0250
2024,7,00-0035640,WR,16.0239,9.4250,0.5500
2024,7,00-0035644,TE,8.3312,3.7750,0.3000
2024,7,00-0035659,WR,22.8106,8.8500,0.6500
2024,7,00-0035662,WR,7.6900,5.4750,0.3250
2024,7,00-0035676,WR,13.4225,7.5750,0.5000
2024,7,00-0035685,RB,10.7608,13.0500,0.5500
2024,7,00-0035689,TE,2.2613,1.0250,0.0750
2024,7,00-0035700,RB,10.7327,15.7000,0.3500
2024,7,00-0035710,QB,10.8186,4.6000,0.2000
2024,7,00-0035719,WR,15.7722,7.6000,0.5750
2024,7,00-0035726,RB,0.4745,0.6000,0.0000
2024,7,00-0035806,RB,1.1163,1.9250,0.0000
2024,7,00-0035924,RB,0.4419,0.8250,0.0250
2024,7,00-0035973,RB,0.2000,0.4000,0.0000
2024,7,00-0035993,QB,14.4953,2.5000,0.0250
2024,7,00-0036020,RB,3.5955,4.9250,0.2000
2024,7,00-0036040,TE,4.4754,4.6250,0.0750
2024,7,00-0036059,TE,2.1394,1.0000,0.0500
2024,7,00-0036096,RB,1.4750,2.6000,0.0750
2024,7,00-0036158,RB,14.1825,14.4500,0.7500
2024,7,00-0036165,WR,1.0248,0.9000,0.0000
2024,7,00-0036182,WR,1.9740,1.8750,0.0500
2024,7,00-0036183,WR,2.5800,2.7500,0.0750
2024,7,00-0036196,WR,7.6657,6.1000,0.0500
2024,7,00-0036219,WR,1.9349,2.5750,0.0000
2024,7,00-0036225,TE,1.2375,1.0250,0.0250
2024,7,00-0036232,TE,1.9720,1.8500,0.0500
2024,7,00-0036233,WR,3.9792,1.8000,0.1500
2024,7,00-0036244,TE,8.4361,4.6250,0.2000
2024,7,00-0036251,RB,12.8144,16.1750,0.5250
2024,7,00-0036252,WR,9.1572,6.7000,0.1500
2024,7,00-0036261,WR,16.2500,6.7500,0.5000
2024,7,00-0036264,QB,20.0906,1.6750,0.0250
2024,7,00-0036265,RB,3.9298,3.9250,0.1500
2024,7,00-0036268,WR,1.8646,1.4000,0.0250
2024,7,00-0036269,RB,1.5807,3.3500,0.0500
2024,7,00-0036271,WR,2.5571,2.1750,0.0500
2024,7,00-0036277,WR,2.7444,1.3750,0.1000
2024,7,00-0036309,WR,12.4472,5.9500,0.2750
2024,7,00-0036322,WR,24.4425,13.3500,0.4750
2024,7,00-0036328,RB,6.6681,10.9500,0.3500
2024,7,00-0036345,WR,3.8084,3.9250,0.1500
2024,7,00-0036355,QB,14.7075,2.5750,0.0750
2024,7,00-0036360,RB,3.8450,4.1250,0.1000
2024,7,00-0036387,WR,2.8325,2.7500,0.0000
2024,7,00-0036389,QB,18.3440,6.7500,0.3000
2024,7,00-0036407,WR,9.1858,8.5250,0.2500
2024,7,00-0036410,WR,12.5057,7.6750,0.3750
2024,7,00-0036412,WR,1.7871,1.3500,0.0250
2024,7,00-0036414,RB,6.4633,8.0750,0.2500
2024,7,00-0036415,WR,3.8871,3.3000,0.1000
2024,7,00-0036423,TE,2.1025,1.9750,0.0000
2024,7,00-0036427,WR,4.6639,2.5000,0.1750
2024,7,00-0036442,QB,16.6440,2.7750,0.0750
2024,7,00-0036450,RB,0.3972,0.8250,0.0000
2024,7,00-0036497,WR,2.1151,1.4750,0.0500
2024,7,00-0036527,WR,1.6480,2.1000,0.0750
2024,7,00-0036550,WR,6.5860,3.9000,0.0750
2024,7,00-0036554,WR,16.4775,6.9500,0.5500
2024,7,00-0036555,RB,12.4207,16.0500,0.5500
2024,7,00-0036567,RB,2.0556,2.4000,0.0750
2024,7,00-0036569,RB,1.4783,1.6500,0.1000
2024,7,00-0036613,WR,10.0541,6.6750,0.2750
2024,7,00-0036626,WR,2.8941,1.5250,0.0750
2024,7,00-0036627,WR,4.6150,3.2500,0.1250
2024,7,00-0036637,TE,3.2850,2.2750,0.0250
2024,7,00-0036670,RB,1.5262,1.6000,0.0500
2024,7,00-0036755,RB,2.7325,3.8250,0.1000
2024,7,00-0036849,WR,9.6194,3.7000,0.4000
2024,7,00-0036857,RB,1.3881,1.3250,0.0500
2024,7,00-0036862,WR,2.1213,1.6000,0.0750
2024,7,00-0036875,RB,5.6682,10.6750,0.2000
2024,7,00-0036887,TE,2.4762,1.4500,0.0500
2024,7,00-0036893,RB,11.5748,17.8250,0.6250
2024,7,00-0036894,TE,9.0177,6.5000,0.3250
2024,7,00-0036900,WR,21.0267,10.4500,0.6250
2024,7,00-0036912,WR,11.8950,7.0500,0.3250
2024,7,00-0036919,RB,2.6425,2.5750,0.0750
2024,7,00-0036924,RB,2.1930,3.7250,0.0500
2024,7,00-0036936,WR,4.6688,1.8250,0.1500
2024,7,00-0036945,QB,15.4060,5.5500,0.2250
2024,7,00-0036950,RB,0.6358,0.5000,0.0250
2024,7,00-0036955,WR,2.7167,1.7250,0.0500
2024,7,00-0036963,WR,19.7725,10.4750,0.5000
2024,7,00-0036970,TE,16.8375,7.0000,0.4750
2024,7,00-0036971,QB,17.8970,4.0000,0.0500
2024,7,00-0036973,RB,6.9921,10.6500,0.2000
2024,7,00-0036980,WR,4.5605,5.7250,0.0250
2024,7,00-0036984,RB,8.1023,11.2250,0.3750
2024,7,00-0036988,WR,10.7975,6.9000,0.1750
2024,7,00-0036997,RB,11.6964,18.0750,0.5250
2024,7,00-0037078,TE,2.9721,1.4000,0.0750
2024,7,00-0037085,RB,1.7117,2.2750,0.0500
2024,7,00-0037086,TE,4.8425,2.3250,0.1500
2024,7,00-0037091,WR,4.6127,3.1250,0.1000
2024,7,00-0037120,RB,4.8854,4.8500,0.1750
2024,7,00-0037197,RB,8.8425,10.8250,0.1750
2024,7,00-0037228,RB,5.7391,6.3750,0.2500
2024,7,00-0037231,WR,0.8031,1.0250,0.0500
2024,7,00-0037238,WR,17.6307,9.1500,0.4250
2024,7,00-0037240,WR,9.2235,5.1500,0.2750
2024,7,00-0037247,WR,13.6859,9.3750,0.5000
2024,7,00-0037248,RB,13.4414,15.7250,0.5500
2024,7,00-0037252,TE,2.8221,2.4500,0.1250
2024,7,00-0037256,RB,5.6833,7.6250,0.2250
2024,7,00-0037258,RB,2.7125,4.8750,0.0750
2024,7,00-0037261,WR,7.1065,2.9750,0.2000
2024,7,00-0037263,RB,9.6102,8.5750,0.4500
2024,7,00-0037276,RB,5.1185,6.7750,0.2000
2024,7,00-0037286,RB,1.8006,3.8250,0.1250
2024,7,00-0037291,WR,4.1400,1.8750,0.1250
2024,7,00-0037299,RB,1.3000,2.4000,0.0500
2024,7,00-0037348,TE,0.6492,0.7500,0.0000
2024,7,00-0037429,RB,0.9111,1.0500,0.0500
2024,7,00-0037487,WR,1.5512,1.5750,0.0500
2024,7,00-0037525,RB,9.2083,8.1000,0.3750
2024,7,00-0037557,RB,1.8694,2.6000,0.0750
2024,7,00-0037594,RB,0.8540,1.4500,0.1000
2024,7,00-0037617,RB,1.1250,1.3000,0.0250
2024,7,00-0037664,WR,3.8383,2.6750,0.0750
2024,7,00-0037740,WR,12.4174,10.6500,0.1250
2024,7,00-0037741,WR,3.3800,3.0250,0.1250
2024,7,00-0037744,TE,10.7404,7.5000,0.1750
2024,7,00-0037746,RB,10.4005,9.7000,0.3250
2024,7,00-0037755,TE,3.6033,3.3500,0.0500
2024,7,00-0037805,TE,1.6244,1.3750,0.0500
2024,7,00-0037809,TE,4.2052,4.1250,0.1250
2024,7,00-0037816,WR,10.6477,4.9750,0.3250
2024,7,00-0037827,RB,0.5700,1.6750,0.0250
2024,7,00-0037834,QB,20.9956,1.0000,0.0500
2024,7,00-0037837,WR,5.4904,3.3500,0.3000
2024,7,00-0037838,TE,8.1832,4.0250,0.1750
2024,7,00-0037840,RB,15.5306,20.5250,0.6250
2024,7,00-0038040,RB,2.9560,6.3750,0.1500
2024,7,00-0038046,TE,2.3372,0.8000,0.1000
2024,7,00-0038098,RB,2.8429,3.4500,0.1500
2024,7,00-0038104,WR,1.3549,2.0500,0.0000
2024,7,00-0038115,TE,0.6413,0.4750,0.0250
2024,7,00-0038117,WR,7.0048,7.0500,0.2000
2024,7,00-0038120,RB,15.1599,19.3750,0.7250
2024,7,00-0038124,WR,7.0295,2.9750,0.2750
2024,7,00-0038129,TE,6.3266,5.6750,0.1000
2024,7,00-0038134,RB,10.3494,12.2750,0.4250
2024,7,00-0038389,RB,1.0869,1.4500,0.0500
2024,7,00-0038393,WR,4.2472,2.3000,0.1250
2024,7,00-0038396,RB,1.5708,2.4500,0.0500
2024,7,00-0038397,RB,2.1098,2.5000,0.0250
2024,7,00-0038454,RB,4.3722,3.0500,0.1000
2024,7,00-0038542,RB,20.2104,19.8500,0.8000
2024,7,00-0038543,WR,9.1854,6.6000,0.1500
2024,7,00-0038551,RB,3.6915,4.0250,0.2000
2024,7,00-0038555,RB,3.7156,7.3250,0.1000
2024,7,00-0038558,TE,1.4738,1.3000,0.0000
2024,7,00-0038559,WR,6.2971,4.4250,0.1750
2024,7,00-0038563,WR,6.3060,5.6500,0.1500
2024,7,00-0038564,TE,2.4212,2.3500,0.0750
2024,7,00-0038579,QB,9.9768,2.5000,0.2250
2024,7,00-0038589,TE,2.6092,2.8250,0.1250
2024,7,00-0038597,RB,9.5633,11.1750,0.2500
2024,7,00-0038606,WR,2.2849,1.6750,0.0250
2024,7,00-0038608,WR,2.2858,1.9250,0.0500
2024,7,00-0038611,RB,4.6224,5.0250,0.1750
2024,7,00-0038612,WR,2.6092,1.7500,0.0500
2024,7,00-0038618,WR,1.5800,1.3750,0.0500
2024,7,00-0038619,WR,4.3251,3.1500,0.1000
2024,7,00-0038621,WR,6.4294,6.2500,0.1000
2024,7,00-0038632,WR,0.7000,0.7750,0.0250
2024,7,00-0038636,RB,2.5328,2.6000,0.1000
2024,7,00-0038678,RB,1.9339,1.7750,0.0750
2024,7,00-0038705,RB,3.3874,3.6500,0.0750
2024,7,00-0038720,TE,1.2983,1.2000,0.0500
2024,7,00-0038752,WR,3.5755,1.9750,0.0500
2024,7,00-0038794,RB,5.0823,7.7500,0.2000
2024,7,00-0038797,RB,3.8023,4.5250,0.0750
2024,7,00-0038933,TE,9.5894,4.5750,0.2500
2024,7,00-0038935,TE,4.6371,3.1500,0.1500
2024,7,00-0038938,WR,1.8547,1.6250,0.0750
2024,7,00-0038951,RB,2.8882,3.0000,0.1500
2024,7,00-0038976,WR,1.6941,1.7750,0.0250
2024,7,00-0038977,WR,10.3700,6.6250,0.3500
2024,7,00-0038979,WR,2.1920,2.0750,0.1000
2024,7,00-0038994,WR,9.8165,4.6250,0.4250
2024,7,00-0038996,TE,8.9618,3.6500,0.3000
2024,7,00-0038997,WR,5.3502,4.6750,0.0500
2024,7,00-0039040,RB,14.5368,14.4750,0.7250
2024,7,00-0039041,TE,1.8418,1.4750,0.0000
2024,7,00-0039052,WR,0.9584,0.9750,0.0000
2024,7,00-0039062,WR,4.7674,5.1250,0.1500
2024,7,00-0039064,WR,15.3211,7.6500,0.3250
2024,7,00-0039065,TE,8.5800,4.2250,0.2750
2024,7,00-0039066,TE,3.0480,2.4750,0.1250
2024,7,00-0039067,WR,11.6575,6.7000,0.3250
2024,7,00-0039075,WR,11.4333,5.2750,0.2250
2024,7,00-0039139,RB,11.6848,13.6750,0.3000
2024,7,00-0039144,TE,4.0488,2.3500,0.1000
2024,7,00-0039146,WR,14.5152,6.4750,0.5250
2024,7,00-0039152,QB,7.7035,1.4750,0.0500
2024,7,00-0039163,QB,18.5150,1.8500,0.0500
2024,7,00-0039165,RB,10.8074,11.9250,0.3500
2024,7,00-0039325,RB,3.2900,4.2750,0.1750
2024,7,00-0039337,WR,9.8518,9.1750,0.1250
2024,7,00-0039338,TE,11.4700,10.0500,0.2250
2024,7,00-0039342,WR,7.0839,6.4000,0.1250
2024,7,00-0039355,WR,5.5747,2.7750,0.1500
2024,7,00-0039356,TE,4.3961,3.7750,0.0750
2024,7,00-0039359,TE,1.8900,1.3250,0.0500
2024,7,00-0039361,RB,12.8159,11.8500,0.5500
2024,7,00-0039363,RB,2.0750,2.5250,0.0750
2024,7,00-0039364,RB,4.3835,2.7000,0.1750
2024,7,00-0039365,WR,2.0806,1.2250,0.0500
2024,7,00-0039373,RB,3.0920,3.8250,0.1500
2024,7,00-0039376,QB,9.5117,2.9250,0.0750
2024,7,00-0039384,RB,7.7805,10.7500,0.3000
2024,7,00-0039385,RB,3.5189,4.0500,0.0250
2024,7,00-0039386,WR,2.4073,2.3250,0.0500
2024,7,00-0039391,RB,3.8425,3.4750,0.1000
2024,7,00-0039392,WR,2.1560,2.0000,0.1000
2024,7,00-0039393,RB,3.8846,3.0000,0.1750
2024,7,00-0039394,WR,2.1588,0.9250,0.0750
2024,7,00-0039397,WR,2.1213,1.4250,0.0750
2024,7,00-0039407,RB,2.7480,3.2250,0.0750
2024,7,00-0039415,WR,4.8225,3.6500,0.1000
2024,7,00-0039424,WR,3.2653,2.1500,0.1250
2024,7,00-0039437,WR,4.2585,2.5000,0.1000
2024,7,00-0039491,WR,2.3643,1.3750,0.1000
2024,7,00-0039623,WR,2.5760,2.1250,0.0750
2024,7,00-0039652,RB,0.2502,0.7500,0.0000
2024,7,00-0039732,QB,10.6747,2.8500,0.0750
2024,7,00-0039738,RB,4.9861,5.2750,0.1500
2024,7,00-0039739,WR,1.4039,1.1500,0.0750
2024,7,00-0039746,RB,4.2125,3.7750,0.1500
2024,7,00-0039751,WR,2.0917,1.2750,0.0500
2024,7,00-0039754,TE,2.2423,1.4000,0.0500
2024,7,00-0039792,WR,2.0072,1.1750,0.0250
2024,7,00-0039793,TE,1.9508,1.4750,0.0500
2024,7,00-0039794,RB,4.4577,5.7000,0.1500
2024,7,00-0039798,RB,1.0320,1.0000,0.0500
2024,7,00-0039810,WR,0.9474,0.8000,0.0000
2024,7,00-0039811,RB,3.9808,3.0500,0.1750
2024,7,00-0039814,TE,3.9372,2.7000,0.1000
2024,7,00-0039847,TE,2.7690,2.3000,0.0750
2024,7,00-0039849,WR,12.4103,7.9500,0.5000
2024,7,00-0039851,QB,9.5199,3.2250,0.1000
2024,7,00-0039855,WR,2.8959,2.4500,0.0250
2024,7,00-0039868,WR,3.2456,2.5000,0.0750
2024,7,00-0039874,RB,4.9451,7.1500,0.1750
2024,7,00-0039875,RB,4.6432,5.5750,0.1750
2024,7,00-0039884,WR,1.0136,0.8500,0.0000
2024,7,00-0039890,WR,9.6063,5.8750,0.2000
2024,7,00-0039893,WR,15.2721,8.2750,0.5500
2024,7,00-0039894,WR,9.2175,6.5250,0.2750
2024,7,00-0039901,WR,7.3786,3.6000,0.3000
2024,7,00-0039907,WR,4.9542,5.0750,0.1000
2024,7,00-0039910,QB,25.2425,3.5500,0.1750
2024,7,00-0039912,TE,4.1039,2.2750,0.0500
2024,7,00-0039915,WR,7.5975,5.2500,0.2750
2024,7,00-0039916,WR,3.1528,2.1500,0.0750
2024,7,00-0039921,RB,2.5776,3.9750,0.1000
2024,9,00-0023459,QB,13.2771,1.9000,0.0500
2024,9,00-0026498,QB,16.2339,1.8750,0.0250
2024,9,00-0029604,QB,20.0420,2.1000,0.0750
2024,9,00-0030061,TE,8.8391,5.5750,0.1000
2024,9,00-0030279,WR,5.4968,5.5750,0.0500
2024,9,00-0030431,WR,1.2551,1.4000,0.0000
2024,9,00-0030506,TE,18.7359,8.0000,0.4250
2024,9,00-0030564,WR,10.4549,5.1750,0.3250
2024,9,00-0030565,QB,18.5049,3.3000,0.2250
2024,9,00-0031235,WR,1.5418,1.0500,0.0250
2024,9,00-0031236,WR,4.0044,3.1000,0.1000
2024,9,00-0031381,WR,10.7103,6.7500,0.2000
2024,9,00-0031428,WR,1.3556,1.0000,0.0250
2024,9,00-0031503,QB,11.7068,2.3250,0.0750
2024,9,00-0031544,WR,10.1935,4.6750,0.2500
2024,9,00-0031547,WR,3.0881,1.9250,0.0250
2024,9,00-0031549,WR,3.6568,2.0000,0.0500
2024,9,00-0031588,WR,13.4776,8.9250,0.3500
2024,9,00-0031610,TE,4.2889,3.7750,0.1250
2024,9,00-0031687,RB,6.1106,7.7750,0.3250
2024,9,00-0031763,WR,2.2336,1.6500,0.0500
2024,9,00-0032104,RB,2.2159,3.3250,0.0250
2024,9,00-0032134,TE,3.2784,1.6250,0.0500
2024,9,00-0032208,WR,3.5231,2.4250,0.1000
2024,9,00-0032211,WR,16.2620,8.7250,0.5500
2024,9,00-0032385,WR,1.3829,1.8750,0.0000
2024,9,00-0032392,TE,3.0234,3.0500,0.0500
2024,9,00-0032394,TE,3.3799,1.9750,0.1500
2024,9,00-0032398,WR,4.1937,2.1000,0.2000
2024,9,00-0032464,WR,4.7444,2.3000,0.1500
2024,9,00-0032764,RB,18.3057,19.9500,0.7750
2024,9,00-0032775,WR,6.9500,3.4500,0.2250
2024,9,00-0032951,WR,1.8608,1.8000,0.0000
2024,9,00-0032977,WR,2.6572,2.3750,0.1250
2024,9,00-0033009,WR,5.3673,3.1750,0.1750
2024,9,00-0033040,WR,19.8357,11.9000,0.5500
2024,9,00-0033045,RB,6.7511,10.2750,0.2250
2024,9,00-0033077,QB,15.4709,2.5500,0.1500
2024,9,00-0033090,TE,6.6523,5.1000,0.1750
2024,9,00-0033106,QB,21.1856,1.9500,0.0500
2024,9,00-0033110,TE,7.5972,4.6000,0.1000
2024,9,00-0033217,TE,1.4783,1.4500,0.0250
2024,9,00-0033246,TE,4.9755,2.7000,0.1250
2024,9,00-0033282,WR,3.6907,1.9250,0.0750
2024,9,00-0033293,RB,14.9859,17.1000,0.4500
2024,9,00-0033307,WR,3.1930,2.3750,0.0750
2024,9,00-0033357,TE,5.7598,5.2000,0.1750
2024,9,00-0033375,WR,6.6917,2.8250,0.1750
2024,9,00-0033439,TE,3.1151,1.2500,0.1000
2024,9,00-0033455,TE,2.8290,1.6500,0.1000
2024,9,00-0033526,RB,5.5106,3.8500,0.1250
2024,9,00-0033536,WR,5.5737,3.0250,0.1500
2024,9,00-0033553,RB,11.7019,17.0250,0.3750
2024,9,00-0033555,WR,6.7371,3.1250,0.2500
2024,9,00-0033556,RB,2.6731,4.0750,0.0250
2024,9,00-0033589,WR,3.2363,2.5500,0.0750
2024,9,00-0033591,WR,7.5188,3.9750,0.2750
2024,9,00-0033699,RB,13.7091,13.3500,0.5750
2024,9,00-0033757,TE,4.5624,1.9750,0.1750
2024,9,00-0033854,RB,3.6444,4.5250,0.1000
2024,9,00-0033858,TE,8.2285,5.4750,0.2000
2024,9,00-0033873,QB,24.0218,2.9750,0.0500
2024,9,00-0033881,TE,10.4185,7.9500,0.2500
2024,9,00-0033885,TE,9.4162,6.7000,0.2250
2024,9,00-0033891,WR,2.2080,1.5750,0.0500
2024,9,00-0033893,RB,2.8910,3.3750,0.1250
2024,9,00-0033895,TE,3.1844,2.1750,0.1250
2024,9,00-0033897,RB,15.2862,21.2500,0.7500
2024,9,00-0033906,RB,23.6256,27.5250,0.8750
2024,9,00-0033908,WR,9.7667,6.8000,0.1500
2024,9,00-0033921,WR,11.4448,10.2750,0.1750
2024,9,00-0033923,RB,5.2047,7.6750,0.1750
2024,9,00-0033925,RB,4.6418,7.2250,0.1750
2024,9,00-0033943,WR,4.4938,3.6000,0.0500
2024,9,00-0033955,RB,4.0180,3.5750,0.2250
2024,9,00-0034073,TE,2.4842,1.0750,0.1000
2024,9,00-0034115,RB,1.9574,2.3250,0.1000
2024,9,00-0034159,TE,7.0656,4.3000,0.1250
2024,9,00-0034184,RB,3.9012,6.0250,0.2250
2024,9,00-0034270,TE,5.1980,4.4500,0.0750
2024,9,00-0034272,WR,1.5206,1.2000,0.0250
2024,9,00-0034279,WR,2.0901,1.5750,0.0750
2024,9,00-0034348,WR,7.0396,7.1750,0.1750
2024,9,00-0034353,WR,1.5201,1.4250,0.0250
2024,9,00-0034364,TE,4.1220,3.1000,0.1500
2024,9,00-0034367,RB,2.0948,2.4750,0.0250
2024,9,00-0034383,TE,6.3618,4.4000,0.2500
2024,9,00-0034406,WR,3.0556,1.4750,0.1000
2024,9,00-0034407,WR,8.0178,4.5000,0.1250
2024,9,00-0034418,WR,2.1547,1.3750,0.0000
2024,9,00-0034419,WR,1.1333,0.8750,0.0750
2024,9,00-0034613,TE,2.5352,1.4750,0.0500
2024,9,00-0034681,RB,1.3221,3.0250,0.0500
2024,9,00-0034750,RB,3.0295,4.0250,0.2000
2024,9,00-0034753,TE,11.3528,5.2750,0.3000
2024,9,00-0034764,WR,2.0741,2.4750,0.0500
2024,9,00-0034771,QB,15.6390,5.2250,0.2250
2024,9,00-0034777,WR,5.4117,3.5750,0.1500
2024,9,00-0034791,RB,6.6600,8.7000,0.3000
2024,9,00-0034796,QB,24.6895,5.4000,0.2000
2024,9,00-0034798,TE,2.4744,1.4250,0.0750
2024,9,00-0034827,WR,10.0787,7.8500,0.3750
2024,9,00-0034829,TE,7.2109,3.5750,0.0500
2024,9,00-0034830,TE,2.5587,2.4000,0.0000
2024,9,00-0034837,WR,14.7878,11.5750,0.4250
2024,9,00-0034844,RB,18.2435,19.1000,0.8250
2024,9,00-0034855,QB,10.3023,2.5250,0.2250
2024,9,00-0034857,QB,28.5067,5.8750,0.0750
2024,9,00-0034860,WR,1.1250,0.9500,0.0250
2024,9,00-0034869,QB,21.2466,1.9250,0.0500
2024,9,00-0034960,WR,8.1832,6.7000,0.2250
2024,9,00-0034970,TE,1.3781,1.1000,0.0250
2024,9,00-0034972,RB,9.4802,16.3500,0.5250
2024,9,00-0034975,RB,6.6600,4.7500,0.2250
2024,9,00-0034981,TE,2.6569,2.0750,0.0250
2024,9,00-0035045,WR,2.5268,2.3250,0.0750
2024,9,00-0035208,WR,4.3447,3.1000,0.1000
2024,9,00-0035216,WR,10.2891,6.0000,0.3000
2024,9,00-0035228,QB,15.3487,2.4750,0.1500
2024,9,00-0035229,TE,12.5695,6.7250,0.3500
2024,9,00-0035243,RB,5.1242,7.2500,0.1000
2024,9,00-0035249,TE,3.2932,1.6500,0.1000
2024,9,00-0035250,RB,10.5289,13.1750,0.7750
2024,9,00-0035261,RB,11.6684,19.1750,0.5500
2024,9,00-0035289,QB,10.4250,2.3000,0.0500
2024,9,00-0035291,RB,2.0994,2.7250,0.0750
2024,9,00-0035311,RB,1.6526,2.5750,0.0000
2024,9,00-0035341,WR,3.3596,1.6750,0.0750
2024,9,00-0035406,WR,3.4083,3.4500,0.1000
2024,9,00-0035414,WR,1.3012,1.6250,0.0000
2024,9,00-0035500,WR,4.9476,2.9500,0.1500
2024,9,00-0035535,WR,5.9222,5.1500,0.1000
2024,9,00-0035537,RB,2.4883,2.6500,0.0250
2024,9,00-0035567,RB,0.8111,1.4250,0.0500
2024,9,00-0035628,RB,4.6542,5.8250,0.1750
2024,9,00-0035631,TE,1.3368,0.8250,0.0500
2024,9,00-0035639,WR,1.9528,1.2500,0.0500
2024,9,00-0035659,WR,16.9241,9.3000,0.5000
2024,9,00-0035662,WR,7.1849,4.2000,0.1500
2024,9,00-0035676,WR,20.7966,8.9250,0.5250
2024,9,00-0035685,RB,9.6056,12.4250,0.3500
2024,9,00-0035689,TE,4.2026,2.1500,0.1250
2024,9,00-0035700,RB,7.6850,12.8500,0.2750
2024,9,00-0035710,QB,10.1813,4.2000,0.2000
2024,9,00-0035726,RB,0.6467,0.6250,0.0500
2024,9,00-0035806,RB,1.4555,2.4500,0.0250
2024,9,00-0035891,WR,1.1881,0.8750,0.0500
2024,9,00-0035934,WR,1.8458,1.0250,0.0500
2024,9,00-0036020,RB,1.9778,2.1000,0.1750
2024,9,00-0036040,TE,4.8732,3.1500,0.1250
2024,9,00-0036059,TE,1.5588,0.9500,0.0500
2024,9,00-0036096,RB,0.8792,1.8000,0.0250
2024,9,00-0036139,RB,8.4716,9.7750,0.4000
2024,9,00-0036158,RB,11.9384,17.1250,0.4000
2024,9,00-0036165,WR,0.5733,0.6500,0.0000
2024,9,00-0036182,WR,3.6174,2.6000,0.1000
2024,9,00-0036183,WR,1.6876,2.1500,0.0000
2024,9,00-0036196,WR,3.7730,4.1000,0.0750
2024,9,00-0036212,QB,15.0818,1.7000,0.0500
2024,9,00-0036219,WR,1.8716,2.3000,0.0250
2024,9,00-0036223,RB,14.5710,19.9000,0.7250
2024,9,00-0036225,TE,1.0569,1.2750,0.0000
2024,9,00-0036233,WR,4.4667,2.0250,0.1750
2024,9,00-0036244,TE,6.9444,4.2500,0.1500
2024,9,00-0036252,WR,8.6895,8.3000,0.2500
2024,9,00-0036254,WR,1.5432,1.3000,0.0250
2024,9,00-0036264,QB,16.2380,1.0250,0.0250
2024,9,00-0036265,RB,3.2725,5.1750,0.0750
2024,9,00-0036268,WR,1.6946,1.2750,0.0250
2024,9,00-0036275,RB,14.3166,18.3750,0.7000
2024,9,00-0036277,WR,2.6528,1.5250,0.0500
2024,9,00-0036290,TE,7.8499,4.7250,0.0500
2024,9,00-0036309,WR,10.9786,5.7000,0.2000
2024,9,00-0036322,WR,27.4217,12.0250,0.6250
2024,9,00-0036328,RB,6.3999,9.3250,0.4250
2024,9,00-0036331,WR,1.4480,1.2250,0.1000
2024,9,00-0036345,WR,3.3981,3.0000,0.1500
2024,9,00-0036355,QB,13.8711,1.9750,0.0750
2024,9,00-0036358,WR,22.4366,13.5250,0.5250
2024,9,00-0036360,RB,5.2986,4.2250,0.1750
2024,9,00-0036389,QB,25.6758,8.1500,0.3250
2024,9,00-0036407,WR,8.8965,6.8500,0.2500
2024,9,00-0036412,WR,3.1388,1.7750,0.1250
2024,9,00-0036414,RB,4.9458,6.5250,0.2000
2024,9,00-0036423,TE,4.6872,2.6000,0.0750
2024,9,00-0036427,WR,3.9778,2.4750,0.0750
2024,9,00-0036438,TE,1.2451,1.2250,0.0500
2024,9,00-0036442,QB,21.7347,4.9250,0.0750
2024,9,00-0036527,WR,2.8716,3.1500,0.0250
2024,9,00-0036550,WR,8.1122,3.9250,0.1500
2024,9,00-0036554,WR,11.1156,5.3500,0.4000
2024,9,00-0036555,RB,10.3031,14.7250,0.5250
2024,9,00-0036613,WR,8.5142,5.6500,0.2250
2024,9,00-0036626,WR,2.8747,1.9750,0.0750
2024,9,00-0036627,WR,2.8529,2.4000,0.0250
2024,9,00-0036637,TE,7.0032,2.3000,0.2000
2024,9,00-0036646,WR,1.3103,1.9500,0.0250
2024,9,00-0036670,RB,1.5639,2.3000,0.0500
2024,9,00-0036754,TE,4.5583,1.5500,0.2500
2024,9,00-0036755,RB,3.0754,4.0750,0.1500
2024,9,00-0036849,WR,8.3694,4.3000,0.2750
2024,9,00-0036857,RB,2.0552,1.8750,0.1000
2024,9,00-0036875,RB,8.9499,16.5500,0.4000
2024,9,00-0036887,TE,1.9977,1.4000,0.1000
2024,9,00-0036900,WR,31.2847,13.0500,1.0250
2024,9,00-0036906,RB,2.9598,4.5750,0.1500
2024,9,00-0036912,WR,16.1956,7.1250,0.4750
2024,9,00-0036919,RB,3.3794,3.6500,0.0750
2024,9,00-0036924,RB,2.2566,3.2500,0.0750
2024,9,00-0036936,WR,3.9508,2.0750,0.0750
2024,9,00-0036950,RB,0.4950,0.6750,0.0250
2024,9,00-0036955,WR,1.6835,1.9750,0.0000
2024,9,00-0036963,WR,20.4278,9.6000,0.7250
2024,9,00-0036970,TE,16.2617,6.5000,0.4750
2024,9,00-0036971,QB,14.4076,5.0500,0.1250
2024,9,00-0036973,RB,7.0797,10.9750,0.3000
2024,9,00-0036980,WR,5.4315,4.7500,0.0500
2024,9,00-0036984,RB,2.0835,4.3250,0.0750
2024,9,00-0036988,WR,7.5873,4.8000,0.2250
2024,9,00-0036997,RB,11.4542,17.8750,0.4750
2024,9,00-0037078,TE,2.3874,1.1000,0.0750
2024,9,00-0037085,RB,1.3375,1.5000,0.0500
2024,9,00-0037086,TE,3.5934,1.5500,0.0750
2024,9,00-0037091,WR,4.3475,3.2000,0.0750
2024,9,00-0037098,WR,1.1252,0.9250,0.0500
2024,9,00-0037120,RB,3.0105,3.4750,0.1000
2024,9,00-0037197,RB,8.5989,9.4250,0.2250
2024,9,00-0037238,WR,17.1539,8.2000,0.4250
2024,9,00-0037239,WR,15.6774,9.3000,0.3000
2024,9,00-0037240,WR,8.8028,4.3750,0.2750
2024,9,00-0037248,RB,14.0723,15.4000,0.4500
2024,9,00-0037252,TE,2.2521,2.3250,0.0750
2024,9,00-0037256,RB,11.9740,15.4750,0.7000
2024,9,00-0037261,WR,17.6675,5.7000,0.6750
2024,9,00-0037263,RB,7.9933,9.0500,0.2750
2024,9,00-0037267,RB,5.8658,9.1000,0.2250
2024,9,00-0037276,RB,4.4791,6.1750,0.1250
2024,9,00-0037286,RB,1.1163,3.4750,0.0500
2024,9,00-0037291,WR,5.5224,2.5500,0.2000
2024,9,00-0037299,RB,1.6047,2.9750,0.0750
2024,9,00-0037329,RB,0.5353,0.6000,0.0000
2024,9,00-0037429,RB,0.2332,0.7250,0.0000
2024,9,00-0037487,WR,2.0663,2.0000,0.1000
2024,9,00-0037545,WR,10.1786,5.7750,0.1250
2024,9,00-0037557,RB,0.8694,1.7250,0.0500
2024,9,00-0037563,RB,1.1624,2.0750,0.0500
2024,9,00-0037570,WR,3.9075,2.7000,0.0750
2024,9,00-0037594,RB,1.5332,2.8250,0.0500
2024,9,00-0037664,WR,4.8825,3.6250,0.1000
2024,9,00-0037666,WR,6.2829,3.9000,0.1500
2024,9,00-0037740,WR,13.9048,10.5500,0.2000
2024,9,00-0037741,WR,5.3143,3.0750,0.1000
2024,9,00-0037742,WR,4.1362,3.0000,0.1000
2024,9,00-0037744,TE,14.4926,7.9750,0.2500
2024,9,00-0037746,RB,7.1513,8.4250,0.2750
2024,9,00-0037755,TE,2.1690,2.1000,0.0500
2024,9,00-0037801,WR,3.1796,2.8500,0.0000
2024,9,00-0037805,TE,2.5964,1.7250,0.0750
2024,9,00-0037809,TE,7.9265,5.4000,0.2000
2024,9,00-0037816,WR,8.4475,5.3250,0.2500
2024,9,00-0037827,RB,1.1443,2.2000,0.0500
2024,9,00-0037838,TE,7.8471,3.3500,0.2500
2024,9,00-0037840,RB,17.6028,21.0250,0.6750
2024,9,00-0038040,RB,2.7318,5.1750,0.1000
2024,9,00-0038041,TE,11.1638,6.9750,0.2000
2024,9,00-0038046,TE,2.5345,1.0500,0.1250
2024,9,00-0038098,RB,3.1927,3.6000,0.1250
2024,9,00-0038115,TE,0.8467,0.6750,0.0000
2024,9,00-0038117,WR,7.6267,7.2750,0.1750
2024,9,00-0038120,RB,14.6254,18.0500,0.5750
2024,9,00-0038124,WR,6.0950,3.4000,0.1750
2024,9,00-0038129,TE,6.6876,6.8250,0.1500
2024,9,00-0038134,RB,18.9749,19.0250,0.7500
2024,9,00-0038389,RB,0.9609,1.7500,0.0250
2024,9,00-0038393,WR,7.1375,4.8500,0.2000
2024,9,00-0038396,RB,1.6044,2.5000,0.0500
2024,9,00-0038406,TE,1.3033,1.0250,0.0000
2024,9,00-0038419,RB,0.1222,0.3750,0.0000
2024,9,00-0038454,RB,2.1152,1.8250,0.0250
2024,9,00-0038542,RB,21.4531,21.9250,0.6750
2024,9,00-0038543,WR,13.5908,8.9250,0.3000
2024,9,00-0038544,WR,5.2213,4.4500,0.0750
2024,9,00-0038555,RB,2.9474,5.9250,0.0750
2024,9,00-0038559,WR,5.1929,4.1250,0.1000
2024,9,00-0038563,WR,6.0536,5.4500,0.2500
2024,9,00-0038564,TE,2.1712,1.8500,0.0750
2024,9,00-0038589,TE,5.1667,3.0750,0.2000
2024,9,00-0038597,RB,15.8205,19.5250,0.5000
2024,9,00-0038606,WR,3.9741,2.8500,0.0750
2024,9,00-0038608,WR,2.6921,2.2500,0.0750
2024,9,00-0038611,RB,2.9482,4.5250,0.0750
2024,9,00-0038612,WR,2.4021,2.1500,0.0500
2024,9,00-0038619,WR,6.5956,3.6750,0.2500
2024,9,00-0038621,WR,6.9028,5.8500,0.3250
2024,9,00-0038622,RB,1.7368,1.9500,0.0750
2024,9,00-0038632,WR,0.8231,0.7500,0.0250
2024,9,00-0038636,RB,2.5276,2.5500,0.1000
2024,9,00-0038640,WR,3.0652,2.0500,0.0750
2024,9,00-0038667,WR,1.7518,1.4500,0.0500
2024,9,00-0038678,RB,1.3691,0.9250,0.0750
2024,9,00-0038705,RB,3.3529,3.2250,0.0500
2024,9,00-0038738,RB,1.4509,1.2000,0.0250
2024,9,00-0038752,WR,3.4728,2.1000,0.0500
2024,9,00-0038794,RB,4.1667,6.8750,0.1500
2024,9,00-0038797,RB,3.9475,5.9500,0.1250
2024,9,00-0038933,TE,12.5368,6.0500,0.2750
2024,9,00-0038935,TE,5.9012,4.3500,0.1750
2024,9,00-0038938,WR,0.9156,1.7000,0.0000
2024,9,00-0038941,WR,1.3402,1.1000,0.0500
2024,9,00-0038951,RB,2.8673,4.0000,0.1750
2024,9,00-0038976,WR,2.2604,2.3000,0.0250
2024,9,00-0038977,WR,8.0519,5.6500,0.2750
2024,9,00-0038979,WR,3.6473,3.7500,0.0750
2024,9,00-0038994,WR,6.0722,3.1000,0.1750
2024,9,00-0038996,TE,5.8125,3.4500,0.1750
2024,9,00-0038997,WR,6.9165,5.6000,0.1250
2024,9,00-0039021,RB,4.2021,5.7000,0.1500
2024,9,00-0039040,RB,15.4063,13.7750,0.9250
2024,9,00-0039041,TE,2.6143,1.7000,0.0500
2024,9,00-0039052,WR,1.8554,2.3250,0.0250
2024,9,00-0039062,WR,4.1671,6.1500,0.0250
2024,9,00-0039064,WR,16.1104,7.2000,0.4000
2024,9,00-0039065,TE,9.9444,4.8500,0.2250
2024,9,00-0039067,WR,11.7387,4.6000,0.4000
2024,9,00-0039075,WR,5.8694,3.5000,0.1500
2024,9,00-0039139,RB,12.6861,15.8250,0.3250
2024,9,00-0039144,TE,4.3100,1.9750,0.2250
2024,9,00-0039146,WR,13.3800,6.6750,0.5250
2024,9,00-0039150,QB,8.5949,1.6250,0.0250
2024,9,00-0039163,QB,14.3245,2.2750,0.0250
2024,9,00-0039164,QB,9.5697,1.2250,0.0750
2024,9,00-0039165,RB,10.0528,10.6750,0.3750
2024,9,00-0039325,RB,3.3215,4.0000,0.0750
2024,9,00-0039337,WR,9.0622,9.0500,0.2000
2024,9,00-0039338,TE,12.1709,8.5500,0.4000
2024,9,00-0039342,WR,3.5871,4.5250,0.0500
2024,9,00-0039344,RB,6.5031,6.9250,0.3250
2024,9,00-0039355,WR,4.1106,2.3000,0.1000
2024,9,00-0039356,TE,5.6068,4.7500,0.1000
2024,9,00-0039359,TE,1.9338,1.4750,0.0250
2024,9,00-0039361,RB,5.5967,7.0500,0.3250
2024,9,00-0039373,RB,2.1063,3.1250,0.0500
2024,9,00-0039376,QB,16.9731,4.1750,0.1500
2024,9,00-0039384,RB,7.8156,10.5250,0.2500
2024,9,00-0039385,RB,2.7164,2.9250,0.1250
2024,9,00-0039391,RB,3.3350,4.0250,0.0750
2024,9,00-0039392,WR,0.8346,0.9750,0.0250
2024,9,00-0039393,RB,1.0664,1.4250,0.0500
2024,9,00-0039397,WR,2.1390,1.1250,0.0750
2024,9,00-0039399,TE,2.6058,1.4250,0.0500
2024,9,00-0039405,RB,3.6695,3.3500,0.2250
2024,9,00-0039407,RB,2.6846,3.0000,0.1750
2024,9,00-0039424,WR,3.2437,2.3500,0.1250
2024,9,00-0039437,WR,3.5275,2.6750,0.0750
2024,9,00-0039491,WR,3.0964,2.1750,0.1000
2024,9,00-0039623,WR,3.1310,2.1250,0.0750
2024,9,00-0039652,RB,1.3119,1.0250,0.1000
2024,9,00-0039732,QB,10.1775,2.6750,0.0500
2024,9,00-0039738,RB,7.0278,6.1750,0.3250
2024,9,00-0039746,RB,2.4759,2.3750,0.0750
2024,9,00-0039751,WR,1.8139,1.3750,0.0250
2024,9,00-0039754,TE,2.0643,1.9000,0.0750
2024,9,00-0039792,WR,2.0103,1.2000,0.0500
2024,9,00-0039793,TE,3.3187,2.2750,0.0250
2024,9,00-0039794,RB,3.6749,5.3250,0.1500
2024,9,00-0039798,RB,1.0810,0.9000,0.0500
2024,9,00-0039810,WR,2.9798,1.3750,0.0750
2024,9,00-0039811,RB,2.9800,2.9500,0.1000
2024,9,00-0039814,TE,4.8495,2.8250,0.1250
2024,9,00-0039847,TE,3.3867,2.4750,0.0500
2024,9,00-0039849,WR,11.5332,7.4750,0.5000
2024,9,00-0039851,QB,9.3049,1.4250,0.0250
2024,9,00-0039853,WR,2.7651,2.8000,0.0250
2024,9,00-0039855,WR,2.4496,1.9250,0.0750
2024,9,00-0039868,WR,4.6521,3.2750,0.2250
2024,9,00-0039874,RB,5.8792,6.5500,0.2250
2024,9,00-0039875,RB,6.5120,7.9250,0.2250
2024,9,00-0039880,WR,0.9539,0.6000,0.0250
2024,9,00-0039884,WR,1.0412,0.9500,0.0000
2024,9,00-0039890,WR,2.8552,4.0750,0.1000
2024,9,00-0039893,WR,11.2805,6.9500,0.4750
2024,9,00-0039894,WR,11.1755,6.5000,0.3500
2024,9,00-0039901,WR,13.0702,4.8250,0.3750
2024,9,00-0039907,WR,2.8282,3.8750,0.1250
2024,9,00-0039910,QB,16.9758,3.0000,0.0500
2024,9,00-0039912,TE,1.4373,1.0500,0.0250
2024,9,00-0039915,WR,13.2190,7.9500,0.4000
2024,9,00-0039918,QB,12.5613,3.2250,0.1000
2024,9,00-0039919,WR,7.4509,5.8250,0.1000
2024,9,00-0039921,RB,4.9782,6.5750,0.2250
2024,11,00-0023459,QB,15.2024,1.8750,0.0250
2024,11,00-0026158,QB,11.3104,1.8500,0.0500
2024,11,00-0026498,QB,16.1665,1.7250,0.0250
2024,11,00-0029263,QB,14.3995,2.7750,0.1250
2024,11,00-0029604,QB,15.4317,2.2250,0.0500
2024,11,00-0030061,TE,8.7425,5.5500,0.1250
2024,11,00-0030279,WR,6.5781,6.5500,0.2000
2024,11,00-0030431,WR,3.0625,2.1500,0.0250
2024,11,00-0030506,TE,14.2658,8.9500,0.3250
2024,11,00-0030564,WR,8.2818,4.9250,0.2000
2024,11,00-0030565,QB,13.8761,2.7000,0.0250
2024,11,00-0030578,RB,3.1425,3.1000,0.1250
2024,11,00-0031235,WR,1.4248,0.9750,0.0500
2024,11,00-0031236,WR,2.4367,2.9500,0.0500
2024,11,00-0031280,QB,14.2617,2.2250,0.0250
2024,11,00-0031381,WR,9.7838,4.9000,0.2250
2024,11,00-0031428,WR,1.3325,0.6500,0.0000
2024,11,00-0031503,QB,12.5090,3.1750,0.0750
2024,11,00-0031544,WR,8.3654,4.9750,0.1750
2024,11,00-0031547,WR,4.3620,2.3250,0.1250
2024,11,00-0031549,WR,4.5503,2.5750,0.0750
2024,11,00-0031588,WR,13.2246,8.0750,0.3500
2024,11,00-0031687,RB,9.1012,9.0250,0.3750
2024,11,00-0031763,WR,1.9308,1.2500,0.0750
2024,11,00-0032104,RB,3.1950,3.8000,0.1250
2024,11,00-0032134,TE,1.9170,1.5000,0.0000
2024,11,00-0032208,WR,2.5406,1.8250,0.1250
2024,11,00-0032211,WR,9.5866,6.0000,0.2500
2024,11,00-0032392,TE,3.2811,2.8250,0.1250
2024,11,00-0032394,TE,1.6584,1.8000,0.0000
2024,11,00-0032464,WR,7.7627,2.3250,0.2000
2024,11,00-0032764,RB,17.2692,19.6500,0.7250
2024,11,00-0032775,WR,5.4224,3.4000,0.1000
2024,11,00-0032951,WR,2.6022,1.8000,0.1000
2024,11,00-0032977,WR,2.6775,2.1250,0.0750
2024,11,00-0033009,WR,2.2194,2.3750,0.0250
2024,11,00-0033040,WR,22.6743,10.1750,0.8000
2024,11,00-0033045,RB,3.9648,8.8750,0.1500
2024,11,00-0033090,TE,7.0113,4.9750,0.2000
2024,11,00-0033106,QB,23.5921,1.6750,0.1250
2024,11,00-0033110,TE,5.7066,4.2750,0.0500
2024,11,00-0033246,TE,4.1119,2.7000,0.0750
2024,11,00-0033280,RB,13.7897,9.4000,0.6250
2024,11,00-0033282,WR,6.8110,4.7750,0.1750
2024,11,00-0033288,TE,7.8344,3.2000,0.1750
2024,11,00-0033293,RB,14.1731,17.8250,0.5250
2024,11,00-0033307,WR,2.8789,2.3500,0.0500
2024,11,00-0033357,TE,5.8504,5.0750,0.2750
2024,11,00-0033375,WR,7.8310,2.7250,0.1750
2024,11,00-0033439,TE,1.2422,0.8500,0.0250
2024,11,00-0033526,RB,4.7104,4.2250,0.1000
2024,11,00-0033536,WR,6.2575,3.7500,0.2000
2024,11,00-0033555,WR,5.8691,3.9000,0.1500
2024,11,00-0033556,RB,3.1647,4.4000,0.1000
2024,11,00-0033591,WR,7.0650,4.5250,0.1750
2024,11,00-0033662,QB,9.4694,2.8000,0.0250
2024,11,00-0033699,RB,12.4525,12.0000,0.4500
2024,11,00-0033757,TE,3.6391,2.1500,0.1500
2024,11,00-0033854,RB,3.1904,3.8750,0.0750
2024,11,00-0033858,TE,9.5962,4.3000,0.2500
2024,11,00-0033873,QB,15.7750,3.4000,0.2000
2024,11,00-0033881,TE,6.8414,6.3000,0.1250
2024,11,00-0033885,TE,8.1000,5.3500,0.2000
2024,11,00-0033893,RB,1.6754,3.2250,0.1000
2024,11,00-0033895,TE,2.0708,2.1750,0.0250
2024,11,00-0033897,RB,15.3724,20.0250,0.6250
2024,11,00-0033906,RB,21.5096,26.2750,0.8500
2024,11,00-0033908,WR,14.7328,7.5500,0.4000
2024,11,00-0033923,RB,7.4751,12.2750,0.3250
2024,11,00-0033925,RB,4.7100,6.4500,0.2000
2024,11,00-0033955,RB,3.2350,3.7750,0.2750
2024,11,00-0034073,TE,1.7000,1.0750,0.0500
2024,11,00-0034115,RB,2.7038,2.9500,0.1250
2024,11,00-0034159,TE,8.0687,4.8250,0.1250
2024,11,00-0034184,RB,4.9599,6.1000,0.2500
2024,11,00-0034270,TE,4.3423,3.5750,0.0500
2024,11,00-0034272,WR,2.0927,1.7750,0.1000
2024,11,00-0034279,WR,2.0927,1.6500,0.0500
2024,11,00-0034348,WR,12.1391,8.8000,0.3250
2024,11,00-0034351,TE,9.4260,4.5000,0.1750
2024,11,00-0034353,WR,2.5840,1.4250,0.1000
2024,11,00-0034364,TE,3.5400,2.7750,0.0750
2024,11,00-0034367,RB,1.9475,2.4000,0.0500
2024,11,00-0034383,TE,8.3981,4.7500,0.3000
2024,11,00-0034386,WR,3.1924,2.0750,0.0750
2024,11,00-0034406,WR,2.3901,1.6250,0.0500
2024,11,00-0034407,WR,6.2924,4.1500,0.2000
2024,11,00-0034411,WR,7.6603,3.4000,0.2000
2024,11,00-0034521,WR,7.5043,4.0500,0.1000
2024,11,00-0034613,TE,2.7965,2.3000,0.0500
2024,11,00-0034753,TE,7.2505,4.6000,0.0500
2024,11,00-0034764,WR,1.5719,2.0500,0.0000
2024,11,00-0034771,QB,8.7864,2.5500,0.0500
2024,11,00-0034775,WR,7.8893,7.0250,0.1250
2024,11,00-0034777,WR,9.7592,6.1000,0.3000
2024,11,00-0034791,RB,7.1325,9.3250,0.3750
2024,11,00-0034796,QB,20.1036,5.2500,0.2500
2024,11,00-0034798,TE,3.0271,1.4500,0.0750
2024,11,00-0034827,WR,9.2089,7.7000,0.4500
2024,11,00-0034829,TE,8.4026,4.6750,0.2500
2024,11,00-0034830,TE,3.3211,1.8000,0.0500
2024,11,00-0034837,WR,8.5227,9.8250,0.3000
2024,11,00-0034844,RB,13.6710,17.6000,0.3750
2024,11,00-0034857,QB,20.0513,6.3500,0.2000
2024,11,00-0034869,QB,17.9691,2.1000,0.0500
2024,11,00-0034960,WR,6.6365,7.1750,0.1000
2024,11,00-0034972,RB,6.7194,12.9250,0.4250
2024,11,00-0034975,RB,6.3155,4.7000,0.3000
2024,11,00-0034981,TE,2.6469,2.2000,0.0250
2024,11,00-0035045,WR,3.0442,2.3000,0.1500
2024,11,00-0035208,WR,4.4950,3.4000,0.1000
2024,11,00-0035216,WR,7.9758,5.3250,0.2500
2024,11,00-0035229,TE,6.2483,3.6250,0.2000
2024,11,00-0035249,TE,4.9757,2.3250,0.1000
2024,11,00-0035261,RB,11.1822,19.0750,0.5000
2024,11,00-0035291,RB,0.9609,1.1750,0.0250
2024,11,00-0035311,RB,0.8152,1.9250,0.0000
2024,11,00-0035329,TE,2.9631,2.1250,0.0250
2024,11,00-0035359,WR,3.3842,2.2250,0.0750
2024,11,00-0035406,WR,3.6348,2.9000,0.0750
2024,11,00-0035414,WR,0.8106,1.6750,0.0000
2024,11,00-0035537,RB,2.6923,2.7000,0.1000
2024,11,00-0035567,RB,0.6389,1.0500,0.0000
2024,11,00-0035624,TE,1.8920,1.3500,0.0750
2024,11,00-0035628,RB,3.0094,5.7500,0.1250
2024,11,00-0035640,WR,12.2454,8.3250,0.2250
2024,11,00-0035659,WR,13.8700,8.4750,0.1500
2024,11,00-0035662,WR,4.6176,4.1250,0.0500
2024,11,00-0035676,WR,17.4120,7.6500,0.5500
2024,11,00-0035685,RB,15.8841,13.7500,0.7000
2024,11,00-0035689,TE,2.6841,2.1750,0.0500
2024,11,00-0035700,RB,11.7970,17.0500,0.4250
2024,11,00-0035719,WR,17.2181,7.8250,0.6250
2024,11,00-0035806,RB,2.3506,2.4000,0.1250
2024,11,00-0035934,WR,1.4567,1.1750,0.0250
2024,11,00-0035973,RB,0.7731,1.1500,0.0000
2024,11,00-0036020,RB,1.6055,2.5500,0.0250
2024,11,00-0036040,TE,4.2068,3.0250,0.1000
2024,11,00-0036059,TE,0.9436,0.7750,0.0000
2024,11,00-0036096,RB,1.7667,1.9250,0.1000
2024,11,00-0036139,RB,6.0747,10.1500,0.2750
2024,11,00-0036158,RB,11.5259,15.1000,0.4250
2024,11,00-0036182,WR,3.3622,3.0250,0.1500
2024,11,00-0036183,WR,1.1932,1.5500,0.0500
2024,11,00-0036187,RB,0.7377,0.4000,0.0250
2024,11,00-0036196,WR,4.5616,4.4500,0.1500
2024,11,00-0036212,QB,21.5344,1.7750,0.0500
2024,11,00-0036223,RB,14.5037,19.7250,0.7250
2024,11,00-0036233,WR,5.7332,1.9000,0.1750
2024,11,00-0036244,TE,4.4046,3.2750,0.0750
2024,11,00-0036251,RB,10.4784,12.3500,0.3000
2024,11,00-0036252,WR,7.9603,7.1000,0.2250
2024,11,00-0036254,WR,1.2892,1.2500,0.0250
2024,11,00-0036259,WR,13.6186,5.4750,0.3500
2024,11,00-0036261,WR,16.4083,6.0250,0.5000
2024,11,00-0036264,QB,17.3070,1.7250,0.0750
2024,11,00-0036265,RB,3.0994,4.3750,0.1500
2024,11,00-0036268,WR,2.0544,1.5500,0.0250
2024,11,00-0036271,WR,2.0975,2.0500,0.0000
2024,11,00-0036275,RB,9.7106,18.5000,0.3750
2024,11,00-0036277,WR,1.6404,1.0000,0.0250
2024,11,00-0036290,TE,5.3706,3.7500,0.1750
2024,11,00-0036297,RB,1.8492,3.5750,0.1500
2024,11,00-0036309,WR,9.6121,6.2500,0.3000
2024,11,00-0036322,WR,25.5172,12.6250,0.7000
2024,11,00-0036328,RB,5.3301,7.3750,0.2750
2024,11,00-0036331,WR,0.6533,0.9250,0.0250
2024,11,00-0036345,WR,2.6950,2.4500,0.0750
2024,11,00-0036355,QB,19.0049,2.5000,0.0750
2024,11,00-0036358,WR,7.0852,8.6250,0.1500
2024,11,00-0036360,RB,3.6764,4.4500,0.1250
2024,11,00-0036389,QB,22.7478,6.4250,0.3250
2024,11,00-0036407,WR,8.3700,6.4250,0.1000
2024,11,00-0036410,WR,8.6846,4.9500,0.2250
2024,11,00-0036412,WR,2.8420,2.0500,0.0500
2024,11,00-0036414,RB,4.2116,6.8500,0.2250
2024,11,00-0036415,WR,3.4475,2.8250,0.1000
2024,11,00-0036427,WR,4.7275,2.5500,0.1250
2024,11,00-0036442,QB,14.6342,2.2000,0.0750
2024,11,00-0036450,RB,1.3842,1.5750,0.1000
2024,11,00-0036527,WR,2.1793,2.6500,0.0250
2024,11,00-0036550,WR,6.9417,3.7250,0.1750
2024,11,00-0036554,WR,14.9069,5.9750,0.4000
2024,11,00-0036567,RB,2.8631,3.7750,0.1000
2024,11,00-0036569,RB,1.1437,1.2000,0.0250
2024,11,00-0036613,WR,15.8334,6.2750,0.5250
2024,11,00-0036626,WR,2.8075,1.9250,0.0750
2024,11,00-0036627,WR,2.4092,1.8500,0.0250
2024,11,00-0036637,TE,3.4320,1.9250,0.0500
2024,11,00-0036640,TE,2.2540,0.9250,0.0750
2024,11,00-0036670,RB,1.2915,1.5250,0.0500
2024,11,00-0036754,TE,3.1707,1.4250,0.0250
2024,11,00-0036755,RB,2.9291,3.2750,0.1500
2024,11,00-0036849,WR,7.6622,3.4000,0.2750
2024,11,00-0036862,WR,2.3375,1.5000,0.0250
2024,11,00-0036875,RB,8.8165,15.0000,0.3250
2024,11,00-0036887,TE,1.5894,1.4500,0.0500
2024,11,00-0036893,RB,13.4925,18.9750,0.7250
2024,11,00-0036894,TE,8.7400,5.4000,0.2000
2024,11,00-0036900,WR,19.1473,10.8750,0.4250
2024,11,00-0036906,RB,2.2351,3.7000,0.0750
2024,11,00-0036912,WR,14.1690,7.5000,0.3500
2024,11,00-0036919,RB,4.4910,3.9750,0.1000
2024,11,00-0036936,WR,2.9419,1.8500,0.0750
2024,11,00-0036950,RB,0.4675,0.6250,0.0250
2024,11,00-0036955,WR,2.3982,2.2000,0.0250
2024,11,00-0036963,WR,28.4506,11.6000,0.5750
2024,11,00-0036970,TE,11.8457,6.6250,0.4750
2024,11,00-0036971,QB,12.1810,4.5000,0.1250
2024,11,00-0036973,RB,9.2832,17.3000,0.6500
2024,11,00-0036980,WR,6.7475,5.1500,0.0750
2024,11,00-0036984,RB,2.4375,3.9750,0.1000
2024,11,00-0036988,WR,6.8164,3.7000,0.1750
2024,11,00-0036997,RB,12.7333,16.1250,0.5000
2024,11,00-0037078,TE,1.8000,1.0500,0.0250
2024,11,00-0037086,TE,4.4040,2.1750,0.0500
2024,11,00-0037091,WR,3.5772,2.5000,0.0750
2024,11,00-0037098,WR,0.8264,1.0250,0.0250
2024,11,00-0037120,RB,2.6607,3.2750,0.0500
2024,11,00-0037228,RB,5.0275,4.9750,0.2000
2024,11,00-0037238,WR,11.9897,7.7500,0.3250
2024,11,00-0037239,WR,12.3983,8.2750,0.3250
2024,11,00-0037240,WR,12.7954,4.8250,0.3250
2024,11,00-0037247,WR,12.6175,7.6750,0.3250
2024,11,00-0037248,RB,15.4350,16.9500,0.7000
2024,11,00-0037252,TE,2.2036,1.8500,0.0750
2024,11,00-0037258,RB,1.9600,3.3000,0.0750
2024,11,00-0037261,WR,16.0421,6.5500,0.4250
2024,11,00-0037263,RB,6.9771,8.6500,0.4250
2024,11,00-0037267,RB,5.8950,8.1250,0.2250
2024,11,00-0037273,WR,2.4420,1.3500,0.0500
2024,11,00-0037276,RB,2.8954,4.6250,0.1250
2024,11,00-0037286,RB,1.5379,3.0750,0.0750
2024,11,00-0037291,WR,3.6110,2.6250,0.1000
2024,11,00-0037299,RB,1.1122,2.5000,0.0500
2024,11,00-0037525,RB,12.7417,11.4500,0.5250
2024,11,00-0037545,WR,8.2273,5.5500,0.2250
2024,11,00-0037557,RB,0.7259,1.6000,0.0250
2024,11,00-0037563,RB,1.3449,2.5250,0.0500
2024,11,00-0037594,RB,0.6894,1.2750,0.0500
2024,11,00-0037664,WR,5.2672,3.7250,0.2500
2024,11,00-0037666,WR,4.4767,4.4750,0.0750
2024,11,00-0037740,WR,18.3326,12.2250,0.4000
2024,11,00-0037741,WR,2.9580,2.5250,0.0750
2024,11,00-0037742,WR,2.1042,2.0750,0.1000
2024,11,00-0037746,RB,11.3575,13.5500,0.7500
2024,11,00-0037755,TE,3.5663,2.4750,0.1500
2024,11,00-0037801,WR,3.1261,3.4750,0.1250
2024,11,00-0037805,TE,2.5693,1.6250,0.1000
2024,11,00-0037809,TE,5.9406,4.8500,0.2750
2024,11,00-0037816,WR,8.6532,4.4750,0.2000
2024,11,00-0037827,RB,0.8190,1.4000,0.0000
2024,11,00-0037834,QB,26.3034,1.6500,0.1500
2024,11,00-0037837,WR,3.4300,3.0250,0.0750
2024,11,00-0037838,TE,5.8112,2.7000,0.1750
2024,11,00-0037840,RB,15.0014,23.1500,0.6000
2024,11,00-0038040,RB,4.0726,7.9500,0.3000
2024,11,00-0038041,TE,10.7383,8.1000,0.4250
2024,11,00-0038098,RB,2.1125,2.8500,0.0750
2024,11,00-0038120,RB,19.3248,20.0000,0.8500
2024,11,00-0038122,QB,7.1099,2.0250,0.0250
2024,11,00-0038124,WR,6.3502,3.3250,0.2250
2024,11,00-0038134,RB,13.7887,18.5750,0.5750
2024,11,00-0038389,RB,0.9322,1.6000,0.0250
2024,11,00-0038393,WR,6.7341,4.2750,0.1250
2024,11,00-0038397,RB,0.6890,1.2250,0.0000
2024,11,00-0038406,TE,1.6737,0.9250,0.0500
2024,11,00-0038419,RB,0.4321,0.5250,0.0250
2024,11,00-0038454,RB,2.9608,2.3500,0.0750
2024,11,00-0038496,WR,0.5301,0.9250,0.0000
2024,11,00-0038542,RB,18.0224,22.8500,0.7250
2024,11,00-0038543,WR,9.9163,7.8250,0.2000
2024,11,00-0038544,WR,8.0796,4.0750,0.3250
2024,11,00-0038551,RB,1.5313,2.6500,0.0250
2024,11,00-0038558,TE,2.6025,1.8750,0.0250
2024,11,00-0038563,WR,4.8083,5.3250,0.1250
2024,11,00-0038564,TE,3.4400,2.5750,0.0750
2024,11,00-0038589,TE,2.8352,2.3250,0.1500
2024,11,00-0038597,RB,11.0711,13.0750,0.4000
2024,11,00-0038606,WR,2.0975,2.3500,0.0250
2024,11,00-0038608,WR,3.8136,2.9750,0.1000
2024,11,00-0038611,RB,1.5875,2.2000,0.0750
2024,11,00-0038612,WR,2.8675,2.1750,0.0000
2024,11,00-0038618,WR,1.9464,1.5750,0.0500
2024,11,00-0038619,WR,3.1177,2.9250,0.0250
2024,11,00-0038621,WR,8.2112,6.2750,0.2250
2024,11,00-0038622,RB,0.4798,1.5000,0.0250
2024,11,00-0038636,RB,1.5791,1.7250,0.0750
2024,11,00-0038640,WR,2.0740,2.6750,0.0750
2024,11,00-0038667,WR,0.6998,0.8000,0.0250
2024,11,00-0038678,RB,1.5241,2.0000,0.0250
2024,11,00-0038685,RB,1.4022,2.2750,0.0000
2024,11,00-0038720,TE,1.9484,0.9250,0.0750
2024,11,00-0038752,WR,2.2647,1.5750,0.0500
2024,11,00-0038794,RB,5.6730,7.4250,0.0750
2024,11,00-0038797,RB,3.0237,4.6000,0.1250
2024,11,00-0038935,TE,3.0448,3.0250,0.0500
2024,11,00-0038941,WR,0.9781,0.9250,0.0500
2024,11,00-0038976,WR,3.2524,2.7750,0.0250
2024,11,00-0038977,WR,11.4660,6.4250,0.3500
2024,11,00-0038979,WR,5.7675,4.0250,0.2000
2024,11,00-0038994,WR,8.0960,5.2000,0.1500
2024,11,00-0038996,TE,7.3503,4.3250,0.2250
2024,11,00-0038997,WR,9.6417,6.7000,0.3000
2024,11,00-0039021,RB,2.3236,4.7000,0.0250
2024,11,00-0039032,RB,5.1246,7.8750,0.2250
2024,11,00-0039040,RB,18.8261,16.4500,0.7750
2024,11,00-0039062,WR,3.2168,3.6000,0.1500
2024,11,00-0039064,WR,13.4923,7.4250,0.3500
2024,11,00-0039067,WR,5.8838,3.9500,0.1500
2024,11,00-0039075,WR,10.0053,5.3750,0.2750
2024,11,00-0039139,RB,21.1253,16.1000,0.6750
2024,11,00-0039144,TE,3.1386,1.6500,0.1250
2024,11,00-0039146,WR,13.5699,6.6500,0.4000
2024,11,00-0039163,QB,17.8393,2.0500,0.0500
2024,11,00-0039165,RB,8.6072,9.2500,0.5000
2024,11,00-0039325,RB,2.5789,4.6750,0.1500
2024,11,00-0039338,TE,9.0545,9.5500,0.0500
2024,11,00-0039355,WR,4.5025,2.4000,0.2250
2024,11,00-0039359,TE,2.1506,1.4000,0.0250
2024,11,00-0039363,RB,4.5589,3.6000,0.2000
2024,11,00-0039364,RB,2.2687,1.7500,0.0250
2024,11,00-0039373,RB,3.9318,4.6000,0.1750
2024,11,00-0039385,RB,1.5354,2.4750,0.0500
2024,11,00-0039386,WR,2.1261,1.8000,0.0250
2024,11,00-0039391,RB,2.9373,3.0250,0.0250
2024,11,00-0039392,WR,1.0389,0.9750,0.0750
2024,11,00-0039393,RB,0.8240,1.3000,0.0250
2024,11,00-0039405,RB,3.8601,3.1500,0.1500
2024,11,00-0039407,RB,2.5422,2.5750,0.1500
2024,11,00-0039415,WR,4.7149,2.7500,0.1000
2024,11,00-0039424,WR,3.2447,2.7000,0.0250
2024,11,00-0039437,WR,4.0577,2.6250,0.1000
2024,11,00-0039623,WR,2.2049,1.6250,0.1250
2024,11,00-0039652,RB,0.7707,0.7250,0.0500
2024,11,00-0039732,QB,11.0928,2.8000,0.0500
2024,11,00-0039738,RB,4.7559,5.6750,0.2000
2024,11,00-0039739,WR,2.5300,2.1500,0.0750
2024,11,00-0039746,RB,2.1420,2.3750,0.0750
2024,11,00-0039751,WR,3.2033,2.4000,0.0250
2024,11,00-0039792,WR,1.9748,1.3500,0.0000
2024,11,00-0039793,TE,3.5618,2.2000,0.1000
2024,11,00-0039794,RB,6.0917,6.6000,0.2500
2024,11,00-0039796,RB,3.9213,3.0000,0.1750
2024,11,00-0039798,RB,0.8773,0.9750,0.0000
2024,11,00-0039810,WR,1.6868,1.3500,0.0500
2024,11,00-0039814,TE,3.6556,2.4250,0.0750
2024,11,00-0039851,QB,9.9202,2.0000,0.1000
2024,11,00-0039853,WR,1.9143,2.2000,0.0500
2024,11,00-0039868,WR,3.3712,3.1500,0.0500
2024,11,00-0039874,RB,5.8281,6.3250,0.2250
2024,11,00-0039875,RB,9.1331,8.6250,0.4250
2024,11,00-0039880,WR,1.9112,0.8000,0.1000
2024,11,00-0039884,WR,1.6852,1.0000,0.0750
2024,11,00-0039890,WR,3.6118,4.0000,0.0500
2024,11,00-0039893,WR,10.0500,7.5250,0.5250
2024,11,00-0039894,WR,8.6998,6.5500,0.4000
2024,11,00-0039907,WR,2.5816,4.0250,0.0500
2024,11,00-0039910,QB,15.3815,2.9250,0.1500
2024,11,00-0039912,TE,1.6350,1.0250,0.0250
2024,11,00-0039915,WR,13.2817,6.6750,0.4500
2024,11,00-0039916,WR,5.2311,2.7500,0.1500
2024,11,00-0039918,QB,11.8487,3.0000,0.0500
2024,11,00-0039919,WR,7.1244,5.8750,0.2000
2024,13,00-0023459,QB,11.1171,2.3000,0.1000
2024,13,00-0026498,QB,19.2066,2.1750,0.0250
2024,13,00-0029263,QB,14.0309,2.6000,0.1000
2024,13,00-0029604,QB,17.6011,2.2250,0.0750
2024,13,00-0030035,WR,5.9711,4.7000,0.0750
2024,13,00-0030061,TE,11.5033,6.8750,0.1750
2024,13,00-0030279,WR,6.7260,6.5500,0.1000
2024,13,00-0030431,WR,3.0560,1.9500,0.1000
2024,13,00-0030506,TE,19.7272,8.1250,0.5000
2024,13,00-0030564,WR,11.2295,5.1500,0.2250
2024,13,00-0030565,QB,16.7809,3.5000,0.3000
2024,13,00-0030578,RB,2.6564,3.0750,0.0750
2024,13,00-0031235,WR,2.7353,1.5750,0.1000
2024,13,00-0031236,WR,2.8976,2.2250,0.0750
2024,13,00-0031280,QB,14.5861,1.7750,0.0500
2024,13,00-0031381,WR,10.2189,7.6000,0.1250
2024,13,00-0031408,WR,9.3071,5.9250,0.0500
2024,13,00-0031428,WR,1.5675,1.2750,0.0000
2024,13,00-0031503,QB,9.4446,3.4250,0.1250
2024,13,00-0031544,WR,12.1540,6.0750,0.4250
2024,13,00-0031547,WR,3.2064,2.2500,0.0500
2024,13,00-0031549,WR,3.1329,1.7750,0.0500
2024,13,00-0031588,WR,12.3013,7.1250,0.2750
2024,13,00-0031610,TE,3.5688,4.5750,0.0750
2024,13,00-0031687,RB,7.3920,7.5500,0.4000
2024,13,00-0031763,WR,1.8113,1.2750,0.0750
2024,13,00-0032104,RB,3.0843,5.9250,0.1000
2024,13,00-0032134,TE,2.4675,1.7750,0.0250
2024,13,00-0032208,WR,2.7600,1.8000,0.1250
2024,13,00-0032211,WR,7.9785,4.9750,0.2750
2024,13,00-0032385,WR,4.6404,3.3750,0.1500
2024,13,00-0032392,TE,4.9422,3.8750,0.1000
2024,13,00-0032394,TE,1.6510,1.5750,0.0250
2024,13,00-0032434,QB,14.6993,2.6250,0.1000
2024,13,00-0032764,RB,17.4871,18.0750,0.8500
2024,13,00-0032775,WR,8.0155,4.5750,0.2250
2024,13,00-0032951,WR,3.1313,2.0250,0.0750
2024,13,00-0032977,WR,2.4694,2.5500,0.1250
2024,13,00-0033009,WR,6.0342,4.6500,0.1750
2024,13,00-0033040,WR,19.7829,11.7750,0.5500
2024,13,00-0033045,RB,3.9609,7.7000,0.1250
2024,13,00-0033090,TE,8.7685,7.1000,0.1500
2024,13,00-0033106,QB,22.2490,1.9000,0.0750
2024,13,00-0033246,TE,3.6641,2.0750,0.1000
2024,13,00-0033251,WR,1.0943,1.3250,0.0000
2024,13,00-0033280,RB,8.5941,10.6750,0.4250
2024,13,00-0033282,WR,6.0112,4.5500,0.1500
2024,13,00-0033288,TE,10.2602,5.8500,0.4500
2024,13,00-0033293,RB,17.2072,19.0000,0.4000
2024,13,00-0033307,WR,4.0170,3.0500,0.0750
2024,13,00-0033357,TE,6.9307,6.5000,0.1500
2024,13,00-0033375,WR,9.4842,3.1750,0.2500
2024,13,00-0033526,RB,5.9817,3.8500,0.1500
2024,13,00-0033536,WR,6.2207,3.5250,0.1750
2024,13,00-0033553,RB,14.1050,17.9250,0.5750
2024,13,00-0033555,WR,6.4117,3.4500,0.1250
2024,13,00-0033556,RB,3.4378,4.8250,0.0750
2024,13,00-0033576,TE,1.0074,0.7750,0.0250
2024,13,00-0033589,WR,5.1218,4.2250,0.2000
2024,13,00-0033591,WR,10.2113,5.1000,0.3000
2024,13,00-0033662,QB,11.0553,2.7250,0.0750
2024,13,00-0033757,TE,1.8484,1.4750,0.0000
2024,13,00-0033854,RB,3.5840,3.3000,0.1500
2024,13,00-0033858,TE,10.6456,5.9000,0.4250
2024,13,00-0033873,QB,24.5686,2.7500,0.2000
2024,13,00-0033881,TE,8.1522,6.1000,0.2250
2024,13,00-0033885,TE,5.5436,6.1750,0.1250
2024,13,00-0033891,WR,1.0010,1.1250,0.0000
2024,13,00-0033893,RB,1.4041,2.5500,0.0250
2024,13,00-0033895,TE,1.9887,1.9250,0.0750
2024,13,00-0033897,RB,17.1787,20.5750,0.8750
2024,13,00-0033906,RB,20.1863,23.1250,0.6250
2024,13,00-0033908,WR,17.6857,8.8000,0.4000
2024,13,00-0033921,WR,10.1121,6.6000,0.0500
2024,13,00-0033923,RB,8.5871,10.6250,0.3250
2024,13,00-0033925,RB,2.7261,7.1750,0.0250
2024,13,00-0033948,RB,1.3902,2.5750,0.0250
2024,13,00-0033955,RB,4.2330,5.4500,0.1750
2024,13,00-0034115,RB,1.4202,1.7250,0.0500
2024,13,00-0034159,TE,8.3253,5.4000,0.1500
2024,13,00-0034184,RB,8.1840,11.7750,0.3750
2024,13,00-0034270,TE,4.8190,4.5000,0.0750
2024,13,00-0034272,WR,3.7439,2.2250,0.1500
2024,13,00-0034279,WR,1.6637,1.6750,0.0000
2024,13,00-0034348,WR,12.6107,8.1250,0.2750
2024,13,00-0034351,TE,8.2459,5.5500,0.0750
2024,13,00-0034353,WR,2.1789,2.0000,0.0250
2024,13,00-0034364,TE,3.2569,2.8250,0.1250
2024,13,00-0034365,TE,1.2903,1.5000,0.0000
2024,13,00-0034367,RB,1.9522,2.3000,0.1000
2024,13,00-0034383,TE,7.5173,4.6500,0.2500
2024,13,00-0034406,WR,1.6995,1.2000,0.0000
2024,13,00-0034407,WR,5.4842,4.1250,0.1750
2024,13,00-0034411,WR,5.2467,3.9500,0.1250
2024,13,00-0034521,WR,5.2181,4.3000,0.0750
2024,13,00-0034613,TE,2.3221,1.6500,0.0500
2024,13,00-0034646,WR,1.3257,0.8750,0.0000
2024,13,00-0034681,RB,2.8613,3.4250,0.0750
2024,13,00-0034732,WR,2.5727,1.8500,0.0500
2024,13,00-0034750,RB,2.8528,4.8000,0.1250
2024,13,00-0034753,TE,9.2779,4.8000,0.3000
2024,13,00-0034764,WR,1.0149,2.0750,0.0000
2024,13,00-0034775,WR,9.7808,7.0000,0.2750
2024,13,00-0034777,WR,7.7600,5.1000,0.2000
2024,13,00-0034791,RB,8.2794,11.4250,0.5750
2024,13,00-0034796,QB,23.2487,5.1000,0.2250
2024,13,00-0034798,TE,1.9067,1.1750,0.0000
2024,13,00-0034827,WR,11.0770,7.5250,0.6250
2024,13,00-0034829,TE,8.0197,3.8250,0.2500
2024,13,00-0034830,TE,2.7760,2.1000,0.0250
2024,13,00-0034837,WR,10.6123,9.5000,0.2500
2024,13,00-0034844,RB,17.5206,19.8250,0.8250
2024,13,00-0034854,WR,2.1824,0.7000,0.1750
2024,13,00-0034855,QB,14.3809,1.8750,0.1000
2024,13,00-0034857,QB,22.4180,5.4750,0.1250
2024,13,00-0034869,QB,20.8969,2.1000,0.0750
2024,13,00-0034960,WR,6.4853,7.9250,0.1500
2024,13,00-0034972,RB,4.5473,12.1000,0.2750
2024,13,00-0034975,RB,5.9095,4.5250,0.1750
2024,13,00-0034981,TE,3.4014,2.1250,0.0500
2024,13,00-0035045,WR,3.3342,2.6750,0.0750
2024,13,00-0035208,WR,6.3835,3.3000,0.2250
2024,13,00-0035216,WR,7.5437,4.7500,0.2250
2024,13,00-0035228,QB,12.4264,2.4250,0.1750
2024,13,00-0035229,TE,7.9053,3.8250,0.3000
2024,13,00-0035243,RB,5.5761,7.2250,0.2250
2024,13,00-0035250,RB,8.3854,15.1750,0.5250
2024,13,00-0035261,RB,13.2535,21.0500,0.6500
2024,13,00-0035289,QB,7.1069,3.8750,0.2250
2024,13,00-0035291,RB,1.3421,1.5750,0.0250
2024,13,00-0035311,RB,1.3312,1.7000,0.0500
2024,13,00-0035329,TE,2.8107,2.2000,0.0500
2024,13,00-0035359,WR,2.7173,1.7000,0.1000
2024,13,00-0035406,WR,3.8800,3.0500,0.0500
2024,13,00-0035500,WR,4.2677,3.0250,0.1500
2024,13,00-0035535,WR,4.2071,4.4000,0.1000
2024,13,00-0035537,RB,3.5335,2.8000,0.1750
2024,13,00-0035567,RB,1.2382,1.6000,0.0750
2024,13,00-0035624,TE,1.7595,1.0500,0.0500
2024,13,00-0035628,RB,2.9976,3.1500,0.1500
2024,13,00-0035640,WR,10.9260,7.9000,0.3750
2024,13,00-0035644,TE,5.3460,3.1000,0.1500
2024,13,00-0035659,WR,15.8752,8.2750,0.5250
2024,13,00-0035662,WR,6.9807,3.4250,0.2000
2024,13,00-0035676,WR,14.7867,9.0000,0.2000
2024,13,00-0035685,RB,7.7203,9.0750,0.2500
2024,13,00-0035689,TE,3.6679,1.8500,0.1250
2024,13,00-0035700,RB,13.1013,16.6000,0.5000
2024,13,00-0035719,WR,10.9319,7.2000,0.5500
2024,13,00-0035771,TE,1.2523,1.4000,0.0000
2024,13,00-0035806,RB,1.9587,2.3250,0.0500
2024,13,00-0035924,RB,0.2867,0.4750,0.0250
2024,13,00-0035934,WR,2.6215,1.1750,0.1500
2024,13,00-0035973,RB,0.5689,0.8500,0.0250
2024,13,00-0036020,RB,2.0240,2.7250,0.1250
2024,13,00-0036040,TE,4.6716,3.1250,0.1250
2024,13,00-0036096,RB,0.4613,1.3750,0.0000
2024,13,00-0036139,RB,9.1543,11.6500,0.3500
2024,13,00-0036165,WR,1.1117,1.1750,0.0000
2024,13,00-0036182,WR,4.4612,3.7500,0.1250
2024,13,00-0036183,WR,0.9152,1.1500,0.0000
2024,13,00-0036187,RB,0.3576,0.3750,0.0000
2024,13,00-0036196,WR,7.0611,4.6500,0.1750
2024,13,00-0036212,QB,17.8312,1.8750,0.0250
2024,13,00-0036219,WR,3.5438,2.1500,0.1000
2024,13,00-0036223,RB,14.8744,21.5750,0.5500
2024,13,00-0036232,TE,1.3411,1.7250,0.0250
2024,13,00-0036233,WR,4.2022,2.1500,0.0750
2024,13,00-0036244,TE,4.8195,2.9250,0.1500
2024,13,00-0036251,RB,9.4243,10.2250,0.3500
2024,13,00-0036252,WR,11.6478,9.1750,0.2750
2024,13,00-0036254,WR,0.8022,0.9250,0.0000
2024,13,00-0036259,WR,9.0860,6.2000,0.1000
2024,13,00-0036261,WR,7.8861,5.1750,0.2500
2024,13,00-0036264,QB,19.2531,1.1250,0.0000
2024,13,00-0036265,RB,3.0770,3.4000,0.1750
2024,13,00-0036268,WR,1.1408,0.7500,0.0500
2024,13,00-0036271,WR,1.9637,1.5500,0.0750
2024,13,00-0036275,RB,10.1756,18.3250,0.2250
2024,13,00-0036277,WR,2.6407,1.4250,0.0750
2024,13,00-0036290,TE,6.9878,4.6250,0.2250
2024,13,00-0036297,RB,1.8113,3.6750,0.0750
2024,13,00-0036309,WR,10.6592,6.5250,0.3500
2024,13,00-0036322,WR,23.6697,10.7250,0.8000
2024,13,00-0036328,RB,5.6268,8.6000,0.2000
2024,13,00-0036331,WR,0.4146,0.7000,0.0000
2024,13,00-0036345,WR,3.6422,2.8500,0.1500
2024,13,00-0036355,QB,19.8048,5.0000,0.2000
2024,13,00-0036358,WR,17.8302,14.5750,0.4500
2024,13,00-0036360,RB,4.6898,4.4750,0.1000
2024,13,00-0036387,WR,1.7360,1.4500,0.0250
2024,13,00-0036389,QB,15.3418,5.8750,0.2500
2024,13,00-0036407,WR,8.5556,7.3750,0.2000
2024,13,00-0036410,WR,9.2174,5.0000,0.2250
2024,13,00-0036412,WR,3.9855,2.2250,0.1000
2024,13,00-0036414,RB,4.8864,6.8250,0.2000
2024,13,00-0036415,WR,3.3182,2.9000,0.0750
2024,13,00-0036427,WR,5.2813,2.6500,0.1250
2024,13,00-0036438,TE,2.1396,2.0250,0.0750
2024,13,00-0036442,QB,18.1142,2.6000,0.0500
2024,13,00-0036482,WR,1.9068,1.1500,0.0250
2024,13,00-0036527,WR,3.4643,3.7500,0.3000
2024,13,00-0036550,WR,8.3769,3.5500,0.2500
2024,13,00-0036554,WR,14.5893,5.5250,0.5000
2024,13,00-0036555,RB,11.3102,18.1000,0.3250
2024,13,00-0036567,RB,2.2694,3.3750,0.1250
2024,13,00-0036569,RB,1.1352,1.4000,0.0500
2024,13,00-0036613,WR,12.5351,6.4000,0.3250
2024,13,00-0036626,WR,3.4170,2.3000,0.1000
2024,13,00-0036627,WR,3.6613,2.2000,0.1250
2024,13,00-0036628,TE,1.4932,1.1000,0.0250
2024,13,00-0036637,TE,7.5357,2.6250,0.2000
2024,13,00-0036647,WR,0.8437,0.7500,0.0250
2024,13,00-0036670,RB,1.6847,2.3500,0.0750
2024,13,00-0036754,TE,4.2940,1.6250,0.1250
2024,13,00-0036755,RB,5.4080,5.6500,0.3250
2024,13,00-0036849,WR,8.5737,3.5750,0.3000
2024,13,00-0036875,RB,9.5788,16.9250,0.3500
2024,13,00-0036876,TE,3.0458,2.1500,0.0500
2024,13,00-0036887,TE,1.6400,1.3000,0.0250
2024,13,00-0036893,RB,11.9301,18.5250,0.6000
2024,13,00-0036894,TE,5.6951,4.0500,0.1000
2024,13,00-0036900,WR,23.9120,10.5250,0.8000
2024,13,00-0036906,RB,2.3847,3.4000,0.0750
2024,13,00-0036912,WR,6.4259,4.5000,0.0500
2024,13,00-0036919,RB,3.1647,3.4000,0.1750
2024,13,00-0036924,RB,3.4253,4.3250,0.1750
2024,13,00-0036936,WR,3.3120,2.0000,0.1250
2024,13,00-0036950,RB,0.6389,0.6250,0.0000
2024,13,00-0036955,WR,1.8525,2.2750,0.0250
2024,13,00-0036959,WR,2.5173,1.6500,0.0750
2024,13,00-0036963,WR,17.6542,7.1000,0.4000
2024,13,00-0036970,TE,10.4599,5.6500,0.3500
2024,13,00-0036972,QB,13.0972,2.1750,0.0500
2024,13,00-0036973,RB,8.0929,12.9500,0.3000
2024,13,00-0036980,WR,5.6992,5.5750,0.2000
2024,13,00-0036984,RB,3.1924,4.3750,0.1500
2024,13,00-0036988,WR,7.7573,5.0250,0.1500
2024,13,00-0036997,RB,11.7147,17.2750,0.3750
2024,13,00-0037005,TE,3.2171,2.5500,0.0750
2024,13,00-0037078,TE,2.4140,1.4500,0.0250
2024,13,00-0037086,TE,4.6504,2.4000,0.1000
2024,13,00-0037091,WR,3.7740,2.4000,0.0750
2024,13,00-0037098,WR,0.6903,0.8250,0.0250
2024,13,00-0037120,RB,3.8402,3.3750,0.1750
2024,13,00-0037157,RB,2.7578,3.3250,0.1500
2024,13,00-0037197,RB,7.7484,7.8750,0.2000
2024,13,00-0037228,RB,8.0147,9.0750,0.3500
2024,13,00-0037238,WR,14.0530,8.4750,0.3250
2024,13,00-0037239,WR,13.2352,7.7500,0.2500
2024,13,00-0037240,WR,15.5958,6.4500,0.4750
2024,13,00-0037247,WR,15.5779,8.2250,0.4000
2024,13,00-0037248,RB,13.2813,14.9000,0.4500
2024,13,00-0037252,TE,1.2535,1.5500,0.0250
2024,13,00-0037256,RB,12.0663,12.4500,0.4000
2024,13,00-0037258,RB,1.7387,2.5750,0.0750
2024,13,00-0037261,WR,13.7219,6.1750,0.3750
2024,13,00-0037263,RB,6.2253,8.6000,0.2500
2024,13,00-0037267,RB,5.2306,9.1250,0.1500
2024,13,00-0037273,WR,2.6268,1.7250,0.0750
2024,13,00-0037276,RB,3.2204,4.6250,0.1000
2024,13,00-0037286,RB,0.9620,3.1500,0.0000
2024,13,00-0037291,WR,4.1432,2.5500,0.1000
2024,13,00-0037299,RB,0.9836,1.8750,0.0000
2024,13,00-0037300,WR,0.4939,0.6750,0.0000
2024,13,00-0037429,RB,0.6627,1.0500,0.0000
2024,13,00-0037487,WR,1.1192,1.3500,0.0000
2024,13,00-0037525,RB,6.2841,9.2750,0.4000
2024,13,00-0037545,WR,8.4103,4.9500,0.3000
2024,13,00-0037557,RB,0.3598,1.2500,0.0000
2024,13,00-0037563,RB,1.3002,2.5250,0.0000
2024,13,00-0037570,WR,2.9283,2.1000,0.1500
2024,13,00-0037594,RB,1.3693,2.3000,0.1000
2024,13,00-0037614,WR,2.1547,1.3500,0.0250
2024,13,00-0037664,WR,5.0136,3.0750,0.1000
2024,13,00-0037666,WR,4.2050,4.0750,0.1000
2024,13,00-0037740,WR,12.8350,10.8250,0.1500
2024,13,00-0037741,WR,2.7234,2.4000,0.0500
2024,13,00-0037742,WR,1.5470,1.4750,0.0000
2024,13,00-0037744,TE,12.5067,8.4000,0.1750
2024,13,00-0037746,RB,16.1047,18.0750,0.7250
2024,13,00-0037755,TE,3.0238,2.2000,0.1000
2024,13,00-0037801,WR,4.3863,3.0000,0.1750
2024,13,00-0037805,TE,1.9644,1.6000,0.0500
2024,13,00-0037809,TE,4.6973,3.9500,0.1000
2024,13,00-0037827,RB,1.6789,1.2250,0.1750
2024,13,00-0037837,WR,4.1734,3.0000,0.1750
2024,13,00-0037838,TE,6.8429,2.8500,0.2000
2024,13,00-0037840,RB,14.5322,21.2000,0.5750
2024,13,00-0038098,RB,2.0883,2.8500,0.1000
2024,13,00-0038117,WR,8.3912,7.8250,0.1500
2024,13,00-0038120,RB,10.0489,11.4750,0.5500
2024,13,00-0038124,WR,9.5738,4.3000,0.2750
2024,13,00-0038129,TE,9.4296,6.3500,0.2250
2024,13,00-0038134,RB,14.0873,20.4500,0.5250
2024,13,00-0038389,RB,1.0979,1.8750,0.0500
2024,13,00-0038393,WR,7.7605,4.5250,0.2500
2024,13,00-0038396,RB,1.4318,2.1750,0.0250
2024,13,00-0038397,RB,1.9360,1.6750,0.0500
2024,13,00-0038406,TE,2.2242,1.5750,0.1250
2024,13,00-0038419,RB,0.3041,0.5500,0.0000
2024,13,00-0038454,RB,5.0527,3.1250,0.2250
2024,13,00-0038476,QB,6.9847,1.2250,0.0500
2024,13,00-0038542,RB,22.3381,22.5250,0.8750
2024,13,00-0038543,WR,10.6560,7.5000,0.3750
2024,13,00-0038544,WR,7.2453,4.8500,0.2500
2024,13,00-0038547,TE,3.4244,2.6500,0.0250
2024,13,00-0038551,RB,1.1960,1.4250,0.0500
2024,13,00-0038555,RB,4.2640,7.8000,0.2000
2024,13,00-0038558,TE,2.4821,2.0500,0.0000
2024,13,00-0038559,WR,5.6840,5.0000,0.1000
2024,13,00-0038563,WR,3.2838,5.3500,0.1500
2024,13,00-0038564,TE,2.1797,2.2000,0.0250
2024,13,00-0038589,TE,3.8762,2.9250,0.1250
2024,13,00-0038597,RB,10.9569,13.7250,0.3250
2024,13,00-0038606,WR,2.6081,2.1750,0.0500
2024,13,00-0038608,WR,4.2965,4.0500,0.1500
2024,13,00-0038611,RB,2.1732,2.3250,0.1250
2024,13,00-0038612,WR,2.8320,2.1500,0.1250
2024,13,00-0038619,WR,4.1868,2.5250,0.0750
2024,13,00-0038621,WR,5.3213,3.7000,0.2000
2024,13,00-0038622,RB,1.2422,1.8250,0.0250
2024,13,00-0038636,RB,1.8855,1.8750,0.1250
2024,13,00-0038640,WR,2.8734,2.3250,0.1250
2024,13,00-0038678,RB,1.4976,1.9500,0.0500
2024,13,00-0038685,RB,1.7992,1.7750,0.0250
2024,13,00-0038705,RB,1.6893,1.8750,0.1000
2024,13,00-0038720,TE,2.6033,1.5000,0.0500
2024,13,00-0038752,WR,1.8225,1.3000,0.0750
2024,13,00-0038794,RB,6.0800,7.0750,0.2250
2024,13,00-0038797,RB,3.5190,3.6750,0.1250
2024,13,00-0038930,RB,0.5443,0.4000,0.0500
2024,13,00-0038935,TE,3.5943,2.5250,0.1000
2024,13,00-0038938,WR,0.9756,1.3500,0.0000
2024,13,00-0038941,WR,0.9141,1.1000,0.0250
2024,13,00-0038951,RB,2.8233,3.1500,0.0750
2024,13,00-0038976,WR,3.3333,2.7750,0.0250
2024,13,00-0038977,WR,11.3413,6.6750,0.3250
2024,13,00-0038994,WR,13.4042,5.6750,0.5500
2024,13,00-0038996,TE,11.1463,4.8500,0.4000
2024,13,00-0039021,RB,3.4031,5.1000,0.1750
2024,13,00-0039032,RB,3.4667,4.2500,0.1750
2024,13,00-0039040,RB,16.3607,17.2750,0.8500
2024,13,00-0039041,TE,2.0277,1.6500,0.0250
2024,13,00-0039052,WR,2.0913,1.6500,0.0000
2024,13,00-0039062,WR,4.0552,3.7000,0.1250
2024,13,00-0039064,WR,14.2864,6.8750,0.3750
2024,13,00-0039065,TE,13.0593,5.2500,0.3000
2024,13,00-0039066,TE,1.1178,1.7250,0.0500
2024,13,00-0039067,WR,6.4627,2.2750,0.2500
2024,13,00-0039074,TE,1.4903,0.9000,0.0500
2024,13,00-0039075,WR,12.3987,6.6500,0.2000
2024,13,00-0039139,RB,20.3807,17.7500,0.7000
2024,13,00-0039146,WR,14.2262,6.6000,0.3500
2024,13,00-0039150,QB,8.7879,2.0750,0.0500
2024,13,00-0039152,QB,10.7285,2.5250,0.1500
2024,13,00-0039163,QB,19.3333,2.2500,0.1750
2024,13,00-0039164,QB,12.6544,1.9000,0.0500
2024,13,00-0039165,RB,6.1965,9.4000,0.2000
2024,13,00-0039230,RB,0.4543,0.6500,0.0250
2024,13,00-0039325,RB,2.9538,3.6500,0.1250
2024,13,00-0039337,WR,7.9350,9.8250,0.1500
2024,13,00-0039338,TE,8.4265,10.1500,0.1500
2024,13,00-0039342,WR,9.2342,9.4250,0.1000
2024,13,00-0039344,RB,4.1365,4.1500,0.1750
2024,13,00-0039355,WR,3.8080,2.4750,0.0000
2024,13,00-0039359,TE,2.3147,1.6250,0.0250
2024,13,00-0039361,RB,14.0117,11.8750,0.4750
2024,13,00-0039363,RB,2.8469,3.7500,0.1750
2024,13,00-0039364,RB,3.2617,2.3500,0.1250
2024,13,00-0039373,RB,4.6293,4.6500,0.1750
2024,13,00-0039384,RB,9.5488,15.5750,0.4750
2024,13,00-0039385,RB,2.9634,3.5500,0.0750
2024,13,00-0039391,RB,4.9867,4.9250,0.2000
2024,13,00-0039392,WR,0.5915,0.6500,0.0250
2024,13,00-0039397,WR,1.6823,1.5000,0.0750
2024,13,00-0039405,RB,5.2320,3.6250,0.2250
2024,13,00-0039407,RB,1.4503,2.8500,0.1250
2024,13,00-0039415,WR,2.9173,2.7500,0.0000
2024,13,00-0039424,WR,5.1093,3.0500,0.1000
2024,13,00-0039437,WR,6.1682,3.0250,0.2250
2024,13,00-0039623,WR,2.4457,1.7250,0.1000
2024,13,00-0039652,RB,0.7908,0.6750,0.0250
2024,13,00-0039732,QB,13.2208,2.9750,0.1500
2024,13,00-0039738,RB,4.2443,5.3500,0.0500
2024,13,00-0039739,WR,2.4892,2.0500,0.0750
2024,13,00-0039746,RB,1.9688,1.7250,0.1250
2024,13,00-0039751,WR,2.7682,1.7750,0.0250
2024,13,00-0039792,WR,2.8326,1.3500,0.0750
2024,13,00-0039793,TE,2.3332,1.9500,0.0500
2024,13,00-0039794,RB,4.9371,5.9250,0.2500
2024,13,00-0039796,RB,3.9632,2.9000,0.1500
2024,13,00-0039798,RB,1.0436,0.9000,0.0500
2024,13,00-0039810,WR,2.2676,1.2750,0.0500
2024,13,00-0039811,RB,2.9807,1.9000,0.1500
2024,13,00-0039814,TE,3.5797,2.1000,0.0500
2024,13,00-0039847,TE,2.0700,2.4750,0.0500
2024,13,00-0039849,WR,9.9610,8.4000,0.2500
2024,13,00-0039851,QB,10.8307,2.5000,0.1000
2024,13,00-0039855,WR,3.6604,2.2000,0.1250
2024,13,00-0039868,WR,3.8960,3.6000,0.0750
2024,13,00-0039874,RB,4.8669,6.1750,0.2250
2024,13,00-0039875,RB,6.8552,7.5750,0.2750
2024,13,00-0039880,WR,2.0509,1.4750,0.0500
2024,13,00-0039884,WR,1.2467,0.7500,0.0750
2024,13,00-0039890,WR,5.6809,5.0750,0.1500
2024,13,00-0039893,WR,11.9515,8.4750,0.2250
2024,13,00-0039894,WR,9.7618,5.6000,0.3250
2024,13,00-0039901,WR,5.5935,2.0250,0.2750
2024,13,00-0039907,WR,2.4223,3.3250,0.0750
2024,13,00-0039910,QB,20.6431,4.7000,0.1750
2024,13,00-0039915,WR,14.1840,7.3500,0.4000
2024,13,00-0039916,WR,2.8319,2.4750,0.0750
2024,13,00-0039918,QB,13.5010,2.9000,0.2000
2024,13,00-0039919,WR,8.1257,6.0500,0.2500
2024,13,00-0039921,RB,5.6980,6.4250,0.3250
2024,15,00-0023459,QB,13.9495,2.4750,0.0750
2024,15,00-0026498,QB,16.4215,1.4750,0.0250
2024,15,00-0029263,QB,12.6092,2.9000,0.0750
2024,15,00-0029604,QB,17.6828,1.9500,0.0750
2024,15,00-0030035,WR,8.1237,5.5250,0.1500
2024,15,00-0030061,TE,12.2547,7.0750,0.1750
2024,15,00-0030279,WR,6.4098,7.1250,0.1750
2024,15,00-0030431,WR,2.3411,1.7750,0.0250
2024,15,00-0030506,TE,17.1631,9.4750,0.5750
2024,15,00-0030564,WR,10.9659,5.6750,0.3500
2024,15,00-0030565,QB,22.5120,6.0750,0.3250
2024,15,00-0030578,RB,3.8312,3.9000,0.2250
2024,15,00-0031235,WR,2.0582,1.6750,0.0250
2024,15,00-0031236,WR,2.8286,2.5250,0.0250
2024,15,00-0031280,QB,11.6591,2.3250,0.0500
2024,15,00-0031381,WR,15.3850,9.6750,0.4750
2024,15,00-0031408,WR,7.5393,6.5500,0.0500
2024,15,00-0031503,QB,13.0281,2.7500,0.1500
2024,15,00-0031544,WR,14.2040,8.1750,0.2500
2024,15,00-0031547,WR,4.3650,2.3250,0.1500
2024,15,00-0031549,WR,3.1100,1.6250,0.0500
2024,15,00-0031585,TE,1.0896,0.9250,0.0250
2024,15,00-0031588,WR,11.3517,6.5000,0.2250
2024,15,00-0031610,TE,3.0435,4.1500,0.0250
2024,15,00-0031687,RB,6.1942,7.0750,0.3250
2024,15,00-0031763,WR,1.4417,1.3000,0.0750
2024,15,00-0032104,RB,3.3588,5.1000,0.1000
2024,15,00-0032134,TE,2.0478,1.5750,0.0250
2024,15,00-0032208,WR,3.0373,2.2250,0.0750
2024,15,00-0032211,WR,9.0900,5.8500,0.2000
2024,15,00-0032385,WR,2.9574,2.6500,0.0500
2024,15,00-0032392,TE,5.5575,3.6250,0.1250
2024,15,00-0032394,TE,2.4345,1.8750,0.0500
2024,15,00-0032464,WR,6.7506,2.2000,0.2750
2024,15,00-0032764,RB,19.3367,20.9250,0.7500
2024,15,00-0032775,WR,3.8978,2.0250,0.1750
2024,15,00-0032951,WR,3.5057,2.4250,0.2000
2024,15,00-0032977,WR,3.2190,2.4250,0.1750
2024,15,00-0033009,WR,5.8162,4.5000,0.1250
2024,15,00-0033040,WR,17.3458,9.7000,0.5500
2024,15,00-0033045,RB,3.2675,6.7000,0.1500
2024,15,00-0033090,TE,8.6805,6.7250,0.1750
2024,15,00-0033106,QB,23.1768,1.9250,0.0500
2024,15,00-0033246,TE,3.6304,2.1250,0.0750
2024,15,00-0033251,WR,2.6746,1.6750,0.0500
2024,15,00-0033280,RB,12.1225,10.1250,0.4500
2024,15,00-0033282,WR,5.5444,4.0750,0.0750
2024,15,00-0033288,TE,15.5702,5.6750,0.5250
2024,15,00-0033293,RB,16.2834,18.6250,0.5250
2024,15,00-0033307,WR,5.1323,3.2000,0.2750
2024,15,00-0033357,TE,4.4647,5.2500,0.1000
2024,15,00-0033375,WR,6.8666,2.6000,0.1500
2024,15,00-0033439,TE,2.1950,1.2000,0.1250
2024,15,00-0033526,RB,5.4714,4.1000,0.2250
2024,15,00-0033536,WR,5.5250,4.1000,0.1500
2024,15,00-0033553,RB,15.0675,17.6250,0.5250
2024,15,00-0033555,WR,4.0427,3.0000,0.0250
2024,15,00-0033556,RB,4.3200,4.9750,0.1750
2024,15,00-0033589,WR,5.1051,4.6500,0.1750
2024,15,00-0033662,QB,9.9066,2.5000,0.0250
2024,15,00-0033699,RB,16.3309,12.6500,0.5500
2024,15,00-0033854,RB,3.8302,3.3250,0.1750
2024,15,00-0033858,TE,10.3840,5.5000,0.3250
2024,15,00-0033873,QB,17.7468,2.8000,0.0750
2024,15,00-0033885,TE,4.0556,4.6750,0.1000
2024,15,00-0033891,WR,2.8729,1.2750,0.0750
2024,15,00-0033893,RB,0.9480,2.1500,0.0250
2024,15,00-0033895,TE,1.8108,1.5500,0.0250
2024,15,00-0033897,RB,15.5330,19.0500,0.6500
2024,15,00-0033906,RB,16.2862,23.1750,0.6000
2024,15,00-0033908,WR,16.2662,9.3750,0.4750
2024,15,00-0033921,WR,9.0419,6.8250,0.1000
2024,15,00-0033923,RB,8.3541,10.9000,0.4250
2024,15,00-0033925,RB,2.8141,4.7750,0.1500
2024,15,00-0033943,WR,3.4876,2.6250,0.1750
2024,15,00-0033948,RB,2.2734,3.8750,0.1250
2024,15,00-0033955,RB,3.1402,3.4750,0.0750
2024,15,00-0034115,RB,1.0927,1.7750,0.0250
2024,15,00-0034184,RB,4.9245,7.9750,0.1750
2024,15,00-0034272,WR,2.7750,2.1500,0.1000
2024,15,00-0034279,WR,2.2734,2.0000,0.0250
2024,15,00-0034348,WR,13.9840,9.0250,0.2250
2024,15,00-0034351,TE,7.4421,4.5000,0.1500
2024,15,00-0034353,WR,1.9167,1.9750,0.0250
2024,15,00-0034364,TE,4.2118,3.3750,0.1500
2024,15,00-0034367,RB,3.7206,3.2000,0.2250
2024,15,00-0034383,TE,7.6631,5.9750,0.1250
2024,15,00-0034386,WR,2.4329,1.6750,0.0500
2024,15,00-0034407,WR,7.7265,4.2250,0.1500
2024,15,00-0034411,WR,5.2215,3.1250,0.1000
2024,15,00-0034418,WR,1.5807,1.3500,0.0500
2024,15,00-0034487,WR,1.2092,0.9500,0.0250
2024,15,00-0034521,WR,3.9100,3.4000,0.0000
2024,15,00-0034613,TE,2.6775,1.3750,0.0750
2024,15,00-0034646,WR,1.2513,0.6500,0.0250
2024,15,00-0034681,RB,2.5681,3.9250,0.1250
2024,15,00-0034750,RB,4.0025,5.1000,0.2000
2024,15,00-0034753,TE,11.3367,4.5500,0.2250
2024,15,00-0034764,WR,2.4404,2.4000,0.0000
2024,15,00-0034775,WR,8.1468,6.0750,0.2250
2024,15,00-0034777,WR,3.1959,1.7500,0.1250
2024,15,00-0034791,RB,6.9622,11.1500,0.2750
2024,15,00-0034796,QB,25.4693,5.1500,0.3000
2024,15,00-0034798,TE,1.6280,1.0500,0.0500
2024,15,00-0034827,WR,10.4147,9.2000,0.2500
2024,15,00-0034829,TE,7.5046,3.8750,0.1250
2024,15,00-0034830,TE,3.0162,1.9250,0.0500
2024,15,00-0034837,WR,11.8845,10.7250,0.5000
2024,15,00-0034838,RB,3.2120,5.6000,0.2750
2024,15,00-0034844,RB,18.4839,19.7750,0.8500
2024,15,00-0034855,QB,11.2010,2.7500,0.1750
2024,15,00-0034857,QB,22.3725,6.2000,0.2500
2024,15,00-0034869,QB,21.6785,2.1500,0.0500
2024,15,00-0034960,WR,9.3818,8.2250,0.3000
2024,15,00-0034970,TE,2.0199,1.2000,0.0750
2024,15,00-0034972,RB,5.7718,10.5750,0.1750
2024,15,00-0034975,RB,7.7567,5.2000,0.2500
2024,15,00-0034981,TE,3.1121,2.2750,0.1250
2024,15,00-0035045,WR,3.2652,2.7250,0.0750
2024,15,00-0035208,WR,5.6998,2.8750,0.1500
2024,15,00-0035216,WR,8.7767,4.9000,0.2000
2024,15,00-0035228,QB,18.9175,3.0250,0.0750
2024,15,00-0035229,TE,9.6427,3.8250,0.4250
2024,15,00-0035243,RB,4.1978,6.4250,0.1000
2024,15,00-0035249,TE,4.7021,2.2500,0.0750
2024,15,00-0035250,RB,4.1130,9.7250,0.2500
2024,15,00-0035261,RB,11.3737,14.8500,0.6250
2024,15,00-0035291,RB,1.4525,1.3750,0.0500
2024,15,00-0035298,WR,1.0333,1.1000,0.0250
2024,15,00-0035311,RB,1.0957,1.8500,0.0500
2024,15,00-0035329,TE,3.2427,2.1250,0.0250
2024,15,00-0035341,WR,1.8443,1.2500,0.0000
2024,15,00-0035359,WR,2.4453,1.8250,0.0250
2024,15,00-0035406,WR,3.9013,2.9500,0.0250
2024,15,00-0035500,WR,3.9025,2.5500,0.0750
2024,15,00-0035535,WR,3.8745,4.6750,0.0500
2024,15,00-0035537,RB,3.4774,3.5750,0.0500
2024,15,00-0035567,RB,0.5671,1.1000,0.0000
2024,15,00-0035628,RB,2.3201,3.0750,0.1250
2024,15,00-0035640,WR,15.7725,9.1750,0.5000
2024,15,00-0035644,TE,5.8375,3.1750,0.1000
2024,15,00-0035659,WR,13.7511,8.1500,0.2500
2024,15,00-0035676,WR,15.0889,7.5250,0.4000
2024,15,00-0035685,RB,14.3743,14.9500,0.4000
2024,15,00-0035689,TE,3.1447,1.5750,0.1000
2024,15,00-0035700,RB,15.0903,17.3000,0.4750
2024,15,00-0035704,QB,6.2859,3.0250,0.2000
2024,15,00-0035719,WR,17.3526,7.9000,0.6750
2024,15,00-0035771,TE,1.6200,1.2500,0.0500
2024,15,00-0035806,RB,2.3378,2.3000,0.1000
2024,15,00-0035876,WR,1.1492,0.8750,0.0250
2024,15,00-0035934,WR,1.7591,1.1750,0.0000
2024,15,00-0035973,RB,0.9527,1.3250,0.0500
2024,15,00-0036020,RB,1.4842,2.6500,0.0750
2024,15,00-0036040,TE,4.6784,3.5250,0.1750
2024,15,00-0036059,TE,0.5500,0.5500,0.0000
2024,15,00-0036096,RB,0.8003,1.4000,0.0250
2024,15,00-0036139,RB,7.4282,12.0500,0.3000
2024,15,00-0036158,RB,13.9487,15.2750,0.6500
2024,15,00-0036182,WR,3.7957,3.1250,0.0750
2024,15,00-0036187,RB,0.4564,0.5750,0.0000
2024,15,00-0036196,WR,5.8309,4.6750,0.1250
2024,15,00-0036212,QB,16.5640,2.1000,0.0500
2024,15,00-0036219,WR,1.9254,2.2250,0.0000
2024,15,00-0036223,RB,13.2622,20.9750,0.5250
2024,15,00-0036232,TE,1.1928,1.1500,0.0000
2024,15,00-0036233,WR,1.8077,1.2750,0.0250
2024,15,00-0036244,TE,5.0328,3.3500,0.1250
2024,15,00-0036251,RB,9.6454,10.3500,0.3500
2024,15,00-0036252,WR,9.6698,7.8000,0.3000
2024,15,00-0036259,WR,12.5202,4.9500,0.4000
2024,15,00-0036261,WR,8.5690,4.0250,0.2750
2024,15,00-0036264,QB,18.6161,1.5750,0.0000
2024,15,00-0036265,RB,3.1648,3.5250,0.0750
2024,15,00-0036271,WR,2.5688,1.9750,0.1750
2024,15,00-0036275,RB,7.5109,13.7750,0.3250
2024,15,00-0036277,WR,2.6238,1.7000,0.1250
2024,15,00-0036290,TE,6.1077,5.2250,0.0750
2024,15,00-0036297,RB,0.6408,1.3500,0.0250
2024,15,00-0036309,WR,11.4920,5.3000,0.3000
2024,15,00-0036322,WR,23.0785,10.4500,0.6000
2024,15,00-0036328,RB,6.1223,8.4250,0.2250
2024,15,00-0036331,WR,1.2160,1.3250,0.0250
2024,15,00-0036345,WR,5.4311,2.6750,0.2000
2024,15,00-0036355,QB,18.5868,2.7000,0.1250
2024,15,00-0036358,WR,14.9332,12.2250,0.4250
2024,15,00-0036360,RB,3.4398,3.8000,0.1250
2024,15,00-0036389,QB,18.7409,6.6000,0.2250
2024,15,00-0036407,WR,14.9007,8.3250,0.6500
2024,15,00-0036410,WR,14.5308,6.4000,0.5250
2024,15,00-0036412,WR,3.3243,2.3250,0.0750
2024,15,00-0036414,RB,4.4917,7.4000,0.1000
2024,15,00-0036415,WR,3.4083,2.9500,0.1250
2024,15,00-0036427,WR,4.7649,2.8500,0.0750
2024,15,00-0036442,QB,19.7843,2.6000,0.0250
2024,15,00-0036482,WR,1.5167,1.0250,0.0000
2024,15,00-0036527,WR,1.7607,2.2250,0.0250
2024,15,00-0036550,WR,10.6233,3.8500,0.3000
2024,15,00-0036554,WR,15.2063,6.2750,0.4750
2024,15,00-0036555,RB,14.7443,19.3500,0.6500
2024,15,00-0036567,RB,3.2474,3.5000,0.1250
2024,15,00-0036569,RB,0.7204,1.0750,0.0000
2024,15,00-0036613,WR,11.7382,6.3000,0.4000
2024,15,00-0036626,WR,3.7873,2.8500,0.0000
2024,15,00-0036627,WR,4.6877,2.6250,0.0750
2024,15,00-0036637,TE,5.0651,3.1000,0.0500
2024,15,00-0036647,WR,1.7450,1.1500,0.1000
2024,15,00-0036654,RB,1.2248,1.3000,0.0500
2024,15,00-0036670,RB,1.5016,1.5750,0.0500
2024,15,00-0036754,TE,3.4897,1.4000,0.1500
2024,15,00-0036755,RB,3.2149,4.0250,0.0750
2024,15,00-0036849,WR,7.2775,4.2500,0.2250
2024,15,00-0036875,RB,11.8395,17.0250,0.4500
2024,15,00-0036876,TE,1.6922,1.8750,0.0250
2024,15,00-0036893,RB,13.2875,21.3250,0.7500
2024,15,00-0036894,TE,9.3208,6.1000,0.2750
2024,15,00-0036900,WR,25.2613,11.2250,0.6750
2024,15,00-0036906,RB,2.9021,3.3250,0.1250
2024,15,00-0036912,WR,10.7697,6.1750,0.3500
2024,15,00-0036919,RB,3.3330,3.2500,0.1500
2024,15,00-0036924,RB,3.2346,3.8750,0.0750
2024,15,00-0036936,WR,2.1477,1.3000,0.0750
2024,15,00-0036950,RB,0.8273,0.5250,0.0500
2024,15,00-0036959,WR,2.1520,1.6750,0.0250
2024,15,00-0036963,WR,25.9647,10.0750,0.6250
2024,15,00-0036970,TE,10.1660,5.7250,0.2750
2024,15,00-0036972,QB,12.1617,2.1000,0.1250
2024,15,00-0036973,RB,10.1101,14.5750,0.4500
2024,15,00-0036980,WR,7.5418,6.4750,0.3000
2024,15,00-0036984,RB,3.3670,4.3250,0.2000
2024,15,00-0036988,WR,10.9597,6.3750,0.2250
2024,15,00-0036997,RB,12.3013,16.8500,0.4000
2024,15,00-0037005,TE,2.8529,2.0500,0.0500
2024,15,00-0037078,TE,2.3111,1.5250,0.1000
2024,15,00-0037086,TE,3.7210,1.8250,0.0500
2024,15,00-0037091,WR,3.4198,2.1000,0.1750
2024,15,00-0037098,WR,1.8291,1.2500,0.1250
2024,15,00-0037120,RB,2.3963,2.8750,0.0750
2024,15,00-0037157,RB,3.1100,4.7750,0.1000
2024,15,00-0037197,RB,5.1443,7.6750,0.1000
2024,15,00-0037228,RB,8.4750,9.6500,0.4000
2024,15,00-0037238,WR,15.4417,8.4250,0.4500
2024,15,00-0037239,WR,7.6138,5.7500,0.3000
2024,15,00-0037240,WR,10.7074,4.6500,0.3000
2024,15,00-0037248,RB,12.1576,13.1750,0.5000
2024,15,00-0037252,TE,0.7260,1.1500,0.0000
2024,15,00-0037256,RB,13.3157,15.4750,0.6500
2024,15,00-0037258,RB,1.9437,2.5000,0.1250
2024,15,00-0037261,WR,14.1569,6.4250,0.3250
2024,15,00-0037263,RB,6.9530,8.0500,0.2250
2024,15,00-0037267,RB,5.6384,9.1250,0.1750
2024,15,00-0037273,WR,2.2984,1.6500,0.0000
2024,15,00-0037276,RB,3.6500,4.3500,0.2250
2024,15,00-0037286,RB,1.8765,3.6000,0.1250
2024,15,00-0037291,WR,3.7651,2.5000,0.0000
2024,15,00-0037299,RB,0.9941,1.7500,0.0750
2024,15,00-0037300,WR,0.7338,0.8250,0.0000
2024,15,00-0037329,RB,1.0550,1.1250,0.1000
2024,15,00-0037355,WR,1.2465,0.6250,0.0750
2024,15,00-0037509,RB,1.6066,2.0750,0.1000
2024,15,00-0037525,RB,8.9152,9.5500,0.3500
2024,15,00-0037545,WR,6.1852,4.2500,0.3000
2024,15,00-0037557,RB,0.6446,1.2500,0.0250
2024,15,00-0037563,RB,1.7424,2.5500,0.0750
2024,15,00-0037570,WR,2.8595,2.7000,0.0750
2024,15,00-0037594,RB,1.1812,1.7000,0.0750
2024,15,00-0037614,WR,2.3547,1.4250,0.0500
2024,15,00-0037664,WR,4.6410,4.2000,0.1250
2024,15,00-0037666,WR,4.1058,3.9750,0.1500
2024,15,00-0037740,WR,14.9400,11.3500,0.2000
2024,15,00-0037741,WR,3.2118,2.8250,0.0250
2024,15,00-0037742,WR,1.9418,1.6750,0.0500
2024,15,00-0037744,TE,19.8479,8.9750,0.4250
2024,15,00-0037746,RB,11.7751,13.1000,0.7000
2024,15,00-0037755,TE,3.4905,2.6500,0.1000
2024,15,00-0037801,WR,3.7371,3.1250,0.1000
2024,15,00-0037805,TE,2.8675,2.1250,0.1000
2024,15,00-0037809,TE,5.6340,4.3750,0.1500
2024,15,00-0037816,WR,9.1432,4.8500,0.2250
2024,15,00-0037827,RB,1.3688,1.7500,0.1000
2024,15,00-0037834,QB,22.4752,1.8750,0.0750
2024,15,00-0037837,WR,4.5042,3.6500,0.1250
2024,15,00-0037838,TE,6.6900,2.7750,0.1750
2024,15,00-0037840,RB,13.7208,19.6250,0.5500
2024,15,00-0038040,RB,3.1836,5.8250,0.2250
2024,15,00-0038041,TE,5.6178,5.2250,0.1500
2024,15,00-0038098,RB,1.4060,2.3250,0.0250
2024,15,00-0038115,TE,0.7545,0.7000,0.0250
2024,15,00-0038117,WR,4.3875,6.5750,0.1000
2024,15,00-0038120,RB,9.5200,11.1500,0.4250
2024,15,00-0038124,WR,8.4405,4.2500,0.2750
2024,15,00-0038129,TE,7.5632,7.0250,0.1500
2024,15,00-0038389,RB,1.3276,1.6250,0.0500
2024,15,00-0038393,WR,7.6500,4.5500,0.3500
2024,15,00-0038396,RB,0.7650,1.5500,0.0750
2024,15,00-0038406,TE,1.6200,1.0000,0.0750
2024,15,00-0038419,RB,0.3910,0.7250,0.0000
2024,15,00-0038454,RB,4.2300,3.2250,0.1000
2024,15,00-0038492,WR,0.6825,0.8250,0.0000
2024,15,00-0038496,WR,0.8050,0.9250,0.0000
2024,15,00-0038542,RB,20.6097,21.8250,0.6250
2024,15,00-0038543,WR,14.3300,8.8250,0.4500
2024,15,00-0038544,WR,8.9724,6.4750,0.1750
2024,15,00-0038547,TE,3.3378,2.7500,0.0750
2024,15,00-0038551,RB,0.8510,1.7500,0.0500
2024,15,00-0038555,RB,5.4150,8.6250,0.3250
2024,15,00-0038558,TE,2.4958,2.3500,0.0000
2024,15,00-0038559,WR,9.0738,4.4000,0.3000
2024,15,00-0038563,WR,5.3432,6.1500,0.1000
2024,15,00-0038564,TE,2.7216,2.8250,0.0500
2024,15,00-0038573,WR,2.0036,1.4000,0.0750
2024,15,00-0038579,QB,8.0784,1.3000,0.1000
2024,15,00-0038589,TE,2.8080,2.3000,0.1000
2024,15,00-0038597,RB,11.2583,14.2250,0.2250
2024,15,00-0038606,WR,3.5087,2.9250,0.1250
2024,15,00-0038608,WR,4.2458,3.8750,0.1000
2024,15,00-0038611,RB,2.5567,2.8250,0.1000
2024,15,00-0038612,WR,3.5733,2.4500,0.1000
2024,15,00-0038619,WR,4.4450,2.7500,0.1250
2024,15,00-0038621,WR,8.3048,6.0000,0.2250
2024,15,00-0038636,RB,3.3350,3.8250,0.2000
2024,15,00-0038640,WR,1.6019,2.0750,0.0250
2024,15,00-0038685,RB,2.0343,2.1750,0.0750
2024,15,00-0038720,TE,1.5107,1.3250,0.0250
2024,15,00-0038752,WR,2.1150,1.2500,0.0750
2024,15,00-0038794,RB,6.2827,8.3250,0.3000
2024,15,00-0038797,RB,3.8363,4.2000,0.1500
2024,15,00-0038862,RB,3.5955,3.2250,0.1250
2024,15,00-0038933,TE,4.9113,2.7000,0.1500
2024,15,00-0038935,TE,3.9963,2.7750,0.1500
2024,15,00-0038938,WR,0.5100,1.3250,0.0000
2024,15,00-0038941,WR,1.1254,1.2250,0.0500
2024,15,00-0038951,RB,4.1447,4.3000,0.1500
2024,15,00-0038976,WR,4.3147,3.3500,0.1250
2024,15,00-0038977,WR,10.4506,6.2250,0.2500
2024,15,00-0038994,WR,14.3813,5.8500,0.6000
2024,15,00-0038996,TE,7.5423,4.0250,0.1500
2024,15,00-0038997,WR,5.0093,4.0000,0.1250
2024,15,00-0039032,RB,6.7387,9.4250,0.2750
2024,15,00-0039040,RB,16.4120,16.7000,0.8000
2024,15,00-0039041,TE,3.5408,1.7500,0.0500
2024,15,00-0039052,WR,2.5036,2.3000,0.0250
2024,15,00-0039062,WR,3.1841,3.2500,0.0500
2024,15,00-0039064,WR,14.8400,6.3500,0.2750
2024,15,00-0039065,TE,10.3627,4.0500,0.2750
2024,15,00-0039066,TE,2.0562,2.5750,0.0000
2024,15,00-0039067,WR,5.5149,3.0500,0.1250
2024,15,00-0039075,WR,12.6768,8.3000,0.2750
2024,15,00-0039139,RB,16.5364,15.2750,0.5000
2024,15,00-0039146,WR,12.3675,5.6250,0.4000
2024,15,00-0039150,QB,11.7574,1.8000,0.1000
2024,15,00-0039152,QB,11.6456,3.3750,0.0250
2024,15,00-0039163,QB,18.9069,2.2250,0.0750
2024,15,00-0039164,QB,10.7991,1.6250,0.0500
2024,15,00-0039165,RB,13.3200,19.6000,0.4750
2024,15,00-0039230,RB,0.3390,0.7750,0.0000
2024,15,00-0039311,RB,0.8727,0.8000,0.0250
2024,15,00-0039325,RB,2.4380,3.1000,0.1000
2024,15,00-0039337,WR,6.2280,9.2750,0.2500
2024,15,00-0039338,TE,11.8370,10.3500,0.1500
2024,15,00-0039342,WR,8.7838,8.2750,0.1000
2024,15,00-0039344,RB,4.6354,4.5750,0.1750
2024,15,00-0039355,WR,4.8389,2.4750,0.0750
2024,15,00-0039356,TE,5.9877,3.7000,0.1000
2024,15,00-0039361,RB,5.8934,6.9750,0.2000
2024,15,00-0039363,RB,2.5950,2.3500,0.1000
2024,15,00-0039364,RB,2.2523,1.5500,0.1000
2024,15,00-0039373,RB,4.2347,4.6500,0.1500
2024,15,00-0039384,RB,6.3870,13.3250,0.5000
2024,15,00-0039385,RB,2.7064,3.4750,0.1000
2024,15,00-0039391,RB,3.2394,4.0750,0.1250
2024,15,00-0039392,WR,0.7672,0.7750,0.0000
2024,15,00-0039393,RB,1.6093,1.7000,0.0500
2024,15,00-0039397,WR,1.9600,1.5500,0.0000
2024,15,00-0039405,RB,3.7703,3.4000,0.0750
2024,15,00-0039407,RB,1.1294,1.6000,0.0500
2024,15,00-0039415,WR,6.6449,3.6000,0.1250
2024,15,00-0039424,WR,6.1547,3.5250,0.1000
2024,15,00-0039437,WR,5.1425,2.7250,0.1250
2024,15,00-0039491,WR,3.7850,2.3500,0.0250
2024,15,00-0039623,WR,2.3351,1.8250,0.1500
2024,15,00-0039652,RB,0.8213,0.7000,0.0500
2024,15,00-0039703,RB,0.8342,0.5500,0.0500
2024,15,00-0039732,QB,13.2187,3.3750,0.0750
2024,15,00-0039738,RB,5.3892,5.2750,0.2750
2024,15,00-0039739,WR,3.6521,2.6500,0.1000
2024,15,00-0039746,RB,2.1151,2.0250,0.1000
2024,15,00-0039751,WR,1.8453,1.1750,0.0250
2024,15,00-0039792,WR,3.4300,1.6500,0.0750
2024,15,00-0039793,TE,4.8600,2.5250,0.2000
2024,15,00-0039794,RB,5.6875,7.6500,0.2000
2024,15,00-0039796,RB,5.1167,3.2250,0.1750
2024,15,00-0039798,RB,1.9075,2.0250,0.0500
2024,15,00-0039810,WR,2.2108,1.3000,0.0750
2024,15,00-0039811,RB,2.8135,2.2500,0.1500
2024,15,00-0039814,TE,2.9896,2.3000,0.0000
2024,15,00-0039847,TE,2.7090,3.1250,0.1000
2024,15,00-0039849,WR,14.1633,7.9250,0.5000
2024,15,00-0039851,QB,13.5608,2.7750,0.1000
2024,15,00-0039855,WR,2.3387,3.0000,0.0250
2024,15,00-0039868,WR,2.9653,3.1000,0.0250
2024,15,00-0039874,RB,4.2607,5.6250,0.1750
2024,15,00-0039875,RB,6.3188,7.0000,0.2250
2024,15,00-0039880,WR,1.6793,1.0250,0.0500
2024,15,00-0039884,WR,1.0022,0.9000,0.0500
2024,15,00-0039890,WR,2.9900,4.1250,0.0250
2024,15,00-0039893,WR,11.2121,8.2750,0.3000
2024,15,00-0039894,WR,9.0518,6.6500,0.3000
2024,15,00-0039901,WR,6.8723,3.0000,0.3250
2024,15,00-0039907,WR,2.5898,3.1250,0.1500
2024,15,00-0039910,QB,16.7538,2.9500,0.1500
2024,15,00-0039915,WR,11.7192,5.3750,0.4000
2024,15,00-0039916,WR,4.6150,2.1750,0.1750
2024,15,00-0039918,QB,12.7762,5.4250,0.2750
2024,15,00-0039919,WR,8.3058,7.6500,0.2000
2024,15,00-0039921,RB,5.1333,6.1750,0.1500
2024,17,00-0023459,QB,8.9639,1.8000,0.0750
2024,17,00-0026498,QB,21.6874,1.9250,0.0750
2024,17,00-0029263,QB,14.2430,3.1250,0.2250
2024,17,00-0030035,WR,8.5563,6.6500,0.1500
2024,17,00-0030061,TE,8.6750,5.3750,0.1500
2024,17,00-0030279,WR,10.6133,7.8000,0.3750
2024,17,00-0030431,WR,1.6332,1.8000,0.0500
2024,17,00-0030506,TE,15.8513,9.0250,0.3500
2024,17,00-0030564,WR,11.5527,6.1000,0.3750
2024,17,00-0030565,QB,21.0492,6.2500,0.3000
2024,17,00-0030578,RB,2.2410,3.1500,0.0750
2024,17,00-0031236,WR,3.1433,4.1000,0.0500
2024,17,00-0031381,WR,6.2483,5.5750,0.1250
2024,17,00-0031408,WR,13.6198,7.0750,0.2250
2024,17,00-0031428,WR,0.9326,0.6000,0.0250
2024,17,00-0031544,WR,13.0346,5.8250,0.3000
2024,17,00-0031547,WR,3.0475,2.1250,0.0750
2024,17,00-0031585,TE,1.3185,1.0250,0.0500
2024,17,00-0031588,WR,7.0292,4.7500,0.2250
2024,17,00-0031610,TE,5.5385,4.7750,0.2500
2024,17,00-0031687,RB,6.4038,9.0500,0.4000
2024,17,00-0031763,WR,1.2156,0.8750,0.0500
2024,17,00-0032104,RB,4.6522,5.2500,0.1750
2024,17,00-0032134,TE,2.5900,1.4750,0.1000
2024,17,00-0032208,WR,2.1046,1.7500,0.0750
2024,17,00-0032211,WR,8.5357,4.8750,0.3500
2024,17,00-0032392,TE,5.6920,3.9000,0.1250
2024,17,00-0032394,TE,2.3313,1.9000,0.1000
2024,17,00-0032398,WR,5.4611,2.8500,0.1750
2024,17,00-0032764,RB,18.3416,21.3250,0.7000
2024,17,00-0032775,WR,8.7018,3.8250,0.2250
2024,17,00-0032951,WR,2.2000,1.8750,0.0000
2024,17,00-0032977,WR,2.1306,2.7750,0.1500
2024,17,00-0033009,WR,3.7440,2.6500,0.1000
2024,17,00-0033040,WR,8.9657,6.1750,0.3750
2024,17,00-0033045,RB,3.0433,7.6000,0.1250
2024,17,00-0033090,TE,6.8480,6.3250,0.1250
2024,17,00-0033106,QB,21.7225,2.6500,0.0750
2024,17,00-0033110,TE,1.4927,0.8750,0.0000
2024,17,00-0033246,TE,2.9280,1.8000,0.1250
2024,17,00-0033251,WR,1.9344,1.9500,0.0500
2024,17,00-0033280,RB,7.5278,8.4250,0.3250
2024,17,00-0033282,WR,3.0217,1.6750,0.1000
2024,17,00-0033288,TE,14.6604,5.4750,0.6250
2024,17,00-0033293,RB,13.8773,17.8750,0.5500
2024,17,00-0033307,WR,5.1960,4.1000,0.1750
2024,17,00-0033357,TE,7.9204,8.3500,0.5000
2024,17,00-0033375,WR,7.3847,3.1250,0.2000
2024,17,00-0033439,TE,1.3317,0.7500,0.0000
2024,17,00-0033466,WR,2.4298,1.9750,0.0750
2024,17,00-0033526,RB,3.5702,2.7750,0.0750
2024,17,00-0033536,WR,3.7935,3.2250,0.0750
2024,17,00-0033553,RB,9.9001,13.3000,0.4000
2024,17,00-0033555,WR,4.6507,2.7750,0.0750
2024,17,00-0033556,RB,2.7983,3.7250,0.1000
2024,17,00-0033589,WR,4.5093,5.4750,0.1000
2024,17,00-0033591,WR,6.5750,4.2250,0.1000
2024,17,00-0033662,QB,5.3480,2.1500,0.0500
2024,17,00-0033699,RB,13.1944,10.0500,0.4500
2024,17,00-0033757,TE,2.2992,1.5000,0.0750
2024,17,00-0033854,RB,2.3097,2.8750,0.1000
2024,17,00-0033858,TE,9.0821,6.5500,0.2500
2024,17,00-0033873,QB,17.9505,2.7250,0.0250
2024,17,00-0033881,TE,4.7134,4.9000,0.0750
2024,17,00-0033893,RB,0.9550,1.9250,0.0500
2024,17,00-0033895,TE,1.7600,1.3750,0.0250
2024,17,00-0033897,RB,13.8238,19.1500,0.7250
2024,17,00-0033908,WR,19.7260,8.0500,0.5250
2024,17,00-0033921,WR,9.1232,5.0500,0.0750
2024,17,00-0033923,RB,7.5950,11.6250,0.3500
2024,17,00-0033925,RB,1.9912,3.8250,0.1250
2024,17,00-0033943,WR,3.2293,2.0500,0.1000
2024,17,00-0033948,RB,3.9149,7.2750,0.2500
2024,17,00-0033955,RB,3.8194,3.6750,0.2250
2024,17,00-0034115,RB,1.5541,2.4000,0.1000
2024,17,00-0034159,TE,4.1947,2.4000,0.0750
2024,17,00-0034270,TE,5.5008,5.1250,0.1000
2024,17,00-0034279,WR,2.0846,2.7500,0.0250
2024,17,00-0034317,WR,1.4444,0.9000,0.0250
2024,17,00-0034348,WR,13.0399,8.6750,0.2250
2024,17,00-0034351,TE,7.3550,4.2500,0.2500
2024,17,00-0034353,WR,4.2004,3.0000,0.1250
2024,17,00-0034364,TE,4.0923,3.9500,0.1750
2024,17,00-0034367,RB,2.0404,2.6500,0.1750
2024,17,00-0034383,TE,5.2252,4.4000,0.1250
2024,17,00-0034386,WR,3.2705,1.9000,0.0750
2024,17,00-0034407,WR,6.6172,4.9250,0.2500
2024,17,00-0034411,WR,6.5617,3.7750,0.1250
2024,17,00-0034418,WR,2.7946,2.5750,0.1250
2024,17,00-0034487,WR,2.0800,0.9500,0.0750
2024,17,00-0034521,WR,3.0226,3.2000,0.0000
2024,17,00-0034646,WR,1.0907,0.8500,0.0000
2024,17,00-0034681,RB,2.9893,2.9750,0.1500
2024,17,00-0034750,RB,4.0850,5.8500,0.3250
2024,17,00-0034753,TE,13.0722,6.9500,0.2500
2024,17,00-0034764,WR,1.7051,2.3000,0.0000
2024,17,00-0034771,QB,12.5155,3.4000,0.0500
2024,17,00-0034775,WR,5.7391,4.1000,0.2000
2024,17,00-0034777,WR,2.7893,1.4000,0.1500
2024,17,00-0034791,RB,4.5872,9.3000,0.3250
2024,17,00-0034796,QB,22.1052,5.8500,0.2000
2024,17,00-0034798,TE,2.0570,1.4250,0.1000
2024,17,00-0034827,WR,10.6822,8.7000,0.3000
2024,17,00-0034829,TE,7.6350,3.8250,0.1750
2024,17,00-0034837,WR,14.9175,10.3500,0.6500
2024,17,00-0034838,RB,2.1689,4.4750,0.0750
2024,17,00-0034844,RB,15.9875,20.1750,0.7500
2024,17,00-0034855,QB,15.4020,2.4000,0.0500
2024,17,00-0034857,QB,28.8081,6.1750,0.3250
2024,17,00-0034869,QB,19.6379,1.8250,0.0000
2024,17,00-0034960,WR,8.5013,7.4250,0.1000
2024,17,00-0034972,RB,7.7639,11.2250,0.4250
2024,17,00-0034981,TE,5.5577,3.9750,0.2000
2024,17,00-0035045,WR,3.2853,2.3750,0.0500
2024,17,00-0035208,WR,5.7333,3.8250,0.1250
2024,17,00-0035215,WR,2.6722,1.2250,0.1250
2024,17,00-0035216,WR,5.5669,4.3500,0.1250
2024,17,00-0035228,QB,13.1062,3.8500,0.2750
2024,17,00-0035229,TE,8.5627,4.3750,0.2500
2024,17,00-0035243,RB,4.2602,6.5000,0.2500
2024,17,00-0035249,TE,2.5200,1.8250,0.0500
2024,17,00-0035250,RB,6.0592,10.8750,0.4250
2024,17,00-0035261,RB,10.0512,15.9750,0.4500
2024,17,00-0035291,RB,1.8150,1.8250,0.0500
2024,17,00-0035308,TE,0.9022,0.6750,0.0250
2024,17,00-0035311,RB,0.8901,2.0250,0.0250
2024,17,00-0035329,TE,3.4571,2.0500,0.1000
2024,17,00-0035341,WR,2.2082,1.4500,0.0250
2024,17,00-0035359,WR,2.7965,2.0000,0.0500
2024,17,00-0035406,WR,3.4049,2.6000,0.0500
2024,17,00-0035500,WR,5.1737,3.8250,0.2000
2024,17,00-0035535,WR,4.3597,4.7500,0.1750
2024,17,00-0035537,RB,4.5750,3.1000,0.1500
2024,17,00-0035567,RB,1.1445,1.6250,0.0250
2024,17,00-0035628,RB,1.8438,2.5000,0.0500
2024,17,00-0035631,TE,1.6710,1.1750,0.0500
2024,17,00-0035640,WR,13.5073,8.2000,0.4000
2024,17,00-0035644,TE,6.5487,4.0000,0.1250
2024,17,00-0035659,WR,13.6194,7.9750,0.3000
2024,17,00-0035676,WR,17.9900,9.6250,0.5500
2024,17,00-0035689,TE,4.5296,2.1750,0.1000
2024,17,00-0035700,RB,14.9972,17.2500,0.4000
2024,17,00-0035704,QB,8.4858,3.3000,0.0250
2024,17,00-0035719,WR,13.1905,8.2500,0.3750
2024,17,00-0035771,TE,1.1780,1.3500,0.0000
2024,17,00-0035806,RB,1.5560,2.0250,0.0500
2024,17,00-0035860,RB,2.8404,3.8500,0.2000
2024,17,00-0035934,WR,1.1493,0.9750,0.0000
2024,17,00-0035973,RB,1.1780,1.6000,0.0500
2024,17,00-0036020,RB,2.4747,2.6500,0.1750
2024,17,00-0036040,TE,7.2361,5.7250,0.1750
2024,17,00-0036059,TE,0.9661,0.7750,0.0250
2024,17,00-0036139,RB,7.7667,14.0000,0.2250
2024,17,00-0036158,RB,8.0880,10.9500,0.3500
2024,17,00-0036182,WR,4.7883,3.6000,0.1750
2024,17,00-0036187,RB,0.5511,0.5500,0.0250
2024,17,00-0036196,WR,5.3198,3.3000,0.2000
2024,17,00-0036212,QB,11.3367,1.0500,0.0250
2024,17,00-0036219,WR,5.1047,2.6500,0.1250
2024,17,00-0036223,RB,17.5200,21.4500,0.7250
2024,17,00-0036233,WR,2.6887,1.4750,0.1250
2024,17,00-0036244,TE,4.7052,2.6500,0.1500
2024,17,00-0036251,RB,10.3320,9.2500,0.4000
2024,17,00-0036252,WR,11.8000,8.0500,0.2500
2024,17,00-0036259,WR,13.0381,5.6250,0.4750
2024,17,00-0036261,WR,8.7549,4.0000,0.3250
2024,17,00-0036264,QB,18.6533,1.5500,0.0500
2024,17,00-0036265,RB,3.5944,3.8250,0.1250
2024,17,00-0036271,WR,2.7540,1.8250,0.1000
2024,17,00-0036275,RB,13.7867,18.4500,0.7750
2024,17,00-0036277,WR,3.2609,1.5500,0.1000
2024,17,00-0036290,TE,6.4333,4.2750,0.1000
2024,17,00-0036297,RB,0.3600,0.9750,0.0000
2024,17,00-0036309,WR,8.5546,5.9000,0.2750
2024,17,00-0036322,WR,26.6027,12.0750,0.8250
2024,17,00-0036328,RB,5.1020,8.0500,0.3000
2024,17,00-0036345,WR,3.5889,2.6500,0.0000
2024,17,00-0036355,QB,17.8437,4.3500,0.0750
2024,17,00-0036360,RB,3.2936,6.9750,0.0750
2024,17,00-0036389,QB,22.9345,7.6750,0.2750
2024,17,00-0036407,WR,8.8041,10.1250,0.2750
2024,17,00-0036410,WR,5.8590,3.5750,0.1750
2024,17,00-0036412,WR,2.8613,1.6000,0.0750
2024,17,00-0036414,RB,4.9547,6.4000,0.2750
2024,17,00-0036415,WR,3.2018,2.5500,0.0250
2024,17,00-0036427,WR,4.1359,2.0000,0.0750
2024,17,00-0036429,TE,1.5361,0.9500,0.0750
2024,17,00-0036442,QB,19.8456,2.6250,0.0750
2024,17,00-0036527,WR,2.1966,2.2250,0.1000
2024,17,00-0036550,WR,10.9547,5.5000,0.3500
2024,17,00-0036554,WR,11.3684,5.6000,0.4250
2024,17,00-0036555,RB,8.8582,14.8000,0.4500
2024,17,00-0036567,RB,2.0847,3.4750,0.0750
2024,17,00-0036569,RB,1.5630,1.5500,0.0500
2024,17,00-0036613,WR,5.0883,3.6500,0.1500
2024,17,00-0036627,WR,2.5440,2.3750,0.0500
2024,17,00-0036630,WR,2.1436,0.8250,0.0750
2024,17,00-0036637,TE,5.8590,3.1000,0.2250
2024,17,00-0036647,WR,1.8095,1.3000,0.0750
2024,17,00-0036670,RB,0.3543,0.6750,0.0000
2024,17,00-0036754,TE,2.2496,1.4000,0.0000
2024,17,00-0036755,RB,4.6613,6.5000,0.2250
2024,17,00-0036849,WR,8.9864,3.2750,0.2250
2024,17,00-0036875,RB,8.7480,16.5250,0.4000
2024,17,00-0036876,TE,1.9147,1.6250,0.0250
2024,17,00-0036893,RB,14.1975,18.5750,0.9000
2024,17,00-0036894,TE,7.6793,4.6500,0.2750
2024,17,00-0036900,WR,26.7180,12.5500,0.6500
2024,17,00-0036906,RB,2.3490,3.0000,0.0750
2024,17,00-0036912,WR,13.5475,6.6750,0.5250
2024,17,00-0036919,RB,3.5075,5.2250,0.0750
2024,17,00-0036924,RB,1.4594,1.8500,0.0750
2024,17,00-0036936,WR,2.8643,2.2500,0.0250
2024,17,00-0036950,RB,0.6235,0.6000,0.0000
2024,17,00-0036959,WR,1.7181,1.7000,0.0000
2024,17,00-0036963,WR,24.3766,10.5500,0.5500
2024,17,00-0036970,TE,6.8872,4.8000,0.2000
2024,17,00-0036972,QB,12.2338,1.8750,0.0750
2024,17,00-0036973,RB,7.6611,13.3500,0.2500
2024,17,00-0036980,WR,6.6818,8.7750,0.1500
2024,17,00-0036984,RB,3.9600,4.6250,0.2000
2024,17,00-0036988,WR,10.8027,5.9000,0.3500
2024,17,00-0036997,RB,11.2121,15.1750,0.4500
2024,17,00-0037005,TE,3.5952,3.4750,0.0500
2024,17,00-0037011,TE,0.6342,0.9250,0.0000
2024,17,00-0037078,TE,2.5083,1.4000,0.0500
2024,17,00-0037086,TE,3.6775,2.0500,0.1250
2024,17,00-0037091,WR,3.3917,2.2250,0.1000
2024,17,00-0037098,WR,1.0000,0.7500,0.0500
2024,17,00-0037120,RB,4.0800,3.2500,0.2000
2024,17,00-0037157,RB,1.0733,2.7250,0.0250
2024,17,00-0037197,RB,7.9696,8.7500,0.3750
2024,17,00-0037228,RB,7.6298,9.1750,0.2500
2024,17,00-0037238,WR,12.8307,8.0750,0.3250
2024,17,00-0037239,WR,6.2066,4.0000,0.3000
2024,17,00-0037240,WR,11.9173,6.0000,0.3250
2024,17,00-0037247,WR,11.4773,6.6750,0.2750
2024,17,00-0037248,RB,20.2195,17.0500,0.8250
2024,17,00-0037252,TE,0.8397,1.4000,0.0250
2024,17,00-0037256,RB,15.0100,13.5500,0.5250
2024,17,00-0037258,RB,1.7994,2.6250,0.0750
2024,17,00-0037261,WR,14.6756,5.9000,0.4000
2024,17,00-0037263,RB,5.1242,6.4750,0.3000
2024,17,00-0037267,RB,4.7397,9.8000,0.2000
2024,17,00-0037273,WR,2.0625,1.1250,0.0750
2024,17,00-0037276,RB,2.6693,3.5750,0.1000
2024,17,00-0037282,TE,2.4858,0.6750,0.1500
2024,17,00-0037286,RB,1.0340,2.8500,0.0250
2024,17,00-0037291,WR,3.7253,2.2000,0.1500
2024,17,00-0037299,RB,0.8448,2.6000,0.0250
2024,17,00-0037300,WR,0.8063,1.1500,0.0000
2024,17,00-0037329,RB,1.0157,1.0750,0.0500
2024,17,00-0037509,RB,2.1747,2.4250,0.1500
2024,17,00-0037525,RB,7.3625,7.9750,0.4000
2024,17,00-0037545,WR,6.7549,5.3750,0.2250
2024,17,00-0037557,RB,0.7236,1.0500,0.0250
2024,17,00-0037563,RB,1.5117,2.8750,0.1250
2024,17,00-0037570,WR,3.3218,2.4250,0.0750
2024,17,00-0037594,RB,1.4365,2.0000,0.1000
2024,17,00-0037614,WR,2.4554,1.6000,0.0750
2024,17,00-0037617,RB,1.4853,1.8500,0.0750
2024,17,00-0037664,WR,5.0160,3.9000,0.1000
2024,17,00-0037666,WR,2.7833,3.7750,0.1500
2024,17,00-0037740,WR,10.5762,11.6500,0.1250
2024,17,00-0037741,WR,3.2625,2.2750,0.1250
2024,17,00-0037742,WR,1.4820,1.2750,0.0000
2024,17,00-0037744,TE,13.6466,9.6250,0.2000
2024,17,00-0037746,RB,11.9500,13.4000,0.4750
2024,17,00-0037755,TE,2.6240,1.9500,0.0750
2024,17,00-0037801,WR,4.3500,5.5250,0.0500
2024,17,00-0037805,TE,1.8994,2.0500,0.0250
2024,17,00-0037809,TE,8.1640,5.7500,0.2250
2024,17,00-0037816,WR,10.3917,5.8000,0.2500
2024,17,00-0037827,RB,1.8625,2.9500,0.1250
2024,17,00-0037834,QB,21.7429,1.8250,0.1000
2024,17,00-0037837,WR,4.4303,3.4000,0.1750
2024,17,00-0037838,TE,10.8131,5.1000,0.3000
2024,17,00-0037840,RB,17.9002,22.1250,0.7000
2024,17,00-0038040,RB,2.6136,5.2250,0.1000
2024,17,00-0038041,TE,5.7150,8.3250,0.1500
2024,17,00-0038045,RB,0.8734,2.9250,0.0000
2024,17,00-0038046,TE,2.0540,1.1750,0.0500
2024,17,00-0038098,RB,1.6061,2.8250,0.1250
2024,17,00-0038115,TE,1.3182,1.1750,0.0250
2024,17,00-0038117,WR,6.2462,8.1750,0.1500
2024,17,00-0038120,RB,11.6342,17.0500,0.5250
2024,17,00-0038122,QB,8.5667,2.1250,0.1250
2024,17,00-0038124,WR,4.8667,2.2250,0.1750
2024,17,00-0038389,RB,1.4389,1.6500,0.0500
2024,17,00-0038393,WR,9.8528,5.7500,0.2750
2024,17,00-0038396,RB,1.2742,1.9500,0.0250
2024,17,00-0038406,TE,1.3647,1.1250,0.0500
2024,17,00-0038409,RB,1.3300,2.0750,0.0500
2024,17,00-0038454,RB,3.5100,3.4500,0.0750
2024,17,00-0038542,RB,14.3142,18.6250,0.6000
2024,17,00-0038543,WR,14.4081,8.6750,0.4750
2024,17,00-0038544,WR,8.2960,5.6500,0.2500
2024,17,00-0038547,TE,3.1533,3.7750,0.0500
2024,17,00-0038551,RB,2.4949,5.0750,0.1500
2024,17,00-0038555,RB,4.4564,8.2750,0.3250
2024,17,00-0038558,TE,1.9778,1.7250,0.0250
2024,17,00-0038559,WR,6.1604,5.0000,0.2000
2024,17,00-0038563,WR,5.1131,5.1000,0.0000
2024,17,00-0038573,WR,2.8480,2.5000,0.0750
2024,17,00-0038583,QB,7.5435,2.3500,0.0500
2024,17,00-0038589,TE,2.9467,2.4250,0.0750
2024,17,00-0038597,RB,16.4670,17.9250,0.4750
2024,17,00-0038606,WR,3.7185,3.1750,0.0750
2024,17,00-0038608,WR,4.3360,4.1250,0.1500
2024,17,00-0038611,RB,1.4944,2.5250,0.0500
2024,17,00-0038612,WR,2.5197,1.6750,0.0250
2024,17,00-0038619,WR,5.9400,2.9250,0.1500
2024,17,00-0038621,WR,7.8180,6.3250,0.2500
2024,17,00-0038622,RB,0.9033,1.5250,0.0500
2024,17,00-0038636,RB,2.3161,3.5750,0.0500
2024,17,00-0038678,RB,1.6626,2.6500,0.0500
2024,17,00-0038685,RB,2.5972,2.9000,0.1000
2024,17,00-0038705,RB,4.1615,4.2250,0.1750
2024,17,00-0038720,TE,2.0866,1.8500,0.0750
2024,17,00-0038738,RB,1.0033,1.4000,0.0000
2024,17,00-0038752,WR,1.9714,1.3000,0.0250
2024,17,00-0038794,RB,5.7366,7.0500,0.2750
2024,17,00-0038797,RB,3.2778,4.0250,0.1250
2024,17,00-0038824,WR,2.9862,1.0500,0.1250
2024,17,00-0038862,RB,3.7291,3.1250,0.2000
2024,17,00-0038933,TE,10.1945,4.4000,0.3750
2024,17,00-0038935,TE,3.8542,2.9250,0.0500
2024,17,00-0038938,WR,1.8883,1.9000,0.0750
2024,17,00-0038951,RB,4.2813,3.3500,0.1500
2024,17,00-0038976,WR,3.8044,3.0500,0.0750
2024,17,00-0038977,WR,8.0611,5.8250,0.2250
2024,17,00-0038994,WR,10.3333,6.1750,0.2250
2024,17,00-0038996,TE,9.3083,4.4250,0.2500
2024,17,00-0038997,WR,9.4507,7.0500,0.1000
2024,17,00-0039021,RB,3.4267,5.4250,0.1000
2024,17,00-0039032,RB,7.7003,10.9750,0.3750
2024,17,00-0039040,RB,17.1406,19.7500,0.8250
2024,17,00-0039041,TE,2.0058,1.7500,0.0250
2024,17,00-0039052,WR,2.5935,1.9250,0.0250
2024,17,00-0039062,WR,3.0683,4.9500,0.1000
2024,17,00-0039064,WR,11.2580,5.8500,0.2000
2024,17,00-0039065,TE,11.4753,5.3000,0.3250
2024,17,00-0039066,TE,2.7211,2.4750,0.0500
2024,17,00-0039067,WR,7.4529,3.0500,0.2500
2024,17,00-0039075,WR,16.5468,7.9000,0.4750
2024,17,00-0039136,RB,0.2683,1.1250,0.0000
2024,17,00-0039139,RB,23.7711,24.4750,0.7250
2024,17,00-0039146,WR,12.1167,6.7250,0.2500
2024,17,00-0039150,QB,11.0935,3.1750,0.2000
2024,17,00-0039163,QB,14.9358,2.4750,0.1500
2024,17,00-0039164,QB,11.9072,1.1750,0.1500
2024,17,00-0039165,RB,15.7816,19.1250,0.6500
2024,17,00-0039230,RB,0.3997,0.8250,0.0000
2024,17,00-0039311,RB,0.4349,0.7500,0.0250
2024,17,00-0039325,RB,2.0202,2.8500,0.1000
2024,17,00-0039337,WR,3.6905,6.3500,0.0750
2024,17,00-0039338,TE,12.3394,11.1750,0.1250
2024,17,00-0039342,WR,4.3953,4.8750,0.1000
2024,17,00-0039344,RB,3.8697,5.0000,0.2000
2024,17,00-0039355,WR,2.6861,1.9250,0.0750
2024,17,00-0039356,TE,4.7204,3.7000,0.0500
2024,17,00-0039359,TE,2.7447,1.7500,0.1000
2024,17,00-0039361,RB,16.8973,13.3750,0.5250
2024,17,00-0039363,RB,2.8701,4.4750,0.0750
2024,17,00-0039364,RB,2.9854,2.6500,0.1250
2024,17,00-0039373,RB,3.6033,4.7000,0.0750
2024,17,00-0039376,QB,13.3275,5.4500,0.2000
2024,17,00-0039384,RB,9.1300,14.7000,0.5750
2024,17,00-0039385,RB,3.3094,3.8000,0.1000
2024,17,00-0039391,RB,6.7653,6.1750,0.4000
2024,17,00-0039392,WR,0.7215,0.4750,0.0250
2024,17,00-0039393,RB,0.9747,1.5500,0.0500
2024,17,00-0039397,WR,1.5839,1.8250,0.0000
2024,17,00-0039405,RB,2.1411,2.9750,0.0250
2024,17,00-0039407,RB,1.8719,1.7500,0.1500
2024,17,00-0039415,WR,4.9787,3.5500,0.0750
2024,17,00-0039424,WR,5.9089,3.6250,0.1500
2024,17,00-0039437,WR,6.0250,3.1000,0.2500
2024,17,00-0039491,WR,5.0561,3.4250,0.1500
2024,17,00-0039617,RB,0.4671,0.7000,0.0250
2024,17,00-0039623,WR,2.5087,2.3250,0.1750
2024,17,00-0039652,RB,0.9122,0.7250,0.0750
2024,17,00-0039732,QB,11.7866,2.8500,0.0250
2024,17,00-0039738,RB,4.1359,5.2500,0.1750
2024,17,00-0039739,WR,2.3962,2.0750,0.0500
2024,17,00-0039751,WR,1.8954,1.5750,0.0000
2024,17,00-0039754,TE,2.4732,1.5250,0.0500
2024,17,00-0039793,TE,3.7469,2.4500,0.0500
2024,17,00-0039794,RB,4.5732,5.9250,0.3750
2024,17,00-0039796,RB,1.3433,1.1250,0.0500
2024,17,00-0039798,RB,1.3397,2.1000,0.0750
2024,17,00-0039810,WR,2.1870,1.0000,0.0250
2024,17,00-0039811,RB,2.4444,1.8250,0.1000
2024,17,00-0039814,TE,4.7670,1.9500,0.1500
2024,17,00-0039847,TE,3.1882,3.1250,0.1250
2024,17,00-0039849,WR,9.3721,9.2000,0.1500
2024,17,00-0039851,QB,10.8348,2.8250,0.0750
2024,17,00-0039853,WR,0.6900,0.5500,0.0250
2024,17,00-0039855,WR,4.6835,3.2250,0.1000
2024,17,00-0039868,WR,3.8618,3.5750,0.0500
2024,17,00-0039874,RB,4.8201,6.4750,0.4000
2024,17,00-0039875,RB,7.4877,7.8250,0.3250
2024,17,00-0039880,WR,1.9525,1.9000,0.0750
2024,17,00-0039884,WR,1.4437,1.1250,0.0250
2024,17,00-0039890,WR,3.6453,4.0750,0.0500
2024,17,00-0039893,WR,13.4392,9.0750,0.6000
2024,17,00-0039894,WR,7.8611,6.7250,0.1250
2024,17,00-0039901,WR,7.7874,2.7250,0.3500
2024,17,00-0039907,WR,2.9840,3.5500,0.1500
2024,17,00-0039910,QB,16.8428,2.9250,0.1000
2024,17,00-0039915,WR,17.5707,8.0750,0.3500
2024,17,00-0039916,WR,5.4302,2.8250,0.2500
2024,17,00-0039917,QB,13.7433,2.4000,0.0500
2024,17,00-0039918,QB,12.3298,2.8250,0.0500
2024,17,00-0039919,WR,8.1822,6.6750,0.1750
2024,17,00-0039921,RB,2.5661,3.1000,0.0750
2025,3,00-0023459,QB,13.5235,2.2750,0.1000
2025,3,00-0026158,QB,10.0056,1.8000,0.0750
2025,3,00-0026498,QB,16.3417,1.3500,0.0500
2025,3,00-0029263,QB,7.2842,2.8500,0.0500
2025,3,00-0030035,WR,4.7615,3.1500,0.1500
2025,3,00-0030061,TE,7.4699,4.9500,0.1250
2025,3,00-0030279,WR,10.3520,7.0000,0.2500
2025,3,00-0030506,TE,15.5175,7.4250,0.4000
2025,3,00-0030564,WR,5.1201,3.3250,0.0500
2025,3,00-0030565,QB,10.0195,1.3500,0.0750
2025,3,00-0031236,WR,2.2780,2.7250,0.0500
2025,3,00-0031381,WR,15.9530,11.0250,0.4750
2025,3,00-0031408,WR,22.7722,9.0500,0.8000
2025,3,00-0031544,WR,5.5213,4.5750,0.1750
2025,3,00-0031588,WR,10.3176,7.9750,0.3000
2025,3,00-0031687,RB,3.6444,4.9000,0.2250
2025,3,00-0031763,WR,1.1843,1.0000,0.0250
2025,3,00-0032208,WR,1.0113,1.2750,0.0000
2025,3,00-0032211,WR,4.7313,3.8500,0.1000
2025,3,00-0032385,WR,5.0528,3.1000,0.0750
2025,3,00-0032392,TE,4.9665,2.9750,0.1000
2025,3,00-0032398,WR,3.0283,1.6250,0.0250
2025,3,00-0032464,WR,3.7621,1.6000,0.1750
2025,3,00-0032764,RB,22.9487,17.4250,0.9750
2025,3,00-0032775,WR,3.1536,2.5000,0.0500
2025,3,00-0033040,WR,15.2887,12.6500,0.3000
2025,3,00-0033077,QB,22.1907,1.7250,0.0750
2025,3,00-0033090,TE,6.1323,5.1250,0.1500
2025,3,00-0033106,QB,24.0399,1.6750,0.0500
2025,3,00-0033110,TE,3.9293,3.0500,0.0750
2025,3,00-0033217,TE,1.7985,1.2000,0.0250
2025,3,00-0033246,TE,2.4900,2.1500,0.0250
2025,3,00-0033280,RB,17.6921,19.1750,0.6250
2025,3,00-0033282,WR,3.9690,1.8250,0.1250
2025,3,00-0033288,TE,8.9368,4.7000,0.2250
2025,3,00-0033293,RB,11.6269,13.5500,0.5750
2025,3,00-0033307,WR,3.2021,2.1500,0.0750
2025,3,00-0033357,TE,2.5821,4.1500,0.0500
2025,3,00-0033375,WR,2.5375,1.5000,0.0000
2025,3,00-0033526,RB,1.8116,1.8000,0.0750
2025,3,00-0033536,WR,4.8107,3.1000,0.0500
2025,3,00-0033553,RB,11.8632,15.4000,0.4250
2025,3,00-0033555,WR,1.8466,1.8750,0.0250
2025,3,00-0033576,TE,2.1751,1.4000,0.0250
2025,3,00-0033589,WR,1.8482,2.2500,0.0500
2025,3,00-0033699,RB,13.6901,14.8750,0.5250
2025,3,00-0033857,WR,6.9746,3.1750,0.2250
2025,3,00-0033858,TE,6.7876,4.4250,0.1250
2025,3,00-0033873,QB,22.2913,3.2500,0.2500
2025,3,00-0033885,TE,7.2160,6.6750,0.2750
2025,3,00-0033891,WR,1.5910,1.7750,0.0250
2025,3,00-0033897,RB,6.9557,9.5500,0.4500
2025,3,00-0033906,RB,10.1074,20.1250,0.3250
2025,3,00-0033908,WR,21.1843,9.1500,0.6750
2025,3,00-0033923,RB,6.7810,8.3250,0.2500
2025,3,00-0033955,RB,1.7199,3.5750,0.0500
2025,3,00-0034115,RB,1.7142,2.5750,0.0750
2025,3,00-0034270,TE,4.9787,3.4750,0.1250
2025,3,00-0034317,WR,2.0107,1.0250,0.0750
2025,3,00-0034348,WR,15.1790,9.7500,0.5250
2025,3,00-0034351,TE,8.8853,4.2000,0.2500
2025,3,00-0034383,TE,4.4917,3.3250,0.1750
2025,3,00-0034407,WR,4.0694,2.5000,0.1000
2025,3,00-0034411,WR,3.4832,2.7250,0.0750
2025,3,00-0034521,WR,4.1995,4.1250,0.0750
2025,3,00-0034613,TE,2.3100,1.9000,0.0500
2025,3,00-0034753,TE,11.2842,4.7000,0.3000
2025,3,00-0034775,WR,6.3163,5.0000,0.1250
2025,3,00-0034791,RB,8.5400,10.3000,0.5500
2025,3,00-0034796,QB,28.3646,5.8500,0.3250
2025,3,00-0034798,TE,2.3813,1.2000,0.1000
2025,3,00-0034827,WR,14.7600,8.6750,0.4250
2025,3,00-0034829,TE,4.3462,2.9750,0.2000
2025,3,00-0034837,WR,8.1917,8.3750,0.1750
2025,3,00-0034844,RB,19.6517,19.2000,0.9750
2025,3,00-0034854,WR,1.4167,0.7750,0.0000
2025,3,00-0034855,QB,24.9906,3.7000,0.2000
2025,3,00-0034857,QB,29.0178,5.3000,0.2000
2025,3,00-0034869,QB,20.3388,3.8750,0.0500
2025,3,00-0034960,WR,9.1999,7.9000,0.1250
2025,3,00-0034970,TE,2.0930,1.9750,0.0000
2025,3,00-0034972,RB,2.9809,6.1250,0.1000
2025,3,00-0034975,RB,8.6162,4.5500,0.3250
2025,3,00-0034981,TE,1.9172,2.2750,0.0250
2025,3,00-0034983,WR,4.4070,3.7500,0.1000
2025,3,00-0035045,WR,2.6373,2.3250,0.1000
2025,3,00-0035208,WR,5.5733,4.0750,0.1000
2025,3,00-0035228,QB,8.6110,1.8500,0.0250
2025,3,00-0035229,TE,9.2535,5.9500,0.3250
2025,3,00-0035243,RB,5.3267,5.8250,0.2250
2025,3,00-0035249,TE,2.8628,1.7500,0.0250
2025,3,00-0035250,RB,2.8426,5.2000,0.1250
2025,3,00-0035261,RB,10.9271,16.2500,0.7000
2025,3,00-0035329,TE,1.7812,1.1500,0.0250
2025,3,00-0035359,WR,1.7833,1.1500,0.0500
2025,3,00-0035406,WR,0.9112,1.1750,0.0250
2025,3,00-0035500,WR,1.5552,1.3000,0.0000
2025,3,00-0035535,WR,1.3154,1.6500,0.0000
2025,3,00-0035537,RB,4.3400,2.4750,0.1250
2025,3,00-0035567,RB,1.3448,1.6000,0.0500
2025,3,00-0035594,RB,1.3600,0.9500,0.0750
2025,3,00-0035628,RB,2.7840,1.7000,0.1250
2025,3,00-0035631,TE,0.6823,0.8750,0.0000
2025,3,00-0035640,WR,16.0361,9.9750,0.4750
2025,3,00-0035644,TE,3.8906,2.8250,0.0750
2025,3,00-0035659,WR,12.7906,6.6000,0.5000
2025,3,00-0035662,WR,10.8435,6.8000,0.2250
2025,3,00-0035676,WR,19.4557,9.4000,0.5500
2025,3,00-0035685,RB,9.7074,11.3000,0.3500
2025,3,00-0035689,TE,7.4235,2.7750,0.1250
2025,3,00-0035700,RB,22.7056,22.9500,0.9500
2025,3,00-0035710,QB,14.7785,2.3500,0.1500
2025,3,00-0035719,WR,13.1074,7.5750,0.5250
2025,3,00-0035806,RB,0.9943,1.5000,0.0250
2025,3,00-0036020,RB,2.3952,2.9000,0.0750
2025,3,00-0036040,TE,5.2096,6.0500,0.1000
2025,3,00-0036139,RB,3.5230,6.1250,0.1250
2025,3,00-0036145,TE,2.3307,1.5750,0.0000
2025,3,00-0036158,RB,8.2488,12.6500,0.3750
2025,3,00-0036165,WR,2.8469,1.9000,0.0750
2025,3,00-0036182,WR,2.8099,3.7750,0.0750
2025,3,00-0036183,WR,3.0940,1.3750,0.0500
2025,3,00-0036196,WR,5.0400,2.0000,0.1500
2025,3,00-0036212,QB,10.4568,1.5250,0.0000
2025,3,00-0036223,RB,18.6973,21.8250,0.8750
2025,3,00-0036252,WR,12.4218,7.4500,0.1750
2025,3,00-0036259,WR,5.8803,3.3250,0.2250
2025,3,00-0036261,WR,7.3702,4.5250,0.1000
2025,3,00-0036264,QB,17.7972,1.5750,0.1000
2025,3,00-0036265,RB,2.7249,2.8250,0.1250
2025,3,00-0036275,RB,10.9093,13.9500,0.4750
2025,3,00-0036290,TE,5.9947,3.3250,0.1500
2025,3,00-0036309,WR,5.6944,3.1500,0.2000
2025,3,00-0036322,WR,17.9829,11.3250,0.3750
2025,3,00-0036328,RB,3.7553,4.5000,0.1500
2025,3,00-0036331,WR,1.3973,0.9500,0.0250
2025,3,00-0036355,QB,17.4368,2.6500,0.0750
2025,3,00-0036358,WR,28.8688,12.2500,0.9750
2025,3,00-0036360,RB,3.7314,4.0250,0.1500
2025,3,00-0036389,QB,22.1355,6.2250,0.3000
2025,3,00-0036407,WR,10.2337,8.1250,0.4500
2025,3,00-0036410,WR,7.5824,5.3000,0.2500
2025,3,00-0036414,RB,3.2164,4.9750,0.1500
2025,3,00-0036415,WR,1.6729,1.4500,0.0250
2025,3,00-0036422,TE,1.8729,1.4250,0.0250
2025,3,00-0036423,TE,1.0683,1.0000,0.0250
2025,3,00-0036427,WR,2.6167,2.6000,0.0250
2025,3,00-0036429,TE,1.4861,1.2000,0.0000
2025,3,00-0036442,QB,14.8803,1.8500,0.0250
2025,3,00-0036510,TE,1.3012,0.8750,0.0000
2025,3,00-0036534,TE,1.7041,0.9000,0.0250
2025,3,00-0036550,WR,10.0566,4.3500,0.3500
2025,3,00-0036554,WR,19.5860,10.7500,0.5000
2025,3,00-0036555,RB,9.5182,16.4500,0.3750
2025,3,00-0036567,RB,2.9655,3.9500,0.1250
2025,3,00-0036569,RB,1.0309,1.5500,0.0500
2025,3,00-0036590,TE,1.2200,1.1000,0.0250
2025,3,00-0036613,WR,6.0673,4.2500,0.1750
2025,3,00-0036626,WR,5.3925,3.4000,0.1500
2025,3,00-0036637,TE,4.6600,2.4000,0.1000
2025,3,00-0036754,TE,3.2177,1.2500,0.1500
2025,3,00-0036849,WR,4.2233,2.1500,0.1500
2025,3,00-0036875,RB,10.1026,13.1750,0.4250
2025,3,00-0036876,TE,1.7994,1.2750,0.0250
2025,3,00-0036893,RB,7.2933,9.8750,0.3000
2025,3,00-0036894,TE,4.8760,3.5750,0.0250
2025,3,00-0036900,WR,21.9493,13.5750,0.9500
2025,3,00-0036912,WR,12.1166,5.6500,0.3000
2025,3,00-0036919,RB,4.7176,5.4500,0.2000
2025,3,00-0036924,RB,3.9369,5.0000,0.1250
2025,3,00-0036936,WR,2.6156,1.4500,0.0750
2025,3,00-0036945,QB,9.8646,3.8750,0.2250
2025,3,00-0036955,WR,3.3102,1.9750,0.1000
2025,3,00-0036959,WR,1.8132,1.6750,0.0500
2025,3,00-0036963,WR,24.8049,11.4000,0.7000
2025,3,00-0036970,TE,9.4944,6.6250,0.2000
2025,3,00-0036971,QB,16.6360,2.6500,0.1000
2025,3,00-0036972,QB,13.4944,1.5250,0.0250
2025,3,00-0036973,RB,12.0100,15.7000,0.6250
2025,3,00-0036980,WR,3.6505,2.5250,0.1000
2025,3,00-0036984,RB,1.3110,2.7250,0.0250
2025,3,00-0036988,WR,9.5585,3.6750,0.2000
2025,3,00-0036997,RB,11.9538,13.8500,0.4750
2025,3,00-0037004,TE,1.7250,0.8250,0.0750
2025,3,00-0037005,TE,2.6477,2.2500,0.0750
2025,3,00-0037085,RB,2.4892,2.8000,0.0250
2025,3,00-0037120,RB,2.6703,1.8750,0.1250
2025,3,00-0037157,RB,4.0301,5.9500,0.1750
2025,3,00-0037197,RB,11.4018,11.4250,0.5500
2025,3,00-0037228,RB,11.0911,12.5500,0.5250
2025,3,00-0037238,WR,15.2972,9.7250,0.2500
2025,3,00-0037239,WR,6.5544,8.3250,0.2250
2025,3,00-0037240,WR,11.2646,4.6250,0.4500
2025,3,00-0037247,WR,9.9818,4.7000,0.3250
2025,3,00-0037248,RB,27.1460,19.9750,1.0500
2025,3,00-0037252,TE,1.9507,2.0250,0.0750
2025,3,00-0037256,RB,8.8583,9.4250,0.3500
2025,3,00-0037257,WR,1.9672,1.7250,0.0750
2025,3,00-0037258,RB,1.9530,2.8750,0.1250
2025,3,00-0037261,WR,11.7810,4.2000,0.2750
2025,3,00-0037263,RB,5.5889,7.3750,0.2250
2025,3,00-0037267,RB,3.9563,7.6500,0.2500
2025,3,00-0037276,RB,1.7454,2.7750,0.0500
2025,3,00-0037277,TE,3.1556,2.0000,0.0750
2025,3,00-0037291,WR,4.3783,2.3250,0.1000
2025,3,00-0037475,TE,1.6897,1.6250,0.0500
2025,3,00-0037509,RB,2.9568,3.8000,0.1750
2025,3,00-0037524,WR,1.4669,0.8750,0.0500
2025,3,00-0037525,RB,5.7875,7.3250,0.2750
2025,3,00-0037545,WR,4.1952,4.8500,0.0250
2025,3,00-0037557,RB,1.5890,1.8250,0.1250
2025,3,00-0037563,RB,2.6633,2.9000,0.1500
2025,3,00-0037570,WR,2.4528,1.3750,0.0750
2025,3,00-0037614,WR,2.8883,1.7250,0.1250
2025,3,00-0037617,RB,1.1440,1.7250,0.0500
2025,3,00-0037664,WR,8.2583,4.4750,0.2000
2025,3,00-0037666,WR,4.2840,1.7500,0.2000
2025,3,00-0037740,WR,12.7342,13.2500,0.0750
2025,3,00-0037741,WR,3.1932,1.8250,0.1000
2025,3,00-0037742,WR,3.5917,2.5500,0.1250
2025,3,00-0037744,TE,13.0816,10.2500,0.1500
2025,3,00-0037746,RB,3.8844,6.2750,0.1000
2025,3,00-0037755,TE,2.7257,3.3750,0.0000
2025,3,00-0037801,WR,4.2245,2.1000,0.1500
2025,3,00-0037805,TE,1.7554,1.8500,0.0750
2025,3,00-0037809,TE,6.5063,5.0250,0.2250
2025,3,00-0037816,WR,9.4722,5.4750,0.1250
2025,3,00-0037837,WR,4.7584,3.1750,0.1500
2025,3,00-0037840,RB,9.7160,17.4250,0.3250
2025,3,00-0038040,RB,2.0819,4.1750,0.0750
2025,3,00-0038041,TE,12.0757,5.2500,0.3750
2025,3,00-0038098,RB,2.2500,2.6750,0.0750
2025,3,00-0038104,WR,5.3109,3.0250,0.2500
2025,3,00-0038115,TE,1.3946,1.4000,0.0000
2025,3,00-0038117,WR,4.4040,5.7250,0.0250
2025,3,00-0038120,RB,12.5368,19.7250,0.5250
2025,3,00-0038124,WR,7.2000,3.5750,0.2500
2025,3,00-0038129,TE,8.2278,4.0250,0.1750
2025,3,00-0038134,RB,14.1447,20.9750,0.5000
2025,3,00-0038393,WR,7.9194,4.2500,0.2500
2025,3,00-0038394,TE,1.4988,1.3500,0.0000
2025,3,00-0038396,RB,0.5540,1.2250,0.0000
2025,3,00-0038409,RB,2.4610,3.7000,0.0750
2025,3,00-0038454,RB,3.9343,2.5750,0.1250
2025,3,00-0038518,RB,0.5518,0.5000,0.0500
2025,3,00-0038542,RB,23.7694,25.0500,0.8500
2025,3,00-0038543,WR,13.8017,6.1750,0.4500
2025,3,00-0038544,WR,7.1253,5.4750,0.1750
2025,3,00-0038547,TE,3.2555,1.6250,0.1500
2025,3,00-0038551,RB,2.4329,3.9000,0.2500
2025,3,00-0038555,RB,4.8319,4.2750,0.2750
2025,3,00-0038559,WR,2.8858,2.9500,0.0250
2025,3,00-0038563,WR,3.0887,3.6000,0.0250
2025,3,00-0038564,TE,2.3656,1.2000,0.1250
2025,3,00-0038597,RB,10.2838,19.4750,0.4750
2025,3,00-0038606,WR,5.0900,3.1250,0.2250
2025,3,00-0038608,WR,3.8079,3.3250,0.1000
2025,3,00-0038611,RB,3.6084,5.0250,0.1500
2025,3,00-0038612,WR,2.3459,1.5000,0.0750
2025,3,00-0038619,WR,2.7913,2.0000,0.1250
2025,3,00-0038621,WR,5.7978,4.9750,0.0750
2025,3,00-0038622,RB,1.1323,2.1750,0.0750
2025,3,00-0038636,RB,2.6269,2.5750,0.2000
2025,3,00-0038678,RB,1.5354,1.9000,0.0750
2025,3,00-0038685,RB,4.1667,3.4000,0.1250
2025,3,00-0038705,RB,3.7553,3.0000,0.2250
2025,3,00-0038752,WR,2.0498,1.2000,0.0250
2025,3,00-0038794,RB,2.1906,3.5250,0.0000
2025,3,00-0038797,RB,2.3222,2.2000,0.0750
2025,3,00-0038824,WR,2.5056,1.1250,0.1500
2025,3,00-0038930,RB,1.1111,0.6000,0.0250
2025,3,00-0038933,TE,14.8750,5.7250,0.3250
2025,3,00-0038935,TE,7.6850,5.6250,0.0750
2025,3,00-0038938,WR,0.6010,0.9750,0.0000
2025,3,00-0038951,RB,2.3306,1.7250,0.1500
2025,3,00-0038976,WR,5.5446,3.3250,0.2500
2025,3,00-0038977,WR,5.6163,3.8250,0.1250
2025,3,00-0038979,WR,3.1735,4.5000,0.1500
2025,3,00-0038994,WR,6.1880,3.4500,0.2500
2025,3,00-0038996,TE,6.6111,3.2250,0.1250
2025,3,00-0038997,WR,12.4795,7.3000,0.2000
2025,3,00-0039021,RB,3.9093,5.0000,0.1750
2025,3,00-0039032,RB,4.1583,6.0000,0.1750
2025,3,00-0039040,RB,13.6694,15.8750,0.6750
2025,3,00-0039041,TE,2.3244,1.8000,0.0250
2025,3,00-0039062,WR,1.0455,1.0250,0.0000
2025,3,00-0039064,WR,25.0753,9.8750,0.6250
2025,3,00-0039065,TE,12.9578,5.6000,0.4000
2025,3,00-0039066,TE,1.2368,1.4500,0.0000
2025,3,00-0039067,WR,11.6122,5.5500,0.3250
2025,3,00-0039074,TE,1.6053,1.4000,0.0250
2025,3,00-0039075,WR,20.9603,13.1000,0.7500
2025,3,00-0039139,RB,22.1153,18.3250,0.8750
2025,3,00-0039144,TE,5.6833,2.5250,0.1750
2025,3,00-0039150,QB,10.5720,2.3250,0.0750
2025,3,00-0039163,QB,14.7271,2.8750,0.0500
2025,3,00-0039325,RB,1.6581,2.6750,0.0500
2025,3,00-0039337,WR,13.0323,13.1000,0.2250
2025,3,00-0039338,TE,9.4277,7.2000,0.1750
2025,3,00-0039342,WR,2.2165,3.2500,0.0250
2025,3,00-0039344,RB,1.1093,2.5000,0.0500
2025,3,00-0039355,WR,0.9277,0.8500,0.0000
2025,3,00-0039356,TE,6.0082,4.5000,0.2000
2025,3,00-0039361,RB,26.6222,21.5750,1.2750
2025,3,00-0039363,RB,2.2106,2.2000,0.1250
2025,3,00-0039373,RB,2.0144,1.8000,0.1500
2025,3,00-0039376,QB,5.8250,1.8250,0.0500
2025,3,00-0039379,WR,0.3960,0.6000,0.0250
2025,3,00-0039384,RB,8.1042,14.3250,0.3500
2025,3,00-0039385,RB,0.2796,0.3000,0.0000
2025,3,00-0039386,WR,1.9550,2.4250,0.0250
2025,3,00-0039391,RB,1.7893,2.8250,0.0750
2025,3,00-0039397,WR,1.7439,1.8000,0.0000
2025,3,00-0039405,RB,2.1957,2.8000,0.1250
2025,3,00-0039437,WR,3.2190,1.8000,0.0750
2025,3,00-0039491,WR,5.2802,3.5750,0.1750
2025,3,00-0039623,WR,1.1598,2.0500,0.0500
2025,3,00-0039703,RB,1.5275,1.4250,0.0500
2025,3,00-0039732,QB,13.2875,2.0750,0.0750
2025,3,00-0039738,RB,1.0150,2.0000,0.0000
2025,3,00-0039739,WR,1.9984,1.9500,0.0500
2025,3,00-0039751,WR,1.7943,1.1500,0.0500
2025,3,00-0039754,TE,3.9333,2.2250,0.0750
2025,3,00-0039757,RB,1.8872,3.4250,0.1500
2025,3,00-0039793,TE,5.8283,3.2000,0.1500
2025,3,00-0039794,RB,2.3988,4.8750,0.1000
2025,3,00-0039796,RB,1.6111,1.2500,0.0250
2025,3,00-0039798,RB,1.9959,2.2000,0.1000
2025,3,00-0039811,RB,3.7861,3.1750,0.2000
2025,3,00-0039814,TE,2.4726,1.7000,0.0500
2025,3,00-0039847,TE,3.3324,3.4250,0.0500
2025,3,00-0039849,WR,7.5561,6.5500,0.1000
2025,3,00-0039851,QB,12.1580,2.1500,0.1250
2025,3,00-0039855,WR,4.8083,2.5000,0.2000
2025,3,00-0039868,WR,6.5503,5.2500,0.2250
2025,3,00-0039874,RB,1.2519,2.8500,0.0750
2025,3,00-0039875,RB,4.5115,4.7500,0.1500
2025,3,00-0039880,WR,2.6368,2.9750,0.1000
2025,3,00-0039884,WR,1.4757,2.2000,0.0250
2025,3,00-0039890,WR,4.4413,2.7500,0.1250
2025,3,00-0039893,WR,19.6775,12.9250,0.7000
2025,3,00-0039901,WR,12.3130,4.4000,0.3500
2025,3,00-0039910,QB,17.4008,4.2250,0.1750
2025,3,00-0039915,WR,17.5253,9.5500,0.4250
2025,3,00-0039916,WR,7.0252,5.2000,0.1500
2025,3,00-0039917,QB,14.6761,2.7000,0.1000
2025,3,00-0039918,QB,16.3744,3.4000,0.2000
2025,3,00-0039919,WR,11.3387,8.0500,0.2250
2025,3,00-0039920,WR,0.5390,0.9250,0.0250
2025,3,00-0039921,RB,3.7171,4.5750,0.2000
2025,3,00-0039923,QB,17.7417,2.7000,0.2000
2025,3,00-0040009,WR,3.5806,2.1500,0.1000
2025,3,00-0040021,RB,4.7543,3.9500,0.1750
2025,3,00-0040075,WR,3.2190,1.8250,0.0500
2025,3,00-0040078,RB,3.4985,3.0500,0.0750
2025,3,00-0040122,RB,13.4047,19.1250,0.7000
2025,3,00-0040124,WR,9.5247,7.6250,0.3000
2025,3,00-0040126,TE,3.1947,2.3250,0.1000
2025,3,00-0040128,TE,3.3468,2.6750,0.0500
2025,3,00-0040129,WR,7.0972,3.4000,0.2750
2025,3,00-0040130,WR,3.7450,3.2750,0.1000
2025,3,00-0040131,WR,2.3029,1.8500,0.0250
2025,3,00-0040134,WR,3.7936,2.8750,0.0750
2025,3,00-0040138,WR,2.3147,1.8250,0.0250
2025,3,00-0040142,RB,7.3038,8.1750,0.3000
2025,3,00-0040154,WR,1.8814,1.4500,0.0250
2025,3,00-0040162,RB,7.0363,9.9750,0.3500
2025,3,00-0040164,WR,4.0914,2.3250,0.1250
2025,3,00-0040170,WR,3.8771,3.8500,0.0500
2025,3,00-0040177,RB,3.2737,2.4500,0.1250
2025,3,00-0040179,RB,4.5347,4.5000,0.1750
2025,3,00-0040184,WR,1.8640,1.5250,0.0250
2025,3,00-0040189,TE,1.7920,1.2750,0.0500
2025,3,00-0040198,RB,3.2300,4.1000,0.1000
2025,3,00-0040202,RB,1.9116,2.5500,0.1000
2025,3,00-0040205,RB,1.7854,2.0250,0.0250
2025,3,00-0040208,RB,3.2832,4.7250,0.0750
2025,3,00-0040218,WR,1.6727,1.4750,0.0500
2025,3,00-0040225,TE,1.8630,1.2250,0.0750
2025,3,00-0040236,RB,7.3387,7.4000,0.2000
2025,3,00-0040237,WR,1.9444,0.9750,0.0250
2025,3,00-0040238,RB,3.6550,3.6750,0.1250
2025,3,00-0040241,WR,2.2540,1.2250,0.1000
2025,3,00-0040242,RB,6.6342,7.4000,0.2000
2025,3,00-0040244,TE,1.2089,1.3750,0.0000
2025,3,00-0040547,RB,0.7167,0.8000,0.0000
2025,3,00-0040581,WR,2.1821,2.2500,0.0250
2025,3,00-0040582,WR,2.0802,1.8500,0.0750
2025,3,00-0040583,RB,4.7343,4.7000,0.1750
2025,3,00-0040584,TE,2.8875,2.3250,0.1000
2025,3,00-0040586,RB,4.7118,4.5000,0.1500
2025,3,00-0040590,WR,2.0323,1.5250,0.0500
2025,3,00-0040644,RB,3.6378,3.8750,0.1500
2025,3,00-0040648,WR,3.6478,2.2750,0.1000
2025,3,00-0040649,RB,5.0851,4.6750,0.1500
2025,3,00-0040651,RB,5.5588,4.8500,0.2000
2025,3,00-0040653,WR,3.0843,2.1000,0.1750
2025,3,00-0040663,TE,3.7052,3.4000,0.0750
2025,3,00-0040666,RB,13.0080,13.8500,0.5750
2025,3,00-0040667,WR,9.4861,6.6500,0.1750
2025,3,00-0040669,WR,3.4001,1.7000,0.1750
2025,3,00-0040676,QB,10.7462,2.8250,0.1250
2025,3,00-0040692,RB,6.6290,5.8250,0.3250
2025,3,00-0040705,WR,2.9250,2.4500,0.1000
2025,3,00-0040715,RB,6.4594,8.2000,0.2750
2025,3,00-0040719,RB,7.2825,7.8000,0.3750
2025,3,00-0040727,WR,5.5120,2.7500,0.2000
2025,3,00-0040729,WR,2.8700,2.4500,0.0750
2025,3,00-0040730,RB,11.3138,11.7750,0.2500
2025,3,00-0040734,RB,11.7438,12.2250,0.6000
2025,3,00-0040735,WR,5.6453,3.8500,0.1250
2025,3,00-0040736,TE,2.5201,2.2250,0.0500
2025,3,00-0040737,TE,1.6800,1.3750,0.0500
2025,3,00-0040739,TE,5.5697,3.1250,0.1500
2025,3,00-0040782,WR,0.9533,0.9250,0.0750
2025,3,00-0040784,RB,7.4507,10.7500,0.4500
2025,5,00-0026158,QB,8.3292,1.8500,0.0500
2025,5,00-0026498,QB,19.1961,1.3750,0.0000
2025,5,00-0028118,QB,13.1711,1.8500,0.1000
2025,5,00-0029263,QB,8.8751,3.7750,0.0750
2025,5,00-0030035,WR,3.6985,2.4750,0.1250
2025,5,00-0030061,TE,9.9475,7.3500,0.2250
2025,5,00-0030279,WR,9.0083,5.8500,0.2750
2025,5,00-0030506,TE,11.6811,5.9750,0.3250
2025,5,00-0030564,WR,4.0278,3.1750,0.0750
2025,5,00-0030565,QB,12.2209,2.1500,0.1000
2025,5,00-0031236,WR,2.4391,3.3250,0.0250
2025,5,00-0031381,WR,13.8349,7.9750,0.3500
2025,5,00-0031544,WR,4.5491,4.5000,0.0750
2025,5,00-0031588,WR,9.0743,6.9500,0.2000
2025,5,00-0031610,TE,2.7830,2.0000,0.0750
2025,5,00-0031687,RB,1.6612,2.8750,0.0250
2025,5,00-0031763,WR,1.0933,0.8250,0.0750
2025,5,00-0032208,WR,2.6970,2.2250,0.0500
2025,5,00-0032211,WR,4.5976,4.8500,0.0500
2025,5,00-0032268,QB,12.2325,2.7750,0.0750
2025,5,00-0032385,WR,6.4051,5.3000,0.1250
2025,5,00-0032392,TE,4.5827,2.8500,0.1000
2025,5,00-0032398,WR,4.3625,2.9000,0.1250
2025,5,00-0032464,WR,4.8700,2.1750,0.0750
2025,5,00-0032688,WR,1.6400,1.9500,0.0250
2025,5,00-0032764,RB,16.4992,19.7000,1.1250
2025,5,00-0032950,QB,11.2597,2.4000,0.0750
2025,5,00-0032951,WR,1.2959,0.7750,0.0250
2025,5,00-0033040,WR,18.6837,9.7500,0.6000
2025,5,00-0033077,QB,17.9044,2.4000,0.1000
2025,5,00-0033090,TE,8.7150,6.8750,0.2000
2025,5,00-0033106,QB,25.6173,1.6250,0.0250
2025,5,00-0033217,TE,1.7506,1.0000,0.0500
2025,5,00-0033246,TE,2.1863,1.9500,0.0000
2025,5,00-0033280,RB,18.1961,22.9500,0.8750
2025,5,00-0033282,WR,3.1635,1.5250,0.1000
2025,5,00-0033288,TE,6.0356,4.1500,0.2000
2025,5,00-0033293,RB,7.4728,12.0000,0.3000
2025,5,00-0033307,WR,4.6492,3.6750,0.2250
2025,5,00-0033357,TE,2.1834,2.7750,0.0500
2025,5,00-0033375,WR,1.2273,0.9250,0.0250
2025,5,00-0033526,RB,1.9370,2.4500,0.0000
2025,5,00-0033536,WR,5.8861,2.5750,0.1750
2025,5,00-0033553,RB,13.1538,14.3500,0.4500
2025,5,00-0033555,WR,3.5630,2.7000,0.0500
2025,5,00-0033699,RB,11.1900,11.6500,0.4750
2025,5,00-0033857,WR,7.8237,3.8000,0.1750
2025,5,00-0033873,QB,21.0798,3.0000,0.3000
2025,5,00-0033881,TE,6.5053,4.6250,0.1500
2025,5,00-0033885,TE,6.8764,6.4750,0.2250
2025,5,00-0033891,WR,2.0934,1.6250,0.0000
2025,5,00-0033897,RB,5.4633,7.9750,0.2250
2025,5,00-0033906,RB,14.0491,22.0500,0.3750
2025,5,00-0033908,WR,13.7067,7.7500,0.3250
2025,5,00-0033921,WR,7.6784,5.3750,0.2500
2025,5,00-0033923,RB,6.8709,8.9750,0.3000
2025,5,00-0033943,WR,3.4861,2.1750,0.0000
2025,5,00-0033955,RB,2.3825,3.0500,0.1250
2025,5,00-0034115,RB,1.7276,3.5000,0.0500
2025,5,00-0034270,TE,4.9472,2.9500,0.1000
2025,5,00-0034348,WR,14.0721,9.1500,0.5750
2025,5,00-0034351,TE,8.0187,4.3750,0.1750
2025,5,00-0034383,TE,6.1869,4.5750,0.2250
2025,5,00-0034411,WR,3.3269,3.2000,0.0750
2025,5,00-0034521,WR,3.3306,1.9750,0.1250
2025,5,00-0034613,TE,2.7170,2.2500,0.0750
2025,5,00-0034753,TE,7.3645,4.5500,0.2750
2025,5,00-0034775,WR,6.4289,4.3750,0.1500
2025,5,00-0034791,RB,6.8127,9.5000,0.2250
2025,5,00-0034796,QB,19.9741,7.4500,0.2750
2025,5,00-0034829,TE,3.1525,3.3750,0.0500
2025,5,00-0034837,WR,3.5757,4.1250,0.0500
2025,5,00-0034844,RB,19.7947,20.1250,0.9500
2025,5,00-0034855,QB,19.8162,7.2000,0.3250
2025,5,00-0034857,QB,28.0890,5.2500,0.2750
2025,5,00-0034860,WR,0.8839,1.5250,0.0000
2025,5,00-0034869,QB,17.4923,1.7750,0.0000
2025,5,00-0034960,WR,10.8954,8.1250,0.2750
2025,5,00-0034972,RB,3.6033,5.5500,0.0750
2025,5,00-0034975,RB,5.4015,4.6750,0.2750
2025,5,00-0034983,WR,5.4538,4.8250,0.0500
2025,5,00-0035045,WR,4.9428,2.7250,0.1500
2025,5,00-0035100,QB,12.9614,2.0000,0.0750
2025,5,00-0035228,QB,14.2721,1.7000,0.0500
2025,5,00-0035229,TE,9.1975,6.7500,0.2250
2025,5,00-0035243,RB,3.7887,4.2750,0.1750
2025,5,00-0035249,TE,1.8178,1.7000,0.0250
2025,5,00-0035250,RB,3.3844,7.7250,0.1250
2025,5,00-0035261,RB,9.3689,17.5750,0.6000
2025,5,00-0035311,RB,1.0160,1.4250,0.0000
2025,5,00-0035406,WR,1.5844,1.1750,0.0250
2025,5,00-0035535,WR,2.3444,2.7250,0.0000
2025,5,00-0035537,RB,4.0280,2.5750,0.1500
2025,5,00-0035567,RB,0.9633,1.3750,0.0250
2025,5,00-0035628,RB,1.4346,1.4000,0.0500
2025,5,00-0035631,TE,1.9023,1.5750,0.0750
2025,5,00-0035644,TE,3.7050,2.9500,0.1000
2025,5,00-0035662,WR,9.3372,6.6250,0.1750
2025,5,00-0035676,WR,18.1440,9.8000,0.6250
2025,5,00-0035685,RB,13.7067,11.8750,0.4500
2025,5,00-0035689,TE,4.5252,2.1750,0.0750
2025,5,00-0035710,QB,19.8033,3.1750,0.1750
2025,5,00-0035719,WR,13.2425,10.2750,0.2250
2025,5,00-0035973,RB,0.9703,1.4250,0.1000
2025,5,00-0036020,RB,2.2946,2.1500,0.1000
2025,5,00-0036040,TE,4.1304,3.3500,0.0250
2025,5,00-0036139,RB,7.9383,12.6750,0.3000
2025,5,00-0036145,TE,2.4350,1.8250,0.0250
2025,5,00-0036158,RB,9.1863,12.5750,0.5750
2025,5,00-0036182,WR,3.1331,2.2500,0.0250
2025,5,00-0036183,WR,2.8975,1.5750,0.0500
2025,5,00-0036196,WR,4.7753,2.0500,0.0750
2025,5,00-0036212,QB,15.3645,1.7750,0.1000
2025,5,00-0036223,RB,28.1380,25.7250,1.1750
2025,5,00-0036244,TE,0.8667,0.8500,0.0000
2025,5,00-0036252,WR,14.7987,7.4000,0.3500
2025,5,00-0036261,WR,7.0078,5.9750,0.2250
2025,5,00-0036265,RB,2.1440,2.4000,0.1250
2025,5,00-0036322,WR,15.0518,11.6000,0.2250
2025,5,00-0036328,RB,4.3073,5.9750,0.1750
2025,5,00-0036355,QB,20.4922,3.1250,0.1250
2025,5,00-0036360,RB,3.6859,3.2250,0.2250
2025,5,00-0036389,QB,21.2789,6.7000,0.2250
2025,5,00-0036407,WR,6.1849,7.7500,0.3250
2025,5,00-0036410,WR,8.7512,6.4000,0.4500
2025,5,00-0036414,RB,2.3617,4.0500,0.1500
2025,5,00-0036423,TE,1.3606,0.8250,0.0750
2025,5,00-0036427,WR,2.9583,2.2750,0.0000
2025,5,00-0036510,TE,1.3633,0.7750,0.0000
2025,5,00-0036534,TE,0.7600,0.4250,0.0000
2025,5,00-0036550,WR,6.8943,3.4500,0.4250
2025,5,00-0036554,WR,20.5480,11.3250,0.4750
2025,5,00-0036567,RB,5.1668,4.8750,0.3000
2025,5,00-0036569,RB,1.2047,2.0500,0.0500
2025,5,00-0036590,TE,1.6007,1.4750,0.0250
2025,5,00-0036613,WR,12.7778,6.3750,0.3500
2025,5,00-0036626,WR,4.2723,2.9000,0.2000
2025,5,00-0036628,TE,1.6325,1.5750,0.0500
2025,5,00-0036630,WR,1.4300,0.9250,0.0750
2025,5,00-0036637,TE,5.1695,2.6000,0.1000
2025,5,00-0036670,RB,0.8439,1.4500,0.0250
2025,5,00-0036754,TE,2.5700,0.9500,0.0750
2025,5,00-0036849,WR,4.7667,1.9500,0.1750
2025,5,00-0036875,RB,8.9810,10.8750,0.5500
2025,5,00-0036876,TE,1.7467,1.1750,0.0250
2025,5,00-0036893,RB,5.5889,7.5750,0.2000
2025,5,00-0036900,WR,16.9412,12.8000,0.4750
2025,5,00-0036906,RB,3.0139,3.9000,0.0750
2025,5,00-0036912,WR,11.9813,7.0750,0.2250
2025,5,00-0036924,RB,2.3629,3.0250,0.0250
2025,5,00-0036936,WR,1.5600,1.5750,0.0000
2025,5,00-0036955,WR,3.1280,1.9000,0.0500
2025,5,00-0036959,WR,2.6855,1.7750,0.0750
2025,5,00-0036963,WR,29.6667,10.2250,0.6250
2025,5,00-0036971,QB,15.7575,3.1500,0.0750
2025,5,00-0036972,QB,9.1478,1.1750,0.0500
2025,5,00-0036973,RB,10.8803,16.4750,0.5500
2025,5,00-0036980,WR,3.9520,2.1000,0.1250
2025,5,00-0036988,WR,7.2042,3.0500,0.1750
2025,5,00-0036997,RB,16.3586,18.2000,0.7750
2025,5,00-0037004,TE,2.0090,1.5250,0.0500
2025,5,00-0037005,TE,3.8509,3.5750,0.0500
2025,5,00-0037085,RB,1.7174,2.0250,0.0250
2025,5,00-0037112,TE,2.7650,2.6500,0.1000
2025,5,00-0037157,RB,4.8074,5.7000,0.2250
2025,5,00-0037197,RB,10.7174,11.1500,0.5250
2025,5,00-0037239,WR,9.1494,9.7000,0.1500
2025,5,00-0037240,WR,12.2300,4.1750,0.3000
2025,5,00-0037247,WR,14.4290,7.6750,0.3000
2025,5,00-0037248,RB,23.4682,20.4250,0.9250
2025,5,00-0037252,TE,2.4099,1.7750,0.0750
2025,5,00-0037256,RB,12.0176,18.3500,0.6250
2025,5,00-0037257,WR,1.1200,1.2000,0.0250
2025,5,00-0037258,RB,0.6722,1.7500,0.0000
2025,5,00-0037261,WR,11.2702,4.2250,0.2750
2025,5,00-0037267,RB,4.6773,7.0500,0.3000
2025,5,00-0037276,RB,3.0507,3.7250,0.2500
2025,5,00-0037291,WR,3.4472,3.0250,0.1000
2025,5,00-0037292,TE,2.3124,1.4000,0.0250
2025,5,00-0037475,TE,3.5528,1.7750,0.1250
2025,5,00-0037509,RB,2.3256,3.4250,0.1500
2025,5,00-0037525,RB,8.1835,12.1000,0.3250
2025,5,00-0037545,WR,6.5790,5.6250,0.1250
2025,5,00-0037557,RB,1.4762,1.9250,0.0500
2025,5,00-0037563,RB,3.2639,3.7250,0.2250
2025,5,00-0037570,WR,2.0842,1.6500,0.0500
2025,5,00-0037614,WR,1.8533,1.2000,0.0250
2025,5,00-0037617,RB,0.6500,1.4250,0.0250
2025,5,00-0037666,WR,7.8986,4.1250,0.2250
2025,5,00-0037740,WR,17.0222,13.4750,0.2000
2025,5,00-0037741,WR,4.0747,2.4250,0.1250
2025,5,00-0037742,WR,2.1080,2.4750,0.0500
2025,5,00-0037744,TE,19.6572,11.0500,0.4250
2025,5,00-0037746,RB,2.6717,5.1750,0.1250
2025,5,00-0037755,TE,3.5417,2.9750,0.0500
2025,5,00-0037809,TE,5.7706,5.7500,0.0500
2025,5,00-0037838,TE,4.8252,2.9250,0.2000
2025,5,00-0037840,RB,12.9480,18.1500,0.4000
2025,5,00-0038040,RB,2.0891,3.8000,0.1250
2025,5,00-0038041,TE,16.7059,8.8750,0.4250
2025,5,00-0038104,WR,5.4336,3.5750,0.1250
2025,5,00-0038115,TE,1.7622,1.3000,0.0500
2025,5,00-0038117,WR,5.3711,6.3000,0.0500
2025,5,00-0038120,RB,17.5944,19.1250,0.5750
2025,5,00-0038129,TE,6.6192,5.3000,0.1750
2025,5,00-0038134,RB,9.9307,13.5500,0.3000
2025,5,00-0038394,TE,2.2767,1.2750,0.0500
2025,5,00-0038396,RB,1.1600,1.9000,0.0250
2025,5,00-0038440,RB,1.9977,2.7500,0.1000
2025,5,00-0038454,RB,1.9630,2.7750,0.0750
2025,5,00-0038518,RB,0.1353,0.2500,0.0000
2025,5,00-0038543,WR,26.7600,11.9000,0.8500
2025,5,00-0038544,WR,10.4278,5.9000,0.3500
2025,5,00-0038547,TE,3.3527,2.3000,0.1250
2025,5,00-0038551,RB,3.4424,5.1250,0.2250
2025,5,00-0038555,RB,1.9973,3.1250,0.0750
2025,5,00-0038559,WR,5.2539,3.8000,0.0750
2025,5,00-0038563,WR,6.8203,6.0500,0.1750
2025,5,00-0038564,TE,2.7360,1.6500,0.1000
2025,5,00-0038597,RB,9.8713,16.2500,0.3750
2025,5,00-0038606,WR,5.2500,4.2250,0.1250
2025,5,00-0038608,WR,6.0223,4.4000,0.1750
2025,5,00-0038611,RB,4.0625,5.1250,0.2000
2025,5,00-0038612,WR,2.6103,1.6750,0.0750
2025,5,00-0038618,WR,2.7916,2.4250,0.0750
2025,5,00-0038619,WR,1.8655,1.9250,0.0500
2025,5,00-0038621,WR,5.8473,4.9500,0.1250
2025,5,00-0038622,RB,1.0728,1.7000,0.0500
2025,5,00-0038636,RB,1.0027,1.2750,0.0500
2025,5,00-0038640,WR,2.0863,1.5500,0.0750
2025,5,00-0038678,RB,1.6244,2.4250,0.0500
2025,5,00-0038705,RB,1.7504,2.1500,0.0250
2025,5,00-0038794,RB,2.4395,3.1750,0.1250
2025,5,00-0038824,WR,1.7926,1.0750,0.0750
2025,5,00-0038840,WR,1.9804,1.7500,0.0000
2025,5,00-0038933,TE,12.0840,5.5250,0.2500
2025,5,00-0038935,TE,9.2213,5.9250,0.3500
2025,5,00-0038938,WR,0.7444,0.8500,0.0500
2025,5,00-0038951,RB,1.2869,1.7500,0.0500
2025,5,00-0038976,WR,5.7605,3.9750,0.2000
2025,5,00-0038977,WR,5.9131,3.7000,0.1750
2025,5,00-0038979,WR,2.9120,4.6500,0.0250
2025,5,00-0038994,WR,3.5425,2.9500,0.0750
2025,5,00-0038997,WR,10.6554,5.2500,0.3000
2025,5,00-0039032,RB,1.5546,2.9750,0.0500
2025,5,00-0039040,RB,16.6571,16.3750,0.7750
2025,5,00-0039050,TE,1.6901,1.1000,0.0500
2025,5,00-0039062,WR,2.5641,1.5250,0.1000
2025,5,00-0039064,WR,14.3628,8.3500,0.5250
2025,5,00-0039065,TE,17.1967,5.4500,0.6000
2025,5,00-0039067,WR,10.6820,4.9500,0.3500
2025,5,00-0039074,TE,1.8402,1.2000,0.0250
2025,5,00-0039075,WR,31.5582,13.2250,0.9500
2025,5,00-0039139,RB,32.0733,22.2750,1.3750
2025,5,00-0039150,QB,10.8054,3.8750,0.1750
2025,5,00-0039163,QB,15.5696,2.2750,0.1500
2025,5,00-0039165,RB,4.6933,7.2500,0.1000
2025,5,00-0039230,RB,0.5667,0.8500,0.0250
2025,5,00-0039299,RB,0.7973,1.5000,0.0250
2025,5,00-0039337,WR,12.3489,11.3500,0.2000
2025,5,00-0039338,TE,5.8767,4.5500,0.1500
2025,5,00-0039342,WR,4.4887,5.9750,0.1500
2025,5,00-0039344,RB,2.0401,3.5000,0.1500
2025,5,00-0039355,WR,3.1100,2.1500,0.0000
2025,5,00-0039363,RB,1.5244,2.3500,0.0500
2025,5,00-0039373,RB,1.7760,1.8250,0.0500
2025,5,00-0039376,QB,7.0262,1.9500,0.0500
2025,5,00-0039379,WR,0.8658,1.0500,0.0000
2025,5,00-0039386,WR,1.7487,1.9750,0.0250
2025,5,00-0039391,RB,2.1139,2.8500,0.1000
2025,5,00-0039397,WR,1.5925,1.5750,0.0000
2025,5,00-0039405,RB,2.3051,2.4500,0.1250
2025,5,00-0039407,RB,0.8624,1.0250,0.0500
2025,5,00-0039410,WR,2.4962,1.1750,0.1000
2025,5,00-0039437,WR,0.7692,0.9750,0.0250
2025,5,00-0039491,WR,5.3750,4.2500,0.1000
2025,5,00-0039573,RB,1.8417,2.7000,0.1000
2025,5,00-0039623,WR,1.5791,1.8250,0.0500
2025,5,00-0039703,RB,0.7583,1.1500,0.0000
2025,5,00-0039732,QB,15.9704,2.1250,0.0750
2025,5,00-0039738,RB,2.7993,3.7250,0.1250
2025,5,00-0039747,WR,1.1538,2.0000,0.0250
2025,5,00-0039751,WR,2.5162,1.4750,0.0750
2025,5,00-0039754,TE,4.4280,3.3500,0.0500
2025,5,00-0039757,RB,1.8130,3.6000,0.0750
2025,5,00-0039793,TE,5.9227,3.6000,0.1250
2025,5,00-0039794,RB,3.1833,4.8750,0.0750
2025,5,00-0039796,RB,0.8017,0.7750,0.0500
2025,5,00-0039798,RB,2.3583,2.1750,0.0750
2025,5,00-0039814,TE,2.0193,1.7750,0.0250
2025,5,00-0039847,TE,4.0889,4.6250,0.1000
2025,5,00-0039849,WR,12.9578,7.9250,0.3250
2025,5,00-0039851,QB,12.8156,1.9250,0.0500
2025,5,00-0039855,WR,4.1706,2.9500,0.1750
2025,5,00-0039868,WR,7.7718,5.9500,0.2500
2025,5,00-0039874,RB,1.6049,2.7750,0.1000
2025,5,00-0039875,RB,4.9147,4.3750,0.2750
2025,5,00-0039880,WR,3.7848,3.4250,0.1500
2025,5,00-0039884,WR,1.7327,1.8500,0.0500
2025,5,00-0039890,WR,4.3543,2.7500,0.1750
2025,5,00-0039893,WR,16.3053,11.1500,0.5750
2025,5,00-0039894,WR,6.5116,3.8750,0.1750
2025,5,00-0039901,WR,15.7763,4.4250,0.6000
2025,5,00-0039915,WR,18.9556,9.4250,0.4500
2025,5,00-0039920,WR,0.6329,0.6000,0.0500
2025,5,00-0039921,RB,4.6768,6.0750,0.0750
2025,5,00-0040021,RB,5.1804,4.6250,0.1750
2025,5,00-0040075,WR,1.9608,1.2500,0.1250
2025,5,00-0040078,RB,3.6859,4.1000,0.0750
2025,5,00-0040122,RB,14.0269,19.3500,0.6000
2025,5,00-0040124,WR,9.4122,10.0000,0.1250
2025,5,00-0040128,TE,11.1399,5.5000,0.3250
2025,5,00-0040129,WR,12.2909,9.1750,0.5750
2025,5,00-0040130,WR,2.4053,2.6000,0.0000
2025,5,00-0040131,WR,2.2540,1.9500,0.0750
2025,5,00-0040134,WR,2.4395,1.8000,0.0500
2025,5,00-0040138,WR,2.5227,1.6000,0.1250
2025,5,00-0040162,RB,4.9813,7.6000,0.2500
2025,5,00-0040164,WR,3.6750,2.8000,0.0000
2025,5,00-0040170,WR,5.3002,4.7500,0.2750
2025,5,00-0040177,RB,2.6464,2.6250,0.1250
2025,5,00-0040179,RB,4.0125,4.5250,0.1500
2025,5,00-0040184,WR,0.8167,0.7250,0.0000
2025,5,00-0040187,TE,2.4367,1.7000,0.0750
2025,5,00-0040189,TE,3.2000,1.8250,0.0750
2025,5,00-0040198,RB,3.9509,4.1750,0.1750
2025,5,00-0040202,RB,2.0616,2.6500,0.0500
2025,5,00-0040205,RB,3.6248,4.5000,0.2000
2025,5,00-0040208,RB,3.0615,3.5000,0.1500
2025,5,00-0040218,WR,2.4725,2.0250,0.0250
2025,5,00-0040225,TE,1.6911,1.3750,0.0500
2025,5,00-0040237,WR,1.9498,2.0000,0.0250
2025,5,00-0040238,RB,2.7137,2.9250,0.0500
2025,5,00-0040241,WR,2.6600,1.5250,0.0500
2025,5,00-0040242,RB,9.4800,9.8500,0.3250
2025,5,00-0040244,TE,1.8633,1.8250,0.0500
2025,5,00-0040247,WR,1.8083,1.9500,0.0250
2025,5,00-0040581,WR,3.6669,2.7000,0.1250
2025,5,00-0040582,WR,2.7722,1.4250,0.0500
2025,5,00-0040583,RB,5.0478,6.3000,0.1750
2025,5,00-0040584,TE,4.3614,3.0000,0.1500
2025,5,00-0040586,RB,4.7000,5.4500,0.1500
2025,5,00-0040590,WR,2.2938,1.5250,0.0250
2025,5,00-0040644,RB,5.0047,6.5000,0.2250
2025,5,00-0040648,WR,3.8907,2.4750,0.1000
2025,5,00-0040649,RB,4.3520,3.6500,0.1250
2025,5,00-0040653,WR,3.1707,2.1500,0.0750
2025,5,00-0040663,TE,4.3964,4.9500,0.1250
2025,5,00-0040666,RB,17.6111,15.9000,0.8750
2025,5,00-0040669,WR,2.8733,1.2500,0.1500
2025,5,00-0040676,QB,10.0206,3.6500,0.1250
2025,5,00-0040692,RB,6.4711,5.2250,0.2500
2025,5,00-0040705,WR,2.8994,3.1500,0.0500
2025,5,00-0040715,RB,11.1444,18.7250,0.3750
2025,5,00-0040719,RB,5.5557,6.6500,0.2750
2025,5,00-0040727,WR,4.6833,2.6750,0.2000
2025,5,00-0040729,WR,2.1747,2.1000,0.0500
2025,5,00-0040730,RB,12.4048,11.3750,0.4750
2025,5,00-0040734,RB,9.7907,11.7250,0.3500
2025,5,00-0040736,TE,5.9861,3.6500,0.1500
2025,5,00-0040737,TE,1.5918,1.0250,0.0500
2025,5,00-0040739,TE,5.7840,3.6750,0.1250
2025,5,00-0040782,WR,2.0284,2.3250,0.0750
2025,5,00-0040784,RB,6.8231,12.9750,0.2500
2025,7,00-0023459,QB,15.1538,1.6750,0.0250
2025,7,00-0026158,QB,16.5444,2.4750,0.0750
2025,7,00-0026498,QB,16.0524,1.3250,0.0750
2025,7,00-0030035,WR,3.5898,2.4500,0.1500
2025,7,00-0030061,TE,6.5337,4.7000,0.1000
2025,7,00-0030279,WR,13.3195,7.3000,0.3250
2025,7,00-0030506,TE,14.9801,5.9750,0.4250
2025,7,00-0030565,QB,8.1113,1.6750,0.0000
2025,7,00-0031236,WR,2.7647,2.6250,0.0500
2025,7,00-0031381,WR,23.5283,14.0750,0.7250
2025,7,00-0031408,WR,6.9274,3.5500,0.2000
2025,7,00-0031544,WR,4.2591,5.9250,0.0250
2025,7,00-0031588,WR,8.8726,4.6500,0.1750
2025,7,00-0031610,TE,2.2098,2.3750,0.0500
2025,7,00-0031687,RB,2.0804,2.8500,0.2750
2025,7,00-0031763,WR,1.2189,0.9750,0.0250
2025,7,00-0032208,WR,1.3709,2.3250,0.0250
2025,7,00-0032211,WR,5.6478,4.9000,0.1500
2025,7,00-0032385,WR,8.6734,6.3500,0.2000
2025,7,00-0032392,TE,5.8619,2.9000,0.1250
2025,7,00-0032398,WR,6.8193,4.7250,0.0500
2025,7,00-0032464,WR,4.3157,1.3250,0.1750
2025,7,00-0032688,WR,3.1064,2.7500,0.0500
2025,7,00-0032775,WR,3.6320,2.2000,0.0500
2025,7,00-0032950,QB,15.7536,2.2250,0.0750
2025,7,00-0032951,WR,2.2489,1.6000,0.0500
2025,7,00-0033040,WR,7.7707,8.1500,0.1250
2025,7,00-0033077,QB,26.1862,2.4000,0.0250
2025,7,00-0033090,TE,10.5280,5.8500,0.4000
2025,7,00-0033106,QB,28.7462,2.0250,0.0000
2025,7,00-0033110,TE,6.7503,3.8000,0.2750
2025,7,00-0033119,QB,8.0687,1.6000,0.0500
2025,7,00-0033217,TE,1.3851,1.2250,0.0000
2025,7,00-0033246,TE,1.7361,1.9500,0.0000
2025,7,00-0033280,RB,19.1893,22.3250,0.5000
2025,7,00-0033288,TE,5.1200,2.2750,0.1750
2025,7,00-0033293,RB,7.8834,9.9250,0.3250
2025,7,00-0033307,WR,10.0027,4.6750,0.2250
2025,7,00-0033357,TE,2.3227,2.5750,0.0750
2025,7,00-0033375,WR,1.9298,1.2250,0.0250
2025,7,00-0033526,RB,3.5689,3.8750,0.1500
2025,7,00-0033536,WR,6.0803,2.6500,0.1750
2025,7,00-0033553,RB,8.0854,11.4500,0.3500
2025,7,00-0033555,WR,4.5642,2.4750,0.1750
2025,7,00-0033572,WR,1.6500,1.0000,0.0250
2025,7,00-0033591,WR,4.8731,3.0000,0.1000
2025,7,00-0033699,RB,11.3302,9.7000,0.3250
2025,7,00-0033857,WR,10.8847,3.2000,0.3000
2025,7,00-0033858,TE,8.2478,5.1750,0.0750
2025,7,00-0033873,QB,28.8750,3.0500,0.2750
2025,7,00-0033881,TE,5.3188,3.9500,0.1500
2025,7,00-0033897,RB,6.2712,7.9000,0.5500
2025,7,00-0033906,RB,13.6652,20.1250,0.5250
2025,7,00-0033908,WR,12.9841,7.6250,0.4000
2025,7,00-0033923,RB,8.4487,7.8750,0.3500
2025,7,00-0033943,WR,4.8927,3.8250,0.1000
2025,7,00-0033955,RB,3.8955,4.5000,0.0250
2025,7,00-0034115,RB,1.3351,2.9500,0.0000
2025,7,00-0034159,TE,3.1223,1.4500,0.1000
2025,7,00-0034270,TE,3.8477,2.1750,0.1000
2025,7,00-0034348,WR,12.7135,8.2500,0.3500
2025,7,00-0034351,TE,9.9258,5.8250,0.2500
2025,7,00-0034383,TE,5.2916,5.1500,0.0750
2025,7,00-0034411,WR,3.0987,2.2750,0.0750
2025,7,00-0034521,WR,3.5989,2.8250,0.1000
2025,7,00-0034791,RB,5.9932,9.3000,0.2750
2025,7,00-0034798,TE,2.0693,1.0250,0.0500
2025,7,00-0034827,WR,12.9467,9.0750,0.4000
2025,7,00-0034844,RB,17.9196,20.6500,0.7500
2025,7,00-0034855,QB,18.7975,5.2750,0.2250
2025,7,00-0034860,WR,1.7702,2.2750,0.0250
2025,7,00-0034869,QB,19.9261,1.8500,0.0250
2025,7,00-0034960,WR,4.8136,5.3500,0.1000
2025,7,00-0034972,RB,2.2293,6.1000,0.0750
2025,7,00-0034983,WR,4.4312,4.5750,0.1000
2025,7,00-0035045,WR,3.2353,3.0500,0.0500
2025,7,00-0035208,WR,6.4320,4.5750,0.2250
2025,7,00-0035229,TE,9.4300,5.9750,0.2500
2025,7,00-0035243,RB,5.7649,5.7250,0.1750
2025,7,00-0035249,TE,3.4030,1.9000,0.1500
2025,7,00-0035250,RB,2.6738,5.0750,0.2000
2025,7,00-0035261,RB,9.0194,16.0000,0.4750
2025,7,00-0035329,TE,3.2413,1.8500,0.0250
2025,7,00-0035341,WR,3.7447,2.1250,0.0750
2025,7,00-0035359,WR,0.8225,0.9000,0.0000
2025,7,00-0035406,WR,0.6880,1.1500,0.0000
2025,7,00-0035500,WR,2.5479,2.8000,0.0000
2025,7,00-0035567,RB,1.2772,1.3000,0.0500
2025,7,00-0035628,RB,1.4250,1.9250,0.0500
2025,7,00-0035631,TE,1.3022,1.3750,0.0000
2025,7,00-0035640,WR,16.8102,9.8000,0.2750
2025,7,00-0035644,TE,4.3756,3.1750,0.0500
2025,7,00-0035662,WR,11.6000,5.7500,0.2000
2025,7,00-0035676,WR,15.6834,10.0250,0.4500
2025,7,00-0035685,RB,11.9151,11.5750,0.4500
2025,7,00-0035700,RB,16.9549,16.8750,0.7000
2025,7,00-0035710,QB,12.4343,3.0250,0.1750
2025,7,00-0036020,RB,2.1083,2.3500,0.1000
2025,7,00-0036040,TE,4.9032,5.0500,0.0250
2025,7,00-0036139,RB,6.4727,10.9250,0.2500
2025,7,00-0036145,TE,3.3979,2.4000,0.0500
2025,7,00-0036158,RB,12.7788,16.1000,0.6250
2025,7,00-0036165,WR,4.8138,2.3500,0.1500
2025,7,00-0036182,WR,1.3262,2.0750,0.0250
2025,7,00-0036212,QB,6.4878,1.4250,0.1000
2025,7,00-0036223,RB,24.8783,24.5750,1.3750
2025,7,00-0036244,TE,2.2325,1.5500,0.0500
2025,7,00-0036252,WR,12.9439,8.8500,0.3750
2025,7,00-0036259,WR,9.5733,4.6250,0.3750
2025,7,00-0036261,WR,9.0400,4.2000,0.2500
2025,7,00-0036264,QB,23.7220,2.6000,0.1500
2025,7,00-0036265,RB,1.7633,2.5500,0.0500
2025,7,00-0036275,RB,10.5733,14.2000,0.5000
2025,7,00-0036290,TE,5.4693,3.4000,0.0750
2025,7,00-0036309,WR,3.1700,2.2250,0.1000
2025,7,00-0036322,WR,16.9808,9.7000,0.5000
2025,7,00-0036328,RB,3.5824,4.9250,0.1250
2025,7,00-0036331,WR,1.7893,1.1750,0.0250
2025,7,00-0036355,QB,21.3458,2.7250,0.1500
2025,7,00-0036358,WR,18.4800,7.7500,0.4500
2025,7,00-0036360,RB,4.3887,3.5500,0.2500
2025,7,00-0036389,QB,19.5275,6.4250,0.1750
2025,7,00-0036407,WR,8.8882,8.3500,0.2000
2025,7,00-0036410,WR,11.0711,5.9750,0.5000
2025,7,00-0036414,RB,1.7721,2.7500,0.1250
2025,7,00-0036415,WR,1.9626,2.3000,0.0250
2025,7,00-0036423,TE,1.2951,1.3000,0.0750
2025,7,00-0036427,WR,2.8244,2.3500,0.0500
2025,7,00-0036463,WR,0.2825,0.6250,0.0000
2025,7,00-0036510,TE,1.5394,0.4750,0.0750
2025,7,00-0036534,TE,1.4083,0.6500,0.0250
2025,7,00-0036554,WR,14.6813,11.6000,0.1750
2025,7,00-0036555,RB,7.8723,12.0250,0.4500
2025,7,00-0036556,TE,2.0084,1.7500,0.0250
2025,7,00-0036567,RB,3.4220,3.6000,0.1250
2025,7,00-0036569,RB,1.0889,1.5250,0.0250
2025,7,00-0036613,WR,7.5680,7.9500,0.0750
2025,7,00-0036626,WR,4.4728,3.5000,0.1500
2025,7,00-0036670,RB,0.4458,0.9250,0.0250
2025,7,00-0036754,TE,3.6670,1.5000,0.0750
2025,7,00-0036755,RB,2.2723,3.7000,0.0750
2025,7,00-0036841,WR,0.9660,0.5250,0.0250
2025,7,00-0036849,WR,4.2856,2.3250,0.1000
2025,7,00-0036875,RB,10.2042,12.2250,0.2750
2025,7,00-0036893,RB,5.1425,6.6250,0.2250
2025,7,00-0036894,TE,4.1197,2.9000,0.0500
2025,7,00-0036900,WR,23.7844,13.8750,1.0500
2025,7,00-0036906,RB,2.0067,3.6000,0.0500
2025,7,00-0036912,WR,13.5189,6.8750,0.5000
2025,7,00-0036919,RB,10.8573,8.9750,0.5250
2025,7,00-0036924,RB,4.4667,6.1750,0.2500
2025,7,00-0036936,WR,2.7060,1.8250,0.1250
2025,7,00-0036945,QB,14.6183,4.2750,0.1250
2025,7,00-0036955,WR,2.7830,2.1000,0.0750
2025,7,00-0036959,WR,2.0341,1.4750,0.0500
2025,7,00-0036963,WR,30.5794,10.8250,0.7750
2025,7,00-0036970,TE,9.8225,6.7000,0.1500
2025,7,00-0036971,QB,16.7014,3.2250,0.2250
2025,7,00-0036972,QB,16.3925,1.3500,0.0000
2025,7,00-0036973,RB,13.9809,19.9000,0.6750
2025,7,00-0036984,RB,2.8985,3.3750,0.2000
2025,7,00-0036997,RB,17.2418,16.7500,0.7250
2025,7,00-0037004,TE,2.0197,1.8250,0.0500
2025,7,00-0037005,TE,3.7852,3.5750,0.1000
2025,7,00-0037085,RB,2.5693,2.5500,0.0250
2025,7,00-0037112,TE,6.6240,4.3250,0.1750
2025,7,00-0037157,RB,2.0104,4.2250,0.0500
2025,7,00-0037197,RB,13.4496,12.0000,0.5000
2025,7,00-0037228,RB,12.0162,11.6750,0.5500
2025,7,00-0037238,WR,15.1650,11.6250,0.3000
2025,7,00-0037239,WR,9.3773,9.5000,0.1000
2025,7,00-0037240,WR,13.5285,4.8000,0.4500
2025,7,00-0037247,WR,19.0960,6.3500,0.5750
2025,7,00-0037252,TE,1.6284,1.8750,0.0500
2025,7,00-0037256,RB,13.2028,17.0500,0.3750
2025,7,00-0037257,WR,1.6938,1.5250,0.0500
2025,7,00-0037258,RB,0.9454,2.3500,0.0500
2025,7,00-0037263,RB,5.4600,7.2000,0.2250
2025,7,00-0037267,RB,5.0752,7.6500,0.1750
2025,7,00-0037276,RB,2.1479,3.4000,0.1000
2025,7,00-0037277,TE,1.8475,2.0750,0.0000
2025,7,00-0037291,WR,4.7856,2.8500,0.1750
2025,7,00-0037292,TE,2.2412,1.7250,0.0500
2025,7,00-0037329,RB,0.2480,0.5250,0.0000
2025,7,00-0037410,RB,0.3394,0.4500,0.0000
2025,7,00-0037475,TE,3.1114,1.8750,0.0750
2025,7,00-0037509,RB,2.5013,3.4500,0.1000
2025,7,00-0037525,RB,7.3458,10.6000,0.3750
2025,7,00-0037545,WR,5.0180,5.0500,0.0250
2025,7,00-0037557,RB,1.0978,1.9250,0.0000
2025,7,00-0037563,RB,2.2898,3.1250,0.1250
2025,7,00-0037570,WR,3.8153,2.3000,0.1500
2025,7,00-0037594,RB,0.8179,1.2000,0.0500
2025,7,00-0037614,WR,2.0598,1.2250,0.0750
2025,7,00-0037664,WR,4.2192,3.2000,0.0750
2025,7,00-0037666,WR,6.5458,2.4500,0.1250
2025,7,00-0037741,WR,3.1536,2.2750,0.1000
2025,7,00-0037742,WR,8.4771,4.7750,0.2250
2025,7,00-0037744,TE,13.0167,11.5250,0.2500
2025,7,00-0037746,RB,3.0827,5.1500,0.0750
2025,7,00-0037755,TE,4.4599,3.4000,0.1750
2025,7,00-0037801,WR,6.4151,2.5000,0.2250
2025,7,00-0037805,TE,2.8654,2.4500,0.0750
2025,7,00-0037809,TE,6.5356,6.1250,0.1500
2025,7,00-0037816,WR,14.7319,6.1750,0.5250
2025,7,00-0037840,RB,14.6617,19.8250,0.5000
2025,7,00-0038040,RB,1.3778,3.2750,0.0750
2025,7,00-0038041,TE,14.3236,6.1000,0.5250
2025,7,00-0038098,RB,1.9885,3.0250,0.0750
2025,7,00-0038104,WR,7.4304,3.2000,0.1500
2025,7,00-0038115,TE,1.2747,1.6000,0.0500
2025,7,00-0038117,WR,4.8587,7.3750,0.0250
2025,7,00-0038120,RB,18.5889,20.9500,0.9750
2025,7,00-0038129,TE,8.8135,6.2000,0.2000
2025,7,00-0038134,RB,11.5675,15.6250,0.5250
2025,7,00-0038393,WR,4.3203,2.2000,0.1500
2025,7,00-0038394,TE,1.7914,1.3000,0.0500
2025,7,00-0038396,RB,0.5973,1.3750,0.0000
2025,7,00-0038409,RB,2.7172,4.2750,0.0250
2025,7,00-0038440,RB,2.3598,2.5750,0.1500
2025,7,00-0038542,RB,22.6800,23.1500,0.8250
2025,7,00-0038543,WR,21.9533,10.6250,0.7750
2025,7,00-0038544,WR,9.6135,5.3750,0.3250
2025,7,00-0038547,TE,3.1920,1.5750,0.0750
2025,7,00-0038551,RB,2.9943,5.6500,0.1000
2025,7,00-0038555,RB,2.2489,2.2750,0.1500
2025,7,00-0038558,TE,4.0347,2.1250,0.0750
2025,7,00-0038559,WR,4.0937,4.0500,0.1250
2025,7,00-0038563,WR,8.0583,6.8750,0.3250
2025,7,00-0038564,TE,2.2361,1.4500,0.0250
2025,7,00-0038589,TE,4.6607,2.2000,0.1500
2025,7,00-0038597,RB,13.7867,20.1250,0.6000
2025,7,00-0038606,WR,4.9177,3.8000,0.2000
2025,7,00-0038608,WR,7.2928,3.8250,0.2250
2025,7,00-0038611,RB,3.1535,4.2500,0.1250
2025,7,00-0038612,WR,3.2874,1.8000,0.1500
2025,7,00-0038618,WR,2.4768,2.5750,0.0500
2025,7,00-0038619,WR,2.5422,2.0250,0.0750
2025,7,00-0038621,WR,7.1753,5.3750,0.1000
2025,7,00-0038622,RB,0.8382,2.6000,0.0000
2025,7,00-0038636,RB,1.6539,1.8750,0.0750
2025,7,00-0038678,RB,2.0589,2.3250,0.0750
2025,7,00-0038685,RB,2.7181,2.6000,0.0000
2025,7,00-0038710,TE,0.8633,0.7250,0.0250
2025,7,00-0038794,RB,1.7547,1.4250,0.1000
2025,7,00-0038797,RB,4.7094,4.6750,0.2500
2025,7,00-0038824,WR,0.8676,1.0750,0.0000
2025,7,00-0038930,RB,0.4575,0.6000,0.0000
2025,7,00-0038935,TE,7.4931,4.8250,0.2250
2025,7,00-0038938,WR,0.7609,1.5500,0.0000
2025,7,00-0038941,WR,2.5761,1.3250,0.1250
2025,7,00-0038951,RB,3.1309,3.3250,0.1500
2025,7,00-0038976,WR,5.9847,3.2500,0.2750
2025,7,00-0038977,WR,4.6863,4.1250,0.0500
2025,7,00-0038979,WR,4.1399,4.1750,0.1500
2025,7,00-0038994,WR,6.2024,3.6500,0.2750
2025,7,00-0038996,TE,12.1082,5.6250,0.3250
2025,7,00-0039021,RB,1.5947,2.9750,0.0500
2025,7,00-0039032,RB,2.4234,3.8250,0.1000
2025,7,00-0039040,RB,12.2560,16.6000,0.6750
2025,7,00-0039041,TE,1.5583,1.4750,0.0000
2025,7,00-0039065,TE,17.4576,6.3250,0.3500
2025,7,00-0039066,TE,2.2630,2.8750,0.0250
2025,7,00-0039067,WR,14.6450,5.1000,0.5000
2025,7,00-0039074,TE,2.1586,1.7750,0.0250
2025,7,00-0039139,RB,27.1006,19.6000,1.0250
2025,7,00-0039146,WR,7.3445,3.2750,0.2250
2025,7,00-0039150,QB,7.8592,2.1250,0.0500
2025,7,00-0039163,QB,11.5791,2.5000,0.1000
2025,7,00-0039165,RB,5.9482,8.4500,0.3000
2025,7,00-0039230,RB,0.2453,0.3750,0.0000
2025,7,00-0039266,RB,0.3667,0.5000,0.0250
2025,7,00-0039299,RB,1.1496,1.5500,0.0750
2025,7,00-0039325,RB,1.4403,1.4250,0.0750
2025,7,00-0039337,WR,8.3893,12.4750,0.0250
2025,7,00-0039342,WR,4.3257,5.0500,0.0750
2025,7,00-0039344,RB,1.4419,2.2250,0.0500
2025,7,00-0039355,WR,5.9095,3.0750,0.1000
2025,7,00-0039356,TE,4.0048,3.9250,0.0250
2025,7,00-0039363,RB,1.4000,2.0500,0.0750
2025,7,00-0039373,RB,1.2752,1.4500,0.0750
2025,7,00-0039376,QB,7.8910,2.2500,0.1000
2025,7,00-0039379,WR,1.9158,1.5500,0.0750
2025,7,00-0039384,RB,3.9627,10.5250,0.1250
2025,7,00-0039386,WR,2.4982,2.8000,0.0000
2025,7,00-0039391,RB,3.7768,3.7250,0.1750
2025,7,00-0039394,WR,1.6625,1.7750,0.0250
2025,7,00-0039397,WR,1.0354,1.6500,0.0000
2025,7,00-0039405,RB,1.4331,2.5500,0.1000
2025,7,00-0039407,RB,0.5459,0.9250,0.0000
2025,7,00-0039410,WR,5.0089,2.5500,0.1250
2025,7,00-0039491,WR,2.2441,1.9000,0.0500
2025,7,00-0039573,RB,2.4386,2.9250,0.1250
2025,7,00-0039589,WR,0.9377,0.8250,0.0250
2025,7,00-0039623,WR,1.3173,1.3500,0.0500
2025,7,00-0039703,RB,0.7147,1.2250,0.0250
2025,7,00-0039732,QB,14.6086,2.3250,0.1250
2025,7,00-0039738,RB,2.8289,4.3500,0.1000
2025,7,00-0039739,WR,2.1845,1.7250,0.0500
2025,7,00-0039746,RB,0.7283,0.9500,0.0250
2025,7,00-0039747,WR,1.8008,2.3250,0.0250
2025,7,00-0039751,WR,4.6128,2.9500,0.0500
2025,7,00-0039754,TE,6.9139,3.6750,0.1500
2025,7,00-0039757,RB,1.8226,3.5250,0.0500
2025,7,00-0039793,TE,7.6886,3.6250,0.3750
2025,7,00-0039794,RB,3.4440,5.0750,0.1750
2025,7,00-0039798,RB,3.6786,3.3000,0.1750
2025,7,00-0039810,WR,0.7267,0.5000,0.0000
2025,7,00-0039811,RB,4.5492,4.1500,0.2500
2025,7,00-0039814,TE,2.7511,1.7000,0.1000
2025,7,00-0039847,TE,3.8222,5.4750,0.1250
2025,7,00-0039849,WR,6.7208,7.3500,0.0750
2025,7,00-0039851,QB,16.3205,1.9250,0.1250
2025,7,00-0039855,WR,4.9551,3.5000,0.1250
2025,7,00-0039868,WR,8.8543,5.4750,0.2000
2025,7,00-0039874,RB,1.5662,3.2500,0.1250
2025,7,00-0039880,WR,3.1093,4.8500,0.1000
2025,7,00-0039884,WR,1.1129,2.4250,0.0000
2025,7,00-0039890,WR,2.9363,2.6000,0.0500
2025,7,00-0039893,WR,18.5113,11.3500,0.7750
2025,7,00-0039894,WR,10.5657,5.5000,0.2750
2025,7,00-0039910,QB,18.2667,4.2000,0.1750
2025,7,00-0039915,WR,15.1357,7.7250,0.3500
2025,7,00-0039917,QB,11.9095,2.2750,0.0750
2025,7,00-0039918,QB,16.2581,4.4000,0.2500
2025,7,00-0039919,WR,10.1813,6.7500,0.2250
2025,7,00-0039920,WR,0.1316,0.3000,0.0000
2025,7,00-0039921,RB,3.4938,4.7000,0.1750
2025,7,00-0040009,WR,4.6236,2.8500,0.1750
2025,7,00-0040021,RB,4.1564,4.1000,0.1250
2025,7,00-0040078,RB,5.5197,3.5000,0.1500
2025,7,00-0040122,RB,12.4310,21.0000,0.7250
2025,7,00-0040124,WR,8.5437,9.8750,0.1000
2025,7,00-0040126,TE,3.0507,2.0750,0.0250
2025,7,00-0040128,TE,8.9266,6.1750,0.1000
2025,7,00-0040129,WR,8.8001,5.6250,0.1750
2025,7,00-0040130,WR,4.7398,3.6500,0.1750
2025,7,00-0040131,WR,1.9844,1.9500,0.0500
2025,7,00-0040134,WR,1.9505,1.7000,0.0000
2025,7,00-0040138,WR,3.5912,2.2750,0.1500
2025,7,00-0040142,RB,6.8538,6.7250,0.2000
2025,7,00-0040162,RB,6.2756,8.0500,0.3000
2025,7,00-0040164,WR,7.0372,4.0500,0.1500
2025,7,00-0040170,WR,4.2651,4.9750,0.3000
2025,7,00-0040177,RB,2.6933,2.4750,0.1000
2025,7,00-0040179,RB,2.8086,3.8250,0.1000
2025,7,00-0040189,TE,3.3745,1.7750,0.1000
2025,7,00-0040198,RB,2.2987,3.7000,0.1500
2025,7,00-0040202,RB,2.1342,1.8750,0.1000
2025,7,00-0040205,RB,2.7200,3.7500,0.1000
2025,7,00-0040208,RB,2.3844,2.9000,0.1000
2025,7,00-0040218,WR,1.4926,1.6000,0.0500
2025,7,00-0040225,TE,1.9200,1.7000,0.0500
2025,7,00-0040236,RB,8.4613,8.6500,0.3500
2025,7,00-0040237,WR,3.9689,2.9750,0.0500
2025,7,00-0040238,RB,2.9419,2.9750,0.1500
2025,7,00-0040241,WR,3.1729,1.5000,0.1000
2025,7,00-0040242,RB,14.3012,11.3250,0.5500
2025,7,00-0040244,TE,1.8568,1.6500,0.0750
2025,7,00-0040547,RB,0.6525,0.9500,0.0250
2025,7,00-0040581,WR,3.0363,3.2750,0.0750
2025,7,00-0040583,RB,5.5739,7.0750,0.3000
2025,7,00-0040584,TE,3.8307,3.5500,0.1250
2025,7,00-0040586,RB,3.5529,2.6000,0.1750
2025,7,00-0040590,WR,1.6572,1.1750,0.0250
2025,7,00-0040644,RB,2.6727,3.3000,0.1250
2025,7,00-0040648,WR,4.6774,2.7250,0.1500
2025,7,00-0040649,RB,3.5748,3.0000,0.1750
2025,7,00-0040653,WR,2.0668,1.9000,0.0750
2025,7,00-0040663,TE,7.0094,5.7250,0.2500
2025,7,00-0040666,RB,16.0367,14.6000,0.6250
2025,7,00-0040667,WR,11.3271,7.3500,0.2500
2025,7,00-0040669,WR,2.9174,1.3250,0.0500
2025,7,00-0040676,QB,9.0266,2.6000,0.1000
2025,7,00-0040691,QB,4.9924,2.5500,0.0500
2025,7,00-0040692,RB,6.6289,5.8750,0.2500
2025,7,00-0040704,QB,10.2202,3.6250,0.0750
2025,7,00-0040705,WR,3.3547,3.4250,0.1250
2025,7,00-0040715,RB,7.3511,13.5000,0.2250
2025,7,00-0040719,RB,6.1697,7.4250,0.2750
2025,7,00-0040727,WR,4.0403,2.5000,0.1000
2025,7,00-0040729,WR,2.4834,3.0750,0.0500
2025,7,00-0040730,RB,11.7892,11.2500,0.4250
2025,7,00-0040734,RB,9.6454,13.2000,0.2000
2025,7,00-0040735,WR,5.7280,3.4750,0.1500
2025,7,00-0040736,TE,6.2776,5.5250,0.1750
2025,7,00-0040737,TE,2.9107,1.5000,0.1000
2025,7,00-0040739,TE,4.3709,2.9250,0.1500
2025,7,00-0040782,WR,2.4502,2.4250,0.1000
2025,7,00-0040784,RB,10.5491,15.5750,0.4250
2025,9,00-0023459,QB,15.7611,2.4500,0.0750
2025,9,00-0026158,QB,20.0564,1.4000,0.1250
2025,9,00-0026498,QB,22.2859,1.6250,0.0000
2025,9,00-0027973,QB,6.0171,1.0000,0.0500
2025,9,00-0030035,WR,2.7656,2.7500,0.0250
2025,9,00-0030061,TE,8.5075,6.8500,0.2000
2025,9,00-0030279,WR,12.0294,6.1000,0.2250
2025,9,00-0030506,TE,16.9151,7.1000,0.4500
2025,9,00-0030564,WR,7.2013,2.7250,0.1750
2025,9,00-0030565,QB,14.2634,2.2250,0.1500
2025,9,00-0031236,WR,2.6399,3.5750,0.0250
2025,9,00-0031381,WR,18.6550,8.9250,0.5000
2025,9,00-0031544,WR,5.2685,4.1500,0.1750
2025,9,00-0031588,WR,19.6520,8.8000,0.5250
2025,9,00-0031610,TE,4.7202,2.7500,0.1250
2025,9,00-0031687,RB,2.9361,3.9500,0.1500
2025,9,00-0032208,WR,1.7379,1.5250,0.0500
2025,9,00-0032211,WR,5.1091,3.5250,0.1500
2025,9,00-0032268,QB,12.4650,2.2250,0.1000
2025,9,00-0032392,TE,3.7570,2.1250,0.0250
2025,9,00-0032394,TE,1.4989,1.5250,0.0500
2025,9,00-0032398,WR,3.7700,3.6750,0.0750
2025,9,00-0032464,WR,4.4998,1.3000,0.2500
2025,9,00-0032764,RB,32.1714,23.7750,1.5250
2025,9,00-0032775,WR,3.2250,2.4000,0.0250
2025,9,00-0032950,QB,9.1787,2.1500,0.1000
2025,9,00-0032951,WR,2.6858,1.2250,0.0750
2025,9,00-0033040,WR,10.3278,7.1000,0.1500
2025,9,00-0033077,QB,27.6634,2.2000,0.2250
2025,9,00-0033090,TE,11.7045,5.4500,0.4500
2025,9,00-0033106,QB,29.0048,1.9000,0.1000
2025,9,00-0033110,TE,6.3927,2.7750,0.1750
2025,9,00-0033119,QB,11.4700,1.7250,0.0250
2025,9,00-0033217,TE,1.7111,1.1750,0.0250
2025,9,00-0033246,TE,4.0506,2.4750,0.1250
2025,9,00-0033280,RB,25.2722,25.0750,0.8000
2025,9,00-0033288,TE,5.4139,3.1750,0.0500
2025,9,00-0033293,RB,5.3327,7.8750,0.2250
2025,9,00-0033307,WR,7.6750,4.2250,0.1500
2025,9,00-0033357,TE,2.3705,3.7750,0.1250
2025,9,00-0033526,RB,3.8800,3.6500,0.1500
2025,9,00-0033536,WR,4.3630,2.1000,0.1000
2025,9,00-0033553,RB,8.0528,10.4500,0.2250
2025,9,00-0033555,WR,3.9667,2.7000,0.0500
2025,9,00-0033572,WR,1.3000,1.0250,0.0250
2025,9,00-0033591,WR,2.9800,1.7500,0.0250
2025,9,00-0033699,RB,6.8025,8.0250,0.2500
2025,9,00-0033857,WR,8.0827,3.0750,0.2000
2025,9,00-0033858,TE,6.7493,4.4750,0.1750
2025,9,00-0033873,QB,26.5384,2.9500,0.1750
2025,9,00-0033881,TE,5.7525,5.5250,0.1750
2025,9,00-0033891,WR,5.0194,3.3750,0.1000
2025,9,00-0033897,RB,4.7763,8.6000,0.1250
2025,9,00-0033906,RB,7.3844,12.9750,0.5500
2025,9,00-0033908,WR,9.3806,4.3500,0.2750
2025,9,00-0033923,RB,8.3129,9.3250,0.3250
2025,9,00-0033955,RB,4.6425,4.7500,0.1500
2025,9,00-0034115,RB,2.4029,2.6500,0.1500
2025,9,00-0034270,TE,3.9240,1.8500,0.1250
2025,9,00-0034317,WR,1.6454,1.0000,0.0250
2025,9,00-0034348,WR,13.7367,9.8500,0.3750
2025,9,00-0034383,TE,3.6517,2.7000,0.0750
2025,9,00-0034407,WR,2.5050,2.0750,0.0250
2025,9,00-0034411,WR,3.6417,2.8000,0.0750
2025,9,00-0034613,TE,3.0959,1.1250,0.1750
2025,9,00-0034753,TE,10.5971,5.2250,0.1750
2025,9,00-0034775,WR,5.1217,3.2250,0.2250
2025,9,00-0034791,RB,8.5937,11.1250,0.5250
2025,9,00-0034798,TE,2.6644,1.6750,0.0250
2025,9,00-0034827,WR,17.3280,11.3000,0.2500
2025,9,00-0034829,TE,4.4970,2.3750,0.1500
2025,9,00-0034854,WR,1.5578,1.1250,0.0500
2025,9,00-0034857,QB,25.2937,6.0500,0.3000
2025,9,00-0034860,WR,1.0743,2.3000,0.0250
2025,9,00-0034869,QB,22.1856,2.2500,0.0250
2025,9,00-0034960,WR,8.6647,6.2750,0.1500
2025,9,00-0034972,RB,3.6544,5.3500,0.1500
2025,9,00-0034975,RB,7.2111,5.3750,0.2000
2025,9,00-0034983,WR,3.4496,4.1750,0.0250
2025,9,00-0035045,WR,3.4864,2.6250,0.0750
2025,9,00-0035208,WR,9.2711,6.1500,0.2500
2025,9,00-0035229,TE,8.6872,7.5750,0.2500
2025,9,00-0035243,RB,4.8418,4.9250,0.1750
2025,9,00-0035250,RB,2.8450,4.3250,0.1500
2025,9,00-0035261,RB,8.9527,16.2500,0.4250
2025,9,00-0035311,RB,1.4528,1.3750,0.0250
2025,9,00-0035359,WR,0.8089,0.7500,0.0250
2025,9,00-0035406,WR,1.0825,1.0750,0.0000
2025,9,00-0035500,WR,3.8972,2.8500,0.0750
2025,9,00-0035535,WR,2.8025,2.9500,0.0500
2025,9,00-0035537,RB,5.4938,2.9750,0.3500
2025,9,00-0035594,RB,2.7977,1.6500,0.1750
2025,9,00-0035628,RB,1.7028,1.0000,0.1500
2025,9,00-0035631,TE,1.6759,1.1250,0.0500
2025,9,00-0035640,WR,14.8187,8.1750,0.2500
2025,9,00-0035644,TE,5.9574,2.8500,0.1500
2025,9,00-0035662,WR,11.6480,7.1500,0.2750
2025,9,00-0035685,RB,14.6807,12.8250,0.6000
2025,9,00-0035689,TE,5.2983,2.3250,0.1750
2025,9,00-0035700,RB,23.1778,20.8250,0.8000
2025,9,00-0035703,WR,0.5238,0.4500,0.0000
2025,9,00-0035710,QB,15.0523,2.4750,0.1250
2025,9,00-0035719,WR,11.5525,8.6500,0.1250
2025,9,00-0035924,RB,1.2750,1.8500,0.0500
2025,9,00-0035993,QB,21.4419,2.2250,0.0500
2025,9,00-0036020,RB,3.0036,2.4750,0.1000
2025,9,00-0036040,TE,5.0545,6.1250,0.1000
2025,9,00-0036139,RB,5.6971,11.2500,0.3500
2025,9,00-0036145,TE,2.4400,1.7250,0.0750
2025,9,00-0036158,RB,9.1585,14.0750,0.5250
2025,9,00-0036165,WR,3.9307,2.0500,0.1750
2025,9,00-0036182,WR,3.2878,2.6750,0.0500
2025,9,00-0036183,WR,3.4397,1.6000,0.1750
2025,9,00-0036196,WR,6.1653,2.6500,0.1750
2025,9,00-0036212,QB,11.3657,1.1000,0.0250
2025,9,00-0036223,RB,27.5856,23.4000,1.2500
2025,9,00-0036244,TE,1.9987,1.2500,0.0000
2025,9,00-0036252,WR,12.2711,7.5750,0.1000
2025,9,00-0036259,WR,5.4806,4.5500,0.1000
2025,9,00-0036261,WR,8.1778,4.2750,0.1500
2025,9,00-0036264,QB,22.8212,1.7250,0.1000
2025,9,00-0036290,TE,6.9124,3.9250,0.0250
2025,9,00-0036309,WR,5.5422,4.7000,0.1500
2025,9,00-0036322,WR,12.6181,11.9500,0.1750
2025,9,00-0036328,RB,4.8025,5.9000,0.2500
2025,9,00-0036331,WR,1.3201,0.9000,0.0000
2025,9,00-0036355,QB,19.9325,3.0750,0.1250
2025,9,00-0036358,WR,22.0178,7.7750,0.6250
2025,9,00-0036360,RB,4.0631,3.7250,0.1500
2025,9,00-0036410,WR,12.3621,5.3750,0.4250
2025,9,00-0036414,RB,1.8768,2.4500,0.1750
2025,9,00-0036415,WR,2.8482,3.5000,0.0000
2025,9,00-0036463,WR,0.2667,0.2750,0.0000
2025,9,00-0036497,WR,0.5443,0.5000,0.0000
2025,9,00-0036510,TE,1.1558,0.4250,0.0750
2025,9,00-0036534,TE,1.5168,0.6000,0.0500
2025,9,00-0036550,WR,8.7091,4.0750,0.2500
2025,9,00-0036554,WR,16.3707,9.4250,0.4250
2025,9,00-0036555,RB,7.2850,13.1750,0.4750
2025,9,00-0036567,RB,4.2467,4.4250,0.1500
2025,9,00-0036569,RB,0.9323,1.4750,0.0250
2025,9,00-0036613,WR,12.3200,7.2750,0.3000
2025,9,00-0036626,WR,4.8709,3.9250,0.1000
2025,9,00-0036637,TE,6.5769,2.7750,0.1750
2025,9,00-0036670,RB,0.5556,1.0750,0.0000
2025,9,00-0036754,TE,4.4270,1.2500,0.1750
2025,9,00-0036755,RB,1.6895,2.3750,0.0750
2025,9,00-0036841,WR,1.0248,0.6000,0.0500
2025,9,00-0036849,WR,3.7668,1.3750,0.0500
2025,9,00-0036893,RB,4.6931,6.1750,0.2250
2025,9,00-0036894,TE,6.7280,3.8250,0.1750
2025,9,00-0036900,WR,23.8162,12.1750,0.7250
2025,9,00-0036919,RB,8.1840,8.6000,0.3000
2025,9,00-0036924,RB,5.6889,7.4750,0.1000
2025,9,00-0036936,WR,2.0119,1.9250,0.0750
2025,9,00-0036959,WR,1.6640,1.4500,0.1000
2025,9,00-0036963,WR,26.7742,9.2000,0.6750
2025,9,00-0036970,TE,7.5444,6.1500,0.1500
2025,9,00-0036971,QB,15.6722,2.7500,0.0000
2025,9,00-0036972,QB,13.4467,1.6750,0.0500
2025,9,00-0036973,RB,12.9797,18.1250,0.5250
2025,9,00-0036980,WR,3.5020,2.3750,0.1000
2025,9,00-0036984,RB,2.3787,2.4500,0.1750
2025,9,00-0036997,RB,20.2445,18.7250,0.9000
2025,9,00-0037004,TE,2.1262,1.6500,0.0500
2025,9,00-0037005,TE,2.7263,3.4000,0.1000
2025,9,00-0037055,WR,0.8759,0.8500,0.0000
2025,9,00-0037085,RB,1.5990,2.1750,0.0000
2025,9,00-0037098,WR,1.5427,1.5500,0.0250
2025,9,00-0037112,TE,4.5556,3.2500,0.0750
2025,9,00-0037157,RB,4.1528,4.9500,0.1750
2025,9,00-0037228,RB,11.7147,12.5500,0.4500
2025,9,00-0037238,WR,13.0289,11.0000,0.3250
2025,9,00-0037239,WR,7.7301,10.9000,0.0500
2025,9,00-0037240,WR,15.7320,4.2500,0.5500
2025,9,00-0037247,WR,18.5472,6.1250,0.5000
2025,9,00-0037248,RB,18.6745,19.1750,0.8250
2025,9,00-0037252,TE,1.6818,1.9750,0.0250
2025,9,00-0037258,RB,1.3930,1.9250,0.1500
2025,9,00-0037261,WR,14.6228,6.3250,0.4500
2025,9,00-0037263,RB,5.3978,7.1000,0.3500
2025,9,00-0037276,RB,2.1533,2.9500,0.1750
2025,9,00-0037277,TE,2.2267,1.6250,0.0750
2025,9,00-0037291,WR,3.1941,3.4250,0.0000
2025,9,00-0037329,RB,0.4481,0.7000,0.0250
2025,9,00-0037509,RB,2.6917,3.4500,0.1250
2025,9,00-0037525,RB,7.2010,10.4500,0.3750
2025,9,00-0037545,WR,3.0026,3.5750,0.0500
2025,9,00-0037557,RB,1.2740,2.9250,0.0000
2025,9,00-0037594,RB,0.9449,1.4250,0.0500
2025,9,00-0037664,WR,6.3892,3.8250,0.1250
2025,9,00-0037666,WR,7.8723,2.3500,0.3500
2025,9,00-0037742,WR,3.0775,3.1250,0.0250
2025,9,00-0037744,TE,19.8500,13.0000,0.2500
2025,9,00-0037746,RB,5.3278,5.8750,0.3250
2025,9,00-0037801,WR,2.3338,1.7250,0.0750
2025,9,00-0037809,TE,7.5766,6.7000,0.2250
2025,9,00-0037816,WR,15.9351,6.6500,0.4000
2025,9,00-0037837,WR,5.4000,3.4500,0.2000
2025,9,00-0037838,TE,3.7826,1.3250,0.1250
2025,9,00-0037840,RB,15.0540,19.0250,0.4000
2025,9,00-0038040,RB,2.3074,3.3750,0.1750
2025,9,00-0038041,TE,14.9403,5.9000,0.3250
2025,9,00-0038046,TE,3.3892,1.1750,0.1250
2025,9,00-0038098,RB,2.5076,2.0750,0.1000
2025,9,00-0038104,WR,5.5876,3.1500,0.0750
2025,9,00-0038117,WR,6.6975,6.5500,0.0250
2025,9,00-0038134,RB,9.5667,14.4250,0.3500
2025,9,00-0038394,TE,1.7814,1.5500,0.0000
2025,9,00-0038396,RB,0.4350,0.9500,0.0250
2025,9,00-0038409,RB,2.0987,3.2500,0.0250
2025,9,00-0038440,RB,2.1934,3.4250,0.0500
2025,9,00-0038454,RB,2.9762,2.5000,0.0750
2025,9,00-0038542,RB,20.6289,22.6500,0.9250
2025,9,00-0038543,WR,30.3750,12.5750,1.0000
2025,9,00-0038544,WR,9.4285,4.9750,0.3250
2025,9,00-0038547,TE,2.5872,1.3500,0.0750
2025,9,00-0038551,RB,3.3618,7.6750,0.2500
2025,9,00-0038558,TE,3.2907,2.3000,0.0750
2025,9,00-0038559,WR,6.9583,4.8500,0.0750
2025,9,00-0038563,WR,7.1067,4.6750,0.2750
2025,9,00-0038589,TE,4.5858,1.9250,0.1250
2025,9,00-0038597,RB,14.6362,19.2000,0.5250
2025,9,00-0038606,WR,6.6138,5.0250,0.2000
2025,9,00-0038608,WR,9.2848,4.1000,0.3250
2025,9,00-0038611,RB,2.8000,4.0750,0.2000
2025,9,00-0038612,WR,2.3855,1.8250,0.0750
2025,9,00-0038618,WR,3.2480,2.7500,0.0750
2025,9,00-0038619,WR,3.8369,2.2500,0.1250
2025,9,00-0038621,WR,8.5935,4.6000,0.2000
2025,9,00-0038622,RB,0.7670,2.2000,0.0000
2025,9,00-0038636,RB,1.1417,1.5000,0.0250
2025,9,00-0038678,RB,1.7020,2.0750,0.0750
2025,9,00-0038679,WR,3.3603,1.3500,0.1000
2025,9,00-0038685,RB,1.5929,1.4250,0.0250
2025,9,00-0038705,RB,2.3694,2.3000,0.0250
2025,9,00-0038794,RB,1.4950,1.5250,0.1000
2025,9,00-0038797,RB,5.1613,4.3250,0.2000
2025,9,00-0038930,RB,0.5311,0.6250,0.0250
2025,9,00-0038933,TE,11.0840,5.4750,0.2500
2025,9,00-0038935,TE,7.6539,4.3750,0.1000
2025,9,00-0038938,WR,0.9425,1.0750,0.0250
2025,9,00-0038941,WR,1.6477,0.8250,0.0500
2025,9,00-0038977,WR,5.4880,3.7000,0.1750
2025,9,00-0038994,WR,5.3559,4.3750,0.1000
2025,9,00-0038996,TE,16.6071,6.1250,0.5250
2025,9,00-0038997,WR,9.8572,5.5250,0.1500
2025,9,00-0039032,RB,3.4826,5.4000,0.2000
2025,9,00-0039040,RB,14.9722,16.3750,0.5250
2025,9,00-0039062,WR,2.1565,1.2250,0.0750
2025,9,00-0039064,WR,21.1449,9.2250,0.4500
2025,9,00-0039065,TE,13.1575,4.9250,0.3250
2025,9,00-0039066,TE,2.9156,1.9500,0.1500
2025,9,00-0039067,WR,8.0702,3.8250,0.2250
2025,9,00-0039074,TE,3.1297,1.5750,0.0750
2025,9,00-0039075,WR,26.7313,10.1250,0.7500
2025,9,00-0039139,RB,30.8117,22.0250,1.4500
2025,9,00-0039144,TE,2.8062,1.4500,0.0500
2025,9,00-0039146,WR,4.6293,1.9750,0.1250
2025,9,00-0039163,QB,14.5759,2.4750,0.1000
2025,9,00-0039165,RB,6.4083,8.8000,0.2750
2025,9,00-0039299,RB,1.7500,1.3500,0.1250
2025,9,00-0039325,RB,1.8636,2.8000,0.0500
2025,9,00-0039337,WR,8.1825,8.7000,0.0500
2025,9,00-0039338,TE,6.5258,5.1250,0.0750
2025,9,00-0039342,WR,4.9755,5.8250,0.1250
2025,9,00-0039344,RB,1.0316,1.8250,0.0500
2025,9,00-0039355,WR,4.0700,2.5000,0.0500
2025,9,00-0039356,TE,2.5403,3.0500,0.0250
2025,9,00-0039363,RB,1.7694,2.2500,0.1000
2025,9,00-0039376,QB,5.7899,2.5250,0.0250
2025,9,00-0039384,RB,6.0075,8.7500,0.2500
2025,9,00-0039386,WR,1.7656,2.6500,0.0000
2025,9,00-0039391,RB,6.5945,6.9250,0.3000
2025,9,00-0039397,WR,2.0306,2.0750,0.0250
2025,9,00-0039405,RB,1.5843,2.5000,0.0250
2025,9,00-0039410,WR,4.5157,2.2750,0.1500
2025,9,00-0039424,WR,1.2861,1.7000,0.0250
2025,9,00-0039437,WR,3.3958,1.6750,0.1000
2025,9,00-0039491,WR,1.8669,2.1000,0.0250
2025,9,00-0039573,RB,1.6963,2.6250,0.0750
2025,9,00-0039703,RB,0.7641,0.9000,0.0250
2025,9,00-0039732,QB,10.0876,1.8750,0.0500
2025,9,00-0039738,RB,5.2130,5.6250,0.2000
2025,9,00-0039739,WR,2.6667,1.9000,0.0750
2025,9,00-0039747,WR,1.2073,1.4500,0.0250
2025,9,00-0039751,WR,4.5857,1.8750,0.0750
2025,9,00-0039757,RB,1.6943,2.8500,0.0750
2025,9,00-0039793,TE,6.2083,3.5500,0.1250
2025,9,00-0039811,RB,3.3444,3.5250,0.1500
2025,9,00-0039814,TE,2.7807,1.2250,0.0750
2025,9,00-0039847,TE,3.1375,3.9250,0.0250
2025,9,00-0039849,WR,9.3611,7.1000,0.0500
2025,9,00-0039851,QB,22.1980,3.9500,0.2250
2025,9,00-0039868,WR,5.7005,5.7250,0.1250
2025,9,00-0039874,RB,0.9093,1.3000,0.0750
2025,9,00-0039875,RB,3.3717,4.1000,0.1500
2025,9,00-0039880,WR,3.6984,4.6000,0.0500
2025,9,00-0039884,WR,2.5887,2.5000,0.0500
2025,9,00-0039890,WR,2.2947,1.7000,0.0250
2025,9,00-0039893,WR,19.6752,12.5250,0.6000
2025,9,00-0039894,WR,12.7462,6.1500,0.4750
2025,9,00-0039901,WR,10.6222,4.9750,0.2750
2025,9,00-0039915,WR,15.7051,7.5750,0.3250
2025,9,00-0039917,QB,12.3587,2.6500,0.1500
2025,9,00-0039918,QB,20.7191,7.4750,0.4750
2025,9,00-0039919,WR,13.0618,9.0500,0.1750
2025,9,00-0039921,RB,4.3333,4.1750,0.2250
2025,9,00-0040009,WR,2.7876,1.8500,0.0750
2025,9,00-0040021,RB,4.7817,4.1250,0.1500
2025,9,00-0040075,WR,3.3171,1.5250,0.0750
2025,9,00-0040078,RB,6.2378,5.6500,0.1500
2025,9,00-0040122,RB,15.8442,20.7250,0.7250
2025,9,00-0040124,WR,7.2454,9.7250,0.1250
2025,9,00-0040126,TE,5.5439,2.9500,0.1500
2025,9,00-0040128,TE,11.3819,5.7500,0.1750
2025,9,00-0040130,WR,5.2150,3.5250,0.1250
2025,9,00-0040131,WR,2.5953,1.8250,0.0750
2025,9,00-0040134,WR,2.2837,2.2000,0.0250
2025,9,00-0040138,WR,4.4940,3.1250,0.1250
2025,9,00-0040142,RB,5.7013,5.9750,0.1500
2025,9,00-0040164,WR,5.1775,3.1500,0.1750
2025,9,00-0040170,WR,6.3058,7.2000,0.1750
2025,9,00-0040177,RB,2.5694,2.5750,0.0750
2025,9,00-0040179,RB,4.4122,3.6500,0.1750
2025,9,00-0040184,WR,1.4503,0.6750,0.0250
2025,9,00-0040189,TE,5.5802,2.6250,0.1000
2025,9,00-0040194,TE,1.7935,1.0500,0.0250
2025,9,00-0040198,RB,4.0969,5.2250,0.1250
2025,9,00-0040202,RB,1.5182,2.5250,0.0000
2025,9,00-0040205,RB,3.7797,4.2500,0.1500
2025,9,00-0040208,RB,2.7241,2.3000,0.0750
2025,9,00-0040218,WR,1.0850,1.8000,0.0000
2025,9,00-0040225,TE,2.3325,1.8000,0.0250
2025,9,00-0040236,RB,17.8245,17.3000,0.8000
2025,9,00-0040238,RB,2.8520,2.3750,0.1000
2025,9,00-0040241,WR,2.9513,1.2250,0.0750
2025,9,00-0040242,RB,10.3225,11.7250,0.5750
2025,9,00-0040244,TE,1.4945,2.3750,0.0750
2025,9,00-0040272,RB,1.1445,0.8000,0.0500
2025,9,00-0040393,RB,0.9975,0.7000,0.0500
2025,9,00-0040547,RB,0.3244,0.8750,0.0000
2025,9,00-0040581,WR,2.7880,2.2750,0.1000
2025,9,00-0040583,RB,6.4470,7.6000,0.2000
2025,9,00-0040584,TE,4.7054,4.6500,0.0500
2025,9,00-0040586,RB,3.6828,3.9500,0.1000
2025,9,00-0040644,RB,1.7636,3.1750,0.0750
2025,9,00-0040648,WR,5.1111,2.6750,0.1500
2025,9,00-0040649,RB,4.3972,4.1250,0.1000
2025,9,00-0040653,WR,4.2556,2.1500,0.1250
2025,9,00-0040666,RB,15.6930,13.2750,0.6000
2025,9,00-0040667,WR,11.8596,5.6000,0.3250
2025,9,00-0040669,WR,2.9292,1.0750,0.1000
2025,9,00-0040676,QB,8.8328,2.4750,0.1500
2025,9,00-0040691,QB,6.8865,2.5500,0.0750
2025,9,00-0040692,RB,7.0330,5.3250,0.2750
2025,9,00-0040705,WR,5.3360,4.8500,0.2250
2025,9,00-0040715,RB,10.0925,13.1000,0.3500
2025,9,00-0040719,RB,6.3659,6.8250,0.3250
2025,9,00-0040727,WR,3.6787,2.3000,0.0500
2025,9,00-0040729,WR,2.6081,1.8000,0.0250
2025,9,00-0040730,RB,7.9712,10.9000,0.2000
2025,9,00-0040734,RB,16.6090,18.4250,0.5250
2025,9,00-0040739,TE,7.5222,3.6250,0.2750
2025,11,00-0023459,QB,17.2158,2.2750,0.0000
2025,11,00-0026158,QB,17.5077,3.2000,0.1500
2025,11,00-0026498,QB,18.9140,1.5000,0.0250
2025,11,00-0030035,WR,3.9109,2.2000,0.1250
2025,11,00-0030061,TE,8.8600,7.0000,0.0500
2025,11,00-0030279,WR,12.2192,7.6000,0.3000
2025,11,00-0030506,TE,12.7120,7.0750,0.2750
2025,11,00-0030564,WR,5.1225,3.1000,0.1750
2025,11,00-0030565,QB,16.3050,2.1750,0.1000
2025,11,00-0031381,WR,8.8317,5.8750,0.1000
2025,11,00-0031408,WR,10.4715,4.6000,0.5750
2025,11,00-0031544,WR,7.2175,5.6000,0.1750
2025,11,00-0031588,WR,22.0018,9.7000,0.6750
2025,11,00-0031610,TE,3.8278,2.3250,0.0750
2025,11,00-0031687,RB,2.1625,2.8500,0.0500
2025,11,00-0031763,WR,0.9083,0.7750,0.0500
2025,11,00-0032208,WR,1.6975,1.6750,0.0500
2025,11,00-0032211,WR,7.4800,4.4250,0.2500
2025,11,00-0032385,WR,6.3045,4.4000,0.2000
2025,11,00-0032394,TE,2.4464,1.0750,0.1000
2025,11,00-0032398,WR,3.3800,2.5000,0.1000
2025,11,00-0032464,WR,6.8567,2.6250,0.3000
2025,11,00-0032764,RB,17.7850,21.7000,0.8000
2025,11,00-0033040,WR,11.8250,6.8250,0.2500
2025,11,00-0033077,QB,23.6560,2.0250,0.1500
2025,11,00-0033090,TE,13.5769,6.9750,0.3250
2025,11,00-0033106,QB,21.6289,1.7500,0.0250
2025,11,00-0033110,TE,6.4342,3.6750,0.2000
2025,11,00-0033119,QB,8.3195,2.0500,0.0750
2025,11,00-0033246,TE,3.1635,2.4250,0.0750
2025,11,00-0033280,RB,24.3158,23.5000,0.9250
2025,11,00-0033288,TE,6.9969,3.6250,0.0500
2025,11,00-0033293,RB,7.1906,9.0250,0.1250
2025,11,00-0033307,WR,5.7893,3.0250,0.1250
2025,11,00-0033375,WR,1.4018,0.9250,0.0750
2025,11,00-0033536,WR,4.6216,2.5750,0.1000
2025,11,00-0033553,RB,7.0950,9.9500,0.2000
2025,11,00-0033555,WR,6.7262,3.7500,0.1000
2025,11,00-0033591,WR,1.8350,1.4750,0.0500
2025,11,00-0033699,RB,7.5750,7.0250,0.3250
2025,11,00-0033857,WR,7.0720,3.7250,0.1250
2025,11,00-0033858,TE,6.9960,4.4750,0.1500
2025,11,00-0033873,QB,19.6965,3.9750,0.2000
2025,11,00-0033881,TE,6.0771,5.7000,0.1500
2025,11,00-0033885,TE,5.4900,6.3000,0.1750
2025,11,00-0033891,WR,2.9025,2.8500,0.0000
2025,11,00-0033897,RB,5.1218,8.3250,0.1750
2025,11,00-0033908,WR,11.5346,5.8000,0.2750
2025,11,00-0033923,RB,8.0427,10.1500,0.4000
2025,11,00-0033943,WR,3.1861,3.9000,0.0250
2025,11,00-0033955,RB,4.3550,5.0750,0.1250
2025,11,00-0034115,RB,2.1278,2.7250,0.0500
2025,11,00-0034270,TE,3.2679,2.2750,0.0750
2025,11,00-0034272,WR,2.5890,1.1750,0.0500
2025,11,00-0034317,WR,1.3650,1.1250,0.0500
2025,11,00-0034348,WR,14.2475,9.3500,0.5250
2025,11,00-0034351,TE,9.4434,5.4000,0.2000
2025,11,00-0034383,TE,6.1801,4.4750,0.1500
2025,11,00-0034407,WR,1.2769,1.9000,0.0000
2025,11,00-0034411,WR,3.8653,2.3250,0.0000
2025,11,00-0034521,WR,2.1941,2.8000,0.0250
2025,11,00-0034613,TE,1.8394,1.1500,0.0750
2025,11,00-0034753,TE,10.4800,6.3750,0.3250
2025,11,00-0034775,WR,5.2078,3.7750,0.0750
2025,11,00-0034791,RB,6.9612,9.8250,0.3250
2025,11,00-0034796,QB,21.5710,7.5500,0.4250
2025,11,00-0034798,TE,1.7429,1.4250,0.0000
2025,11,00-0034827,WR,10.6306,8.8750,0.2750
2025,11,00-0034829,TE,3.9011,2.3500,0.1500
2025,11,00-0034837,WR,2.9244,3.6000,0.0250
2025,11,00-0034844,RB,18.6826,19.1500,0.7750
2025,11,00-0034854,WR,1.4544,1.2250,0.0250
2025,11,00-0034855,QB,21.6378,4.2250,0.2000
2025,11,00-0034857,QB,27.9411,6.0000,0.1500
2025,11,00-0034869,QB,22.9865,2.3500,0.1000
2025,11,00-0034960,WR,10.4693,7.7500,0.2750
2025,11,00-0034972,RB,4.5111,5.4250,0.1500
2025,11,00-0034983,WR,3.0991,3.3000,0.0750
2025,11,00-0035208,WR,5.4092,5.5250,0.0250
2025,11,00-0035229,TE,10.6387,5.4000,0.3000
2025,11,00-0035243,RB,4.6540,4.9250,0.2500
2025,11,00-0035250,RB,1.8870,4.7000,0.0500
2025,11,00-0035261,RB,9.4738,17.1500,0.5500
2025,11,00-0035311,RB,1.0566,1.2000,0.0250
2025,11,00-0035341,WR,2.3801,2.3500,0.0750
2025,11,00-0035359,WR,0.8564,0.7500,0.0250
2025,11,00-0035406,WR,1.0455,1.0750,0.0250
2025,11,00-0035500,WR,2.5875,2.7750,0.0250
2025,11,00-0035537,RB,2.7767,2.5750,0.0750
2025,11,00-0035544,WR,1.2369,0.6500,0.0500
2025,11,00-0035567,RB,0.3984,1.0000,0.0000
2025,11,00-0035594,RB,0.9419,1.0000,0.0500
2025,11,00-0035628,RB,0.7498,1.0000,0.0000
2025,11,00-0035631,TE,1.2661,0.8750,0.0500
2025,11,00-0035640,WR,15.3150,7.9250,0.3000
2025,11,00-0035644,TE,4.6846,2.4750,0.1500
2025,11,00-0035662,WR,8.8347,6.3000,0.2750
2025,11,00-0035676,WR,14.0303,8.1250,0.3500
2025,11,00-0035685,RB,12.7429,13.9250,0.7000
2025,11,00-0035689,TE,6.1308,2.5000,0.2250
2025,11,00-0035700,RB,24.7151,23.9750,1.1750
2025,11,00-0035719,WR,13.5700,9.3500,0.4000
2025,11,00-0035806,RB,0.9889,1.0500,0.0250
2025,11,00-0035924,RB,1.3627,1.7000,0.0250
2025,11,00-0036133,WR,0.8320,0.6250,0.1000
2025,11,00-0036139,RB,7.8090,11.9500,0.3750
2025,11,00-0036145,TE,3.1425,1.6500,0.1750
2025,11,00-0036165,WR,1.7831,1.6500,0.0250
2025,11,00-0036182,WR,4.1361,2.7000,0.2000
2025,11,00-0036183,WR,3.9900,1.7500,0.2000
2025,11,00-0036196,WR,5.7954,3.1750,0.2000
2025,11,00-0036212,QB,14.7772,1.2750,0.0250
2025,11,00-0036244,TE,3.3075,2.2250,0.0500
2025,11,00-0036259,WR,6.1158,4.3000,0.1000
2025,11,00-0036261,WR,8.1929,4.3250,0.1500
2025,11,00-0036264,QB,19.1873,2.1750,0.1250
2025,11,00-0036265,RB,1.5381,1.8250,0.1000
2025,11,00-0036275,RB,12.4452,16.5500,0.4750
2025,11,00-0036290,TE,4.6898,3.3500,0.0500
2025,11,00-0036309,WR,5.8672,4.5500,0.0750
2025,11,00-0036322,WR,19.8184,11.0500,0.6750
2025,11,00-0036328,RB,4.0382,5.0750,0.1250
2025,11,00-0036355,QB,19.4685,3.3000,0.2000
2025,11,00-0036358,WR,18.3560,8.1000,0.5500
2025,11,00-0036389,QB,18.2302,5.8750,0.2250
2025,11,00-0036407,WR,5.3600,9.0750,0.0750
2025,11,00-0036410,WR,11.9851,5.4000,0.5250
2025,11,00-0036414,RB,2.2108,2.0750,0.1000
2025,11,00-0036415,WR,3.0027,3.4250,0.0750
2025,11,00-0036422,TE,1.2756,0.8250,0.0250
2025,11,00-0036427,WR,2.5506,2.8250,0.1000
2025,11,00-0036463,WR,1.8461,0.6750,0.1000
2025,11,00-0036534,TE,1.0536,0.7500,0.0000
2025,11,00-0036554,WR,14.2258,8.9500,0.3500
2025,11,00-0036555,RB,6.6690,11.8250,0.3000
2025,11,00-0036567,RB,3.9680,5.5250,0.1750
2025,11,00-0036569,RB,1.1156,1.8500,0.0250
2025,11,00-0036590,TE,1.8022,1.5250,0.0500
2025,11,00-0036613,WR,15.5972,7.9750,0.3750
2025,11,00-0036626,WR,5.2897,4.4500,0.1000
2025,11,00-0036628,TE,1.6350,1.4000,0.0500
2025,11,00-0036630,WR,1.3225,0.7000,0.0750
2025,11,00-0036637,TE,5.1147,2.8250,0.2250
2025,11,00-0036670,RB,0.3650,1.4500,0.0000
2025,11,00-0036754,TE,2.0191,0.8750,0.0750
2025,11,00-0036755,RB,1.8703,2.9500,0.1000
2025,11,00-0036841,WR,1.0305,0.5750,0.0500
2025,11,00-0036849,WR,4.1446,1.8000,0.1250
2025,11,00-0036876,TE,0.5472,0.6500,0.0000
2025,11,00-0036893,RB,3.5986,5.0500,0.1750
2025,11,00-0036894,TE,8.2260,3.4250,0.2250
2025,11,00-0036898,QB,13.3381,2.1750,0.1000
2025,11,00-0036900,WR,21.0652,13.9500,0.5000
2025,11,00-0036906,RB,1.4708,2.5000,0.0750
2025,11,00-0036912,WR,14.8361,8.0750,0.4000
2025,11,00-0036919,RB,9.5910,7.2000,0.3750
2025,11,00-0036924,RB,4.2225,6.2250,0.1000
2025,11,00-0036936,WR,2.6512,1.6250,0.1000
2025,11,00-0036945,QB,9.7192,3.9250,0.2500
2025,11,00-0036963,WR,30.4700,13.2000,1.2750
2025,11,00-0036970,TE,12.5803,7.9750,0.2500
2025,11,00-0036971,QB,12.8057,2.4750,0.0500
2025,11,00-0036972,QB,13.6396,1.6500,0.0750
2025,11,00-0036973,RB,11.2927,18.3250,0.4500
2025,11,00-0036980,WR,4.1825,3.1500,0.1000
2025,11,00-0036984,RB,1.2450,2.7500,0.0250
2025,11,00-0036988,WR,7.4404,3.3750,0.1750
2025,11,00-0036997,RB,17.6078,19.0500,0.6250
2025,11,00-0037005,TE,2.5523,2.8750,0.0250
2025,11,00-0037085,RB,1.8997,2.0500,0.0500
2025,11,00-0037086,TE,2.1261,1.2500,0.0250
2025,11,00-0037112,TE,4.3853,3.1000,0.0250
2025,11,00-0037157,RB,2.2925,3.9250,0.0500
2025,11,00-0037228,RB,13.3680,13.4250,0.4750
2025,11,00-0037238,WR,11.1782,6.7500,0.2500
2025,11,00-0037240,WR,13.9113,5.8750,0.5250
2025,11,00-0037247,WR,17.6684,6.6250,0.4750
2025,11,00-0037248,RB,20.5363,19.3250,0.8000
2025,11,00-0037256,RB,12.2670,17.6250,0.6500
2025,11,00-0037257,WR,1.7617,2.0500,0.0500
2025,11,00-0037258,RB,0.8457,1.2250,0.0750
2025,11,00-0037261,WR,18.3050,7.1250,0.6500
2025,11,00-0037263,RB,7.6793,8.3500,0.4000
2025,11,00-0037267,RB,4.1383,7.1500,0.1750
2025,11,00-0037276,RB,2.8869,3.8250,0.1000
2025,11,00-0037277,TE,3.4388,1.9500,0.0750
2025,11,00-0037291,WR,7.3758,3.2000,0.2250
2025,11,00-0037299,RB,1.6400,2.1750,0.0750
2025,11,00-0037329,RB,0.7145,0.7000,0.0500
2025,11,00-0037348,TE,1.7694,1.6250,0.0000
2025,11,00-0037382,WR,2.7630,1.7500,0.0250
2025,11,00-0037410,RB,0.6440,0.8250,0.0000
2025,11,00-0037475,TE,2.3336,2.2250,0.0500
2025,11,00-0037509,RB,3.5389,4.4500,0.1000
2025,11,00-0037525,RB,9.5164,11.2750,0.4000
2025,11,00-0037545,WR,11.2866,6.1000,0.3750
2025,11,00-0037557,RB,2.1613,1.8000,0.1500
2025,11,00-0037570,WR,2.2770,1.4500,0.1000
2025,11,00-0037594,RB,0.7733,1.2750,0.0750
2025,11,00-0037617,RB,1.1083,1.5000,0.0750
2025,11,00-0037666,WR,5.7027,2.6000,0.1250
2025,11,00-0037741,WR,2.7141,2.3000,0.0500
2025,11,00-0037744,TE,15.3975,12.2000,0.2000
2025,11,00-0037746,RB,4.1022,5.1000,0.1750
2025,11,00-0037755,TE,3.6959,3.4750,0.1500
2025,11,00-0037801,WR,4.1773,2.1750,0.1250
2025,11,00-0037809,TE,5.5396,5.7750,0.1750
2025,11,00-0037816,WR,12.7046,6.0750,0.2750
2025,11,00-0037837,WR,5.3010,4.0000,0.1000
2025,11,00-0037838,TE,4.0950,2.0250,0.1750
2025,11,00-0037840,RB,12.0517,16.4000,0.3000
2025,11,00-0038040,RB,1.8275,2.6000,0.1000
2025,11,00-0038041,TE,12.1853,5.5500,0.3250
2025,11,00-0038046,TE,1.5525,1.1500,0.0250
2025,11,00-0038098,RB,2.0308,2.4000,0.0500
2025,11,00-0038104,WR,5.6507,2.8750,0.2000
2025,11,00-0038115,TE,1.3222,1.5500,0.0000
2025,11,00-0038117,WR,6.6867,7.9500,0.1250
2025,11,00-0038120,RB,12.8219,20.5000,0.7000
2025,11,00-0038124,WR,4.7911,1.9250,0.1500
2025,11,00-0038129,TE,8.9483,5.4500,0.2000
2025,11,00-0038134,RB,9.5868,13.5750,0.4750
2025,11,00-0038393,WR,5.2321,3.6000,0.1250
2025,11,00-0038396,RB,0.5157,1.0250,0.0250
2025,11,00-0038409,RB,2.9370,4.3500,0.0250
2025,11,00-0038440,RB,3.0019,2.6000,0.1000
2025,11,00-0038454,RB,2.6900,2.4250,0.1250
2025,11,00-0038542,RB,26.4114,26.4250,0.9500
2025,11,00-0038543,WR,27.7450,10.7750,1.2000
2025,11,00-0038544,WR,4.0791,3.0750,0.2000
2025,11,00-0038547,TE,2.7416,1.8250,0.0500
2025,11,00-0038555,RB,1.7177,2.7250,0.0500
2025,11,00-0038558,TE,4.2840,2.6750,0.1000
2025,11,00-0038559,WR,4.9875,5.0000,0.0250
2025,11,00-0038563,WR,11.5475,6.0000,0.3250
2025,11,00-0038564,TE,2.2241,1.6500,0.0500
2025,11,00-0038589,TE,2.8502,1.9000,0.0750
2025,11,00-0038597,RB,16.3161,23.6000,0.7000
2025,11,00-0038606,WR,8.9482,7.5000,0.3000
2025,11,00-0038611,RB,4.8825,5.8500,0.4000
2025,11,00-0038612,WR,2.6081,1.6250,0.1250
2025,11,00-0038618,WR,3.0841,2.4250,0.0250
2025,11,00-0038619,WR,4.3000,2.8500,0.1250
2025,11,00-0038621,WR,10.5871,5.4750,0.2000
2025,11,00-0038622,RB,1.3143,3.8000,0.0250
2025,11,00-0038636,RB,1.1496,1.1750,0.0250
2025,11,00-0038678,RB,1.3244,2.3250,0.0250
2025,11,00-0038679,WR,4.4042,1.7250,0.1750
2025,11,00-0038685,RB,2.4881,1.9750,0.0750
2025,11,00-0038705,RB,3.9725,3.5000,0.1250
2025,11,00-0038794,RB,1.4851,2.4500,0.0500
2025,11,00-0038797,RB,5.3737,5.2250,0.3250
2025,11,00-0038930,RB,0.5431,0.5250,0.0250
2025,11,00-0038938,WR,0.4156,0.8000,0.0000
2025,11,00-0038951,RB,4.2795,5.3250,0.2750
2025,11,00-0038976,WR,5.2799,4.1250,0.2250
2025,11,00-0038977,WR,5.5470,3.2000,0.2750
2025,11,00-0038979,WR,1.8667,3.0750,0.0250
2025,11,00-0038994,WR,10.4198,5.1000,0.3000
2025,11,00-0038996,TE,12.8870,5.8500,0.5250
2025,11,00-0039021,RB,0.9122,1.5500,0.0250
2025,11,00-0039032,RB,4.0178,6.0250,0.1750
2025,11,00-0039040,RB,19.4111,17.7750,0.6250
2025,11,00-0039041,TE,3.0850,2.1000,0.0500
2025,11,00-0039062,WR,3.2818,1.8750,0.1250
2025,11,00-0039064,WR,18.6425,9.8250,0.6750
2025,11,00-0039066,TE,4.3250,3.0750,0.1250
2025,11,00-0039067,WR,7.0880,3.9250,0.2000
2025,11,00-0039074,TE,3.2113,1.8750,0.0750
2025,11,00-0039075,WR,25.9467,12.9750,0.7250
2025,11,00-0039139,RB,19.4773,20.0500,0.9750
2025,11,00-0039144,TE,2.8611,1.5500,0.0250
2025,11,00-0039150,QB,7.5932,1.7250,0.0250
2025,11,00-0039165,RB,5.3733,8.3250,0.2000
2025,11,00-0039236,WR,0.8602,1.0250,0.0500
2025,11,00-0039266,RB,0.4539,0.7250,0.0250
2025,11,00-0039299,RB,1.4622,2.2500,0.0750
2025,11,00-0039325,RB,1.7440,3.0500,0.0750
2025,11,00-0039337,WR,5.5684,8.1750,0.0000
2025,11,00-0039338,TE,10.7525,7.0250,0.2250
2025,11,00-0039342,WR,3.4918,4.8000,0.0250
2025,11,00-0039344,RB,0.8149,1.4750,0.0000
2025,11,00-0039355,WR,3.9100,1.9750,0.0500
2025,11,00-0039356,TE,3.2574,2.9000,0.0000
2025,11,00-0039363,RB,2.1436,2.3500,0.1000
2025,11,00-0039379,WR,1.9900,1.6500,0.1000
2025,11,00-0039384,RB,4.6410,9.7250,0.2000
2025,11,00-0039391,RB,7.9722,9.7500,0.4500
2025,11,00-0039394,WR,2.0523,1.6750,0.0500
2025,11,00-0039397,WR,1.9650,2.0000,0.0500
2025,11,00-0039405,RB,1.5098,2.1000,0.0750
2025,11,00-0039407,RB,1.2250,1.0250,0.0500
2025,11,00-0039410,WR,5.9164,2.5750,0.2750
2025,11,00-0039415,WR,3.5622,2.0500,0.1250
2025,11,00-0039437,WR,2.3850,1.7000,0.0250
2025,11,00-0039491,WR,1.9570,2.0000,0.0000
2025,11,00-0039573,RB,2.7787,3.6750,0.2000
2025,11,00-0039589,WR,0.4545,0.7250,0.0000
2025,11,00-0039703,RB,0.8730,1.0000,0.0250
2025,11,00-0039732,QB,15.4502,5.4500,0.2000
2025,11,00-0039738,RB,3.2783,5.2750,0.0750
2025,11,00-0039739,WR,3.5520,1.6500,0.1500
2025,11,00-0039746,RB,2.0036,1.6000,0.0750
2025,11,00-0039747,WR,1.2329,1.3500,0.0250
2025,11,00-0039751,WR,3.6983,1.9500,0.0500
2025,11,00-0039754,TE,5.3933,2.7500,0.2250
2025,11,00-0039757,RB,0.9147,2.0750,0.0250
2025,11,00-0039793,TE,6.3472,3.3250,0.2500
2025,11,00-0039794,RB,1.8204,3.2750,0.1250
2025,11,00-0039798,RB,2.9726,4.2000,0.1000
2025,11,00-0039811,RB,2.6569,3.8750,0.0250
2025,11,00-0039814,TE,2.9312,1.6250,0.1000
2025,11,00-0039847,TE,4.0290,5.3000,0.0500
2025,11,00-0039851,QB,22.2538,3.5500,0.2000
2025,11,00-0039855,WR,3.9757,2.6250,0.2250
2025,11,00-0039868,WR,9.7398,7.7750,0.2750
2025,11,00-0039874,RB,0.9389,1.5000,0.0250
2025,11,00-0039875,RB,3.1821,3.8000,0.1000
2025,11,00-0039880,WR,5.1611,4.6250,0.0750
2025,11,00-0039890,WR,2.2131,3.1000,0.0750
2025,11,00-0039893,WR,7.8593,6.2500,0.2250
2025,11,00-0039894,WR,8.8507,6.4250,0.2000
2025,11,00-0039901,WR,12.3463,6.2500,0.4250
2025,11,00-0039910,QB,15.2390,4.7250,0.0750
2025,11,00-0039915,WR,17.3445,9.1000,0.5000
2025,11,00-0039916,WR,5.8500,3.0500,0.1250
2025,11,00-0039917,QB,15.8635,3.3750,0.1500
2025,11,00-0039918,QB,10.7334,2.2500,0.1750
2025,11,00-0039919,WR,8.4278,8.0000,0.0750
2025,11,00-0039920,WR,0.4250,0.7250,0.0000
2025,11,00-0039921,RB,3.7700,4.5750,0.1500
2025,11,00-0039923,QB,21.4103,3.3250,0.2250
2025,11,00-0040021,RB,4.1196,4.0500,0.1500
2025,11,00-0040075,WR,3.1000,2.0000,0.1500
2025,11,00-0040078,RB,4.6187,5.9000,0.1250
2025,11,00-0040122,RB,14.2575,20.5000,0.5250
2025,11,00-0040124,WR,9.6077,10.1500,0.1250
2025,11,00-0040126,TE,5.0384,3.2250,0.1250
2025,11,00-0040129,WR,13.8487,8.8000,0.6500
2025,11,00-0040130,WR,4.3143,3.3750,0.1250
2025,11,00-0040131,WR,3.4720,1.6750,0.0500
2025,11,00-0040134,WR,3.1433,2.3000,0.1250
2025,11,00-0040138,WR,3.2369,2.6250,0.0500
2025,11,00-0040142,RB,5.3610,4.6250,0.1250
2025,11,00-0040162,RB,2.7233,5.7250,0.1500
2025,11,00-0040164,WR,5.5525,3.5000,0.1750
2025,11,00-0040170,WR,4.3502,6.4000,0.0500
2025,11,00-0040177,RB,2.9062,2.7250,0.0500
2025,11,00-0040189,TE,8.3493,3.7500,0.2000
2025,11,00-0040194,TE,2.6279,1.4250,0.0500
2025,11,00-0040198,RB,2.4583,3.6250,0.0750
2025,11,00-0040208,RB,2.5155,2.4000,0.1250
2025,11,00-0040218,WR,2.1364,2.0750,0.0750
2025,11,00-0040225,TE,1.7472,1.5500,0.0500
2025,11,00-0040236,RB,7.9729,8.6250,0.3250
2025,11,00-0040237,WR,4.3290,2.9250,0.1000
2025,11,00-0040238,RB,2.3378,2.2500,0.1250
2025,11,00-0040241,WR,1.7771,1.4250,0.0000
2025,11,00-0040242,RB,9.7400,11.9500,0.4500
2025,11,00-0040393,RB,0.9851,0.7750,0.0750
2025,11,00-0040547,RB,0.8538,0.8000,0.0750
2025,11,00-0040581,WR,4.0525,2.4000,0.1750
2025,11,00-0040583,RB,5.8599,7.4500,0.2750
2025,11,00-0040584,TE,3.1147,3.3000,0.0500
2025,11,00-0040586,RB,3.4580,3.3250,0.1750
2025,11,00-0040637,RB,1.1425,0.7750,0.0500
2025,11,00-0040644,RB,2.0288,2.7750,0.0750
2025,11,00-0040649,RB,2.9708,2.9000,0.1000
2025,11,00-0040653,WR,2.2811,1.4250,0.0250
2025,11,00-0040663,TE,5.5817,6.4250,0.0500
2025,11,00-0040666,RB,11.4493,10.6250,0.5750
2025,11,00-0040667,WR,5.5016,3.0750,0.1250
2025,11,00-0040669,WR,1.2980,0.7750,0.0250
2025,11,00-0040676,QB,7.5790,3.3500,0.1250
2025,11,00-0040691,QB,6.2537,2.8500,0.1500
2025,11,00-0040692,RB,9.8058,5.9250,0.3500
2025,11,00-0040704,QB,7.6960,2.9250,0.0250
2025,11,00-0040705,WR,4.4320,5.0500,0.1750
2025,11,00-0040715,RB,6.8227,11.5750,0.4000
2025,11,00-0040719,RB,3.6900,6.3750,0.1000
2025,11,00-0040727,WR,3.5288,2.8000,0.0750
2025,11,00-0040729,WR,2.8225,2.3750,0.0000
2025,11,00-0040730,RB,10.6053,14.9000,0.3750
2025,11,00-0040734,RB,19.4662,18.1250,0.5250
2025,11,00-0040735,WR,3.8072,2.5750,0.1250
2025,11,00-0040736,TE,6.3619,7.4250,0.2000
2025,11,00-0040737,TE,3.1179,1.7000,0.0500
2025,11,00-0040739,TE,5.1124,2.4250,0.3250
2025,11,00-0040782,WR,1.5383,2.4750,0.0750
2025,11,00-0040784,RB,7.1650,15.5000,0.4000
2025,13,00-0026158,QB,16.0898,2.4000,0.2250
2025,13,00-0026498,QB,21.6504,1.4750,0.0000
2025,13,00-0028118,QB,10.7399,1.9000,0.0750
2025,13,00-0029604,QB,12.6612,2.3500,0.0250
2025,13,00-0030035,WR,2.3650,2.6250,0.0500
2025,13,00-0030061,TE,7.4863,6.7750,0.2500
2025,13,00-0030279,WR,11.4439,7.2500,0.2750
2025,13,00-0030506,TE,16.8308,7.4250,0.4000
2025,13,00-0030564,WR,6.8855,2.8750,0.2250
2025,13,00-0030565,QB,8.0107,2.2250,0.1750
2025,13,00-0031236,WR,5.1933,2.7000,0.1500
2025,13,00-0031381,WR,18.2817,9.6500,0.4000
2025,13,00-0031408,WR,7.1676,4.0000,0.1750
2025,13,00-0031503,QB,5.3505,1.7500,0.1000
2025,13,00-0031544,WR,5.0223,5.6000,0.2000
2025,13,00-0031588,WR,14.8195,7.9250,0.2750
2025,13,00-0031687,RB,1.6233,3.5000,0.0750
2025,13,00-0031763,WR,0.9217,1.0500,0.0250
2025,13,00-0032208,WR,0.8811,1.4250,0.0250
2025,13,00-0032211,WR,4.0412,4.7750,0.0000
2025,13,00-0032268,QB,9.2788,2.3250,0.1000
2025,13,00-0032385,WR,7.7747,3.8750,0.2500
2025,13,00-0032392,TE,4.7437,1.9750,0.1250
2025,13,00-0032398,WR,1.9096,1.8750,0.0000
2025,13,00-0032688,WR,0.7462,1.2500,0.0000
2025,13,00-0032764,RB,25.5883,22.5000,0.9000
2025,13,00-0032775,WR,2.8791,2.5250,0.0500
2025,13,00-0032951,WR,1.7337,1.3000,0.0500
2025,13,00-0033040,WR,13.1052,6.0750,0.4250
2025,13,00-0033077,QB,22.6244,2.1000,0.1500
2025,13,00-0033090,TE,8.5214,5.4500,0.1000
2025,13,00-0033106,QB,21.8297,1.6500,0.0500
2025,13,00-0033110,TE,5.9435,3.2000,0.0500
2025,13,00-0033119,QB,8.5218,2.7250,0.1500
2025,13,00-0033217,TE,1.4725,1.0000,0.0500
2025,13,00-0033246,TE,2.4466,1.6500,0.0250
2025,13,00-0033280,RB,21.7277,26.2750,1.0500
2025,13,00-0033288,TE,7.3618,4.5250,0.2250
2025,13,00-0033293,RB,5.8833,10.6500,0.4500
2025,13,00-0033307,WR,4.3255,3.1500,0.1000
2025,13,00-0033357,TE,5.0200,6.4250,0.2750
2025,13,00-0033375,WR,2.0532,1.6250,0.0000
2025,13,00-0033526,RB,3.0940,3.5000,0.0500
2025,13,00-0033536,WR,5.7037,2.9000,0.1750
2025,13,00-0033553,RB,5.3067,9.3750,0.2500
2025,13,00-0033555,WR,5.8285,3.3750,0.1000
2025,13,00-0033572,WR,1.7130,1.2000,0.1000
2025,13,00-0033699,RB,4.2694,6.7750,0.1500
2025,13,00-0033857,WR,7.5145,3.0000,0.1250
2025,13,00-0033858,TE,7.1034,4.9750,0.1750
2025,13,00-0033873,QB,25.6380,2.8000,0.1500
2025,13,00-0033881,TE,5.9944,4.9750,0.0250
2025,13,00-0033885,TE,4.5917,5.1250,0.1000
2025,13,00-0033891,WR,2.6156,2.6500,0.0500
2025,13,00-0033897,RB,5.8907,8.6250,0.3000
2025,13,00-0033908,WR,14.1014,5.3500,0.4000
2025,13,00-0033921,WR,5.0688,2.2000,0.1750
2025,13,00-0033923,RB,9.2847,10.7750,0.3000
2025,13,00-0033943,WR,2.7473,2.3000,0.1000
2025,13,00-0033955,RB,2.8942,4.1000,0.1250
2025,13,00-0034115,RB,2.6007,3.3250,0.1500
2025,13,00-0034159,TE,2.1575,1.3250,0.0250
2025,13,00-0034270,TE,3.2544,1.7750,0.1000
2025,13,00-0034317,WR,1.5040,0.8250,0.0500
2025,13,00-0034348,WR,13.9222,8.2500,0.4250
2025,13,00-0034351,TE,9.7633,4.4250,0.2500
2025,13,00-0034365,TE,0.9116,1.0750,0.0250
2025,13,00-0034383,TE,4.9362,5.2500,0.1250
2025,13,00-0034407,WR,0.9985,1.3250,0.0250
2025,13,00-0034613,TE,2.4570,1.4000,0.0500
2025,13,00-0034753,TE,15.4502,5.9750,0.5000
2025,13,00-0034771,QB,12.1826,1.7250,0.0000
2025,13,00-0034775,WR,4.2468,3.1000,0.1000
2025,13,00-0034791,RB,5.8284,9.2250,0.2250
2025,13,00-0034796,QB,32.5584,6.9000,0.4250
2025,13,00-0034798,TE,0.5840,0.5750,0.0000
2025,13,00-0034827,WR,7.1946,7.1000,0.1250
2025,13,00-0034829,TE,4.9797,3.1000,0.1750
2025,13,00-0034837,WR,6.6471,5.7500,0.1500
2025,13,00-0034844,RB,20.7976,22.2500,0.9500
2025,13,00-0034854,WR,1.6162,1.3250,0.0750
2025,13,00-0034855,QB,21.6596,2.5500,0.0750
2025,13,00-0034857,QB,21.3650,6.3250,0.2250
2025,13,00-0034869,QB,25.9227,1.9250,0.0750
2025,13,00-0034960,WR,9.7431,5.9000,0.2500
2025,13,00-0034972,RB,4.0812,6.0500,0.1500
2025,13,00-0034983,WR,1.8898,2.4250,0.0000
2025,13,00-0035045,WR,3.4992,2.8750,0.1000
2025,13,00-0035208,WR,3.5446,4.4500,0.0500
2025,13,00-0035229,TE,5.6433,6.7000,0.1000
2025,13,00-0035243,RB,3.2583,3.1500,0.1000
2025,13,00-0035249,TE,1.3267,1.4500,0.0250
2025,13,00-0035250,RB,3.8161,6.4000,0.2000
2025,13,00-0035261,RB,10.7614,16.0500,0.5500
2025,13,00-0035359,WR,1.3026,1.5000,0.0250
2025,13,00-0035500,WR,2.8200,3.4500,0.0500
2025,13,00-0035535,WR,2.8506,3.0500,0.0000
2025,13,00-0035537,RB,4.7790,3.3500,0.2000
2025,13,00-0035544,WR,1.0795,0.6750,0.0000
2025,13,00-0035567,RB,0.6375,0.6750,0.0250
2025,13,00-0035631,TE,1.5242,1.1250,0.0250
2025,13,00-0035640,WR,9.8632,7.7250,0.2250
2025,13,00-0035644,TE,7.9145,4.2750,0.1000
2025,13,00-0035659,WR,3.9693,4.4250,0.0000
2025,13,00-0035662,WR,12.5495,6.0750,0.3750
2025,13,00-0035676,WR,19.7090,9.0500,0.7000
2025,13,00-0035685,RB,13.3450,12.6750,0.6250
2025,13,00-0035689,TE,5.4625,2.9000,0.1750
2025,13,00-0035700,RB,15.7218,18.0500,0.4750
2025,13,00-0035710,QB,13.7576,3.2500,0.1250
2025,13,00-0035719,WR,11.4474,9.1250,0.4500
2025,13,00-0035806,RB,1.2873,1.6000,0.0750
2025,13,00-0035924,RB,0.8174,0.9000,0.0250
2025,13,00-0035973,RB,1.2778,1.6000,0.0500
2025,13,00-0036020,RB,0.9394,2.3500,0.0000
2025,13,00-0036040,TE,9.3920,8.6500,0.2750
2025,13,00-0036139,RB,8.9892,13.5250,0.5000
2025,13,00-0036145,TE,1.9610,1.8250,0.0750
2025,13,00-0036158,RB,10.6806,15.1250,0.3250
2025,13,00-0036165,WR,1.3298,1.2500,0.0000
2025,13,00-0036182,WR,2.3683,1.8250,0.1000
2025,13,00-0036183,WR,1.9811,1.7750,0.0750
2025,13,00-0036212,QB,16.0651,1.6750,0.0250
2025,13,00-0036223,RB,23.8160,22.4500,1.2500
2025,13,00-0036244,TE,4.1481,1.6750,0.1500
2025,13,00-0036252,WR,11.9199,7.6000,0.2250
2025,13,00-0036259,WR,7.1112,5.4750,0.1500
2025,13,00-0036261,WR,5.2731,4.4250,0.0750
2025,13,00-0036264,QB,16.0152,1.1750,0.1750
2025,13,00-0036265,RB,1.8713,1.8500,0.1000
2025,13,00-0036275,RB,10.0781,16.7750,0.5750
2025,13,00-0036290,TE,3.4736,3.1250,0.0250
2025,13,00-0036309,WR,7.7167,5.5750,0.2750
2025,13,00-0036322,WR,9.4333,11.6250,0.2500
2025,13,00-0036328,RB,3.7034,3.6250,0.2000
2025,13,00-0036331,WR,0.6225,0.6000,0.0000
2025,13,00-0036345,WR,3.0295,2.5000,0.0750
2025,13,00-0036355,QB,22.5640,4.6750,0.2500
2025,13,00-0036358,WR,20.6722,8.6750,0.6000
2025,13,00-0036389,QB,24.5778,7.2500,0.2250
2025,13,00-0036407,WR,8.5683,8.9000,0.3250
2025,13,00-0036414,RB,0.8983,1.8250,0.0250
2025,13,00-0036415,WR,2.3826,3.5500,0.0500
2025,13,00-0036422,TE,2.0500,1.1750,0.0000
2025,13,00-0036427,WR,2.2641,2.2750,0.0500
2025,13,00-0036534,TE,1.3912,0.7500,0.0250
2025,13,00-0036550,WR,8.4688,3.5500,0.2250
2025,13,00-0036554,WR,12.0004,8.7000,0.1250
2025,13,00-0036555,RB,6.4592,11.1750,0.3250
2025,13,00-0036556,TE,1.4825,1.5250,0.0250
2025,13,00-0036569,RB,1.5167,1.7250,0.0500
2025,13,00-0036613,WR,18.1838,8.1250,0.6750
2025,13,00-0036626,WR,3.2253,2.8000,0.0500
2025,13,00-0036647,WR,2.4923,1.7250,0.1250
2025,13,00-0036670,RB,0.8044,1.7500,0.0250
2025,13,00-0036755,RB,2.1266,3.5250,0.0750
2025,13,00-0036849,WR,2.3284,0.9250,0.1000
2025,13,00-0036875,RB,10.4236,11.1500,0.5000
2025,13,00-0036876,TE,1.1334,0.5000,0.0250
2025,13,00-0036893,RB,4.7919,6.6000,0.2750
2025,13,00-0036894,TE,4.6203,3.1500,0.1000
2025,13,00-0036898,QB,10.7236,2.6000,0.0750
2025,13,00-0036900,WR,23.5968,15.4500,0.6250
2025,13,00-0036906,RB,3.2443,4.7000,0.2000
2025,13,00-0036912,WR,17.6974,7.3000,0.5750
2025,13,00-0036919,RB,8.1109,8.6250,0.3750
2025,13,00-0036924,RB,4.4489,7.0000,0.1000
2025,13,00-0036936,WR,1.8017,2.0000,0.0750
2025,13,00-0036963,WR,26.8317,10.4000,0.8000
2025,13,00-0036970,TE,13.7780,9.5250,0.4500
2025,13,00-0036971,QB,17.2962,2.5500,0.0500
2025,13,00-0036973,RB,14.8652,18.8750,0.6000
2025,13,00-0036980,WR,3.7762,2.6500,0.1000
2025,13,00-0036984,RB,1.3211,2.5250,0.0500
2025,13,00-0036988,WR,4.1272,1.8750,0.1250
2025,13,00-0036997,RB,16.7139,18.3750,0.9250
2025,13,00-0037004,TE,2.3523,1.7000,0.0500
2025,13,00-0037005,TE,2.7102,2.7000,0.0500
2025,13,00-0037085,RB,2.3500,2.1500,0.0250
2025,13,00-0037086,TE,2.0901,1.0000,0.0250
2025,13,00-0037091,WR,0.6977,0.9750,0.0000
2025,13,00-0037098,WR,1.8260,1.9500,0.1000
2025,13,00-0037112,TE,2.4828,2.2000,0.0250
2025,13,00-0037120,RB,0.9289,0.9750,0.0250
2025,13,00-0037157,RB,1.9800,3.9250,0.0500
2025,13,00-0037197,RB,9.5633,9.0750,0.3750
2025,13,00-0037228,RB,10.5456,13.5500,0.4250
2025,13,00-0037239,WR,7.7280,7.8750,0.1750
2025,13,00-0037240,WR,13.2572,4.8750,0.5250
2025,13,00-0037247,WR,19.4611,7.1000,0.6750
2025,13,00-0037248,RB,18.1054,21.1000,0.7750
2025,13,00-0037252,TE,2.2038,1.5250,0.0500
2025,13,00-0037256,RB,14.2018,16.2500,0.6750
2025,13,00-0037257,WR,1.3633,1.7750,0.0500
2025,13,00-0037258,RB,0.7347,1.5250,0.0250
2025,13,00-0037261,WR,13.5956,7.6000,0.3250
2025,13,00-0037263,RB,6.0613,8.5000,0.3250
2025,13,00-0037267,RB,1.6500,2.7000,0.0500
2025,13,00-0037276,RB,1.7300,3.4500,0.1750
2025,13,00-0037277,TE,3.5436,2.2000,0.0750
2025,13,00-0037291,WR,2.8617,3.0250,0.0250
2025,13,00-0037299,RB,1.5042,1.9250,0.0750
2025,13,00-0037329,RB,0.4197,0.5250,0.0500
2025,13,00-0037382,WR,2.8910,1.5000,0.0750
2025,13,00-0037422,WR,0.5334,0.4250,0.0250
2025,13,00-0037509,RB,3.1511,4.6000,0.2750
2025,13,00-0037525,RB,5.5600,10.5750,0.4250
2025,13,00-0037545,WR,10.2606,5.4000,0.1750
2025,13,00-0037557,RB,2.3829,2.4750,0.1250
2025,13,00-0037614,WR,2.3686,2.0000,0.0750
2025,13,00-0037617,RB,1.2092,1.9500,0.0500
2025,13,00-0037664,WR,9.2335,5.0750,0.1250
2025,13,00-0037666,WR,3.0139,1.8250,0.0750
2025,13,00-0037740,WR,10.4962,8.6000,0.3000
2025,13,00-0037741,WR,2.4380,1.9250,0.0500
2025,13,00-0037744,TE,13.2956,12.9500,0.1250
2025,13,00-0037746,RB,3.6376,5.9000,0.1750
2025,13,00-0037755,TE,3.2976,2.9250,0.0750
2025,13,00-0037801,WR,5.0889,2.8250,0.1750
2025,13,00-0037805,TE,2.8045,2.2500,0.1250
2025,13,00-0037809,TE,3.5851,3.1500,0.0750
2025,13,00-0037816,WR,12.3970,9.1250,0.3250
2025,13,00-0037834,QB,12.2362,2.7750,0.0750
2025,13,00-0037837,WR,4.4382,3.7500,0.1500
2025,13,00-0037838,TE,6.3764,2.3500,0.2250
2025,13,00-0037840,RB,13.7249,17.5000,0.5750
2025,13,00-0038040,RB,0.4033,1.0250,0.0500
2025,13,00-0038041,TE,11.0889,5.8000,0.2750
2025,13,00-0038046,TE,2.7106,0.9000,0.1000
2025,13,00-0038098,RB,1.7531,2.0000,0.0250
2025,13,00-0038104,WR,6.6405,3.1250,0.2250
2025,13,00-0038115,TE,2.2230,1.6250,0.0750
2025,13,00-0038117,WR,7.6367,9.1000,0.0500
2025,13,00-0038120,RB,13.7996,19.4250,0.8000
2025,13,00-0038124,WR,6.9409,3.4500,0.2750
2025,13,00-0038129,TE,7.6794,4.8250,0.0750
2025,13,00-0038134,RB,13.1450,15.3000,0.3750
2025,13,00-0038393,WR,4.3342,3.9750,0.1000
2025,13,00-0038394,TE,1.5992,1.4750,0.0000
2025,13,00-0038396,RB,0.7790,1.2000,0.0500
2025,13,00-0038409,RB,2.4070,3.9500,0.0750
2025,13,00-0038440,RB,1.2400,2.5000,0.0250
2025,13,00-0038454,RB,2.9684,2.5000,0.1500
2025,13,00-0038542,RB,21.2203,25.7000,0.7000
2025,13,00-0038543,WR,30.8519,9.7250,0.9500
2025,13,00-0038544,WR,8.2624,5.2750,0.2750
2025,13,00-0038547,TE,2.9611,1.5250,0.1250
2025,13,00-0038551,RB,4.1080,7.5000,0.3000
2025,13,00-0038555,RB,2.9206,3.0500,0.1250
2025,13,00-0038558,TE,4.7702,2.6000,0.1500
2025,13,00-0038559,WR,8.4867,7.9000,0.0750
2025,13,00-0038563,WR,6.4728,7.4500,0.0750
2025,13,00-0038564,TE,2.9094,1.3250,0.1000
2025,13,00-0038597,RB,13.6399,19.9750,0.4000
2025,13,00-0038606,WR,7.6792,5.6000,0.1500
2025,13,00-0038608,WR,5.2400,2.9500,0.0750
2025,13,00-0038611,RB,2.2734,5.6000,0.1000
2025,13,00-0038612,WR,2.4861,1.5750,0.0750
2025,13,00-0038618,WR,3.1563,2.5500,0.1250
2025,13,00-0038619,WR,6.9185,4.2750,0.2000
2025,13,00-0038621,WR,6.5092,3.8750,0.1500
2025,13,00-0038622,RB,1.1667,2.2500,0.0250
2025,13,00-0038678,RB,1.7236,2.3250,0.1000
2025,13,00-0038679,WR,2.7049,1.5250,0.1250
2025,13,00-0038685,RB,2.0163,1.7750,0.1000
2025,13,00-0038720,TE,1.2220,0.8750,0.0000
2025,13,00-0038794,RB,1.5528,1.8750,0.0750
2025,13,00-0038797,RB,4.9654,5.7000,0.2500
2025,13,00-0038839,WR,1.0920,1.4750,0.0000
2025,13,00-0038930,RB,0.5487,0.6500,0.0250
2025,13,00-0038933,TE,5.4625,2.9500,0.1750
2025,13,00-0038935,TE,8.9887,3.9500,0.2500
2025,13,00-0038951,RB,5.6677,6.9500,0.2000
2025,13,00-0038976,WR,5.1667,3.3000,0.1750
2025,13,00-0038977,WR,4.7103,3.4750,0.0250
2025,13,00-0038979,WR,2.1750,3.8250,0.0250
2025,13,00-0038994,WR,4.8667,5.3250,0.0500
2025,13,00-0038996,TE,10.2222,6.4000,0.2000
2025,13,00-0038997,WR,9.2572,6.2250,0.2750
2025,13,00-0039021,RB,0.5637,1.0000,0.0250
2025,13,00-0039032,RB,3.2668,4.7250,0.1250
2025,13,00-0039040,RB,18.8705,18.9000,0.4750
2025,13,00-0039041,TE,2.4089,2.1250,0.0500
2025,13,00-0039052,WR,1.8620,2.0000,0.0000
2025,13,00-0039062,WR,2.4361,1.8750,0.0250
2025,13,00-0039064,WR,22.9108,9.2500,0.4250
2025,13,00-0039065,TE,10.4465,4.2250,0.2750
2025,13,00-0039067,WR,13.4900,5.3500,0.3250
2025,13,00-0039074,TE,2.0922,1.5750,0.0000
2025,13,00-0039075,WR,25.3546,10.6250,0.8000
2025,13,00-0039139,RB,30.7502,21.5750,1.5250
2025,13,00-0039144,TE,4.1196,2.7750,0.1000
2025,13,00-0039150,QB,7.6111,2.2500,0.2000
2025,13,00-0039165,RB,7.0431,9.3000,0.2750
2025,13,00-0039236,WR,0.9904,0.6500,0.0250
2025,13,00-0039244,RB,0.4134,0.7000,0.0250
2025,13,00-0039325,RB,1.8367,2.2000,0.0500
2025,13,00-0039337,WR,4.9112,6.5500,0.0250
2025,13,00-0039338,TE,7.2895,7.9250,0.1750
2025,13,00-0039342,WR,4.0020,6.0500,0.0500
2025,13,00-0039344,RB,0.9066,1.7750,0.0500
2025,13,00-0039355,WR,2.4317,1.9250,0.0250
2025,13,00-0039356,TE,3.0168,2.9000,0.0250
2025,13,00-0039361,RB,6.7184,6.9250,0.2750
2025,13,00-0039363,RB,1.9179,2.5250,0.0750
2025,13,00-0039373,RB,1.3380,2.9250,0.0500
2025,13,00-0039379,WR,1.3333,1.5250,0.0250
2025,13,00-0039384,RB,7.1912,11.9750,0.3000
2025,13,00-0039386,WR,3.3260,4.3000,0.0250
2025,13,00-0039391,RB,8.5513,12.9750,0.2750
2025,13,00-0039394,WR,2.1396,1.7500,0.0250
2025,13,00-0039397,WR,1.1978,2.1250,0.0000
2025,13,00-0039405,RB,1.5539,2.4750,0.0500
2025,13,00-0039410,WR,3.5583,2.4250,0.0250
2025,13,00-0039415,WR,2.5972,1.3250,0.1000
2025,13,00-0039424,WR,2.5200,3.2500,0.0250
2025,13,00-0039437,WR,3.5336,1.4250,0.1500
2025,13,00-0039491,WR,1.7767,2.4750,0.0250
2025,13,00-0039573,RB,2.1008,2.6500,0.0750
2025,13,00-0039703,RB,0.9377,1.0750,0.0000
2025,13,00-0039732,QB,15.0056,2.3000,0.1500
2025,13,00-0039738,RB,4.0239,6.4750,0.1000
2025,13,00-0039739,WR,3.5160,2.4000,0.1500
2025,13,00-0039746,RB,2.7635,1.5500,0.1250
2025,13,00-0039747,WR,1.4682,1.8500,0.0250
2025,13,00-0039751,WR,3.4426,1.5500,0.1500
2025,13,00-0039754,TE,6.0651,2.4750,0.2250
2025,13,00-0039757,RB,1.4713,2.3250,0.0500
2025,13,00-0039793,TE,6.9544,3.0750,0.2250
2025,13,00-0039794,RB,1.4516,2.8250,0.0750
2025,13,00-0039798,RB,2.6881,3.3250,0.0750
2025,13,00-0039811,RB,1.9806,2.9750,0.0500
2025,13,00-0039814,TE,3.8675,2.2250,0.1000
2025,13,00-0039847,TE,4.7224,5.4500,0.0000
2025,13,00-0039849,WR,3.4400,4.2000,0.0250
2025,13,00-0039851,QB,14.5496,2.3500,0.0750
2025,13,00-0039855,WR,3.8111,1.5500,0.1500
2025,13,00-0039868,WR,10.4889,7.3000,0.3000
2025,13,00-0039874,RB,0.7442,1.8750,0.0000
2025,13,00-0039875,RB,3.4490,4.2250,0.2000
2025,13,00-0039880,WR,5.7627,4.9000,0.1250
2025,13,00-0039890,WR,2.3154,2.8250,0.0750
2025,13,00-0039893,WR,14.7521,7.8000,0.5000
2025,13,00-0039894,WR,13.3412,6.5750,0.3500
2025,13,00-0039901,WR,9.0250,4.8500,0.2500
2025,13,00-0039907,WR,1.3320,2.3000,0.0500
2025,13,00-0039915,WR,18.3203,8.6000,0.6000
2025,13,00-0039916,WR,3.5784,2.7500,0.0500
2025,13,00-0039918,QB,9.4150,2.4250,0.2250
2025,13,00-0039919,WR,8.7803,8.2750,0.0750
2025,13,00-0039920,WR,0.5183,1.0750,0.0000
2025,13,00-0039923,QB,9.3650,3.3000,0.2750
2025,13,00-0040021,RB,3.2528,3.7250,0.0750
2025,13,00-0040075,WR,3.1932,1.5500,0.1250
2025,13,00-0040078,RB,7.0902,4.4750,0.2250
2025,13,00-0040122,RB,9.5617,21.1250,0.4500
2025,13,00-0040124,WR,7.6418,10.1000,0.0250
2025,13,00-0040126,TE,4.8038,3.3250,0.1250
2025,13,00-0040128,TE,6.8743,4.1500,0.1750
2025,13,00-0040129,WR,14.0031,6.8500,0.6000
2025,13,00-0040130,WR,5.1206,4.0750,0.1250
2025,13,00-0040131,WR,2.6839,1.5750,0.1000
2025,13,00-0040134,WR,4.9056,2.3750,0.1250
2025,13,00-0040138,WR,3.3131,2.4250,0.0500
2025,13,00-0040142,RB,3.4445,3.8000,0.1250
2025,13,00-0040162,RB,3.1883,6.7750,0.2000
2025,13,00-0040164,WR,3.0669,3.7000,0.0750
2025,13,00-0040170,WR,2.7132,3.0750,0.0750
2025,13,00-0040177,RB,2.5739,2.6500,0.1000
2025,13,00-0040179,RB,1.5200,2.0000,0.0750
2025,13,00-0040189,TE,8.0772,3.5750,0.1500
2025,13,00-0040194,TE,2.8922,1.4500,0.1500
2025,13,00-0040198,RB,4.3188,4.6000,0.2000
2025,13,00-0040202,RB,4.9940,6.2500,0.1500
2025,13,00-0040205,RB,3.2039,3.8500,0.1000
2025,13,00-0040215,TE,1.3933,1.2500,0.0500
2025,13,00-0040218,WR,1.6464,1.5500,0.1000
2025,13,00-0040225,TE,1.2179,1.5250,0.0000
2025,13,00-0040236,RB,6.7241,9.0000,0.3500
2025,13,00-0040237,WR,6.5007,3.1250,0.2750
2025,13,00-0040238,RB,4.1548,3.1250,0.1750
2025,13,00-0040241,WR,3.3207,1.4500,0.1000
2025,13,00-0040242,RB,6.0043,11.1500,0.3500
2025,13,00-0040244,TE,3.3260,3.2750,0.1250
2025,13,00-0040390,WR,0.6177,0.2000,0.0250
2025,13,00-0040393,RB,1.2353,0.6500,0.0750
2025,13,00-0040547,RB,0.4865,0.8250,0.0250
2025,13,00-0040581,WR,1.8436,2.3500,0.0750
2025,13,00-0040583,RB,6.5801,9.1500,0.3750
2025,13,00-0040584,TE,5.6940,4.6500,0.1750
2025,13,00-0040586,RB,2.4000,3.0750,0.0500
2025,13,00-0040637,RB,1.2396,0.8250,0.0250
2025,13,00-0040644,RB,1.6023,2.2500,0.0750
2025,13,00-0040648,WR,2.4169,1.3500,0.0750
2025,13,00-0040649,RB,3.6911,3.4500,0.1250
2025,13,00-0040653,WR,2.0931,1.5750,0.0750
2025,13,00-0040663,TE,4.0650,5.0250,0.0750
2025,13,00-0040667,WR,5.3743,2.8500,0.1500
2025,13,00-0040668,QB,7.5950,2.5250,0.0750
2025,13,00-0040669,WR,0.8755,0.5750,0.0250
2025,13,00-0040676,QB,9.7625,2.7500,0.1000
2025,13,00-0040692,RB,7.3212,5.2250,0.2750
2025,13,00-0040705,WR,4.3638,4.7500,0.0500
2025,13,00-0040715,RB,6.9279,10.8500,0.2500
2025,13,00-0040719,RB,6.0329,8.1250,0.3000
2025,13,00-0040727,WR,4.1354,2.3500,0.1500
2025,13,00-0040729,WR,1.8029,2.0250,0.1000
2025,13,00-0040730,RB,10.3500,10.6750,0.3000
2025,13,00-0040734,RB,15.9014,14.7750,0.7000
2025,13,00-0040735,WR,4.2360,3.2250,0.1000
2025,13,00-0040736,TE,4.5618,5.2750,0.1000
2025,13,00-0040737,TE,1.9681,0.9750,0.0500
2025,13,00-0040739,TE,4.3511,2.1250,0.1500
2025,13,00-0040743,QB,11.1212,6.7750,0.2750
2025,13,00-0040782,WR,2.0467,2.6000,0.0750
2025,13,00-0040784,RB,7.4883,15.0000,0.4250
2025,15,00-0023459,QB,12.6106,1.9000,0.0500
2025,15,00-0026498,QB,13.6287,1.7000,0.0000
2025,15,00-0028118,QB,6.9741,1.8750,0.1500
2025,15,00-0029604,QB,9.6067,2.3250,0.1250
2025,15,00-0030035,WR,3.6172,2.3000,0.0250
2025,15,00-0030061,TE,9.1007,6.9250,0.1750
2025,15,00-0030279,WR,8.6760,8.3250,0.1500
2025,15,00-0030506,TE,11.9928,7.4500,0.1500
2025,15,00-0030564,WR,5.1120,2.7750,0.1250
2025,15,00-0030565,QB,6.9027,1.9500,0.1250
2025,15,00-0031236,WR,3.6111,2.5250,0.0250
2025,15,00-0031381,WR,7.8667,5.8500,0.0500
2025,15,00-0031408,WR,4.3973,2.1500,0.0750
2025,15,00-0031544,WR,3.0660,4.6500,0.0750
2025,15,00-0031588,WR,14.7241,7.4750,0.4500
2025,15,00-0031610,TE,2.2998,2.2500,0.0250
2025,15,00-0031687,RB,1.3035,2.9500,0.0500
2025,15,00-0031763,WR,1.2400,1.1750,0.0750
2025,15,00-0032104,RB,0.6098,1.0250,0.0500
2025,15,00-0032208,WR,1.1970,1.6250,0.1000
2025,15,00-0032211,WR,3.1830,3.9000,0.0500
2025,15,00-0032268,QB,12.4398,3.6000,0.0750
2025,15,00-0032385,WR,7.6368,4.1500,0.1500
2025,15,00-0032392,TE,3.8958,2.0500,0.0750
2025,15,00-0032394,TE,1.6000,1.3250,0.0000
2025,15,00-0032398,WR,3.5420,2.8750,0.0250
2025,15,00-0032464,WR,1.8239,0.8750,0.0500
2025,15,00-0032764,RB,22.6140,19.3750,1.1750
2025,15,00-0032775,WR,3.7272,2.0000,0.0250
2025,15,00-0032951,WR,1.1838,1.4000,0.0500
2025,15,00-0033040,WR,8.0470,6.2500,0.1000
2025,15,00-0033077,QB,25.3693,1.8000,0.0750
2025,15,00-0033090,TE,11.3609,6.7750,0.2750
2025,15,00-0033106,QB,20.6323,2.4750,0.0500
2025,15,00-0033110,TE,4.3267,2.7750,0.0500
2025,15,00-0033119,QB,7.2725,2.1000,0.0500
2025,15,00-0033217,TE,0.6378,1.0250,0.0250
2025,15,00-0033246,TE,4.2450,2.0000,0.1000
2025,15,00-0033280,RB,26.1883,23.2500,0.7500
2025,15,00-0033288,TE,13.0182,4.2750,0.4750
2025,15,00-0033293,RB,10.0217,12.3750,0.4750
2025,15,00-0033307,WR,7.8248,2.9250,0.2750
2025,15,00-0033357,TE,3.8177,6.0000,0.1500
2025,15,00-0033375,WR,3.4860,1.7750,0.1250
2025,15,00-0033526,RB,4.0561,4.3250,0.1750
2025,15,00-0033536,WR,3.3340,2.9500,0.0500
2025,15,00-0033553,RB,4.0640,8.0500,0.2000
2025,15,00-0033555,WR,5.7001,3.6000,0.1250
2025,15,00-0033572,WR,1.4417,1.6250,0.0250
2025,15,00-0033699,RB,5.1822,7.2500,0.2750
2025,15,00-0033857,WR,7.1832,2.9000,0.2500
2025,15,00-0033858,TE,4.2214,4.2500,0.0750
2025,15,00-0033873,QB,20.2110,2.9750,0.2000
2025,15,00-0033881,TE,6.2958,4.9250,0.2250
2025,15,00-0033891,WR,2.0213,2.5750,0.0000
2025,15,00-0033897,RB,7.1403,9.1250,0.2500
2025,15,00-0033908,WR,13.0044,5.3500,0.3000
2025,15,00-0033921,WR,6.3937,3.3500,0.1750
2025,15,00-0033923,RB,8.6088,11.9500,0.3750
2025,15,00-0033943,WR,1.9320,2.3500,0.0500
2025,15,00-0033955,RB,5.9400,6.4750,0.3250
2025,15,00-0034115,RB,2.1549,2.8500,0.1250
2025,15,00-0034270,TE,1.8340,1.7000,0.0250
2025,15,00-0034348,WR,12.3182,8.8750,0.4500
2025,15,00-0034351,TE,11.7222,4.7000,0.4750
2025,15,00-0034383,TE,8.6390,4.8750,0.2000
2025,15,00-0034407,WR,2.2023,1.6500,0.0000
2025,15,00-0034521,WR,1.6170,2.2750,0.0250
2025,15,00-0034613,TE,3.5035,1.7750,0.0750
2025,15,00-0034753,TE,11.4030,4.9250,0.3750
2025,15,00-0034775,WR,6.4748,3.4000,0.1250
2025,15,00-0034791,RB,4.9408,5.1000,0.2500
2025,15,00-0034796,QB,26.2884,6.7000,0.3500
2025,15,00-0034798,TE,0.8484,0.5500,0.0250
2025,15,00-0034827,WR,8.9496,8.3500,0.0500
2025,15,00-0034829,TE,6.0923,3.4250,0.0750
2025,15,00-0034837,WR,3.9253,4.7250,0.0500
2025,15,00-0034838,RB,2.0680,3.8500,0.1250
2025,15,00-0034844,RB,22.9194,22.0500,1.1250
2025,15,00-0034854,WR,1.7146,1.6000,0.0500
2025,15,00-0034855,QB,22.4015,2.7250,0.2000
2025,15,00-0034857,QB,26.1225,5.1500,0.4000
2025,15,00-0034869,QB,26.5839,1.8250,0.0000
2025,15,00-0034960,WR,14.4330,7.6750,0.2750
2025,15,00-0034972,RB,2.9976,5.0500,0.1250
2025,15,00-0034975,RB,6.2070,3.6750,0.2000
2025,15,00-0034983,WR,2.5593,2.4750,0.0250
2025,15,00-0035045,WR,1.4653,2.5250,0.0250
2025,15,00-0035208,WR,5.5890,5.1000,0.1000
2025,15,00-0035229,TE,9.3707,7.1750,0.2500
2025,15,00-0035243,RB,3.5863,3.3500,0.1250
2025,15,00-0035249,TE,2.1093,1.3250,0.0250
2025,15,00-0035250,RB,4.3093,5.8000,0.2000
2025,15,00-0035261,RB,7.4560,13.9750,0.5000
2025,15,00-0035359,WR,1.7625,2.5750,0.0750
2025,15,00-0035500,WR,2.7289,3.8500,0.0750
2025,15,00-0035535,WR,3.1741,3.2500,0.0000
2025,15,00-0035537,RB,5.2116,3.1250,0.2250
2025,15,00-0035544,WR,0.4301,0.2250,0.0000
2025,15,00-0035628,RB,0.3551,0.7250,0.0000
2025,15,00-0035631,TE,1.3666,1.0750,0.0000
2025,15,00-0035640,WR,14.3325,9.1000,0.3500
2025,15,00-0035644,TE,6.6967,3.1500,0.1750
2025,15,00-0035659,WR,9.1569,5.9000,0.1500
2025,15,00-0035676,WR,18.8056,8.7500,0.5000
2025,15,00-0035685,RB,13.5294,11.6750,0.7250
2025,15,00-0035689,TE,6.8004,3.5250,0.1250
2025,15,00-0035700,RB,10.9144,16.3750,0.4000
2025,15,00-0035710,QB,8.0696,2.5750,0.0500
2025,15,00-0035719,WR,7.5729,5.5500,0.1250
2025,15,00-0035806,RB,1.2596,1.3750,0.0500
2025,15,00-0035924,RB,1.3470,1.0500,0.0500
2025,15,00-0035956,TE,1.1869,0.5000,0.0250
2025,15,00-0035973,RB,1.5390,2.1500,0.0250
2025,15,00-0036020,RB,1.1573,2.4250,0.1250
2025,15,00-0036040,TE,9.0870,7.1000,0.2250
2025,15,00-0036139,RB,11.1173,15.7250,0.4500
2025,15,00-0036145,TE,2.5789,1.6750,0.0750
2025,15,00-0036158,RB,8.7239,10.1750,0.5250
2025,15,00-0036165,WR,1.9518,1.4250,0.0250
2025,15,00-0036182,WR,2.5565,2.4500,0.0500
2025,15,00-0036183,WR,1.0560,1.2250,0.0000
2025,15,00-0036196,WR,2.3487,1.1250,0.0500
2025,15,00-0036212,QB,10.0642,1.3750,0.0750
2025,15,00-0036223,RB,12.9920,21.8000,1.2500
2025,15,00-0036244,TE,4.6467,2.8500,0.0250
2025,15,00-0036252,WR,6.9020,8.6000,0.1250
2025,15,00-0036259,WR,11.2955,5.5250,0.2000
2025,15,00-0036261,WR,10.0827,4.2750,0.3000
2025,15,00-0036264,QB,16.5592,2.7500,0.1000
2025,15,00-0036265,RB,1.8694,1.7250,0.1000
2025,15,00-0036275,RB,17.3650,18.8750,0.8750
2025,15,00-0036290,TE,5.8803,3.4750,0.1750
2025,15,00-0036309,WR,7.3875,7.0000,0.1250
2025,15,00-0036322,WR,17.2363,11.3750,0.4000
2025,15,00-0036328,RB,2.3735,3.3500,0.1000
2025,15,00-0036331,WR,0.9532,0.5500,0.0250
2025,15,00-0036345,WR,3.4521,3.1500,0.0750
2025,15,00-0036355,QB,10.8824,2.1250,0.0500
2025,15,00-0036358,WR,23.1168,9.3750,0.5500
2025,15,00-0036389,QB,25.3856,8.2750,0.3750
2025,15,00-0036407,WR,9.0210,9.1500,0.1750
2025,15,00-0036414,RB,1.9372,1.6250,0.1000
2025,15,00-0036415,WR,2.1653,3.4250,0.0000
2025,15,00-0036427,WR,1.5555,1.7250,0.0750
2025,15,00-0036442,QB,19.4868,2.4750,0.0250
2025,15,00-0036550,WR,3.9930,1.7750,0.1250
2025,15,00-0036554,WR,18.4646,7.8500,0.5500
2025,15,00-0036555,RB,7.8956,11.8250,0.2250
2025,15,00-0036556,TE,2.0081,0.9500,0.0750
2025,15,00-0036569,RB,1.9355,1.7250,0.0750
2025,15,00-0036613,WR,11.4418,8.8500,0.2000
2025,15,00-0036626,WR,2.9430,2.5500,0.0000
2025,15,00-0036637,TE,4.9768,2.8250,0.1250
2025,15,00-0036646,WR,0.6364,1.3750,0.0000
2025,15,00-0036670,RB,0.7307,1.7750,0.0500
2025,15,00-0036754,TE,2.4119,1.4500,0.0500
2025,15,00-0036755,RB,1.4080,2.5000,0.1250
2025,15,00-0036841,WR,1.6320,0.9750,0.0750
2025,15,00-0036875,RB,9.7290,10.1500,0.4000
2025,15,00-0036893,RB,2.3640,3.9750,0.1750
2025,15,00-0036894,TE,5.9479,3.3500,0.1750
2025,15,00-0036900,WR,28.3247,13.4000,1.0000
2025,15,00-0036906,RB,2.1795,4.5000,0.1250
2025,15,00-0036912,WR,14.7889,7.1000,0.4750
2025,15,00-0036919,RB,8.1647,8.9000,0.2000
2025,15,00-0036924,RB,4.5244,7.3750,0.2250
2025,15,00-0036936,WR,2.4780,2.1500,0.0250
2025,15,00-0036955,WR,2.6861,1.6500,0.0500
2025,15,00-0036963,WR,22.3848,9.5750,0.5250
2025,15,00-0036970,TE,6.4542,6.1500,0.0750
2025,15,00-0036971,QB,21.0774,2.7500,0.0250
2025,15,00-0036973,RB,16.3440,19.8500,0.6500
2025,15,00-0036980,WR,1.8997,1.7750,0.0500
2025,15,00-0036984,RB,1.8251,2.5500,0.1250
2025,15,00-0036988,WR,2.5422,1.2500,0.0750
2025,15,00-0036997,RB,17.6549,17.7750,0.8500
2025,15,00-0037004,TE,2.7180,1.5250,0.0750
2025,15,00-0037005,TE,2.9236,2.6750,0.0250
2025,15,00-0037085,RB,1.9179,2.2000,0.0500
2025,15,00-0037086,TE,1.4611,0.7250,0.0500
2025,15,00-0037091,WR,1.5033,1.3750,0.0250
2025,15,00-0037098,WR,1.5557,1.5000,0.0750
2025,15,00-0037112,TE,4.2117,2.1500,0.1000
2025,15,00-0037157,RB,5.4364,9.5250,0.3500
2025,15,00-0037197,RB,7.0134,8.9500,0.2750
2025,15,00-0037228,RB,10.2426,13.4250,0.3250
2025,15,00-0037239,WR,12.3218,11.2000,0.2500
2025,15,00-0037240,WR,12.6747,5.3750,0.5500
2025,15,00-0037247,WR,23.0727,8.3750,0.7500
2025,15,00-0037248,RB,22.7933,22.9250,0.8750
2025,15,00-0037252,TE,1.9267,1.8500,0.0250
2025,15,00-0037256,RB,11.8663,11.7500,0.5500
2025,15,00-0037257,WR,3.3583,2.7500,0.1750
2025,15,00-0037261,WR,13.9851,7.0750,0.2750
2025,15,00-0037263,RB,5.6042,7.5000,0.4500
2025,15,00-0037267,RB,3.7596,6.3750,0.1750
2025,15,00-0037276,RB,1.2413,1.7750,0.0750
2025,15,00-0037277,TE,3.3208,2.7500,0.0500
2025,15,00-0037291,WR,4.6503,3.1750,0.0500
2025,15,00-0037299,RB,0.7990,2.0500,0.0000
2025,15,00-0037329,RB,0.2888,0.4000,0.0000
2025,15,00-0037382,WR,3.6878,1.7250,0.1000
2025,15,00-0037410,RB,0.4883,0.7750,0.0000
2025,15,00-0037509,RB,2.4213,3.6500,0.1250
2025,15,00-0037525,RB,6.6010,10.2750,0.2500
2025,15,00-0037545,WR,16.5061,6.5000,0.5500
2025,15,00-0037563,RB,1.3809,1.5750,0.1000
2025,15,00-0037570,WR,1.9718,1.5500,0.0500
2025,15,00-0037614,WR,2.5410,3.2500,0.0750
2025,15,00-0037664,WR,5.0882,5.2750,0.1500
2025,15,00-0037666,WR,3.6658,1.7500,0.1250
2025,15,00-0037740,WR,5.8755,9.4000,0.1000
2025,15,00-0037741,WR,2.8750,2.0250,0.0500
2025,15,00-0037742,WR,2.5007,1.8250,0.0500
2025,15,00-0037744,TE,10.8640,13.2250,0.1500
2025,15,00-0037746,RB,4.4998,5.4750,0.2250
2025,15,00-0037755,TE,3.4350,3.5500,0.2500
2025,15,00-0037801,WR,6.2039,3.2750,0.1250
2025,15,00-0037805,TE,1.5255,2.0500,0.0500
2025,15,00-0037809,TE,4.5298,4.7000,0.0750
2025,15,00-0037816,WR,10.8876,7.0500,0.3500
2025,15,00-0037834,QB,23.1091,2.7500,0.0000
2025,15,00-0037837,WR,3.9939,3.7500,0.1500
2025,15,00-0037838,TE,6.7110,2.8750,0.1750
2025,15,00-0037840,RB,12.4433,15.4500,0.3000
2025,15,00-0038040,RB,0.3480,1.4250,0.0000
2025,15,00-0038041,TE,6.7781,3.4000,0.1750
2025,15,00-0038046,TE,2.3670,1.2000,0.0750
2025,15,00-0038098,RB,2.2464,3.6500,0.0750
2025,15,00-0038104,WR,4.8645,3.0750,0.1000
2025,15,00-0038115,TE,1.8892,1.3250,0.0250
2025,15,00-0038117,WR,9.5768,8.2750,0.1000
2025,15,00-0038120,RB,9.0075,19.1000,0.5000
2025,15,00-0038124,WR,5.6662,3.6250,0.1500
2025,15,00-0038134,RB,12.7692,15.1500,0.3500
2025,15,00-0038389,RB,3.8896,3.2000,0.2000
2025,15,00-0038393,WR,7.2527,4.3000,0.2250
2025,15,00-0038394,TE,1.2304,1.5000,0.0500
2025,15,00-0038396,RB,1.1624,1.2750,0.0500
2025,15,00-0038409,RB,2.5101,4.0250,0.0750
2025,15,00-0038440,RB,2.2330,2.6250,0.1000
2025,15,00-0038454,RB,3.1350,2.5750,0.1500
2025,15,00-0038465,WR,0.9708,1.2000,0.0000
2025,15,00-0038542,RB,21.6000,26.0750,0.9250
2025,15,00-0038543,WR,30.6747,9.9250,1.0750
2025,15,00-0038544,WR,3.5200,3.2000,0.1500
2025,15,00-0038551,RB,4.6085,7.2500,0.3750
2025,15,00-0038555,RB,3.0389,3.3750,0.1500
2025,15,00-0038558,TE,2.5202,1.2250,0.0500
2025,15,00-0038559,WR,7.3262,8.5250,0.0250
2025,15,00-0038563,WR,4.2705,6.4500,0.1000
2025,15,00-0038564,TE,1.3722,0.9250,0.0250
2025,15,00-0038597,RB,17.3079,19.3750,0.6000
2025,15,00-0038606,WR,4.7490,2.9250,0.0750
2025,15,00-0038608,WR,6.0238,3.4750,0.1500
2025,15,00-0038611,RB,3.7376,4.5750,0.2250
2025,15,00-0038612,WR,2.5716,1.3750,0.1000
2025,15,00-0038618,WR,3.8719,2.6750,0.0750
2025,15,00-0038619,WR,7.1567,4.1750,0.1000
2025,15,00-0038621,WR,5.9168,4.2000,0.2000
2025,15,00-0038622,RB,0.4943,1.3500,0.0000
2025,15,00-0038636,RB,1.2375,1.2500,0.0750
2025,15,00-0038678,RB,0.7698,1.7000,0.0250
2025,15,00-0038679,WR,3.9578,1.5750,0.1750
2025,15,00-0038685,RB,2.2587,2.8000,0.0750
2025,15,00-0038705,RB,1.4951,1.7250,0.0750
2025,15,00-0038710,TE,0.3582,0.4750,0.0250
2025,15,00-0038794,RB,1.1685,1.8500,0.0500
2025,15,00-0038797,RB,3.9453,5.2250,0.1750
2025,15,00-0038839,WR,1.6170,1.8500,0.0750
2025,15,00-0038933,TE,10.5213,4.7000,0.3000
2025,15,00-0038935,TE,10.1310,4.5250,0.3250
2025,15,00-0038941,WR,1.6067,1.1250,0.0250
2025,15,00-0038951,RB,5.7392,5.7750,0.2750
2025,15,00-0038953,WR,1.0604,1.0500,0.0250
2025,15,00-0038976,WR,4.9815,3.3750,0.1750
2025,15,00-0038977,WR,6.3894,2.6500,0.2250
2025,15,00-0038979,WR,1.8152,1.9250,0.0750
2025,15,00-0038994,WR,8.4817,5.3250,0.3000
2025,15,00-0038996,TE,8.6216,4.5000,0.2500
2025,15,00-0038997,WR,4.5173,6.1750,0.1250
2025,15,00-0039021,RB,0.9123,1.0750,0.0250
2025,15,00-0039032,RB,3.1858,5.3500,0.1000
2025,15,00-0039040,RB,16.8687,18.5000,0.7750
2025,15,00-0039052,WR,1.6510,1.6250,0.0250
2025,15,00-0039064,WR,22.8030,9.3250,0.6750
2025,15,00-0039065,TE,8.9044,3.9000,0.2750
2025,15,00-0039066,TE,1.3380,2.2750,0.0250
2025,15,00-0039067,WR,11.6534,5.8500,0.4250
2025,15,00-0039074,TE,3.7800,2.0500,0.0750
2025,15,00-0039075,WR,23.8733,12.6250,0.4250
2025,15,00-0039139,RB,31.7275,24.4000,1.7250
2025,15,00-0039144,TE,4.7593,2.5500,0.1750
2025,15,00-0039146,WR,3.8867,2.2250,0.1750
2025,15,00-0039150,QB,9.7880,2.2500,0.1500
2025,15,00-0039163,QB,17.4140,1.8750,0.0250
2025,15,00-0039165,RB,5.9889,8.8250,0.1500
2025,15,00-0039236,WR,0.5389,0.4750,0.0250
2025,15,00-0039299,RB,1.8211,1.5250,0.1250
2025,15,00-0039325,RB,1.2533,2.1250,0.0500
2025,15,00-0039337,WR,5.4608,5.7750,0.0500
2025,15,00-0039338,TE,7.1925,7.3500,0.2000
2025,15,00-0039342,WR,4.3413,4.9250,0.0500
2025,15,00-0039344,RB,0.9998,1.9000,0.0250
2025,15,00-0039355,WR,2.2489,1.7250,0.0500
2025,15,00-0039356,TE,4.2020,2.9500,0.0750
2025,15,00-0039361,RB,13.8325,12.2250,0.6250
2025,15,00-0039363,RB,2.1058,2.2250,0.0250
2025,15,00-0039379,WR,1.2297,1.4750,0.0500
2025,15,00-0039384,RB,8.9289,11.2750,0.2750
2025,15,00-0039386,WR,3.3518,3.0500,0.1000
2025,15,00-0039391,RB,4.9480,8.9250,0.2750
2025,15,00-0039394,WR,1.1833,1.4750,0.0000
2025,15,00-0039397,WR,1.0151,1.8000,0.0000
2025,15,00-0039405,RB,2.0641,2.8000,0.0000
2025,15,00-0039410,WR,7.6084,3.3250,0.2750
2025,15,00-0039415,WR,1.3125,2.5500,0.0000
2025,15,00-0039424,WR,3.0658,3.1250,0.0750
2025,15,00-0039437,WR,2.7930,1.3500,0.0250
2025,15,00-0039491,WR,4.4440,3.4750,0.0250
2025,15,00-0039573,RB,2.2933,2.6000,0.1250
2025,15,00-0039623,WR,0.8407,1.4000,0.0000
2025,15,00-0039732,QB,13.3883,1.9250,0.0750
2025,15,00-0039738,RB,4.6600,5.4250,0.2000
2025,15,00-0039739,WR,2.7047,1.7750,0.1000
2025,15,00-0039746,RB,1.0806,1.4000,0.0250
2025,15,00-0039747,WR,2.1169,1.8500,0.0500
2025,15,00-0039751,WR,3.5000,2.1250,0.0750
2025,15,00-0039754,TE,6.5670,2.7250,0.2000
2025,15,00-0039793,TE,7.8528,3.9750,0.2250
2025,15,00-0039794,RB,1.4115,2.5750,0.1750
2025,15,00-0039798,RB,2.7300,4.0000,0.1750
2025,15,00-0039814,TE,3.6178,1.9750,0.0500
2025,15,00-0039847,TE,6.0814,5.3750,0.1000
2025,15,00-0039851,QB,16.7785,2.0500,0.1000
2025,15,00-0039855,WR,2.8380,1.2000,0.1500
2025,15,00-0039868,WR,9.0610,7.0250,0.2750
2025,15,00-0039874,RB,1.7994,3.1250,0.1000
2025,15,00-0039875,RB,4.0098,3.4750,0.2750
2025,15,00-0039880,WR,5.2908,5.5000,0.2000
2025,15,00-0039890,WR,2.6655,4.6500,0.0250
2025,15,00-0039893,WR,17.3940,8.7500,0.5000
2025,15,00-0039894,WR,11.2826,6.7750,0.3750
2025,15,00-0039901,WR,12.4107,4.8750,0.5000
2025,15,00-0039907,WR,0.9512,2.3000,0.0250
2025,15,00-0039915,WR,10.9400,9.5500,0.2750
2025,15,00-0039916,WR,6.4157,3.0500,0.1250
2025,15,00-0039918,QB,13.1269,2.4000,0.0750
2025,15,00-0039919,WR,6.8054,4.5500,0.1250
2025,15,00-0039920,WR,0.3221,0.7000,0.0000
2025,15,00-0039921,RB,1.9858,3.9000,0.0750
2025,15,00-0040021,RB,4.2488,3.6750,0.1250
2025,15,00-0040075,WR,1.7100,1.5000,0.0250
2025,15,00-0040078,RB,5.0421,4.7250,0.1500
2025,15,00-0040122,RB,8.2935,21.5000,0.4000
2025,15,00-0040124,WR,10.8216,9.3750,0.1250
2025,15,00-0040126,TE,6.3506,4.1250,0.1000
2025,15,00-0040128,TE,6.4322,7.4250,0.0750
2025,15,00-0040129,WR,17.6578,9.4250,0.5250
2025,15,00-0040130,WR,6.0950,3.6000,0.0750
2025,15,00-0040131,WR,2.8853,1.8500,0.0500
2025,15,00-0040138,WR,3.6747,2.4750,0.0750
2025,15,00-0040142,RB,3.2280,4.2000,0.1500
2025,15,00-0040154,WR,0.7817,0.5500,0.0250
2025,15,00-0040164,WR,2.3687,2.6250,0.0500
2025,15,00-0040170,WR,3.2622,5.2500,0.0750
2025,15,00-0040177,RB,2.9513,2.3000,0.0750
2025,15,00-0040179,RB,1.2896,1.7750,0.1250
2025,15,00-0040189,TE,6.0400,4.3250,0.1250
2025,15,00-0040194,TE,2.6260,1.4250,0.0750
2025,15,00-0040198,RB,2.1725,4.2000,0.1000
2025,15,00-0040202,RB,5.2997,8.8750,0.2500
2025,15,00-0040205,RB,3.0524,3.7750,0.1000
2025,15,00-0040208,RB,2.5589,1.9250,0.1250
2025,15,00-0040215,TE,1.4980,1.1000,0.0250
2025,15,00-0040218,WR,2.2684,1.8500,0.0500
2025,15,00-0040225,TE,3.2340,1.5250,0.0750
2025,15,00-0040236,RB,11.6584,12.5250,0.6250
2025,15,00-0040237,WR,5.4010,3.1000,0.1750
2025,15,00-0040238,RB,2.8770,2.3000,0.1250
2025,15,00-0040241,WR,1.4101,0.9750,0.0250
2025,15,00-0040242,RB,10.0980,14.8500,0.5250
2025,15,00-0040244,TE,2.5242,2.7750,0.0750
2025,15,00-0040259,WR,0.8422,0.9250,0.0250
2025,15,00-0040393,RB,1.2468,0.8500,0.0500
2025,15,00-0040494,QB,14.2319,2.9250,0.0250
2025,15,00-0040581,WR,1.2225,2.1750,0.0250
2025,15,00-0040583,RB,8.0884,11.9500,0.2500
2025,15,00-0040584,TE,4.2098,4.2250,0.1000
2025,15,00-0040586,RB,2.3850,2.4250,0.0750
2025,15,00-0040644,RB,2.1951,2.8750,0.0500
2025,15,00-0040646,WR,2.7260,1.8250,0.1250
2025,15,00-0040648,WR,3.8408,1.5750,0.1750
2025,15,00-0040649,RB,3.8042,3.0500,0.1250
2025,15,00-0040653,WR,3.0678,1.5500,0.1000
2025,15,00-0040663,TE,8.2408,7.5000,0.3250
2025,15,00-0040666,RB,6.3160,7.7250,0.3500
2025,15,00-0040667,WR,7.9249,5.6000,0.2000
2025,15,00-0040668,QB,9.6765,3.2000,0.1250
2025,15,00-0040669,WR,1.8647,1.1000,0.0750
2025,15,00-0040676,QB,7.4542,2.8000,0.1250
2025,15,00-0040691,QB,9.3220,2.6500,0.0750
2025,15,00-0040692,RB,7.4267,5.9250,0.0750
2025,15,00-0040705,WR,3.1538,4.5250,0.0750
2025,15,00-0040715,RB,8.4280,9.4750,0.2750
2025,15,00-0040719,RB,7.0590,8.0750,0.2250
2025,15,00-0040727,WR,3.1400,2.6000,0.1500
2025,15,00-0040729,WR,2.3565,2.5750,0.1250
2025,15,00-0040730,RB,8.6966,10.5000,0.2750
2025,15,00-0040734,RB,14.0922,13.8000,0.6750
2025,15,00-0040735,WR,5.7193,3.8000,0.1750
2025,15,00-0040737,TE,3.4533,1.5500,0.1000
2025,15,00-0040743,QB,11.2320,5.8750,0.2250
2025,15,00-0040782,WR,2.4146,2.6250,0.1000
2025,15,00-0040784,RB,8.8212,19.2500,0.5000
2025,17,00-0022942,QB,14.7550,2.8500,0.0750
2025,17,00-0023459,QB,9.0782,2.0250,0.0750
2025,17,00-0026498,QB,20.7748,1.4000,0.0250
2025,17,00-0029604,QB,13.9446,2.0250,0.1000
2025,17,00-0030035,WR,2.3489,2.5250,0.0250
2025,17,00-0030061,TE,9.8700,7.1250,0.2500
2025,17,00-0030279,WR,10.6050,7.0500,0.3750
2025,17,00-0030506,TE,8.2710,7.3750,0.4000
2025,17,00-0030564,WR,3.2820,2.4750,0.1750
2025,17,00-0031236,WR,5.1922,2.7750,0.1500
2025,17,00-0031408,WR,11.7472,5.0500,0.5250
2025,17,00-0031544,WR,6.0708,5.4500,0.1750
2025,17,00-0031588,WR,26.8583,11.4000,0.6500
2025,17,00-0031610,TE,3.7483,2.9500,0.0750
2025,17,00-0031687,RB,1.7167,2.1500,0.1500
2025,17,00-0031763,WR,1.7463,1.6000,0.0750
2025,17,00-0032104,RB,1.6550,1.4500,0.0750
2025,17,00-0032208,WR,1.5438,2.0500,0.0000
2025,17,00-0032211,WR,5.1375,4.6000,0.0500
2025,17,00-0032268,QB,17.1495,2.4750,0.1250
2025,17,00-0032385,WR,5.3583,3.2500,0.0750
2025,17,00-0032392,TE,5.9308,2.4250,0.1500
2025,17,00-0032394,TE,2.9182,1.3000,0.0750
2025,17,00-0032398,WR,3.2783,2.4250,0.0750
2025,17,00-0032464,WR,4.8067,2.0750,0.1500
2025,17,00-0032764,RB,15.0160,18.5500,1.1500
2025,17,00-0032775,WR,4.4519,2.1750,0.0750
2025,17,00-0032951,WR,2.0025,1.1750,0.0750
2025,17,00-0033040,WR,6.5563,5.7750,0.1000
2025,17,00-0033077,QB,25.8256,2.1750,0.1000
2025,17,00-0033090,TE,14.4558,7.4500,0.3500
2025,17,00-0033106,QB,24.7683,2.4500,0.0500
2025,17,00-0033110,TE,4.8284,2.6000,0.0750
2025,17,00-0033119,QB,9.6708,2.4250,0.0500
2025,17,00-0033217,TE,1.0475,0.9250,0.0500
2025,17,00-0033246,TE,2.6029,1.6250,0.0250
2025,17,00-0033280,RB,28.0531,23.6250,0.9500
2025,17,00-0033288,TE,7.3608,2.6500,0.1500
2025,17,00-0033293,RB,8.8101,15.6000,0.4000
2025,17,00-0033307,WR,7.6144,2.9750,0.2500
2025,17,00-0033357,TE,5.7127,7.5750,0.2000
2025,17,00-0033375,WR,3.1807,1.8500,0.0750
2025,17,00-0033526,RB,5.2691,6.0250,0.1750
2025,17,00-0033536,WR,3.5537,2.5000,0.1000
2025,17,00-0033553,RB,5.5004,6.5750,0.2250
2025,17,00-0033699,RB,4.1207,5.5000,0.1500
2025,17,00-0033854,RB,1.0357,1.1500,0.0250
2025,17,00-0033857,WR,3.2295,2.7500,0.2000
2025,17,00-0033858,TE,4.2578,4.3500,0.1000
2025,17,00-0033873,QB,11.8581,2.8250,0.1250
2025,17,00-0033881,TE,8.8910,5.6000,0.2000
2025,17,00-0033897,RB,5.5055,7.9250,0.3750
2025,17,00-0033908,WR,9.9171,4.8000,0.3250
2025,17,00-0033921,WR,6.8194,3.6500,0.1750
2025,17,00-0033923,RB,4.6125,11.7000,0.3250
2025,17,00-0033943,WR,1.7117,2.5250,0.0000
2025,17,00-0033955,RB,4.8883,6.1750,0.1500
2025,17,00-0034115,RB,1.8525,3.1500,0.0750
2025,17,00-0034270,TE,1.6520,1.0750,0.0750
2025,17,00-0034348,WR,15.8242,9.3500,0.3500
2025,17,00-0034351,TE,8.8046,5.6750,0.2250
2025,17,00-0034383,TE,8.1922,6.0000,0.2750
2025,17,00-0034613,TE,2.8758,1.4500,0.0250
2025,17,00-0034753,TE,8.5200,5.6000,0.5000
2025,17,00-0034775,WR,4.4633,3.2000,0.1500
2025,17,00-0034791,RB,4.9292,7.6000,0.2750
2025,17,00-0034796,QB,18.1752,6.6750,0.3500
2025,17,00-0034798,TE,1.0853,0.8000,0.0000
2025,17,00-0034827,WR,6.8507,5.1250,0.1000
2025,17,00-0034829,TE,5.6889,2.3500,0.0500
2025,17,00-0034837,WR,5.6029,4.3750,0.2000
2025,17,00-0034838,RB,3.3180,5.4250,0.2500
2025,17,00-0034844,RB,16.2610,20.2000,0.7750
2025,17,00-0034854,WR,0.7426,0.7000,0.0000
2025,17,00-0034855,QB,21.5306,3.2000,0.1000
2025,17,00-0034857,QB,24.7668,5.3000,0.2250
2025,17,00-0034869,QB,23.9572,2.2500,0.1000
2025,17,00-0034960,WR,14.2769,7.1250,0.3750
2025,17,00-0034972,RB,3.2565,5.2250,0.2000
2025,17,00-0034975,RB,3.3280,2.9500,0.2000
2025,17,00-0034983,WR,2.7740,2.7500,0.1000
2025,17,00-0035045,WR,4.3975,2.6250,0.2250
2025,17,00-0035208,WR,4.4320,3.8500,0.0500
2025,17,00-0035243,RB,3.4744,2.8750,0.1250
2025,17,00-0035249,TE,2.3720,1.9750,0.0250
2025,17,00-0035250,RB,4.7101,8.1500,0.2250
2025,17,00-0035261,RB,9.8737,17.4750,0.4500
2025,17,00-0035341,WR,1.3800,1.5500,0.0250
2025,17,00-0035359,WR,2.5671,2.1250,0.0750
2025,17,00-0035406,WR,1.9720,1.4500,0.0250
2025,17,00-0035500,WR,2.6542,2.6500,0.0500
2025,17,00-0035535,WR,4.3427,4.0000,0.0500
2025,17,00-0035537,RB,5.5425,4.2500,0.1500
2025,17,00-0035628,RB,1.1244,1.0000,0.0750
2025,17,00-0035640,WR,9.6644,8.9750,0.0500
2025,17,00-0035644,TE,3.4642,1.5000,0.0750
2025,17,00-0035659,WR,12.2967,5.9750,0.4750
2025,17,00-0035662,WR,4.3170,3.9750,0.3000
2025,17,00-0035676,WR,14.0250,9.1750,0.4250
2025,17,00-0035685,RB,8.2162,7.8750,0.3750
2025,17,00-0035689,TE,3.6213,2.2000,0.0250
2025,17,00-0035700,RB,13.3660,17.6750,0.6250
2025,17,00-0035719,WR,12.8590,9.3250,0.4500
2025,17,00-0035806,RB,0.8883,1.2500,0.0250
2025,17,00-0035924,RB,0.7040,0.9750,0.0250
2025,17,00-0035956,TE,0.5979,0.4000,0.0000
2025,17,00-0035973,RB,2.6186,1.8500,0.1500
2025,17,00-0036020,RB,2.2175,1.9500,0.1500
2025,17,00-0036040,TE,11.3433,8.3250,0.2250
2025,17,00-0036139,RB,7.8500,12.6000,0.3750
2025,17,00-0036145,TE,3.1057,1.9000,0.1500
2025,17,00-0036158,RB,9.9733,10.6750,0.3750
2025,17,00-0036165,WR,1.5636,1.3500,0.0000
2025,17,00-0036182,WR,2.3508,2.2500,0.0250
2025,17,00-0036196,WR,2.2041,1.1000,0.0500
2025,17,00-0036212,QB,9.3821,1.6250,0.1000
2025,17,00-0036223,RB,21.0150,23.6500,1.0250
2025,17,00-0036244,TE,6.6547,3.3750,0.1250
2025,17,00-0036252,WR,9.3200,7.2250,0.1500
2025,17,00-0036259,WR,15.3939,6.1250,0.4250
2025,17,00-0036261,WR,9.0597,4.3750,0.2000
2025,17,00-0036264,QB,15.9795,1.9750,0.1000
2025,17,00-0036265,RB,0.9468,1.2000,0.0500
2025,17,00-0036275,RB,16.6507,17.0500,0.9500
2025,17,00-0036290,TE,6.4800,4.4250,0.0500
2025,17,00-0036309,WR,6.8994,4.5250,0.2500
2025,17,00-0036322,WR,11.6227,14.5750,0.1000
2025,17,00-0036328,RB,2.6614,2.8750,0.1000
2025,17,00-0036331,WR,1.0000,0.6500,0.0000
2025,17,00-0036345,WR,2.0386,1.8000,0.1000
2025,17,00-0036355,QB,16.3940,2.7750,0.1750
2025,17,00-0036358,WR,21.6497,9.0000,0.4250
2025,17,00-0036389,QB,16.5977,5.7250,0.3500
2025,17,00-0036407,WR,9.4722,9.7750,0.2750
2025,17,00-0036410,WR,15.7675,6.0250,0.5000
2025,17,00-0036414,RB,1.2985,1.8000,0.0250
2025,17,00-0036415,WR,4.1082,3.5000,0.2000
2025,17,00-0036427,WR,1.5683,1.7500,0.0500
2025,17,00-0036429,TE,1.0045,0.5750,0.0500
2025,17,00-0036442,QB,25.9314,2.4250,0.0750
2025,17,00-0036534,TE,0.8867,0.3750,0.0250
2025,17,00-0036550,WR,3.1060,2.5500,0.1000
2025,17,00-0036554,WR,14.1332,9.4250,0.4000
2025,17,00-0036555,RB,6.2100,11.4250,0.2250
2025,17,00-0036567,RB,0.9686,1.0750,0.0500
2025,17,00-0036569,RB,1.5900,1.5000,0.0500
2025,17,00-0036590,TE,0.7742,0.6500,0.0000
2025,17,00-0036613,WR,10.4498,8.8500,0.2500
2025,17,00-0036626,WR,4.1687,2.9250,0.1000
2025,17,00-0036637,TE,1.8135,2.1250,0.0250
2025,17,00-0036670,RB,1.0617,1.8250,0.0500
2025,17,00-0036754,TE,3.7042,1.5250,0.1500
2025,17,00-0036755,RB,1.4280,2.6000,0.0500
2025,17,00-0036875,RB,13.6981,11.7750,0.5750
2025,17,00-0036893,RB,2.3963,3.2500,0.1250
2025,17,00-0036894,TE,5.1489,3.8500,0.1250
2025,17,00-0036900,WR,32.0573,12.5750,1.0000
2025,17,00-0036912,WR,12.3935,8.3000,0.3500
2025,17,00-0036919,RB,9.2022,10.7000,0.3250
2025,17,00-0036924,RB,5.9833,7.7500,0.1750
2025,17,00-0036936,WR,2.3913,2.1500,0.0000
2025,17,00-0036955,WR,1.8794,1.8500,0.0000
2025,17,00-0036963,WR,16.1788,6.6250,0.4250
2025,17,00-0036970,TE,13.9559,8.0000,0.5000
2025,17,00-0036971,QB,20.1356,2.8750,0.0500
2025,17,00-0036973,RB,16.3164,19.8500,0.6000
2025,17,00-0036980,WR,1.7878,1.4000,0.0250
2025,17,00-0036984,RB,1.7089,2.7000,0.1250
2025,17,00-0036988,WR,7.9136,2.8750,0.3250
2025,17,00-0036997,RB,19.6667,18.8750,0.7000
2025,17,00-0037004,TE,1.7478,1.3000,0.0250
2025,17,00-0037005,TE,3.0980,3.3500,0.0250
2025,17,00-0037078,TE,1.2266,1.2500,0.0500
2025,17,00-0037085,RB,3.0657,2.8000,0.0750
2025,17,00-0037086,TE,1.0483,0.8250,0.0000
2025,17,00-0037098,WR,1.9839,1.6750,0.1000
2025,17,00-0037112,TE,5.1242,2.5750,0.1750
2025,17,00-0037157,RB,5.8392,7.7500,0.1500
2025,17,00-0037197,RB,4.1415,10.1500,0.2750
2025,17,00-0037228,RB,10.6467,14.6750,0.5500
2025,17,00-0037238,WR,5.4553,4.5500,0.1000
2025,17,00-0037239,WR,9.0496,7.5250,0.1250
2025,17,00-0037240,WR,23.1146,7.9500,0.8500
2025,17,00-0037247,WR,25.6978,9.0250,0.9000
2025,17,00-0037248,RB,25.6484,22.9250,1.4250
2025,17,00-0037252,TE,2.2057,2.2250,0.0500
2025,17,00-0037256,RB,13.8667,11.8000,0.6250
2025,17,00-0037257,WR,1.6430,2.1500,0.0500
2025,17,00-0037261,WR,16.3741,7.5250,0.5000
2025,17,00-0037263,RB,5.8061,8.1250,0.3000
2025,17,00-0037267,RB,2.9140,4.8000,0.1000
2025,17,00-0037276,RB,2.4554,4.5500,0.0750
2025,17,00-0037277,TE,2.9816,1.9000,0.1000
2025,17,00-0037291,WR,5.0841,4.6750,0.1250
2025,17,00-0037299,RB,0.6855,2.0500,0.0750
2025,17,00-0037329,RB,0.2373,0.4500,0.0000
2025,17,00-0037348,TE,0.9763,1.0750,0.0000
2025,17,00-0037382,WR,1.9644,2.0000,0.0000
2025,17,00-0037410,RB,1.1336,0.8750,0.0500
2025,17,00-0037545,WR,12.2092,5.6500,0.4750
2025,17,00-0037563,RB,1.3701,2.5250,0.0000
2025,17,00-0037570,WR,1.7111,1.3250,0.0250
2025,17,00-0037614,WR,1.9633,3.1250,0.0500
2025,17,00-0037664,WR,7.1250,4.7750,0.1750
2025,17,00-0037666,WR,4.2480,1.7250,0.1250
2025,17,00-0037740,WR,6.9367,8.2500,0.3000
2025,17,00-0037741,WR,3.1899,2.4750,0.0750
2025,17,00-0037742,WR,2.5900,1.6750,0.1000
2025,17,00-0037744,TE,14.1126,11.3250,0.1250
2025,17,00-0037746,RB,5.2250,6.0000,0.1750
2025,17,00-0037801,WR,5.7722,3.0500,0.1250
2025,17,00-0037805,TE,1.8917,2.3250,0.0750
2025,17,00-0037809,TE,6.4980,5.0500,0.2250
2025,17,00-0037816,WR,12.2590,6.8250,0.3500
2025,17,00-0037834,QB,22.5023,2.3500,0.0500
2025,17,00-0037838,TE,5.0500,3.0500,0.2500
2025,17,00-0037840,RB,15.3751,17.9500,0.4250
2025,17,00-0038040,RB,1.5063,1.9500,0.1250
2025,17,00-0038041,TE,12.4424,6.3000,0.2000
2025,17,00-0038098,RB,1.8518,2.0250,0.1250
2025,17,00-0038102,QB,7.4167,2.4000,0.1000
2025,17,00-0038104,WR,3.1515,2.4000,0.1750
2025,17,00-0038115,TE,2.8879,1.8250,0.0500
2025,17,00-0038117,WR,9.0069,10.2000,0.0500
2025,17,00-0038120,RB,12.0717,20.2750,0.7750
2025,17,00-0038124,WR,3.3301,2.2250,0.0750
2025,17,00-0038129,TE,9.0806,4.6250,0.2000
2025,17,00-0038134,RB,10.9896,15.2250,0.3250
2025,17,00-0038389,RB,3.1041,2.9500,0.0750
2025,17,00-0038393,WR,6.7491,4.1000,0.2750
2025,17,00-0038394,TE,2.1300,1.5250,0.0500
2025,17,00-0038396,RB,1.4234,1.5000,0.1000
2025,17,00-0038409,RB,1.7800,3.6500,0.0500
2025,17,00-0038440,RB,2.1646,3.7500,0.1000
2025,17,00-0038454,RB,3.9140,4.1000,0.1750
2025,17,00-0038542,RB,20.3292,24.5000,0.9000
2025,17,00-0038543,WR,25.9863,9.4000,0.8250
2025,17,00-0038544,WR,7.4037,5.2500,0.3250
2025,17,00-0038547,TE,2.6058,1.7750,0.0250
2025,17,00-0038551,RB,3.8791,5.7500,0.2750
2025,17,00-0038555,RB,2.4744,3.1750,0.1750
2025,17,00-0038558,TE,4.0200,3.0000,0.0500
2025,17,00-0038559,WR,9.8078,7.2500,0.1500
2025,17,00-0038563,WR,4.8313,5.5250,0.1000
2025,17,00-0038564,TE,2.2124,1.6500,0.0500
2025,17,00-0038597,RB,20.8614,21.2000,0.5250
2025,17,00-0038606,WR,10.1082,4.9750,0.4500
2025,17,00-0038611,RB,2.2890,4.0250,0.0750
2025,17,00-0038612,WR,2.7455,1.6250,0.0750
2025,17,00-0038618,WR,3.3323,2.9500,0.0750
2025,17,00-0038619,WR,5.7979,2.9250,0.1500
2025,17,00-0038621,WR,4.5406,2.4000,0.0500
2025,17,00-0038622,RB,0.9180,2.2250,0.0000
2025,17,00-0038636,RB,1.5027,1.4750,0.0750
2025,17,00-0038678,RB,1.7480,2.3500,0.0500
2025,17,00-0038679,WR,4.5644,1.6500,0.1500
2025,17,00-0038685,RB,2.3643,1.9750,0.1250
2025,17,00-0038705,RB,2.7730,3.1750,0.0500
2025,17,00-0038794,RB,2.2610,2.1250,0.1000
2025,17,00-0038797,RB,4.7970,5.6500,0.2500
2025,17,00-0038839,WR,1.9635,1.0750,0.1250
2025,17,00-0038933,TE,5.6395,2.4750,0.1750
2025,17,00-0038935,TE,8.5598,4.4500,0.1750
2025,17,00-0038938,WR,1.4428,1.4750,0.0000
2025,17,00-0038941,WR,0.8680,0.9250,0.0000
2025,17,00-0038951,RB,5.0861,5.7250,0.1750
2025,17,00-0038953,WR,0.8724,0.7750,0.0500
2025,17,00-0038976,WR,5.3125,3.7500,0.1250
2025,17,00-0038977,WR,3.5793,3.0000,0.0500
2025,17,00-0038979,WR,3.1069,3.8250,0.1250
2025,17,00-0038994,WR,5.7664,6.9500,0.1250
2025,17,00-0038996,TE,6.5509,4.1250,0.1750
2025,17,00-0038997,WR,9.4500,6.0500,0.3000
2025,17,00-0039021,RB,0.9547,0.7250,0.0500
2025,17,00-0039032,RB,5.3686,6.7500,0.2000
2025,17,00-0039040,RB,13.1582,17.2750,0.5750
2025,17,00-0039041,TE,3.6476,2.5250,0.0500
2025,17,00-0039052,WR,2.4942,1.9750,0.1250
2025,17,00-0039064,WR,12.0540,8.2250,0.4750
2025,17,00-0039065,TE,11.3079,4.8000,0.3500
2025,17,00-0039066,TE,1.9125,2.1250,0.0250
2025,17,00-0039067,WR,6.4845,5.6000,0.4000
2025,17,00-0039074,TE,4.4302,2.2500,0.1250
2025,17,00-0039075,WR,32.2156,13.5000,0.9250
2025,17,00-0039139,RB,35.3558,28.1250,1.4500
2025,17,00-0039144,TE,3.9519,2.7000,0.1000
2025,17,00-0039146,WR,4.3141,2.4500,0.2000
2025,17,00-0039150,QB,7.0124,2.0000,0.1250
2025,17,00-0039163,QB,12.2612,1.9750,0.0500
2025,17,00-0039165,RB,7.4807,10.8750,0.3250
2025,17,00-0039236,WR,0.7178,0.7750,0.0000
2025,17,00-0039325,RB,0.8355,2.1750,0.0500
2025,17,00-0039337,WR,5.7033,6.3250,0.0250
2025,17,00-0039338,TE,7.5188,7.0750,0.0750
2025,17,00-0039342,WR,4.1720,6.5750,0.0500
2025,17,00-0039344,RB,1.1240,2.1250,0.0500
2025,17,00-0039355,WR,2.5247,1.4250,0.0750
2025,17,00-0039356,TE,4.0020,4.0250,0.0500
2025,17,00-0039361,RB,13.0833,12.1500,0.5750
2025,17,00-0039363,RB,1.7294,2.1000,0.0750
2025,17,00-0039373,RB,1.9566,2.4500,0.1000
2025,17,00-0039379,WR,1.3037,1.3000,0.1000
2025,17,00-0039384,RB,8.5961,13.3500,0.3000
2025,17,00-0039386,WR,4.6808,3.6500,0.1500
2025,17,00-0039391,RB,3.2877,5.8000,0.1250
2025,17,00-0039394,WR,1.6446,1.1500,0.0500
2025,17,00-0039397,WR,1.5419,1.7500,0.0250
2025,17,00-0039405,RB,1.1310,2.0500,0.0750
2025,17,00-0039410,WR,4.0218,1.7000,0.1250
2025,17,00-0039415,WR,1.1938,1.9500,0.0000
2025,17,00-0039424,WR,5.2229,4.2750,0.1000
2025,17,00-0039437,WR,2.6640,1.7750,0.1000
2025,17,00-0039451,WR,1.4667,2.0250,0.0250
2025,17,00-0039491,WR,3.9480,4.3250,0.0250
2025,17,00-0039573,RB,1.7797,2.7000,0.0500
2025,17,00-0039589,WR,0.4667,0.4250,0.0000
2025,17,00-0039710,WR,0.3101,0.4000,0.0000
2025,17,00-0039732,QB,16.3557,2.5250,0.1000
2025,17,00-0039738,RB,5.9329,6.7750,0.3250
2025,17,00-0039739,WR,1.9311,1.7250,0.0000
2025,17,00-0039746,RB,0.7981,0.9750,0.0000
2025,17,00-0039747,WR,1.4020,2.2000,0.0000
2025,17,00-0039751,WR,4.3711,2.0250,0.0750
2025,17,00-0039757,RB,1.7081,1.9500,0.1000
2025,17,00-0039793,TE,8.3191,4.6500,0.1750
2025,17,00-0039794,RB,1.0550,2.2750,0.0250
2025,17,00-0039796,RB,1.2880,1.0000,0.1000
2025,17,00-0039798,RB,3.1083,4.1250,0.1500
2025,17,00-0039811,RB,2.5374,2.8250,0.1250
2025,17,00-0039814,TE,3.8411,1.4750,0.0750
2025,17,00-0039849,WR,3.6046,3.4500,0.0500
2025,17,00-0039851,QB,20.2644,2.5500,0.1000
2025,17,00-0039855,WR,2.4111,0.9000,0.1000
2025,17,00-0039868,WR,11.4013,7.0250,0.3250
2025,17,00-0039874,RB,1.4885,2.2750,0.1000
2025,17,00-0039875,RB,3.9932,3.4750,0.2000
2025,17,00-0039880,WR,4.7667,5.0500,0.0500
2025,17,00-0039890,WR,3.6850,5.4250,0.1000
2025,17,00-0039893,WR,14.0949,7.6000,0.4000
2025,17,00-0039894,WR,5.7780,5.9000,0.3750
2025,17,00-0039901,WR,9.2743,4.3250,0.3500
2025,17,00-0039907,WR,2.1024,2.7500,0.0750
2025,17,00-0039915,WR,12.0190,8.0750,0.2500
2025,17,00-0039918,QB,11.9237,2.0000,0.1000
2025,17,00-0039920,WR,0.7647,1.3500,0.0250
2025,17,00-0039921,RB,2.0247,2.8000,0.0500
2025,17,00-0039923,QB,9.6314,4.2250,0.2000
2025,17,00-0040075,WR,2.1160,1.9250,0.0750
2025,17,00-0040078,RB,2.4960,3.9250,0.2500
2025,17,00-0040122,RB,12.3167,24.7250,0.4000
2025,17,00-0040124,WR,4.4320,6.1000,0.0000
2025,17,00-0040126,TE,10.4053,6.1000,0.0750
2025,17,00-0040128,TE,10.5450,6.9500,0.1250
2025,17,00-0040129,WR,13.7944,7.9250,0.5250
2025,17,00-0040130,WR,4.2857,3.7000,0.0500
2025,17,00-0040131,WR,3.8714,2.0250,0.1500
2025,17,00-0040138,WR,2.3595,2.0000,0.0500
2025,17,00-0040142,RB,1.9889,3.8250,0.1000
2025,17,00-0040154,WR,0.7743,0.6750,0.0250
2025,17,00-0040162,RB,2.4852,3.6500,0.1500
2025,17,00-0040164,WR,4.1417,2.9250,0.2500
2025,17,00-0040170,WR,4.1969,4.4500,0.1750
2025,17,00-0040177,RB,2.9456,2.3250,0.0500
2025,17,00-0040179,RB,1.4325,1.9000,0.0250
2025,17,00-0040189,TE,7.4340,4.2250,0.2250
2025,17,00-0040194,TE,2.6055,1.6250,0.0750
2025,17,00-0040198,RB,1.9977,3.5750,0.0500
2025,17,00-0040202,RB,5.5737,8.5500,0.2000
2025,17,00-0040205,RB,0.9627,1.0750,0.0500
2025,17,00-0040208,RB,2.8527,1.9000,0.0750
2025,17,00-0040218,WR,1.4000,1.7750,0.0250
2025,17,00-0040225,TE,2.6366,2.1500,0.0500
2025,17,00-0040236,RB,11.4400,10.8000,0.5750
2025,17,00-0040237,WR,5.1250,3.0500,0.1750
2025,17,00-0040238,RB,3.2182,2.8000,0.1500
2025,17,00-0040241,WR,2.0767,1.2250,0.0500
2025,17,00-0040242,RB,8.1060,11.7250,0.3500
2025,17,00-0040244,TE,3.5579,3.2250,0.1250
2025,17,00-0040247,WR,2.8692,1.7500,0.1000
2025,17,00-0040259,WR,0.9799,1.2500,0.0250
2025,17,00-0040272,RB,0.2987,0.3500,0.0000
2025,17,00-0040393,RB,0.3792,0.6250,0.0000
2025,17,00-0040398,QB,7.8860,3.6000,0.1750
2025,17,00-0040498,WR,0.6759,0.6250,0.0250
2025,17,00-0040506,WR,0.6588,0.3750,0.0500
2025,17,00-0040581,WR,0.8146,1.6000,0.0250
2025,17,00-0040582,WR,0.8833,1.2000,0.0500
2025,17,00-0040583,RB,6.3548,10.3750,0.3000
2025,17,00-0040584,TE,4.7268,3.7500,0.1000
2025,17,00-0040586,RB,2.6911,2.3500,0.1000
2025,17,00-0040590,WR,3.6431,1.4750,0.2000
2025,17,00-0040644,RB,2.1460,2.8250,0.0750
2025,17,00-0040648,WR,2.8665,1.5250,0.1000
2025,17,00-0040649,RB,3.5117,3.3750,0.1250
2025,17,00-0040653,WR,3.4218,1.7250,0.1750
2025,17,00-0040663,TE,3.1568,4.6750,0.0500
2025,17,00-0040666,RB,9.9797,11.2500,0.4750
2025,17,00-0040667,WR,6.6693,5.2750,0.1500
2025,17,00-0040668,QB,8.5302,3.5250,0.1000
2025,17,00-0040669,WR,1.8025,1.6500,0.0000
2025,17,00-0040676,QB,10.5138,3.4750,0.0500
2025,17,00-0040691,QB,7.8411,2.7250,0.0500
2025,17,00-0040692,RB,9.2773,6.7250,0.2500
2025,17,00-0040705,WR,3.8253,3.9500,0.0500
2025,17,00-0040715,RB,5.9716,8.6000,0.1500
2025,17,00-0040719,RB,3.1373,4.0750,0.1000
2025,17,00-0040727,WR,3.7380,3.1000,0.0750
2025,17,00-0040729,WR,1.6896,1.3750,0.0500
2025,17,00-0040730,RB,12.0218,11.4750,0.4000
2025,17,00-0040734,RB,17.8964,16.7500,0.5750
2025,17,00-0040735,WR,10.0373,5.8250,0.2000
2025,17,00-0040737,TE,2.4049,1.4750,0.0500
2025,17,00-0040739,TE,3.6804,1.8750,0.1750
2025,17,00-0040743,QB,14.1901,6.3000,0.2000
2025,17,00-0040782,WR,2.0994,3.2750,0.0500
2025,17,00-0040784,RB,8.3511,20.5000,0.3750
